Problem executing hardhat to fetch configuration, using defaults: [Errno 2] No such file or directory: 'hardhat'
[mvscan-config] {"ATOMIC_GROUP": [], "DIVERGENCE_BUDGET": 1000, "ENABLE_BRANCH_GROUPS": true, "ENABLE_EXTERNAL_STATE": true, "ENABLE_MULTI_RETURN_GROUPS": true, "MAPPING_MODE": "base_collapsed", "MERGE_OVERLOADS": false, "MVSCAN_ABLATION": "mapping_insensitive", "MVSCAN_CONTEXTUAL_KEYS": true, "MVSCAN_INCLUDE_SCALAR_WITNESSES": false, "MVSCAN_INTERFACE_DISPATCH": false, "MVSCAN_MAX_CONTEXTS_PER_OWNER_BLOCK": 128, "MVSCAN_MAX_DISPATCH_TARGETS": 16, "MVSCAN_REQUIRE_DISTINCT_OUTER_ROOTS": false, "MVSCAN_ROOT_CONTEXT_SINKS": false, "NOOP_WRITE_FILTER": true, "REQUIRE_SAME_SLOT_KEY": false, "SINK_TEST": "none", "USER_CALLABLE_ALWAYS": [], "USER_CALLABLE_DENY": []}
[mvscan-stage] icfg-built blocks=147 vars=9
[mvscan-stage] root-seeding-done eligible_exposures=10 seeded=10 multi_exposure_entry_blocks=0 collapsed_contextual_aliases=0 excluded_dependency=0 excluded_interface=4 excluded_library=0 excluded_abstract=0 missing_entry_point=0 missing_entry_block=0
[mvscan-pairs] call_target_digest=1607775dfbfbfa516f85370adf56e28fc65a8ea863398adcc2cc68cd8364c058 candidate_count=0 candidate_digest=4f53cda18c2baa0c0354bb5f9a3ecbe5ed12ab4d8e11ba873c2f11161202b945 context_instance_count=0 execution_context_digest=7748bd1bf0e721691d4b0ad2c1ba1fa76c8f66dfb5408beb17f96f76a81c86b7 invalid_partial_write_filtered=0 must_full_relation_filtered=0 omitted_member_evidence_filtered=0 omitted_member_not_sensitive_filtered=0 owner_context_pairs=0 owner_context_pairs_considered=0 reader_witness_count=0 relation_base_members_shadowed=0 relation_context_incompatible=0 relation_digest=4f53cda18c2baa0c0354bb5f9a3ecbe5ed12ab4d8e11ba873c2f11161202b945 relation_members_raw=7 relation_origins_rejected_unary_after_shadowing=7 relation_origins_rejected_unreachable=1 relation_origins_seen=7 root_context_sink_filtered=0 same_outer_root_filtered=0 scalar_variables_skipped=4 storage_context_mismatch=0 variables_considered=4
[mvscan-config] {"ATOMIC_GROUP": [], "DIVERGENCE_BUDGET": 1000, "ENABLE_BRANCH_GROUPS": true, "ENABLE_EXTERNAL_STATE": true, "ENABLE_MULTI_RETURN_GROUPS": true, "MAPPING_MODE": "base_collapsed", "MERGE_OVERLOADS": false, "MVSCAN_ABLATION": "mapping_insensitive", "MVSCAN_CONTEXTUAL_KEYS": true, "MVSCAN_INCLUDE_SCALAR_WITNESSES": false, "MVSCAN_INTERFACE_DISPATCH": false, "MVSCAN_MAX_CONTEXTS_PER_OWNER_BLOCK": 128, "MVSCAN_MAX_DISPATCH_TARGETS": 16, "MVSCAN_REQUIRE_DISTINCT_OUTER_ROOTS": false, "MVSCAN_ROOT_CONTEXT_SINKS": false, "NOOP_WRITE_FILTER": true, "REQUIRE_SAME_SLOT_KEY": false, "SINK_TEST": "none", "USER_CALLABLE_ALWAYS": [], "USER_CALLABLE_DENY": []}
[mvscan-stage] icfg-built blocks=0 vars=0
[mvscan-stage] root-seeding-done eligible_exposures=0 seeded=0 multi_exposure_entry_blocks=0 collapsed_contextual_aliases=0 excluded_dependency=0 excluded_interface=3 excluded_library=0 excluded_abstract=0 missing_entry_point=0 missing_entry_block=0
[mvscan-pairs] call_target_digest=4f53cda18c2baa0c0354bb5f9a3ecbe5ed12ab4d8e11ba873c2f11161202b945 candidate_count=0 candidate_digest=4f53cda18c2baa0c0354bb5f9a3ecbe5ed12ab4d8e11ba873c2f11161202b945 context_instance_count=0 execution_context_digest=4f53cda18c2baa0c0354bb5f9a3ecbe5ed12ab4d8e11ba873c2f11161202b945 invalid_partial_write_filtered=0 must_full_relation_filtered=0 omitted_member_evidence_filtered=0 omitted_member_not_sensitive_filtered=0 owner_context_pairs=0 owner_context_pairs_considered=0 reader_witness_count=0 relation_context_incompatible=0 relation_digest=4f53cda18c2baa0c0354bb5f9a3ecbe5ed12ab4d8e11ba873c2f11161202b945 root_context_sink_filtered=0 same_outer_root_filtered=0 storage_context_mismatch=0
[mvscan-config] {"ATOMIC_GROUP": [], "DIVERGENCE_BUDGET": 1000, "ENABLE_BRANCH_GROUPS": true, "ENABLE_EXTERNAL_STATE": true, "ENABLE_MULTI_RETURN_GROUPS": true, "MAPPING_MODE": "base_collapsed", "MERGE_OVERLOADS": false, "MVSCAN_ABLATION": "mapping_insensitive", "MVSCAN_CONTEXTUAL_KEYS": true, "MVSCAN_INCLUDE_SCALAR_WITNESSES": false, "MVSCAN_INTERFACE_DISPATCH": false, "MVSCAN_MAX_CONTEXTS_PER_OWNER_BLOCK": 128, "MVSCAN_MAX_DISPATCH_TARGETS": 16, "MVSCAN_REQUIRE_DISTINCT_OUTER_ROOTS": false, "MVSCAN_ROOT_CONTEXT_SINKS": false, "NOOP_WRITE_FILTER": true, "REQUIRE_SAME_SLOT_KEY": false, "SINK_TEST": "none", "USER_CALLABLE_ALWAYS": [], "USER_CALLABLE_DENY": []}
[mvscan-stage] icfg-built blocks=16 vars=1
[mvscan-stage] root-seeding-done eligible_exposures=0 seeded=0 multi_exposure_entry_blocks=0 collapsed_contextual_aliases=0 excluded_dependency=0 excluded_interface=0 excluded_library=0 excluded_abstract=0 missing_entry_point=0 missing_entry_block=0
[mvscan-pairs] call_target_digest=e07d79b7b3fb5c05c6eacac35a3d360e97920b82703efc0c9f98e5598bb9f8de candidate_count=0 candidate_digest=4f53cda18c2baa0c0354bb5f9a3ecbe5ed12ab4d8e11ba873c2f11161202b945 context_instance_count=0 execution_context_digest=4f53cda18c2baa0c0354bb5f9a3ecbe5ed12ab4d8e11ba873c2f11161202b945 invalid_partial_write_filtered=0 must_full_relation_filtered=0 omitted_member_evidence_filtered=0 omitted_member_not_sensitive_filtered=0 owner_context_pairs=0 owner_context_pairs_considered=0 reader_witness_count=0 relation_context_incompatible=0 relation_digest=4f53cda18c2baa0c0354bb5f9a3ecbe5ed12ab4d8e11ba873c2f11161202b945 relation_origins_rejected_unreachable=1 root_context_sink_filtered=0 same_outer_root_filtered=0 storage_context_mismatch=0
[mvscan-config] {"ATOMIC_GROUP": [], "DIVERGENCE_BUDGET": 1000, "ENABLE_BRANCH_GROUPS": true, "ENABLE_EXTERNAL_STATE": true, "ENABLE_MULTI_RETURN_GROUPS": true, "MAPPING_MODE": "base_collapsed", "MERGE_OVERLOADS": false, "MVSCAN_ABLATION": "mapping_insensitive", "MVSCAN_CONTEXTUAL_KEYS": true, "MVSCAN_INCLUDE_SCALAR_WITNESSES": false, "MVSCAN_INTERFACE_DISPATCH": false, "MVSCAN_MAX_CONTEXTS_PER_OWNER_BLOCK": 128, "MVSCAN_MAX_DISPATCH_TARGETS": 16, "MVSCAN_REQUIRE_DISTINCT_OUTER_ROOTS": false, "MVSCAN_ROOT_CONTEXT_SINKS": false, "NOOP_WRITE_FILTER": true, "REQUIRE_SAME_SLOT_KEY": false, "SINK_TEST": "none", "USER_CALLABLE_ALWAYS": [], "USER_CALLABLE_DENY": []}
[mvscan-stage] icfg-built blocks=217 vars=22
[mvscan-stage] root-seeding-done eligible_exposures=15 seeded=15 multi_exposure_entry_blocks=0 collapsed_contextual_aliases=0 excluded_dependency=0 excluded_interface=5 excluded_library=0 excluded_abstract=0 missing_entry_point=0 missing_entry_block=0
[mvscan-pairs] call_target_digest=3de2a413633a14d382d267af93463ed443532347eb8717477594683e7bc0b290 candidate_count=7 candidate_digest=f37350384010973661d2f4a9fb45368fe43597622c48c6b1a3cac91f80e8275f context_instance_count=27 eligible_readers=16 eligible_writers=9 execution_context_digest=7a0e6cb24f1617f324d95cf2bc4f14b2425823a8a9ffbed9c4a833e2ebc1d790 insensitive_readers_filtered=11 invalid_partial_write_filtered=0 must_full_relation_filtered=18 omitted_member_evidence_filtered=0 omitted_member_not_sensitive_filtered=0 owner_context_pairs=27 owner_context_pairs_considered=64 raw_block_pairs=48 reader_witness_count=27 relation_base_members_shadowed=0 relation_context_incompatible=16 relation_digest=d050f507cab997a666730a065529a46b8ffec2496a520c9e66f51ff6d7333e87 relation_members_raw=21 relation_origins_registered=3 relation_origins_rejected_unary_after_shadowing=15 relation_origins_rejected_unreachable=1 relation_origins_seen=18 root_context_sink_filtered=0 same_outer_root_filtered=0 same_static_block_filtered=2 scalar_variables_skipped=12 storage_context_mismatch=3 variables_considered=15
INFO:Detectors:

[MV-SI candidate 31f5a3fda62d28c4f5cd] {guardian, proposalConfigs}
 writer root       -> contracts/Governance/GovernorBravoDelegate.sol::GovernorBravoDelegate._setGuardian(address)
 writer effect     -> contracts/Governance/GovernorBravoDelegate.sol:421
 written member    -> ('SV', 'contracts/Governance/GovernorBravoInterfaces.sol', 'GovernorBravoDelegateStorageV1.guardian')
 potentially stale -> ('SV', 'contracts/Governance/GovernorBravoInterfaces.sol', 'GovernorBravoDelegateStorageV2.proposalConfigs')
 reader witnesses  -> 2
 storage exposures -> 1
[MV-SI candidate 36bbfb39c6be925bb86e] {guardian, proposalConfigs}
 writer root       -> contracts/Governance/GovernorBravoDelegate.sol::GovernorBravoDelegate.initialize(address,GovernorBravoDelegateStorageV2.ProposalConfig[],TimelockInterface[],address)
 writer effect     -> contracts/Governance/GovernorBravoDelegate.sol:96
 written member    -> ('SV', 'contracts/Governance/GovernorBravoInterfaces.sol', 'GovernorBravoDelegateStorageV2.proposalConfigs')
 potentially stale -> ('SV', 'contracts/Governance/GovernorBravoInterfaces.sol', 'GovernorBravoDelegateStorageV1.guardian')
 reader witnesses  -> 2
 storage exposures -> 1
[MV-SI candidate 42ef0cb327dfb45866d1] {admin, guardian}
 writer root       -> contracts/Governance/GovernorBravoDelegate.sol::GovernorBravoDelegate._acceptAdmin()
 writer effect     -> contracts/Governance/GovernorBravoDelegate.sol:489
 written member    -> ('SV', 'contracts/Governance/GovernorBravoInterfaces.sol', 'GovernorBravoDelegatorStorage.admin')
 potentially stale -> ('SV', 'contracts/Governance/GovernorBravoInterfaces.sol', 'GovernorBravoDelegateStorageV1.guardian')
 reader witnesses  -> 2
 storage exposures -> 1
[MV-SI candidate 7159b154855634c0c15d] {admin, guardian}
 writer root       -> contracts/Governance/GovernorBravoDelegate.sol::GovernorBravoDelegate.initialize(address,GovernorBravoDelegateStorageV2.ProposalConfig[],TimelockInterface[],address)
 writer effect     -> contracts/Governance/GovernorBravoDelegate.sol:65
 written member    -> ('SV', 'contracts/Governance/GovernorBravoInterfaces.sol', 'GovernorBravoDelegateStorageV1.guardian')
 potentially stale -> ('SV', 'contracts/Governance/GovernorBravoInterfaces.sol', 'GovernorBravoDelegatorStorage.admin')
 reader witnesses  -> 5
 storage exposures -> 1
[MV-SI candidate 73cc2c86e885f4578d84] {admin, guardian}
 writer root       -> contracts/Governance/GovernorBravoDelegate.sol::GovernorBravoDelegate._setGuardian(address)
 writer effect     -> contracts/Governance/GovernorBravoDelegate.sol:421
 written member    -> ('SV', 'contracts/Governance/GovernorBravoInterfaces.sol', 'GovernorBravoDelegateStorageV1.guardian')
 potentially stale -> ('SV', 'contracts/Governance/GovernorBravoInterfaces.sol', 'GovernorBravoDelegatorStorage.admin')
 reader witnesses  -> 5
 storage exposures -> 1
[MV-SI candidate 87d78816d76fe5b60839] {initialProposalId, proposalCount}
 writer root       -> contracts/Governance/GovernorBravoDelegate.sol::GovernorBravoDelegate.propose(address[],uint256[],string[],bytes[],string,GovernorBravoDelegateStorageV2.ProposalType)
 writer effect     -> contracts/Governance/GovernorBravoDelegate.sol:154
 written member    -> ('SV', 'contracts/Governance/GovernorBravoInterfaces.sol', 'GovernorBravoDelegateStorageV1.proposalCount')
 potentially stale -> ('SV', 'contracts/Governance/GovernorBravoInterfaces.sol', 'GovernorBravoDelegateStorageV1.initialProposalId')
 reader witnesses  -> 9
 storage exposures -> 1
[MV-SI candidate e0b3395aff5baaec6b25] {guardian, proposalConfigs}
 writer root       -> contracts/Governance/GovernorBravoDelegate.sol::GovernorBravoDelegate.initialize(address,GovernorBravoDelegateStorageV2.ProposalConfig[],TimelockInterface[],address)
 writer effect     -> contracts/Governance/GovernorBravoDelegate.sol:65
 written member    -> ('SV', 'contracts/Governance/GovernorBravoInterfaces.sol', 'GovernorBravoDelegateStorageV1.guardian')
 potentially stale -> ('SV', 'contracts/Governance/GovernorBravoInterfaces.sol', 'GovernorBravoDelegateStorageV2.proposalConfigs')
 reader witnesses  -> 2
 storage exposures -> 1Reference: https://github.com/crytic/slither/wiki/Detector-Documentation
[mvscan-config] {"ATOMIC_GROUP": [], "DIVERGENCE_BUDGET": 1000, "ENABLE_BRANCH_GROUPS": true, "ENABLE_EXTERNAL_STATE": true, "ENABLE_MULTI_RETURN_GROUPS": true, "MAPPING_MODE": "base_collapsed", "MERGE_OVERLOADS": false, "MVSCAN_ABLATION": "mapping_insensitive", "MVSCAN_CONTEXTUAL_KEYS": true, "MVSCAN_INCLUDE_SCALAR_WITNESSES": false, "MVSCAN_INTERFACE_DISPATCH": false, "MVSCAN_MAX_CONTEXTS_PER_OWNER_BLOCK": 128, "MVSCAN_MAX_DISPATCH_TARGETS": 16, "MVSCAN_REQUIRE_DISTINCT_OUTER_ROOTS": false, "MVSCAN_ROOT_CONTEXT_SINKS": false, "NOOP_WRITE_FILTER": true, "REQUIRE_SAME_SLOT_KEY": false, "SINK_TEST": "none", "USER_CALLABLE_ALWAYS": [], "USER_CALLABLE_DENY": []}
[mvscan-stage] icfg-built blocks=12 vars=2
[mvscan-stage] root-seeding-done eligible_exposures=3 seeded=3 multi_exposure_entry_blocks=0 collapsed_contextual_aliases=0 excluded_dependency=0 excluded_interface=0 excluded_library=0 excluded_abstract=0 missing_entry_point=0 missing_entry_block=0
[mvscan-pairs] call_target_digest=4f53cda18c2baa0c0354bb5f9a3ecbe5ed12ab4d8e11ba873c2f11161202b945 candidate_count=0 candidate_digest=4f53cda18c2baa0c0354bb5f9a3ecbe5ed12ab4d8e11ba873c2f11161202b945 context_instance_count=0 execution_context_digest=ccd1fa3b07af47ae5a5abcf275c6d4495d0f0a7b6f45777d7f87e646bc6128a1 invalid_partial_write_filtered=0 must_full_relation_filtered=0 omitted_member_evidence_filtered=0 omitted_member_not_sensitive_filtered=0 owner_context_pairs=0 owner_context_pairs_considered=0 reader_witness_count=0 relation_base_members_shadowed=0 relation_context_incompatible=0 relation_digest=4f53cda18c2baa0c0354bb5f9a3ecbe5ed12ab4d8e11ba873c2f11161202b945 relation_members_raw=1 relation_origins_rejected_unary_after_shadowing=1 relation_origins_seen=1 root_context_sink_filtered=0 same_outer_root_filtered=0 scalar_variables_skipped=2 storage_context_mismatch=0 variables_considered=2
[mvscan-config] {"ATOMIC_GROUP": [], "DIVERGENCE_BUDGET": 1000, "ENABLE_BRANCH_GROUPS": true, "ENABLE_EXTERNAL_STATE": true, "ENABLE_MULTI_RETURN_GROUPS": true, "MAPPING_MODE": "base_collapsed", "MERGE_OVERLOADS": false, "MVSCAN_ABLATION": "mapping_insensitive", "MVSCAN_CONTEXTUAL_KEYS": true, "MVSCAN_INCLUDE_SCALAR_WITNESSES": false, "MVSCAN_INTERFACE_DISPATCH": false, "MVSCAN_MAX_CONTEXTS_PER_OWNER_BLOCK": 128, "MVSCAN_MAX_DISPATCH_TARGETS": 16, "MVSCAN_REQUIRE_DISTINCT_OUTER_ROOTS": false, "MVSCAN_ROOT_CONTEXT_SINKS": false, "NOOP_WRITE_FILTER": true, "REQUIRE_SAME_SLOT_KEY": false, "SINK_TEST": "none", "USER_CALLABLE_ALWAYS": [], "USER_CALLABLE_DENY": []}
[mvscan-stage] icfg-built blocks=0 vars=0
[mvscan-stage] root-seeding-done eligible_exposures=0 seeded=0 multi_exposure_entry_blocks=0 collapsed_contextual_aliases=0 excluded_dependency=0 excluded_interface=0 excluded_library=0 excluded_abstract=0 missing_entry_point=1 missing_entry_block=0
[mvscan-pairs] call_target_digest=4f53cda18c2baa0c0354bb5f9a3ecbe5ed12ab4d8e11ba873c2f11161202b945 candidate_count=0 candidate_digest=4f53cda18c2baa0c0354bb5f9a3ecbe5ed12ab4d8e11ba873c2f11161202b945 context_instance_count=0 execution_context_digest=4f53cda18c2baa0c0354bb5f9a3ecbe5ed12ab4d8e11ba873c2f11161202b945 invalid_partial_write_filtered=0 must_full_relation_filtered=0 omitted_member_evidence_filtered=0 omitted_member_not_sensitive_filtered=0 owner_context_pairs=0 owner_context_pairs_considered=0 reader_witness_count=0 relation_context_incompatible=0 relation_digest=4f53cda18c2baa0c0354bb5f9a3ecbe5ed12ab4d8e11ba873c2f11161202b945 root_context_sink_filtered=0 same_outer_root_filtered=0 storage_context_mismatch=0
[mvscan-config] {"ATOMIC_GROUP": [], "DIVERGENCE_BUDGET": 1000, "ENABLE_BRANCH_GROUPS": true, "ENABLE_EXTERNAL_STATE": true, "ENABLE_MULTI_RETURN_GROUPS": true, "MAPPING_MODE": "base_collapsed", "MERGE_OVERLOADS": false, "MVSCAN_ABLATION": "mapping_insensitive", "MVSCAN_CONTEXTUAL_KEYS": true, "MVSCAN_INCLUDE_SCALAR_WITNESSES": false, "MVSCAN_INTERFACE_DISPATCH": false, "MVSCAN_MAX_CONTEXTS_PER_OWNER_BLOCK": 128, "MVSCAN_MAX_DISPATCH_TARGETS": 16, "MVSCAN_REQUIRE_DISTINCT_OUTER_ROOTS": false, "MVSCAN_ROOT_CONTEXT_SINKS": false, "NOOP_WRITE_FILTER": true, "REQUIRE_SAME_SLOT_KEY": false, "SINK_TEST": "none", "USER_CALLABLE_ALWAYS": [], "USER_CALLABLE_DENY": []}
[mvscan-stage] icfg-built blocks=2 vars=2
[mvscan-stage] root-seeding-done eligible_exposures=0 seeded=0 multi_exposure_entry_blocks=0 collapsed_contextual_aliases=0 excluded_dependency=0 excluded_interface=0 excluded_library=0 excluded_abstract=0 missing_entry_point=0 missing_entry_block=0
[mvscan-pairs] call_target_digest=4f53cda18c2baa0c0354bb5f9a3ecbe5ed12ab4d8e11ba873c2f11161202b945 candidate_count=0 candidate_digest=4f53cda18c2baa0c0354bb5f9a3ecbe5ed12ab4d8e11ba873c2f11161202b945 context_instance_count=0 execution_context_digest=4f53cda18c2baa0c0354bb5f9a3ecbe5ed12ab4d8e11ba873c2f11161202b945 invalid_partial_write_filtered=0 must_full_relation_filtered=0 omitted_member_evidence_filtered=0 omitted_member_not_sensitive_filtered=0 owner_context_pairs=0 owner_context_pairs_considered=0 reader_witness_count=0 relation_context_incompatible=0 relation_digest=4f53cda18c2baa0c0354bb5f9a3ecbe5ed12ab4d8e11ba873c2f11161202b945 root_context_sink_filtered=0 same_outer_root_filtered=0 storage_context_mismatch=0
[mvscan-config] {"ATOMIC_GROUP": [], "DIVERGENCE_BUDGET": 1000, "ENABLE_BRANCH_GROUPS": true, "ENABLE_EXTERNAL_STATE": true, "ENABLE_MULTI_RETURN_GROUPS": true, "MAPPING_MODE": "base_collapsed", "MERGE_OVERLOADS": false, "MVSCAN_ABLATION": "mapping_insensitive", "MVSCAN_CONTEXTUAL_KEYS": true, "MVSCAN_INCLUDE_SCALAR_WITNESSES": false, "MVSCAN_INTERFACE_DISPATCH": false, "MVSCAN_MAX_CONTEXTS_PER_OWNER_BLOCK": 128, "MVSCAN_MAX_DISPATCH_TARGETS": 16, "MVSCAN_REQUIRE_DISTINCT_OUTER_ROOTS": false, "MVSCAN_ROOT_CONTEXT_SINKS": false, "NOOP_WRITE_FILTER": true, "REQUIRE_SAME_SLOT_KEY": false, "SINK_TEST": "none", "USER_CALLABLE_ALWAYS": [], "USER_CALLABLE_DENY": []}
[mvscan-stage] icfg-built blocks=11 vars=3
[mvscan-stage] root-seeding-done eligible_exposures=3 seeded=3 multi_exposure_entry_blocks=0 collapsed_contextual_aliases=0 excluded_dependency=0 excluded_interface=0 excluded_library=0 excluded_abstract=0 missing_entry_point=0 missing_entry_block=0
[mvscan-pairs] call_target_digest=0eb0a83a36cb1b68aa1e4049dcd49c2e90dd90e6e6d9ce20fd6820d2a98e2336 candidate_count=0 candidate_digest=4f53cda18c2baa0c0354bb5f9a3ecbe5ed12ab4d8e11ba873c2f11161202b945 context_instance_count=0 execution_context_digest=174620c01762f2ef06f4c8698085bc9e47939bce0721bffc9d813ac834b2ca50 invalid_partial_write_filtered=0 must_full_relation_filtered=0 omitted_member_evidence_filtered=0 omitted_member_not_sensitive_filtered=0 owner_context_pairs=0 owner_context_pairs_considered=0 reader_witness_count=0 relation_context_incompatible=0 relation_digest=4f53cda18c2baa0c0354bb5f9a3ecbe5ed12ab4d8e11ba873c2f11161202b945 root_context_sink_filtered=0 same_outer_root_filtered=0 scalar_variables_skipped=3 storage_context_mismatch=0 variables_considered=3
[mvscan-config] {"ATOMIC_GROUP": [], "DIVERGENCE_BUDGET": 1000, "ENABLE_BRANCH_GROUPS": true, "ENABLE_EXTERNAL_STATE": true, "ENABLE_MULTI_RETURN_GROUPS": true, "MAPPING_MODE": "base_collapsed", "MERGE_OVERLOADS": false, "MVSCAN_ABLATION": "mapping_insensitive", "MVSCAN_CONTEXTUAL_KEYS": true, "MVSCAN_INCLUDE_SCALAR_WITNESSES": false, "MVSCAN_INTERFACE_DISPATCH": false, "MVSCAN_MAX_CONTEXTS_PER_OWNER_BLOCK": 128, "MVSCAN_MAX_DISPATCH_TARGETS": 16, "MVSCAN_REQUIRE_DISTINCT_OUTER_ROOTS": false, "MVSCAN_ROOT_CONTEXT_SINKS": false, "NOOP_WRITE_FILTER": true, "REQUIRE_SAME_SLOT_KEY": false, "SINK_TEST": "none", "USER_CALLABLE_ALWAYS": [], "USER_CALLABLE_DENY": []}
[mvscan-stage] icfg-built blocks=2 vars=0
[mvscan-stage] root-seeding-done eligible_exposures=0 seeded=0 multi_exposure_entry_blocks=0 collapsed_contextual_aliases=0 excluded_dependency=0 excluded_interface=1 excluded_library=0 excluded_abstract=0 missing_entry_point=0 missing_entry_block=0
[mvscan-pairs] call_target_digest=50797828fe8ec18fcfe1fb891d14b53cd4ff2013fc017605238606f9ce7d6e44 candidate_count=0 candidate_digest=4f53cda18c2baa0c0354bb5f9a3ecbe5ed12ab4d8e11ba873c2f11161202b945 context_instance_count=0 execution_context_digest=4f53cda18c2baa0c0354bb5f9a3ecbe5ed12ab4d8e11ba873c2f11161202b945 invalid_partial_write_filtered=0 must_full_relation_filtered=0 omitted_member_evidence_filtered=0 omitted_member_not_sensitive_filtered=0 owner_context_pairs=0 owner_context_pairs_considered=0 reader_witness_count=0 relation_context_incompatible=0 relation_digest=4f53cda18c2baa0c0354bb5f9a3ecbe5ed12ab4d8e11ba873c2f11161202b945 root_context_sink_filtered=0 same_outer_root_filtered=0 storage_context_mismatch=0
[mvscan-config] {"ATOMIC_GROUP": [], "DIVERGENCE_BUDGET": 1000, "ENABLE_BRANCH_GROUPS": true, "ENABLE_EXTERNAL_STATE": true, "ENABLE_MULTI_RETURN_GROUPS": true, "MAPPING_MODE": "base_collapsed", "MERGE_OVERLOADS": false, "MVSCAN_ABLATION": "mapping_insensitive", "MVSCAN_CONTEXTUAL_KEYS": true, "MVSCAN_INCLUDE_SCALAR_WITNESSES": false, "MVSCAN_INTERFACE_DISPATCH": false, "MVSCAN_MAX_CONTEXTS_PER_OWNER_BLOCK": 128, "MVSCAN_MAX_DISPATCH_TARGETS": 16, "MVSCAN_REQUIRE_DISTINCT_OUTER_ROOTS": false, "MVSCAN_ROOT_CONTEXT_SINKS": false, "NOOP_WRITE_FILTER": true, "REQUIRE_SAME_SLOT_KEY": false, "SINK_TEST": "none", "USER_CALLABLE_ALWAYS": [], "USER_CALLABLE_DENY": []}
[mvscan-stage] icfg-built blocks=2 vars=0
[mvscan-stage] root-seeding-done eligible_exposures=0 seeded=0 multi_exposure_entry_blocks=0 collapsed_contextual_aliases=0 excluded_dependency=0 excluded_interface=0 excluded_library=0 excluded_abstract=0 missing_entry_point=0 missing_entry_block=0
[mvscan-pairs] call_target_digest=4f53cda18c2baa0c0354bb5f9a3ecbe5ed12ab4d8e11ba873c2f11161202b945 candidate_count=0 candidate_digest=4f53cda18c2baa0c0354bb5f9a3ecbe5ed12ab4d8e11ba873c2f11161202b945 context_instance_count=0 execution_context_digest=4f53cda18c2baa0c0354bb5f9a3ecbe5ed12ab4d8e11ba873c2f11161202b945 invalid_partial_write_filtered=0 must_full_relation_filtered=0 omitted_member_evidence_filtered=0 omitted_member_not_sensitive_filtered=0 owner_context_pairs=0 owner_context_pairs_considered=0 reader_witness_count=0 relation_context_incompatible=0 relation_digest=4f53cda18c2baa0c0354bb5f9a3ecbe5ed12ab4d8e11ba873c2f11161202b945 root_context_sink_filtered=0 same_outer_root_filtered=0 storage_context_mismatch=0
[mvscan-config] {"ATOMIC_GROUP": [], "DIVERGENCE_BUDGET": 1000, "ENABLE_BRANCH_GROUPS": true, "ENABLE_EXTERNAL_STATE": true, "ENABLE_MULTI_RETURN_GROUPS": true, "MAPPING_MODE": "base_collapsed", "MERGE_OVERLOADS": false, "MVSCAN_ABLATION": "mapping_insensitive", "MVSCAN_CONTEXTUAL_KEYS": true, "MVSCAN_INCLUDE_SCALAR_WITNESSES": false, "MVSCAN_INTERFACE_DISPATCH": false, "MVSCAN_MAX_CONTEXTS_PER_OWNER_BLOCK": 128, "MVSCAN_MAX_DISPATCH_TARGETS": 16, "MVSCAN_REQUIRE_DISTINCT_OUTER_ROOTS": false, "MVSCAN_ROOT_CONTEXT_SINKS": false, "NOOP_WRITE_FILTER": true, "REQUIRE_SAME_SLOT_KEY": false, "SINK_TEST": "none", "USER_CALLABLE_ALWAYS": [], "USER_CALLABLE_DENY": []}
[mvscan-stage] icfg-built blocks=8 vars=1
[mvscan-stage] root-seeding-done eligible_exposures=2 seeded=2 multi_exposure_entry_blocks=0 collapsed_contextual_aliases=0 excluded_dependency=0 excluded_interface=0 excluded_library=0 excluded_abstract=0 missing_entry_point=0 missing_entry_block=0
[mvscan-pairs] call_target_digest=4f53cda18c2baa0c0354bb5f9a3ecbe5ed12ab4d8e11ba873c2f11161202b945 candidate_count=0 candidate_digest=4f53cda18c2baa0c0354bb5f9a3ecbe5ed12ab4d8e11ba873c2f11161202b945 context_instance_count=0 execution_context_digest=3bcf705099db3c1645b2eda397b4196baa38f730840a0a0e85d711e7eae5bf0e invalid_partial_write_filtered=0 must_full_relation_filtered=0 omitted_member_evidence_filtered=0 omitted_member_not_sensitive_filtered=0 owner_context_pairs=0 owner_context_pairs_considered=0 reader_witness_count=0 relation_context_incompatible=0 relation_digest=4f53cda18c2baa0c0354bb5f9a3ecbe5ed12ab4d8e11ba873c2f11161202b945 root_context_sink_filtered=0 same_outer_root_filtered=0 scalar_variables_skipped=1 storage_context_mismatch=0 variables_considered=1
[mvscan-config] {"ATOMIC_GROUP": [], "DIVERGENCE_BUDGET": 1000, "ENABLE_BRANCH_GROUPS": true, "ENABLE_EXTERNAL_STATE": true, "ENABLE_MULTI_RETURN_GROUPS": true, "MAPPING_MODE": "base_collapsed", "MERGE_OVERLOADS": false, "MVSCAN_ABLATION": "mapping_insensitive", "MVSCAN_CONTEXTUAL_KEYS": true, "MVSCAN_INCLUDE_SCALAR_WITNESSES": false, "MVSCAN_INTERFACE_DISPATCH": false, "MVSCAN_MAX_CONTEXTS_PER_OWNER_BLOCK": 128, "MVSCAN_MAX_DISPATCH_TARGETS": 16, "MVSCAN_REQUIRE_DISTINCT_OUTER_ROOTS": false, "MVSCAN_ROOT_CONTEXT_SINKS": false, "NOOP_WRITE_FILTER": true, "REQUIRE_SAME_SLOT_KEY": false, "SINK_TEST": "none", "USER_CALLABLE_ALWAYS": [], "USER_CALLABLE_DENY": []}
[mvscan-stage] icfg-built blocks=32 vars=5
[mvscan-stage] root-seeding-done eligible_exposures=7 seeded=7 multi_exposure_entry_blocks=0 collapsed_contextual_aliases=0 excluded_dependency=0 excluded_interface=0 excluded_library=0 excluded_abstract=0 missing_entry_point=0 missing_entry_block=0
[mvscan-pairs] call_target_digest=85847e41f7c870956026959b414d4ffe97272bcf6555a3a8019d37399e428972 candidate_count=0 candidate_digest=4f53cda18c2baa0c0354bb5f9a3ecbe5ed12ab4d8e11ba873c2f11161202b945 context_instance_count=0 execution_context_digest=a2690f3b2c89c12a2d133c361f5cd0faeaed163b9e6ff14963dce3f620e1aea6 invalid_partial_write_filtered=0 must_full_relation_filtered=0 omitted_member_evidence_filtered=0 omitted_member_not_sensitive_filtered=0 owner_context_pairs=0 owner_context_pairs_considered=0 reader_witness_count=0 relation_base_members_shadowed=0 relation_context_incompatible=0 relation_digest=4f53cda18c2baa0c0354bb5f9a3ecbe5ed12ab4d8e11ba873c2f11161202b945 relation_members_raw=4 relation_origins_rejected_unary_after_shadowing=4 relation_origins_seen=4 root_context_sink_filtered=0 same_outer_root_filtered=0 scalar_variables_skipped=2 storage_context_mismatch=0 variables_considered=2
[mvscan-config] {"ATOMIC_GROUP": [], "DIVERGENCE_BUDGET": 1000, "ENABLE_BRANCH_GROUPS": true, "ENABLE_EXTERNAL_STATE": true, "ENABLE_MULTI_RETURN_GROUPS": true, "MAPPING_MODE": "base_collapsed", "MERGE_OVERLOADS": false, "MVSCAN_ABLATION": "mapping_insensitive", "MVSCAN_CONTEXTUAL_KEYS": true, "MVSCAN_INCLUDE_SCALAR_WITNESSES": false, "MVSCAN_INTERFACE_DISPATCH": false, "MVSCAN_MAX_CONTEXTS_PER_OWNER_BLOCK": 128, "MVSCAN_MAX_DISPATCH_TARGETS": 16, "MVSCAN_REQUIRE_DISTINCT_OUTER_ROOTS": false, "MVSCAN_ROOT_CONTEXT_SINKS": false, "NOOP_WRITE_FILTER": true, "REQUIRE_SAME_SLOT_KEY": false, "SINK_TEST": "none", "USER_CALLABLE_ALWAYS": [], "USER_CALLABLE_DENY": []}
[mvscan-stage] icfg-built blocks=3 vars=0
[mvscan-stage] root-seeding-done eligible_exposures=0 seeded=0 multi_exposure_entry_blocks=0 collapsed_contextual_aliases=0 excluded_dependency=0 excluded_interface=0 excluded_library=0 excluded_abstract=0 missing_entry_point=0 missing_entry_block=0
[mvscan-pairs] call_target_digest=4f53cda18c2baa0c0354bb5f9a3ecbe5ed12ab4d8e11ba873c2f11161202b945 candidate_count=0 candidate_digest=4f53cda18c2baa0c0354bb5f9a3ecbe5ed12ab4d8e11ba873c2f11161202b945 context_instance_count=0 execution_context_digest=4f53cda18c2baa0c0354bb5f9a3ecbe5ed12ab4d8e11ba873c2f11161202b945 invalid_partial_write_filtered=0 must_full_relation_filtered=0 omitted_member_evidence_filtered=0 omitted_member_not_sensitive_filtered=0 owner_context_pairs=0 owner_context_pairs_considered=0 reader_witness_count=0 relation_context_incompatible=0 relation_digest=4f53cda18c2baa0c0354bb5f9a3ecbe5ed12ab4d8e11ba873c2f11161202b945 root_context_sink_filtered=0 same_outer_root_filtered=0 storage_context_mismatch=0
[mvscan-config] {"ATOMIC_GROUP": [], "DIVERGENCE_BUDGET": 1000, "ENABLE_BRANCH_GROUPS": true, "ENABLE_EXTERNAL_STATE": true, "ENABLE_MULTI_RETURN_GROUPS": true, "MAPPING_MODE": "base_collapsed", "MERGE_OVERLOADS": false, "MVSCAN_ABLATION": "mapping_insensitive", "MVSCAN_CONTEXTUAL_KEYS": true, "MVSCAN_INCLUDE_SCALAR_WITNESSES": false, "MVSCAN_INTERFACE_DISPATCH": false, "MVSCAN_MAX_CONTEXTS_PER_OWNER_BLOCK": 128, "MVSCAN_MAX_DISPATCH_TARGETS": 16, "MVSCAN_REQUIRE_DISTINCT_OUTER_ROOTS": false, "MVSCAN_ROOT_CONTEXT_SINKS": false, "NOOP_WRITE_FILTER": true, "REQUIRE_SAME_SLOT_KEY": false, "SINK_TEST": "none", "USER_CALLABLE_ALWAYS": [], "USER_CALLABLE_DENY": []}
[mvscan-stage] icfg-built blocks=176 vars=10
[mvscan-stage] root-seeding-done eligible_exposures=57 seeded=24 multi_exposure_entry_blocks=18 collapsed_contextual_aliases=33 excluded_dependency=0 excluded_interface=0 excluded_library=0 excluded_abstract=0 missing_entry_point=7 missing_entry_block=0
[mvscan-pairs] call_target_digest=37580a1070e9b4e03adc3171fa0fab46e7b7cbe7fee1ffe237b64cd40cdf8eb5 candidate_count=0 candidate_digest=4f53cda18c2baa0c0354bb5f9a3ecbe5ed12ab4d8e11ba873c2f11161202b945 context_instance_count=0 execution_context_digest=ca211bc48d5d74ee74f857db0d08177b2d992c73a660391ddf3f93b4202eae95 invalid_partial_write_filtered=0 must_full_relation_filtered=0 omitted_member_evidence_filtered=0 omitted_member_not_sensitive_filtered=0 owner_context_pairs=0 owner_context_pairs_considered=0 reader_witness_count=0 relation_base_members_shadowed=0 relation_context_incompatible=0 relation_digest=4f53cda18c2baa0c0354bb5f9a3ecbe5ed12ab4d8e11ba873c2f11161202b945 relation_members_raw=11 relation_origins_rejected_unary_after_shadowing=11 relation_origins_rejected_unreachable=3 relation_origins_seen=11 root_context_sink_filtered=0 same_outer_root_filtered=0 scalar_variables_skipped=7 storage_context_mismatch=0 variables_considered=7
[mvscan-config] {"ATOMIC_GROUP": [], "DIVERGENCE_BUDGET": 1000, "ENABLE_BRANCH_GROUPS": true, "ENABLE_EXTERNAL_STATE": true, "ENABLE_MULTI_RETURN_GROUPS": true, "MAPPING_MODE": "base_collapsed", "MERGE_OVERLOADS": false, "MVSCAN_ABLATION": "mapping_insensitive", "MVSCAN_CONTEXTUAL_KEYS": true, "MVSCAN_INCLUDE_SCALAR_WITNESSES": false, "MVSCAN_INTERFACE_DISPATCH": false, "MVSCAN_MAX_CONTEXTS_PER_OWNER_BLOCK": 128, "MVSCAN_MAX_DISPATCH_TARGETS": 16, "MVSCAN_REQUIRE_DISTINCT_OUTER_ROOTS": false, "MVSCAN_ROOT_CONTEXT_SINKS": false, "NOOP_WRITE_FILTER": true, "REQUIRE_SAME_SLOT_KEY": false, "SINK_TEST": "none", "USER_CALLABLE_ALWAYS": [], "USER_CALLABLE_DENY": []}
[mvscan-stage] icfg-built blocks=122 vars=7
[mvscan-stage] root-seeding-done eligible_exposures=11 seeded=9 multi_exposure_entry_blocks=2 collapsed_contextual_aliases=2 excluded_dependency=0 excluded_interface=3 excluded_library=0 excluded_abstract=0 missing_entry_point=0 missing_entry_block=0
[mvscan-pairs] call_target_digest=27218621f14a28f73b73746be144723963e5462f811c0f1bd6f057bd30fe6c07 candidate_count=0 candidate_digest=4f53cda18c2baa0c0354bb5f9a3ecbe5ed12ab4d8e11ba873c2f11161202b945 context_instance_count=0 execution_context_digest=0c58b48944f103f10fb7f698e31cee63950034d68a3c25d1895c9661849104da invalid_partial_write_filtered=0 must_full_relation_filtered=0 omitted_member_evidence_filtered=0 omitted_member_not_sensitive_filtered=0 owner_context_pairs=0 owner_context_pairs_considered=0 reader_witness_count=0 relation_base_members_shadowed=0 relation_context_incompatible=0 relation_digest=4f53cda18c2baa0c0354bb5f9a3ecbe5ed12ab4d8e11ba873c2f11161202b945 relation_members_raw=1 relation_origins_rejected_unary_after_shadowing=1 relation_origins_rejected_unreachable=8 relation_origins_seen=1 root_context_sink_filtered=0 same_outer_root_filtered=0 scalar_variables_skipped=4 storage_context_mismatch=0 variables_considered=4
[mvscan-config] {"ATOMIC_GROUP": [], "DIVERGENCE_BUDGET": 1000, "ENABLE_BRANCH_GROUPS": true, "ENABLE_EXTERNAL_STATE": true, "ENABLE_MULTI_RETURN_GROUPS": true, "MAPPING_MODE": "base_collapsed", "MERGE_OVERLOADS": false, "MVSCAN_ABLATION": "mapping_insensitive", "MVSCAN_CONTEXTUAL_KEYS": true, "MVSCAN_INCLUDE_SCALAR_WITNESSES": false, "MVSCAN_INTERFACE_DISPATCH": false, "MVSCAN_MAX_CONTEXTS_PER_OWNER_BLOCK": 128, "MVSCAN_MAX_DISPATCH_TARGETS": 16, "MVSCAN_REQUIRE_DISTINCT_OUTER_ROOTS": false, "MVSCAN_ROOT_CONTEXT_SINKS": false, "NOOP_WRITE_FILTER": true, "REQUIRE_SAME_SLOT_KEY": false, "SINK_TEST": "none", "USER_CALLABLE_ALWAYS": [], "USER_CALLABLE_DENY": []}
[mvscan-stage] icfg-built blocks=122 vars=7
[mvscan-stage] root-seeding-done eligible_exposures=11 seeded=9 multi_exposure_entry_blocks=2 collapsed_contextual_aliases=2 excluded_dependency=0 excluded_interface=3 excluded_library=0 excluded_abstract=0 missing_entry_point=0 missing_entry_block=0
[mvscan-pairs] call_target_digest=4a069614a164dbdd5c88bae7bbebad141d6c65f87d2262a98f8c771a69f3a118 candidate_count=0 candidate_digest=4f53cda18c2baa0c0354bb5f9a3ecbe5ed12ab4d8e11ba873c2f11161202b945 context_instance_count=0 execution_context_digest=7dac1c665ee28644a95b9b6244bbc5e365537d4d48a0c4234713a725792932af invalid_partial_write_filtered=0 must_full_relation_filtered=0 omitted_member_evidence_filtered=0 omitted_member_not_sensitive_filtered=0 owner_context_pairs=0 owner_context_pairs_considered=0 reader_witness_count=0 relation_base_members_shadowed=0 relation_context_incompatible=0 relation_digest=4f53cda18c2baa0c0354bb5f9a3ecbe5ed12ab4d8e11ba873c2f11161202b945 relation_members_raw=1 relation_origins_rejected_unary_after_shadowing=1 relation_origins_rejected_unreachable=8 relation_origins_seen=1 root_context_sink_filtered=0 same_outer_root_filtered=0 scalar_variables_skipped=4 storage_context_mismatch=0 variables_considered=4
[mvscan-config] {"ATOMIC_GROUP": [], "DIVERGENCE_BUDGET": 1000, "ENABLE_BRANCH_GROUPS": true, "ENABLE_EXTERNAL_STATE": true, "ENABLE_MULTI_RETURN_GROUPS": true, "MAPPING_MODE": "base_collapsed", "MERGE_OVERLOADS": false, "MVSCAN_ABLATION": "mapping_insensitive", "MVSCAN_CONTEXTUAL_KEYS": true, "MVSCAN_INCLUDE_SCALAR_WITNESSES": false, "MVSCAN_INTERFACE_DISPATCH": false, "MVSCAN_MAX_CONTEXTS_PER_OWNER_BLOCK": 128, "MVSCAN_MAX_DISPATCH_TARGETS": 16, "MVSCAN_REQUIRE_DISTINCT_OUTER_ROOTS": false, "MVSCAN_ROOT_CONTEXT_SINKS": false, "NOOP_WRITE_FILTER": true, "REQUIRE_SAME_SLOT_KEY": false, "SINK_TEST": "none", "USER_CALLABLE_ALWAYS": [], "USER_CALLABLE_DENY": []}
[mvscan-stage] icfg-built blocks=122 vars=7
[mvscan-stage] root-seeding-done eligible_exposures=11 seeded=9 multi_exposure_entry_blocks=2 collapsed_contextual_aliases=2 excluded_dependency=0 excluded_interface=3 excluded_library=0 excluded_abstract=0 missing_entry_point=0 missing_entry_block=0
[mvscan-pairs] call_target_digest=0f272a40817dda7979cc2f1aa7fff7b1f16fab7c9c5d884ed83f3ff3bd0307ea candidate_count=0 candidate_digest=4f53cda18c2baa0c0354bb5f9a3ecbe5ed12ab4d8e11ba873c2f11161202b945 context_instance_count=0 execution_context_digest=0240b3e21498fb70761162a8d261bc78de7c0be9e31ba81286fbd2d336b7aef7 invalid_partial_write_filtered=0 must_full_relation_filtered=0 omitted_member_evidence_filtered=0 omitted_member_not_sensitive_filtered=0 owner_context_pairs=0 owner_context_pairs_considered=0 reader_witness_count=0 relation_base_members_shadowed=0 relation_context_incompatible=0 relation_digest=4f53cda18c2baa0c0354bb5f9a3ecbe5ed12ab4d8e11ba873c2f11161202b945 relation_members_raw=1 relation_origins_rejected_unary_after_shadowing=1 relation_origins_rejected_unreachable=8 relation_origins_seen=1 root_context_sink_filtered=0 same_outer_root_filtered=0 scalar_variables_skipped=4 storage_context_mismatch=0 variables_considered=4
[mvscan-config] {"ATOMIC_GROUP": [], "DIVERGENCE_BUDGET": 1000, "ENABLE_BRANCH_GROUPS": true, "ENABLE_EXTERNAL_STATE": true, "ENABLE_MULTI_RETURN_GROUPS": true, "MAPPING_MODE": "base_collapsed", "MERGE_OVERLOADS": false, "MVSCAN_ABLATION": "mapping_insensitive", "MVSCAN_CONTEXTUAL_KEYS": true, "MVSCAN_INCLUDE_SCALAR_WITNESSES": false, "MVSCAN_INTERFACE_DISPATCH": false, "MVSCAN_MAX_CONTEXTS_PER_OWNER_BLOCK": 128, "MVSCAN_MAX_DISPATCH_TARGETS": 16, "MVSCAN_REQUIRE_DISTINCT_OUTER_ROOTS": false, "MVSCAN_ROOT_CONTEXT_SINKS": false, "NOOP_WRITE_FILTER": true, "REQUIRE_SAME_SLOT_KEY": false, "SINK_TEST": "none", "USER_CALLABLE_ALWAYS": [], "USER_CALLABLE_DENY": []}
[mvscan-stage] icfg-built blocks=122 vars=7
[mvscan-stage] root-seeding-done eligible_exposures=11 seeded=9 multi_exposure_entry_blocks=2 collapsed_contextual_aliases=2 excluded_dependency=0 excluded_interface=3 excluded_library=0 excluded_abstract=0 missing_entry_point=0 missing_entry_block=0
[mvscan-pairs] call_target_digest=ef99e10cf992ae04d335af44a7040c2000f8f51e39162aafa9309f26a6d515f7 candidate_count=0 candidate_digest=4f53cda18c2baa0c0354bb5f9a3ecbe5ed12ab4d8e11ba873c2f11161202b945 context_instance_count=0 execution_context_digest=61e65e89b65f4cc80231632e2b32462f4674503c5342b9626c11f83d8a48af69 invalid_partial_write_filtered=0 must_full_relation_filtered=0 omitted_member_evidence_filtered=0 omitted_member_not_sensitive_filtered=0 owner_context_pairs=0 owner_context_pairs_considered=0 reader_witness_count=0 relation_base_members_shadowed=0 relation_context_incompatible=0 relation_digest=4f53cda18c2baa0c0354bb5f9a3ecbe5ed12ab4d8e11ba873c2f11161202b945 relation_members_raw=1 relation_origins_rejected_unary_after_shadowing=1 relation_origins_rejected_unreachable=8 relation_origins_seen=1 root_context_sink_filtered=0 same_outer_root_filtered=0 scalar_variables_skipped=4 storage_context_mismatch=0 variables_considered=4
[mvscan-config] {"ATOMIC_GROUP": [], "DIVERGENCE_BUDGET": 1000, "ENABLE_BRANCH_GROUPS": true, "ENABLE_EXTERNAL_STATE": true, "ENABLE_MULTI_RETURN_GROUPS": true, "MAPPING_MODE": "base_collapsed", "MERGE_OVERLOADS": false, "MVSCAN_ABLATION": "mapping_insensitive", "MVSCAN_CONTEXTUAL_KEYS": true, "MVSCAN_INCLUDE_SCALAR_WITNESSES": false, "MVSCAN_INTERFACE_DISPATCH": false, "MVSCAN_MAX_CONTEXTS_PER_OWNER_BLOCK": 128, "MVSCAN_MAX_DISPATCH_TARGETS": 16, "MVSCAN_REQUIRE_DISTINCT_OUTER_ROOTS": false, "MVSCAN_ROOT_CONTEXT_SINKS": false, "NOOP_WRITE_FILTER": true, "REQUIRE_SAME_SLOT_KEY": false, "SINK_TEST": "none", "USER_CALLABLE_ALWAYS": [], "USER_CALLABLE_DENY": []}
[mvscan-stage] icfg-built blocks=2668 vars=93
[mvscan-stage] root-seeding-done eligible_exposures=144 seeded=96 multi_exposure_entry_blocks=28 collapsed_contextual_aliases=48 excluded_dependency=0 excluded_interface=101 excluded_library=0 excluded_abstract=14 missing_entry_point=0 missing_entry_block=0
[mvscan-pairs] call_target_digest=d6fc70e3a58530315f0e2b0467e25a50dff51c010f9c297f8e8e31901b1fe962 candidate_count=243 candidate_digest=e4eebde0ad0ce94271b35ddab0aac507f24c2c2175446b8172ae95c8613e5849 context_instance_count=11812 eligible_readers=359 eligible_writers=272 execution_context_digest=cfc62395de02212b196be7a57c3dda7397032d5661ed439cd543e9dc77b48b40 insensitive_readers_filtered=203 invalid_partial_write_filtered=0 must_full_relation_filtered=1156 omitted_member_evidence_filtered=0 omitted_member_not_sensitive_filtered=3564 owner_context_pairs=44822 owner_context_pairs_considered=192216 raw_block_pairs=5034 reader_witness_count=44822 relation_base_members_shadowed=0 relation_context_incompatible=46594 relation_digest=62b39153234c3dd8a27c5a422c688b32e18a84771c6d007ccd94b6efbf0fad95 relation_members_raw=130 relation_origins_registered=29 relation_origins_rejected_unary_after_shadowing=68 relation_origins_rejected_unreachable=17 relation_origins_seen=97 root_context_sink_filtered=0 same_outer_root_filtered=0 same_static_block_filtered=111 scalar_variables_skipped=57 storage_context_mismatch=96080 variables_considered=86
INFO:Detectors:

[MV-SI candidate 0063d1828246f96885d0] {allMarkets, markets}
 writer root       -> contracts/Tokens/Prime/Prime.sol::Prime.updateAlpha(uint128,uint128)
 writer effect     -> contracts/Tokens/Prime/Prime.sol:246
 written member    -> ('SV', 'contracts/Tokens/Prime/PrimeStorage.sol', 'PrimeStorageV1.allMarkets')
 potentially stale -> ('SV', 'contracts/Tokens/Prime/PrimeStorage.sol', 'PrimeStorageV1.markets')
 reader witnesses  -> 388
 storage exposures -> 2
[MV-SI candidate 0068d3f42d371708f51f] {_initialized, _initializing}
 writer root       -> contracts/Liquidator/Liquidator.sol::Liquidator.initialize(uint256)
 writer effect     -> @openzeppelin/contracts-upgradeable/proxy/utils/Initializable.sol:92
 written member    -> ('SV', '@openzeppelin/contracts-upgradeable/proxy/utils/Initializable.sol', 'Initializable._initializing')
 potentially stale -> ('SV', '@openzeppelin/contracts-upgradeable/proxy/utils/Initializable.sol', 'Initializable._initialized')
 reader witnesses  -> 1
 storage exposures -> 1
[MV-SI candidate 011bd855139a552d281c] {interests, markets}
 writer root       -> contracts/Tokens/Prime/Prime.sol::Prime.burn(address)
 writer effect     -> contracts/Tokens/Prime/Prime.sol:737
 written member    -> ('SV', 'contracts/Tokens/Prime/PrimeStorage.sol', 'PrimeStorageV1.interests')
 potentially stale -> ('SV', 'contracts/Tokens/Prime/PrimeStorage.sol', 'PrimeStorageV1.markets')
 reader witnesses  -> 1164
 storage exposures -> 2
[MV-SI candidate 01933b054d74ca6cbe29] {totalIrrevocable, totalRevocable}
 writer root       -> contracts/Tokens/Prime/Prime.sol::Prime.claim()
 writer effect     -> contracts/Tokens/Prime/Prime.sol:711
 written member    -> ('SV', 'contracts/Tokens/Prime/PrimeStorage.sol', 'PrimeStorageV1.totalIrrevocable')
 potentially stale -> ('SV', 'contracts/Tokens/Prime/PrimeStorage.sol', 'PrimeStorageV1.totalRevocable')
 reader witnesses  -> 22
 storage exposures -> 2
[MV-SI candidate 02f8e1a4f6bcc87d8c49] {interests, markets}
 writer root       -> contracts/Tokens/Prime/Prime.sol::Prime.burn(address)
 writer effect     -> contracts/Tokens/Prime/Prime.sol:588
 written member    -> ('SV', 'contracts/Tokens/Prime/PrimeStorage.sol', 'PrimeStorageV1.markets')
 potentially stale -> ('SV', 'contracts/Tokens/Prime/PrimeStorage.sol', 'PrimeStorageV1.interests')
 reader witnesses  -> 312
 storage exposures -> 2
[MV-SI candidate 03f3c0e858295fb8a319] {allowedLiquidatorsByAccount, liquidationRestricted}
 writer root       -> contracts/Liquidator/Liquidator.sol::Liquidator.addToAllowlist(address,address)
 writer effect     -> contracts/Liquidator/Liquidator.sol:174
 written member    -> ('SV', 'contracts/Liquidator/Liquidator.sol', 'Liquidator.allowedLiquidatorsByAccount')
 potentially stale -> ('SV', 'contracts/Liquidator/Liquidator.sol', 'Liquidator.liquidationRestricted')
 reader witnesses  -> 6
 storage exposures -> 2
[MV-SI candidate 0451887b1120817b77b6] {allMarkets, markets}
 writer root       -> contracts/Tokens/Prime/Prime.sol::Prime.claim()
 writer effect     -> contracts/Tokens/Prime/Prime.sol:633
 written member    -> ('SV', 'contracts/Tokens/Prime/PrimeStorage.sol', 'PrimeStorageV1.markets')
 potentially stale -> ('SV', 'contracts/Tokens/Prime/PrimeStorage.sol', 'PrimeStorageV1.allMarkets')
 reader witnesses  -> 40
 storage exposures -> 2
[MV-SI candidate 05c5f1e497c1b27160cd] {interests, markets}
 writer root       -> contracts/Tokens/Prime/Prime.sol::Prime.updateScores(address[])
 writer effect     -> contracts/Tokens/Prime/Prime.sol:786
 written member    -> ('SV', 'contracts/Tokens/Prime/PrimeStorage.sol', 'PrimeStorageV1.interests')
 potentially stale -> ('SV', 'contracts/Tokens/Prime/PrimeStorage.sol', 'PrimeStorageV1.markets')
 reader witnesses  -> 1116
 storage exposures -> 2
[MV-SI candidate 05f0ce453790a9780331] {interests, markets}
 writer root       -> contracts/Tokens/Prime/Prime.sol::Prime.claim()
 writer effect     -> contracts/Tokens/Prime/Prime.sol:633
 written member    -> ('SV', 'contracts/Tokens/Prime/PrimeStorage.sol', 'PrimeStorageV1.markets')
 potentially stale -> ('SV', 'contracts/Tokens/Prime/PrimeStorage.sol', 'PrimeStorageV1.interests')
 reader witnesses  -> 312
 storage exposures -> 2
[MV-SI candidate 07d06daba9182adae2ca] {unreleasedPLPIncome, unreleasedPSRIncome}
 writer root       -> contracts/Tokens/Prime/Prime.sol::Prime.updateMultipliers(address,uint256,uint256)
 writer effect     -> contracts/Tokens/Prime/Prime.sol:580
 written member    -> ('SV', 'contracts/Tokens/Prime/PrimeStorage.sol', 'PrimeStorageV1.unreleasedPSRIncome')
 potentially stale -> ('SV', 'contracts/Tokens/Prime/PrimeStorage.sol', 'PrimeStorageV1.unreleasedPLPIncome')
 reader witnesses  -> 26
 storage exposures -> 2
[MV-SI candidate 098fdd7be11d44c4f310] {markets, tokens}
 writer root       -> contracts/Tokens/Prime/Prime.sol::Prime.issue(bool,address[])
 writer effect     -> contracts/Tokens/Prime/Prime.sol:708
 written member    -> ('SV', 'contracts/Tokens/Prime/PrimeStorage.sol', 'PrimeStorageV1.tokens')
 potentially stale -> ('SV', 'contracts/Tokens/Prime/PrimeStorage.sol', 'PrimeStorageV1.markets')
 reader witnesses  -> 388
 storage exposures -> 2
[MV-SI candidate 0a6621d398d56242d87b] {allMarkets, markets}
 writer root       -> contracts/Tokens/Prime/Prime.sol::Prime.issue(bool,address[])
 writer effect     -> contracts/Tokens/Prime/Prime.sol:633
 written member    -> ('SV', 'contracts/Tokens/Prime/PrimeStorage.sol', 'PrimeStorageV1.markets')
 potentially stale -> ('SV', 'contracts/Tokens/Prime/PrimeStorage.sol', 'PrimeStorageV1.allMarkets')
 reader witnesses  -> 40
 storage exposures -> 2
[MV-SI candidate 0a78db80f7b4b12c1613] {totalIrrevocable, totalRevocable}
 writer root       -> contracts/Tokens/Prime/Prime.sol::Prime.issue(bool,address[])
 writer effect     -> contracts/Tokens/Prime/Prime.sol:767
 written member    -> ('SV', 'contracts/Tokens/Prime/PrimeStorage.sol', 'PrimeStorageV1.totalRevocable')
 potentially stale -> ('SV', 'contracts/Tokens/Prime/PrimeStorage.sol', 'PrimeStorageV1.totalIrrevocable')
 reader witnesses  -> 24
 storage exposures -> 2
[MV-SI candidate 0b9e3501084810835b9b] {allMarkets, markets}
 writer root       -> contracts/Tokens/Prime/Prime.sol::Prime.xvsUpdated(address)
 writer effect     -> contracts/Tokens/Prime/Prime.sol:733
 written member    -> ('SV', 'contracts/Tokens/Prime/PrimeStorage.sol', 'PrimeStorageV1.markets')
 potentially stale -> ('SV', 'contracts/Tokens/Prime/PrimeStorage.sol', 'PrimeStorageV1.allMarkets')
 reader witnesses  -> 40
 storage exposures -> 2
[MV-SI candidate 0c1ae109de5b58144d40] {markets, tokens}
 writer root       -> contracts/Tokens/Prime/Prime.sol::Prime.getPendingInterests(address)
 writer effect     -> contracts/Tokens/Prime/Prime.sol:588
 written member    -> ('SV', 'contracts/Tokens/Prime/PrimeStorage.sol', 'PrimeStorageV1.markets')
 potentially stale -> ('SV', 'contracts/Tokens/Prime/PrimeStorage.sol', 'PrimeStorageV1.tokens')
 reader witnesses  -> 116
 storage exposures -> 2
[MV-SI candidate 11f4ab3fd1e880f432f1] {totalIrrevocable, totalRevocable}
 writer root       -> contracts/Tokens/Prime/Prime.sol::Prime.burn(address)
 writer effect     -> contracts/Tokens/Prime/Prime.sol:745
 written member    -> ('SV', 'contracts/Tokens/Prime/PrimeStorage.sol', 'PrimeStorageV1.totalIrrevocable')
 potentially stale -> ('SV', 'contracts/Tokens/Prime/PrimeStorage.sol', 'PrimeStorageV1.totalRevocable')
 reader witnesses  -> 22
 storage exposures -> 2
[MV-SI candidate 13627516147fea8189e6] {markets, tokens}
 writer root       -> contracts/Tokens/Prime/Prime.sol::Prime.updateMultipliers(address,uint256,uint256)
 writer effect     -> contracts/Tokens/Prime/Prime.sol:276
 written member    -> ('SV', 'contracts/Tokens/Prime/PrimeStorage.sol', 'PrimeStorageV1.markets')
 potentially stale -> ('SV', 'contracts/Tokens/Prime/PrimeStorage.sol', 'PrimeStorageV1.tokens')
 reader witnesses  -> 116
 storage exposures -> 2
[MV-SI candidate 149fd08f7a28f73ccdba] {markets, tokens}
 writer root       -> contracts/Tokens/Prime/Prime.sol::Prime.claim()
 writer effect     -> contracts/Tokens/Prime/Prime.sol:707
 written member    -> ('SV', 'contracts/Tokens/Prime/PrimeStorage.sol', 'PrimeStorageV1.tokens')
 potentially stale -> ('SV', 'contracts/Tokens/Prime/PrimeStorage.sol', 'PrimeStorageV1.markets')
 reader witnesses  -> 388
 storage exposures -> 2
[MV-SI candidate 1577ad69612b2d63ec6d] {allMarkets, markets}
 writer root       -> contracts/Tokens/Prime/Prime.sol::Prime.claimInterest(address)
 writer effect     -> contracts/Tokens/Prime/Prime.sol:588
 written member    -> ('SV', 'contracts/Tokens/Prime/PrimeStorage.sol', 'PrimeStorageV1.markets')
 potentially stale -> ('SV', 'contracts/Tokens/Prime/PrimeStorage.sol', 'PrimeStorageV1.allMarkets')
 reader witnesses  -> 40
 storage exposures -> 2
[MV-SI candidate 157ede8c2b160f996375] {totalIrrevocable, totalRevocable}
 writer root       -> contracts/Tokens/Prime/Prime.sol::Prime.claim()
 writer effect     -> contracts/Tokens/Prime/Prime.sol:713
 written member    -> ('SV', 'contracts/Tokens/Prime/PrimeStorage.sol', 'PrimeStorageV1.totalRevocable')
 potentially stale -> ('SV', 'contracts/Tokens/Prime/PrimeStorage.sol', 'PrimeStorageV1.totalIrrevocable')
 reader witnesses  -> 24
 storage exposures -> 2
[MV-SI candidate 15841a88c57c0190050e] {irrevocableLimit, revocableLimit, totalIrrevocable, totalRevocable}
 writer root       -> contracts/Tokens/Prime/Prime.sol::Prime.issue(bool,address[])
 writer effect     -> contracts/Tokens/Prime/Prime.sol:767
 written member    -> ('SV', 'contracts/Tokens/Prime/PrimeStorage.sol', 'PrimeStorageV1.totalRevocable')
 potentially stale -> ('SV', 'contracts/Tokens/Prime/PrimeStorage.sol', 'PrimeStorageV1.irrevocableLimit'), ('SV', 'contracts/Tokens/Prime/PrimeStorage.sol', 'PrimeStorageV1.revocableLimit'), ('SV', 'contracts/Tokens/Prime/PrimeStorage.sol', 'PrimeStorageV1.totalIrrevocable')
 reader witnesses  -> 24
 storage exposures -> 2
[MV-SI candidate 15a65edc3b687b384e37] {unreleasedPLPIncome, unreleasedPSRIncome}
 writer root       -> contracts/Tokens/Prime/Prime.sol::Prime.updateAssetsState(address,address)
 writer effect     -> contracts/Tokens/Prime/Prime.sol:460
 written member    -> ('SV', 'contracts/Tokens/Prime/PrimeStorage.sol', 'PrimeStorageV1.unreleasedPSRIncome')
 potentially stale -> ('SV', 'contracts/Tokens/Prime/PrimeStorage.sol', 'PrimeStorageV1.unreleasedPLPIncome')
 reader witnesses  -> 26
 storage exposures -> 2
[MV-SI candidate 160f6b4816a234ebf9b8] {interests, markets}
 writer root       -> contracts/Tokens/Prime/Prime.sol::Prime.xvsUpdated(address)
 writer effect     -> contracts/Tokens/Prime/Prime.sol:786
 written member    -> ('SV', 'contracts/Tokens/Prime/PrimeStorage.sol', 'PrimeStorageV1.interests')
 potentially stale -> ('SV', 'contracts/Tokens/Prime/PrimeStorage.sol', 'PrimeStorageV1.markets')
 reader witnesses  -> 1116
 storage exposures -> 2
[MV-SI candidate 183e45b5e915d04efe30] {irrevocableLimit, totalIrrevocable}
 writer root       -> contracts/Tokens/Prime/Prime.sol::Prime.issue(bool,address[])
 writer effect     -> contracts/Tokens/Prime/Prime.sol:711
 written member    -> ('SV', 'contracts/Tokens/Prime/PrimeStorage.sol', 'PrimeStorageV1.totalIrrevocable')
 potentially stale -> ('SV', 'contracts/Tokens/Prime/PrimeStorage.sol', 'PrimeStorageV1.irrevocableLimit')
 reader witnesses  -> 6
 storage exposures -> 2
[MV-SI candidate 188bff3dabe2f1c91f01] {isScoreUpdated, nextScoreUpdateRoundId, pendingScoreUpdates}
 writer root       -> contracts/Tokens/Prime/Prime.sol::Prime.addMarket(address,uint256,uint256)
 writer effect     -> contracts/Tokens/Prime/Prime.sol:819
 written member    -> ('SV', 'contracts/Tokens/Prime/PrimeStorage.sol', 'PrimeStorageV1.nextScoreUpdateRoundId')
 potentially stale -> ('SV', 'contracts/Tokens/Prime/PrimeStorage.sol', 'PrimeStorageV1.isScoreUpdated'), ('SV', 'contracts/Tokens/Prime/PrimeStorage.sol', 'PrimeStorageV1.pendingScoreUpdates')
 reader witnesses  -> 14
 storage exposures -> 2
[MV-SI candidate 18a63a58c183236beb6e] {interests, markets}
 writer root       -> contracts/Tokens/Prime/Prime.sol::Prime.updateMultipliers(address,uint256,uint256)
 writer effect     -> contracts/Tokens/Prime/Prime.sol:276
 written member    -> ('SV', 'contracts/Tokens/Prime/PrimeStorage.sol', 'PrimeStorageV1.markets')
 potentially stale -> ('SV', 'contracts/Tokens/Prime/PrimeStorage.sol', 'PrimeStorageV1.interests')
 reader witnesses  -> 312
 storage exposures -> 2
[MV-SI candidate 1c676e9aeab1884257f1] {markets, tokens}
 writer root       -> contracts/Tokens/Prime/Prime.sol::Prime.addMarket(address,uint256,uint256)
 writer effect     -> contracts/Tokens/Prime/Prime.sol:299
 written member    -> ('SV', 'contracts/Tokens/Prime/PrimeStorage.sol', 'PrimeStorageV1.markets')
 potentially stale -> ('SV', 'contracts/Tokens/Prime/PrimeStorage.sol', 'PrimeStorageV1.tokens')
 reader witnesses  -> 116
 storage exposures -> 2
[MV-SI candidate 1e2ff59d6eb472d01097] {interests, markets}
 writer root       -> contracts/Tokens/Prime/Prime.sol::Prime.burn(address)
 writer effect     -> contracts/Tokens/Prime/Prime.sol:785
 written member    -> ('SV', 'contracts/Tokens/Prime/PrimeStorage.sol', 'PrimeStorageV1.interests')
 potentially stale -> ('SV', 'contracts/Tokens/Prime/PrimeStorage.sol', 'PrimeStorageV1.markets')
 reader witnesses  -> 1116
 storage exposures -> 2
[MV-SI candidate 2104abca7594cb0f45d6] {unreleasedPLPIncome, unreleasedPSRIncome}
 writer root       -> contracts/Tokens/Prime/Prime.sol::Prime.updateScores(address[])
 writer effect     -> contracts/Tokens/Prime/Prime.sol:581
 written member    -> ('SV', 'contracts/Tokens/Prime/PrimeStorage.sol', 'PrimeStorageV1.unreleasedPLPIncome')
 potentially stale -> ('SV', 'contracts/Tokens/Prime/PrimeStorage.sol', 'PrimeStorageV1.unreleasedPSRIncome')
 reader witnesses  -> 26
 storage exposures -> 2
[MV-SI candidate 2170e3cd53abb86de24e] {markets, tokens}
 writer root       -> contracts/Tokens/Prime/Prime.sol::Prime.claim()
 writer effect     -> contracts/Tokens/Prime/Prime.sol:588
 written member    -> ('SV', 'contracts/Tokens/Prime/PrimeStorage.sol', 'PrimeStorageV1.markets')
 potentially stale -> ('SV', 'contracts/Tokens/Prime/PrimeStorage.sol', 'PrimeStorageV1.tokens')
 reader witnesses  -> 116
 storage exposures -> 2
[MV-SI candidate 221307aa1b306812d14e] {interests, markets}
 writer root       -> contracts/Tokens/Prime/Prime.sol::Prime.addMarket(address,uint256,uint256)
 writer effect     -> contracts/Tokens/Prime/Prime.sol:297
 written member    -> ('SV', 'contracts/Tokens/Prime/PrimeStorage.sol', 'PrimeStorageV1.markets')
 potentially stale -> ('SV', 'contracts/Tokens/Prime/PrimeStorage.sol', 'PrimeStorageV1.interests')
 reader witnesses  -> 312
 storage exposures -> 2
[MV-SI candidate 23902fca701723a1b122] {_initialized, _initializing}
 writer root       -> contracts/test/LiquidatorHarness.sol::LiquidatorHarness.initialize(uint256)
 writer effect     -> @openzeppelin/contracts-upgradeable/proxy/utils/Initializable.sol:92
 written member    -> ('SV', '@openzeppelin/contracts-upgradeable/proxy/utils/Initializable.sol', 'Initializable._initializing')
 potentially stale -> ('SV', '@openzeppelin/contracts-upgradeable/proxy/utils/Initializable.sol', 'Initializable._initialized')
 reader witnesses  -> 1
 storage exposures -> 1
[MV-SI candidate 25f6a3efaec6c20b3013] {unreleasedPLPIncome, unreleasedPSRIncome}
 writer root       -> contracts/Tokens/Prime/Prime.sol::Prime.claimInterest(address)
 writer effect     -> contracts/Tokens/Prime/Prime.sol:688
 written member    -> ('SV', 'contracts/Tokens/Prime/PrimeStorage.sol', 'PrimeStorageV1.unreleasedPLPIncome')
 potentially stale -> ('SV', 'contracts/Tokens/Prime/PrimeStorage.sol', 'PrimeStorageV1.unreleasedPSRIncome')
 reader witnesses  -> 26
 storage exposures -> 2
[MV-SI candidate 26eab2038f21bd2a3082] {markets, tokens}
 writer root       -> contracts/Tokens/Prime/Prime.sol::Prime.claimInterest(address,address)
 writer effect     -> contracts/Tokens/Prime/Prime.sol:588
 written member    -> ('SV', 'contracts/Tokens/Prime/PrimeStorage.sol', 'PrimeStorageV1.markets')
 potentially stale -> ('SV', 'contracts/Tokens/Prime/PrimeStorage.sol', 'PrimeStorageV1.tokens')
 reader witnesses  -> 116
 storage exposures -> 2
[MV-SI candidate 28539ed899ce39766009] {_initialized, _initializing}
 writer root       -> contracts/test/LiquidatorHarness.sol::LiquidatorHarness.initialize(uint256)
 writer effect     -> @openzeppelin/contracts-upgradeable/proxy/utils/Initializable.sol:96
 written member    -> ('SV', '@openzeppelin/contracts-upgradeable/proxy/utils/Initializable.sol', 'Initializable._initializing')
 potentially stale -> ('SV', '@openzeppelin/contracts-upgradeable/proxy/utils/Initializable.sol', 'Initializable._initialized')
 reader witnesses  -> 1
 storage exposures -> 1
[MV-SI candidate 28d4359bb52435ea881a] {interests, markets}
 writer root       -> contracts/Tokens/Prime/Prime.sol::Prime.accrueInterest(address)
 writer effect     -> contracts/Tokens/Prime/Prime.sol:588
 written member    -> ('SV', 'contracts/Tokens/Prime/PrimeStorage.sol', 'PrimeStorageV1.markets')
 potentially stale -> ('SV', 'contracts/Tokens/Prime/PrimeStorage.sol', 'PrimeStorageV1.interests')
 reader witnesses  -> 312
 storage exposures -> 2
[MV-SI candidate 2a9846da81f2f09ac95b] {lastAccruedBlock, tokenAmountAccrued, tokenDistributionSpeeds}
 writer root       -> contracts/Tokens/Prime/PrimeLiquidityProvider.sol::PrimeLiquidityProvider.initializeTokens(address[])
 writer effect     -> contracts/Tokens/Prime/PrimeLiquidityProvider.sol:298
 written member    -> ('SV', 'contracts/Tokens/Prime/PrimeLiquidityProvider.sol', 'PrimeLiquidityProvider.lastAccruedBlock')
 potentially stale -> ('SV', 'contracts/Tokens/Prime/PrimeLiquidityProvider.sol', 'PrimeLiquidityProvider.tokenAmountAccrued'), ('SV', 'contracts/Tokens/Prime/PrimeLiquidityProvider.sol', 'PrimeLiquidityProvider.tokenDistributionSpeeds')
 reader witnesses  -> 14
 storage exposures -> 1
[MV-SI candidate 2bbf1cbca9a2703b7893] {unreleasedPLPIncome, unreleasedPSRIncome}
 writer root       -> contracts/Tokens/Prime/Prime.sol::Prime.accrueInterestAndUpdateScore(address,address)
 writer effect     -> contracts/Tokens/Prime/Prime.sol:581
 written member    -> ('SV', 'contracts/Tokens/Prime/PrimeStorage.sol', 'PrimeStorageV1.unreleasedPLPIncome')
 potentially stale -> ('SV', 'contracts/Tokens/Prime/PrimeStorage.sol', 'PrimeStorageV1.unreleasedPSRIncome')
 reader witnesses  -> 26
 storage exposures -> 2
[MV-SI candidate 2c9bb5e9c627a1a94531] {totalIrrevocable, totalRevocable}
 writer root       -> contracts/Tokens/Prime/Prime.sol::Prime.burn(address)
 writer effect     -> contracts/Tokens/Prime/Prime.sol:747
 written member    -> ('SV', 'contracts/Tokens/Prime/PrimeStorage.sol', 'PrimeStorageV1.totalRevocable')
 potentially stale -> ('SV', 'contracts/Tokens/Prime/PrimeStorage.sol', 'PrimeStorageV1.totalIrrevocable')
 reader witnesses  -> 24
 storage exposures -> 2
[MV-SI candidate 2da4daffd01a199ca39c] {interests, markets}
 writer root       -> contracts/Tokens/Prime/Prime.sol::Prime.updateScores(address[])
 writer effect     -> contracts/Tokens/Prime/Prime.sol:785
 written member    -> ('SV', 'contracts/Tokens/Prime/PrimeStorage.sol', 'PrimeStorageV1.interests')
 potentially stale -> ('SV', 'contracts/Tokens/Prime/PrimeStorage.sol', 'PrimeStorageV1.markets')
 reader witnesses  -> 1116
 storage exposures -> 2
[MV-SI candidate 2e8a3e7a72a0b32c8921] {irrevocableLimit, totalIrrevocable}
 writer root       -> contracts/Tokens/Prime/Prime.sol::Prime.burn(address)
 writer effect     -> contracts/Tokens/Prime/Prime.sol:745
 written member    -> ('SV', 'contracts/Tokens/Prime/PrimeStorage.sol', 'PrimeStorageV1.totalIrrevocable')
 potentially stale -> ('SV', 'contracts/Tokens/Prime/PrimeStorage.sol', 'PrimeStorageV1.irrevocableLimit')
 reader witnesses  -> 6
 storage exposures -> 2
[MV-SI candidate 2ed11a7cc37516978274] {irrevocableLimit, totalIrrevocable}
 writer root       -> contracts/Tokens/Prime/Prime.sol::Prime.claim()
 writer effect     -> contracts/Tokens/Prime/Prime.sol:711
 written member    -> ('SV', 'contracts/Tokens/Prime/PrimeStorage.sol', 'PrimeStorageV1.totalIrrevocable')
 potentially stale -> ('SV', 'contracts/Tokens/Prime/PrimeStorage.sol', 'PrimeStorageV1.irrevocableLimit')
 reader witnesses  -> 6
 storage exposures -> 2
[MV-SI candidate 2ef85011039cdbb21c26] {markets, tokens}
 writer root       -> contracts/Tokens/Prime/Prime.sol::Prime.accrueInterestAndUpdateScore(address,address)
 writer effect     -> contracts/Tokens/Prime/Prime.sol:588
 written member    -> ('SV', 'contracts/Tokens/Prime/PrimeStorage.sol', 'PrimeStorageV1.markets')
 potentially stale -> ('SV', 'contracts/Tokens/Prime/PrimeStorage.sol', 'PrimeStorageV1.tokens')
 reader witnesses  -> 116
 storage exposures -> 2
[MV-SI candidate 2f2dbf12487fb4e92df7] {allMarkets, markets}
 writer root       -> contracts/Tokens/Prime/Prime.sol::Prime.claim()
 writer effect     -> contracts/Tokens/Prime/Prime.sol:588
 written member    -> ('SV', 'contracts/Tokens/Prime/PrimeStorage.sol', 'PrimeStorageV1.markets')
 potentially stale -> ('SV', 'contracts/Tokens/Prime/PrimeStorage.sol', 'PrimeStorageV1.allMarkets')
 reader witnesses  -> 40
 storage exposures -> 2
[MV-SI candidate 2f9c8733086d4587edc8] {interests, markets}
 writer root       -> contracts/Tokens/Prime/Prime.sol::Prime.claimInterest(address)
 writer effect     -> contracts/Tokens/Prime/Prime.sol:676
 written member    -> ('SV', 'contracts/Tokens/Prime/PrimeStorage.sol', 'PrimeStorageV1.interests')
 potentially stale -> ('SV', 'contracts/Tokens/Prime/PrimeStorage.sol', 'PrimeStorageV1.markets')
 reader witnesses  -> 1140
 storage exposures -> 2
[MV-SI candidate 307694958ccf00b6603a] {interests, markets}
 writer root       -> contracts/Tokens/Prime/Prime.sol::Prime.xvsUpdated(address)
 writer effect     -> contracts/Tokens/Prime/Prime.sol:785
 written member    -> ('SV', 'contracts/Tokens/Prime/PrimeStorage.sol', 'PrimeStorageV1.interests')
 potentially stale -> ('SV', 'contracts/Tokens/Prime/PrimeStorage.sol', 'PrimeStorageV1.markets')
 reader witnesses  -> 1116
 storage exposures -> 2
[MV-SI candidate 30fd227920d24c31a840] {interests, markets}
 writer root       -> contracts/Tokens/Prime/Prime.sol::Prime.addMarket(address,uint256,uint256)
 writer effect     -> contracts/Tokens/Prime/Prime.sol:299
 written member    -> ('SV', 'contracts/Tokens/Prime/PrimeStorage.sol', 'PrimeStorageV1.markets')
 potentially stale -> ('SV', 'contracts/Tokens/Prime/PrimeStorage.sol', 'PrimeStorageV1.interests')
 reader witnesses  -> 312
 storage exposures -> 2
[MV-SI candidate 328caddbce8e6c2cc819] {interests, markets}
 writer root       -> contracts/Tokens/Prime/Prime.sol::Prime.accrueInterestAndUpdateScore(address,address)
 writer effect     -> contracts/Tokens/Prime/Prime.sol:588
 written member    -> ('SV', 'contracts/Tokens/Prime/PrimeStorage.sol', 'PrimeStorageV1.markets')
 potentially stale -> ('SV', 'contracts/Tokens/Prime/PrimeStorage.sol', 'PrimeStorageV1.interests')
 reader witnesses  -> 312
 storage exposures -> 2
[MV-SI candidate 344d627404949bac62fb] {tokenAmountAccrued, tokenDistributionSpeeds}
 writer root       -> contracts/Tokens/Prime/PrimeLiquidityProvider.sol::PrimeLiquidityProvider.initialize(address,address[],uint256[])
 writer effect     -> contracts/Tokens/Prime/PrimeLiquidityProvider.sol:322
 written member    -> ('SV', 'contracts/Tokens/Prime/PrimeLiquidityProvider.sol', 'PrimeLiquidityProvider.tokenDistributionSpeeds')
 potentially stale -> ('SV', 'contracts/Tokens/Prime/PrimeLiquidityProvider.sol', 'PrimeLiquidityProvider.tokenAmountAccrued')
 reader witnesses  -> 8
 storage exposures -> 1
[MV-SI candidate 371922447dda41ef51c4] {stakedAt, tokens}
 writer root       -> contracts/Tokens/Prime/Prime.sol::Prime.issue(bool,address[])
 writer effect     -> contracts/Tokens/Prime/Prime.sol:352
 written member    -> ('SV', 'contracts/Tokens/Prime/PrimeStorage.sol', 'PrimeStorageV1.stakedAt')
 potentially stale -> ('SV', 'contracts/Tokens/Prime/PrimeStorage.sol', 'PrimeStorageV1.tokens')
 reader witnesses  -> 116
 storage exposures -> 2
[MV-SI candidate 38e13024991ec803424b] {_initialized, _initializing}
 writer root       -> contracts/Liquidator/Liquidator.sol::Liquidator.initialize(uint256)
 writer effect     -> @openzeppelin/contracts-upgradeable/proxy/utils/Initializable.sol:96
 written member    -> ('SV', '@openzeppelin/contracts-upgradeable/proxy/utils/Initializable.sol', 'Initializable._initializing')
 potentially stale -> ('SV', '@openzeppelin/contracts-upgradeable/proxy/utils/Initializable.sol', 'Initializable._initialized')
 reader witnesses  -> 1
 storage exposures -> 1
[MV-SI candidate 3af6f680e1c0a65d3d9f] {allMarkets, markets}
 writer root       -> contracts/Tokens/Prime/Prime.sol::Prime.updateScores(address[])
 writer effect     -> contracts/Tokens/Prime/Prime.sol:588
 written member    -> ('SV', 'contracts/Tokens/Prime/PrimeStorage.sol', 'PrimeStorageV1.markets')
 potentially stale -> ('SV', 'contracts/Tokens/Prime/PrimeStorage.sol', 'PrimeStorageV1.allMarkets')
 reader witnesses  -> 40
 storage exposures -> 2
[MV-SI candidate 3c15e41663a3f50a5503] {allMarkets, markets}
 writer root       -> contracts/Tokens/Prime/Prime.sol::Prime.accrueInterest(address)
 writer effect     -> contracts/Tokens/Prime/Prime.sol:588
 written member    -> ('SV', 'contracts/Tokens/Prime/PrimeStorage.sol', 'PrimeStorageV1.markets')
 potentially stale -> ('SV', 'contracts/Tokens/Prime/PrimeStorage.sol', 'PrimeStorageV1.allMarkets')
 reader witnesses  -> 40
 storage exposures -> 2
[MV-SI candidate 3c651c58c8fc8e39c029] {isScoreUpdated, nextScoreUpdateRoundId, pendingScoreUpdates}
 writer root       -> contracts/Tokens/Prime/Prime.sol::Prime.initialize(address,address,uint256,uint128,uint128,address,address,address,address,address,uint256)
 writer effect     -> contracts/Tokens/Prime/Prime.sol:156
 written member    -> ('SV', 'contracts/Tokens/Prime/PrimeStorage.sol', 'PrimeStorageV1.nextScoreUpdateRoundId')
 potentially stale -> ('SV', 'contracts/Tokens/Prime/PrimeStorage.sol', 'PrimeStorageV1.isScoreUpdated'), ('SV', 'contracts/Tokens/Prime/PrimeStorage.sol', 'PrimeStorageV1.pendingScoreUpdates')
 reader witnesses  -> 14
 storage exposures -> 2
[MV-SI candidate 3cae1a13616e070b7e8e] {unreleasedPLPIncome, unreleasedPSRIncome}
 writer root       -> contracts/Tokens/Prime/Prime.sol::Prime.getInterestAccrued(address,address)
 writer effect     -> contracts/Tokens/Prime/Prime.sol:580
 written member    -> ('SV', 'contracts/Tokens/Prime/PrimeStorage.sol', 'PrimeStorageV1.unreleasedPSRIncome')
 potentially stale -> ('SV', 'contracts/Tokens/Prime/PrimeStorage.sol', 'PrimeStorageV1.unreleasedPLPIncome')
 reader witnesses  -> 26
 storage exposures -> 2
[MV-SI candidate 3d5ea1b03868ab5110d8] {allMarkets, markets}
 writer root       -> contracts/Tokens/Prime/Prime.sol::Prime.accrueInterestAndUpdateScore(address,address)
 writer effect     -> contracts/Tokens/Prime/Prime.sol:800
 written member    -> ('SV', 'contracts/Tokens/Prime/PrimeStorage.sol', 'PrimeStorageV1.markets')
 potentially stale -> ('SV', 'contracts/Tokens/Prime/PrimeStorage.sol', 'PrimeStorageV1.allMarkets')
 reader witnesses  -> 40
 storage exposures -> 2
[MV-SI candidate 3e735bd844e8458976f1] {lastAccruedBlock, tokenAmountAccrued, tokenDistributionSpeeds}
 writer root       -> contracts/Tokens/Prime/PrimeLiquidityProvider.sol::PrimeLiquidityProvider.initialize(address,address[],uint256[])
 writer effect     -> contracts/Tokens/Prime/PrimeLiquidityProvider.sol:322
 written member    -> ('SV', 'contracts/Tokens/Prime/PrimeLiquidityProvider.sol', 'PrimeLiquidityProvider.tokenDistributionSpeeds')
 potentially stale -> ('SV', 'contracts/Tokens/Prime/PrimeLiquidityProvider.sol', 'PrimeLiquidityProvider.lastAccruedBlock'), ('SV', 'contracts/Tokens/Prime/PrimeLiquidityProvider.sol', 'PrimeLiquidityProvider.tokenAmountAccrued')
 reader witnesses  -> 18
 storage exposures -> 1
[MV-SI candidate 3edf999bff582702e85c] {allMarkets, markets}
 writer root       -> contracts/Tokens/Prime/Prime.sol::Prime.updateScores(address[])
 writer effect     -> contracts/Tokens/Prime/Prime.sol:800
 written member    -> ('SV', 'contracts/Tokens/Prime/PrimeStorage.sol', 'PrimeStorageV1.markets')
 potentially stale -> ('SV', 'contracts/Tokens/Prime/PrimeStorage.sol', 'PrimeStorageV1.allMarkets')
 reader witnesses  -> 40
 storage exposures -> 2
[MV-SI candidate 3fdd9063f2b6310c0bd7] {unreleasedPLPIncome, unreleasedPSRIncome}
 writer root       -> contracts/Tokens/Prime/Prime.sol::Prime.burn(address)
 writer effect     -> contracts/Tokens/Prime/Prime.sol:580
 written member    -> ('SV', 'contracts/Tokens/Prime/PrimeStorage.sol', 'PrimeStorageV1.unreleasedPSRIncome')
 potentially stale -> ('SV', 'contracts/Tokens/Prime/PrimeStorage.sol', 'PrimeStorageV1.unreleasedPLPIncome')
 reader witnesses  -> 26
 storage exposures -> 2
[MV-SI candidate 4092e913e98adf0945e6] {irrevocableLimit, revocableLimit, totalIrrevocable, totalRevocable}
 writer root       -> contracts/Tokens/Prime/Prime.sol::Prime.burn(address)
 writer effect     -> contracts/Tokens/Prime/Prime.sol:745
 written member    -> ('SV', 'contracts/Tokens/Prime/PrimeStorage.sol', 'PrimeStorageV1.totalIrrevocable')
 potentially stale -> ('SV', 'contracts/Tokens/Prime/PrimeStorage.sol', 'PrimeStorageV1.irrevocableLimit'), ('SV', 'contracts/Tokens/Prime/PrimeStorage.sol', 'PrimeStorageV1.revocableLimit'), ('SV', 'contracts/Tokens/Prime/PrimeStorage.sol', 'PrimeStorageV1.totalRevocable')
 reader witnesses  -> 24
 storage exposures -> 2
[MV-SI candidate 409e6abe51ab1aff80bd] {_initialized, _initializing}
 writer root       -> contracts/PegStability/PegStability.sol::PegStability.initialize(address,address,address,uint256,uint256,uint256)
 writer effect     -> @openzeppelin/contracts-upgradeable/proxy/utils/Initializable.sol:92
 written member    -> ('SV', '@openzeppelin/contracts-upgradeable/proxy/utils/Initializable.sol', 'Initializable._initializing')
 potentially stale -> ('SV', '@openzeppelin/contracts-upgradeable/proxy/utils/Initializable.sol', 'Initializable._initialized')
 reader witnesses  -> 1
 storage exposures -> 1
[MV-SI candidate 4112d7f94dcde9c3376f] {interests, markets}
 writer root       -> contracts/Tokens/Prime/Prime.sol::Prime.issue(bool,address[])
 writer effect     -> contracts/Tokens/Prime/Prime.sol:629
 written member    -> ('SV', 'contracts/Tokens/Prime/PrimeStorage.sol', 'PrimeStorageV1.interests')
 potentially stale -> ('SV', 'contracts/Tokens/Prime/PrimeStorage.sol', 'PrimeStorageV1.markets')
 reader witnesses  -> 1140
 storage exposures -> 2
[MV-SI candidate 41d3bee172a5a2b1fb42] {tokenAmountAccrued, tokenDistributionSpeeds}
 writer root       -> contracts/Tokens/Prime/PrimeLiquidityProvider.sol::PrimeLiquidityProvider.initialize(address,address[],uint256[])
 writer effect     -> contracts/Tokens/Prime/PrimeLiquidityProvider.sol:266
 written member    -> ('SV', 'contracts/Tokens/Prime/PrimeLiquidityProvider.sol', 'PrimeLiquidityProvider.tokenAmountAccrued')
 potentially stale -> ('SV', 'contracts/Tokens/Prime/PrimeLiquidityProvider.sol', 'PrimeLiquidityProvider.tokenDistributionSpeeds')
 reader witnesses  -> 6
 storage exposures -> 1
[MV-SI candidate 42b905a2a5f038b02be2] {allMarkets, markets}
 writer root       -> contracts/Tokens/Prime/Prime.sol::Prime.updateMultipliers(address,uint256,uint256)
 writer effect     -> contracts/Tokens/Prime/Prime.sol:588
 written member    -> ('SV', 'contracts/Tokens/Prime/PrimeStorage.sol', 'PrimeStorageV1.markets')
 potentially stale -> ('SV', 'contracts/Tokens/Prime/PrimeStorage.sol', 'PrimeStorageV1.allMarkets')
 reader witnesses  -> 40
 storage exposures -> 2
[MV-SI candidate 42f0588b6eaad9d7b871] {allMarkets, markets}
 writer root       -> contracts/Tokens/Prime/Prime.sol::Prime.issue(bool,address[])
 writer effect     -> contracts/Tokens/Prime/Prime.sol:588
 written member    -> ('SV', 'contracts/Tokens/Prime/PrimeStorage.sol', 'PrimeStorageV1.markets')
 potentially stale -> ('SV', 'contracts/Tokens/Prime/PrimeStorage.sol', 'PrimeStorageV1.allMarkets')
 reader witnesses  -> 40
 storage exposures -> 2
[MV-SI candidate 43342fac6d50d2ad4e9f] {_initialized, _initializing}
 writer root       -> contracts/DelegateBorrowers/SwapDebtDelegate.sol::SwapDebtDelegate.initialize()
 writer effect     -> @openzeppelin/contracts-upgradeable/proxy/utils/Initializable.sol:90
 written member    -> ('SV', '@openzeppelin/contracts-upgradeable/proxy/utils/Initializable.sol', 'Initializable._initialized')
 potentially stale -> ('SV', '@openzeppelin/contracts-upgradeable/proxy/utils/Initializable.sol', 'Initializable._initializing')
 reader witnesses  -> 2
 storage exposures -> 1
[MV-SI candidate 44288a30f2b35d0c8109] {_initialized, _initializing}
 writer root       -> contracts/test/MockProtocolShareReserve.sol::MockProtocolShareReserve.initialize(address,uint256)
 writer effect     -> @openzeppelin/contracts-upgradeable/proxy/utils/Initializable.sol:92
 written member    -> ('SV', '@openzeppelin/contracts-upgradeable/proxy/utils/Initializable.sol', 'Initializable._initializing')
 potentially stale -> ('SV', '@openzeppelin/contracts-upgradeable/proxy/utils/Initializable.sol', 'Initializable._initialized')
 reader witnesses  -> 1
 storage exposures -> 1
[MV-SI candidate 454b279aa2fcf41b4855] {stakedAt, tokens}
 writer root       -> contracts/Tokens/Prime/Prime.sol::Prime.xvsUpdated(address)
 writer effect     -> contracts/Tokens/Prime/Prime.sol:378
 written member    -> ('SV', 'contracts/Tokens/Prime/PrimeStorage.sol', 'PrimeStorageV1.stakedAt')
 potentially stale -> ('SV', 'contracts/Tokens/Prime/PrimeStorage.sol', 'PrimeStorageV1.tokens')
 reader witnesses  -> 116
 storage exposures -> 2
[MV-SI candidate 4647323a9b7876d25d1b] {lastAccruedBlock, tokenAmountAccrued, tokenDistributionSpeeds}
 writer root       -> contracts/Tokens/Prime/PrimeLiquidityProvider.sol::PrimeLiquidityProvider.releaseFunds(address)
 writer effect     -> contracts/Tokens/Prime/PrimeLiquidityProvider.sol:266
 written member    -> ('SV', 'contracts/Tokens/Prime/PrimeLiquidityProvider.sol', 'PrimeLiquidityProvider.tokenAmountAccrued')
 potentially stale -> ('SV', 'contracts/Tokens/Prime/PrimeLiquidityProvider.sol', 'PrimeLiquidityProvider.lastAccruedBlock'), ('SV', 'contracts/Tokens/Prime/PrimeLiquidityProvider.sol', 'PrimeLiquidityProvider.tokenDistributionSpeeds')
 reader witnesses  -> 16
 storage exposures -> 1
[MV-SI candidate 475fcec389862607f067] {markets, tokens}
 writer root       -> contracts/Tokens/Prime/Prime.sol::Prime.updateAlpha(uint128,uint128)
 writer effect     -> contracts/Tokens/Prime/Prime.sol:588
 written member    -> ('SV', 'contracts/Tokens/Prime/PrimeStorage.sol', 'PrimeStorageV1.markets')
 potentially stale -> ('SV', 'contracts/Tokens/Prime/PrimeStorage.sol', 'PrimeStorageV1.tokens')
 reader witnesses  -> 116
 storage exposures -> 2
[MV-SI candidate 480f42fce985fdbaf248] {interests, markets}
 writer root       -> contracts/Tokens/Prime/Prime.sol::Prime.updateScores(address[])
 writer effect     -> contracts/Tokens/Prime/Prime.sol:588
 written member    -> ('SV', 'contracts/Tokens/Prime/PrimeStorage.sol', 'PrimeStorageV1.markets')
 potentially stale -> ('SV', 'contracts/Tokens/Prime/PrimeStorage.sol', 'PrimeStorageV1.interests')
 reader witnesses  -> 312
 storage exposures -> 2
[MV-SI candidate 4a1fd0ca7c9ffbcbe397] {unreleasedPLPIncome, unreleasedPSRIncome}
 writer root       -> contracts/Tokens/Prime/Prime.sol::Prime.claimInterest(address)
 writer effect     -> contracts/Tokens/Prime/Prime.sol:580
 written member    -> ('SV', 'contracts/Tokens/Prime/PrimeStorage.sol', 'PrimeStorageV1.unreleasedPSRIncome')
 potentially stale -> ('SV', 'contracts/Tokens/Prime/PrimeStorage.sol', 'PrimeStorageV1.unreleasedPLPIncome')
 reader witnesses  -> 26
 storage exposures -> 2
[MV-SI candidate 4a48812ca6e931069e83] {markets, tokens}
 writer root       -> contracts/Tokens/Prime/Prime.sol::Prime.issue(bool,address[])
 writer effect     -> contracts/Tokens/Prime/Prime.sol:633
 written member    -> ('SV', 'contracts/Tokens/Prime/PrimeStorage.sol', 'PrimeStorageV1.markets')
 potentially stale -> ('SV', 'contracts/Tokens/Prime/PrimeStorage.sol', 'PrimeStorageV1.tokens')
 reader witnesses  -> 116
 storage exposures -> 2
[MV-SI candidate 4b02844e5d60a13895b6] {isScoreUpdated, nextScoreUpdateRoundId, pendingScoreUpdates}
 writer root       -> contracts/Tokens/Prime/Prime.sol::Prime.updateScores(address[])
 writer effect     -> contracts/Tokens/Prime/Prime.sol:221
 written member    -> ('SV', 'contracts/Tokens/Prime/PrimeStorage.sol', 'PrimeStorageV1.pendingScoreUpdates')
 potentially stale -> ('SV', 'contracts/Tokens/Prime/PrimeStorage.sol', 'PrimeStorageV1.isScoreUpdated'), ('SV', 'contracts/Tokens/Prime/PrimeStorage.sol', 'PrimeStorageV1.nextScoreUpdateRoundId')
 reader witnesses  -> 14
 storage exposures -> 2
[MV-SI candidate 4b09b531e67d6b6b3094] {unreleasedPLPIncome, unreleasedPSRIncome}
 writer root       -> contracts/Tokens/Prime/Prime.sol::Prime.updateMultipliers(address,uint256,uint256)
 writer effect     -> contracts/Tokens/Prime/Prime.sol:581
 written member    -> ('SV', 'contracts/Tokens/Prime/PrimeStorage.sol', 'PrimeStorageV1.unreleasedPLPIncome')
 potentially stale -> ('SV', 'contracts/Tokens/Prime/PrimeStorage.sol', 'PrimeStorageV1.unreleasedPSRIncome')
 reader witnesses  -> 26
 storage exposures -> 2
[MV-SI candidate 4b37294b4a858438c888] {interests, markets}
 writer root       -> contracts/Tokens/Prime/Prime.sol::Prime.claim()
 writer effect     -> contracts/Tokens/Prime/Prime.sol:629
 written member    -> ('SV', 'contracts/Tokens/Prime/PrimeStorage.sol', 'PrimeStorageV1.interests')
 potentially stale -> ('SV', 'contracts/Tokens/Prime/PrimeStorage.sol', 'PrimeStorageV1.markets')
 reader witnesses  -> 1140
 storage exposures -> 2
[MV-SI candidate 4ee054f960aed1c7913e] {markets, tokens}
 writer root       -> contracts/Tokens/Prime/Prime.sol::Prime.burn(address)
 writer effect     -> contracts/Tokens/Prime/Prime.sol:750
 written member    -> ('SV', 'contracts/Tokens/Prime/PrimeStorage.sol', 'PrimeStorageV1.tokens')
 potentially stale -> ('SV', 'contracts/Tokens/Prime/PrimeStorage.sol', 'PrimeStorageV1.markets')
 reader witnesses  -> 388
 storage exposures -> 2
[MV-SI candidate 520f93213c3e80cc9624] {allMarkets, markets}
 writer root       -> contracts/Tokens/Prime/Prime.sol::Prime.updateMultipliers(address,uint256,uint256)
 writer effect     -> contracts/Tokens/Prime/Prime.sol:277
 written member    -> ('SV', 'contracts/Tokens/Prime/PrimeStorage.sol', 'PrimeStorageV1.markets')
 potentially stale -> ('SV', 'contracts/Tokens/Prime/PrimeStorage.sol', 'PrimeStorageV1.allMarkets')
 reader witnesses  -> 40
 storage exposures -> 2
[MV-SI candidate 53f7a2e343ddbd4f1ca4] {stakedAt, tokens}
 writer root       -> contracts/Tokens/Prime/Prime.sol::Prime.burn(address)
 writer effect     -> contracts/Tokens/Prime/Prime.sol:750
 written member    -> ('SV', 'contracts/Tokens/Prime/PrimeStorage.sol', 'PrimeStorageV1.tokens')
 potentially stale -> ('SV', 'contracts/Tokens/Prime/PrimeStorage.sol', 'PrimeStorageV1.stakedAt')
 reader witnesses  -> 20
 storage exposures -> 2
[MV-SI candidate 55cce9b810e0efaddbd2] {_initialized, _initializing}
 writer root       -> contracts/Tokens/Prime/Prime.sol::Prime.initialize(address,address,uint256,uint128,uint128,address,address,address,address,address,uint256)
 writer effect     -> @openzeppelin/contracts-upgradeable/proxy/utils/Initializable.sol:92
 written member    -> ('SV', '@openzeppelin/contracts-upgradeable/proxy/utils/Initializable.sol', 'Initializable._initializing')
 potentially stale -> ('SV', '@openzeppelin/contracts-upgradeable/proxy/utils/Initializable.sol', 'Initializable._initialized')
 reader witnesses  -> 2
 storage exposures -> 2
[MV-SI candidate 56a0be8caf5390709693] {isScoreUpdated, nextScoreUpdateRoundId}
 writer root       -> contracts/Tokens/Prime/Prime.sol::Prime.updateScores(address[])
 writer effect     -> contracts/Tokens/Prime/Prime.sol:222
 written member    -> ('SV', 'contracts/Tokens/Prime/PrimeStorage.sol', 'PrimeStorageV1.isScoreUpdated')
 potentially stale -> ('SV', 'contracts/Tokens/Prime/PrimeStorage.sol', 'PrimeStorageV1.nextScoreUpdateRoundId')
 reader witnesses  -> 14
 storage exposures -> 2
[MV-SI candidate 5762f93a0a66305b591d] {unreleasedPLPIncome, unreleasedPSRIncome}
 writer root       -> contracts/Tokens/Prime/Prime.sol::Prime.accrueInterest(address)
 writer effect     -> contracts/Tokens/Prime/Prime.sol:581
 written member    -> ('SV', 'contracts/Tokens/Prime/PrimeStorage.sol', 'PrimeStorageV1.unreleasedPLPIncome')
 potentially stale -> ('SV', 'contracts/Tokens/Prime/PrimeStorage.sol', 'PrimeStorageV1.unreleasedPSRIncome')
 reader witnesses  -> 26
 storage exposures -> 2
[MV-SI candidate 590cdd31d43e49d582cb] {irrevocableLimit, totalIrrevocable}
 writer root       -> contracts/Tokens/Prime/Prime.sol::Prime.setLimit(uint256,uint256)
 writer effect     -> contracts/Tokens/Prime/Prime.sol:323
 written member    -> ('SV', 'contracts/Tokens/Prime/PrimeStorage.sol', 'PrimeStorageV1.irrevocableLimit')
 potentially stale -> ('SV', 'contracts/Tokens/Prime/PrimeStorage.sol', 'PrimeStorageV1.totalIrrevocable')
 reader witnesses  -> 24
 storage exposures -> 2
[MV-SI candidate 594c1baa21fb6660dd37] {lastAccruedBlock, tokenAmountAccrued, tokenDistributionSpeeds}
 writer root       -> contracts/Tokens/Prime/PrimeLiquidityProvider.sol::PrimeLiquidityProvider.initialize(address,address[],uint256[])
 writer effect     -> contracts/Tokens/Prime/PrimeLiquidityProvider.sol:298
 written member    -> ('SV', 'contracts/Tokens/Prime/PrimeLiquidityProvider.sol', 'PrimeLiquidityProvider.lastAccruedBlock')
 potentially stale -> ('SV', 'contracts/Tokens/Prime/PrimeLiquidityProvider.sol', 'PrimeLiquidityProvider.tokenAmountAccrued'), ('SV', 'contracts/Tokens/Prime/PrimeLiquidityProvider.sol', 'PrimeLiquidityProvider.tokenDistributionSpeeds')
 reader witnesses  -> 14
 storage exposures -> 1
[MV-SI candidate 595b08fafc12e058463f] {isScoreUpdated, nextScoreUpdateRoundId}
 writer root       -> contracts/Tokens/Prime/Prime.sol::Prime.addMarket(address,uint256,uint256)
 writer effect     -> contracts/Tokens/Prime/Prime.sol:819
 written member    -> ('SV', 'contracts/Tokens/Prime/PrimeStorage.sol', 'PrimeStorageV1.nextScoreUpdateRoundId')
 potentially stale -> ('SV', 'contracts/Tokens/Prime/PrimeStorage.sol', 'PrimeStorageV1.isScoreUpdated')
 reader witnesses  -> 6
 storage exposures -> 2
[MV-SI candidate 5c7f54f56ec6d1551165] {_initialized, _initializing}
 writer root       -> contracts/PegStability/PegStability.sol::PegStability.initialize(address,address,address,uint256,uint256,uint256)
 writer effect     -> @openzeppelin/contracts-upgradeable/proxy/utils/Initializable.sol:90
 written member    -> ('SV', '@openzeppelin/contracts-upgradeable/proxy/utils/Initializable.sol', 'Initializable._initialized')
 potentially stale -> ('SV', '@openzeppelin/contracts-upgradeable/proxy/utils/Initializable.sol', 'Initializable._initializing')
 reader witnesses  -> 2
 storage exposures -> 1
[MV-SI candidate 5d479692164c711b7cc5] {stakedAt, tokens}
 writer root       -> contracts/Tokens/Prime/Prime.sol::Prime.issue(bool,address[])
 writer effect     -> contracts/Tokens/Prime/Prime.sol:707
 written member    -> ('SV', 'contracts/Tokens/Prime/PrimeStorage.sol', 'PrimeStorageV1.tokens')
 potentially stale -> ('SV', 'contracts/Tokens/Prime/PrimeStorage.sol', 'PrimeStorageV1.stakedAt')
 reader witnesses  -> 20
 storage exposures -> 2
[MV-SI candidate 5f14427cec8c2f8f8c1b] {lastAccruedBlock, tokenAmountAccrued, tokenDistributionSpeeds}
 writer root       -> contracts/Tokens/Prime/PrimeLiquidityProvider.sol::PrimeLiquidityProvider.accrueTokens(address)
 writer effect     -> contracts/Tokens/Prime/PrimeLiquidityProvider.sol:266
 written member    -> ('SV', 'contracts/Tokens/Prime/PrimeLiquidityProvider.sol', 'PrimeLiquidityProvider.tokenAmountAccrued')
 potentially stale -> ('SV', 'contracts/Tokens/Prime/PrimeLiquidityProvider.sol', 'PrimeLiquidityProvider.lastAccruedBlock'), ('SV', 'contracts/Tokens/Prime/PrimeLiquidityProvider.sol', 'PrimeLiquidityProvider.tokenDistributionSpeeds')
 reader witnesses  -> 16
 storage exposures -> 1
[MV-SI candidate 60fba57cc457def3e795] {irrevocableLimit, revocableLimit, totalIrrevocable, totalRevocable}
 writer root       -> contracts/Tokens/Prime/Prime.sol::Prime.burn(address)
 writer effect     -> contracts/Tokens/Prime/Prime.sol:747
 written member    -> ('SV', 'contracts/Tokens/Prime/PrimeStorage.sol', 'PrimeStorageV1.totalRevocable')
 potentially stale -> ('SV', 'contracts/Tokens/Prime/PrimeStorage.sol', 'PrimeStorageV1.irrevocableLimit'), ('SV', 'contracts/Tokens/Prime/PrimeStorage.sol', 'PrimeStorageV1.revocableLimit'), ('SV', 'contracts/Tokens/Prime/PrimeStorage.sol', 'PrimeStorageV1.totalIrrevocable')
 reader witnesses  -> 24
 storage exposures -> 2
[MV-SI candidate 61a06b8e45b86675e73d] {markets, tokens}
 writer root       -> contracts/Tokens/Prime/Prime.sol::Prime.issue(bool,address[])
 writer effect     -> contracts/Tokens/Prime/Prime.sol:588
 written member    -> ('SV', 'contracts/Tokens/Prime/PrimeStorage.sol', 'PrimeStorageV1.markets')
 potentially stale -> ('SV', 'contracts/Tokens/Prime/PrimeStorage.sol', 'PrimeStorageV1.tokens')
 reader witnesses  -> 116
 storage exposures -> 2
[MV-SI candidate 6341eacbb1baa34b9818] {markets, tokens}
 writer root       -> contracts/Tokens/Prime/Prime.sol::Prime.xvsUpdated(address)
 writer effect     -> contracts/Tokens/Prime/Prime.sol:751
 written member    -> ('SV', 'contracts/Tokens/Prime/PrimeStorage.sol', 'PrimeStorageV1.tokens')
 potentially stale -> ('SV', 'contracts/Tokens/Prime/PrimeStorage.sol', 'PrimeStorageV1.markets')
 reader witnesses  -> 388
 storage exposures -> 2
[MV-SI candidate 63fde7e2b4129078815c] {allMarkets, markets}
 writer root       -> contracts/Tokens/Prime/Prime.sol::Prime.updateAlpha(uint128,uint128)
 writer effect     -> contracts/Tokens/Prime/Prime.sol:588
 written member    -> ('SV', 'contracts/Tokens/Prime/PrimeStorage.sol', 'PrimeStorageV1.markets')
 potentially stale -> ('SV', 'contracts/Tokens/Prime/PrimeStorage.sol', 'PrimeStorageV1.allMarkets')
 reader witnesses  -> 40
 storage exposures -> 2
[MV-SI candidate 647b97ad44650624e783] {totalIrrevocable, totalRevocable}
 writer root       -> contracts/Tokens/Prime/Prime.sol::Prime.xvsUpdated(address)
 writer effect     -> contracts/Tokens/Prime/Prime.sol:747
 written member    -> ('SV', 'contracts/Tokens/Prime/PrimeStorage.sol', 'PrimeStorageV1.totalRevocable')
 potentially stale -> ('SV', 'contracts/Tokens/Prime/PrimeStorage.sol', 'PrimeStorageV1.totalIrrevocable')
 reader witnesses  -> 24
 storage exposures -> 2
[MV-SI candidate 6500071b0f87a016214d] {irrevocableLimit, revocableLimit, totalIrrevocable, totalRevocable}
 writer root       -> contracts/Tokens/Prime/Prime.sol::Prime.setLimit(uint256,uint256)
 writer effect     -> contracts/Tokens/Prime/Prime.sol:322
 written member    -> ('SV', 'contracts/Tokens/Prime/PrimeStorage.sol', 'PrimeStorageV1.revocableLimit')
 potentially stale -> ('SV', 'contracts/Tokens/Prime/PrimeStorage.sol', 'PrimeStorageV1.irrevocableLimit'), ('SV', 'contracts/Tokens/Prime/PrimeStorage.sol', 'PrimeStorageV1.totalIrrevocable'), ('SV', 'contracts/Tokens/Prime/PrimeStorage.sol', 'PrimeStorageV1.totalRevocable')
 reader witnesses  -> 34
 storage exposures -> 2
[MV-SI candidate 669d0d636403332d74d4] {isScoreUpdated, nextScoreUpdateRoundId}
 writer root       -> contracts/Tokens/Prime/Prime.sol::Prime.updateMultipliers(address,uint256,uint256)
 writer effect     -> contracts/Tokens/Prime/Prime.sol:819
 written member    -> ('SV', 'contracts/Tokens/Prime/PrimeStorage.sol', 'PrimeStorageV1.nextScoreUpdateRoundId')
 potentially stale -> ('SV', 'contracts/Tokens/Prime/PrimeStorage.sol', 'PrimeStorageV1.isScoreUpdated')
 reader witnesses  -> 6
 storage exposures -> 2
[MV-SI candidate 67e631340de3c7a69ad9] {interests, markets}
 writer root       -> contracts/Tokens/Prime/Prime.sol::Prime.xvsUpdated(address)
 writer effect     -> contracts/Tokens/Prime/Prime.sol:737
 written member    -> ('SV', 'contracts/Tokens/Prime/PrimeStorage.sol', 'PrimeStorageV1.interests')
 potentially stale -> ('SV', 'contracts/Tokens/Prime/PrimeStorage.sol', 'PrimeStorageV1.markets')
 reader witnesses  -> 1164
 storage exposures -> 2
[MV-SI candidate 695c78ecc7e4fdc2109e] {isScoreUpdated, nextScoreUpdateRoundId}
 writer root       -> contracts/Tokens/Prime/Prime.sol::Prime.initialize(address,address,uint256,uint128,uint128,address,address,address,address,address,uint256)
 writer effect     -> contracts/Tokens/Prime/Prime.sol:156
 written member    -> ('SV', 'contracts/Tokens/Prime/PrimeStorage.sol', 'PrimeStorageV1.nextScoreUpdateRoundId')
 potentially stale -> ('SV', 'contracts/Tokens/Prime/PrimeStorage.sol', 'PrimeStorageV1.isScoreUpdated')
 reader witnesses  -> 6
 storage exposures -> 2
[MV-SI candidate 6a47dde00a155800fc56] {markets, tokens}
 writer root       -> contracts/Tokens/Prime/Prime.sol::Prime.claim()
 writer effect     -> contracts/Tokens/Prime/Prime.sol:708
 written member    -> ('SV', 'contracts/Tokens/Prime/PrimeStorage.sol', 'PrimeStorageV1.tokens')
 potentially stale -> ('SV', 'contracts/Tokens/Prime/PrimeStorage.sol', 'PrimeStorageV1.markets')
 reader witnesses  -> 388
 storage exposures -> 2
[MV-SI candidate 6c73ff933dc485d35c39] {interests, markets}
 writer root       -> contracts/Tokens/Prime/Prime.sol::Prime.addMarket(address,uint256,uint256)
 writer effect     -> contracts/Tokens/Prime/Prime.sol:298
 written member    -> ('SV', 'contracts/Tokens/Prime/PrimeStorage.sol', 'PrimeStorageV1.markets')
 potentially stale -> ('SV', 'contracts/Tokens/Prime/PrimeStorage.sol', 'PrimeStorageV1.interests')
 reader witnesses  -> 312
 storage exposures -> 2
[MV-SI candidate 6c832caaed5d5a66193d] {unreleasedPLPIncome, unreleasedPSRIncome}
 writer root       -> contracts/Tokens/Prime/Prime.sol::Prime.burn(address)
 writer effect     -> contracts/Tokens/Prime/Prime.sol:581
 written member    -> ('SV', 'contracts/Tokens/Prime/PrimeStorage.sol', 'PrimeStorageV1.unreleasedPLPIncome')
 potentially stale -> ('SV', 'contracts/Tokens/Prime/PrimeStorage.sol', 'PrimeStorageV1.unreleasedPSRIncome')
 reader witnesses  -> 26
 storage exposures -> 2
[MV-SI candidate 6ca806a5f0c08c7ecc6b] {tokenAmountAccrued, tokenDistributionSpeeds}
 writer root       -> contracts/Tokens/Prime/PrimeLiquidityProvider.sol::PrimeLiquidityProvider.releaseFunds(address)
 writer effect     -> contracts/Tokens/Prime/PrimeLiquidityProvider.sol:266
 written member    -> ('SV', 'contracts/Tokens/Prime/PrimeLiquidityProvider.sol', 'PrimeLiquidityProvider.tokenAmountAccrued')
 potentially stale -> ('SV', 'contracts/Tokens/Prime/PrimeLiquidityProvider.sol', 'PrimeLiquidityProvider.tokenDistributionSpeeds')
 reader witnesses  -> 6
 storage exposures -> 1
[MV-SI candidate 6cb4857bbb002e4bcb9c] {interests, markets}
 writer root       -> contracts/Tokens/Prime/Prime.sol::Prime.burn(address)
 writer effect     -> contracts/Tokens/Prime/Prime.sol:786
 written member    -> ('SV', 'contracts/Tokens/Prime/PrimeStorage.sol', 'PrimeStorageV1.interests')
 potentially stale -> ('SV', 'contracts/Tokens/Prime/PrimeStorage.sol', 'PrimeStorageV1.markets')
 reader witnesses  -> 1116
 storage exposures -> 2
[MV-SI candidate 6cf98e754492474b4d7b] {interests, markets}
 writer root       -> contracts/Tokens/Prime/Prime.sol::Prime.claimInterest(address)
 writer effect     -> contracts/Tokens/Prime/Prime.sol:588
 written member    -> ('SV', 'contracts/Tokens/Prime/PrimeStorage.sol', 'PrimeStorageV1.markets')
 potentially stale -> ('SV', 'contracts/Tokens/Prime/PrimeStorage.sol', 'PrimeStorageV1.interests')
 reader witnesses  -> 312
 storage exposures -> 2
[MV-SI candidate 6d556a7336df8b99bdc5] {markets, tokens}
 writer root       -> contracts/Tokens/Prime/Prime.sol::Prime.updateScores(address[])
 writer effect     -> contracts/Tokens/Prime/Prime.sol:800
 written member    -> ('SV', 'contracts/Tokens/Prime/PrimeStorage.sol', 'PrimeStorageV1.markets')
 potentially stale -> ('SV', 'contracts/Tokens/Prime/PrimeStorage.sol', 'PrimeStorageV1.tokens')
 reader witnesses  -> 116
 storage exposures -> 2
[MV-SI candidate 6da381eddb527b380cdc] {unreleasedPLPIncome, unreleasedPSRIncome}
 writer root       -> contracts/Tokens/Prime/Prime.sol::Prime.updateAlpha(uint128,uint128)
 writer effect     -> contracts/Tokens/Prime/Prime.sol:580
 written member    -> ('SV', 'contracts/Tokens/Prime/PrimeStorage.sol', 'PrimeStorageV1.unreleasedPSRIncome')
 potentially stale -> ('SV', 'contracts/Tokens/Prime/PrimeStorage.sol', 'PrimeStorageV1.unreleasedPLPIncome')
 reader witnesses  -> 26
 storage exposures -> 2
[MV-SI candidate 6daf45b169a128f14f4b] {allowedLiquidatorsByAccount, liquidationRestricted}
 writer root       -> contracts/Liquidator/Liquidator.sol::Liquidator.removeFromAllowlist(address,address)
 writer effect     -> contracts/Liquidator/Liquidator.sol:187
 written member    -> ('SV', 'contracts/Liquidator/Liquidator.sol', 'Liquidator.allowedLiquidatorsByAccount')
 potentially stale -> ('SV', 'contracts/Liquidator/Liquidator.sol', 'Liquidator.liquidationRestricted')
 reader witnesses  -> 6
 storage exposures -> 2
[MV-SI candidate 6e38babd09f9b8a5a766] {interests, markets}
 writer root       -> contracts/Tokens/Prime/Prime.sol::Prime.updateMultipliers(address,uint256,uint256)
 writer effect     -> contracts/Tokens/Prime/Prime.sol:277
 written member    -> ('SV', 'contracts/Tokens/Prime/PrimeStorage.sol', 'PrimeStorageV1.markets')
 potentially stale -> ('SV', 'contracts/Tokens/Prime/PrimeStorage.sol', 'PrimeStorageV1.interests')
 reader witnesses  -> 312
 storage exposures -> 2
[MV-SI candidate 6f4e1871dbb1aff1d459] {_initialized, _initializing}
 writer root       -> contracts/Tokens/Prime/Prime.sol::Prime.initialize(address,address,uint256,uint128,uint128,address,address,address,address,address,uint256)
 writer effect     -> @openzeppelin/contracts-upgradeable/proxy/utils/Initializable.sol:90
 written member    -> ('SV', '@openzeppelin/contracts-upgradeable/proxy/utils/Initializable.sol', 'Initializable._initialized')
 potentially stale -> ('SV', '@openzeppelin/contracts-upgradeable/proxy/utils/Initializable.sol', 'Initializable._initializing')
 reader witnesses  -> 4
 storage exposures -> 2
[MV-SI candidate 6f9b63a0b94f2f40881d] {interests, markets}
 writer root       -> contracts/Tokens/Prime/Prime.sol::Prime.claimInterest(address,address)
 writer effect     -> contracts/Tokens/Prime/Prime.sol:588
 written member    -> ('SV', 'contracts/Tokens/Prime/PrimeStorage.sol', 'PrimeStorageV1.markets')
 potentially stale -> ('SV', 'contracts/Tokens/Prime/PrimeStorage.sol', 'PrimeStorageV1.interests')
 reader witnesses  -> 312
 storage exposures -> 2
[MV-SI candidate 706f4617fcb2948e94f8] {unreleasedPLPIncome, unreleasedPSRIncome}
 writer root       -> contracts/Tokens/Prime/Prime.sol::Prime.issue(bool,address[])
 writer effect     -> contracts/Tokens/Prime/Prime.sol:580
 written member    -> ('SV', 'contracts/Tokens/Prime/PrimeStorage.sol', 'PrimeStorageV1.unreleasedPSRIncome')
 potentially stale -> ('SV', 'contracts/Tokens/Prime/PrimeStorage.sol', 'PrimeStorageV1.unreleasedPLPIncome')
 reader witnesses  -> 26
 storage exposures -> 2
[MV-SI candidate 7165535453bede308246] {unreleasedPLPIncome, unreleasedPSRIncome}
 writer root       -> contracts/Tokens/Prime/Prime.sol::Prime.xvsUpdated(address)
 writer effect     -> contracts/Tokens/Prime/Prime.sol:581
 written member    -> ('SV', 'contracts/Tokens/Prime/PrimeStorage.sol', 'PrimeStorageV1.unreleasedPLPIncome')
 potentially stale -> ('SV', 'contracts/Tokens/Prime/PrimeStorage.sol', 'PrimeStorageV1.unreleasedPSRIncome')
 reader witnesses  -> 26
 storage exposures -> 2
[MV-SI candidate 7197db5d565269b92dc4] {irrevocableLimit, totalIrrevocable}
 writer root       -> contracts/Tokens/Prime/Prime.sol::Prime.issue(bool,address[])
 writer effect     -> contracts/Tokens/Prime/Prime.sol:766
 written member    -> ('SV', 'contracts/Tokens/Prime/PrimeStorage.sol', 'PrimeStorageV1.totalIrrevocable')
 potentially stale -> ('SV', 'contracts/Tokens/Prime/PrimeStorage.sol', 'PrimeStorageV1.irrevocableLimit')
 reader witnesses  -> 6
 storage exposures -> 2
[MV-SI candidate 71c6845f9f05c6f34c40] {interests, markets}
 writer root       -> contracts/Tokens/Prime/Prime.sol::Prime.getPendingInterests(address)
 writer effect     -> contracts/Tokens/Prime/Prime.sol:588
 written member    -> ('SV', 'contracts/Tokens/Prime/PrimeStorage.sol', 'PrimeStorageV1.markets')
 potentially stale -> ('SV', 'contracts/Tokens/Prime/PrimeStorage.sol', 'PrimeStorageV1.interests')
 reader witnesses  -> 312
 storage exposures -> 2
[MV-SI candidate 71cc0e932312185de46a] {lastAccruedBlock, tokenAmountAccrued, tokenDistributionSpeeds}
 writer root       -> contracts/Tokens/Prime/PrimeLiquidityProvider.sol::PrimeLiquidityProvider.initialize(address,address[],uint256[])
 writer effect     -> contracts/Tokens/Prime/PrimeLiquidityProvider.sol:270
 written member    -> ('SV', 'contracts/Tokens/Prime/PrimeLiquidityProvider.sol', 'PrimeLiquidityProvider.lastAccruedBlock')
 potentially stale -> ('SV', 'contracts/Tokens/Prime/PrimeLiquidityProvider.sol', 'PrimeLiquidityProvider.tokenAmountAccrued'), ('SV', 'contracts/Tokens/Prime/PrimeLiquidityProvider.sol', 'PrimeLiquidityProvider.tokenDistributionSpeeds')
 reader witnesses  -> 14
 storage exposures -> 1
[MV-SI candidate 71f547fbee0bc3e3a957] {markets, tokens}
 writer root       -> contracts/Tokens/Prime/Prime.sol::Prime.addMarket(address,uint256,uint256)
 writer effect     -> contracts/Tokens/Prime/Prime.sol:297
 written member    -> ('SV', 'contracts/Tokens/Prime/PrimeStorage.sol', 'PrimeStorageV1.markets')
 potentially stale -> ('SV', 'contracts/Tokens/Prime/PrimeStorage.sol', 'PrimeStorageV1.tokens')
 reader witnesses  -> 116
 storage exposures -> 2
[MV-SI candidate 7311df025da6299177c2] {tokenAmountAccrued, tokenDistributionSpeeds}
 writer root       -> contracts/Tokens/Prime/PrimeLiquidityProvider.sol::PrimeLiquidityProvider.setTokensDistributionSpeed(address[],uint256[])
 writer effect     -> contracts/Tokens/Prime/PrimeLiquidityProvider.sol:322
 written member    -> ('SV', 'contracts/Tokens/Prime/PrimeLiquidityProvider.sol', 'PrimeLiquidityProvider.tokenDistributionSpeeds')
 potentially stale -> ('SV', 'contracts/Tokens/Prime/PrimeLiquidityProvider.sol', 'PrimeLiquidityProvider.tokenAmountAccrued')
 reader witnesses  -> 8
 storage exposures -> 1
[MV-SI candidate 7876af7942eff300865a] {markets, tokens}
 writer root       -> contracts/Tokens/Prime/Prime.sol::Prime.xvsUpdated(address)
 writer effect     -> contracts/Tokens/Prime/Prime.sol:800
 written member    -> ('SV', 'contracts/Tokens/Prime/PrimeStorage.sol', 'PrimeStorageV1.markets')
 potentially stale -> ('SV', 'contracts/Tokens/Prime/PrimeStorage.sol', 'PrimeStorageV1.tokens')
 reader witnesses  -> 116
 storage exposures -> 2
[MV-SI candidate 789d01e320e22c472b57] {totalIrrevocable, totalRevocable}
 writer root       -> contracts/Tokens/Prime/Prime.sol::Prime.issue(bool,address[])
 writer effect     -> contracts/Tokens/Prime/Prime.sol:713
 written member    -> ('SV', 'contracts/Tokens/Prime/PrimeStorage.sol', 'PrimeStorageV1.totalRevocable')
 potentially stale -> ('SV', 'contracts/Tokens/Prime/PrimeStorage.sol', 'PrimeStorageV1.totalIrrevocable')
 reader witnesses  -> 24
 storage exposures -> 2
[MV-SI candidate 78a327c55e535ffd0df8] {interests, markets}
 writer root       -> contracts/Tokens/Prime/Prime.sol::Prime.xvsUpdated(address)
 writer effect     -> contracts/Tokens/Prime/Prime.sol:800
 written member    -> ('SV', 'contracts/Tokens/Prime/PrimeStorage.sol', 'PrimeStorageV1.markets')
 potentially stale -> ('SV', 'contracts/Tokens/Prime/PrimeStorage.sol', 'PrimeStorageV1.interests')
 reader witnesses  -> 276
 storage exposures -> 2
[MV-SI candidate 7905fb27da445a49fe0b] {irrevocableLimit, totalIrrevocable}
 writer root       -> contracts/Tokens/Prime/Prime.sol::Prime.xvsUpdated(address)
 writer effect     -> contracts/Tokens/Prime/Prime.sol:745
 written member    -> ('SV', 'contracts/Tokens/Prime/PrimeStorage.sol', 'PrimeStorageV1.totalIrrevocable')
 potentially stale -> ('SV', 'contracts/Tokens/Prime/PrimeStorage.sol', 'PrimeStorageV1.irrevocableLimit')
 reader witnesses  -> 6
 storage exposures -> 2
[MV-SI candidate 7a7b76f3957af8072b00] {feeIn, feeOut}
 writer root       -> contracts/PegStability/PegStability.sol::PegStability.setFeeIn(uint256)
 writer effect     -> contracts/PegStability/PegStability.sol:324
 written member    -> ('SV', 'contracts/PegStability/PegStability.sol', 'PegStability.feeIn')
 potentially stale -> ('SV', 'contracts/PegStability/PegStability.sol', 'PegStability.feeOut')
 reader witnesses  -> 12
 storage exposures -> 1
[MV-SI candidate 7ac3aebf2c8ad9da775c] {markets, tokens}
 writer root       -> contracts/Tokens/Prime/Prime.sol::Prime.issue(bool,address[])
 writer effect     -> contracts/Tokens/Prime/Prime.sol:707
 written member    -> ('SV', 'contracts/Tokens/Prime/PrimeStorage.sol', 'PrimeStorageV1.tokens')
 potentially stale -> ('SV', 'contracts/Tokens/Prime/PrimeStorage.sol', 'PrimeStorageV1.markets')
 reader witnesses  -> 388
 storage exposures -> 2
[MV-SI candidate 7b8267c30f60036a5dc6] {allMarkets, markets}
 writer root       -> contracts/Tokens/Prime/Prime.sol::Prime.getPendingInterests(address)
 writer effect     -> contracts/Tokens/Prime/Prime.sol:588
 written member    -> ('SV', 'contracts/Tokens/Prime/PrimeStorage.sol', 'PrimeStorageV1.markets')
 potentially stale -> ('SV', 'contracts/Tokens/Prime/PrimeStorage.sol', 'PrimeStorageV1.allMarkets')
 reader witnesses  -> 40
 storage exposures -> 2
[MV-SI candidate 7bd3670ff0fc260a2986] {unreleasedPLPIncome, unreleasedPSRIncome}
 writer root       -> contracts/Tokens/Prime/Prime.sol::Prime.getInterestAccrued(address,address)
 writer effect     -> contracts/Tokens/Prime/Prime.sol:581
 written member    -> ('SV', 'contracts/Tokens/Prime/PrimeStorage.sol', 'PrimeStorageV1.unreleasedPLPIncome')
 potentially stale -> ('SV', 'contracts/Tokens/Prime/PrimeStorage.sol', 'PrimeStorageV1.unreleasedPSRIncome')
 reader witnesses  -> 26
 storage exposures -> 2
[MV-SI candidate 7dc192d77cbe47f5338b] {interests, markets}
 writer root       -> contracts/Tokens/Prime/Prime.sol::Prime.updateScores(address[])
 writer effect     -> contracts/Tokens/Prime/Prime.sol:800
 written member    -> ('SV', 'contracts/Tokens/Prime/PrimeStorage.sol', 'PrimeStorageV1.markets')
 potentially stale -> ('SV', 'contracts/Tokens/Prime/PrimeStorage.sol', 'PrimeStorageV1.interests')
 reader witnesses  -> 276
 storage exposures -> 2
[MV-SI candidate 7eb9630b02a8e40002dc] {isScoreUpdated, nextScoreUpdateRoundId, pendingScoreUpdates}
 writer root       -> contracts/Tokens/Prime/Prime.sol::Prime.updateAlpha(uint128,uint128)
 writer effect     -> contracts/Tokens/Prime/Prime.sol:821
 written member    -> ('SV', 'contracts/Tokens/Prime/PrimeStorage.sol', 'PrimeStorageV1.pendingScoreUpdates')
 potentially stale -> ('SV', 'contracts/Tokens/Prime/PrimeStorage.sol', 'PrimeStorageV1.isScoreUpdated'), ('SV', 'contracts/Tokens/Prime/PrimeStorage.sol', 'PrimeStorageV1.nextScoreUpdateRoundId')
 reader witnesses  -> 14
 storage exposures -> 2
[MV-SI candidate 7f0534764cee5dd2e1d8] {allMarkets, markets}
 writer root       -> contracts/Tokens/Prime/Prime.sol::Prime.claimInterest(address,address)
 writer effect     -> contracts/Tokens/Prime/Prime.sol:588
 written member    -> ('SV', 'contracts/Tokens/Prime/PrimeStorage.sol', 'PrimeStorageV1.markets')
 potentially stale -> ('SV', 'contracts/Tokens/Prime/PrimeStorage.sol', 'PrimeStorageV1.allMarkets')
 reader witnesses  -> 40
 storage exposures -> 2
[MV-SI candidate 7ff48f5eabe8e56fcd5a] {unreleasedPLPIncome, unreleasedPSRIncome}
 writer root       -> contracts/Tokens/Prime/Prime.sol::Prime.issue(bool,address[])
 writer effect     -> contracts/Tokens/Prime/Prime.sol:581
 written member    -> ('SV', 'contracts/Tokens/Prime/PrimeStorage.sol', 'PrimeStorageV1.unreleasedPLPIncome')
 potentially stale -> ('SV', 'contracts/Tokens/Prime/PrimeStorage.sol', 'PrimeStorageV1.unreleasedPSRIncome')
 reader witnesses  -> 26
 storage exposures -> 2
[MV-SI candidate 82f1e06c8e3b854a173b] {totalIrrevocable, totalRevocable}
 writer root       -> contracts/Tokens/Prime/Prime.sol::Prime.xvsUpdated(address)
 writer effect     -> contracts/Tokens/Prime/Prime.sol:745
 written member    -> ('SV', 'contracts/Tokens/Prime/PrimeStorage.sol', 'PrimeStorageV1.totalIrrevocable')
 potentially stale -> ('SV', 'contracts/Tokens/Prime/PrimeStorage.sol', 'PrimeStorageV1.totalRevocable')
 reader witnesses  -> 22
 storage exposures -> 2
[MV-SI candidate 833aaa1aad8ee2b1ae99] {lastAccruedBlock, tokenAmountAccrued, tokenDistributionSpeeds}
 writer root       -> contracts/Tokens/Prime/PrimeLiquidityProvider.sol::PrimeLiquidityProvider.accrueTokens(address)
 writer effect     -> contracts/Tokens/Prime/PrimeLiquidityProvider.sol:270
 written member    -> ('SV', 'contracts/Tokens/Prime/PrimeLiquidityProvider.sol', 'PrimeLiquidityProvider.lastAccruedBlock')
 potentially stale -> ('SV', 'contracts/Tokens/Prime/PrimeLiquidityProvider.sol', 'PrimeLiquidityProvider.tokenAmountAccrued'), ('SV', 'contracts/Tokens/Prime/PrimeLiquidityProvider.sol', 'PrimeLiquidityProvider.tokenDistributionSpeeds')
 reader witnesses  -> 14
 storage exposures -> 1
[MV-SI candidate 83ccbdb80116a9bdb66d] {unreleasedPLPIncome, unreleasedPSRIncome}
 writer root       -> contracts/Tokens/Prime/Prime.sol::Prime.accrueInterest(address)
 writer effect     -> contracts/Tokens/Prime/Prime.sol:580
 written member    -> ('SV', 'contracts/Tokens/Prime/PrimeStorage.sol', 'PrimeStorageV1.unreleasedPSRIncome')
 potentially stale -> ('SV', 'contracts/Tokens/Prime/PrimeStorage.sol', 'PrimeStorageV1.unreleasedPLPIncome')
 reader witnesses  -> 26
 storage exposures -> 2
[MV-SI candidate 84c5f2a930f19d9705bb] {stakedAt, tokens}
 writer root       -> contracts/Tokens/Prime/Prime.sol::Prime.xvsUpdated(address)
 writer effect     -> contracts/Tokens/Prime/Prime.sol:750
 written member    -> ('SV', 'contracts/Tokens/Prime/PrimeStorage.sol', 'PrimeStorageV1.tokens')
 potentially stale -> ('SV', 'contracts/Tokens/Prime/PrimeStorage.sol', 'PrimeStorageV1.stakedAt')
 reader witnesses  -> 20
 storage exposures -> 2
[MV-SI candidate 8531c1750615e0320e05] {tokenAmountAccrued, tokenDistributionSpeeds}
 writer root       -> contracts/Tokens/Prime/PrimeLiquidityProvider.sol::PrimeLiquidityProvider.accrueTokens(address)
 writer effect     -> contracts/Tokens/Prime/PrimeLiquidityProvider.sol:266
 written member    -> ('SV', 'contracts/Tokens/Prime/PrimeLiquidityProvider.sol', 'PrimeLiquidityProvider.tokenAmountAccrued')
 potentially stale -> ('SV', 'contracts/Tokens/Prime/PrimeLiquidityProvider.sol', 'PrimeLiquidityProvider.tokenDistributionSpeeds')
 reader witnesses  -> 6
 storage exposures -> 1
[MV-SI candidate 8812897e8b7da9decc99] {interests, markets}
 writer root       -> contracts/Tokens/Prime/Prime.sol::Prime.claimInterest(address,address)
 writer effect     -> contracts/Tokens/Prime/Prime.sol:677
 written member    -> ('SV', 'contracts/Tokens/Prime/PrimeStorage.sol', 'PrimeStorageV1.interests')
 potentially stale -> ('SV', 'contracts/Tokens/Prime/PrimeStorage.sol', 'PrimeStorageV1.markets')
 reader witnesses  -> 1164
 storage exposures -> 2
[MV-SI candidate 8929f663741eb220e825] {markets, tokens}
 writer root       -> contracts/Tokens/Prime/Prime.sol::Prime.issue(bool,address[])
 writer effect     -> contracts/Tokens/Prime/Prime.sol:765
 written member    -> ('SV', 'contracts/Tokens/Prime/PrimeStorage.sol', 'PrimeStorageV1.tokens')
 potentially stale -> ('SV', 'contracts/Tokens/Prime/PrimeStorage.sol', 'PrimeStorageV1.markets')
 reader witnesses  -> 388
 storage exposures -> 2
[MV-SI candidate 8a489276daa409295243] {unreleasedPLPIncome, unreleasedPSRIncome}
 writer root       -> contracts/Tokens/Prime/Prime.sol::Prime.accrueInterestAndUpdateScore(address,address)
 writer effect     -> contracts/Tokens/Prime/Prime.sol:580
 written member    -> ('SV', 'contracts/Tokens/Prime/PrimeStorage.sol', 'PrimeStorageV1.unreleasedPSRIncome')
 potentially stale -> ('SV', 'contracts/Tokens/Prime/PrimeStorage.sol', 'PrimeStorageV1.unreleasedPLPIncome')
 reader witnesses  -> 26
 storage exposures -> 2
[MV-SI candidate 8b2a3198c4c706e138ae] {lastAccruedBlock, tokenAmountAccrued, tokenDistributionSpeeds}
 writer root       -> contracts/Tokens/Prime/PrimeLiquidityProvider.sol::PrimeLiquidityProvider.releaseFunds(address)
 writer effect     -> contracts/Tokens/Prime/PrimeLiquidityProvider.sol:200
 written member    -> ('SV', 'contracts/Tokens/Prime/PrimeLiquidityProvider.sol', 'PrimeLiquidityProvider.tokenAmountAccrued')
 potentially stale -> ('SV', 'contracts/Tokens/Prime/PrimeLiquidityProvider.sol', 'PrimeLiquidityProvider.lastAccruedBlock'), ('SV', 'contracts/Tokens/Prime/PrimeLiquidityProvider.sol', 'PrimeLiquidityProvider.tokenDistributionSpeeds')
 reader witnesses  -> 16
 storage exposures -> 1
[MV-SI candidate 8b67f6d0b96d3d24ac6b] {interests, markets}
 writer root       -> contracts/Tokens/Prime/Prime.sol::Prime.issue(bool,address[])
 writer effect     -> contracts/Tokens/Prime/Prime.sol:588
 written member    -> ('SV', 'contracts/Tokens/Prime/PrimeStorage.sol', 'PrimeStorageV1.markets')
 potentially stale -> ('SV', 'contracts/Tokens/Prime/PrimeStorage.sol', 'PrimeStorageV1.interests')
 reader witnesses  -> 312
 storage exposures -> 2
[MV-SI candidate 8bf4a5a0d6cc5e231301] {_initialized, _initializing}
 writer root       -> contracts/PegStability/PegStability.sol::PegStability.initialize(address,address,address,uint256,uint256,uint256)
 writer effect     -> @openzeppelin/contracts-upgradeable/proxy/utils/Initializable.sol:96
 written member    -> ('SV', '@openzeppelin/contracts-upgradeable/proxy/utils/Initializable.sol', 'Initializable._initializing')
 potentially stale -> ('SV', '@openzeppelin/contracts-upgradeable/proxy/utils/Initializable.sol', 'Initializable._initialized')
 reader witnesses  -> 1
 storage exposures -> 1
[MV-SI candidate 8c9fcef0b7c85d33d6e3] {interests, markets}
 writer root       -> contracts/Tokens/Prime/Prime.sol::Prime.issue(bool,address[])
 writer effect     -> contracts/Tokens/Prime/Prime.sol:632
 written member    -> ('SV', 'contracts/Tokens/Prime/PrimeStorage.sol', 'PrimeStorageV1.interests')
 potentially stale -> ('SV', 'contracts/Tokens/Prime/PrimeStorage.sol', 'PrimeStorageV1.markets')
 reader witnesses  -> 1164
 storage exposures -> 2
[MV-SI candidate 8e98f126ff6f6452fc0a] {irrevocableLimit, revocableLimit, totalIrrevocable, totalRevocable}
 writer root       -> contracts/Tokens/Prime/Prime.sol::Prime.claim()
 writer effect     -> contracts/Tokens/Prime/Prime.sol:711
 written member    -> ('SV', 'contracts/Tokens/Prime/PrimeStorage.sol', 'PrimeStorageV1.totalIrrevocable')
 potentially stale -> ('SV', 'contracts/Tokens/Prime/PrimeStorage.sol', 'PrimeStorageV1.irrevocableLimit'), ('SV', 'contracts/Tokens/Prime/PrimeStorage.sol', 'PrimeStorageV1.revocableLimit'), ('SV', 'contracts/Tokens/Prime/PrimeStorage.sol', 'PrimeStorageV1.totalRevocable')
 reader witnesses  -> 24
 storage exposures -> 2
[MV-SI candidate 8eebf58896ae0c31a705] {irrevocableLimit, revocableLimit, totalIrrevocable, totalRevocable}
 writer root       -> contracts/Tokens/Prime/Prime.sol::Prime.issue(bool,address[])
 writer effect     -> contracts/Tokens/Prime/Prime.sol:711
 written member    -> ('SV', 'contracts/Tokens/Prime/PrimeStorage.sol', 'PrimeStorageV1.totalIrrevocable')
 potentially stale -> ('SV', 'contracts/Tokens/Prime/PrimeStorage.sol', 'PrimeStorageV1.irrevocableLimit'), ('SV', 'contracts/Tokens/Prime/PrimeStorage.sol', 'PrimeStorageV1.revocableLimit'), ('SV', 'contracts/Tokens/Prime/PrimeStorage.sol', 'PrimeStorageV1.totalRevocable')
 reader witnesses  -> 24
 storage exposures -> 2
[MV-SI candidate 8eefe4640aede40ab3f4] {markets, tokens}
 writer root       -> contracts/Tokens/Prime/Prime.sol::Prime.claim()
 writer effect     -> contracts/Tokens/Prime/Prime.sol:633
 written member    -> ('SV', 'contracts/Tokens/Prime/PrimeStorage.sol', 'PrimeStorageV1.markets')
 potentially stale -> ('SV', 'contracts/Tokens/Prime/PrimeStorage.sol', 'PrimeStorageV1.tokens')
 reader witnesses  -> 116
 storage exposures -> 2
[MV-SI candidate 8f7b3a7fa7a92bbc98e0] {interests, markets}
 writer root       -> contracts/Tokens/Prime/Prime.sol::Prime.issue(bool,address[])
 writer effect     -> contracts/Tokens/Prime/Prime.sol:633
 written member    -> ('SV', 'contracts/Tokens/Prime/PrimeStorage.sol', 'PrimeStorageV1.markets')
 potentially stale -> ('SV', 'contracts/Tokens/Prime/PrimeStorage.sol', 'PrimeStorageV1.interests')
 reader witnesses  -> 312
 storage exposures -> 2
[MV-SI candidate 904d3a21aab8a4a1a4c9] {unreleasedPLPIncome, unreleasedPSRIncome}
 writer root       -> contracts/Tokens/Prime/Prime.sol::Prime.updateScores(address[])
 writer effect     -> contracts/Tokens/Prime/Prime.sol:580
 written member    -> ('SV', 'contracts/Tokens/Prime/PrimeStorage.sol', 'PrimeStorageV1.unreleasedPSRIncome')
 potentially stale -> ('SV', 'contracts/Tokens/Prime/PrimeStorage.sol', 'PrimeStorageV1.unreleasedPLPIncome')
 reader witnesses  -> 26
 storage exposures -> 2
[MV-SI candidate 9095f3a1edda9efd1961] {interests, markets}
 writer root       -> contracts/Tokens/Prime/Prime.sol::Prime.burn(address)
 writer effect     -> contracts/Tokens/Prime/Prime.sol:733
 written member    -> ('SV', 'contracts/Tokens/Prime/PrimeStorage.sol', 'PrimeStorageV1.markets')
 potentially stale -> ('SV', 'contracts/Tokens/Prime/PrimeStorage.sol', 'PrimeStorageV1.interests')
 reader witnesses  -> 288
 storage exposures -> 2
[MV-SI candidate 91a43ccef2b1c25de147] {interests, markets}
 writer root       -> contracts/Tokens/Prime/Prime.sol::Prime.claim()
 writer effect     -> contracts/Tokens/Prime/Prime.sol:588
 written member    -> ('SV', 'contracts/Tokens/Prime/PrimeStorage.sol', 'PrimeStorageV1.markets')
 potentially stale -> ('SV', 'contracts/Tokens/Prime/PrimeStorage.sol', 'PrimeStorageV1.interests')
 reader witnesses  -> 312
 storage exposures -> 2
[MV-SI candidate 944b9f09c960b319502c] {allMarkets, markets}
 writer root       -> contracts/Tokens/Prime/Prime.sol::Prime.burn(address)
 writer effect     -> contracts/Tokens/Prime/Prime.sol:588
 written member    -> ('SV', 'contracts/Tokens/Prime/PrimeStorage.sol', 'PrimeStorageV1.markets')
 potentially stale -> ('SV', 'contracts/Tokens/Prime/PrimeStorage.sol', 'PrimeStorageV1.allMarkets')
 reader witnesses  -> 40
 storage exposures -> 2
[MV-SI candidate 99a905ea2b5f20807583] {_initialized, _initializing}
 writer root       -> contracts/Tokens/Prime/PrimeLiquidityProvider.sol::PrimeLiquidityProvider.initialize(address,address[],uint256[])
 writer effect     -> @openzeppelin/contracts-upgradeable/proxy/utils/Initializable.sol:96
 written member    -> ('SV', '@openzeppelin/contracts-upgradeable/proxy/utils/Initializable.sol', 'Initializable._initializing')
 potentially stale -> ('SV', '@openzeppelin/contracts-upgradeable/proxy/utils/Initializable.sol', 'Initializable._initialized')
 reader witnesses  -> 1
 storage exposures -> 1
[MV-SI candidate 99fe119ce87d24aa9ae7] {markets, tokens}
 writer root       -> contracts/Tokens/Prime/Prime.sol::Prime.burn(address)
 writer effect     -> contracts/Tokens/Prime/Prime.sol:751
 written member    -> ('SV', 'contracts/Tokens/Prime/PrimeStorage.sol', 'PrimeStorageV1.tokens')
 potentially stale -> ('SV', 'contracts/Tokens/Prime/PrimeStorage.sol', 'PrimeStorageV1.markets')
 reader witnesses  -> 388
 storage exposures -> 2
[MV-SI candidate 9d78a89942af8553bc55] {interests, markets}
 writer root       -> contracts/Tokens/Prime/Prime.sol::Prime.claimInterest(address,address)
 writer effect     -> contracts/Tokens/Prime/Prime.sol:676
 written member    -> ('SV', 'contracts/Tokens/Prime/PrimeStorage.sol', 'PrimeStorageV1.interests')
 potentially stale -> ('SV', 'contracts/Tokens/Prime/PrimeStorage.sol', 'PrimeStorageV1.markets')
 reader witnesses  -> 1140
 storage exposures -> 2
[MV-SI candidate 9e476c97a638fe7a035b] {allMarkets, markets}
 writer root       -> contracts/Tokens/Prime/Prime.sol::Prime.updateMultipliers(address,uint256,uint256)
 writer effect     -> contracts/Tokens/Prime/Prime.sol:276
 written member    -> ('SV', 'contracts/Tokens/Prime/PrimeStorage.sol', 'PrimeStorageV1.markets')
 potentially stale -> ('SV', 'contracts/Tokens/Prime/PrimeStorage.sol', 'PrimeStorageV1.allMarkets')
 reader witnesses  -> 40
 storage exposures -> 2
[MV-SI candidate 9e81f5af262c9475c693] {markets, tokens}
 writer root       -> contracts/Tokens/Prime/Prime.sol::Prime.xvsUpdated(address)
 writer effect     -> contracts/Tokens/Prime/Prime.sol:733
 written member    -> ('SV', 'contracts/Tokens/Prime/PrimeStorage.sol', 'PrimeStorageV1.markets')
 potentially stale -> ('SV', 'contracts/Tokens/Prime/PrimeStorage.sol', 'PrimeStorageV1.tokens')
 reader witnesses  -> 116
 storage exposures -> 2
[MV-SI candidate 9edbad71f26a46d69d02] {_initialized, _initializing}
 writer root       -> contracts/test/LiquidatorHarness.sol::LiquidatorHarness.initialize(uint256)
 writer effect     -> @openzeppelin/contracts-upgradeable/proxy/utils/Initializable.sol:90
 written member    -> ('SV', '@openzeppelin/contracts-upgradeable/proxy/utils/Initializable.sol', 'Initializable._initialized')
 potentially stale -> ('SV', '@openzeppelin/contracts-upgradeable/proxy/utils/Initializable.sol', 'Initializable._initializing')
 reader witnesses  -> 2
 storage exposures -> 1
[MV-SI candidate 9fabdf5b0bd2f2c69a4c] {interests, markets}
 writer root       -> contracts/Tokens/Prime/Prime.sol::Prime.xvsUpdated(address)
 writer effect     -> contracts/Tokens/Prime/Prime.sol:736
 written member    -> ('SV', 'contracts/Tokens/Prime/PrimeStorage.sol', 'PrimeStorageV1.interests')
 potentially stale -> ('SV', 'contracts/Tokens/Prime/PrimeStorage.sol', 'PrimeStorageV1.markets')
 reader witnesses  -> 1164
 storage exposures -> 2
[MV-SI candidate a25f34a42c4df349a83c] {interests, markets}
 writer root       -> contracts/Tokens/Prime/Prime.sol::Prime.xvsUpdated(address)
 writer effect     -> contracts/Tokens/Prime/Prime.sol:588
 written member    -> ('SV', 'contracts/Tokens/Prime/PrimeStorage.sol', 'PrimeStorageV1.markets')
 potentially stale -> ('SV', 'contracts/Tokens/Prime/PrimeStorage.sol', 'PrimeStorageV1.interests')
 reader witnesses  -> 312
 storage exposures -> 2
[MV-SI candidate a2aeb1984c985f7f4d11] {markets, tokens}
 writer root       -> contracts/Tokens/Prime/Prime.sol::Prime.updateScores(address[])
 writer effect     -> contracts/Tokens/Prime/Prime.sol:588
 written member    -> ('SV', 'contracts/Tokens/Prime/PrimeStorage.sol', 'PrimeStorageV1.markets')
 potentially stale -> ('SV', 'contracts/Tokens/Prime/PrimeStorage.sol', 'PrimeStorageV1.tokens')
 reader witnesses  -> 116
 storage exposures -> 2
[MV-SI candidate a2c60e14e48b94cda18d] {irrevocableLimit, revocableLimit, totalIrrevocable, totalRevocable}
 writer root       -> contracts/Tokens/Prime/Prime.sol::Prime.issue(bool,address[])
 writer effect     -> contracts/Tokens/Prime/Prime.sol:713
 written member    -> ('SV', 'contracts/Tokens/Prime/PrimeStorage.sol', 'PrimeStorageV1.totalRevocable')
 potentially stale -> ('SV', 'contracts/Tokens/Prime/PrimeStorage.sol', 'PrimeStorageV1.irrevocableLimit'), ('SV', 'contracts/Tokens/Prime/PrimeStorage.sol', 'PrimeStorageV1.revocableLimit'), ('SV', 'contracts/Tokens/Prime/PrimeStorage.sol', 'PrimeStorageV1.totalIrrevocable')
 reader witnesses  -> 24
 storage exposures -> 2
[MV-SI candidate a586e9cda13c7f35ed52] {allMarkets, markets}
 writer root       -> contracts/Tokens/Prime/Prime.sol::Prime.burn(address)
 writer effect     -> contracts/Tokens/Prime/Prime.sol:733
 written member    -> ('SV', 'contracts/Tokens/Prime/PrimeStorage.sol', 'PrimeStorageV1.markets')
 potentially stale -> ('SV', 'contracts/Tokens/Prime/PrimeStorage.sol', 'PrimeStorageV1.allMarkets')
 reader witnesses  -> 40
 storage exposures -> 2
[MV-SI candidate a60a9039b91e0d7359c2] {interests, markets}
 writer root       -> contracts/Tokens/Prime/Prime.sol::Prime.updateAlpha(uint128,uint128)
 writer effect     -> contracts/Tokens/Prime/Prime.sol:588
 written member    -> ('SV', 'contracts/Tokens/Prime/PrimeStorage.sol', 'PrimeStorageV1.markets')
 potentially stale -> ('SV', 'contracts/Tokens/Prime/PrimeStorage.sol', 'PrimeStorageV1.interests')
 reader witnesses  -> 312
 storage exposures -> 2
[MV-SI candidate a67311cc4468e238ede1] {allowedLiquidatorsByAccount, liquidationRestricted}
 writer root       -> contracts/Liquidator/Liquidator.sol::Liquidator.restrictLiquidation(address)
 writer effect     -> contracts/Liquidator/Liquidator.sol:150
 written member    -> ('SV', 'contracts/Liquidator/Liquidator.sol', 'Liquidator.liquidationRestricted')
 potentially stale -> ('SV', 'contracts/Liquidator/Liquidator.sol', 'Liquidator.allowedLiquidatorsByAccount')
 reader witnesses  -> 6
 storage exposures -> 2
[MV-SI candidate ac342f5c1c8b56e3aafa] {isScoreUpdated, nextScoreUpdateRoundId, pendingScoreUpdates}
 writer root       -> contracts/Tokens/Prime/Prime.sol::Prime.updateScores(address[])
 writer effect     -> contracts/Tokens/Prime/Prime.sol:222
 written member    -> ('SV', 'contracts/Tokens/Prime/PrimeStorage.sol', 'PrimeStorageV1.isScoreUpdated')
 potentially stale -> ('SV', 'contracts/Tokens/Prime/PrimeStorage.sol', 'PrimeStorageV1.nextScoreUpdateRoundId'), ('SV', 'contracts/Tokens/Prime/PrimeStorage.sol', 'PrimeStorageV1.pendingScoreUpdates')
 reader witnesses  -> 22
 storage exposures -> 2
[MV-SI candidate accb11d24bb2edc89241] {interests, markets}
 writer root       -> contracts/Tokens/Prime/Prime.sol::Prime.burn(address)
 writer effect     -> contracts/Tokens/Prime/Prime.sol:736
 written member    -> ('SV', 'contracts/Tokens/Prime/PrimeStorage.sol', 'PrimeStorageV1.interests')
 potentially stale -> ('SV', 'contracts/Tokens/Prime/PrimeStorage.sol', 'PrimeStorageV1.markets')
 reader witnesses  -> 1164
 storage exposures -> 2
[MV-SI candidate ad6c135a40ce1d2b7496] {interests, markets}
 writer root       -> contracts/Tokens/Prime/Prime.sol::Prime.accrueInterestAndUpdateScore(address,address)
 writer effect     -> contracts/Tokens/Prime/Prime.sol:786
 written member    -> ('SV', 'contracts/Tokens/Prime/PrimeStorage.sol', 'PrimeStorageV1.interests')
 potentially stale -> ('SV', 'contracts/Tokens/Prime/PrimeStorage.sol', 'PrimeStorageV1.markets')
 reader witnesses  -> 1116
 storage exposures -> 2
[MV-SI candidate ad82972134d99acff58f] {interests, markets}
 writer root       -> contracts/Tokens/Prime/Prime.sol::Prime.claim()
 writer effect     -> contracts/Tokens/Prime/Prime.sol:632
 written member    -> ('SV', 'contracts/Tokens/Prime/PrimeStorage.sol', 'PrimeStorageV1.interests')
 potentially stale -> ('SV', 'contracts/Tokens/Prime/PrimeStorage.sol', 'PrimeStorageV1.markets')
 reader witnesses  -> 1164
 storage exposures -> 2
[MV-SI candidate ae527f8a798bd163427d] {irrevocableLimit, revocableLimit, totalIrrevocable, totalRevocable}
 writer root       -> contracts/Tokens/Prime/Prime.sol::Prime.issue(bool,address[])
 writer effect     -> contracts/Tokens/Prime/Prime.sol:766
 written member    -> ('SV', 'contracts/Tokens/Prime/PrimeStorage.sol', 'PrimeStorageV1.totalIrrevocable')
 potentially stale -> ('SV', 'contracts/Tokens/Prime/PrimeStorage.sol', 'PrimeStorageV1.irrevocableLimit'), ('SV', 'contracts/Tokens/Prime/PrimeStorage.sol', 'PrimeStorageV1.revocableLimit'), ('SV', 'contracts/Tokens/Prime/PrimeStorage.sol', 'PrimeStorageV1.totalRevocable')
 reader witnesses  -> 24
 storage exposures -> 2
[MV-SI candidate af9ac9757f6ed6e6e3e0] {irrevocableLimit, revocableLimit, totalIrrevocable, totalRevocable}
 writer root       -> contracts/Tokens/Prime/Prime.sol::Prime.xvsUpdated(address)
 writer effect     -> contracts/Tokens/Prime/Prime.sol:745
 written member    -> ('SV', 'contracts/Tokens/Prime/PrimeStorage.sol', 'PrimeStorageV1.totalIrrevocable')
 potentially stale -> ('SV', 'contracts/Tokens/Prime/PrimeStorage.sol', 'PrimeStorageV1.irrevocableLimit'), ('SV', 'contracts/Tokens/Prime/PrimeStorage.sol', 'PrimeStorageV1.revocableLimit'), ('SV', 'contracts/Tokens/Prime/PrimeStorage.sol', 'PrimeStorageV1.totalRevocable')
 reader witnesses  -> 24
 storage exposures -> 2
[MV-SI candidate affff47fff8b14b353e6] {_initialized, _initializing}
 writer root       -> contracts/DelegateBorrowers/SwapDebtDelegate.sol::SwapDebtDelegate.initialize()
 writer effect     -> @openzeppelin/contracts-upgradeable/proxy/utils/Initializable.sol:92
 written member    -> ('SV', '@openzeppelin/contracts-upgradeable/proxy/utils/Initializable.sol', 'Initializable._initializing')
 potentially stale -> ('SV', '@openzeppelin/contracts-upgradeable/proxy/utils/Initializable.sol', 'Initializable._initialized')
 reader witnesses  -> 1
 storage exposures -> 1
[MV-SI candidate b007d104e827770db6f8] {tokenAmountAccrued, tokenDistributionSpeeds}
 writer root       -> contracts/Tokens/Prime/PrimeLiquidityProvider.sol::PrimeLiquidityProvider.releaseFunds(address)
 writer effect     -> contracts/Tokens/Prime/PrimeLiquidityProvider.sol:200
 written member    -> ('SV', 'contracts/Tokens/Prime/PrimeLiquidityProvider.sol', 'PrimeLiquidityProvider.tokenAmountAccrued')
 potentially stale -> ('SV', 'contracts/Tokens/Prime/PrimeLiquidityProvider.sol', 'PrimeLiquidityProvider.tokenDistributionSpeeds')
 reader witnesses  -> 6
 storage exposures -> 1
[MV-SI candidate b0c084c01b9dce5da7c9] {interests, markets}
 writer root       -> contracts/Tokens/Prime/Prime.sol::Prime.xvsUpdated(address)
 writer effect     -> contracts/Tokens/Prime/Prime.sol:733
 written member    -> ('SV', 'contracts/Tokens/Prime/PrimeStorage.sol', 'PrimeStorageV1.markets')
 potentially stale -> ('SV', 'contracts/Tokens/Prime/PrimeStorage.sol', 'PrimeStorageV1.interests')
 reader witnesses  -> 288
 storage exposures -> 2
[MV-SI candidate b11c737fc518cad2b897] {unreleasedPLPIncome, unreleasedPSRIncome}
 writer root       -> contracts/Tokens/Prime/Prime.sol::Prime.claimInterest(address,address)
 writer effect     -> contracts/Tokens/Prime/Prime.sol:688
 written member    -> ('SV', 'contracts/Tokens/Prime/PrimeStorage.sol', 'PrimeStorageV1.unreleasedPLPIncome')
 potentially stale -> ('SV', 'contracts/Tokens/Prime/PrimeStorage.sol', 'PrimeStorageV1.unreleasedPSRIncome')
 reader witnesses  -> 26
 storage exposures -> 2
[MV-SI candidate b2b25b4640a1d92c8dbb] {interests, markets}
 writer root       -> contracts/Tokens/Prime/Prime.sol::Prime.accrueInterestAndUpdateScore(address,address)
 writer effect     -> contracts/Tokens/Prime/Prime.sol:785
 written member    -> ('SV', 'contracts/Tokens/Prime/PrimeStorage.sol', 'PrimeStorageV1.interests')
 potentially stale -> ('SV', 'contracts/Tokens/Prime/PrimeStorage.sol', 'PrimeStorageV1.markets')
 reader witnesses  -> 1116
 storage exposures -> 2
[MV-SI candidate b38595f3465eaf33f920] {stakedAt, tokens}
 writer root       -> contracts/Tokens/Prime/Prime.sol::Prime.issue(bool,address[])
 writer effect     -> contracts/Tokens/Prime/Prime.sol:708
 written member    -> ('SV', 'contracts/Tokens/Prime/PrimeStorage.sol', 'PrimeStorageV1.tokens')
 potentially stale -> ('SV', 'contracts/Tokens/Prime/PrimeStorage.sol', 'PrimeStorageV1.stakedAt')
 reader witnesses  -> 20
 storage exposures -> 2
[MV-SI candidate b4e8d9212ef1cb8d65c7] {vaiMintCap, vaiMinted}
 writer root       -> contracts/PegStability/PegStability.sol::PegStability.swapVAIForStable(address,uint256)
 writer effect     -> contracts/PegStability/PegStability.sol:216
 written member    -> ('SV', 'contracts/PegStability/PegStability.sol', 'PegStability.vaiMinted')
 potentially stale -> ('SV', 'contracts/PegStability/PegStability.sol', 'PegStability.vaiMintCap')
 reader witnesses  -> 1
 storage exposures -> 1
[MV-SI candidate b6e534af8ebc9475fd9c] {unreleasedPLPIncome, unreleasedPSRIncome}
 writer root       -> contracts/Tokens/Prime/Prime.sol::Prime.claimInterest(address,address)
 writer effect     -> contracts/Tokens/Prime/Prime.sol:580
 written member    -> ('SV', 'contracts/Tokens/Prime/PrimeStorage.sol', 'PrimeStorageV1.unreleasedPSRIncome')
 potentially stale -> ('SV', 'contracts/Tokens/Prime/PrimeStorage.sol', 'PrimeStorageV1.unreleasedPLPIncome')
 reader witnesses  -> 26
 storage exposures -> 2
[MV-SI candidate b9b1d1371b15a62e7661] {vaiMintCap, vaiMinted}
 writer root       -> contracts/PegStability/PegStability.sol::PegStability.swapStableForVAI(address,uint256)
 writer effect     -> contracts/PegStability/PegStability.sol:266
 written member    -> ('SV', 'contracts/PegStability/PegStability.sol', 'PegStability.vaiMinted')
 potentially stale -> ('SV', 'contracts/PegStability/PegStability.sol', 'PegStability.vaiMintCap')
 reader witnesses  -> 1
 storage exposures -> 1
[MV-SI candidate b9e9285be690fe2f5b37] {markets, tokens}
 writer root       -> contracts/Tokens/Prime/Prime.sol::Prime.getInterestAccrued(address,address)
 writer effect     -> contracts/Tokens/Prime/Prime.sol:588
 written member    -> ('SV', 'contracts/Tokens/Prime/PrimeStorage.sol', 'PrimeStorageV1.markets')
 potentially stale -> ('SV', 'contracts/Tokens/Prime/PrimeStorage.sol', 'PrimeStorageV1.tokens')
 reader witnesses  -> 116
 storage exposures -> 2
[MV-SI candidate bacbd983f8f9b3425d34] {interests, markets}
 writer root       -> contracts/Tokens/Prime/Prime.sol::Prime.getInterestAccrued(address,address)
 writer effect     -> contracts/Tokens/Prime/Prime.sol:588
 written member    -> ('SV', 'contracts/Tokens/Prime/PrimeStorage.sol', 'PrimeStorageV1.markets')
 potentially stale -> ('SV', 'contracts/Tokens/Prime/PrimeStorage.sol', 'PrimeStorageV1.interests')
 reader witnesses  -> 312
 storage exposures -> 2
[MV-SI candidate bb3e2d4f6f1d0dc369ba] {allMarkets, markets}
 writer root       -> contracts/Tokens/Prime/Prime.sol::Prime.getInterestAccrued(address,address)
 writer effect     -> contracts/Tokens/Prime/Prime.sol:588
 written member    -> ('SV', 'contracts/Tokens/Prime/PrimeStorage.sol', 'PrimeStorageV1.markets')
 potentially stale -> ('SV', 'contracts/Tokens/Prime/PrimeStorage.sol', 'PrimeStorageV1.allMarkets')
 reader witnesses  -> 40
 storage exposures -> 2
[MV-SI candidate bb473bb06e9d5afa167c] {allowedLiquidatorsByAccount, liquidationRestricted}
 writer root       -> contracts/Liquidator/Liquidator.sol::Liquidator.unrestrictLiquidation(address)
 writer effect     -> contracts/Liquidator/Liquidator.sol:161
 written member    -> ('SV', 'contracts/Liquidator/Liquidator.sol', 'Liquidator.liquidationRestricted')
 potentially stale -> ('SV', 'contracts/Liquidator/Liquidator.sol', 'Liquidator.allowedLiquidatorsByAccount')
 reader witnesses  -> 6
 storage exposures -> 2
[MV-SI candidate bc169ca8833dbefaa05c] {interests, markets}
 writer root       -> contracts/Tokens/Prime/Prime.sol::Prime.xvsUpdated(address)
 writer effect     -> contracts/Tokens/Prime/Prime.sol:801
 written member    -> ('SV', 'contracts/Tokens/Prime/PrimeStorage.sol', 'PrimeStorageV1.interests')
 potentially stale -> ('SV', 'contracts/Tokens/Prime/PrimeStorage.sol', 'PrimeStorageV1.markets')
 reader witnesses  -> 1164
 storage exposures -> 2
[MV-SI candidate bc5cb1898fc706a7145e] {isScoreUpdated, nextScoreUpdateRoundId, pendingScoreUpdates}
 writer root       -> contracts/Tokens/Prime/Prime.sol::Prime.burn(address)
 writer effect     -> contracts/Tokens/Prime/Prime.sol:831
 written member    -> ('SV', 'contracts/Tokens/Prime/PrimeStorage.sol', 'PrimeStorageV1.pendingScoreUpdates')
 potentially stale -> ('SV', 'contracts/Tokens/Prime/PrimeStorage.sol', 'PrimeStorageV1.isScoreUpdated'), ('SV', 'contracts/Tokens/Prime/PrimeStorage.sol', 'PrimeStorageV1.nextScoreUpdateRoundId')
 reader witnesses  -> 14
 storage exposures -> 2
[MV-SI candidate bdb0ca242700f794ef96] {_initialized, _initializing}
 writer root       -> contracts/Liquidator/Liquidator.sol::Liquidator.initialize(uint256)
 writer effect     -> @openzeppelin/contracts-upgradeable/proxy/utils/Initializable.sol:90
 written member    -> ('SV', '@openzeppelin/contracts-upgradeable/proxy/utils/Initializable.sol', 'Initializable._initialized')
 potentially stale -> ('SV', '@openzeppelin/contracts-upgradeable/proxy/utils/Initializable.sol', 'Initializable._initializing')
 reader witnesses  -> 2
 storage exposures -> 1
[MV-SI candidate bf4b0b1ed3ecd1b27ac7] {allMarkets, markets}
 writer root       -> contracts/Tokens/Prime/Prime.sol::Prime.accrueInterestAndUpdateScore(address,address)
 writer effect     -> contracts/Tokens/Prime/Prime.sol:588
 written member    -> ('SV', 'contracts/Tokens/Prime/PrimeStorage.sol', 'PrimeStorageV1.markets')
 potentially stale -> ('SV', 'contracts/Tokens/Prime/PrimeStorage.sol', 'PrimeStorageV1.allMarkets')
 reader witnesses  -> 40
 storage exposures -> 2
[MV-SI candidate c2234f795672f2b4eab5] {markets, tokens}
 writer root       -> contracts/Tokens/Prime/Prime.sol::Prime.updateMultipliers(address,uint256,uint256)
 writer effect     -> contracts/Tokens/Prime/Prime.sol:588
 written member    -> ('SV', 'contracts/Tokens/Prime/PrimeStorage.sol', 'PrimeStorageV1.markets')
 potentially stale -> ('SV', 'contracts/Tokens/Prime/PrimeStorage.sol', 'PrimeStorageV1.tokens')
 reader witnesses  -> 116
 storage exposures -> 2
[MV-SI candidate c3075de7fda076a2a830] {vaiMintCap, vaiMinted}
 writer root       -> contracts/PegStability/PegStability.sol::PegStability.setVAIMintCap(uint256)
 writer effect     -> contracts/PegStability/PegStability.sol:353
 written member    -> ('SV', 'contracts/PegStability/PegStability.sol', 'PegStability.vaiMintCap')
 potentially stale -> ('SV', 'contracts/PegStability/PegStability.sol', 'PegStability.vaiMinted')
 reader witnesses  -> 4
 storage exposures -> 1
[MV-SI candidate c3d6ff87b00dc90a91ec] {lastAccruedBlock, tokenAmountAccrued, tokenDistributionSpeeds}
 writer root       -> contracts/Tokens/Prime/PrimeLiquidityProvider.sol::PrimeLiquidityProvider.initialize(address,address[],uint256[])
 writer effect     -> contracts/Tokens/Prime/PrimeLiquidityProvider.sol:266
 written member    -> ('SV', 'contracts/Tokens/Prime/PrimeLiquidityProvider.sol', 'PrimeLiquidityProvider.tokenAmountAccrued')
 potentially stale -> ('SV', 'contracts/Tokens/Prime/PrimeLiquidityProvider.sol', 'PrimeLiquidityProvider.lastAccruedBlock'), ('SV', 'contracts/Tokens/Prime/PrimeLiquidityProvider.sol', 'PrimeLiquidityProvider.tokenDistributionSpeeds')
 reader witnesses  -> 16
 storage exposures -> 1
[MV-SI candidate c4791f4873a0a5267454] {interests, markets}
 writer root       -> contracts/Tokens/Prime/Prime.sol::Prime.claimInterest(address)
 writer effect     -> contracts/Tokens/Prime/Prime.sol:677
 written member    -> ('SV', 'contracts/Tokens/Prime/PrimeStorage.sol', 'PrimeStorageV1.interests')
 potentially stale -> ('SV', 'contracts/Tokens/Prime/PrimeStorage.sol', 'PrimeStorageV1.markets')
 reader witnesses  -> 1164
 storage exposures -> 2
[MV-SI candidate c4cfeb9ccadc8054729e] {interests, markets}
 writer root       -> contracts/Tokens/Prime/Prime.sol::Prime.addMarket(address,uint256,uint256)
 writer effect     -> contracts/Tokens/Prime/Prime.sol:295
 written member    -> ('SV', 'contracts/Tokens/Prime/PrimeStorage.sol', 'PrimeStorageV1.markets')
 potentially stale -> ('SV', 'contracts/Tokens/Prime/PrimeStorage.sol', 'PrimeStorageV1.interests')
 reader witnesses  -> 312
 storage exposures -> 2
[MV-SI candidate c76b859c16535dcea5ea] {unreleasedPLPIncome, unreleasedPSRIncome}
 writer root       -> contracts/Tokens/Prime/Prime.sol::Prime.claim()
 writer effect     -> contracts/Tokens/Prime/Prime.sol:580
 written member    -> ('SV', 'contracts/Tokens/Prime/PrimeStorage.sol', 'PrimeStorageV1.unreleasedPSRIncome')
 potentially stale -> ('SV', 'contracts/Tokens/Prime/PrimeStorage.sol', 'PrimeStorageV1.unreleasedPLPIncome')
 reader witnesses  -> 26
 storage exposures -> 2
[MV-SI candidate c8122a163c775513806c] {irrevocableLimit, revocableLimit, totalIrrevocable, totalRevocable}
 writer root       -> contracts/Tokens/Prime/Prime.sol::Prime.claim()
 writer effect     -> contracts/Tokens/Prime/Prime.sol:713
 written member    -> ('SV', 'contracts/Tokens/Prime/PrimeStorage.sol', 'PrimeStorageV1.totalRevocable')
 potentially stale -> ('SV', 'contracts/Tokens/Prime/PrimeStorage.sol', 'PrimeStorageV1.irrevocableLimit'), ('SV', 'contracts/Tokens/Prime/PrimeStorage.sol', 'PrimeStorageV1.revocableLimit'), ('SV', 'contracts/Tokens/Prime/PrimeStorage.sol', 'PrimeStorageV1.totalIrrevocable')
 reader witnesses  -> 24
 storage exposures -> 2
[MV-SI candidate c87306bbfe4c435b1df1] {stakedAt, tokens}
 writer root       -> contracts/Tokens/Prime/Prime.sol::Prime.issue(bool,address[])
 writer effect     -> contracts/Tokens/Prime/Prime.sol:765
 written member    -> ('SV', 'contracts/Tokens/Prime/PrimeStorage.sol', 'PrimeStorageV1.tokens')
 potentially stale -> ('SV', 'contracts/Tokens/Prime/PrimeStorage.sol', 'PrimeStorageV1.stakedAt')
 reader witnesses  -> 20
 storage exposures -> 2
[MV-SI candidate c9ba59ad7b7fc20d8b81] {totalIrrevocable, totalRevocable}
 writer root       -> contracts/Tokens/Prime/Prime.sol::Prime.issue(bool,address[])
 writer effect     -> contracts/Tokens/Prime/Prime.sol:766
 written member    -> ('SV', 'contracts/Tokens/Prime/PrimeStorage.sol', 'PrimeStorageV1.totalIrrevocable')
 potentially stale -> ('SV', 'contracts/Tokens/Prime/PrimeStorage.sol', 'PrimeStorageV1.totalRevocable')
 reader witnesses  -> 22
 storage exposures -> 2
[MV-SI candidate c9e7498d3c3320a39143] {isScoreUpdated, nextScoreUpdateRoundId, pendingScoreUpdates}
 writer root       -> contracts/Tokens/Prime/Prime.sol::Prime.updateMultipliers(address,uint256,uint256)
 writer effect     -> contracts/Tokens/Prime/Prime.sol:819
 written member    -> ('SV', 'contracts/Tokens/Prime/PrimeStorage.sol', 'PrimeStorageV1.nextScoreUpdateRoundId')
 potentially stale -> ('SV', 'contracts/Tokens/Prime/PrimeStorage.sol', 'PrimeStorageV1.isScoreUpdated'), ('SV', 'contracts/Tokens/Prime/PrimeStorage.sol', 'PrimeStorageV1.pendingScoreUpdates')
 reader witnesses  -> 14
 storage exposures -> 2
[MV-SI candidate ca1b02a7081497e5867f] {interests, markets}
 writer root       -> contracts/Tokens/Prime/Prime.sol::Prime.updateMultipliers(address,uint256,uint256)
 writer effect     -> contracts/Tokens/Prime/Prime.sol:588
 written member    -> ('SV', 'contracts/Tokens/Prime/PrimeStorage.sol', 'PrimeStorageV1.markets')
 potentially stale -> ('SV', 'contracts/Tokens/Prime/PrimeStorage.sol', 'PrimeStorageV1.interests')
 reader witnesses  -> 312
 storage exposures -> 2
[MV-SI candidate ca243deeb5f3091d2047] {interests, markets}
 writer root       -> contracts/Tokens/Prime/Prime.sol::Prime.accrueInterestAndUpdateScore(address,address)
 writer effect     -> contracts/Tokens/Prime/Prime.sol:801
 written member    -> ('SV', 'contracts/Tokens/Prime/PrimeStorage.sol', 'PrimeStorageV1.interests')
 potentially stale -> ('SV', 'contracts/Tokens/Prime/PrimeStorage.sol', 'PrimeStorageV1.markets')
 reader witnesses  -> 1164
 storage exposures -> 2
[MV-SI candidate ca4ff1ec07621db92f88] {_initialized, _initializing}
 writer root       -> contracts/Tokens/Prime/PrimeLiquidityProvider.sol::PrimeLiquidityProvider.initialize(address,address[],uint256[])
 writer effect     -> @openzeppelin/contracts-upgradeable/proxy/utils/Initializable.sol:92
 written member    -> ('SV', '@openzeppelin/contracts-upgradeable/proxy/utils/Initializable.sol', 'Initializable._initializing')
 potentially stale -> ('SV', '@openzeppelin/contracts-upgradeable/proxy/utils/Initializable.sol', 'Initializable._initialized')
 reader witnesses  -> 1
 storage exposures -> 1
[MV-SI candidate cacdf36d2dac9b71e7f0] {unreleasedPLPIncome, unreleasedPSRIncome}
 writer root       -> contracts/Tokens/Prime/Prime.sol::Prime.xvsUpdated(address)
 writer effect     -> contracts/Tokens/Prime/Prime.sol:580
 written member    -> ('SV', 'contracts/Tokens/Prime/PrimeStorage.sol', 'PrimeStorageV1.unreleasedPSRIncome')
 potentially stale -> ('SV', 'contracts/Tokens/Prime/PrimeStorage.sol', 'PrimeStorageV1.unreleasedPLPIncome')
 reader witnesses  -> 26
 storage exposures -> 2
[MV-SI candidate cbbedc9e736bcd26dafe] {stakedAt, tokens}
 writer root       -> contracts/Tokens/Prime/Prime.sol::Prime.xvsUpdated(address)
 writer effect     -> contracts/Tokens/Prime/Prime.sol:751
 written member    -> ('SV', 'contracts/Tokens/Prime/PrimeStorage.sol', 'PrimeStorageV1.tokens')
 potentially stale -> ('SV', 'contracts/Tokens/Prime/PrimeStorage.sol', 'PrimeStorageV1.stakedAt')
 reader witnesses  -> 20
 storage exposures -> 2
[MV-SI candidate cc9624998aedf71dcc87] {markets, tokens}
 writer root       -> contracts/Tokens/Prime/Prime.sol::Prime.accrueInterestAndUpdateScore(address,address)
 writer effect     -> contracts/Tokens/Prime/Prime.sol:800
 written member    -> ('SV', 'contracts/Tokens/Prime/PrimeStorage.sol', 'PrimeStorageV1.markets')
 potentially stale -> ('SV', 'contracts/Tokens/Prime/PrimeStorage.sol', 'PrimeStorageV1.tokens')
 reader witnesses  -> 116
 storage exposures -> 2
[MV-SI candidate ccc18432ffcface16e29] {isScoreUpdated, nextScoreUpdateRoundId}
 writer root       -> contracts/Tokens/Prime/Prime.sol::Prime.updateAlpha(uint128,uint128)
 writer effect     -> contracts/Tokens/Prime/Prime.sol:819
 written member    -> ('SV', 'contracts/Tokens/Prime/PrimeStorage.sol', 'PrimeStorageV1.nextScoreUpdateRoundId')
 potentially stale -> ('SV', 'contracts/Tokens/Prime/PrimeStorage.sol', 'PrimeStorageV1.isScoreUpdated')
 reader witnesses  -> 6
 storage exposures -> 2
[MV-SI candidate cdf53e3556ec2484aa17] {vaiMintCap, vaiMinted}
 writer root       -> contracts/PegStability/PegStability.sol::PegStability.initialize(address,address,address,uint256,uint256,uint256)
 writer effect     -> contracts/PegStability/PegStability.sol:182
 written member    -> ('SV', 'contracts/PegStability/PegStability.sol', 'PegStability.vaiMintCap')
 potentially stale -> ('SV', 'contracts/PegStability/PegStability.sol', 'PegStability.vaiMinted')
 reader witnesses  -> 4
 storage exposures -> 1
[MV-SI candidate cec2072c48706b7556d2] {unreleasedPLPIncome, unreleasedPSRIncome}
 writer root       -> contracts/Tokens/Prime/Prime.sol::Prime.claim()
 writer effect     -> contracts/Tokens/Prime/Prime.sol:581
 written member    -> ('SV', 'contracts/Tokens/Prime/PrimeStorage.sol', 'PrimeStorageV1.unreleasedPLPIncome')
 potentially stale -> ('SV', 'contracts/Tokens/Prime/PrimeStorage.sol', 'PrimeStorageV1.unreleasedPSRIncome')
 reader witnesses  -> 26
 storage exposures -> 2
[MV-SI candidate cfb710c84ecf78ae6e34] {feeIn, feeOut}
 writer root       -> contracts/PegStability/PegStability.sol::PegStability.setFeeOut(uint256)
 writer effect     -> contracts/PegStability/PegStability.sol:341
 written member    -> ('SV', 'contracts/PegStability/PegStability.sol', 'PegStability.feeOut')
 potentially stale -> ('SV', 'contracts/PegStability/PegStability.sol', 'PegStability.feeIn')
 reader witnesses  -> 12
 storage exposures -> 1
[MV-SI candidate d091278594c1e4251bc0] {stakedAt, tokens}
 writer root       -> contracts/Tokens/Prime/Prime.sol::Prime.burn(address)
 writer effect     -> contracts/Tokens/Prime/Prime.sol:751
 written member    -> ('SV', 'contracts/Tokens/Prime/PrimeStorage.sol', 'PrimeStorageV1.tokens')
 potentially stale -> ('SV', 'contracts/Tokens/Prime/PrimeStorage.sol', 'PrimeStorageV1.stakedAt')
 reader witnesses  -> 20
 storage exposures -> 2
[MV-SI candidate d0a0c0598bdb7757004f] {_initialized, _initializing}
 writer root       -> contracts/test/MockProtocolShareReserve.sol::MockProtocolShareReserve.initialize(address,uint256)
 writer effect     -> @openzeppelin/contracts-upgradeable/proxy/utils/Initializable.sol:96
 written member    -> ('SV', '@openzeppelin/contracts-upgradeable/proxy/utils/Initializable.sol', 'Initializable._initializing')
 potentially stale -> ('SV', '@openzeppelin/contracts-upgradeable/proxy/utils/Initializable.sol', 'Initializable._initialized')
 reader witnesses  -> 1
 storage exposures -> 1
[MV-SI candidate d582ec7c626e6eabfa59] {irrevocableLimit, revocableLimit, totalIrrevocable, totalRevocable}
 writer root       -> contracts/Tokens/Prime/Prime.sol::Prime.setLimit(uint256,uint256)
 writer effect     -> contracts/Tokens/Prime/Prime.sol:323
 written member    -> ('SV', 'contracts/Tokens/Prime/PrimeStorage.sol', 'PrimeStorageV1.irrevocableLimit')
 potentially stale -> ('SV', 'contracts/Tokens/Prime/PrimeStorage.sol', 'PrimeStorageV1.revocableLimit'), ('SV', 'contracts/Tokens/Prime/PrimeStorage.sol', 'PrimeStorageV1.totalIrrevocable'), ('SV', 'contracts/Tokens/Prime/PrimeStorage.sol', 'PrimeStorageV1.totalRevocable')
 reader witnesses  -> 34
 storage exposures -> 2
[MV-SI candidate d5bbe855f39b436f88c7] {isScoreUpdated, nextScoreUpdateRoundId, pendingScoreUpdates}
 writer root       -> contracts/Tokens/Prime/Prime.sol::Prime.addMarket(address,uint256,uint256)
 writer effect     -> contracts/Tokens/Prime/Prime.sol:821
 written member    -> ('SV', 'contracts/Tokens/Prime/PrimeStorage.sol', 'PrimeStorageV1.pendingScoreUpdates')
 potentially stale -> ('SV', 'contracts/Tokens/Prime/PrimeStorage.sol', 'PrimeStorageV1.isScoreUpdated'), ('SV', 'contracts/Tokens/Prime/PrimeStorage.sol', 'PrimeStorageV1.nextScoreUpdateRoundId')
 reader witnesses  -> 14
 storage exposures -> 2
[MV-SI candidate d63d4e37626e7e1ae61f] {interests, markets}
 writer root       -> contracts/Tokens/Prime/Prime.sol::Prime.updateScores(address[])
 writer effect     -> contracts/Tokens/Prime/Prime.sol:801
 written member    -> ('SV', 'contracts/Tokens/Prime/PrimeStorage.sol', 'PrimeStorageV1.interests')
 potentially stale -> ('SV', 'contracts/Tokens/Prime/PrimeStorage.sol', 'PrimeStorageV1.markets')
 reader witnesses  -> 1164
 storage exposures -> 2
[MV-SI candidate d6934b2dd7dcd8413e50] {lastAccruedBlock, tokenAmountAccrued, tokenDistributionSpeeds}
 writer root       -> contracts/Tokens/Prime/PrimeLiquidityProvider.sol::PrimeLiquidityProvider.setTokensDistributionSpeed(address[],uint256[])
 writer effect     -> contracts/Tokens/Prime/PrimeLiquidityProvider.sol:266
 written member    -> ('SV', 'contracts/Tokens/Prime/PrimeLiquidityProvider.sol', 'PrimeLiquidityProvider.tokenAmountAccrued')
 potentially stale -> ('SV', 'contracts/Tokens/Prime/PrimeLiquidityProvider.sol', 'PrimeLiquidityProvider.lastAccruedBlock'), ('SV', 'contracts/Tokens/Prime/PrimeLiquidityProvider.sol', 'PrimeLiquidityProvider.tokenDistributionSpeeds')
 reader witnesses  -> 16
 storage exposures -> 1
[MV-SI candidate d72db2130972a92b94d8] {_initialized, _initializing}
 writer root       -> contracts/Tokens/Prime/PrimeLiquidityProvider.sol::PrimeLiquidityProvider.initialize(address,address[],uint256[])
 writer effect     -> @openzeppelin/contracts-upgradeable/proxy/utils/Initializable.sol:90
 written member    -> ('SV', '@openzeppelin/contracts-upgradeable/proxy/utils/Initializable.sol', 'Initializable._initialized')
 potentially stale -> ('SV', '@openzeppelin/contracts-upgradeable/proxy/utils/Initializable.sol', 'Initializable._initializing')
 reader witnesses  -> 2
 storage exposures -> 1
[MV-SI candidate d764d5fd03e35b020974] {isScoreUpdated, nextScoreUpdateRoundId, pendingScoreUpdates}
 writer root       -> contracts/Tokens/Prime/Prime.sol::Prime.xvsUpdated(address)
 writer effect     -> contracts/Tokens/Prime/Prime.sol:831
 written member    -> ('SV', 'contracts/Tokens/Prime/PrimeStorage.sol', 'PrimeStorageV1.pendingScoreUpdates')
 potentially stale -> ('SV', 'contracts/Tokens/Prime/PrimeStorage.sol', 'PrimeStorageV1.isScoreUpdated'), ('SV', 'contracts/Tokens/Prime/PrimeStorage.sol', 'PrimeStorageV1.nextScoreUpdateRoundId')
 reader witnesses  -> 14
 storage exposures -> 2
[MV-SI candidate dbc877e8da4ef674d475] {isScoreUpdated, nextScoreUpdateRoundId, pendingScoreUpdates}
 writer root       -> contracts/Tokens/Prime/Prime.sol::Prime.updateAlpha(uint128,uint128)
 writer effect     -> contracts/Tokens/Prime/Prime.sol:819
 written member    -> ('SV', 'contracts/Tokens/Prime/PrimeStorage.sol', 'PrimeStorageV1.nextScoreUpdateRoundId')
 potentially stale -> ('SV', 'contracts/Tokens/Prime/PrimeStorage.sol', 'PrimeStorageV1.isScoreUpdated'), ('SV', 'contracts/Tokens/Prime/PrimeStorage.sol', 'PrimeStorageV1.pendingScoreUpdates')
 reader witnesses  -> 14
 storage exposures -> 2
[MV-SI candidate dbfad5a942b9f2127c42] {irrevocableLimit, revocableLimit, totalIrrevocable, totalRevocable}
 writer root       -> contracts/Tokens/Prime/Prime.sol::Prime.xvsUpdated(address)
 writer effect     -> contracts/Tokens/Prime/Prime.sol:747
 written member    -> ('SV', 'contracts/Tokens/Prime/PrimeStorage.sol', 'PrimeStorageV1.totalRevocable')
 potentially stale -> ('SV', 'contracts/Tokens/Prime/PrimeStorage.sol', 'PrimeStorageV1.irrevocableLimit'), ('SV', 'contracts/Tokens/Prime/PrimeStorage.sol', 'PrimeStorageV1.revocableLimit'), ('SV', 'contracts/Tokens/Prime/PrimeStorage.sol', 'PrimeStorageV1.totalIrrevocable')
 reader witnesses  -> 24
 storage exposures -> 2
[MV-SI candidate dc5e823bad61a8bafd4a] {totalIrrevocable, totalRevocable}
 writer root       -> contracts/Tokens/Prime/Prime.sol::Prime.issue(bool,address[])
 writer effect     -> contracts/Tokens/Prime/Prime.sol:711
 written member    -> ('SV', 'contracts/Tokens/Prime/PrimeStorage.sol', 'PrimeStorageV1.totalIrrevocable')
 potentially stale -> ('SV', 'contracts/Tokens/Prime/PrimeStorage.sol', 'PrimeStorageV1.totalRevocable')
 reader witnesses  -> 22
 storage exposures -> 2
[MV-SI candidate dcfa0183699282ca34c6] {interests, markets}
 writer root       -> contracts/Tokens/Prime/Prime.sol::Prime.accrueInterestAndUpdateScore(address,address)
 writer effect     -> contracts/Tokens/Prime/Prime.sol:800
 written member    -> ('SV', 'contracts/Tokens/Prime/PrimeStorage.sol', 'PrimeStorageV1.markets')
 potentially stale -> ('SV', 'contracts/Tokens/Prime/PrimeStorage.sol', 'PrimeStorageV1.interests')
 reader witnesses  -> 276
 storage exposures -> 2
[MV-SI candidate ddc986c54a3b11db25e9] {_initialized, _initializing}
 writer root       -> contracts/DelegateBorrowers/SwapDebtDelegate.sol::SwapDebtDelegate.initialize()
 writer effect     -> @openzeppelin/contracts-upgradeable/proxy/utils/Initializable.sol:96
 written member    -> ('SV', '@openzeppelin/contracts-upgradeable/proxy/utils/Initializable.sol', 'Initializable._initializing')
 potentially stale -> ('SV', '@openzeppelin/contracts-upgradeable/proxy/utils/Initializable.sol', 'Initializable._initialized')
 reader witnesses  -> 1
 storage exposures -> 1
[MV-SI candidate de69359e443064b4b690] {unreleasedPLPIncome, unreleasedPSRIncome}
 writer root       -> contracts/Tokens/Prime/Prime.sol::Prime.updateAlpha(uint128,uint128)
 writer effect     -> contracts/Tokens/Prime/Prime.sol:581
 written member    -> ('SV', 'contracts/Tokens/Prime/PrimeStorage.sol', 'PrimeStorageV1.unreleasedPLPIncome')
 potentially stale -> ('SV', 'contracts/Tokens/Prime/PrimeStorage.sol', 'PrimeStorageV1.unreleasedPSRIncome')
 reader witnesses  -> 26
 storage exposures -> 2
[MV-SI candidate de9a2550f55972934d15] {lastAccruedBlock, tokenAmountAccrued, tokenDistributionSpeeds}
 writer root       -> contracts/Tokens/Prime/PrimeLiquidityProvider.sol::PrimeLiquidityProvider.setTokensDistributionSpeed(address[],uint256[])
 writer effect     -> contracts/Tokens/Prime/PrimeLiquidityProvider.sol:270
 written member    -> ('SV', 'contracts/Tokens/Prime/PrimeLiquidityProvider.sol', 'PrimeLiquidityProvider.lastAccruedBlock')
 potentially stale -> ('SV', 'contracts/Tokens/Prime/PrimeLiquidityProvider.sol', 'PrimeLiquidityProvider.tokenAmountAccrued'), ('SV', 'contracts/Tokens/Prime/PrimeLiquidityProvider.sol', 'PrimeLiquidityProvider.tokenDistributionSpeeds')
 reader witnesses  -> 14
 storage exposures -> 1
[MV-SI candidate df75da6742f20ee34b51] {allMarkets, markets}
 writer root       -> contracts/Tokens/Prime/Prime.sol::Prime.xvsUpdated(address)
 writer effect     -> contracts/Tokens/Prime/Prime.sol:800
 written member    -> ('SV', 'contracts/Tokens/Prime/PrimeStorage.sol', 'PrimeStorageV1.markets')
 potentially stale -> ('SV', 'contracts/Tokens/Prime/PrimeStorage.sol', 'PrimeStorageV1.allMarkets')
 reader witnesses  -> 40
 storage exposures -> 2
[MV-SI candidate dfdbbab842017e5f0e7b] {markets, tokens}
 writer root       -> contracts/Tokens/Prime/Prime.sol::Prime.xvsUpdated(address)
 writer effect     -> contracts/Tokens/Prime/Prime.sol:750
 written member    -> ('SV', 'contracts/Tokens/Prime/PrimeStorage.sol', 'PrimeStorageV1.tokens')
 potentially stale -> ('SV', 'contracts/Tokens/Prime/PrimeStorage.sol', 'PrimeStorageV1.markets')
 reader witnesses  -> 388
 storage exposures -> 2
[MV-SI candidate dff025ae66432e22a1f0] {_initialized, _initializing}
 writer root       -> contracts/Tokens/Prime/Prime.sol::Prime.initialize(address,address,uint256,uint128,uint128,address,address,address,address,address,uint256)
 writer effect     -> @openzeppelin/contracts-upgradeable/proxy/utils/Initializable.sol:96
 written member    -> ('SV', '@openzeppelin/contracts-upgradeable/proxy/utils/Initializable.sol', 'Initializable._initializing')
 potentially stale -> ('SV', '@openzeppelin/contracts-upgradeable/proxy/utils/Initializable.sol', 'Initializable._initialized')
 reader witnesses  -> 2
 storage exposures -> 2
[MV-SI candidate e13ea61bf82d6f9b4056] {tokenAmountAccrued, tokenDistributionSpeeds}
 writer root       -> contracts/Tokens/Prime/PrimeLiquidityProvider.sol::PrimeLiquidityProvider.setTokensDistributionSpeed(address[],uint256[])
 writer effect     -> contracts/Tokens/Prime/PrimeLiquidityProvider.sol:266
 written member    -> ('SV', 'contracts/Tokens/Prime/PrimeLiquidityProvider.sol', 'PrimeLiquidityProvider.tokenAmountAccrued')
 potentially stale -> ('SV', 'contracts/Tokens/Prime/PrimeLiquidityProvider.sol', 'PrimeLiquidityProvider.tokenDistributionSpeeds')
 reader witnesses  -> 6
 storage exposures -> 1
[MV-SI candidate e1d675b23d909e7c058c] {markets, tokens}
 writer root       -> contracts/Tokens/Prime/Prime.sol::Prime.updateMultipliers(address,uint256,uint256)
 writer effect     -> contracts/Tokens/Prime/Prime.sol:277
 written member    -> ('SV', 'contracts/Tokens/Prime/PrimeStorage.sol', 'PrimeStorageV1.markets')
 potentially stale -> ('SV', 'contracts/Tokens/Prime/PrimeStorage.sol', 'PrimeStorageV1.tokens')
 reader witnesses  -> 116
 storage exposures -> 2
[MV-SI candidate e305d43d44c5da875f3c] {unreleasedPLPIncome, unreleasedPSRIncome}
 writer root       -> contracts/Tokens/Prime/Prime.sol::Prime.getPendingInterests(address)
 writer effect     -> contracts/Tokens/Prime/Prime.sol:580
 written member    -> ('SV', 'contracts/Tokens/Prime/PrimeStorage.sol', 'PrimeStorageV1.unreleasedPSRIncome')
 potentially stale -> ('SV', 'contracts/Tokens/Prime/PrimeStorage.sol', 'PrimeStorageV1.unreleasedPLPIncome')
 reader witnesses  -> 26
 storage exposures -> 2
[MV-SI candidate e36d641bc00f24e18f99] {lastAccruedBlock, tokenAmountAccrued, tokenDistributionSpeeds}
 writer root       -> contracts/Tokens/Prime/PrimeLiquidityProvider.sol::PrimeLiquidityProvider.releaseFunds(address)
 writer effect     -> contracts/Tokens/Prime/PrimeLiquidityProvider.sol:270
 written member    -> ('SV', 'contracts/Tokens/Prime/PrimeLiquidityProvider.sol', 'PrimeLiquidityProvider.lastAccruedBlock')
 potentially stale -> ('SV', 'contracts/Tokens/Prime/PrimeLiquidityProvider.sol', 'PrimeLiquidityProvider.tokenAmountAccrued'), ('SV', 'contracts/Tokens/Prime/PrimeLiquidityProvider.sol', 'PrimeLiquidityProvider.tokenDistributionSpeeds')
 reader witnesses  -> 14
 storage exposures -> 1
[MV-SI candidate e446bc1853eb83d77743] {lastAccruedBlock, tokenAmountAccrued, tokenDistributionSpeeds}
 writer root       -> contracts/Tokens/Prime/PrimeLiquidityProvider.sol::PrimeLiquidityProvider.setTokensDistributionSpeed(address[],uint256[])
 writer effect     -> contracts/Tokens/Prime/PrimeLiquidityProvider.sol:322
 written member    -> ('SV', 'contracts/Tokens/Prime/PrimeLiquidityProvider.sol', 'PrimeLiquidityProvider.tokenDistributionSpeeds')
 potentially stale -> ('SV', 'contracts/Tokens/Prime/PrimeLiquidityProvider.sol', 'PrimeLiquidityProvider.lastAccruedBlock'), ('SV', 'contracts/Tokens/Prime/PrimeLiquidityProvider.sol', 'PrimeLiquidityProvider.tokenAmountAccrued')
 reader witnesses  -> 18
 storage exposures -> 1
[MV-SI candidate e7e5ddccd513aeea45bf] {markets, tokens}
 writer root       -> contracts/Tokens/Prime/Prime.sol::Prime.addMarket(address,uint256,uint256)
 writer effect     -> contracts/Tokens/Prime/Prime.sol:295
 written member    -> ('SV', 'contracts/Tokens/Prime/PrimeStorage.sol', 'PrimeStorageV1.markets')
 potentially stale -> ('SV', 'contracts/Tokens/Prime/PrimeStorage.sol', 'PrimeStorageV1.tokens')
 reader witnesses  -> 116
 storage exposures -> 2
[MV-SI candidate e8f0b2408e65f7982eeb] {markets, tokens}
 writer root       -> contracts/Tokens/Prime/Prime.sol::Prime.accrueInterest(address)
 writer effect     -> contracts/Tokens/Prime/Prime.sol:588
 written member    -> ('SV', 'contracts/Tokens/Prime/PrimeStorage.sol', 'PrimeStorageV1.markets')
 potentially stale -> ('SV', 'contracts/Tokens/Prime/PrimeStorage.sol', 'PrimeStorageV1.tokens')
 reader witnesses  -> 116
 storage exposures -> 2
[MV-SI candidate e94ed23fe9c42a20bf4b] {unreleasedPLPIncome, unreleasedPSRIncome}
 writer root       -> contracts/Tokens/Prime/Prime.sol::Prime.claimInterest(address)
 writer effect     -> contracts/Tokens/Prime/Prime.sol:581
 written member    -> ('SV', 'contracts/Tokens/Prime/PrimeStorage.sol', 'PrimeStorageV1.unreleasedPLPIncome')
 potentially stale -> ('SV', 'contracts/Tokens/Prime/PrimeStorage.sol', 'PrimeStorageV1.unreleasedPSRIncome')
 reader witnesses  -> 26
 storage exposures -> 2
[MV-SI candidate e96d6079650f8e417025] {allMarkets, markets}
 writer root       -> contracts/Tokens/Prime/Prime.sol::Prime.xvsUpdated(address)
 writer effect     -> contracts/Tokens/Prime/Prime.sol:588
 written member    -> ('SV', 'contracts/Tokens/Prime/PrimeStorage.sol', 'PrimeStorageV1.markets')
 potentially stale -> ('SV', 'contracts/Tokens/Prime/PrimeStorage.sol', 'PrimeStorageV1.allMarkets')
 reader witnesses  -> 40
 storage exposures -> 2
[MV-SI candidate e98b55efc1d4038a2c58] {markets, tokens}
 writer root       -> contracts/Tokens/Prime/Prime.sol::Prime.addMarket(address,uint256,uint256)
 writer effect     -> contracts/Tokens/Prime/Prime.sol:296
 written member    -> ('SV', 'contracts/Tokens/Prime/PrimeStorage.sol', 'PrimeStorageV1.markets')
 potentially stale -> ('SV', 'contracts/Tokens/Prime/PrimeStorage.sol', 'PrimeStorageV1.tokens')
 reader witnesses  -> 116
 storage exposures -> 2
[MV-SI candidate eb5e718435d7bf89d146] {unreleasedPLPIncome, unreleasedPSRIncome}
 writer root       -> contracts/Tokens/Prime/Prime.sol::Prime.claimInterest(address,address)
 writer effect     -> contracts/Tokens/Prime/Prime.sol:581
 written member    -> ('SV', 'contracts/Tokens/Prime/PrimeStorage.sol', 'PrimeStorageV1.unreleasedPLPIncome')
 potentially stale -> ('SV', 'contracts/Tokens/Prime/PrimeStorage.sol', 'PrimeStorageV1.unreleasedPSRIncome')
 reader witnesses  -> 26
 storage exposures -> 2
[MV-SI candidate ec1650cdaf2c9ef6f3ff] {markets, tokens}
 writer root       -> contracts/Tokens/Prime/Prime.sol::Prime.xvsUpdated(address)
 writer effect     -> contracts/Tokens/Prime/Prime.sol:588
 written member    -> ('SV', 'contracts/Tokens/Prime/PrimeStorage.sol', 'PrimeStorageV1.markets')
 potentially stale -> ('SV', 'contracts/Tokens/Prime/PrimeStorage.sol', 'PrimeStorageV1.tokens')
 reader witnesses  -> 116
 storage exposures -> 2
[MV-SI candidate ec6a64556d2f17ff21df] {isScoreUpdated, nextScoreUpdateRoundId, pendingScoreUpdates}
 writer root       -> contracts/Tokens/Prime/Prime.sol::Prime.updateMultipliers(address,uint256,uint256)
 writer effect     -> contracts/Tokens/Prime/Prime.sol:821
 written member    -> ('SV', 'contracts/Tokens/Prime/PrimeStorage.sol', 'PrimeStorageV1.pendingScoreUpdates')
 potentially stale -> ('SV', 'contracts/Tokens/Prime/PrimeStorage.sol', 'PrimeStorageV1.isScoreUpdated'), ('SV', 'contracts/Tokens/Prime/PrimeStorage.sol', 'PrimeStorageV1.nextScoreUpdateRoundId')
 reader witnesses  -> 14
 storage exposures -> 2
[MV-SI candidate edf75ab091fd6a09394a] {markets, tokens}
 writer root       -> contracts/Tokens/Prime/Prime.sol::Prime.claimInterest(address)
 writer effect     -> contracts/Tokens/Prime/Prime.sol:588
 written member    -> ('SV', 'contracts/Tokens/Prime/PrimeStorage.sol', 'PrimeStorageV1.markets')
 potentially stale -> ('SV', 'contracts/Tokens/Prime/PrimeStorage.sol', 'PrimeStorageV1.tokens')
 reader witnesses  -> 116
 storage exposures -> 2
[MV-SI candidate f1b67256ff29cbbe203d] {markets, tokens}
 writer root       -> contracts/Tokens/Prime/Prime.sol::Prime.addMarket(address,uint256,uint256)
 writer effect     -> contracts/Tokens/Prime/Prime.sol:298
 written member    -> ('SV', 'contracts/Tokens/Prime/PrimeStorage.sol', 'PrimeStorageV1.markets')
 potentially stale -> ('SV', 'contracts/Tokens/Prime/PrimeStorage.sol', 'PrimeStorageV1.tokens')
 reader witnesses  -> 116
 storage exposures -> 2
[MV-SI candidate f6288dce7d13cbae5456] {markets, tokens}
 writer root       -> contracts/Tokens/Prime/Prime.sol::Prime.burn(address)
 writer effect     -> contracts/Tokens/Prime/Prime.sol:588
 written member    -> ('SV', 'contracts/Tokens/Prime/PrimeStorage.sol', 'PrimeStorageV1.markets')
 potentially stale -> ('SV', 'contracts/Tokens/Prime/PrimeStorage.sol', 'PrimeStorageV1.tokens')
 reader witnesses  -> 116
 storage exposures -> 2
[MV-SI candidate f7df105fb03bb13f3464] {markets, tokens}
 writer root       -> contracts/Tokens/Prime/Prime.sol::Prime.burn(address)
 writer effect     -> contracts/Tokens/Prime/Prime.sol:733
 written member    -> ('SV', 'contracts/Tokens/Prime/PrimeStorage.sol', 'PrimeStorageV1.markets')
 potentially stale -> ('SV', 'contracts/Tokens/Prime/PrimeStorage.sol', 'PrimeStorageV1.tokens')
 reader witnesses  -> 116
 storage exposures -> 2
[MV-SI candidate fafebd7eaf29f3da12af] {_initialized, _initializing}
 writer root       -> contracts/test/MockProtocolShareReserve.sol::MockProtocolShareReserve.initialize(address,uint256)
 writer effect     -> @openzeppelin/contracts-upgradeable/proxy/utils/Initializable.sol:90
 written member    -> ('SV', '@openzeppelin/contracts-upgradeable/proxy/utils/Initializable.sol', 'Initializable._initialized')
 potentially stale -> ('SV', '@openzeppelin/contracts-upgradeable/proxy/utils/Initializable.sol', 'Initializable._initializing')
 reader witnesses  -> 2
 storage exposures -> 1
[MV-SI candidate fcf959f7fc3927b83b59] {unreleasedPLPIncome, unreleasedPSRIncome}
 writer root       -> contracts/Tokens/Prime/Prime.sol::Prime.getPendingInterests(address)
 writer effect     -> contracts/Tokens/Prime/Prime.sol:581
 written member    -> ('SV', 'contracts/Tokens/Prime/PrimeStorage.sol', 'PrimeStorageV1.unreleasedPLPIncome')
 potentially stale -> ('SV', 'contracts/Tokens/Prime/PrimeStorage.sol', 'PrimeStorageV1.unreleasedPSRIncome')
 reader witnesses  -> 26
 storage exposures -> 2
[MV-SI candidate ff860a270501f797dd60] {stakedAt, tokens}
 writer root       -> contracts/Tokens/Prime/Prime.sol::Prime.xvsUpdated(address)
 writer effect     -> contracts/Tokens/Prime/Prime.sol:376
 written member    -> ('SV', 'contracts/Tokens/Prime/PrimeStorage.sol', 'PrimeStorageV1.stakedAt')
 potentially stale -> ('SV', 'contracts/Tokens/Prime/PrimeStorage.sol', 'PrimeStorageV1.tokens')
 reader witnesses  -> 116
 storage exposures -> 2
[MV-SI candidate ff8a7822228e22b7882e] {interests, markets}
 writer root       -> contracts/Tokens/Prime/Prime.sol::Prime.addMarket(address,uint256,uint256)
 writer effect     -> contracts/Tokens/Prime/Prime.sol:296
 written member    -> ('SV', 'contracts/Tokens/Prime/PrimeStorage.sol', 'PrimeStorageV1.markets')
 potentially stale -> ('SV', 'contracts/Tokens/Prime/PrimeStorage.sol', 'PrimeStorageV1.interests')
 reader witnesses  -> 312
 storage exposures -> 2Reference: https://github.com/crytic/slither/wiki/Detector-Documentation
[mvscan-config] {"ATOMIC_GROUP": [], "DIVERGENCE_BUDGET": 1000, "ENABLE_BRANCH_GROUPS": true, "ENABLE_EXTERNAL_STATE": true, "ENABLE_MULTI_RETURN_GROUPS": true, "MAPPING_MODE": "base_collapsed", "MERGE_OVERLOADS": false, "MVSCAN_ABLATION": "mapping_insensitive", "MVSCAN_CONTEXTUAL_KEYS": true, "MVSCAN_INCLUDE_SCALAR_WITNESSES": false, "MVSCAN_INTERFACE_DISPATCH": false, "MVSCAN_MAX_CONTEXTS_PER_OWNER_BLOCK": 128, "MVSCAN_MAX_DISPATCH_TARGETS": 16, "MVSCAN_REQUIRE_DISTINCT_OUTER_ROOTS": false, "MVSCAN_ROOT_CONTEXT_SINKS": false, "NOOP_WRITE_FILTER": true, "REQUIRE_SAME_SLOT_KEY": false, "SINK_TEST": "none", "USER_CALLABLE_ALWAYS": [], "USER_CALLABLE_DENY": []}
[mvscan-stage] icfg-built blocks=6262 vars=306
[mvscan-stage] root-seeding-done eligible_exposures=1091 seeded=485 multi_exposure_entry_blocks=203 collapsed_contextual_aliases=606 excluded_dependency=0 excluded_interface=79 excluded_library=0 excluded_abstract=0 missing_entry_point=57 missing_entry_block=0
[mvscan-pairs] call_target_digest=f79a80d08519bed33f749c6c81944c175ff64e1267a36b7b80f854aaad957f92 candidate_count=346 candidate_digest=441d9198190f9f854f72db2755be91831d0c8ccc655f89e751b71bd540f9c522 context_instance_count=17143 eligible_readers=175 eligible_writers=184 execution_context_digest=8ab3949002f8fd537a139092b287b002bfff0ae8f8e39509b239993cf02131b8 insensitive_readers_filtered=185 invalid_partial_write_filtered=28 must_full_relation_filtered=838 omitted_member_evidence_filtered=0 omitted_member_not_sensitive_filtered=11574 owner_context_pairs=22542 owner_context_pairs_considered=508082 raw_block_pairs=1574 reader_witness_count=22542 relation_base_members_shadowed=0 relation_context_incompatible=23838 relation_digest=a2932d6c8e4d84d2940454c136e28b9973128ee7c643da93349d6e2d12ff23a2 relation_members_raw=325 relation_origins_registered=29 relation_origins_rejected_unary_after_shadowing=260 relation_origins_rejected_unreachable=54 relation_origins_seen=289 root_context_sink_filtered=0 same_outer_root_filtered=0 same_static_block_filtered=57 scalar_variables_skipped=227 storage_context_mismatch=449262 variables_considered=255
INFO:Detectors:

[MV-SI candidate 0011c223e2643ea44d5e] {_facetAddresses, _facetFunctionSelectors}
 writer root       -> contracts/Comptroller/Diamond/Diamond.sol::Diamond.diamondCut(IDiamondCut.FacetCut[])
 writer effect     -> contracts/Comptroller/Diamond/Diamond.sol:211
 written member    -> ('SV', 'contracts/Comptroller/ComptrollerStorage.sol', 'ComptrollerV13Storage._facetFunctionSelectors')
 potentially stale -> ('SV', 'contracts/Comptroller/ComptrollerStorage.sol', 'ComptrollerV13Storage._facetAddresses')
 reader witnesses  -> 10
 storage exposures -> 2
[MV-SI candidate 00cfb56e39926460c50c] {accrualBlockNumber, borrowIndex}
 writer root       -> contracts/Lens/VenusLens.sol::VenusLens.vTokenBalancesAll(VToken[],address)
 writer effect     -> contracts/Tokens/VTokens/VToken.sol:463
 written member    -> ('SV', 'contracts/Tokens/VTokens/VTokenInterfaces.sol', 'VTokenStorage.borrowIndex')
 potentially stale -> ('SV', 'contracts/Tokens/VTokens/VTokenInterfaces.sol', 'VTokenStorage.accrualBlockNumber')
 reader witnesses  -> 7
 storage exposures -> 1
[MV-SI candidate 0282deafd9a978e89564] {delegates, numCheckpoints}
 writer root       -> contracts/XVSVault/XVSVault.sol::XVSVault.delegate(address)
 writer effect     -> contracts/XVSVault/XVSVault.sol:737
 written member    -> ('SV', 'contracts/XVSVault/XVSVaultStorage.sol', 'XVSVaultStorage.delegates')
 potentially stale -> ('SV', 'contracts/XVSVault/XVSVaultStorage.sol', 'XVSVaultStorage.numCheckpoints')
 reader witnesses  -> 36
 storage exposures -> 2
[MV-SI candidate 042f7e5aae451d3d63db] {venusBorrowState, venusBorrowerIndex}
 writer root       -> contracts/Comptroller/Diamond/facets/RewardFacet.sol::RewardFacet.claimVenus(address[],VToken[],bool,bool,bool)
 writer effect     -> contracts/Comptroller/Diamond/facets/XVSRewardsHelper.sol:44
 written member    -> ('SV', 'contracts/Comptroller/ComptrollerStorage.sol', 'ComptrollerV1Storage.venusBorrowState')
 potentially stale -> ('SV', 'contracts/Comptroller/ComptrollerStorage.sol', 'ComptrollerV1Storage.venusBorrowerIndex')
 reader witnesses  -> 28
 storage exposures -> 4
[MV-SI candidate 0446cfc6fd014057a388] {venusBorrowState, venusBorrowerIndex}
 writer root       -> contracts/Comptroller/Diamond/facets/RewardFacet.sol::RewardFacet.claimVenus(address[],VToken[],bool,bool)
 writer effect     -> contracts/Comptroller/Diamond/facets/XVSRewardsHelper.sol:112
 written member    -> ('SV', 'contracts/Comptroller/ComptrollerStorage.sol', 'ComptrollerV1Storage.venusBorrowerIndex')
 potentially stale -> ('SV', 'contracts/Comptroller/ComptrollerStorage.sol', 'ComptrollerV1Storage.venusBorrowState')
 reader witnesses  -> 64
 storage exposures -> 4
[MV-SI candidate 046130e24e5136203dea] {accrualBlockNumber, borrowIndex}
 writer root       -> contracts/Tokens/VTokens/VToken.sol::VToken._setReserveFactor(uint256)
 writer effect     -> contracts/Tokens/VTokens/VToken.sol:462
 written member    -> ('SV', 'contracts/Tokens/VTokens/VTokenInterfaces.sol', 'VTokenStorage.accrualBlockNumber')
 potentially stale -> ('SV', 'contracts/Tokens/VTokens/VTokenInterfaces.sol', 'VTokenStorage.borrowIndex')
 reader witnesses  -> 84
 storage exposures -> 13
[MV-SI candidate 04686bdf327e0bb1cd37] {accrualBlockNumber, borrowIndex}
 writer root       -> contracts/Tokens/VTokens/VBep20.sol::VBep20.mint(uint256)
 writer effect     -> contracts/Tokens/VTokens/VToken.sol:462
 written member    -> ('SV', 'contracts/Tokens/VTokens/VTokenInterfaces.sol', 'VTokenStorage.accrualBlockNumber')
 potentially stale -> ('SV', 'contracts/Tokens/VTokens/VTokenInterfaces.sol', 'VTokenStorage.borrowIndex')
 reader witnesses  -> 75
 storage exposures -> 11
[MV-SI candidate 04d2e4fbd2a5b0ba74c1] {accountTokens, initialExchangeRateMantissa}
 writer root       -> contracts/Tokens/VTokens/VToken.sol::VToken.initialize(ComptrollerInterface,InterestRateModel,uint256,string,string,uint8)
 writer effect     -> contracts/Tokens/VTokens/VToken.sol:326
 written member    -> ('SV', 'contracts/Tokens/VTokens/VTokenInterfaces.sol', 'VTokenStorage.initialExchangeRateMantissa')
 potentially stale -> ('SV', 'contracts/Tokens/VTokens/VTokenInterfaces.sol', 'VTokenStorage.accountTokens')
 reader witnesses  -> 27
 storage exposures -> 1
[MV-SI candidate 04e1028381c733f087e1] {venusBorrowState, venusBorrowerIndex}
 writer root       -> contracts/Comptroller/Diamond/facets/RewardFacet.sol::RewardFacet.claimVenus(address)
 writer effect     -> contracts/Comptroller/Diamond/facets/XVSRewardsHelper.sol:112
 written member    -> ('SV', 'contracts/Comptroller/ComptrollerStorage.sol', 'ComptrollerV1Storage.venusBorrowerIndex')
 potentially stale -> ('SV', 'contracts/Comptroller/ComptrollerStorage.sol', 'ComptrollerV1Storage.venusBorrowState')
 reader witnesses  -> 64
 storage exposures -> 4
[MV-SI candidate 05c1e2e0d5d0865f6d6a] {accrualBlockNumber, borrowIndex}
 writer root       -> contracts/test/VBep20MockDelegate.sol::VBep20MockDelegate._addReserves(uint256)
 writer effect     -> contracts/Tokens/VTokens/VToken.sol:463
 written member    -> ('SV', 'contracts/Tokens/VTokens/VTokenInterfaces.sol', 'VTokenStorage.borrowIndex')
 potentially stale -> ('SV', 'contracts/Tokens/VTokens/VTokenInterfaces.sol', 'VTokenStorage.accrualBlockNumber')
 reader witnesses  -> 21
 storage exposures -> 1
[MV-SI candidate 0734825111aeba50f8cc] {accrualBlockNumber, borrowIndex}
 writer root       -> contracts/Lens/SnapshotLens.sol::SnapshotLens.getAccountSnapshot(address,address)
 writer effect     -> contracts/Tokens/VTokens/VToken.sol:463
 written member    -> ('SV', 'contracts/Tokens/VTokens/VTokenInterfaces.sol', 'VTokenStorage.borrowIndex')
 potentially stale -> ('SV', 'contracts/Tokens/VTokens/VTokenInterfaces.sol', 'VTokenStorage.accrualBlockNumber')
 reader witnesses  -> 7
 storage exposures -> 1
[MV-SI candidate 074458f7e5d0b9b8d7e5] {balanceOf, totalSupply}
 writer root       -> contracts/Tokens/VAI/VAI.sol::VAI.transfer(address,uint256)
 writer effect     -> contracts/Tokens/VAI/VAI.sol:92
 written member    -> ('SV', 'contracts/Tokens/VAI/VAI.sol', 'VAI.balanceOf')
 potentially stale -> ('SV', 'contracts/Tokens/VAI/VAI.sol', 'VAI.totalSupply')
 reader witnesses  -> 4
 storage exposures -> 1
[MV-SI candidate 07f472b792cce4ea2415] {venusSupplierIndex, venusSupplyState}
 writer root       -> contracts/Comptroller/Diamond/facets/RewardFacet.sol::RewardFacet.claimVenus(address[],VToken[],bool,bool)
 writer effect     -> contracts/Comptroller/Diamond/facets/XVSRewardsHelper.sol:65
 written member    -> ('SV', 'contracts/Comptroller/ComptrollerStorage.sol', 'ComptrollerV1Storage.venusSupplyState')
 potentially stale -> ('SV', 'contracts/Comptroller/ComptrollerStorage.sol', 'ComptrollerV1Storage.venusSupplierIndex')
 reader witnesses  -> 34
 storage exposures -> 4
[MV-SI candidate 08d5f104227d9bd556f8] {accountTokens, initialExchangeRateMantissa}
 writer root       -> contracts/test/VBep20Harness.sol::VEvil.evilSeize(VToken,address,address,uint256)
 writer effect     -> contracts/Tokens/VTokens/VToken.sol:1357
 written member    -> ('SV', 'contracts/Tokens/VTokens/VTokenInterfaces.sol', 'VTokenStorage.accountTokens')
 potentially stale -> ('SV', 'contracts/Tokens/VTokens/VTokenInterfaces.sol', 'VTokenStorage.initialExchangeRateMantissa')
 reader witnesses  -> 51
 storage exposures -> 1
[MV-SI candidate 08f6d96bab71e2811bfd] {accrualBlockNumber, borrowIndex}
 writer root       -> contracts/Tokens/VTokens/VToken.sol::VToken._setInterestRateModel(InterestRateModel)
 writer effect     -> contracts/Tokens/VTokens/VToken.sol:463
 written member    -> ('SV', 'contracts/Tokens/VTokens/VTokenInterfaces.sol', 'VTokenStorage.borrowIndex')
 potentially stale -> ('SV', 'contracts/Tokens/VTokens/VTokenInterfaces.sol', 'VTokenStorage.accrualBlockNumber')
 reader witnesses  -> 328
 storage exposures -> 14
[MV-SI candidate 0ab50f8495e1a91f0de6] {venusBorrowState, venusBorrowerIndex}
 writer root       -> contracts/Comptroller/Diamond/facets/RewardFacet.sol::RewardFacet.claimVenus(address)
 writer effect     -> contracts/Comptroller/Diamond/facets/XVSRewardsHelper.sol:44
 written member    -> ('SV', 'contracts/Comptroller/ComptrollerStorage.sol', 'ComptrollerV1Storage.venusBorrowState')
 potentially stale -> ('SV', 'contracts/Comptroller/ComptrollerStorage.sol', 'ComptrollerV1Storage.venusBorrowerIndex')
 reader witnesses  -> 28
 storage exposures -> 4
[MV-SI candidate 0b2a21cf674c0fc6b040] {allowance, balanceOf, totalSupply}
 writer root       -> contracts/Tokens/VAI/VAI.sol::VAI.burn(address,uint256)
 writer effect     -> contracts/Tokens/VAI/VAI.sol:110
 written member    -> ('SV', 'contracts/Tokens/VAI/VAI.sol', 'VAI.totalSupply')
 potentially stale -> ('SV', 'contracts/Tokens/VAI/VAI.sol', 'VAI.allowance'), ('SV', 'contracts/Tokens/VAI/VAI.sol', 'VAI.balanceOf')
 reader witnesses  -> 274
 storage exposures -> 2
[MV-SI candidate 0bc36553e77ea1bfea60] {venusBorrowState, venusBorrowerIndex}
 writer root       -> contracts/Comptroller/Diamond/facets/PolicyFacet.sol::PolicyFacet.repayBorrowAllowed(address,address,address,uint256)
 writer effect     -> contracts/Comptroller/Diamond/facets/XVSRewardsHelper.sol:46
 written member    -> ('SV', 'contracts/Comptroller/ComptrollerStorage.sol', 'ComptrollerV1Storage.venusBorrowState')
 potentially stale -> ('SV', 'contracts/Comptroller/ComptrollerStorage.sol', 'ComptrollerV1Storage.venusBorrowerIndex')
 reader witnesses  -> 25
 storage exposures -> 4
[MV-SI candidate 0c37137c793495447a29] {accessControl, liquidatorContract, pauseGuardian, vaiVaultAddress}
 writer root       -> contracts/Comptroller/Diamond/facets/SetterFacet.sol::SetterFacet._setVAIVaultInfo(address,uint256,uint256)
 writer effect     -> contracts/Comptroller/Diamond/facets/SetterFacet.sol:516
 written member    -> ('SV', 'contracts/Comptroller/ComptrollerStorage.sol', 'ComptrollerV2Storage.vaiVaultAddress')
 potentially stale -> ('SV', 'contracts/Comptroller/ComptrollerStorage.sol', 'ComptrollerV1Storage.pauseGuardian'), ('SV', 'contracts/Comptroller/ComptrollerStorage.sol', 'ComptrollerV6Storage.liquidatorContract'), ('SV', 'contracts/Comptroller/ComptrollerStorage.sol', 'ComptrollerV9Storage.accessControl')
 reader witnesses  -> 31
 storage exposures -> 4
[MV-SI candidate 0d63e23610af3b48da80] {accrualBlockNumber, borrowIndex}
 writer root       -> contracts/test/VBep20Harness.sol::VBep20Harness.harnessSetBorrowIndex(uint256)
 writer effect     -> contracts/test/VBep20Harness.sol:129
 written member    -> ('SV', 'contracts/Tokens/VTokens/VTokenInterfaces.sol', 'VTokenStorage.borrowIndex')
 potentially stale -> ('SV', 'contracts/Tokens/VTokens/VTokenInterfaces.sol', 'VTokenStorage.accrualBlockNumber')
 reader witnesses  -> 33
 storage exposures -> 1
[MV-SI candidate 0db2bc7d03de1bd3c1f7] {venusSupplierIndex, venusSupplyState}
 writer root       -> contracts/Comptroller/Diamond/facets/RewardFacet.sol::RewardFacet.claimVenus(address,VToken[])
 writer effect     -> contracts/Comptroller/Diamond/facets/XVSRewardsHelper.sol:65
 written member    -> ('SV', 'contracts/Comptroller/ComptrollerStorage.sol', 'ComptrollerV1Storage.venusSupplyState')
 potentially stale -> ('SV', 'contracts/Comptroller/ComptrollerStorage.sol', 'ComptrollerV1Storage.venusSupplierIndex')
 reader witnesses  -> 34
 storage exposures -> 4
[MV-SI candidate 0e4abd1ede73f597129a] {venusSupplierIndex, venusSupplyState}
 writer root       -> contracts/Comptroller/Diamond/facets/PolicyFacet.sol::PolicyFacet.transferAllowed(address,address,address,uint256)
 writer effect     -> contracts/Comptroller/Diamond/facets/XVSRewardsHelper.sol:83
 written member    -> ('SV', 'contracts/Comptroller/ComptrollerStorage.sol', 'ComptrollerV1Storage.venusSupplierIndex')
 potentially stale -> ('SV', 'contracts/Comptroller/ComptrollerStorage.sol', 'ComptrollerV1Storage.venusSupplyState')
 reader witnesses  -> 75
 storage exposures -> 4
[MV-SI candidate 0e540eeb746e1c4e6925] {venusBorrowState, venusBorrowerIndex}
 writer root       -> contracts/test/ComptrollerHarness.sol::ComptrollerHarness.harnessRefreshVenusSpeeds()
 writer effect     -> contracts/Comptroller/Diamond/facets/XVSRewardsHelper.sol:46
 written member    -> ('SV', 'contracts/Comptroller/ComptrollerStorage.sol', 'ComptrollerV1Storage.venusBorrowState')
 potentially stale -> ('SV', 'contracts/Comptroller/ComptrollerStorage.sol', 'ComptrollerV1Storage.venusBorrowerIndex')
 reader witnesses  -> 9
 storage exposures -> 1
[MV-SI candidate 0f4eb5be2a81ffd10ec0] {accrualBlockNumber, borrowIndex}
 writer root       -> contracts/Tokens/VTokens/VBep20.sol::VBep20.redeemUnderlying(uint256)
 writer effect     -> contracts/Tokens/VTokens/VToken.sol:462
 written member    -> ('SV', 'contracts/Tokens/VTokens/VTokenInterfaces.sol', 'VTokenStorage.accrualBlockNumber')
 potentially stale -> ('SV', 'contracts/Tokens/VTokens/VTokenInterfaces.sol', 'VTokenStorage.borrowIndex')
 reader witnesses  -> 75
 storage exposures -> 11
[MV-SI candidate 0f9428cd575f3e9277af] {venusBorrowState, venusBorrowerIndex}
 writer root       -> contracts/Comptroller/Diamond/facets/PolicyFacet.sol::PolicyFacet.repayBorrowAllowed(address,address,address,uint256)
 writer effect     -> contracts/Comptroller/Diamond/facets/XVSRewardsHelper.sol:44
 written member    -> ('SV', 'contracts/Comptroller/ComptrollerStorage.sol', 'ComptrollerV1Storage.venusBorrowState')
 potentially stale -> ('SV', 'contracts/Comptroller/ComptrollerStorage.sol', 'ComptrollerV1Storage.venusBorrowerIndex')
 reader witnesses  -> 25
 storage exposures -> 4
[MV-SI candidate 0fecd4a2d85d0c417837] {accrualBlockNumber, borrowIndex}
 writer root       -> contracts/test/VBep20MockDelegate.sol::VBep20MockDelegate.borrow(uint256)
 writer effect     -> contracts/Tokens/VTokens/VToken.sol:463
 written member    -> ('SV', 'contracts/Tokens/VTokens/VTokenInterfaces.sol', 'VTokenStorage.borrowIndex')
 potentially stale -> ('SV', 'contracts/Tokens/VTokens/VTokenInterfaces.sol', 'VTokenStorage.accrualBlockNumber')
 reader witnesses  -> 21
 storage exposures -> 1
[MV-SI candidate 11fc50c9eadc2d505441] {venusBorrowState, venusBorrowerIndex}
 writer root       -> contracts/test/ComptrollerHarness.sol::ComptrollerHarness.harnessAddVenusMarkets(address[])
 writer effect     -> contracts/Comptroller/Diamond/facets/XVSRewardsHelper.sol:46
 written member    -> ('SV', 'contracts/Comptroller/ComptrollerStorage.sol', 'ComptrollerV1Storage.venusBorrowState')
 potentially stale -> ('SV', 'contracts/Comptroller/ComptrollerStorage.sol', 'ComptrollerV1Storage.venusBorrowerIndex')
 reader witnesses  -> 9
 storage exposures -> 1
[MV-SI candidate 1205dbc9a9974b9b7032] {allowance, balanceOf, totalSupply}
 writer root       -> contracts/test/VAIControllerHarness.sol::VAIControllerHarness.harnessRepayVAIFresh(address,address,uint256)
 writer effect     -> contracts/Tokens/VAI/VAI.sol:91
 written member    -> ('SV', 'contracts/Tokens/VAI/VAI.sol', 'VAI.balanceOf')
 potentially stale -> ('SV', 'contracts/Tokens/VAI/VAI.sol', 'VAI.allowance'), ('SV', 'contracts/Tokens/VAI/VAI.sol', 'VAI.totalSupply')
 reader witnesses  -> 108
 storage exposures -> 1
[MV-SI candidate 1262c6eb8993488f6a50] {allowance, balanceOf, totalSupply}
 writer root       -> contracts/Tokens/VAI/VAIController.sol::VAIController.liquidateVAI(address,uint256,VTokenInterface)
 writer effect     -> contracts/Tokens/VAI/VAI.sol:109
 written member    -> ('SV', 'contracts/Tokens/VAI/VAI.sol', 'VAI.balanceOf')
 potentially stale -> ('SV', 'contracts/Tokens/VAI/VAI.sol', 'VAI.allowance'), ('SV', 'contracts/Tokens/VAI/VAI.sol', 'VAI.totalSupply')
 reader witnesses  -> 216
 storage exposures -> 1
[MV-SI candidate 129f3669c9469b36dc64] {accountTokens, initialExchangeRateMantissa}
 writer root       -> contracts/Tokens/VTokens/VToken.sol::VToken.transfer(address,uint256)
 writer effect     -> contracts/Tokens/VTokens/VToken.sol:590
 written member    -> ('SV', 'contracts/Tokens/VTokens/VTokenInterfaces.sol', 'VTokenStorage.accountTokens')
 potentially stale -> ('SV', 'contracts/Tokens/VTokens/VTokenInterfaces.sol', 'VTokenStorage.initialExchangeRateMantissa')
 reader witnesses  -> 87
 storage exposures -> 13
[MV-SI candidate 12fbbdd75c83c4da2bea] {venusBorrowState, venusBorrowerIndex}
 writer root       -> contracts/test/ComptrollerScenario.sol::ComptrollerScenario.refreshVenusSpeeds()
 writer effect     -> contracts/Comptroller/Diamond/facets/XVSRewardsHelper.sol:46
 written member    -> ('SV', 'contracts/Comptroller/ComptrollerStorage.sol', 'ComptrollerV1Storage.venusBorrowState')
 potentially stale -> ('SV', 'contracts/Comptroller/ComptrollerStorage.sol', 'ComptrollerV1Storage.venusBorrowerIndex')
 reader witnesses  -> 7
 storage exposures -> 1
[MV-SI candidate 137c672b02cfd9162fdc] {venusSupplierIndex, venusSupplyState}
 writer root       -> contracts/Comptroller/Diamond/facets/RewardFacet.sol::RewardFacet.claimVenusAsCollateral(address)
 writer effect     -> contracts/Comptroller/Diamond/facets/XVSRewardsHelper.sol:65
 written member    -> ('SV', 'contracts/Comptroller/ComptrollerStorage.sol', 'ComptrollerV1Storage.venusSupplyState')
 potentially stale -> ('SV', 'contracts/Comptroller/ComptrollerStorage.sol', 'ComptrollerV1Storage.venusSupplierIndex')
 reader witnesses  -> 34
 storage exposures -> 4
[MV-SI candidate 142cd14573facdffa128] {accrualBlockNumber, borrowIndex}
 writer root       -> contracts/test/VBep20MockDelegate.sol::VBep20MockDelegate.mintBehalf(address,uint256)
 writer effect     -> contracts/Tokens/VTokens/VToken.sol:463
 written member    -> ('SV', 'contracts/Tokens/VTokens/VTokenInterfaces.sol', 'VTokenStorage.borrowIndex')
 potentially stale -> ('SV', 'contracts/Tokens/VTokens/VTokenInterfaces.sol', 'VTokenStorage.accrualBlockNumber')
 reader witnesses  -> 21
 storage exposures -> 1
[MV-SI candidate 14389880d55d48a60749] {venusBorrowState, venusBorrowerIndex}
 writer root       -> contracts/Comptroller/Diamond/facets/RewardFacet.sol::RewardFacet.claimVenusAsCollateral(address)
 writer effect     -> contracts/Comptroller/Diamond/facets/XVSRewardsHelper.sol:44
 written member    -> ('SV', 'contracts/Comptroller/ComptrollerStorage.sol', 'ComptrollerV1Storage.venusBorrowState')
 potentially stale -> ('SV', 'contracts/Comptroller/ComptrollerStorage.sol', 'ComptrollerV1Storage.venusBorrowerIndex')
 reader witnesses  -> 28
 storage exposures -> 4
[MV-SI candidate 147cf51533d34c0f8ccb] {allowance, balanceOf, totalSupply}
 writer root       -> contracts/Tokens/VAI/VAIController.sol::VAIController.liquidateVAI(address,uint256,VTokenInterface)
 writer effect     -> contracts/Tokens/VAI/VAI.sol:92
 written member    -> ('SV', 'contracts/Tokens/VAI/VAI.sol', 'VAI.balanceOf')
 potentially stale -> ('SV', 'contracts/Tokens/VAI/VAI.sol', 'VAI.allowance'), ('SV', 'contracts/Tokens/VAI/VAI.sol', 'VAI.totalSupply')
 reader witnesses  -> 216
 storage exposures -> 1
[MV-SI candidate 149ab7acb3b541d320af] {allowance, balanceOf, totalSupply}
 writer root       -> contracts/Tokens/VAI/VAI.sol::VAI.pull(address,uint256)
 writer effect     -> contracts/Tokens/VAI/VAI.sol:89
 written member    -> ('SV', 'contracts/Tokens/VAI/VAI.sol', 'VAI.allowance')
 potentially stale -> ('SV', 'contracts/Tokens/VAI/VAI.sol', 'VAI.balanceOf'), ('SV', 'contracts/Tokens/VAI/VAI.sol', 'VAI.totalSupply')
 reader witnesses  -> 134
 storage exposures -> 2
[MV-SI candidate 14c44e910012054776ec] {venusBorrowState, venusBorrowerIndex}
 writer root       -> contracts/Comptroller/Diamond/facets/PolicyFacet.sol::PolicyFacet._setVenusSpeeds(VToken[],uint256[],uint256[])
 writer effect     -> contracts/Comptroller/Diamond/facets/XVSRewardsHelper.sol:43
 written member    -> ('SV', 'contracts/Comptroller/ComptrollerStorage.sol', 'ComptrollerV1Storage.venusBorrowState')
 potentially stale -> ('SV', 'contracts/Comptroller/ComptrollerStorage.sol', 'ComptrollerV1Storage.venusBorrowerIndex')
 reader witnesses  -> 25
 storage exposures -> 4
[MV-SI candidate 167299c4302ed04563a6] {venusBorrowState, venusBorrowerIndex}
 writer root       -> contracts/test/ComptrollerHarness.sol::ComptrollerHarness.harnessDistributeAllBorrowerVenus(address,address,uint256)
 writer effect     -> contracts/Comptroller/Diamond/facets/XVSRewardsHelper.sol:112
 written member    -> ('SV', 'contracts/Comptroller/ComptrollerStorage.sol', 'ComptrollerV1Storage.venusBorrowerIndex')
 potentially stale -> ('SV', 'contracts/Comptroller/ComptrollerStorage.sol', 'ComptrollerV1Storage.venusBorrowState')
 reader witnesses  -> 21
 storage exposures -> 1
[MV-SI candidate 1851133de16d009a7342] {balanceOf, totalSupply}
 writer root       -> contracts/Tokens/VAI/VAI.sol::VAI.push(address,uint256)
 writer effect     -> contracts/Tokens/VAI/VAI.sol:92
 written member    -> ('SV', 'contracts/Tokens/VAI/VAI.sol', 'VAI.balanceOf')
 potentially stale -> ('SV', 'contracts/Tokens/VAI/VAI.sol', 'VAI.totalSupply')
 reader witnesses  -> 4
 storage exposures -> 1
[MV-SI candidate 19fef636df94a30c0888] {venusBorrowState, venusBorrowerIndex}
 writer root       -> contracts/Comptroller/Diamond/facets/RewardFacet.sol::RewardFacet.claimVenus(address[],VToken[],bool,bool,bool)
 writer effect     -> contracts/Comptroller/Diamond/facets/XVSRewardsHelper.sol:46
 written member    -> ('SV', 'contracts/Comptroller/ComptrollerStorage.sol', 'ComptrollerV1Storage.venusBorrowState')
 potentially stale -> ('SV', 'contracts/Comptroller/ComptrollerStorage.sol', 'ComptrollerV1Storage.venusBorrowerIndex')
 reader witnesses  -> 28
 storage exposures -> 4
[MV-SI candidate 1a5798cfdfdc758506f4] {allowance, balanceOf, totalSupply}
 writer root       -> contracts/Tokens/VAI/VAI.sol::VAI.burn(address,uint256)
 writer effect     -> contracts/Tokens/VAI/VAI.sol:107
 written member    -> ('SV', 'contracts/Tokens/VAI/VAI.sol', 'VAI.allowance')
 potentially stale -> ('SV', 'contracts/Tokens/VAI/VAI.sol', 'VAI.balanceOf'), ('SV', 'contracts/Tokens/VAI/VAI.sol', 'VAI.totalSupply')
 reader witnesses  -> 134
 storage exposures -> 2
[MV-SI candidate 1b6d09c388537624cd96] {allowance, balanceOf, totalSupply}
 writer root       -> contracts/test/VAIControllerHarness.sol::VAIControllerHarness.harnessRepayVAIFresh(address,address,uint256)
 writer effect     -> contracts/Tokens/VAI/VAI.sol:109
 written member    -> ('SV', 'contracts/Tokens/VAI/VAI.sol', 'VAI.balanceOf')
 potentially stale -> ('SV', 'contracts/Tokens/VAI/VAI.sol', 'VAI.allowance'), ('SV', 'contracts/Tokens/VAI/VAI.sol', 'VAI.totalSupply')
 reader witnesses  -> 108
 storage exposures -> 1
[MV-SI candidate 1d17a15cd37176606953] {venusSupplierIndex, venusSupplyState}
 writer root       -> contracts/Comptroller/Diamond/facets/RewardFacet.sol::RewardFacet.claimVenus(address)
 writer effect     -> contracts/Comptroller/Diamond/facets/XVSRewardsHelper.sol:83
 written member    -> ('SV', 'contracts/Comptroller/ComptrollerStorage.sol', 'ComptrollerV1Storage.venusSupplierIndex')
 potentially stale -> ('SV', 'contracts/Comptroller/ComptrollerStorage.sol', 'ComptrollerV1Storage.venusSupplyState')
 reader witnesses  -> 76
 storage exposures -> 4
[MV-SI candidate 1d7edda9100fd06624fb] {venusBorrowState, venusBorrowerIndex}
 writer root       -> contracts/Comptroller/Diamond/facets/RewardFacet.sol::RewardFacet.claimVenus(address,VToken[])
 writer effect     -> contracts/Comptroller/Diamond/facets/XVSRewardsHelper.sol:44
 written member    -> ('SV', 'contracts/Comptroller/ComptrollerStorage.sol', 'ComptrollerV1Storage.venusBorrowState')
 potentially stale -> ('SV', 'contracts/Comptroller/ComptrollerStorage.sol', 'ComptrollerV1Storage.venusBorrowerIndex')
 reader witnesses  -> 28
 storage exposures -> 4
[MV-SI candidate 1de41edb5c1154e996cf] {accrualBlockNumber, borrowIndex}
 writer root       -> contracts/test/MockVBNB.sol::MockVBNB.borrow(uint256)
 writer effect     -> contracts/Tokens/VTokens/VToken.sol:463
 written member    -> ('SV', 'contracts/Tokens/VTokens/VTokenInterfaces.sol', 'VTokenStorage.borrowIndex')
 potentially stale -> ('SV', 'contracts/Tokens/VTokens/VTokenInterfaces.sol', 'VTokenStorage.accrualBlockNumber')
 reader witnesses  -> 17
 storage exposures -> 1
[MV-SI candidate 1e33eb56426cfe333e93] {delegates, numCheckpoints}
 writer root       -> contracts/Tokens/XVS/XVS.sol::XVS.delegateBySig(address,uint256,uint256,uint8,bytes32,bytes32)
 writer effect     -> contracts/Tokens/XVS/XVS.sol:234
 written member    -> ('SV', 'contracts/Tokens/XVS/XVS.sol', 'XVS.delegates')
 potentially stale -> ('SV', 'contracts/Tokens/XVS/XVS.sol', 'XVS.numCheckpoints')
 reader witnesses  -> 44
 storage exposures -> 2
[MV-SI candidate 1efcd6ff938fbf44f8f2] {accrualBlockNumber, borrowIndex}
 writer root       -> contracts/test/MockVBNB.sol::MockVBNB.redeem(uint256)
 writer effect     -> contracts/Tokens/VTokens/VToken.sol:463
 written member    -> ('SV', 'contracts/Tokens/VTokens/VTokenInterfaces.sol', 'VTokenStorage.borrowIndex')
 potentially stale -> ('SV', 'contracts/Tokens/VTokens/VTokenInterfaces.sol', 'VTokenStorage.accrualBlockNumber')
 reader witnesses  -> 17
 storage exposures -> 1
[MV-SI candidate 2046cc7f813aa88c144a] {_facetFunctionSelectors, _selectorToFacetAndPosition}
 writer root       -> contracts/Comptroller/Diamond/Diamond.sol::Diamond.diamondCut(IDiamondCut.FacetCut[])
 writer effect     -> contracts/Comptroller/Diamond/Diamond.sol:196
 written member    -> ('SV', 'contracts/Comptroller/ComptrollerStorage.sol', 'ComptrollerV13Storage._selectorToFacetAndPosition')
 potentially stale -> ('SV', 'contracts/Comptroller/ComptrollerStorage.sol', 'ComptrollerV13Storage._facetFunctionSelectors')
 reader witnesses  -> 20
 storage exposures -> 2
[MV-SI candidate 20cb1e14bddb49f631a0] {venusBorrowState, venusBorrowerIndex}
 writer root       -> contracts/Comptroller/Diamond/facets/RewardFacet.sol::RewardFacet.claimVenus(address[],VToken[],bool,bool)
 writer effect     -> contracts/Comptroller/Diamond/facets/XVSRewardsHelper.sol:43
 written member    -> ('SV', 'contracts/Comptroller/ComptrollerStorage.sol', 'ComptrollerV1Storage.venusBorrowState')
 potentially stale -> ('SV', 'contracts/Comptroller/ComptrollerStorage.sol', 'ComptrollerV1Storage.venusBorrowerIndex')
 reader witnesses  -> 28
 storage exposures -> 4
[MV-SI candidate 20ceb709ee25109a6aa2] {venusBorrowState, venusBorrowerIndex}
 writer root       -> contracts/Comptroller/Diamond/facets/RewardFacet.sol::RewardFacet.claimVenus(address[],VToken[],bool,bool,bool)
 writer effect     -> contracts/Comptroller/Diamond/facets/XVSRewardsHelper.sol:43
 written member    -> ('SV', 'contracts/Comptroller/ComptrollerStorage.sol', 'ComptrollerV1Storage.venusBorrowState')
 potentially stale -> ('SV', 'contracts/Comptroller/ComptrollerStorage.sol', 'ComptrollerV1Storage.venusBorrowerIndex')
 reader witnesses  -> 28
 storage exposures -> 4
[MV-SI candidate 21230dfcaea4854c079e] {_facetAddresses, _facetFunctionSelectors}
 writer root       -> contracts/Comptroller/Diamond/Diamond.sol::Diamond.diamondCut(IDiamondCut.FacetCut[])
 writer effect     -> contracts/Comptroller/Diamond/Diamond.sol:233
 written member    -> ('SV', 'contracts/Comptroller/ComptrollerStorage.sol', 'ComptrollerV13Storage._facetFunctionSelectors')
 potentially stale -> ('SV', 'contracts/Comptroller/ComptrollerStorage.sol', 'ComptrollerV13Storage._facetAddresses')
 reader witnesses  -> 10
 storage exposures -> 2
[MV-SI candidate 217e171d80d0c9ceb144] {accountTokens, initialExchangeRateMantissa}
 writer root       -> contracts/Tokens/VTokens/VToken.sol::VToken.transferFrom(address,address,uint256)
 writer effect     -> contracts/Tokens/VTokens/VToken.sol:590
 written member    -> ('SV', 'contracts/Tokens/VTokens/VTokenInterfaces.sol', 'VTokenStorage.accountTokens')
 potentially stale -> ('SV', 'contracts/Tokens/VTokens/VTokenInterfaces.sol', 'VTokenStorage.initialExchangeRateMantissa')
 reader witnesses  -> 87
 storage exposures -> 13
[MV-SI candidate 21b41b28de3d8d492334] {accrualBlockNumber, borrowIndex}
 writer root       -> contracts/test/VBep20MockDelegate.sol::VBep20MockDelegate.redeem(uint256)
 writer effect     -> contracts/Tokens/VTokens/VToken.sol:463
 written member    -> ('SV', 'contracts/Tokens/VTokens/VTokenInterfaces.sol', 'VTokenStorage.borrowIndex')
 potentially stale -> ('SV', 'contracts/Tokens/VTokens/VTokenInterfaces.sol', 'VTokenStorage.accrualBlockNumber')
 reader witnesses  -> 21
 storage exposures -> 1
[MV-SI candidate 23bb895adabbd9a3768a] {allowance, balanceOf, totalSupply}
 writer root       -> contracts/Tokens/VAI/VAIController.sol::VAIController.liquidateVAI(address,uint256,VTokenInterface)
 writer effect     -> contracts/Tokens/VAI/VAI.sol:91
 written member    -> ('SV', 'contracts/Tokens/VAI/VAI.sol', 'VAI.balanceOf')
 potentially stale -> ('SV', 'contracts/Tokens/VAI/VAI.sol', 'VAI.allowance'), ('SV', 'contracts/Tokens/VAI/VAI.sol', 'VAI.totalSupply')
 reader witnesses  -> 216
 storage exposures -> 1
[MV-SI candidate 24a5656367f5a638f2d3] {allowance, balanceOf, totalSupply}
 writer root       -> contracts/Tokens/VAI/VAI.sol::VAI.mint(address,uint256)
 writer effect     -> contracts/Tokens/VAI/VAI.sol:99
 written member    -> ('SV', 'contracts/Tokens/VAI/VAI.sol', 'VAI.totalSupply')
 potentially stale -> ('SV', 'contracts/Tokens/VAI/VAI.sol', 'VAI.allowance'), ('SV', 'contracts/Tokens/VAI/VAI.sol', 'VAI.balanceOf')
 reader witnesses  -> 274
 storage exposures -> 2
[MV-SI candidate 24a8612adaebc013c274] {venusBorrowState, venusBorrowerIndex}
 writer root       -> contracts/Comptroller/Diamond/facets/PolicyFacet.sol::PolicyFacet.borrowAllowed(address,address,uint256)
 writer effect     -> contracts/Comptroller/Diamond/facets/XVSRewardsHelper.sol:112
 written member    -> ('SV', 'contracts/Comptroller/ComptrollerStorage.sol', 'ComptrollerV1Storage.venusBorrowerIndex')
 potentially stale -> ('SV', 'contracts/Comptroller/ComptrollerStorage.sol', 'ComptrollerV1Storage.venusBorrowState')
 reader witnesses  -> 59
 storage exposures -> 4
[MV-SI candidate 251136a7a083137316b0] {accrualBlockNumber, borrowIndex}
 writer root       -> contracts/test/VBep20MockDelegate.sol::VBep20MockDelegate.liquidateBorrow(address,uint256,VTokenInterface)
 writer effect     -> contracts/Tokens/VTokens/VToken.sol:462
 written member    -> ('SV', 'contracts/Tokens/VTokens/VTokenInterfaces.sol', 'VTokenStorage.accrualBlockNumber')
 potentially stale -> ('SV', 'contracts/Tokens/VTokens/VTokenInterfaces.sol', 'VTokenStorage.borrowIndex')
 reader witnesses  -> 5
 storage exposures -> 1
[MV-SI candidate 256744bb998dbb6b4e29] {balanceOf, totalSupply}
 writer root       -> contracts/Tokens/VAI/VAIController.sol::VAIController.repayVAI(uint256)
 writer effect     -> contracts/Tokens/VAI/VAI.sol:110
 written member    -> ('SV', 'contracts/Tokens/VAI/VAI.sol', 'VAI.totalSupply')
 potentially stale -> ('SV', 'contracts/Tokens/VAI/VAI.sol', 'VAI.balanceOf')
 reader witnesses  -> 188
 storage exposures -> 1
[MV-SI candidate 25c07a178ea969a213d7] {accrualBlockNumber, borrowIndex}
 writer root       -> contracts/Lens/VenusLens.sol::VenusLens.vTokenBalances(VToken,address)
 writer effect     -> contracts/Tokens/VTokens/VToken.sol:463
 written member    -> ('SV', 'contracts/Tokens/VTokens/VTokenInterfaces.sol', 'VTokenStorage.borrowIndex')
 potentially stale -> ('SV', 'contracts/Tokens/VTokens/VTokenInterfaces.sol', 'VTokenStorage.accrualBlockNumber')
 reader witnesses  -> 7
 storage exposures -> 1
[MV-SI candidate 25ec44d410742c87d35f] {accrualBlockNumber, borrowIndex}
 writer root       -> contracts/Tokens/VTokens/VToken.sol::VToken.initialize(ComptrollerInterface,InterestRateModel,uint256,string,string,uint8)
 writer effect     -> contracts/Tokens/VTokens/VToken.sol:335
 written member    -> ('SV', 'contracts/Tokens/VTokens/VTokenInterfaces.sol', 'VTokenStorage.borrowIndex')
 potentially stale -> ('SV', 'contracts/Tokens/VTokens/VTokenInterfaces.sol', 'VTokenStorage.accrualBlockNumber')
 reader witnesses  -> 328
 storage exposures -> 14
[MV-SI candidate 262a47339e563c761dbf] {venusSupplierIndex, venusSupplyState}
 writer root       -> contracts/Comptroller/Diamond/facets/PolicyFacet.sol::PolicyFacet._setVenusSpeeds(VToken[],uint256[],uint256[])
 writer effect     -> contracts/Comptroller/Diamond/facets/XVSRewardsHelper.sol:64
 written member    -> ('SV', 'contracts/Comptroller/ComptrollerStorage.sol', 'ComptrollerV1Storage.venusSupplyState')
 potentially stale -> ('SV', 'contracts/Comptroller/ComptrollerStorage.sol', 'ComptrollerV1Storage.venusSupplierIndex')
 reader witnesses  -> 33
 storage exposures -> 4
[MV-SI candidate 26834766d3ea2a5f2f48] {_facetFunctionSelectors, _selectorToFacetAndPosition}
 writer root       -> contracts/Comptroller/Diamond/Diamond.sol::Diamond.diamondCut(IDiamondCut.FacetCut[])
 writer effect     -> contracts/Comptroller/Diamond/Diamond.sol:220
 written member    -> ('SV', 'contracts/Comptroller/ComptrollerStorage.sol', 'ComptrollerV13Storage._selectorToFacetAndPosition')
 potentially stale -> ('SV', 'contracts/Comptroller/ComptrollerStorage.sol', 'ComptrollerV13Storage._facetFunctionSelectors')
 reader witnesses  -> 20
 storage exposures -> 2
[MV-SI candidate 268aba78d46a23c29d0b] {allowance, balanceOf, totalSupply}
 writer root       -> contracts/Tokens/VAI/VAI.sol::VAI.transferFrom(address,address,uint256)
 writer effect     -> contracts/Tokens/VAI/VAI.sol:91
 written member    -> ('SV', 'contracts/Tokens/VAI/VAI.sol', 'VAI.balanceOf')
 potentially stale -> ('SV', 'contracts/Tokens/VAI/VAI.sol', 'VAI.allowance'), ('SV', 'contracts/Tokens/VAI/VAI.sol', 'VAI.totalSupply')
 reader witnesses  -> 148
 storage exposures -> 2
[MV-SI candidate 26bbacb420769093f613] {accountTokens, initialExchangeRateMantissa}
 writer root       -> contracts/Tokens/VTokens/VToken.sol::VToken.transferFrom(address,address,uint256)
 writer effect     -> contracts/Tokens/VTokens/VToken.sol:591
 written member    -> ('SV', 'contracts/Tokens/VTokens/VTokenInterfaces.sol', 'VTokenStorage.accountTokens')
 potentially stale -> ('SV', 'contracts/Tokens/VTokens/VTokenInterfaces.sol', 'VTokenStorage.initialExchangeRateMantissa')
 reader witnesses  -> 87
 storage exposures -> 13
[MV-SI candidate 27802a35d4ec33e9fa3d] {venusBorrowState, venusBorrowerIndex}
 writer root       -> contracts/Comptroller/Diamond/facets/PolicyFacet.sol::PolicyFacet.repayBorrowAllowed(address,address,address,uint256)
 writer effect     -> contracts/Comptroller/Diamond/facets/XVSRewardsHelper.sol:112
 written member    -> ('SV', 'contracts/Comptroller/ComptrollerStorage.sol', 'ComptrollerV1Storage.venusBorrowerIndex')
 potentially stale -> ('SV', 'contracts/Comptroller/ComptrollerStorage.sol', 'ComptrollerV1Storage.venusBorrowState')
 reader witnesses  -> 59
 storage exposures -> 4
[MV-SI candidate 28865fac0a3ba2eaa8da] {allowance, balanceOf, totalSupply}
 writer root       -> contracts/test/VAIControllerHarness.sol::VAIControllerHarness.harnessRepayVAIFresh(address,address,uint256)
 writer effect     -> contracts/Tokens/VAI/VAI.sol:110
 written member    -> ('SV', 'contracts/Tokens/VAI/VAI.sol', 'VAI.totalSupply')
 potentially stale -> ('SV', 'contracts/Tokens/VAI/VAI.sol', 'VAI.allowance'), ('SV', 'contracts/Tokens/VAI/VAI.sol', 'VAI.balanceOf')
 reader witnesses  -> 202
 storage exposures -> 1
[MV-SI candidate 28ab0a00ebbf76e61327] {accrualBlockNumber, borrowIndex}
 writer root       -> contracts/Tokens/VTokens/VToken.sol::VToken.exchangeRateCurrent()
 writer effect     -> contracts/Tokens/VTokens/VToken.sol:462
 written member    -> ('SV', 'contracts/Tokens/VTokens/VTokenInterfaces.sol', 'VTokenStorage.accrualBlockNumber')
 potentially stale -> ('SV', 'contracts/Tokens/VTokens/VTokenInterfaces.sol', 'VTokenStorage.borrowIndex')
 reader witnesses  -> 84
 storage exposures -> 13
[MV-SI candidate 28c03b467df3937c30e1] {allowance, balanceOf, totalSupply}
 writer root       -> contracts/Tokens/VAI/VAIController.sol::VAIController.mintVAI(uint256)
 writer effect     -> contracts/Tokens/VAI/VAI.sol:98
 written member    -> ('SV', 'contracts/Tokens/VAI/VAI.sol', 'VAI.balanceOf')
 potentially stale -> ('SV', 'contracts/Tokens/VAI/VAI.sol', 'VAI.allowance'), ('SV', 'contracts/Tokens/VAI/VAI.sol', 'VAI.totalSupply')
 reader witnesses  -> 216
 storage exposures -> 1
[MV-SI candidate 28ec695a4ccdf666558d] {accountTokens, initialExchangeRateMantissa}
 writer root       -> contracts/Tokens/VTokens/VToken.sol::VToken.transfer(address,uint256)
 writer effect     -> contracts/Tokens/VTokens/VToken.sol:591
 written member    -> ('SV', 'contracts/Tokens/VTokens/VTokenInterfaces.sol', 'VTokenStorage.accountTokens')
 potentially stale -> ('SV', 'contracts/Tokens/VTokens/VTokenInterfaces.sol', 'VTokenStorage.initialExchangeRateMantissa')
 reader witnesses  -> 87
 storage exposures -> 13
[MV-SI candidate 292eeadacc09ef98def6] {venusSupplierIndex, venusSupplyState}
 writer root       -> contracts/Comptroller/Diamond/facets/RewardFacet.sol::RewardFacet.claimVenus(address[],VToken[],bool,bool)
 writer effect     -> contracts/Comptroller/Diamond/facets/XVSRewardsHelper.sol:83
 written member    -> ('SV', 'contracts/Comptroller/ComptrollerStorage.sol', 'ComptrollerV1Storage.venusSupplierIndex')
 potentially stale -> ('SV', 'contracts/Comptroller/ComptrollerStorage.sol', 'ComptrollerV1Storage.venusSupplyState')
 reader witnesses  -> 76
 storage exposures -> 4
[MV-SI candidate 2a6e3c9f49ed8df378fd] {accrualBlockNumber, borrowIndex}
 writer root       -> contracts/test/VBep20MockDelegate.sol::VBep20MockDelegate.repayBorrowBehalf(address,uint256)
 writer effect     -> contracts/Tokens/VTokens/VToken.sol:462
 written member    -> ('SV', 'contracts/Tokens/VTokens/VTokenInterfaces.sol', 'VTokenStorage.accrualBlockNumber')
 potentially stale -> ('SV', 'contracts/Tokens/VTokens/VTokenInterfaces.sol', 'VTokenStorage.borrowIndex')
 reader witnesses  -> 5
 storage exposures -> 1
[MV-SI candidate 2b0bdfb03eee11cce849] {allowance, balanceOf, totalSupply}
 writer root       -> contracts/Tokens/VAI/VAI.sol::VAI.pull(address,uint256)
 writer effect     -> contracts/Tokens/VAI/VAI.sol:91
 written member    -> ('SV', 'contracts/Tokens/VAI/VAI.sol', 'VAI.balanceOf')
 potentially stale -> ('SV', 'contracts/Tokens/VAI/VAI.sol', 'VAI.allowance'), ('SV', 'contracts/Tokens/VAI/VAI.sol', 'VAI.totalSupply')
 reader witnesses  -> 148
 storage exposures -> 2
[MV-SI candidate 2b73e83db2db02a4d8a1] {venusBorrowState, venusBorrowerIndex}
 writer root       -> contracts/Comptroller/Diamond/facets/PolicyFacet.sol::PolicyFacet.repayBorrowAllowed(address,address,address,uint256)
 writer effect     -> contracts/Comptroller/Diamond/facets/XVSRewardsHelper.sol:43
 written member    -> ('SV', 'contracts/Comptroller/ComptrollerStorage.sol', 'ComptrollerV1Storage.venusBorrowState')
 potentially stale -> ('SV', 'contracts/Comptroller/ComptrollerStorage.sol', 'ComptrollerV1Storage.venusBorrowerIndex')
 reader witnesses  -> 25
 storage exposures -> 4
[MV-SI candidate 2c8779106a5bdad1403d] {allowance, balanceOf, totalSupply}
 writer root       -> contracts/Tokens/VAI/VAI.sol::VAI.transfer(address,uint256)
 writer effect     -> contracts/Tokens/VAI/VAI.sol:92
 written member    -> ('SV', 'contracts/Tokens/VAI/VAI.sol', 'VAI.balanceOf')
 potentially stale -> ('SV', 'contracts/Tokens/VAI/VAI.sol', 'VAI.allowance'), ('SV', 'contracts/Tokens/VAI/VAI.sol', 'VAI.totalSupply')
 reader witnesses  -> 148
 storage exposures -> 2
[MV-SI candidate 2d00f9ef36e0ca290de5] {allMarkets, venusSpeeds}
 writer root       -> contracts/Comptroller/Diamond/facets/MarketFacet.sol::MarketFacet._supportMarket(VToken)
 writer effect     -> contracts/Comptroller/Diamond/facets/MarketFacet.sol:218
 written member    -> ('SV', 'contracts/Comptroller/ComptrollerStorage.sol', 'ComptrollerV1Storage.allMarkets')
 potentially stale -> ('SV', 'contracts/Comptroller/ComptrollerStorage.sol', 'ComptrollerV1Storage.venusSpeeds')
 reader witnesses  -> 4
 storage exposures -> 2
[MV-SI candidate 2f01b5b73fcb324cd32c] {venusSupplierIndex, venusSupplyState}
 writer root       -> contracts/Comptroller/Diamond/facets/RewardFacet.sol::RewardFacet.claimVenusAsCollateral(address)
 writer effect     -> contracts/Comptroller/Diamond/facets/XVSRewardsHelper.sol:64
 written member    -> ('SV', 'contracts/Comptroller/ComptrollerStorage.sol', 'ComptrollerV1Storage.venusSupplyState')
 potentially stale -> ('SV', 'contracts/Comptroller/ComptrollerStorage.sol', 'ComptrollerV1Storage.venusSupplierIndex')
 reader witnesses  -> 34
 storage exposures -> 4
[MV-SI candidate 2f9a7f8dd87755158840] {accrualBlockNumber, borrowIndex}
 writer root       -> contracts/test/EvilXToken.sol::EvilXToken.harnessSetBorrowIndex(uint256)
 writer effect     -> contracts/test/EvilXToken.sol:169
 written member    -> ('SV', 'contracts/Tokens/VTokens/VTokenInterfaces.sol', 'VTokenStorage.borrowIndex')
 potentially stale -> ('SV', 'contracts/Tokens/VTokens/VTokenInterfaces.sol', 'VTokenStorage.accrualBlockNumber')
 reader witnesses  -> 33
 storage exposures -> 1
[MV-SI candidate 3258b29ed6ea72e6f096] {allowance, balanceOf, totalSupply}
 writer root       -> contracts/test/VAIControllerHarness.sol::VAIControllerHarness.harnessLiquidateVAIFresh(address,address,uint256,VToken)
 writer effect     -> contracts/Tokens/VAI/VAI.sol:107
 written member    -> ('SV', 'contracts/Tokens/VAI/VAI.sol', 'VAI.allowance')
 potentially stale -> ('SV', 'contracts/Tokens/VAI/VAI.sol', 'VAI.balanceOf'), ('SV', 'contracts/Tokens/VAI/VAI.sol', 'VAI.totalSupply')
 reader witnesses  -> 94
 storage exposures -> 1
[MV-SI candidate 3377bcb48052bbdf9b47] {allowance, balanceOf, totalSupply}
 writer root       -> contracts/Tokens/VAI/VAI.sol::VAI.push(address,uint256)
 writer effect     -> contracts/Tokens/VAI/VAI.sol:91
 written member    -> ('SV', 'contracts/Tokens/VAI/VAI.sol', 'VAI.balanceOf')
 potentially stale -> ('SV', 'contracts/Tokens/VAI/VAI.sol', 'VAI.allowance'), ('SV', 'contracts/Tokens/VAI/VAI.sol', 'VAI.totalSupply')
 reader witnesses  -> 148
 storage exposures -> 2
[MV-SI candidate 33dd7c357c087eb469ad] {accrualBlockNumber, borrowIndex}
 writer root       -> contracts/Tokens/VTokens/VBep20.sol::VBep20.redeem(uint256)
 writer effect     -> contracts/Tokens/VTokens/VToken.sol:463
 written member    -> ('SV', 'contracts/Tokens/VTokens/VTokenInterfaces.sol', 'VTokenStorage.borrowIndex')
 potentially stale -> ('SV', 'contracts/Tokens/VTokens/VTokenInterfaces.sol', 'VTokenStorage.accrualBlockNumber')
 reader witnesses  -> 283
 storage exposures -> 11
[MV-SI candidate 348ced0c431566cd0f3c] {allowance, balanceOf, totalSupply}
 writer root       -> contracts/test/VAIControllerHarness.sol::VAIControllerHarness.harnessLiquidateVAIFresh(address,address,uint256,VToken)
 writer effect     -> contracts/Tokens/VAI/VAI.sol:91
 written member    -> ('SV', 'contracts/Tokens/VAI/VAI.sol', 'VAI.balanceOf')
 potentially stale -> ('SV', 'contracts/Tokens/VAI/VAI.sol', 'VAI.allowance'), ('SV', 'contracts/Tokens/VAI/VAI.sol', 'VAI.totalSupply')
 reader witnesses  -> 108
 storage exposures -> 1
[MV-SI candidate 34ca30fed78a1ea4b512] {accountTokens, initialExchangeRateMantissa}
 writer root       -> contracts/test/EvilXToken.sol::EvilXToken.harnessRedeemFresh(address,uint256,uint256)
 writer effect     -> contracts/Tokens/VTokens/VToken.sol:916
 written member    -> ('SV', 'contracts/Tokens/VTokens/VTokenInterfaces.sol', 'VTokenStorage.accountTokens')
 potentially stale -> ('SV', 'contracts/Tokens/VTokens/VTokenInterfaces.sol', 'VTokenStorage.initialExchangeRateMantissa')
 reader witnesses  -> 3
 storage exposures -> 1
[MV-SI candidate 35055d1a92c62f4d5f66] {allowance, balanceOf, totalSupply}
 writer root       -> contracts/Tokens/VAI/VAI.sol::VAI.transferFrom(address,address,uint256)
 writer effect     -> contracts/Tokens/VAI/VAI.sol:92
 written member    -> ('SV', 'contracts/Tokens/VAI/VAI.sol', 'VAI.balanceOf')
 potentially stale -> ('SV', 'contracts/Tokens/VAI/VAI.sol', 'VAI.allowance'), ('SV', 'contracts/Tokens/VAI/VAI.sol', 'VAI.totalSupply')
 reader witnesses  -> 148
 storage exposures -> 2
[MV-SI candidate 352572ed583c3d9a05d1] {accrualBlockNumber, borrowIndex}
 writer root       -> contracts/Tokens/VTokens/VToken.sol::VToken.balanceOfUnderlying(address)
 writer effect     -> contracts/Tokens/VTokens/VToken.sol:462
 written member    -> ('SV', 'contracts/Tokens/VTokens/VTokenInterfaces.sol', 'VTokenStorage.accrualBlockNumber')
 potentially stale -> ('SV', 'contracts/Tokens/VTokens/VTokenInterfaces.sol', 'VTokenStorage.borrowIndex')
 reader witnesses  -> 84
 storage exposures -> 13
[MV-SI candidate 3599186e8ad68599f92a] {accrualBlockNumber, borrowIndex}
 writer root       -> contracts/Tokens/VTokens/VToken.sol::VToken._reduceReserves(uint256)
 writer effect     -> contracts/Tokens/VTokens/VToken.sol:462
 written member    -> ('SV', 'contracts/Tokens/VTokens/VTokenInterfaces.sol', 'VTokenStorage.accrualBlockNumber')
 potentially stale -> ('SV', 'contracts/Tokens/VTokens/VTokenInterfaces.sol', 'VTokenStorage.borrowIndex')
 reader witnesses  -> 84
 storage exposures -> 13
[MV-SI candidate 377d52358e518bccd4c5] {allowance, balanceOf, totalSupply}
 writer root       -> contracts/Tokens/VAI/VAIController.sol::VAIController.repayVAI(uint256)
 writer effect     -> contracts/Tokens/VAI/VAI.sol:110
 written member    -> ('SV', 'contracts/Tokens/VAI/VAI.sol', 'VAI.totalSupply')
 potentially stale -> ('SV', 'contracts/Tokens/VAI/VAI.sol', 'VAI.allowance'), ('SV', 'contracts/Tokens/VAI/VAI.sol', 'VAI.balanceOf')
 reader witnesses  -> 404
 storage exposures -> 1
[MV-SI candidate 37abee52cecc7564b7da] {accountTokens, initialExchangeRateMantissa}
 writer root       -> contracts/Tokens/VTokens/VBep20.sol::VBep20.redeemUnderlying(uint256)
 writer effect     -> contracts/Tokens/VTokens/VToken.sol:916
 written member    -> ('SV', 'contracts/Tokens/VTokens/VTokenInterfaces.sol', 'VTokenStorage.accountTokens')
 potentially stale -> ('SV', 'contracts/Tokens/VTokens/VTokenInterfaces.sol', 'VTokenStorage.initialExchangeRateMantissa')
 reader witnesses  -> 33
 storage exposures -> 11
[MV-SI candidate 37ca1f73e63aa684d738] {accrualBlockNumber, borrowIndex}
 writer root       -> contracts/test/MockVBNB.sol::MockVBNB.redeem(uint256)
 writer effect     -> contracts/Tokens/VTokens/VToken.sol:462
 written member    -> ('SV', 'contracts/Tokens/VTokens/VTokenInterfaces.sol', 'VTokenStorage.accrualBlockNumber')
 potentially stale -> ('SV', 'contracts/Tokens/VTokens/VTokenInterfaces.sol', 'VTokenStorage.borrowIndex')
 reader witnesses  -> 4
 storage exposures -> 1
[MV-SI candidate 396e285f0941f05efc13] {venusBorrowState, venusBorrowerIndex}
 writer root       -> contracts/Comptroller/Diamond/facets/PolicyFacet.sol::PolicyFacet.borrowAllowed(address,address,uint256)
 writer effect     -> contracts/Comptroller/Diamond/facets/XVSRewardsHelper.sol:44
 written member    -> ('SV', 'contracts/Comptroller/ComptrollerStorage.sol', 'ComptrollerV1Storage.venusBorrowState')
 potentially stale -> ('SV', 'contracts/Comptroller/ComptrollerStorage.sol', 'ComptrollerV1Storage.venusBorrowerIndex')
 reader witnesses  -> 25
 storage exposures -> 4
[MV-SI candidate 3e6c310df38dad710109] {venusBorrowState, venusBorrowerIndex}
 writer root       -> contracts/test/ComptrollerScenario.sol::ComptrollerScenario.refreshVenusSpeeds()
 writer effect     -> contracts/Comptroller/Diamond/facets/XVSRewardsHelper.sol:44
 written member    -> ('SV', 'contracts/Comptroller/ComptrollerStorage.sol', 'ComptrollerV1Storage.venusBorrowState')
 potentially stale -> ('SV', 'contracts/Comptroller/ComptrollerStorage.sol', 'ComptrollerV1Storage.venusBorrowerIndex')
 reader witnesses  -> 7
 storage exposures -> 1
[MV-SI candidate 3f180711c7eaa244653e] {accountTokens, initialExchangeRateMantissa}
 writer root       -> contracts/test/EvilXToken.sol::EvilXToken.harnessLiquidateBorrowFresh(address,address,uint256,VToken)
 writer effect     -> contracts/Tokens/VTokens/VToken.sol:1356
 written member    -> ('SV', 'contracts/Tokens/VTokens/VTokenInterfaces.sol', 'VTokenStorage.accountTokens')
 potentially stale -> ('SV', 'contracts/Tokens/VTokens/VTokenInterfaces.sol', 'VTokenStorage.initialExchangeRateMantissa')
 reader witnesses  -> 3
 storage exposures -> 1
[MV-SI candidate 3fbf277c370dafa8ec32] {_facetFunctionSelectors, _selectorToFacetAndPosition}
 writer root       -> contracts/Comptroller/Diamond/Diamond.sol::Diamond.diamondCut(IDiamondCut.FacetCut[])
 writer effect     -> contracts/Comptroller/Diamond/Diamond.sol:219
 written member    -> ('SV', 'contracts/Comptroller/ComptrollerStorage.sol', 'ComptrollerV13Storage._facetFunctionSelectors')
 potentially stale -> ('SV', 'contracts/Comptroller/ComptrollerStorage.sol', 'ComptrollerV13Storage._selectorToFacetAndPosition')
 reader witnesses  -> 12
 storage exposures -> 2
[MV-SI candidate 401860c2862d1b65c808] {venusSupplierIndex, venusSupplyState}
 writer root       -> contracts/Comptroller/Diamond/facets/RewardFacet.sol::RewardFacet.claimVenus(address)
 writer effect     -> contracts/Comptroller/Diamond/facets/XVSRewardsHelper.sol:67
 written member    -> ('SV', 'contracts/Comptroller/ComptrollerStorage.sol', 'ComptrollerV1Storage.venusSupplyState')
 potentially stale -> ('SV', 'contracts/Comptroller/ComptrollerStorage.sol', 'ComptrollerV1Storage.venusSupplierIndex')
 reader witnesses  -> 34
 storage exposures -> 4
[MV-SI candidate 40353dcd473e4ff7d41c] {venusSupplierIndex, venusSupplyState}
 writer root       -> contracts/test/ComptrollerHarness.sol::ComptrollerHarness.harnessAddVenusMarkets(address[])
 writer effect     -> contracts/Comptroller/Diamond/facets/XVSRewardsHelper.sol:64
 written member    -> ('SV', 'contracts/Comptroller/ComptrollerStorage.sol', 'ComptrollerV1Storage.venusSupplyState')
 potentially stale -> ('SV', 'contracts/Comptroller/ComptrollerStorage.sol', 'ComptrollerV1Storage.venusSupplierIndex')
 reader witnesses  -> 11
 storage exposures -> 1
[MV-SI candidate 41d7b86c77268c6de980] {venusBorrowState, venusBorrowerIndex}
 writer root       -> contracts/test/ComptrollerHarness.sol::ComptrollerHarness.harnessUpdateVenusBorrowIndex(address,uint256)
 writer effect     -> contracts/Comptroller/Diamond/facets/XVSRewardsHelper.sol:44
 written member    -> ('SV', 'contracts/Comptroller/ComptrollerStorage.sol', 'ComptrollerV1Storage.venusBorrowState')
 potentially stale -> ('SV', 'contracts/Comptroller/ComptrollerStorage.sol', 'ComptrollerV1Storage.venusBorrowerIndex')
 reader witnesses  -> 9
 storage exposures -> 1
[MV-SI candidate 422f9115c238081bc12d] {venusBorrowState, venusBorrowerIndex}
 writer root       -> contracts/Comptroller/Diamond/facets/RewardFacet.sol::RewardFacet.claimVenus(address,VToken[])
 writer effect     -> contracts/Comptroller/Diamond/facets/XVSRewardsHelper.sol:46
 written member    -> ('SV', 'contracts/Comptroller/ComptrollerStorage.sol', 'ComptrollerV1Storage.venusBorrowState')
 potentially stale -> ('SV', 'contracts/Comptroller/ComptrollerStorage.sol', 'ComptrollerV1Storage.venusBorrowerIndex')
 reader witnesses  -> 28
 storage exposures -> 4
[MV-SI candidate 4260d364b253be0cf5fc] {accrualBlockNumber, borrowIndex}
 writer root       -> contracts/Tokens/VTokens/VBep20.sol::VBep20.repayBorrow(uint256)
 writer effect     -> contracts/Tokens/VTokens/VToken.sol:463
 written member    -> ('SV', 'contracts/Tokens/VTokens/VTokenInterfaces.sol', 'VTokenStorage.borrowIndex')
 potentially stale -> ('SV', 'contracts/Tokens/VTokens/VTokenInterfaces.sol', 'VTokenStorage.accrualBlockNumber')
 reader witnesses  -> 283
 storage exposures -> 11
[MV-SI candidate 431634cf57e736667441] {allowance, balanceOf, totalSupply}
 writer root       -> contracts/Tokens/VAI/VAI.sol::VAI.move(address,address,uint256)
 writer effect     -> contracts/Tokens/VAI/VAI.sol:92
 written member    -> ('SV', 'contracts/Tokens/VAI/VAI.sol', 'VAI.balanceOf')
 potentially stale -> ('SV', 'contracts/Tokens/VAI/VAI.sol', 'VAI.allowance'), ('SV', 'contracts/Tokens/VAI/VAI.sol', 'VAI.totalSupply')
 reader witnesses  -> 148
 storage exposures -> 2
[MV-SI candidate 45297de01ba04756374d] {accountTokens, initialExchangeRateMantissa}
 writer root       -> contracts/Tokens/VTokens/VBep20.sol::VBep20.liquidateBorrow(address,uint256,VTokenInterface)
 writer effect     -> contracts/Tokens/VTokens/VToken.sol:1357
 written member    -> ('SV', 'contracts/Tokens/VTokens/VTokenInterfaces.sol', 'VTokenStorage.accountTokens')
 potentially stale -> ('SV', 'contracts/Tokens/VTokens/VTokenInterfaces.sol', 'VTokenStorage.initialExchangeRateMantissa')
 reader witnesses  -> 33
 storage exposures -> 11
[MV-SI candidate 45dbeceea0a93c089977] {accountTokens, initialExchangeRateMantissa}
 writer root       -> contracts/test/EvilXToken.sol::EvilXToken.harnessMintFresh(address,uint256)
 writer effect     -> contracts/Tokens/VTokens/VToken.sol:686
 written member    -> ('SV', 'contracts/Tokens/VTokens/VTokenInterfaces.sol', 'VTokenStorage.accountTokens')
 potentially stale -> ('SV', 'contracts/Tokens/VTokens/VTokenInterfaces.sol', 'VTokenStorage.initialExchangeRateMantissa')
 reader witnesses  -> 3
 storage exposures -> 1
[MV-SI candidate 47115902ba78778f0367] {venusSupplierIndex, venusSupplyState}
 writer root       -> contracts/test/ComptrollerHarness.sol::ComptrollerHarness.harnessAddVenusMarkets(address[])
 writer effect     -> contracts/Comptroller/Diamond/facets/XVSRewardsHelper.sol:67
 written member    -> ('SV', 'contracts/Comptroller/ComptrollerStorage.sol', 'ComptrollerV1Storage.venusSupplyState')
 potentially stale -> ('SV', 'contracts/Comptroller/ComptrollerStorage.sol', 'ComptrollerV1Storage.venusSupplierIndex')
 reader witnesses  -> 11
 storage exposures -> 1
[MV-SI candidate 47c059cc0dac8a9f0735] {accrualBlockNumber, borrowIndex}
 writer root       -> contracts/test/VBep20MockDelegate.sol::VBep20MockDelegate.redeem(uint256)
 writer effect     -> contracts/Tokens/VTokens/VToken.sol:462
 written member    -> ('SV', 'contracts/Tokens/VTokens/VTokenInterfaces.sol', 'VTokenStorage.accrualBlockNumber')
 potentially stale -> ('SV', 'contracts/Tokens/VTokens/VTokenInterfaces.sol', 'VTokenStorage.borrowIndex')
 reader witnesses  -> 5
 storage exposures -> 1
[MV-SI candidate 49e83f1b4ee4d777159f] {accrualBlockNumber, borrowIndex}
 writer root       -> contracts/test/MockVBNB.sol::MockVBNB.redeemUnderlying(uint256)
 writer effect     -> contracts/Tokens/VTokens/VToken.sol:462
 written member    -> ('SV', 'contracts/Tokens/VTokens/VTokenInterfaces.sol', 'VTokenStorage.accrualBlockNumber')
 potentially stale -> ('SV', 'contracts/Tokens/VTokens/VTokenInterfaces.sol', 'VTokenStorage.borrowIndex')
 reader witnesses  -> 4
 storage exposures -> 1
[MV-SI candidate 4a97984971f2eb66b99b] {accountTokens, initialExchangeRateMantissa}
 writer root       -> contracts/Tokens/VTokens/VToken.sol::VToken.seize(address,address,uint256)
 writer effect     -> contracts/Tokens/VTokens/VToken.sol:1356
 written member    -> ('SV', 'contracts/Tokens/VTokens/VTokenInterfaces.sol', 'VTokenStorage.accountTokens')
 potentially stale -> ('SV', 'contracts/Tokens/VTokens/VTokenInterfaces.sol', 'VTokenStorage.initialExchangeRateMantissa')
 reader witnesses  -> 87
 storage exposures -> 13
[MV-SI candidate 4ac50609d0030d65938d] {venusSupplierIndex, venusSupplyState}
 writer root       -> contracts/Comptroller/Diamond/facets/RewardFacet.sol::RewardFacet.claimVenusAsCollateral(address)
 writer effect     -> contracts/Comptroller/Diamond/facets/XVSRewardsHelper.sol:67
 written member    -> ('SV', 'contracts/Comptroller/ComptrollerStorage.sol', 'ComptrollerV1Storage.venusSupplyState')
 potentially stale -> ('SV', 'contracts/Comptroller/ComptrollerStorage.sol', 'ComptrollerV1Storage.venusSupplierIndex')
 reader witnesses  -> 34
 storage exposures -> 4
[MV-SI candidate 4b29c6366a7374534073] {delegates, numCheckpoints}
 writer root       -> contracts/Tokens/VRT/VRT.sol::VRT.delegate(address)
 writer effect     -> contracts/Tokens/VRT/VRT.sol:234
 written member    -> ('SV', 'contracts/Tokens/VRT/VRT.sol', 'VRT.delegates')
 potentially stale -> ('SV', 'contracts/Tokens/VRT/VRT.sol', 'VRT.numCheckpoints')
 reader witnesses  -> 16
 storage exposures -> 1
[MV-SI candidate 4bce96993ad5ca171a64] {accrualBlockNumber, borrowIndex}
 writer root       -> contracts/test/MockVBNB.sol::MockVBNB.mint()
 writer effect     -> contracts/Tokens/VTokens/VToken.sol:462
 written member    -> ('SV', 'contracts/Tokens/VTokens/VTokenInterfaces.sol', 'VTokenStorage.accrualBlockNumber')
 potentially stale -> ('SV', 'contracts/Tokens/VTokens/VTokenInterfaces.sol', 'VTokenStorage.borrowIndex')
 reader witnesses  -> 4
 storage exposures -> 1
[MV-SI candidate 4bfb6e95c16555cac482] {venusBorrowState, venusBorrowerIndex}
 writer root       -> contracts/Comptroller/Diamond/facets/RewardFacet.sol::RewardFacet.claimVenus(address)
 writer effect     -> contracts/Comptroller/Diamond/facets/XVSRewardsHelper.sol:46
 written member    -> ('SV', 'contracts/Comptroller/ComptrollerStorage.sol', 'ComptrollerV1Storage.venusBorrowState')
 potentially stale -> ('SV', 'contracts/Comptroller/ComptrollerStorage.sol', 'ComptrollerV1Storage.venusBorrowerIndex')
 reader witnesses  -> 28
 storage exposures -> 4
[MV-SI candidate 4d07c1d6c9664383967c] {venusBorrowState, venusBorrowerIndex}
 writer root       -> contracts/Comptroller/Diamond/facets/MarketFacet.sol::MarketFacet._supportMarket(VToken)
 writer effect     -> contracts/Comptroller/Diamond/facets/MarketFacet.sol:241
 written member    -> ('SV', 'contracts/Comptroller/ComptrollerStorage.sol', 'ComptrollerV1Storage.venusBorrowState')
 potentially stale -> ('SV', 'contracts/Comptroller/ComptrollerStorage.sol', 'ComptrollerV1Storage.venusBorrowerIndex')
 reader witnesses  -> 23
 storage exposures -> 3
[MV-SI candidate 4d192ed83ca6ec43f350] {allowance, balanceOf, totalSupply}
 writer root       -> contracts/Tokens/VAI/VAIController.sol::VAIController.repayVAI(uint256)
 writer effect     -> contracts/Tokens/VAI/VAI.sol:91
 written member    -> ('SV', 'contracts/Tokens/VAI/VAI.sol', 'VAI.balanceOf')
 potentially stale -> ('SV', 'contracts/Tokens/VAI/VAI.sol', 'VAI.allowance'), ('SV', 'contracts/Tokens/VAI/VAI.sol', 'VAI.totalSupply')
 reader witnesses  -> 216
 storage exposures -> 1
[MV-SI candidate 4d4a7815cc3bbc787dba] {accrualBlockNumber, borrowIndex}
 writer root       -> contracts/test/MockVBNB.sol::MockVBNB.liquidateBorrow(address,VToken)
 writer effect     -> contracts/Tokens/VTokens/VToken.sol:463
 written member    -> ('SV', 'contracts/Tokens/VTokens/VTokenInterfaces.sol', 'VTokenStorage.borrowIndex')
 potentially stale -> ('SV', 'contracts/Tokens/VTokens/VTokenInterfaces.sol', 'VTokenStorage.accrualBlockNumber')
 reader witnesses  -> 17
 storage exposures -> 1
[MV-SI candidate 4e4fa55d09dc16406fa5] {venusSupplierIndex, venusSupplyState}
 writer root       -> contracts/Comptroller/Diamond/facets/PolicyFacet.sol::PolicyFacet.redeemAllowed(address,address,uint256)
 writer effect     -> contracts/Comptroller/Diamond/facets/XVSRewardsHelper.sol:67
 written member    -> ('SV', 'contracts/Comptroller/ComptrollerStorage.sol', 'ComptrollerV1Storage.venusSupplyState')
 potentially stale -> ('SV', 'contracts/Comptroller/ComptrollerStorage.sol', 'ComptrollerV1Storage.venusSupplierIndex')
 reader witnesses  -> 33
 storage exposures -> 4
[MV-SI candidate 4e7feb9abba40d0c1d40] {venusSupplierIndex, venusSupplyState}
 writer root       -> contracts/Comptroller/Diamond/facets/RewardFacet.sol::RewardFacet.claimVenus(address)
 writer effect     -> contracts/Comptroller/Diamond/facets/XVSRewardsHelper.sol:64
 written member    -> ('SV', 'contracts/Comptroller/ComptrollerStorage.sol', 'ComptrollerV1Storage.venusSupplyState')
 potentially stale -> ('SV', 'contracts/Comptroller/ComptrollerStorage.sol', 'ComptrollerV1Storage.venusSupplierIndex')
 reader witnesses  -> 34
 storage exposures -> 4
[MV-SI candidate 4e98f71faec139643319] {venusBorrowState, venusBorrowerIndex}
 writer root       -> contracts/test/ComptrollerHarness.sol::ComptrollerHarness.setVenusBorrowState(address,uint224,uint32)
 writer effect     -> contracts/test/ComptrollerHarness.sol:20
 written member    -> ('SV', 'contracts/Comptroller/ComptrollerStorage.sol', 'ComptrollerV1Storage.venusBorrowState')
 potentially stale -> ('SV', 'contracts/Comptroller/ComptrollerStorage.sol', 'ComptrollerV1Storage.venusBorrowerIndex')
 reader witnesses  -> 9
 storage exposures -> 1
[MV-SI candidate 4eb77e6892fc20e7f54b] {balanceOf, totalSupply}
 writer root       -> contracts/test/VAIControllerHarness.sol::VAIControllerHarness.harnessLiquidateVAIFresh(address,address,uint256,VToken)
 writer effect     -> contracts/Tokens/VAI/VAI.sol:110
 written member    -> ('SV', 'contracts/Tokens/VAI/VAI.sol', 'VAI.totalSupply')
 potentially stale -> ('SV', 'contracts/Tokens/VAI/VAI.sol', 'VAI.balanceOf')
 reader witnesses  -> 94
 storage exposures -> 1
[MV-SI candidate 4ef9a21e4fb4cb735420] {balanceOf, totalSupply}
 writer root       -> contracts/Tokens/VAI/VAIController.sol::VAIController.mintVAI(uint256)
 writer effect     -> contracts/Tokens/VAI/VAI.sol:99
 written member    -> ('SV', 'contracts/Tokens/VAI/VAI.sol', 'VAI.totalSupply')
 potentially stale -> ('SV', 'contracts/Tokens/VAI/VAI.sol', 'VAI.balanceOf')
 reader witnesses  -> 188
 storage exposures -> 1
[MV-SI candidate 4f69ed1b09d52e8dffbe] {venusSupplierIndex, venusSupplyState}
 writer root       -> contracts/Comptroller/Diamond/facets/PolicyFacet.sol::PolicyFacet.redeemAllowed(address,address,uint256)
 writer effect     -> contracts/Comptroller/Diamond/facets/XVSRewardsHelper.sol:64
 written member    -> ('SV', 'contracts/Comptroller/ComptrollerStorage.sol', 'ComptrollerV1Storage.venusSupplyState')
 potentially stale -> ('SV', 'contracts/Comptroller/ComptrollerStorage.sol', 'ComptrollerV1Storage.venusSupplierIndex')
 reader witnesses  -> 33
 storage exposures -> 4
[MV-SI candidate 4f85b0dc8bd4b2b4cee3] {_facetFunctionSelectors, _selectorToFacetAndPosition}
 writer root       -> contracts/Comptroller/Diamond/Diamond.sol::Diamond.diamondCut(IDiamondCut.FacetCut[])
 writer effect     -> contracts/Comptroller/Diamond/Diamond.sol:211
 written member    -> ('SV', 'contracts/Comptroller/ComptrollerStorage.sol', 'ComptrollerV13Storage._facetFunctionSelectors')
 potentially stale -> ('SV', 'contracts/Comptroller/ComptrollerStorage.sol', 'ComptrollerV13Storage._selectorToFacetAndPosition')
 reader witnesses  -> 12
 storage exposures -> 2
[MV-SI candidate 50eb7d5b67114633f07b] {venusSupplierIndex, venusSupplyState}
 writer root       -> contracts/Comptroller/Diamond/facets/RewardFacet.sol::RewardFacet.claimVenus(address[],VToken[],bool,bool)
 writer effect     -> contracts/Comptroller/Diamond/facets/XVSRewardsHelper.sol:64
 written member    -> ('SV', 'contracts/Comptroller/ComptrollerStorage.sol', 'ComptrollerV1Storage.venusSupplyState')
 potentially stale -> ('SV', 'contracts/Comptroller/ComptrollerStorage.sol', 'ComptrollerV1Storage.venusSupplierIndex')
 reader witnesses  -> 34
 storage exposures -> 4
[MV-SI candidate 5247bcdda74c24575294] {venusSupplierIndex, venusSupplyState}
 writer root       -> contracts/test/ComptrollerHarness.sol::ComptrollerHarness.harnessUpdateVenusSupplyIndex(address)
 writer effect     -> contracts/Comptroller/Diamond/facets/XVSRewardsHelper.sol:64
 written member    -> ('SV', 'contracts/Comptroller/ComptrollerStorage.sol', 'ComptrollerV1Storage.venusSupplyState')
 potentially stale -> ('SV', 'contracts/Comptroller/ComptrollerStorage.sol', 'ComptrollerV1Storage.venusSupplierIndex')
 reader witnesses  -> 11
 storage exposures -> 1
[MV-SI candidate 525bc2b01c167cd36ad6] {venusSupplierIndex, venusSupplyState}
 writer root       -> contracts/Comptroller/Diamond/facets/RewardFacet.sol::RewardFacet.claimVenus(address[],VToken[],bool,bool,bool)
 writer effect     -> contracts/Comptroller/Diamond/facets/XVSRewardsHelper.sol:65
 written member    -> ('SV', 'contracts/Comptroller/ComptrollerStorage.sol', 'ComptrollerV1Storage.venusSupplyState')
 potentially stale -> ('SV', 'contracts/Comptroller/ComptrollerStorage.sol', 'ComptrollerV1Storage.venusSupplierIndex')
 reader witnesses  -> 34
 storage exposures -> 4
[MV-SI candidate 5299fe422c7e2e511c3c] {accrualBlockNumber, borrowIndex}
 writer root       -> contracts/test/VBep20Harness.sol::VBep20DelegateHarness.harnessSetAccrualBlockNumber(uint256)
 writer effect     -> contracts/test/VBep20Harness.sol:319
 written member    -> ('SV', 'contracts/Tokens/VTokens/VTokenInterfaces.sol', 'VTokenStorage.accrualBlockNumber')
 potentially stale -> ('SV', 'contracts/Tokens/VTokens/VTokenInterfaces.sol', 'VTokenStorage.borrowIndex')
 reader witnesses  -> 9
 storage exposures -> 1
[MV-SI candidate 53022fc0ba4b6d4082b2] {accrualBlockNumber, borrowIndex}
 writer root       -> contracts/test/VBep20MockDelegate.sol::VBep20MockDelegate.borrow(uint256)
 writer effect     -> contracts/Tokens/VTokens/VToken.sol:462
 written member    -> ('SV', 'contracts/Tokens/VTokens/VTokenInterfaces.sol', 'VTokenStorage.accrualBlockNumber')
 potentially stale -> ('SV', 'contracts/Tokens/VTokens/VTokenInterfaces.sol', 'VTokenStorage.borrowIndex')
 reader witnesses  -> 5
 storage exposures -> 1
[MV-SI candidate 550eef469f1137c2fb25] {allowance, balanceOf, totalSupply}
 writer root       -> contracts/Tokens/VAI/VAI.sol::VAI.transfer(address,uint256)
 writer effect     -> contracts/Tokens/VAI/VAI.sol:89
 written member    -> ('SV', 'contracts/Tokens/VAI/VAI.sol', 'VAI.allowance')
 potentially stale -> ('SV', 'contracts/Tokens/VAI/VAI.sol', 'VAI.balanceOf'), ('SV', 'contracts/Tokens/VAI/VAI.sol', 'VAI.totalSupply')
 reader witnesses  -> 134
 storage exposures -> 2
[MV-SI candidate 555c7e171303c72019ae] {allowance, balanceOf, totalSupply}
 writer root       -> contracts/test/VAIControllerHarness.sol::VAIControllerHarness.harnessRepayVAIFresh(address,address,uint256)
 writer effect     -> contracts/Tokens/VAI/VAI.sol:107
 written member    -> ('SV', 'contracts/Tokens/VAI/VAI.sol', 'VAI.allowance')
 potentially stale -> ('SV', 'contracts/Tokens/VAI/VAI.sol', 'VAI.balanceOf'), ('SV', 'contracts/Tokens/VAI/VAI.sol', 'VAI.totalSupply')
 reader witnesses  -> 94
 storage exposures -> 1
[MV-SI candidate 55e0aac1d38c39cf45fa] {accrualBlockNumber, borrowIndex}
 writer root       -> contracts/Tokens/VTokens/VToken.sol::VToken.totalBorrowsCurrent()
 writer effect     -> contracts/Tokens/VTokens/VToken.sol:463
 written member    -> ('SV', 'contracts/Tokens/VTokens/VTokenInterfaces.sol', 'VTokenStorage.borrowIndex')
 potentially stale -> ('SV', 'contracts/Tokens/VTokens/VTokenInterfaces.sol', 'VTokenStorage.accrualBlockNumber')
 reader witnesses  -> 328
 storage exposures -> 14
[MV-SI candidate 5652e6fe5eb7d736606d] {allowance, balanceOf, totalSupply}
 writer root       -> contracts/test/VAIHarness.sol::VAIScenario.allocateTo(address,uint256)
 writer effect     -> contracts/test/VAIHarness.sol:28
 written member    -> ('SV', 'contracts/Tokens/VAI/VAI.sol', 'VAI.totalSupply')
 potentially stale -> ('SV', 'contracts/Tokens/VAI/VAI.sol', 'VAI.allowance'), ('SV', 'contracts/Tokens/VAI/VAI.sol', 'VAI.balanceOf')
 reader witnesses  -> 72
 storage exposures -> 1
[MV-SI candidate 5671dcd094559c38e6a9] {allowance, balanceOf, totalSupply}
 writer root       -> contracts/Tokens/VAI/VAIController.sol::VAIController.repayVAI(uint256)
 writer effect     -> contracts/Tokens/VAI/VAI.sol:89
 written member    -> ('SV', 'contracts/Tokens/VAI/VAI.sol', 'VAI.allowance')
 potentially stale -> ('SV', 'contracts/Tokens/VAI/VAI.sol', 'VAI.balanceOf'), ('SV', 'contracts/Tokens/VAI/VAI.sol', 'VAI.totalSupply')
 reader witnesses  -> 188
 storage exposures -> 1
[MV-SI candidate 57b7fa5a077d3155deb7] {_facetAddresses, _facetFunctionSelectors}
 writer root       -> contracts/Comptroller/Diamond/Diamond.sol::Diamond.diamondCut(IDiamondCut.FacetCut[])
 writer effect     -> contracts/Comptroller/Diamond/Diamond.sol:146
 written member    -> ('SV', 'contracts/Comptroller/ComptrollerStorage.sol', 'ComptrollerV13Storage._facetFunctionSelectors')
 potentially stale -> ('SV', 'contracts/Comptroller/ComptrollerStorage.sol', 'ComptrollerV13Storage._facetAddresses')
 reader witnesses  -> 10
 storage exposures -> 2
[MV-SI candidate 57bbb1a6913e5510c69d] {accrualBlockNumber, borrowIndex}
 writer root       -> contracts/Tokens/VTokens/VBep20.sol::VBep20.borrowBehalf(address,uint256)
 writer effect     -> contracts/Tokens/VTokens/VToken.sol:463
 written member    -> ('SV', 'contracts/Tokens/VTokens/VTokenInterfaces.sol', 'VTokenStorage.borrowIndex')
 potentially stale -> ('SV', 'contracts/Tokens/VTokens/VTokenInterfaces.sol', 'VTokenStorage.accrualBlockNumber')
 reader witnesses  -> 283
 storage exposures -> 11
[MV-SI candidate 5825c4a9f839a3ab9bf2] {accrualBlockNumber, borrowIndex}
 writer root       -> contracts/test/VBep20MockDelegate.sol::VBep20MockDelegate.liquidateBorrow(address,uint256,VTokenInterface)
 writer effect     -> contracts/Tokens/VTokens/VToken.sol:463
 written member    -> ('SV', 'contracts/Tokens/VTokens/VTokenInterfaces.sol', 'VTokenStorage.borrowIndex')
 potentially stale -> ('SV', 'contracts/Tokens/VTokens/VTokenInterfaces.sol', 'VTokenStorage.accrualBlockNumber')
 reader witnesses  -> 21
 storage exposures -> 1
[MV-SI candidate 5825decd219fe967d3a9] {accrualBlockNumber, borrowIndex}
 writer root       -> contracts/test/EvilXToken.sol::EvilXToken.harnessSetAccrualBlockNumber(uint256)
 writer effect     -> contracts/test/EvilXToken.sol:107
 written member    -> ('SV', 'contracts/Tokens/VTokens/VTokenInterfaces.sol', 'VTokenStorage.accrualBlockNumber')
 potentially stale -> ('SV', 'contracts/Tokens/VTokens/VTokenInterfaces.sol', 'VTokenStorage.borrowIndex')
 reader witnesses  -> 9
 storage exposures -> 1
[MV-SI candidate 5b757a3ef6c4360247db] {venusSupplierIndex, venusSupplyState}
 writer root       -> contracts/test/ComptrollerHarness.sol::ComptrollerHarness.harnessDistributeAllSupplierVenus(address,address)
 writer effect     -> contracts/Comptroller/Diamond/facets/XVSRewardsHelper.sol:83
 written member    -> ('SV', 'contracts/Comptroller/ComptrollerStorage.sol', 'ComptrollerV1Storage.venusSupplierIndex')
 potentially stale -> ('SV', 'contracts/Comptroller/ComptrollerStorage.sol', 'ComptrollerV1Storage.venusSupplyState')
 reader witnesses  -> 25
 storage exposures -> 1
[MV-SI candidate 5b9b744881022c531346] {venusSupplierIndex, venusSupplyState}
 writer root       -> contracts/test/ComptrollerHarness.sol::ComptrollerHarness.harnessUpdateVenusSupplyIndex(address)
 writer effect     -> contracts/Comptroller/Diamond/facets/XVSRewardsHelper.sol:65
 written member    -> ('SV', 'contracts/Comptroller/ComptrollerStorage.sol', 'ComptrollerV1Storage.venusSupplyState')
 potentially stale -> ('SV', 'contracts/Comptroller/ComptrollerStorage.sol', 'ComptrollerV1Storage.venusSupplierIndex')
 reader witnesses  -> 11
 storage exposures -> 1
[MV-SI candidate 5bfb5bc9dcbcd27122f0] {venusBorrowState, venusBorrowerIndex}
 writer root       -> contracts/Comptroller/Diamond/facets/RewardFacet.sol::RewardFacet.claimVenusAsCollateral(address)
 writer effect     -> contracts/Comptroller/Diamond/facets/XVSRewardsHelper.sol:43
 written member    -> ('SV', 'contracts/Comptroller/ComptrollerStorage.sol', 'ComptrollerV1Storage.venusBorrowState')
 potentially stale -> ('SV', 'contracts/Comptroller/ComptrollerStorage.sol', 'ComptrollerV1Storage.venusBorrowerIndex')
 reader witnesses  -> 28
 storage exposures -> 4
[MV-SI candidate 5c024c6d724632be7c0c] {accrualBlockNumber, borrowIndex}
 writer root       -> contracts/test/VBep20MockDelegate.sol::VBep20MockDelegate.mintBehalf(address,uint256)
 writer effect     -> contracts/Tokens/VTokens/VToken.sol:462
 written member    -> ('SV', 'contracts/Tokens/VTokens/VTokenInterfaces.sol', 'VTokenStorage.accrualBlockNumber')
 potentially stale -> ('SV', 'contracts/Tokens/VTokens/VTokenInterfaces.sol', 'VTokenStorage.borrowIndex')
 reader witnesses  -> 5
 storage exposures -> 1
[MV-SI candidate 5d37d4950a91eddb0e6d] {accountTokens, initialExchangeRateMantissa}
 writer root       -> contracts/test/VBep20Harness.sol::VBep20Harness.harnessMintFresh(address,uint256)
 writer effect     -> contracts/Tokens/VTokens/VToken.sol:686
 written member    -> ('SV', 'contracts/Tokens/VTokens/VTokenInterfaces.sol', 'VTokenStorage.accountTokens')
 potentially stale -> ('SV', 'contracts/Tokens/VTokens/VTokenInterfaces.sol', 'VTokenStorage.initialExchangeRateMantissa')
 reader witnesses  -> 3
 storage exposures -> 1
[MV-SI candidate 5ddf57bc2db037d9f333] {accrualBlockNumber, borrowIndex}
 writer root       -> contracts/Lens/VenusLens.sol::VenusLens.vTokenMetadata(VToken)
 writer effect     -> contracts/Tokens/VTokens/VToken.sol:463
 written member    -> ('SV', 'contracts/Tokens/VTokens/VTokenInterfaces.sol', 'VTokenStorage.borrowIndex')
 potentially stale -> ('SV', 'contracts/Tokens/VTokens/VTokenInterfaces.sol', 'VTokenStorage.accrualBlockNumber')
 reader witnesses  -> 7
 storage exposures -> 1
[MV-SI candidate 5f8a5f79541c0cb04f28] {accrualBlockNumber, borrowIndex}
 writer root       -> contracts/Tokens/VTokens/VBep20.sol::VBep20.borrow(uint256)
 writer effect     -> contracts/Tokens/VTokens/VToken.sol:462
 written member    -> ('SV', 'contracts/Tokens/VTokens/VTokenInterfaces.sol', 'VTokenStorage.accrualBlockNumber')
 potentially stale -> ('SV', 'contracts/Tokens/VTokens/VTokenInterfaces.sol', 'VTokenStorage.borrowIndex')
 reader witnesses  -> 75
 storage exposures -> 11
[MV-SI candidate 6056ecdde66446f6a32a] {balanceOf, totalSupply}
 writer root       -> contracts/Tokens/VAI/VAI.sol::VAI.move(address,address,uint256)
 writer effect     -> contracts/Tokens/VAI/VAI.sol:92
 written member    -> ('SV', 'contracts/Tokens/VAI/VAI.sol', 'VAI.balanceOf')
 potentially stale -> ('SV', 'contracts/Tokens/VAI/VAI.sol', 'VAI.totalSupply')
 reader witnesses  -> 4
 storage exposures -> 1
[MV-SI candidate 607ea243c92fe0622cde] {accrualBlockNumber, borrowIndex}
 writer root       -> contracts/Tokens/VTokens/VBep20.sol::VBep20.liquidateBorrow(address,uint256,VTokenInterface)
 writer effect     -> contracts/Tokens/VTokens/VToken.sol:463
 written member    -> ('SV', 'contracts/Tokens/VTokens/VTokenInterfaces.sol', 'VTokenStorage.borrowIndex')
 potentially stale -> ('SV', 'contracts/Tokens/VTokens/VTokenInterfaces.sol', 'VTokenStorage.accrualBlockNumber')
 reader witnesses  -> 283
 storage exposures -> 11
[MV-SI candidate 60904db14a814b218d12] {accrualBlockNumber, borrowIndex}
 writer root       -> contracts/test/MockVBNB.sol::MockVBNB.liquidateBorrow(address,VToken)
 writer effect     -> contracts/Tokens/VTokens/VToken.sol:462
 written member    -> ('SV', 'contracts/Tokens/VTokens/VTokenInterfaces.sol', 'VTokenStorage.accrualBlockNumber')
 potentially stale -> ('SV', 'contracts/Tokens/VTokens/VTokenInterfaces.sol', 'VTokenStorage.borrowIndex')
 reader witnesses  -> 4
 storage exposures -> 1
[MV-SI candidate 60a45767f5b0e9d6010d] {accrualBlockNumber, borrowIndex}
 writer root       -> contracts/test/MockVBNB.sol::MockVBNB.mint()
 writer effect     -> contracts/Tokens/VTokens/VToken.sol:463
 written member    -> ('SV', 'contracts/Tokens/VTokens/VTokenInterfaces.sol', 'VTokenStorage.borrowIndex')
 potentially stale -> ('SV', 'contracts/Tokens/VTokens/VTokenInterfaces.sol', 'VTokenStorage.accrualBlockNumber')
 reader witnesses  -> 17
 storage exposures -> 1
[MV-SI candidate 60ada46042786c036675] {accrualBlockNumber, borrowIndex}
 writer root       -> contracts/Tokens/VTokens/VBep20.sol::VBep20.redeem(uint256)
 writer effect     -> contracts/Tokens/VTokens/VToken.sol:462
 written member    -> ('SV', 'contracts/Tokens/VTokens/VTokenInterfaces.sol', 'VTokenStorage.accrualBlockNumber')
 potentially stale -> ('SV', 'contracts/Tokens/VTokens/VTokenInterfaces.sol', 'VTokenStorage.borrowIndex')
 reader witnesses  -> 75
 storage exposures -> 11
[MV-SI candidate 610b9c4601619872bc0a] {accrualBlockNumber, borrowIndex}
 writer root       -> contracts/Tokens/VTokens/VBep20.sol::VBep20.borrow(uint256)
 writer effect     -> contracts/Tokens/VTokens/VToken.sol:463
 written member    -> ('SV', 'contracts/Tokens/VTokens/VTokenInterfaces.sol', 'VTokenStorage.borrowIndex')
 potentially stale -> ('SV', 'contracts/Tokens/VTokens/VTokenInterfaces.sol', 'VTokenStorage.accrualBlockNumber')
 reader witnesses  -> 283
 storage exposures -> 11
[MV-SI candidate 6205a7e6dff99ad92f30] {accrualBlockNumber, borrowIndex}
 writer root       -> contracts/Lens/VenusLens.sol::VenusLens.getDailyXVS(address,address)
 writer effect     -> contracts/Tokens/VTokens/VToken.sol:463
 written member    -> ('SV', 'contracts/Tokens/VTokens/VTokenInterfaces.sol', 'VTokenStorage.borrowIndex')
 potentially stale -> ('SV', 'contracts/Tokens/VTokens/VTokenInterfaces.sol', 'VTokenStorage.accrualBlockNumber')
 reader witnesses  -> 7
 storage exposures -> 1
[MV-SI candidate 628bbe00183269e40b64] {allowance, balanceOf, totalSupply}
 writer root       -> contracts/test/VAIControllerHarness.sol::VAIControllerHarness.harnessRepayVAIFresh(address,address,uint256)
 writer effect     -> contracts/Tokens/VAI/VAI.sol:92
 written member    -> ('SV', 'contracts/Tokens/VAI/VAI.sol', 'VAI.balanceOf')
 potentially stale -> ('SV', 'contracts/Tokens/VAI/VAI.sol', 'VAI.allowance'), ('SV', 'contracts/Tokens/VAI/VAI.sol', 'VAI.totalSupply')
 reader witnesses  -> 108
 storage exposures -> 1
[MV-SI candidate 643aa7ce9395d6f9c8b2] {allowance, balanceOf, totalSupply}
 writer root       -> contracts/test/VAIControllerHarness.sol::VAIControllerHarness.harnessLiquidateVAIFresh(address,address,uint256,VToken)
 writer effect     -> contracts/Tokens/VAI/VAI.sol:92
 written member    -> ('SV', 'contracts/Tokens/VAI/VAI.sol', 'VAI.balanceOf')
 potentially stale -> ('SV', 'contracts/Tokens/VAI/VAI.sol', 'VAI.allowance'), ('SV', 'contracts/Tokens/VAI/VAI.sol', 'VAI.totalSupply')
 reader witnesses  -> 108
 storage exposures -> 1
[MV-SI candidate 65134d53b66045885c48] {venusBorrowState, venusBorrowerIndex}
 writer root       -> contracts/Comptroller/Diamond/facets/RewardFacet.sol::RewardFacet.claimVenus(address[],VToken[],bool,bool,bool)
 writer effect     -> contracts/Comptroller/Diamond/facets/XVSRewardsHelper.sol:112
 written member    -> ('SV', 'contracts/Comptroller/ComptrollerStorage.sol', 'ComptrollerV1Storage.venusBorrowerIndex')
 potentially stale -> ('SV', 'contracts/Comptroller/ComptrollerStorage.sol', 'ComptrollerV1Storage.venusBorrowState')
 reader witnesses  -> 64
 storage exposures -> 4
[MV-SI candidate 659fe985612745b595d3] {venusBorrowState, venusBorrowerIndex}
 writer root       -> contracts/test/ComptrollerHarness.sol::ComptrollerHarness.harnessRefreshVenusSpeeds()
 writer effect     -> contracts/Comptroller/Diamond/facets/XVSRewardsHelper.sol:44
 written member    -> ('SV', 'contracts/Comptroller/ComptrollerStorage.sol', 'ComptrollerV1Storage.venusBorrowState')
 potentially stale -> ('SV', 'contracts/Comptroller/ComptrollerStorage.sol', 'ComptrollerV1Storage.venusBorrowerIndex')
 reader witnesses  -> 9
 storage exposures -> 1
[MV-SI candidate 668f25dd77f71685ef6e] {allowance, balanceOf, totalSupply}
 writer root       -> contracts/Tokens/VAI/VAI.sol::VAI.push(address,uint256)
 writer effect     -> contracts/Tokens/VAI/VAI.sol:92
 written member    -> ('SV', 'contracts/Tokens/VAI/VAI.sol', 'VAI.balanceOf')
 potentially stale -> ('SV', 'contracts/Tokens/VAI/VAI.sol', 'VAI.allowance'), ('SV', 'contracts/Tokens/VAI/VAI.sol', 'VAI.totalSupply')
 reader witnesses  -> 148
 storage exposures -> 2
[MV-SI candidate 6860f0a88352516a9ec8] {accountTokens, initialExchangeRateMantissa}
 writer root       -> contracts/Tokens/VTokens/VBep20.sol::VBep20.mint(uint256)
 writer effect     -> contracts/Tokens/VTokens/VToken.sol:686
 written member    -> ('SV', 'contracts/Tokens/VTokens/VTokenInterfaces.sol', 'VTokenStorage.accountTokens')
 potentially stale -> ('SV', 'contracts/Tokens/VTokens/VTokenInterfaces.sol', 'VTokenStorage.initialExchangeRateMantissa')
 reader witnesses  -> 33
 storage exposures -> 11
[MV-SI candidate 6987e51d65a0c2ec7c88] {allowance, balanceOf, totalSupply}
 writer root       -> contracts/test/VAIHarness.sol::VAIScenario.allocateTo(address,uint256)
 writer effect     -> contracts/test/VAIHarness.sol:27
 written member    -> ('SV', 'contracts/Tokens/VAI/VAI.sol', 'VAI.balanceOf')
 potentially stale -> ('SV', 'contracts/Tokens/VAI/VAI.sol', 'VAI.allowance'), ('SV', 'contracts/Tokens/VAI/VAI.sol', 'VAI.totalSupply')
 reader witnesses  -> 40
 storage exposures -> 1
[MV-SI candidate 6a742c84b3a804b4370a] {allowance, balanceOf, totalSupply}
 writer root       -> contracts/Tokens/VAI/VAI.sol::VAI.move(address,address,uint256)
 writer effect     -> contracts/Tokens/VAI/VAI.sol:89
 written member    -> ('SV', 'contracts/Tokens/VAI/VAI.sol', 'VAI.allowance')
 potentially stale -> ('SV', 'contracts/Tokens/VAI/VAI.sol', 'VAI.balanceOf'), ('SV', 'contracts/Tokens/VAI/VAI.sol', 'VAI.totalSupply')
 reader witnesses  -> 134
 storage exposures -> 2
[MV-SI candidate 6b1b0c27d9f775e145a7] {accountTokens, initialExchangeRateMantissa}
 writer root       -> contracts/test/VBep20MockDelegate.sol::VBep20MockDelegate.redeemUnderlying(uint256)
 writer effect     -> contracts/Tokens/VTokens/VToken.sol:916
 written member    -> ('SV', 'contracts/Tokens/VTokens/VTokenInterfaces.sol', 'VTokenStorage.accountTokens')
 potentially stale -> ('SV', 'contracts/Tokens/VTokens/VTokenInterfaces.sol', 'VTokenStorage.initialExchangeRateMantissa')
 reader witnesses  -> 3
 storage exposures -> 1
[MV-SI candidate 6b4c22d906e4722e5b6f] {venusSupplierIndex, venusSupplyState}
 writer root       -> contracts/Comptroller/Diamond/facets/PolicyFacet.sol::PolicyFacet.mintAllowed(address,address,uint256)
 writer effect     -> contracts/Comptroller/Diamond/facets/XVSRewardsHelper.sol:64
 written member    -> ('SV', 'contracts/Comptroller/ComptrollerStorage.sol', 'ComptrollerV1Storage.venusSupplyState')
 potentially stale -> ('SV', 'contracts/Comptroller/ComptrollerStorage.sol', 'ComptrollerV1Storage.venusSupplierIndex')
 reader witnesses  -> 33
 storage exposures -> 4
[MV-SI candidate 6b7b0163d30f4515c02f] {allowance, balanceOf, totalSupply}
 writer root       -> contracts/test/VAIHarness.sol::VAIScenario.harnessIncrementTotalSupply(uint256)
 writer effect     -> contracts/test/VAIHarness.sol:19
 written member    -> ('SV', 'contracts/Tokens/VAI/VAI.sol', 'VAI.totalSupply')
 potentially stale -> ('SV', 'contracts/Tokens/VAI/VAI.sol', 'VAI.allowance'), ('SV', 'contracts/Tokens/VAI/VAI.sol', 'VAI.balanceOf')
 reader witnesses  -> 72
 storage exposures -> 1
[MV-SI candidate 6d045ce32db421d289b4] {venusSupplierIndex, venusSupplyState}
 writer root       -> contracts/test/ComptrollerHarness.sol::ComptrollerHarness.setVenusSupplierIndex(address,address,uint256)
 writer effect     -> contracts/test/ComptrollerHarness.sol:81
 written member    -> ('SV', 'contracts/Comptroller/ComptrollerStorage.sol', 'ComptrollerV1Storage.venusSupplierIndex')
 potentially stale -> ('SV', 'contracts/Comptroller/ComptrollerStorage.sol', 'ComptrollerV1Storage.venusSupplyState')
 reader witnesses  -> 25
 storage exposures -> 1
[MV-SI candidate 6d921960fe0275cadc4b] {venusSupplierIndex, venusSupplyState}
 writer root       -> contracts/Comptroller/Diamond/facets/RewardFacet.sol::RewardFacet.claimVenus(address)
 writer effect     -> contracts/Comptroller/Diamond/facets/XVSRewardsHelper.sol:65
 written member    -> ('SV', 'contracts/Comptroller/ComptrollerStorage.sol', 'ComptrollerV1Storage.venusSupplyState')
 potentially stale -> ('SV', 'contracts/Comptroller/ComptrollerStorage.sol', 'ComptrollerV1Storage.venusSupplierIndex')
 reader witnesses  -> 34
 storage exposures -> 4
[MV-SI candidate 6fd683bb6e7ae2ed3fbb] {balanceOf, totalSupply}
 writer root       -> contracts/Tokens/VAI/VAI.sol::VAI.transferFrom(address,address,uint256)
 writer effect     -> contracts/Tokens/VAI/VAI.sol:92
 written member    -> ('SV', 'contracts/Tokens/VAI/VAI.sol', 'VAI.balanceOf')
 potentially stale -> ('SV', 'contracts/Tokens/VAI/VAI.sol', 'VAI.totalSupply')
 reader witnesses  -> 4
 storage exposures -> 1
[MV-SI candidate 708280ba1701eb75b6f5] {accrualBlockNumber, borrowIndex}
 writer root       -> contracts/Tokens/VTokens/VToken.sol::VToken._setReserveFactor(uint256)
 writer effect     -> contracts/Tokens/VTokens/VToken.sol:463
 written member    -> ('SV', 'contracts/Tokens/VTokens/VTokenInterfaces.sol', 'VTokenStorage.borrowIndex')
 potentially stale -> ('SV', 'contracts/Tokens/VTokens/VTokenInterfaces.sol', 'VTokenStorage.accrualBlockNumber')
 reader witnesses  -> 328
 storage exposures -> 14
[MV-SI candidate 70d601a4e53b9193149b] {venusSupplierIndex, venusSupplyState}
 writer root       -> contracts/test/ComptrollerHarness.sol::ComptrollerHarness.harnessUpdateVenusSupplyIndex(address)
 writer effect     -> contracts/Comptroller/Diamond/facets/XVSRewardsHelper.sol:67
 written member    -> ('SV', 'contracts/Comptroller/ComptrollerStorage.sol', 'ComptrollerV1Storage.venusSupplyState')
 potentially stale -> ('SV', 'contracts/Comptroller/ComptrollerStorage.sol', 'ComptrollerV1Storage.venusSupplierIndex')
 reader witnesses  -> 11
 storage exposures -> 1
[MV-SI candidate 71a698a04ba7d98f4e0b] {_facetFunctionSelectors, _selectorToFacetAndPosition}
 writer root       -> contracts/Comptroller/Diamond/Diamond.sol::Diamond.diamondCut(IDiamondCut.FacetCut[])
 writer effect     -> contracts/Comptroller/Diamond/Diamond.sol:230
 written member    -> ('SV', 'contracts/Comptroller/ComptrollerStorage.sol', 'ComptrollerV13Storage._facetFunctionSelectors')
 potentially stale -> ('SV', 'contracts/Comptroller/ComptrollerStorage.sol', 'ComptrollerV13Storage._selectorToFacetAndPosition')
 reader witnesses  -> 12
 storage exposures -> 2
[MV-SI candidate 71e0e2734148d1fb1b3e] {accountTokens, initialExchangeRateMantissa}
 writer root       -> contracts/test/VBep20Harness.sol::VBep20Harness.harnessMintBehalfFresh(address,address,uint256)
 writer effect     -> contracts/Tokens/VTokens/VToken.sol:781
 written member    -> ('SV', 'contracts/Tokens/VTokens/VTokenInterfaces.sol', 'VTokenStorage.accountTokens')
 potentially stale -> ('SV', 'contracts/Tokens/VTokens/VTokenInterfaces.sol', 'VTokenStorage.initialExchangeRateMantissa')
 reader witnesses  -> 3
 storage exposures -> 1
[MV-SI candidate 728c78ae6e447cee32bc] {balanceOf, totalSupply}
 writer root       -> contracts/Tokens/VAI/VAI.sol::VAI.pull(address,uint256)
 writer effect     -> contracts/Tokens/VAI/VAI.sol:91
 written member    -> ('SV', 'contracts/Tokens/VAI/VAI.sol', 'VAI.balanceOf')
 potentially stale -> ('SV', 'contracts/Tokens/VAI/VAI.sol', 'VAI.totalSupply')
 reader witnesses  -> 4
 storage exposures -> 1
[MV-SI candidate 747caabb1293fbc90882] {venusSupplierIndex, venusSupplyState}
 writer root       -> contracts/Comptroller/Diamond/facets/RewardFacet.sol::RewardFacet.claimVenus(address,VToken[])
 writer effect     -> contracts/Comptroller/Diamond/facets/XVSRewardsHelper.sol:67
 written member    -> ('SV', 'contracts/Comptroller/ComptrollerStorage.sol', 'ComptrollerV1Storage.venusSupplyState')
 potentially stale -> ('SV', 'contracts/Comptroller/ComptrollerStorage.sol', 'ComptrollerV1Storage.venusSupplierIndex')
 reader witnesses  -> 34
 storage exposures -> 4
[MV-SI candidate 75052df4f9eb06dd7ad3] {balanceOf, totalSupply}
 writer root       -> contracts/Tokens/VAI/VAI.sol::VAI.move(address,address,uint256)
 writer effect     -> contracts/Tokens/VAI/VAI.sol:91
 written member    -> ('SV', 'contracts/Tokens/VAI/VAI.sol', 'VAI.balanceOf')
 potentially stale -> ('SV', 'contracts/Tokens/VAI/VAI.sol', 'VAI.totalSupply')
 reader witnesses  -> 4
 storage exposures -> 1
[MV-SI candidate 76698ca02e43b4af7ab5] {allowance, balanceOf, totalSupply}
 writer root       -> contracts/test/VAIControllerHarness.sol::VAIControllerHarness.harnessLiquidateVAIFresh(address,address,uint256,VToken)
 writer effect     -> contracts/Tokens/VAI/VAI.sol:110
 written member    -> ('SV', 'contracts/Tokens/VAI/VAI.sol', 'VAI.totalSupply')
 potentially stale -> ('SV', 'contracts/Tokens/VAI/VAI.sol', 'VAI.allowance'), ('SV', 'contracts/Tokens/VAI/VAI.sol', 'VAI.balanceOf')
 reader witnesses  -> 202
 storage exposures -> 1
[MV-SI candidate 768844286f0b886c261e] {allowance, balanceOf, totalSupply}
 writer root       -> contracts/Tokens/VAI/VAIController.sol::VAIController.mintVAI(uint256)
 writer effect     -> contracts/Tokens/VAI/VAI.sol:99
 written member    -> ('SV', 'contracts/Tokens/VAI/VAI.sol', 'VAI.totalSupply')
 potentially stale -> ('SV', 'contracts/Tokens/VAI/VAI.sol', 'VAI.allowance'), ('SV', 'contracts/Tokens/VAI/VAI.sol', 'VAI.balanceOf')
 reader witnesses  -> 404
 storage exposures -> 1
[MV-SI candidate 7740291730231af65899] {_facetAddresses, _facetFunctionSelectors}
 writer root       -> contracts/Comptroller/Diamond/Diamond.sol::Diamond.diamondCut(IDiamondCut.FacetCut[])
 writer effect     -> contracts/Comptroller/Diamond/Diamond.sol:229
 written member    -> ('SV', 'contracts/Comptroller/ComptrollerStorage.sol', 'ComptrollerV13Storage._facetAddresses')
 potentially stale -> ('SV', 'contracts/Comptroller/ComptrollerStorage.sol', 'ComptrollerV13Storage._facetFunctionSelectors')
 reader witnesses  -> 20
 storage exposures -> 2
[MV-SI candidate 779e909628a84297f352] {_facetFunctionSelectors, _selectorToFacetAndPosition}
 writer root       -> contracts/Comptroller/Diamond/Diamond.sol::Diamond.diamondCut(IDiamondCut.FacetCut[])
 writer effect     -> contracts/Comptroller/Diamond/Diamond.sol:146
 written member    -> ('SV', 'contracts/Comptroller/ComptrollerStorage.sol', 'ComptrollerV13Storage._facetFunctionSelectors')
 potentially stale -> ('SV', 'contracts/Comptroller/ComptrollerStorage.sol', 'ComptrollerV13Storage._selectorToFacetAndPosition')
 reader witnesses  -> 12
 storage exposures -> 2
[MV-SI candidate 781d34c79f27abe5a741] {_facetFunctionSelectors, _selectorToFacetAndPosition}
 writer root       -> contracts/Comptroller/Diamond/Diamond.sol::Diamond.diamondCut(IDiamondCut.FacetCut[])
 writer effect     -> contracts/Comptroller/Diamond/Diamond.sol:233
 written member    -> ('SV', 'contracts/Comptroller/ComptrollerStorage.sol', 'ComptrollerV13Storage._facetFunctionSelectors')
 potentially stale -> ('SV', 'contracts/Comptroller/ComptrollerStorage.sol', 'ComptrollerV13Storage._selectorToFacetAndPosition')
 reader witnesses  -> 12
 storage exposures -> 2
[MV-SI candidate 78f3b849cc1eeba1e44a] {accrualBlockNumber, borrowIndex}
 writer root       -> contracts/Tokens/VTokens/VBep20.sol::VBep20.liquidateBorrow(address,uint256,VTokenInterface)
 writer effect     -> contracts/Tokens/VTokens/VToken.sol:462
 written member    -> ('SV', 'contracts/Tokens/VTokens/VTokenInterfaces.sol', 'VTokenStorage.accrualBlockNumber')
 potentially stale -> ('SV', 'contracts/Tokens/VTokens/VTokenInterfaces.sol', 'VTokenStorage.borrowIndex')
 reader witnesses  -> 75
 storage exposures -> 11
[MV-SI candidate 791dee8aa5702ebafb70] {venusSupplierIndex, venusSupplyState}
 writer root       -> contracts/test/ComptrollerHarness.sol::ComptrollerHarness.harnessRefreshVenusSpeeds()
 writer effect     -> contracts/Comptroller/Diamond/facets/XVSRewardsHelper.sol:64
 written member    -> ('SV', 'contracts/Comptroller/ComptrollerStorage.sol', 'ComptrollerV1Storage.venusSupplyState')
 potentially stale -> ('SV', 'contracts/Comptroller/ComptrollerStorage.sol', 'ComptrollerV1Storage.venusSupplierIndex')
 reader witnesses  -> 11
 storage exposures -> 1
[MV-SI candidate 7ae82e662c1fb807adaa] {closeFactorMantissa, liquidationIncentiveMantissa, markets, vaiMintRate, venusVAIVaultRate}
 writer root       -> contracts/Comptroller/Diamond/facets/SetterFacet.sol::SetterFacet._setVenusVAIVaultRate(uint256)
 writer effect     -> contracts/Comptroller/Diamond/facets/SetterFacet.sol:495
 written member    -> ('SV', 'contracts/Comptroller/ComptrollerStorage.sol', 'ComptrollerV2Storage.venusVAIVaultRate')
 potentially stale -> ('SV', 'contracts/Comptroller/ComptrollerStorage.sol', 'ComptrollerV1Storage.closeFactorMantissa'), ('SV', 'contracts/Comptroller/ComptrollerStorage.sol', 'ComptrollerV1Storage.liquidationIncentiveMantissa'), ('SV', 'contracts/Comptroller/ComptrollerStorage.sol', 'ComptrollerV1Storage.markets'), ('SV', 'contracts/Comptroller/ComptrollerStorage.sol', 'ComptrollerV1Storage.vaiMintRate')
 reader witnesses  -> 34
 storage exposures -> 4
[MV-SI candidate 7af4083e8cd1af3373e0] {accountTokens, initialExchangeRateMantissa}
 writer root       -> contracts/Tokens/VTokens/VBep20.sol::VBep20.mintBehalf(address,uint256)
 writer effect     -> contracts/Tokens/VTokens/VToken.sol:781
 written member    -> ('SV', 'contracts/Tokens/VTokens/VTokenInterfaces.sol', 'VTokenStorage.accountTokens')
 potentially stale -> ('SV', 'contracts/Tokens/VTokens/VTokenInterfaces.sol', 'VTokenStorage.initialExchangeRateMantissa')
 reader witnesses  -> 33
 storage exposures -> 11
[MV-SI candidate 7afb5eaabda6c8041893] {venusBorrowState, venusBorrowerIndex}
 writer root       -> contracts/test/ComptrollerScenario.sol::ComptrollerScenario.refreshVenusSpeeds()
 writer effect     -> contracts/Comptroller/Diamond/facets/XVSRewardsHelper.sol:43
 written member    -> ('SV', 'contracts/Comptroller/ComptrollerStorage.sol', 'ComptrollerV1Storage.venusBorrowState')
 potentially stale -> ('SV', 'contracts/Comptroller/ComptrollerStorage.sol', 'ComptrollerV1Storage.venusBorrowerIndex')
 reader witnesses  -> 7
 storage exposures -> 1
[MV-SI candidate 7b93ea496c0d94b79070] {venusSupplierIndex, venusSupplyState}
 writer root       -> contracts/Comptroller/Diamond/facets/PolicyFacet.sol::PolicyFacet.seizeAllowed(address,address,address,address,uint256)
 writer effect     -> contracts/Comptroller/Diamond/facets/XVSRewardsHelper.sol:65
 written member    -> ('SV', 'contracts/Comptroller/ComptrollerStorage.sol', 'ComptrollerV1Storage.venusSupplyState')
 potentially stale -> ('SV', 'contracts/Comptroller/ComptrollerStorage.sol', 'ComptrollerV1Storage.venusSupplierIndex')
 reader witnesses  -> 33
 storage exposures -> 4
[MV-SI candidate 7cb6361f2e201e32181c] {accountTokens, initialExchangeRateMantissa}
 writer root       -> contracts/test/VBep20MockDelegate.sol::VBep20MockDelegate.redeem(uint256)
 writer effect     -> contracts/Tokens/VTokens/VToken.sol:916
 written member    -> ('SV', 'contracts/Tokens/VTokens/VTokenInterfaces.sol', 'VTokenStorage.accountTokens')
 potentially stale -> ('SV', 'contracts/Tokens/VTokens/VTokenInterfaces.sol', 'VTokenStorage.initialExchangeRateMantissa')
 reader witnesses  -> 3
 storage exposures -> 1
[MV-SI candidate 7d988d975227b69963b1] {venusBorrowState, venusBorrowerIndex}
 writer root       -> contracts/Comptroller/Diamond/facets/RewardFacet.sol::RewardFacet.claimVenus(address[],VToken[],bool,bool)
 writer effect     -> contracts/Comptroller/Diamond/facets/XVSRewardsHelper.sol:44
 written member    -> ('SV', 'contracts/Comptroller/ComptrollerStorage.sol', 'ComptrollerV1Storage.venusBorrowState')
 potentially stale -> ('SV', 'contracts/Comptroller/ComptrollerStorage.sol', 'ComptrollerV1Storage.venusBorrowerIndex')
 reader witnesses  -> 28
 storage exposures -> 4
[MV-SI candidate 7ddab68daa0684dbc3d3] {venusSupplierIndex, venusSupplyState}
 writer root       -> contracts/Comptroller/Diamond/facets/RewardFacet.sol::RewardFacet.claimVenus(address[],VToken[],bool,bool,bool)
 writer effect     -> contracts/Comptroller/Diamond/facets/XVSRewardsHelper.sol:64
 written member    -> ('SV', 'contracts/Comptroller/ComptrollerStorage.sol', 'ComptrollerV1Storage.venusSupplyState')
 potentially stale -> ('SV', 'contracts/Comptroller/ComptrollerStorage.sol', 'ComptrollerV1Storage.venusSupplierIndex')
 reader witnesses  -> 34
 storage exposures -> 4
[MV-SI candidate 7defc1af485799a2adca] {balanceOf, totalSupply}
 writer root       -> contracts/Tokens/VAI/VAI.sol::VAI.push(address,uint256)
 writer effect     -> contracts/Tokens/VAI/VAI.sol:91
 written member    -> ('SV', 'contracts/Tokens/VAI/VAI.sol', 'VAI.balanceOf')
 potentially stale -> ('SV', 'contracts/Tokens/VAI/VAI.sol', 'VAI.totalSupply')
 reader witnesses  -> 4
 storage exposures -> 1
[MV-SI candidate 7e1fb817c8f5d196c92f] {accountTokens, initialExchangeRateMantissa}
 writer root       -> contracts/test/EvilXToken.sol::EvilXToken.harnessSetBalance(address,uint256)
 writer effect     -> contracts/test/EvilXToken.sol:103
 written member    -> ('SV', 'contracts/Tokens/VTokens/VTokenInterfaces.sol', 'VTokenStorage.accountTokens')
 potentially stale -> ('SV', 'contracts/Tokens/VTokens/VTokenInterfaces.sol', 'VTokenStorage.initialExchangeRateMantissa')
 reader witnesses  -> 3
 storage exposures -> 1
[MV-SI candidate 7f190bb5fec0a1d8b0b3] {allowance, balanceOf, totalSupply}
 writer root       -> contracts/test/VAIControllerHarness.sol::VAIControllerHarness.harnessLiquidateVAIFresh(address,address,uint256,VToken)
 writer effect     -> contracts/Tokens/VAI/VAI.sol:89
 written member    -> ('SV', 'contracts/Tokens/VAI/VAI.sol', 'VAI.allowance')
 potentially stale -> ('SV', 'contracts/Tokens/VAI/VAI.sol', 'VAI.balanceOf'), ('SV', 'contracts/Tokens/VAI/VAI.sol', 'VAI.totalSupply')
 reader witnesses  -> 94
 storage exposures -> 1
[MV-SI candidate 80f6313bef255d580787] {accrualBlockNumber, borrowIndex}
 writer root       -> contracts/test/MockVBNB.sol::MockVBNB.fallback()
 writer effect     -> contracts/Tokens/VTokens/VToken.sol:463
 written member    -> ('SV', 'contracts/Tokens/VTokens/VTokenInterfaces.sol', 'VTokenStorage.borrowIndex')
 potentially stale -> ('SV', 'contracts/Tokens/VTokens/VTokenInterfaces.sol', 'VTokenStorage.accrualBlockNumber')
 reader witnesses  -> 17
 storage exposures -> 1
[MV-SI candidate 81070bfd7db85891c005] {accountTokens, initialExchangeRateMantissa}
 writer root       -> contracts/test/VBep20MockDelegate.sol::VBep20MockDelegate.liquidateBorrow(address,uint256,VTokenInterface)
 writer effect     -> contracts/Tokens/VTokens/VToken.sol:1356
 written member    -> ('SV', 'contracts/Tokens/VTokens/VTokenInterfaces.sol', 'VTokenStorage.accountTokens')
 potentially stale -> ('SV', 'contracts/Tokens/VTokens/VTokenInterfaces.sol', 'VTokenStorage.initialExchangeRateMantissa')
 reader witnesses  -> 3
 storage exposures -> 1
[MV-SI candidate 81be436e5fcd034b835c] {accountTokens, initialExchangeRateMantissa}
 writer root       -> contracts/test/EvilXToken.sol::EvilXToken.harnessLiquidateBorrowFresh(address,address,uint256,VToken)
 writer effect     -> contracts/Tokens/VTokens/VToken.sol:1357
 written member    -> ('SV', 'contracts/Tokens/VTokens/VTokenInterfaces.sol', 'VTokenStorage.accountTokens')
 potentially stale -> ('SV', 'contracts/Tokens/VTokens/VTokenInterfaces.sol', 'VTokenStorage.initialExchangeRateMantissa')
 reader witnesses  -> 3
 storage exposures -> 1
[MV-SI candidate 82bb1030e6139cd0e463] {venusSupplierIndex, venusSupplyState}
 writer root       -> contracts/Comptroller/Diamond/facets/PolicyFacet.sol::PolicyFacet.seizeAllowed(address,address,address,address,uint256)
 writer effect     -> contracts/Comptroller/Diamond/facets/XVSRewardsHelper.sol:67
 written member    -> ('SV', 'contracts/Comptroller/ComptrollerStorage.sol', 'ComptrollerV1Storage.venusSupplyState')
 potentially stale -> ('SV', 'contracts/Comptroller/ComptrollerStorage.sol', 'ComptrollerV1Storage.venusSupplierIndex')
 reader witnesses  -> 33
 storage exposures -> 4
[MV-SI candidate 838ec35720e6dac3b192] {venusBorrowState, venusBorrowerIndex}
 writer root       -> contracts/Comptroller/Diamond/facets/PolicyFacet.sol::PolicyFacet._setVenusSpeeds(VToken[],uint256[],uint256[])
 writer effect     -> contracts/Comptroller/Diamond/facets/XVSRewardsHelper.sol:46
 written member    -> ('SV', 'contracts/Comptroller/ComptrollerStorage.sol', 'ComptrollerV1Storage.venusBorrowState')
 potentially stale -> ('SV', 'contracts/Comptroller/ComptrollerStorage.sol', 'ComptrollerV1Storage.venusBorrowerIndex')
 reader witnesses  -> 25
 storage exposures -> 4
[MV-SI candidate 839d394a8adaa1f295bc] {venusSupplierIndex, venusSupplyState}
 writer root       -> contracts/Comptroller/Diamond/facets/PolicyFacet.sol::PolicyFacet.seizeAllowed(address,address,address,address,uint256)
 writer effect     -> contracts/Comptroller/Diamond/facets/XVSRewardsHelper.sol:64
 written member    -> ('SV', 'contracts/Comptroller/ComptrollerStorage.sol', 'ComptrollerV1Storage.venusSupplyState')
 potentially stale -> ('SV', 'contracts/Comptroller/ComptrollerStorage.sol', 'ComptrollerV1Storage.venusSupplierIndex')
 reader witnesses  -> 33
 storage exposures -> 4
[MV-SI candidate 8479556583811160a118] {venusBorrowState, venusBorrowerIndex}
 writer root       -> contracts/test/ComptrollerHarness.sol::ComptrollerHarness.harnessDistributeBorrowerVenus(address,address,uint256)
 writer effect     -> contracts/Comptroller/Diamond/facets/XVSRewardsHelper.sol:112
 written member    -> ('SV', 'contracts/Comptroller/ComptrollerStorage.sol', 'ComptrollerV1Storage.venusBorrowerIndex')
 potentially stale -> ('SV', 'contracts/Comptroller/ComptrollerStorage.sol', 'ComptrollerV1Storage.venusBorrowState')
 reader witnesses  -> 21
 storage exposures -> 1
[MV-SI candidate 84cd183501c36a06126f] {venusSupplierIndex, venusSupplyState}
 writer root       -> contracts/Comptroller/Diamond/facets/RewardFacet.sol::RewardFacet.claimVenus(address,VToken[])
 writer effect     -> contracts/Comptroller/Diamond/facets/XVSRewardsHelper.sol:64
 written member    -> ('SV', 'contracts/Comptroller/ComptrollerStorage.sol', 'ComptrollerV1Storage.venusSupplyState')
 potentially stale -> ('SV', 'contracts/Comptroller/ComptrollerStorage.sol', 'ComptrollerV1Storage.venusSupplierIndex')
 reader witnesses  -> 34
 storage exposures -> 4
[MV-SI candidate 8512d2f892ef3f45fd99] {balanceOf, totalSupply}
 writer root       -> contracts/Tokens/VAI/VAI.sol::VAI.pull(address,uint256)
 writer effect     -> contracts/Tokens/VAI/VAI.sol:92
 written member    -> ('SV', 'contracts/Tokens/VAI/VAI.sol', 'VAI.balanceOf')
 potentially stale -> ('SV', 'contracts/Tokens/VAI/VAI.sol', 'VAI.totalSupply')
 reader witnesses  -> 4
 storage exposures -> 1
[MV-SI candidate 85317c16c9ba6f43febe] {accountTokens, initialExchangeRateMantissa}
 writer root       -> contracts/test/VBep20MockDelegate.sol::VBep20MockDelegate.liquidateBorrow(address,uint256,VTokenInterface)
 writer effect     -> contracts/Tokens/VTokens/VToken.sol:1357
 written member    -> ('SV', 'contracts/Tokens/VTokens/VTokenInterfaces.sol', 'VTokenStorage.accountTokens')
 potentially stale -> ('SV', 'contracts/Tokens/VTokens/VTokenInterfaces.sol', 'VTokenStorage.initialExchangeRateMantissa')
 reader witnesses  -> 3
 storage exposures -> 1
[MV-SI candidate 85d1c6df767e33ef97a7] {allowance, balanceOf, totalSupply}
 writer root       -> contracts/Tokens/VAI/VAIController.sol::VAIController.liquidateVAI(address,uint256,VTokenInterface)
 writer effect     -> contracts/Tokens/VAI/VAI.sol:107
 written member    -> ('SV', 'contracts/Tokens/VAI/VAI.sol', 'VAI.allowance')
 potentially stale -> ('SV', 'contracts/Tokens/VAI/VAI.sol', 'VAI.balanceOf'), ('SV', 'contracts/Tokens/VAI/VAI.sol', 'VAI.totalSupply')
 reader witnesses  -> 188
 storage exposures -> 1
[MV-SI candidate 863c08bee825ad50788c] {balanceOf, totalSupply}
 writer root       -> contracts/test/VAIHarness.sol::VAIScenario.harnessSetTotalSupply(uint256)
 writer effect     -> contracts/test/VAIHarness.sol:15
 written member    -> ('SV', 'contracts/Tokens/VAI/VAI.sol', 'VAI.totalSupply')
 potentially stale -> ('SV', 'contracts/Tokens/VAI/VAI.sol', 'VAI.balanceOf')
 reader witnesses  -> 36
 storage exposures -> 1
[MV-SI candidate 8a55516a0e05f0a45c45] {venusSupplierIndex, venusSupplyState}
 writer root       -> contracts/Comptroller/Diamond/facets/PolicyFacet.sol::PolicyFacet.transferAllowed(address,address,address,uint256)
 writer effect     -> contracts/Comptroller/Diamond/facets/XVSRewardsHelper.sol:65
 written member    -> ('SV', 'contracts/Comptroller/ComptrollerStorage.sol', 'ComptrollerV1Storage.venusSupplyState')
 potentially stale -> ('SV', 'contracts/Comptroller/ComptrollerStorage.sol', 'ComptrollerV1Storage.venusSupplierIndex')
 reader witnesses  -> 33
 storage exposures -> 4
[MV-SI candidate 8adfc6a952a8844eecbe] {accrualBlockNumber, borrowIndex}
 writer root       -> contracts/test/VBep20MockDelegate.sol::VBep20MockDelegate.repayBorrowBehalf(address,uint256)
 writer effect     -> contracts/Tokens/VTokens/VToken.sol:463
 written member    -> ('SV', 'contracts/Tokens/VTokens/VTokenInterfaces.sol', 'VTokenStorage.borrowIndex')
 potentially stale -> ('SV', 'contracts/Tokens/VTokens/VTokenInterfaces.sol', 'VTokenStorage.accrualBlockNumber')
 reader witnesses  -> 21
 storage exposures -> 1
[MV-SI candidate 8b1a6c32e18094231a5e] {venusSupplierIndex, venusSupplyState}
 writer root       -> contracts/Comptroller/Diamond/facets/RewardFacet.sol::RewardFacet.claimVenus(address[],VToken[],bool,bool)
 writer effect     -> contracts/Comptroller/Diamond/facets/XVSRewardsHelper.sol:67
 written member    -> ('SV', 'contracts/Comptroller/ComptrollerStorage.sol', 'ComptrollerV1Storage.venusSupplyState')
 potentially stale -> ('SV', 'contracts/Comptroller/ComptrollerStorage.sol', 'ComptrollerV1Storage.venusSupplierIndex')
 reader witnesses  -> 34
 storage exposures -> 4
[MV-SI candidate 8b36732c610cdbb70563] {accountTokens, initialExchangeRateMantissa}
 writer root       -> contracts/test/VBep20Harness.sol::VBep20DelegateHarness.harnessMintFresh(address,uint256)
 writer effect     -> contracts/Tokens/VTokens/VToken.sol:686
 written member    -> ('SV', 'contracts/Tokens/VTokens/VTokenInterfaces.sol', 'VTokenStorage.accountTokens')
 potentially stale -> ('SV', 'contracts/Tokens/VTokens/VTokenInterfaces.sol', 'VTokenStorage.initialExchangeRateMantissa')
 reader witnesses  -> 3
 storage exposures -> 1
[MV-SI candidate 8bcbd1cd7d87afa7ee19] {delegates, numCheckpoints}
 writer root       -> contracts/Tokens/VRT/VRT.sol::VRT.delegateBySig(address,uint256,uint256,uint8,bytes32,bytes32)
 writer effect     -> contracts/Tokens/VRT/VRT.sol:234
 written member    -> ('SV', 'contracts/Tokens/VRT/VRT.sol', 'VRT.delegates')
 potentially stale -> ('SV', 'contracts/Tokens/VRT/VRT.sol', 'VRT.numCheckpoints')
 reader witnesses  -> 16
 storage exposures -> 1
[MV-SI candidate 8c22eca4e94dca4eb898] {venusSupplierIndex, venusSupplyState}
 writer root       -> contracts/Comptroller/Diamond/facets/RewardFacet.sol::RewardFacet.claimVenus(address[],VToken[],bool,bool,bool)
 writer effect     -> contracts/Comptroller/Diamond/facets/XVSRewardsHelper.sol:83
 written member    -> ('SV', 'contracts/Comptroller/ComptrollerStorage.sol', 'ComptrollerV1Storage.venusSupplierIndex')
 potentially stale -> ('SV', 'contracts/Comptroller/ComptrollerStorage.sol', 'ComptrollerV1Storage.venusSupplyState')
 reader witnesses  -> 76
 storage exposures -> 4
[MV-SI candidate 8c5975a672f032239c53] {venusSupplierIndex, venusSupplyState}
 writer root       -> contracts/Comptroller/Diamond/facets/PolicyFacet.sol::PolicyFacet.mintAllowed(address,address,uint256)
 writer effect     -> contracts/Comptroller/Diamond/facets/XVSRewardsHelper.sol:83
 written member    -> ('SV', 'contracts/Comptroller/ComptrollerStorage.sol', 'ComptrollerV1Storage.venusSupplierIndex')
 potentially stale -> ('SV', 'contracts/Comptroller/ComptrollerStorage.sol', 'ComptrollerV1Storage.venusSupplyState')
 reader witnesses  -> 75
 storage exposures -> 4
[MV-SI candidate 8c7abc0586f3947e3da0] {allowance, balanceOf, totalSupply}
 writer root       -> contracts/test/VAIHarness.sol::VAIScenario.harnessSetBalanceOf(address,uint256)
 writer effect     -> contracts/test/VAIHarness.sol:23
 written member    -> ('SV', 'contracts/Tokens/VAI/VAI.sol', 'VAI.balanceOf')
 potentially stale -> ('SV', 'contracts/Tokens/VAI/VAI.sol', 'VAI.allowance'), ('SV', 'contracts/Tokens/VAI/VAI.sol', 'VAI.totalSupply')
 reader witnesses  -> 40
 storage exposures -> 1
[MV-SI candidate 8c7deec5f7295d7455cd] {venusSupplierIndex, venusSupplyState}
 writer root       -> contracts/Comptroller/Diamond/facets/PolicyFacet.sol::PolicyFacet.transferAllowed(address,address,address,uint256)
 writer effect     -> contracts/Comptroller/Diamond/facets/XVSRewardsHelper.sol:67
 written member    -> ('SV', 'contracts/Comptroller/ComptrollerStorage.sol', 'ComptrollerV1Storage.venusSupplyState')
 potentially stale -> ('SV', 'contracts/Comptroller/ComptrollerStorage.sol', 'ComptrollerV1Storage.venusSupplierIndex')
 reader witnesses  -> 33
 storage exposures -> 4
[MV-SI candidate 8c8bd31fcb2114b28b76] {venusSupplierIndex, venusSupplyState}
 writer root       -> contracts/test/ComptrollerHarness.sol::ComptrollerHarness.setVenusSupplyState(address,uint224,uint32)
 writer effect     -> contracts/test/ComptrollerHarness.sol:15
 written member    -> ('SV', 'contracts/Comptroller/ComptrollerStorage.sol', 'ComptrollerV1Storage.venusSupplyState')
 potentially stale -> ('SV', 'contracts/Comptroller/ComptrollerStorage.sol', 'ComptrollerV1Storage.venusSupplierIndex')
 reader witnesses  -> 11
 storage exposures -> 1
[MV-SI candidate 8cbcfcf26a141d97c9b3] {_facetAddresses, _facetFunctionSelectors}
 writer root       -> contracts/Comptroller/Diamond/Diamond.sol::Diamond.diamondCut(IDiamondCut.FacetCut[])
 writer effect     -> contracts/Comptroller/Diamond/Diamond.sol:225
 written member    -> ('SV', 'contracts/Comptroller/ComptrollerStorage.sol', 'ComptrollerV13Storage._facetAddresses')
 potentially stale -> ('SV', 'contracts/Comptroller/ComptrollerStorage.sol', 'ComptrollerV13Storage._facetFunctionSelectors')
 reader witnesses  -> 20
 storage exposures -> 2
[MV-SI candidate 8fc625baeef0343442f5] {accrualBlockNumber, borrowIndex}
 writer root       -> contracts/test/MockVBNB.sol::MockVBNB.repayBorrow()
 writer effect     -> contracts/Tokens/VTokens/VToken.sol:463
 written member    -> ('SV', 'contracts/Tokens/VTokens/VTokenInterfaces.sol', 'VTokenStorage.borrowIndex')
 potentially stale -> ('SV', 'contracts/Tokens/VTokens/VTokenInterfaces.sol', 'VTokenStorage.accrualBlockNumber')
 reader witnesses  -> 17
 storage exposures -> 1
[MV-SI candidate 9057f18b31c16e35b590] {venusBorrowState, venusBorrowerIndex}
 writer root       -> contracts/test/ComptrollerHarness.sol::ComptrollerHarness.harnessUpdateVenusBorrowIndex(address,uint256)
 writer effect     -> contracts/Comptroller/Diamond/facets/XVSRewardsHelper.sol:43
 written member    -> ('SV', 'contracts/Comptroller/ComptrollerStorage.sol', 'ComptrollerV1Storage.venusBorrowState')
 potentially stale -> ('SV', 'contracts/Comptroller/ComptrollerStorage.sol', 'ComptrollerV1Storage.venusBorrowerIndex')
 reader witnesses  -> 9
 storage exposures -> 1
[MV-SI candidate 91d88a97e9f8b57b3239] {accrualBlockNumber, borrowIndex}
 writer root       -> contracts/test/VBep20MockDelegate.sol::VBep20MockDelegate.mint(uint256)
 writer effect     -> contracts/Tokens/VTokens/VToken.sol:462
 written member    -> ('SV', 'contracts/Tokens/VTokens/VTokenInterfaces.sol', 'VTokenStorage.accrualBlockNumber')
 potentially stale -> ('SV', 'contracts/Tokens/VTokens/VTokenInterfaces.sol', 'VTokenStorage.borrowIndex')
 reader witnesses  -> 5
 storage exposures -> 1
[MV-SI candidate 921a9d4219d53fb2c4e0] {venusSupplierIndex, venusSupplyState}
 writer root       -> contracts/Comptroller/Diamond/facets/MarketFacet.sol::MarketFacet._supportMarket(VToken)
 writer effect     -> contracts/Comptroller/Diamond/facets/MarketFacet.sol:236
 written member    -> ('SV', 'contracts/Comptroller/ComptrollerStorage.sol', 'ComptrollerV1Storage.venusSupplyState')
 potentially stale -> ('SV', 'contracts/Comptroller/ComptrollerStorage.sol', 'ComptrollerV1Storage.venusSupplierIndex')
 reader witnesses  -> 29
 storage exposures -> 3
[MV-SI candidate 92b1a519fb0d99a080f5] {admin, treasuryGuardian}
 writer root       -> contracts/Tokens/VAI/VAIController.sol::VAIController._setTreasuryData(address,address,uint256)
 writer effect     -> contracts/Tokens/VAI/VAIController.sol:522
 written member    -> ('SV', 'contracts/Tokens/VAI/VAIControllerStorage.sol', 'VAIControllerStorageG2.treasuryGuardian')
 potentially stale -> ('SV', 'contracts/Tokens/VAI/VAIControllerStorage.sol', 'VAIUnitrollerAdminStorage.admin')
 reader witnesses  -> 10
 storage exposures -> 2
[MV-SI candidate 93f82e6118e132ae0341] {allowance, balanceOf, totalSupply}
 writer root       -> contracts/Tokens/VAI/VAI.sol::VAI.pull(address,uint256)
 writer effect     -> contracts/Tokens/VAI/VAI.sol:92
 written member    -> ('SV', 'contracts/Tokens/VAI/VAI.sol', 'VAI.balanceOf')
 potentially stale -> ('SV', 'contracts/Tokens/VAI/VAI.sol', 'VAI.allowance'), ('SV', 'contracts/Tokens/VAI/VAI.sol', 'VAI.totalSupply')
 reader witnesses  -> 148
 storage exposures -> 2
[MV-SI candidate 942336282d1fee01968f] {venusBorrowState, venusBorrowerIndex}
 writer root       -> contracts/test/ComptrollerHarness.sol::ComptrollerHarness.harnessRefreshVenusSpeeds()
 writer effect     -> contracts/Comptroller/Diamond/facets/XVSRewardsHelper.sol:43
 written member    -> ('SV', 'contracts/Comptroller/ComptrollerStorage.sol', 'ComptrollerV1Storage.venusBorrowState')
 potentially stale -> ('SV', 'contracts/Comptroller/ComptrollerStorage.sol', 'ComptrollerV1Storage.venusBorrowerIndex')
 reader witnesses  -> 9
 storage exposures -> 1
[MV-SI candidate 94f96dbf1397a82feb33] {accrualBlockNumber, borrowIndex}
 writer root       -> contracts/test/MockVBNB.sol::MockVBNB.repayBorrow()
 writer effect     -> contracts/Tokens/VTokens/VToken.sol:462
 written member    -> ('SV', 'contracts/Tokens/VTokens/VTokenInterfaces.sol', 'VTokenStorage.accrualBlockNumber')
 potentially stale -> ('SV', 'contracts/Tokens/VTokens/VTokenInterfaces.sol', 'VTokenStorage.borrowIndex')
 reader witnesses  -> 4
 storage exposures -> 1
[MV-SI candidate 95b20bf7168d64919f54] {allowance, balanceOf, totalSupply}
 writer root       -> contracts/Tokens/VAI/VAIController.sol::VAIController.liquidateVAI(address,uint256,VTokenInterface)
 writer effect     -> contracts/Tokens/VAI/VAI.sol:110
 written member    -> ('SV', 'contracts/Tokens/VAI/VAI.sol', 'VAI.totalSupply')
 potentially stale -> ('SV', 'contracts/Tokens/VAI/VAI.sol', 'VAI.allowance'), ('SV', 'contracts/Tokens/VAI/VAI.sol', 'VAI.balanceOf')
 reader witnesses  -> 404
 storage exposures -> 1
[MV-SI candidate 982f83534634aedee1ed] {venusBorrowState, venusBorrowerIndex}
 writer root       -> contracts/test/ComptrollerHarness.sol::ComptrollerHarness.harnessUpdateVenusBorrowIndex(address,uint256)
 writer effect     -> contracts/Comptroller/Diamond/facets/XVSRewardsHelper.sol:46
 written member    -> ('SV', 'contracts/Comptroller/ComptrollerStorage.sol', 'ComptrollerV1Storage.venusBorrowState')
 potentially stale -> ('SV', 'contracts/Comptroller/ComptrollerStorage.sol', 'ComptrollerV1Storage.venusBorrowerIndex')
 reader witnesses  -> 9
 storage exposures -> 1
[MV-SI candidate 98abccd682810823d8d3] {allowance, balanceOf, totalSupply}
 writer root       -> contracts/Tokens/VAI/VAI.sol::VAI.approve(address,uint256)
 writer effect     -> contracts/Tokens/VAI/VAI.sol:115
 written member    -> ('SV', 'contracts/Tokens/VAI/VAI.sol', 'VAI.allowance')
 potentially stale -> ('SV', 'contracts/Tokens/VAI/VAI.sol', 'VAI.balanceOf'), ('SV', 'contracts/Tokens/VAI/VAI.sol', 'VAI.totalSupply')
 reader witnesses  -> 134
 storage exposures -> 2
[MV-SI candidate 99f4134c719a762b2d12] {accrualBlockNumber, borrowIndex}
 writer root       -> contracts/Lens/VenusLens.sol::VenusLens.vTokenMetadataAll(VToken[])
 writer effect     -> contracts/Tokens/VTokens/VToken.sol:463
 written member    -> ('SV', 'contracts/Tokens/VTokens/VTokenInterfaces.sol', 'VTokenStorage.borrowIndex')
 potentially stale -> ('SV', 'contracts/Tokens/VTokens/VTokenInterfaces.sol', 'VTokenStorage.accrualBlockNumber')
 reader witnesses  -> 7
 storage exposures -> 1
[MV-SI candidate 9b26469e8b9bcff04f09] {allowance, balanceOf, totalSupply}
 writer root       -> contracts/Tokens/VAI/VAIController.sol::VAIController.repayVAI(uint256)
 writer effect     -> contracts/Tokens/VAI/VAI.sol:107
 written member    -> ('SV', 'contracts/Tokens/VAI/VAI.sol', 'VAI.allowance')
 potentially stale -> ('SV', 'contracts/Tokens/VAI/VAI.sol', 'VAI.balanceOf'), ('SV', 'contracts/Tokens/VAI/VAI.sol', 'VAI.totalSupply')
 reader witnesses  -> 188
 storage exposures -> 1
[MV-SI candidate 9b844f33fca47b2f490e] {accrualBlockNumber, borrowIndex}
 writer root       -> contracts/Tokens/VTokens/VBep20.sol::VBep20.repayBorrowBehalf(address,uint256)
 writer effect     -> contracts/Tokens/VTokens/VToken.sol:463
 written member    -> ('SV', 'contracts/Tokens/VTokens/VTokenInterfaces.sol', 'VTokenStorage.borrowIndex')
 potentially stale -> ('SV', 'contracts/Tokens/VTokens/VTokenInterfaces.sol', 'VTokenStorage.accrualBlockNumber')
 reader witnesses  -> 283
 storage exposures -> 11
[MV-SI candidate 9c0694ee65d3be12ae5c] {accrualBlockNumber, borrowIndex}
 writer root       -> contracts/Tokens/VTokens/VBep20.sol::VBep20.borrowBehalf(address,uint256)
 writer effect     -> contracts/Tokens/VTokens/VToken.sol:462
 written member    -> ('SV', 'contracts/Tokens/VTokens/VTokenInterfaces.sol', 'VTokenStorage.accrualBlockNumber')
 potentially stale -> ('SV', 'contracts/Tokens/VTokens/VTokenInterfaces.sol', 'VTokenStorage.borrowIndex')
 reader witnesses  -> 75
 storage exposures -> 11
[MV-SI candidate 9cf6a4d62a66842499c9] {venusSupplierIndex, venusSupplyState}
 writer root       -> contracts/test/ComptrollerScenario.sol::ComptrollerScenario.refreshVenusSpeeds()
 writer effect     -> contracts/Comptroller/Diamond/facets/XVSRewardsHelper.sol:65
 written member    -> ('SV', 'contracts/Comptroller/ComptrollerStorage.sol', 'ComptrollerV1Storage.venusSupplyState')
 potentially stale -> ('SV', 'contracts/Comptroller/ComptrollerStorage.sol', 'ComptrollerV1Storage.venusSupplierIndex')
 reader witnesses  -> 9
 storage exposures -> 1
[MV-SI candidate 9d23b01c42a4871d8d94] {accrualBlockNumber, borrowIndex}
 writer root       -> contracts/test/VBep20MockDelegate.sol::VBep20MockDelegate.mint(uint256)
 writer effect     -> contracts/Tokens/VTokens/VToken.sol:463
 written member    -> ('SV', 'contracts/Tokens/VTokens/VTokenInterfaces.sol', 'VTokenStorage.borrowIndex')
 potentially stale -> ('SV', 'contracts/Tokens/VTokens/VTokenInterfaces.sol', 'VTokenStorage.accrualBlockNumber')
 reader witnesses  -> 21
 storage exposures -> 1
[MV-SI candidate 9e3e287fc787ef2d750a] {accrualBlockNumber, borrowIndex}
 writer root       -> contracts/test/VBep20MockDelegate.sol::VBep20MockDelegate.redeemUnderlying(uint256)
 writer effect     -> contracts/Tokens/VTokens/VToken.sol:462
 written member    -> ('SV', 'contracts/Tokens/VTokens/VTokenInterfaces.sol', 'VTokenStorage.accrualBlockNumber')
 potentially stale -> ('SV', 'contracts/Tokens/VTokens/VTokenInterfaces.sol', 'VTokenStorage.borrowIndex')
 reader witnesses  -> 5
 storage exposures -> 1
[MV-SI candidate 9f4866fcaeb734767ce7] {_facetFunctionSelectors, _selectorToFacetAndPosition}
 writer root       -> contracts/Comptroller/Diamond/Diamond.sol::Diamond.diamondCut(IDiamondCut.FacetCut[])
 writer effect     -> contracts/Comptroller/Diamond/Diamond.sol:123
 written member    -> ('SV', 'contracts/Comptroller/ComptrollerStorage.sol', 'ComptrollerV13Storage._facetFunctionSelectors')
 potentially stale -> ('SV', 'contracts/Comptroller/ComptrollerStorage.sol', 'ComptrollerV13Storage._selectorToFacetAndPosition')
 reader witnesses  -> 12
 storage exposures -> 2
[MV-SI candidate 9fdd497ebf308730df29] {accountTokens, initialExchangeRateMantissa}
 writer root       -> contracts/test/VBep20Harness.sol::VBep20DelegateHarness.harnessMintBehalfFresh(address,address,uint256)
 writer effect     -> contracts/Tokens/VTokens/VToken.sol:781
 written member    -> ('SV', 'contracts/Tokens/VTokens/VTokenInterfaces.sol', 'VTokenStorage.accountTokens')
 potentially stale -> ('SV', 'contracts/Tokens/VTokens/VTokenInterfaces.sol', 'VTokenStorage.initialExchangeRateMantissa')
 reader witnesses  -> 3
 storage exposures -> 1
[MV-SI candidate a1ace9d2efe36b2c6f90] {venusBorrowState, venusBorrowerIndex}
 writer root       -> contracts/test/ComptrollerHarness.sol::ComptrollerHarness.setVenusBorrowerIndex(address,address,uint256)
 writer effect     -> contracts/test/ComptrollerHarness.sol:77
 written member    -> ('SV', 'contracts/Comptroller/ComptrollerStorage.sol', 'ComptrollerV1Storage.venusBorrowerIndex')
 potentially stale -> ('SV', 'contracts/Comptroller/ComptrollerStorage.sol', 'ComptrollerV1Storage.venusBorrowState')
 reader witnesses  -> 21
 storage exposures -> 1
[MV-SI candidate a283f72b1cece9b5074b] {allowance, balanceOf, totalSupply}
 writer root       -> contracts/Tokens/VAI/VAIController.sol::VAIController.repayVAI(uint256)
 writer effect     -> contracts/Tokens/VAI/VAI.sol:92
 written member    -> ('SV', 'contracts/Tokens/VAI/VAI.sol', 'VAI.balanceOf')
 potentially stale -> ('SV', 'contracts/Tokens/VAI/VAI.sol', 'VAI.allowance'), ('SV', 'contracts/Tokens/VAI/VAI.sol', 'VAI.totalSupply')
 reader witnesses  -> 216
 storage exposures -> 1
[MV-SI candidate a2b973745e41ef2f27ec] {venusSupplierIndex, venusSupplyState}
 writer root       -> contracts/test/ComptrollerScenario.sol::ComptrollerScenario.refreshVenusSpeeds()
 writer effect     -> contracts/Comptroller/Diamond/facets/XVSRewardsHelper.sol:64
 written member    -> ('SV', 'contracts/Comptroller/ComptrollerStorage.sol', 'ComptrollerV1Storage.venusSupplyState')
 potentially stale -> ('SV', 'contracts/Comptroller/ComptrollerStorage.sol', 'ComptrollerV1Storage.venusSupplierIndex')
 reader witnesses  -> 9
 storage exposures -> 1
[MV-SI candidate a3f31b925c77c269d5b3] {accrualBlockNumber, borrowIndex}
 writer root       -> contracts/test/MockVBNB.sol::MockVBNB.borrow(uint256)
 writer effect     -> contracts/Tokens/VTokens/VToken.sol:462
 written member    -> ('SV', 'contracts/Tokens/VTokens/VTokenInterfaces.sol', 'VTokenStorage.accrualBlockNumber')
 potentially stale -> ('SV', 'contracts/Tokens/VTokens/VTokenInterfaces.sol', 'VTokenStorage.borrowIndex')
 reader witnesses  -> 4
 storage exposures -> 1
[MV-SI candidate a5ac09767c215f0922e9] {allowance, balanceOf, totalSupply}
 writer root       -> contracts/Tokens/VAI/VAI.sol::VAI.mint(address,uint256)
 writer effect     -> contracts/Tokens/VAI/VAI.sol:98
 written member    -> ('SV', 'contracts/Tokens/VAI/VAI.sol', 'VAI.balanceOf')
 potentially stale -> ('SV', 'contracts/Tokens/VAI/VAI.sol', 'VAI.allowance'), ('SV', 'contracts/Tokens/VAI/VAI.sol', 'VAI.totalSupply')
 reader witnesses  -> 148
 storage exposures -> 2
[MV-SI candidate a5d6e5daf081877a8d51] {accrualBlockNumber, borrowIndex}
 writer root       -> contracts/Tokens/VTokens/VBep20.sol::VBep20.mintBehalf(address,uint256)
 writer effect     -> contracts/Tokens/VTokens/VToken.sol:463
 written member    -> ('SV', 'contracts/Tokens/VTokens/VTokenInterfaces.sol', 'VTokenStorage.borrowIndex')
 potentially stale -> ('SV', 'contracts/Tokens/VTokens/VTokenInterfaces.sol', 'VTokenStorage.accrualBlockNumber')
 reader witnesses  -> 283
 storage exposures -> 11
[MV-SI candidate a5ea70ec90ae1542dfc6] {allowance, balanceOf, totalSupply}
 writer root       -> contracts/Tokens/VAI/VAIController.sol::VAIController.repayVAI(uint256)
 writer effect     -> contracts/Tokens/VAI/VAI.sol:109
 written member    -> ('SV', 'contracts/Tokens/VAI/VAI.sol', 'VAI.balanceOf')
 potentially stale -> ('SV', 'contracts/Tokens/VAI/VAI.sol', 'VAI.allowance'), ('SV', 'contracts/Tokens/VAI/VAI.sol', 'VAI.totalSupply')
 reader witnesses  -> 216
 storage exposures -> 1
[MV-SI candidate a60954c36c77c7984597] {venusSupplierIndex, venusSupplyState}
 writer root       -> contracts/Comptroller/Diamond/facets/PolicyFacet.sol::PolicyFacet.redeemAllowed(address,address,uint256)
 writer effect     -> contracts/Comptroller/Diamond/facets/XVSRewardsHelper.sol:65
 written member    -> ('SV', 'contracts/Comptroller/ComptrollerStorage.sol', 'ComptrollerV1Storage.venusSupplyState')
 potentially stale -> ('SV', 'contracts/Comptroller/ComptrollerStorage.sol', 'ComptrollerV1Storage.venusSupplierIndex')
 reader witnesses  -> 33
 storage exposures -> 4
[MV-SI candidate a6a0bc583c754466ac45] {admin, owner}
 writer root       -> contracts/XVSVault/XVSStore.sol::XVSStore.setNewOwner(address)
 writer effect     -> contracts/XVSVault/XVSStore.sol:79
 written member    -> ('SV', 'contracts/XVSVault/XVSStore.sol', 'XVSStore.owner')
 potentially stale -> ('SV', 'contracts/XVSVault/XVSStore.sol', 'XVSStore.admin')
 reader witnesses  -> 3
 storage exposures -> 1
[MV-SI candidate a8bbaeadbc86c6d4fd2d] {accountTokens, initialExchangeRateMantissa}
 writer root       -> contracts/test/VBep20Harness.sol::VBep20Harness.harnessLiquidateBorrowFresh(address,address,uint256,VToken)
 writer effect     -> contracts/Tokens/VTokens/VToken.sol:1356
 written member    -> ('SV', 'contracts/Tokens/VTokens/VTokenInterfaces.sol', 'VTokenStorage.accountTokens')
 potentially stale -> ('SV', 'contracts/Tokens/VTokens/VTokenInterfaces.sol', 'VTokenStorage.initialExchangeRateMantissa')
 reader witnesses  -> 3
 storage exposures -> 1
[MV-SI candidate a9467bb8974faa6df0a4] {accrualBlockNumber, borrowIndex}
 writer root       -> contracts/test/VBep20MockDelegate.sol::VBep20MockDelegate.repayBorrow(uint256)
 writer effect     -> contracts/Tokens/VTokens/VToken.sol:462
 written member    -> ('SV', 'contracts/Tokens/VTokens/VTokenInterfaces.sol', 'VTokenStorage.accrualBlockNumber')
 potentially stale -> ('SV', 'contracts/Tokens/VTokens/VTokenInterfaces.sol', 'VTokenStorage.borrowIndex')
 reader witnesses  -> 5
 storage exposures -> 1
[MV-SI candidate a9477cbd5eb19f08b197] {_facetFunctionSelectors, _selectorToFacetAndPosition}
 writer root       -> contracts/Comptroller/Diamond/Diamond.sol::Diamond.diamondCut(IDiamondCut.FacetCut[])
 writer effect     -> contracts/Comptroller/Diamond/Diamond.sol:185
 written member    -> ('SV', 'contracts/Comptroller/ComptrollerStorage.sol', 'ComptrollerV13Storage._facetFunctionSelectors')
 potentially stale -> ('SV', 'contracts/Comptroller/ComptrollerStorage.sol', 'ComptrollerV13Storage._selectorToFacetAndPosition')
 reader witnesses  -> 12
 storage exposures -> 2
[MV-SI candidate a9f7444f647fad70613a] {accrualBlockNumber, borrowIndex}
 writer root       -> contracts/Tokens/VTokens/VToken.sol::VToken.borrowBalanceCurrent(address)
 writer effect     -> contracts/Tokens/VTokens/VToken.sol:463
 written member    -> ('SV', 'contracts/Tokens/VTokens/VTokenInterfaces.sol', 'VTokenStorage.borrowIndex')
 potentially stale -> ('SV', 'contracts/Tokens/VTokens/VTokenInterfaces.sol', 'VTokenStorage.accrualBlockNumber')
 reader witnesses  -> 328
 storage exposures -> 14
[MV-SI candidate aa80c162858935ff2500] {venusSupplierIndex, venusSupplyState}
 writer root       -> contracts/test/ComptrollerHarness.sol::ComptrollerHarness.harnessRefreshVenusSpeeds()
 writer effect     -> contracts/Comptroller/Diamond/facets/XVSRewardsHelper.sol:65
 written member    -> ('SV', 'contracts/Comptroller/ComptrollerStorage.sol', 'ComptrollerV1Storage.venusSupplyState')
 potentially stale -> ('SV', 'contracts/Comptroller/ComptrollerStorage.sol', 'ComptrollerV1Storage.venusSupplierIndex')
 reader witnesses  -> 11
 storage exposures -> 1
[MV-SI candidate ab4ae8920b6b2cd11f00] {delegates, numCheckpoints}
 writer root       -> contracts/Tokens/XVS/XVS.sol::XVS.delegate(address)
 writer effect     -> contracts/Tokens/XVS/XVS.sol:234
 written member    -> ('SV', 'contracts/Tokens/XVS/XVS.sol', 'XVS.delegates')
 potentially stale -> ('SV', 'contracts/Tokens/XVS/XVS.sol', 'XVS.numCheckpoints')
 reader witnesses  -> 44
 storage exposures -> 2
[MV-SI candidate ab5a59a906404eeaebf1] {venusSupplierIndex, venusSupplyState}
 writer root       -> contracts/test/ComptrollerHarness.sol::ComptrollerHarness.harnessDistributeSupplierVenus(address,address)
 writer effect     -> contracts/Comptroller/Diamond/facets/XVSRewardsHelper.sol:83
 written member    -> ('SV', 'contracts/Comptroller/ComptrollerStorage.sol', 'ComptrollerV1Storage.venusSupplierIndex')
 potentially stale -> ('SV', 'contracts/Comptroller/ComptrollerStorage.sol', 'ComptrollerV1Storage.venusSupplyState')
 reader witnesses  -> 25
 storage exposures -> 1
[MV-SI candidate ac61a20878ee12cb996b] {_facetAddresses, _facetFunctionSelectors}
 writer root       -> contracts/Comptroller/Diamond/Diamond.sol::Diamond.diamondCut(IDiamondCut.FacetCut[])
 writer effect     -> contracts/Comptroller/Diamond/Diamond.sol:197
 written member    -> ('SV', 'contracts/Comptroller/ComptrollerStorage.sol', 'ComptrollerV13Storage._facetFunctionSelectors')
 potentially stale -> ('SV', 'contracts/Comptroller/ComptrollerStorage.sol', 'ComptrollerV13Storage._facetAddresses')
 reader witnesses  -> 10
 storage exposures -> 2
[MV-SI candidate ac88faa2eea8c674ec33] {allowance, balanceOf, totalSupply}
 writer root       -> contracts/Tokens/VAI/VAI.sol::VAI.push(address,uint256)
 writer effect     -> contracts/Tokens/VAI/VAI.sol:89
 written member    -> ('SV', 'contracts/Tokens/VAI/VAI.sol', 'VAI.allowance')
 potentially stale -> ('SV', 'contracts/Tokens/VAI/VAI.sol', 'VAI.balanceOf'), ('SV', 'contracts/Tokens/VAI/VAI.sol', 'VAI.totalSupply')
 reader witnesses  -> 134
 storage exposures -> 2
[MV-SI candidate ac90afd294d52b90a760] {accrualBlockNumber, borrowIndex}
 writer root       -> contracts/test/VBep20MockDelegate.sol::VBep20MockDelegate.redeemUnderlying(uint256)
 writer effect     -> contracts/Tokens/VTokens/VToken.sol:463
 written member    -> ('SV', 'contracts/Tokens/VTokens/VTokenInterfaces.sol', 'VTokenStorage.borrowIndex')
 potentially stale -> ('SV', 'contracts/Tokens/VTokens/VTokenInterfaces.sol', 'VTokenStorage.accrualBlockNumber')
 reader witnesses  -> 21
 storage exposures -> 1
[MV-SI candidate adc4c69992ae2cdc05bf] {delegates, numCheckpoints}
 writer root       -> contracts/XVSVault/XVSVault.sol::XVSVault.delegateBySig(address,uint256,uint256,uint8,bytes32,bytes32)
 writer effect     -> contracts/XVSVault/XVSVault.sol:737
 written member    -> ('SV', 'contracts/XVSVault/XVSVaultStorage.sol', 'XVSVaultStorage.delegates')
 potentially stale -> ('SV', 'contracts/XVSVault/XVSVaultStorage.sol', 'XVSVaultStorage.numCheckpoints')
 reader witnesses  -> 36
 storage exposures -> 2
[MV-SI candidate aead834556e7e30f16d8] {venusBorrowState, venusBorrowerIndex}
 writer root       -> contracts/test/ComptrollerHarness.sol::ComptrollerHarness.harnessAddVenusMarkets(address[])
 writer effect     -> contracts/Comptroller/Diamond/facets/XVSRewardsHelper.sol:43
 written member    -> ('SV', 'contracts/Comptroller/ComptrollerStorage.sol', 'ComptrollerV1Storage.venusBorrowState')
 potentially stale -> ('SV', 'contracts/Comptroller/ComptrollerStorage.sol', 'ComptrollerV1Storage.venusBorrowerIndex')
 reader witnesses  -> 9
 storage exposures -> 1
[MV-SI candidate af2960f7a82259eaf730] {balanceOf, totalSupply}
 writer root       -> contracts/Tokens/VAI/VAI.sol::VAI.transferFrom(address,address,uint256)
 writer effect     -> contracts/Tokens/VAI/VAI.sol:91
 written member    -> ('SV', 'contracts/Tokens/VAI/VAI.sol', 'VAI.balanceOf')
 potentially stale -> ('SV', 'contracts/Tokens/VAI/VAI.sol', 'VAI.totalSupply')
 reader witnesses  -> 4
 storage exposures -> 1
[MV-SI candidate b0a479aeebb638613e6e] {venusSupplierIndex, venusSupplyState}
 writer root       -> contracts/Comptroller/Diamond/facets/PolicyFacet.sol::PolicyFacet.mintAllowed(address,address,uint256)
 writer effect     -> contracts/Comptroller/Diamond/facets/XVSRewardsHelper.sol:67
 written member    -> ('SV', 'contracts/Comptroller/ComptrollerStorage.sol', 'ComptrollerV1Storage.venusSupplyState')
 potentially stale -> ('SV', 'contracts/Comptroller/ComptrollerStorage.sol', 'ComptrollerV1Storage.venusSupplierIndex')
 reader witnesses  -> 33
 storage exposures -> 4
[MV-SI candidate b148e220540316ba209e] {accrualBlockNumber, borrowIndex}
 writer root       -> contracts/Tokens/VTokens/VToken.sol::VToken.totalBorrowsCurrent()
 writer effect     -> contracts/Tokens/VTokens/VToken.sol:462
 written member    -> ('SV', 'contracts/Tokens/VTokens/VTokenInterfaces.sol', 'VTokenStorage.accrualBlockNumber')
 potentially stale -> ('SV', 'contracts/Tokens/VTokens/VTokenInterfaces.sol', 'VTokenStorage.borrowIndex')
 reader witnesses  -> 84
 storage exposures -> 13
[MV-SI candidate b37057b0ac1efe12b919] {accrualBlockNumber, borrowIndex}
 writer root       -> contracts/Tokens/VTokens/VToken.sol::VToken.accrueInterest()
 writer effect     -> contracts/Tokens/VTokens/VToken.sol:463
 written member    -> ('SV', 'contracts/Tokens/VTokens/VTokenInterfaces.sol', 'VTokenStorage.borrowIndex')
 potentially stale -> ('SV', 'contracts/Tokens/VTokens/VTokenInterfaces.sol', 'VTokenStorage.accrualBlockNumber')
 reader witnesses  -> 328
 storage exposures -> 14
[MV-SI candidate b4854b788d3763cc21ab] {accrualBlockNumber, borrowIndex}
 writer root       -> contracts/test/VBep20MockDelegate.sol::VBep20MockDelegate.repayBorrow(uint256)
 writer effect     -> contracts/Tokens/VTokens/VToken.sol:463
 written member    -> ('SV', 'contracts/Tokens/VTokens/VTokenInterfaces.sol', 'VTokenStorage.borrowIndex')
 potentially stale -> ('SV', 'contracts/Tokens/VTokens/VTokenInterfaces.sol', 'VTokenStorage.accrualBlockNumber')
 reader witnesses  -> 21
 storage exposures -> 1
[MV-SI candidate b6bcae6a151a5d42e9c0] {venusSupplierIndex, venusSupplyState}
 writer root       -> contracts/Comptroller/Diamond/facets/RewardFacet.sol::RewardFacet.claimVenus(address,VToken[])
 writer effect     -> contracts/Comptroller/Diamond/facets/XVSRewardsHelper.sol:83
 written member    -> ('SV', 'contracts/Comptroller/ComptrollerStorage.sol', 'ComptrollerV1Storage.venusSupplierIndex')
 potentially stale -> ('SV', 'contracts/Comptroller/ComptrollerStorage.sol', 'ComptrollerV1Storage.venusSupplyState')
 reader witnesses  -> 76
 storage exposures -> 4
[MV-SI candidate b7ab5dbfa1a93d127898] {venusSupplierIndex, venusSupplyState}
 writer root       -> contracts/Comptroller/Diamond/facets/PolicyFacet.sol::PolicyFacet.mintAllowed(address,address,uint256)
 writer effect     -> contracts/Comptroller/Diamond/facets/XVSRewardsHelper.sol:65
 written member    -> ('SV', 'contracts/Comptroller/ComptrollerStorage.sol', 'ComptrollerV1Storage.venusSupplyState')
 potentially stale -> ('SV', 'contracts/Comptroller/ComptrollerStorage.sol', 'ComptrollerV1Storage.venusSupplierIndex')
 reader witnesses  -> 33
 storage exposures -> 4
[MV-SI candidate b9dcbf37637a0e0a8ea0] {allowance, balanceOf, totalSupply}
 writer root       -> contracts/Tokens/VAI/VAI.sol::VAI.move(address,address,uint256)
 writer effect     -> contracts/Tokens/VAI/VAI.sol:91
 written member    -> ('SV', 'contracts/Tokens/VAI/VAI.sol', 'VAI.balanceOf')
 potentially stale -> ('SV', 'contracts/Tokens/VAI/VAI.sol', 'VAI.allowance'), ('SV', 'contracts/Tokens/VAI/VAI.sol', 'VAI.totalSupply')
 reader witnesses  -> 148
 storage exposures -> 2
[MV-SI candidate ba55d4f1f15a852607a7] {accountTokens, initialExchangeRateMantissa}
 writer root       -> contracts/Tokens/VTokens/VToken.sol::VToken.seize(address,address,uint256)
 writer effect     -> contracts/Tokens/VTokens/VToken.sol:1357
 written member    -> ('SV', 'contracts/Tokens/VTokens/VTokenInterfaces.sol', 'VTokenStorage.accountTokens')
 potentially stale -> ('SV', 'contracts/Tokens/VTokens/VTokenInterfaces.sol', 'VTokenStorage.initialExchangeRateMantissa')
 reader witnesses  -> 87
 storage exposures -> 13
[MV-SI candidate bab62fd1bf4108758eb9] {venusBorrowState, venusBorrowerIndex}
 writer root       -> contracts/Comptroller/Diamond/facets/PolicyFacet.sol::PolicyFacet.borrowAllowed(address,address,uint256)
 writer effect     -> contracts/Comptroller/Diamond/facets/XVSRewardsHelper.sol:46
 written member    -> ('SV', 'contracts/Comptroller/ComptrollerStorage.sol', 'ComptrollerV1Storage.venusBorrowState')
 potentially stale -> ('SV', 'contracts/Comptroller/ComptrollerStorage.sol', 'ComptrollerV1Storage.venusBorrowerIndex')
 reader witnesses  -> 25
 storage exposures -> 4
[MV-SI candidate bace25af797f51c2e8c8] {accrualBlockNumber, borrowIndex}
 writer root       -> contracts/Tokens/VTokens/VToken.sol::VToken.exchangeRateCurrent()
 writer effect     -> contracts/Tokens/VTokens/VToken.sol:463
 written member    -> ('SV', 'contracts/Tokens/VTokens/VTokenInterfaces.sol', 'VTokenStorage.borrowIndex')
 potentially stale -> ('SV', 'contracts/Tokens/VTokens/VTokenInterfaces.sol', 'VTokenStorage.accrualBlockNumber')
 reader witnesses  -> 328
 storage exposures -> 14
[MV-SI candidate baf5b0e77917b6e248fa] {accountTokens, initialExchangeRateMantissa}
 writer root       -> contracts/test/EvilXToken.sol::EvilXToken.harnessMintBehalfFresh(address,address,uint256)
 writer effect     -> contracts/Tokens/VTokens/VToken.sol:781
 written member    -> ('SV', 'contracts/Tokens/VTokens/VTokenInterfaces.sol', 'VTokenStorage.accountTokens')
 potentially stale -> ('SV', 'contracts/Tokens/VTokens/VTokenInterfaces.sol', 'VTokenStorage.initialExchangeRateMantissa')
 reader witnesses  -> 3
 storage exposures -> 1
[MV-SI candidate bb96952df2812b174d9e] {accountTokens, initialExchangeRateMantissa}
 writer root       -> contracts/test/VBep20Harness.sol::VBep20DelegateHarness.harnessRedeemFresh(address,uint256,uint256)
 writer effect     -> contracts/Tokens/VTokens/VToken.sol:916
 written member    -> ('SV', 'contracts/Tokens/VTokens/VTokenInterfaces.sol', 'VTokenStorage.accountTokens')
 potentially stale -> ('SV', 'contracts/Tokens/VTokens/VTokenInterfaces.sol', 'VTokenStorage.initialExchangeRateMantissa')
 reader witnesses  -> 3
 storage exposures -> 1
[MV-SI candidate bba88d078a9dae404793] {accrualBlockNumber, borrowIndex}
 writer root       -> contracts/Tokens/VTokens/VToken.sol::VToken.borrowBalanceCurrent(address)
 writer effect     -> contracts/Tokens/VTokens/VToken.sol:462
 written member    -> ('SV', 'contracts/Tokens/VTokens/VTokenInterfaces.sol', 'VTokenStorage.accrualBlockNumber')
 potentially stale -> ('SV', 'contracts/Tokens/VTokens/VTokenInterfaces.sol', 'VTokenStorage.borrowIndex')
 reader witnesses  -> 84
 storage exposures -> 13
[MV-SI candidate bbb9408294861f544a44] {venusBorrowState, venusBorrowerIndex}
 writer root       -> contracts/Comptroller/Diamond/facets/PolicyFacet.sol::PolicyFacet._setVenusSpeeds(VToken[],uint256[],uint256[])
 writer effect     -> contracts/Comptroller/Diamond/facets/XVSRewardsHelper.sol:44
 written member    -> ('SV', 'contracts/Comptroller/ComptrollerStorage.sol', 'ComptrollerV1Storage.venusBorrowState')
 potentially stale -> ('SV', 'contracts/Comptroller/ComptrollerStorage.sol', 'ComptrollerV1Storage.venusBorrowerIndex')
 reader witnesses  -> 25
 storage exposures -> 4
[MV-SI candidate bc169c7740383a2250e1] {venusBorrowState, venusBorrowerIndex}
 writer root       -> contracts/test/ComptrollerHarness.sol::ComptrollerHarness.setVenusBorrowState(address,uint224,uint32)
 writer effect     -> contracts/test/ComptrollerHarness.sol:21
 written member    -> ('SV', 'contracts/Comptroller/ComptrollerStorage.sol', 'ComptrollerV1Storage.venusBorrowState')
 potentially stale -> ('SV', 'contracts/Comptroller/ComptrollerStorage.sol', 'ComptrollerV1Storage.venusBorrowerIndex')
 reader witnesses  -> 9
 storage exposures -> 1
[MV-SI candidate bceb219441edf4e7e277] {_facetAddresses, _facetFunctionSelectors}
 writer root       -> contracts/Comptroller/Diamond/Diamond.sol::Diamond.diamondCut(IDiamondCut.FacetCut[])
 writer effect     -> contracts/Comptroller/Diamond/Diamond.sol:232
 written member    -> ('SV', 'contracts/Comptroller/ComptrollerStorage.sol', 'ComptrollerV13Storage._facetAddresses')
 potentially stale -> ('SV', 'contracts/Comptroller/ComptrollerStorage.sol', 'ComptrollerV13Storage._facetFunctionSelectors')
 reader witnesses  -> 20
 storage exposures -> 2
[MV-SI candidate bcf106a4039fa5647b0e] {accrualBlockNumber, borrowIndex}
 writer root       -> contracts/test/MockVBNB.sol::MockVBNB.repayBorrowBehalf(address)
 writer effect     -> contracts/Tokens/VTokens/VToken.sol:462
 written member    -> ('SV', 'contracts/Tokens/VTokens/VTokenInterfaces.sol', 'VTokenStorage.accrualBlockNumber')
 potentially stale -> ('SV', 'contracts/Tokens/VTokens/VTokenInterfaces.sol', 'VTokenStorage.borrowIndex')
 reader witnesses  -> 4
 storage exposures -> 1
[MV-SI candidate bdd70d94af2e050ce2fb] {accrualBlockNumber, borrowIndex}
 writer root       -> contracts/Tokens/VTokens/VBep20.sol::VBep20.mint(uint256)
 writer effect     -> contracts/Tokens/VTokens/VToken.sol:463
 written member    -> ('SV', 'contracts/Tokens/VTokens/VTokenInterfaces.sol', 'VTokenStorage.borrowIndex')
 potentially stale -> ('SV', 'contracts/Tokens/VTokens/VTokenInterfaces.sol', 'VTokenStorage.accrualBlockNumber')
 reader witnesses  -> 283
 storage exposures -> 11
[MV-SI candidate bf4de893544eddb18448] {accrualBlockNumber, borrowIndex}
 writer root       -> contracts/test/VBep20MockDelegate.sol::VBep20MockDelegate._addReserves(uint256)
 writer effect     -> contracts/Tokens/VTokens/VToken.sol:462
 written member    -> ('SV', 'contracts/Tokens/VTokens/VTokenInterfaces.sol', 'VTokenStorage.accrualBlockNumber')
 potentially stale -> ('SV', 'contracts/Tokens/VTokens/VTokenInterfaces.sol', 'VTokenStorage.borrowIndex')
 reader witnesses  -> 5
 storage exposures -> 1
[MV-SI candidate bfaa2c87c1ad3ccdb95d] {venusBorrowState, venusBorrowerIndex}
 writer root       -> contracts/Comptroller/Diamond/facets/RewardFacet.sol::RewardFacet.claimVenus(address[],VToken[],bool,bool)
 writer effect     -> contracts/Comptroller/Diamond/facets/XVSRewardsHelper.sol:46
 written member    -> ('SV', 'contracts/Comptroller/ComptrollerStorage.sol', 'ComptrollerV1Storage.venusBorrowState')
 potentially stale -> ('SV', 'contracts/Comptroller/ComptrollerStorage.sol', 'ComptrollerV1Storage.venusBorrowerIndex')
 reader witnesses  -> 28
 storage exposures -> 4
[MV-SI candidate bfb8f45aa7c2e110c660] {_facetAddresses, _facetFunctionSelectors}
 writer root       -> contracts/Comptroller/Diamond/Diamond.sol::Diamond.diamondCut(IDiamondCut.FacetCut[])
 writer effect     -> contracts/Comptroller/Diamond/Diamond.sol:215
 written member    -> ('SV', 'contracts/Comptroller/ComptrollerStorage.sol', 'ComptrollerV13Storage._facetFunctionSelectors')
 potentially stale -> ('SV', 'contracts/Comptroller/ComptrollerStorage.sol', 'ComptrollerV13Storage._facetAddresses')
 reader witnesses  -> 10
 storage exposures -> 2
[MV-SI candidate c07348d65b31098eb612] {venusBorrowState, venusBorrowerIndex}
 writer root       -> contracts/Comptroller/Diamond/facets/PolicyFacet.sol::PolicyFacet.borrowAllowed(address,address,uint256)
 writer effect     -> contracts/Comptroller/Diamond/facets/XVSRewardsHelper.sol:43
 written member    -> ('SV', 'contracts/Comptroller/ComptrollerStorage.sol', 'ComptrollerV1Storage.venusBorrowState')
 potentially stale -> ('SV', 'contracts/Comptroller/ComptrollerStorage.sol', 'ComptrollerV1Storage.venusBorrowerIndex')
 reader witnesses  -> 25
 storage exposures -> 4
[MV-SI candidate c0ce07ef47a0246adf9c] {accessControl, liquidatorContract, pauseGuardian, vaiVaultAddress}
 writer root       -> contracts/Comptroller/Diamond/facets/SetterFacet.sol::SetterFacet._setPauseGuardian(address)
 writer effect     -> contracts/Comptroller/Diamond/facets/SetterFacet.sol:282
 written member    -> ('SV', 'contracts/Comptroller/ComptrollerStorage.sol', 'ComptrollerV1Storage.pauseGuardian')
 potentially stale -> ('SV', 'contracts/Comptroller/ComptrollerStorage.sol', 'ComptrollerV2Storage.vaiVaultAddress'), ('SV', 'contracts/Comptroller/ComptrollerStorage.sol', 'ComptrollerV6Storage.liquidatorContract'), ('SV', 'contracts/Comptroller/ComptrollerStorage.sol', 'ComptrollerV9Storage.accessControl')
 reader witnesses  -> 136
 storage exposures -> 4
[MV-SI candidate c198a4b092064a61309b] {accrualBlockNumber, borrowIndex}
 writer root       -> contracts/Tokens/VTokens/VToken.sol::VToken.initialize(ComptrollerInterface,InterestRateModel,uint256,string,string,uint8)
 writer effect     -> contracts/Tokens/VTokens/VToken.sol:334
 written member    -> ('SV', 'contracts/Tokens/VTokens/VTokenInterfaces.sol', 'VTokenStorage.accrualBlockNumber')
 potentially stale -> ('SV', 'contracts/Tokens/VTokens/VTokenInterfaces.sol', 'VTokenStorage.borrowIndex')
 reader witnesses  -> 84
 storage exposures -> 13
[MV-SI candidate c26dfbb2a92be22d11df] {accountTokens, initialExchangeRateMantissa}
 writer root       -> contracts/test/VBep20Harness.sol::VBep20DelegateHarness.harnessSetBalance(address,uint256)
 writer effect     -> contracts/test/VBep20Harness.sol:315
 written member    -> ('SV', 'contracts/Tokens/VTokens/VTokenInterfaces.sol', 'VTokenStorage.accountTokens')
 potentially stale -> ('SV', 'contracts/Tokens/VTokens/VTokenInterfaces.sol', 'VTokenStorage.initialExchangeRateMantissa')
 reader witnesses  -> 3
 storage exposures -> 1
[MV-SI candidate c359604c299c23b25561] {accessControl, liquidatorContract, pauseGuardian, vaiVaultAddress}
 writer root       -> contracts/Comptroller/Diamond/facets/SetterFacet.sol::SetterFacet._setAccessControl(address)
 writer effect     -> contracts/Comptroller/Diamond/facets/SetterFacet.sol:175
 written member    -> ('SV', 'contracts/Comptroller/ComptrollerStorage.sol', 'ComptrollerV9Storage.accessControl')
 potentially stale -> ('SV', 'contracts/Comptroller/ComptrollerStorage.sol', 'ComptrollerV1Storage.pauseGuardian'), ('SV', 'contracts/Comptroller/ComptrollerStorage.sol', 'ComptrollerV2Storage.vaiVaultAddress'), ('SV', 'contracts/Comptroller/ComptrollerStorage.sol', 'ComptrollerV6Storage.liquidatorContract')
 reader witnesses  -> 105
 storage exposures -> 4
[MV-SI candidate c427a1b58fe205e97c6e] {venusSupplierIndex, venusSupplyState}
 writer root       -> contracts/Comptroller/Diamond/facets/PolicyFacet.sol::PolicyFacet.redeemAllowed(address,address,uint256)
 writer effect     -> contracts/Comptroller/Diamond/facets/XVSRewardsHelper.sol:83
 written member    -> ('SV', 'contracts/Comptroller/ComptrollerStorage.sol', 'ComptrollerV1Storage.venusSupplierIndex')
 potentially stale -> ('SV', 'contracts/Comptroller/ComptrollerStorage.sol', 'ComptrollerV1Storage.venusSupplyState')
 reader witnesses  -> 75
 storage exposures -> 4
[MV-SI candidate c471b030715a4b075c08] {accrualBlockNumber, borrowIndex}
 writer root       -> contracts/Tokens/VTokens/VToken.sol::VToken._setInterestRateModel(InterestRateModel)
 writer effect     -> contracts/Tokens/VTokens/VToken.sol:462
 written member    -> ('SV', 'contracts/Tokens/VTokens/VTokenInterfaces.sol', 'VTokenStorage.accrualBlockNumber')
 potentially stale -> ('SV', 'contracts/Tokens/VTokens/VTokenInterfaces.sol', 'VTokenStorage.borrowIndex')
 reader witnesses  -> 84
 storage exposures -> 13
[MV-SI candidate c4e107f56c22b43e9377] {accrualBlockNumber, borrowIndex}
 writer root       -> contracts/Tokens/VTokens/VToken.sol::VToken.balanceOfUnderlying(address)
 writer effect     -> contracts/Tokens/VTokens/VToken.sol:463
 written member    -> ('SV', 'contracts/Tokens/VTokens/VTokenInterfaces.sol', 'VTokenStorage.borrowIndex')
 potentially stale -> ('SV', 'contracts/Tokens/VTokens/VTokenInterfaces.sol', 'VTokenStorage.accrualBlockNumber')
 reader witnesses  -> 328
 storage exposures -> 14
[MV-SI candidate c527e67f5b8ceabb1a52] {accrualBlockNumber, borrowIndex}
 writer root       -> contracts/Lens/SnapshotLens.sol::SnapshotLens.getAccountSnapshot(address,address,VToken)
 writer effect     -> contracts/Tokens/VTokens/VToken.sol:463
 written member    -> ('SV', 'contracts/Tokens/VTokens/VTokenInterfaces.sol', 'VTokenStorage.borrowIndex')
 potentially stale -> ('SV', 'contracts/Tokens/VTokens/VTokenInterfaces.sol', 'VTokenStorage.accrualBlockNumber')
 reader witnesses  -> 7
 storage exposures -> 1
[MV-SI candidate c59150feb92c1b0b3308] {venusSupplierIndex, venusSupplyState}
 writer root       -> contracts/Comptroller/Diamond/facets/RewardFacet.sol::RewardFacet.claimVenus(address[],VToken[],bool,bool,bool)
 writer effect     -> contracts/Comptroller/Diamond/facets/XVSRewardsHelper.sol:67
 written member    -> ('SV', 'contracts/Comptroller/ComptrollerStorage.sol', 'ComptrollerV1Storage.venusSupplyState')
 potentially stale -> ('SV', 'contracts/Comptroller/ComptrollerStorage.sol', 'ComptrollerV1Storage.venusSupplierIndex')
 reader witnesses  -> 34
 storage exposures -> 4
[MV-SI candidate c738287a531d78e74ce8] {accountTokens, initialExchangeRateMantissa}
 writer root       -> contracts/test/VBep20Harness.sol::VEvil.evilSeize(VToken,address,address,uint256)
 writer effect     -> contracts/Tokens/VTokens/VToken.sol:1356
 written member    -> ('SV', 'contracts/Tokens/VTokens/VTokenInterfaces.sol', 'VTokenStorage.accountTokens')
 potentially stale -> ('SV', 'contracts/Tokens/VTokens/VTokenInterfaces.sol', 'VTokenStorage.initialExchangeRateMantissa')
 reader witnesses  -> 51
 storage exposures -> 1
[MV-SI candidate c8a87a719bf7acbec439] {_facetAddresses, _facetFunctionSelectors}
 writer root       -> contracts/Comptroller/Diamond/Diamond.sol::Diamond.diamondCut(IDiamondCut.FacetCut[])
 writer effect     -> contracts/Comptroller/Diamond/Diamond.sol:219
 written member    -> ('SV', 'contracts/Comptroller/ComptrollerStorage.sol', 'ComptrollerV13Storage._facetFunctionSelectors')
 potentially stale -> ('SV', 'contracts/Comptroller/ComptrollerStorage.sol', 'ComptrollerV13Storage._facetAddresses')
 reader witnesses  -> 10
 storage exposures -> 2
[MV-SI candidate c9760572d11a974f5bb3] {venusSupplierIndex, venusSupplyState}
 writer root       -> contracts/Comptroller/Diamond/facets/PolicyFacet.sol::PolicyFacet.transferAllowed(address,address,address,uint256)
 writer effect     -> contracts/Comptroller/Diamond/facets/XVSRewardsHelper.sol:64
 written member    -> ('SV', 'contracts/Comptroller/ComptrollerStorage.sol', 'ComptrollerV1Storage.venusSupplyState')
 potentially stale -> ('SV', 'contracts/Comptroller/ComptrollerStorage.sol', 'ComptrollerV1Storage.venusSupplierIndex')
 reader witnesses  -> 33
 storage exposures -> 4
[MV-SI candidate ca10e6ffc24184c21e85] {accountTokens, initialExchangeRateMantissa}
 writer root       -> contracts/Tokens/VTokens/VBep20.sol::VBep20.redeem(uint256)
 writer effect     -> contracts/Tokens/VTokens/VToken.sol:916
 written member    -> ('SV', 'contracts/Tokens/VTokens/VTokenInterfaces.sol', 'VTokenStorage.accountTokens')
 potentially stale -> ('SV', 'contracts/Tokens/VTokens/VTokenInterfaces.sol', 'VTokenStorage.initialExchangeRateMantissa')
 reader witnesses  -> 33
 storage exposures -> 11
[MV-SI candidate ca8815b1b46d3d8a2ca8] {accrualBlockNumber, borrowIndex}
 writer root       -> contracts/Tokens/VTokens/VBep20.sol::VBep20.mintBehalf(address,uint256)
 writer effect     -> contracts/Tokens/VTokens/VToken.sol:462
 written member    -> ('SV', 'contracts/Tokens/VTokens/VTokenInterfaces.sol', 'VTokenStorage.accrualBlockNumber')
 potentially stale -> ('SV', 'contracts/Tokens/VTokens/VTokenInterfaces.sol', 'VTokenStorage.borrowIndex')
 reader witnesses  -> 75
 storage exposures -> 11
[MV-SI candidate cad91ad5bc0358eb4c3f] {closeFactorMantissa, liquidationIncentiveMantissa, markets, vaiMintRate, venusVAIVaultRate}
 writer root       -> contracts/Comptroller/Diamond/facets/SetterFacet.sol::SetterFacet._setLiquidationIncentive(uint256)
 writer effect     -> contracts/Comptroller/Diamond/facets/SetterFacet.sol:243
 written member    -> ('SV', 'contracts/Comptroller/ComptrollerStorage.sol', 'ComptrollerV1Storage.liquidationIncentiveMantissa')
 potentially stale -> ('SV', 'contracts/Comptroller/ComptrollerStorage.sol', 'ComptrollerV1Storage.closeFactorMantissa'), ('SV', 'contracts/Comptroller/ComptrollerStorage.sol', 'ComptrollerV1Storage.markets'), ('SV', 'contracts/Comptroller/ComptrollerStorage.sol', 'ComptrollerV1Storage.vaiMintRate'), ('SV', 'contracts/Comptroller/ComptrollerStorage.sol', 'ComptrollerV2Storage.venusVAIVaultRate')
 reader witnesses  -> 34
 storage exposures -> 4
[MV-SI candidate cb847475d74ee7e4c4d3] {venusBorrowState, venusBorrowerIndex}
 writer root       -> contracts/Comptroller/Diamond/facets/RewardFacet.sol::RewardFacet.claimVenus(address)
 writer effect     -> contracts/Comptroller/Diamond/facets/XVSRewardsHelper.sol:43
 written member    -> ('SV', 'contracts/Comptroller/ComptrollerStorage.sol', 'ComptrollerV1Storage.venusBorrowState')
 potentially stale -> ('SV', 'contracts/Comptroller/ComptrollerStorage.sol', 'ComptrollerV1Storage.venusBorrowerIndex')
 reader witnesses  -> 28
 storage exposures -> 4
[MV-SI candidate cc12121875eb9c585c8e] {_facetAddresses, _facetFunctionSelectors}
 writer root       -> contracts/Comptroller/Diamond/Diamond.sol::Diamond.diamondCut(IDiamondCut.FacetCut[])
 writer effect     -> contracts/Comptroller/Diamond/Diamond.sol:123
 written member    -> ('SV', 'contracts/Comptroller/ComptrollerStorage.sol', 'ComptrollerV13Storage._facetFunctionSelectors')
 potentially stale -> ('SV', 'contracts/Comptroller/ComptrollerStorage.sol', 'ComptrollerV13Storage._facetAddresses')
 reader witnesses  -> 10
 storage exposures -> 2
[MV-SI candidate ccb2e759a01a5cda5882] {allowance, balanceOf, totalSupply}
 writer root       -> contracts/test/VAIHarness.sol::VAIScenario.harnessSetTotalSupply(uint256)
 writer effect     -> contracts/test/VAIHarness.sol:15
 written member    -> ('SV', 'contracts/Tokens/VAI/VAI.sol', 'VAI.totalSupply')
 potentially stale -> ('SV', 'contracts/Tokens/VAI/VAI.sol', 'VAI.allowance'), ('SV', 'contracts/Tokens/VAI/VAI.sol', 'VAI.balanceOf')
 reader witnesses  -> 72
 storage exposures -> 1
[MV-SI candidate ccbc74c455abefe478cc] {venusSupplierIndex, venusSupplyState}
 writer root       -> contracts/test/ComptrollerHarness.sol::ComptrollerHarness.harnessRefreshVenusSpeeds()
 writer effect     -> contracts/Comptroller/Diamond/facets/XVSRewardsHelper.sol:67
 written member    -> ('SV', 'contracts/Comptroller/ComptrollerStorage.sol', 'ComptrollerV1Storage.venusSupplyState')
 potentially stale -> ('SV', 'contracts/Comptroller/ComptrollerStorage.sol', 'ComptrollerV1Storage.venusSupplierIndex')
 reader witnesses  -> 11
 storage exposures -> 1
[MV-SI candidate cd2fd680c7ad3a868fa9] {accrualBlockNumber, borrowIndex}
 writer root       -> contracts/Tokens/VTokens/VToken.sol::VToken.accrueInterest()
 writer effect     -> contracts/Tokens/VTokens/VToken.sol:462
 written member    -> ('SV', 'contracts/Tokens/VTokens/VTokenInterfaces.sol', 'VTokenStorage.accrualBlockNumber')
 potentially stale -> ('SV', 'contracts/Tokens/VTokens/VTokenInterfaces.sol', 'VTokenStorage.borrowIndex')
 reader witnesses  -> 84
 storage exposures -> 13
[MV-SI candidate cdd5fd90284bf6e5bce6] {_facetFunctionSelectors, _selectorToFacetAndPosition}
 writer root       -> contracts/Comptroller/Diamond/Diamond.sol::Diamond.diamondCut(IDiamondCut.FacetCut[])
 writer effect     -> contracts/Comptroller/Diamond/Diamond.sol:216
 written member    -> ('SV', 'contracts/Comptroller/ComptrollerStorage.sol', 'ComptrollerV13Storage._selectorToFacetAndPosition')
 potentially stale -> ('SV', 'contracts/Comptroller/ComptrollerStorage.sol', 'ComptrollerV13Storage._facetFunctionSelectors')
 reader witnesses  -> 20
 storage exposures -> 2
[MV-SI candidate d12b068df92310b423e5] {accountTokens, initialExchangeRateMantissa}
 writer root       -> contracts/test/VBep20Harness.sol::VBep20DelegateHarness.harnessLiquidateBorrowFresh(address,address,uint256,VToken)
 writer effect     -> contracts/Tokens/VTokens/VToken.sol:1356
 written member    -> ('SV', 'contracts/Tokens/VTokens/VTokenInterfaces.sol', 'VTokenStorage.accountTokens')
 potentially stale -> ('SV', 'contracts/Tokens/VTokens/VTokenInterfaces.sol', 'VTokenStorage.initialExchangeRateMantissa')
 reader witnesses  -> 3
 storage exposures -> 1
[MV-SI candidate d140118be45e73b783a6] {venusSupplierIndex, venusSupplyState}
 writer root       -> contracts/Comptroller/Diamond/facets/MarketFacet.sol::MarketFacet._supportMarket(VToken)
 writer effect     -> contracts/Comptroller/Diamond/facets/MarketFacet.sol:247
 written member    -> ('SV', 'contracts/Comptroller/ComptrollerStorage.sol', 'ComptrollerV1Storage.venusSupplyState')
 potentially stale -> ('SV', 'contracts/Comptroller/ComptrollerStorage.sol', 'ComptrollerV1Storage.venusSupplierIndex')
 reader witnesses  -> 29
 storage exposures -> 3
[MV-SI candidate d33a3aed6f3483166ffe] {accountTokens, initialExchangeRateMantissa}
 writer root       -> contracts/test/VBep20Harness.sol::VBep20Harness.harnessSetBalance(address,uint256)
 writer effect     -> contracts/test/VBep20Harness.sol:71
 written member    -> ('SV', 'contracts/Tokens/VTokens/VTokenInterfaces.sol', 'VTokenStorage.accountTokens')
 potentially stale -> ('SV', 'contracts/Tokens/VTokens/VTokenInterfaces.sol', 'VTokenStorage.initialExchangeRateMantissa')
 reader witnesses  -> 3
 storage exposures -> 1
[MV-SI candidate d392e88f69a925bffed5] {accrualBlockNumber, borrowIndex}
 writer root       -> contracts/Tokens/VTokens/VBep20.sol::VBep20._addReserves(uint256)
 writer effect     -> contracts/Tokens/VTokens/VToken.sol:462
 written member    -> ('SV', 'contracts/Tokens/VTokens/VTokenInterfaces.sol', 'VTokenStorage.accrualBlockNumber')
 potentially stale -> ('SV', 'contracts/Tokens/VTokens/VTokenInterfaces.sol', 'VTokenStorage.borrowIndex')
 reader witnesses  -> 75
 storage exposures -> 11
[MV-SI candidate d3f7a6809ec12d0f7bb2] {venusSupplierIndex, venusSupplyState}
 writer root       -> contracts/test/ComptrollerHarness.sol::ComptrollerHarness.harnessAddVenusMarkets(address[])
 writer effect     -> contracts/Comptroller/Diamond/facets/XVSRewardsHelper.sol:65
 written member    -> ('SV', 'contracts/Comptroller/ComptrollerStorage.sol', 'ComptrollerV1Storage.venusSupplyState')
 potentially stale -> ('SV', 'contracts/Comptroller/ComptrollerStorage.sol', 'ComptrollerV1Storage.venusSupplierIndex')
 reader witnesses  -> 11
 storage exposures -> 1
[MV-SI candidate d42072af3ae0dbd77c92] {allowance, balanceOf, totalSupply}
 writer root       -> contracts/Tokens/VAI/VAIController.sol::VAIController.liquidateVAI(address,uint256,VTokenInterface)
 writer effect     -> contracts/Tokens/VAI/VAI.sol:89
 written member    -> ('SV', 'contracts/Tokens/VAI/VAI.sol', 'VAI.allowance')
 potentially stale -> ('SV', 'contracts/Tokens/VAI/VAI.sol', 'VAI.balanceOf'), ('SV', 'contracts/Tokens/VAI/VAI.sol', 'VAI.totalSupply')
 reader witnesses  -> 188
 storage exposures -> 1
[MV-SI candidate d54963452f83bb8c2be3] {accountTokens, initialExchangeRateMantissa}
 writer root       -> contracts/test/VBep20MockDelegate.sol::VBep20MockDelegate.mint(uint256)
 writer effect     -> contracts/Tokens/VTokens/VToken.sol:686
 written member    -> ('SV', 'contracts/Tokens/VTokens/VTokenInterfaces.sol', 'VTokenStorage.accountTokens')
 potentially stale -> ('SV', 'contracts/Tokens/VTokens/VTokenInterfaces.sol', 'VTokenStorage.initialExchangeRateMantissa')
 reader witnesses  -> 3
 storage exposures -> 1
[MV-SI candidate d6141080f67b35696c4f] {accountTokens, initialExchangeRateMantissa}
 writer root       -> contracts/Tokens/VTokens/VBep20.sol::VBep20.liquidateBorrow(address,uint256,VTokenInterface)
 writer effect     -> contracts/Tokens/VTokens/VToken.sol:1356
 written member    -> ('SV', 'contracts/Tokens/VTokens/VTokenInterfaces.sol', 'VTokenStorage.accountTokens')
 potentially stale -> ('SV', 'contracts/Tokens/VTokens/VTokenInterfaces.sol', 'VTokenStorage.initialExchangeRateMantissa')
 reader witnesses  -> 33
 storage exposures -> 11
[MV-SI candidate d70efa72b98e4f8439c3] {venusBorrowState, venusBorrowerIndex}
 writer root       -> contracts/Comptroller/Diamond/facets/RewardFacet.sol::RewardFacet.claimVenusAsCollateral(address)
 writer effect     -> contracts/Comptroller/Diamond/facets/XVSRewardsHelper.sol:112
 written member    -> ('SV', 'contracts/Comptroller/ComptrollerStorage.sol', 'ComptrollerV1Storage.venusBorrowerIndex')
 potentially stale -> ('SV', 'contracts/Comptroller/ComptrollerStorage.sol', 'ComptrollerV1Storage.venusBorrowState')
 reader witnesses  -> 64
 storage exposures -> 4
[MV-SI candidate d71b09ffa2377d22ced1] {_facetFunctionSelectors, _selectorToFacetAndPosition}
 writer root       -> contracts/Comptroller/Diamond/Diamond.sol::Diamond.diamondCut(IDiamondCut.FacetCut[])
 writer effect     -> contracts/Comptroller/Diamond/Diamond.sol:197
 written member    -> ('SV', 'contracts/Comptroller/ComptrollerStorage.sol', 'ComptrollerV13Storage._facetFunctionSelectors')
 potentially stale -> ('SV', 'contracts/Comptroller/ComptrollerStorage.sol', 'ComptrollerV13Storage._selectorToFacetAndPosition')
 reader witnesses  -> 12
 storage exposures -> 2
[MV-SI candidate d9aae7fb8d22ba169d11] {accountTokens, initialExchangeRateMantissa}
 writer root       -> contracts/test/VBep20Harness.sol::VBep20Harness.harnessLiquidateBorrowFresh(address,address,uint256,VToken)
 writer effect     -> contracts/Tokens/VTokens/VToken.sol:1357
 written member    -> ('SV', 'contracts/Tokens/VTokens/VTokenInterfaces.sol', 'VTokenStorage.accountTokens')
 potentially stale -> ('SV', 'contracts/Tokens/VTokens/VTokenInterfaces.sol', 'VTokenStorage.initialExchangeRateMantissa')
 reader witnesses  -> 3
 storage exposures -> 1
[MV-SI candidate d9b3e4637ec443d6b527] {accrualBlockNumber, borrowIndex}
 writer root       -> contracts/Tokens/VTokens/VBep20.sol::VBep20.redeemUnderlying(uint256)
 writer effect     -> contracts/Tokens/VTokens/VToken.sol:463
 written member    -> ('SV', 'contracts/Tokens/VTokens/VTokenInterfaces.sol', 'VTokenStorage.borrowIndex')
 potentially stale -> ('SV', 'contracts/Tokens/VTokens/VTokenInterfaces.sol', 'VTokenStorage.accrualBlockNumber')
 reader witnesses  -> 283
 storage exposures -> 11
[MV-SI candidate da7f022319ff5085a8e9] {venusSupplierIndex, venusSupplyState}
 writer root       -> contracts/Comptroller/Diamond/facets/PolicyFacet.sol::PolicyFacet._setVenusSpeeds(VToken[],uint256[],uint256[])
 writer effect     -> contracts/Comptroller/Diamond/facets/XVSRewardsHelper.sol:65
 written member    -> ('SV', 'contracts/Comptroller/ComptrollerStorage.sol', 'ComptrollerV1Storage.venusSupplyState')
 potentially stale -> ('SV', 'contracts/Comptroller/ComptrollerStorage.sol', 'ComptrollerV1Storage.venusSupplierIndex')
 reader witnesses  -> 33
 storage exposures -> 4
[MV-SI candidate da872a772717db91cf26] {_facetAddresses, _facetFunctionSelectors}
 writer root       -> contracts/Comptroller/Diamond/Diamond.sol::Diamond.diamondCut(IDiamondCut.FacetCut[])
 writer effect     -> contracts/Comptroller/Diamond/Diamond.sol:186
 written member    -> ('SV', 'contracts/Comptroller/ComptrollerStorage.sol', 'ComptrollerV13Storage._facetAddresses')
 potentially stale -> ('SV', 'contracts/Comptroller/ComptrollerStorage.sol', 'ComptrollerV13Storage._facetFunctionSelectors')
 reader witnesses  -> 20
 storage exposures -> 2
[MV-SI candidate dba422968b5d1188a2f5] {accrualBlockNumber, borrowIndex}
 writer root       -> contracts/Tokens/VTokens/VBep20.sol::VBep20._addReserves(uint256)
 writer effect     -> contracts/Tokens/VTokens/VToken.sol:463
 written member    -> ('SV', 'contracts/Tokens/VTokens/VTokenInterfaces.sol', 'VTokenStorage.borrowIndex')
 potentially stale -> ('SV', 'contracts/Tokens/VTokens/VTokenInterfaces.sol', 'VTokenStorage.accrualBlockNumber')
 reader witnesses  -> 283
 storage exposures -> 11
[MV-SI candidate de125a9bdf941342cd1d] {balanceOf, totalSupply}
 writer root       -> contracts/test/VAIHarness.sol::VAIScenario.harnessSetBalanceOf(address,uint256)
 writer effect     -> contracts/test/VAIHarness.sol:23
 written member    -> ('SV', 'contracts/Tokens/VAI/VAI.sol', 'VAI.balanceOf')
 potentially stale -> ('SV', 'contracts/Tokens/VAI/VAI.sol', 'VAI.totalSupply')
 reader witnesses  -> 4
 storage exposures -> 1
[MV-SI candidate ded42b16407a87c6175c] {venusSupplierIndex, venusSupplyState}
 writer root       -> contracts/Comptroller/Diamond/facets/RewardFacet.sol::RewardFacet.claimVenusAsCollateral(address)
 writer effect     -> contracts/Comptroller/Diamond/facets/XVSRewardsHelper.sol:83
 written member    -> ('SV', 'contracts/Comptroller/ComptrollerStorage.sol', 'ComptrollerV1Storage.venusSupplierIndex')
 potentially stale -> ('SV', 'contracts/Comptroller/ComptrollerStorage.sol', 'ComptrollerV1Storage.venusSupplyState')
 reader witnesses  -> 76
 storage exposures -> 4
[MV-SI candidate e04d6e0ce517ae5b35c2] {accrualBlockNumber, borrowIndex}
 writer root       -> contracts/test/MockVBNB.sol::MockVBNB.redeemUnderlying(uint256)
 writer effect     -> contracts/Tokens/VTokens/VToken.sol:463
 written member    -> ('SV', 'contracts/Tokens/VTokens/VTokenInterfaces.sol', 'VTokenStorage.borrowIndex')
 potentially stale -> ('SV', 'contracts/Tokens/VTokens/VTokenInterfaces.sol', 'VTokenStorage.accrualBlockNumber')
 reader witnesses  -> 17
 storage exposures -> 1
[MV-SI candidate e1c18e8556983aa4c449] {accrualBlockNumber, borrowIndex}
 writer root       -> contracts/Tokens/VTokens/VBep20.sol::VBep20.repayBorrowBehalf(address,uint256)
 writer effect     -> contracts/Tokens/VTokens/VToken.sol:462
 written member    -> ('SV', 'contracts/Tokens/VTokens/VTokenInterfaces.sol', 'VTokenStorage.accrualBlockNumber')
 potentially stale -> ('SV', 'contracts/Tokens/VTokens/VTokenInterfaces.sol', 'VTokenStorage.borrowIndex')
 reader witnesses  -> 75
 storage exposures -> 11
[MV-SI candidate e361df3fa8f20d81f225] {venusBorrowState, venusBorrowerIndex}
 writer root       -> contracts/Comptroller/Diamond/facets/RewardFacet.sol::RewardFacet.claimVenusAsCollateral(address)
 writer effect     -> contracts/Comptroller/Diamond/facets/XVSRewardsHelper.sol:46
 written member    -> ('SV', 'contracts/Comptroller/ComptrollerStorage.sol', 'ComptrollerV1Storage.venusBorrowState')
 potentially stale -> ('SV', 'contracts/Comptroller/ComptrollerStorage.sol', 'ComptrollerV1Storage.venusBorrowerIndex')
 reader witnesses  -> 28
 storage exposures -> 4
[MV-SI candidate e3c6a97d449994622e92] {accrualBlockNumber, borrowIndex}
 writer root       -> contracts/Tokens/VTokens/VToken.sol::VToken._reduceReserves(uint256)
 writer effect     -> contracts/Tokens/VTokens/VToken.sol:463
 written member    -> ('SV', 'contracts/Tokens/VTokens/VTokenInterfaces.sol', 'VTokenStorage.borrowIndex')
 potentially stale -> ('SV', 'contracts/Tokens/VTokens/VTokenInterfaces.sol', 'VTokenStorage.accrualBlockNumber')
 reader witnesses  -> 328
 storage exposures -> 14
[MV-SI candidate e4850dc3f71a2f6ad68a] {accountTokens, initialExchangeRateMantissa}
 writer root       -> contracts/test/VBep20Harness.sol::VBep20Harness.harnessRedeemFresh(address,uint256,uint256)
 writer effect     -> contracts/Tokens/VTokens/VToken.sol:916
 written member    -> ('SV', 'contracts/Tokens/VTokens/VTokenInterfaces.sol', 'VTokenStorage.accountTokens')
 potentially stale -> ('SV', 'contracts/Tokens/VTokens/VTokenInterfaces.sol', 'VTokenStorage.initialExchangeRateMantissa')
 reader witnesses  -> 3
 storage exposures -> 1
[MV-SI candidate e49c46885a34b13c89c6] {_facetAddresses, _facetFunctionSelectors}
 writer root       -> contracts/Comptroller/Diamond/Diamond.sol::Diamond.diamondCut(IDiamondCut.FacetCut[])
 writer effect     -> contracts/Comptroller/Diamond/Diamond.sol:230
 written member    -> ('SV', 'contracts/Comptroller/ComptrollerStorage.sol', 'ComptrollerV13Storage._facetFunctionSelectors')
 potentially stale -> ('SV', 'contracts/Comptroller/ComptrollerStorage.sol', 'ComptrollerV13Storage._facetAddresses')
 reader witnesses  -> 10
 storage exposures -> 2
[MV-SI candidate e6984ccffba3190fd826] {allowance, balanceOf, totalSupply}
 writer root       -> contracts/Tokens/VAI/VAI.sol::VAI.transfer(address,uint256)
 writer effect     -> contracts/Tokens/VAI/VAI.sol:91
 written member    -> ('SV', 'contracts/Tokens/VAI/VAI.sol', 'VAI.balanceOf')
 potentially stale -> ('SV', 'contracts/Tokens/VAI/VAI.sol', 'VAI.allowance'), ('SV', 'contracts/Tokens/VAI/VAI.sol', 'VAI.totalSupply')
 reader witnesses  -> 148
 storage exposures -> 2
[MV-SI candidate e89ad0b14b1c5fa1a0f8] {_facetFunctionSelectors, _selectorToFacetAndPosition}
 writer root       -> contracts/Comptroller/Diamond/Diamond.sol::Diamond.diamondCut(IDiamondCut.FacetCut[])
 writer effect     -> contracts/Comptroller/Diamond/Diamond.sol:198
 written member    -> ('SV', 'contracts/Comptroller/ComptrollerStorage.sol', 'ComptrollerV13Storage._selectorToFacetAndPosition')
 potentially stale -> ('SV', 'contracts/Comptroller/ComptrollerStorage.sol', 'ComptrollerV13Storage._facetFunctionSelectors')
 reader witnesses  -> 20
 storage exposures -> 2
[MV-SI candidate e9097a5cea1a20b1c6d6] {accrualBlockNumber, borrowIndex}
 writer root       -> contracts/test/MockVBNB.sol::MockVBNB.repayBorrowBehalf(address)
 writer effect     -> contracts/Tokens/VTokens/VToken.sol:463
 written member    -> ('SV', 'contracts/Tokens/VTokens/VTokenInterfaces.sol', 'VTokenStorage.borrowIndex')
 potentially stale -> ('SV', 'contracts/Tokens/VTokens/VTokenInterfaces.sol', 'VTokenStorage.accrualBlockNumber')
 reader witnesses  -> 17
 storage exposures -> 1
[MV-SI candidate e91e5179e31e9c9aee71] {venusBorrowState, venusBorrowerIndex}
 writer root       -> contracts/test/ComptrollerHarness.sol::ComptrollerHarness.harnessAddVenusMarkets(address[])
 writer effect     -> contracts/Comptroller/Diamond/facets/XVSRewardsHelper.sol:44
 written member    -> ('SV', 'contracts/Comptroller/ComptrollerStorage.sol', 'ComptrollerV1Storage.venusBorrowState')
 potentially stale -> ('SV', 'contracts/Comptroller/ComptrollerStorage.sol', 'ComptrollerV1Storage.venusBorrowerIndex')
 reader witnesses  -> 9
 storage exposures -> 1
[MV-SI candidate e93bcc15451dc88290b5] {venusSupplierIndex, venusSupplyState}
 writer root       -> contracts/test/ComptrollerScenario.sol::ComptrollerScenario.refreshVenusSpeeds()
 writer effect     -> contracts/Comptroller/Diamond/facets/XVSRewardsHelper.sol:67
 written member    -> ('SV', 'contracts/Comptroller/ComptrollerStorage.sol', 'ComptrollerV1Storage.venusSupplyState')
 potentially stale -> ('SV', 'contracts/Comptroller/ComptrollerStorage.sol', 'ComptrollerV1Storage.venusSupplierIndex')
 reader witnesses  -> 9
 storage exposures -> 1
[MV-SI candidate eb43430df7fe54564a0f] {allowance, balanceOf, totalSupply}
 writer root       -> contracts/Tokens/VAI/VAI.sol::VAI.transferFrom(address,address,uint256)
 writer effect     -> contracts/Tokens/VAI/VAI.sol:89
 written member    -> ('SV', 'contracts/Tokens/VAI/VAI.sol', 'VAI.allowance')
 potentially stale -> ('SV', 'contracts/Tokens/VAI/VAI.sol', 'VAI.balanceOf'), ('SV', 'contracts/Tokens/VAI/VAI.sol', 'VAI.totalSupply')
 reader witnesses  -> 134
 storage exposures -> 2
[MV-SI candidate ec372b559ccbbbec7812] {allowance, balanceOf, totalSupply}
 writer root       -> contracts/test/VAIControllerHarness.sol::VAIControllerHarness.harnessLiquidateVAIFresh(address,address,uint256,VToken)
 writer effect     -> contracts/Tokens/VAI/VAI.sol:109
 written member    -> ('SV', 'contracts/Tokens/VAI/VAI.sol', 'VAI.balanceOf')
 potentially stale -> ('SV', 'contracts/Tokens/VAI/VAI.sol', 'VAI.allowance'), ('SV', 'contracts/Tokens/VAI/VAI.sol', 'VAI.totalSupply')
 reader witnesses  -> 108
 storage exposures -> 1
[MV-SI candidate ed1f02431e87a24ba40d] {accountTokens, initialExchangeRateMantissa}
 writer root       -> contracts/test/VBep20MockDelegate.sol::VBep20MockDelegate.mintBehalf(address,uint256)
 writer effect     -> contracts/Tokens/VTokens/VToken.sol:781
 written member    -> ('SV', 'contracts/Tokens/VTokens/VTokenInterfaces.sol', 'VTokenStorage.accountTokens')
 potentially stale -> ('SV', 'contracts/Tokens/VTokens/VTokenInterfaces.sol', 'VTokenStorage.initialExchangeRateMantissa')
 reader witnesses  -> 3
 storage exposures -> 1
[MV-SI candidate ed5f36fa5e5d72938946] {venusBorrowState, venusBorrowerIndex}
 writer root       -> contracts/Comptroller/Diamond/facets/RewardFacet.sol::RewardFacet.claimVenus(address,VToken[])
 writer effect     -> contracts/Comptroller/Diamond/facets/XVSRewardsHelper.sol:112
 written member    -> ('SV', 'contracts/Comptroller/ComptrollerStorage.sol', 'ComptrollerV1Storage.venusBorrowerIndex')
 potentially stale -> ('SV', 'contracts/Comptroller/ComptrollerStorage.sol', 'ComptrollerV1Storage.venusBorrowState')
 reader witnesses  -> 64
 storage exposures -> 4
[MV-SI candidate edabb18128dfd083da61] {balanceOf, totalSupply}
 writer root       -> contracts/Tokens/VAI/VAIController.sol::VAIController.liquidateVAI(address,uint256,VTokenInterface)
 writer effect     -> contracts/Tokens/VAI/VAI.sol:110
 written member    -> ('SV', 'contracts/Tokens/VAI/VAI.sol', 'VAI.totalSupply')
 potentially stale -> ('SV', 'contracts/Tokens/VAI/VAI.sol', 'VAI.balanceOf')
 reader witnesses  -> 188
 storage exposures -> 1
[MV-SI candidate ee279f4cd2352f7266f7] {venusSupplierIndex, venusSupplyState}
 writer root       -> contracts/Comptroller/Diamond/facets/PolicyFacet.sol::PolicyFacet._setVenusSpeeds(VToken[],uint256[],uint256[])
 writer effect     -> contracts/Comptroller/Diamond/facets/XVSRewardsHelper.sol:67
 written member    -> ('SV', 'contracts/Comptroller/ComptrollerStorage.sol', 'ComptrollerV1Storage.venusSupplyState')
 potentially stale -> ('SV', 'contracts/Comptroller/ComptrollerStorage.sol', 'ComptrollerV1Storage.venusSupplierIndex')
 reader witnesses  -> 33
 storage exposures -> 4
[MV-SI candidate eeb9d23a158c619763e9] {closeFactorMantissa, liquidationIncentiveMantissa, markets, vaiMintRate, venusVAIVaultRate}
 writer root       -> contracts/Comptroller/Diamond/facets/SetterFacet.sol::SetterFacet._setVAIMintRate(uint256)
 writer effect     -> contracts/Comptroller/Diamond/facets/SetterFacet.sol:405
 written member    -> ('SV', 'contracts/Comptroller/ComptrollerStorage.sol', 'ComptrollerV1Storage.vaiMintRate')
 potentially stale -> ('SV', 'contracts/Comptroller/ComptrollerStorage.sol', 'ComptrollerV1Storage.closeFactorMantissa'), ('SV', 'contracts/Comptroller/ComptrollerStorage.sol', 'ComptrollerV1Storage.liquidationIncentiveMantissa'), ('SV', 'contracts/Comptroller/ComptrollerStorage.sol', 'ComptrollerV1Storage.markets'), ('SV', 'contracts/Comptroller/ComptrollerStorage.sol', 'ComptrollerV2Storage.venusVAIVaultRate')
 reader witnesses  -> 34
 storage exposures -> 4
[MV-SI candidate efa8752d6ad09e4a266b] {admin, owner}
 writer root       -> contracts/XVSVault/XVSStore.sol::XVSStore.acceptAdmin()
 writer effect     -> contracts/XVSVault/XVSStore.sol:69
 written member    -> ('SV', 'contracts/XVSVault/XVSStore.sol', 'XVSStore.admin')
 potentially stale -> ('SV', 'contracts/XVSVault/XVSStore.sol', 'XVSStore.owner')
 reader witnesses  -> 3
 storage exposures -> 1
[MV-SI candidate f02c49c45ef021204fe3] {accountTokens, initialExchangeRateMantissa}
 writer root       -> contracts/test/VBep20Harness.sol::VBep20DelegateHarness.harnessLiquidateBorrowFresh(address,address,uint256,VToken)
 writer effect     -> contracts/Tokens/VTokens/VToken.sol:1357
 written member    -> ('SV', 'contracts/Tokens/VTokens/VTokenInterfaces.sol', 'VTokenStorage.accountTokens')
 potentially stale -> ('SV', 'contracts/Tokens/VTokens/VTokenInterfaces.sol', 'VTokenStorage.initialExchangeRateMantissa')
 reader witnesses  -> 3
 storage exposures -> 1
[MV-SI candidate f10825736399849ca3ba] {venusSupplierIndex, venusSupplyState}
 writer root       -> contracts/Comptroller/Diamond/facets/PolicyFacet.sol::PolicyFacet.seizeAllowed(address,address,address,address,uint256)
 writer effect     -> contracts/Comptroller/Diamond/facets/XVSRewardsHelper.sol:83
 written member    -> ('SV', 'contracts/Comptroller/ComptrollerStorage.sol', 'ComptrollerV1Storage.venusSupplierIndex')
 potentially stale -> ('SV', 'contracts/Comptroller/ComptrollerStorage.sol', 'ComptrollerV1Storage.venusSupplyState')
 reader witnesses  -> 75
 storage exposures -> 4
[MV-SI candidate f1a57beaac037a9cee5a] {balanceOf, totalSupply}
 writer root       -> contracts/Tokens/VAI/VAI.sol::VAI.transfer(address,uint256)
 writer effect     -> contracts/Tokens/VAI/VAI.sol:91
 written member    -> ('SV', 'contracts/Tokens/VAI/VAI.sol', 'VAI.balanceOf')
 potentially stale -> ('SV', 'contracts/Tokens/VAI/VAI.sol', 'VAI.totalSupply')
 reader witnesses  -> 4
 storage exposures -> 1
[MV-SI candidate f5186f19882423f2ed80] {allowance, balanceOf, totalSupply}
 writer root       -> contracts/test/VAIControllerHarness.sol::VAIControllerHarness.harnessRepayVAIFresh(address,address,uint256)
 writer effect     -> contracts/Tokens/VAI/VAI.sol:89
 written member    -> ('SV', 'contracts/Tokens/VAI/VAI.sol', 'VAI.allowance')
 potentially stale -> ('SV', 'contracts/Tokens/VAI/VAI.sol', 'VAI.balanceOf'), ('SV', 'contracts/Tokens/VAI/VAI.sol', 'VAI.totalSupply')
 reader witnesses  -> 94
 storage exposures -> 1
[MV-SI candidate f5345c8a5ee721e39061] {accessControl, liquidatorContract, pauseGuardian, vaiVaultAddress}
 writer root       -> contracts/Comptroller/Diamond/facets/SetterFacet.sol::SetterFacet._setLiquidatorContract(address)
 writer effect     -> contracts/Comptroller/Diamond/facets/SetterFacet.sol:263
 written member    -> ('SV', 'contracts/Comptroller/ComptrollerStorage.sol', 'ComptrollerV6Storage.liquidatorContract')
 potentially stale -> ('SV', 'contracts/Comptroller/ComptrollerStorage.sol', 'ComptrollerV1Storage.pauseGuardian'), ('SV', 'contracts/Comptroller/ComptrollerStorage.sol', 'ComptrollerV2Storage.vaiVaultAddress'), ('SV', 'contracts/Comptroller/ComptrollerStorage.sol', 'ComptrollerV9Storage.accessControl')
 reader witnesses  -> 136
 storage exposures -> 4
[MV-SI candidate f589c47061d55af414da] {_facetFunctionSelectors, _selectorToFacetAndPosition}
 writer root       -> contracts/Comptroller/Diamond/Diamond.sol::Diamond.diamondCut(IDiamondCut.FacetCut[])
 writer effect     -> contracts/Comptroller/Diamond/Diamond.sol:215
 written member    -> ('SV', 'contracts/Comptroller/ComptrollerStorage.sol', 'ComptrollerV13Storage._facetFunctionSelectors')
 potentially stale -> ('SV', 'contracts/Comptroller/ComptrollerStorage.sol', 'ComptrollerV13Storage._selectorToFacetAndPosition')
 reader witnesses  -> 12
 storage exposures -> 2
[MV-SI candidate f5dd97ba863c8a185aee] {accrualBlockNumber, borrowIndex}
 writer root       -> contracts/test/VBep20Harness.sol::VBep20Harness.harnessSetAccrualBlockNumber(uint256)
 writer effect     -> contracts/test/VBep20Harness.sol:59
 written member    -> ('SV', 'contracts/Tokens/VTokens/VTokenInterfaces.sol', 'VTokenStorage.accrualBlockNumber')
 potentially stale -> ('SV', 'contracts/Tokens/VTokens/VTokenInterfaces.sol', 'VTokenStorage.borrowIndex')
 reader witnesses  -> 9
 storage exposures -> 1
[MV-SI candidate f625fa4eed95b0ae6d73] {accrualBlockNumber, borrowIndex}
 writer root       -> contracts/test/VBep20Harness.sol::VBep20DelegateHarness.harnessSetBorrowIndex(uint256)
 writer effect     -> contracts/test/VBep20Harness.sol:381
 written member    -> ('SV', 'contracts/Tokens/VTokens/VTokenInterfaces.sol', 'VTokenStorage.borrowIndex')
 potentially stale -> ('SV', 'contracts/Tokens/VTokens/VTokenInterfaces.sol', 'VTokenStorage.accrualBlockNumber')
 reader witnesses  -> 33
 storage exposures -> 1
[MV-SI candidate f811e9338879b259b1a1] {allMarkets, venusSpeeds}
 writer root       -> contracts/Comptroller/Diamond/facets/MarketFacet.sol::MarketFacet._supportMarket(VToken)
 writer effect     -> contracts/Comptroller/Diamond/facets/MarketFacet.sol:222
 written member    -> ('SV', 'contracts/Comptroller/ComptrollerStorage.sol', 'ComptrollerV1Storage.allMarkets')
 potentially stale -> ('SV', 'contracts/Comptroller/ComptrollerStorage.sol', 'ComptrollerV1Storage.venusSpeeds')
 reader witnesses  -> 4
 storage exposures -> 2
[MV-SI candidate f84a1a93f42874b32c1a] {accrualBlockNumber, borrowIndex}
 writer root       -> contracts/test/MockVBNB.sol::MockVBNB.fallback()
 writer effect     -> contracts/Tokens/VTokens/VToken.sol:462
 written member    -> ('SV', 'contracts/Tokens/VTokens/VTokenInterfaces.sol', 'VTokenStorage.accrualBlockNumber')
 potentially stale -> ('SV', 'contracts/Tokens/VTokens/VTokenInterfaces.sol', 'VTokenStorage.borrowIndex')
 reader witnesses  -> 4
 storage exposures -> 1
[MV-SI candidate fa96f5318997dcb900ec] {accrualBlockNumber, borrowIndex}
 writer root       -> contracts/Tokens/VTokens/VBep20.sol::VBep20.repayBorrow(uint256)
 writer effect     -> contracts/Tokens/VTokens/VToken.sol:462
 written member    -> ('SV', 'contracts/Tokens/VTokens/VTokenInterfaces.sol', 'VTokenStorage.accrualBlockNumber')
 potentially stale -> ('SV', 'contracts/Tokens/VTokens/VTokenInterfaces.sol', 'VTokenStorage.borrowIndex')
 reader witnesses  -> 75
 storage exposures -> 11
[MV-SI candidate fc40386a709b990c7650] {allowance, balanceOf, totalSupply}
 writer root       -> contracts/Tokens/VAI/VAI.sol::VAI.burn(address,uint256)
 writer effect     -> contracts/Tokens/VAI/VAI.sol:109
 written member    -> ('SV', 'contracts/Tokens/VAI/VAI.sol', 'VAI.balanceOf')
 potentially stale -> ('SV', 'contracts/Tokens/VAI/VAI.sol', 'VAI.allowance'), ('SV', 'contracts/Tokens/VAI/VAI.sol', 'VAI.totalSupply')
 reader witnesses  -> 148
 storage exposures -> 2
[MV-SI candidate fda29c7f2db9a5b58fff] {venusBorrowState, venusBorrowerIndex}
 writer root       -> contracts/Comptroller/Diamond/facets/RewardFacet.sol::RewardFacet.claimVenus(address,VToken[])
 writer effect     -> contracts/Comptroller/Diamond/facets/XVSRewardsHelper.sol:43
 written member    -> ('SV', 'contracts/Comptroller/ComptrollerStorage.sol', 'ComptrollerV1Storage.venusBorrowState')
 potentially stale -> ('SV', 'contracts/Comptroller/ComptrollerStorage.sol', 'ComptrollerV1Storage.venusBorrowerIndex')
 reader witnesses  -> 28
 storage exposures -> 4
[MV-SI candidate fdd908fa64d8595c1239] {balanceOf, totalSupply}
 writer root       -> contracts/test/VAIHarness.sol::VAIScenario.harnessIncrementTotalSupply(uint256)
 writer effect     -> contracts/test/VAIHarness.sol:19
 written member    -> ('SV', 'contracts/Tokens/VAI/VAI.sol', 'VAI.totalSupply')
 potentially stale -> ('SV', 'contracts/Tokens/VAI/VAI.sol', 'VAI.balanceOf')
 reader witnesses  -> 36
 storage exposures -> 1
[MV-SI candidate fec19554649e7b130f37] {closeFactorMantissa, liquidationIncentiveMantissa, markets, vaiMintRate, venusVAIVaultRate}
 writer root       -> contracts/Comptroller/Diamond/facets/SetterFacet.sol::SetterFacet._setCloseFactor(uint256)
 writer effect     -> contracts/Comptroller/Diamond/facets/SetterFacet.sol:154
 written member    -> ('SV', 'contracts/Comptroller/ComptrollerStorage.sol', 'ComptrollerV1Storage.closeFactorMantissa')
 potentially stale -> ('SV', 'contracts/Comptroller/ComptrollerStorage.sol', 'ComptrollerV1Storage.liquidationIncentiveMantissa'), ('SV', 'contracts/Comptroller/ComptrollerStorage.sol', 'ComptrollerV1Storage.markets'), ('SV', 'contracts/Comptroller/ComptrollerStorage.sol', 'ComptrollerV1Storage.vaiMintRate'), ('SV', 'contracts/Comptroller/ComptrollerStorage.sol', 'ComptrollerV2Storage.venusVAIVaultRate')
 reader witnesses  -> 34
 storage exposures -> 4
[MV-SI candidate ff4ff7f6935d72b23b1c] {allowance, balanceOf, totalSupply}
 writer root       -> contracts/Tokens/VAI/VAI.sol::VAI.permit(address,address,uint256,uint256,bool,uint8,bytes32,bytes32)
 writer effect     -> contracts/Tokens/VAI/VAI.sol:157
 written member    -> ('SV', 'contracts/Tokens/VAI/VAI.sol', 'VAI.allowance')
 potentially stale -> ('SV', 'contracts/Tokens/VAI/VAI.sol', 'VAI.balanceOf'), ('SV', 'contracts/Tokens/VAI/VAI.sol', 'VAI.totalSupply')
 reader witnesses  -> 134
 storage exposures -> 2
[MV-SI candidate ff765ce9e7fbbdd0dc69] {venusSupplierIndex, venusSupplyState}
 writer root       -> contracts/test/ComptrollerHarness.sol::ComptrollerHarness.setVenusSupplyState(address,uint224,uint32)
 writer effect     -> contracts/test/ComptrollerHarness.sol:16
 written member    -> ('SV', 'contracts/Comptroller/ComptrollerStorage.sol', 'ComptrollerV1Storage.venusSupplyState')
 potentially stale -> ('SV', 'contracts/Comptroller/ComptrollerStorage.sol', 'ComptrollerV1Storage.venusSupplierIndex')
 reader witnesses  -> 11
 storage exposures -> 1
[MV-SI candidate ffb344979129e5fa8159] {venusBorrowState, venusBorrowerIndex}
 writer root       -> contracts/Comptroller/Diamond/facets/MarketFacet.sol::MarketFacet._supportMarket(VToken)
 writer effect     -> contracts/Comptroller/Diamond/facets/MarketFacet.sol:247
 written member    -> ('SV', 'contracts/Comptroller/ComptrollerStorage.sol', 'ComptrollerV1Storage.venusBorrowState')
 potentially stale -> ('SV', 'contracts/Comptroller/ComptrollerStorage.sol', 'ComptrollerV1Storage.venusBorrowerIndex')
 reader witnesses  -> 23
 storage exposures -> 3Reference: https://github.com/crytic/slither/wiki/Detector-Documentation
INFO:Slither:. analyzed (297 contracts with 1 detectors), 596 result(s) found
