Problem executing hardhat to fetch configuration, using defaults: [Errno 2] No such file or directory: 'hardhat'
[mvscan-config] {"ATOMIC_GROUP": [], "DIVERGENCE_BUDGET": 1000, "ENABLE_BRANCH_GROUPS": true, "ENABLE_EXTERNAL_STATE": true, "ENABLE_MULTI_RETURN_GROUPS": true, "MAPPING_MODE": "base_collapsed", "MERGE_OVERLOADS": false, "MVSCAN_ABLATION": "mapping_insensitive", "MVSCAN_CONTEXTUAL_KEYS": true, "MVSCAN_INCLUDE_SCALAR_WITNESSES": false, "MVSCAN_INTERFACE_DISPATCH": false, "MVSCAN_MAX_CONTEXTS_PER_OWNER_BLOCK": 128, "MVSCAN_MAX_DISPATCH_TARGETS": 16, "MVSCAN_REQUIRE_DISTINCT_OUTER_ROOTS": false, "MVSCAN_ROOT_CONTEXT_SINKS": false, "NOOP_WRITE_FILTER": true, "REQUIRE_SAME_SLOT_KEY": false, "SINK_TEST": "none", "USER_CALLABLE_ALWAYS": [], "USER_CALLABLE_DENY": []}
[mvscan-stage] icfg-built blocks=3651 vars=189
[mvscan-stage] root-seeding-done eligible_exposures=363 seeded=207 multi_exposure_entry_blocks=41 collapsed_contextual_aliases=156 excluded_dependency=0 excluded_interface=79 excluded_library=0 excluded_abstract=121 missing_entry_point=2 missing_entry_block=0
[mvscan-pairs] call_target_digest=3f6046a0df85d8257bf898e500776f3fad05f4308717d1a4aa04e4ad60f6fe3b candidate_count=243 candidate_digest=b93f3a1989554e7e974b29358a6c74a3cc005b64d46b582ccb3c75e0776b0861 context_instance_count=6578 eligible_readers=627 eligible_writers=406 execution_context_digest=72125f1f315dcedd8e1150861beb9898fdbe36d24363ca557f1f8ded2c84ae30 insensitive_readers_filtered=320 invalid_partial_write_filtered=0 must_full_relation_filtered=7843 omitted_member_evidence_filtered=0 omitted_member_not_sensitive_filtered=369 owner_context_pairs=13390 owner_context_pairs_considered=60375 raw_block_pairs=9865 reader_witness_count=13390 relation_base_members_shadowed=0 relation_context_incompatible=27415 relation_digest=9d8a07851d6aa4ad0a4fe61564c8aac3d689fb0444e89fd869feaccef99f0318 relation_members_raw=240 relation_origins_registered=36 relation_origins_rejected_unary_after_shadowing=162 relation_origins_rejected_unreachable=48 relation_origins_seen=198 root_context_sink_filtered=0 same_outer_root_filtered=0 same_static_block_filtered=262 scalar_variables_skipped=114 storage_context_mismatch=11358 variables_considered=150
INFO:Detectors:

[MV-SI candidate 01f987938cc08c9cc0c2] {accountBorrows, accrualBlockNumber, borrowIndex, maxBorrow, originationFee}
 writer root       -> contracts/market/UToken.sol::UToken.borrow(uint256)
 writer effect     -> contracts/market/UToken.sol:556
 written member    -> ('SV', 'contracts/market/UToken.sol', 'UToken.borrowIndex')
 potentially stale -> ('SV', 'contracts/market/UToken.sol', 'UToken.accountBorrows'), ('SV', 'contracts/market/UToken.sol', 'UToken.accrualBlockNumber'), ('SV', 'contracts/market/UToken.sol', 'UToken.maxBorrow'), ('SV', 'contracts/market/UToken.sol', 'UToken.originationFee')
 reader witnesses  -> 78
 storage exposures -> 1
[MV-SI candidate 02643b2ec6c1f27ede4d] {_initialized, _initializing}
 writer root       -> contracts/asset/PureTokenAdapter.sol::PureTokenAdapter.__PureTokenAdapter_init(address)
 writer effect     -> @openzeppelin/contracts-upgradeable/proxy/utils/Initializable.sol:43
 written member    -> ('SV', '@openzeppelin/contracts-upgradeable/proxy/utils/Initializable.sol', 'Initializable._initializing')
 potentially stale -> ('SV', '@openzeppelin/contracts-upgradeable/proxy/utils/Initializable.sol', 'Initializable._initialized')
 reader witnesses  -> 1
 storage exposures -> 1
[MV-SI candidate 0278113ef9c3997d259e] {accountBorrows, overdueBlocks}
 writer root       -> contracts/market/UToken.sol::UToken.repayBorrowWithPermit(address,uint256,uint256,uint256,uint8,bytes32,bytes32)
 writer effect     -> contracts/market/UToken.sol:492
 written member    -> ('SV', 'contracts/market/UToken.sol', 'UToken.accountBorrows')
 potentially stale -> ('SV', 'contracts/market/UToken.sol', 'UToken.overdueBlocks')
 reader witnesses  -> 30
 storage exposures -> 1
[MV-SI candidate 03679d6f577395a64a31] {members, stakers}
 writer root       -> contracts/user/UserManager.sol::UserManager.updateTrust(address,uint256)
 writer effect     -> contracts/user/UserManager.sol:443
 written member    -> ('SV', 'contracts/user/UserManager.sol', 'UserManager.members')
 potentially stale -> ('SV', 'contracts/user/UserManager.sol', 'UserManager.stakers')
 reader witnesses  -> 50
 storage exposures -> 1
[MV-SI candidate 041fe9aaad3b4f1281bb] {memberFrozen, totalFrozen}
 writer root       -> contracts/user/UserManager.sol::UserManager.batchUpdateTotalFrozen(address[],bool[])
 writer effect     -> contracts/user/UserManager.sol:786
 written member    -> ('SV', 'contracts/user/UserManager.sol', 'UserManager.totalFrozen')
 potentially stale -> ('SV', 'contracts/user/UserManager.sol', 'UserManager.memberFrozen')
 reader witnesses  -> 11
 storage exposures -> 1
[MV-SI candidate 0542fff96972d316c9f4] {accountBorrows, accrualBlockNumber, borrowIndex, maxBorrow, originationFee}
 writer root       -> contracts/market/UToken.sol::UToken.repayBorrowWithPermit(address,uint256,uint256,uint256,uint8,bytes32,bytes32)
 writer effect     -> contracts/market/UToken.sol:504
 written member    -> ('SV', 'contracts/market/UToken.sol', 'UToken.accountBorrows')
 potentially stale -> ('SV', 'contracts/market/UToken.sol', 'UToken.accrualBlockNumber'), ('SV', 'contracts/market/UToken.sol', 'UToken.borrowIndex'), ('SV', 'contracts/market/UToken.sol', 'UToken.maxBorrow'), ('SV', 'contracts/market/UToken.sol', 'UToken.originationFee')
 reader witnesses  -> 45
 storage exposures -> 1
[MV-SI candidate 06cc7c98b400c98580e3] {totalFrozen, totalStaked}
 writer root       -> contracts/user/UserManager.sol::UserManager.updateTotalFrozen(address,bool)
 writer effect     -> contracts/user/UserManager.sol:786
 written member    -> ('SV', 'contracts/user/UserManager.sol', 'UserManager.totalFrozen')
 potentially stale -> ('SV', 'contracts/user/UserManager.sol', 'UserManager.totalStaked')
 reader witnesses  -> 18
 storage exposures -> 1
[MV-SI candidate 092d35b34e4b76dffbcb] {debtCeiling, totalBorrows}
 writer root       -> contracts/market/UToken.sol::UToken.redeem(uint256)
 writer effect     -> contracts/market/UToken.sol:557
 written member    -> ('SV', 'contracts/market/UToken.sol', 'UToken.totalBorrows')
 potentially stale -> ('SV', 'contracts/market/UToken.sol', 'UToken.debtCeiling')
 reader witnesses  -> 6
 storage exposures -> 1
[MV-SI candidate 0b1e4166596acee13a5b] {accountBorrows, overdueBlocks}
 writer root       -> contracts/market/UToken.sol::UToken.borrow(uint256)
 writer effect     -> contracts/market/UToken.sol:419
 written member    -> ('SV', 'contracts/market/UToken.sol', 'UToken.accountBorrows')
 potentially stale -> ('SV', 'contracts/market/UToken.sol', 'UToken.overdueBlocks')
 reader witnesses  -> 30
 storage exposures -> 1
[MV-SI candidate 0bb06435bf7790bdbab3] {accountBorrows, accrualBlockNumber, borrowIndex, maxBorrow, originationFee}
 writer root       -> contracts/market/UToken.sol::UToken.repayBorrow(uint256)
 writer effect     -> contracts/market/UToken.sol:499
 written member    -> ('SV', 'contracts/market/UToken.sol', 'UToken.accountBorrows')
 potentially stale -> ('SV', 'contracts/market/UToken.sol', 'UToken.accrualBlockNumber'), ('SV', 'contracts/market/UToken.sol', 'UToken.borrowIndex'), ('SV', 'contracts/market/UToken.sol', 'UToken.maxBorrow'), ('SV', 'contracts/market/UToken.sol', 'UToken.originationFee')
 reader witnesses  -> 45
 storage exposures -> 1
[MV-SI candidate 0c69def52562ec8c655d] {accountBorrows, overdueBlocks}
 writer root       -> contracts/market/UToken.sol::UToken.repayBorrowBehalf(address,uint256)
 writer effect     -> contracts/market/UToken.sol:497
 written member    -> ('SV', 'contracts/market/UToken.sol', 'UToken.accountBorrows')
 potentially stale -> ('SV', 'contracts/market/UToken.sol', 'UToken.overdueBlocks')
 reader witnesses  -> 30
 storage exposures -> 1
[MV-SI candidate 0e12459f58446713d01a] {accountBorrows, accrualBlockNumber, borrowIndex, maxBorrow, originationFee}
 writer root       -> contracts/market/UToken.sol::UToken.redeem(uint256)
 writer effect     -> contracts/market/UToken.sol:556
 written member    -> ('SV', 'contracts/market/UToken.sol', 'UToken.borrowIndex')
 potentially stale -> ('SV', 'contracts/market/UToken.sol', 'UToken.accountBorrows'), ('SV', 'contracts/market/UToken.sol', 'UToken.accrualBlockNumber'), ('SV', 'contracts/market/UToken.sol', 'UToken.maxBorrow'), ('SV', 'contracts/market/UToken.sol', 'UToken.originationFee')
 reader witnesses  -> 78
 storage exposures -> 1
[MV-SI candidate 0ea675078726328f3801] {accountBorrows, accrualBlockNumber, borrowIndex, maxBorrow, originationFee}
 writer root       -> contracts/market/UToken.sol::UToken.repayBorrowWithPermit(address,uint256,uint256,uint256,uint8,bytes32,bytes32)
 writer effect     -> contracts/market/UToken.sol:497
 written member    -> ('SV', 'contracts/market/UToken.sol', 'UToken.accountBorrows')
 potentially stale -> ('SV', 'contracts/market/UToken.sol', 'UToken.accrualBlockNumber'), ('SV', 'contracts/market/UToken.sol', 'UToken.borrowIndex'), ('SV', 'contracts/market/UToken.sol', 'UToken.maxBorrow'), ('SV', 'contracts/market/UToken.sol', 'UToken.originationFee')
 reader witnesses  -> 45
 storage exposures -> 1
[MV-SI candidate 104f4a3cf75e34a78d89] {totalFrozen, totalStaked}
 writer root       -> contracts/user/UserManager.sol::UserManager.batchUpdateTotalFrozen(address[],bool[])
 writer effect     -> contracts/user/UserManager.sol:778
 written member    -> ('SV', 'contracts/user/UserManager.sol', 'UserManager.totalFrozen')
 potentially stale -> ('SV', 'contracts/user/UserManager.sol', 'UserManager.totalStaked')
 reader witnesses  -> 18
 storage exposures -> 1
[MV-SI candidate 114187294143fff595dd] {initialExchangeRateMantissa, totalRedeemable}
 writer root       -> contracts/market/UToken.sol::UToken.redeemUnderlying(uint256)
 writer effect     -> contracts/market/UToken.sol:653
 written member    -> ('SV', 'contracts/market/UToken.sol', 'UToken.totalRedeemable')
 potentially stale -> ('SV', 'contracts/market/UToken.sol', 'UToken.initialExchangeRateMantissa')
 reader witnesses  -> 9
 storage exposures -> 1
[MV-SI candidate 131327c9fde36c880f13] {memberFrozen, totalFrozen}
 writer root       -> contracts/user/UserManager.sol::UserManager.batchUpdateTotalFrozen(address[],bool[])
 writer effect     -> contracts/user/UserManager.sol:778
 written member    -> ('SV', 'contracts/user/UserManager.sol', 'UserManager.totalFrozen')
 potentially stale -> ('SV', 'contracts/user/UserManager.sol', 'UserManager.memberFrozen')
 reader witnesses  -> 11
 storage exposures -> 1
[MV-SI candidate 136d46359a00db0e32ad] {_roles, uToken}
 writer root       -> @openzeppelin/contracts-upgradeable/access/AccessControlUpgradeable.sol::AccessControlUpgradeable.grantRole(bytes32,address)
 writer effect     -> @openzeppelin/contracts-upgradeable/access/AccessControlUpgradeable.sol:208
 written member    -> ('SV', '@openzeppelin/contracts-upgradeable/access/AccessControlUpgradeable.sol', 'AccessControlUpgradeable._roles')
 potentially stale -> ('SV', 'contracts/user/UserManager.sol', 'UserManager.uToken')
 reader witnesses  -> 6
 storage exposures -> 1
[MV-SI candidate 143d1dc22f59f1714ffb] {totalFrozen, totalStaked}
 writer root       -> contracts/user/UserManager.sol::UserManager.batchUpdateTotalFrozen(address[],bool[])
 writer effect     -> contracts/user/UserManager.sol:788
 written member    -> ('SV', 'contracts/user/UserManager.sol', 'UserManager.totalFrozen')
 potentially stale -> ('SV', 'contracts/user/UserManager.sol', 'UserManager.totalStaked')
 reader witnesses  -> 18
 storage exposures -> 1
[MV-SI candidate 14597be445c8c87a60c2] {accountBorrows, accrualBlockNumber, borrowIndex, maxBorrow, originationFee}
 writer root       -> contracts/market/UToken.sol::UToken.addReserves(uint256)
 writer effect     -> contracts/market/UToken.sol:556
 written member    -> ('SV', 'contracts/market/UToken.sol', 'UToken.borrowIndex')
 potentially stale -> ('SV', 'contracts/market/UToken.sol', 'UToken.accountBorrows'), ('SV', 'contracts/market/UToken.sol', 'UToken.accrualBlockNumber'), ('SV', 'contracts/market/UToken.sol', 'UToken.maxBorrow'), ('SV', 'contracts/market/UToken.sol', 'UToken.originationFee')
 reader witnesses  -> 78
 storage exposures -> 1
[MV-SI candidate 15cdf9f384f0ab35e5bb] {accountBorrows, accrualBlockNumber, borrowIndex, maxBorrow, originationFee}
 writer root       -> contracts/market/UToken.sol::UToken.redeemUnderlying(uint256)
 writer effect     -> contracts/market/UToken.sol:556
 written member    -> ('SV', 'contracts/market/UToken.sol', 'UToken.borrowIndex')
 potentially stale -> ('SV', 'contracts/market/UToken.sol', 'UToken.accountBorrows'), ('SV', 'contracts/market/UToken.sol', 'UToken.accrualBlockNumber'), ('SV', 'contracts/market/UToken.sol', 'UToken.maxBorrow'), ('SV', 'contracts/market/UToken.sol', 'UToken.originationFee')
 reader witnesses  -> 78
 storage exposures -> 1
[MV-SI candidate 169a88d8f9565a5a9437] {gInflationIndex, users}
 writer root       -> contracts/token/Comptroller.sol::Comptroller.__Comptroller_init(address,address)
 writer effect     -> contracts/token/Comptroller.sol:62
 written member    -> ('SV', 'contracts/token/Comptroller.sol', 'Comptroller.gInflationIndex')
 potentially stale -> ('SV', 'contracts/token/Comptroller.sol', 'Comptroller.users')
 reader witnesses  -> 4
 storage exposures -> 1
[MV-SI candidate 16ad29a28351c3b5bd7f] {balances, totalPrincipal}
 writer root       -> contracts/asset/AssetManager.sol::AssetManager.deposit(address,uint256)
 writer effect     -> contracts/asset/AssetManager.sol:177
 written member    -> ('SV', 'contracts/asset/AssetManager.sol', 'AssetManager.totalPrincipal')
 potentially stale -> ('SV', 'contracts/asset/AssetManager.sol', 'AssetManager.balances')
 reader witnesses  -> 5
 storage exposures -> 1
[MV-SI candidate 17033acacfeb919d124a] {accountBorrows, overdueBlocks}
 writer root       -> contracts/market/UToken.sol::UToken.borrow(uint256)
 writer effect     -> contracts/market/UToken.sol:426
 written member    -> ('SV', 'contracts/market/UToken.sol', 'UToken.accountBorrows')
 potentially stale -> ('SV', 'contracts/market/UToken.sol', 'UToken.overdueBlocks')
 reader witnesses  -> 30
 storage exposures -> 1
[MV-SI candidate 178b15ff76bcad37cd1e] {members, stakers}
 writer root       -> contracts/user/UserManager.sol::UserManager.cancelVouch(address,address)
 writer effect     -> contracts/user/UserManager.sol:513
 written member    -> ('SV', 'contracts/user/UserManager.sol', 'UserManager.members')
 potentially stale -> ('SV', 'contracts/user/UserManager.sol', 'UserManager.stakers')
 reader witnesses  -> 50
 storage exposures -> 1
[MV-SI candidate 1991a831f9e0920ea2f8] {_initialized, _initializing}
 writer root       -> contracts/asset/AssetManager.sol::AssetManager.__AssetManager_init(address)
 writer effect     -> @openzeppelin/contracts-upgradeable/proxy/utils/Initializable.sol:36
 written member    -> ('SV', '@openzeppelin/contracts-upgradeable/proxy/utils/Initializable.sol', 'Initializable._initializing')
 potentially stale -> ('SV', '@openzeppelin/contracts-upgradeable/proxy/utils/Initializable.sol', 'Initializable._initialized')
 reader witnesses  -> 1
 storage exposures -> 1
[MV-SI candidate 1d7ed27421cdc12de404] {accountBorrows, accrualBlockNumber, borrowIndex, maxBorrow, originationFee}
 writer root       -> contracts/market/UToken.sol::UToken.borrow(uint256)
 writer effect     -> contracts/market/UToken.sol:430
 written member    -> ('SV', 'contracts/market/UToken.sol', 'UToken.accountBorrows')
 potentially stale -> ('SV', 'contracts/market/UToken.sol', 'UToken.accrualBlockNumber'), ('SV', 'contracts/market/UToken.sol', 'UToken.borrowIndex'), ('SV', 'contracts/market/UToken.sol', 'UToken.maxBorrow'), ('SV', 'contracts/market/UToken.sol', 'UToken.originationFee')
 reader witnesses  -> 44
 storage exposures -> 1
[MV-SI candidate 1e29cacee86e5ba5ed35] {accountBorrows, accrualBlockNumber, borrowIndex, maxBorrow, originationFee}
 writer root       -> contracts/market/UToken.sol::UToken.repayBorrowWithPermit(address,uint256,uint256,uint256,uint8,bytes32,bytes32)
 writer effect     -> contracts/market/UToken.sol:511
 written member    -> ('SV', 'contracts/market/UToken.sol', 'UToken.accountBorrows')
 potentially stale -> ('SV', 'contracts/market/UToken.sol', 'UToken.accrualBlockNumber'), ('SV', 'contracts/market/UToken.sol', 'UToken.borrowIndex'), ('SV', 'contracts/market/UToken.sol', 'UToken.maxBorrow'), ('SV', 'contracts/market/UToken.sol', 'UToken.originationFee')
 reader witnesses  -> 42
 storage exposures -> 1
[MV-SI candidate 1e4178b6a82ae8fac9f9] {accountBorrows, accrualBlockNumber, borrowIndex, maxBorrow, originationFee}
 writer root       -> contracts/market/UToken.sol::UToken.redeem(uint256)
 writer effect     -> contracts/market/UToken.sol:555
 written member    -> ('SV', 'contracts/market/UToken.sol', 'UToken.accrualBlockNumber')
 potentially stale -> ('SV', 'contracts/market/UToken.sol', 'UToken.accountBorrows'), ('SV', 'contracts/market/UToken.sol', 'UToken.borrowIndex'), ('SV', 'contracts/market/UToken.sol', 'UToken.maxBorrow'), ('SV', 'contracts/market/UToken.sol', 'UToken.originationFee')
 reader witnesses  -> 79
 storage exposures -> 1
[MV-SI candidate 1ea6d8986fb441febf2f] {debtCeiling, totalBorrows}
 writer root       -> contracts/market/UToken.sol::UToken.addReserves(uint256)
 writer effect     -> contracts/market/UToken.sol:557
 written member    -> ('SV', 'contracts/market/UToken.sol', 'UToken.totalBorrows')
 potentially stale -> ('SV', 'contracts/market/UToken.sol', 'UToken.debtCeiling')
 reader witnesses  -> 6
 storage exposures -> 1
[MV-SI candidate 1f1cdee95a3e20b94e5d] {_initialized, _initializing}
 writer root       -> contracts/market/MarketRegistry.sol::MarketRegistry.__MarketRegistry_init()
 writer effect     -> @openzeppelin/contracts-upgradeable/proxy/utils/Initializable.sol:37
 written member    -> ('SV', '@openzeppelin/contracts-upgradeable/proxy/utils/Initializable.sol', 'Initializable._initialized')
 potentially stale -> ('SV', '@openzeppelin/contracts-upgradeable/proxy/utils/Initializable.sol', 'Initializable._initializing')
 reader witnesses  -> 2
 storage exposures -> 1
[MV-SI candidate 1f5cf5027918623499d2] {members, stakers}
 writer root       -> contracts/user/UserManager.sol::UserManager.cancelVouch(address,address)
 writer effect     -> contracts/user/UserManager.sol:477
 written member    -> ('SV', 'contracts/user/UserManager.sol', 'UserManager.members')
 potentially stale -> ('SV', 'contracts/user/UserManager.sol', 'UserManager.stakers')
 reader witnesses  -> 50
 storage exposures -> 1
[MV-SI candidate 1fb9efb318ad9bac0d77] {accountBorrows, accrualBlockNumber, borrowIndex}
 writer root       -> contracts/market/UToken.sol::UToken.exchangeRateCurrent()
 writer effect     -> contracts/market/UToken.sol:555
 written member    -> ('SV', 'contracts/market/UToken.sol', 'UToken.accrualBlockNumber')
 potentially stale -> ('SV', 'contracts/market/UToken.sol', 'UToken.accountBorrows'), ('SV', 'contracts/market/UToken.sol', 'UToken.borrowIndex')
 reader witnesses  -> 231
 storage exposures -> 1
[MV-SI candidate 20bac3ccb30a60eb4514] {debtCeiling, totalBorrows}
 writer root       -> contracts/market/UToken.sol::UToken.exchangeRateCurrent()
 writer effect     -> contracts/market/UToken.sol:557
 written member    -> ('SV', 'contracts/market/UToken.sol', 'UToken.totalBorrows')
 potentially stale -> ('SV', 'contracts/market/UToken.sol', 'UToken.debtCeiling')
 reader witnesses  -> 6
 storage exposures -> 1
[MV-SI candidate 20dde75cc0f4ab94d84c] {_initialized, _initializing}
 writer root       -> contracts/tests/CompoundMock.sol::CompoundMock.__CompoundMock_init(uint256,address)
 writer effect     -> @openzeppelin/contracts-upgradeable/proxy/utils/Initializable.sol:36
 written member    -> ('SV', '@openzeppelin/contracts-upgradeable/proxy/utils/Initializable.sol', 'Initializable._initializing')
 potentially stale -> ('SV', '@openzeppelin/contracts-upgradeable/proxy/utils/Initializable.sol', 'Initializable._initialized')
 reader witnesses  -> 1
 storage exposures -> 1
[MV-SI candidate 213192c2f624fae8de47] {accountBorrows, accrualBlockNumber, borrowIndex}
 writer root       -> contracts/market/UToken.sol::UToken.balanceOfUnderlying(address)
 writer effect     -> contracts/market/UToken.sol:555
 written member    -> ('SV', 'contracts/market/UToken.sol', 'UToken.accrualBlockNumber')
 potentially stale -> ('SV', 'contracts/market/UToken.sol', 'UToken.accountBorrows'), ('SV', 'contracts/market/UToken.sol', 'UToken.borrowIndex')
 reader witnesses  -> 231
 storage exposures -> 1
[MV-SI candidate 22602f6d3517f259af2d] {accountBorrows, borrowIndex}
 writer root       -> contracts/market/UToken.sol::UToken.balanceOfUnderlying(address)
 writer effect     -> contracts/market/UToken.sol:556
 written member    -> ('SV', 'contracts/market/UToken.sol', 'UToken.borrowIndex')
 potentially stale -> ('SV', 'contracts/market/UToken.sol', 'UToken.accountBorrows')
 reader witnesses  -> 171
 storage exposures -> 1
[MV-SI candidate 2517a593982b41186559] {accountBorrows, overdueBlocks}
 writer root       -> contracts/market/UToken.sol::UToken.repayBorrowBehalf(address,uint256)
 writer effect     -> contracts/market/UToken.sol:492
 written member    -> ('SV', 'contracts/market/UToken.sol', 'UToken.accountBorrows')
 potentially stale -> ('SV', 'contracts/market/UToken.sol', 'UToken.overdueBlocks')
 reader witnesses  -> 30
 storage exposures -> 1
[MV-SI candidate 2588db396f4de3628784] {members, stakers}
 writer root       -> contracts/user/UserManager.sol::UserManager.cancelVouch(address,address)
 writer effect     -> contracts/user/UserManager.sol:512
 written member    -> ('SV', 'contracts/user/UserManager.sol', 'UserManager.members')
 potentially stale -> ('SV', 'contracts/user/UserManager.sol', 'UserManager.stakers')
 reader witnesses  -> 50
 storage exposures -> 1
[MV-SI candidate 25ceda51b13cf48164df] {accountBorrows, accrualBlockNumber, borrowIndex}
 writer root       -> contracts/market/UToken.sol::UToken.__UToken_init(IUErc20,address,uint256,uint256,uint256,uint256,uint256,uint256,uint256,address)
 writer effect     -> contracts/market/UToken.sol:134
 written member    -> ('SV', 'contracts/market/UToken.sol', 'UToken.borrowIndex')
 potentially stale -> ('SV', 'contracts/market/UToken.sol', 'UToken.accountBorrows'), ('SV', 'contracts/market/UToken.sol', 'UToken.accrualBlockNumber')
 reader witnesses  -> 228
 storage exposures -> 1
[MV-SI candidate 26585f22f74cda2b4bb1] {_initialized, _initializing}
 writer root       -> contracts/user/UserManager.sol::UserManager.__UserManager_init(address,address,address,address,address,address)
 writer effect     -> @openzeppelin/contracts-upgradeable/proxy/utils/Initializable.sol:43
 written member    -> ('SV', '@openzeppelin/contracts-upgradeable/proxy/utils/Initializable.sol', 'Initializable._initializing')
 potentially stale -> ('SV', '@openzeppelin/contracts-upgradeable/proxy/utils/Initializable.sol', 'Initializable._initialized')
 reader witnesses  -> 1
 storage exposures -> 1
[MV-SI candidate 269800a8fbfe7f57d2ee] {_initialized, _initializing}
 writer root       -> contracts/market/UToken.sol::UToken.__UToken_init(IUErc20,address,uint256,uint256,uint256,uint256,uint256,uint256,uint256,address)
 writer effect     -> @openzeppelin/contracts-upgradeable/proxy/utils/Initializable.sol:36
 written member    -> ('SV', '@openzeppelin/contracts-upgradeable/proxy/utils/Initializable.sol', 'Initializable._initializing')
 potentially stale -> ('SV', '@openzeppelin/contracts-upgradeable/proxy/utils/Initializable.sol', 'Initializable._initialized')
 reader witnesses  -> 1
 storage exposures -> 1
[MV-SI candidate 26a7ecc6c6c0ba709439] {memberFrozen, totalFrozen}
 writer root       -> contracts/user/UserManager.sol::UserManager.batchUpdateTotalFrozen(address[],bool[])
 writer effect     -> contracts/user/UserManager.sol:775
 written member    -> ('SV', 'contracts/user/UserManager.sol', 'UserManager.totalFrozen')
 potentially stale -> ('SV', 'contracts/user/UserManager.sol', 'UserManager.memberFrozen')
 reader witnesses  -> 14
 storage exposures -> 1
[MV-SI candidate 28b8bd222c7a92c01c10] {accountBorrows, overdueBlocks}
 writer root       -> contracts/market/UToken.sol::UToken.repayBorrowBehalf(address,uint256)
 writer effect     -> contracts/market/UToken.sol:504
 written member    -> ('SV', 'contracts/market/UToken.sol', 'UToken.accountBorrows')
 potentially stale -> ('SV', 'contracts/market/UToken.sol', 'UToken.overdueBlocks')
 reader witnesses  -> 30
 storage exposures -> 1
[MV-SI candidate 297c150cb6acb729bce4] {accountBorrows, accrualBlockNumber, borrowIndex, maxBorrow, originationFee}
 writer root       -> contracts/market/UToken.sol::UToken.exchangeRateCurrent()
 writer effect     -> contracts/market/UToken.sol:555
 written member    -> ('SV', 'contracts/market/UToken.sol', 'UToken.accrualBlockNumber')
 potentially stale -> ('SV', 'contracts/market/UToken.sol', 'UToken.accountBorrows'), ('SV', 'contracts/market/UToken.sol', 'UToken.borrowIndex'), ('SV', 'contracts/market/UToken.sol', 'UToken.maxBorrow'), ('SV', 'contracts/market/UToken.sol', 'UToken.originationFee')
 reader witnesses  -> 79
 storage exposures -> 1
[MV-SI candidate 2a821d459df62b6165fa] {accountBorrows, overdueBlocks}
 writer root       -> contracts/market/UToken.sol::UToken.repayBorrow(uint256)
 writer effect     -> contracts/market/UToken.sol:493
 written member    -> ('SV', 'contracts/market/UToken.sol', 'UToken.accountBorrows')
 potentially stale -> ('SV', 'contracts/market/UToken.sol', 'UToken.overdueBlocks')
 reader witnesses  -> 30
 storage exposures -> 1
[MV-SI candidate 2deda866c875870ff408] {totalFrozen, totalStaked}
 writer root       -> contracts/user/UserManager.sol::UserManager.unstake(uint256)
 writer effect     -> contracts/user/UserManager.sol:665
 written member    -> ('SV', 'contracts/user/UserManager.sol', 'UserManager.totalStaked')
 potentially stale -> ('SV', 'contracts/user/UserManager.sol', 'UserManager.totalFrozen')
 reader witnesses  -> 36
 storage exposures -> 1
[MV-SI candidate 30d627ee09e4c24bedfc] {accountBorrows, accrualBlockNumber, borrowIndex, maxBorrow, originationFee}
 writer root       -> contracts/market/UToken.sol::UToken.repayBorrow(uint256)
 writer effect     -> contracts/market/UToken.sol:497
 written member    -> ('SV', 'contracts/market/UToken.sol', 'UToken.accountBorrows')
 potentially stale -> ('SV', 'contracts/market/UToken.sol', 'UToken.accrualBlockNumber'), ('SV', 'contracts/market/UToken.sol', 'UToken.borrowIndex'), ('SV', 'contracts/market/UToken.sol', 'UToken.maxBorrow'), ('SV', 'contracts/market/UToken.sol', 'UToken.originationFee')
 reader witnesses  -> 45
 storage exposures -> 1
[MV-SI candidate 310650a1f270efd80cdd] {accountBorrows, accrualBlockNumber, borrowIndex, maxBorrow, originationFee}
 writer root       -> contracts/market/UToken.sol::UToken.__UToken_init(IUErc20,address,uint256,uint256,uint256,uint256,uint256,uint256,uint256,address)
 writer effect     -> contracts/market/UToken.sol:133
 written member    -> ('SV', 'contracts/market/UToken.sol', 'UToken.accrualBlockNumber')
 potentially stale -> ('SV', 'contracts/market/UToken.sol', 'UToken.accountBorrows'), ('SV', 'contracts/market/UToken.sol', 'UToken.borrowIndex'), ('SV', 'contracts/market/UToken.sol', 'UToken.maxBorrow'), ('SV', 'contracts/market/UToken.sol', 'UToken.originationFee')
 reader witnesses  -> 79
 storage exposures -> 1
[MV-SI candidate 32cf795c2622efa5eed5] {members, stakers}
 writer root       -> contracts/user/UserManager.sol::UserManager.cancelVouch(address,address)
 writer effect     -> contracts/user/UserManager.sol:487
 written member    -> ('SV', 'contracts/user/UserManager.sol', 'UserManager.members')
 potentially stale -> ('SV', 'contracts/user/UserManager.sol', 'UserManager.stakers')
 reader witnesses  -> 50
 storage exposures -> 1
[MV-SI candidate 33b582c3c8e744cc05ab] {debtCeiling, totalBorrows}
 writer root       -> contracts/market/UToken.sol::UToken.borrow(uint256)
 writer effect     -> contracts/market/UToken.sol:431
 written member    -> ('SV', 'contracts/market/UToken.sol', 'UToken.totalBorrows')
 potentially stale -> ('SV', 'contracts/market/UToken.sol', 'UToken.debtCeiling')
 reader witnesses  -> 6
 storage exposures -> 1
[MV-SI candidate 34b264247d5570651bbf] {_initialized, _initializing}
 writer root       -> contracts/asset/PureTokenAdapter.sol::PureTokenAdapter.__PureTokenAdapter_init(address)
 writer effect     -> @openzeppelin/contracts-upgradeable/proxy/utils/Initializable.sol:36
 written member    -> ('SV', '@openzeppelin/contracts-upgradeable/proxy/utils/Initializable.sol', 'Initializable._initializing')
 potentially stale -> ('SV', '@openzeppelin/contracts-upgradeable/proxy/utils/Initializable.sol', 'Initializable._initialized')
 reader witnesses  -> 1
 storage exposures -> 1
[MV-SI candidate 372620fe08f77aa53a9e] {accountBorrows, accrualBlockNumber, borrowIndex}
 writer root       -> contracts/market/UToken.sol::UToken.redeemUnderlying(uint256)
 writer effect     -> contracts/market/UToken.sol:556
 written member    -> ('SV', 'contracts/market/UToken.sol', 'UToken.borrowIndex')
 potentially stale -> ('SV', 'contracts/market/UToken.sol', 'UToken.accountBorrows'), ('SV', 'contracts/market/UToken.sol', 'UToken.accrualBlockNumber')
 reader witnesses  -> 228
 storage exposures -> 1
[MV-SI candidate 372bad3bf8b5ca0085c6] {_initialized, _initializing}
 writer root       -> contracts/tests/CompoundMock.sol::CompoundMock.__CompoundMock_init(uint256,address)
 writer effect     -> @openzeppelin/contracts-upgradeable/proxy/utils/Initializable.sol:37
 written member    -> ('SV', '@openzeppelin/contracts-upgradeable/proxy/utils/Initializable.sol', 'Initializable._initialized')
 potentially stale -> ('SV', '@openzeppelin/contracts-upgradeable/proxy/utils/Initializable.sol', 'Initializable._initializing')
 reader witnesses  -> 2
 storage exposures -> 1
[MV-SI candidate 37a7b62c7c83c06cb24b] {_initialized, _initializing}
 writer root       -> contracts/tests/AaveMock.sol::AaveMock.__AaveMock_init(uint128,address)
 writer effect     -> @openzeppelin/contracts-upgradeable/proxy/utils/Initializable.sol:37
 written member    -> ('SV', '@openzeppelin/contracts-upgradeable/proxy/utils/Initializable.sol', 'Initializable._initialized')
 potentially stale -> ('SV', '@openzeppelin/contracts-upgradeable/proxy/utils/Initializable.sol', 'Initializable._initializing')
 reader witnesses  -> 2
 storage exposures -> 1
[MV-SI candidate 3c116872652ce4c9854b] {accountBorrows, accrualBlockNumber, borrowIndex}
 writer root       -> contracts/market/UToken.sol::UToken.accrueInterest()
 writer effect     -> contracts/market/UToken.sol:556
 written member    -> ('SV', 'contracts/market/UToken.sol', 'UToken.borrowIndex')
 potentially stale -> ('SV', 'contracts/market/UToken.sol', 'UToken.accountBorrows'), ('SV', 'contracts/market/UToken.sol', 'UToken.accrualBlockNumber')
 reader witnesses  -> 228
 storage exposures -> 1
[MV-SI candidate 3c3c111ec588c603050c] {accountBorrows, borrowIndex}
 writer root       -> contracts/market/UToken.sol::UToken.exchangeRateCurrent()
 writer effect     -> contracts/market/UToken.sol:556
 written member    -> ('SV', 'contracts/market/UToken.sol', 'UToken.borrowIndex')
 potentially stale -> ('SV', 'contracts/market/UToken.sol', 'UToken.accountBorrows')
 reader witnesses  -> 171
 storage exposures -> 1
[MV-SI candidate 3c3edc6b3c0e3beab2c5] {_initialized, _initializing}
 writer root       -> contracts/tests/AssetManagerMock.sol::AssetManagerMock.__AssetManager_init()
 writer effect     -> @openzeppelin/contracts-upgradeable/proxy/utils/Initializable.sol:37
 written member    -> ('SV', '@openzeppelin/contracts-upgradeable/proxy/utils/Initializable.sol', 'Initializable._initialized')
 potentially stale -> ('SV', '@openzeppelin/contracts-upgradeable/proxy/utils/Initializable.sol', 'Initializable._initializing')
 reader witnesses  -> 2
 storage exposures -> 1
[MV-SI candidate 3cd23df33badca244da8] {_initialized, _initializing}
 writer root       -> contracts/asset/AaveAdapter.sol::AaveAdapter.__AaveAdapter_init(address,LendingPool)
 writer effect     -> @openzeppelin/contracts-upgradeable/proxy/utils/Initializable.sol:36
 written member    -> ('SV', '@openzeppelin/contracts-upgradeable/proxy/utils/Initializable.sol', 'Initializable._initializing')
 potentially stale -> ('SV', '@openzeppelin/contracts-upgradeable/proxy/utils/Initializable.sol', 'Initializable._initialized')
 reader witnesses  -> 1
 storage exposures -> 1
[MV-SI candidate 3e016510acd17f2da74e] {debtCeiling, totalBorrows}
 writer root       -> contracts/market/UToken.sol::UToken.debtWriteOff(address,uint256)
 writer effect     -> contracts/market/UToken.sol:710
 written member    -> ('SV', 'contracts/market/UToken.sol', 'UToken.totalBorrows')
 potentially stale -> ('SV', 'contracts/market/UToken.sol', 'UToken.debtCeiling')
 reader witnesses  -> 6
 storage exposures -> 1
[MV-SI candidate 3e908dd6f14c0a60366d] {_initialized, _initializing}
 writer root       -> contracts/user/UserManager.sol::UserManager.__UserManager_init(address,address,address,address,address,address)
 writer effect     -> @openzeppelin/contracts-upgradeable/proxy/utils/Initializable.sol:36
 written member    -> ('SV', '@openzeppelin/contracts-upgradeable/proxy/utils/Initializable.sol', 'Initializable._initializing')
 potentially stale -> ('SV', '@openzeppelin/contracts-upgradeable/proxy/utils/Initializable.sol', 'Initializable._initialized')
 reader witnesses  -> 1
 storage exposures -> 1
[MV-SI candidate 3fed7e7afdd6a10baa2b] {accountBorrows, accrualBlockNumber, borrowIndex, maxBorrow, originationFee}
 writer root       -> contracts/market/UToken.sol::UToken.redeemUnderlying(uint256)
 writer effect     -> contracts/market/UToken.sol:555
 written member    -> ('SV', 'contracts/market/UToken.sol', 'UToken.accrualBlockNumber')
 potentially stale -> ('SV', 'contracts/market/UToken.sol', 'UToken.accountBorrows'), ('SV', 'contracts/market/UToken.sol', 'UToken.borrowIndex'), ('SV', 'contracts/market/UToken.sol', 'UToken.maxBorrow'), ('SV', 'contracts/market/UToken.sol', 'UToken.originationFee')
 reader witnesses  -> 79
 storage exposures -> 1
[MV-SI candidate 4152c8ed8402c2e1327b] {debtCeiling, totalBorrows}
 writer root       -> contracts/market/UToken.sol::UToken.repayBorrowWithPermit(address,uint256,uint256,uint256,uint8,bytes32,bytes32)
 writer effect     -> contracts/market/UToken.sol:557
 written member    -> ('SV', 'contracts/market/UToken.sol', 'UToken.totalBorrows')
 potentially stale -> ('SV', 'contracts/market/UToken.sol', 'UToken.debtCeiling')
 reader witnesses  -> 6
 storage exposures -> 1
[MV-SI candidate 437b1174a5fd56121399] {accountBorrows, accrualBlockNumber, borrowIndex, maxBorrow, originationFee}
 writer root       -> contracts/market/UToken.sol::UToken.repayBorrow(uint256)
 writer effect     -> contracts/market/UToken.sol:504
 written member    -> ('SV', 'contracts/market/UToken.sol', 'UToken.accountBorrows')
 potentially stale -> ('SV', 'contracts/market/UToken.sol', 'UToken.accrualBlockNumber'), ('SV', 'contracts/market/UToken.sol', 'UToken.borrowIndex'), ('SV', 'contracts/market/UToken.sol', 'UToken.maxBorrow'), ('SV', 'contracts/market/UToken.sol', 'UToken.originationFee')
 reader witnesses  -> 45
 storage exposures -> 1
[MV-SI candidate 44bd6efa3dfbb4bb14f6] {initialExchangeRateMantissa, totalRedeemable}
 writer root       -> contracts/market/UToken.sol::UToken.repayBorrowWithPermit(address,uint256,uint256,uint256,uint8,bytes32,bytes32)
 writer effect     -> contracts/market/UToken.sol:508
 written member    -> ('SV', 'contracts/market/UToken.sol', 'UToken.totalRedeemable')
 potentially stale -> ('SV', 'contracts/market/UToken.sol', 'UToken.initialExchangeRateMantissa')
 reader witnesses  -> 9
 storage exposures -> 1
[MV-SI candidate 44de99fa320b739b93e7] {_initialized, _initializing}
 writer root       -> contracts/market/UToken.sol::UToken.__UToken_init(IUErc20,address,uint256,uint256,uint256,uint256,uint256,uint256,uint256,address)
 writer effect     -> @openzeppelin/contracts-upgradeable/proxy/utils/Initializable.sol:37
 written member    -> ('SV', '@openzeppelin/contracts-upgradeable/proxy/utils/Initializable.sol', 'Initializable._initialized')
 potentially stale -> ('SV', '@openzeppelin/contracts-upgradeable/proxy/utils/Initializable.sol', 'Initializable._initializing')
 reader witnesses  -> 2
 storage exposures -> 1
[MV-SI candidate 454e7d0612402b0e7a2f] {accountBorrows, borrowIndex}
 writer root       -> contracts/market/UToken.sol::UToken.redeem(uint256)
 writer effect     -> contracts/market/UToken.sol:556
 written member    -> ('SV', 'contracts/market/UToken.sol', 'UToken.borrowIndex')
 potentially stale -> ('SV', 'contracts/market/UToken.sol', 'UToken.accountBorrows')
 reader witnesses  -> 171
 storage exposures -> 1
[MV-SI candidate 458fd3d48d4847c0a485] {accountBorrows, overdueBlocks}
 writer root       -> contracts/market/UToken.sol::UToken.repayBorrow(uint256)
 writer effect     -> contracts/market/UToken.sol:499
 written member    -> ('SV', 'contracts/market/UToken.sol', 'UToken.accountBorrows')
 potentially stale -> ('SV', 'contracts/market/UToken.sol', 'UToken.overdueBlocks')
 reader witnesses  -> 30
 storage exposures -> 1
[MV-SI candidate 4606038c922c71dd4f74] {_initialized, _initializing}
 writer root       -> contracts/tests/AaveMock.sol::AaveMock.__AaveMock_init(uint128,address)
 writer effect     -> @openzeppelin/contracts-upgradeable/proxy/utils/Initializable.sol:36
 written member    -> ('SV', '@openzeppelin/contracts-upgradeable/proxy/utils/Initializable.sol', 'Initializable._initializing')
 potentially stale -> ('SV', '@openzeppelin/contracts-upgradeable/proxy/utils/Initializable.sol', 'Initializable._initialized')
 reader witnesses  -> 1
 storage exposures -> 1
[MV-SI candidate 480ef50d15eea8908b7a] {accountBorrows, accrualBlockNumber, borrowIndex, maxBorrow, originationFee}
 writer root       -> contracts/market/UToken.sol::UToken.borrow(uint256)
 writer effect     -> contracts/market/UToken.sol:429
 written member    -> ('SV', 'contracts/market/UToken.sol', 'UToken.accountBorrows')
 potentially stale -> ('SV', 'contracts/market/UToken.sol', 'UToken.accrualBlockNumber'), ('SV', 'contracts/market/UToken.sol', 'UToken.borrowIndex'), ('SV', 'contracts/market/UToken.sol', 'UToken.maxBorrow'), ('SV', 'contracts/market/UToken.sol', 'UToken.originationFee')
 reader witnesses  -> 45
 storage exposures -> 1
[MV-SI candidate 4b2e3536bccf36258f3c] {members, stakers}
 writer root       -> contracts/user/UserManager.sol::UserManager.stake(uint256)
 writer effect     -> contracts/user/UserManager.sol:616
 written member    -> ('SV', 'contracts/user/UserManager.sol', 'UserManager.stakers')
 potentially stale -> ('SV', 'contracts/user/UserManager.sol', 'UserManager.members')
 reader witnesses  -> 245
 storage exposures -> 1
[MV-SI candidate 4c9d796745c60e9e46ac] {totalFrozen, totalStaked}
 writer root       -> contracts/user/UserManager.sol::UserManager.stake(uint256)
 writer effect     -> contracts/user/UserManager.sol:617
 written member    -> ('SV', 'contracts/user/UserManager.sol', 'UserManager.totalStaked')
 potentially stale -> ('SV', 'contracts/user/UserManager.sol', 'UserManager.totalFrozen')
 reader witnesses  -> 36
 storage exposures -> 1
[MV-SI candidate 4d16f3cd43fc1afeaaec] {_initialized, _initializing}
 writer root       -> contracts/tests/CompoundAdapterMock.sol::CompoundAdapterMock.__CompoundAdapterMock_init()
 writer effect     -> @openzeppelin/contracts-upgradeable/proxy/utils/Initializable.sol:36
 written member    -> ('SV', '@openzeppelin/contracts-upgradeable/proxy/utils/Initializable.sol', 'Initializable._initializing')
 potentially stale -> ('SV', '@openzeppelin/contracts-upgradeable/proxy/utils/Initializable.sol', 'Initializable._initialized')
 reader witnesses  -> 1
 storage exposures -> 1
[MV-SI candidate 4d1e7e922410faa4ed4c] {accountBorrows, accrualBlockNumber, borrowIndex, maxBorrow, originationFee}
 writer root       -> contracts/market/UToken.sol::UToken.repayBorrow(uint256)
 writer effect     -> contracts/market/UToken.sol:493
 written member    -> ('SV', 'contracts/market/UToken.sol', 'UToken.accountBorrows')
 potentially stale -> ('SV', 'contracts/market/UToken.sol', 'UToken.accrualBlockNumber'), ('SV', 'contracts/market/UToken.sol', 'UToken.borrowIndex'), ('SV', 'contracts/market/UToken.sol', 'UToken.maxBorrow'), ('SV', 'contracts/market/UToken.sol', 'UToken.originationFee')
 reader witnesses  -> 45
 storage exposures -> 1
[MV-SI candidate 4d3342b036b69fe0525a] {accountBorrows, overdueBlocks}
 writer root       -> contracts/market/UToken.sol::UToken.borrow(uint256)
 writer effect     -> contracts/market/UToken.sol:429
 written member    -> ('SV', 'contracts/market/UToken.sol', 'UToken.accountBorrows')
 potentially stale -> ('SV', 'contracts/market/UToken.sol', 'UToken.overdueBlocks')
 reader witnesses  -> 30
 storage exposures -> 1
[MV-SI candidate 4dca8863df2a33cb63ec] {debtCeiling, totalBorrows}
 writer root       -> contracts/market/UToken.sol::UToken.setDebtCeiling(uint256)
 writer effect     -> contracts/market/UToken.sol:160
 written member    -> ('SV', 'contracts/market/UToken.sol', 'UToken.debtCeiling')
 potentially stale -> ('SV', 'contracts/market/UToken.sol', 'UToken.totalBorrows')
 reader witnesses  -> 93
 storage exposures -> 1
[MV-SI candidate 4eaa38a4f1c6194b4716] {accountBorrows, overdueBlocks}
 writer root       -> contracts/market/UToken.sol::UToken.borrow(uint256)
 writer effect     -> contracts/market/UToken.sol:430
 written member    -> ('SV', 'contracts/market/UToken.sol', 'UToken.accountBorrows')
 potentially stale -> ('SV', 'contracts/market/UToken.sol', 'UToken.overdueBlocks')
 reader witnesses  -> 30
 storage exposures -> 1
[MV-SI candidate 50c78767446da104a83a] {accountBorrows, overdueBlocks}
 writer root       -> contracts/market/UToken.sol::UToken.repayBorrowBehalf(address,uint256)
 writer effect     -> contracts/market/UToken.sol:499
 written member    -> ('SV', 'contracts/market/UToken.sol', 'UToken.accountBorrows')
 potentially stale -> ('SV', 'contracts/market/UToken.sol', 'UToken.overdueBlocks')
 reader witnesses  -> 30
 storage exposures -> 1
[MV-SI candidate 510fb9b9bcb2375ff5be] {accountBorrows, overdueBlocks}
 writer root       -> contracts/market/UToken.sol::UToken.repayBorrowWithPermit(address,uint256,uint256,uint256,uint8,bytes32,bytes32)
 writer effect     -> contracts/market/UToken.sol:497
 written member    -> ('SV', 'contracts/market/UToken.sol', 'UToken.accountBorrows')
 potentially stale -> ('SV', 'contracts/market/UToken.sol', 'UToken.overdueBlocks')
 reader witnesses  -> 30
 storage exposures -> 1
[MV-SI candidate 51354039755b97e253b5] {accountBorrows, accrualBlockNumber, borrowIndex, maxBorrow, originationFee}
 writer root       -> contracts/market/UToken.sol::UToken.repayBorrowWithPermit(address,uint256,uint256,uint256,uint8,bytes32,bytes32)
 writer effect     -> contracts/market/UToken.sol:499
 written member    -> ('SV', 'contracts/market/UToken.sol', 'UToken.accountBorrows')
 potentially stale -> ('SV', 'contracts/market/UToken.sol', 'UToken.accrualBlockNumber'), ('SV', 'contracts/market/UToken.sol', 'UToken.borrowIndex'), ('SV', 'contracts/market/UToken.sol', 'UToken.maxBorrow'), ('SV', 'contracts/market/UToken.sol', 'UToken.originationFee')
 reader witnesses  -> 45
 storage exposures -> 1
[MV-SI candidate 521b40bce4d20f629f83] {debtCeiling, totalBorrows}
 writer root       -> contracts/market/UToken.sol::UToken.borrow(uint256)
 writer effect     -> contracts/market/UToken.sol:557
 written member    -> ('SV', 'contracts/market/UToken.sol', 'UToken.totalBorrows')
 potentially stale -> ('SV', 'contracts/market/UToken.sol', 'UToken.debtCeiling')
 reader witnesses  -> 6
 storage exposures -> 1
[MV-SI candidate 52559abd556aa5f34f02] {members, stakers}
 writer root       -> contracts/user/UserManager.sol::UserManager.registerMemberWithPermit(address,uint256,uint256,uint8,bytes32,bytes32)
 writer effect     -> contracts/user/UserManager.sol:541
 written member    -> ('SV', 'contracts/user/UserManager.sol', 'UserManager.members')
 potentially stale -> ('SV', 'contracts/user/UserManager.sol', 'UserManager.stakers')
 reader witnesses  -> 50
 storage exposures -> 1
[MV-SI candidate 52c54b43f53cc4686fc7] {_initialized, _initializing}
 writer root       -> contracts/user/UserManager.sol::UserManager.__UserManager_init(address,address,address,address,address,address)
 writer effect     -> @openzeppelin/contracts-upgradeable/proxy/utils/Initializable.sol:37
 written member    -> ('SV', '@openzeppelin/contracts-upgradeable/proxy/utils/Initializable.sol', 'Initializable._initialized')
 potentially stale -> ('SV', '@openzeppelin/contracts-upgradeable/proxy/utils/Initializable.sol', 'Initializable._initializing')
 reader witnesses  -> 2
 storage exposures -> 1
[MV-SI candidate 55af12c15216a34ddbad] {gInflationIndex, users}
 writer root       -> contracts/token/Comptroller.sol::Comptroller.addFrozenCoinAge(address,address,uint256,uint256)
 writer effect     -> contracts/token/Comptroller.sol:220
 written member    -> ('SV', 'contracts/token/Comptroller.sol', 'Comptroller.users')
 potentially stale -> ('SV', 'contracts/token/Comptroller.sol', 'Comptroller.gInflationIndex')
 reader witnesses  -> 3
 storage exposures -> 1
[MV-SI candidate 55ba00beb3a0d234a14a] {accountBorrows, overdueBlocks}
 writer root       -> contracts/market/UToken.sol::UToken.repayBorrowWithPermit(address,uint256,uint256,uint256,uint8,bytes32,bytes32)
 writer effect     -> contracts/market/UToken.sol:504
 written member    -> ('SV', 'contracts/market/UToken.sol', 'UToken.accountBorrows')
 potentially stale -> ('SV', 'contracts/market/UToken.sol', 'UToken.overdueBlocks')
 reader witnesses  -> 30
 storage exposures -> 1
[MV-SI candidate 55f3a64174b2066e6c8a] {balances, totalPrincipal}
 writer root       -> contracts/asset/AssetManager.sol::AssetManager.withdraw(address,address,uint256)
 writer effect     -> contracts/asset/AssetManager.sol:264
 written member    -> ('SV', 'contracts/asset/AssetManager.sol', 'AssetManager.balances')
 potentially stale -> ('SV', 'contracts/asset/AssetManager.sol', 'AssetManager.totalPrincipal')
 reader witnesses  -> 5
 storage exposures -> 1
[MV-SI candidate 5675ffc9ed5712a1b325] {accountBorrows, overdueBlocks}
 writer root       -> contracts/market/UToken.sol::UToken.repayBorrowWithPermit(address,uint256,uint256,uint256,uint8,bytes32,bytes32)
 writer effect     -> contracts/market/UToken.sol:511
 written member    -> ('SV', 'contracts/market/UToken.sol', 'UToken.accountBorrows')
 potentially stale -> ('SV', 'contracts/market/UToken.sol', 'UToken.overdueBlocks')
 reader witnesses  -> 30
 storage exposures -> 1
[MV-SI candidate 5912f879c46281297d86] {totalFrozen, totalStaked}
 writer root       -> contracts/user/UserManager.sol::UserManager.stakeWithPermit(uint256,uint256,uint256,uint8,bytes32,bytes32)
 writer effect     -> contracts/user/UserManager.sol:617
 written member    -> ('SV', 'contracts/user/UserManager.sol', 'UserManager.totalStaked')
 potentially stale -> ('SV', 'contracts/user/UserManager.sol', 'UserManager.totalFrozen')
 reader witnesses  -> 36
 storage exposures -> 1
[MV-SI candidate 59831bdea32b790b3df2] {memberFrozen, totalFrozen}
 writer root       -> contracts/user/UserManager.sol::UserManager.batchUpdateTotalFrozen(address[],bool[])
 writer effect     -> contracts/user/UserManager.sol:781
 written member    -> ('SV', 'contracts/user/UserManager.sol', 'UserManager.memberFrozen')
 potentially stale -> ('SV', 'contracts/user/UserManager.sol', 'UserManager.totalFrozen')
 reader witnesses  -> 18
 storage exposures -> 1
[MV-SI candidate 5a82215d8f65d5f1a76d] {tokens, uTokenList}
 writer root       -> contracts/market/MarketRegistry.sol::MarketRegistry.addUserManager(address,address)
 writer effect     -> contracts/market/MarketRegistry.sol:61
 written member    -> ('SV', 'contracts/market/MarketRegistry.sol', 'MarketRegistry.tokens')
 potentially stale -> ('SV', 'contracts/market/MarketRegistry.sol', 'MarketRegistry.uTokenList')
 reader witnesses  -> 5
 storage exposures -> 1
[MV-SI candidate 5b73acdc25772eea2e5d] {accountBorrows, borrowIndex}
 writer root       -> contracts/market/UToken.sol::UToken.redeemUnderlying(uint256)
 writer effect     -> contracts/market/UToken.sol:556
 written member    -> ('SV', 'contracts/market/UToken.sol', 'UToken.borrowIndex')
 potentially stale -> ('SV', 'contracts/market/UToken.sol', 'UToken.accountBorrows')
 reader witnesses  -> 171
 storage exposures -> 1
[MV-SI candidate 5bec14719b70e66c40d4] {debtCeiling, totalBorrows}
 writer root       -> contracts/market/UToken.sol::UToken.repayBorrowBehalf(address,uint256)
 writer effect     -> contracts/market/UToken.sol:512
 written member    -> ('SV', 'contracts/market/UToken.sol', 'UToken.totalBorrows')
 potentially stale -> ('SV', 'contracts/market/UToken.sol', 'UToken.debtCeiling')
 reader witnesses  -> 6
 storage exposures -> 1
[MV-SI candidate 5bed420e9723270b9ba0] {accountBorrows, accrualBlockNumber, borrowIndex, maxBorrow, originationFee}
 writer root       -> contracts/market/UToken.sol::UToken.borrow(uint256)
 writer effect     -> contracts/market/UToken.sol:419
 written member    -> ('SV', 'contracts/market/UToken.sol', 'UToken.accountBorrows')
 potentially stale -> ('SV', 'contracts/market/UToken.sol', 'UToken.accrualBlockNumber'), ('SV', 'contracts/market/UToken.sol', 'UToken.borrowIndex'), ('SV', 'contracts/market/UToken.sol', 'UToken.maxBorrow'), ('SV', 'contracts/market/UToken.sol', 'UToken.originationFee')
 reader witnesses  -> 45
 storage exposures -> 1
[MV-SI candidate 5ee91f09e71a32b77368] {_roles, uToken}
 writer root       -> contracts/Controller.sol::Controller.renounceAdmin()
 writer effect     -> @openzeppelin/contracts-upgradeable/access/AccessControlUpgradeable.sol:215
 written member    -> ('SV', '@openzeppelin/contracts-upgradeable/access/AccessControlUpgradeable.sol', 'AccessControlUpgradeable._roles')
 potentially stale -> ('SV', 'contracts/user/UserManager.sol', 'UserManager.uToken')
 reader witnesses  -> 6
 storage exposures -> 1
[MV-SI candidate 60b7915541aec5de8b41] {tokens, uTokenList}
 writer root       -> contracts/tests/MarketRegistryMock.sol::MarketRegistryMock.addUserManager(address,address)
 writer effect     -> contracts/tests/MarketRegistryMock.sol:25
 written member    -> ('SV', 'contracts/tests/MarketRegistryMock.sol', 'MarketRegistryMock.tokens')
 potentially stale -> ('SV', 'contracts/tests/MarketRegistryMock.sol', 'MarketRegistryMock.uTokenList')
 reader witnesses  -> 5
 storage exposures -> 1
[MV-SI candidate 6176a3b1c3e5cee1b93b] {_initialized, _initializing}
 writer root       -> contracts/tests/MarketRegistryMock.sol::MarketRegistryMock.__MarketRegistryMock_init()
 writer effect     -> @openzeppelin/contracts-upgradeable/proxy/utils/Initializable.sol:36
 written member    -> ('SV', '@openzeppelin/contracts-upgradeable/proxy/utils/Initializable.sol', 'Initializable._initializing')
 potentially stale -> ('SV', '@openzeppelin/contracts-upgradeable/proxy/utils/Initializable.sol', 'Initializable._initialized')
 reader witnesses  -> 1
 storage exposures -> 1
[MV-SI candidate 6249e173dd5b3ca7ff25] {totalFrozen, totalStaked}
 writer root       -> contracts/user/UserManager.sol::UserManager.updateTotalFrozen(address,bool)
 writer effect     -> contracts/user/UserManager.sol:778
 written member    -> ('SV', 'contracts/user/UserManager.sol', 'UserManager.totalFrozen')
 potentially stale -> ('SV', 'contracts/user/UserManager.sol', 'UserManager.totalStaked')
 reader witnesses  -> 18
 storage exposures -> 1
[MV-SI candidate 6288e2c9e1ff6505c541] {accountBorrows, overdueBlocks}
 writer root       -> contracts/market/UToken.sol::UToken.setOverdueBlocks(uint256)
 writer effect     -> contracts/market/UToken.sol:187
 written member    -> ('SV', 'contracts/market/UToken.sol', 'UToken.overdueBlocks')
 potentially stale -> ('SV', 'contracts/market/UToken.sol', 'UToken.accountBorrows')
 reader witnesses  -> 285
 storage exposures -> 1
[MV-SI candidate 64425dfb07d93a3491c0] {_initialized, _initializing}
 writer root       -> contracts/tests/AssetManagerMock.sol::AssetManagerMock.__AssetManager_init()
 writer effect     -> @openzeppelin/contracts-upgradeable/proxy/utils/Initializable.sol:43
 written member    -> ('SV', '@openzeppelin/contracts-upgradeable/proxy/utils/Initializable.sol', 'Initializable._initializing')
 potentially stale -> ('SV', '@openzeppelin/contracts-upgradeable/proxy/utils/Initializable.sol', 'Initializable._initialized')
 reader witnesses  -> 1
 storage exposures -> 1
[MV-SI candidate 65631d894d9ee5f1ac43] {members, stakers}
 writer root       -> contracts/user/UserManager.sol::UserManager.unstake(uint256)
 writer effect     -> contracts/user/UserManager.sol:664
 written member    -> ('SV', 'contracts/user/UserManager.sol', 'UserManager.stakers')
 potentially stale -> ('SV', 'contracts/user/UserManager.sol', 'UserManager.members')
 reader witnesses  -> 245
 storage exposures -> 1
[MV-SI candidate 6586ea0a98b488ea31bd] {accountBorrows, accrualBlockNumber, borrowIndex}
 writer root       -> contracts/market/UToken.sol::UToken.addReserves(uint256)
 writer effect     -> contracts/market/UToken.sol:555
 written member    -> ('SV', 'contracts/market/UToken.sol', 'UToken.accrualBlockNumber')
 potentially stale -> ('SV', 'contracts/market/UToken.sol', 'UToken.accountBorrows'), ('SV', 'contracts/market/UToken.sol', 'UToken.borrowIndex')
 reader witnesses  -> 231
 storage exposures -> 1
[MV-SI candidate 66047e495556d795cc04] {accountBorrows, accrualBlockNumber, borrowIndex}
 writer root       -> contracts/market/UToken.sol::UToken.balanceOfUnderlying(address)
 writer effect     -> contracts/market/UToken.sol:556
 written member    -> ('SV', 'contracts/market/UToken.sol', 'UToken.borrowIndex')
 potentially stale -> ('SV', 'contracts/market/UToken.sol', 'UToken.accountBorrows'), ('SV', 'contracts/market/UToken.sol', 'UToken.accrualBlockNumber')
 reader witnesses  -> 228
 storage exposures -> 1
[MV-SI candidate 67a2ebe4f9c96d5581b2] {_roles, uToken}
 writer root       -> contracts/Controller.sol::Controller.addAdmin(address)
 writer effect     -> @openzeppelin/contracts-upgradeable/access/AccessControlUpgradeable.sol:208
 written member    -> ('SV', '@openzeppelin/contracts-upgradeable/access/AccessControlUpgradeable.sol', 'AccessControlUpgradeable._roles')
 potentially stale -> ('SV', 'contracts/user/UserManager.sol', 'UserManager.uToken')
 reader witnesses  -> 6
 storage exposures -> 1
[MV-SI candidate 67a518b71c6ad7ec2b27] {debtCeiling, totalBorrows}
 writer root       -> contracts/market/UToken.sol::UToken.__UToken_init(IUErc20,address,uint256,uint256,uint256,uint256,uint256,uint256,uint256,address)
 writer effect     -> contracts/market/UToken.sol:127
 written member    -> ('SV', 'contracts/market/UToken.sol', 'UToken.debtCeiling')
 potentially stale -> ('SV', 'contracts/market/UToken.sol', 'UToken.totalBorrows')
 reader witnesses  -> 93
 storage exposures -> 1
[MV-SI candidate 685c5653a5b64b8bc403] {accountBorrows, accrualBlockNumber, borrowIndex}
 writer root       -> contracts/market/UToken.sol::UToken.addReserves(uint256)
 writer effect     -> contracts/market/UToken.sol:556
 written member    -> ('SV', 'contracts/market/UToken.sol', 'UToken.borrowIndex')
 potentially stale -> ('SV', 'contracts/market/UToken.sol', 'UToken.accountBorrows'), ('SV', 'contracts/market/UToken.sol', 'UToken.accrualBlockNumber')
 reader witnesses  -> 228
 storage exposures -> 1
[MV-SI candidate 6a7fffbe8ba598bff03c] {_initialized, _initializing}
 writer root       -> contracts/tests/CompoundAdapterMock.sol::CompoundAdapterMock.__CompoundAdapterMock_init()
 writer effect     -> @openzeppelin/contracts-upgradeable/proxy/utils/Initializable.sol:43
 written member    -> ('SV', '@openzeppelin/contracts-upgradeable/proxy/utils/Initializable.sol', 'Initializable._initializing')
 potentially stale -> ('SV', '@openzeppelin/contracts-upgradeable/proxy/utils/Initializable.sol', 'Initializable._initialized')
 reader witnesses  -> 1
 storage exposures -> 1
[MV-SI candidate 6b100837911cbe698bba] {debtCeiling, totalBorrows}
 writer root       -> contracts/market/UToken.sol::UToken.repayBorrow(uint256)
 writer effect     -> contracts/market/UToken.sol:557
 written member    -> ('SV', 'contracts/market/UToken.sol', 'UToken.totalBorrows')
 potentially stale -> ('SV', 'contracts/market/UToken.sol', 'UToken.debtCeiling')
 reader witnesses  -> 6
 storage exposures -> 1
[MV-SI candidate 6cca8c86fb35e020ab3e] {_initialized, _initializing}
 writer root       -> contracts/tests/MarketRegistryMock.sol::MarketRegistryMock.__MarketRegistryMock_init()
 writer effect     -> @openzeppelin/contracts-upgradeable/proxy/utils/Initializable.sol:37
 written member    -> ('SV', '@openzeppelin/contracts-upgradeable/proxy/utils/Initializable.sol', 'Initializable._initialized')
 potentially stale -> ('SV', '@openzeppelin/contracts-upgradeable/proxy/utils/Initializable.sol', 'Initializable._initializing')
 reader witnesses  -> 2
 storage exposures -> 1
[MV-SI candidate 6cf0563161d87b7a292f] {accountBorrows, borrowIndex}
 writer root       -> contracts/market/UToken.sol::UToken.__UToken_init(IUErc20,address,uint256,uint256,uint256,uint256,uint256,uint256,uint256,address)
 writer effect     -> contracts/market/UToken.sol:134
 written member    -> ('SV', 'contracts/market/UToken.sol', 'UToken.borrowIndex')
 potentially stale -> ('SV', 'contracts/market/UToken.sol', 'UToken.accountBorrows')
 reader witnesses  -> 171
 storage exposures -> 1
[MV-SI candidate 6df8267ee72edd6139f9] {accountBorrows, accrualBlockNumber, borrowIndex, maxBorrow, originationFee}
 writer root       -> contracts/market/UToken.sol::UToken.mint(uint256)
 writer effect     -> contracts/market/UToken.sol:556
 written member    -> ('SV', 'contracts/market/UToken.sol', 'UToken.borrowIndex')
 potentially stale -> ('SV', 'contracts/market/UToken.sol', 'UToken.accountBorrows'), ('SV', 'contracts/market/UToken.sol', 'UToken.accrualBlockNumber'), ('SV', 'contracts/market/UToken.sol', 'UToken.maxBorrow'), ('SV', 'contracts/market/UToken.sol', 'UToken.originationFee')
 reader witnesses  -> 78
 storage exposures -> 1
[MV-SI candidate 6f51231575ce3a68dfaa] {_initialized, _initializing}
 writer root       -> contracts/Controller.sol::Controller.__Controller_init(address)
 writer effect     -> @openzeppelin/contracts-upgradeable/proxy/utils/Initializable.sol:36
 written member    -> ('SV', '@openzeppelin/contracts-upgradeable/proxy/utils/Initializable.sol', 'Initializable._initializing')
 potentially stale -> ('SV', '@openzeppelin/contracts-upgradeable/proxy/utils/Initializable.sol', 'Initializable._initialized')
 reader witnesses  -> 9
 storage exposures -> 9
[MV-SI candidate 7154c384a61853cf5915] {_initialized, _initializing}
 writer root       -> contracts/asset/CompoundAdapter.sol::CompoundAdapter.__CompoundAdapter_init(address)
 writer effect     -> @openzeppelin/contracts-upgradeable/proxy/utils/Initializable.sol:37
 written member    -> ('SV', '@openzeppelin/contracts-upgradeable/proxy/utils/Initializable.sol', 'Initializable._initialized')
 potentially stale -> ('SV', '@openzeppelin/contracts-upgradeable/proxy/utils/Initializable.sol', 'Initializable._initializing')
 reader witnesses  -> 2
 storage exposures -> 1
[MV-SI candidate 715e600c5fc964b52618] {members, stakers}
 writer root       -> contracts/user/UserManager.sol::UserManager.updateTrust(address,uint256)
 writer effect     -> contracts/user/UserManager.sol:423
 written member    -> ('SV', 'contracts/user/UserManager.sol', 'UserManager.members')
 potentially stale -> ('SV', 'contracts/user/UserManager.sol', 'UserManager.stakers')
 reader witnesses  -> 50
 storage exposures -> 1
[MV-SI candidate 7248900665e8361ff4e6] {accountBorrows, accrualBlockNumber, borrowIndex, maxBorrow, originationFee}
 writer root       -> contracts/market/UToken.sol::UToken.repayBorrow(uint256)
 writer effect     -> contracts/market/UToken.sol:555
 written member    -> ('SV', 'contracts/market/UToken.sol', 'UToken.accrualBlockNumber')
 potentially stale -> ('SV', 'contracts/market/UToken.sol', 'UToken.accountBorrows'), ('SV', 'contracts/market/UToken.sol', 'UToken.borrowIndex'), ('SV', 'contracts/market/UToken.sol', 'UToken.maxBorrow'), ('SV', 'contracts/market/UToken.sol', 'UToken.originationFee')
 reader witnesses  -> 79
 storage exposures -> 1
[MV-SI candidate 72614a0efb4e8aa5f0aa] {accountBorrows, accrualBlockNumber, borrowIndex}
 writer root       -> contracts/market/UToken.sol::UToken.redeemUnderlying(uint256)
 writer effect     -> contracts/market/UToken.sol:555
 written member    -> ('SV', 'contracts/market/UToken.sol', 'UToken.accrualBlockNumber')
 potentially stale -> ('SV', 'contracts/market/UToken.sol', 'UToken.accountBorrows'), ('SV', 'contracts/market/UToken.sol', 'UToken.borrowIndex')
 reader witnesses  -> 231
 storage exposures -> 1
[MV-SI candidate 731f795f5551b15ff6c7] {tokens, userManagerList}
 writer root       -> contracts/market/MarketRegistry.sol::MarketRegistry.addUToken(address,address)
 writer effect     -> contracts/market/MarketRegistry.sol:55
 written member    -> ('SV', 'contracts/market/MarketRegistry.sol', 'MarketRegistry.tokens')
 potentially stale -> ('SV', 'contracts/market/MarketRegistry.sol', 'MarketRegistry.userManagerList')
 reader witnesses  -> 5
 storage exposures -> 1
[MV-SI candidate 7343f5c49c7db0260ef7] {accountBorrows, accrualBlockNumber, borrowIndex, maxBorrow, originationFee}
 writer root       -> contracts/market/UToken.sol::UToken.setMaxBorrow(uint256)
 writer effect     -> contracts/market/UToken.sol:178
 written member    -> ('SV', 'contracts/market/UToken.sol', 'UToken.maxBorrow')
 potentially stale -> ('SV', 'contracts/market/UToken.sol', 'UToken.accountBorrows'), ('SV', 'contracts/market/UToken.sol', 'UToken.accrualBlockNumber'), ('SV', 'contracts/market/UToken.sol', 'UToken.borrowIndex'), ('SV', 'contracts/market/UToken.sol', 'UToken.originationFee')
 reader witnesses  -> 97
 storage exposures -> 1
[MV-SI candidate 766684c03a560d3b2758] {accountBorrows, accrualBlockNumber, borrowIndex, maxBorrow, originationFee}
 writer root       -> contracts/market/UToken.sol::UToken.repayBorrowBehalf(address,uint256)
 writer effect     -> contracts/market/UToken.sol:511
 written member    -> ('SV', 'contracts/market/UToken.sol', 'UToken.accountBorrows')
 potentially stale -> ('SV', 'contracts/market/UToken.sol', 'UToken.accrualBlockNumber'), ('SV', 'contracts/market/UToken.sol', 'UToken.borrowIndex'), ('SV', 'contracts/market/UToken.sol', 'UToken.maxBorrow'), ('SV', 'contracts/market/UToken.sol', 'UToken.originationFee')
 reader witnesses  -> 42
 storage exposures -> 1
[MV-SI candidate 780334e7da54b835170c] {_initialized, _initializing}
 writer root       -> contracts/tests/FaucetERC20.sol::FaucetERC20.__FaucetERC20_init(string,string)
 writer effect     -> @openzeppelin/contracts-upgradeable/proxy/utils/Initializable.sol:43
 written member    -> ('SV', '@openzeppelin/contracts-upgradeable/proxy/utils/Initializable.sol', 'Initializable._initializing')
 potentially stale -> ('SV', '@openzeppelin/contracts-upgradeable/proxy/utils/Initializable.sol', 'Initializable._initialized')
 reader witnesses  -> 1
 storage exposures -> 1
[MV-SI candidate 792869daf66926926cf5] {accountBorrows, overdueBlocks}
 writer root       -> contracts/market/UToken.sol::UToken.repayBorrow(uint256)
 writer effect     -> contracts/market/UToken.sol:511
 written member    -> ('SV', 'contracts/market/UToken.sol', 'UToken.accountBorrows')
 potentially stale -> ('SV', 'contracts/market/UToken.sol', 'UToken.overdueBlocks')
 reader witnesses  -> 30
 storage exposures -> 1
[MV-SI candidate 7939909a90c9d3b5b35f] {_initialized, _initializing}
 writer root       -> contracts/asset/CompoundAdapter.sol::CompoundAdapter.__CompoundAdapter_init(address)
 writer effect     -> @openzeppelin/contracts-upgradeable/proxy/utils/Initializable.sol:43
 written member    -> ('SV', '@openzeppelin/contracts-upgradeable/proxy/utils/Initializable.sol', 'Initializable._initializing')
 potentially stale -> ('SV', '@openzeppelin/contracts-upgradeable/proxy/utils/Initializable.sol', 'Initializable._initialized')
 reader witnesses  -> 1
 storage exposures -> 1
[MV-SI candidate 7a68c6f1f83c81a74b8d] {accountBorrows, accrualBlockNumber, borrowIndex, maxBorrow, originationFee}
 writer root       -> contracts/market/UToken.sol::UToken.repayBorrowWithPermit(address,uint256,uint256,uint256,uint8,bytes32,bytes32)
 writer effect     -> contracts/market/UToken.sol:493
 written member    -> ('SV', 'contracts/market/UToken.sol', 'UToken.accountBorrows')
 potentially stale -> ('SV', 'contracts/market/UToken.sol', 'UToken.accrualBlockNumber'), ('SV', 'contracts/market/UToken.sol', 'UToken.borrowIndex'), ('SV', 'contracts/market/UToken.sol', 'UToken.maxBorrow'), ('SV', 'contracts/market/UToken.sol', 'UToken.originationFee')
 reader witnesses  -> 45
 storage exposures -> 1
[MV-SI candidate 7b23ce9fedeec6cfb3a9] {accountBorrows, accrualBlockNumber, borrowIndex, maxBorrow, originationFee}
 writer root       -> contracts/market/UToken.sol::UToken.repayBorrowBehalf(address,uint256)
 writer effect     -> contracts/market/UToken.sol:493
 written member    -> ('SV', 'contracts/market/UToken.sol', 'UToken.accountBorrows')
 potentially stale -> ('SV', 'contracts/market/UToken.sol', 'UToken.accrualBlockNumber'), ('SV', 'contracts/market/UToken.sol', 'UToken.borrowIndex'), ('SV', 'contracts/market/UToken.sol', 'UToken.maxBorrow'), ('SV', 'contracts/market/UToken.sol', 'UToken.originationFee')
 reader witnesses  -> 45
 storage exposures -> 1
[MV-SI candidate 7cac9133e0132065103c] {members, stakers}
 writer root       -> contracts/user/UserManager.sol::UserManager.updateTrust(address,uint256)
 writer effect     -> contracts/user/UserManager.sol:456
 written member    -> ('SV', 'contracts/user/UserManager.sol', 'UserManager.members')
 potentially stale -> ('SV', 'contracts/user/UserManager.sol', 'UserManager.stakers')
 reader witnesses  -> 50
 storage exposures -> 1
[MV-SI candidate 7cde105227440a1e9ef7] {accountBorrows, overdueBlocks}
 writer root       -> contracts/market/UToken.sol::UToken.repayBorrowWithPermit(address,uint256,uint256,uint256,uint8,bytes32,bytes32)
 writer effect     -> contracts/market/UToken.sol:499
 written member    -> ('SV', 'contracts/market/UToken.sol', 'UToken.accountBorrows')
 potentially stale -> ('SV', 'contracts/market/UToken.sol', 'UToken.overdueBlocks')
 reader witnesses  -> 30
 storage exposures -> 1
[MV-SI candidate 7d2c5e8aba886172b3cb] {accountBorrows, accrualBlockNumber, borrowIndex, maxBorrow, originationFee}
 writer root       -> contracts/market/UToken.sol::UToken.balanceOfUnderlying(address)
 writer effect     -> contracts/market/UToken.sol:555
 written member    -> ('SV', 'contracts/market/UToken.sol', 'UToken.accrualBlockNumber')
 potentially stale -> ('SV', 'contracts/market/UToken.sol', 'UToken.accountBorrows'), ('SV', 'contracts/market/UToken.sol', 'UToken.borrowIndex'), ('SV', 'contracts/market/UToken.sol', 'UToken.maxBorrow'), ('SV', 'contracts/market/UToken.sol', 'UToken.originationFee')
 reader witnesses  -> 79
 storage exposures -> 1
[MV-SI candidate 7fe9c9fc22327e511562] {totalFrozen, totalStaked}
 writer root       -> contracts/user/UserManager.sol::UserManager.updateTotalFrozen(address,bool)
 writer effect     -> contracts/user/UserManager.sol:775
 written member    -> ('SV', 'contracts/user/UserManager.sol', 'UserManager.totalFrozen')
 potentially stale -> ('SV', 'contracts/user/UserManager.sol', 'UserManager.totalStaked')
 reader witnesses  -> 18
 storage exposures -> 1
[MV-SI candidate 802c140d49e571ebbf4f] {tokens, userManagerList}
 writer root       -> contracts/tests/MarketRegistryMock.sol::MarketRegistryMock.addUToken(address,address)
 writer effect     -> contracts/tests/MarketRegistryMock.sol:20
 written member    -> ('SV', 'contracts/tests/MarketRegistryMock.sol', 'MarketRegistryMock.tokens')
 potentially stale -> ('SV', 'contracts/tests/MarketRegistryMock.sol', 'MarketRegistryMock.userManagerList')
 reader witnesses  -> 5
 storage exposures -> 1
[MV-SI candidate 81945ace5c716015af73] {_initialized, _initializing}
 writer root       -> contracts/market/UToken.sol::UToken.__UToken_init(IUErc20,address,uint256,uint256,uint256,uint256,uint256,uint256,uint256,address)
 writer effect     -> @openzeppelin/contracts-upgradeable/proxy/utils/Initializable.sol:43
 written member    -> ('SV', '@openzeppelin/contracts-upgradeable/proxy/utils/Initializable.sol', 'Initializable._initializing')
 potentially stale -> ('SV', '@openzeppelin/contracts-upgradeable/proxy/utils/Initializable.sol', 'Initializable._initialized')
 reader witnesses  -> 1
 storage exposures -> 1
[MV-SI candidate 83248492e2d15a0c24d0] {accountBorrows, accrualBlockNumber, borrowIndex, maxBorrow, originationFee}
 writer root       -> contracts/market/UToken.sol::UToken.exchangeRateCurrent()
 writer effect     -> contracts/market/UToken.sol:556
 written member    -> ('SV', 'contracts/market/UToken.sol', 'UToken.borrowIndex')
 potentially stale -> ('SV', 'contracts/market/UToken.sol', 'UToken.accountBorrows'), ('SV', 'contracts/market/UToken.sol', 'UToken.accrualBlockNumber'), ('SV', 'contracts/market/UToken.sol', 'UToken.maxBorrow'), ('SV', 'contracts/market/UToken.sol', 'UToken.originationFee')
 reader witnesses  -> 78
 storage exposures -> 1
[MV-SI candidate 843c1f46e3c7f3c41995] {_initialized, _initializing}
 writer root       -> contracts/market/MarketRegistry.sol::MarketRegistry.__MarketRegistry_init()
 writer effect     -> @openzeppelin/contracts-upgradeable/proxy/utils/Initializable.sol:36
 written member    -> ('SV', '@openzeppelin/contracts-upgradeable/proxy/utils/Initializable.sol', 'Initializable._initializing')
 potentially stale -> ('SV', '@openzeppelin/contracts-upgradeable/proxy/utils/Initializable.sol', 'Initializable._initialized')
 reader witnesses  -> 1
 storage exposures -> 1
[MV-SI candidate 85ba820bd88330624ba5] {_initialized, _initializing}
 writer root       -> contracts/tests/CompoundMock.sol::CompoundMock.__CompoundMock_init(uint256,address)
 writer effect     -> @openzeppelin/contracts-upgradeable/proxy/utils/Initializable.sol:43
 written member    -> ('SV', '@openzeppelin/contracts-upgradeable/proxy/utils/Initializable.sol', 'Initializable._initializing')
 potentially stale -> ('SV', '@openzeppelin/contracts-upgradeable/proxy/utils/Initializable.sol', 'Initializable._initialized')
 reader witnesses  -> 1
 storage exposures -> 1
[MV-SI candidate 85d1b2d72cca3f0ad602] {accountBorrows, accrualBlockNumber, borrowIndex}
 writer root       -> contracts/market/UToken.sol::UToken.redeem(uint256)
 writer effect     -> contracts/market/UToken.sol:555
 written member    -> ('SV', 'contracts/market/UToken.sol', 'UToken.accrualBlockNumber')
 potentially stale -> ('SV', 'contracts/market/UToken.sol', 'UToken.accountBorrows'), ('SV', 'contracts/market/UToken.sol', 'UToken.borrowIndex')
 reader witnesses  -> 231
 storage exposures -> 1
[MV-SI candidate 88867bcc4d236c4a1ec9] {accountBorrows, borrowIndex}
 writer root       -> contracts/market/UToken.sol::UToken.addReserves(uint256)
 writer effect     -> contracts/market/UToken.sol:556
 written member    -> ('SV', 'contracts/market/UToken.sol', 'UToken.borrowIndex')
 potentially stale -> ('SV', 'contracts/market/UToken.sol', 'UToken.accountBorrows')
 reader witnesses  -> 171
 storage exposures -> 1
[MV-SI candidate 897e07c4f08e995d723c] {accountBorrows, accrualBlockNumber, borrowIndex, maxBorrow, originationFee}
 writer root       -> contracts/market/UToken.sol::UToken.repayBorrowBehalf(address,uint256)
 writer effect     -> contracts/market/UToken.sol:504
 written member    -> ('SV', 'contracts/market/UToken.sol', 'UToken.accountBorrows')
 potentially stale -> ('SV', 'contracts/market/UToken.sol', 'UToken.accrualBlockNumber'), ('SV', 'contracts/market/UToken.sol', 'UToken.borrowIndex'), ('SV', 'contracts/market/UToken.sol', 'UToken.maxBorrow'), ('SV', 'contracts/market/UToken.sol', 'UToken.originationFee')
 reader witnesses  -> 45
 storage exposures -> 1
[MV-SI candidate 8a0fe6ffca3602508b5f] {members, stakers}
 writer root       -> contracts/user/UserManager.sol::UserManager.stakeWithPermit(uint256,uint256,uint256,uint8,bytes32,bytes32)
 writer effect     -> contracts/user/UserManager.sol:616
 written member    -> ('SV', 'contracts/user/UserManager.sol', 'UserManager.stakers')
 potentially stale -> ('SV', 'contracts/user/UserManager.sol', 'UserManager.members')
 reader witnesses  -> 245
 storage exposures -> 1
[MV-SI candidate 8a2b9f3007f63b5526fb] {memberFrozen, totalFrozen}
 writer root       -> contracts/user/UserManager.sol::UserManager.batchUpdateTotalFrozen(address[],bool[])
 writer effect     -> contracts/user/UserManager.sol:788
 written member    -> ('SV', 'contracts/user/UserManager.sol', 'UserManager.totalFrozen')
 potentially stale -> ('SV', 'contracts/user/UserManager.sol', 'UserManager.memberFrozen')
 reader witnesses  -> 14
 storage exposures -> 1
[MV-SI candidate 8b22797d9fc6681f921e] {accountBorrows, accrualBlockNumber, borrowIndex, maxBorrow, originationFee}
 writer root       -> contracts/market/UToken.sol::UToken.borrow(uint256)
 writer effect     -> contracts/market/UToken.sol:426
 written member    -> ('SV', 'contracts/market/UToken.sol', 'UToken.accountBorrows')
 potentially stale -> ('SV', 'contracts/market/UToken.sol', 'UToken.accrualBlockNumber'), ('SV', 'contracts/market/UToken.sol', 'UToken.borrowIndex'), ('SV', 'contracts/market/UToken.sol', 'UToken.maxBorrow'), ('SV', 'contracts/market/UToken.sol', 'UToken.originationFee')
 reader witnesses  -> 45
 storage exposures -> 1
[MV-SI candidate 8b71c217e517c670e0c1] {accountBorrows, overdueBlocks}
 writer root       -> contracts/market/UToken.sol::UToken.repayBorrowBehalf(address,uint256)
 writer effect     -> contracts/market/UToken.sol:511
 written member    -> ('SV', 'contracts/market/UToken.sol', 'UToken.accountBorrows')
 potentially stale -> ('SV', 'contracts/market/UToken.sol', 'UToken.overdueBlocks')
 reader witnesses  -> 30
 storage exposures -> 1
[MV-SI candidate 8be5f59036251641d775] {_initialized, _initializing}
 writer root       -> contracts/asset/AaveAdapter.sol::AaveAdapter.__AaveAdapter_init(address,LendingPool)
 writer effect     -> @openzeppelin/contracts-upgradeable/proxy/utils/Initializable.sol:37
 written member    -> ('SV', '@openzeppelin/contracts-upgradeable/proxy/utils/Initializable.sol', 'Initializable._initialized')
 potentially stale -> ('SV', '@openzeppelin/contracts-upgradeable/proxy/utils/Initializable.sol', 'Initializable._initializing')
 reader witnesses  -> 2
 storage exposures -> 1
[MV-SI candidate 8c3c0feb72d38e0ed259] {_initialized, _initializing}
 writer root       -> contracts/token/Comptroller.sol::Comptroller.__Comptroller_init(address,address)
 writer effect     -> @openzeppelin/contracts-upgradeable/proxy/utils/Initializable.sol:37
 written member    -> ('SV', '@openzeppelin/contracts-upgradeable/proxy/utils/Initializable.sol', 'Initializable._initialized')
 potentially stale -> ('SV', '@openzeppelin/contracts-upgradeable/proxy/utils/Initializable.sol', 'Initializable._initializing')
 reader witnesses  -> 2
 storage exposures -> 1
[MV-SI candidate 8d322b4a047692669100] {accountBorrows, accrualBlockNumber, borrowIndex, maxBorrow, originationFee}
 writer root       -> contracts/market/UToken.sol::UToken.repayBorrowWithPermit(address,uint256,uint256,uint256,uint8,bytes32,bytes32)
 writer effect     -> contracts/market/UToken.sol:556
 written member    -> ('SV', 'contracts/market/UToken.sol', 'UToken.borrowIndex')
 potentially stale -> ('SV', 'contracts/market/UToken.sol', 'UToken.accountBorrows'), ('SV', 'contracts/market/UToken.sol', 'UToken.accrualBlockNumber'), ('SV', 'contracts/market/UToken.sol', 'UToken.maxBorrow'), ('SV', 'contracts/market/UToken.sol', 'UToken.originationFee')
 reader witnesses  -> 78
 storage exposures -> 1
[MV-SI candidate 915ad4d1ce5159a0e0c3] {_initialized, _initializing}
 writer root       -> contracts/tests/FaucetERC20.sol::FaucetERC20.__FaucetERC20_init(string,string)
 writer effect     -> @openzeppelin/contracts-upgradeable/proxy/utils/Initializable.sol:37
 written member    -> ('SV', '@openzeppelin/contracts-upgradeable/proxy/utils/Initializable.sol', 'Initializable._initialized')
 potentially stale -> ('SV', '@openzeppelin/contracts-upgradeable/proxy/utils/Initializable.sol', 'Initializable._initializing')
 reader witnesses  -> 2
 storage exposures -> 1
[MV-SI candidate 915d3f30dd420d2aa16e] {accountBorrows, accrualBlockNumber, borrowIndex}
 writer root       -> contracts/market/UToken.sol::UToken.exchangeRateCurrent()
 writer effect     -> contracts/market/UToken.sol:556
 written member    -> ('SV', 'contracts/market/UToken.sol', 'UToken.borrowIndex')
 potentially stale -> ('SV', 'contracts/market/UToken.sol', 'UToken.accountBorrows'), ('SV', 'contracts/market/UToken.sol', 'UToken.accrualBlockNumber')
 reader witnesses  -> 228
 storage exposures -> 1
[MV-SI candidate 91cb904dea994c099125] {accountBorrows, accrualBlockNumber, borrowIndex, maxBorrow, originationFee}
 writer root       -> contracts/market/UToken.sol::UToken.addReserves(uint256)
 writer effect     -> contracts/market/UToken.sol:555
 written member    -> ('SV', 'contracts/market/UToken.sol', 'UToken.accrualBlockNumber')
 potentially stale -> ('SV', 'contracts/market/UToken.sol', 'UToken.accountBorrows'), ('SV', 'contracts/market/UToken.sol', 'UToken.borrowIndex'), ('SV', 'contracts/market/UToken.sol', 'UToken.maxBorrow'), ('SV', 'contracts/market/UToken.sol', 'UToken.originationFee')
 reader witnesses  -> 79
 storage exposures -> 1
[MV-SI candidate 91e6d4194f5bdd0a3922] {accountBorrows, accrualBlockNumber, borrowIndex, maxBorrow, originationFee}
 writer root       -> contracts/market/UToken.sol::UToken.accrueInterest()
 writer effect     -> contracts/market/UToken.sol:556
 written member    -> ('SV', 'contracts/market/UToken.sol', 'UToken.borrowIndex')
 potentially stale -> ('SV', 'contracts/market/UToken.sol', 'UToken.accountBorrows'), ('SV', 'contracts/market/UToken.sol', 'UToken.accrualBlockNumber'), ('SV', 'contracts/market/UToken.sol', 'UToken.maxBorrow'), ('SV', 'contracts/market/UToken.sol', 'UToken.originationFee')
 reader witnesses  -> 78
 storage exposures -> 1
[MV-SI candidate 9297aeb6c413293b6dc0] {accountBorrows, overdueBlocks}
 writer root       -> contracts/market/UToken.sol::UToken.repayBorrowBehalf(address,uint256)
 writer effect     -> contracts/market/UToken.sol:493
 written member    -> ('SV', 'contracts/market/UToken.sol', 'UToken.accountBorrows')
 potentially stale -> ('SV', 'contracts/market/UToken.sol', 'UToken.overdueBlocks')
 reader witnesses  -> 30
 storage exposures -> 1
[MV-SI candidate 92a5a2582a7dde2a7c01] {members, stakers}
 writer root       -> contracts/user/UserManager.sol::UserManager.cancelVouch(address,address)
 writer effect     -> contracts/user/UserManager.sol:506
 written member    -> ('SV', 'contracts/user/UserManager.sol', 'UserManager.members')
 potentially stale -> ('SV', 'contracts/user/UserManager.sol', 'UserManager.stakers')
 reader witnesses  -> 50
 storage exposures -> 1
[MV-SI candidate 92d8c35987aca15dc84b] {members, stakers}
 writer root       -> contracts/user/UserManager.sol::UserManager.addMember(address)
 writer effect     -> contracts/user/UserManager.sol:402
 written member    -> ('SV', 'contracts/user/UserManager.sol', 'UserManager.members')
 potentially stale -> ('SV', 'contracts/user/UserManager.sol', 'UserManager.stakers')
 reader witnesses  -> 50
 storage exposures -> 1
[MV-SI candidate 93cf8373333d73a56c8f] {balances, totalPrincipal}
 writer root       -> contracts/asset/AssetManager.sol::AssetManager.deposit(address,uint256)
 writer effect     -> contracts/asset/AssetManager.sol:176
 written member    -> ('SV', 'contracts/asset/AssetManager.sol', 'AssetManager.balances')
 potentially stale -> ('SV', 'contracts/asset/AssetManager.sol', 'AssetManager.totalPrincipal')
 reader witnesses  -> 5
 storage exposures -> 1
[MV-SI candidate 9486f024920409d5f093] {_initialized, _initializing}
 writer root       -> contracts/tests/UTokenMock.sol::UTokenMock.__UToken_init()
 writer effect     -> @openzeppelin/contracts-upgradeable/proxy/utils/Initializable.sol:36
 written member    -> ('SV', '@openzeppelin/contracts-upgradeable/proxy/utils/Initializable.sol', 'Initializable._initializing')
 potentially stale -> ('SV', '@openzeppelin/contracts-upgradeable/proxy/utils/Initializable.sol', 'Initializable._initialized')
 reader witnesses  -> 1
 storage exposures -> 1
[MV-SI candidate 952771056a5093cf22cd] {members, stakers}
 writer root       -> contracts/user/UserManager.sol::UserManager.updateTotalFrozen(address,bool)
 writer effect     -> contracts/user/UserManager.sol:767
 written member    -> ('SV', 'contracts/user/UserManager.sol', 'UserManager.members')
 potentially stale -> ('SV', 'contracts/user/UserManager.sol', 'UserManager.stakers')
 reader witnesses  -> 50
 storage exposures -> 1
[MV-SI candidate 95a1bc636ac17ebecdf7] {initialExchangeRateMantissa, totalRedeemable}
 writer root       -> contracts/market/UToken.sol::UToken.repayBorrowBehalf(address,uint256)
 writer effect     -> contracts/market/UToken.sol:508
 written member    -> ('SV', 'contracts/market/UToken.sol', 'UToken.totalRedeemable')
 potentially stale -> ('SV', 'contracts/market/UToken.sol', 'UToken.initialExchangeRateMantissa')
 reader witnesses  -> 9
 storage exposures -> 1
[MV-SI candidate 95abef07c9bf59f5e2a3] {_roles, uToken}
 writer root       -> @openzeppelin/contracts-upgradeable/access/AccessControlUpgradeable.sol::AccessControlUpgradeable.renounceRole(bytes32,address)
 writer effect     -> @openzeppelin/contracts-upgradeable/access/AccessControlUpgradeable.sol:215
 written member    -> ('SV', '@openzeppelin/contracts-upgradeable/access/AccessControlUpgradeable.sol', 'AccessControlUpgradeable._roles')
 potentially stale -> ('SV', 'contracts/user/UserManager.sol', 'UserManager.uToken')
 reader witnesses  -> 6
 storage exposures -> 1
[MV-SI candidate 95e1875606c08eb95b9e] {_initialized, _initializing}
 writer root       -> contracts/tests/UTokenMock.sol::UTokenMock.__UToken_init()
 writer effect     -> @openzeppelin/contracts-upgradeable/proxy/utils/Initializable.sol:43
 written member    -> ('SV', '@openzeppelin/contracts-upgradeable/proxy/utils/Initializable.sol', 'Initializable._initializing')
 potentially stale -> ('SV', '@openzeppelin/contracts-upgradeable/proxy/utils/Initializable.sol', 'Initializable._initialized')
 reader witnesses  -> 1
 storage exposures -> 1
[MV-SI candidate 96929ef35938b9bbf694] {gInflationIndex, users}
 writer root       -> contracts/token/Comptroller.sol::Comptroller.updateTotalStaked(address,uint256)
 writer effect     -> contracts/token/Comptroller.sol:198
 written member    -> ('SV', 'contracts/token/Comptroller.sol', 'Comptroller.gInflationIndex')
 potentially stale -> ('SV', 'contracts/token/Comptroller.sol', 'Comptroller.users')
 reader witnesses  -> 4
 storage exposures -> 1
[MV-SI candidate 97b2744386b9375d4252] {accountBorrows, accrualBlockNumber, borrowIndex}
 writer root       -> contracts/market/UToken.sol::UToken.removeReserves(address,uint256)
 writer effect     -> contracts/market/UToken.sol:556
 written member    -> ('SV', 'contracts/market/UToken.sol', 'UToken.borrowIndex')
 potentially stale -> ('SV', 'contracts/market/UToken.sol', 'UToken.accountBorrows'), ('SV', 'contracts/market/UToken.sol', 'UToken.accrualBlockNumber')
 reader witnesses  -> 228
 storage exposures -> 1
[MV-SI candidate 98737f99b2de281dede7] {members, stakers}
 writer root       -> contracts/user/UserManager.sol::UserManager.registerMemberWithPermit(address,uint256,uint256,uint8,bytes32,bytes32)
 writer effect     -> contracts/user/UserManager.sol:552
 written member    -> ('SV', 'contracts/user/UserManager.sol', 'UserManager.members')
 potentially stale -> ('SV', 'contracts/user/UserManager.sol', 'UserManager.stakers')
 reader witnesses  -> 50
 storage exposures -> 1
[MV-SI candidate 9b60dfd711b8320426a9] {accountBorrows, accrualBlockNumber, borrowIndex, maxBorrow, originationFee}
 writer root       -> contracts/market/UToken.sol::UToken.repayBorrowWithPermit(address,uint256,uint256,uint256,uint8,bytes32,bytes32)
 writer effect     -> contracts/market/UToken.sol:492
 written member    -> ('SV', 'contracts/market/UToken.sol', 'UToken.accountBorrows')
 potentially stale -> ('SV', 'contracts/market/UToken.sol', 'UToken.accrualBlockNumber'), ('SV', 'contracts/market/UToken.sol', 'UToken.borrowIndex'), ('SV', 'contracts/market/UToken.sol', 'UToken.maxBorrow'), ('SV', 'contracts/market/UToken.sol', 'UToken.originationFee')
 reader witnesses  -> 45
 storage exposures -> 1
[MV-SI candidate 9bc8310e482c9f9c2ded] {_initialized, _initializing}
 writer root       -> contracts/Controller.sol::Controller.__Controller_init(address)
 writer effect     -> @openzeppelin/contracts-upgradeable/proxy/utils/Initializable.sol:37
 written member    -> ('SV', '@openzeppelin/contracts-upgradeable/proxy/utils/Initializable.sol', 'Initializable._initialized')
 potentially stale -> ('SV', '@openzeppelin/contracts-upgradeable/proxy/utils/Initializable.sol', 'Initializable._initializing')
 reader witnesses  -> 18
 storage exposures -> 9
[MV-SI candidate 9d3403c237b1767a0ad3] {accountBorrows, accrualBlockNumber, borrowIndex, maxBorrow, originationFee}
 writer root       -> contracts/market/UToken.sol::UToken.removeReserves(address,uint256)
 writer effect     -> contracts/market/UToken.sol:555
 written member    -> ('SV', 'contracts/market/UToken.sol', 'UToken.accrualBlockNumber')
 potentially stale -> ('SV', 'contracts/market/UToken.sol', 'UToken.accountBorrows'), ('SV', 'contracts/market/UToken.sol', 'UToken.borrowIndex'), ('SV', 'contracts/market/UToken.sol', 'UToken.maxBorrow'), ('SV', 'contracts/market/UToken.sol', 'UToken.originationFee')
 reader witnesses  -> 79
 storage exposures -> 1
[MV-SI candidate 9e7d196d23d28f3866c5] {memberFrozen, totalFrozen}
 writer root       -> contracts/user/UserManager.sol::UserManager.batchUpdateTotalFrozen(address[],bool[])
 writer effect     -> contracts/user/UserManager.sol:790
 written member    -> ('SV', 'contracts/user/UserManager.sol', 'UserManager.memberFrozen')
 potentially stale -> ('SV', 'contracts/user/UserManager.sol', 'UserManager.totalFrozen')
 reader witnesses  -> 18
 storage exposures -> 1
[MV-SI candidate 9f7bb3430cb5012d895a] {debtCeiling, totalBorrows}
 writer root       -> contracts/market/UToken.sol::UToken.repayBorrowBehalf(address,uint256)
 writer effect     -> contracts/market/UToken.sol:557
 written member    -> ('SV', 'contracts/market/UToken.sol', 'UToken.totalBorrows')
 potentially stale -> ('SV', 'contracts/market/UToken.sol', 'UToken.debtCeiling')
 reader witnesses  -> 6
 storage exposures -> 1
[MV-SI candidate a1fff0390947f6dcbd25] {accountBorrows, accrualBlockNumber, borrowIndex, maxBorrow, originationFee}
 writer root       -> contracts/market/UToken.sol::UToken.repayBorrowBehalf(address,uint256)
 writer effect     -> contracts/market/UToken.sol:492
 written member    -> ('SV', 'contracts/market/UToken.sol', 'UToken.accountBorrows')
 potentially stale -> ('SV', 'contracts/market/UToken.sol', 'UToken.accrualBlockNumber'), ('SV', 'contracts/market/UToken.sol', 'UToken.borrowIndex'), ('SV', 'contracts/market/UToken.sol', 'UToken.maxBorrow'), ('SV', 'contracts/market/UToken.sol', 'UToken.originationFee')
 reader witnesses  -> 45
 storage exposures -> 1
[MV-SI candidate a26cf3fc38ca0d7ee002] {accountBorrows, accrualBlockNumber, borrowIndex, maxBorrow, originationFee}
 writer root       -> contracts/market/UToken.sol::UToken.repayBorrow(uint256)
 writer effect     -> contracts/market/UToken.sol:511
 written member    -> ('SV', 'contracts/market/UToken.sol', 'UToken.accountBorrows')
 potentially stale -> ('SV', 'contracts/market/UToken.sol', 'UToken.accrualBlockNumber'), ('SV', 'contracts/market/UToken.sol', 'UToken.borrowIndex'), ('SV', 'contracts/market/UToken.sol', 'UToken.maxBorrow'), ('SV', 'contracts/market/UToken.sol', 'UToken.originationFee')
 reader witnesses  -> 42
 storage exposures -> 1
[MV-SI candidate a35048464c51ebcc4e98] {debtCeiling, totalBorrows}
 writer root       -> contracts/market/UToken.sol::UToken.balanceOfUnderlying(address)
 writer effect     -> contracts/market/UToken.sol:557
 written member    -> ('SV', 'contracts/market/UToken.sol', 'UToken.totalBorrows')
 potentially stale -> ('SV', 'contracts/market/UToken.sol', 'UToken.debtCeiling')
 reader witnesses  -> 6
 storage exposures -> 1
[MV-SI candidate a6aa3407fd86787aced1] {accountBorrows, borrowIndex}
 writer root       -> contracts/market/UToken.sol::UToken.accrueInterest()
 writer effect     -> contracts/market/UToken.sol:556
 written member    -> ('SV', 'contracts/market/UToken.sol', 'UToken.borrowIndex')
 potentially stale -> ('SV', 'contracts/market/UToken.sol', 'UToken.accountBorrows')
 reader witnesses  -> 171
 storage exposures -> 1
[MV-SI candidate a900b3fb3f26cb86d812] {_initialized, _initializing}
 writer root       -> contracts/Controller.sol::Controller.__Controller_init(address)
 writer effect     -> @openzeppelin/contracts-upgradeable/proxy/utils/Initializable.sol:43
 written member    -> ('SV', '@openzeppelin/contracts-upgradeable/proxy/utils/Initializable.sol', 'Initializable._initializing')
 potentially stale -> ('SV', '@openzeppelin/contracts-upgradeable/proxy/utils/Initializable.sol', 'Initializable._initialized')
 reader witnesses  -> 9
 storage exposures -> 9
[MV-SI candidate a93dd549e92d7ba100b4] {initialExchangeRateMantissa, totalRedeemable}
 writer root       -> contracts/market/UToken.sol::UToken.mint(uint256)
 writer effect     -> contracts/market/UToken.sol:581
 written member    -> ('SV', 'contracts/market/UToken.sol', 'UToken.totalRedeemable')
 potentially stale -> ('SV', 'contracts/market/UToken.sol', 'UToken.initialExchangeRateMantissa')
 reader witnesses  -> 9
 storage exposures -> 1
[MV-SI candidate a9d6d79dfe1dbe720655] {members, stakers}
 writer root       -> contracts/user/UserManager.sol::UserManager.updateLockedData(address,uint256,bool)
 writer effect     -> contracts/user/UserManager.sol:594
 written member    -> ('SV', 'contracts/user/UserManager.sol', 'UserManager.members')
 potentially stale -> ('SV', 'contracts/user/UserManager.sol', 'UserManager.stakers')
 reader witnesses  -> 50
 storage exposures -> 1
[MV-SI candidate ab8a247b335255d79af4] {debtCeiling, totalBorrows}
 writer root       -> contracts/market/UToken.sol::UToken.repayBorrow(uint256)
 writer effect     -> contracts/market/UToken.sol:512
 written member    -> ('SV', 'contracts/market/UToken.sol', 'UToken.totalBorrows')
 potentially stale -> ('SV', 'contracts/market/UToken.sol', 'UToken.debtCeiling')
 reader witnesses  -> 6
 storage exposures -> 1
[MV-SI candidate ad2e86a79e684a60e439] {_initialized, _initializing}
 writer root       -> contracts/tests/AssetManagerMock.sol::AssetManagerMock.__AssetManager_init()
 writer effect     -> @openzeppelin/contracts-upgradeable/proxy/utils/Initializable.sol:36
 written member    -> ('SV', '@openzeppelin/contracts-upgradeable/proxy/utils/Initializable.sol', 'Initializable._initializing')
 potentially stale -> ('SV', '@openzeppelin/contracts-upgradeable/proxy/utils/Initializable.sol', 'Initializable._initialized')
 reader witnesses  -> 1
 storage exposures -> 1
[MV-SI candidate ad355ca1b86e5be5858d] {debtCeiling, totalBorrows}
 writer root       -> contracts/market/UToken.sol::UToken.removeReserves(address,uint256)
 writer effect     -> contracts/market/UToken.sol:557
 written member    -> ('SV', 'contracts/market/UToken.sol', 'UToken.totalBorrows')
 potentially stale -> ('SV', 'contracts/market/UToken.sol', 'UToken.debtCeiling')
 reader witnesses  -> 6
 storage exposures -> 1
[MV-SI candidate af10883400010212b2c5] {accountBorrows, accrualBlockNumber, borrowIndex, maxBorrow, originationFee}
 writer root       -> contracts/market/UToken.sol::UToken.repayBorrowBehalf(address,uint256)
 writer effect     -> contracts/market/UToken.sol:499
 written member    -> ('SV', 'contracts/market/UToken.sol', 'UToken.accountBorrows')
 potentially stale -> ('SV', 'contracts/market/UToken.sol', 'UToken.accrualBlockNumber'), ('SV', 'contracts/market/UToken.sol', 'UToken.borrowIndex'), ('SV', 'contracts/market/UToken.sol', 'UToken.maxBorrow'), ('SV', 'contracts/market/UToken.sol', 'UToken.originationFee')
 reader witnesses  -> 45
 storage exposures -> 1
[MV-SI candidate af6dd5a32133e497a09d] {_initialized, _initializing}
 writer root       -> contracts/tests/AaveMock.sol::AaveMock.__AaveMock_init(uint128,address)
 writer effect     -> @openzeppelin/contracts-upgradeable/proxy/utils/Initializable.sol:43
 written member    -> ('SV', '@openzeppelin/contracts-upgradeable/proxy/utils/Initializable.sol', 'Initializable._initializing')
 potentially stale -> ('SV', '@openzeppelin/contracts-upgradeable/proxy/utils/Initializable.sol', 'Initializable._initialized')
 reader witnesses  -> 1
 storage exposures -> 1
[MV-SI candidate b34bd692440faaf2a9e5] {members, stakers}
 writer root       -> contracts/user/UserManager.sol::UserManager.cancelVouch(address,address)
 writer effect     -> contracts/user/UserManager.sol:502
 written member    -> ('SV', 'contracts/user/UserManager.sol', 'UserManager.members')
 potentially stale -> ('SV', 'contracts/user/UserManager.sol', 'UserManager.stakers')
 reader witnesses  -> 50
 storage exposures -> 1
[MV-SI candidate b400bc6521e16351253e] {_initialized, _initializing}
 writer root       -> contracts/token/Comptroller.sol::Comptroller.__Comptroller_init(address,address)
 writer effect     -> @openzeppelin/contracts-upgradeable/proxy/utils/Initializable.sol:36
 written member    -> ('SV', '@openzeppelin/contracts-upgradeable/proxy/utils/Initializable.sol', 'Initializable._initializing')
 potentially stale -> ('SV', '@openzeppelin/contracts-upgradeable/proxy/utils/Initializable.sol', 'Initializable._initialized')
 reader witnesses  -> 1
 storage exposures -> 1
[MV-SI candidate b474d73895f2cd6f5e00] {accountBorrows, accrualBlockNumber, borrowIndex, maxBorrow, originationFee}
 writer root       -> contracts/market/UToken.sol::UToken.repayBorrow(uint256)
 writer effect     -> contracts/market/UToken.sol:492
 written member    -> ('SV', 'contracts/market/UToken.sol', 'UToken.accountBorrows')
 potentially stale -> ('SV', 'contracts/market/UToken.sol', 'UToken.accrualBlockNumber'), ('SV', 'contracts/market/UToken.sol', 'UToken.borrowIndex'), ('SV', 'contracts/market/UToken.sol', 'UToken.maxBorrow'), ('SV', 'contracts/market/UToken.sol', 'UToken.originationFee')
 reader witnesses  -> 45
 storage exposures -> 1
[MV-SI candidate b4f7cedb728f463511f1] {accountBorrows, accrualBlockNumber, borrowIndex}
 writer root       -> contracts/market/UToken.sol::UToken.mint(uint256)
 writer effect     -> contracts/market/UToken.sol:555
 written member    -> ('SV', 'contracts/market/UToken.sol', 'UToken.accrualBlockNumber')
 potentially stale -> ('SV', 'contracts/market/UToken.sol', 'UToken.accountBorrows'), ('SV', 'contracts/market/UToken.sol', 'UToken.borrowIndex')
 reader witnesses  -> 231
 storage exposures -> 1
[MV-SI candidate b51f9742c776d2e27317] {balances, totalPrincipal}
 writer root       -> contracts/asset/AssetManager.sol::AssetManager.withdraw(address,address,uint256)
 writer effect     -> contracts/asset/AssetManager.sol:265
 written member    -> ('SV', 'contracts/asset/AssetManager.sol', 'AssetManager.totalPrincipal')
 potentially stale -> ('SV', 'contracts/asset/AssetManager.sol', 'AssetManager.balances')
 reader witnesses  -> 5
 storage exposures -> 1
[MV-SI candidate b5a19a92459872c2a980] {initialExchangeRateMantissa, totalRedeemable}
 writer root       -> contracts/market/UToken.sol::UToken.repayBorrow(uint256)
 writer effect     -> contracts/market/UToken.sol:508
 written member    -> ('SV', 'contracts/market/UToken.sol', 'UToken.totalRedeemable')
 potentially stale -> ('SV', 'contracts/market/UToken.sol', 'UToken.initialExchangeRateMantissa')
 reader witnesses  -> 9
 storage exposures -> 1
[MV-SI candidate b5e9c351268df02d9640] {members, stakers}
 writer root       -> contracts/user/UserManager.sol::UserManager.updateTrust(address,uint256)
 writer effect     -> contracts/user/UserManager.sol:460
 written member    -> ('SV', 'contracts/user/UserManager.sol', 'UserManager.members')
 potentially stale -> ('SV', 'contracts/user/UserManager.sol', 'UserManager.stakers')
 reader witnesses  -> 50
 storage exposures -> 1
[MV-SI candidate b7c6e4a749a9295d7512] {accountBorrows, overdueBlocks}
 writer root       -> contracts/market/UToken.sol::UToken.repayBorrow(uint256)
 writer effect     -> contracts/market/UToken.sol:504
 written member    -> ('SV', 'contracts/market/UToken.sol', 'UToken.accountBorrows')
 potentially stale -> ('SV', 'contracts/market/UToken.sol', 'UToken.overdueBlocks')
 reader witnesses  -> 30
 storage exposures -> 1
[MV-SI candidate b8163ff471d29e6422c3] {accountBorrows, overdueBlocks}
 writer root       -> contracts/market/UToken.sol::UToken.debtWriteOff(address,uint256)
 writer effect     -> contracts/market/UToken.sol:709
 written member    -> ('SV', 'contracts/market/UToken.sol', 'UToken.accountBorrows')
 potentially stale -> ('SV', 'contracts/market/UToken.sol', 'UToken.overdueBlocks')
 reader witnesses  -> 30
 storage exposures -> 1
[MV-SI candidate b82e3c46fda5cb6a8b83] {accountBorrows, accrualBlockNumber, borrowIndex}
 writer root       -> contracts/market/UToken.sol::UToken.accrueInterest()
 writer effect     -> contracts/market/UToken.sol:555
 written member    -> ('SV', 'contracts/market/UToken.sol', 'UToken.accrualBlockNumber')
 potentially stale -> ('SV', 'contracts/market/UToken.sol', 'UToken.accountBorrows'), ('SV', 'contracts/market/UToken.sol', 'UToken.borrowIndex')
 reader witnesses  -> 231
 storage exposures -> 1
[MV-SI candidate badeb6934968fff3460b] {accountBorrows, accrualBlockNumber, borrowIndex, maxBorrow, originationFee}
 writer root       -> contracts/market/UToken.sol::UToken.setOriginationFee(uint256)
 writer effect     -> contracts/market/UToken.sol:151
 written member    -> ('SV', 'contracts/market/UToken.sol', 'UToken.originationFee')
 potentially stale -> ('SV', 'contracts/market/UToken.sol', 'UToken.accountBorrows'), ('SV', 'contracts/market/UToken.sol', 'UToken.accrualBlockNumber'), ('SV', 'contracts/market/UToken.sol', 'UToken.borrowIndex'), ('SV', 'contracts/market/UToken.sol', 'UToken.maxBorrow')
 reader witnesses  -> 97
 storage exposures -> 1
[MV-SI candidate bd33a0558797d6329a4b] {_initialized, _initializing}
 writer root       -> contracts/asset/AssetManager.sol::AssetManager.__AssetManager_init(address)
 writer effect     -> @openzeppelin/contracts-upgradeable/proxy/utils/Initializable.sol:37
 written member    -> ('SV', '@openzeppelin/contracts-upgradeable/proxy/utils/Initializable.sol', 'Initializable._initialized')
 potentially stale -> ('SV', '@openzeppelin/contracts-upgradeable/proxy/utils/Initializable.sol', 'Initializable._initializing')
 reader witnesses  -> 2
 storage exposures -> 1
[MV-SI candidate c085ee680f15ccdec6e6] {totalFrozen, totalStaked}
 writer root       -> contracts/user/UserManager.sol::UserManager.batchUpdateTotalFrozen(address[],bool[])
 writer effect     -> contracts/user/UserManager.sol:775
 written member    -> ('SV', 'contracts/user/UserManager.sol', 'UserManager.totalFrozen')
 potentially stale -> ('SV', 'contracts/user/UserManager.sol', 'UserManager.totalStaked')
 reader witnesses  -> 18
 storage exposures -> 1
[MV-SI candidate c29734fd4d4bbe7befcb] {_initialized, _initializing}
 writer root       -> contracts/tests/FaucetERC20.sol::FaucetERC20.__FaucetERC20_init(string,string)
 writer effect     -> @openzeppelin/contracts-upgradeable/proxy/utils/Initializable.sol:36
 written member    -> ('SV', '@openzeppelin/contracts-upgradeable/proxy/utils/Initializable.sol', 'Initializable._initializing')
 potentially stale -> ('SV', '@openzeppelin/contracts-upgradeable/proxy/utils/Initializable.sol', 'Initializable._initialized')
 reader witnesses  -> 1
 storage exposures -> 1
[MV-SI candidate c4a6fa38961255019ab0] {accountBorrows, accrualBlockNumber, borrowIndex}
 writer root       -> contracts/market/UToken.sol::UToken.mint(uint256)
 writer effect     -> contracts/market/UToken.sol:556
 written member    -> ('SV', 'contracts/market/UToken.sol', 'UToken.borrowIndex')
 potentially stale -> ('SV', 'contracts/market/UToken.sol', 'UToken.accountBorrows'), ('SV', 'contracts/market/UToken.sol', 'UToken.accrualBlockNumber')
 reader witnesses  -> 228
 storage exposures -> 1
[MV-SI candidate c4fefa1e7089a7bdd5ad] {accountBorrows, borrowIndex}
 writer root       -> contracts/market/UToken.sol::UToken.removeReserves(address,uint256)
 writer effect     -> contracts/market/UToken.sol:556
 written member    -> ('SV', 'contracts/market/UToken.sol', 'UToken.borrowIndex')
 potentially stale -> ('SV', 'contracts/market/UToken.sol', 'UToken.accountBorrows')
 reader witnesses  -> 171
 storage exposures -> 1
[MV-SI candidate c6fb9253811514344098] {_initialized, _initializing}
 writer root       -> contracts/asset/AaveAdapter.sol::AaveAdapter.__AaveAdapter_init(address,LendingPool)
 writer effect     -> @openzeppelin/contracts-upgradeable/proxy/utils/Initializable.sol:43
 written member    -> ('SV', '@openzeppelin/contracts-upgradeable/proxy/utils/Initializable.sol', 'Initializable._initializing')
 potentially stale -> ('SV', '@openzeppelin/contracts-upgradeable/proxy/utils/Initializable.sol', 'Initializable._initialized')
 reader witnesses  -> 1
 storage exposures -> 1
[MV-SI candidate c771ff99c490694ec3c0] {accountBorrows, borrowIndex}
 writer root       -> contracts/market/UToken.sol::UToken.mint(uint256)
 writer effect     -> contracts/market/UToken.sol:556
 written member    -> ('SV', 'contracts/market/UToken.sol', 'UToken.borrowIndex')
 potentially stale -> ('SV', 'contracts/market/UToken.sol', 'UToken.accountBorrows')
 reader witnesses  -> 171
 storage exposures -> 1
[MV-SI candidate c8bc72c09ab772aa693d] {debtCeiling, totalBorrows}
 writer root       -> contracts/market/UToken.sol::UToken.repayBorrowWithPermit(address,uint256,uint256,uint256,uint8,bytes32,bytes32)
 writer effect     -> contracts/market/UToken.sol:512
 written member    -> ('SV', 'contracts/market/UToken.sol', 'UToken.totalBorrows')
 potentially stale -> ('SV', 'contracts/market/UToken.sol', 'UToken.debtCeiling')
 reader witnesses  -> 6
 storage exposures -> 1
[MV-SI candidate c949421691fcc9efc651] {_roles, uToken}
 writer root       -> contracts/Controller.sol::Controller.__Controller_init(address)
 writer effect     -> @openzeppelin/contracts-upgradeable/access/AccessControlUpgradeable.sol:208
 written member    -> ('SV', '@openzeppelin/contracts-upgradeable/access/AccessControlUpgradeable.sol', 'AccessControlUpgradeable._roles')
 potentially stale -> ('SV', 'contracts/user/UserManager.sol', 'UserManager.uToken')
 reader witnesses  -> 6
 storage exposures -> 1
[MV-SI candidate ca4b2c13c71fd816cdaa] {accountBorrows, accrualBlockNumber, borrowIndex, maxBorrow, originationFee}
 writer root       -> contracts/market/UToken.sol::UToken.accrueInterest()
 writer effect     -> contracts/market/UToken.sol:555
 written member    -> ('SV', 'contracts/market/UToken.sol', 'UToken.accrualBlockNumber')
 potentially stale -> ('SV', 'contracts/market/UToken.sol', 'UToken.accountBorrows'), ('SV', 'contracts/market/UToken.sol', 'UToken.borrowIndex'), ('SV', 'contracts/market/UToken.sol', 'UToken.maxBorrow'), ('SV', 'contracts/market/UToken.sol', 'UToken.originationFee')
 reader witnesses  -> 79
 storage exposures -> 1
[MV-SI candidate ca55b9d594f815704558] {accountBorrows, accrualBlockNumber, borrowIndex, maxBorrow, originationFee}
 writer root       -> contracts/market/UToken.sol::UToken.repayBorrowWithPermit(address,uint256,uint256,uint256,uint8,bytes32,bytes32)
 writer effect     -> contracts/market/UToken.sol:555
 written member    -> ('SV', 'contracts/market/UToken.sol', 'UToken.accrualBlockNumber')
 potentially stale -> ('SV', 'contracts/market/UToken.sol', 'UToken.accountBorrows'), ('SV', 'contracts/market/UToken.sol', 'UToken.borrowIndex'), ('SV', 'contracts/market/UToken.sol', 'UToken.maxBorrow'), ('SV', 'contracts/market/UToken.sol', 'UToken.originationFee')
 reader witnesses  -> 79
 storage exposures -> 1
[MV-SI candidate ccbeaaf9cd22c1c012d9] {accountBorrows, accrualBlockNumber, borrowIndex, maxBorrow, originationFee}
 writer root       -> contracts/market/UToken.sol::UToken.repayBorrowBehalf(address,uint256)
 writer effect     -> contracts/market/UToken.sol:497
 written member    -> ('SV', 'contracts/market/UToken.sol', 'UToken.accountBorrows')
 potentially stale -> ('SV', 'contracts/market/UToken.sol', 'UToken.accrualBlockNumber'), ('SV', 'contracts/market/UToken.sol', 'UToken.borrowIndex'), ('SV', 'contracts/market/UToken.sol', 'UToken.maxBorrow'), ('SV', 'contracts/market/UToken.sol', 'UToken.originationFee')
 reader witnesses  -> 45
 storage exposures -> 1
[MV-SI candidate d022c2b41563e3271a12] {accountBorrows, accrualBlockNumber, borrowIndex, maxBorrow, originationFee}
 writer root       -> contracts/market/UToken.sol::UToken.repayBorrowBehalf(address,uint256)
 writer effect     -> contracts/market/UToken.sol:555
 written member    -> ('SV', 'contracts/market/UToken.sol', 'UToken.accrualBlockNumber')
 potentially stale -> ('SV', 'contracts/market/UToken.sol', 'UToken.accountBorrows'), ('SV', 'contracts/market/UToken.sol', 'UToken.borrowIndex'), ('SV', 'contracts/market/UToken.sol', 'UToken.maxBorrow'), ('SV', 'contracts/market/UToken.sol', 'UToken.originationFee')
 reader witnesses  -> 79
 storage exposures -> 1
[MV-SI candidate d038b41b0a750207125c] {_initialized, _initializing}
 writer root       -> contracts/tests/MarketRegistryMock.sol::MarketRegistryMock.__MarketRegistryMock_init()
 writer effect     -> @openzeppelin/contracts-upgradeable/proxy/utils/Initializable.sol:43
 written member    -> ('SV', '@openzeppelin/contracts-upgradeable/proxy/utils/Initializable.sol', 'Initializable._initializing')
 potentially stale -> ('SV', '@openzeppelin/contracts-upgradeable/proxy/utils/Initializable.sol', 'Initializable._initialized')
 reader witnesses  -> 1
 storage exposures -> 1
[MV-SI candidate d07d966426d1d52491fc] {accountBorrows, accrualBlockNumber, borrowIndex, maxBorrow, originationFee}
 writer root       -> contracts/market/UToken.sol::UToken.__UToken_init(IUErc20,address,uint256,uint256,uint256,uint256,uint256,uint256,uint256,address)
 writer effect     -> contracts/market/UToken.sol:128
 written member    -> ('SV', 'contracts/market/UToken.sol', 'UToken.maxBorrow')
 potentially stale -> ('SV', 'contracts/market/UToken.sol', 'UToken.accountBorrows'), ('SV', 'contracts/market/UToken.sol', 'UToken.accrualBlockNumber'), ('SV', 'contracts/market/UToken.sol', 'UToken.borrowIndex'), ('SV', 'contracts/market/UToken.sol', 'UToken.originationFee')
 reader witnesses  -> 97
 storage exposures -> 1
[MV-SI candidate d1d2d4d81836d5518ad1] {totalFrozen, totalStaked}
 writer root       -> contracts/user/UserManager.sol::UserManager.updateTotalFrozen(address,bool)
 writer effect     -> contracts/user/UserManager.sol:788
 written member    -> ('SV', 'contracts/user/UserManager.sol', 'UserManager.totalFrozen')
 potentially stale -> ('SV', 'contracts/user/UserManager.sol', 'UserManager.totalStaked')
 reader witnesses  -> 18
 storage exposures -> 1
[MV-SI candidate d28fb59acd64488b70ed] {initialExchangeRateMantissa, totalRedeemable}
 writer root       -> contracts/market/UToken.sol::UToken.__UToken_init(IUErc20,address,uint256,uint256,uint256,uint256,uint256,uint256,uint256,address)
 writer effect     -> contracts/market/UToken.sol:131
 written member    -> ('SV', 'contracts/market/UToken.sol', 'UToken.initialExchangeRateMantissa')
 potentially stale -> ('SV', 'contracts/market/UToken.sol', 'UToken.totalRedeemable')
 reader witnesses  -> 42
 storage exposures -> 1
[MV-SI candidate d418d8fb82129efe4d44] {_initialized, _initializing}
 writer root       -> contracts/tests/CompoundAdapterMock.sol::CompoundAdapterMock.__CompoundAdapterMock_init()
 writer effect     -> @openzeppelin/contracts-upgradeable/proxy/utils/Initializable.sol:37
 written member    -> ('SV', '@openzeppelin/contracts-upgradeable/proxy/utils/Initializable.sol', 'Initializable._initialized')
 potentially stale -> ('SV', '@openzeppelin/contracts-upgradeable/proxy/utils/Initializable.sol', 'Initializable._initializing')
 reader witnesses  -> 2
 storage exposures -> 1
[MV-SI candidate d5657b5d77c57b3380e3] {accountBorrows, borrowIndex}
 writer root       -> contracts/market/UToken.sol::UToken.debtWriteOff(address,uint256)
 writer effect     -> contracts/market/UToken.sol:709
 written member    -> ('SV', 'contracts/market/UToken.sol', 'UToken.accountBorrows')
 potentially stale -> ('SV', 'contracts/market/UToken.sol', 'UToken.borrowIndex')
 reader witnesses  -> 72
 storage exposures -> 1
[MV-SI candidate d924cd46484243ce559f] {accountBorrows, accrualBlockNumber, borrowIndex, maxBorrow, originationFee}
 writer root       -> contracts/market/UToken.sol::UToken.__UToken_init(IUErc20,address,uint256,uint256,uint256,uint256,uint256,uint256,uint256,address)
 writer effect     -> contracts/market/UToken.sol:134
 written member    -> ('SV', 'contracts/market/UToken.sol', 'UToken.borrowIndex')
 potentially stale -> ('SV', 'contracts/market/UToken.sol', 'UToken.accountBorrows'), ('SV', 'contracts/market/UToken.sol', 'UToken.accrualBlockNumber'), ('SV', 'contracts/market/UToken.sol', 'UToken.maxBorrow'), ('SV', 'contracts/market/UToken.sol', 'UToken.originationFee')
 reader witnesses  -> 78
 storage exposures -> 1
[MV-SI candidate dad37be520b79476c3de] {accountBorrows, accrualBlockNumber, borrowIndex}
 writer root       -> contracts/market/UToken.sol::UToken.removeReserves(address,uint256)
 writer effect     -> contracts/market/UToken.sol:555
 written member    -> ('SV', 'contracts/market/UToken.sol', 'UToken.accrualBlockNumber')
 potentially stale -> ('SV', 'contracts/market/UToken.sol', 'UToken.accountBorrows'), ('SV', 'contracts/market/UToken.sol', 'UToken.borrowIndex')
 reader witnesses  -> 231
 storage exposures -> 1
[MV-SI candidate dcabc449031dfd8ecdfa] {accountBorrows, accrualBlockNumber, borrowIndex, maxBorrow, originationFee}
 writer root       -> contracts/market/UToken.sol::UToken.borrow(uint256)
 writer effect     -> contracts/market/UToken.sol:555
 written member    -> ('SV', 'contracts/market/UToken.sol', 'UToken.accrualBlockNumber')
 potentially stale -> ('SV', 'contracts/market/UToken.sol', 'UToken.accountBorrows'), ('SV', 'contracts/market/UToken.sol', 'UToken.borrowIndex'), ('SV', 'contracts/market/UToken.sol', 'UToken.maxBorrow'), ('SV', 'contracts/market/UToken.sol', 'UToken.originationFee')
 reader witnesses  -> 79
 storage exposures -> 1
[MV-SI candidate dce1bf823a2d4cf58088] {members, stakers}
 writer root       -> contracts/user/UserManager.sol::UserManager.registerMember(address)
 writer effect     -> contracts/user/UserManager.sol:541
 written member    -> ('SV', 'contracts/user/UserManager.sol', 'UserManager.members')
 potentially stale -> ('SV', 'contracts/user/UserManager.sol', 'UserManager.stakers')
 reader witnesses  -> 50
 storage exposures -> 1
[MV-SI candidate ddf495af885733f54a7c] {totalFrozen, totalStaked}
 writer root       -> contracts/user/UserManager.sol::UserManager.batchUpdateTotalFrozen(address[],bool[])
 writer effect     -> contracts/user/UserManager.sol:786
 written member    -> ('SV', 'contracts/user/UserManager.sol', 'UserManager.totalFrozen')
 potentially stale -> ('SV', 'contracts/user/UserManager.sol', 'UserManager.totalStaked')
 reader witnesses  -> 18
 storage exposures -> 1
[MV-SI candidate de4150a494368dd29d63] {debtCeiling, totalBorrows}
 writer root       -> contracts/market/UToken.sol::UToken.redeemUnderlying(uint256)
 writer effect     -> contracts/market/UToken.sol:557
 written member    -> ('SV', 'contracts/market/UToken.sol', 'UToken.totalBorrows')
 potentially stale -> ('SV', 'contracts/market/UToken.sol', 'UToken.debtCeiling')
 reader witnesses  -> 6
 storage exposures -> 1
[MV-SI candidate df29f7576f9c8f9d3ace] {_roles, uToken}
 writer root       -> contracts/user/UserManager.sol::UserManager.setUToken(address)
 writer effect     -> contracts/user/UserManager.sol:157
 written member    -> ('SV', 'contracts/user/UserManager.sol', 'UserManager.uToken')
 potentially stale -> ('SV', '@openzeppelin/contracts-upgradeable/access/AccessControlUpgradeable.sol', 'AccessControlUpgradeable._roles')
 reader witnesses  -> 9
 storage exposures -> 1
[MV-SI candidate df77dbf0720ef1eab675] {accountBorrows, overdueBlocks}
 writer root       -> contracts/market/UToken.sol::UToken.repayBorrow(uint256)
 writer effect     -> contracts/market/UToken.sol:492
 written member    -> ('SV', 'contracts/market/UToken.sol', 'UToken.accountBorrows')
 potentially stale -> ('SV', 'contracts/market/UToken.sol', 'UToken.overdueBlocks')
 reader witnesses  -> 30
 storage exposures -> 1
[MV-SI candidate dfa83a512bfadfc51ef9] {_initialized, _initializing}
 writer root       -> contracts/tests/UTokenMock.sol::UTokenMock.__UToken_init()
 writer effect     -> @openzeppelin/contracts-upgradeable/proxy/utils/Initializable.sol:37
 written member    -> ('SV', '@openzeppelin/contracts-upgradeable/proxy/utils/Initializable.sol', 'Initializable._initialized')
 potentially stale -> ('SV', '@openzeppelin/contracts-upgradeable/proxy/utils/Initializable.sol', 'Initializable._initializing')
 reader witnesses  -> 2
 storage exposures -> 1
[MV-SI candidate dfc5b0414c1bc3870b2e] {accountBorrows, accrualBlockNumber, borrowIndex, maxBorrow, originationFee}
 writer root       -> contracts/market/UToken.sol::UToken.removeReserves(address,uint256)
 writer effect     -> contracts/market/UToken.sol:556
 written member    -> ('SV', 'contracts/market/UToken.sol', 'UToken.borrowIndex')
 potentially stale -> ('SV', 'contracts/market/UToken.sol', 'UToken.accountBorrows'), ('SV', 'contracts/market/UToken.sol', 'UToken.accrualBlockNumber'), ('SV', 'contracts/market/UToken.sol', 'UToken.maxBorrow'), ('SV', 'contracts/market/UToken.sol', 'UToken.originationFee')
 reader witnesses  -> 78
 storage exposures -> 1
[MV-SI candidate e0f01c8e4587e6df1218] {accountBorrows, accrualBlockNumber, borrowIndex}
 writer root       -> contracts/market/UToken.sol::UToken.redeem(uint256)
 writer effect     -> contracts/market/UToken.sol:556
 written member    -> ('SV', 'contracts/market/UToken.sol', 'UToken.borrowIndex')
 potentially stale -> ('SV', 'contracts/market/UToken.sol', 'UToken.accountBorrows'), ('SV', 'contracts/market/UToken.sol', 'UToken.accrualBlockNumber')
 reader witnesses  -> 228
 storage exposures -> 1
[MV-SI candidate e14a4004dae56f573afb] {accountBorrows, accrualBlockNumber, borrowIndex, maxBorrow, originationFee}
 writer root       -> contracts/market/UToken.sol::UToken.repayBorrow(uint256)
 writer effect     -> contracts/market/UToken.sol:556
 written member    -> ('SV', 'contracts/market/UToken.sol', 'UToken.borrowIndex')
 potentially stale -> ('SV', 'contracts/market/UToken.sol', 'UToken.accountBorrows'), ('SV', 'contracts/market/UToken.sol', 'UToken.accrualBlockNumber'), ('SV', 'contracts/market/UToken.sol', 'UToken.maxBorrow'), ('SV', 'contracts/market/UToken.sol', 'UToken.originationFee')
 reader witnesses  -> 78
 storage exposures -> 1
[MV-SI candidate e1b88506402b2c78607a] {accountBorrows, accrualBlockNumber, borrowIndex, maxBorrow, originationFee}
 writer root       -> contracts/market/UToken.sol::UToken.__UToken_init(IUErc20,address,uint256,uint256,uint256,uint256,uint256,uint256,uint256,address)
 writer effect     -> contracts/market/UToken.sol:126
 written member    -> ('SV', 'contracts/market/UToken.sol', 'UToken.originationFee')
 potentially stale -> ('SV', 'contracts/market/UToken.sol', 'UToken.accountBorrows'), ('SV', 'contracts/market/UToken.sol', 'UToken.accrualBlockNumber'), ('SV', 'contracts/market/UToken.sol', 'UToken.borrowIndex'), ('SV', 'contracts/market/UToken.sol', 'UToken.maxBorrow')
 reader witnesses  -> 97
 storage exposures -> 1
[MV-SI candidate e5c240ac284152373ef3] {members, stakers}
 writer root       -> contracts/user/UserManager.sol::UserManager.cancelVouch(address,address)
 writer effect     -> contracts/user/UserManager.sol:509
 written member    -> ('SV', 'contracts/user/UserManager.sol', 'UserManager.members')
 potentially stale -> ('SV', 'contracts/user/UserManager.sol', 'UserManager.stakers')
 reader witnesses  -> 50
 storage exposures -> 1
[MV-SI candidate e638c7d2f1fb80908569] {accountBorrows, accrualBlockNumber, borrowIndex}
 writer root       -> contracts/market/UToken.sol::UToken.debtWriteOff(address,uint256)
 writer effect     -> contracts/market/UToken.sol:709
 written member    -> ('SV', 'contracts/market/UToken.sol', 'UToken.accountBorrows')
 potentially stale -> ('SV', 'contracts/market/UToken.sol', 'UToken.accrualBlockNumber'), ('SV', 'contracts/market/UToken.sol', 'UToken.borrowIndex')
 reader witnesses  -> 129
 storage exposures -> 1
[MV-SI candidate e6e401b02617aa6efc30] {_initialized, _initializing}
 writer root       -> contracts/asset/AssetManager.sol::AssetManager.__AssetManager_init(address)
 writer effect     -> @openzeppelin/contracts-upgradeable/proxy/utils/Initializable.sol:43
 written member    -> ('SV', '@openzeppelin/contracts-upgradeable/proxy/utils/Initializable.sol', 'Initializable._initializing')
 potentially stale -> ('SV', '@openzeppelin/contracts-upgradeable/proxy/utils/Initializable.sol', 'Initializable._initialized')
 reader witnesses  -> 1
 storage exposures -> 1
[MV-SI candidate e85f41c1620083b1eae8] {_initialized, _initializing}
 writer root       -> contracts/market/MarketRegistry.sol::MarketRegistry.__MarketRegistry_init()
 writer effect     -> @openzeppelin/contracts-upgradeable/proxy/utils/Initializable.sol:43
 written member    -> ('SV', '@openzeppelin/contracts-upgradeable/proxy/utils/Initializable.sol', 'Initializable._initializing')
 potentially stale -> ('SV', '@openzeppelin/contracts-upgradeable/proxy/utils/Initializable.sol', 'Initializable._initialized')
 reader witnesses  -> 1
 storage exposures -> 1
[MV-SI candidate e918a104a4582dd05bef] {accountBorrows, overdueBlocks}
 writer root       -> contracts/market/UToken.sol::UToken.repayBorrowWithPermit(address,uint256,uint256,uint256,uint8,bytes32,bytes32)
 writer effect     -> contracts/market/UToken.sol:493
 written member    -> ('SV', 'contracts/market/UToken.sol', 'UToken.accountBorrows')
 potentially stale -> ('SV', 'contracts/market/UToken.sol', 'UToken.overdueBlocks')
 reader witnesses  -> 30
 storage exposures -> 1
[MV-SI candidate e9e4616e611754193037] {accountBorrows, overdueBlocks}
 writer root       -> contracts/market/UToken.sol::UToken.repayBorrow(uint256)
 writer effect     -> contracts/market/UToken.sol:497
 written member    -> ('SV', 'contracts/market/UToken.sol', 'UToken.accountBorrows')
 potentially stale -> ('SV', 'contracts/market/UToken.sol', 'UToken.overdueBlocks')
 reader witnesses  -> 30
 storage exposures -> 1
[MV-SI candidate eab29f9f9700cedcf17d] {_initialized, _initializing}
 writer root       -> contracts/asset/PureTokenAdapter.sol::PureTokenAdapter.__PureTokenAdapter_init(address)
 writer effect     -> @openzeppelin/contracts-upgradeable/proxy/utils/Initializable.sol:37
 written member    -> ('SV', '@openzeppelin/contracts-upgradeable/proxy/utils/Initializable.sol', 'Initializable._initialized')
 potentially stale -> ('SV', '@openzeppelin/contracts-upgradeable/proxy/utils/Initializable.sol', 'Initializable._initializing')
 reader witnesses  -> 2
 storage exposures -> 1
[MV-SI candidate eb376e8370202063cd21] {_initialized, _initializing}
 writer root       -> contracts/asset/CompoundAdapter.sol::CompoundAdapter.__CompoundAdapter_init(address)
 writer effect     -> @openzeppelin/contracts-upgradeable/proxy/utils/Initializable.sol:36
 written member    -> ('SV', '@openzeppelin/contracts-upgradeable/proxy/utils/Initializable.sol', 'Initializable._initializing')
 potentially stale -> ('SV', '@openzeppelin/contracts-upgradeable/proxy/utils/Initializable.sol', 'Initializable._initialized')
 reader witnesses  -> 1
 storage exposures -> 1
[MV-SI candidate ec10e18a6622690380a5] {accountBorrows, accrualBlockNumber, borrowIndex, maxBorrow, originationFee}
 writer root       -> contracts/market/UToken.sol::UToken.balanceOfUnderlying(address)
 writer effect     -> contracts/market/UToken.sol:556
 written member    -> ('SV', 'contracts/market/UToken.sol', 'UToken.borrowIndex')
 potentially stale -> ('SV', 'contracts/market/UToken.sol', 'UToken.accountBorrows'), ('SV', 'contracts/market/UToken.sol', 'UToken.accrualBlockNumber'), ('SV', 'contracts/market/UToken.sol', 'UToken.maxBorrow'), ('SV', 'contracts/market/UToken.sol', 'UToken.originationFee')
 reader witnesses  -> 78
 storage exposures -> 1
[MV-SI candidate ecbe05a550760b9d5ebe] {members, stakers}
 writer root       -> contracts/user/UserManager.sol::UserManager.batchUpdateTotalFrozen(address[],bool[])
 writer effect     -> contracts/user/UserManager.sol:767
 written member    -> ('SV', 'contracts/user/UserManager.sol', 'UserManager.members')
 potentially stale -> ('SV', 'contracts/user/UserManager.sol', 'UserManager.stakers')
 reader witnesses  -> 50
 storage exposures -> 1
[MV-SI candidate ee734fc02a80794363b5] {accountBorrows, accrualBlockNumber, borrowIndex, maxBorrow, originationFee}
 writer root       -> contracts/market/UToken.sol::UToken.debtWriteOff(address,uint256)
 writer effect     -> contracts/market/UToken.sol:709
 written member    -> ('SV', 'contracts/market/UToken.sol', 'UToken.accountBorrows')
 potentially stale -> ('SV', 'contracts/market/UToken.sol', 'UToken.accrualBlockNumber'), ('SV', 'contracts/market/UToken.sol', 'UToken.borrowIndex'), ('SV', 'contracts/market/UToken.sol', 'UToken.maxBorrow'), ('SV', 'contracts/market/UToken.sol', 'UToken.originationFee')
 reader witnesses  -> 45
 storage exposures -> 1
[MV-SI candidate f05f9519ff439e7a65ec] {_roles, uToken}
 writer root       -> contracts/user/UserManager.sol::UserManager.__UserManager_init(address,address,address,address,address,address)
 writer effect     -> @openzeppelin/contracts-upgradeable/access/AccessControlUpgradeable.sol:208
 written member    -> ('SV', '@openzeppelin/contracts-upgradeable/access/AccessControlUpgradeable.sol', 'AccessControlUpgradeable._roles')
 potentially stale -> ('SV', 'contracts/user/UserManager.sol', 'UserManager.uToken')
 reader witnesses  -> 6
 storage exposures -> 1
[MV-SI candidate f0d0819a1a1d2d6f447e] {accountBorrows, accrualBlockNumber, borrowIndex}
 writer root       -> contracts/market/UToken.sol::UToken.__UToken_init(IUErc20,address,uint256,uint256,uint256,uint256,uint256,uint256,uint256,address)
 writer effect     -> contracts/market/UToken.sol:133
 written member    -> ('SV', 'contracts/market/UToken.sol', 'UToken.accrualBlockNumber')
 potentially stale -> ('SV', 'contracts/market/UToken.sol', 'UToken.accountBorrows'), ('SV', 'contracts/market/UToken.sol', 'UToken.borrowIndex')
 reader witnesses  -> 231
 storage exposures -> 1
[MV-SI candidate f23e6410a39dea9012f2] {_initialized, _initializing}
 writer root       -> contracts/token/Comptroller.sol::Comptroller.__Comptroller_init(address,address)
 writer effect     -> @openzeppelin/contracts-upgradeable/proxy/utils/Initializable.sol:43
 written member    -> ('SV', '@openzeppelin/contracts-upgradeable/proxy/utils/Initializable.sol', 'Initializable._initializing')
 potentially stale -> ('SV', '@openzeppelin/contracts-upgradeable/proxy/utils/Initializable.sol', 'Initializable._initialized')
 reader witnesses  -> 1
 storage exposures -> 1
[MV-SI candidate f3782dd24d96b67e6e63] {accountBorrows, accrualBlockNumber, borrowIndex, maxBorrow, originationFee}
 writer root       -> contracts/market/UToken.sol::UToken.repayBorrowBehalf(address,uint256)
 writer effect     -> contracts/market/UToken.sol:556
 written member    -> ('SV', 'contracts/market/UToken.sol', 'UToken.borrowIndex')
 potentially stale -> ('SV', 'contracts/market/UToken.sol', 'UToken.accountBorrows'), ('SV', 'contracts/market/UToken.sol', 'UToken.accrualBlockNumber'), ('SV', 'contracts/market/UToken.sol', 'UToken.maxBorrow'), ('SV', 'contracts/market/UToken.sol', 'UToken.originationFee')
 reader witnesses  -> 78
 storage exposures -> 1
[MV-SI candidate f625044e49fba4d25865] {debtCeiling, totalBorrows}
 writer root       -> contracts/market/UToken.sol::UToken.accrueInterest()
 writer effect     -> contracts/market/UToken.sol:557
 written member    -> ('SV', 'contracts/market/UToken.sol', 'UToken.totalBorrows')
 potentially stale -> ('SV', 'contracts/market/UToken.sol', 'UToken.debtCeiling')
 reader witnesses  -> 6
 storage exposures -> 1
[MV-SI candidate f6d79ab565ddcf8da808] {members, stakers}
 writer root       -> contracts/user/UserManager.sol::UserManager.updateTrust(address,uint256)
 writer effect     -> contracts/user/UserManager.sol:459
 written member    -> ('SV', 'contracts/user/UserManager.sol', 'UserManager.members')
 potentially stale -> ('SV', 'contracts/user/UserManager.sol', 'UserManager.stakers')
 reader witnesses  -> 50
 storage exposures -> 1
[MV-SI candidate f726f59de4d65ac08abb] {debtCeiling, totalBorrows}
 writer root       -> contracts/market/UToken.sol::UToken.mint(uint256)
 writer effect     -> contracts/market/UToken.sol:557
 written member    -> ('SV', 'contracts/market/UToken.sol', 'UToken.totalBorrows')
 potentially stale -> ('SV', 'contracts/market/UToken.sol', 'UToken.debtCeiling')
 reader witnesses  -> 6
 storage exposures -> 1
[MV-SI candidate f81457c79506e355332f] {accountBorrows, accrualBlockNumber, borrowIndex, maxBorrow, originationFee}
 writer root       -> contracts/market/UToken.sol::UToken.mint(uint256)
 writer effect     -> contracts/market/UToken.sol:555
 written member    -> ('SV', 'contracts/market/UToken.sol', 'UToken.accrualBlockNumber')
 potentially stale -> ('SV', 'contracts/market/UToken.sol', 'UToken.accountBorrows'), ('SV', 'contracts/market/UToken.sol', 'UToken.borrowIndex'), ('SV', 'contracts/market/UToken.sol', 'UToken.maxBorrow'), ('SV', 'contracts/market/UToken.sol', 'UToken.originationFee')
 reader witnesses  -> 79
 storage exposures -> 1
[MV-SI candidate f87306214a98e3886c6e] {accountBorrows, overdueBlocks}
 writer root       -> contracts/market/UToken.sol::UToken.__UToken_init(IUErc20,address,uint256,uint256,uint256,uint256,uint256,uint256,uint256,address)
 writer effect     -> contracts/market/UToken.sol:130
 written member    -> ('SV', 'contracts/market/UToken.sol', 'UToken.overdueBlocks')
 potentially stale -> ('SV', 'contracts/market/UToken.sol', 'UToken.accountBorrows')
 reader witnesses  -> 285
 storage exposures -> 1
[MV-SI candidate f8de60179ca9b0be2dea] {initialExchangeRateMantissa, totalRedeemable}
 writer root       -> contracts/market/UToken.sol::UToken.redeem(uint256)
 writer effect     -> contracts/market/UToken.sol:653
 written member    -> ('SV', 'contracts/market/UToken.sol', 'UToken.totalRedeemable')
 potentially stale -> ('SV', 'contracts/market/UToken.sol', 'UToken.initialExchangeRateMantissa')
 reader witnesses  -> 9
 storage exposures -> 1
[MV-SI candidate faec50a8a8ffb721366e] {_roles, uToken}
 writer root       -> @openzeppelin/contracts-upgradeable/access/AccessControlUpgradeable.sol::AccessControlUpgradeable.revokeRole(bytes32,address)
 writer effect     -> @openzeppelin/contracts-upgradeable/access/AccessControlUpgradeable.sol:215
 written member    -> ('SV', '@openzeppelin/contracts-upgradeable/access/AccessControlUpgradeable.sol', 'AccessControlUpgradeable._roles')
 potentially stale -> ('SV', 'contracts/user/UserManager.sol', 'UserManager.uToken')
 reader witnesses  -> 6
 storage exposures -> 1
[MV-SI candidate fb45395f1bedb83d7131] {members, stakers}
 writer root       -> contracts/user/UserManager.sol::UserManager.updateTrust(address,uint256)
 writer effect     -> contracts/user/UserManager.sol:452
 written member    -> ('SV', 'contracts/user/UserManager.sol', 'UserManager.members')
 potentially stale -> ('SV', 'contracts/user/UserManager.sol', 'UserManager.stakers')
 reader witnesses  -> 50
 storage exposures -> 1
[MV-SI candidate fc69944d4fc52df724f4] {members, stakers}
 writer root       -> contracts/user/UserManager.sol::UserManager.registerMember(address)
 writer effect     -> contracts/user/UserManager.sol:552
 written member    -> ('SV', 'contracts/user/UserManager.sol', 'UserManager.members')
 potentially stale -> ('SV', 'contracts/user/UserManager.sol', 'UserManager.stakers')
 reader witnesses  -> 50
 storage exposures -> 1
[MV-SI candidate fc8f0aabbcafed5db191] {members, stakers}
 writer root       -> contracts/user/UserManager.sol::UserManager.updateTrust(address,uint256)
 writer effect     -> contracts/user/UserManager.sol:435
 written member    -> ('SV', 'contracts/user/UserManager.sol', 'UserManager.members')
 potentially stale -> ('SV', 'contracts/user/UserManager.sol', 'UserManager.stakers')
 reader witnesses  -> 50
 storage exposures -> 1
[MV-SI candidate fea8244f0daf44200406] {members, stakers}
 writer root       -> contracts/user/UserManager.sol::UserManager.cancelVouch(address,address)
 writer effect     -> contracts/user/UserManager.sol:499
 written member    -> ('SV', 'contracts/user/UserManager.sol', 'UserManager.members')
 potentially stale -> ('SV', 'contracts/user/UserManager.sol', 'UserManager.stakers')
 reader witnesses  -> 50
 storage exposures -> 1Reference: https://github.com/crytic/slither/wiki/Detector-Documentation
[mvscan-config] {"ATOMIC_GROUP": [], "DIVERGENCE_BUDGET": 1000, "ENABLE_BRANCH_GROUPS": true, "ENABLE_EXTERNAL_STATE": true, "ENABLE_MULTI_RETURN_GROUPS": true, "MAPPING_MODE": "base_collapsed", "MERGE_OVERLOADS": false, "MVSCAN_ABLATION": "mapping_insensitive", "MVSCAN_CONTEXTUAL_KEYS": true, "MVSCAN_INCLUDE_SCALAR_WITNESSES": false, "MVSCAN_INTERFACE_DISPATCH": false, "MVSCAN_MAX_CONTEXTS_PER_OWNER_BLOCK": 128, "MVSCAN_MAX_DISPATCH_TARGETS": 16, "MVSCAN_REQUIRE_DISTINCT_OUTER_ROOTS": false, "MVSCAN_ROOT_CONTEXT_SINKS": false, "NOOP_WRITE_FILTER": true, "REQUIRE_SAME_SLOT_KEY": false, "SINK_TEST": "none", "USER_CALLABLE_ALWAYS": [], "USER_CALLABLE_DENY": []}
[mvscan-stage] icfg-built blocks=10 vars=2
[mvscan-stage] root-seeding-done eligible_exposures=1 seeded=1 multi_exposure_entry_blocks=0 collapsed_contextual_aliases=0 excluded_dependency=0 excluded_interface=0 excluded_library=0 excluded_abstract=0 missing_entry_point=0 missing_entry_block=0
[mvscan-pairs] call_target_digest=4f53cda18c2baa0c0354bb5f9a3ecbe5ed12ab4d8e11ba873c2f11161202b945 candidate_count=0 candidate_digest=4f53cda18c2baa0c0354bb5f9a3ecbe5ed12ab4d8e11ba873c2f11161202b945 context_instance_count=0 execution_context_digest=adcf9d9c1c84b046680de5228732d2e3b7d0b040a6f7c92dc8ac46b7fa563a24 invalid_partial_write_filtered=0 must_full_relation_filtered=0 omitted_member_evidence_filtered=0 omitted_member_not_sensitive_filtered=0 owner_context_pairs=0 owner_context_pairs_considered=0 reader_witness_count=0 relation_context_incompatible=0 relation_digest=4f53cda18c2baa0c0354bb5f9a3ecbe5ed12ab4d8e11ba873c2f11161202b945 relation_origins_rejected_unreachable=2 root_context_sink_filtered=0 same_outer_root_filtered=0 scalar_variables_skipped=1 storage_context_mismatch=0 variables_considered=1
[mvscan-config] {"ATOMIC_GROUP": [], "DIVERGENCE_BUDGET": 1000, "ENABLE_BRANCH_GROUPS": true, "ENABLE_EXTERNAL_STATE": true, "ENABLE_MULTI_RETURN_GROUPS": true, "MAPPING_MODE": "base_collapsed", "MERGE_OVERLOADS": false, "MVSCAN_ABLATION": "mapping_insensitive", "MVSCAN_CONTEXTUAL_KEYS": true, "MVSCAN_INCLUDE_SCALAR_WITNESSES": false, "MVSCAN_INTERFACE_DISPATCH": false, "MVSCAN_MAX_CONTEXTS_PER_OWNER_BLOCK": 128, "MVSCAN_MAX_DISPATCH_TARGETS": 16, "MVSCAN_REQUIRE_DISTINCT_OUTER_ROOTS": false, "MVSCAN_ROOT_CONTEXT_SINKS": false, "NOOP_WRITE_FILTER": true, "REQUIRE_SAME_SLOT_KEY": false, "SINK_TEST": "none", "USER_CALLABLE_ALWAYS": [], "USER_CALLABLE_DENY": []}
[mvscan-stage] icfg-built blocks=93 vars=2
[mvscan-stage] root-seeding-done eligible_exposures=1 seeded=1 multi_exposure_entry_blocks=0 collapsed_contextual_aliases=0 excluded_dependency=0 excluded_interface=0 excluded_library=0 excluded_abstract=0 missing_entry_point=0 missing_entry_block=0
[mvscan-pairs] call_target_digest=d7883c1803c88c7242f39d32149f710de28876633fda76b330fd7f79c83b0510 candidate_count=0 candidate_digest=4f53cda18c2baa0c0354bb5f9a3ecbe5ed12ab4d8e11ba873c2f11161202b945 context_instance_count=0 execution_context_digest=9f014ee6bbc6d276f8b69106869a28267884caf5386544cb9b5dd2b91b754c60 invalid_partial_write_filtered=0 must_full_relation_filtered=0 omitted_member_evidence_filtered=0 omitted_member_not_sensitive_filtered=0 owner_context_pairs=0 owner_context_pairs_considered=0 reader_witness_count=0 relation_context_incompatible=0 relation_digest=4f53cda18c2baa0c0354bb5f9a3ecbe5ed12ab4d8e11ba873c2f11161202b945 root_context_sink_filtered=0 same_outer_root_filtered=0 scalar_variables_skipped=1 storage_context_mismatch=0 variables_considered=1
[mvscan-config] {"ATOMIC_GROUP": [], "DIVERGENCE_BUDGET": 1000, "ENABLE_BRANCH_GROUPS": true, "ENABLE_EXTERNAL_STATE": true, "ENABLE_MULTI_RETURN_GROUPS": true, "MAPPING_MODE": "base_collapsed", "MERGE_OVERLOADS": false, "MVSCAN_ABLATION": "mapping_insensitive", "MVSCAN_CONTEXTUAL_KEYS": true, "MVSCAN_INCLUDE_SCALAR_WITNESSES": false, "MVSCAN_INTERFACE_DISPATCH": false, "MVSCAN_MAX_CONTEXTS_PER_OWNER_BLOCK": 128, "MVSCAN_MAX_DISPATCH_TARGETS": 16, "MVSCAN_REQUIRE_DISTINCT_OUTER_ROOTS": false, "MVSCAN_ROOT_CONTEXT_SINKS": false, "NOOP_WRITE_FILTER": true, "REQUIRE_SAME_SLOT_KEY": false, "SINK_TEST": "none", "USER_CALLABLE_ALWAYS": [], "USER_CALLABLE_DENY": []}
[mvscan-stage] icfg-built blocks=49 vars=8
[mvscan-stage] root-seeding-done eligible_exposures=21 seeded=21 multi_exposure_entry_blocks=0 collapsed_contextual_aliases=0 excluded_dependency=0 excluded_interface=0 excluded_library=0 excluded_abstract=0 missing_entry_point=0 missing_entry_block=0
[mvscan-pairs] call_target_digest=4f53cda18c2baa0c0354bb5f9a3ecbe5ed12ab4d8e11ba873c2f11161202b945 candidate_count=0 candidate_digest=4f53cda18c2baa0c0354bb5f9a3ecbe5ed12ab4d8e11ba873c2f11161202b945 context_instance_count=0 execution_context_digest=c4dda33b188eca5f2f233505cad0a8fee65aec879fcc60c36056886367439185 invalid_partial_write_filtered=0 must_full_relation_filtered=0 omitted_member_evidence_filtered=0 omitted_member_not_sensitive_filtered=0 owner_context_pairs=0 owner_context_pairs_considered=0 reader_witness_count=0 relation_context_incompatible=0 relation_digest=4f53cda18c2baa0c0354bb5f9a3ecbe5ed12ab4d8e11ba873c2f11161202b945 relation_origins_rejected_unreachable=5 root_context_sink_filtered=0 same_outer_root_filtered=0 scalar_variables_skipped=6 storage_context_mismatch=0 variables_considered=6
INFO:Slither:. analyzed (103 contracts with 1 detectors), 243 result(s) found
