Problem executing hardhat to fetch configuration, using defaults: [Errno 2] No such file or directory: 'hardhat'
[mvscan-config] {"ATOMIC_GROUP": [], "DIVERGENCE_BUDGET": 1000, "ENABLE_BRANCH_GROUPS": true, "ENABLE_EXTERNAL_STATE": true, "ENABLE_MULTI_RETURN_GROUPS": false, "MAPPING_MODE": "precise", "MERGE_OVERLOADS": false, "MVSCAN_ABLATION": "no_multi_return_groups", "MVSCAN_CONTEXTUAL_KEYS": true, "MVSCAN_INCLUDE_SCALAR_WITNESSES": false, "MVSCAN_INTERFACE_DISPATCH": false, "MVSCAN_MAX_CONTEXTS_PER_OWNER_BLOCK": 128, "MVSCAN_MAX_DISPATCH_TARGETS": 16, "MVSCAN_REQUIRE_DISTINCT_OUTER_ROOTS": false, "MVSCAN_ROOT_CONTEXT_SINKS": false, "NOOP_WRITE_FILTER": true, "REQUIRE_SAME_SLOT_KEY": true, "SINK_TEST": "none", "USER_CALLABLE_ALWAYS": [], "USER_CALLABLE_DENY": []}
[mvscan-stage] icfg-built blocks=0 vars=0
[mvscan-stage] root-seeding-done eligible_exposures=0 seeded=0 multi_exposure_entry_blocks=0 collapsed_contextual_aliases=0 excluded_dependency=0 excluded_interface=4 excluded_library=0 excluded_abstract=0 missing_entry_point=0 missing_entry_block=0
[mvscan-pairs] call_target_digest=4f53cda18c2baa0c0354bb5f9a3ecbe5ed12ab4d8e11ba873c2f11161202b945 candidate_count=0 candidate_digest=4f53cda18c2baa0c0354bb5f9a3ecbe5ed12ab4d8e11ba873c2f11161202b945 context_instance_count=0 execution_context_digest=4f53cda18c2baa0c0354bb5f9a3ecbe5ed12ab4d8e11ba873c2f11161202b945 invalid_partial_write_filtered=0 must_full_relation_filtered=0 omitted_member_evidence_filtered=0 omitted_member_not_sensitive_filtered=0 owner_context_pairs=0 owner_context_pairs_considered=0 reader_witness_count=0 relation_context_incompatible=0 relation_digest=4f53cda18c2baa0c0354bb5f9a3ecbe5ed12ab4d8e11ba873c2f11161202b945 root_context_sink_filtered=0 same_outer_root_filtered=0 storage_context_mismatch=0
[mvscan-config] {"ATOMIC_GROUP": [], "DIVERGENCE_BUDGET": 1000, "ENABLE_BRANCH_GROUPS": true, "ENABLE_EXTERNAL_STATE": true, "ENABLE_MULTI_RETURN_GROUPS": false, "MAPPING_MODE": "precise", "MERGE_OVERLOADS": false, "MVSCAN_ABLATION": "no_multi_return_groups", "MVSCAN_CONTEXTUAL_KEYS": true, "MVSCAN_INCLUDE_SCALAR_WITNESSES": false, "MVSCAN_INTERFACE_DISPATCH": false, "MVSCAN_MAX_CONTEXTS_PER_OWNER_BLOCK": 128, "MVSCAN_MAX_DISPATCH_TARGETS": 16, "MVSCAN_REQUIRE_DISTINCT_OUTER_ROOTS": false, "MVSCAN_ROOT_CONTEXT_SINKS": false, "NOOP_WRITE_FILTER": true, "REQUIRE_SAME_SLOT_KEY": true, "SINK_TEST": "none", "USER_CALLABLE_ALWAYS": [], "USER_CALLABLE_DENY": []}
[mvscan-stage] icfg-built blocks=3056 vars=241
[mvscan-stage] root-seeding-done eligible_exposures=167 seeded=132 multi_exposure_entry_blocks=18 collapsed_contextual_aliases=35 excluded_dependency=0 excluded_interface=131 excluded_library=0 excluded_abstract=22 missing_entry_point=0 missing_entry_block=0
[mvscan-pairs] call_target_digest=34356ea2198a795b760e91194a219839f408b30117e4376b026d02b4c09ea30b candidate_count=1024 candidate_digest=6707de2e2c3ec331a004afbc01f0e018bdceefdcfd02b6604a144ec223286f8b context_instance_count=10497 eligible_readers=1666 eligible_writers=1122 execution_context_digest=67bb3ee89aabd744b8bed3cb17e98de2dec2782527aa46769b41ed6fbaaf783d insensitive_readers_filtered=739 invalid_partial_write_filtered=116 must_full_relation_filtered=29 omitted_member_evidence_filtered=0 omitted_member_not_sensitive_filtered=237 owner_context_pairs=15991 owner_context_pairs_considered=291919 raw_block_pairs=74346 reader_witness_count=15991 relation_base_members_shadowed=58 relation_context_incompatible=271522 relation_digest=809e0a373ed946cf5c276e7fb0e78ced96eaf454b6b3127dcaeaa88dc7a1fb9d relation_members_raw=307 relation_origins_registered=47 relation_origins_rejected_unary_after_shadowing=129 relation_origins_seen=176 relation_unbound_key_templates=543 root_context_sink_filtered=0 same_outer_root_filtered=0 same_static_block_filtered=778 scalar_variables_skipped=180 storage_context_mismatch=4024 variables_considered=227
INFO:Detectors:

[MV-SI candidate 00b1eb42771b75e80c0d] {index[@local::contracts/RCOrderbook.sol::RCOrderbook.cleanWastePile()::LocalVariable::_user_1][@local::contracts/RCOrderbook.sol::RCOrderbook.cleanWastePile()::LocalVariable::_market_1][@local::contracts/RCOrderbook.sol::RCOrderbook.cleanWastePile()::LocalVariable::_card_1], user}
 writer root       -> contracts/RCOrderbook.sol::RCOrderbook.cleanWastePile()
 writer effect     -> contracts/RCOrderbook.sol:805
 written member    -> ('MS', 'contracts/RCOrderbook.sol', 'RCOrderbook.index', '@local::contracts/RCOrderbook.sol::RCOrderbook.cleanWastePile()::LocalVariable::_user_1][@local::contracts/RCOrderbook.sol::RCOrderbook.cleanWastePile()::LocalVariable::_market_1][@local::contracts/RCOrderbook.sol::RCOrderbook.cleanWastePile()::LocalVariable::_card_1')
 potentially stale -> ('SV', 'contracts/RCOrderbook.sol', 'RCOrderbook.user')
 reader witnesses  -> 226
 storage exposures -> 1
[MV-SI candidate 00b299cb4363445e5252] {marketCloseLimit, user}
 writer root       -> contracts/RCOrderbook.sol::RCOrderbook.setTimeHeldlimit(address,uint256,uint256)
 writer effect     -> contracts/RCOrderbook.sol:830
 written member    -> ('SV', 'contracts/RCOrderbook.sol', 'RCOrderbook.user')
 potentially stale -> ('SV', 'contracts/RCOrderbook.sol', 'RCOrderbook.marketCloseLimit')
 reader witnesses  -> 4
 storage exposures -> 1
[MV-SI candidate 00e570b071bc029eccf5] {leaderboard, leaderboardIndex[@local::contracts/RCLeaderboard.sol::RCLeaderboard.updateLeaderboard(address,uint256,uint256)::LocalVariable::_market_1][@local::contracts/RCLeaderboard.sol::RCLeaderboard.updateLeaderboard(address,uint256,uint256)::LocalVariable::_market_1][$arg1], leaderboardIndex[@local::contracts/RCLeaderboard.sol::RCLeaderboard.updateLeaderboard(address,uint256,uint256)::LocalVariable::lastUserOnLeaderboard_1][@local::contracts/RCLeaderboard.sol::RCLeaderboard.updateLeaderboard(address,uint256,uint256)::LocalVariable::_market_1][$arg1]}
 writer root       -> contracts/RCLeaderboard.sol::RCLeaderboard.updateLeaderboard(address,uint256,uint256)
 writer effect     -> contracts/RCLeaderboard.sol:219
 written member    -> ('SV', 'contracts/RCLeaderboard.sol', 'RCLeaderboard.leaderboard')
 potentially stale -> ('MS', 'contracts/RCLeaderboard.sol', 'RCLeaderboard.leaderboardIndex', '@local::contracts/RCLeaderboard.sol::RCLeaderboard.updateLeaderboard(address,uint256,uint256)::LocalVariable::_market_1][@local::contracts/RCLeaderboard.sol::RCLeaderboard.updateLeaderboard(address,uint256,uint256)::LocalVariable::_market_1][$arg1'), ('MS', 'contracts/RCLeaderboard.sol', 'RCLeaderboard.leaderboardIndex', '@local::contracts/RCLeaderboard.sol::RCLeaderboard.updateLeaderboard(address,uint256,uint256)::LocalVariable::lastUserOnLeaderboard_1][@local::contracts/RCLeaderboard.sol::RCLeaderboard.updateLeaderboard(address,uint256,uint256)::LocalVariable::_market_1][$arg1')
 reader witnesses  -> 6
 storage exposures -> 1
[MV-SI candidate 0142d41da2fb0765906f] {card, cardAffiliateCut}
 writer root       -> contracts/RCMarket.sol::RCMarket.exitAll()
 writer effect     -> contracts/RCMarket.sol:1068
 written member    -> ('SV', 'contracts/RCMarket.sol', 'RCMarket.card')
 potentially stale -> ('SV', 'contracts/RCMarket.sol', 'RCMarket.cardAffiliateCut')
 reader witnesses  -> 3
 storage exposures -> 1
[MV-SI candidate 0146adf29f6b286f4147] {index[@local::contracts/RCOrderbook.sol::RCOrderbook.cleanWastePile()::LocalVariable::_user_1][@local::contracts/RCOrderbook.sol::RCOrderbook.cleanWastePile()::LocalVariable::_market_1][@local::contracts/RCOrderbook.sol::RCOrderbook.cleanWastePile()::LocalVariable::_card_1], user}
 writer root       -> contracts/RCOrderbook.sol::RCOrderbook.addBidToOrderbook(address,uint256,uint256,uint256,address)
 writer effect     -> contracts/RCOrderbook.sol:365
 written member    -> ('SV', 'contracts/RCOrderbook.sol', 'RCOrderbook.user')
 potentially stale -> ('MS', 'contracts/RCOrderbook.sol', 'RCOrderbook.index', '@local::contracts/RCOrderbook.sol::RCOrderbook.cleanWastePile()::LocalVariable::_user_1][@local::contracts/RCOrderbook.sol::RCOrderbook.cleanWastePile()::LocalVariable::_market_1][@local::contracts/RCOrderbook.sol::RCOrderbook.cleanWastePile()::LocalVariable::_card_1')
 reader witnesses  -> 4
 storage exposures -> 1
[MV-SI candidate 016a764205337c21bde4] {marketCloseLimit, user}
 writer root       -> contracts/RCOrderbook.sol::RCOrderbook.addBidToOrderbook(address,uint256,uint256,uint256,address)
 writer effect     -> contracts/RCOrderbook.sol:784
 written member    -> ('SV', 'contracts/RCOrderbook.sol', 'RCOrderbook.user')
 potentially stale -> ('SV', 'contracts/RCOrderbook.sol', 'RCOrderbook.marketCloseLimit')
 reader witnesses  -> 4
 storage exposures -> 1
[MV-SI candidate 01b1033a62df855cbe05] {index[@local::contracts/RCOrderbook.sol::RCOrderbook.closeMarket()::LocalVariable::_market_1][@local::contracts/RCOrderbook.sol::RCOrderbook.closeMarket()::LocalVariable::_market_1][@local::contracts/RCOrderbook.sol::RCOrderbook.closeMarket()::LocalVariable::i_2], user}
 writer root       -> contracts/RCOrderbook.sol::RCOrderbook.removeUserFromOrderbook(address)
 writer effect     -> contracts/RCOrderbook.sol:517
 written member    -> ('SV', 'contracts/RCOrderbook.sol', 'RCOrderbook.user')
 potentially stale -> ('MS', 'contracts/RCOrderbook.sol', 'RCOrderbook.index', '@local::contracts/RCOrderbook.sol::RCOrderbook.closeMarket()::LocalVariable::_market_1][@local::contracts/RCOrderbook.sol::RCOrderbook.closeMarket()::LocalVariable::_market_1][@local::contracts/RCOrderbook.sol::RCOrderbook.closeMarket()::LocalVariable::i_2')
 reader witnesses  -> 1
 storage exposures -> 1
[MV-SI candidate 01c918074205088a8ac6] {index[@local::contracts/RCOrderbook.sol::RCOrderbook.cleanWastePile()::LocalVariable::_user_1][@local::contracts/RCOrderbook.sol::RCOrderbook.cleanWastePile()::LocalVariable::_market_1][@local::contracts/RCOrderbook.sol::RCOrderbook.cleanWastePile()::LocalVariable::_card_1], user}
 writer root       -> contracts/RCOrderbook.sol::RCOrderbook.addBidToOrderbook(address,uint256,uint256,uint256,address)
 writer effect     -> contracts/RCOrderbook.sol:212
 written member    -> ('SV', 'contracts/RCOrderbook.sol', 'RCOrderbook.user')
 potentially stale -> ('MS', 'contracts/RCOrderbook.sol', 'RCOrderbook.index', '@local::contracts/RCOrderbook.sol::RCOrderbook.cleanWastePile()::LocalVariable::_user_1][@local::contracts/RCOrderbook.sol::RCOrderbook.cleanWastePile()::LocalVariable::_market_1][@local::contracts/RCOrderbook.sol::RCOrderbook.cleanWastePile()::LocalVariable::_card_1')
 reader witnesses  -> 4
 storage exposures -> 1
[MV-SI candidate 022296be27790608952b] {maxDeletions, user}
 writer root       -> contracts/RCOrderbook.sol::RCOrderbook.addBidToOrderbook(address,uint256,uint256,uint256,address)
 writer effect     -> contracts/RCOrderbook.sol:422
 written member    -> ('SV', 'contracts/RCOrderbook.sol', 'RCOrderbook.user')
 potentially stale -> ('SV', 'contracts/RCOrderbook.sol', 'RCOrderbook.maxDeletions')
 reader witnesses  -> 10
 storage exposures -> 1
[MV-SI candidate 02ef076144d3429d32d9] {closedMarkets[@local::contracts/RCOrderbook.sol::RCOrderbook.removeOldBids(address)::ReferenceVariable::REF_1159], index[$arg0][@local::contracts/RCOrderbook.sol::RCOrderbook.removeOldBids(address)::LocalVariable::_market_2][@local::contracts/RCOrderbook.sol::RCOrderbook.removeOldBids(address)::LocalVariable::i_2], market, user, userClosedMarketIndex[$arg0]}
 writer root       -> contracts/RCOrderbook.sol::RCOrderbook.addBidToOrderbook(address,uint256,uint256,uint256,address)
 writer effect     -> contracts/RCOrderbook.sol:793
 written member    -> ('SV', 'contracts/RCOrderbook.sol', 'RCOrderbook.user')
 potentially stale -> ('MS', 'contracts/RCOrderbook.sol', 'RCOrderbook.closedMarkets', '@local::contracts/RCOrderbook.sol::RCOrderbook.removeOldBids(address)::ReferenceVariable::REF_1159'), ('MS', 'contracts/RCOrderbook.sol', 'RCOrderbook.index', '$arg0][@local::contracts/RCOrderbook.sol::RCOrderbook.removeOldBids(address)::LocalVariable::_market_2][@local::contracts/RCOrderbook.sol::RCOrderbook.removeOldBids(address)::LocalVariable::i_2'), ('MS', 'contracts/RCOrderbook.sol', 'RCOrderbook.userClosedMarketIndex', '$arg0'), ('SV', 'contracts/RCOrderbook.sol', 'RCOrderbook.market')
 reader witnesses  -> 14
 storage exposures -> 1
[MV-SI candidate 03a38827e47e3a851a0c] {index[@local::contracts/RCOrderbook.sol::RCOrderbook.closeMarket()::LocalVariable::_market_1][@local::contracts/RCOrderbook.sol::RCOrderbook.closeMarket()::LocalVariable::_market_1][@local::contracts/RCOrderbook.sol::RCOrderbook.closeMarket()::LocalVariable::i_2], user}
 writer root       -> contracts/RCOrderbook.sol::RCOrderbook.addBidToOrderbook(address,uint256,uint256,uint256,address)
 writer effect     -> contracts/RCOrderbook.sol:429
 written member    -> ('SV', 'contracts/RCOrderbook.sol', 'RCOrderbook.user')
 potentially stale -> ('MS', 'contracts/RCOrderbook.sol', 'RCOrderbook.index', '@local::contracts/RCOrderbook.sol::RCOrderbook.closeMarket()::LocalVariable::_market_1][@local::contracts/RCOrderbook.sol::RCOrderbook.closeMarket()::LocalVariable::_market_1][@local::contracts/RCOrderbook.sol::RCOrderbook.closeMarket()::LocalVariable::i_2')
 reader witnesses  -> 1
 storage exposures -> 1
[MV-SI candidate 03d3f88742b7185d05c4] {cleaningLoops, user}
 writer root       -> contracts/RCOrderbook.sol::RCOrderbook.addBidToOrderbook(address,uint256,uint256,uint256,address)
 writer effect     -> contracts/RCOrderbook.sol:360
 written member    -> ('SV', 'contracts/RCOrderbook.sol', 'RCOrderbook.user')
 potentially stale -> ('SV', 'contracts/RCOrderbook.sol', 'RCOrderbook.cleaningLoops')
 reader witnesses  -> 2
 storage exposures -> 1
[MV-SI candidate 04800bbc9ef8fd76507a] {marketOpeningTime, state}
 writer root       -> contracts/RCMarket.sol::RCMarket.initialize(IRCMarket.Mode,uint32[],uint256,address,address,address[],address,string,uint256)
 writer effect     -> contracts/RCMarket.sol:233
 written member    -> ('SV', 'contracts/RCMarket.sol', 'RCMarket.marketOpeningTime')
 potentially stale -> ('SV', 'contracts/RCMarket.sol', 'RCMarket.state')
 reader witnesses  -> 32
 storage exposures -> 1
[MV-SI candidate 04c8588c9f82a5609e9f] {index[$arg4][@local::contracts/RCOrderbook.sol::RCOrderbook.addBidToOrderbook(address,uint256,uint256,uint256,address)::LocalVariable::_market_1][$arg1], user}
 writer root       -> contracts/RCOrderbook.sol::RCOrderbook.findNewOwner(uint256,uint256)
 writer effect     -> contracts/RCOrderbook.sol:517
 written member    -> ('SV', 'contracts/RCOrderbook.sol', 'RCOrderbook.user')
 potentially stale -> ('MS', 'contracts/RCOrderbook.sol', 'RCOrderbook.index', '$arg4][@local::contracts/RCOrderbook.sol::RCOrderbook.addBidToOrderbook(address,uint256,uint256,uint256,address)::LocalVariable::_market_1][$arg1')
 reader witnesses  -> 6
 storage exposures -> 1
[MV-SI candidate 04d3f8a369b6337f2929] {card, cardAffiliateCut}
 writer root       -> contracts/RCMarket.sol::RCMarket.sponsor(uint256)
 writer effect     -> contracts/RCMarket.sol:916
 written member    -> ('SV', 'contracts/RCMarket.sol', 'RCMarket.card')
 potentially stale -> ('SV', 'contracts/RCMarket.sol', 'RCMarket.cardAffiliateCut')
 reader witnesses  -> 3
 storage exposures -> 1
[MV-SI candidate 04f5d4a2910f1f6d5c00] {index[$arg4][@local::contracts/RCOrderbook.sol::RCOrderbook.addBidToOrderbook(address,uint256,uint256,uint256,address)::LocalVariable::_market_1][$arg1], user}
 writer root       -> contracts/RCOrderbook.sol::RCOrderbook.closeMarket()
 writer effect     -> contracts/RCOrderbook.sol:665
 written member    -> ('SV', 'contracts/RCOrderbook.sol', 'RCOrderbook.user')
 potentially stale -> ('MS', 'contracts/RCOrderbook.sol', 'RCOrderbook.index', '$arg4][@local::contracts/RCOrderbook.sol::RCOrderbook.addBidToOrderbook(address,uint256,uint256,uint256,address)::LocalVariable::_market_1][$arg1')
 reader witnesses  -> 6
 storage exposures -> 1
[MV-SI candidate 04f615b4a6e74e3d0ab7] {marketCloseLimit, user}
 writer root       -> contracts/RCOrderbook.sol::RCOrderbook.addBidToOrderbook(address,uint256,uint256,uint256,address)
 writer effect     -> contracts/RCOrderbook.sol:311
 written member    -> ('SV', 'contracts/RCOrderbook.sol', 'RCOrderbook.user')
 potentially stale -> ('SV', 'contracts/RCOrderbook.sol', 'RCOrderbook.marketCloseLimit')
 reader witnesses  -> 4
 storage exposures -> 1
[MV-SI candidate 050b0cd09525fdf150a7] {index[$arg4][@local::contracts/RCOrderbook.sol::RCOrderbook.addBidToOrderbook(address,uint256,uint256,uint256,address)::LocalVariable::_market_1][$arg1], user}
 writer root       -> contracts/RCOrderbook.sol::RCOrderbook.cleanWastePile()
 writer effect     -> contracts/RCOrderbook.sol:797
 written member    -> ('SV', 'contracts/RCOrderbook.sol', 'RCOrderbook.user')
 potentially stale -> ('MS', 'contracts/RCOrderbook.sol', 'RCOrderbook.index', '$arg4][@local::contracts/RCOrderbook.sol::RCOrderbook.addBidToOrderbook(address,uint256,uint256,uint256,address)::LocalVariable::_market_1][$arg1')
 reader witnesses  -> 6
 storage exposures -> 1
[MV-SI candidate 052386a2a5f6b00b41e7] {card, winnerCut, winningOutcome}
 writer root       -> contracts/RCMarket.sol::RCMarket.updateTimeHeldLimit(uint256,uint256)
 writer effect     -> contracts/RCMarket.sol:1074
 written member    -> ('SV', 'contracts/RCMarket.sol', 'RCMarket.card')
 potentially stale -> ('SV', 'contracts/RCMarket.sol', 'RCMarket.winnerCut'), ('SV', 'contracts/RCMarket.sol', 'RCMarket.winningOutcome')
 reader witnesses  -> 9
 storage exposures -> 1
[MV-SI candidate 056cac58a8ce50922b6f] {maxDeletions, user}
 writer root       -> contracts/RCOrderbook.sol::RCOrderbook.addBidToOrderbook(address,uint256,uint256,uint256,address)
 writer effect     -> contracts/RCOrderbook.sol:240
 written member    -> ('SV', 'contracts/RCOrderbook.sol', 'RCOrderbook.user')
 potentially stale -> ('SV', 'contracts/RCOrderbook.sol', 'RCOrderbook.maxDeletions')
 reader witnesses  -> 10
 storage exposures -> 1
[MV-SI candidate 05c90bad33c5aec724cf] {cardAccountingIndex, numberOfCards}
 writer root       -> contracts/RCMarket.sol::RCMarket.getWinnerFromOracle()
 writer effect     -> contracts/RCMarket.sol:472
 written member    -> ('SV', 'contracts/RCMarket.sol', 'RCMarket.cardAccountingIndex')
 potentially stale -> ('SV', 'contracts/RCMarket.sol', 'RCMarket.numberOfCards')
 reader witnesses  -> 41
 storage exposures -> 1
[MV-SI candidate 05d3b0228ee4b1dca7d5] {leaderboard, leaderboardIndex[@local::contracts/RCLeaderboard.sol::RCLeaderboard.updateLeaderboard(address,uint256,uint256)::LocalVariable::_market_1][@local::contracts/RCLeaderboard.sol::RCLeaderboard.updateLeaderboard(address,uint256,uint256)::LocalVariable::_market_1][$arg1], leaderboardIndex[@local::contracts/RCLeaderboard.sol::RCLeaderboard.updateLeaderboard(address,uint256,uint256)::LocalVariable::lastUserOnLeaderboard_1][@local::contracts/RCLeaderboard.sol::RCLeaderboard.updateLeaderboard(address,uint256,uint256)::LocalVariable::_market_1][$arg1]}
 writer root       -> contracts/RCLeaderboard.sol::RCLeaderboard.claimNFT(address,uint256)
 writer effect     -> contracts/RCLeaderboard.sol:219
 written member    -> ('SV', 'contracts/RCLeaderboard.sol', 'RCLeaderboard.leaderboard')
 potentially stale -> ('MS', 'contracts/RCLeaderboard.sol', 'RCLeaderboard.leaderboardIndex', '@local::contracts/RCLeaderboard.sol::RCLeaderboard.updateLeaderboard(address,uint256,uint256)::LocalVariable::_market_1][@local::contracts/RCLeaderboard.sol::RCLeaderboard.updateLeaderboard(address,uint256,uint256)::LocalVariable::_market_1][$arg1'), ('MS', 'contracts/RCLeaderboard.sol', 'RCLeaderboard.leaderboardIndex', '@local::contracts/RCLeaderboard.sol::RCLeaderboard.updateLeaderboard(address,uint256,uint256)::LocalVariable::lastUserOnLeaderboard_1][@local::contracts/RCLeaderboard.sol::RCLeaderboard.updateLeaderboard(address,uint256,uint256)::LocalVariable::_market_1][$arg1')
 reader witnesses  -> 3
 storage exposures -> 1
[MV-SI candidate 061742ae6da3a8514119] {card, cardAffiliateCut}
 writer root       -> contracts/RCMarket.sol::RCMarket.rentAllCards(uint256)
 writer effect     -> contracts/RCMarket.sol:1049
 written member    -> ('SV', 'contracts/RCMarket.sol', 'RCMarket.card')
 potentially stale -> ('SV', 'contracts/RCMarket.sol', 'RCMarket.cardAffiliateCut')
 reader witnesses  -> 6
 storage exposures -> 1
[MV-SI candidate 06d5afc4544c9ac0c279] {card, winnerCut, winningOutcome}
 writer root       -> contracts/RCMarket.sol::RCMarket.exitAll()
 writer effect     -> contracts/RCMarket.sol:1081
 written member    -> ('SV', 'contracts/RCMarket.sol', 'RCMarket.card')
 potentially stale -> ('SV', 'contracts/RCMarket.sol', 'RCMarket.winnerCut'), ('SV', 'contracts/RCMarket.sol', 'RCMarket.winningOutcome')
 reader witnesses  -> 9
 storage exposures -> 1
[MV-SI candidate 07353c34b10f884a5e8c] {marketBalance, totalDeposits, totalMarketPots}
 writer root       -> contracts/RCTreasury.sol::RCTreasury.payout(address,uint256)
 writer effect     -> contracts/RCTreasury.sol:526
 written member    -> ('SV', 'contracts/RCTreasury.sol', 'RCTreasury.totalMarketPots')
 potentially stale -> ('SV', 'contracts/RCTreasury.sol', 'RCTreasury.marketBalance'), ('SV', 'contracts/RCTreasury.sol', 'RCTreasury.totalDeposits')
 reader witnesses  -> 23
 storage exposures -> 1
[MV-SI candidate 076ce22f5a90765bb499] {card, minimumPriceIncreasePercent}
 writer root       -> contracts/RCMarket.sol::RCMarket.newRental(uint256,uint256,address,uint256)
 writer effect     -> contracts/RCMarket.sol:1049
 written member    -> ('SV', 'contracts/RCMarket.sol', 'RCMarket.card')
 potentially stale -> ('SV', 'contracts/RCMarket.sol', 'RCMarket.minimumPriceIncreasePercent')
 reader witnesses  -> 4
 storage exposures -> 1
[MV-SI candidate 07dc51a70a8ece01e4e9] {index[$arg4][@local::contracts/RCOrderbook.sol::RCOrderbook.addBidToOrderbook(address,uint256,uint256,uint256,address)::LocalVariable::_market_1][$arg1], user}
 writer root       -> contracts/RCOrderbook.sol::RCOrderbook.findNewOwner(uint256,uint256)
 writer effect     -> contracts/RCOrderbook.sol:536
 written member    -> ('SV', 'contracts/RCOrderbook.sol', 'RCOrderbook.user')
 potentially stale -> ('MS', 'contracts/RCOrderbook.sol', 'RCOrderbook.index', '$arg4][@local::contracts/RCOrderbook.sol::RCOrderbook.addBidToOrderbook(address,uint256,uint256,uint256,address)::LocalVariable::_market_1][$arg1')
 reader witnesses  -> 6
 storage exposures -> 1
[MV-SI candidate 080e22b46e6a07aca987] {index[$arg4][@local::contracts/RCOrderbook.sol::RCOrderbook.addBidToOrderbook(address,uint256,uint256,uint256,address)::LocalVariable::_market_1][$arg1], user}
 writer root       -> contracts/RCOrderbook.sol::RCOrderbook.closeMarket()
 writer effect     -> contracts/RCOrderbook.sol:647
 written member    -> ('SV', 'contracts/RCOrderbook.sol', 'RCOrderbook.user')
 potentially stale -> ('MS', 'contracts/RCOrderbook.sol', 'RCOrderbook.index', '$arg4][@local::contracts/RCOrderbook.sol::RCOrderbook.addBidToOrderbook(address,uint256,uint256,uint256,address)::LocalVariable::_market_1][$arg1')
 reader witnesses  -> 6
 storage exposures -> 1
[MV-SI candidate 0866fe7c0eab4a91c2f9] {market, maxSearchIterations}
 writer root       -> contracts/RCOrderbook.sol::RCOrderbook.setSearchLimit(uint256)
 writer effect     -> contracts/RCOrderbook.sol:174
 written member    -> ('SV', 'contracts/RCOrderbook.sol', 'RCOrderbook.maxSearchIterations')
 potentially stale -> ('SV', 'contracts/RCOrderbook.sol', 'RCOrderbook.market')
 reader witnesses  -> 3
 storage exposures -> 1
[MV-SI candidate 086b4373b7c604e07b69] {card, winnerCut, winningOutcome}
 writer root       -> contracts/RCMarket.sol::RCMarket.transferCard(address,address,uint256,uint256,uint256)
 writer effect     -> contracts/RCMarket.sol:379
 written member    -> ('SV', 'contracts/RCMarket.sol', 'RCMarket.card')
 potentially stale -> ('SV', 'contracts/RCMarket.sol', 'RCMarket.winnerCut'), ('SV', 'contracts/RCMarket.sol', 'RCMarket.winningOutcome')
 reader witnesses  -> 9
 storage exposures -> 1
[MV-SI candidate 0874d391e0200f90c6a1] {card, winningOutcome}
 writer root       -> contracts/RCMarket.sol::RCMarket.getWinnerFromOracle()
 writer effect     -> contracts/RCMarket.sol:1049
 written member    -> ('SV', 'contracts/RCMarket.sol', 'RCMarket.card')
 potentially stale -> ('SV', 'contracts/RCMarket.sol', 'RCMarket.winningOutcome')
 reader witnesses  -> 14
 storage exposures -> 1
[MV-SI candidate 089222fa8ac9303fd94a] {index[@local::contracts/RCOrderbook.sol::RCOrderbook.closeMarket()::LocalVariable::_market_1][@local::contracts/RCOrderbook.sol::RCOrderbook.closeMarket()::LocalVariable::_market_1][@local::contracts/RCOrderbook.sol::RCOrderbook.closeMarket()::LocalVariable::i_2], user}
 writer root       -> contracts/RCOrderbook.sol::RCOrderbook.addBidToOrderbook(address,uint256,uint256,uint256,address)
 writer effect     -> contracts/RCOrderbook.sol:830
 written member    -> ('SV', 'contracts/RCOrderbook.sol', 'RCOrderbook.user')
 potentially stale -> ('MS', 'contracts/RCOrderbook.sol', 'RCOrderbook.index', '@local::contracts/RCOrderbook.sol::RCOrderbook.closeMarket()::LocalVariable::_market_1][@local::contracts/RCOrderbook.sol::RCOrderbook.closeMarket()::LocalVariable::_market_1][@local::contracts/RCOrderbook.sol::RCOrderbook.closeMarket()::LocalVariable::i_2')
 reader witnesses  -> 3
 storage exposures -> 1
[MV-SI candidate 0910366b43e8a1dbe299] {index[@local::contracts/RCOrderbook.sol::RCOrderbook.cleanWastePile()::LocalVariable::_user_1][@local::contracts/RCOrderbook.sol::RCOrderbook.cleanWastePile()::LocalVariable::_market_1][@local::contracts/RCOrderbook.sol::RCOrderbook.cleanWastePile()::LocalVariable::_card_1], user}
 writer root       -> contracts/RCOrderbook.sol::RCOrderbook.closeMarket()
 writer effect     -> contracts/RCOrderbook.sol:830
 written member    -> ('SV', 'contracts/RCOrderbook.sol', 'RCOrderbook.user')
 potentially stale -> ('MS', 'contracts/RCOrderbook.sol', 'RCOrderbook.index', '@local::contracts/RCOrderbook.sol::RCOrderbook.cleanWastePile()::LocalVariable::_user_1][@local::contracts/RCOrderbook.sol::RCOrderbook.cleanWastePile()::LocalVariable::_market_1][@local::contracts/RCOrderbook.sol::RCOrderbook.cleanWastePile()::LocalVariable::_card_1')
 reader witnesses  -> 4
 storage exposures -> 1
[MV-SI candidate 095630be4dfbda202e4d] {card, winnerCut, winningOutcome}
 writer root       -> contracts/RCMarket.sol::RCMarket.rentAllCards(uint256)
 writer effect     -> contracts/RCMarket.sol:1087
 written member    -> ('SV', 'contracts/RCMarket.sol', 'RCMarket.card')
 potentially stale -> ('SV', 'contracts/RCMarket.sol', 'RCMarket.winnerCut'), ('SV', 'contracts/RCMarket.sol', 'RCMarket.winningOutcome')
 reader witnesses  -> 18
 storage exposures -> 1
[MV-SI candidate 09976e92849623124459] {card, winnerCut, winningOutcome}
 writer root       -> contracts/RCMarket.sol::RCMarket.newRental(uint256,uint256,address,uint256)
 writer effect     -> contracts/RCMarket.sol:1074
 written member    -> ('SV', 'contracts/RCMarket.sol', 'RCMarket.card')
 potentially stale -> ('SV', 'contracts/RCMarket.sol', 'RCMarket.winnerCut'), ('SV', 'contracts/RCMarket.sol', 'RCMarket.winningOutcome')
 reader witnesses  -> 18
 storage exposures -> 1
[MV-SI candidate 09dbc73bb701ded4f8a2] {closedMarkets[@local::contracts/RCOrderbook.sol::RCOrderbook.removeOldBids(address)::ReferenceVariable::REF_1159], market, maxDeletions, userClosedMarketIndex[$arg0]}
 writer root       -> contracts/RCOrderbook.sol::RCOrderbook.setDeletionLimit(uint256)
 writer effect     -> contracts/RCOrderbook.sol:158
 written member    -> ('SV', 'contracts/RCOrderbook.sol', 'RCOrderbook.maxDeletions')
 potentially stale -> ('MS', 'contracts/RCOrderbook.sol', 'RCOrderbook.closedMarkets', '@local::contracts/RCOrderbook.sol::RCOrderbook.removeOldBids(address)::ReferenceVariable::REF_1159'), ('MS', 'contracts/RCOrderbook.sol', 'RCOrderbook.userClosedMarketIndex', '$arg0'), ('SV', 'contracts/RCOrderbook.sol', 'RCOrderbook.market')
 reader witnesses  -> 6
 storage exposures -> 1
[MV-SI candidate 09fa89ec577916df042b] {cleaningLoops, user}
 writer root       -> contracts/RCOrderbook.sol::RCOrderbook.removeUserFromOrderbook(address)
 writer effect     -> contracts/RCOrderbook.sol:616
 written member    -> ('SV', 'contracts/RCOrderbook.sol', 'RCOrderbook.user')
 potentially stale -> ('SV', 'contracts/RCOrderbook.sol', 'RCOrderbook.cleaningLoops')
 reader witnesses  -> 2
 storage exposures -> 1
[MV-SI candidate 0a1cf3237d76c6e54656] {_operatorApprovals[$arg0][$arg1], _owners[$arg0], _tokenApprovals[$arg0]}
 writer root       -> contracts/nfthubs/RCNftHubL1.sol::RCNftHubL1.mint(address,uint256)
 writer effect     -> @openzeppelin/contracts/token/ERC721/ERC721.sol:289
 written member    -> ('MS', '@openzeppelin/contracts/token/ERC721/ERC721.sol', 'ERC721._owners', '$arg0')
 potentially stale -> ('MS', '@openzeppelin/contracts/token/ERC721/ERC721.sol', 'ERC721._operatorApprovals', '$arg0][$arg1'), ('MS', '@openzeppelin/contracts/token/ERC721/ERC721.sol', 'ERC721._tokenApprovals', '$arg0')
 reader witnesses  -> 6
 storage exposures -> 1
[MV-SI candidate 0a255134f0a3ea7dbc13] {card, winningOutcome}
 writer root       -> contracts/RCMarket.sol::RCMarket.setAmicableResolution(uint256)
 writer effect     -> contracts/RCMarket.sol:518
 written member    -> ('SV', 'contracts/RCMarket.sol', 'RCMarket.winningOutcome')
 potentially stale -> ('SV', 'contracts/RCMarket.sol', 'RCMarket.card')
 reader witnesses  -> 344
 storage exposures -> 1
[MV-SI candidate 0aa55fb4ed27473c00d3] {closedMarkets[@local::contracts/RCOrderbook.sol::RCOrderbook.removeOldBids(address)::ReferenceVariable::REF_1159], index[$arg0][@local::contracts/RCOrderbook.sol::RCOrderbook.removeOldBids(address)::LocalVariable::_market_2][@local::contracts/RCOrderbook.sol::RCOrderbook.removeOldBids(address)::LocalVariable::i_2], market, user, userClosedMarketIndex[$arg0]}
 writer root       -> contracts/RCOrderbook.sol::RCOrderbook.closeMarket()
 writer effect     -> contracts/RCOrderbook.sol:830
 written member    -> ('SV', 'contracts/RCOrderbook.sol', 'RCOrderbook.user')
 potentially stale -> ('MS', 'contracts/RCOrderbook.sol', 'RCOrderbook.closedMarkets', '@local::contracts/RCOrderbook.sol::RCOrderbook.removeOldBids(address)::ReferenceVariable::REF_1159'), ('MS', 'contracts/RCOrderbook.sol', 'RCOrderbook.index', '$arg0][@local::contracts/RCOrderbook.sol::RCOrderbook.removeOldBids(address)::LocalVariable::_market_2][@local::contracts/RCOrderbook.sol::RCOrderbook.removeOldBids(address)::LocalVariable::i_2'), ('MS', 'contracts/RCOrderbook.sol', 'RCOrderbook.userClosedMarketIndex', '$arg0'), ('SV', 'contracts/RCOrderbook.sol', 'RCOrderbook.market')
 reader witnesses  -> 14
 storage exposures -> 1
[MV-SI candidate 0b48c15cc05357052044] {marketCloseLimit, user}
 writer root       -> contracts/RCOrderbook.sol::RCOrderbook.closeMarket()
 writer effect     -> contracts/RCOrderbook.sol:647
 written member    -> ('SV', 'contracts/RCOrderbook.sol', 'RCOrderbook.user')
 potentially stale -> ('SV', 'contracts/RCOrderbook.sol', 'RCOrderbook.marketCloseLimit')
 reader witnesses  -> 2
 storage exposures -> 1
[MV-SI candidate 0b6f2954557c09313ede] {closedMarkets[@local::contracts/RCOrderbook.sol::RCOrderbook.removeOldBids(address)::ReferenceVariable::REF_1159], index[$arg0][@local::contracts/RCOrderbook.sol::RCOrderbook.removeOldBids(address)::LocalVariable::_market_2][@local::contracts/RCOrderbook.sol::RCOrderbook.removeOldBids(address)::LocalVariable::i_2], market, user, userClosedMarketIndex[$arg0]}
 writer root       -> contracts/RCOrderbook.sol::RCOrderbook.cleanWastePile()
 writer effect     -> contracts/RCOrderbook.sol:806
 written member    -> ('SV', 'contracts/RCOrderbook.sol', 'RCOrderbook.user')
 potentially stale -> ('MS', 'contracts/RCOrderbook.sol', 'RCOrderbook.closedMarkets', '@local::contracts/RCOrderbook.sol::RCOrderbook.removeOldBids(address)::ReferenceVariable::REF_1159'), ('MS', 'contracts/RCOrderbook.sol', 'RCOrderbook.index', '$arg0][@local::contracts/RCOrderbook.sol::RCOrderbook.removeOldBids(address)::LocalVariable::_market_2][@local::contracts/RCOrderbook.sol::RCOrderbook.removeOldBids(address)::LocalVariable::i_2'), ('MS', 'contracts/RCOrderbook.sol', 'RCOrderbook.userClosedMarketIndex', '$arg0'), ('SV', 'contracts/RCOrderbook.sol', 'RCOrderbook.market')
 reader witnesses  -> 14
 storage exposures -> 1
[MV-SI candidate 0bfd99be45213dcf7d23] {index[@local::contracts/RCOrderbook.sol::RCOrderbook.closeMarket()::LocalVariable::_market_1][@local::contracts/RCOrderbook.sol::RCOrderbook.closeMarket()::LocalVariable::_market_1][@local::contracts/RCOrderbook.sol::RCOrderbook.closeMarket()::LocalVariable::i_2], user}
 writer root       -> contracts/RCOrderbook.sol::RCOrderbook.removeOldBids(address)
 writer effect     -> contracts/RCOrderbook.sol:745
 written member    -> ('SV', 'contracts/RCOrderbook.sol', 'RCOrderbook.user')
 potentially stale -> ('MS', 'contracts/RCOrderbook.sol', 'RCOrderbook.index', '@local::contracts/RCOrderbook.sol::RCOrderbook.closeMarket()::LocalVariable::_market_1][@local::contracts/RCOrderbook.sol::RCOrderbook.closeMarket()::LocalVariable::_market_1][@local::contracts/RCOrderbook.sol::RCOrderbook.closeMarket()::LocalVariable::i_2')
 reader witnesses  -> 1
 storage exposures -> 1
[MV-SI candidate 0c0b3601f9548ed93443] {card, winningOutcome}
 writer root       -> contracts/RCMarket.sol::RCMarket.setAmicableResolution(uint256)
 writer effect     -> contracts/RCMarket.sol:1049
 written member    -> ('SV', 'contracts/RCMarket.sol', 'RCMarket.card')
 potentially stale -> ('SV', 'contracts/RCMarket.sol', 'RCMarket.winningOutcome')
 reader witnesses  -> 14
 storage exposures -> 1
[MV-SI candidate 0c1dd4e9e700a35ab3c5] {accountingComplete, maxRentIterationsToLockMarket}
 writer root       -> contracts/RCMarket.sol::RCMarket.lockMarket()
 writer effect     -> contracts/RCMarket.sol:475
 written member    -> ('SV', 'contracts/RCMarket.sol', 'RCMarket.accountingComplete')
 potentially stale -> ('SV', 'contracts/RCMarket.sol', 'RCMarket.maxRentIterationsToLockMarket')
 reader witnesses  -> 5
 storage exposures -> 1
[MV-SI candidate 0c31edf21fa7bf19dfca] {index[@local::contracts/RCOrderbook.sol::RCOrderbook.closeMarket()::LocalVariable::_market_1][@local::contracts/RCOrderbook.sol::RCOrderbook.closeMarket()::LocalVariable::_market_1][@local::contracts/RCOrderbook.sol::RCOrderbook.closeMarket()::LocalVariable::i_2], user}
 writer root       -> contracts/RCOrderbook.sol::RCOrderbook.closeMarket()
 writer effect     -> contracts/RCOrderbook.sol:696
 written member    -> ('SV', 'contracts/RCOrderbook.sol', 'RCOrderbook.user')
 potentially stale -> ('MS', 'contracts/RCOrderbook.sol', 'RCOrderbook.index', '@local::contracts/RCOrderbook.sol::RCOrderbook.closeMarket()::LocalVariable::_market_1][@local::contracts/RCOrderbook.sol::RCOrderbook.closeMarket()::LocalVariable::_market_1][@local::contracts/RCOrderbook.sol::RCOrderbook.closeMarket()::LocalVariable::i_2')
 reader witnesses  -> 1
 storage exposures -> 1
[MV-SI candidate 0c807b42306a68d211f1] {marketBalance, totalDeposits, totalMarketPots}
 writer root       -> contracts/RCTreasury.sol::RCTreasury.withdrawDeposit(uint256,bool)
 writer effect     -> contracts/RCTreasury.sol:860
 written member    -> ('SV', 'contracts/RCTreasury.sol', 'RCTreasury.totalDeposits')
 potentially stale -> ('SV', 'contracts/RCTreasury.sol', 'RCTreasury.marketBalance'), ('SV', 'contracts/RCTreasury.sol', 'RCTreasury.totalMarketPots')
 reader witnesses  -> 19
 storage exposures -> 1
[MV-SI candidate 0ca5cdea5bb04af774f9] {maxDeletions, user}
 writer root       -> contracts/RCOrderbook.sol::RCOrderbook.cleanWastePile()
 writer effect     -> contracts/RCOrderbook.sol:792
 written member    -> ('SV', 'contracts/RCOrderbook.sol', 'RCOrderbook.user')
 potentially stale -> ('SV', 'contracts/RCOrderbook.sol', 'RCOrderbook.maxDeletions')
 reader witnesses  -> 10
 storage exposures -> 1
[MV-SI candidate 0cd468936ffd66553af5] {marketBalance, marketBalanceTopup}
 writer root       -> contracts/RCTreasury.sol::RCTreasury.refundUser(address,uint256)
 writer effect     -> contracts/RCTreasury.sol:540
 written member    -> ('SV', 'contracts/RCTreasury.sol', 'RCTreasury.marketBalance')
 potentially stale -> ('SV', 'contracts/RCTreasury.sol', 'RCTreasury.marketBalanceTopup')
 reader witnesses  -> 3
 storage exposures -> 1
[MV-SI candidate 0d2584c4fa75767eb845] {index[$arg4][@local::contracts/RCOrderbook.sol::RCOrderbook.addBidToOrderbook(address,uint256,uint256,uint256,address)::LocalVariable::_market_1][$arg1], user}
 writer root       -> contracts/RCOrderbook.sol::RCOrderbook.removeOldBids(address)
 writer effect     -> contracts/RCOrderbook.sol:736
 written member    -> ('SV', 'contracts/RCOrderbook.sol', 'RCOrderbook.user')
 potentially stale -> ('MS', 'contracts/RCOrderbook.sol', 'RCOrderbook.index', '$arg4][@local::contracts/RCOrderbook.sol::RCOrderbook.addBidToOrderbook(address,uint256,uint256,uint256,address)::LocalVariable::_market_1][$arg1')
 reader witnesses  -> 6
 storage exposures -> 1
[MV-SI candidate 0d25b1cd12a095a3b903] {card, winningOutcome}
 writer root       -> contracts/RCMarket.sol::RCMarket.sponsor(address,uint256)
 writer effect     -> contracts/RCMarket.sol:916
 written member    -> ('SV', 'contracts/RCMarket.sol', 'RCMarket.card')
 potentially stale -> ('SV', 'contracts/RCMarket.sol', 'RCMarket.winningOutcome')
 reader witnesses  -> 14
 storage exposures -> 1
[MV-SI candidate 0d926c41cadf5600d192] {index[@local::contracts/RCOrderbook.sol::RCOrderbook.closeMarket()::LocalVariable::_market_1][@local::contracts/RCOrderbook.sol::RCOrderbook.closeMarket()::LocalVariable::_market_1][@local::contracts/RCOrderbook.sol::RCOrderbook.closeMarket()::LocalVariable::i_2], user}
 writer root       -> contracts/RCOrderbook.sol::RCOrderbook.addBidToOrderbook(address,uint256,uint256,uint256,address)
 writer effect     -> contracts/RCOrderbook.sol:431
 written member    -> ('SV', 'contracts/RCOrderbook.sol', 'RCOrderbook.user')
 potentially stale -> ('MS', 'contracts/RCOrderbook.sol', 'RCOrderbook.index', '@local::contracts/RCOrderbook.sol::RCOrderbook.closeMarket()::LocalVariable::_market_1][@local::contracts/RCOrderbook.sol::RCOrderbook.closeMarket()::LocalVariable::_market_1][@local::contracts/RCOrderbook.sol::RCOrderbook.closeMarket()::LocalVariable::i_2')
 reader witnesses  -> 1
 storage exposures -> 1
[MV-SI candidate 0daf12e19f826cd08bc9] {cleaningLoops, user}
 writer root       -> contracts/RCOrderbook.sol::RCOrderbook.closeMarket()
 writer effect     -> contracts/RCOrderbook.sol:647
 written member    -> ('SV', 'contracts/RCOrderbook.sol', 'RCOrderbook.user')
 potentially stale -> ('SV', 'contracts/RCOrderbook.sol', 'RCOrderbook.cleaningLoops')
 reader witnesses  -> 2
 storage exposures -> 1
[MV-SI candidate 0dd16d1d0d80518910a4] {cleaningLoops, user}
 writer root       -> contracts/RCOrderbook.sol::RCOrderbook.setTimeHeldlimit(address,uint256,uint256)
 writer effect     -> contracts/RCOrderbook.sol:901
 written member    -> ('SV', 'contracts/RCOrderbook.sol', 'RCOrderbook.user')
 potentially stale -> ('SV', 'contracts/RCOrderbook.sol', 'RCOrderbook.cleaningLoops')
 reader witnesses  -> 2
 storage exposures -> 1
[MV-SI candidate 0de70b3e095dee5580d1] {closedMarkets[@local::contracts/RCOrderbook.sol::RCOrderbook.removeOldBids(address)::ReferenceVariable::REF_1159], index[$arg0][@local::contracts/RCOrderbook.sol::RCOrderbook.removeOldBids(address)::LocalVariable::_market_2][@local::contracts/RCOrderbook.sol::RCOrderbook.removeOldBids(address)::LocalVariable::i_2], market, user, userClosedMarketIndex[$arg0]}
 writer root       -> contracts/RCOrderbook.sol::RCOrderbook.removeOldBids(address)
 writer effect     -> contracts/RCOrderbook.sol:745
 written member    -> ('SV', 'contracts/RCOrderbook.sol', 'RCOrderbook.user')
 potentially stale -> ('MS', 'contracts/RCOrderbook.sol', 'RCOrderbook.closedMarkets', '@local::contracts/RCOrderbook.sol::RCOrderbook.removeOldBids(address)::ReferenceVariable::REF_1159'), ('MS', 'contracts/RCOrderbook.sol', 'RCOrderbook.index', '$arg0][@local::contracts/RCOrderbook.sol::RCOrderbook.removeOldBids(address)::LocalVariable::_market_2][@local::contracts/RCOrderbook.sol::RCOrderbook.removeOldBids(address)::LocalVariable::i_2'), ('MS', 'contracts/RCOrderbook.sol', 'RCOrderbook.userClosedMarketIndex', '$arg0'), ('SV', 'contracts/RCOrderbook.sol', 'RCOrderbook.market')
 reader witnesses  -> 14
 storage exposures -> 1
[MV-SI candidate 0df0fb05fef2f0bd1eaf] {index[@local::contracts/RCOrderbook.sol::RCOrderbook.closeMarket()::LocalVariable::_market_1][@local::contracts/RCOrderbook.sol::RCOrderbook.closeMarket()::LocalVariable::_market_1][@local::contracts/RCOrderbook.sol::RCOrderbook.closeMarket()::LocalVariable::i_2], user}
 writer root       -> contracts/RCOrderbook.sol::RCOrderbook.cleanWastePile()
 writer effect     -> contracts/RCOrderbook.sol:792
 written member    -> ('SV', 'contracts/RCOrderbook.sol', 'RCOrderbook.user')
 potentially stale -> ('MS', 'contracts/RCOrderbook.sol', 'RCOrderbook.index', '@local::contracts/RCOrderbook.sol::RCOrderbook.closeMarket()::LocalVariable::_market_1][@local::contracts/RCOrderbook.sol::RCOrderbook.closeMarket()::LocalVariable::_market_1][@local::contracts/RCOrderbook.sol::RCOrderbook.closeMarket()::LocalVariable::i_2')
 reader witnesses  -> 1
 storage exposures -> 1
[MV-SI candidate 0e3263794542e596f24b] {marketCloseLimit, user}
 writer root       -> contracts/RCOrderbook.sol::RCOrderbook.removeOldBids(address)
 writer effect     -> contracts/RCOrderbook.sol:734
 written member    -> ('SV', 'contracts/RCOrderbook.sol', 'RCOrderbook.user')
 potentially stale -> ('SV', 'contracts/RCOrderbook.sol', 'RCOrderbook.marketCloseLimit')
 reader witnesses  -> 4
 storage exposures -> 1
[MV-SI candidate 0e9a35b14200b95be02b] {closedMarkets[@local::contracts/RCOrderbook.sol::RCOrderbook.removeOldBids(address)::ReferenceVariable::REF_1159], market, maxDeletions, userClosedMarketIndex[$arg0]}
 writer root       -> contracts/RCOrderbook.sol::RCOrderbook.removeOldBids(address)
 writer effect     -> contracts/RCOrderbook.sol:768
 written member    -> ('MS', 'contracts/RCOrderbook.sol', 'RCOrderbook.userClosedMarketIndex', '$arg0')
 potentially stale -> ('MS', 'contracts/RCOrderbook.sol', 'RCOrderbook.closedMarkets', '@local::contracts/RCOrderbook.sol::RCOrderbook.removeOldBids(address)::ReferenceVariable::REF_1159'), ('SV', 'contracts/RCOrderbook.sol', 'RCOrderbook.market'), ('SV', 'contracts/RCOrderbook.sol', 'RCOrderbook.maxDeletions')
 reader witnesses  -> 9
 storage exposures -> 1
[MV-SI candidate 0ebb8287a4150e6eadfc] {index[@local::contracts/RCOrderbook.sol::RCOrderbook.closeMarket()::LocalVariable::_market_1][@local::contracts/RCOrderbook.sol::RCOrderbook.closeMarket()::LocalVariable::_market_1][@local::contracts/RCOrderbook.sol::RCOrderbook.closeMarket()::LocalVariable::i_2], user}
 writer root       -> contracts/RCOrderbook.sol::RCOrderbook.addBidToOrderbook(address,uint256,uint256,uint256,address)
 writer effect     -> contracts/RCOrderbook.sol:806
 written member    -> ('SV', 'contracts/RCOrderbook.sol', 'RCOrderbook.user')
 potentially stale -> ('MS', 'contracts/RCOrderbook.sol', 'RCOrderbook.index', '@local::contracts/RCOrderbook.sol::RCOrderbook.closeMarket()::LocalVariable::_market_1][@local::contracts/RCOrderbook.sol::RCOrderbook.closeMarket()::LocalVariable::_market_1][@local::contracts/RCOrderbook.sol::RCOrderbook.closeMarket()::LocalVariable::i_2')
 reader witnesses  -> 1
 storage exposures -> 1
[MV-SI candidate 0ebf931392a9e0200f33] {maxDeletions, user}
 writer root       -> contracts/RCOrderbook.sol::RCOrderbook.closeMarket()
 writer effect     -> contracts/RCOrderbook.sol:699
 written member    -> ('SV', 'contracts/RCOrderbook.sol', 'RCOrderbook.user')
 potentially stale -> ('SV', 'contracts/RCOrderbook.sol', 'RCOrderbook.maxDeletions')
 reader witnesses  -> 10
 storage exposures -> 1
[MV-SI candidate 0f110057637d010739cf] {index[@local::contracts/RCOrderbook.sol::RCOrderbook.closeMarket()::LocalVariable::_market_1][@local::contracts/RCOrderbook.sol::RCOrderbook.closeMarket()::LocalVariable::_market_1][@local::contracts/RCOrderbook.sol::RCOrderbook.closeMarket()::LocalVariable::i_2], user}
 writer root       -> contracts/RCOrderbook.sol::RCOrderbook.closeMarket()
 writer effect     -> contracts/RCOrderbook.sol:669
 written member    -> ('SV', 'contracts/RCOrderbook.sol', 'RCOrderbook.user')
 potentially stale -> ('MS', 'contracts/RCOrderbook.sol', 'RCOrderbook.index', '@local::contracts/RCOrderbook.sol::RCOrderbook.closeMarket()::LocalVariable::_market_1][@local::contracts/RCOrderbook.sol::RCOrderbook.closeMarket()::LocalVariable::_market_1][@local::contracts/RCOrderbook.sol::RCOrderbook.closeMarket()::LocalVariable::i_2')
 reader witnesses  -> 1
 storage exposures -> 1
[MV-SI candidate 0f2e588c7a3f2ce7fe90] {index[@local::contracts/RCOrderbook.sol::RCOrderbook.closeMarket()::LocalVariable::_market_1][@local::contracts/RCOrderbook.sol::RCOrderbook.closeMarket()::LocalVariable::_market_1][@local::contracts/RCOrderbook.sol::RCOrderbook.closeMarket()::LocalVariable::i_2], user}
 writer root       -> contracts/RCOrderbook.sol::RCOrderbook.addBidToOrderbook(address,uint256,uint256,uint256,address)
 writer effect     -> contracts/RCOrderbook.sol:213
 written member    -> ('SV', 'contracts/RCOrderbook.sol', 'RCOrderbook.user')
 potentially stale -> ('MS', 'contracts/RCOrderbook.sol', 'RCOrderbook.index', '@local::contracts/RCOrderbook.sol::RCOrderbook.closeMarket()::LocalVariable::_market_1][@local::contracts/RCOrderbook.sol::RCOrderbook.closeMarket()::LocalVariable::_market_1][@local::contracts/RCOrderbook.sol::RCOrderbook.closeMarket()::LocalVariable::i_2')
 reader witnesses  -> 1
 storage exposures -> 1
[MV-SI candidate 0f5f474c1e15fcea3996] {cleaningLoops, user}
 writer root       -> contracts/RCOrderbook.sol::RCOrderbook.cleanWastePile()
 writer effect     -> contracts/RCOrderbook.sol:777
 written member    -> ('SV', 'contracts/RCOrderbook.sol', 'RCOrderbook.user')
 potentially stale -> ('SV', 'contracts/RCOrderbook.sol', 'RCOrderbook.cleaningLoops')
 reader witnesses  -> 2
 storage exposures -> 1
[MV-SI candidate 0f70e46c3ad16eb49917] {card, marketLockingTime}
 writer root       -> contracts/RCMarket.sol::RCMarket.newRental(uint256,uint256,address,uint256)
 writer effect     -> contracts/RCMarket.sol:1073
 written member    -> ('SV', 'contracts/RCMarket.sol', 'RCMarket.card')
 potentially stale -> ('SV', 'contracts/RCMarket.sol', 'RCMarket.marketLockingTime')
 reader witnesses  -> 60
 storage exposures -> 1
[MV-SI candidate 0fcfad1ba1508e66443e] {index[$arg4][@local::contracts/RCOrderbook.sol::RCOrderbook.addBidToOrderbook(address,uint256,uint256,uint256,address)::LocalVariable::_market_1][$arg1], user}
 writer root       -> contracts/RCOrderbook.sol::RCOrderbook.addBidToOrderbook(address,uint256,uint256,uint256,address)
 writer effect     -> contracts/RCOrderbook.sol:784
 written member    -> ('SV', 'contracts/RCOrderbook.sol', 'RCOrderbook.user')
 potentially stale -> ('MS', 'contracts/RCOrderbook.sol', 'RCOrderbook.index', '$arg4][@local::contracts/RCOrderbook.sol::RCOrderbook.addBidToOrderbook(address,uint256,uint256,uint256,address)::LocalVariable::_market_1][$arg1')
 reader witnesses  -> 6
 storage exposures -> 1
[MV-SI candidate 0fdfbb9fa86b6c380b7d] {card, minimumPriceIncreasePercent}
 writer root       -> contracts/RCMarket.sol::RCMarket.initialize(IRCMarket.Mode,uint32[],uint256,address,address,address[],address,string,uint256)
 writer effect     -> contracts/RCMarket.sol:223
 written member    -> ('SV', 'contracts/RCMarket.sol', 'RCMarket.minimumPriceIncreasePercent')
 potentially stale -> ('SV', 'contracts/RCMarket.sol', 'RCMarket.card')
 reader witnesses  -> 172
 storage exposures -> 1
[MV-SI candidate 0fe0ae9d20c91c49cc5f] {_roles[$arg1], user}
 writer root       -> contracts/RCTreasury.sol::RCTreasury.updateRentalRate(address,address,uint256,uint256,uint256)
 writer effect     -> contracts/RCTreasury.sol:669
 written member    -> ('SV', 'contracts/RCTreasury.sol', 'RCTreasury.user')
 potentially stale -> ('MS', '@openzeppelin/contracts/access/AccessControl.sol', 'AccessControl._roles', '$arg1')
 reader witnesses  -> 9
 storage exposures -> 1
[MV-SI candidate 100a5e74c868fdf7b1a4] {marketCloseLimit, user}
 writer root       -> contracts/RCOrderbook.sol::RCOrderbook.cleanWastePile()
 writer effect     -> contracts/RCOrderbook.sol:784
 written member    -> ('SV', 'contracts/RCOrderbook.sol', 'RCOrderbook.user')
 potentially stale -> ('SV', 'contracts/RCOrderbook.sol', 'RCOrderbook.marketCloseLimit')
 reader witnesses  -> 4
 storage exposures -> 1
[MV-SI candidate 10168339435e752293cf] {card, winnerCut, winningOutcome}
 writer root       -> contracts/RCMarket.sol::RCMarket.setAmicableResolution(uint256)
 writer effect     -> contracts/RCMarket.sol:1068
 written member    -> ('SV', 'contracts/RCMarket.sol', 'RCMarket.card')
 potentially stale -> ('SV', 'contracts/RCMarket.sol', 'RCMarket.winnerCut'), ('SV', 'contracts/RCMarket.sol', 'RCMarket.winningOutcome')
 reader witnesses  -> 9
 storage exposures -> 1
[MV-SI candidate 105a87147a7eb18f4b24] {card, cardAffiliateCut}
 writer root       -> contracts/RCMarket.sol::RCMarket.lockMarket()
 writer effect     -> contracts/RCMarket.sol:1049
 written member    -> ('SV', 'contracts/RCMarket.sol', 'RCMarket.card')
 potentially stale -> ('SV', 'contracts/RCMarket.sol', 'RCMarket.cardAffiliateCut')
 reader witnesses  -> 3
 storage exposures -> 1
[MV-SI candidate 10938def4ac1a8647fb8] {index[$arg4][@local::contracts/RCOrderbook.sol::RCOrderbook.addBidToOrderbook(address,uint256,uint256,uint256,address)::LocalVariable::_market_1][$arg1], user}
 writer root       -> contracts/RCOrderbook.sol::RCOrderbook.closeMarket()
 writer effect     -> contracts/RCOrderbook.sol:684
 written member    -> ('SV', 'contracts/RCOrderbook.sol', 'RCOrderbook.user')
 potentially stale -> ('MS', 'contracts/RCOrderbook.sol', 'RCOrderbook.index', '$arg4][@local::contracts/RCOrderbook.sol::RCOrderbook.addBidToOrderbook(address,uint256,uint256,uint256,address)::LocalVariable::_market_1][$arg1')
 reader witnesses  -> 6
 storage exposures -> 1
[MV-SI candidate 10b5468ed4fe34f2a2e1] {cleaningLoops, user}
 writer root       -> contracts/RCOrderbook.sol::RCOrderbook.setTimeHeldlimit(address,uint256,uint256)
 writer effect     -> contracts/RCOrderbook.sol:830
 written member    -> ('SV', 'contracts/RCOrderbook.sol', 'RCOrderbook.user')
 potentially stale -> ('SV', 'contracts/RCOrderbook.sol', 'RCOrderbook.cleaningLoops')
 reader witnesses  -> 2
 storage exposures -> 1
[MV-SI candidate 10cdaf9e621245603df4] {affiliateCut, artistCut, cardAffiliateCut, card[@local::contracts/RCMarket.sol::RCMarket._payoutWinnings()::TemporaryVariable::TMP_1488], creatorCut, rentCollectedPerUserPerCard[@local::contracts/RCMarket.sol::RCMarket._payoutWinnings()::TemporaryVariable::TMP_1483][@state::contracts/RCMarket.sol::RCMarket.winningOutcome], totalRentCollected, winnerCut, winningOutcome}
 writer root       -> contracts/RCMarket.sol::RCMarket.exit(uint256)
 writer effect     -> contracts/RCMarket.sol:1090
 written member    -> ('SV', 'contracts/RCMarket.sol', 'RCMarket.totalRentCollected')
 potentially stale -> ('MS', 'contracts/RCMarket.sol', 'RCMarket.card', '@local::contracts/RCMarket.sol::RCMarket._payoutWinnings()::TemporaryVariable::TMP_1488'), ('MS', 'contracts/RCMarket.sol', 'RCMarket.rentCollectedPerUserPerCard', '@local::contracts/RCMarket.sol::RCMarket._payoutWinnings()::TemporaryVariable::TMP_1483][@state::contracts/RCMarket.sol::RCMarket.winningOutcome'), ('SV', 'contracts/RCMarket.sol', 'RCMarket.affiliateCut'), ('SV', 'contracts/RCMarket.sol', 'RCMarket.artistCut'), ('SV', 'contracts/RCMarket.sol', 'RCMarket.cardAffiliateCut'), ('SV', 'contracts/RCMarket.sol', 'RCMarket.creatorCut'), ('SV', 'contracts/RCMarket.sol', 'RCMarket.winnerCut'), ('SV', 'contracts/RCMarket.sol', 'RCMarket.winningOutcome')
 reader witnesses  -> 11
 storage exposures -> 1
[MV-SI candidate 10e2a406b04e9454c833] {_roles[$arg1], user}
 writer root       -> contracts/RCTreasury.sol::RCTreasury.withdrawDeposit(uint256,bool)
 writer effect     -> contracts/RCTreasury.sol:848
 written member    -> ('SV', 'contracts/RCTreasury.sol', 'RCTreasury.user')
 potentially stale -> ('MS', '@openzeppelin/contracts/access/AccessControl.sol', 'AccessControl._roles', '$arg1')
 reader witnesses  -> 9
 storage exposures -> 1
[MV-SI candidate 10f6fee8c77491e31f14] {index[@local::contracts/RCOrderbook.sol::RCOrderbook.cleanWastePile()::LocalVariable::_user_1][@local::contracts/RCOrderbook.sol::RCOrderbook.cleanWastePile()::LocalVariable::_market_1][@local::contracts/RCOrderbook.sol::RCOrderbook.cleanWastePile()::LocalVariable::_card_1], user}
 writer root       -> contracts/RCOrderbook.sol::RCOrderbook.closeMarket()
 writer effect     -> contracts/RCOrderbook.sol:684
 written member    -> ('SV', 'contracts/RCOrderbook.sol', 'RCOrderbook.user')
 potentially stale -> ('MS', 'contracts/RCOrderbook.sol', 'RCOrderbook.index', '@local::contracts/RCOrderbook.sol::RCOrderbook.cleanWastePile()::LocalVariable::_user_1][@local::contracts/RCOrderbook.sol::RCOrderbook.cleanWastePile()::LocalVariable::_market_1][@local::contracts/RCOrderbook.sol::RCOrderbook.cleanWastePile()::LocalVariable::_card_1')
 reader witnesses  -> 4
 storage exposures -> 1
[MV-SI candidate 110082e2a018a2873cbb] {maxDeletions, user}
 writer root       -> contracts/RCOrderbook.sol::RCOrderbook.removeUserFromOrderbook(address)
 writer effect     -> contracts/RCOrderbook.sol:830
 written member    -> ('SV', 'contracts/RCOrderbook.sol', 'RCOrderbook.user')
 potentially stale -> ('SV', 'contracts/RCOrderbook.sol', 'RCOrderbook.maxDeletions')
 reader witnesses  -> 10
 storage exposures -> 1
[MV-SI candidate 1150a939eb8638565f44] {closedMarkets[@local::contracts/RCOrderbook.sol::RCOrderbook.removeOldBids(address)::ReferenceVariable::REF_1159], market, maxDeletions, userClosedMarketIndex[$arg0]}
 writer root       -> contracts/RCOrderbook.sol::RCOrderbook.addBidToOrderbook(address,uint256,uint256,uint256,address)
 writer effect     -> contracts/RCOrderbook.sol:197
 written member    -> ('SV', 'contracts/RCOrderbook.sol', 'RCOrderbook.market')
 potentially stale -> ('MS', 'contracts/RCOrderbook.sol', 'RCOrderbook.closedMarkets', '@local::contracts/RCOrderbook.sol::RCOrderbook.removeOldBids(address)::ReferenceVariable::REF_1159'), ('MS', 'contracts/RCOrderbook.sol', 'RCOrderbook.userClosedMarketIndex', '$arg0'), ('SV', 'contracts/RCOrderbook.sol', 'RCOrderbook.maxDeletions')
 reader witnesses  -> 7
 storage exposures -> 1
[MV-SI candidate 11895756b4008ddcd51c] {index[@local::contracts/RCOrderbook.sol::RCOrderbook.closeMarket()::LocalVariable::_market_1][@local::contracts/RCOrderbook.sol::RCOrderbook.closeMarket()::LocalVariable::_market_1][@local::contracts/RCOrderbook.sol::RCOrderbook.closeMarket()::LocalVariable::i_2], user}
 writer root       -> contracts/RCOrderbook.sol::RCOrderbook.addBidToOrderbook(address,uint256,uint256,uint256,address)
 writer effect     -> contracts/RCOrderbook.sol:802
 written member    -> ('SV', 'contracts/RCOrderbook.sol', 'RCOrderbook.user')
 potentially stale -> ('MS', 'contracts/RCOrderbook.sol', 'RCOrderbook.index', '@local::contracts/RCOrderbook.sol::RCOrderbook.closeMarket()::LocalVariable::_market_1][@local::contracts/RCOrderbook.sol::RCOrderbook.closeMarket()::LocalVariable::_market_1][@local::contracts/RCOrderbook.sol::RCOrderbook.closeMarket()::LocalVariable::i_2')
 reader witnesses  -> 1
 storage exposures -> 1
[MV-SI candidate 11adfb0f6f9d736affb0] {card, marketLockingTime}
 writer root       -> contracts/RCMarket.sol::RCMarket.getWinnerFromOracle()
 writer effect     -> contracts/RCMarket.sol:1073
 written member    -> ('SV', 'contracts/RCMarket.sol', 'RCMarket.card')
 potentially stale -> ('SV', 'contracts/RCMarket.sol', 'RCMarket.marketLockingTime')
 reader witnesses  -> 30
 storage exposures -> 1
[MV-SI candidate 11dec69dd414b387efd9] {card, winnerCut, winningOutcome}
 writer root       -> contracts/RCMarket.sol::RCMarket.sponsor(address,uint256)
 writer effect     -> contracts/RCMarket.sol:916
 written member    -> ('SV', 'contracts/RCMarket.sol', 'RCMarket.card')
 potentially stale -> ('SV', 'contracts/RCMarket.sol', 'RCMarket.winnerCut'), ('SV', 'contracts/RCMarket.sol', 'RCMarket.winningOutcome')
 reader witnesses  -> 9
 storage exposures -> 1
[MV-SI candidate 11ed073080de86028822] {card, winnerCut, winningOutcome}
 writer root       -> contracts/RCMarket.sol::RCMarket.exit(uint256)
 writer effect     -> contracts/RCMarket.sol:1068
 written member    -> ('SV', 'contracts/RCMarket.sol', 'RCMarket.card')
 potentially stale -> ('SV', 'contracts/RCMarket.sol', 'RCMarket.winnerCut'), ('SV', 'contracts/RCMarket.sol', 'RCMarket.winningOutcome')
 reader witnesses  -> 9
 storage exposures -> 1
[MV-SI candidate 122833656b515f693ae3] {closedMarkets[@local::contracts/RCOrderbook.sol::RCOrderbook.removeOldBids(address)::ReferenceVariable::REF_1159], index[$arg0][@local::contracts/RCOrderbook.sol::RCOrderbook.removeOldBids(address)::LocalVariable::_market_2][@local::contracts/RCOrderbook.sol::RCOrderbook.removeOldBids(address)::LocalVariable::i_2], market, user, userClosedMarketIndex[$arg0]}
 writer root       -> contracts/RCOrderbook.sol::RCOrderbook.removeOldBids(address)
 writer effect     -> contracts/RCOrderbook.sol:736
 written member    -> ('SV', 'contracts/RCOrderbook.sol', 'RCOrderbook.user')
 potentially stale -> ('MS', 'contracts/RCOrderbook.sol', 'RCOrderbook.closedMarkets', '@local::contracts/RCOrderbook.sol::RCOrderbook.removeOldBids(address)::ReferenceVariable::REF_1159'), ('MS', 'contracts/RCOrderbook.sol', 'RCOrderbook.index', '$arg0][@local::contracts/RCOrderbook.sol::RCOrderbook.removeOldBids(address)::LocalVariable::_market_2][@local::contracts/RCOrderbook.sol::RCOrderbook.removeOldBids(address)::LocalVariable::i_2'), ('MS', 'contracts/RCOrderbook.sol', 'RCOrderbook.userClosedMarketIndex', '$arg0'), ('SV', 'contracts/RCOrderbook.sol', 'RCOrderbook.market')
 reader witnesses  -> 14
 storage exposures -> 1
[MV-SI candidate 12484c7f772456ac0584] {card, marketLockingTime}
 writer root       -> contracts/RCMarket.sol::RCMarket.exitAll()
 writer effect     -> contracts/RCMarket.sol:1073
 written member    -> ('SV', 'contracts/RCMarket.sol', 'RCMarket.card')
 potentially stale -> ('SV', 'contracts/RCMarket.sol', 'RCMarket.marketLockingTime')
 reader witnesses  -> 30
 storage exposures -> 1
[MV-SI candidate 12634fbe1461196e9d73] {closedMarkets[@local::contracts/RCOrderbook.sol::RCOrderbook.removeOldBids(address)::ReferenceVariable::REF_1159], index[$arg0][@local::contracts/RCOrderbook.sol::RCOrderbook.removeOldBids(address)::LocalVariable::_market_2][@local::contracts/RCOrderbook.sol::RCOrderbook.removeOldBids(address)::LocalVariable::i_2], market, user, userClosedMarketIndex[$arg0]}
 writer root       -> contracts/RCOrderbook.sol::RCOrderbook.removeBidFromOrderbook(address,uint256)
 writer effect     -> contracts/RCOrderbook.sol:830
 written member    -> ('SV', 'contracts/RCOrderbook.sol', 'RCOrderbook.user')
 potentially stale -> ('MS', 'contracts/RCOrderbook.sol', 'RCOrderbook.closedMarkets', '@local::contracts/RCOrderbook.sol::RCOrderbook.removeOldBids(address)::ReferenceVariable::REF_1159'), ('MS', 'contracts/RCOrderbook.sol', 'RCOrderbook.index', '$arg0][@local::contracts/RCOrderbook.sol::RCOrderbook.removeOldBids(address)::LocalVariable::_market_2][@local::contracts/RCOrderbook.sol::RCOrderbook.removeOldBids(address)::LocalVariable::i_2'), ('MS', 'contracts/RCOrderbook.sol', 'RCOrderbook.userClosedMarketIndex', '$arg0'), ('SV', 'contracts/RCOrderbook.sol', 'RCOrderbook.market')
 reader witnesses  -> 14
 storage exposures -> 1
[MV-SI candidate 12850bfc895b4999433f] {_roles[$arg1], user}
 writer root       -> contracts/RCTreasury.sol::RCTreasury.decreaseBidRate(address,uint256)
 writer effect     -> contracts/RCTreasury.sol:688
 written member    -> ('SV', 'contracts/RCTreasury.sol', 'RCTreasury.user')
 potentially stale -> ('MS', '@openzeppelin/contracts/access/AccessControl.sol', 'AccessControl._roles', '$arg1')
 reader witnesses  -> 9
 storage exposures -> 1
[MV-SI candidate 13ade3d7dfb52ffd93bd] {index[$arg4][@local::contracts/RCOrderbook.sol::RCOrderbook.addBidToOrderbook(address,uint256,uint256,uint256,address)::LocalVariable::_market_1][$arg1], user}
 writer root       -> contracts/RCOrderbook.sol::RCOrderbook.removeUserFromOrderbook(address)
 writer effect     -> contracts/RCOrderbook.sol:527
 written member    -> ('SV', 'contracts/RCOrderbook.sol', 'RCOrderbook.user')
 potentially stale -> ('MS', 'contracts/RCOrderbook.sol', 'RCOrderbook.index', '$arg4][@local::contracts/RCOrderbook.sol::RCOrderbook.addBidToOrderbook(address,uint256,uint256,uint256,address)::LocalVariable::_market_1][$arg1')
 reader witnesses  -> 6
 storage exposures -> 1
[MV-SI candidate 13ddd2e5af5cbe51bee2] {index[@local::contracts/RCOrderbook.sol::RCOrderbook.closeMarket()::LocalVariable::_market_1][@local::contracts/RCOrderbook.sol::RCOrderbook.closeMarket()::LocalVariable::_market_1][@local::contracts/RCOrderbook.sol::RCOrderbook.closeMarket()::LocalVariable::i_2], user}
 writer root       -> contracts/RCOrderbook.sol::RCOrderbook.removeBidFromOrderbook(address,uint256)
 writer effect     -> contracts/RCOrderbook.sol:517
 written member    -> ('SV', 'contracts/RCOrderbook.sol', 'RCOrderbook.user')
 potentially stale -> ('MS', 'contracts/RCOrderbook.sol', 'RCOrderbook.index', '@local::contracts/RCOrderbook.sol::RCOrderbook.closeMarket()::LocalVariable::_market_1][@local::contracts/RCOrderbook.sol::RCOrderbook.closeMarket()::LocalVariable::_market_1][@local::contracts/RCOrderbook.sol::RCOrderbook.closeMarket()::LocalVariable::i_2')
 reader witnesses  -> 1
 storage exposures -> 1
[MV-SI candidate 144ee885fa8350170dde] {card, winningOutcome}
 writer root       -> contracts/RCMarket.sol::RCMarket.lockMarket()
 writer effect     -> contracts/RCMarket.sol:1074
 written member    -> ('SV', 'contracts/RCMarket.sol', 'RCMarket.card')
 potentially stale -> ('SV', 'contracts/RCMarket.sol', 'RCMarket.winningOutcome')
 reader witnesses  -> 14
 storage exposures -> 1
[MV-SI candidate 148f9a1587086212ef03] {card, winnerCut, winningOutcome}
 writer root       -> contracts/RCMarket.sol::RCMarket.sponsor(uint256)
 writer effect     -> contracts/RCMarket.sol:916
 written member    -> ('SV', 'contracts/RCMarket.sol', 'RCMarket.card')
 potentially stale -> ('SV', 'contracts/RCMarket.sol', 'RCMarket.winnerCut'), ('SV', 'contracts/RCMarket.sol', 'RCMarket.winningOutcome')
 reader witnesses  -> 9
 storage exposures -> 1
[MV-SI candidate 14a692729e6e2612ce66] {card, cardAffiliateCut}
 writer root       -> contracts/RCMarket.sol::RCMarket.updateTimeHeldLimit(uint256,uint256)
 writer effect     -> contracts/RCMarket.sol:1049
 written member    -> ('SV', 'contracts/RCMarket.sol', 'RCMarket.card')
 potentially stale -> ('SV', 'contracts/RCMarket.sol', 'RCMarket.cardAffiliateCut')
 reader witnesses  -> 3
 storage exposures -> 1
[MV-SI candidate 14cb5caca07c6de8407f] {minRentalDayDivisor, user}
 writer root       -> contracts/RCTreasury.sol::RCTreasury.updateRentalRate(address,address,uint256,uint256,uint256)
 writer effect     -> contracts/RCTreasury.sol:848
 written member    -> ('SV', 'contracts/RCTreasury.sol', 'RCTreasury.user')
 potentially stale -> ('SV', 'contracts/RCTreasury.sol', 'RCTreasury.minRentalDayDivisor')
 reader witnesses  -> 18
 storage exposures -> 1
[MV-SI candidate 14da5f5d23e0372ad6bd] {index[$arg4][@local::contracts/RCOrderbook.sol::RCOrderbook.addBidToOrderbook(address,uint256,uint256,uint256,address)::LocalVariable::_market_1][$arg1], user}
 writer root       -> contracts/RCOrderbook.sol::RCOrderbook.setTimeHeldlimit(address,uint256,uint256)
 writer effect     -> contracts/RCOrderbook.sol:901
 written member    -> ('SV', 'contracts/RCOrderbook.sol', 'RCOrderbook.user')
 potentially stale -> ('MS', 'contracts/RCOrderbook.sol', 'RCOrderbook.index', '$arg4][@local::contracts/RCOrderbook.sol::RCOrderbook.addBidToOrderbook(address,uint256,uint256,uint256,address)::LocalVariable::_market_1][$arg1')
 reader witnesses  -> 6
 storage exposures -> 1
[MV-SI candidate 15563c41c89928d9de87] {card, minimumPriceIncreasePercent}
 writer root       -> contracts/RCMarket.sol::RCMarket.collectRent(uint256)
 writer effect     -> contracts/RCMarket.sol:1087
 written member    -> ('SV', 'contracts/RCMarket.sol', 'RCMarket.card')
 potentially stale -> ('SV', 'contracts/RCMarket.sol', 'RCMarket.minimumPriceIncreasePercent')
 reader witnesses  -> 2
 storage exposures -> 1
[MV-SI candidate 15708e5f195c2b9254a7] {minRentalDayDivisor, user}
 writer root       -> contracts/RCTreasury.sol::RCTreasury.collectRentUser(address,uint256)
 writer effect     -> contracts/RCTreasury.sol:839
 written member    -> ('SV', 'contracts/RCTreasury.sol', 'RCTreasury.user')
 potentially stale -> ('SV', 'contracts/RCTreasury.sol', 'RCTreasury.minRentalDayDivisor')
 reader witnesses  -> 18
 storage exposures -> 1
[MV-SI candidate 162c07571bdb971b308b] {closedMarkets[@local::contracts/RCOrderbook.sol::RCOrderbook.removeOldBids(address)::ReferenceVariable::REF_1159], index[$arg0][@local::contracts/RCOrderbook.sol::RCOrderbook.removeOldBids(address)::LocalVariable::_market_2][@local::contracts/RCOrderbook.sol::RCOrderbook.removeOldBids(address)::LocalVariable::i_2], market, user, userClosedMarketIndex[$arg0]}
 writer root       -> contracts/RCOrderbook.sol::RCOrderbook.setTimeHeldlimit(address,uint256,uint256)
 writer effect     -> contracts/RCOrderbook.sol:830
 written member    -> ('SV', 'contracts/RCOrderbook.sol', 'RCOrderbook.user')
 potentially stale -> ('MS', 'contracts/RCOrderbook.sol', 'RCOrderbook.closedMarkets', '@local::contracts/RCOrderbook.sol::RCOrderbook.removeOldBids(address)::ReferenceVariable::REF_1159'), ('MS', 'contracts/RCOrderbook.sol', 'RCOrderbook.index', '$arg0][@local::contracts/RCOrderbook.sol::RCOrderbook.removeOldBids(address)::LocalVariable::_market_2][@local::contracts/RCOrderbook.sol::RCOrderbook.removeOldBids(address)::LocalVariable::i_2'), ('MS', 'contracts/RCOrderbook.sol', 'RCOrderbook.userClosedMarketIndex', '$arg0'), ('SV', 'contracts/RCOrderbook.sol', 'RCOrderbook.market')
 reader witnesses  -> 14
 storage exposures -> 1
[MV-SI candidate 1650df167eb445ed6860] {card, minimumPriceIncreasePercent}
 writer root       -> contracts/RCMarket.sol::RCMarket.newRental(uint256,uint256,address,uint256)
 writer effect     -> contracts/RCMarket.sol:1074
 written member    -> ('SV', 'contracts/RCMarket.sol', 'RCMarket.card')
 potentially stale -> ('SV', 'contracts/RCMarket.sol', 'RCMarket.minimumPriceIncreasePercent')
 reader witnesses  -> 4
 storage exposures -> 1
[MV-SI candidate 17530a6888ca345736d0] {card, minimumPriceIncreasePercent}
 writer root       -> contracts/RCMarket.sol::RCMarket.exitAll()
 writer effect     -> contracts/RCMarket.sol:1074
 written member    -> ('SV', 'contracts/RCMarket.sol', 'RCMarket.card')
 potentially stale -> ('SV', 'contracts/RCMarket.sol', 'RCMarket.minimumPriceIncreasePercent')
 reader witnesses  -> 2
 storage exposures -> 1
[MV-SI candidate 1768c05101b5689d8130] {leaderboard, leaderboardIndex[@local::contracts/RCLeaderboard.sol::RCLeaderboard.updateLeaderboard(address,uint256,uint256)::LocalVariable::_market_1][@local::contracts/RCLeaderboard.sol::RCLeaderboard.updateLeaderboard(address,uint256,uint256)::LocalVariable::_market_1][$arg1], leaderboardIndex[@local::contracts/RCLeaderboard.sol::RCLeaderboard.updateLeaderboard(address,uint256,uint256)::LocalVariable::lastUserOnLeaderboard_1][@local::contracts/RCLeaderboard.sol::RCLeaderboard.updateLeaderboard(address,uint256,uint256)::LocalVariable::_market_1][$arg1]}
 writer root       -> contracts/RCLeaderboard.sol::RCLeaderboard.updateLeaderboard(address,uint256,uint256)
 writer effect     -> contracts/RCLeaderboard.sol:225
 written member    -> ('SV', 'contracts/RCLeaderboard.sol', 'RCLeaderboard.leaderboard')
 potentially stale -> ('MS', 'contracts/RCLeaderboard.sol', 'RCLeaderboard.leaderboardIndex', '@local::contracts/RCLeaderboard.sol::RCLeaderboard.updateLeaderboard(address,uint256,uint256)::LocalVariable::_market_1][@local::contracts/RCLeaderboard.sol::RCLeaderboard.updateLeaderboard(address,uint256,uint256)::LocalVariable::_market_1][$arg1'), ('MS', 'contracts/RCLeaderboard.sol', 'RCLeaderboard.leaderboardIndex', '@local::contracts/RCLeaderboard.sol::RCLeaderboard.updateLeaderboard(address,uint256,uint256)::LocalVariable::lastUserOnLeaderboard_1][@local::contracts/RCLeaderboard.sol::RCLeaderboard.updateLeaderboard(address,uint256,uint256)::LocalVariable::_market_1][$arg1')
 reader witnesses  -> 6
 storage exposures -> 1
[MV-SI candidate 17abe7776a702a3a6a0d] {index[$arg4][@local::contracts/RCOrderbook.sol::RCOrderbook.addBidToOrderbook(address,uint256,uint256,uint256,address)::LocalVariable::_market_1][$arg1], user}
 writer root       -> contracts/RCOrderbook.sol::RCOrderbook.closeMarket()
 writer effect     -> contracts/RCOrderbook.sol:830
 written member    -> ('SV', 'contracts/RCOrderbook.sol', 'RCOrderbook.user')
 potentially stale -> ('MS', 'contracts/RCOrderbook.sol', 'RCOrderbook.index', '$arg4][@local::contracts/RCOrderbook.sol::RCOrderbook.addBidToOrderbook(address,uint256,uint256,uint256,address)::LocalVariable::_market_1][$arg1')
 reader witnesses  -> 6
 storage exposures -> 1
[MV-SI candidate 1807a686d3514afca06f] {card, marketLockingTime}
 writer root       -> contracts/RCMarket.sol::RCMarket.newRental(uint256,uint256,address,uint256)
 writer effect     -> contracts/RCMarket.sol:1087
 written member    -> ('SV', 'contracts/RCMarket.sol', 'RCMarket.card')
 potentially stale -> ('SV', 'contracts/RCMarket.sol', 'RCMarket.marketLockingTime')
 reader witnesses  -> 60
 storage exposures -> 1
[MV-SI candidate 186e8bbb0692cf270629] {maxDeletions, user}
 writer root       -> contracts/RCOrderbook.sol::RCOrderbook.closeMarket()
 writer effect     -> contracts/RCOrderbook.sol:673
 written member    -> ('SV', 'contracts/RCOrderbook.sol', 'RCOrderbook.user')
 potentially stale -> ('SV', 'contracts/RCOrderbook.sol', 'RCOrderbook.maxDeletions')
 reader witnesses  -> 10
 storage exposures -> 1
[MV-SI candidate 189a555a66d5a2b92526] {marketCloseLimit, user}
 writer root       -> contracts/RCOrderbook.sol::RCOrderbook.findNewOwner(uint256,uint256)
 writer effect     -> contracts/RCOrderbook.sol:527
 written member    -> ('SV', 'contracts/RCOrderbook.sol', 'RCOrderbook.user')
 potentially stale -> ('SV', 'contracts/RCOrderbook.sol', 'RCOrderbook.marketCloseLimit')
 reader witnesses  -> 4
 storage exposures -> 1
[MV-SI candidate 189f3c5d3e3543839b04] {marketCloseLimit, user}
 writer root       -> contracts/RCOrderbook.sol::RCOrderbook.addBidToOrderbook(address,uint256,uint256,uint256,address)
 writer effect     -> contracts/RCOrderbook.sol:793
 written member    -> ('SV', 'contracts/RCOrderbook.sol', 'RCOrderbook.user')
 potentially stale -> ('SV', 'contracts/RCOrderbook.sol', 'RCOrderbook.marketCloseLimit')
 reader witnesses  -> 4
 storage exposures -> 1
[MV-SI candidate 18b122caef41739a7a01] {card, minimumPriceIncreasePercent}
 writer root       -> contracts/RCMarket.sol::RCMarket.exit(uint256)
 writer effect     -> contracts/RCMarket.sol:1087
 written member    -> ('SV', 'contracts/RCMarket.sol', 'RCMarket.card')
 potentially stale -> ('SV', 'contracts/RCMarket.sol', 'RCMarket.minimumPriceIncreasePercent')
 reader witnesses  -> 2
 storage exposures -> 1
[MV-SI candidate 19363b0d67ddf5b91e67] {maxDeletions, user}
 writer root       -> contracts/RCOrderbook.sol::RCOrderbook.addBidToOrderbook(address,uint256,uint256,uint256,address)
 writer effect     -> contracts/RCOrderbook.sol:776
 written member    -> ('SV', 'contracts/RCOrderbook.sol', 'RCOrderbook.user')
 potentially stale -> ('SV', 'contracts/RCOrderbook.sol', 'RCOrderbook.maxDeletions')
 reader witnesses  -> 10
 storage exposures -> 1
[MV-SI candidate 194ae5e627e338e51271] {card, minimumPriceIncreasePercent}
 writer root       -> contracts/RCMarket.sol::RCMarket.setAmicableResolution(uint256)
 writer effect     -> contracts/RCMarket.sol:1073
 written member    -> ('SV', 'contracts/RCMarket.sol', 'RCMarket.card')
 potentially stale -> ('SV', 'contracts/RCMarket.sol', 'RCMarket.minimumPriceIncreasePercent')
 reader witnesses  -> 2
 storage exposures -> 1
[MV-SI candidate 197452d032955864f14a] {maxDeletions, user}
 writer root       -> contracts/RCOrderbook.sol::RCOrderbook.addBidToOrderbook(address,uint256,uint256,uint256,address)
 writer effect     -> contracts/RCOrderbook.sol:362
 written member    -> ('SV', 'contracts/RCOrderbook.sol', 'RCOrderbook.user')
 potentially stale -> ('SV', 'contracts/RCOrderbook.sol', 'RCOrderbook.maxDeletions')
 reader witnesses  -> 10
 storage exposures -> 1
[MV-SI candidate 19f2a25558d870dccdbe] {index[@local::contracts/RCOrderbook.sol::RCOrderbook.cleanWastePile()::LocalVariable::_user_1][@local::contracts/RCOrderbook.sol::RCOrderbook.cleanWastePile()::LocalVariable::_market_1][@local::contracts/RCOrderbook.sol::RCOrderbook.cleanWastePile()::LocalVariable::_card_1], user}
 writer root       -> contracts/RCOrderbook.sol::RCOrderbook.removeBidFromOrderbook(address,uint256)
 writer effect     -> contracts/RCOrderbook.sol:536
 written member    -> ('SV', 'contracts/RCOrderbook.sol', 'RCOrderbook.user')
 potentially stale -> ('MS', 'contracts/RCOrderbook.sol', 'RCOrderbook.index', '@local::contracts/RCOrderbook.sol::RCOrderbook.cleanWastePile()::LocalVariable::_user_1][@local::contracts/RCOrderbook.sol::RCOrderbook.cleanWastePile()::LocalVariable::_market_1][@local::contracts/RCOrderbook.sol::RCOrderbook.cleanWastePile()::LocalVariable::_card_1')
 reader witnesses  -> 4
 storage exposures -> 1
[MV-SI candidate 1a0a53e52843cf66f67e] {market, maxSearchIterations}
 writer root       -> contracts/RCOrderbook.sol::RCOrderbook.addBidToOrderbook(address,uint256,uint256,uint256,address)
 writer effect     -> contracts/RCOrderbook.sol:196
 written member    -> ('SV', 'contracts/RCOrderbook.sol', 'RCOrderbook.market')
 potentially stale -> ('SV', 'contracts/RCOrderbook.sol', 'RCOrderbook.maxSearchIterations')
 reader witnesses  -> 2
 storage exposures -> 1
[MV-SI candidate 1a44165d617393ad5e6c] {affiliateCut, artistCut, cardAffiliateCut, card[@local::contracts/RCMarket.sol::RCMarket._payoutWinnings()::TemporaryVariable::TMP_1488], creatorCut, rentCollectedPerUserPerCard[@local::contracts/RCMarket.sol::RCMarket._payoutWinnings()::TemporaryVariable::TMP_1483][@state::contracts/RCMarket.sol::RCMarket.winningOutcome], totalRentCollected, winnerCut, winningOutcome}
 writer root       -> contracts/RCMarket.sol::RCMarket.sponsor(uint256)
 writer effect     -> contracts/RCMarket.sol:909
 written member    -> ('SV', 'contracts/RCMarket.sol', 'RCMarket.totalRentCollected')
 potentially stale -> ('MS', 'contracts/RCMarket.sol', 'RCMarket.card', '@local::contracts/RCMarket.sol::RCMarket._payoutWinnings()::TemporaryVariable::TMP_1488'), ('MS', 'contracts/RCMarket.sol', 'RCMarket.rentCollectedPerUserPerCard', '@local::contracts/RCMarket.sol::RCMarket._payoutWinnings()::TemporaryVariable::TMP_1483][@state::contracts/RCMarket.sol::RCMarket.winningOutcome'), ('SV', 'contracts/RCMarket.sol', 'RCMarket.affiliateCut'), ('SV', 'contracts/RCMarket.sol', 'RCMarket.artistCut'), ('SV', 'contracts/RCMarket.sol', 'RCMarket.cardAffiliateCut'), ('SV', 'contracts/RCMarket.sol', 'RCMarket.creatorCut'), ('SV', 'contracts/RCMarket.sol', 'RCMarket.winnerCut'), ('SV', 'contracts/RCMarket.sol', 'RCMarket.winningOutcome')
 reader witnesses  -> 11
 storage exposures -> 1
[MV-SI candidate 1a64aebd4eab5d28b429] {minRentalDayDivisor, user}
 writer root       -> contracts/RCTreasury.sol::RCTreasury.updateRentalRate(address,address,uint256,uint256,uint256)
 writer effect     -> contracts/RCTreasury.sol:660
 written member    -> ('SV', 'contracts/RCTreasury.sol', 'RCTreasury.user')
 potentially stale -> ('SV', 'contracts/RCTreasury.sol', 'RCTreasury.minRentalDayDivisor')
 reader witnesses  -> 18
 storage exposures -> 1
[MV-SI candidate 1a84386fc1f53c4b1bb6] {index[$arg4][@local::contracts/RCOrderbook.sol::RCOrderbook.addBidToOrderbook(address,uint256,uint256,uint256,address)::LocalVariable::_market_1][$arg1], user}
 writer root       -> contracts/RCOrderbook.sol::RCOrderbook.addBidToOrderbook(address,uint256,uint256,uint256,address)
 writer effect     -> contracts/RCOrderbook.sol:406
 written member    -> ('SV', 'contracts/RCOrderbook.sol', 'RCOrderbook.user')
 potentially stale -> ('MS', 'contracts/RCOrderbook.sol', 'RCOrderbook.index', '$arg4][@local::contracts/RCOrderbook.sol::RCOrderbook.addBidToOrderbook(address,uint256,uint256,uint256,address)::LocalVariable::_market_1][$arg1')
 reader witnesses  -> 6
 storage exposures -> 1
[MV-SI candidate 1acd5be60ba86ebd0ffc] {card, marketLockingTime}
 writer root       -> contracts/RCMarket.sol::RCMarket.getWinnerFromOracle()
 writer effect     -> contracts/RCMarket.sol:1087
 written member    -> ('SV', 'contracts/RCMarket.sol', 'RCMarket.card')
 potentially stale -> ('SV', 'contracts/RCMarket.sol', 'RCMarket.marketLockingTime')
 reader witnesses  -> 30
 storage exposures -> 1
[MV-SI candidate 1ad645a313fa63340293] {maxDeletions, user}
 writer root       -> contracts/RCOrderbook.sol::RCOrderbook.closeMarket()
 writer effect     -> contracts/RCOrderbook.sol:667
 written member    -> ('SV', 'contracts/RCOrderbook.sol', 'RCOrderbook.user')
 potentially stale -> ('SV', 'contracts/RCOrderbook.sol', 'RCOrderbook.maxDeletions')
 reader witnesses  -> 10
 storage exposures -> 1
[MV-SI candidate 1aea710b01f31a90ca77] {affiliateCut, artistCut, cardAffiliateCut, card[@local::contracts/RCMarket.sol::RCMarket._payoutWinnings()::TemporaryVariable::TMP_1488], creatorCut, rentCollectedPerUserPerCard[@local::contracts/RCMarket.sol::RCMarket._payoutWinnings()::TemporaryVariable::TMP_1483][@state::contracts/RCMarket.sol::RCMarket.winningOutcome], totalRentCollected, winnerCut, winningOutcome}
 writer root       -> contracts/RCMarket.sol::RCMarket.lockMarket()
 writer effect     -> contracts/RCMarket.sol:1090
 written member    -> ('SV', 'contracts/RCMarket.sol', 'RCMarket.totalRentCollected')
 potentially stale -> ('MS', 'contracts/RCMarket.sol', 'RCMarket.card', '@local::contracts/RCMarket.sol::RCMarket._payoutWinnings()::TemporaryVariable::TMP_1488'), ('MS', 'contracts/RCMarket.sol', 'RCMarket.rentCollectedPerUserPerCard', '@local::contracts/RCMarket.sol::RCMarket._payoutWinnings()::TemporaryVariable::TMP_1483][@state::contracts/RCMarket.sol::RCMarket.winningOutcome'), ('SV', 'contracts/RCMarket.sol', 'RCMarket.affiliateCut'), ('SV', 'contracts/RCMarket.sol', 'RCMarket.artistCut'), ('SV', 'contracts/RCMarket.sol', 'RCMarket.cardAffiliateCut'), ('SV', 'contracts/RCMarket.sol', 'RCMarket.creatorCut'), ('SV', 'contracts/RCMarket.sol', 'RCMarket.winnerCut'), ('SV', 'contracts/RCMarket.sol', 'RCMarket.winningOutcome')
 reader witnesses  -> 11
 storage exposures -> 1
[MV-SI candidate 1b56c569a560a85df7e8] {closedMarkets[@local::contracts/RCOrderbook.sol::RCOrderbook.removeOldBids(address)::ReferenceVariable::REF_1159], index[$arg0][@local::contracts/RCOrderbook.sol::RCOrderbook.removeOldBids(address)::LocalVariable::_market_2][@local::contracts/RCOrderbook.sol::RCOrderbook.removeOldBids(address)::LocalVariable::i_2], market, user, userClosedMarketIndex[$arg0]}
 writer root       -> contracts/RCOrderbook.sol::RCOrderbook.closeMarket()
 writer effect     -> contracts/RCOrderbook.sol:669
 written member    -> ('SV', 'contracts/RCOrderbook.sol', 'RCOrderbook.user')
 potentially stale -> ('MS', 'contracts/RCOrderbook.sol', 'RCOrderbook.closedMarkets', '@local::contracts/RCOrderbook.sol::RCOrderbook.removeOldBids(address)::ReferenceVariable::REF_1159'), ('MS', 'contracts/RCOrderbook.sol', 'RCOrderbook.index', '$arg0][@local::contracts/RCOrderbook.sol::RCOrderbook.removeOldBids(address)::LocalVariable::_market_2][@local::contracts/RCOrderbook.sol::RCOrderbook.removeOldBids(address)::LocalVariable::i_2'), ('MS', 'contracts/RCOrderbook.sol', 'RCOrderbook.userClosedMarketIndex', '$arg0'), ('SV', 'contracts/RCOrderbook.sol', 'RCOrderbook.market')
 reader witnesses  -> 14
 storage exposures -> 1
[MV-SI candidate 1baaa7a05cd45bd91419] {market, maxSearchIterations}
 writer root       -> contracts/RCOrderbook.sol::RCOrderbook.addBidToOrderbook(address,uint256,uint256,uint256,address)
 writer effect     -> contracts/RCOrderbook.sol:200
 written member    -> ('SV', 'contracts/RCOrderbook.sol', 'RCOrderbook.market')
 potentially stale -> ('SV', 'contracts/RCOrderbook.sol', 'RCOrderbook.maxSearchIterations')
 reader witnesses  -> 2
 storage exposures -> 1
[MV-SI candidate 1bec9399a945f505e0c2] {index[@local::contracts/RCOrderbook.sol::RCOrderbook.closeMarket()::LocalVariable::_market_1][@local::contracts/RCOrderbook.sol::RCOrderbook.closeMarket()::LocalVariable::_market_1][@local::contracts/RCOrderbook.sol::RCOrderbook.closeMarket()::LocalVariable::i_2], user}
 writer root       -> contracts/RCOrderbook.sol::RCOrderbook.addBidToOrderbook(address,uint256,uint256,uint256,address)
 writer effect     -> contracts/RCOrderbook.sol:797
 written member    -> ('SV', 'contracts/RCOrderbook.sol', 'RCOrderbook.user')
 potentially stale -> ('MS', 'contracts/RCOrderbook.sol', 'RCOrderbook.index', '@local::contracts/RCOrderbook.sol::RCOrderbook.closeMarket()::LocalVariable::_market_1][@local::contracts/RCOrderbook.sol::RCOrderbook.closeMarket()::LocalVariable::_market_1][@local::contracts/RCOrderbook.sol::RCOrderbook.closeMarket()::LocalVariable::i_2')
 reader witnesses  -> 1
 storage exposures -> 1
[MV-SI candidate 1c34902ec5351995273f] {index[@local::contracts/RCOrderbook.sol::RCOrderbook.closeMarket()::LocalVariable::_market_1][@local::contracts/RCOrderbook.sol::RCOrderbook.closeMarket()::LocalVariable::_market_1][@local::contracts/RCOrderbook.sol::RCOrderbook.closeMarket()::LocalVariable::i_2], user}
 writer root       -> contracts/RCOrderbook.sol::RCOrderbook.removeUserFromOrderbook(address)
 writer effect     -> contracts/RCOrderbook.sol:536
 written member    -> ('SV', 'contracts/RCOrderbook.sol', 'RCOrderbook.user')
 potentially stale -> ('MS', 'contracts/RCOrderbook.sol', 'RCOrderbook.index', '@local::contracts/RCOrderbook.sol::RCOrderbook.closeMarket()::LocalVariable::_market_1][@local::contracts/RCOrderbook.sol::RCOrderbook.closeMarket()::LocalVariable::_market_1][@local::contracts/RCOrderbook.sol::RCOrderbook.closeMarket()::LocalVariable::i_2')
 reader witnesses  -> 1
 storage exposures -> 1
[MV-SI candidate 1c806e174f6ca98290d4] {marketCloseLimit, user}
 writer root       -> contracts/RCOrderbook.sol::RCOrderbook.removeBidFromOrderbook(address,uint256)
 writer effect     -> contracts/RCOrderbook.sol:516
 written member    -> ('SV', 'contracts/RCOrderbook.sol', 'RCOrderbook.user')
 potentially stale -> ('SV', 'contracts/RCOrderbook.sol', 'RCOrderbook.marketCloseLimit')
 reader witnesses  -> 4
 storage exposures -> 1
[MV-SI candidate 1cac628084cfb5cb28d4] {closedMarkets[@local::contracts/RCOrderbook.sol::RCOrderbook.removeOldBids(address)::ReferenceVariable::REF_1159], index[$arg0][@local::contracts/RCOrderbook.sol::RCOrderbook.removeOldBids(address)::LocalVariable::_market_2][@local::contracts/RCOrderbook.sol::RCOrderbook.removeOldBids(address)::LocalVariable::i_2], market, user, userClosedMarketIndex[$arg0]}
 writer root       -> contracts/RCOrderbook.sol::RCOrderbook.removeUserFromOrderbook(address)
 writer effect     -> contracts/RCOrderbook.sol:532
 written member    -> ('SV', 'contracts/RCOrderbook.sol', 'RCOrderbook.user')
 potentially stale -> ('MS', 'contracts/RCOrderbook.sol', 'RCOrderbook.closedMarkets', '@local::contracts/RCOrderbook.sol::RCOrderbook.removeOldBids(address)::ReferenceVariable::REF_1159'), ('MS', 'contracts/RCOrderbook.sol', 'RCOrderbook.index', '$arg0][@local::contracts/RCOrderbook.sol::RCOrderbook.removeOldBids(address)::LocalVariable::_market_2][@local::contracts/RCOrderbook.sol::RCOrderbook.removeOldBids(address)::LocalVariable::i_2'), ('MS', 'contracts/RCOrderbook.sol', 'RCOrderbook.userClosedMarketIndex', '$arg0'), ('SV', 'contracts/RCOrderbook.sol', 'RCOrderbook.market')
 reader witnesses  -> 14
 storage exposures -> 1
[MV-SI candidate 1cd0640f7570e2f1cf2c] {card, cardAffiliateCut}
 writer root       -> contracts/RCMarket.sol::RCMarket.updateTimeHeldLimit(uint256,uint256)
 writer effect     -> contracts/RCMarket.sol:1074
 written member    -> ('SV', 'contracts/RCMarket.sol', 'RCMarket.card')
 potentially stale -> ('SV', 'contracts/RCMarket.sol', 'RCMarket.cardAffiliateCut')
 reader witnesses  -> 3
 storage exposures -> 1
[MV-SI candidate 1cd45916bf7dd5808be3] {index[$arg4][@local::contracts/RCOrderbook.sol::RCOrderbook.addBidToOrderbook(address,uint256,uint256,uint256,address)::LocalVariable::_market_1][$arg1], user}
 writer root       -> contracts/RCOrderbook.sol::RCOrderbook.removeUserFromOrderbook(address)
 writer effect     -> contracts/RCOrderbook.sol:517
 written member    -> ('SV', 'contracts/RCOrderbook.sol', 'RCOrderbook.user')
 potentially stale -> ('MS', 'contracts/RCOrderbook.sol', 'RCOrderbook.index', '$arg4][@local::contracts/RCOrderbook.sol::RCOrderbook.addBidToOrderbook(address,uint256,uint256,uint256,address)::LocalVariable::_market_1][$arg1')
 reader witnesses  -> 6
 storage exposures -> 1
[MV-SI candidate 1ce0d20365679f70c20d] {card, winnerCut, winningOutcome}
 writer root       -> contracts/RCMarket.sol::RCMarket.collectRent(uint256)
 writer effect     -> contracts/RCMarket.sol:1087
 written member    -> ('SV', 'contracts/RCMarket.sol', 'RCMarket.card')
 potentially stale -> ('SV', 'contracts/RCMarket.sol', 'RCMarket.winnerCut'), ('SV', 'contracts/RCMarket.sol', 'RCMarket.winningOutcome')
 reader witnesses  -> 9
 storage exposures -> 1
[MV-SI candidate 1cf1e95383abc39873ab] {index[@local::contracts/RCOrderbook.sol::RCOrderbook.closeMarket()::LocalVariable::_market_1][@local::contracts/RCOrderbook.sol::RCOrderbook.closeMarket()::LocalVariable::_market_1][@local::contracts/RCOrderbook.sol::RCOrderbook.closeMarket()::LocalVariable::i_2], user}
 writer root       -> contracts/RCOrderbook.sol::RCOrderbook.reduceTimeHeldLimit(address,uint256,uint256)
 writer effect     -> contracts/RCOrderbook.sol:910
 written member    -> ('SV', 'contracts/RCOrderbook.sol', 'RCOrderbook.user')
 potentially stale -> ('MS', 'contracts/RCOrderbook.sol', 'RCOrderbook.index', '@local::contracts/RCOrderbook.sol::RCOrderbook.closeMarket()::LocalVariable::_market_1][@local::contracts/RCOrderbook.sol::RCOrderbook.closeMarket()::LocalVariable::_market_1][@local::contracts/RCOrderbook.sol::RCOrderbook.closeMarket()::LocalVariable::i_2')
 reader witnesses  -> 1
 storage exposures -> 1
[MV-SI candidate 1cf4b716f673ea0fa1bc] {card, marketLockingTime}
 writer root       -> contracts/RCMarket.sol::RCMarket.newRental(uint256,uint256,address,uint256)
 writer effect     -> contracts/RCMarket.sol:1049
 written member    -> ('SV', 'contracts/RCMarket.sol', 'RCMarket.card')
 potentially stale -> ('SV', 'contracts/RCMarket.sol', 'RCMarket.marketLockingTime')
 reader witnesses  -> 60
 storage exposures -> 1
[MV-SI candidate 1d38778a74e11b63cbc5] {index[@local::contracts/RCOrderbook.sol::RCOrderbook.cleanWastePile()::LocalVariable::_user_1][@local::contracts/RCOrderbook.sol::RCOrderbook.cleanWastePile()::LocalVariable::_market_1][@local::contracts/RCOrderbook.sol::RCOrderbook.cleanWastePile()::LocalVariable::_card_1], user}
 writer root       -> contracts/RCOrderbook.sol::RCOrderbook.removeBidFromOrderbook(address,uint256)
 writer effect     -> contracts/RCOrderbook.sol:527
 written member    -> ('SV', 'contracts/RCOrderbook.sol', 'RCOrderbook.user')
 potentially stale -> ('MS', 'contracts/RCOrderbook.sol', 'RCOrderbook.index', '@local::contracts/RCOrderbook.sol::RCOrderbook.cleanWastePile()::LocalVariable::_user_1][@local::contracts/RCOrderbook.sol::RCOrderbook.cleanWastePile()::LocalVariable::_market_1][@local::contracts/RCOrderbook.sol::RCOrderbook.cleanWastePile()::LocalVariable::_card_1')
 reader witnesses  -> 4
 storage exposures -> 1
[MV-SI candidate 1d7e359e34696df23808] {cleaningLoops, user}
 writer root       -> contracts/RCOrderbook.sol::RCOrderbook.cleanWastePile()
 writer effect     -> contracts/RCOrderbook.sol:793
 written member    -> ('SV', 'contracts/RCOrderbook.sol', 'RCOrderbook.user')
 potentially stale -> ('SV', 'contracts/RCOrderbook.sol', 'RCOrderbook.cleaningLoops')
 reader witnesses  -> 2
 storage exposures -> 1
[MV-SI candidate 1d96a559342edc982a28] {marketCloseLimit, user}
 writer root       -> contracts/RCOrderbook.sol::RCOrderbook.addBidToOrderbook(address,uint256,uint256,uint256,address)
 writer effect     -> contracts/RCOrderbook.sol:361
 written member    -> ('SV', 'contracts/RCOrderbook.sol', 'RCOrderbook.user')
 potentially stale -> ('SV', 'contracts/RCOrderbook.sol', 'RCOrderbook.marketCloseLimit')
 reader witnesses  -> 4
 storage exposures -> 1
[MV-SI candidate 1dab8f5db0d6291c7893] {cleaningLoops, user}
 writer root       -> contracts/RCOrderbook.sol::RCOrderbook.addBidToOrderbook(address,uint256,uint256,uint256,address)
 writer effect     -> contracts/RCOrderbook.sol:806
 written member    -> ('SV', 'contracts/RCOrderbook.sol', 'RCOrderbook.user')
 potentially stale -> ('SV', 'contracts/RCOrderbook.sol', 'RCOrderbook.cleaningLoops')
 reader witnesses  -> 2
 storage exposures -> 1
[MV-SI candidate 1db0972a61d2dc153de6] {closedMarkets[@local::contracts/RCOrderbook.sol::RCOrderbook.removeOldBids(address)::ReferenceVariable::REF_1159], index[$arg0][@local::contracts/RCOrderbook.sol::RCOrderbook.removeOldBids(address)::LocalVariable::_market_2][@local::contracts/RCOrderbook.sol::RCOrderbook.removeOldBids(address)::LocalVariable::i_2], market, user, userClosedMarketIndex[$arg0]}
 writer root       -> contracts/RCOrderbook.sol::RCOrderbook.cleanWastePile()
 writer effect     -> contracts/RCOrderbook.sol:777
 written member    -> ('SV', 'contracts/RCOrderbook.sol', 'RCOrderbook.user')
 potentially stale -> ('MS', 'contracts/RCOrderbook.sol', 'RCOrderbook.closedMarkets', '@local::contracts/RCOrderbook.sol::RCOrderbook.removeOldBids(address)::ReferenceVariable::REF_1159'), ('MS', 'contracts/RCOrderbook.sol', 'RCOrderbook.index', '$arg0][@local::contracts/RCOrderbook.sol::RCOrderbook.removeOldBids(address)::LocalVariable::_market_2][@local::contracts/RCOrderbook.sol::RCOrderbook.removeOldBids(address)::LocalVariable::i_2'), ('MS', 'contracts/RCOrderbook.sol', 'RCOrderbook.userClosedMarketIndex', '$arg0'), ('SV', 'contracts/RCOrderbook.sol', 'RCOrderbook.market')
 reader witnesses  -> 14
 storage exposures -> 1
[MV-SI candidate 1e065796a9af72c3f8da] {index[$arg4][@local::contracts/RCOrderbook.sol::RCOrderbook.addBidToOrderbook(address,uint256,uint256,uint256,address)::LocalVariable::_market_1][$arg1], user}
 writer root       -> contracts/RCOrderbook.sol::RCOrderbook.addBidToOrderbook(address,uint256,uint256,uint256,address)
 writer effect     -> contracts/RCOrderbook.sol:792
 written member    -> ('SV', 'contracts/RCOrderbook.sol', 'RCOrderbook.user')
 potentially stale -> ('MS', 'contracts/RCOrderbook.sol', 'RCOrderbook.index', '$arg4][@local::contracts/RCOrderbook.sol::RCOrderbook.addBidToOrderbook(address,uint256,uint256,uint256,address)::LocalVariable::_market_1][$arg1')
 reader witnesses  -> 6
 storage exposures -> 1
[MV-SI candidate 1e246c2dd2e8e0054d6d] {index[@local::contracts/RCOrderbook.sol::RCOrderbook.cleanWastePile()::LocalVariable::_user_1][@local::contracts/RCOrderbook.sol::RCOrderbook.cleanWastePile()::LocalVariable::_market_1][@local::contracts/RCOrderbook.sol::RCOrderbook.cleanWastePile()::LocalVariable::_card_1], user}
 writer root       -> contracts/RCOrderbook.sol::RCOrderbook.closeMarket()
 writer effect     -> contracts/RCOrderbook.sol:669
 written member    -> ('SV', 'contracts/RCOrderbook.sol', 'RCOrderbook.user')
 potentially stale -> ('MS', 'contracts/RCOrderbook.sol', 'RCOrderbook.index', '@local::contracts/RCOrderbook.sol::RCOrderbook.cleanWastePile()::LocalVariable::_user_1][@local::contracts/RCOrderbook.sol::RCOrderbook.cleanWastePile()::LocalVariable::_market_1][@local::contracts/RCOrderbook.sol::RCOrderbook.cleanWastePile()::LocalVariable::_card_1')
 reader witnesses  -> 4
 storage exposures -> 1
[MV-SI candidate 1e6b5e8ea86a14758d55] {card, marketLockingTime}
 writer root       -> contracts/RCMarket.sol::RCMarket.exit(uint256)
 writer effect     -> contracts/RCMarket.sol:1081
 written member    -> ('SV', 'contracts/RCMarket.sol', 'RCMarket.card')
 potentially stale -> ('SV', 'contracts/RCMarket.sol', 'RCMarket.marketLockingTime')
 reader witnesses  -> 30
 storage exposures -> 1
[MV-SI candidate 1e6f24b57b5ef2b2c93e] {marketCloseLimit, user}
 writer root       -> contracts/RCOrderbook.sol::RCOrderbook.findNewOwner(uint256,uint256)
 writer effect     -> contracts/RCOrderbook.sol:517
 written member    -> ('SV', 'contracts/RCOrderbook.sol', 'RCOrderbook.user')
 potentially stale -> ('SV', 'contracts/RCOrderbook.sol', 'RCOrderbook.marketCloseLimit')
 reader witnesses  -> 4
 storage exposures -> 1
[MV-SI candidate 1f0b34f3dd391506e68c] {index[$arg4][@local::contracts/RCOrderbook.sol::RCOrderbook.addBidToOrderbook(address,uint256,uint256,uint256,address)::LocalVariable::_market_1][$arg1], user}
 writer root       -> contracts/RCOrderbook.sol::RCOrderbook.addBidToOrderbook(address,uint256,uint256,uint256,address)
 writer effect     -> contracts/RCOrderbook.sol:360
 written member    -> ('SV', 'contracts/RCOrderbook.sol', 'RCOrderbook.user')
 potentially stale -> ('MS', 'contracts/RCOrderbook.sol', 'RCOrderbook.index', '$arg4][@local::contracts/RCOrderbook.sol::RCOrderbook.addBidToOrderbook(address,uint256,uint256,uint256,address)::LocalVariable::_market_1][$arg1')
 reader witnesses  -> 6
 storage exposures -> 1
[MV-SI candidate 1f0ea3dba680581eb2ef] {_roles[$arg1], user}
 writer root       -> contracts/RCTreasury.sol::RCTreasury.revokeRole(bytes32,address)
 writer effect     -> @openzeppelin/contracts/access/AccessControl.sol:206
 written member    -> ('MS', '@openzeppelin/contracts/access/AccessControl.sol', 'AccessControl._roles', '$arg1')
 potentially stale -> ('SV', 'contracts/RCTreasury.sol', 'RCTreasury.user')
 reader witnesses  -> 46
 storage exposures -> 1
[MV-SI candidate 1f188d62465d5e639b20] {card, minimumPriceIncreasePercent}
 writer root       -> contracts/RCMarket.sol::RCMarket.transferCard(address,address,uint256,uint256,uint256)
 writer effect     -> contracts/RCMarket.sol:379
 written member    -> ('SV', 'contracts/RCMarket.sol', 'RCMarket.card')
 potentially stale -> ('SV', 'contracts/RCMarket.sol', 'RCMarket.minimumPriceIncreasePercent')
 reader witnesses  -> 2
 storage exposures -> 1
[MV-SI candidate 1f234f2b2b810fc6c6ea] {accountingComplete, cardAccountingIndex, numberOfCards}
 writer root       -> contracts/RCMarket.sol::RCMarket.newRental(uint256,uint256,address,uint256)
 writer effect     -> contracts/RCMarket.sol:472
 written member    -> ('SV', 'contracts/RCMarket.sol', 'RCMarket.cardAccountingIndex')
 potentially stale -> ('SV', 'contracts/RCMarket.sol', 'RCMarket.accountingComplete'), ('SV', 'contracts/RCMarket.sol', 'RCMarket.numberOfCards')
 reader witnesses  -> 46
 storage exposures -> 1
[MV-SI candidate 1f44344224d5e2a0f5b0] {card, marketLockingTime}
 writer root       -> contracts/RCMarket.sol::RCMarket.transferCard(address,address,uint256,uint256,uint256)
 writer effect     -> contracts/RCMarket.sol:378
 written member    -> ('SV', 'contracts/RCMarket.sol', 'RCMarket.card')
 potentially stale -> ('SV', 'contracts/RCMarket.sol', 'RCMarket.marketLockingTime')
 reader witnesses  -> 30
 storage exposures -> 1
[MV-SI candidate 1fdf2322a9afb6c782ad] {closedMarkets[@local::contracts/RCOrderbook.sol::RCOrderbook.removeOldBids(address)::ReferenceVariable::REF_1159], index[$arg0][@local::contracts/RCOrderbook.sol::RCOrderbook.removeOldBids(address)::LocalVariable::_market_2][@local::contracts/RCOrderbook.sol::RCOrderbook.removeOldBids(address)::LocalVariable::i_2], market, user, userClosedMarketIndex[$arg0]}
 writer root       -> contracts/RCOrderbook.sol::RCOrderbook.removeUserFromOrderbook(address)
 writer effect     -> contracts/RCOrderbook.sol:830
 written member    -> ('SV', 'contracts/RCOrderbook.sol', 'RCOrderbook.user')
 potentially stale -> ('MS', 'contracts/RCOrderbook.sol', 'RCOrderbook.closedMarkets', '@local::contracts/RCOrderbook.sol::RCOrderbook.removeOldBids(address)::ReferenceVariable::REF_1159'), ('MS', 'contracts/RCOrderbook.sol', 'RCOrderbook.index', '$arg0][@local::contracts/RCOrderbook.sol::RCOrderbook.removeOldBids(address)::LocalVariable::_market_2][@local::contracts/RCOrderbook.sol::RCOrderbook.removeOldBids(address)::LocalVariable::i_2'), ('MS', 'contracts/RCOrderbook.sol', 'RCOrderbook.userClosedMarketIndex', '$arg0'), ('SV', 'contracts/RCOrderbook.sol', 'RCOrderbook.market')
 reader witnesses  -> 14
 storage exposures -> 1
[MV-SI candidate 2002cc2b038c5be5cd81] {index[@local::contracts/RCOrderbook.sol::RCOrderbook.cleanWastePile()::LocalVariable::_user_1][@local::contracts/RCOrderbook.sol::RCOrderbook.cleanWastePile()::LocalVariable::_market_1][@local::contracts/RCOrderbook.sol::RCOrderbook.cleanWastePile()::LocalVariable::_card_1], user}
 writer root       -> contracts/RCOrderbook.sol::RCOrderbook.removeUserFromOrderbook(address)
 writer effect     -> contracts/RCOrderbook.sol:616
 written member    -> ('SV', 'contracts/RCOrderbook.sol', 'RCOrderbook.user')
 potentially stale -> ('MS', 'contracts/RCOrderbook.sol', 'RCOrderbook.index', '@local::contracts/RCOrderbook.sol::RCOrderbook.cleanWastePile()::LocalVariable::_user_1][@local::contracts/RCOrderbook.sol::RCOrderbook.cleanWastePile()::LocalVariable::_market_1][@local::contracts/RCOrderbook.sol::RCOrderbook.cleanWastePile()::LocalVariable::_card_1')
 reader witnesses  -> 4
 storage exposures -> 1
[MV-SI candidate 2052d90b0a2d1f9ed646] {card, marketLockingTime}
 writer root       -> contracts/RCMarket.sol::RCMarket.lockMarket()
 writer effect     -> contracts/RCMarket.sol:1049
 written member    -> ('SV', 'contracts/RCMarket.sol', 'RCMarket.card')
 potentially stale -> ('SV', 'contracts/RCMarket.sol', 'RCMarket.marketLockingTime')
 reader witnesses  -> 30
 storage exposures -> 1
[MV-SI candidate 2054149d2ee471f2b2e8] {cleaningLoops, user}
 writer root       -> contracts/RCOrderbook.sol::RCOrderbook.addBidToOrderbook(address,uint256,uint256,uint256,address)
 writer effect     -> contracts/RCOrderbook.sol:431
 written member    -> ('SV', 'contracts/RCOrderbook.sol', 'RCOrderbook.user')
 potentially stale -> ('SV', 'contracts/RCOrderbook.sol', 'RCOrderbook.cleaningLoops')
 reader witnesses  -> 2
 storage exposures -> 1
[MV-SI candidate 2081767901085927c3f7] {card, winnerCut, winningOutcome}
 writer root       -> contracts/RCMarket.sol::RCMarket.collectRent(uint256)
 writer effect     -> contracts/RCMarket.sol:1049
 written member    -> ('SV', 'contracts/RCMarket.sol', 'RCMarket.card')
 potentially stale -> ('SV', 'contracts/RCMarket.sol', 'RCMarket.winnerCut'), ('SV', 'contracts/RCMarket.sol', 'RCMarket.winningOutcome')
 reader witnesses  -> 9
 storage exposures -> 1
[MV-SI candidate 2088a38401434085bf3c] {leaderboard, leaderboardIndex[@local::contracts/RCLeaderboard.sol::RCLeaderboard.updateLeaderboard(address,uint256,uint256)::LocalVariable::_market_1][@local::contracts/RCLeaderboard.sol::RCLeaderboard.updateLeaderboard(address,uint256,uint256)::LocalVariable::_market_1][$arg1], leaderboardIndex[@local::contracts/RCLeaderboard.sol::RCLeaderboard.updateLeaderboard(address,uint256,uint256)::LocalVariable::lastUserOnLeaderboard_1][@local::contracts/RCLeaderboard.sol::RCLeaderboard.updateLeaderboard(address,uint256,uint256)::LocalVariable::_market_1][$arg1]}
 writer root       -> contracts/RCLeaderboard.sol::RCLeaderboard.updateLeaderboard(address,uint256,uint256)
 writer effect     -> contracts/RCLeaderboard.sol:198
 written member    -> ('SV', 'contracts/RCLeaderboard.sol', 'RCLeaderboard.leaderboard')
 potentially stale -> ('MS', 'contracts/RCLeaderboard.sol', 'RCLeaderboard.leaderboardIndex', '@local::contracts/RCLeaderboard.sol::RCLeaderboard.updateLeaderboard(address,uint256,uint256)::LocalVariable::_market_1][@local::contracts/RCLeaderboard.sol::RCLeaderboard.updateLeaderboard(address,uint256,uint256)::LocalVariable::_market_1][$arg1'), ('MS', 'contracts/RCLeaderboard.sol', 'RCLeaderboard.leaderboardIndex', '@local::contracts/RCLeaderboard.sol::RCLeaderboard.updateLeaderboard(address,uint256,uint256)::LocalVariable::lastUserOnLeaderboard_1][@local::contracts/RCLeaderboard.sol::RCLeaderboard.updateLeaderboard(address,uint256,uint256)::LocalVariable::_market_1][$arg1')
 reader witnesses  -> 3
 storage exposures -> 1
[MV-SI candidate 210467817932696cf369] {card, winningOutcome}
 writer root       -> contracts/RCMarket.sol::RCMarket.setAmicableResolution(uint256)
 writer effect     -> contracts/RCMarket.sol:1074
 written member    -> ('SV', 'contracts/RCMarket.sol', 'RCMarket.card')
 potentially stale -> ('SV', 'contracts/RCMarket.sol', 'RCMarket.winningOutcome')
 reader witnesses  -> 14
 storage exposures -> 1
[MV-SI candidate 2117f998210dd4830fdd] {card, winningOutcome}
 writer root       -> contracts/RCMarket.sol::RCMarket.exitAll()
 writer effect     -> contracts/RCMarket.sol:1081
 written member    -> ('SV', 'contracts/RCMarket.sol', 'RCMarket.card')
 potentially stale -> ('SV', 'contracts/RCMarket.sol', 'RCMarket.winningOutcome')
 reader witnesses  -> 14
 storage exposures -> 1
[MV-SI candidate 2154377a3991d198da55] {index[$arg4][@local::contracts/RCOrderbook.sol::RCOrderbook.addBidToOrderbook(address,uint256,uint256,uint256,address)::LocalVariable::_market_1][$arg1], user}
 writer root       -> contracts/RCOrderbook.sol::RCOrderbook.removeBidFromOrderbook(address,uint256)
 writer effect     -> contracts/RCOrderbook.sol:830
 written member    -> ('SV', 'contracts/RCOrderbook.sol', 'RCOrderbook.user')
 potentially stale -> ('MS', 'contracts/RCOrderbook.sol', 'RCOrderbook.index', '$arg4][@local::contracts/RCOrderbook.sol::RCOrderbook.addBidToOrderbook(address,uint256,uint256,uint256,address)::LocalVariable::_market_1][$arg1')
 reader witnesses  -> 6
 storage exposures -> 1
[MV-SI candidate 21755ec13448e058fb2c] {index[@local::contracts/RCOrderbook.sol::RCOrderbook.closeMarket()::LocalVariable::_market_1][@local::contracts/RCOrderbook.sol::RCOrderbook.closeMarket()::LocalVariable::_market_1][@local::contracts/RCOrderbook.sol::RCOrderbook.closeMarket()::LocalVariable::i_2], user}
 writer root       -> contracts/RCOrderbook.sol::RCOrderbook.closeMarket()
 writer effect     -> contracts/RCOrderbook.sol:684
 written member    -> ('SV', 'contracts/RCOrderbook.sol', 'RCOrderbook.user')
 potentially stale -> ('MS', 'contracts/RCOrderbook.sol', 'RCOrderbook.index', '@local::contracts/RCOrderbook.sol::RCOrderbook.closeMarket()::LocalVariable::_market_1][@local::contracts/RCOrderbook.sol::RCOrderbook.closeMarket()::LocalVariable::_market_1][@local::contracts/RCOrderbook.sol::RCOrderbook.closeMarket()::LocalVariable::i_2')
 reader witnesses  -> 1
 storage exposures -> 1
[MV-SI candidate 21888f871d3c20a0b825] {marketCloseLimit, user}
 writer root       -> contracts/RCOrderbook.sol::RCOrderbook.addBidToOrderbook(address,uint256,uint256,uint256,address)
 writer effect     -> contracts/RCOrderbook.sol:430
 written member    -> ('SV', 'contracts/RCOrderbook.sol', 'RCOrderbook.user')
 potentially stale -> ('SV', 'contracts/RCOrderbook.sol', 'RCOrderbook.marketCloseLimit')
 reader witnesses  -> 4
 storage exposures -> 1
[MV-SI candidate 21b07049dd56aa1d43e8] {cleaningLoops, user}
 writer root       -> contracts/RCOrderbook.sol::RCOrderbook.addBidToOrderbook(address,uint256,uint256,uint256,address)
 writer effect     -> contracts/RCOrderbook.sol:830
 written member    -> ('SV', 'contracts/RCOrderbook.sol', 'RCOrderbook.user')
 potentially stale -> ('SV', 'contracts/RCOrderbook.sol', 'RCOrderbook.cleaningLoops')
 reader witnesses  -> 6
 storage exposures -> 1
[MV-SI candidate 21d9f55ace3854f6aa56] {card, minimumPriceIncreasePercent}
 writer root       -> contracts/RCMarket.sol::RCMarket.updateTimeHeldLimit(uint256,uint256)
 writer effect     -> contracts/RCMarket.sol:1049
 written member    -> ('SV', 'contracts/RCMarket.sol', 'RCMarket.card')
 potentially stale -> ('SV', 'contracts/RCMarket.sol', 'RCMarket.minimumPriceIncreasePercent')
 reader witnesses  -> 2
 storage exposures -> 1
[MV-SI candidate 22407e09a83d59e1eff9] {leaderboard, leaderboardIndex[@local::contracts/RCLeaderboard.sol::RCLeaderboard.updateLeaderboard(address,uint256,uint256)::LocalVariable::_market_1][@local::contracts/RCLeaderboard.sol::RCLeaderboard.updateLeaderboard(address,uint256,uint256)::LocalVariable::_market_1][$arg1], leaderboardIndex[@local::contracts/RCLeaderboard.sol::RCLeaderboard.updateLeaderboard(address,uint256,uint256)::LocalVariable::lastUserOnLeaderboard_1][@local::contracts/RCLeaderboard.sol::RCLeaderboard.updateLeaderboard(address,uint256,uint256)::LocalVariable::_market_1][$arg1]}
 writer root       -> contracts/RCLeaderboard.sol::RCLeaderboard.updateLeaderboard(address,uint256,uint256)
 writer effect     -> contracts/RCLeaderboard.sol:252
 written member    -> ('SV', 'contracts/RCLeaderboard.sol', 'RCLeaderboard.leaderboard')
 potentially stale -> ('MS', 'contracts/RCLeaderboard.sol', 'RCLeaderboard.leaderboardIndex', '@local::contracts/RCLeaderboard.sol::RCLeaderboard.updateLeaderboard(address,uint256,uint256)::LocalVariable::_market_1][@local::contracts/RCLeaderboard.sol::RCLeaderboard.updateLeaderboard(address,uint256,uint256)::LocalVariable::_market_1][$arg1'), ('MS', 'contracts/RCLeaderboard.sol', 'RCLeaderboard.leaderboardIndex', '@local::contracts/RCLeaderboard.sol::RCLeaderboard.updateLeaderboard(address,uint256,uint256)::LocalVariable::lastUserOnLeaderboard_1][@local::contracts/RCLeaderboard.sol::RCLeaderboard.updateLeaderboard(address,uint256,uint256)::LocalVariable::_market_1][$arg1')
 reader witnesses  -> 6
 storage exposures -> 1
[MV-SI candidate 2264363a4d3cbad56f12] {marketOpeningTime, state}
 writer root       -> contracts/RCMarket.sol::RCMarket.lockMarket()
 writer effect     -> contracts/RCMarket.sol:1115
 written member    -> ('SV', 'contracts/RCMarket.sol', 'RCMarket.state')
 potentially stale -> ('SV', 'contracts/RCMarket.sol', 'RCMarket.marketOpeningTime')
 reader witnesses  -> 3
 storage exposures -> 1
[MV-SI candidate 22bb8b6376f4a948bdf6] {index[@local::contracts/RCOrderbook.sol::RCOrderbook.cleanWastePile()::LocalVariable::_user_1][@local::contracts/RCOrderbook.sol::RCOrderbook.cleanWastePile()::LocalVariable::_market_1][@local::contracts/RCOrderbook.sol::RCOrderbook.cleanWastePile()::LocalVariable::_card_1], user}
 writer root       -> contracts/RCOrderbook.sol::RCOrderbook.closeMarket()
 writer effect     -> contracts/RCOrderbook.sol:644
 written member    -> ('SV', 'contracts/RCOrderbook.sol', 'RCOrderbook.user')
 potentially stale -> ('MS', 'contracts/RCOrderbook.sol', 'RCOrderbook.index', '@local::contracts/RCOrderbook.sol::RCOrderbook.cleanWastePile()::LocalVariable::_user_1][@local::contracts/RCOrderbook.sol::RCOrderbook.cleanWastePile()::LocalVariable::_market_1][@local::contracts/RCOrderbook.sol::RCOrderbook.cleanWastePile()::LocalVariable::_card_1')
 reader witnesses  -> 4
 storage exposures -> 1
[MV-SI candidate 22e0b68f6c117e4d8a32] {maxDeletions, user}
 writer root       -> contracts/RCOrderbook.sol::RCOrderbook.findNewOwner(uint256,uint256)
 writer effect     -> contracts/RCOrderbook.sol:532
 written member    -> ('SV', 'contracts/RCOrderbook.sol', 'RCOrderbook.user')
 potentially stale -> ('SV', 'contracts/RCOrderbook.sol', 'RCOrderbook.maxDeletions')
 reader witnesses  -> 10
 storage exposures -> 1
[MV-SI candidate 231e75629ac0530abe97] {affiliateCut, artistCut, cardAffiliateCut, card[@local::contracts/RCMarket.sol::RCMarket._payoutWinnings()::TemporaryVariable::TMP_1488], creatorCut, rentCollectedPerUserPerCard[@local::contracts/RCMarket.sol::RCMarket._payoutWinnings()::TemporaryVariable::TMP_1483][@state::contracts/RCMarket.sol::RCMarket.winningOutcome], totalRentCollected, winnerCut, winningOutcome}
 writer root       -> contracts/RCMarket.sol::RCMarket.initialize(IRCMarket.Mode,uint32[],uint256,address,address,address[],address,string,uint256)
 writer effect     -> contracts/RCMarket.sol:270
 written member    -> ('SV', 'contracts/RCMarket.sol', 'RCMarket.cardAffiliateCut')
 potentially stale -> ('MS', 'contracts/RCMarket.sol', 'RCMarket.card', '@local::contracts/RCMarket.sol::RCMarket._payoutWinnings()::TemporaryVariable::TMP_1488'), ('MS', 'contracts/RCMarket.sol', 'RCMarket.rentCollectedPerUserPerCard', '@local::contracts/RCMarket.sol::RCMarket._payoutWinnings()::TemporaryVariable::TMP_1483][@state::contracts/RCMarket.sol::RCMarket.winningOutcome'), ('SV', 'contracts/RCMarket.sol', 'RCMarket.affiliateCut'), ('SV', 'contracts/RCMarket.sol', 'RCMarket.artistCut'), ('SV', 'contracts/RCMarket.sol', 'RCMarket.creatorCut'), ('SV', 'contracts/RCMarket.sol', 'RCMarket.totalRentCollected'), ('SV', 'contracts/RCMarket.sol', 'RCMarket.winnerCut'), ('SV', 'contracts/RCMarket.sol', 'RCMarket.winningOutcome')
 reader witnesses  -> 24
 storage exposures -> 1
[MV-SI candidate 237256bcda28d8123245] {affiliateCut, artistCut, cardAffiliateCut, card[@local::contracts/RCMarket.sol::RCMarket._payoutWinnings()::TemporaryVariable::TMP_1488], creatorCut, rentCollectedPerUserPerCard[@local::contracts/RCMarket.sol::RCMarket._payoutWinnings()::TemporaryVariable::TMP_1483][@state::contracts/RCMarket.sol::RCMarket.winningOutcome], totalRentCollected, winnerCut, winningOutcome}
 writer root       -> contracts/RCMarket.sol::RCMarket.initialize(IRCMarket.Mode,uint32[],uint256,address,address,address[],address,string,uint256)
 writer effect     -> contracts/RCMarket.sol:241
 written member    -> ('SV', 'contracts/RCMarket.sol', 'RCMarket.winnerCut')
 potentially stale -> ('MS', 'contracts/RCMarket.sol', 'RCMarket.card', '@local::contracts/RCMarket.sol::RCMarket._payoutWinnings()::TemporaryVariable::TMP_1488'), ('MS', 'contracts/RCMarket.sol', 'RCMarket.rentCollectedPerUserPerCard', '@local::contracts/RCMarket.sol::RCMarket._payoutWinnings()::TemporaryVariable::TMP_1483][@state::contracts/RCMarket.sol::RCMarket.winningOutcome'), ('SV', 'contracts/RCMarket.sol', 'RCMarket.affiliateCut'), ('SV', 'contracts/RCMarket.sol', 'RCMarket.artistCut'), ('SV', 'contracts/RCMarket.sol', 'RCMarket.cardAffiliateCut'), ('SV', 'contracts/RCMarket.sol', 'RCMarket.creatorCut'), ('SV', 'contracts/RCMarket.sol', 'RCMarket.totalRentCollected'), ('SV', 'contracts/RCMarket.sol', 'RCMarket.winningOutcome')
 reader witnesses  -> 25
 storage exposures -> 1
[MV-SI candidate 23a68446e08cccee1bae] {card, minimumPriceIncreasePercent}
 writer root       -> contracts/RCMarket.sol::RCMarket.collectRent(uint256)
 writer effect     -> contracts/RCMarket.sol:1081
 written member    -> ('SV', 'contracts/RCMarket.sol', 'RCMarket.card')
 potentially stale -> ('SV', 'contracts/RCMarket.sol', 'RCMarket.minimumPriceIncreasePercent')
 reader witnesses  -> 2
 storage exposures -> 1
[MV-SI candidate 2518806540742bff12cf] {closedMarkets[@local::contracts/RCOrderbook.sol::RCOrderbook.removeOldBids(address)::ReferenceVariable::REF_1159], index[$arg0][@local::contracts/RCOrderbook.sol::RCOrderbook.removeOldBids(address)::LocalVariable::_market_2][@local::contracts/RCOrderbook.sol::RCOrderbook.removeOldBids(address)::LocalVariable::i_2], market, user, userClosedMarketIndex[$arg0]}
 writer root       -> contracts/RCOrderbook.sol::RCOrderbook.removeUserFromOrderbook(address)
 writer effect     -> contracts/RCOrderbook.sol:632
 written member    -> ('SV', 'contracts/RCOrderbook.sol', 'RCOrderbook.user')
 potentially stale -> ('MS', 'contracts/RCOrderbook.sol', 'RCOrderbook.closedMarkets', '@local::contracts/RCOrderbook.sol::RCOrderbook.removeOldBids(address)::ReferenceVariable::REF_1159'), ('MS', 'contracts/RCOrderbook.sol', 'RCOrderbook.index', '$arg0][@local::contracts/RCOrderbook.sol::RCOrderbook.removeOldBids(address)::LocalVariable::_market_2][@local::contracts/RCOrderbook.sol::RCOrderbook.removeOldBids(address)::LocalVariable::i_2'), ('MS', 'contracts/RCOrderbook.sol', 'RCOrderbook.userClosedMarketIndex', '$arg0'), ('SV', 'contracts/RCOrderbook.sol', 'RCOrderbook.market')
 reader witnesses  -> 14
 storage exposures -> 1
[MV-SI candidate 251f252d05108579fb30] {cleaningLoops, user}
 writer root       -> contracts/RCOrderbook.sol::RCOrderbook.addBidToOrderbook(address,uint256,uint256,uint256,address)
 writer effect     -> contracts/RCOrderbook.sol:802
 written member    -> ('SV', 'contracts/RCOrderbook.sol', 'RCOrderbook.user')
 potentially stale -> ('SV', 'contracts/RCOrderbook.sol', 'RCOrderbook.cleaningLoops')
 reader witnesses  -> 2
 storage exposures -> 1
[MV-SI candidate 2565f997f35190e90344] {marketCloseLimit, user}
 writer root       -> contracts/RCOrderbook.sol::RCOrderbook.addBidToOrderbook(address,uint256,uint256,uint256,address)
 writer effect     -> contracts/RCOrderbook.sol:806
 written member    -> ('SV', 'contracts/RCOrderbook.sol', 'RCOrderbook.user')
 potentially stale -> ('SV', 'contracts/RCOrderbook.sol', 'RCOrderbook.marketCloseLimit')
 reader witnesses  -> 4
 storage exposures -> 1
[MV-SI candidate 256cbe8e643ee8b7c51c] {maxDeletions, user}
 writer root       -> contracts/RCOrderbook.sol::RCOrderbook.addBidToOrderbook(address,uint256,uint256,uint256,address)
 writer effect     -> contracts/RCOrderbook.sol:784
 written member    -> ('SV', 'contracts/RCOrderbook.sol', 'RCOrderbook.user')
 potentially stale -> ('SV', 'contracts/RCOrderbook.sol', 'RCOrderbook.maxDeletions')
 reader witnesses  -> 10
 storage exposures -> 1
[MV-SI candidate 25939129fe18e5568d56] {_roles[$arg1], user}
 writer root       -> contracts/RCTreasury.sol::RCTreasury.increaseBidRate(address,uint256)
 writer effect     -> contracts/RCTreasury.sol:679
 written member    -> ('SV', 'contracts/RCTreasury.sol', 'RCTreasury.user')
 potentially stale -> ('MS', '@openzeppelin/contracts/access/AccessControl.sol', 'AccessControl._roles', '$arg1')
 reader witnesses  -> 9
 storage exposures -> 1
[MV-SI candidate 25ceb334cb9865a7650f] {index[@local::contracts/RCOrderbook.sol::RCOrderbook.cleanWastePile()::LocalVariable::_user_1][@local::contracts/RCOrderbook.sol::RCOrderbook.cleanWastePile()::LocalVariable::_market_1][@local::contracts/RCOrderbook.sol::RCOrderbook.cleanWastePile()::LocalVariable::_card_1], user}
 writer root       -> contracts/RCOrderbook.sol::RCOrderbook.addBidToOrderbook(address,uint256,uint256,uint256,address)
 writer effect     -> contracts/RCOrderbook.sol:360
 written member    -> ('SV', 'contracts/RCOrderbook.sol', 'RCOrderbook.user')
 potentially stale -> ('MS', 'contracts/RCOrderbook.sol', 'RCOrderbook.index', '@local::contracts/RCOrderbook.sol::RCOrderbook.cleanWastePile()::LocalVariable::_user_1][@local::contracts/RCOrderbook.sol::RCOrderbook.cleanWastePile()::LocalVariable::_market_1][@local::contracts/RCOrderbook.sol::RCOrderbook.cleanWastePile()::LocalVariable::_card_1')
 reader witnesses  -> 4
 storage exposures -> 1
[MV-SI candidate 25f567db47b9b4e1a76e] {_initialized, _initializing}
 writer root       -> contracts/RCMarket.sol::RCMarket.initialize(IRCMarket.Mode,uint32[],uint256,address,address,address[],address,string,uint256)
 writer effect     -> @openzeppelin/contracts/proxy/utils/Initializable.sol:37
 written member    -> ('SV', '@openzeppelin/contracts/proxy/utils/Initializable.sol', 'Initializable._initialized')
 potentially stale -> ('SV', '@openzeppelin/contracts/proxy/utils/Initializable.sol', 'Initializable._initializing')
 reader witnesses  -> 2
 storage exposures -> 1
[MV-SI candidate 2612260478b281866166] {maxDeletions, user}
 writer root       -> contracts/RCOrderbook.sol::RCOrderbook.removeUserFromOrderbook(address)
 writer effect     -> contracts/RCOrderbook.sol:516
 written member    -> ('SV', 'contracts/RCOrderbook.sol', 'RCOrderbook.user')
 potentially stale -> ('SV', 'contracts/RCOrderbook.sol', 'RCOrderbook.maxDeletions')
 reader witnesses  -> 10
 storage exposures -> 1
[MV-SI candidate 2625ae576a94217f3a32] {cardAccountingIndex, numberOfCards}
 writer root       -> contracts/RCMarket.sol::RCMarket.rentAllCards(uint256)
 writer effect     -> contracts/RCMarket.sol:472
 written member    -> ('SV', 'contracts/RCMarket.sol', 'RCMarket.cardAccountingIndex')
 potentially stale -> ('SV', 'contracts/RCMarket.sol', 'RCMarket.numberOfCards')
 reader witnesses  -> 41
 storage exposures -> 1
[MV-SI candidate 2628d7423f37a9bebe00] {marketCloseLimit, user}
 writer root       -> contracts/RCOrderbook.sol::RCOrderbook.addBidToOrderbook(address,uint256,uint256,uint256,address)
 writer effect     -> contracts/RCOrderbook.sol:240
 written member    -> ('SV', 'contracts/RCOrderbook.sol', 'RCOrderbook.user')
 potentially stale -> ('SV', 'contracts/RCOrderbook.sol', 'RCOrderbook.marketCloseLimit')
 reader witnesses  -> 4
 storage exposures -> 1
[MV-SI candidate 265f5c70222ac8acb811] {card, marketLockingTime}
 writer root       -> contracts/RCMarket.sol::RCMarket.newRental(uint256,uint256,address,uint256)
 writer effect     -> contracts/RCMarket.sol:1081
 written member    -> ('SV', 'contracts/RCMarket.sol', 'RCMarket.card')
 potentially stale -> ('SV', 'contracts/RCMarket.sol', 'RCMarket.marketLockingTime')
 reader witnesses  -> 60
 storage exposures -> 1
[MV-SI candidate 26eb54ee84c85e236c3e] {maxDeletions, user}
 writer root       -> contracts/RCOrderbook.sol::RCOrderbook.cleanWastePile()
 writer effect     -> contracts/RCOrderbook.sol:802
 written member    -> ('SV', 'contracts/RCOrderbook.sol', 'RCOrderbook.user')
 potentially stale -> ('SV', 'contracts/RCOrderbook.sol', 'RCOrderbook.maxDeletions')
 reader witnesses  -> 10
 storage exposures -> 1
[MV-SI candidate 26ec0d55cf9858f68100] {_operatorApprovals[$arg0][$arg1], _owners[$arg0], _tokenApprovals[$arg0]}
 writer root       -> contracts/nfthubs/RCNftHubL2.sol::RCNftHubL2.transferNft(address,address,uint256)
 writer effect     -> @openzeppelin/contracts/token/ERC721/ERC721.sol:355
 written member    -> ('MS', '@openzeppelin/contracts/token/ERC721/ERC721.sol', 'ERC721._tokenApprovals', '$arg0')
 potentially stale -> ('MS', '@openzeppelin/contracts/token/ERC721/ERC721.sol', 'ERC721._operatorApprovals', '$arg0][$arg1'), ('MS', '@openzeppelin/contracts/token/ERC721/ERC721.sol', 'ERC721._owners', '$arg0')
 reader witnesses  -> 30
 storage exposures -> 1
[MV-SI candidate 2732f3d3b9e0cc4c8442] {maxDeletions, user}
 writer root       -> contracts/RCOrderbook.sol::RCOrderbook.addBidToOrderbook(address,uint256,uint256,uint256,address)
 writer effect     -> contracts/RCOrderbook.sol:777
 written member    -> ('SV', 'contracts/RCOrderbook.sol', 'RCOrderbook.user')
 potentially stale -> ('SV', 'contracts/RCOrderbook.sol', 'RCOrderbook.maxDeletions')
 reader witnesses  -> 10
 storage exposures -> 1
[MV-SI candidate 288ee5c8e7efe5ccecd9] {index[$arg4][@local::contracts/RCOrderbook.sol::RCOrderbook.addBidToOrderbook(address,uint256,uint256,uint256,address)::LocalVariable::_market_1][$arg1], user}
 writer root       -> contracts/RCOrderbook.sol::RCOrderbook.cleanWastePile()
 writer effect     -> contracts/RCOrderbook.sol:776
 written member    -> ('SV', 'contracts/RCOrderbook.sol', 'RCOrderbook.user')
 potentially stale -> ('MS', 'contracts/RCOrderbook.sol', 'RCOrderbook.index', '$arg4][@local::contracts/RCOrderbook.sol::RCOrderbook.addBidToOrderbook(address,uint256,uint256,uint256,address)::LocalVariable::_market_1][$arg1')
 reader witnesses  -> 6
 storage exposures -> 1
[MV-SI candidate 2905c6fa555b27465e3c] {card, cardAffiliateCut}
 writer root       -> contracts/RCMarket.sol::RCMarket.newRental(uint256,uint256,address,uint256)
 writer effect     -> contracts/RCMarket.sol:1081
 written member    -> ('SV', 'contracts/RCMarket.sol', 'RCMarket.card')
 potentially stale -> ('SV', 'contracts/RCMarket.sol', 'RCMarket.cardAffiliateCut')
 reader witnesses  -> 6
 storage exposures -> 1
[MV-SI candidate 2945832e86943de45e1e] {cleaningLoops, user}
 writer root       -> contracts/RCOrderbook.sol::RCOrderbook.removeBidFromOrderbook(address,uint256)
 writer effect     -> contracts/RCOrderbook.sol:527
 written member    -> ('SV', 'contracts/RCOrderbook.sol', 'RCOrderbook.user')
 potentially stale -> ('SV', 'contracts/RCOrderbook.sol', 'RCOrderbook.cleaningLoops')
 reader witnesses  -> 2
 storage exposures -> 1
[MV-SI candidate 297e3a6ea5279b12f079] {index[$arg4][@local::contracts/RCOrderbook.sol::RCOrderbook.addBidToOrderbook(address,uint256,uint256,uint256,address)::LocalVariable::_market_1][$arg1], user}
 writer root       -> contracts/RCOrderbook.sol::RCOrderbook.closeMarket()
 writer effect     -> contracts/RCOrderbook.sol:644
 written member    -> ('SV', 'contracts/RCOrderbook.sol', 'RCOrderbook.user')
 potentially stale -> ('MS', 'contracts/RCOrderbook.sol', 'RCOrderbook.index', '$arg4][@local::contracts/RCOrderbook.sol::RCOrderbook.addBidToOrderbook(address,uint256,uint256,uint256,address)::LocalVariable::_market_1][$arg1')
 reader witnesses  -> 6
 storage exposures -> 1
[MV-SI candidate 29f48c2ef0c5e8fb1822] {card, winningOutcome}
 writer root       -> contracts/RCMarket.sol::RCMarket.collectRent(uint256)
 writer effect     -> contracts/RCMarket.sol:1074
 written member    -> ('SV', 'contracts/RCMarket.sol', 'RCMarket.card')
 potentially stale -> ('SV', 'contracts/RCMarket.sol', 'RCMarket.winningOutcome')
 reader witnesses  -> 14
 storage exposures -> 1
[MV-SI candidate 2a334e7ba6207c796959] {card, cardAffiliateCut}
 writer root       -> contracts/RCMarket.sol::RCMarket.getWinnerFromOracle()
 writer effect     -> contracts/RCMarket.sol:1081
 written member    -> ('SV', 'contracts/RCMarket.sol', 'RCMarket.card')
 potentially stale -> ('SV', 'contracts/RCMarket.sol', 'RCMarket.cardAffiliateCut')
 reader witnesses  -> 3
 storage exposures -> 1
[MV-SI candidate 2a8b566a497433b7e019] {card, winnerCut, winningOutcome}
 writer root       -> contracts/RCMarket.sol::RCMarket.collectRent(uint256)
 writer effect     -> contracts/RCMarket.sol:1074
 written member    -> ('SV', 'contracts/RCMarket.sol', 'RCMarket.card')
 potentially stale -> ('SV', 'contracts/RCMarket.sol', 'RCMarket.winnerCut'), ('SV', 'contracts/RCMarket.sol', 'RCMarket.winningOutcome')
 reader witnesses  -> 9
 storage exposures -> 1
[MV-SI candidate 2acc2b71491cc5b30d7e] {maxDeletions, user}
 writer root       -> contracts/RCOrderbook.sol::RCOrderbook.addBidToOrderbook(address,uint256,uint256,uint256,address)
 writer effect     -> contracts/RCOrderbook.sol:212
 written member    -> ('SV', 'contracts/RCOrderbook.sol', 'RCOrderbook.user')
 potentially stale -> ('SV', 'contracts/RCOrderbook.sol', 'RCOrderbook.maxDeletions')
 reader witnesses  -> 10
 storage exposures -> 1
[MV-SI candidate 2b2f821998274034363b] {closedMarkets[@local::contracts/RCOrderbook.sol::RCOrderbook.removeOldBids(address)::ReferenceVariable::REF_1159], index[$arg0][@local::contracts/RCOrderbook.sol::RCOrderbook.removeOldBids(address)::LocalVariable::_market_2][@local::contracts/RCOrderbook.sol::RCOrderbook.removeOldBids(address)::LocalVariable::i_2], market, user, userClosedMarketIndex[$arg0]}
 writer root       -> contracts/RCOrderbook.sol::RCOrderbook.addBidToOrderbook(address,uint256,uint256,uint256,address)
 writer effect     -> contracts/RCOrderbook.sol:240
 written member    -> ('SV', 'contracts/RCOrderbook.sol', 'RCOrderbook.user')
 potentially stale -> ('MS', 'contracts/RCOrderbook.sol', 'RCOrderbook.closedMarkets', '@local::contracts/RCOrderbook.sol::RCOrderbook.removeOldBids(address)::ReferenceVariable::REF_1159'), ('MS', 'contracts/RCOrderbook.sol', 'RCOrderbook.index', '$arg0][@local::contracts/RCOrderbook.sol::RCOrderbook.removeOldBids(address)::LocalVariable::_market_2][@local::contracts/RCOrderbook.sol::RCOrderbook.removeOldBids(address)::LocalVariable::i_2'), ('MS', 'contracts/RCOrderbook.sol', 'RCOrderbook.userClosedMarketIndex', '$arg0'), ('SV', 'contracts/RCOrderbook.sol', 'RCOrderbook.market')
 reader witnesses  -> 14
 storage exposures -> 1
[MV-SI candidate 2b4770b2b7e4fba4f1cf] {maxDeletions, user}
 writer root       -> contracts/RCOrderbook.sol::RCOrderbook.closeMarket()
 writer effect     -> contracts/RCOrderbook.sol:830
 written member    -> ('SV', 'contracts/RCOrderbook.sol', 'RCOrderbook.user')
 potentially stale -> ('SV', 'contracts/RCOrderbook.sol', 'RCOrderbook.maxDeletions')
 reader witnesses  -> 10
 storage exposures -> 1
[MV-SI candidate 2b50b3f8ca6fc4e7779d] {card, winningOutcome}
 writer root       -> contracts/RCMarket.sol::RCMarket.exit(uint256)
 writer effect     -> contracts/RCMarket.sol:1074
 written member    -> ('SV', 'contracts/RCMarket.sol', 'RCMarket.card')
 potentially stale -> ('SV', 'contracts/RCMarket.sol', 'RCMarket.winningOutcome')
 reader witnesses  -> 14
 storage exposures -> 1
[MV-SI candidate 2b643cdf2c7503288970] {index[$arg4][@local::contracts/RCOrderbook.sol::RCOrderbook.addBidToOrderbook(address,uint256,uint256,uint256,address)::LocalVariable::_market_1][$arg1], user}
 writer root       -> contracts/RCOrderbook.sol::RCOrderbook.cleanWastePile()
 writer effect     -> contracts/RCOrderbook.sol:784
 written member    -> ('SV', 'contracts/RCOrderbook.sol', 'RCOrderbook.user')
 potentially stale -> ('MS', 'contracts/RCOrderbook.sol', 'RCOrderbook.index', '$arg4][@local::contracts/RCOrderbook.sol::RCOrderbook.addBidToOrderbook(address,uint256,uint256,uint256,address)::LocalVariable::_market_1][$arg1')
 reader witnesses  -> 6
 storage exposures -> 1
[MV-SI candidate 2ba94ab36f532695eaa8] {marketBalance, totalDeposits, totalMarketPots}
 writer root       -> contracts/RCTreasury.sol::RCTreasury.payRent(uint256)
 writer effect     -> contracts/RCTreasury.sol:506
 written member    -> ('SV', 'contracts/RCTreasury.sol', 'RCTreasury.marketBalance')
 potentially stale -> ('SV', 'contracts/RCTreasury.sol', 'RCTreasury.totalDeposits'), ('SV', 'contracts/RCTreasury.sol', 'RCTreasury.totalMarketPots')
 reader witnesses  -> 17
 storage exposures -> 1
[MV-SI candidate 2bd9187e46408f31d845] {index[@local::contracts/RCOrderbook.sol::RCOrderbook.closeMarket()::LocalVariable::_market_1][@local::contracts/RCOrderbook.sol::RCOrderbook.closeMarket()::LocalVariable::_market_1][@local::contracts/RCOrderbook.sol::RCOrderbook.closeMarket()::LocalVariable::i_2], user}
 writer root       -> contracts/RCOrderbook.sol::RCOrderbook.closeMarket()
 writer effect     -> contracts/RCOrderbook.sol:666
 written member    -> ('SV', 'contracts/RCOrderbook.sol', 'RCOrderbook.user')
 potentially stale -> ('MS', 'contracts/RCOrderbook.sol', 'RCOrderbook.index', '@local::contracts/RCOrderbook.sol::RCOrderbook.closeMarket()::LocalVariable::_market_1][@local::contracts/RCOrderbook.sol::RCOrderbook.closeMarket()::LocalVariable::_market_1][@local::contracts/RCOrderbook.sol::RCOrderbook.closeMarket()::LocalVariable::i_2')
 reader witnesses  -> 1
 storage exposures -> 1
[MV-SI candidate 2bdf2d125c5750fa7bb9] {card, marketLockingTime}
 writer root       -> contracts/RCMarket.sol::RCMarket.lockMarket()
 writer effect     -> contracts/RCMarket.sol:1068
 written member    -> ('SV', 'contracts/RCMarket.sol', 'RCMarket.card')
 potentially stale -> ('SV', 'contracts/RCMarket.sol', 'RCMarket.marketLockingTime')
 reader witnesses  -> 30
 storage exposures -> 1
[MV-SI candidate 2bfdf1ce4935553c74a0] {card, marketLockingTime}
 writer root       -> contracts/RCMarket.sol::RCMarket.getWinnerFromOracle()
 writer effect     -> contracts/RCMarket.sol:1081
 written member    -> ('SV', 'contracts/RCMarket.sol', 'RCMarket.card')
 potentially stale -> ('SV', 'contracts/RCMarket.sol', 'RCMarket.marketLockingTime')
 reader witnesses  -> 30
 storage exposures -> 1
[MV-SI candidate 2c168fa2eefd488cc511] {maxDeletions, user}
 writer root       -> contracts/RCOrderbook.sol::RCOrderbook.addBidToOrderbook(address,uint256,uint256,uint256,address)
 writer effect     -> contracts/RCOrderbook.sol:360
 written member    -> ('SV', 'contracts/RCOrderbook.sol', 'RCOrderbook.user')
 potentially stale -> ('SV', 'contracts/RCOrderbook.sol', 'RCOrderbook.maxDeletions')
 reader witnesses  -> 10
 storage exposures -> 1
[MV-SI candidate 2c64f01aab7581676129] {card, minimumPriceIncreasePercent}
 writer root       -> contracts/RCMarket.sol::RCMarket.updateTimeHeldLimit(uint256,uint256)
 writer effect     -> contracts/RCMarket.sol:1073
 written member    -> ('SV', 'contracts/RCMarket.sol', 'RCMarket.card')
 potentially stale -> ('SV', 'contracts/RCMarket.sol', 'RCMarket.minimumPriceIncreasePercent')
 reader witnesses  -> 2
 storage exposures -> 1
[MV-SI candidate 2c98db4a95787bce4051] {card, minimumPriceIncreasePercent}
 writer root       -> contracts/RCMarket.sol::RCMarket.setAmicableResolution(uint256)
 writer effect     -> contracts/RCMarket.sol:1081
 written member    -> ('SV', 'contracts/RCMarket.sol', 'RCMarket.card')
 potentially stale -> ('SV', 'contracts/RCMarket.sol', 'RCMarket.minimumPriceIncreasePercent')
 reader witnesses  -> 2
 storage exposures -> 1
[MV-SI candidate 2cca11f63a86b69e3917] {marketCloseLimit, user}
 writer root       -> contracts/RCOrderbook.sol::RCOrderbook.addBidToOrderbook(address,uint256,uint256,uint256,address)
 writer effect     -> contracts/RCOrderbook.sol:429
 written member    -> ('SV', 'contracts/RCOrderbook.sol', 'RCOrderbook.user')
 potentially stale -> ('SV', 'contracts/RCOrderbook.sol', 'RCOrderbook.marketCloseLimit')
 reader witnesses  -> 4
 storage exposures -> 1
[MV-SI candidate 2cead13d7e1c7a9cc3c5] {cleaningLoops, user}
 writer root       -> contracts/RCOrderbook.sol::RCOrderbook.removeOldBids(address)
 writer effect     -> contracts/RCOrderbook.sol:830
 written member    -> ('SV', 'contracts/RCOrderbook.sol', 'RCOrderbook.user')
 potentially stale -> ('SV', 'contracts/RCOrderbook.sol', 'RCOrderbook.cleaningLoops')
 reader witnesses  -> 2
 storage exposures -> 1
[MV-SI candidate 2d02b4fa0155331d10b2] {card, winnerCut, winningOutcome}
 writer root       -> contracts/RCMarket.sol::RCMarket.lockMarket()
 writer effect     -> contracts/RCMarket.sol:1087
 written member    -> ('SV', 'contracts/RCMarket.sol', 'RCMarket.card')
 potentially stale -> ('SV', 'contracts/RCMarket.sol', 'RCMarket.winnerCut'), ('SV', 'contracts/RCMarket.sol', 'RCMarket.winningOutcome')
 reader witnesses  -> 9
 storage exposures -> 1
[MV-SI candidate 2d179e6858922199a18c] {marketBalance, totalDeposits, totalMarketPots}
 writer root       -> contracts/RCTreasury.sol::RCTreasury.collectRentUser(address,uint256)
 writer effect     -> contracts/RCTreasury.sol:858
 written member    -> ('SV', 'contracts/RCTreasury.sol', 'RCTreasury.marketBalance')
 potentially stale -> ('SV', 'contracts/RCTreasury.sol', 'RCTreasury.totalDeposits'), ('SV', 'contracts/RCTreasury.sol', 'RCTreasury.totalMarketPots')
 reader witnesses  -> 17
 storage exposures -> 1
[MV-SI candidate 2d6bd69021928d423a8c] {_roles[$arg1], user}
 writer root       -> contracts/RCTreasury.sol::RCTreasury.withdrawDeposit(uint256,bool)
 writer effect     -> contracts/RCTreasury.sol:859
 written member    -> ('SV', 'contracts/RCTreasury.sol', 'RCTreasury.user')
 potentially stale -> ('MS', '@openzeppelin/contracts/access/AccessControl.sol', 'AccessControl._roles', '$arg1')
 reader witnesses  -> 9
 storage exposures -> 1
[MV-SI candidate 2de7e6643eefc10829ca] {maxDeletions, user}
 writer root       -> contracts/RCOrderbook.sol::RCOrderbook.removeOldBids(address)
 writer effect     -> contracts/RCOrderbook.sol:745
 written member    -> ('SV', 'contracts/RCOrderbook.sol', 'RCOrderbook.user')
 potentially stale -> ('SV', 'contracts/RCOrderbook.sol', 'RCOrderbook.maxDeletions')
 reader witnesses  -> 10
 storage exposures -> 1
[MV-SI candidate 2e7dc0d958f9813c6287] {_operatorApprovals[$arg0][$arg1], _owners[$arg0], _tokenApprovals[$arg0]}
 writer root       -> @openzeppelin/contracts/token/ERC721/ERC721.sol::ERC721.safeTransferFrom(address,address,uint256)
 writer effect     -> @openzeppelin/contracts/token/ERC721/ERC721.sol:355
 written member    -> ('MS', '@openzeppelin/contracts/token/ERC721/ERC721.sol', 'ERC721._tokenApprovals', '$arg0')
 potentially stale -> ('MS', '@openzeppelin/contracts/token/ERC721/ERC721.sol', 'ERC721._operatorApprovals', '$arg0][$arg1'), ('MS', '@openzeppelin/contracts/token/ERC721/ERC721.sol', 'ERC721._owners', '$arg0')
 reader witnesses  -> 64
 storage exposures -> 3
[MV-SI candidate 2ebe60238f3ddc15d36d] {maxDeletions, user}
 writer root       -> contracts/RCOrderbook.sol::RCOrderbook.removeOldBids(address)
 writer effect     -> contracts/RCOrderbook.sol:734
 written member    -> ('SV', 'contracts/RCOrderbook.sol', 'RCOrderbook.user')
 potentially stale -> ('SV', 'contracts/RCOrderbook.sol', 'RCOrderbook.maxDeletions')
 reader witnesses  -> 10
 storage exposures -> 1
[MV-SI candidate 2ec0b3df9a494024c0fb] {marketOpeningTime, state}
 writer root       -> contracts/RCMarket.sol::RCMarket.newRental(uint256,uint256,address,uint256)
 writer effect     -> contracts/RCMarket.sol:1115
 written member    -> ('SV', 'contracts/RCMarket.sol', 'RCMarket.state')
 potentially stale -> ('SV', 'contracts/RCMarket.sol', 'RCMarket.marketOpeningTime')
 reader witnesses  -> 3
 storage exposures -> 1
[MV-SI candidate 2f382af3db078c64699c] {card, winnerCut, winningOutcome}
 writer root       -> contracts/RCMarket.sol::RCMarket.lockMarket()
 writer effect     -> contracts/RCMarket.sol:1073
 written member    -> ('SV', 'contracts/RCMarket.sol', 'RCMarket.card')
 potentially stale -> ('SV', 'contracts/RCMarket.sol', 'RCMarket.winnerCut'), ('SV', 'contracts/RCMarket.sol', 'RCMarket.winningOutcome')
 reader witnesses  -> 9
 storage exposures -> 1
[MV-SI candidate 2f4aade74b98dbd4a3d7] {index[@local::contracts/RCOrderbook.sol::RCOrderbook.closeMarket()::LocalVariable::_market_1][@local::contracts/RCOrderbook.sol::RCOrderbook.closeMarket()::LocalVariable::_market_1][@local::contracts/RCOrderbook.sol::RCOrderbook.closeMarket()::LocalVariable::i_2], user}
 writer root       -> contracts/RCOrderbook.sol::RCOrderbook.closeMarket()
 writer effect     -> contracts/RCOrderbook.sol:699
 written member    -> ('SV', 'contracts/RCOrderbook.sol', 'RCOrderbook.user')
 potentially stale -> ('MS', 'contracts/RCOrderbook.sol', 'RCOrderbook.index', '@local::contracts/RCOrderbook.sol::RCOrderbook.closeMarket()::LocalVariable::_market_1][@local::contracts/RCOrderbook.sol::RCOrderbook.closeMarket()::LocalVariable::_market_1][@local::contracts/RCOrderbook.sol::RCOrderbook.closeMarket()::LocalVariable::i_2')
 reader witnesses  -> 1
 storage exposures -> 1
[MV-SI candidate 2f7429e4034cc3eaebc2] {cleaningLoops, user}
 writer root       -> contracts/RCOrderbook.sol::RCOrderbook.removeOldBids(address)
 writer effect     -> contracts/RCOrderbook.sol:710
 written member    -> ('SV', 'contracts/RCOrderbook.sol', 'RCOrderbook.user')
 potentially stale -> ('SV', 'contracts/RCOrderbook.sol', 'RCOrderbook.cleaningLoops')
 reader witnesses  -> 2
 storage exposures -> 1
[MV-SI candidate 2fd787ca7548ef76e16c] {card, winningOutcome}
 writer root       -> contracts/RCMarket.sol::RCMarket.rentAllCards(uint256)
 writer effect     -> contracts/RCMarket.sol:1074
 written member    -> ('SV', 'contracts/RCMarket.sol', 'RCMarket.card')
 potentially stale -> ('SV', 'contracts/RCMarket.sol', 'RCMarket.winningOutcome')
 reader witnesses  -> 28
 storage exposures -> 1
[MV-SI candidate 3011e16eaa8bee5ef412] {cleaningLoops, user}
 writer root       -> contracts/RCOrderbook.sol::RCOrderbook.removeUserFromOrderbook(address)
 writer effect     -> contracts/RCOrderbook.sol:532
 written member    -> ('SV', 'contracts/RCOrderbook.sol', 'RCOrderbook.user')
 potentially stale -> ('SV', 'contracts/RCOrderbook.sol', 'RCOrderbook.cleaningLoops')
 reader witnesses  -> 2
 storage exposures -> 1
[MV-SI candidate 3033128a9d1659aac09e] {maxDeletions, user}
 writer root       -> contracts/RCOrderbook.sol::RCOrderbook.findNewOwner(uint256,uint256)
 writer effect     -> contracts/RCOrderbook.sol:516
 written member    -> ('SV', 'contracts/RCOrderbook.sol', 'RCOrderbook.user')
 potentially stale -> ('SV', 'contracts/RCOrderbook.sol', 'RCOrderbook.maxDeletions')
 reader witnesses  -> 10
 storage exposures -> 1
[MV-SI candidate 30c99f22250d65780296] {index[$arg4][@local::contracts/RCOrderbook.sol::RCOrderbook.addBidToOrderbook(address,uint256,uint256,uint256,address)::LocalVariable::_market_1][$arg1], user}
 writer root       -> contracts/RCOrderbook.sol::RCOrderbook.addBidToOrderbook(address,uint256,uint256,uint256,address)
 writer effect     -> contracts/RCOrderbook.sol:777
 written member    -> ('SV', 'contracts/RCOrderbook.sol', 'RCOrderbook.user')
 potentially stale -> ('MS', 'contracts/RCOrderbook.sol', 'RCOrderbook.index', '$arg4][@local::contracts/RCOrderbook.sol::RCOrderbook.addBidToOrderbook(address,uint256,uint256,uint256,address)::LocalVariable::_market_1][$arg1')
 reader witnesses  -> 6
 storage exposures -> 1
[MV-SI candidate 30ebad41e2334b7b5fa5] {index[@local::contracts/RCOrderbook.sol::RCOrderbook.cleanWastePile()::LocalVariable::_user_1][@local::contracts/RCOrderbook.sol::RCOrderbook.cleanWastePile()::LocalVariable::_market_1][@local::contracts/RCOrderbook.sol::RCOrderbook.cleanWastePile()::LocalVariable::_card_1], user}
 writer root       -> contracts/RCOrderbook.sol::RCOrderbook.addBidToOrderbook(address,uint256,uint256,uint256,address)
 writer effect     -> contracts/RCOrderbook.sol:802
 written member    -> ('SV', 'contracts/RCOrderbook.sol', 'RCOrderbook.user')
 potentially stale -> ('MS', 'contracts/RCOrderbook.sol', 'RCOrderbook.index', '@local::contracts/RCOrderbook.sol::RCOrderbook.cleanWastePile()::LocalVariable::_user_1][@local::contracts/RCOrderbook.sol::RCOrderbook.cleanWastePile()::LocalVariable::_market_1][@local::contracts/RCOrderbook.sol::RCOrderbook.cleanWastePile()::LocalVariable::_card_1')
 reader witnesses  -> 4
 storage exposures -> 1
[MV-SI candidate 3110ececab599f340a81] {_roles[$arg1], user}
 writer root       -> contracts/RCTreasury.sol::RCTreasury.deposit(uint256,address)
 writer effect     -> contracts/RCTreasury.sol:390
 written member    -> ('SV', 'contracts/RCTreasury.sol', 'RCTreasury.user')
 potentially stale -> ('MS', '@openzeppelin/contracts/access/AccessControl.sol', 'AccessControl._roles', '$arg1')
 reader witnesses  -> 9
 storage exposures -> 1
[MV-SI candidate 3166b49a5dd533fdc2e1] {index[@local::contracts/RCOrderbook.sol::RCOrderbook.closeMarket()::LocalVariable::_market_1][@local::contracts/RCOrderbook.sol::RCOrderbook.closeMarket()::LocalVariable::_market_1][@local::contracts/RCOrderbook.sol::RCOrderbook.closeMarket()::LocalVariable::i_2], user}
 writer root       -> contracts/RCOrderbook.sol::RCOrderbook.setTimeHeldlimit(address,uint256,uint256)
 writer effect     -> contracts/RCOrderbook.sol:901
 written member    -> ('SV', 'contracts/RCOrderbook.sol', 'RCOrderbook.user')
 potentially stale -> ('MS', 'contracts/RCOrderbook.sol', 'RCOrderbook.index', '@local::contracts/RCOrderbook.sol::RCOrderbook.closeMarket()::LocalVariable::_market_1][@local::contracts/RCOrderbook.sol::RCOrderbook.closeMarket()::LocalVariable::_market_1][@local::contracts/RCOrderbook.sol::RCOrderbook.closeMarket()::LocalVariable::i_2')
 reader witnesses  -> 1
 storage exposures -> 1
[MV-SI candidate 3171d74c486d643b426a] {closedMarkets[@local::contracts/RCOrderbook.sol::RCOrderbook.removeOldBids(address)::ReferenceVariable::REF_1159], index[$arg0][@local::contracts/RCOrderbook.sol::RCOrderbook.removeOldBids(address)::LocalVariable::_market_2][@local::contracts/RCOrderbook.sol::RCOrderbook.removeOldBids(address)::LocalVariable::i_2], market, user, userClosedMarketIndex[$arg0]}
 writer root       -> contracts/RCOrderbook.sol::RCOrderbook.removeUserFromOrderbook(address)
 writer effect     -> contracts/RCOrderbook.sol:527
 written member    -> ('SV', 'contracts/RCOrderbook.sol', 'RCOrderbook.user')
 potentially stale -> ('MS', 'contracts/RCOrderbook.sol', 'RCOrderbook.closedMarkets', '@local::contracts/RCOrderbook.sol::RCOrderbook.removeOldBids(address)::ReferenceVariable::REF_1159'), ('MS', 'contracts/RCOrderbook.sol', 'RCOrderbook.index', '$arg0][@local::contracts/RCOrderbook.sol::RCOrderbook.removeOldBids(address)::LocalVariable::_market_2][@local::contracts/RCOrderbook.sol::RCOrderbook.removeOldBids(address)::LocalVariable::i_2'), ('MS', 'contracts/RCOrderbook.sol', 'RCOrderbook.userClosedMarketIndex', '$arg0'), ('SV', 'contracts/RCOrderbook.sol', 'RCOrderbook.market')
 reader witnesses  -> 14
 storage exposures -> 1
[MV-SI candidate 31900f37732a2fed0139] {card, marketLockingTime}
 writer root       -> contracts/RCMarket.sol::RCMarket.exitAll()
 writer effect     -> contracts/RCMarket.sol:1074
 written member    -> ('SV', 'contracts/RCMarket.sol', 'RCMarket.card')
 potentially stale -> ('SV', 'contracts/RCMarket.sol', 'RCMarket.marketLockingTime')
 reader witnesses  -> 30
 storage exposures -> 1
[MV-SI candidate 319cce98a7d9ba153a24] {accountingComplete, cardAccountingIndex, numberOfCards}
 writer root       -> contracts/RCMarket.sol::RCMarket.newRental(uint256,uint256,address,uint256)
 writer effect     -> contracts/RCMarket.sol:475
 written member    -> ('SV', 'contracts/RCMarket.sol', 'RCMarket.accountingComplete')
 potentially stale -> ('SV', 'contracts/RCMarket.sol', 'RCMarket.cardAccountingIndex'), ('SV', 'contracts/RCMarket.sol', 'RCMarket.numberOfCards')
 reader witnesses  -> 46
 storage exposures -> 1
[MV-SI candidate 31ab7d549383f1c7758b] {cleaningLoops, user}
 writer root       -> contracts/RCOrderbook.sol::RCOrderbook.closeMarket()
 writer effect     -> contracts/RCOrderbook.sol:696
 written member    -> ('SV', 'contracts/RCOrderbook.sol', 'RCOrderbook.user')
 potentially stale -> ('SV', 'contracts/RCOrderbook.sol', 'RCOrderbook.cleaningLoops')
 reader witnesses  -> 2
 storage exposures -> 1
[MV-SI candidate 324b4c2b6b5707c64ef6] {index[@local::contracts/RCOrderbook.sol::RCOrderbook.cleanWastePile()::LocalVariable::_user_1][@local::contracts/RCOrderbook.sol::RCOrderbook.cleanWastePile()::LocalVariable::_market_1][@local::contracts/RCOrderbook.sol::RCOrderbook.cleanWastePile()::LocalVariable::_card_1], user}
 writer root       -> contracts/RCOrderbook.sol::RCOrderbook.closeMarket()
 writer effect     -> contracts/RCOrderbook.sol:646
 written member    -> ('SV', 'contracts/RCOrderbook.sol', 'RCOrderbook.user')
 potentially stale -> ('MS', 'contracts/RCOrderbook.sol', 'RCOrderbook.index', '@local::contracts/RCOrderbook.sol::RCOrderbook.cleanWastePile()::LocalVariable::_user_1][@local::contracts/RCOrderbook.sol::RCOrderbook.cleanWastePile()::LocalVariable::_market_1][@local::contracts/RCOrderbook.sol::RCOrderbook.cleanWastePile()::LocalVariable::_card_1')
 reader witnesses  -> 4
 storage exposures -> 1
[MV-SI candidate 32875c1e29e9d2b14485] {maxDeletions, user}
 writer root       -> contracts/RCOrderbook.sol::RCOrderbook.closeMarket()
 writer effect     -> contracts/RCOrderbook.sol:644
 written member    -> ('SV', 'contracts/RCOrderbook.sol', 'RCOrderbook.user')
 potentially stale -> ('SV', 'contracts/RCOrderbook.sol', 'RCOrderbook.maxDeletions')
 reader witnesses  -> 10
 storage exposures -> 1
[MV-SI candidate 32b741d0d0c440b23c06] {index[$arg4][@local::contracts/RCOrderbook.sol::RCOrderbook.addBidToOrderbook(address,uint256,uint256,uint256,address)::LocalVariable::_market_1][$arg1], user}
 writer root       -> contracts/RCOrderbook.sol::RCOrderbook.closeMarket()
 writer effect     -> contracts/RCOrderbook.sol:696
 written member    -> ('SV', 'contracts/RCOrderbook.sol', 'RCOrderbook.user')
 potentially stale -> ('MS', 'contracts/RCOrderbook.sol', 'RCOrderbook.index', '$arg4][@local::contracts/RCOrderbook.sol::RCOrderbook.addBidToOrderbook(address,uint256,uint256,uint256,address)::LocalVariable::_market_1][$arg1')
 reader witnesses  -> 6
 storage exposures -> 1
[MV-SI candidate 333a4a324a7184f366e5] {card, cardAffiliateCut}
 writer root       -> contracts/RCMarket.sol::RCMarket.payCardAffiliate(uint256)
 writer effect     -> contracts/RCMarket.sol:648
 written member    -> ('SV', 'contracts/RCMarket.sol', 'RCMarket.card')
 potentially stale -> ('SV', 'contracts/RCMarket.sol', 'RCMarket.cardAffiliateCut')
 reader witnesses  -> 3
 storage exposures -> 1
[MV-SI candidate 33a649063e733556bf9c] {index[$arg4][@local::contracts/RCOrderbook.sol::RCOrderbook.addBidToOrderbook(address,uint256,uint256,uint256,address)::LocalVariable::_market_1][$arg1], user}
 writer root       -> contracts/RCOrderbook.sol::RCOrderbook.closeMarket()
 writer effect     -> contracts/RCOrderbook.sol:669
 written member    -> ('SV', 'contracts/RCOrderbook.sol', 'RCOrderbook.user')
 potentially stale -> ('MS', 'contracts/RCOrderbook.sol', 'RCOrderbook.index', '$arg4][@local::contracts/RCOrderbook.sol::RCOrderbook.addBidToOrderbook(address,uint256,uint256,uint256,address)::LocalVariable::_market_1][$arg1')
 reader witnesses  -> 6
 storage exposures -> 1
[MV-SI candidate 33e9024408a89f24024b] {card, winningOutcome}
 writer root       -> contracts/RCMarket.sol::RCMarket.getWinnerFromOracle()
 writer effect     -> contracts/RCMarket.sol:1087
 written member    -> ('SV', 'contracts/RCMarket.sol', 'RCMarket.card')
 potentially stale -> ('SV', 'contracts/RCMarket.sol', 'RCMarket.winningOutcome')
 reader witnesses  -> 14
 storage exposures -> 1
[MV-SI candidate 33eef026443e39e1005d] {maxDeletions, user}
 writer root       -> contracts/RCOrderbook.sol::RCOrderbook.addBidToOrderbook(address,uint256,uint256,uint256,address)
 writer effect     -> contracts/RCOrderbook.sol:797
 written member    -> ('SV', 'contracts/RCOrderbook.sol', 'RCOrderbook.user')
 potentially stale -> ('SV', 'contracts/RCOrderbook.sol', 'RCOrderbook.maxDeletions')
 reader witnesses  -> 10
 storage exposures -> 1
[MV-SI candidate 3418d76ead2d90d6678c] {index[@local::contracts/RCOrderbook.sol::RCOrderbook.cleanWastePile()::LocalVariable::_user_1][@local::contracts/RCOrderbook.sol::RCOrderbook.cleanWastePile()::LocalVariable::_market_1][@local::contracts/RCOrderbook.sol::RCOrderbook.cleanWastePile()::LocalVariable::_card_1], user}
 writer root       -> contracts/RCOrderbook.sol::RCOrderbook.removeOldBids(address)
 writer effect     -> contracts/RCOrderbook.sol:734
 written member    -> ('SV', 'contracts/RCOrderbook.sol', 'RCOrderbook.user')
 potentially stale -> ('MS', 'contracts/RCOrderbook.sol', 'RCOrderbook.index', '@local::contracts/RCOrderbook.sol::RCOrderbook.cleanWastePile()::LocalVariable::_user_1][@local::contracts/RCOrderbook.sol::RCOrderbook.cleanWastePile()::LocalVariable::_market_1][@local::contracts/RCOrderbook.sol::RCOrderbook.cleanWastePile()::LocalVariable::_card_1')
 reader witnesses  -> 4
 storage exposures -> 1
[MV-SI candidate 3430ef33a3b376f9ba06] {cleaningLoops, user}
 writer root       -> contracts/RCOrderbook.sol::RCOrderbook.removeUserFromOrderbook(address)
 writer effect     -> contracts/RCOrderbook.sol:527
 written member    -> ('SV', 'contracts/RCOrderbook.sol', 'RCOrderbook.user')
 potentially stale -> ('SV', 'contracts/RCOrderbook.sol', 'RCOrderbook.cleaningLoops')
 reader witnesses  -> 2
 storage exposures -> 1
[MV-SI candidate 344bb2ab113dba805d27] {closedMarkets[@local::contracts/RCOrderbook.sol::RCOrderbook.removeOldBids(address)::ReferenceVariable::REF_1159], index[$arg0][@local::contracts/RCOrderbook.sol::RCOrderbook.removeOldBids(address)::LocalVariable::_market_2][@local::contracts/RCOrderbook.sol::RCOrderbook.removeOldBids(address)::LocalVariable::i_2], market, user, userClosedMarketIndex[$arg0]}
 writer root       -> contracts/RCOrderbook.sol::RCOrderbook.removeUserFromOrderbook(address)
 writer effect     -> contracts/RCOrderbook.sol:517
 written member    -> ('SV', 'contracts/RCOrderbook.sol', 'RCOrderbook.user')
 potentially stale -> ('MS', 'contracts/RCOrderbook.sol', 'RCOrderbook.closedMarkets', '@local::contracts/RCOrderbook.sol::RCOrderbook.removeOldBids(address)::ReferenceVariable::REF_1159'), ('MS', 'contracts/RCOrderbook.sol', 'RCOrderbook.index', '$arg0][@local::contracts/RCOrderbook.sol::RCOrderbook.removeOldBids(address)::LocalVariable::_market_2][@local::contracts/RCOrderbook.sol::RCOrderbook.removeOldBids(address)::LocalVariable::i_2'), ('MS', 'contracts/RCOrderbook.sol', 'RCOrderbook.userClosedMarketIndex', '$arg0'), ('SV', 'contracts/RCOrderbook.sol', 'RCOrderbook.market')
 reader witnesses  -> 14
 storage exposures -> 1
[MV-SI candidate 34894582e8b8d508fc78] {closedMarkets[@local::contracts/RCOrderbook.sol::RCOrderbook.removeOldBids(address)::ReferenceVariable::REF_1159], index[$arg0][@local::contracts/RCOrderbook.sol::RCOrderbook.removeOldBids(address)::LocalVariable::_market_2][@local::contracts/RCOrderbook.sol::RCOrderbook.removeOldBids(address)::LocalVariable::i_2], market, user, userClosedMarketIndex[$arg0]}
 writer root       -> contracts/RCOrderbook.sol::RCOrderbook.addBidToOrderbook(address,uint256,uint256,uint256,address)
 writer effect     -> contracts/RCOrderbook.sol:777
 written member    -> ('SV', 'contracts/RCOrderbook.sol', 'RCOrderbook.user')
 potentially stale -> ('MS', 'contracts/RCOrderbook.sol', 'RCOrderbook.closedMarkets', '@local::contracts/RCOrderbook.sol::RCOrderbook.removeOldBids(address)::ReferenceVariable::REF_1159'), ('MS', 'contracts/RCOrderbook.sol', 'RCOrderbook.index', '$arg0][@local::contracts/RCOrderbook.sol::RCOrderbook.removeOldBids(address)::LocalVariable::_market_2][@local::contracts/RCOrderbook.sol::RCOrderbook.removeOldBids(address)::LocalVariable::i_2'), ('MS', 'contracts/RCOrderbook.sol', 'RCOrderbook.userClosedMarketIndex', '$arg0'), ('SV', 'contracts/RCOrderbook.sol', 'RCOrderbook.market')
 reader witnesses  -> 14
 storage exposures -> 1
[MV-SI candidate 35be161086f474a72538] {index[@local::contracts/RCOrderbook.sol::RCOrderbook.cleanWastePile()::LocalVariable::_user_1][@local::contracts/RCOrderbook.sol::RCOrderbook.cleanWastePile()::LocalVariable::_market_1][@local::contracts/RCOrderbook.sol::RCOrderbook.cleanWastePile()::LocalVariable::_card_1], user}
 writer root       -> contracts/RCOrderbook.sol::RCOrderbook.addBidToOrderbook(address,uint256,uint256,uint256,address)
 writer effect     -> contracts/RCOrderbook.sol:777
 written member    -> ('SV', 'contracts/RCOrderbook.sol', 'RCOrderbook.user')
 potentially stale -> ('MS', 'contracts/RCOrderbook.sol', 'RCOrderbook.index', '@local::contracts/RCOrderbook.sol::RCOrderbook.cleanWastePile()::LocalVariable::_user_1][@local::contracts/RCOrderbook.sol::RCOrderbook.cleanWastePile()::LocalVariable::_market_1][@local::contracts/RCOrderbook.sol::RCOrderbook.cleanWastePile()::LocalVariable::_card_1')
 reader witnesses  -> 4
 storage exposures -> 1
[MV-SI candidate 3656632ce99e78e93d33] {card, winnerCut, winningOutcome}
 writer root       -> contracts/RCMarket.sol::RCMarket.newRental(uint256,uint256,address,uint256)
 writer effect     -> contracts/RCMarket.sol:1081
 written member    -> ('SV', 'contracts/RCMarket.sol', 'RCMarket.card')
 potentially stale -> ('SV', 'contracts/RCMarket.sol', 'RCMarket.winnerCut'), ('SV', 'contracts/RCMarket.sol', 'RCMarket.winningOutcome')
 reader witnesses  -> 18
 storage exposures -> 1
[MV-SI candidate 3658415432922e76ca8d] {index[$arg4][@local::contracts/RCOrderbook.sol::RCOrderbook.addBidToOrderbook(address,uint256,uint256,uint256,address)::LocalVariable::_market_1][$arg1], user}
 writer root       -> contracts/RCOrderbook.sol::RCOrderbook.addBidToOrderbook(address,uint256,uint256,uint256,address)
 writer effect     -> contracts/RCOrderbook.sol:213
 written member    -> ('SV', 'contracts/RCOrderbook.sol', 'RCOrderbook.user')
 potentially stale -> ('MS', 'contracts/RCOrderbook.sol', 'RCOrderbook.index', '$arg4][@local::contracts/RCOrderbook.sol::RCOrderbook.addBidToOrderbook(address,uint256,uint256,uint256,address)::LocalVariable::_market_1][$arg1')
 reader witnesses  -> 6
 storage exposures -> 1
[MV-SI candidate 368e4fc5607d2931d2c7] {_roles[$arg1], user}
 writer root       -> contracts/RCTreasury.sol::RCTreasury.updateRentalRate(address,address,uint256,uint256,uint256)
 writer effect     -> contracts/RCTreasury.sol:839
 written member    -> ('SV', 'contracts/RCTreasury.sol', 'RCTreasury.user')
 potentially stale -> ('MS', '@openzeppelin/contracts/access/AccessControl.sol', 'AccessControl._roles', '$arg1')
 reader witnesses  -> 9
 storage exposures -> 1
[MV-SI candidate 368e838e208ede1da6c1] {card, cardAffiliateCut}
 writer root       -> contracts/RCMarket.sol::RCMarket.lockMarket()
 writer effect     -> contracts/RCMarket.sol:1068
 written member    -> ('SV', 'contracts/RCMarket.sol', 'RCMarket.card')
 potentially stale -> ('SV', 'contracts/RCMarket.sol', 'RCMarket.cardAffiliateCut')
 reader witnesses  -> 3
 storage exposures -> 1
[MV-SI candidate 3697a98215afbc35878d] {index[@local::contracts/RCOrderbook.sol::RCOrderbook.cleanWastePile()::LocalVariable::_user_1][@local::contracts/RCOrderbook.sol::RCOrderbook.cleanWastePile()::LocalVariable::_market_1][@local::contracts/RCOrderbook.sol::RCOrderbook.cleanWastePile()::LocalVariable::_card_1], user}
 writer root       -> contracts/RCOrderbook.sol::RCOrderbook.closeMarket()
 writer effect     -> contracts/RCOrderbook.sol:666
 written member    -> ('SV', 'contracts/RCOrderbook.sol', 'RCOrderbook.user')
 potentially stale -> ('MS', 'contracts/RCOrderbook.sol', 'RCOrderbook.index', '@local::contracts/RCOrderbook.sol::RCOrderbook.cleanWastePile()::LocalVariable::_user_1][@local::contracts/RCOrderbook.sol::RCOrderbook.cleanWastePile()::LocalVariable::_market_1][@local::contracts/RCOrderbook.sol::RCOrderbook.cleanWastePile()::LocalVariable::_card_1')
 reader witnesses  -> 4
 storage exposures -> 1
[MV-SI candidate 36ab9f1248f3824c46a5] {card, marketLockingTime}
 writer root       -> contracts/RCMarket.sol::RCMarket.rentAllCards(uint256)
 writer effect     -> contracts/RCMarket.sol:1068
 written member    -> ('SV', 'contracts/RCMarket.sol', 'RCMarket.card')
 potentially stale -> ('SV', 'contracts/RCMarket.sol', 'RCMarket.marketLockingTime')
 reader witnesses  -> 60
 storage exposures -> 1
[MV-SI candidate 36d947f96e8cb8dd495d] {minRentalDayDivisor, user}
 writer root       -> contracts/RCTreasury.sol::RCTreasury.withdrawDeposit(uint256,bool)
 writer effect     -> contracts/RCTreasury.sol:428
 written member    -> ('SV', 'contracts/RCTreasury.sol', 'RCTreasury.user')
 potentially stale -> ('SV', 'contracts/RCTreasury.sol', 'RCTreasury.minRentalDayDivisor')
 reader witnesses  -> 18
 storage exposures -> 1
[MV-SI candidate 3715c6cb95a50223c23f] {minRentalDayDivisor, user}
 writer root       -> contracts/RCTreasury.sol::RCTreasury.decreaseBidRate(address,uint256)
 writer effect     -> contracts/RCTreasury.sol:688
 written member    -> ('SV', 'contracts/RCTreasury.sol', 'RCTreasury.user')
 potentially stale -> ('SV', 'contracts/RCTreasury.sol', 'RCTreasury.minRentalDayDivisor')
 reader witnesses  -> 18
 storage exposures -> 1
[MV-SI candidate 37566b592936958640f5] {maxDeletions, user}
 writer root       -> contracts/RCOrderbook.sol::RCOrderbook.closeMarket()
 writer effect     -> contracts/RCOrderbook.sol:696
 written member    -> ('SV', 'contracts/RCOrderbook.sol', 'RCOrderbook.user')
 potentially stale -> ('SV', 'contracts/RCOrderbook.sol', 'RCOrderbook.maxDeletions')
 reader witnesses  -> 10
 storage exposures -> 1
[MV-SI candidate 377bc2b5a92d59e1fae6] {card, minimumPriceIncreasePercent}
 writer root       -> contracts/RCMarket.sol::RCMarket.getWinnerFromOracle()
 writer effect     -> contracts/RCMarket.sol:1087
 written member    -> ('SV', 'contracts/RCMarket.sol', 'RCMarket.card')
 potentially stale -> ('SV', 'contracts/RCMarket.sol', 'RCMarket.minimumPriceIncreasePercent')
 reader witnesses  -> 2
 storage exposures -> 1
[MV-SI candidate 381961fe3b4f2ae4a91e] {cleaningLoops, user}
 writer root       -> contracts/RCOrderbook.sol::RCOrderbook.addBidToOrderbook(address,uint256,uint256,uint256,address)
 writer effect     -> contracts/RCOrderbook.sol:362
 written member    -> ('SV', 'contracts/RCOrderbook.sol', 'RCOrderbook.user')
 potentially stale -> ('SV', 'contracts/RCOrderbook.sol', 'RCOrderbook.cleaningLoops')
 reader witnesses  -> 2
 storage exposures -> 1
[MV-SI candidate 382dbc22388aceffeee0] {index[@local::contracts/RCOrderbook.sol::RCOrderbook.cleanWastePile()::LocalVariable::_user_1][@local::contracts/RCOrderbook.sol::RCOrderbook.cleanWastePile()::LocalVariable::_market_1][@local::contracts/RCOrderbook.sol::RCOrderbook.cleanWastePile()::LocalVariable::_card_1], user}
 writer root       -> contracts/RCOrderbook.sol::RCOrderbook.removeUserFromOrderbook(address)
 writer effect     -> contracts/RCOrderbook.sol:632
 written member    -> ('SV', 'contracts/RCOrderbook.sol', 'RCOrderbook.user')
 potentially stale -> ('MS', 'contracts/RCOrderbook.sol', 'RCOrderbook.index', '@local::contracts/RCOrderbook.sol::RCOrderbook.cleanWastePile()::LocalVariable::_user_1][@local::contracts/RCOrderbook.sol::RCOrderbook.cleanWastePile()::LocalVariable::_market_1][@local::contracts/RCOrderbook.sol::RCOrderbook.cleanWastePile()::LocalVariable::_card_1')
 reader witnesses  -> 4
 storage exposures -> 1
[MV-SI candidate 3916a691b3eed0d29bb4] {index[@local::contracts/RCOrderbook.sol::RCOrderbook.cleanWastePile()::LocalVariable::_user_1][@local::contracts/RCOrderbook.sol::RCOrderbook.cleanWastePile()::LocalVariable::_market_1][@local::contracts/RCOrderbook.sol::RCOrderbook.cleanWastePile()::LocalVariable::_card_1], user}
 writer root       -> contracts/RCOrderbook.sol::RCOrderbook.removeOldBids(address)
 writer effect     -> contracts/RCOrderbook.sol:710
 written member    -> ('SV', 'contracts/RCOrderbook.sol', 'RCOrderbook.user')
 potentially stale -> ('MS', 'contracts/RCOrderbook.sol', 'RCOrderbook.index', '@local::contracts/RCOrderbook.sol::RCOrderbook.cleanWastePile()::LocalVariable::_user_1][@local::contracts/RCOrderbook.sol::RCOrderbook.cleanWastePile()::LocalVariable::_market_1][@local::contracts/RCOrderbook.sol::RCOrderbook.cleanWastePile()::LocalVariable::_card_1')
 reader witnesses  -> 4
 storage exposures -> 1
[MV-SI candidate 39386d174fccd147fa2a] {marketCloseLimit, user}
 writer root       -> contracts/RCOrderbook.sol::RCOrderbook.addBidToOrderbook(address,uint256,uint256,uint256,address)
 writer effect     -> contracts/RCOrderbook.sol:365
 written member    -> ('SV', 'contracts/RCOrderbook.sol', 'RCOrderbook.user')
 potentially stale -> ('SV', 'contracts/RCOrderbook.sol', 'RCOrderbook.marketCloseLimit')
 reader witnesses  -> 4
 storage exposures -> 1
[MV-SI candidate 395be1b290b3d0517a27] {card, winnerCut, winningOutcome}
 writer root       -> contracts/RCMarket.sol::RCMarket.rentAllCards(uint256)
 writer effect     -> contracts/RCMarket.sol:1068
 written member    -> ('SV', 'contracts/RCMarket.sol', 'RCMarket.card')
 potentially stale -> ('SV', 'contracts/RCMarket.sol', 'RCMarket.winnerCut'), ('SV', 'contracts/RCMarket.sol', 'RCMarket.winningOutcome')
 reader witnesses  -> 18
 storage exposures -> 1
[MV-SI candidate 39a74f926cab4dba0786] {index[@local::contracts/RCOrderbook.sol::RCOrderbook.closeMarket()::LocalVariable::_market_1][@local::contracts/RCOrderbook.sol::RCOrderbook.closeMarket()::LocalVariable::_market_1][@local::contracts/RCOrderbook.sol::RCOrderbook.closeMarket()::LocalVariable::i_2], user}
 writer root       -> contracts/RCOrderbook.sol::RCOrderbook.removeBidFromOrderbook(address,uint256)
 writer effect     -> contracts/RCOrderbook.sol:830
 written member    -> ('SV', 'contracts/RCOrderbook.sol', 'RCOrderbook.user')
 potentially stale -> ('MS', 'contracts/RCOrderbook.sol', 'RCOrderbook.index', '@local::contracts/RCOrderbook.sol::RCOrderbook.closeMarket()::LocalVariable::_market_1][@local::contracts/RCOrderbook.sol::RCOrderbook.closeMarket()::LocalVariable::_market_1][@local::contracts/RCOrderbook.sol::RCOrderbook.closeMarket()::LocalVariable::i_2')
 reader witnesses  -> 1
 storage exposures -> 1
[MV-SI candidate 3a26dd0ae6146438e6ec] {card, winningOutcome}
 writer root       -> contracts/RCMarket.sol::RCMarket.setAmicableResolution(uint256)
 writer effect     -> contracts/RCMarket.sol:1081
 written member    -> ('SV', 'contracts/RCMarket.sol', 'RCMarket.card')
 potentially stale -> ('SV', 'contracts/RCMarket.sol', 'RCMarket.winningOutcome')
 reader witnesses  -> 14
 storage exposures -> 1
[MV-SI candidate 3a378739b20de3a094c6] {card, cardAffiliateCut}
 writer root       -> contracts/RCMarket.sol::RCMarket.exit(uint256)
 writer effect     -> contracts/RCMarket.sol:1081
 written member    -> ('SV', 'contracts/RCMarket.sol', 'RCMarket.card')
 potentially stale -> ('SV', 'contracts/RCMarket.sol', 'RCMarket.cardAffiliateCut')
 reader witnesses  -> 3
 storage exposures -> 1
[MV-SI candidate 3a49b325d299f4a939e5] {card, winningOutcome}
 writer root       -> contracts/RCMarket.sol::RCMarket.updateTimeHeldLimit(uint256,uint256)
 writer effect     -> contracts/RCMarket.sol:1068
 written member    -> ('SV', 'contracts/RCMarket.sol', 'RCMarket.card')
 potentially stale -> ('SV', 'contracts/RCMarket.sol', 'RCMarket.winningOutcome')
 reader witnesses  -> 14
 storage exposures -> 1
[MV-SI candidate 3aa49c8ffe73a80c6812] {card, winnerCut, winningOutcome}
 writer root       -> contracts/RCMarket.sol::RCMarket.getWinnerFromOracle()
 writer effect     -> contracts/RCMarket.sol:1068
 written member    -> ('SV', 'contracts/RCMarket.sol', 'RCMarket.card')
 potentially stale -> ('SV', 'contracts/RCMarket.sol', 'RCMarket.winnerCut'), ('SV', 'contracts/RCMarket.sol', 'RCMarket.winningOutcome')
 reader witnesses  -> 9
 storage exposures -> 1
[MV-SI candidate 3ad064f5dc76ba3bcf9c] {leaderboard, leaderboardIndex[@local::contracts/RCLeaderboard.sol::RCLeaderboard.updateLeaderboard(address,uint256,uint256)::LocalVariable::_market_1][@local::contracts/RCLeaderboard.sol::RCLeaderboard.updateLeaderboard(address,uint256,uint256)::LocalVariable::_market_1][$arg1], leaderboardIndex[@local::contracts/RCLeaderboard.sol::RCLeaderboard.updateLeaderboard(address,uint256,uint256)::LocalVariable::lastUserOnLeaderboard_1][@local::contracts/RCLeaderboard.sol::RCLeaderboard.updateLeaderboard(address,uint256,uint256)::LocalVariable::_market_1][$arg1]}
 writer root       -> contracts/RCLeaderboard.sol::RCLeaderboard.claimNFT(address,uint256)
 writer effect     -> contracts/RCLeaderboard.sol:230
 written member    -> ('SV', 'contracts/RCLeaderboard.sol', 'RCLeaderboard.leaderboard')
 potentially stale -> ('MS', 'contracts/RCLeaderboard.sol', 'RCLeaderboard.leaderboardIndex', '@local::contracts/RCLeaderboard.sol::RCLeaderboard.updateLeaderboard(address,uint256,uint256)::LocalVariable::_market_1][@local::contracts/RCLeaderboard.sol::RCLeaderboard.updateLeaderboard(address,uint256,uint256)::LocalVariable::_market_1][$arg1'), ('MS', 'contracts/RCLeaderboard.sol', 'RCLeaderboard.leaderboardIndex', '@local::contracts/RCLeaderboard.sol::RCLeaderboard.updateLeaderboard(address,uint256,uint256)::LocalVariable::lastUserOnLeaderboard_1][@local::contracts/RCLeaderboard.sol::RCLeaderboard.updateLeaderboard(address,uint256,uint256)::LocalVariable::_market_1][$arg1')
 reader witnesses  -> 3
 storage exposures -> 1
[MV-SI candidate 3ad798cb4c1055e4ff50] {card, winningOutcome}
 writer root       -> contracts/RCMarket.sol::RCMarket.collectRent(uint256)
 writer effect     -> contracts/RCMarket.sol:1068
 written member    -> ('SV', 'contracts/RCMarket.sol', 'RCMarket.card')
 potentially stale -> ('SV', 'contracts/RCMarket.sol', 'RCMarket.winningOutcome')
 reader witnesses  -> 14
 storage exposures -> 1
[MV-SI candidate 3ad918c0c7232538103f] {marketBalance, marketBalanceTopup}
 writer root       -> contracts/RCTreasury.sol::RCTreasury.withdrawDeposit(uint256,bool)
 writer effect     -> contracts/RCTreasury.sol:858
 written member    -> ('SV', 'contracts/RCTreasury.sol', 'RCTreasury.marketBalance')
 potentially stale -> ('SV', 'contracts/RCTreasury.sol', 'RCTreasury.marketBalanceTopup')
 reader witnesses  -> 3
 storage exposures -> 1
[MV-SI candidate 3b0c6055f474562238d0] {card, cardAffiliateCut}
 writer root       -> contracts/RCMarket.sol::RCMarket.exit(uint256)
 writer effect     -> contracts/RCMarket.sol:1087
 written member    -> ('SV', 'contracts/RCMarket.sol', 'RCMarket.card')
 potentially stale -> ('SV', 'contracts/RCMarket.sol', 'RCMarket.cardAffiliateCut')
 reader witnesses  -> 3
 storage exposures -> 1
[MV-SI candidate 3b64c9c51d5589bb503c] {card, minimumPriceIncreasePercent}
 writer root       -> contracts/RCMarket.sol::RCMarket.rentAllCards(uint256)
 writer effect     -> contracts/RCMarket.sol:1087
 written member    -> ('SV', 'contracts/RCMarket.sol', 'RCMarket.card')
 potentially stale -> ('SV', 'contracts/RCMarket.sol', 'RCMarket.minimumPriceIncreasePercent')
 reader witnesses  -> 4
 storage exposures -> 1
[MV-SI candidate 3ba76e88742859d353e4] {marketCloseLimit, user}
 writer root       -> contracts/RCOrderbook.sol::RCOrderbook.removeBidFromOrderbook(address,uint256)
 writer effect     -> contracts/RCOrderbook.sol:527
 written member    -> ('SV', 'contracts/RCOrderbook.sol', 'RCOrderbook.user')
 potentially stale -> ('SV', 'contracts/RCOrderbook.sol', 'RCOrderbook.marketCloseLimit')
 reader witnesses  -> 4
 storage exposures -> 1
[MV-SI candidate 3bd39e8a09786267ade6] {card, winnerCut, winningOutcome}
 writer root       -> contracts/RCMarket.sol::RCMarket.lockMarket()
 writer effect     -> contracts/RCMarket.sol:1068
 written member    -> ('SV', 'contracts/RCMarket.sol', 'RCMarket.card')
 potentially stale -> ('SV', 'contracts/RCMarket.sol', 'RCMarket.winnerCut'), ('SV', 'contracts/RCMarket.sol', 'RCMarket.winningOutcome')
 reader witnesses  -> 9
 storage exposures -> 1
[MV-SI candidate 3c4456d1f06786963e32] {card, winningOutcome}
 writer root       -> contracts/RCMarket.sol::RCMarket.newRental(uint256,uint256,address,uint256)
 writer effect     -> contracts/RCMarket.sol:1074
 written member    -> ('SV', 'contracts/RCMarket.sol', 'RCMarket.card')
 potentially stale -> ('SV', 'contracts/RCMarket.sol', 'RCMarket.winningOutcome')
 reader witnesses  -> 28
 storage exposures -> 1
[MV-SI candidate 3c5bd73ba6e7b5c75f62] {index[@local::contracts/RCOrderbook.sol::RCOrderbook.closeMarket()::LocalVariable::_market_1][@local::contracts/RCOrderbook.sol::RCOrderbook.closeMarket()::LocalVariable::_market_1][@local::contracts/RCOrderbook.sol::RCOrderbook.closeMarket()::LocalVariable::i_2], user}
 writer root       -> contracts/RCOrderbook.sol::RCOrderbook.closeMarket()
 writer effect     -> contracts/RCOrderbook.sol:646
 written member    -> ('SV', 'contracts/RCOrderbook.sol', 'RCOrderbook.user')
 potentially stale -> ('MS', 'contracts/RCOrderbook.sol', 'RCOrderbook.index', '@local::contracts/RCOrderbook.sol::RCOrderbook.closeMarket()::LocalVariable::_market_1][@local::contracts/RCOrderbook.sol::RCOrderbook.closeMarket()::LocalVariable::_market_1][@local::contracts/RCOrderbook.sol::RCOrderbook.closeMarket()::LocalVariable::i_2')
 reader witnesses  -> 1
 storage exposures -> 1
[MV-SI candidate 3c5c42b276637756fa2a] {card, minimumPriceIncreasePercent}
 writer root       -> contracts/RCMarket.sol::RCMarket.updateTimeHeldLimit(uint256,uint256)
 writer effect     -> contracts/RCMarket.sol:829
 written member    -> ('SV', 'contracts/RCMarket.sol', 'RCMarket.card')
 potentially stale -> ('SV', 'contracts/RCMarket.sol', 'RCMarket.minimumPriceIncreasePercent')
 reader witnesses  -> 2
 storage exposures -> 1
[MV-SI candidate 3cb598ecba05a529fb5e] {card, marketLockingTime}
 writer root       -> contracts/RCMarket.sol::RCMarket.collectRent(uint256)
 writer effect     -> contracts/RCMarket.sol:1087
 written member    -> ('SV', 'contracts/RCMarket.sol', 'RCMarket.card')
 potentially stale -> ('SV', 'contracts/RCMarket.sol', 'RCMarket.marketLockingTime')
 reader witnesses  -> 30
 storage exposures -> 1
[MV-SI candidate 3cd7bfb0ac5881e57d51] {index[@local::contracts/RCOrderbook.sol::RCOrderbook.cleanWastePile()::LocalVariable::_user_1][@local::contracts/RCOrderbook.sol::RCOrderbook.cleanWastePile()::LocalVariable::_market_1][@local::contracts/RCOrderbook.sol::RCOrderbook.cleanWastePile()::LocalVariable::_card_1], user}
 writer root       -> contracts/RCOrderbook.sol::RCOrderbook.cleanWastePile()
 writer effect     -> contracts/RCOrderbook.sol:792
 written member    -> ('SV', 'contracts/RCOrderbook.sol', 'RCOrderbook.user')
 potentially stale -> ('MS', 'contracts/RCOrderbook.sol', 'RCOrderbook.index', '@local::contracts/RCOrderbook.sol::RCOrderbook.cleanWastePile()::LocalVariable::_user_1][@local::contracts/RCOrderbook.sol::RCOrderbook.cleanWastePile()::LocalVariable::_market_1][@local::contracts/RCOrderbook.sol::RCOrderbook.cleanWastePile()::LocalVariable::_card_1')
 reader witnesses  -> 4
 storage exposures -> 1
[MV-SI candidate 3d0e6ef4afe74c90387b] {card, winningOutcome}
 writer root       -> contracts/RCMarket.sol::RCMarket.collectRent(uint256)
 writer effect     -> contracts/RCMarket.sol:1073
 written member    -> ('SV', 'contracts/RCMarket.sol', 'RCMarket.card')
 potentially stale -> ('SV', 'contracts/RCMarket.sol', 'RCMarket.winningOutcome')
 reader witnesses  -> 14
 storage exposures -> 1
[MV-SI candidate 3d1bd18830fe46c3ae24] {closedMarkets[@local::contracts/RCOrderbook.sol::RCOrderbook.removeOldBids(address)::ReferenceVariable::REF_1159], index[$arg0][@local::contracts/RCOrderbook.sol::RCOrderbook.removeOldBids(address)::LocalVariable::_market_2][@local::contracts/RCOrderbook.sol::RCOrderbook.removeOldBids(address)::LocalVariable::i_2], market, user, userClosedMarketIndex[$arg0]}
 writer root       -> contracts/RCOrderbook.sol::RCOrderbook.addBidToOrderbook(address,uint256,uint256,uint256,address)
 writer effect     -> contracts/RCOrderbook.sol:200
 written member    -> ('SV', 'contracts/RCOrderbook.sol', 'RCOrderbook.market')
 potentially stale -> ('MS', 'contracts/RCOrderbook.sol', 'RCOrderbook.closedMarkets', '@local::contracts/RCOrderbook.sol::RCOrderbook.removeOldBids(address)::ReferenceVariable::REF_1159'), ('MS', 'contracts/RCOrderbook.sol', 'RCOrderbook.index', '$arg0][@local::contracts/RCOrderbook.sol::RCOrderbook.removeOldBids(address)::LocalVariable::_market_2][@local::contracts/RCOrderbook.sol::RCOrderbook.removeOldBids(address)::LocalVariable::i_2'), ('MS', 'contracts/RCOrderbook.sol', 'RCOrderbook.userClosedMarketIndex', '$arg0'), ('SV', 'contracts/RCOrderbook.sol', 'RCOrderbook.user')
 reader witnesses  -> 234
 storage exposures -> 1
[MV-SI candidate 3e875ae3c619212448d9] {card, winningOutcome}
 writer root       -> contracts/RCMarket.sol::RCMarket.exitAll()
 writer effect     -> contracts/RCMarket.sol:1087
 written member    -> ('SV', 'contracts/RCMarket.sol', 'RCMarket.card')
 potentially stale -> ('SV', 'contracts/RCMarket.sol', 'RCMarket.winningOutcome')
 reader witnesses  -> 14
 storage exposures -> 1
[MV-SI candidate 3ec5b8a5c8ba2637385a] {cleaningLoops, user}
 writer root       -> contracts/RCOrderbook.sol::RCOrderbook.closeMarket()
 writer effect     -> contracts/RCOrderbook.sol:830
 written member    -> ('SV', 'contracts/RCOrderbook.sol', 'RCOrderbook.user')
 potentially stale -> ('SV', 'contracts/RCOrderbook.sol', 'RCOrderbook.cleaningLoops')
 reader witnesses  -> 2
 storage exposures -> 1
[MV-SI candidate 3ed8337f355d316ddf19] {card, winningOutcome}
 writer root       -> contracts/RCMarket.sol::RCMarket.collectRent(uint256)
 writer effect     -> contracts/RCMarket.sol:1087
 written member    -> ('SV', 'contracts/RCMarket.sol', 'RCMarket.card')
 potentially stale -> ('SV', 'contracts/RCMarket.sol', 'RCMarket.winningOutcome')
 reader witnesses  -> 14
 storage exposures -> 1
[MV-SI candidate 3f4e8a86fdbbf881cb3e] {cleaningLoops, user}
 writer root       -> contracts/RCOrderbook.sol::RCOrderbook.closeMarket()
 writer effect     -> contracts/RCOrderbook.sol:646
 written member    -> ('SV', 'contracts/RCOrderbook.sol', 'RCOrderbook.user')
 potentially stale -> ('SV', 'contracts/RCOrderbook.sol', 'RCOrderbook.cleaningLoops')
 reader witnesses  -> 2
 storage exposures -> 1
[MV-SI candidate 3f5f4db2eadecc6ed070] {card, minimumPriceIncreasePercent}
 writer root       -> contracts/RCMarket.sol::RCMarket.exit(uint256)
 writer effect     -> contracts/RCMarket.sol:1074
 written member    -> ('SV', 'contracts/RCMarket.sol', 'RCMarket.card')
 potentially stale -> ('SV', 'contracts/RCMarket.sol', 'RCMarket.minimumPriceIncreasePercent')
 reader witnesses  -> 2
 storage exposures -> 1
[MV-SI candidate 3f63477e723ba48ae817] {card, cardAffiliateCut}
 writer root       -> contracts/RCMarket.sol::RCMarket.rentAllCards(uint256)
 writer effect     -> contracts/RCMarket.sol:1068
 written member    -> ('SV', 'contracts/RCMarket.sol', 'RCMarket.card')
 potentially stale -> ('SV', 'contracts/RCMarket.sol', 'RCMarket.cardAffiliateCut')
 reader witnesses  -> 6
 storage exposures -> 1
[MV-SI candidate 3f8788f3f64c5937cf2d] {NFTsToAward[@local::contracts/RCLeaderboard.sol::RCLeaderboard.updateLeaderboard(address,uint256,uint256)::LocalVariable::_market_1], leaderboardLength[@local::contracts/RCLeaderboard.sol::RCLeaderboard.updateLeaderboard(address,uint256,uint256)::LocalVariable::_market_1][$arg1]}
 writer root       -> contracts/RCLeaderboard.sol::RCLeaderboard.updateLeaderboard(address,uint256,uint256)
 writer effect     -> contracts/RCLeaderboard.sol:240
 written member    -> ('MS', 'contracts/RCLeaderboard.sol', 'RCLeaderboard.leaderboardLength', '@local::contracts/RCLeaderboard.sol::RCLeaderboard.updateLeaderboard(address,uint256,uint256)::LocalVariable::_market_1][$arg1')
 potentially stale -> ('MS', 'contracts/RCLeaderboard.sol', 'RCLeaderboard.NFTsToAward', '@local::contracts/RCLeaderboard.sol::RCLeaderboard.updateLeaderboard(address,uint256,uint256)::LocalVariable::_market_1')
 reader witnesses  -> 2
 storage exposures -> 1
[MV-SI candidate 3fa39e88392a55773324] {marketCloseLimit, user}
 writer root       -> contracts/RCOrderbook.sol::RCOrderbook.cleanWastePile()
 writer effect     -> contracts/RCOrderbook.sol:802
 written member    -> ('SV', 'contracts/RCOrderbook.sol', 'RCOrderbook.user')
 potentially stale -> ('SV', 'contracts/RCOrderbook.sol', 'RCOrderbook.marketCloseLimit')
 reader witnesses  -> 4
 storage exposures -> 1
[MV-SI candidate 3ffe0e80f21ac81b2c09] {closedMarkets[@local::contracts/RCOrderbook.sol::RCOrderbook.removeOldBids(address)::ReferenceVariable::REF_1159], index[$arg0][@local::contracts/RCOrderbook.sol::RCOrderbook.removeOldBids(address)::LocalVariable::_market_2][@local::contracts/RCOrderbook.sol::RCOrderbook.removeOldBids(address)::LocalVariable::i_2], market, user, userClosedMarketIndex[$arg0]}
 writer root       -> contracts/RCOrderbook.sol::RCOrderbook.reduceTimeHeldLimit(address,uint256,uint256)
 writer effect     -> contracts/RCOrderbook.sol:910
 written member    -> ('SV', 'contracts/RCOrderbook.sol', 'RCOrderbook.user')
 potentially stale -> ('MS', 'contracts/RCOrderbook.sol', 'RCOrderbook.closedMarkets', '@local::contracts/RCOrderbook.sol::RCOrderbook.removeOldBids(address)::ReferenceVariable::REF_1159'), ('MS', 'contracts/RCOrderbook.sol', 'RCOrderbook.index', '$arg0][@local::contracts/RCOrderbook.sol::RCOrderbook.removeOldBids(address)::LocalVariable::_market_2][@local::contracts/RCOrderbook.sol::RCOrderbook.removeOldBids(address)::LocalVariable::i_2'), ('MS', 'contracts/RCOrderbook.sol', 'RCOrderbook.userClosedMarketIndex', '$arg0'), ('SV', 'contracts/RCOrderbook.sol', 'RCOrderbook.market')
 reader witnesses  -> 14
 storage exposures -> 1
[MV-SI candidate 406586a9d007d9430e81] {leaderboard, leaderboardIndex[@local::contracts/RCLeaderboard.sol::RCLeaderboard.updateLeaderboard(address,uint256,uint256)::LocalVariable::_market_1][@local::contracts/RCLeaderboard.sol::RCLeaderboard.updateLeaderboard(address,uint256,uint256)::LocalVariable::_market_1][$arg1], leaderboardIndex[@local::contracts/RCLeaderboard.sol::RCLeaderboard.updateLeaderboard(address,uint256,uint256)::LocalVariable::lastUserOnLeaderboard_1][@local::contracts/RCLeaderboard.sol::RCLeaderboard.updateLeaderboard(address,uint256,uint256)::LocalVariable::_market_1][$arg1]}
 writer root       -> contracts/RCLeaderboard.sol::RCLeaderboard.claimNFT(address,uint256)
 writer effect     -> contracts/RCLeaderboard.sol:252
 written member    -> ('SV', 'contracts/RCLeaderboard.sol', 'RCLeaderboard.leaderboard')
 potentially stale -> ('MS', 'contracts/RCLeaderboard.sol', 'RCLeaderboard.leaderboardIndex', '@local::contracts/RCLeaderboard.sol::RCLeaderboard.updateLeaderboard(address,uint256,uint256)::LocalVariable::_market_1][@local::contracts/RCLeaderboard.sol::RCLeaderboard.updateLeaderboard(address,uint256,uint256)::LocalVariable::_market_1][$arg1'), ('MS', 'contracts/RCLeaderboard.sol', 'RCLeaderboard.leaderboardIndex', '@local::contracts/RCLeaderboard.sol::RCLeaderboard.updateLeaderboard(address,uint256,uint256)::LocalVariable::lastUserOnLeaderboard_1][@local::contracts/RCLeaderboard.sol::RCLeaderboard.updateLeaderboard(address,uint256,uint256)::LocalVariable::_market_1][$arg1')
 reader witnesses  -> 3
 storage exposures -> 1
[MV-SI candidate 4076a4960770d9646cbc] {card, cardAffiliateCut}
 writer root       -> contracts/RCMarket.sol::RCMarket.exit(uint256)
 writer effect     -> contracts/RCMarket.sol:1049
 written member    -> ('SV', 'contracts/RCMarket.sol', 'RCMarket.card')
 potentially stale -> ('SV', 'contracts/RCMarket.sol', 'RCMarket.cardAffiliateCut')
 reader witnesses  -> 3
 storage exposures -> 1
[MV-SI candidate 4096a803f85e2b2260b1] {card, winningOutcome}
 writer root       -> contracts/RCMarket.sol::RCMarket.setAmicableResolution(uint256)
 writer effect     -> contracts/RCMarket.sol:1073
 written member    -> ('SV', 'contracts/RCMarket.sol', 'RCMarket.card')
 potentially stale -> ('SV', 'contracts/RCMarket.sol', 'RCMarket.winningOutcome')
 reader witnesses  -> 14
 storage exposures -> 1
[MV-SI candidate 409763981631795a3646] {marketOpeningTime, state}
 writer root       -> contracts/RCMarket.sol::RCMarket.rentAllCards(uint256)
 writer effect     -> contracts/RCMarket.sol:1115
 written member    -> ('SV', 'contracts/RCMarket.sol', 'RCMarket.state')
 potentially stale -> ('SV', 'contracts/RCMarket.sol', 'RCMarket.marketOpeningTime')
 reader witnesses  -> 3
 storage exposures -> 1
[MV-SI candidate 40dd1a3c0fb007c473e4] {maxDeletions, user}
 writer root       -> contracts/RCOrderbook.sol::RCOrderbook.addBidToOrderbook(address,uint256,uint256,uint256,address)
 writer effect     -> contracts/RCOrderbook.sol:430
 written member    -> ('SV', 'contracts/RCOrderbook.sol', 'RCOrderbook.user')
 potentially stale -> ('SV', 'contracts/RCOrderbook.sol', 'RCOrderbook.maxDeletions')
 reader witnesses  -> 10
 storage exposures -> 1
[MV-SI candidate 41032d62660c746e514c] {card, cardAffiliateCut}
 writer root       -> contracts/RCMarket.sol::RCMarket.getWinnerFromOracle()
 writer effect     -> contracts/RCMarket.sol:1068
 written member    -> ('SV', 'contracts/RCMarket.sol', 'RCMarket.card')
 potentially stale -> ('SV', 'contracts/RCMarket.sol', 'RCMarket.cardAffiliateCut')
 reader witnesses  -> 3
 storage exposures -> 1
[MV-SI candidate 41620dd56994247ab03c] {card, winnerCut, winningOutcome}
 writer root       -> contracts/RCMarket.sol::RCMarket.newRental(uint256,uint256,address,uint256)
 writer effect     -> contracts/RCMarket.sol:1073
 written member    -> ('SV', 'contracts/RCMarket.sol', 'RCMarket.card')
 potentially stale -> ('SV', 'contracts/RCMarket.sol', 'RCMarket.winnerCut'), ('SV', 'contracts/RCMarket.sol', 'RCMarket.winningOutcome')
 reader witnesses  -> 18
 storage exposures -> 1
[MV-SI candidate 416f9e0e282153e65183] {marketCloseLimit, user}
 writer root       -> contracts/RCOrderbook.sol::RCOrderbook.removeBidFromOrderbook(address,uint256)
 writer effect     -> contracts/RCOrderbook.sol:536
 written member    -> ('SV', 'contracts/RCOrderbook.sol', 'RCOrderbook.user')
 potentially stale -> ('SV', 'contracts/RCOrderbook.sol', 'RCOrderbook.marketCloseLimit')
 reader witnesses  -> 4
 storage exposures -> 1
[MV-SI candidate 41cb836abce67df28fd3] {index[$arg4][@local::contracts/RCOrderbook.sol::RCOrderbook.addBidToOrderbook(address,uint256,uint256,uint256,address)::LocalVariable::_market_1][$arg1], user}
 writer root       -> contracts/RCOrderbook.sol::RCOrderbook.addBidToOrderbook(address,uint256,uint256,uint256,address)
 writer effect     -> contracts/RCOrderbook.sol:361
 written member    -> ('SV', 'contracts/RCOrderbook.sol', 'RCOrderbook.user')
 potentially stale -> ('MS', 'contracts/RCOrderbook.sol', 'RCOrderbook.index', '$arg4][@local::contracts/RCOrderbook.sol::RCOrderbook.addBidToOrderbook(address,uint256,uint256,uint256,address)::LocalVariable::_market_1][$arg1')
 reader witnesses  -> 6
 storage exposures -> 1
[MV-SI candidate 42238634596b42767b17] {maxDeletions, user}
 writer root       -> contracts/RCOrderbook.sol::RCOrderbook.addBidToOrderbook(address,uint256,uint256,uint256,address)
 writer effect     -> contracts/RCOrderbook.sol:429
 written member    -> ('SV', 'contracts/RCOrderbook.sol', 'RCOrderbook.user')
 potentially stale -> ('SV', 'contracts/RCOrderbook.sol', 'RCOrderbook.maxDeletions')
 reader witnesses  -> 10
 storage exposures -> 1
[MV-SI candidate 42468cbc124c78ce2c47] {index[@local::contracts/RCOrderbook.sol::RCOrderbook.cleanWastePile()::LocalVariable::_user_1][@local::contracts/RCOrderbook.sol::RCOrderbook.cleanWastePile()::LocalVariable::_market_1][@local::contracts/RCOrderbook.sol::RCOrderbook.cleanWastePile()::LocalVariable::_card_1], user}
 writer root       -> contracts/RCOrderbook.sol::RCOrderbook.removeBidFromOrderbook(address,uint256)
 writer effect     -> contracts/RCOrderbook.sol:516
 written member    -> ('SV', 'contracts/RCOrderbook.sol', 'RCOrderbook.user')
 potentially stale -> ('MS', 'contracts/RCOrderbook.sol', 'RCOrderbook.index', '@local::contracts/RCOrderbook.sol::RCOrderbook.cleanWastePile()::LocalVariable::_user_1][@local::contracts/RCOrderbook.sol::RCOrderbook.cleanWastePile()::LocalVariable::_market_1][@local::contracts/RCOrderbook.sol::RCOrderbook.cleanWastePile()::LocalVariable::_card_1')
 reader witnesses  -> 4
 storage exposures -> 1
[MV-SI candidate 426ddb5ff84ee92a3ad2] {market, maxDeletions}
 writer root       -> contracts/RCOrderbook.sol::RCOrderbook.addBidToOrderbook(address,uint256,uint256,uint256,address)
 writer effect     -> contracts/RCOrderbook.sol:197
 written member    -> ('SV', 'contracts/RCOrderbook.sol', 'RCOrderbook.market')
 potentially stale -> ('SV', 'contracts/RCOrderbook.sol', 'RCOrderbook.maxDeletions')
 reader witnesses  -> 5
 storage exposures -> 1
[MV-SI candidate 42e0bc649b9039538d44] {closedMarkets[@local::contracts/RCOrderbook.sol::RCOrderbook.removeOldBids(address)::ReferenceVariable::REF_1159], index[$arg0][@local::contracts/RCOrderbook.sol::RCOrderbook.removeOldBids(address)::LocalVariable::_market_2][@local::contracts/RCOrderbook.sol::RCOrderbook.removeOldBids(address)::LocalVariable::i_2], market, user, userClosedMarketIndex[$arg0]}
 writer root       -> contracts/RCOrderbook.sol::RCOrderbook.removeOldBids(address)
 writer effect     -> contracts/RCOrderbook.sol:739
 written member    -> ('SV', 'contracts/RCOrderbook.sol', 'RCOrderbook.user')
 potentially stale -> ('MS', 'contracts/RCOrderbook.sol', 'RCOrderbook.closedMarkets', '@local::contracts/RCOrderbook.sol::RCOrderbook.removeOldBids(address)::ReferenceVariable::REF_1159'), ('MS', 'contracts/RCOrderbook.sol', 'RCOrderbook.index', '$arg0][@local::contracts/RCOrderbook.sol::RCOrderbook.removeOldBids(address)::LocalVariable::_market_2][@local::contracts/RCOrderbook.sol::RCOrderbook.removeOldBids(address)::LocalVariable::i_2'), ('MS', 'contracts/RCOrderbook.sol', 'RCOrderbook.userClosedMarketIndex', '$arg0'), ('SV', 'contracts/RCOrderbook.sol', 'RCOrderbook.market')
 reader witnesses  -> 14
 storage exposures -> 1
[MV-SI candidate 42f0dfe789d493643056] {accountingComplete, cardAccountingIndex, numberOfCards}
 writer root       -> contracts/RCMarket.sol::RCMarket.lockMarket()
 writer effect     -> contracts/RCMarket.sol:475
 written member    -> ('SV', 'contracts/RCMarket.sol', 'RCMarket.accountingComplete')
 potentially stale -> ('SV', 'contracts/RCMarket.sol', 'RCMarket.cardAccountingIndex'), ('SV', 'contracts/RCMarket.sol', 'RCMarket.numberOfCards')
 reader witnesses  -> 46
 storage exposures -> 1
[MV-SI candidate 430e3a7fb81fbe952aa2] {_operatorApprovals[$arg0][$arg1], _owners[$arg0], _tokenApprovals[$arg0]}
 writer root       -> contracts/nfthubs/RCNftHubL2.sol::RCNftHubL2.mint(address,uint256,string)
 writer effect     -> @openzeppelin/contracts/token/ERC721/ERC721.sol:289
 written member    -> ('MS', '@openzeppelin/contracts/token/ERC721/ERC721.sol', 'ERC721._owners', '$arg0')
 potentially stale -> ('MS', '@openzeppelin/contracts/token/ERC721/ERC721.sol', 'ERC721._operatorApprovals', '$arg0][$arg1'), ('MS', '@openzeppelin/contracts/token/ERC721/ERC721.sol', 'ERC721._tokenApprovals', '$arg0')
 reader witnesses  -> 6
 storage exposures -> 1
[MV-SI candidate 432d3ce7ce38d6c02e8f] {card, marketLockingTime}
 writer root       -> contracts/RCMarket.sol::RCMarket.setAmicableResolution(uint256)
 writer effect     -> contracts/RCMarket.sol:1049
 written member    -> ('SV', 'contracts/RCMarket.sol', 'RCMarket.card')
 potentially stale -> ('SV', 'contracts/RCMarket.sol', 'RCMarket.marketLockingTime')
 reader witnesses  -> 30
 storage exposures -> 1
[MV-SI candidate 43b284366858eb8d3264] {_roles[$arg1], user}
 writer root       -> contracts/RCTreasury.sol::RCTreasury.revokeRole(string,address)
 writer effect     -> @openzeppelin/contracts/access/AccessControl.sol:206
 written member    -> ('MS', '@openzeppelin/contracts/access/AccessControl.sol', 'AccessControl._roles', '$arg1')
 potentially stale -> ('SV', 'contracts/RCTreasury.sol', 'RCTreasury.user')
 reader witnesses  -> 46
 storage exposures -> 1
[MV-SI candidate 4402270edf03a4e9259a] {index[@local::contracts/RCOrderbook.sol::RCOrderbook.cleanWastePile()::LocalVariable::_user_1][@local::contracts/RCOrderbook.sol::RCOrderbook.cleanWastePile()::LocalVariable::_market_1][@local::contracts/RCOrderbook.sol::RCOrderbook.cleanWastePile()::LocalVariable::_card_1], user}
 writer root       -> contracts/RCOrderbook.sol::RCOrderbook.setTimeHeldlimit(address,uint256,uint256)
 writer effect     -> contracts/RCOrderbook.sol:830
 written member    -> ('SV', 'contracts/RCOrderbook.sol', 'RCOrderbook.user')
 potentially stale -> ('MS', 'contracts/RCOrderbook.sol', 'RCOrderbook.index', '@local::contracts/RCOrderbook.sol::RCOrderbook.cleanWastePile()::LocalVariable::_user_1][@local::contracts/RCOrderbook.sol::RCOrderbook.cleanWastePile()::LocalVariable::_market_1][@local::contracts/RCOrderbook.sol::RCOrderbook.cleanWastePile()::LocalVariable::_card_1')
 reader witnesses  -> 4
 storage exposures -> 1
[MV-SI candidate 440e9a82bf60bb749212] {index[@local::contracts/RCOrderbook.sol::RCOrderbook.closeMarket()::LocalVariable::_market_1][@local::contracts/RCOrderbook.sol::RCOrderbook.closeMarket()::LocalVariable::_market_1][@local::contracts/RCOrderbook.sol::RCOrderbook.closeMarket()::LocalVariable::i_2], user}
 writer root       -> contracts/RCOrderbook.sol::RCOrderbook.removeUserFromOrderbook(address)
 writer effect     -> contracts/RCOrderbook.sol:532
 written member    -> ('SV', 'contracts/RCOrderbook.sol', 'RCOrderbook.user')
 potentially stale -> ('MS', 'contracts/RCOrderbook.sol', 'RCOrderbook.index', '@local::contracts/RCOrderbook.sol::RCOrderbook.closeMarket()::LocalVariable::_market_1][@local::contracts/RCOrderbook.sol::RCOrderbook.closeMarket()::LocalVariable::_market_1][@local::contracts/RCOrderbook.sol::RCOrderbook.closeMarket()::LocalVariable::i_2')
 reader witnesses  -> 1
 storage exposures -> 1
[MV-SI candidate 446768b290366bdf15b8] {index[@local::contracts/RCOrderbook.sol::RCOrderbook.cleanWastePile()::LocalVariable::_user_1][@local::contracts/RCOrderbook.sol::RCOrderbook.cleanWastePile()::LocalVariable::_market_1][@local::contracts/RCOrderbook.sol::RCOrderbook.cleanWastePile()::LocalVariable::_card_1], user}
 writer root       -> contracts/RCOrderbook.sol::RCOrderbook.cleanWastePile()
 writer effect     -> contracts/RCOrderbook.sol:776
 written member    -> ('SV', 'contracts/RCOrderbook.sol', 'RCOrderbook.user')
 potentially stale -> ('MS', 'contracts/RCOrderbook.sol', 'RCOrderbook.index', '@local::contracts/RCOrderbook.sol::RCOrderbook.cleanWastePile()::LocalVariable::_user_1][@local::contracts/RCOrderbook.sol::RCOrderbook.cleanWastePile()::LocalVariable::_market_1][@local::contracts/RCOrderbook.sol::RCOrderbook.cleanWastePile()::LocalVariable::_card_1')
 reader witnesses  -> 4
 storage exposures -> 1
[MV-SI candidate 4478f4561a6b2d348e5d] {index[@local::contracts/RCOrderbook.sol::RCOrderbook.cleanWastePile()::LocalVariable::_user_1][@local::contracts/RCOrderbook.sol::RCOrderbook.cleanWastePile()::LocalVariable::_market_1][@local::contracts/RCOrderbook.sol::RCOrderbook.cleanWastePile()::LocalVariable::_card_1], user}
 writer root       -> contracts/RCOrderbook.sol::RCOrderbook.findNewOwner(uint256,uint256)
 writer effect     -> contracts/RCOrderbook.sol:517
 written member    -> ('SV', 'contracts/RCOrderbook.sol', 'RCOrderbook.user')
 potentially stale -> ('MS', 'contracts/RCOrderbook.sol', 'RCOrderbook.index', '@local::contracts/RCOrderbook.sol::RCOrderbook.cleanWastePile()::LocalVariable::_user_1][@local::contracts/RCOrderbook.sol::RCOrderbook.cleanWastePile()::LocalVariable::_market_1][@local::contracts/RCOrderbook.sol::RCOrderbook.cleanWastePile()::LocalVariable::_card_1')
 reader witnesses  -> 4
 storage exposures -> 1
[MV-SI candidate 44d09487e4f659b4bb33] {maxDeletions, user}
 writer root       -> contracts/RCOrderbook.sol::RCOrderbook.removeBidFromOrderbook(address,uint256)
 writer effect     -> contracts/RCOrderbook.sol:532
 written member    -> ('SV', 'contracts/RCOrderbook.sol', 'RCOrderbook.user')
 potentially stale -> ('SV', 'contracts/RCOrderbook.sol', 'RCOrderbook.maxDeletions')
 reader witnesses  -> 10
 storage exposures -> 1
[MV-SI candidate 450dfebd6598c63bd2dc] {index[$arg4][@local::contracts/RCOrderbook.sol::RCOrderbook.addBidToOrderbook(address,uint256,uint256,uint256,address)::LocalVariable::_market_1][$arg1], user}
 writer root       -> contracts/RCOrderbook.sol::RCOrderbook.addBidToOrderbook(address,uint256,uint256,uint256,address)
 writer effect     -> contracts/RCOrderbook.sol:431
 written member    -> ('SV', 'contracts/RCOrderbook.sol', 'RCOrderbook.user')
 potentially stale -> ('MS', 'contracts/RCOrderbook.sol', 'RCOrderbook.index', '$arg4][@local::contracts/RCOrderbook.sol::RCOrderbook.addBidToOrderbook(address,uint256,uint256,uint256,address)::LocalVariable::_market_1][$arg1')
 reader witnesses  -> 6
 storage exposures -> 1
[MV-SI candidate 4518313a53f7a04aa27b] {index[@local::contracts/RCOrderbook.sol::RCOrderbook.cleanWastePile()::LocalVariable::_user_1][@local::contracts/RCOrderbook.sol::RCOrderbook.cleanWastePile()::LocalVariable::_market_1][@local::contracts/RCOrderbook.sol::RCOrderbook.cleanWastePile()::LocalVariable::_card_1], user}
 writer root       -> contracts/RCOrderbook.sol::RCOrderbook.removeBidFromOrderbook(address,uint256)
 writer effect     -> contracts/RCOrderbook.sol:532
 written member    -> ('SV', 'contracts/RCOrderbook.sol', 'RCOrderbook.user')
 potentially stale -> ('MS', 'contracts/RCOrderbook.sol', 'RCOrderbook.index', '@local::contracts/RCOrderbook.sol::RCOrderbook.cleanWastePile()::LocalVariable::_user_1][@local::contracts/RCOrderbook.sol::RCOrderbook.cleanWastePile()::LocalVariable::_market_1][@local::contracts/RCOrderbook.sol::RCOrderbook.cleanWastePile()::LocalVariable::_card_1')
 reader witnesses  -> 4
 storage exposures -> 1
[MV-SI candidate 456a91202817f0e5eead] {cleaningLoops, user}
 writer root       -> contracts/RCOrderbook.sol::RCOrderbook.addBidToOrderbook(address,uint256,uint256,uint256,address)
 writer effect     -> contracts/RCOrderbook.sol:311
 written member    -> ('SV', 'contracts/RCOrderbook.sol', 'RCOrderbook.user')
 potentially stale -> ('SV', 'contracts/RCOrderbook.sol', 'RCOrderbook.cleaningLoops')
 reader witnesses  -> 2
 storage exposures -> 1
[MV-SI candidate 4580f173b5016a4cc119] {card, winningOutcome}
 writer root       -> contracts/RCMarket.sol::RCMarket.collectRent(uint256)
 writer effect     -> contracts/RCMarket.sol:1049
 written member    -> ('SV', 'contracts/RCMarket.sol', 'RCMarket.card')
 potentially stale -> ('SV', 'contracts/RCMarket.sol', 'RCMarket.winningOutcome')
 reader witnesses  -> 14
 storage exposures -> 1
[MV-SI candidate 463d9382081fa133a70e] {card, cardAffiliateCut}
 writer root       -> contracts/RCMarket.sol::RCMarket.exit(uint256)
 writer effect     -> contracts/RCMarket.sol:1074
 written member    -> ('SV', 'contracts/RCMarket.sol', 'RCMarket.card')
 potentially stale -> ('SV', 'contracts/RCMarket.sol', 'RCMarket.cardAffiliateCut')
 reader witnesses  -> 3
 storage exposures -> 1
[MV-SI candidate 466e6332c7d4ba40af78] {card, marketLockingTime}
 writer root       -> contracts/RCMarket.sol::RCMarket.lockMarket()
 writer effect     -> contracts/RCMarket.sol:1087
 written member    -> ('SV', 'contracts/RCMarket.sol', 'RCMarket.card')
 potentially stale -> ('SV', 'contracts/RCMarket.sol', 'RCMarket.marketLockingTime')
 reader witnesses  -> 30
 storage exposures -> 1
[MV-SI candidate 46782b756cbda4724d93] {index[$arg4][@local::contracts/RCOrderbook.sol::RCOrderbook.addBidToOrderbook(address,uint256,uint256,uint256,address)::LocalVariable::_market_1][$arg1], user}
 writer root       -> contracts/RCOrderbook.sol::RCOrderbook.cleanWastePile()
 writer effect     -> contracts/RCOrderbook.sol:806
 written member    -> ('SV', 'contracts/RCOrderbook.sol', 'RCOrderbook.user')
 potentially stale -> ('MS', 'contracts/RCOrderbook.sol', 'RCOrderbook.index', '$arg4][@local::contracts/RCOrderbook.sol::RCOrderbook.addBidToOrderbook(address,uint256,uint256,uint256,address)::LocalVariable::_market_1][$arg1')
 reader witnesses  -> 6
 storage exposures -> 1
[MV-SI candidate 46b9d90e26ce68b7d9bd] {card, minimumPriceIncreasePercent}
 writer root       -> contracts/RCMarket.sol::RCMarket.setAmicableResolution(uint256)
 writer effect     -> contracts/RCMarket.sol:1049
 written member    -> ('SV', 'contracts/RCMarket.sol', 'RCMarket.card')
 potentially stale -> ('SV', 'contracts/RCMarket.sol', 'RCMarket.minimumPriceIncreasePercent')
 reader witnesses  -> 2
 storage exposures -> 1
[MV-SI candidate 46cf8bce2335d47d1267] {cleaningLoops, user}
 writer root       -> contracts/RCOrderbook.sol::RCOrderbook.removeBidFromOrderbook(address,uint256)
 writer effect     -> contracts/RCOrderbook.sol:532
 written member    -> ('SV', 'contracts/RCOrderbook.sol', 'RCOrderbook.user')
 potentially stale -> ('SV', 'contracts/RCOrderbook.sol', 'RCOrderbook.cleaningLoops')
 reader witnesses  -> 2
 storage exposures -> 1
[MV-SI candidate 46f3c62815bff2e65bd4] {card, cardAffiliateCut}
 writer root       -> contracts/RCMarket.sol::RCMarket.newRental(uint256,uint256,address,uint256)
 writer effect     -> contracts/RCMarket.sol:1049
 written member    -> ('SV', 'contracts/RCMarket.sol', 'RCMarket.card')
 potentially stale -> ('SV', 'contracts/RCMarket.sol', 'RCMarket.cardAffiliateCut')
 reader witnesses  -> 6
 storage exposures -> 1
[MV-SI candidate 46fe447c8d3fc3f83eec] {marketCloseLimit, user}
 writer root       -> contracts/RCOrderbook.sol::RCOrderbook.cleanWastePile()
 writer effect     -> contracts/RCOrderbook.sol:793
 written member    -> ('SV', 'contracts/RCOrderbook.sol', 'RCOrderbook.user')
 potentially stale -> ('SV', 'contracts/RCOrderbook.sol', 'RCOrderbook.marketCloseLimit')
 reader witnesses  -> 4
 storage exposures -> 1
[MV-SI candidate 4748efe2184910b8f318] {card, cardAffiliateCut}
 writer root       -> contracts/RCMarket.sol::RCMarket.collectRent(uint256)
 writer effect     -> contracts/RCMarket.sol:1081
 written member    -> ('SV', 'contracts/RCMarket.sol', 'RCMarket.card')
 potentially stale -> ('SV', 'contracts/RCMarket.sol', 'RCMarket.cardAffiliateCut')
 reader witnesses  -> 3
 storage exposures -> 1
[MV-SI candidate 4771519a082cab5607af] {card, winningOutcome}
 writer root       -> contracts/RCMarket.sol::RCMarket.updateTimeHeldLimit(uint256,uint256)
 writer effect     -> contracts/RCMarket.sol:1087
 written member    -> ('SV', 'contracts/RCMarket.sol', 'RCMarket.card')
 potentially stale -> ('SV', 'contracts/RCMarket.sol', 'RCMarket.winningOutcome')
 reader witnesses  -> 14
 storage exposures -> 1
[MV-SI candidate 47a3065aa0b33527c842] {card, marketLockingTime}
 writer root       -> contracts/RCMarket.sol::RCMarket.collectRent(uint256)
 writer effect     -> contracts/RCMarket.sol:1049
 written member    -> ('SV', 'contracts/RCMarket.sol', 'RCMarket.card')
 potentially stale -> ('SV', 'contracts/RCMarket.sol', 'RCMarket.marketLockingTime')
 reader witnesses  -> 30
 storage exposures -> 1
[MV-SI candidate 47ada18f1fd25ad705ab] {maxDeletions, user}
 writer root       -> contracts/RCOrderbook.sol::RCOrderbook.addBidToOrderbook(address,uint256,uint256,uint256,address)
 writer effect     -> contracts/RCOrderbook.sol:793
 written member    -> ('SV', 'contracts/RCOrderbook.sol', 'RCOrderbook.user')
 potentially stale -> ('SV', 'contracts/RCOrderbook.sol', 'RCOrderbook.maxDeletions')
 reader witnesses  -> 10
 storage exposures -> 1
[MV-SI candidate 47cab2e4cf9cf3316e51] {card, marketLockingTime}
 writer root       -> contracts/RCMarket.sol::RCMarket.exit(uint256)
 writer effect     -> contracts/RCMarket.sol:1087
 written member    -> ('SV', 'contracts/RCMarket.sol', 'RCMarket.card')
 potentially stale -> ('SV', 'contracts/RCMarket.sol', 'RCMarket.marketLockingTime')
 reader witnesses  -> 30
 storage exposures -> 1
[MV-SI candidate 48ac24d98c3a5d53a348] {index[$arg4][@local::contracts/RCOrderbook.sol::RCOrderbook.addBidToOrderbook(address,uint256,uint256,uint256,address)::LocalVariable::_market_1][$arg1], user}
 writer root       -> contracts/RCOrderbook.sol::RCOrderbook.addBidToOrderbook(address,uint256,uint256,uint256,address)
 writer effect     -> contracts/RCOrderbook.sol:311
 written member    -> ('SV', 'contracts/RCOrderbook.sol', 'RCOrderbook.user')
 potentially stale -> ('MS', 'contracts/RCOrderbook.sol', 'RCOrderbook.index', '$arg4][@local::contracts/RCOrderbook.sol::RCOrderbook.addBidToOrderbook(address,uint256,uint256,uint256,address)::LocalVariable::_market_1][$arg1')
 reader witnesses  -> 6
 storage exposures -> 1
[MV-SI candidate 4915563cd58a1d799168] {accountingComplete, maxRentIterationsToLockMarket}
 writer root       -> contracts/RCMarket.sol::RCMarket.rentAllCards(uint256)
 writer effect     -> contracts/RCMarket.sol:475
 written member    -> ('SV', 'contracts/RCMarket.sol', 'RCMarket.accountingComplete')
 potentially stale -> ('SV', 'contracts/RCMarket.sol', 'RCMarket.maxRentIterationsToLockMarket')
 reader witnesses  -> 5
 storage exposures -> 1
[MV-SI candidate 4935a9976d15448d5973] {index[@local::contracts/RCOrderbook.sol::RCOrderbook.closeMarket()::LocalVariable::_market_1][@local::contracts/RCOrderbook.sol::RCOrderbook.closeMarket()::LocalVariable::_market_1][@local::contracts/RCOrderbook.sol::RCOrderbook.closeMarket()::LocalVariable::i_2], user}
 writer root       -> contracts/RCOrderbook.sol::RCOrderbook.removeOldBids(address)
 writer effect     -> contracts/RCOrderbook.sol:710
 written member    -> ('SV', 'contracts/RCOrderbook.sol', 'RCOrderbook.user')
 potentially stale -> ('MS', 'contracts/RCOrderbook.sol', 'RCOrderbook.index', '@local::contracts/RCOrderbook.sol::RCOrderbook.closeMarket()::LocalVariable::_market_1][@local::contracts/RCOrderbook.sol::RCOrderbook.closeMarket()::LocalVariable::_market_1][@local::contracts/RCOrderbook.sol::RCOrderbook.closeMarket()::LocalVariable::i_2')
 reader witnesses  -> 1
 storage exposures -> 1
[MV-SI candidate 497ccce3adc6be41ee18] {index[$arg4][@local::contracts/RCOrderbook.sol::RCOrderbook.addBidToOrderbook(address,uint256,uint256,uint256,address)::LocalVariable::_market_1][$arg1], user}
 writer root       -> contracts/RCOrderbook.sol::RCOrderbook.closeMarket()
 writer effect     -> contracts/RCOrderbook.sol:667
 written member    -> ('SV', 'contracts/RCOrderbook.sol', 'RCOrderbook.user')
 potentially stale -> ('MS', 'contracts/RCOrderbook.sol', 'RCOrderbook.index', '$arg4][@local::contracts/RCOrderbook.sol::RCOrderbook.addBidToOrderbook(address,uint256,uint256,uint256,address)::LocalVariable::_market_1][$arg1')
 reader witnesses  -> 6
 storage exposures -> 1
[MV-SI candidate 4983aea577e7942afbe7] {index[@local::contracts/RCOrderbook.sol::RCOrderbook.cleanWastePile()::LocalVariable::_user_1][@local::contracts/RCOrderbook.sol::RCOrderbook.cleanWastePile()::LocalVariable::_market_1][@local::contracts/RCOrderbook.sol::RCOrderbook.cleanWastePile()::LocalVariable::_card_1], user}
 writer root       -> contracts/RCOrderbook.sol::RCOrderbook.addBidToOrderbook(address,uint256,uint256,uint256,address)
 writer effect     -> contracts/RCOrderbook.sol:776
 written member    -> ('SV', 'contracts/RCOrderbook.sol', 'RCOrderbook.user')
 potentially stale -> ('MS', 'contracts/RCOrderbook.sol', 'RCOrderbook.index', '@local::contracts/RCOrderbook.sol::RCOrderbook.cleanWastePile()::LocalVariable::_user_1][@local::contracts/RCOrderbook.sol::RCOrderbook.cleanWastePile()::LocalVariable::_market_1][@local::contracts/RCOrderbook.sol::RCOrderbook.cleanWastePile()::LocalVariable::_card_1')
 reader witnesses  -> 4
 storage exposures -> 1
[MV-SI candidate 498436c28fd8f136ec1f] {card, winningOutcome}
 writer root       -> contracts/RCMarket.sol::RCMarket.sponsor(uint256)
 writer effect     -> contracts/RCMarket.sol:916
 written member    -> ('SV', 'contracts/RCMarket.sol', 'RCMarket.card')
 potentially stale -> ('SV', 'contracts/RCMarket.sol', 'RCMarket.winningOutcome')
 reader witnesses  -> 14
 storage exposures -> 1
[MV-SI candidate 4a1e241e3fec267a6c96] {affiliateCut, artistCut, cardAffiliateCut, card[@local::contracts/RCMarket.sol::RCMarket._payoutWinnings()::TemporaryVariable::TMP_1488], creatorCut, rentCollectedPerUserPerCard[@local::contracts/RCMarket.sol::RCMarket._payoutWinnings()::TemporaryVariable::TMP_1483][@state::contracts/RCMarket.sol::RCMarket.winningOutcome], totalRentCollected, winnerCut, winningOutcome}
 writer root       -> contracts/RCMarket.sol::RCMarket.updateTimeHeldLimit(uint256,uint256)
 writer effect     -> contracts/RCMarket.sol:1090
 written member    -> ('SV', 'contracts/RCMarket.sol', 'RCMarket.totalRentCollected')
 potentially stale -> ('MS', 'contracts/RCMarket.sol', 'RCMarket.card', '@local::contracts/RCMarket.sol::RCMarket._payoutWinnings()::TemporaryVariable::TMP_1488'), ('MS', 'contracts/RCMarket.sol', 'RCMarket.rentCollectedPerUserPerCard', '@local::contracts/RCMarket.sol::RCMarket._payoutWinnings()::TemporaryVariable::TMP_1483][@state::contracts/RCMarket.sol::RCMarket.winningOutcome'), ('SV', 'contracts/RCMarket.sol', 'RCMarket.affiliateCut'), ('SV', 'contracts/RCMarket.sol', 'RCMarket.artistCut'), ('SV', 'contracts/RCMarket.sol', 'RCMarket.cardAffiliateCut'), ('SV', 'contracts/RCMarket.sol', 'RCMarket.creatorCut'), ('SV', 'contracts/RCMarket.sol', 'RCMarket.winnerCut'), ('SV', 'contracts/RCMarket.sol', 'RCMarket.winningOutcome')
 reader witnesses  -> 11
 storage exposures -> 1
[MV-SI candidate 4a42af35134f6adcc0d7] {closedMarkets[@local::contracts/RCOrderbook.sol::RCOrderbook.removeOldBids(address)::ReferenceVariable::REF_1159], index[$arg0][@local::contracts/RCOrderbook.sol::RCOrderbook.removeOldBids(address)::LocalVariable::_market_2][@local::contracts/RCOrderbook.sol::RCOrderbook.removeOldBids(address)::LocalVariable::i_2], market, user, userClosedMarketIndex[$arg0]}
 writer root       -> contracts/RCOrderbook.sol::RCOrderbook.addBidToOrderbook(address,uint256,uint256,uint256,address)
 writer effect     -> contracts/RCOrderbook.sol:197
 written member    -> ('SV', 'contracts/RCOrderbook.sol', 'RCOrderbook.market')
 potentially stale -> ('MS', 'contracts/RCOrderbook.sol', 'RCOrderbook.closedMarkets', '@local::contracts/RCOrderbook.sol::RCOrderbook.removeOldBids(address)::ReferenceVariable::REF_1159'), ('MS', 'contracts/RCOrderbook.sol', 'RCOrderbook.index', '$arg0][@local::contracts/RCOrderbook.sol::RCOrderbook.removeOldBids(address)::LocalVariable::_market_2][@local::contracts/RCOrderbook.sol::RCOrderbook.removeOldBids(address)::LocalVariable::i_2'), ('MS', 'contracts/RCOrderbook.sol', 'RCOrderbook.userClosedMarketIndex', '$arg0'), ('SV', 'contracts/RCOrderbook.sol', 'RCOrderbook.user')
 reader witnesses  -> 234
 storage exposures -> 1
[MV-SI candidate 4b18a5d4b7bcfbbe4052] {leaderboard, leaderboardIndex[@local::contracts/RCLeaderboard.sol::RCLeaderboard.updateLeaderboard(address,uint256,uint256)::LocalVariable::_market_1][@local::contracts/RCLeaderboard.sol::RCLeaderboard.updateLeaderboard(address,uint256,uint256)::LocalVariable::_market_1][$arg1], leaderboardIndex[@local::contracts/RCLeaderboard.sol::RCLeaderboard.updateLeaderboard(address,uint256,uint256)::LocalVariable::lastUserOnLeaderboard_1][@local::contracts/RCLeaderboard.sol::RCLeaderboard.updateLeaderboard(address,uint256,uint256)::LocalVariable::_market_1][$arg1]}
 writer root       -> contracts/RCLeaderboard.sol::RCLeaderboard.updateLeaderboard(address,uint256,uint256)
 writer effect     -> contracts/RCLeaderboard.sol:234
 written member    -> ('SV', 'contracts/RCLeaderboard.sol', 'RCLeaderboard.leaderboard')
 potentially stale -> ('MS', 'contracts/RCLeaderboard.sol', 'RCLeaderboard.leaderboardIndex', '@local::contracts/RCLeaderboard.sol::RCLeaderboard.updateLeaderboard(address,uint256,uint256)::LocalVariable::_market_1][@local::contracts/RCLeaderboard.sol::RCLeaderboard.updateLeaderboard(address,uint256,uint256)::LocalVariable::_market_1][$arg1'), ('MS', 'contracts/RCLeaderboard.sol', 'RCLeaderboard.leaderboardIndex', '@local::contracts/RCLeaderboard.sol::RCLeaderboard.updateLeaderboard(address,uint256,uint256)::LocalVariable::lastUserOnLeaderboard_1][@local::contracts/RCLeaderboard.sol::RCLeaderboard.updateLeaderboard(address,uint256,uint256)::LocalVariable::_market_1][$arg1')
 reader witnesses  -> 6
 storage exposures -> 1
[MV-SI candidate 4b6525ef9759cc8f9d00] {card, marketLockingTime}
 writer root       -> contracts/RCMarket.sol::RCMarket.setAmicableResolution(uint256)
 writer effect     -> contracts/RCMarket.sol:1081
 written member    -> ('SV', 'contracts/RCMarket.sol', 'RCMarket.card')
 potentially stale -> ('SV', 'contracts/RCMarket.sol', 'RCMarket.marketLockingTime')
 reader witnesses  -> 30
 storage exposures -> 1
[MV-SI candidate 4bf202a148afec394c50] {cleaningLoops, user}
 writer root       -> contracts/RCOrderbook.sol::RCOrderbook.removeBidFromOrderbook(address,uint256)
 writer effect     -> contracts/RCOrderbook.sol:517
 written member    -> ('SV', 'contracts/RCOrderbook.sol', 'RCOrderbook.user')
 potentially stale -> ('SV', 'contracts/RCOrderbook.sol', 'RCOrderbook.cleaningLoops')
 reader witnesses  -> 2
 storage exposures -> 1
[MV-SI candidate 4cb3d1a2190eaa75a92a] {marketCloseLimit, user}
 writer root       -> contracts/RCOrderbook.sol::RCOrderbook.addBidToOrderbook(address,uint256,uint256,uint256,address)
 writer effect     -> contracts/RCOrderbook.sol:426
 written member    -> ('SV', 'contracts/RCOrderbook.sol', 'RCOrderbook.user')
 potentially stale -> ('SV', 'contracts/RCOrderbook.sol', 'RCOrderbook.marketCloseLimit')
 reader witnesses  -> 4
 storage exposures -> 1
[MV-SI candidate 4cf6c12b0a883b86f125] {index[@local::contracts/RCOrderbook.sol::RCOrderbook.cleanWastePile()::LocalVariable::_user_1][@local::contracts/RCOrderbook.sol::RCOrderbook.cleanWastePile()::LocalVariable::_market_1][@local::contracts/RCOrderbook.sol::RCOrderbook.cleanWastePile()::LocalVariable::_card_1], user}
 writer root       -> contracts/RCOrderbook.sol::RCOrderbook.findNewOwner(uint256,uint256)
 writer effect     -> contracts/RCOrderbook.sol:536
 written member    -> ('SV', 'contracts/RCOrderbook.sol', 'RCOrderbook.user')
 potentially stale -> ('MS', 'contracts/RCOrderbook.sol', 'RCOrderbook.index', '@local::contracts/RCOrderbook.sol::RCOrderbook.cleanWastePile()::LocalVariable::_user_1][@local::contracts/RCOrderbook.sol::RCOrderbook.cleanWastePile()::LocalVariable::_market_1][@local::contracts/RCOrderbook.sol::RCOrderbook.cleanWastePile()::LocalVariable::_card_1')
 reader witnesses  -> 4
 storage exposures -> 1
[MV-SI candidate 4d29d852e2ebcff7546f] {_roles[$arg1], user}
 writer root       -> contracts/RCTreasury.sol::RCTreasury.updateRentalRate(address,address,uint256,uint256,uint256)
 writer effect     -> contracts/RCTreasury.sol:660
 written member    -> ('SV', 'contracts/RCTreasury.sol', 'RCTreasury.user')
 potentially stale -> ('MS', '@openzeppelin/contracts/access/AccessControl.sol', 'AccessControl._roles', '$arg1')
 reader witnesses  -> 9
 storage exposures -> 1
[MV-SI candidate 4d4c19f43e69d9873df0] {card, winnerCut, winningOutcome}
 writer root       -> contracts/RCMarket.sol::RCMarket.getWinnerFromOracle()
 writer effect     -> contracts/RCMarket.sol:1049
 written member    -> ('SV', 'contracts/RCMarket.sol', 'RCMarket.card')
 potentially stale -> ('SV', 'contracts/RCMarket.sol', 'RCMarket.winnerCut'), ('SV', 'contracts/RCMarket.sol', 'RCMarket.winningOutcome')
 reader witnesses  -> 9
 storage exposures -> 1
[MV-SI candidate 4d6b02e6f025d2343399] {index[@local::contracts/RCOrderbook.sol::RCOrderbook.cleanWastePile()::LocalVariable::_user_1][@local::contracts/RCOrderbook.sol::RCOrderbook.cleanWastePile()::LocalVariable::_market_1][@local::contracts/RCOrderbook.sol::RCOrderbook.cleanWastePile()::LocalVariable::_card_1], user}
 writer root       -> contracts/RCOrderbook.sol::RCOrderbook.addBidToOrderbook(address,uint256,uint256,uint256,address)
 writer effect     -> contracts/RCOrderbook.sol:404
 written member    -> ('SV', 'contracts/RCOrderbook.sol', 'RCOrderbook.user')
 potentially stale -> ('MS', 'contracts/RCOrderbook.sol', 'RCOrderbook.index', '@local::contracts/RCOrderbook.sol::RCOrderbook.cleanWastePile()::LocalVariable::_user_1][@local::contracts/RCOrderbook.sol::RCOrderbook.cleanWastePile()::LocalVariable::_market_1][@local::contracts/RCOrderbook.sol::RCOrderbook.cleanWastePile()::LocalVariable::_card_1')
 reader witnesses  -> 4
 storage exposures -> 1
[MV-SI candidate 4d8839c95974edeb667a] {card, cardAffiliateCut}
 writer root       -> contracts/RCMarket.sol::RCMarket.lockMarket()
 writer effect     -> contracts/RCMarket.sol:1073
 written member    -> ('SV', 'contracts/RCMarket.sol', 'RCMarket.card')
 potentially stale -> ('SV', 'contracts/RCMarket.sol', 'RCMarket.cardAffiliateCut')
 reader witnesses  -> 3
 storage exposures -> 1
[MV-SI candidate 4d92226caf1baf2e1c47] {card, winnerCut, winningOutcome}
 writer root       -> contracts/RCMarket.sol::RCMarket.rentAllCards(uint256)
 writer effect     -> contracts/RCMarket.sol:1073
 written member    -> ('SV', 'contracts/RCMarket.sol', 'RCMarket.card')
 potentially stale -> ('SV', 'contracts/RCMarket.sol', 'RCMarket.winnerCut'), ('SV', 'contracts/RCMarket.sol', 'RCMarket.winningOutcome')
 reader witnesses  -> 18
 storage exposures -> 1
[MV-SI candidate 4dcef0faea6b7ba50978] {index[@local::contracts/RCOrderbook.sol::RCOrderbook.cleanWastePile()::LocalVariable::_user_1][@local::contracts/RCOrderbook.sol::RCOrderbook.cleanWastePile()::LocalVariable::_market_1][@local::contracts/RCOrderbook.sol::RCOrderbook.cleanWastePile()::LocalVariable::_card_1], user}
 writer root       -> contracts/RCOrderbook.sol::RCOrderbook.addBidToOrderbook(address,uint256,uint256,uint256,address)
 writer effect     -> contracts/RCOrderbook.sol:797
 written member    -> ('SV', 'contracts/RCOrderbook.sol', 'RCOrderbook.user')
 potentially stale -> ('MS', 'contracts/RCOrderbook.sol', 'RCOrderbook.index', '@local::contracts/RCOrderbook.sol::RCOrderbook.cleanWastePile()::LocalVariable::_user_1][@local::contracts/RCOrderbook.sol::RCOrderbook.cleanWastePile()::LocalVariable::_market_1][@local::contracts/RCOrderbook.sol::RCOrderbook.cleanWastePile()::LocalVariable::_card_1')
 reader witnesses  -> 4
 storage exposures -> 1
[MV-SI candidate 4df265b01ba22c1bbd85] {card, cardAffiliateCut}
 writer root       -> contracts/RCMarket.sol::RCMarket.rentAllCards(uint256)
 writer effect     -> contracts/RCMarket.sol:1073
 written member    -> ('SV', 'contracts/RCMarket.sol', 'RCMarket.card')
 potentially stale -> ('SV', 'contracts/RCMarket.sol', 'RCMarket.cardAffiliateCut')
 reader witnesses  -> 6
 storage exposures -> 1
[MV-SI candidate 4df4070868caddb8b34b] {maxDeletions, user}
 writer root       -> contracts/RCOrderbook.sol::RCOrderbook.findNewOwner(uint256,uint256)
 writer effect     -> contracts/RCOrderbook.sol:830
 written member    -> ('SV', 'contracts/RCOrderbook.sol', 'RCOrderbook.user')
 potentially stale -> ('SV', 'contracts/RCOrderbook.sol', 'RCOrderbook.maxDeletions')
 reader witnesses  -> 10
 storage exposures -> 1
[MV-SI candidate 4e1363037bddbab88f11] {_operatorApprovals[$arg0][$arg1], _owners[$arg0], _tokenApprovals[$arg0]}
 writer root       -> contracts/nfthubs/RCNftHubL1.sol::RCNftHubL1.mint(address,uint256,bytes)
 writer effect     -> @openzeppelin/contracts/token/ERC721/ERC721.sol:289
 written member    -> ('MS', '@openzeppelin/contracts/token/ERC721/ERC721.sol', 'ERC721._owners', '$arg0')
 potentially stale -> ('MS', '@openzeppelin/contracts/token/ERC721/ERC721.sol', 'ERC721._operatorApprovals', '$arg0][$arg1'), ('MS', '@openzeppelin/contracts/token/ERC721/ERC721.sol', 'ERC721._tokenApprovals', '$arg0')
 reader witnesses  -> 6
 storage exposures -> 1
[MV-SI candidate 4e696d34f1ed4b533cd7] {card, winningOutcome}
 writer root       -> contracts/RCMarket.sol::RCMarket.collectRent(uint256)
 writer effect     -> contracts/RCMarket.sol:1081
 written member    -> ('SV', 'contracts/RCMarket.sol', 'RCMarket.card')
 potentially stale -> ('SV', 'contracts/RCMarket.sol', 'RCMarket.winningOutcome')
 reader witnesses  -> 14
 storage exposures -> 1
[MV-SI candidate 4eb37cdfeb34c5f4e10e] {marketCloseLimit, user}
 writer root       -> contracts/RCOrderbook.sol::RCOrderbook.removeUserFromOrderbook(address)
 writer effect     -> contracts/RCOrderbook.sol:830
 written member    -> ('SV', 'contracts/RCOrderbook.sol', 'RCOrderbook.user')
 potentially stale -> ('SV', 'contracts/RCOrderbook.sol', 'RCOrderbook.marketCloseLimit')
 reader witnesses  -> 4
 storage exposures -> 1
[MV-SI candidate 4edb31241cc6b2cd6389] {index[@local::contracts/RCOrderbook.sol::RCOrderbook.cleanWastePile()::LocalVariable::_user_1][@local::contracts/RCOrderbook.sol::RCOrderbook.cleanWastePile()::LocalVariable::_market_1][@local::contracts/RCOrderbook.sol::RCOrderbook.cleanWastePile()::LocalVariable::_card_1], user}
 writer root       -> contracts/RCOrderbook.sol::RCOrderbook.cleanWastePile()
 writer effect     -> contracts/RCOrderbook.sol:777
 written member    -> ('SV', 'contracts/RCOrderbook.sol', 'RCOrderbook.user')
 potentially stale -> ('MS', 'contracts/RCOrderbook.sol', 'RCOrderbook.index', '@local::contracts/RCOrderbook.sol::RCOrderbook.cleanWastePile()::LocalVariable::_user_1][@local::contracts/RCOrderbook.sol::RCOrderbook.cleanWastePile()::LocalVariable::_market_1][@local::contracts/RCOrderbook.sol::RCOrderbook.cleanWastePile()::LocalVariable::_card_1')
 reader witnesses  -> 4
 storage exposures -> 1
[MV-SI candidate 4f10338a1f44838d684d] {cleaningLoops, user}
 writer root       -> contracts/RCOrderbook.sol::RCOrderbook.addBidToOrderbook(address,uint256,uint256,uint256,address)
 writer effect     -> contracts/RCOrderbook.sol:240
 written member    -> ('SV', 'contracts/RCOrderbook.sol', 'RCOrderbook.user')
 potentially stale -> ('SV', 'contracts/RCOrderbook.sol', 'RCOrderbook.cleaningLoops')
 reader witnesses  -> 2
 storage exposures -> 1
[MV-SI candidate 4f1cebac4fca2f03e6b4] {index[$arg4][@local::contracts/RCOrderbook.sol::RCOrderbook.addBidToOrderbook(address,uint256,uint256,uint256,address)::LocalVariable::_market_1][$arg1], user}
 writer root       -> contracts/RCOrderbook.sol::RCOrderbook.addBidToOrderbook(address,uint256,uint256,uint256,address)
 writer effect     -> contracts/RCOrderbook.sol:240
 written member    -> ('SV', 'contracts/RCOrderbook.sol', 'RCOrderbook.user')
 potentially stale -> ('MS', 'contracts/RCOrderbook.sol', 'RCOrderbook.index', '$arg4][@local::contracts/RCOrderbook.sol::RCOrderbook.addBidToOrderbook(address,uint256,uint256,uint256,address)::LocalVariable::_market_1][$arg1')
 reader witnesses  -> 6
 storage exposures -> 1
[MV-SI candidate 4f70afae36ef95296cd0] {accountingComplete, maxRentIterationsToLockMarket}
 writer root       -> contracts/RCMarket.sol::RCMarket.newRental(uint256,uint256,address,uint256)
 writer effect     -> contracts/RCMarket.sol:475
 written member    -> ('SV', 'contracts/RCMarket.sol', 'RCMarket.accountingComplete')
 potentially stale -> ('SV', 'contracts/RCMarket.sol', 'RCMarket.maxRentIterationsToLockMarket')
 reader witnesses  -> 5
 storage exposures -> 1
[MV-SI candidate 4f9f61ab71207136203f] {maxDeletions, user}
 writer root       -> contracts/RCOrderbook.sol::RCOrderbook.cleanWastePile()
 writer effect     -> contracts/RCOrderbook.sol:776
 written member    -> ('SV', 'contracts/RCOrderbook.sol', 'RCOrderbook.user')
 potentially stale -> ('SV', 'contracts/RCOrderbook.sol', 'RCOrderbook.maxDeletions')
 reader witnesses  -> 10
 storage exposures -> 1
[MV-SI candidate 4fd779c7d47cd8a698d7] {card, marketLockingTime}
 writer root       -> contracts/RCMarket.sol::RCMarket.setAmicableResolution(uint256)
 writer effect     -> contracts/RCMarket.sol:1087
 written member    -> ('SV', 'contracts/RCMarket.sol', 'RCMarket.card')
 potentially stale -> ('SV', 'contracts/RCMarket.sol', 'RCMarket.marketLockingTime')
 reader witnesses  -> 30
 storage exposures -> 1
[MV-SI candidate 50a016fe6041e5fbdc97] {marketBalance, totalDeposits, totalMarketPots}
 writer root       -> contracts/RCTreasury.sol::RCTreasury.sponsor(address,uint256)
 writer effect     -> contracts/RCTreasury.sol:563
 written member    -> ('SV', 'contracts/RCTreasury.sol', 'RCTreasury.totalMarketPots')
 potentially stale -> ('SV', 'contracts/RCTreasury.sol', 'RCTreasury.marketBalance'), ('SV', 'contracts/RCTreasury.sol', 'RCTreasury.totalDeposits')
 reader witnesses  -> 23
 storage exposures -> 1
[MV-SI candidate 50cd9ec7961b007b72bc] {card, minimumPriceIncreasePercent}
 writer root       -> contracts/RCMarket.sol::RCMarket.updateTimeHeldLimit(uint256,uint256)
 writer effect     -> contracts/RCMarket.sol:1081
 written member    -> ('SV', 'contracts/RCMarket.sol', 'RCMarket.card')
 potentially stale -> ('SV', 'contracts/RCMarket.sol', 'RCMarket.minimumPriceIncreasePercent')
 reader witnesses  -> 2
 storage exposures -> 1
[MV-SI candidate 50eb149dbd7b89cec1b3] {leaderboard, leaderboardIndex[@local::contracts/RCLeaderboard.sol::RCLeaderboard.updateLeaderboard(address,uint256,uint256)::LocalVariable::_market_1][@local::contracts/RCLeaderboard.sol::RCLeaderboard.updateLeaderboard(address,uint256,uint256)::LocalVariable::_market_1][$arg1], leaderboardIndex[@local::contracts/RCLeaderboard.sol::RCLeaderboard.updateLeaderboard(address,uint256,uint256)::LocalVariable::lastUserOnLeaderboard_1][@local::contracts/RCLeaderboard.sol::RCLeaderboard.updateLeaderboard(address,uint256,uint256)::LocalVariable::_market_1][$arg1]}
 writer root       -> contracts/RCLeaderboard.sol::RCLeaderboard.updateLeaderboard(address,uint256,uint256)
 writer effect     -> contracts/RCLeaderboard.sol:230
 written member    -> ('SV', 'contracts/RCLeaderboard.sol', 'RCLeaderboard.leaderboard')
 potentially stale -> ('MS', 'contracts/RCLeaderboard.sol', 'RCLeaderboard.leaderboardIndex', '@local::contracts/RCLeaderboard.sol::RCLeaderboard.updateLeaderboard(address,uint256,uint256)::LocalVariable::_market_1][@local::contracts/RCLeaderboard.sol::RCLeaderboard.updateLeaderboard(address,uint256,uint256)::LocalVariable::_market_1][$arg1'), ('MS', 'contracts/RCLeaderboard.sol', 'RCLeaderboard.leaderboardIndex', '@local::contracts/RCLeaderboard.sol::RCLeaderboard.updateLeaderboard(address,uint256,uint256)::LocalVariable::lastUserOnLeaderboard_1][@local::contracts/RCLeaderboard.sol::RCLeaderboard.updateLeaderboard(address,uint256,uint256)::LocalVariable::_market_1][$arg1')
 reader witnesses  -> 6
 storage exposures -> 1
[MV-SI candidate 512f8b501d6b978f32ec] {accountingComplete, cardAccountingIndex, numberOfCards}
 writer root       -> contracts/RCMarket.sol::RCMarket.rentAllCards(uint256)
 writer effect     -> contracts/RCMarket.sol:475
 written member    -> ('SV', 'contracts/RCMarket.sol', 'RCMarket.accountingComplete')
 potentially stale -> ('SV', 'contracts/RCMarket.sol', 'RCMarket.cardAccountingIndex'), ('SV', 'contracts/RCMarket.sol', 'RCMarket.numberOfCards')
 reader witnesses  -> 46
 storage exposures -> 1
[MV-SI candidate 516c3e2344a0d09c22bc] {index[@local::contracts/RCOrderbook.sol::RCOrderbook.closeMarket()::LocalVariable::_market_1][@local::contracts/RCOrderbook.sol::RCOrderbook.closeMarket()::LocalVariable::_market_1][@local::contracts/RCOrderbook.sol::RCOrderbook.closeMarket()::LocalVariable::i_2], user}
 writer root       -> contracts/RCOrderbook.sol::RCOrderbook.removeBidFromOrderbook(address,uint256)
 writer effect     -> contracts/RCOrderbook.sol:532
 written member    -> ('SV', 'contracts/RCOrderbook.sol', 'RCOrderbook.user')
 potentially stale -> ('MS', 'contracts/RCOrderbook.sol', 'RCOrderbook.index', '@local::contracts/RCOrderbook.sol::RCOrderbook.closeMarket()::LocalVariable::_market_1][@local::contracts/RCOrderbook.sol::RCOrderbook.closeMarket()::LocalVariable::_market_1][@local::contracts/RCOrderbook.sol::RCOrderbook.closeMarket()::LocalVariable::i_2')
 reader witnesses  -> 1
 storage exposures -> 1
[MV-SI candidate 51a602cf555da063327f] {cleaningLoops, user}
 writer root       -> contracts/RCOrderbook.sol::RCOrderbook.addBidToOrderbook(address,uint256,uint256,uint256,address)
 writer effect     -> contracts/RCOrderbook.sol:430
 written member    -> ('SV', 'contracts/RCOrderbook.sol', 'RCOrderbook.user')
 potentially stale -> ('SV', 'contracts/RCOrderbook.sol', 'RCOrderbook.cleaningLoops')
 reader witnesses  -> 2
 storage exposures -> 1
[MV-SI candidate 51f02379b366d8cd4ee7] {index[@local::contracts/RCOrderbook.sol::RCOrderbook.closeMarket()::LocalVariable::_market_1][@local::contracts/RCOrderbook.sol::RCOrderbook.closeMarket()::LocalVariable::_market_1][@local::contracts/RCOrderbook.sol::RCOrderbook.closeMarket()::LocalVariable::i_2], user}
 writer root       -> contracts/RCOrderbook.sol::RCOrderbook.removeOldBids(address)
 writer effect     -> contracts/RCOrderbook.sol:830
 written member    -> ('SV', 'contracts/RCOrderbook.sol', 'RCOrderbook.user')
 potentially stale -> ('MS', 'contracts/RCOrderbook.sol', 'RCOrderbook.index', '@local::contracts/RCOrderbook.sol::RCOrderbook.closeMarket()::LocalVariable::_market_1][@local::contracts/RCOrderbook.sol::RCOrderbook.closeMarket()::LocalVariable::_market_1][@local::contracts/RCOrderbook.sol::RCOrderbook.closeMarket()::LocalVariable::i_2')
 reader witnesses  -> 1
 storage exposures -> 1
[MV-SI candidate 51fc5019a1414db37f74] {marketCloseLimit, user}
 writer root       -> contracts/RCOrderbook.sol::RCOrderbook.closeMarket()
 writer effect     -> contracts/RCOrderbook.sol:830
 written member    -> ('SV', 'contracts/RCOrderbook.sol', 'RCOrderbook.user')
 potentially stale -> ('SV', 'contracts/RCOrderbook.sol', 'RCOrderbook.marketCloseLimit')
 reader witnesses  -> 4
 storage exposures -> 1
[MV-SI candidate 5234420cb5036e2319f1] {index[@local::contracts/RCOrderbook.sol::RCOrderbook.cleanWastePile()::LocalVariable::_user_1][@local::contracts/RCOrderbook.sol::RCOrderbook.cleanWastePile()::LocalVariable::_market_1][@local::contracts/RCOrderbook.sol::RCOrderbook.cleanWastePile()::LocalVariable::_card_1], user}
 writer root       -> contracts/RCOrderbook.sol::RCOrderbook.removeUserFromOrderbook(address)
 writer effect     -> contracts/RCOrderbook.sol:517
 written member    -> ('SV', 'contracts/RCOrderbook.sol', 'RCOrderbook.user')
 potentially stale -> ('MS', 'contracts/RCOrderbook.sol', 'RCOrderbook.index', '@local::contracts/RCOrderbook.sol::RCOrderbook.cleanWastePile()::LocalVariable::_user_1][@local::contracts/RCOrderbook.sol::RCOrderbook.cleanWastePile()::LocalVariable::_market_1][@local::contracts/RCOrderbook.sol::RCOrderbook.cleanWastePile()::LocalVariable::_card_1')
 reader witnesses  -> 4
 storage exposures -> 1
[MV-SI candidate 527be6e65dc20c81d97a] {card, minimumPriceIncreasePercent}
 writer root       -> contracts/RCMarket.sol::RCMarket.exit(uint256)
 writer effect     -> contracts/RCMarket.sol:1073
 written member    -> ('SV', 'contracts/RCMarket.sol', 'RCMarket.card')
 potentially stale -> ('SV', 'contracts/RCMarket.sol', 'RCMarket.minimumPriceIncreasePercent')
 reader witnesses  -> 2
 storage exposures -> 1
[MV-SI candidate 52c4ae3af8939a219028] {card, winnerCut, winningOutcome}
 writer root       -> contracts/RCMarket.sol::RCMarket.setAmicableResolution(uint256)
 writer effect     -> contracts/RCMarket.sol:1074
 written member    -> ('SV', 'contracts/RCMarket.sol', 'RCMarket.card')
 potentially stale -> ('SV', 'contracts/RCMarket.sol', 'RCMarket.winnerCut'), ('SV', 'contracts/RCMarket.sol', 'RCMarket.winningOutcome')
 reader witnesses  -> 9
 storage exposures -> 1
[MV-SI candidate 52cf10c474f8537419d5] {card, cardAffiliateCut}
 writer root       -> contracts/RCMarket.sol::RCMarket.newRental(uint256,uint256,address,uint256)
 writer effect     -> contracts/RCMarket.sol:1068
 written member    -> ('SV', 'contracts/RCMarket.sol', 'RCMarket.card')
 potentially stale -> ('SV', 'contracts/RCMarket.sol', 'RCMarket.cardAffiliateCut')
 reader witnesses  -> 6
 storage exposures -> 1
[MV-SI candidate 531623d137e7e40a886b] {card, minimumPriceIncreasePercent}
 writer root       -> contracts/RCMarket.sol::RCMarket.sponsor(uint256)
 writer effect     -> contracts/RCMarket.sol:916
 written member    -> ('SV', 'contracts/RCMarket.sol', 'RCMarket.card')
 potentially stale -> ('SV', 'contracts/RCMarket.sol', 'RCMarket.minimumPriceIncreasePercent')
 reader witnesses  -> 2
 storage exposures -> 1
[MV-SI candidate 5364f1eba3125d39d881] {index[$arg4][@local::contracts/RCOrderbook.sol::RCOrderbook.addBidToOrderbook(address,uint256,uint256,uint256,address)::LocalVariable::_market_1][$arg1], user}
 writer root       -> contracts/RCOrderbook.sol::RCOrderbook.closeMarket()
 writer effect     -> contracts/RCOrderbook.sol:666
 written member    -> ('SV', 'contracts/RCOrderbook.sol', 'RCOrderbook.user')
 potentially stale -> ('MS', 'contracts/RCOrderbook.sol', 'RCOrderbook.index', '$arg4][@local::contracts/RCOrderbook.sol::RCOrderbook.addBidToOrderbook(address,uint256,uint256,uint256,address)::LocalVariable::_market_1][$arg1')
 reader witnesses  -> 6
 storage exposures -> 1
[MV-SI candidate 53cfa630ce89135d5d99] {marketBalance, totalDeposits, totalMarketPots}
 writer root       -> contracts/RCTreasury.sol::RCTreasury.deposit(uint256,address)
 writer effect     -> contracts/RCTreasury.sol:391
 written member    -> ('SV', 'contracts/RCTreasury.sol', 'RCTreasury.totalDeposits')
 potentially stale -> ('SV', 'contracts/RCTreasury.sol', 'RCTreasury.marketBalance'), ('SV', 'contracts/RCTreasury.sol', 'RCTreasury.totalMarketPots')
 reader witnesses  -> 19
 storage exposures -> 1
[MV-SI candidate 53ddc2c687f53dca5525] {marketCloseLimit, user}
 writer root       -> contracts/RCOrderbook.sol::RCOrderbook.closeMarket()
 writer effect     -> contracts/RCOrderbook.sol:669
 written member    -> ('SV', 'contracts/RCOrderbook.sol', 'RCOrderbook.user')
 potentially stale -> ('SV', 'contracts/RCOrderbook.sol', 'RCOrderbook.marketCloseLimit')
 reader witnesses  -> 4
 storage exposures -> 1
[MV-SI candidate 53f542e620213f6fec79] {maxDeletions, user}
 writer root       -> contracts/RCOrderbook.sol::RCOrderbook.addBidToOrderbook(address,uint256,uint256,uint256,address)
 writer effect     -> contracts/RCOrderbook.sol:361
 written member    -> ('SV', 'contracts/RCOrderbook.sol', 'RCOrderbook.user')
 potentially stale -> ('SV', 'contracts/RCOrderbook.sol', 'RCOrderbook.maxDeletions')
 reader witnesses  -> 10
 storage exposures -> 1
[MV-SI candidate 54d44c0cef166572ae90] {card, cardAffiliateCut}
 writer root       -> contracts/RCMarket.sol::RCMarket.updateTimeHeldLimit(uint256,uint256)
 writer effect     -> contracts/RCMarket.sol:1087
 written member    -> ('SV', 'contracts/RCMarket.sol', 'RCMarket.card')
 potentially stale -> ('SV', 'contracts/RCMarket.sol', 'RCMarket.cardAffiliateCut')
 reader witnesses  -> 3
 storage exposures -> 1
[MV-SI candidate 55d55d32945d464afdb8] {card, cardAffiliateCut}
 writer root       -> contracts/RCMarket.sol::RCMarket.setAmicableResolution(uint256)
 writer effect     -> contracts/RCMarket.sol:1074
 written member    -> ('SV', 'contracts/RCMarket.sol', 'RCMarket.card')
 potentially stale -> ('SV', 'contracts/RCMarket.sol', 'RCMarket.cardAffiliateCut')
 reader witnesses  -> 3
 storage exposures -> 1
[MV-SI candidate 56549f5754562c563e01] {_roles[$arg1], user}
 writer root       -> contracts/RCTreasury.sol::RCTreasury.payout(address,uint256)
 writer effect     -> contracts/RCTreasury.sol:524
 written member    -> ('SV', 'contracts/RCTreasury.sol', 'RCTreasury.user')
 potentially stale -> ('MS', '@openzeppelin/contracts/access/AccessControl.sol', 'AccessControl._roles', '$arg1')
 reader witnesses  -> 9
 storage exposures -> 1
[MV-SI candidate 566c860200cc5ece599e] {marketCloseLimit, user}
 writer root       -> contracts/RCOrderbook.sol::RCOrderbook.reduceTimeHeldLimit(address,uint256,uint256)
 writer effect     -> contracts/RCOrderbook.sol:910
 written member    -> ('SV', 'contracts/RCOrderbook.sol', 'RCOrderbook.user')
 potentially stale -> ('SV', 'contracts/RCOrderbook.sol', 'RCOrderbook.marketCloseLimit')
 reader witnesses  -> 4
 storage exposures -> 1
[MV-SI candidate 567f8e7b93a1a3e1c483] {minRentalDayDivisor, user}
 writer root       -> contracts/RCTreasury.sol::RCTreasury.withdrawDeposit(uint256,bool)
 writer effect     -> contracts/RCTreasury.sol:839
 written member    -> ('SV', 'contracts/RCTreasury.sol', 'RCTreasury.user')
 potentially stale -> ('SV', 'contracts/RCTreasury.sol', 'RCTreasury.minRentalDayDivisor')
 reader witnesses  -> 18
 storage exposures -> 1
[MV-SI candidate 569f3345d1291e2c7ade] {index[@local::contracts/RCOrderbook.sol::RCOrderbook.cleanWastePile()::LocalVariable::_user_1][@local::contracts/RCOrderbook.sol::RCOrderbook.cleanWastePile()::LocalVariable::_market_1][@local::contracts/RCOrderbook.sol::RCOrderbook.cleanWastePile()::LocalVariable::_card_1], user}
 writer root       -> contracts/RCOrderbook.sol::RCOrderbook.removeBidFromOrderbook(address,uint256)
 writer effect     -> contracts/RCOrderbook.sol:830
 written member    -> ('SV', 'contracts/RCOrderbook.sol', 'RCOrderbook.user')
 potentially stale -> ('MS', 'contracts/RCOrderbook.sol', 'RCOrderbook.index', '@local::contracts/RCOrderbook.sol::RCOrderbook.cleanWastePile()::LocalVariable::_user_1][@local::contracts/RCOrderbook.sol::RCOrderbook.cleanWastePile()::LocalVariable::_market_1][@local::contracts/RCOrderbook.sol::RCOrderbook.cleanWastePile()::LocalVariable::_card_1')
 reader witnesses  -> 4
 storage exposures -> 1
[MV-SI candidate 56d61ac6b4189770e009] {maxDeletions, user}
 writer root       -> contracts/RCOrderbook.sol::RCOrderbook.addBidToOrderbook(address,uint256,uint256,uint256,address)
 writer effect     -> contracts/RCOrderbook.sol:365
 written member    -> ('SV', 'contracts/RCOrderbook.sol', 'RCOrderbook.user')
 potentially stale -> ('SV', 'contracts/RCOrderbook.sol', 'RCOrderbook.maxDeletions')
 reader witnesses  -> 10
 storage exposures -> 1
[MV-SI candidate 56e8d2651a99c4880ba7] {closedMarkets[@local::contracts/RCOrderbook.sol::RCOrderbook.removeOldBids(address)::ReferenceVariable::REF_1159], index[$arg0][@local::contracts/RCOrderbook.sol::RCOrderbook.removeOldBids(address)::LocalVariable::_market_2][@local::contracts/RCOrderbook.sol::RCOrderbook.removeOldBids(address)::LocalVariable::i_2], market, user, userClosedMarketIndex[$arg0]}
 writer root       -> contracts/RCOrderbook.sol::RCOrderbook.closeMarket()
 writer effect     -> contracts/RCOrderbook.sol:673
 written member    -> ('SV', 'contracts/RCOrderbook.sol', 'RCOrderbook.user')
 potentially stale -> ('MS', 'contracts/RCOrderbook.sol', 'RCOrderbook.closedMarkets', '@local::contracts/RCOrderbook.sol::RCOrderbook.removeOldBids(address)::ReferenceVariable::REF_1159'), ('MS', 'contracts/RCOrderbook.sol', 'RCOrderbook.index', '$arg0][@local::contracts/RCOrderbook.sol::RCOrderbook.removeOldBids(address)::LocalVariable::_market_2][@local::contracts/RCOrderbook.sol::RCOrderbook.removeOldBids(address)::LocalVariable::i_2'), ('MS', 'contracts/RCOrderbook.sol', 'RCOrderbook.userClosedMarketIndex', '$arg0'), ('SV', 'contracts/RCOrderbook.sol', 'RCOrderbook.market')
 reader witnesses  -> 14
 storage exposures -> 1
[MV-SI candidate 57ada61f79d279a4c78e] {maxDeletions, user}
 writer root       -> contracts/RCOrderbook.sol::RCOrderbook.removeUserFromOrderbook(address)
 writer effect     -> contracts/RCOrderbook.sol:536
 written member    -> ('SV', 'contracts/RCOrderbook.sol', 'RCOrderbook.user')
 potentially stale -> ('SV', 'contracts/RCOrderbook.sol', 'RCOrderbook.maxDeletions')
 reader witnesses  -> 10
 storage exposures -> 1
[MV-SI candidate 57b6ec57c2fd5cc1c681] {closedMarkets[@local::contracts/RCOrderbook.sol::RCOrderbook.removeOldBids(address)::ReferenceVariable::REF_1159], index[$arg0][@local::contracts/RCOrderbook.sol::RCOrderbook.removeOldBids(address)::LocalVariable::_market_2][@local::contracts/RCOrderbook.sol::RCOrderbook.removeOldBids(address)::LocalVariable::i_2], market, user, userClosedMarketIndex[$arg0]}
 writer root       -> contracts/RCOrderbook.sol::RCOrderbook.findNewOwner(uint256,uint256)
 writer effect     -> contracts/RCOrderbook.sol:517
 written member    -> ('SV', 'contracts/RCOrderbook.sol', 'RCOrderbook.user')
 potentially stale -> ('MS', 'contracts/RCOrderbook.sol', 'RCOrderbook.closedMarkets', '@local::contracts/RCOrderbook.sol::RCOrderbook.removeOldBids(address)::ReferenceVariable::REF_1159'), ('MS', 'contracts/RCOrderbook.sol', 'RCOrderbook.index', '$arg0][@local::contracts/RCOrderbook.sol::RCOrderbook.removeOldBids(address)::LocalVariable::_market_2][@local::contracts/RCOrderbook.sol::RCOrderbook.removeOldBids(address)::LocalVariable::i_2'), ('MS', 'contracts/RCOrderbook.sol', 'RCOrderbook.userClosedMarketIndex', '$arg0'), ('SV', 'contracts/RCOrderbook.sol', 'RCOrderbook.market')
 reader witnesses  -> 14
 storage exposures -> 1
[MV-SI candidate 57f9cc8a5992ada55360] {cleaningLoops, user}
 writer root       -> contracts/RCOrderbook.sol::RCOrderbook.removeOldBids(address)
 writer effect     -> contracts/RCOrderbook.sol:745
 written member    -> ('SV', 'contracts/RCOrderbook.sol', 'RCOrderbook.user')
 potentially stale -> ('SV', 'contracts/RCOrderbook.sol', 'RCOrderbook.cleaningLoops')
 reader witnesses  -> 2
 storage exposures -> 1
[MV-SI candidate 5803a24ad92e4866be85] {closedMarkets[@local::contracts/RCOrderbook.sol::RCOrderbook.removeOldBids(address)::ReferenceVariable::REF_1159], index[$arg0][@local::contracts/RCOrderbook.sol::RCOrderbook.removeOldBids(address)::LocalVariable::_market_2][@local::contracts/RCOrderbook.sol::RCOrderbook.removeOldBids(address)::LocalVariable::i_2], market, user, userClosedMarketIndex[$arg0]}
 writer root       -> contracts/RCOrderbook.sol::RCOrderbook.addBidToOrderbook(address,uint256,uint256,uint256,address)
 writer effect     -> contracts/RCOrderbook.sol:830
 written member    -> ('SV', 'contracts/RCOrderbook.sol', 'RCOrderbook.user')
 potentially stale -> ('MS', 'contracts/RCOrderbook.sol', 'RCOrderbook.closedMarkets', '@local::contracts/RCOrderbook.sol::RCOrderbook.removeOldBids(address)::ReferenceVariable::REF_1159'), ('MS', 'contracts/RCOrderbook.sol', 'RCOrderbook.index', '$arg0][@local::contracts/RCOrderbook.sol::RCOrderbook.removeOldBids(address)::LocalVariable::_market_2][@local::contracts/RCOrderbook.sol::RCOrderbook.removeOldBids(address)::LocalVariable::i_2'), ('MS', 'contracts/RCOrderbook.sol', 'RCOrderbook.userClosedMarketIndex', '$arg0'), ('SV', 'contracts/RCOrderbook.sol', 'RCOrderbook.market')
 reader witnesses  -> 42
 storage exposures -> 1
[MV-SI candidate 583868d15402510932a8] {index[@local::contracts/RCOrderbook.sol::RCOrderbook.cleanWastePile()::LocalVariable::_user_1][@local::contracts/RCOrderbook.sol::RCOrderbook.cleanWastePile()::LocalVariable::_market_1][@local::contracts/RCOrderbook.sol::RCOrderbook.cleanWastePile()::LocalVariable::_card_1], user}
 writer root       -> contracts/RCOrderbook.sol::RCOrderbook.findNewOwner(uint256,uint256)
 writer effect     -> contracts/RCOrderbook.sol:527
 written member    -> ('SV', 'contracts/RCOrderbook.sol', 'RCOrderbook.user')
 potentially stale -> ('MS', 'contracts/RCOrderbook.sol', 'RCOrderbook.index', '@local::contracts/RCOrderbook.sol::RCOrderbook.cleanWastePile()::LocalVariable::_user_1][@local::contracts/RCOrderbook.sol::RCOrderbook.cleanWastePile()::LocalVariable::_market_1][@local::contracts/RCOrderbook.sol::RCOrderbook.cleanWastePile()::LocalVariable::_card_1')
 reader witnesses  -> 4
 storage exposures -> 1
[MV-SI candidate 589e9ad4c712d171f5b4] {maxDeletions, user}
 writer root       -> contracts/RCOrderbook.sol::RCOrderbook.addBidToOrderbook(address,uint256,uint256,uint256,address)
 writer effect     -> contracts/RCOrderbook.sol:404
 written member    -> ('SV', 'contracts/RCOrderbook.sol', 'RCOrderbook.user')
 potentially stale -> ('SV', 'contracts/RCOrderbook.sol', 'RCOrderbook.maxDeletions')
 reader witnesses  -> 10
 storage exposures -> 1
[MV-SI candidate 58bdb79832f4234874a4] {card, winningOutcome}
 writer root       -> contracts/RCMarket.sol::RCMarket.exit(uint256)
 writer effect     -> contracts/RCMarket.sol:1087
 written member    -> ('SV', 'contracts/RCMarket.sol', 'RCMarket.card')
 potentially stale -> ('SV', 'contracts/RCMarket.sol', 'RCMarket.winningOutcome')
 reader witnesses  -> 14
 storage exposures -> 1
[MV-SI candidate 590ba95f0f771154c2e4] {affiliateCut, artistCut, cardAffiliateCut, card[@local::contracts/RCMarket.sol::RCMarket._payoutWinnings()::TemporaryVariable::TMP_1488], creatorCut, rentCollectedPerUserPerCard[@local::contracts/RCMarket.sol::RCMarket._payoutWinnings()::TemporaryVariable::TMP_1483][@state::contracts/RCMarket.sol::RCMarket.winningOutcome], totalRentCollected, winnerCut, winningOutcome}
 writer root       -> contracts/RCMarket.sol::RCMarket.sponsor(address,uint256)
 writer effect     -> contracts/RCMarket.sol:909
 written member    -> ('SV', 'contracts/RCMarket.sol', 'RCMarket.totalRentCollected')
 potentially stale -> ('MS', 'contracts/RCMarket.sol', 'RCMarket.card', '@local::contracts/RCMarket.sol::RCMarket._payoutWinnings()::TemporaryVariable::TMP_1488'), ('MS', 'contracts/RCMarket.sol', 'RCMarket.rentCollectedPerUserPerCard', '@local::contracts/RCMarket.sol::RCMarket._payoutWinnings()::TemporaryVariable::TMP_1483][@state::contracts/RCMarket.sol::RCMarket.winningOutcome'), ('SV', 'contracts/RCMarket.sol', 'RCMarket.affiliateCut'), ('SV', 'contracts/RCMarket.sol', 'RCMarket.artistCut'), ('SV', 'contracts/RCMarket.sol', 'RCMarket.cardAffiliateCut'), ('SV', 'contracts/RCMarket.sol', 'RCMarket.creatorCut'), ('SV', 'contracts/RCMarket.sol', 'RCMarket.winnerCut'), ('SV', 'contracts/RCMarket.sol', 'RCMarket.winningOutcome')
 reader witnesses  -> 11
 storage exposures -> 1
[MV-SI candidate 591647dfb0657bd40727] {marketCloseLimit, user}
 writer root       -> contracts/RCOrderbook.sol::RCOrderbook.addBidToOrderbook(address,uint256,uint256,uint256,address)
 writer effect     -> contracts/RCOrderbook.sol:431
 written member    -> ('SV', 'contracts/RCOrderbook.sol', 'RCOrderbook.user')
 potentially stale -> ('SV', 'contracts/RCOrderbook.sol', 'RCOrderbook.marketCloseLimit')
 reader witnesses  -> 4
 storage exposures -> 1
[MV-SI candidate 59332761b47fb62185f2] {cardAccountingIndex, numberOfCards}
 writer root       -> contracts/RCMarket.sol::RCMarket.initialize(IRCMarket.Mode,uint32[],uint256,address,address,address[],address,string,uint256)
 writer effect     -> contracts/RCMarket.sol:231
 written member    -> ('SV', 'contracts/RCMarket.sol', 'RCMarket.numberOfCards')
 potentially stale -> ('SV', 'contracts/RCMarket.sol', 'RCMarket.cardAccountingIndex')
 reader witnesses  -> 15
 storage exposures -> 1
[MV-SI candidate 5969bbcd5fc2ca35c598] {_roles[$arg1], user}
 writer root       -> contracts/RCTreasury.sol::RCTreasury.addMarket(address,bool)
 writer effect     -> @openzeppelin/contracts/access/AccessControl.sol:199
 written member    -> ('MS', '@openzeppelin/contracts/access/AccessControl.sol', 'AccessControl._roles', '$arg1')
 potentially stale -> ('SV', 'contracts/RCTreasury.sol', 'RCTreasury.user')
 reader witnesses  -> 46
 storage exposures -> 1
[MV-SI candidate 59a433613fb5f5aeb858] {index[@local::contracts/RCOrderbook.sol::RCOrderbook.cleanWastePile()::LocalVariable::_user_1][@local::contracts/RCOrderbook.sol::RCOrderbook.cleanWastePile()::LocalVariable::_market_1][@local::contracts/RCOrderbook.sol::RCOrderbook.cleanWastePile()::LocalVariable::_card_1], user}
 writer root       -> contracts/RCOrderbook.sol::RCOrderbook.addBidToOrderbook(address,uint256,uint256,uint256,address)
 writer effect     -> contracts/RCOrderbook.sol:793
 written member    -> ('SV', 'contracts/RCOrderbook.sol', 'RCOrderbook.user')
 potentially stale -> ('MS', 'contracts/RCOrderbook.sol', 'RCOrderbook.index', '@local::contracts/RCOrderbook.sol::RCOrderbook.cleanWastePile()::LocalVariable::_user_1][@local::contracts/RCOrderbook.sol::RCOrderbook.cleanWastePile()::LocalVariable::_market_1][@local::contracts/RCOrderbook.sol::RCOrderbook.cleanWastePile()::LocalVariable::_card_1')
 reader witnesses  -> 4
 storage exposures -> 1
[MV-SI candidate 59abd48a5001bbe126ad] {card, winnerCut, winningOutcome}
 writer root       -> contracts/RCMarket.sol::RCMarket.exitAll()
 writer effect     -> contracts/RCMarket.sol:1068
 written member    -> ('SV', 'contracts/RCMarket.sol', 'RCMarket.card')
 potentially stale -> ('SV', 'contracts/RCMarket.sol', 'RCMarket.winnerCut'), ('SV', 'contracts/RCMarket.sol', 'RCMarket.winningOutcome')
 reader witnesses  -> 9
 storage exposures -> 1
[MV-SI candidate 5a09776b3d25c5bff537] {cleaningLoops, user}
 writer root       -> contracts/RCOrderbook.sol::RCOrderbook.addBidToOrderbook(address,uint256,uint256,uint256,address)
 writer effect     -> contracts/RCOrderbook.sol:422
 written member    -> ('SV', 'contracts/RCOrderbook.sol', 'RCOrderbook.user')
 potentially stale -> ('SV', 'contracts/RCOrderbook.sol', 'RCOrderbook.cleaningLoops')
 reader witnesses  -> 2
 storage exposures -> 1
[MV-SI candidate 5a3065391f2cff40096a] {accountingComplete, maxRentIterationsToLockMarket}
 writer root       -> contracts/RCMarket.sol::RCMarket.initialize(IRCMarket.Mode,uint32[],uint256,address,address,address[],address,string,uint256)
 writer effect     -> contracts/RCMarket.sol:225
 written member    -> ('SV', 'contracts/RCMarket.sol', 'RCMarket.maxRentIterationsToLockMarket')
 potentially stale -> ('SV', 'contracts/RCMarket.sol', 'RCMarket.accountingComplete')
 reader witnesses  -> 10
 storage exposures -> 1
[MV-SI candidate 5a5063da19dc2d5e5c01] {closedMarkets[@local::contracts/RCOrderbook.sol::RCOrderbook.removeOldBids(address)::ReferenceVariable::REF_1159], index[$arg0][@local::contracts/RCOrderbook.sol::RCOrderbook.removeOldBids(address)::LocalVariable::_market_2][@local::contracts/RCOrderbook.sol::RCOrderbook.removeOldBids(address)::LocalVariable::i_2], market, user, userClosedMarketIndex[$arg0]}
 writer root       -> contracts/RCOrderbook.sol::RCOrderbook.setTimeHeldlimit(address,uint256,uint256)
 writer effect     -> contracts/RCOrderbook.sol:901
 written member    -> ('SV', 'contracts/RCOrderbook.sol', 'RCOrderbook.user')
 potentially stale -> ('MS', 'contracts/RCOrderbook.sol', 'RCOrderbook.closedMarkets', '@local::contracts/RCOrderbook.sol::RCOrderbook.removeOldBids(address)::ReferenceVariable::REF_1159'), ('MS', 'contracts/RCOrderbook.sol', 'RCOrderbook.index', '$arg0][@local::contracts/RCOrderbook.sol::RCOrderbook.removeOldBids(address)::LocalVariable::_market_2][@local::contracts/RCOrderbook.sol::RCOrderbook.removeOldBids(address)::LocalVariable::i_2'), ('MS', 'contracts/RCOrderbook.sol', 'RCOrderbook.userClosedMarketIndex', '$arg0'), ('SV', 'contracts/RCOrderbook.sol', 'RCOrderbook.market')
 reader witnesses  -> 14
 storage exposures -> 1
[MV-SI candidate 5a6e3c6e86a560eeded5] {card, marketLockingTime}
 writer root       -> contracts/RCMarket.sol::RCMarket.exitAll()
 writer effect     -> contracts/RCMarket.sol:1087
 written member    -> ('SV', 'contracts/RCMarket.sol', 'RCMarket.card')
 potentially stale -> ('SV', 'contracts/RCMarket.sol', 'RCMarket.marketLockingTime')
 reader witnesses  -> 30
 storage exposures -> 1
[MV-SI candidate 5b00178c84ce5f8d9eab] {index[@local::contracts/RCOrderbook.sol::RCOrderbook.cleanWastePile()::LocalVariable::_user_1][@local::contracts/RCOrderbook.sol::RCOrderbook.cleanWastePile()::LocalVariable::_market_1][@local::contracts/RCOrderbook.sol::RCOrderbook.cleanWastePile()::LocalVariable::_card_1], user}
 writer root       -> contracts/RCOrderbook.sol::RCOrderbook.closeMarket()
 writer effect     -> contracts/RCOrderbook.sol:647
 written member    -> ('SV', 'contracts/RCOrderbook.sol', 'RCOrderbook.user')
 potentially stale -> ('MS', 'contracts/RCOrderbook.sol', 'RCOrderbook.index', '@local::contracts/RCOrderbook.sol::RCOrderbook.cleanWastePile()::LocalVariable::_user_1][@local::contracts/RCOrderbook.sol::RCOrderbook.cleanWastePile()::LocalVariable::_market_1][@local::contracts/RCOrderbook.sol::RCOrderbook.cleanWastePile()::LocalVariable::_card_1')
 reader witnesses  -> 4
 storage exposures -> 1
[MV-SI candidate 5b733984f647674e2bec] {card, marketLockingTime}
 writer root       -> contracts/RCMarket.sol::RCMarket.newRental(uint256,uint256,address,uint256)
 writer effect     -> contracts/RCMarket.sol:1068
 written member    -> ('SV', 'contracts/RCMarket.sol', 'RCMarket.card')
 potentially stale -> ('SV', 'contracts/RCMarket.sol', 'RCMarket.marketLockingTime')
 reader witnesses  -> 60
 storage exposures -> 1
[MV-SI candidate 5b9fb683e7ebd95b0c0b] {cleaningLoops, user}
 writer root       -> contracts/RCOrderbook.sol::RCOrderbook.addBidToOrderbook(address,uint256,uint256,uint256,address)
 writer effect     -> contracts/RCOrderbook.sol:365
 written member    -> ('SV', 'contracts/RCOrderbook.sol', 'RCOrderbook.user')
 potentially stale -> ('SV', 'contracts/RCOrderbook.sol', 'RCOrderbook.cleaningLoops')
 reader witnesses  -> 2
 storage exposures -> 1
[MV-SI candidate 5ba5b1f91a80f4144837] {card, winningOutcome}
 writer root       -> contracts/RCMarket.sol::RCMarket.rentAllCards(uint256)
 writer effect     -> contracts/RCMarket.sol:1049
 written member    -> ('SV', 'contracts/RCMarket.sol', 'RCMarket.card')
 potentially stale -> ('SV', 'contracts/RCMarket.sol', 'RCMarket.winningOutcome')
 reader witnesses  -> 28
 storage exposures -> 1
[MV-SI candidate 5bca9ca9e2db07eb11b6] {card, cardAffiliateCut}
 writer root       -> contracts/RCMarket.sol::RCMarket.getWinnerFromOracle()
 writer effect     -> contracts/RCMarket.sol:1074
 written member    -> ('SV', 'contracts/RCMarket.sol', 'RCMarket.card')
 potentially stale -> ('SV', 'contracts/RCMarket.sol', 'RCMarket.cardAffiliateCut')
 reader witnesses  -> 3
 storage exposures -> 1
[MV-SI candidate 5c6a3ca9c14ae70a2fef] {marketCloseLimit, user}
 writer root       -> contracts/RCOrderbook.sol::RCOrderbook.removeOldBids(address)
 writer effect     -> contracts/RCOrderbook.sol:710
 written member    -> ('SV', 'contracts/RCOrderbook.sol', 'RCOrderbook.user')
 potentially stale -> ('SV', 'contracts/RCOrderbook.sol', 'RCOrderbook.marketCloseLimit')
 reader witnesses  -> 4
 storage exposures -> 1
[MV-SI candidate 5c7c79173e403cda6e19] {index[@local::contracts/RCOrderbook.sol::RCOrderbook.closeMarket()::LocalVariable::_market_1][@local::contracts/RCOrderbook.sol::RCOrderbook.closeMarket()::LocalVariable::_market_1][@local::contracts/RCOrderbook.sol::RCOrderbook.closeMarket()::LocalVariable::i_2], user}
 writer root       -> contracts/RCOrderbook.sol::RCOrderbook.cleanWastePile()
 writer effect     -> contracts/RCOrderbook.sol:777
 written member    -> ('SV', 'contracts/RCOrderbook.sol', 'RCOrderbook.user')
 potentially stale -> ('MS', 'contracts/RCOrderbook.sol', 'RCOrderbook.index', '@local::contracts/RCOrderbook.sol::RCOrderbook.closeMarket()::LocalVariable::_market_1][@local::contracts/RCOrderbook.sol::RCOrderbook.closeMarket()::LocalVariable::_market_1][@local::contracts/RCOrderbook.sol::RCOrderbook.closeMarket()::LocalVariable::i_2')
 reader witnesses  -> 1
 storage exposures -> 1
[MV-SI candidate 5d662e7cfd5ae26f7007] {affiliateCut, artistCut, cardAffiliateCut, card[@local::contracts/RCMarket.sol::RCMarket._payoutWinnings()::TemporaryVariable::TMP_1488], creatorCut, rentCollectedPerUserPerCard[@local::contracts/RCMarket.sol::RCMarket._payoutWinnings()::TemporaryVariable::TMP_1483][@state::contracts/RCMarket.sol::RCMarket.winningOutcome], totalRentCollected, winnerCut, winningOutcome}
 writer root       -> contracts/RCMarket.sol::RCMarket.initialize(IRCMarket.Mode,uint32[],uint256,address,address,address[],address,string,uint256)
 writer effect     -> contracts/RCMarket.sol:242
 written member    -> ('SV', 'contracts/RCMarket.sol', 'RCMarket.creatorCut')
 potentially stale -> ('MS', 'contracts/RCMarket.sol', 'RCMarket.card', '@local::contracts/RCMarket.sol::RCMarket._payoutWinnings()::TemporaryVariable::TMP_1488'), ('MS', 'contracts/RCMarket.sol', 'RCMarket.rentCollectedPerUserPerCard', '@local::contracts/RCMarket.sol::RCMarket._payoutWinnings()::TemporaryVariable::TMP_1483][@state::contracts/RCMarket.sol::RCMarket.winningOutcome'), ('SV', 'contracts/RCMarket.sol', 'RCMarket.affiliateCut'), ('SV', 'contracts/RCMarket.sol', 'RCMarket.artistCut'), ('SV', 'contracts/RCMarket.sol', 'RCMarket.cardAffiliateCut'), ('SV', 'contracts/RCMarket.sol', 'RCMarket.totalRentCollected'), ('SV', 'contracts/RCMarket.sol', 'RCMarket.winnerCut'), ('SV', 'contracts/RCMarket.sol', 'RCMarket.winningOutcome')
 reader witnesses  -> 25
 storage exposures -> 1
[MV-SI candidate 5d8517461108a7268ab1] {card, winningOutcome}
 writer root       -> contracts/RCMarket.sol::RCMarket.setAmicableResolution(uint256)
 writer effect     -> contracts/RCMarket.sol:1068
 written member    -> ('SV', 'contracts/RCMarket.sol', 'RCMarket.card')
 potentially stale -> ('SV', 'contracts/RCMarket.sol', 'RCMarket.winningOutcome')
 reader witnesses  -> 14
 storage exposures -> 1
[MV-SI candidate 5e0dc096864cf51ab287] {index[@local::contracts/RCOrderbook.sol::RCOrderbook.cleanWastePile()::LocalVariable::_user_1][@local::contracts/RCOrderbook.sol::RCOrderbook.cleanWastePile()::LocalVariable::_market_1][@local::contracts/RCOrderbook.sol::RCOrderbook.cleanWastePile()::LocalVariable::_card_1], user}
 writer root       -> contracts/RCOrderbook.sol::RCOrderbook.addBidToOrderbook(address,uint256,uint256,uint256,address)
 writer effect     -> contracts/RCOrderbook.sol:311
 written member    -> ('SV', 'contracts/RCOrderbook.sol', 'RCOrderbook.user')
 potentially stale -> ('MS', 'contracts/RCOrderbook.sol', 'RCOrderbook.index', '@local::contracts/RCOrderbook.sol::RCOrderbook.cleanWastePile()::LocalVariable::_user_1][@local::contracts/RCOrderbook.sol::RCOrderbook.cleanWastePile()::LocalVariable::_market_1][@local::contracts/RCOrderbook.sol::RCOrderbook.cleanWastePile()::LocalVariable::_card_1')
 reader witnesses  -> 4
 storage exposures -> 1
[MV-SI candidate 5ea8b1c1ca9eca459afd] {affiliateCut, artistCut, cardAffiliateCut, card[@local::contracts/RCMarket.sol::RCMarket._payoutWinnings()::TemporaryVariable::TMP_1488], creatorCut, rentCollectedPerUserPerCard[@local::contracts/RCMarket.sol::RCMarket._payoutWinnings()::TemporaryVariable::TMP_1483][@state::contracts/RCMarket.sol::RCMarket.winningOutcome], totalRentCollected, winnerCut, winningOutcome}
 writer root       -> contracts/RCMarket.sol::RCMarket.initialize(IRCMarket.Mode,uint32[],uint256,address,address,address[],address,string,uint256)
 writer effect     -> contracts/RCMarket.sol:257
 written member    -> ('SV', 'contracts/RCMarket.sol', 'RCMarket.affiliateCut')
 potentially stale -> ('MS', 'contracts/RCMarket.sol', 'RCMarket.card', '@local::contracts/RCMarket.sol::RCMarket._payoutWinnings()::TemporaryVariable::TMP_1488'), ('MS', 'contracts/RCMarket.sol', 'RCMarket.rentCollectedPerUserPerCard', '@local::contracts/RCMarket.sol::RCMarket._payoutWinnings()::TemporaryVariable::TMP_1483][@state::contracts/RCMarket.sol::RCMarket.winningOutcome'), ('SV', 'contracts/RCMarket.sol', 'RCMarket.artistCut'), ('SV', 'contracts/RCMarket.sol', 'RCMarket.cardAffiliateCut'), ('SV', 'contracts/RCMarket.sol', 'RCMarket.creatorCut'), ('SV', 'contracts/RCMarket.sol', 'RCMarket.totalRentCollected'), ('SV', 'contracts/RCMarket.sol', 'RCMarket.winnerCut'), ('SV', 'contracts/RCMarket.sol', 'RCMarket.winningOutcome')
 reader witnesses  -> 25
 storage exposures -> 1
[MV-SI candidate 5ee78521aac7d313566b] {marketCloseLimit, user}
 writer root       -> contracts/RCOrderbook.sol::RCOrderbook.removeUserFromOrderbook(address)
 writer effect     -> contracts/RCOrderbook.sol:516
 written member    -> ('SV', 'contracts/RCOrderbook.sol', 'RCOrderbook.user')
 potentially stale -> ('SV', 'contracts/RCOrderbook.sol', 'RCOrderbook.marketCloseLimit')
 reader witnesses  -> 4
 storage exposures -> 1
[MV-SI candidate 5f35a6fa2e327cab72d9] {card, minimumPriceIncreasePercent}
 writer root       -> contracts/RCMarket.sol::RCMarket.rentAllCards(uint256)
 writer effect     -> contracts/RCMarket.sol:1081
 written member    -> ('SV', 'contracts/RCMarket.sol', 'RCMarket.card')
 potentially stale -> ('SV', 'contracts/RCMarket.sol', 'RCMarket.minimumPriceIncreasePercent')
 reader witnesses  -> 4
 storage exposures -> 1
[MV-SI candidate 5f69ce394f3c4cd8479c] {marketCloseLimit, user}
 writer root       -> contracts/RCOrderbook.sol::RCOrderbook.removeOldBids(address)
 writer effect     -> contracts/RCOrderbook.sol:830
 written member    -> ('SV', 'contracts/RCOrderbook.sol', 'RCOrderbook.user')
 potentially stale -> ('SV', 'contracts/RCOrderbook.sol', 'RCOrderbook.marketCloseLimit')
 reader witnesses  -> 4
 storage exposures -> 1
[MV-SI candidate 5f7a8fd9653b3911dddf] {card, winningOutcome}
 writer root       -> contracts/RCMarket.sol::RCMarket.lockMarket()
 writer effect     -> contracts/RCMarket.sol:1087
 written member    -> ('SV', 'contracts/RCMarket.sol', 'RCMarket.card')
 potentially stale -> ('SV', 'contracts/RCMarket.sol', 'RCMarket.winningOutcome')
 reader witnesses  -> 14
 storage exposures -> 1
[MV-SI candidate 5f88b35fc6399781cf78] {closedMarkets[@local::contracts/RCOrderbook.sol::RCOrderbook.removeOldBids(address)::ReferenceVariable::REF_1159], market, userClosedMarketIndex[$arg0]}
 writer root       -> contracts/RCOrderbook.sol::RCOrderbook.addBidToOrderbook(address,uint256,uint256,uint256,address)
 writer effect     -> contracts/RCOrderbook.sol:200
 written member    -> ('SV', 'contracts/RCOrderbook.sol', 'RCOrderbook.market')
 potentially stale -> ('MS', 'contracts/RCOrderbook.sol', 'RCOrderbook.closedMarkets', '@local::contracts/RCOrderbook.sol::RCOrderbook.removeOldBids(address)::ReferenceVariable::REF_1159'), ('MS', 'contracts/RCOrderbook.sol', 'RCOrderbook.userClosedMarketIndex', '$arg0')
 reader witnesses  -> 3
 storage exposures -> 1
[MV-SI candidate 5fa37ddd34b2391610dd] {maxDeletions, user}
 writer root       -> contracts/RCOrderbook.sol::RCOrderbook.cleanWastePile()
 writer effect     -> contracts/RCOrderbook.sol:777
 written member    -> ('SV', 'contracts/RCOrderbook.sol', 'RCOrderbook.user')
 potentially stale -> ('SV', 'contracts/RCOrderbook.sol', 'RCOrderbook.maxDeletions')
 reader witnesses  -> 10
 storage exposures -> 1
[MV-SI candidate 5fc7f05b1fb68181f6f0] {affiliateCut, artistCut, cardAffiliateCut, card[@local::contracts/RCMarket.sol::RCMarket._payoutWinnings()::TemporaryVariable::TMP_1488], creatorCut, rentCollectedPerUserPerCard[@local::contracts/RCMarket.sol::RCMarket._payoutWinnings()::TemporaryVariable::TMP_1483][@state::contracts/RCMarket.sol::RCMarket.winningOutcome], totalRentCollected, winnerCut, winningOutcome}
 writer root       -> contracts/RCMarket.sol::RCMarket.setAmicableResolution(uint256)
 writer effect     -> contracts/RCMarket.sol:1090
 written member    -> ('SV', 'contracts/RCMarket.sol', 'RCMarket.totalRentCollected')
 potentially stale -> ('MS', 'contracts/RCMarket.sol', 'RCMarket.card', '@local::contracts/RCMarket.sol::RCMarket._payoutWinnings()::TemporaryVariable::TMP_1488'), ('MS', 'contracts/RCMarket.sol', 'RCMarket.rentCollectedPerUserPerCard', '@local::contracts/RCMarket.sol::RCMarket._payoutWinnings()::TemporaryVariable::TMP_1483][@state::contracts/RCMarket.sol::RCMarket.winningOutcome'), ('SV', 'contracts/RCMarket.sol', 'RCMarket.affiliateCut'), ('SV', 'contracts/RCMarket.sol', 'RCMarket.artistCut'), ('SV', 'contracts/RCMarket.sol', 'RCMarket.cardAffiliateCut'), ('SV', 'contracts/RCMarket.sol', 'RCMarket.creatorCut'), ('SV', 'contracts/RCMarket.sol', 'RCMarket.winnerCut'), ('SV', 'contracts/RCMarket.sol', 'RCMarket.winningOutcome')
 reader witnesses  -> 11
 storage exposures -> 1
[MV-SI candidate 5fd8c84b4fc2ab0485c2] {card, marketLockingTime}
 writer root       -> contracts/RCMarket.sol::RCMarket.exit(uint256)
 writer effect     -> contracts/RCMarket.sol:1049
 written member    -> ('SV', 'contracts/RCMarket.sol', 'RCMarket.card')
 potentially stale -> ('SV', 'contracts/RCMarket.sol', 'RCMarket.marketLockingTime')
 reader witnesses  -> 30
 storage exposures -> 1
[MV-SI candidate 6091a7a7dd2d3dbae692] {card, winnerCut, winningOutcome}
 writer root       -> contracts/RCMarket.sol::RCMarket.setAmicableResolution(uint256)
 writer effect     -> contracts/RCMarket.sol:1073
 written member    -> ('SV', 'contracts/RCMarket.sol', 'RCMarket.card')
 potentially stale -> ('SV', 'contracts/RCMarket.sol', 'RCMarket.winnerCut'), ('SV', 'contracts/RCMarket.sol', 'RCMarket.winningOutcome')
 reader witnesses  -> 9
 storage exposures -> 1
[MV-SI candidate 60df7b8600aa32763a73] {card, minimumPriceIncreasePercent}
 writer root       -> contracts/RCMarket.sol::RCMarket.newRental(uint256,uint256,address,uint256)
 writer effect     -> contracts/RCMarket.sol:1087
 written member    -> ('SV', 'contracts/RCMarket.sol', 'RCMarket.card')
 potentially stale -> ('SV', 'contracts/RCMarket.sol', 'RCMarket.minimumPriceIncreasePercent')
 reader witnesses  -> 4
 storage exposures -> 1
[MV-SI candidate 6108072c348500440181] {maxDeletions, user}
 writer root       -> contracts/RCOrderbook.sol::RCOrderbook.removeBidFromOrderbook(address,uint256)
 writer effect     -> contracts/RCOrderbook.sol:830
 written member    -> ('SV', 'contracts/RCOrderbook.sol', 'RCOrderbook.user')
 potentially stale -> ('SV', 'contracts/RCOrderbook.sol', 'RCOrderbook.maxDeletions')
 reader witnesses  -> 10
 storage exposures -> 1
[MV-SI candidate 61645f134b7ff05cbdf2] {card, winnerCut, winningOutcome}
 writer root       -> contracts/RCMarket.sol::RCMarket.initialize(IRCMarket.Mode,uint32[],uint256,address,address,address[],address,string,uint256)
 writer effect     -> contracts/RCMarket.sol:241
 written member    -> ('SV', 'contracts/RCMarket.sol', 'RCMarket.winnerCut')
 potentially stale -> ('SV', 'contracts/RCMarket.sol', 'RCMarket.card'), ('SV', 'contracts/RCMarket.sol', 'RCMarket.winningOutcome')
 reader witnesses  -> 174
 storage exposures -> 1
[MV-SI candidate 6180469731cc6794e947] {card, minimumPriceIncreasePercent}
 writer root       -> contracts/RCMarket.sol::RCMarket.updateTimeHeldLimit(uint256,uint256)
 writer effect     -> contracts/RCMarket.sol:1074
 written member    -> ('SV', 'contracts/RCMarket.sol', 'RCMarket.card')
 potentially stale -> ('SV', 'contracts/RCMarket.sol', 'RCMarket.minimumPriceIncreasePercent')
 reader witnesses  -> 2
 storage exposures -> 1
[MV-SI candidate 618e76625016fbcc7d44] {card, marketLockingTime}
 writer root       -> contracts/RCMarket.sol::RCMarket.exitAll()
 writer effect     -> contracts/RCMarket.sol:1068
 written member    -> ('SV', 'contracts/RCMarket.sol', 'RCMarket.card')
 potentially stale -> ('SV', 'contracts/RCMarket.sol', 'RCMarket.marketLockingTime')
 reader witnesses  -> 30
 storage exposures -> 1
[MV-SI candidate 61acda1c0ca11bac8a8f] {card, winningOutcome}
 writer root       -> contracts/RCMarket.sol::RCMarket.exitAll()
 writer effect     -> contracts/RCMarket.sol:1068
 written member    -> ('SV', 'contracts/RCMarket.sol', 'RCMarket.card')
 potentially stale -> ('SV', 'contracts/RCMarket.sol', 'RCMarket.winningOutcome')
 reader witnesses  -> 14
 storage exposures -> 1
[MV-SI candidate 61efa15a2f46889eb1ab] {index[$arg4][@local::contracts/RCOrderbook.sol::RCOrderbook.addBidToOrderbook(address,uint256,uint256,uint256,address)::LocalVariable::_market_1][$arg1], user}
 writer root       -> contracts/RCOrderbook.sol::RCOrderbook.cleanWastePile()
 writer effect     -> contracts/RCOrderbook.sol:802
 written member    -> ('SV', 'contracts/RCOrderbook.sol', 'RCOrderbook.user')
 potentially stale -> ('MS', 'contracts/RCOrderbook.sol', 'RCOrderbook.index', '$arg4][@local::contracts/RCOrderbook.sol::RCOrderbook.addBidToOrderbook(address,uint256,uint256,uint256,address)::LocalVariable::_market_1][$arg1')
 reader witnesses  -> 6
 storage exposures -> 1
[MV-SI candidate 61f57c98209c343ecaef] {marketCloseLimit, user}
 writer root       -> contracts/RCOrderbook.sol::RCOrderbook.removeUserFromOrderbook(address)
 writer effect     -> contracts/RCOrderbook.sol:527
 written member    -> ('SV', 'contracts/RCOrderbook.sol', 'RCOrderbook.user')
 potentially stale -> ('SV', 'contracts/RCOrderbook.sol', 'RCOrderbook.marketCloseLimit')
 reader witnesses  -> 4
 storage exposures -> 1
[MV-SI candidate 62b5abab59534eca9223] {closedMarkets[@local::contracts/RCOrderbook.sol::RCOrderbook.removeOldBids(address)::ReferenceVariable::REF_1159], index[$arg0][@local::contracts/RCOrderbook.sol::RCOrderbook.removeOldBids(address)::LocalVariable::_market_2][@local::contracts/RCOrderbook.sol::RCOrderbook.removeOldBids(address)::LocalVariable::i_2], market, user, userClosedMarketIndex[$arg0]}
 writer root       -> contracts/RCOrderbook.sol::RCOrderbook.closeMarket()
 writer effect     -> contracts/RCOrderbook.sol:667
 written member    -> ('SV', 'contracts/RCOrderbook.sol', 'RCOrderbook.user')
 potentially stale -> ('MS', 'contracts/RCOrderbook.sol', 'RCOrderbook.closedMarkets', '@local::contracts/RCOrderbook.sol::RCOrderbook.removeOldBids(address)::ReferenceVariable::REF_1159'), ('MS', 'contracts/RCOrderbook.sol', 'RCOrderbook.index', '$arg0][@local::contracts/RCOrderbook.sol::RCOrderbook.removeOldBids(address)::LocalVariable::_market_2][@local::contracts/RCOrderbook.sol::RCOrderbook.removeOldBids(address)::LocalVariable::i_2'), ('MS', 'contracts/RCOrderbook.sol', 'RCOrderbook.userClosedMarketIndex', '$arg0'), ('SV', 'contracts/RCOrderbook.sol', 'RCOrderbook.market')
 reader witnesses  -> 14
 storage exposures -> 1
[MV-SI candidate 632f57686e637c46cb0f] {closedMarkets[@local::contracts/RCOrderbook.sol::RCOrderbook.removeOldBids(address)::ReferenceVariable::REF_1159], market, userClosedMarketIndex[$arg0]}
 writer root       -> contracts/RCOrderbook.sol::RCOrderbook.removeOldBids(address)
 writer effect     -> contracts/RCOrderbook.sol:768
 written member    -> ('MS', 'contracts/RCOrderbook.sol', 'RCOrderbook.userClosedMarketIndex', '$arg0')
 potentially stale -> ('MS', 'contracts/RCOrderbook.sol', 'RCOrderbook.closedMarkets', '@local::contracts/RCOrderbook.sol::RCOrderbook.removeOldBids(address)::ReferenceVariable::REF_1159'), ('SV', 'contracts/RCOrderbook.sol', 'RCOrderbook.market')
 reader witnesses  -> 4
 storage exposures -> 1
[MV-SI candidate 63425d33db13916d117e] {closedMarkets[@local::contracts/RCOrderbook.sol::RCOrderbook.removeOldBids(address)::ReferenceVariable::REF_1159], index[$arg0][@local::contracts/RCOrderbook.sol::RCOrderbook.removeOldBids(address)::LocalVariable::_market_2][@local::contracts/RCOrderbook.sol::RCOrderbook.removeOldBids(address)::LocalVariable::i_2], market, user, userClosedMarketIndex[$arg0]}
 writer root       -> contracts/RCOrderbook.sol::RCOrderbook.closeMarket()
 writer effect     -> contracts/RCOrderbook.sol:666
 written member    -> ('SV', 'contracts/RCOrderbook.sol', 'RCOrderbook.user')
 potentially stale -> ('MS', 'contracts/RCOrderbook.sol', 'RCOrderbook.closedMarkets', '@local::contracts/RCOrderbook.sol::RCOrderbook.removeOldBids(address)::ReferenceVariable::REF_1159'), ('MS', 'contracts/RCOrderbook.sol', 'RCOrderbook.index', '$arg0][@local::contracts/RCOrderbook.sol::RCOrderbook.removeOldBids(address)::LocalVariable::_market_2][@local::contracts/RCOrderbook.sol::RCOrderbook.removeOldBids(address)::LocalVariable::i_2'), ('MS', 'contracts/RCOrderbook.sol', 'RCOrderbook.userClosedMarketIndex', '$arg0'), ('SV', 'contracts/RCOrderbook.sol', 'RCOrderbook.market')
 reader witnesses  -> 14
 storage exposures -> 1
[MV-SI candidate 63fc40477588352e5ca2] {minRentalDayDivisor, user}
 writer root       -> contracts/RCTreasury.sol::RCTreasury.updateLastRentalTime(address)
 writer effect     -> contracts/RCTreasury.sol:575
 written member    -> ('SV', 'contracts/RCTreasury.sol', 'RCTreasury.user')
 potentially stale -> ('SV', 'contracts/RCTreasury.sol', 'RCTreasury.minRentalDayDivisor')
 reader witnesses  -> 18
 storage exposures -> 1
[MV-SI candidate 64a08a5da4e371ff56e5] {_roles[$arg1], user}
 writer root       -> @openzeppelin/contracts/access/AccessControl.sol::AccessControl.renounceRole(bytes32,address)
 writer effect     -> @openzeppelin/contracts/access/AccessControl.sol:206
 written member    -> ('MS', '@openzeppelin/contracts/access/AccessControl.sol', 'AccessControl._roles', '$arg1')
 potentially stale -> ('SV', 'contracts/RCTreasury.sol', 'RCTreasury.user')
 reader witnesses  -> 46
 storage exposures -> 1
[MV-SI candidate 64b73604a683249e09d1] {card, cardAffiliateCut}
 writer root       -> contracts/RCMarket.sol::RCMarket.setAmicableResolution(uint256)
 writer effect     -> contracts/RCMarket.sol:1068
 written member    -> ('SV', 'contracts/RCMarket.sol', 'RCMarket.card')
 potentially stale -> ('SV', 'contracts/RCMarket.sol', 'RCMarket.cardAffiliateCut')
 reader witnesses  -> 3
 storage exposures -> 1
[MV-SI candidate 64ccc65fdc1416e4c4b6] {marketCloseLimit, user}
 writer root       -> contracts/RCOrderbook.sol::RCOrderbook.removeOldBids(address)
 writer effect     -> contracts/RCOrderbook.sol:739
 written member    -> ('SV', 'contracts/RCOrderbook.sol', 'RCOrderbook.user')
 potentially stale -> ('SV', 'contracts/RCOrderbook.sol', 'RCOrderbook.marketCloseLimit')
 reader witnesses  -> 4
 storage exposures -> 1
[MV-SI candidate 652d826f2f1ecde1ac5a] {index[@local::contracts/RCOrderbook.sol::RCOrderbook.closeMarket()::LocalVariable::_market_1][@local::contracts/RCOrderbook.sol::RCOrderbook.closeMarket()::LocalVariable::_market_1][@local::contracts/RCOrderbook.sol::RCOrderbook.closeMarket()::LocalVariable::i_2], user}
 writer root       -> contracts/RCOrderbook.sol::RCOrderbook.addBidToOrderbook(address,uint256,uint256,uint256,address)
 writer effect     -> contracts/RCOrderbook.sol:422
 written member    -> ('SV', 'contracts/RCOrderbook.sol', 'RCOrderbook.user')
 potentially stale -> ('MS', 'contracts/RCOrderbook.sol', 'RCOrderbook.index', '@local::contracts/RCOrderbook.sol::RCOrderbook.closeMarket()::LocalVariable::_market_1][@local::contracts/RCOrderbook.sol::RCOrderbook.closeMarket()::LocalVariable::_market_1][@local::contracts/RCOrderbook.sol::RCOrderbook.closeMarket()::LocalVariable::i_2')
 reader witnesses  -> 1
 storage exposures -> 1
[MV-SI candidate 653a816619d60fb99a72] {index[@local::contracts/RCOrderbook.sol::RCOrderbook.closeMarket()::LocalVariable::_market_1][@local::contracts/RCOrderbook.sol::RCOrderbook.closeMarket()::LocalVariable::_market_1][@local::contracts/RCOrderbook.sol::RCOrderbook.closeMarket()::LocalVariable::i_2], user}
 writer root       -> contracts/RCOrderbook.sol::RCOrderbook.addBidToOrderbook(address,uint256,uint256,uint256,address)
 writer effect     -> contracts/RCOrderbook.sol:784
 written member    -> ('SV', 'contracts/RCOrderbook.sol', 'RCOrderbook.user')
 potentially stale -> ('MS', 'contracts/RCOrderbook.sol', 'RCOrderbook.index', '@local::contracts/RCOrderbook.sol::RCOrderbook.closeMarket()::LocalVariable::_market_1][@local::contracts/RCOrderbook.sol::RCOrderbook.closeMarket()::LocalVariable::_market_1][@local::contracts/RCOrderbook.sol::RCOrderbook.closeMarket()::LocalVariable::i_2')
 reader witnesses  -> 1
 storage exposures -> 1
[MV-SI candidate 65415efe7fb5039491b8] {index[@local::contracts/RCOrderbook.sol::RCOrderbook.cleanWastePile()::LocalVariable::_user_1][@local::contracts/RCOrderbook.sol::RCOrderbook.cleanWastePile()::LocalVariable::_market_1][@local::contracts/RCOrderbook.sol::RCOrderbook.cleanWastePile()::LocalVariable::_card_1], user}
 writer root       -> contracts/RCOrderbook.sol::RCOrderbook.removeBidFromOrderbook(address,uint256)
 writer effect     -> contracts/RCOrderbook.sol:517
 written member    -> ('SV', 'contracts/RCOrderbook.sol', 'RCOrderbook.user')
 potentially stale -> ('MS', 'contracts/RCOrderbook.sol', 'RCOrderbook.index', '@local::contracts/RCOrderbook.sol::RCOrderbook.cleanWastePile()::LocalVariable::_user_1][@local::contracts/RCOrderbook.sol::RCOrderbook.cleanWastePile()::LocalVariable::_market_1][@local::contracts/RCOrderbook.sol::RCOrderbook.cleanWastePile()::LocalVariable::_card_1')
 reader witnesses  -> 4
 storage exposures -> 1
[MV-SI candidate 655803c4ff1d6b30f0a4] {card, winnerCut, winningOutcome}
 writer root       -> contracts/RCMarket.sol::RCMarket.getWinnerFromOracle()
 writer effect     -> contracts/RCMarket.sol:1081
 written member    -> ('SV', 'contracts/RCMarket.sol', 'RCMarket.card')
 potentially stale -> ('SV', 'contracts/RCMarket.sol', 'RCMarket.winnerCut'), ('SV', 'contracts/RCMarket.sol', 'RCMarket.winningOutcome')
 reader witnesses  -> 9
 storage exposures -> 1
[MV-SI candidate 655ae375ae01d1a31b57] {card, minimumPriceIncreasePercent}
 writer root       -> contracts/RCMarket.sol::RCMarket.setAmicableResolution(uint256)
 writer effect     -> contracts/RCMarket.sol:1074
 written member    -> ('SV', 'contracts/RCMarket.sol', 'RCMarket.card')
 potentially stale -> ('SV', 'contracts/RCMarket.sol', 'RCMarket.minimumPriceIncreasePercent')
 reader witnesses  -> 2
 storage exposures -> 1
[MV-SI candidate 655dabd3fee43597072c] {cleaningLoops, user}
 writer root       -> contracts/RCOrderbook.sol::RCOrderbook.findNewOwner(uint256,uint256)
 writer effect     -> contracts/RCOrderbook.sol:516
 written member    -> ('SV', 'contracts/RCOrderbook.sol', 'RCOrderbook.user')
 potentially stale -> ('SV', 'contracts/RCOrderbook.sol', 'RCOrderbook.cleaningLoops')
 reader witnesses  -> 2
 storage exposures -> 1
[MV-SI candidate 658fc92744e9a5f4718a] {cleaningLoops, user}
 writer root       -> contracts/RCOrderbook.sol::RCOrderbook.addBidToOrderbook(address,uint256,uint256,uint256,address)
 writer effect     -> contracts/RCOrderbook.sol:784
 written member    -> ('SV', 'contracts/RCOrderbook.sol', 'RCOrderbook.user')
 potentially stale -> ('SV', 'contracts/RCOrderbook.sol', 'RCOrderbook.cleaningLoops')
 reader witnesses  -> 2
 storage exposures -> 1
[MV-SI candidate 6604588d42aa5ef1b597] {closedMarkets[@local::contracts/RCOrderbook.sol::RCOrderbook.removeOldBids(address)::ReferenceVariable::REF_1159], index[$arg0][@local::contracts/RCOrderbook.sol::RCOrderbook.removeOldBids(address)::LocalVariable::_market_2][@local::contracts/RCOrderbook.sol::RCOrderbook.removeOldBids(address)::LocalVariable::i_2], market, user, userClosedMarketIndex[$arg0]}
 writer root       -> contracts/RCOrderbook.sol::RCOrderbook.removeOldBids(address)
 writer effect     -> contracts/RCOrderbook.sol:749
 written member    -> ('SV', 'contracts/RCOrderbook.sol', 'RCOrderbook.user')
 potentially stale -> ('MS', 'contracts/RCOrderbook.sol', 'RCOrderbook.closedMarkets', '@local::contracts/RCOrderbook.sol::RCOrderbook.removeOldBids(address)::ReferenceVariable::REF_1159'), ('MS', 'contracts/RCOrderbook.sol', 'RCOrderbook.index', '$arg0][@local::contracts/RCOrderbook.sol::RCOrderbook.removeOldBids(address)::LocalVariable::_market_2][@local::contracts/RCOrderbook.sol::RCOrderbook.removeOldBids(address)::LocalVariable::i_2'), ('MS', 'contracts/RCOrderbook.sol', 'RCOrderbook.userClosedMarketIndex', '$arg0'), ('SV', 'contracts/RCOrderbook.sol', 'RCOrderbook.market')
 reader witnesses  -> 14
 storage exposures -> 1
[MV-SI candidate 66721661eb6891c41fd7] {index[@local::contracts/RCOrderbook.sol::RCOrderbook.closeMarket()::LocalVariable::_market_1][@local::contracts/RCOrderbook.sol::RCOrderbook.closeMarket()::LocalVariable::_market_1][@local::contracts/RCOrderbook.sol::RCOrderbook.closeMarket()::LocalVariable::i_2], user}
 writer root       -> contracts/RCOrderbook.sol::RCOrderbook.addBidToOrderbook(address,uint256,uint256,uint256,address)
 writer effect     -> contracts/RCOrderbook.sol:406
 written member    -> ('SV', 'contracts/RCOrderbook.sol', 'RCOrderbook.user')
 potentially stale -> ('MS', 'contracts/RCOrderbook.sol', 'RCOrderbook.index', '@local::contracts/RCOrderbook.sol::RCOrderbook.closeMarket()::LocalVariable::_market_1][@local::contracts/RCOrderbook.sol::RCOrderbook.closeMarket()::LocalVariable::_market_1][@local::contracts/RCOrderbook.sol::RCOrderbook.closeMarket()::LocalVariable::i_2')
 reader witnesses  -> 1
 storage exposures -> 1
[MV-SI candidate 66996dec2da18d4b3bee] {index[@local::contracts/RCOrderbook.sol::RCOrderbook.cleanWastePile()::LocalVariable::_user_1][@local::contracts/RCOrderbook.sol::RCOrderbook.cleanWastePile()::LocalVariable::_market_1][@local::contracts/RCOrderbook.sol::RCOrderbook.cleanWastePile()::LocalVariable::_card_1], user}
 writer root       -> contracts/RCOrderbook.sol::RCOrderbook.addBidToOrderbook(address,uint256,uint256,uint256,address)
 writer effect     -> contracts/RCOrderbook.sol:362
 written member    -> ('SV', 'contracts/RCOrderbook.sol', 'RCOrderbook.user')
 potentially stale -> ('MS', 'contracts/RCOrderbook.sol', 'RCOrderbook.index', '@local::contracts/RCOrderbook.sol::RCOrderbook.cleanWastePile()::LocalVariable::_user_1][@local::contracts/RCOrderbook.sol::RCOrderbook.cleanWastePile()::LocalVariable::_market_1][@local::contracts/RCOrderbook.sol::RCOrderbook.cleanWastePile()::LocalVariable::_card_1')
 reader witnesses  -> 4
 storage exposures -> 1
[MV-SI candidate 6699eeeb2514d4ab2580] {index[@local::contracts/RCOrderbook.sol::RCOrderbook.closeMarket()::LocalVariable::_market_1][@local::contracts/RCOrderbook.sol::RCOrderbook.closeMarket()::LocalVariable::_market_1][@local::contracts/RCOrderbook.sol::RCOrderbook.closeMarket()::LocalVariable::i_2], user}
 writer root       -> contracts/RCOrderbook.sol::RCOrderbook.cleanWastePile()
 writer effect     -> contracts/RCOrderbook.sol:802
 written member    -> ('SV', 'contracts/RCOrderbook.sol', 'RCOrderbook.user')
 potentially stale -> ('MS', 'contracts/RCOrderbook.sol', 'RCOrderbook.index', '@local::contracts/RCOrderbook.sol::RCOrderbook.closeMarket()::LocalVariable::_market_1][@local::contracts/RCOrderbook.sol::RCOrderbook.closeMarket()::LocalVariable::_market_1][@local::contracts/RCOrderbook.sol::RCOrderbook.closeMarket()::LocalVariable::i_2')
 reader witnesses  -> 1
 storage exposures -> 1
[MV-SI candidate 6727d1825e2fef8fbe7d] {card, marketLockingTime}
 writer root       -> contracts/RCMarket.sol::RCMarket.exitAll()
 writer effect     -> contracts/RCMarket.sol:1081
 written member    -> ('SV', 'contracts/RCMarket.sol', 'RCMarket.card')
 potentially stale -> ('SV', 'contracts/RCMarket.sol', 'RCMarket.marketLockingTime')
 reader witnesses  -> 30
 storage exposures -> 1
[MV-SI candidate 672e1773fc5d151e8e1d] {_roles[$arg1], user}
 writer root       -> contracts/RCTreasury.sol::RCTreasury.grantRole(bytes32,address)
 writer effect     -> @openzeppelin/contracts/access/AccessControl.sol:199
 written member    -> ('MS', '@openzeppelin/contracts/access/AccessControl.sol', 'AccessControl._roles', '$arg1')
 potentially stale -> ('SV', 'contracts/RCTreasury.sol', 'RCTreasury.user')
 reader witnesses  -> 46
 storage exposures -> 1
[MV-SI candidate 6734b4b9f759e287de83] {closedMarkets[@local::contracts/RCOrderbook.sol::RCOrderbook.removeOldBids(address)::ReferenceVariable::REF_1159], index[$arg0][@local::contracts/RCOrderbook.sol::RCOrderbook.removeOldBids(address)::LocalVariable::_market_2][@local::contracts/RCOrderbook.sol::RCOrderbook.removeOldBids(address)::LocalVariable::i_2], market, user, userClosedMarketIndex[$arg0]}
 writer root       -> contracts/RCOrderbook.sol::RCOrderbook.cleanWastePile()
 writer effect     -> contracts/RCOrderbook.sol:797
 written member    -> ('SV', 'contracts/RCOrderbook.sol', 'RCOrderbook.user')
 potentially stale -> ('MS', 'contracts/RCOrderbook.sol', 'RCOrderbook.closedMarkets', '@local::contracts/RCOrderbook.sol::RCOrderbook.removeOldBids(address)::ReferenceVariable::REF_1159'), ('MS', 'contracts/RCOrderbook.sol', 'RCOrderbook.index', '$arg0][@local::contracts/RCOrderbook.sol::RCOrderbook.removeOldBids(address)::LocalVariable::_market_2][@local::contracts/RCOrderbook.sol::RCOrderbook.removeOldBids(address)::LocalVariable::i_2'), ('MS', 'contracts/RCOrderbook.sol', 'RCOrderbook.userClosedMarketIndex', '$arg0'), ('SV', 'contracts/RCOrderbook.sol', 'RCOrderbook.market')
 reader witnesses  -> 14
 storage exposures -> 1
[MV-SI candidate 67617233cf92c13a402e] {minRentalDayDivisor, user}
 writer root       -> contracts/RCTreasury.sol::RCTreasury.withdrawDeposit(uint256,bool)
 writer effect     -> contracts/RCTreasury.sol:848
 written member    -> ('SV', 'contracts/RCTreasury.sol', 'RCTreasury.user')
 potentially stale -> ('SV', 'contracts/RCTreasury.sol', 'RCTreasury.minRentalDayDivisor')
 reader witnesses  -> 18
 storage exposures -> 1
[MV-SI candidate 67720c7da7f316c14306] {closedMarkets[@local::contracts/RCOrderbook.sol::RCOrderbook.removeOldBids(address)::ReferenceVariable::REF_1159], index[$arg0][@local::contracts/RCOrderbook.sol::RCOrderbook.removeOldBids(address)::LocalVariable::_market_2][@local::contracts/RCOrderbook.sol::RCOrderbook.removeOldBids(address)::LocalVariable::i_2], market, user, userClosedMarketIndex[$arg0]}
 writer root       -> contracts/RCOrderbook.sol::RCOrderbook.addBidToOrderbook(address,uint256,uint256,uint256,address)
 writer effect     -> contracts/RCOrderbook.sol:806
 written member    -> ('SV', 'contracts/RCOrderbook.sol', 'RCOrderbook.user')
 potentially stale -> ('MS', 'contracts/RCOrderbook.sol', 'RCOrderbook.closedMarkets', '@local::contracts/RCOrderbook.sol::RCOrderbook.removeOldBids(address)::ReferenceVariable::REF_1159'), ('MS', 'contracts/RCOrderbook.sol', 'RCOrderbook.index', '$arg0][@local::contracts/RCOrderbook.sol::RCOrderbook.removeOldBids(address)::LocalVariable::_market_2][@local::contracts/RCOrderbook.sol::RCOrderbook.removeOldBids(address)::LocalVariable::i_2'), ('MS', 'contracts/RCOrderbook.sol', 'RCOrderbook.userClosedMarketIndex', '$arg0'), ('SV', 'contracts/RCOrderbook.sol', 'RCOrderbook.market')
 reader witnesses  -> 14
 storage exposures -> 1
[MV-SI candidate 6785b8a87961b9efbce4] {card, winningOutcome}
 writer root       -> contracts/RCMarket.sol::RCMarket.rentAllCards(uint256)
 writer effect     -> contracts/RCMarket.sol:1073
 written member    -> ('SV', 'contracts/RCMarket.sol', 'RCMarket.card')
 potentially stale -> ('SV', 'contracts/RCMarket.sol', 'RCMarket.winningOutcome')
 reader witnesses  -> 28
 storage exposures -> 1
[MV-SI candidate 678f6f77a0a245e80e40] {index[@local::contracts/RCOrderbook.sol::RCOrderbook.closeMarket()::LocalVariable::_market_1][@local::contracts/RCOrderbook.sol::RCOrderbook.closeMarket()::LocalVariable::_market_1][@local::contracts/RCOrderbook.sol::RCOrderbook.closeMarket()::LocalVariable::i_2], user}
 writer root       -> contracts/RCOrderbook.sol::RCOrderbook.cleanWastePile()
 writer effect     -> contracts/RCOrderbook.sol:776
 written member    -> ('SV', 'contracts/RCOrderbook.sol', 'RCOrderbook.user')
 potentially stale -> ('MS', 'contracts/RCOrderbook.sol', 'RCOrderbook.index', '@local::contracts/RCOrderbook.sol::RCOrderbook.closeMarket()::LocalVariable::_market_1][@local::contracts/RCOrderbook.sol::RCOrderbook.closeMarket()::LocalVariable::_market_1][@local::contracts/RCOrderbook.sol::RCOrderbook.closeMarket()::LocalVariable::i_2')
 reader witnesses  -> 1
 storage exposures -> 1
[MV-SI candidate 67ce458df43eca27b73c] {maxDeletions, user}
 writer root       -> contracts/RCOrderbook.sol::RCOrderbook.removeUserFromOrderbook(address)
 writer effect     -> contracts/RCOrderbook.sol:632
 written member    -> ('SV', 'contracts/RCOrderbook.sol', 'RCOrderbook.user')
 potentially stale -> ('SV', 'contracts/RCOrderbook.sol', 'RCOrderbook.maxDeletions')
 reader witnesses  -> 10
 storage exposures -> 1
[MV-SI candidate 67f1ee5d25bbc1e5fb96] {leaderboard, leaderboardIndex[@local::contracts/RCLeaderboard.sol::RCLeaderboard.updateLeaderboard(address,uint256,uint256)::LocalVariable::_market_1][@local::contracts/RCLeaderboard.sol::RCLeaderboard.updateLeaderboard(address,uint256,uint256)::LocalVariable::_market_1][$arg1], leaderboardIndex[@local::contracts/RCLeaderboard.sol::RCLeaderboard.updateLeaderboard(address,uint256,uint256)::LocalVariable::lastUserOnLeaderboard_1][@local::contracts/RCLeaderboard.sol::RCLeaderboard.updateLeaderboard(address,uint256,uint256)::LocalVariable::_market_1][$arg1]}
 writer root       -> contracts/RCLeaderboard.sol::RCLeaderboard.claimNFT(address,uint256)
 writer effect     -> contracts/RCLeaderboard.sol:234
 written member    -> ('SV', 'contracts/RCLeaderboard.sol', 'RCLeaderboard.leaderboard')
 potentially stale -> ('MS', 'contracts/RCLeaderboard.sol', 'RCLeaderboard.leaderboardIndex', '@local::contracts/RCLeaderboard.sol::RCLeaderboard.updateLeaderboard(address,uint256,uint256)::LocalVariable::_market_1][@local::contracts/RCLeaderboard.sol::RCLeaderboard.updateLeaderboard(address,uint256,uint256)::LocalVariable::_market_1][$arg1'), ('MS', 'contracts/RCLeaderboard.sol', 'RCLeaderboard.leaderboardIndex', '@local::contracts/RCLeaderboard.sol::RCLeaderboard.updateLeaderboard(address,uint256,uint256)::LocalVariable::lastUserOnLeaderboard_1][@local::contracts/RCLeaderboard.sol::RCLeaderboard.updateLeaderboard(address,uint256,uint256)::LocalVariable::_market_1][$arg1')
 reader witnesses  -> 3
 storage exposures -> 1
[MV-SI candidate 688606d21878abfacf52] {cleaningLoops, user}
 writer root       -> contracts/RCOrderbook.sol::RCOrderbook.closeMarket()
 writer effect     -> contracts/RCOrderbook.sol:665
 written member    -> ('SV', 'contracts/RCOrderbook.sol', 'RCOrderbook.user')
 potentially stale -> ('SV', 'contracts/RCOrderbook.sol', 'RCOrderbook.cleaningLoops')
 reader witnesses  -> 2
 storage exposures -> 1
[MV-SI candidate 688d6071b71deabb60d4] {closedMarkets[@local::contracts/RCOrderbook.sol::RCOrderbook.removeOldBids(address)::ReferenceVariable::REF_1159], index[$arg0][@local::contracts/RCOrderbook.sol::RCOrderbook.removeOldBids(address)::LocalVariable::_market_2][@local::contracts/RCOrderbook.sol::RCOrderbook.removeOldBids(address)::LocalVariable::i_2], market, user, userClosedMarketIndex[$arg0]}
 writer root       -> contracts/RCOrderbook.sol::RCOrderbook.removeBidFromOrderbook(address,uint256)
 writer effect     -> contracts/RCOrderbook.sol:527
 written member    -> ('SV', 'contracts/RCOrderbook.sol', 'RCOrderbook.user')
 potentially stale -> ('MS', 'contracts/RCOrderbook.sol', 'RCOrderbook.closedMarkets', '@local::contracts/RCOrderbook.sol::RCOrderbook.removeOldBids(address)::ReferenceVariable::REF_1159'), ('MS', 'contracts/RCOrderbook.sol', 'RCOrderbook.index', '$arg0][@local::contracts/RCOrderbook.sol::RCOrderbook.removeOldBids(address)::LocalVariable::_market_2][@local::contracts/RCOrderbook.sol::RCOrderbook.removeOldBids(address)::LocalVariable::i_2'), ('MS', 'contracts/RCOrderbook.sol', 'RCOrderbook.userClosedMarketIndex', '$arg0'), ('SV', 'contracts/RCOrderbook.sol', 'RCOrderbook.market')
 reader witnesses  -> 14
 storage exposures -> 1
[MV-SI candidate 689138914ccb10ef10fb] {closedMarkets[@local::contracts/RCOrderbook.sol::RCOrderbook.removeOldBids(address)::ReferenceVariable::REF_1159], index[$arg0][@local::contracts/RCOrderbook.sol::RCOrderbook.removeOldBids(address)::LocalVariable::_market_2][@local::contracts/RCOrderbook.sol::RCOrderbook.removeOldBids(address)::LocalVariable::i_2], market, user, userClosedMarketIndex[$arg0]}
 writer root       -> contracts/RCOrderbook.sol::RCOrderbook.findNewOwner(uint256,uint256)
 writer effect     -> contracts/RCOrderbook.sol:532
 written member    -> ('SV', 'contracts/RCOrderbook.sol', 'RCOrderbook.user')
 potentially stale -> ('MS', 'contracts/RCOrderbook.sol', 'RCOrderbook.closedMarkets', '@local::contracts/RCOrderbook.sol::RCOrderbook.removeOldBids(address)::ReferenceVariable::REF_1159'), ('MS', 'contracts/RCOrderbook.sol', 'RCOrderbook.index', '$arg0][@local::contracts/RCOrderbook.sol::RCOrderbook.removeOldBids(address)::LocalVariable::_market_2][@local::contracts/RCOrderbook.sol::RCOrderbook.removeOldBids(address)::LocalVariable::i_2'), ('MS', 'contracts/RCOrderbook.sol', 'RCOrderbook.userClosedMarketIndex', '$arg0'), ('SV', 'contracts/RCOrderbook.sol', 'RCOrderbook.market')
 reader witnesses  -> 14
 storage exposures -> 1
[MV-SI candidate 69030db6e942b5bd5e6f] {card, winnerCut, winningOutcome}
 writer root       -> contracts/RCMarket.sol::RCMarket.collectRent(uint256)
 writer effect     -> contracts/RCMarket.sol:1068
 written member    -> ('SV', 'contracts/RCMarket.sol', 'RCMarket.card')
 potentially stale -> ('SV', 'contracts/RCMarket.sol', 'RCMarket.winnerCut'), ('SV', 'contracts/RCMarket.sol', 'RCMarket.winningOutcome')
 reader witnesses  -> 9
 storage exposures -> 1
[MV-SI candidate 695accc7a21d7a136cd9] {index[$arg4][@local::contracts/RCOrderbook.sol::RCOrderbook.addBidToOrderbook(address,uint256,uint256,uint256,address)::LocalVariable::_market_1][$arg1], user}
 writer root       -> contracts/RCOrderbook.sol::RCOrderbook.removeUserFromOrderbook(address)
 writer effect     -> contracts/RCOrderbook.sol:616
 written member    -> ('SV', 'contracts/RCOrderbook.sol', 'RCOrderbook.user')
 potentially stale -> ('MS', 'contracts/RCOrderbook.sol', 'RCOrderbook.index', '$arg4][@local::contracts/RCOrderbook.sol::RCOrderbook.addBidToOrderbook(address,uint256,uint256,uint256,address)::LocalVariable::_market_1][$arg1')
 reader witnesses  -> 6
 storage exposures -> 1
[MV-SI candidate 697da47aeb631d25a4d3] {accountingComplete, cardAccountingIndex, numberOfCards}
 writer root       -> contracts/RCMarket.sol::RCMarket.setAmicableResolution(uint256)
 writer effect     -> contracts/RCMarket.sol:475
 written member    -> ('SV', 'contracts/RCMarket.sol', 'RCMarket.accountingComplete')
 potentially stale -> ('SV', 'contracts/RCMarket.sol', 'RCMarket.cardAccountingIndex'), ('SV', 'contracts/RCMarket.sol', 'RCMarket.numberOfCards')
 reader witnesses  -> 46
 storage exposures -> 1
[MV-SI candidate 6a5dec131d5e6153d876] {card, marketLockingTime}
 writer root       -> contracts/RCMarket.sol::RCMarket.updateTimeHeldLimit(uint256,uint256)
 writer effect     -> contracts/RCMarket.sol:1068
 written member    -> ('SV', 'contracts/RCMarket.sol', 'RCMarket.card')
 potentially stale -> ('SV', 'contracts/RCMarket.sol', 'RCMarket.marketLockingTime')
 reader witnesses  -> 30
 storage exposures -> 1
[MV-SI candidate 6a627d5dc9f2aa38448d] {card, minimumPriceIncreasePercent}
 writer root       -> contracts/RCMarket.sol::RCMarket.rentAllCards(uint256)
 writer effect     -> contracts/RCMarket.sol:1049
 written member    -> ('SV', 'contracts/RCMarket.sol', 'RCMarket.card')
 potentially stale -> ('SV', 'contracts/RCMarket.sol', 'RCMarket.minimumPriceIncreasePercent')
 reader witnesses  -> 4
 storage exposures -> 1
[MV-SI candidate 6a71a78f69a3f68147f9] {index[@local::contracts/RCOrderbook.sol::RCOrderbook.cleanWastePile()::LocalVariable::_user_1][@local::contracts/RCOrderbook.sol::RCOrderbook.cleanWastePile()::LocalVariable::_market_1][@local::contracts/RCOrderbook.sol::RCOrderbook.cleanWastePile()::LocalVariable::_card_1], user}
 writer root       -> contracts/RCOrderbook.sol::RCOrderbook.addBidToOrderbook(address,uint256,uint256,uint256,address)
 writer effect     -> contracts/RCOrderbook.sol:805
 written member    -> ('MS', 'contracts/RCOrderbook.sol', 'RCOrderbook.index', '@local::contracts/RCOrderbook.sol::RCOrderbook.cleanWastePile()::LocalVariable::_user_1][@local::contracts/RCOrderbook.sol::RCOrderbook.cleanWastePile()::LocalVariable::_market_1][@local::contracts/RCOrderbook.sol::RCOrderbook.cleanWastePile()::LocalVariable::_card_1')
 potentially stale -> ('SV', 'contracts/RCOrderbook.sol', 'RCOrderbook.user')
 reader witnesses  -> 226
 storage exposures -> 1
[MV-SI candidate 6ad849d730daf22f85a8] {closedMarkets[@local::contracts/RCOrderbook.sol::RCOrderbook.removeOldBids(address)::ReferenceVariable::REF_1159], index[$arg0][@local::contracts/RCOrderbook.sol::RCOrderbook.removeOldBids(address)::LocalVariable::_market_2][@local::contracts/RCOrderbook.sol::RCOrderbook.removeOldBids(address)::LocalVariable::i_2], market, user, userClosedMarketIndex[$arg0]}
 writer root       -> contracts/RCOrderbook.sol::RCOrderbook.addBidToOrderbook(address,uint256,uint256,uint256,address)
 writer effect     -> contracts/RCOrderbook.sol:361
 written member    -> ('SV', 'contracts/RCOrderbook.sol', 'RCOrderbook.user')
 potentially stale -> ('MS', 'contracts/RCOrderbook.sol', 'RCOrderbook.closedMarkets', '@local::contracts/RCOrderbook.sol::RCOrderbook.removeOldBids(address)::ReferenceVariable::REF_1159'), ('MS', 'contracts/RCOrderbook.sol', 'RCOrderbook.index', '$arg0][@local::contracts/RCOrderbook.sol::RCOrderbook.removeOldBids(address)::LocalVariable::_market_2][@local::contracts/RCOrderbook.sol::RCOrderbook.removeOldBids(address)::LocalVariable::i_2'), ('MS', 'contracts/RCOrderbook.sol', 'RCOrderbook.userClosedMarketIndex', '$arg0'), ('SV', 'contracts/RCOrderbook.sol', 'RCOrderbook.market')
 reader witnesses  -> 14
 storage exposures -> 1
[MV-SI candidate 6c009a43db33626a772d] {index[$arg4][@local::contracts/RCOrderbook.sol::RCOrderbook.addBidToOrderbook(address,uint256,uint256,uint256,address)::LocalVariable::_market_1][$arg1], user}
 writer root       -> contracts/RCOrderbook.sol::RCOrderbook.addBidToOrderbook(address,uint256,uint256,uint256,address)
 writer effect     -> contracts/RCOrderbook.sol:212
 written member    -> ('SV', 'contracts/RCOrderbook.sol', 'RCOrderbook.user')
 potentially stale -> ('MS', 'contracts/RCOrderbook.sol', 'RCOrderbook.index', '$arg4][@local::contracts/RCOrderbook.sol::RCOrderbook.addBidToOrderbook(address,uint256,uint256,uint256,address)::LocalVariable::_market_1][$arg1')
 reader witnesses  -> 6
 storage exposures -> 1
[MV-SI candidate 6c1d80fbe588fbf375ba] {index[@local::contracts/RCOrderbook.sol::RCOrderbook.closeMarket()::LocalVariable::_market_1][@local::contracts/RCOrderbook.sol::RCOrderbook.closeMarket()::LocalVariable::_market_1][@local::contracts/RCOrderbook.sol::RCOrderbook.closeMarket()::LocalVariable::i_2], user}
 writer root       -> contracts/RCOrderbook.sol::RCOrderbook.cleanWastePile()
 writer effect     -> contracts/RCOrderbook.sol:793
 written member    -> ('SV', 'contracts/RCOrderbook.sol', 'RCOrderbook.user')
 potentially stale -> ('MS', 'contracts/RCOrderbook.sol', 'RCOrderbook.index', '@local::contracts/RCOrderbook.sol::RCOrderbook.closeMarket()::LocalVariable::_market_1][@local::contracts/RCOrderbook.sol::RCOrderbook.closeMarket()::LocalVariable::_market_1][@local::contracts/RCOrderbook.sol::RCOrderbook.closeMarket()::LocalVariable::i_2')
 reader witnesses  -> 1
 storage exposures -> 1
[MV-SI candidate 6c6be92cd272ca775bde] {_roles[$arg1], user}
 writer root       -> contracts/RCTreasury.sol::RCTreasury.updateLastRentalTime(address)
 writer effect     -> contracts/RCTreasury.sol:575
 written member    -> ('SV', 'contracts/RCTreasury.sol', 'RCTreasury.user')
 potentially stale -> ('MS', '@openzeppelin/contracts/access/AccessControl.sol', 'AccessControl._roles', '$arg1')
 reader witnesses  -> 9
 storage exposures -> 1
[MV-SI candidate 6c8f134991f0725b5571] {card, winningOutcome}
 writer root       -> contracts/RCMarket.sol::RCMarket.updateTimeHeldLimit(uint256,uint256)
 writer effect     -> contracts/RCMarket.sol:829
 written member    -> ('SV', 'contracts/RCMarket.sol', 'RCMarket.card')
 potentially stale -> ('SV', 'contracts/RCMarket.sol', 'RCMarket.winningOutcome')
 reader witnesses  -> 14
 storage exposures -> 1
[MV-SI candidate 6c969788ae124efe8a28] {closedMarkets[@local::contracts/RCOrderbook.sol::RCOrderbook.removeOldBids(address)::ReferenceVariable::REF_1159], index[$arg0][@local::contracts/RCOrderbook.sol::RCOrderbook.removeOldBids(address)::LocalVariable::_market_2][@local::contracts/RCOrderbook.sol::RCOrderbook.removeOldBids(address)::LocalVariable::i_2], market, user, userClosedMarketIndex[$arg0]}
 writer root       -> contracts/RCOrderbook.sol::RCOrderbook.cleanWastePile()
 writer effect     -> contracts/RCOrderbook.sol:776
 written member    -> ('SV', 'contracts/RCOrderbook.sol', 'RCOrderbook.user')
 potentially stale -> ('MS', 'contracts/RCOrderbook.sol', 'RCOrderbook.closedMarkets', '@local::contracts/RCOrderbook.sol::RCOrderbook.removeOldBids(address)::ReferenceVariable::REF_1159'), ('MS', 'contracts/RCOrderbook.sol', 'RCOrderbook.index', '$arg0][@local::contracts/RCOrderbook.sol::RCOrderbook.removeOldBids(address)::LocalVariable::_market_2][@local::contracts/RCOrderbook.sol::RCOrderbook.removeOldBids(address)::LocalVariable::i_2'), ('MS', 'contracts/RCOrderbook.sol', 'RCOrderbook.userClosedMarketIndex', '$arg0'), ('SV', 'contracts/RCOrderbook.sol', 'RCOrderbook.market')
 reader witnesses  -> 14
 storage exposures -> 1
[MV-SI candidate 6d1351153a7ab2c081f2] {market, maxSearchIterations}
 writer root       -> contracts/RCOrderbook.sol::RCOrderbook.addBidToOrderbook(address,uint256,uint256,uint256,address)
 writer effect     -> contracts/RCOrderbook.sol:197
 written member    -> ('SV', 'contracts/RCOrderbook.sol', 'RCOrderbook.market')
 potentially stale -> ('SV', 'contracts/RCOrderbook.sol', 'RCOrderbook.maxSearchIterations')
 reader witnesses  -> 2
 storage exposures -> 1
[MV-SI candidate 6d4a2080cfb7ce8fc071] {closedMarkets[@local::contracts/RCOrderbook.sol::RCOrderbook.removeOldBids(address)::ReferenceVariable::REF_1159], index[$arg0][@local::contracts/RCOrderbook.sol::RCOrderbook.removeOldBids(address)::LocalVariable::_market_2][@local::contracts/RCOrderbook.sol::RCOrderbook.removeOldBids(address)::LocalVariable::i_2], market, user, userClosedMarketIndex[$arg0]}
 writer root       -> contracts/RCOrderbook.sol::RCOrderbook.addBidToOrderbook(address,uint256,uint256,uint256,address)
 writer effect     -> contracts/RCOrderbook.sol:242
 written member    -> ('MS', 'contracts/RCOrderbook.sol', 'RCOrderbook.userClosedMarketIndex', '$arg0')
 potentially stale -> ('MS', 'contracts/RCOrderbook.sol', 'RCOrderbook.closedMarkets', '@local::contracts/RCOrderbook.sol::RCOrderbook.removeOldBids(address)::ReferenceVariable::REF_1159'), ('MS', 'contracts/RCOrderbook.sol', 'RCOrderbook.index', '$arg0][@local::contracts/RCOrderbook.sol::RCOrderbook.removeOldBids(address)::LocalVariable::_market_2][@local::contracts/RCOrderbook.sol::RCOrderbook.removeOldBids(address)::LocalVariable::i_2'), ('SV', 'contracts/RCOrderbook.sol', 'RCOrderbook.market'), ('SV', 'contracts/RCOrderbook.sol', 'RCOrderbook.user')
 reader witnesses  -> 236
 storage exposures -> 1
[MV-SI candidate 6d6dedea070a609b6774] {marketCloseLimit, user}
 writer root       -> contracts/RCOrderbook.sol::RCOrderbook.addBidToOrderbook(address,uint256,uint256,uint256,address)
 writer effect     -> contracts/RCOrderbook.sol:404
 written member    -> ('SV', 'contracts/RCOrderbook.sol', 'RCOrderbook.user')
 potentially stale -> ('SV', 'contracts/RCOrderbook.sol', 'RCOrderbook.marketCloseLimit')
 reader witnesses  -> 4
 storage exposures -> 1
[MV-SI candidate 6e46a22b77d89c9dcaa8] {_operatorApprovals[$arg0][$arg1], _owners[$arg0], _tokenApprovals[$arg0]}
 writer root       -> contracts/nfthubs/RCNftHubL2.sol::RCNftHubL2.withdrawWithMetadata(uint256)
 writer effect     -> @openzeppelin/contracts/token/ERC721/ERC721.sol:355
 written member    -> ('MS', '@openzeppelin/contracts/token/ERC721/ERC721.sol', 'ERC721._tokenApprovals', '$arg0')
 potentially stale -> ('MS', '@openzeppelin/contracts/token/ERC721/ERC721.sol', 'ERC721._operatorApprovals', '$arg0][$arg1'), ('MS', '@openzeppelin/contracts/token/ERC721/ERC721.sol', 'ERC721._owners', '$arg0')
 reader witnesses  -> 30
 storage exposures -> 1
[MV-SI candidate 6e489de76ae1a17a202b] {card, marketLockingTime}
 writer root       -> contracts/RCMarket.sol::RCMarket.updateTimeHeldLimit(uint256,uint256)
 writer effect     -> contracts/RCMarket.sol:1081
 written member    -> ('SV', 'contracts/RCMarket.sol', 'RCMarket.card')
 potentially stale -> ('SV', 'contracts/RCMarket.sol', 'RCMarket.marketLockingTime')
 reader witnesses  -> 30
 storage exposures -> 1
[MV-SI candidate 6e9ee08c979b2d03e92c] {card, winningOutcome}
 writer root       -> contracts/RCMarket.sol::RCMarket.getWinnerFromOracle()
 writer effect     -> contracts/RCMarket.sol:1081
 written member    -> ('SV', 'contracts/RCMarket.sol', 'RCMarket.card')
 potentially stale -> ('SV', 'contracts/RCMarket.sol', 'RCMarket.winningOutcome')
 reader witnesses  -> 14
 storage exposures -> 1
[MV-SI candidate 6ed312d44ef57a482cf7] {card, cardAffiliateCut}
 writer root       -> contracts/RCMarket.sol::RCMarket.rentAllCards(uint256)
 writer effect     -> contracts/RCMarket.sol:1074
 written member    -> ('SV', 'contracts/RCMarket.sol', 'RCMarket.card')
 potentially stale -> ('SV', 'contracts/RCMarket.sol', 'RCMarket.cardAffiliateCut')
 reader witnesses  -> 6
 storage exposures -> 1
[MV-SI candidate 6ed5ff7e836e04743093] {card, marketLockingTime}
 writer root       -> contracts/RCMarket.sol::RCMarket.collectRent(uint256)
 writer effect     -> contracts/RCMarket.sol:1081
 written member    -> ('SV', 'contracts/RCMarket.sol', 'RCMarket.card')
 potentially stale -> ('SV', 'contracts/RCMarket.sol', 'RCMarket.marketLockingTime')
 reader witnesses  -> 30
 storage exposures -> 1
[MV-SI candidate 6efcdbf50a707b0b0ac4] {card, winnerCut, winningOutcome}
 writer root       -> contracts/RCMarket.sol::RCMarket.exit(uint256)
 writer effect     -> contracts/RCMarket.sol:1049
 written member    -> ('SV', 'contracts/RCMarket.sol', 'RCMarket.card')
 potentially stale -> ('SV', 'contracts/RCMarket.sol', 'RCMarket.winnerCut'), ('SV', 'contracts/RCMarket.sol', 'RCMarket.winningOutcome')
 reader witnesses  -> 9
 storage exposures -> 1
[MV-SI candidate 6f038ad9b4fdfa415b8b] {_roles[$arg1], user}
 writer root       -> contracts/RCTreasury.sol::RCTreasury.collectRentUser(address,uint256)
 writer effect     -> contracts/RCTreasury.sol:848
 written member    -> ('SV', 'contracts/RCTreasury.sol', 'RCTreasury.user')
 potentially stale -> ('MS', '@openzeppelin/contracts/access/AccessControl.sol', 'AccessControl._roles', '$arg1')
 reader witnesses  -> 9
 storage exposures -> 1
[MV-SI candidate 6f0a200f2b1329ac6fa4] {card, marketLockingTime}
 writer root       -> contracts/RCMarket.sol::RCMarket.setAmicableResolution(uint256)
 writer effect     -> contracts/RCMarket.sol:1074
 written member    -> ('SV', 'contracts/RCMarket.sol', 'RCMarket.card')
 potentially stale -> ('SV', 'contracts/RCMarket.sol', 'RCMarket.marketLockingTime')
 reader witnesses  -> 30
 storage exposures -> 1
[MV-SI candidate 6f0d678efac3a0435953] {cleaningLoops, user}
 writer root       -> contracts/RCOrderbook.sol::RCOrderbook.removeUserFromOrderbook(address)
 writer effect     -> contracts/RCOrderbook.sol:830
 written member    -> ('SV', 'contracts/RCOrderbook.sol', 'RCOrderbook.user')
 potentially stale -> ('SV', 'contracts/RCOrderbook.sol', 'RCOrderbook.cleaningLoops')
 reader witnesses  -> 2
 storage exposures -> 1
[MV-SI candidate 6f0e3170aa060e4e53ae] {index[@local::contracts/RCOrderbook.sol::RCOrderbook.closeMarket()::LocalVariable::_market_1][@local::contracts/RCOrderbook.sol::RCOrderbook.closeMarket()::LocalVariable::_market_1][@local::contracts/RCOrderbook.sol::RCOrderbook.closeMarket()::LocalVariable::i_2], user}
 writer root       -> contracts/RCOrderbook.sol::RCOrderbook.findNewOwner(uint256,uint256)
 writer effect     -> contracts/RCOrderbook.sol:536
 written member    -> ('SV', 'contracts/RCOrderbook.sol', 'RCOrderbook.user')
 potentially stale -> ('MS', 'contracts/RCOrderbook.sol', 'RCOrderbook.index', '@local::contracts/RCOrderbook.sol::RCOrderbook.closeMarket()::LocalVariable::_market_1][@local::contracts/RCOrderbook.sol::RCOrderbook.closeMarket()::LocalVariable::_market_1][@local::contracts/RCOrderbook.sol::RCOrderbook.closeMarket()::LocalVariable::i_2')
 reader witnesses  -> 1
 storage exposures -> 1
[MV-SI candidate 6f29451b1ccfcb084c55] {card, cardAffiliateCut}
 writer root       -> contracts/RCMarket.sol::RCMarket.lockMarket()
 writer effect     -> contracts/RCMarket.sol:1074
 written member    -> ('SV', 'contracts/RCMarket.sol', 'RCMarket.card')
 potentially stale -> ('SV', 'contracts/RCMarket.sol', 'RCMarket.cardAffiliateCut')
 reader witnesses  -> 3
 storage exposures -> 1
[MV-SI candidate 6f5d241cc6d4a596c7c8] {card, cardAffiliateCut}
 writer root       -> contracts/RCMarket.sol::RCMarket.updateTimeHeldLimit(uint256,uint256)
 writer effect     -> contracts/RCMarket.sol:1073
 written member    -> ('SV', 'contracts/RCMarket.sol', 'RCMarket.card')
 potentially stale -> ('SV', 'contracts/RCMarket.sol', 'RCMarket.cardAffiliateCut')
 reader witnesses  -> 3
 storage exposures -> 1
[MV-SI candidate 6f6aceace8b8461c6a35] {index[@local::contracts/RCOrderbook.sol::RCOrderbook.closeMarket()::LocalVariable::_market_1][@local::contracts/RCOrderbook.sol::RCOrderbook.closeMarket()::LocalVariable::_market_1][@local::contracts/RCOrderbook.sol::RCOrderbook.closeMarket()::LocalVariable::i_2], user}
 writer root       -> contracts/RCOrderbook.sol::RCOrderbook.cleanWastePile()
 writer effect     -> contracts/RCOrderbook.sol:806
 written member    -> ('SV', 'contracts/RCOrderbook.sol', 'RCOrderbook.user')
 potentially stale -> ('MS', 'contracts/RCOrderbook.sol', 'RCOrderbook.index', '@local::contracts/RCOrderbook.sol::RCOrderbook.closeMarket()::LocalVariable::_market_1][@local::contracts/RCOrderbook.sol::RCOrderbook.closeMarket()::LocalVariable::_market_1][@local::contracts/RCOrderbook.sol::RCOrderbook.closeMarket()::LocalVariable::i_2')
 reader witnesses  -> 1
 storage exposures -> 1
[MV-SI candidate 6f6c20155b27a46713e3] {index[$arg4][@local::contracts/RCOrderbook.sol::RCOrderbook.addBidToOrderbook(address,uint256,uint256,uint256,address)::LocalVariable::_market_1][$arg1], user}
 writer root       -> contracts/RCOrderbook.sol::RCOrderbook.setTimeHeldlimit(address,uint256,uint256)
 writer effect     -> contracts/RCOrderbook.sol:830
 written member    -> ('SV', 'contracts/RCOrderbook.sol', 'RCOrderbook.user')
 potentially stale -> ('MS', 'contracts/RCOrderbook.sol', 'RCOrderbook.index', '$arg4][@local::contracts/RCOrderbook.sol::RCOrderbook.addBidToOrderbook(address,uint256,uint256,uint256,address)::LocalVariable::_market_1][$arg1')
 reader witnesses  -> 6
 storage exposures -> 1
[MV-SI candidate 6faabb7c93baef7d5463] {maxDeletions, user}
 writer root       -> contracts/RCOrderbook.sol::RCOrderbook.removeUserFromOrderbook(address)
 writer effect     -> contracts/RCOrderbook.sol:616
 written member    -> ('SV', 'contracts/RCOrderbook.sol', 'RCOrderbook.user')
 potentially stale -> ('SV', 'contracts/RCOrderbook.sol', 'RCOrderbook.maxDeletions')
 reader witnesses  -> 10
 storage exposures -> 1
[MV-SI candidate 6ff41ab14d83fc796cbf] {_operatorApprovals[$arg0][$arg1], _owners[$arg0], _tokenApprovals[$arg0]}
 writer root       -> @openzeppelin/contracts/token/ERC721/ERC721.sol::ERC721.safeTransferFrom(address,address,uint256,bytes)
 writer effect     -> @openzeppelin/contracts/token/ERC721/ERC721.sol:344
 written member    -> ('MS', '@openzeppelin/contracts/token/ERC721/ERC721.sol', 'ERC721._owners', '$arg0')
 potentially stale -> ('MS', '@openzeppelin/contracts/token/ERC721/ERC721.sol', 'ERC721._operatorApprovals', '$arg0][$arg1'), ('MS', '@openzeppelin/contracts/token/ERC721/ERC721.sol', 'ERC721._tokenApprovals', '$arg0')
 reader witnesses  -> 18
 storage exposures -> 3
[MV-SI candidate 700b8556d7ad012dce16] {card, winningOutcome}
 writer root       -> contracts/RCMarket.sol::RCMarket.newRental(uint256,uint256,address,uint256)
 writer effect     -> contracts/RCMarket.sol:1073
 written member    -> ('SV', 'contracts/RCMarket.sol', 'RCMarket.card')
 potentially stale -> ('SV', 'contracts/RCMarket.sol', 'RCMarket.winningOutcome')
 reader witnesses  -> 28
 storage exposures -> 1
[MV-SI candidate 700d903ddd8b2fc78660] {marketCloseLimit, user}
 writer root       -> contracts/RCOrderbook.sol::RCOrderbook.closeMarket()
 writer effect     -> contracts/RCOrderbook.sol:673
 written member    -> ('SV', 'contracts/RCOrderbook.sol', 'RCOrderbook.user')
 potentially stale -> ('SV', 'contracts/RCOrderbook.sol', 'RCOrderbook.marketCloseLimit')
 reader witnesses  -> 4
 storage exposures -> 1
[MV-SI candidate 705b63ca08029f89f26b] {index[$arg4][@local::contracts/RCOrderbook.sol::RCOrderbook.addBidToOrderbook(address,uint256,uint256,uint256,address)::LocalVariable::_market_1][$arg1], user}
 writer root       -> contracts/RCOrderbook.sol::RCOrderbook.addBidToOrderbook(address,uint256,uint256,uint256,address)
 writer effect     -> contracts/RCOrderbook.sol:426
 written member    -> ('SV', 'contracts/RCOrderbook.sol', 'RCOrderbook.user')
 potentially stale -> ('MS', 'contracts/RCOrderbook.sol', 'RCOrderbook.index', '$arg4][@local::contracts/RCOrderbook.sol::RCOrderbook.addBidToOrderbook(address,uint256,uint256,uint256,address)::LocalVariable::_market_1][$arg1')
 reader witnesses  -> 6
 storage exposures -> 1
[MV-SI candidate 70819a5969789b21ce9d] {maxDeletions, user}
 writer root       -> contracts/RCOrderbook.sol::RCOrderbook.addBidToOrderbook(address,uint256,uint256,uint256,address)
 writer effect     -> contracts/RCOrderbook.sol:213
 written member    -> ('SV', 'contracts/RCOrderbook.sol', 'RCOrderbook.user')
 potentially stale -> ('SV', 'contracts/RCOrderbook.sol', 'RCOrderbook.maxDeletions')
 reader witnesses  -> 10
 storage exposures -> 1
[MV-SI candidate 71284049ee8257d1d366] {index[@local::contracts/RCOrderbook.sol::RCOrderbook.closeMarket()::LocalVariable::_market_1][@local::contracts/RCOrderbook.sol::RCOrderbook.closeMarket()::LocalVariable::_market_1][@local::contracts/RCOrderbook.sol::RCOrderbook.closeMarket()::LocalVariable::i_2], user}
 writer root       -> contracts/RCOrderbook.sol::RCOrderbook.closeMarket()
 writer effect     -> contracts/RCOrderbook.sol:647
 written member    -> ('SV', 'contracts/RCOrderbook.sol', 'RCOrderbook.user')
 potentially stale -> ('MS', 'contracts/RCOrderbook.sol', 'RCOrderbook.index', '@local::contracts/RCOrderbook.sol::RCOrderbook.closeMarket()::LocalVariable::_market_1][@local::contracts/RCOrderbook.sol::RCOrderbook.closeMarket()::LocalVariable::_market_1][@local::contracts/RCOrderbook.sol::RCOrderbook.closeMarket()::LocalVariable::i_2')
 reader witnesses  -> 1
 storage exposures -> 1
[MV-SI candidate 71bf0756d8ab9f03de3d] {leaderboard, leaderboardIndex[@local::contracts/RCLeaderboard.sol::RCLeaderboard.updateLeaderboard(address,uint256,uint256)::LocalVariable::_market_1][@local::contracts/RCLeaderboard.sol::RCLeaderboard.updateLeaderboard(address,uint256,uint256)::LocalVariable::_market_1][$arg1], leaderboardIndex[@local::contracts/RCLeaderboard.sol::RCLeaderboard.updateLeaderboard(address,uint256,uint256)::LocalVariable::lastUserOnLeaderboard_1][@local::contracts/RCLeaderboard.sol::RCLeaderboard.updateLeaderboard(address,uint256,uint256)::LocalVariable::_market_1][$arg1]}
 writer root       -> contracts/RCLeaderboard.sol::RCLeaderboard.updateLeaderboard(address,uint256,uint256)
 writer effect     -> contracts/RCLeaderboard.sol:203
 written member    -> ('SV', 'contracts/RCLeaderboard.sol', 'RCLeaderboard.leaderboard')
 potentially stale -> ('MS', 'contracts/RCLeaderboard.sol', 'RCLeaderboard.leaderboardIndex', '@local::contracts/RCLeaderboard.sol::RCLeaderboard.updateLeaderboard(address,uint256,uint256)::LocalVariable::_market_1][@local::contracts/RCLeaderboard.sol::RCLeaderboard.updateLeaderboard(address,uint256,uint256)::LocalVariable::_market_1][$arg1'), ('MS', 'contracts/RCLeaderboard.sol', 'RCLeaderboard.leaderboardIndex', '@local::contracts/RCLeaderboard.sol::RCLeaderboard.updateLeaderboard(address,uint256,uint256)::LocalVariable::lastUserOnLeaderboard_1][@local::contracts/RCLeaderboard.sol::RCLeaderboard.updateLeaderboard(address,uint256,uint256)::LocalVariable::_market_1][$arg1')
 reader witnesses  -> 3
 storage exposures -> 1
[MV-SI candidate 71e2259a3eab32d29d27] {card, winningOutcome}
 writer root       -> contracts/RCMarket.sol::RCMarket.getWinnerFromOracle()
 writer effect     -> contracts/RCMarket.sol:1073
 written member    -> ('SV', 'contracts/RCMarket.sol', 'RCMarket.card')
 potentially stale -> ('SV', 'contracts/RCMarket.sol', 'RCMarket.winningOutcome')
 reader witnesses  -> 14
 storage exposures -> 1
[MV-SI candidate 726e02e5cc551ee7d332] {index[@local::contracts/RCOrderbook.sol::RCOrderbook.closeMarket()::LocalVariable::_market_1][@local::contracts/RCOrderbook.sol::RCOrderbook.closeMarket()::LocalVariable::_market_1][@local::contracts/RCOrderbook.sol::RCOrderbook.closeMarket()::LocalVariable::i_2], user}
 writer root       -> contracts/RCOrderbook.sol::RCOrderbook.closeMarket()
 writer effect     -> contracts/RCOrderbook.sol:644
 written member    -> ('SV', 'contracts/RCOrderbook.sol', 'RCOrderbook.user')
 potentially stale -> ('MS', 'contracts/RCOrderbook.sol', 'RCOrderbook.index', '@local::contracts/RCOrderbook.sol::RCOrderbook.closeMarket()::LocalVariable::_market_1][@local::contracts/RCOrderbook.sol::RCOrderbook.closeMarket()::LocalVariable::_market_1][@local::contracts/RCOrderbook.sol::RCOrderbook.closeMarket()::LocalVariable::i_2')
 reader witnesses  -> 1
 storage exposures -> 1
[MV-SI candidate 72c60494e40dbcabde9b] {closedMarkets[@local::contracts/RCOrderbook.sol::RCOrderbook.removeOldBids(address)::ReferenceVariable::REF_1159], index[$arg0][@local::contracts/RCOrderbook.sol::RCOrderbook.removeOldBids(address)::LocalVariable::_market_2][@local::contracts/RCOrderbook.sol::RCOrderbook.removeOldBids(address)::LocalVariable::i_2], market, user, userClosedMarketIndex[$arg0]}
 writer root       -> contracts/RCOrderbook.sol::RCOrderbook.addBidToOrderbook(address,uint256,uint256,uint256,address)
 writer effect     -> contracts/RCOrderbook.sol:406
 written member    -> ('SV', 'contracts/RCOrderbook.sol', 'RCOrderbook.user')
 potentially stale -> ('MS', 'contracts/RCOrderbook.sol', 'RCOrderbook.closedMarkets', '@local::contracts/RCOrderbook.sol::RCOrderbook.removeOldBids(address)::ReferenceVariable::REF_1159'), ('MS', 'contracts/RCOrderbook.sol', 'RCOrderbook.index', '$arg0][@local::contracts/RCOrderbook.sol::RCOrderbook.removeOldBids(address)::LocalVariable::_market_2][@local::contracts/RCOrderbook.sol::RCOrderbook.removeOldBids(address)::LocalVariable::i_2'), ('MS', 'contracts/RCOrderbook.sol', 'RCOrderbook.userClosedMarketIndex', '$arg0'), ('SV', 'contracts/RCOrderbook.sol', 'RCOrderbook.market')
 reader witnesses  -> 14
 storage exposures -> 1
[MV-SI candidate 73a6c45dfe8a44e4ce7a] {closedMarkets[@local::contracts/RCOrderbook.sol::RCOrderbook.removeOldBids(address)::ReferenceVariable::REF_1159], index[$arg0][@local::contracts/RCOrderbook.sol::RCOrderbook.removeOldBids(address)::LocalVariable::_market_2][@local::contracts/RCOrderbook.sol::RCOrderbook.removeOldBids(address)::LocalVariable::i_2], market, user, userClosedMarketIndex[$arg0]}
 writer root       -> contracts/RCOrderbook.sol::RCOrderbook.cleanWastePile()
 writer effect     -> contracts/RCOrderbook.sol:802
 written member    -> ('SV', 'contracts/RCOrderbook.sol', 'RCOrderbook.user')
 potentially stale -> ('MS', 'contracts/RCOrderbook.sol', 'RCOrderbook.closedMarkets', '@local::contracts/RCOrderbook.sol::RCOrderbook.removeOldBids(address)::ReferenceVariable::REF_1159'), ('MS', 'contracts/RCOrderbook.sol', 'RCOrderbook.index', '$arg0][@local::contracts/RCOrderbook.sol::RCOrderbook.removeOldBids(address)::LocalVariable::_market_2][@local::contracts/RCOrderbook.sol::RCOrderbook.removeOldBids(address)::LocalVariable::i_2'), ('MS', 'contracts/RCOrderbook.sol', 'RCOrderbook.userClosedMarketIndex', '$arg0'), ('SV', 'contracts/RCOrderbook.sol', 'RCOrderbook.market')
 reader witnesses  -> 14
 storage exposures -> 1
[MV-SI candidate 7479929fe1555deccb81] {closedMarkets[@local::contracts/RCOrderbook.sol::RCOrderbook.removeOldBids(address)::ReferenceVariable::REF_1159], market, maxDeletions, userClosedMarketIndex[$arg0]}
 writer root       -> contracts/RCOrderbook.sol::RCOrderbook.addBidToOrderbook(address,uint256,uint256,uint256,address)
 writer effect     -> contracts/RCOrderbook.sol:200
 written member    -> ('SV', 'contracts/RCOrderbook.sol', 'RCOrderbook.market')
 potentially stale -> ('MS', 'contracts/RCOrderbook.sol', 'RCOrderbook.closedMarkets', '@local::contracts/RCOrderbook.sol::RCOrderbook.removeOldBids(address)::ReferenceVariable::REF_1159'), ('MS', 'contracts/RCOrderbook.sol', 'RCOrderbook.userClosedMarketIndex', '$arg0'), ('SV', 'contracts/RCOrderbook.sol', 'RCOrderbook.maxDeletions')
 reader witnesses  -> 7
 storage exposures -> 1
[MV-SI candidate 752db365f4e5862fb1af] {closedMarkets[@local::contracts/RCOrderbook.sol::RCOrderbook.removeOldBids(address)::ReferenceVariable::REF_1159], index[$arg0][@local::contracts/RCOrderbook.sol::RCOrderbook.removeOldBids(address)::LocalVariable::_market_2][@local::contracts/RCOrderbook.sol::RCOrderbook.removeOldBids(address)::LocalVariable::i_2], market, user, userClosedMarketIndex[$arg0]}
 writer root       -> contracts/RCOrderbook.sol::RCOrderbook.findNewOwner(uint256,uint256)
 writer effect     -> contracts/RCOrderbook.sol:830
 written member    -> ('SV', 'contracts/RCOrderbook.sol', 'RCOrderbook.user')
 potentially stale -> ('MS', 'contracts/RCOrderbook.sol', 'RCOrderbook.closedMarkets', '@local::contracts/RCOrderbook.sol::RCOrderbook.removeOldBids(address)::ReferenceVariable::REF_1159'), ('MS', 'contracts/RCOrderbook.sol', 'RCOrderbook.index', '$arg0][@local::contracts/RCOrderbook.sol::RCOrderbook.removeOldBids(address)::LocalVariable::_market_2][@local::contracts/RCOrderbook.sol::RCOrderbook.removeOldBids(address)::LocalVariable::i_2'), ('MS', 'contracts/RCOrderbook.sol', 'RCOrderbook.userClosedMarketIndex', '$arg0'), ('SV', 'contracts/RCOrderbook.sol', 'RCOrderbook.market')
 reader witnesses  -> 14
 storage exposures -> 1
[MV-SI candidate 75a152c9911a54756db9] {index[@local::contracts/RCOrderbook.sol::RCOrderbook.cleanWastePile()::LocalVariable::_user_1][@local::contracts/RCOrderbook.sol::RCOrderbook.cleanWastePile()::LocalVariable::_market_1][@local::contracts/RCOrderbook.sol::RCOrderbook.cleanWastePile()::LocalVariable::_card_1], user}
 writer root       -> contracts/RCOrderbook.sol::RCOrderbook.addBidToOrderbook(address,uint256,uint256,uint256,address)
 writer effect     -> contracts/RCOrderbook.sol:431
 written member    -> ('SV', 'contracts/RCOrderbook.sol', 'RCOrderbook.user')
 potentially stale -> ('MS', 'contracts/RCOrderbook.sol', 'RCOrderbook.index', '@local::contracts/RCOrderbook.sol::RCOrderbook.cleanWastePile()::LocalVariable::_user_1][@local::contracts/RCOrderbook.sol::RCOrderbook.cleanWastePile()::LocalVariable::_market_1][@local::contracts/RCOrderbook.sol::RCOrderbook.cleanWastePile()::LocalVariable::_card_1')
 reader witnesses  -> 4
 storage exposures -> 1
[MV-SI candidate 75c2b9f5f6e57bdc153a] {card, winningOutcome}
 writer root       -> contracts/RCMarket.sol::RCMarket.payCardAffiliate(uint256)
 writer effect     -> contracts/RCMarket.sol:648
 written member    -> ('SV', 'contracts/RCMarket.sol', 'RCMarket.card')
 potentially stale -> ('SV', 'contracts/RCMarket.sol', 'RCMarket.winningOutcome')
 reader witnesses  -> 14
 storage exposures -> 1
[MV-SI candidate 75c4c1244a0b5d7261b3] {card, cardAffiliateCut}
 writer root       -> contracts/RCMarket.sol::RCMarket.newRental(uint256,uint256,address,uint256)
 writer effect     -> contracts/RCMarket.sol:1073
 written member    -> ('SV', 'contracts/RCMarket.sol', 'RCMarket.card')
 potentially stale -> ('SV', 'contracts/RCMarket.sol', 'RCMarket.cardAffiliateCut')
 reader witnesses  -> 6
 storage exposures -> 1
[MV-SI candidate 7653f8e1c20e8c1d7421] {card, minimumPriceIncreasePercent}
 writer root       -> contracts/RCMarket.sol::RCMarket.getWinnerFromOracle()
 writer effect     -> contracts/RCMarket.sol:1074
 written member    -> ('SV', 'contracts/RCMarket.sol', 'RCMarket.card')
 potentially stale -> ('SV', 'contracts/RCMarket.sol', 'RCMarket.minimumPriceIncreasePercent')
 reader witnesses  -> 2
 storage exposures -> 1
[MV-SI candidate 766f2a3cce12b41136ae] {marketCloseLimit, user}
 writer root       -> contracts/RCOrderbook.sol::RCOrderbook.addBidToOrderbook(address,uint256,uint256,uint256,address)
 writer effect     -> contracts/RCOrderbook.sol:213
 written member    -> ('SV', 'contracts/RCOrderbook.sol', 'RCOrderbook.user')
 potentially stale -> ('SV', 'contracts/RCOrderbook.sol', 'RCOrderbook.marketCloseLimit')
 reader witnesses  -> 4
 storage exposures -> 1
[MV-SI candidate 767f8913a9258f9ac323] {index[@local::contracts/RCOrderbook.sol::RCOrderbook.cleanWastePile()::LocalVariable::_user_1][@local::contracts/RCOrderbook.sol::RCOrderbook.cleanWastePile()::LocalVariable::_market_1][@local::contracts/RCOrderbook.sol::RCOrderbook.cleanWastePile()::LocalVariable::_card_1], user}
 writer root       -> contracts/RCOrderbook.sol::RCOrderbook.removeUserFromOrderbook(address)
 writer effect     -> contracts/RCOrderbook.sol:516
 written member    -> ('SV', 'contracts/RCOrderbook.sol', 'RCOrderbook.user')
 potentially stale -> ('MS', 'contracts/RCOrderbook.sol', 'RCOrderbook.index', '@local::contracts/RCOrderbook.sol::RCOrderbook.cleanWastePile()::LocalVariable::_user_1][@local::contracts/RCOrderbook.sol::RCOrderbook.cleanWastePile()::LocalVariable::_market_1][@local::contracts/RCOrderbook.sol::RCOrderbook.cleanWastePile()::LocalVariable::_card_1')
 reader witnesses  -> 4
 storage exposures -> 1
[MV-SI candidate 769d620ac66ff18ef53e] {marketCloseLimit, user}
 writer root       -> contracts/RCOrderbook.sol::RCOrderbook.closeMarket()
 writer effect     -> contracts/RCOrderbook.sol:665
 written member    -> ('SV', 'contracts/RCOrderbook.sol', 'RCOrderbook.user')
 potentially stale -> ('SV', 'contracts/RCOrderbook.sol', 'RCOrderbook.marketCloseLimit')
 reader witnesses  -> 4
 storage exposures -> 1
[MV-SI candidate 76b0c58e5dcd85d28a0f] {card, minimumPriceIncreasePercent}
 writer root       -> contracts/RCMarket.sol::RCMarket.setAmicableResolution(uint256)
 writer effect     -> contracts/RCMarket.sol:1087
 written member    -> ('SV', 'contracts/RCMarket.sol', 'RCMarket.card')
 potentially stale -> ('SV', 'contracts/RCMarket.sol', 'RCMarket.minimumPriceIncreasePercent')
 reader witnesses  -> 2
 storage exposures -> 1
[MV-SI candidate 772b119a8addda8990da] {card, marketLockingTime}
 writer root       -> contracts/RCMarket.sol::RCMarket.updateTimeHeldLimit(uint256,uint256)
 writer effect     -> contracts/RCMarket.sol:1087
 written member    -> ('SV', 'contracts/RCMarket.sol', 'RCMarket.card')
 potentially stale -> ('SV', 'contracts/RCMarket.sol', 'RCMarket.marketLockingTime')
 reader witnesses  -> 30
 storage exposures -> 1
[MV-SI candidate 772d2cb61a515ad8b681] {card, winnerCut, winningOutcome}
 writer root       -> contracts/RCMarket.sol::RCMarket.exit(uint256)
 writer effect     -> contracts/RCMarket.sol:1081
 written member    -> ('SV', 'contracts/RCMarket.sol', 'RCMarket.card')
 potentially stale -> ('SV', 'contracts/RCMarket.sol', 'RCMarket.winnerCut'), ('SV', 'contracts/RCMarket.sol', 'RCMarket.winningOutcome')
 reader witnesses  -> 9
 storage exposures -> 1
[MV-SI candidate 772fa8c0af8362f33470] {closedMarkets[@local::contracts/RCOrderbook.sol::RCOrderbook.removeOldBids(address)::ReferenceVariable::REF_1159], index[$arg0][@local::contracts/RCOrderbook.sol::RCOrderbook.removeOldBids(address)::LocalVariable::_market_2][@local::contracts/RCOrderbook.sol::RCOrderbook.removeOldBids(address)::LocalVariable::i_2], market, user, userClosedMarketIndex[$arg0]}
 writer root       -> contracts/RCOrderbook.sol::RCOrderbook.closeMarket()
 writer effect     -> contracts/RCOrderbook.sol:696
 written member    -> ('SV', 'contracts/RCOrderbook.sol', 'RCOrderbook.user')
 potentially stale -> ('MS', 'contracts/RCOrderbook.sol', 'RCOrderbook.closedMarkets', '@local::contracts/RCOrderbook.sol::RCOrderbook.removeOldBids(address)::ReferenceVariable::REF_1159'), ('MS', 'contracts/RCOrderbook.sol', 'RCOrderbook.index', '$arg0][@local::contracts/RCOrderbook.sol::RCOrderbook.removeOldBids(address)::LocalVariable::_market_2][@local::contracts/RCOrderbook.sol::RCOrderbook.removeOldBids(address)::LocalVariable::i_2'), ('MS', 'contracts/RCOrderbook.sol', 'RCOrderbook.userClosedMarketIndex', '$arg0'), ('SV', 'contracts/RCOrderbook.sol', 'RCOrderbook.market')
 reader witnesses  -> 14
 storage exposures -> 1
[MV-SI candidate 774195ac68a3e71649d2] {maxDeletions, user}
 writer root       -> contracts/RCOrderbook.sol::RCOrderbook.removeOldBids(address)
 writer effect     -> contracts/RCOrderbook.sol:830
 written member    -> ('SV', 'contracts/RCOrderbook.sol', 'RCOrderbook.user')
 potentially stale -> ('SV', 'contracts/RCOrderbook.sol', 'RCOrderbook.maxDeletions')
 reader witnesses  -> 10
 storage exposures -> 1
[MV-SI candidate 778d438a7de85e3afb3f] {card, winningOutcome}
 writer root       -> contracts/RCMarket.sol::RCMarket.exitAll()
 writer effect     -> contracts/RCMarket.sol:1049
 written member    -> ('SV', 'contracts/RCMarket.sol', 'RCMarket.card')
 potentially stale -> ('SV', 'contracts/RCMarket.sol', 'RCMarket.winningOutcome')
 reader witnesses  -> 14
 storage exposures -> 1
[MV-SI candidate 77b13857d5cc092f0abc] {index[@local::contracts/RCOrderbook.sol::RCOrderbook.closeMarket()::LocalVariable::_market_1][@local::contracts/RCOrderbook.sol::RCOrderbook.closeMarket()::LocalVariable::_market_1][@local::contracts/RCOrderbook.sol::RCOrderbook.closeMarket()::LocalVariable::i_2], user}
 writer root       -> contracts/RCOrderbook.sol::RCOrderbook.findNewOwner(uint256,uint256)
 writer effect     -> contracts/RCOrderbook.sol:516
 written member    -> ('SV', 'contracts/RCOrderbook.sol', 'RCOrderbook.user')
 potentially stale -> ('MS', 'contracts/RCOrderbook.sol', 'RCOrderbook.index', '@local::contracts/RCOrderbook.sol::RCOrderbook.closeMarket()::LocalVariable::_market_1][@local::contracts/RCOrderbook.sol::RCOrderbook.closeMarket()::LocalVariable::_market_1][@local::contracts/RCOrderbook.sol::RCOrderbook.closeMarket()::LocalVariable::i_2')
 reader witnesses  -> 1
 storage exposures -> 1
[MV-SI candidate 77ceba077b37dd70169e] {affiliateCut, artistCut, cardAffiliateCut, card[@local::contracts/RCMarket.sol::RCMarket._payoutWinnings()::TemporaryVariable::TMP_1488], creatorCut, rentCollectedPerUserPerCard[@local::contracts/RCMarket.sol::RCMarket._payoutWinnings()::TemporaryVariable::TMP_1483][@state::contracts/RCMarket.sol::RCMarket.winningOutcome], totalRentCollected, winnerCut, winningOutcome}
 writer root       -> contracts/RCMarket.sol::RCMarket.getWinnerFromOracle()
 writer effect     -> contracts/RCMarket.sol:518
 written member    -> ('SV', 'contracts/RCMarket.sol', 'RCMarket.winningOutcome')
 potentially stale -> ('MS', 'contracts/RCMarket.sol', 'RCMarket.card', '@local::contracts/RCMarket.sol::RCMarket._payoutWinnings()::TemporaryVariable::TMP_1488'), ('MS', 'contracts/RCMarket.sol', 'RCMarket.rentCollectedPerUserPerCard', '@local::contracts/RCMarket.sol::RCMarket._payoutWinnings()::TemporaryVariable::TMP_1483][@state::contracts/RCMarket.sol::RCMarket.winningOutcome'), ('SV', 'contracts/RCMarket.sol', 'RCMarket.affiliateCut'), ('SV', 'contracts/RCMarket.sol', 'RCMarket.artistCut'), ('SV', 'contracts/RCMarket.sol', 'RCMarket.cardAffiliateCut'), ('SV', 'contracts/RCMarket.sol', 'RCMarket.creatorCut'), ('SV', 'contracts/RCMarket.sol', 'RCMarket.totalRentCollected'), ('SV', 'contracts/RCMarket.sol', 'RCMarket.winnerCut')
 reader witnesses  -> 22
 storage exposures -> 1
[MV-SI candidate 77ec0c3d3798cc6a45d6] {marketCloseLimit, user}
 writer root       -> contracts/RCOrderbook.sol::RCOrderbook.addBidToOrderbook(address,uint256,uint256,uint256,address)
 writer effect     -> contracts/RCOrderbook.sol:797
 written member    -> ('SV', 'contracts/RCOrderbook.sol', 'RCOrderbook.user')
 potentially stale -> ('SV', 'contracts/RCOrderbook.sol', 'RCOrderbook.marketCloseLimit')
 reader witnesses  -> 4
 storage exposures -> 1
[MV-SI candidate 77f03f627ec95d9bbffe] {index[@local::contracts/RCOrderbook.sol::RCOrderbook.cleanWastePile()::LocalVariable::_user_1][@local::contracts/RCOrderbook.sol::RCOrderbook.cleanWastePile()::LocalVariable::_market_1][@local::contracts/RCOrderbook.sol::RCOrderbook.cleanWastePile()::LocalVariable::_card_1], user}
 writer root       -> contracts/RCOrderbook.sol::RCOrderbook.removeOldBids(address)
 writer effect     -> contracts/RCOrderbook.sol:830
 written member    -> ('SV', 'contracts/RCOrderbook.sol', 'RCOrderbook.user')
 potentially stale -> ('MS', 'contracts/RCOrderbook.sol', 'RCOrderbook.index', '@local::contracts/RCOrderbook.sol::RCOrderbook.cleanWastePile()::LocalVariable::_user_1][@local::contracts/RCOrderbook.sol::RCOrderbook.cleanWastePile()::LocalVariable::_market_1][@local::contracts/RCOrderbook.sol::RCOrderbook.cleanWastePile()::LocalVariable::_card_1')
 reader witnesses  -> 4
 storage exposures -> 1
[MV-SI candidate 7825668d6984687c0911] {card, cardAffiliateCut}
 writer root       -> contracts/RCMarket.sol::RCMarket.collectRent(uint256)
 writer effect     -> contracts/RCMarket.sol:1068
 written member    -> ('SV', 'contracts/RCMarket.sol', 'RCMarket.card')
 potentially stale -> ('SV', 'contracts/RCMarket.sol', 'RCMarket.cardAffiliateCut')
 reader witnesses  -> 3
 storage exposures -> 1
[MV-SI candidate 78c692cd85b4598894a2] {cleaningLoops, user}
 writer root       -> contracts/RCOrderbook.sol::RCOrderbook.addBidToOrderbook(address,uint256,uint256,uint256,address)
 writer effect     -> contracts/RCOrderbook.sol:404
 written member    -> ('SV', 'contracts/RCOrderbook.sol', 'RCOrderbook.user')
 potentially stale -> ('SV', 'contracts/RCOrderbook.sol', 'RCOrderbook.cleaningLoops')
 reader witnesses  -> 2
 storage exposures -> 1
[MV-SI candidate 791baea72eb5b16d12a0] {cleaningLoops, user}
 writer root       -> contracts/RCOrderbook.sol::RCOrderbook.removeOldBids(address)
 writer effect     -> contracts/RCOrderbook.sol:736
 written member    -> ('SV', 'contracts/RCOrderbook.sol', 'RCOrderbook.user')
 potentially stale -> ('SV', 'contracts/RCOrderbook.sol', 'RCOrderbook.cleaningLoops')
 reader witnesses  -> 2
 storage exposures -> 1
[MV-SI candidate 7976f6baa8be3b283e75] {card, marketLockingTime}
 writer root       -> contracts/RCMarket.sol::RCMarket.rentAllCards(uint256)
 writer effect     -> contracts/RCMarket.sol:1087
 written member    -> ('SV', 'contracts/RCMarket.sol', 'RCMarket.card')
 potentially stale -> ('SV', 'contracts/RCMarket.sol', 'RCMarket.marketLockingTime')
 reader witnesses  -> 60
 storage exposures -> 1
[MV-SI candidate 79a34cac7a6e2e68d068] {marketCloseLimit, user}
 writer root       -> contracts/RCOrderbook.sol::RCOrderbook.removeBidFromOrderbook(address,uint256)
 writer effect     -> contracts/RCOrderbook.sol:830
 written member    -> ('SV', 'contracts/RCOrderbook.sol', 'RCOrderbook.user')
 potentially stale -> ('SV', 'contracts/RCOrderbook.sol', 'RCOrderbook.marketCloseLimit')
 reader witnesses  -> 4
 storage exposures -> 1
[MV-SI candidate 79dd8ba8c1999dd80a6e] {_operatorApprovals[$arg0][$arg1], _owners[$arg0], _tokenApprovals[$arg0]}
 writer root       -> contracts/nfthubs/RCNftHubL2.sol::RCNftHubL2.transferNft(address,address,uint256)
 writer effect     -> @openzeppelin/contracts/token/ERC721/ERC721.sol:344
 written member    -> ('MS', '@openzeppelin/contracts/token/ERC721/ERC721.sol', 'ERC721._owners', '$arg0')
 potentially stale -> ('MS', '@openzeppelin/contracts/token/ERC721/ERC721.sol', 'ERC721._operatorApprovals', '$arg0][$arg1'), ('MS', '@openzeppelin/contracts/token/ERC721/ERC721.sol', 'ERC721._tokenApprovals', '$arg0')
 reader witnesses  -> 6
 storage exposures -> 1
[MV-SI candidate 79df1de25b1dd86e6b2b] {card, cardAffiliateCut}
 writer root       -> contracts/RCMarket.sol::RCMarket.initialize(IRCMarket.Mode,uint32[],uint256,address,address,address[],address,string,uint256)
 writer effect     -> contracts/RCMarket.sol:244
 written member    -> ('SV', 'contracts/RCMarket.sol', 'RCMarket.cardAffiliateCut')
 potentially stale -> ('SV', 'contracts/RCMarket.sol', 'RCMarket.card')
 reader witnesses  -> 172
 storage exposures -> 1
[MV-SI candidate 7a040862d6dc374fd8af] {card, minimumPriceIncreasePercent}
 writer root       -> contracts/RCMarket.sol::RCMarket.newRental(uint256,uint256,address,uint256)
 writer effect     -> contracts/RCMarket.sol:1073
 written member    -> ('SV', 'contracts/RCMarket.sol', 'RCMarket.card')
 potentially stale -> ('SV', 'contracts/RCMarket.sol', 'RCMarket.minimumPriceIncreasePercent')
 reader witnesses  -> 4
 storage exposures -> 1
[MV-SI candidate 7a6341a740a89b07a106] {index[@local::contracts/RCOrderbook.sol::RCOrderbook.closeMarket()::LocalVariable::_market_1][@local::contracts/RCOrderbook.sol::RCOrderbook.closeMarket()::LocalVariable::_market_1][@local::contracts/RCOrderbook.sol::RCOrderbook.closeMarket()::LocalVariable::i_2], user}
 writer root       -> contracts/RCOrderbook.sol::RCOrderbook.removeUserFromOrderbook(address)
 writer effect     -> contracts/RCOrderbook.sol:632
 written member    -> ('SV', 'contracts/RCOrderbook.sol', 'RCOrderbook.user')
 potentially stale -> ('MS', 'contracts/RCOrderbook.sol', 'RCOrderbook.index', '@local::contracts/RCOrderbook.sol::RCOrderbook.closeMarket()::LocalVariable::_market_1][@local::contracts/RCOrderbook.sol::RCOrderbook.closeMarket()::LocalVariable::_market_1][@local::contracts/RCOrderbook.sol::RCOrderbook.closeMarket()::LocalVariable::i_2')
 reader witnesses  -> 1
 storage exposures -> 1
[MV-SI candidate 7c076c1269d5e385cff1] {index[$arg4][@local::contracts/RCOrderbook.sol::RCOrderbook.addBidToOrderbook(address,uint256,uint256,uint256,address)::LocalVariable::_market_1][$arg1], user}
 writer root       -> contracts/RCOrderbook.sol::RCOrderbook.closeMarket()
 writer effect     -> contracts/RCOrderbook.sol:699
 written member    -> ('SV', 'contracts/RCOrderbook.sol', 'RCOrderbook.user')
 potentially stale -> ('MS', 'contracts/RCOrderbook.sol', 'RCOrderbook.index', '$arg4][@local::contracts/RCOrderbook.sol::RCOrderbook.addBidToOrderbook(address,uint256,uint256,uint256,address)::LocalVariable::_market_1][$arg1')
 reader witnesses  -> 6
 storage exposures -> 1
[MV-SI candidate 7c2a7193669f95565b7b] {affiliateCut, artistCut, cardAffiliateCut, card[@local::contracts/RCMarket.sol::RCMarket._payoutWinnings()::TemporaryVariable::TMP_1488], creatorCut, rentCollectedPerUserPerCard[@local::contracts/RCMarket.sol::RCMarket._payoutWinnings()::TemporaryVariable::TMP_1483][@state::contracts/RCMarket.sol::RCMarket.winningOutcome], totalRentCollected, winnerCut, winningOutcome}
 writer root       -> contracts/RCMarket.sol::RCMarket.initialize(IRCMarket.Mode,uint32[],uint256,address,address,address[],address,string,uint256)
 writer effect     -> contracts/RCMarket.sol:252
 written member    -> ('SV', 'contracts/RCMarket.sol', 'RCMarket.artistCut')
 potentially stale -> ('MS', 'contracts/RCMarket.sol', 'RCMarket.card', '@local::contracts/RCMarket.sol::RCMarket._payoutWinnings()::TemporaryVariable::TMP_1488'), ('MS', 'contracts/RCMarket.sol', 'RCMarket.rentCollectedPerUserPerCard', '@local::contracts/RCMarket.sol::RCMarket._payoutWinnings()::TemporaryVariable::TMP_1483][@state::contracts/RCMarket.sol::RCMarket.winningOutcome'), ('SV', 'contracts/RCMarket.sol', 'RCMarket.affiliateCut'), ('SV', 'contracts/RCMarket.sol', 'RCMarket.cardAffiliateCut'), ('SV', 'contracts/RCMarket.sol', 'RCMarket.creatorCut'), ('SV', 'contracts/RCMarket.sol', 'RCMarket.totalRentCollected'), ('SV', 'contracts/RCMarket.sol', 'RCMarket.winnerCut'), ('SV', 'contracts/RCMarket.sol', 'RCMarket.winningOutcome')
 reader witnesses  -> 25
 storage exposures -> 1
[MV-SI candidate 7c58ec5890f3adc20ce3] {index[$arg4][@local::contracts/RCOrderbook.sol::RCOrderbook.addBidToOrderbook(address,uint256,uint256,uint256,address)::LocalVariable::_market_1][$arg1], user}
 writer root       -> contracts/RCOrderbook.sol::RCOrderbook.removeUserFromOrderbook(address)
 writer effect     -> contracts/RCOrderbook.sol:516
 written member    -> ('SV', 'contracts/RCOrderbook.sol', 'RCOrderbook.user')
 potentially stale -> ('MS', 'contracts/RCOrderbook.sol', 'RCOrderbook.index', '$arg4][@local::contracts/RCOrderbook.sol::RCOrderbook.addBidToOrderbook(address,uint256,uint256,uint256,address)::LocalVariable::_market_1][$arg1')
 reader witnesses  -> 6
 storage exposures -> 1
[MV-SI candidate 7c5cb5177e3ebdf544ab] {closedMarkets[@local::contracts/RCOrderbook.sol::RCOrderbook.removeOldBids(address)::ReferenceVariable::REF_1159], index[$arg0][@local::contracts/RCOrderbook.sol::RCOrderbook.removeOldBids(address)::LocalVariable::_market_2][@local::contracts/RCOrderbook.sol::RCOrderbook.removeOldBids(address)::LocalVariable::i_2], market, user, userClosedMarketIndex[$arg0]}
 writer root       -> contracts/RCOrderbook.sol::RCOrderbook.addBidToOrderbook(address,uint256,uint256,uint256,address)
 writer effect     -> contracts/RCOrderbook.sol:792
 written member    -> ('SV', 'contracts/RCOrderbook.sol', 'RCOrderbook.user')
 potentially stale -> ('MS', 'contracts/RCOrderbook.sol', 'RCOrderbook.closedMarkets', '@local::contracts/RCOrderbook.sol::RCOrderbook.removeOldBids(address)::ReferenceVariable::REF_1159'), ('MS', 'contracts/RCOrderbook.sol', 'RCOrderbook.index', '$arg0][@local::contracts/RCOrderbook.sol::RCOrderbook.removeOldBids(address)::LocalVariable::_market_2][@local::contracts/RCOrderbook.sol::RCOrderbook.removeOldBids(address)::LocalVariable::i_2'), ('MS', 'contracts/RCOrderbook.sol', 'RCOrderbook.userClosedMarketIndex', '$arg0'), ('SV', 'contracts/RCOrderbook.sol', 'RCOrderbook.market')
 reader witnesses  -> 14
 storage exposures -> 1
[MV-SI candidate 7c73717b02aba1757498] {cleaningLoops, user}
 writer root       -> contracts/RCOrderbook.sol::RCOrderbook.closeMarket()
 writer effect     -> contracts/RCOrderbook.sol:684
 written member    -> ('SV', 'contracts/RCOrderbook.sol', 'RCOrderbook.user')
 potentially stale -> ('SV', 'contracts/RCOrderbook.sol', 'RCOrderbook.cleaningLoops')
 reader witnesses  -> 2
 storage exposures -> 1
[MV-SI candidate 7c92032e0260ba984fbc] {card, marketLockingTime}
 writer root       -> contracts/RCMarket.sol::RCMarket.initialize(IRCMarket.Mode,uint32[],uint256,address,address,address[],address,string,uint256)
 writer effect     -> contracts/RCMarket.sol:234
 written member    -> ('SV', 'contracts/RCMarket.sol', 'RCMarket.marketLockingTime')
 potentially stale -> ('SV', 'contracts/RCMarket.sol', 'RCMarket.card')
 reader witnesses  -> 172
 storage exposures -> 1
[MV-SI candidate 7c94510906c50a746986] {card, minimumPriceIncreasePercent}
 writer root       -> contracts/RCMarket.sol::RCMarket.transferCard(address,address,uint256,uint256,uint256)
 writer effect     -> contracts/RCMarket.sol:378
 written member    -> ('SV', 'contracts/RCMarket.sol', 'RCMarket.card')
 potentially stale -> ('SV', 'contracts/RCMarket.sol', 'RCMarket.minimumPriceIncreasePercent')
 reader witnesses  -> 2
 storage exposures -> 1
[MV-SI candidate 7cbb6b5b039383ea8345] {index[@local::contracts/RCOrderbook.sol::RCOrderbook.cleanWastePile()::LocalVariable::_user_1][@local::contracts/RCOrderbook.sol::RCOrderbook.cleanWastePile()::LocalVariable::_market_1][@local::contracts/RCOrderbook.sol::RCOrderbook.cleanWastePile()::LocalVariable::_card_1], user}
 writer root       -> contracts/RCOrderbook.sol::RCOrderbook.addBidToOrderbook(address,uint256,uint256,uint256,address)
 writer effect     -> contracts/RCOrderbook.sol:422
 written member    -> ('SV', 'contracts/RCOrderbook.sol', 'RCOrderbook.user')
 potentially stale -> ('MS', 'contracts/RCOrderbook.sol', 'RCOrderbook.index', '@local::contracts/RCOrderbook.sol::RCOrderbook.cleanWastePile()::LocalVariable::_user_1][@local::contracts/RCOrderbook.sol::RCOrderbook.cleanWastePile()::LocalVariable::_market_1][@local::contracts/RCOrderbook.sol::RCOrderbook.cleanWastePile()::LocalVariable::_card_1')
 reader witnesses  -> 4
 storage exposures -> 1
[MV-SI candidate 7cc77dae58e0320fa6fc] {marketBalance, totalDeposits, totalMarketPots}
 writer root       -> contracts/RCTreasury.sol::RCTreasury.withdrawDeposit(uint256,bool)
 writer effect     -> contracts/RCTreasury.sol:858
 written member    -> ('SV', 'contracts/RCTreasury.sol', 'RCTreasury.marketBalance')
 potentially stale -> ('SV', 'contracts/RCTreasury.sol', 'RCTreasury.totalDeposits'), ('SV', 'contracts/RCTreasury.sol', 'RCTreasury.totalMarketPots')
 reader witnesses  -> 17
 storage exposures -> 1
[MV-SI candidate 7ceaf5a4c834f6b708ff] {card, winningOutcome}
 writer root       -> contracts/RCMarket.sol::RCMarket.lockMarket()
 writer effect     -> contracts/RCMarket.sol:1081
 written member    -> ('SV', 'contracts/RCMarket.sol', 'RCMarket.card')
 potentially stale -> ('SV', 'contracts/RCMarket.sol', 'RCMarket.winningOutcome')
 reader witnesses  -> 14
 storage exposures -> 1
[MV-SI candidate 7d3fa59894140fee4da9] {card, cardAffiliateCut}
 writer root       -> contracts/RCMarket.sol::RCMarket.setAmicableResolution(uint256)
 writer effect     -> contracts/RCMarket.sol:1081
 written member    -> ('SV', 'contracts/RCMarket.sol', 'RCMarket.card')
 potentially stale -> ('SV', 'contracts/RCMarket.sol', 'RCMarket.cardAffiliateCut')
 reader witnesses  -> 3
 storage exposures -> 1
[MV-SI candidate 7d6044609ae28e949f4b] {maxDeletions, user}
 writer root       -> contracts/RCOrderbook.sol::RCOrderbook.addBidToOrderbook(address,uint256,uint256,uint256,address)
 writer effect     -> contracts/RCOrderbook.sol:311
 written member    -> ('SV', 'contracts/RCOrderbook.sol', 'RCOrderbook.user')
 potentially stale -> ('SV', 'contracts/RCOrderbook.sol', 'RCOrderbook.maxDeletions')
 reader witnesses  -> 10
 storage exposures -> 1
[MV-SI candidate 7d6771dbd6c9de6f1b42] {market, maxDeletions}
 writer root       -> contracts/RCOrderbook.sol::RCOrderbook.addBidToOrderbook(address,uint256,uint256,uint256,address)
 writer effect     -> contracts/RCOrderbook.sol:200
 written member    -> ('SV', 'contracts/RCOrderbook.sol', 'RCOrderbook.market')
 potentially stale -> ('SV', 'contracts/RCOrderbook.sol', 'RCOrderbook.maxDeletions')
 reader witnesses  -> 5
 storage exposures -> 1
[MV-SI candidate 7d919b43da712e5fe266] {_operatorApprovals[$arg0][$arg1], _owners[$arg0], _tokenApprovals[$arg0]}
 writer root       -> @openzeppelin/contracts/token/ERC721/ERC721.sol::ERC721.safeTransferFrom(address,address,uint256)
 writer effect     -> @openzeppelin/contracts/token/ERC721/ERC721.sol:344
 written member    -> ('MS', '@openzeppelin/contracts/token/ERC721/ERC721.sol', 'ERC721._owners', '$arg0')
 potentially stale -> ('MS', '@openzeppelin/contracts/token/ERC721/ERC721.sol', 'ERC721._operatorApprovals', '$arg0][$arg1'), ('MS', '@openzeppelin/contracts/token/ERC721/ERC721.sol', 'ERC721._tokenApprovals', '$arg0')
 reader witnesses  -> 18
 storage exposures -> 3
[MV-SI candidate 7dacf179a8cb686120eb] {marketBalance, totalDeposits, totalMarketPots}
 writer root       -> contracts/RCTreasury.sol::RCTreasury.refundUser(address,uint256)
 writer effect     -> contracts/RCTreasury.sol:540
 written member    -> ('SV', 'contracts/RCTreasury.sol', 'RCTreasury.marketBalance')
 potentially stale -> ('SV', 'contracts/RCTreasury.sol', 'RCTreasury.totalDeposits'), ('SV', 'contracts/RCTreasury.sol', 'RCTreasury.totalMarketPots')
 reader witnesses  -> 17
 storage exposures -> 1
[MV-SI candidate 7de739df95ef27b9e832] {cleaningLoops, user}
 writer root       -> contracts/RCOrderbook.sol::RCOrderbook.findNewOwner(uint256,uint256)
 writer effect     -> contracts/RCOrderbook.sol:517
 written member    -> ('SV', 'contracts/RCOrderbook.sol', 'RCOrderbook.user')
 potentially stale -> ('SV', 'contracts/RCOrderbook.sol', 'RCOrderbook.cleaningLoops')
 reader witnesses  -> 2
 storage exposures -> 1
[MV-SI candidate 7e2bec1d0caa92e49a95] {closedMarkets[@local::contracts/RCOrderbook.sol::RCOrderbook.removeOldBids(address)::ReferenceVariable::REF_1159], index[$arg0][@local::contracts/RCOrderbook.sol::RCOrderbook.removeOldBids(address)::LocalVariable::_market_2][@local::contracts/RCOrderbook.sol::RCOrderbook.removeOldBids(address)::LocalVariable::i_2], market, user, userClosedMarketIndex[$arg0]}
 writer root       -> contracts/RCOrderbook.sol::RCOrderbook.closeMarket()
 writer effect     -> contracts/RCOrderbook.sol:699
 written member    -> ('SV', 'contracts/RCOrderbook.sol', 'RCOrderbook.user')
 potentially stale -> ('MS', 'contracts/RCOrderbook.sol', 'RCOrderbook.closedMarkets', '@local::contracts/RCOrderbook.sol::RCOrderbook.removeOldBids(address)::ReferenceVariable::REF_1159'), ('MS', 'contracts/RCOrderbook.sol', 'RCOrderbook.index', '$arg0][@local::contracts/RCOrderbook.sol::RCOrderbook.removeOldBids(address)::LocalVariable::_market_2][@local::contracts/RCOrderbook.sol::RCOrderbook.removeOldBids(address)::LocalVariable::i_2'), ('MS', 'contracts/RCOrderbook.sol', 'RCOrderbook.userClosedMarketIndex', '$arg0'), ('SV', 'contracts/RCOrderbook.sol', 'RCOrderbook.market')
 reader witnesses  -> 14
 storage exposures -> 1
[MV-SI candidate 7e5c3db2cffb7c8bddfc] {marketCloseLimit, user}
 writer root       -> contracts/RCOrderbook.sol::RCOrderbook.findNewOwner(uint256,uint256)
 writer effect     -> contracts/RCOrderbook.sol:830
 written member    -> ('SV', 'contracts/RCOrderbook.sol', 'RCOrderbook.user')
 potentially stale -> ('SV', 'contracts/RCOrderbook.sol', 'RCOrderbook.marketCloseLimit')
 reader witnesses  -> 4
 storage exposures -> 1
[MV-SI candidate 7ebe7cdc7371e79a1f0d] {marketOpeningTime, state}
 writer root       -> contracts/RCMarket.sol::RCMarket.initialize(IRCMarket.Mode,uint32[],uint256,address,address,address[],address,string,uint256)
 writer effect     -> contracts/RCMarket.sol:1115
 written member    -> ('SV', 'contracts/RCMarket.sol', 'RCMarket.state')
 potentially stale -> ('SV', 'contracts/RCMarket.sol', 'RCMarket.marketOpeningTime')
 reader witnesses  -> 3
 storage exposures -> 1
[MV-SI candidate 7ef6eecc0d0013406e8d] {card, winnerCut, winningOutcome}
 writer root       -> contracts/RCMarket.sol::RCMarket.initialize(IRCMarket.Mode,uint32[],uint256,address,address,address[],address,string,uint256)
 writer effect     -> contracts/RCMarket.sol:228
 written member    -> ('SV', 'contracts/RCMarket.sol', 'RCMarket.winningOutcome')
 potentially stale -> ('SV', 'contracts/RCMarket.sol', 'RCMarket.card'), ('SV', 'contracts/RCMarket.sol', 'RCMarket.winnerCut')
 reader witnesses  -> 174
 storage exposures -> 1
[MV-SI candidate 7f778edaaf5d6df0a380] {card, winnerCut, winningOutcome}
 writer root       -> contracts/RCMarket.sol::RCMarket.newRental(uint256,uint256,address,uint256)
 writer effect     -> contracts/RCMarket.sol:1087
 written member    -> ('SV', 'contracts/RCMarket.sol', 'RCMarket.card')
 potentially stale -> ('SV', 'contracts/RCMarket.sol', 'RCMarket.winnerCut'), ('SV', 'contracts/RCMarket.sol', 'RCMarket.winningOutcome')
 reader witnesses  -> 18
 storage exposures -> 1
[MV-SI candidate 7fa049c7e28ee43eaf21] {affiliateCut, artistCut, cardAffiliateCut, card[@local::contracts/RCMarket.sol::RCMarket._payoutWinnings()::TemporaryVariable::TMP_1488], creatorCut, rentCollectedPerUserPerCard[@local::contracts/RCMarket.sol::RCMarket._payoutWinnings()::TemporaryVariable::TMP_1483][@state::contracts/RCMarket.sol::RCMarket.winningOutcome], totalRentCollected, winnerCut, winningOutcome}
 writer root       -> contracts/RCMarket.sol::RCMarket.rentAllCards(uint256)
 writer effect     -> contracts/RCMarket.sol:1090
 written member    -> ('SV', 'contracts/RCMarket.sol', 'RCMarket.totalRentCollected')
 potentially stale -> ('MS', 'contracts/RCMarket.sol', 'RCMarket.card', '@local::contracts/RCMarket.sol::RCMarket._payoutWinnings()::TemporaryVariable::TMP_1488'), ('MS', 'contracts/RCMarket.sol', 'RCMarket.rentCollectedPerUserPerCard', '@local::contracts/RCMarket.sol::RCMarket._payoutWinnings()::TemporaryVariable::TMP_1483][@state::contracts/RCMarket.sol::RCMarket.winningOutcome'), ('SV', 'contracts/RCMarket.sol', 'RCMarket.affiliateCut'), ('SV', 'contracts/RCMarket.sol', 'RCMarket.artistCut'), ('SV', 'contracts/RCMarket.sol', 'RCMarket.cardAffiliateCut'), ('SV', 'contracts/RCMarket.sol', 'RCMarket.creatorCut'), ('SV', 'contracts/RCMarket.sol', 'RCMarket.winnerCut'), ('SV', 'contracts/RCMarket.sol', 'RCMarket.winningOutcome')
 reader witnesses  -> 22
 storage exposures -> 1
[MV-SI candidate 7fc94f05103474ba9f27] {maxDeletions, user}
 writer root       -> contracts/RCOrderbook.sol::RCOrderbook.removeOldBids(address)
 writer effect     -> contracts/RCOrderbook.sol:739
 written member    -> ('SV', 'contracts/RCOrderbook.sol', 'RCOrderbook.user')
 potentially stale -> ('SV', 'contracts/RCOrderbook.sol', 'RCOrderbook.maxDeletions')
 reader witnesses  -> 10
 storage exposures -> 1
[MV-SI candidate 7ff2200e40ae7f443c5b] {index[@local::contracts/RCOrderbook.sol::RCOrderbook.closeMarket()::LocalVariable::_market_1][@local::contracts/RCOrderbook.sol::RCOrderbook.closeMarket()::LocalVariable::_market_1][@local::contracts/RCOrderbook.sol::RCOrderbook.closeMarket()::LocalVariable::i_2], user}
 writer root       -> contracts/RCOrderbook.sol::RCOrderbook.removeOldBids(address)
 writer effect     -> contracts/RCOrderbook.sol:734
 written member    -> ('SV', 'contracts/RCOrderbook.sol', 'RCOrderbook.user')
 potentially stale -> ('MS', 'contracts/RCOrderbook.sol', 'RCOrderbook.index', '@local::contracts/RCOrderbook.sol::RCOrderbook.closeMarket()::LocalVariable::_market_1][@local::contracts/RCOrderbook.sol::RCOrderbook.closeMarket()::LocalVariable::_market_1][@local::contracts/RCOrderbook.sol::RCOrderbook.closeMarket()::LocalVariable::i_2')
 reader witnesses  -> 1
 storage exposures -> 1
[MV-SI candidate 8003d0dd12e9cfcf7535] {card, winningOutcome}
 writer root       -> contracts/RCMarket.sol::RCMarket.updateTimeHeldLimit(uint256,uint256)
 writer effect     -> contracts/RCMarket.sol:1074
 written member    -> ('SV', 'contracts/RCMarket.sol', 'RCMarket.card')
 potentially stale -> ('SV', 'contracts/RCMarket.sol', 'RCMarket.winningOutcome')
 reader witnesses  -> 14
 storage exposures -> 1
[MV-SI candidate 80a2a03eae6e875258eb] {index[$arg4][@local::contracts/RCOrderbook.sol::RCOrderbook.addBidToOrderbook(address,uint256,uint256,uint256,address)::LocalVariable::_market_1][$arg1], user}
 writer root       -> contracts/RCOrderbook.sol::RCOrderbook.removeUserFromOrderbook(address)
 writer effect     -> contracts/RCOrderbook.sol:536
 written member    -> ('SV', 'contracts/RCOrderbook.sol', 'RCOrderbook.user')
 potentially stale -> ('MS', 'contracts/RCOrderbook.sol', 'RCOrderbook.index', '$arg4][@local::contracts/RCOrderbook.sol::RCOrderbook.addBidToOrderbook(address,uint256,uint256,uint256,address)::LocalVariable::_market_1][$arg1')
 reader witnesses  -> 6
 storage exposures -> 1
[MV-SI candidate 80ef8da17b17f9853677] {card, cardAffiliateCut}
 writer root       -> contracts/RCMarket.sol::RCMarket.setAmicableResolution(uint256)
 writer effect     -> contracts/RCMarket.sol:1049
 written member    -> ('SV', 'contracts/RCMarket.sol', 'RCMarket.card')
 potentially stale -> ('SV', 'contracts/RCMarket.sol', 'RCMarket.cardAffiliateCut')
 reader witnesses  -> 3
 storage exposures -> 1
[MV-SI candidate 815e9c54ac822facdf88] {card, cardAffiliateCut}
 writer root       -> contracts/RCMarket.sol::RCMarket.rentAllCards(uint256)
 writer effect     -> contracts/RCMarket.sol:1081
 written member    -> ('SV', 'contracts/RCMarket.sol', 'RCMarket.card')
 potentially stale -> ('SV', 'contracts/RCMarket.sol', 'RCMarket.cardAffiliateCut')
 reader witnesses  -> 6
 storage exposures -> 1
[MV-SI candidate 81670d782391d33a22e4] {index[@local::contracts/RCOrderbook.sol::RCOrderbook.cleanWastePile()::LocalVariable::_user_1][@local::contracts/RCOrderbook.sol::RCOrderbook.cleanWastePile()::LocalVariable::_market_1][@local::contracts/RCOrderbook.sol::RCOrderbook.cleanWastePile()::LocalVariable::_card_1], user}
 writer root       -> contracts/RCOrderbook.sol::RCOrderbook.cleanWastePile()
 writer effect     -> contracts/RCOrderbook.sol:784
 written member    -> ('SV', 'contracts/RCOrderbook.sol', 'RCOrderbook.user')
 potentially stale -> ('MS', 'contracts/RCOrderbook.sol', 'RCOrderbook.index', '@local::contracts/RCOrderbook.sol::RCOrderbook.cleanWastePile()::LocalVariable::_user_1][@local::contracts/RCOrderbook.sol::RCOrderbook.cleanWastePile()::LocalVariable::_market_1][@local::contracts/RCOrderbook.sol::RCOrderbook.cleanWastePile()::LocalVariable::_card_1')
 reader witnesses  -> 4
 storage exposures -> 1
[MV-SI candidate 81b390d95f6242a94e1b] {index[@local::contracts/RCOrderbook.sol::RCOrderbook.closeMarket()::LocalVariable::_market_1][@local::contracts/RCOrderbook.sol::RCOrderbook.closeMarket()::LocalVariable::_market_1][@local::contracts/RCOrderbook.sol::RCOrderbook.closeMarket()::LocalVariable::i_2], user}
 writer root       -> contracts/RCOrderbook.sol::RCOrderbook.addBidToOrderbook(address,uint256,uint256,uint256,address)
 writer effect     -> contracts/RCOrderbook.sol:777
 written member    -> ('SV', 'contracts/RCOrderbook.sol', 'RCOrderbook.user')
 potentially stale -> ('MS', 'contracts/RCOrderbook.sol', 'RCOrderbook.index', '@local::contracts/RCOrderbook.sol::RCOrderbook.closeMarket()::LocalVariable::_market_1][@local::contracts/RCOrderbook.sol::RCOrderbook.closeMarket()::LocalVariable::_market_1][@local::contracts/RCOrderbook.sol::RCOrderbook.closeMarket()::LocalVariable::i_2')
 reader witnesses  -> 1
 storage exposures -> 1
[MV-SI candidate 81b50af5a1d0b223c41b] {card, winningOutcome}
 writer root       -> contracts/RCMarket.sol::RCMarket.newRental(uint256,uint256,address,uint256)
 writer effect     -> contracts/RCMarket.sol:1087
 written member    -> ('SV', 'contracts/RCMarket.sol', 'RCMarket.card')
 potentially stale -> ('SV', 'contracts/RCMarket.sol', 'RCMarket.winningOutcome')
 reader witnesses  -> 28
 storage exposures -> 1
[MV-SI candidate 82729f1989886b298288] {closedMarkets[@local::contracts/RCOrderbook.sol::RCOrderbook.removeOldBids(address)::ReferenceVariable::REF_1159], index[$arg0][@local::contracts/RCOrderbook.sol::RCOrderbook.removeOldBids(address)::LocalVariable::_market_2][@local::contracts/RCOrderbook.sol::RCOrderbook.removeOldBids(address)::LocalVariable::i_2], market, user, userClosedMarketIndex[$arg0]}
 writer root       -> contracts/RCOrderbook.sol::RCOrderbook.closeMarket()
 writer effect     -> contracts/RCOrderbook.sol:647
 written member    -> ('SV', 'contracts/RCOrderbook.sol', 'RCOrderbook.user')
 potentially stale -> ('MS', 'contracts/RCOrderbook.sol', 'RCOrderbook.closedMarkets', '@local::contracts/RCOrderbook.sol::RCOrderbook.removeOldBids(address)::ReferenceVariable::REF_1159'), ('MS', 'contracts/RCOrderbook.sol', 'RCOrderbook.index', '$arg0][@local::contracts/RCOrderbook.sol::RCOrderbook.removeOldBids(address)::LocalVariable::_market_2][@local::contracts/RCOrderbook.sol::RCOrderbook.removeOldBids(address)::LocalVariable::i_2'), ('MS', 'contracts/RCOrderbook.sol', 'RCOrderbook.userClosedMarketIndex', '$arg0'), ('SV', 'contracts/RCOrderbook.sol', 'RCOrderbook.market')
 reader witnesses  -> 14
 storage exposures -> 1
[MV-SI candidate 829560ce1310ff0ee50c] {marketCloseLimit, user}
 writer root       -> contracts/RCOrderbook.sol::RCOrderbook.setTimeHeldlimit(address,uint256,uint256)
 writer effect     -> contracts/RCOrderbook.sol:901
 written member    -> ('SV', 'contracts/RCOrderbook.sol', 'RCOrderbook.user')
 potentially stale -> ('SV', 'contracts/RCOrderbook.sol', 'RCOrderbook.marketCloseLimit')
 reader witnesses  -> 4
 storage exposures -> 1
[MV-SI candidate 82db73b452b6767e57e2] {index[@local::contracts/RCOrderbook.sol::RCOrderbook.cleanWastePile()::LocalVariable::_user_1][@local::contracts/RCOrderbook.sol::RCOrderbook.cleanWastePile()::LocalVariable::_market_1][@local::contracts/RCOrderbook.sol::RCOrderbook.cleanWastePile()::LocalVariable::_card_1], user}
 writer root       -> contracts/RCOrderbook.sol::RCOrderbook.reduceTimeHeldLimit(address,uint256,uint256)
 writer effect     -> contracts/RCOrderbook.sol:910
 written member    -> ('SV', 'contracts/RCOrderbook.sol', 'RCOrderbook.user')
 potentially stale -> ('MS', 'contracts/RCOrderbook.sol', 'RCOrderbook.index', '@local::contracts/RCOrderbook.sol::RCOrderbook.cleanWastePile()::LocalVariable::_user_1][@local::contracts/RCOrderbook.sol::RCOrderbook.cleanWastePile()::LocalVariable::_market_1][@local::contracts/RCOrderbook.sol::RCOrderbook.cleanWastePile()::LocalVariable::_card_1')
 reader witnesses  -> 4
 storage exposures -> 1
[MV-SI candidate 82ea9bdc2c82bbd45ed3] {card, cardAffiliateCut}
 writer root       -> contracts/RCMarket.sol::RCMarket.sponsor(address,uint256)
 writer effect     -> contracts/RCMarket.sol:916
 written member    -> ('SV', 'contracts/RCMarket.sol', 'RCMarket.card')
 potentially stale -> ('SV', 'contracts/RCMarket.sol', 'RCMarket.cardAffiliateCut')
 reader witnesses  -> 3
 storage exposures -> 1
[MV-SI candidate 83516666e111b8f70caf] {index[@local::contracts/RCOrderbook.sol::RCOrderbook.closeMarket()::LocalVariable::_market_1][@local::contracts/RCOrderbook.sol::RCOrderbook.closeMarket()::LocalVariable::_market_1][@local::contracts/RCOrderbook.sol::RCOrderbook.closeMarket()::LocalVariable::i_2], user}
 writer root       -> contracts/RCOrderbook.sol::RCOrderbook.addBidToOrderbook(address,uint256,uint256,uint256,address)
 writer effect     -> contracts/RCOrderbook.sol:360
 written member    -> ('SV', 'contracts/RCOrderbook.sol', 'RCOrderbook.user')
 potentially stale -> ('MS', 'contracts/RCOrderbook.sol', 'RCOrderbook.index', '@local::contracts/RCOrderbook.sol::RCOrderbook.closeMarket()::LocalVariable::_market_1][@local::contracts/RCOrderbook.sol::RCOrderbook.closeMarket()::LocalVariable::_market_1][@local::contracts/RCOrderbook.sol::RCOrderbook.closeMarket()::LocalVariable::i_2')
 reader witnesses  -> 1
 storage exposures -> 1
[MV-SI candidate 83a6271221e8754ccc27] {affiliateCut, artistCut, cardAffiliateCut, card[@local::contracts/RCMarket.sol::RCMarket._payoutWinnings()::TemporaryVariable::TMP_1488], creatorCut, rentCollectedPerUserPerCard[@local::contracts/RCMarket.sol::RCMarket._payoutWinnings()::TemporaryVariable::TMP_1483][@state::contracts/RCMarket.sol::RCMarket.winningOutcome], totalRentCollected, winnerCut, winningOutcome}
 writer root       -> contracts/RCMarket.sol::RCMarket.initialize(IRCMarket.Mode,uint32[],uint256,address,address,address[],address,string,uint256)
 writer effect     -> contracts/RCMarket.sol:240
 written member    -> ('SV', 'contracts/RCMarket.sol', 'RCMarket.artistCut')
 potentially stale -> ('MS', 'contracts/RCMarket.sol', 'RCMarket.card', '@local::contracts/RCMarket.sol::RCMarket._payoutWinnings()::TemporaryVariable::TMP_1488'), ('MS', 'contracts/RCMarket.sol', 'RCMarket.rentCollectedPerUserPerCard', '@local::contracts/RCMarket.sol::RCMarket._payoutWinnings()::TemporaryVariable::TMP_1483][@state::contracts/RCMarket.sol::RCMarket.winningOutcome'), ('SV', 'contracts/RCMarket.sol', 'RCMarket.affiliateCut'), ('SV', 'contracts/RCMarket.sol', 'RCMarket.cardAffiliateCut'), ('SV', 'contracts/RCMarket.sol', 'RCMarket.creatorCut'), ('SV', 'contracts/RCMarket.sol', 'RCMarket.totalRentCollected'), ('SV', 'contracts/RCMarket.sol', 'RCMarket.winnerCut'), ('SV', 'contracts/RCMarket.sol', 'RCMarket.winningOutcome')
 reader witnesses  -> 25
 storage exposures -> 1
[MV-SI candidate 83a7994f067e29989d86] {cleaningLoops, user}
 writer root       -> contracts/RCOrderbook.sol::RCOrderbook.removeUserFromOrderbook(address)
 writer effect     -> contracts/RCOrderbook.sol:632
 written member    -> ('SV', 'contracts/RCOrderbook.sol', 'RCOrderbook.user')
 potentially stale -> ('SV', 'contracts/RCOrderbook.sol', 'RCOrderbook.cleaningLoops')
 reader witnesses  -> 2
 storage exposures -> 1
[MV-SI candidate 83bc39750e4eaee140ce] {closedMarkets[@local::contracts/RCOrderbook.sol::RCOrderbook.removeOldBids(address)::ReferenceVariable::REF_1159], index[$arg0][@local::contracts/RCOrderbook.sol::RCOrderbook.removeOldBids(address)::LocalVariable::_market_2][@local::contracts/RCOrderbook.sol::RCOrderbook.removeOldBids(address)::LocalVariable::i_2], market, user, userClosedMarketIndex[$arg0]}
 writer root       -> contracts/RCOrderbook.sol::RCOrderbook.removeUserFromOrderbook(address)
 writer effect     -> contracts/RCOrderbook.sol:616
 written member    -> ('SV', 'contracts/RCOrderbook.sol', 'RCOrderbook.user')
 potentially stale -> ('MS', 'contracts/RCOrderbook.sol', 'RCOrderbook.closedMarkets', '@local::contracts/RCOrderbook.sol::RCOrderbook.removeOldBids(address)::ReferenceVariable::REF_1159'), ('MS', 'contracts/RCOrderbook.sol', 'RCOrderbook.index', '$arg0][@local::contracts/RCOrderbook.sol::RCOrderbook.removeOldBids(address)::LocalVariable::_market_2][@local::contracts/RCOrderbook.sol::RCOrderbook.removeOldBids(address)::LocalVariable::i_2'), ('MS', 'contracts/RCOrderbook.sol', 'RCOrderbook.userClosedMarketIndex', '$arg0'), ('SV', 'contracts/RCOrderbook.sol', 'RCOrderbook.market')
 reader witnesses  -> 14
 storage exposures -> 1
[MV-SI candidate 8403550fd6254efbf6b7] {index[@local::contracts/RCOrderbook.sol::RCOrderbook.cleanWastePile()::LocalVariable::_user_1][@local::contracts/RCOrderbook.sol::RCOrderbook.cleanWastePile()::LocalVariable::_market_1][@local::contracts/RCOrderbook.sol::RCOrderbook.cleanWastePile()::LocalVariable::_card_1], user}
 writer root       -> contracts/RCOrderbook.sol::RCOrderbook.removeOldBids(address)
 writer effect     -> contracts/RCOrderbook.sol:736
 written member    -> ('SV', 'contracts/RCOrderbook.sol', 'RCOrderbook.user')
 potentially stale -> ('MS', 'contracts/RCOrderbook.sol', 'RCOrderbook.index', '@local::contracts/RCOrderbook.sol::RCOrderbook.cleanWastePile()::LocalVariable::_user_1][@local::contracts/RCOrderbook.sol::RCOrderbook.cleanWastePile()::LocalVariable::_market_1][@local::contracts/RCOrderbook.sol::RCOrderbook.cleanWastePile()::LocalVariable::_card_1')
 reader witnesses  -> 4
 storage exposures -> 1
[MV-SI candidate 847bf1ae3eb47242d52e] {_roles[$arg1], user}
 writer root       -> contracts/RCTreasury.sol::RCTreasury.collectRentUser(address,uint256)
 writer effect     -> contracts/RCTreasury.sol:859
 written member    -> ('SV', 'contracts/RCTreasury.sol', 'RCTreasury.user')
 potentially stale -> ('MS', '@openzeppelin/contracts/access/AccessControl.sol', 'AccessControl._roles', '$arg1')
 reader witnesses  -> 9
 storage exposures -> 1
[MV-SI candidate 8488b1852feb36f32b78] {card, marketLockingTime}
 writer root       -> contracts/RCMarket.sol::RCMarket.updateTimeHeldLimit(uint256,uint256)
 writer effect     -> contracts/RCMarket.sol:1049
 written member    -> ('SV', 'contracts/RCMarket.sol', 'RCMarket.card')
 potentially stale -> ('SV', 'contracts/RCMarket.sol', 'RCMarket.marketLockingTime')
 reader witnesses  -> 30
 storage exposures -> 1
[MV-SI candidate 8561b3101fb349e0d323] {index[@local::contracts/RCOrderbook.sol::RCOrderbook.closeMarket()::LocalVariable::_market_1][@local::contracts/RCOrderbook.sol::RCOrderbook.closeMarket()::LocalVariable::_market_1][@local::contracts/RCOrderbook.sol::RCOrderbook.closeMarket()::LocalVariable::i_2], user}
 writer root       -> contracts/RCOrderbook.sol::RCOrderbook.findNewOwner(uint256,uint256)
 writer effect     -> contracts/RCOrderbook.sol:517
 written member    -> ('SV', 'contracts/RCOrderbook.sol', 'RCOrderbook.user')
 potentially stale -> ('MS', 'contracts/RCOrderbook.sol', 'RCOrderbook.index', '@local::contracts/RCOrderbook.sol::RCOrderbook.closeMarket()::LocalVariable::_market_1][@local::contracts/RCOrderbook.sol::RCOrderbook.closeMarket()::LocalVariable::_market_1][@local::contracts/RCOrderbook.sol::RCOrderbook.closeMarket()::LocalVariable::i_2')
 reader witnesses  -> 1
 storage exposures -> 1
[MV-SI candidate 857489eedd8b56a301eb] {index[@local::contracts/RCOrderbook.sol::RCOrderbook.cleanWastePile()::LocalVariable::_user_1][@local::contracts/RCOrderbook.sol::RCOrderbook.cleanWastePile()::LocalVariable::_market_1][@local::contracts/RCOrderbook.sol::RCOrderbook.cleanWastePile()::LocalVariable::_card_1], user}
 writer root       -> contracts/RCOrderbook.sol::RCOrderbook.addBidToOrderbook(address,uint256,uint256,uint256,address)
 writer effect     -> contracts/RCOrderbook.sol:830
 written member    -> ('SV', 'contracts/RCOrderbook.sol', 'RCOrderbook.user')
 potentially stale -> ('MS', 'contracts/RCOrderbook.sol', 'RCOrderbook.index', '@local::contracts/RCOrderbook.sol::RCOrderbook.cleanWastePile()::LocalVariable::_user_1][@local::contracts/RCOrderbook.sol::RCOrderbook.cleanWastePile()::LocalVariable::_market_1][@local::contracts/RCOrderbook.sol::RCOrderbook.cleanWastePile()::LocalVariable::_card_1')
 reader witnesses  -> 12
 storage exposures -> 1
[MV-SI candidate 8594734d1d869a571428] {closedMarkets[@local::contracts/RCOrderbook.sol::RCOrderbook.removeOldBids(address)::ReferenceVariable::REF_1159], index[$arg0][@local::contracts/RCOrderbook.sol::RCOrderbook.removeOldBids(address)::LocalVariable::_market_2][@local::contracts/RCOrderbook.sol::RCOrderbook.removeOldBids(address)::LocalVariable::i_2], market, user, userClosedMarketIndex[$arg0]}
 writer root       -> contracts/RCOrderbook.sol::RCOrderbook.addBidToOrderbook(address,uint256,uint256,uint256,address)
 writer effect     -> contracts/RCOrderbook.sol:784
 written member    -> ('SV', 'contracts/RCOrderbook.sol', 'RCOrderbook.user')
 potentially stale -> ('MS', 'contracts/RCOrderbook.sol', 'RCOrderbook.closedMarkets', '@local::contracts/RCOrderbook.sol::RCOrderbook.removeOldBids(address)::ReferenceVariable::REF_1159'), ('MS', 'contracts/RCOrderbook.sol', 'RCOrderbook.index', '$arg0][@local::contracts/RCOrderbook.sol::RCOrderbook.removeOldBids(address)::LocalVariable::_market_2][@local::contracts/RCOrderbook.sol::RCOrderbook.removeOldBids(address)::LocalVariable::i_2'), ('MS', 'contracts/RCOrderbook.sol', 'RCOrderbook.userClosedMarketIndex', '$arg0'), ('SV', 'contracts/RCOrderbook.sol', 'RCOrderbook.market')
 reader witnesses  -> 14
 storage exposures -> 1
[MV-SI candidate 85ece48e926b3f80a30d] {marketCloseLimit, user}
 writer root       -> contracts/RCOrderbook.sol::RCOrderbook.addBidToOrderbook(address,uint256,uint256,uint256,address)
 writer effect     -> contracts/RCOrderbook.sol:776
 written member    -> ('SV', 'contracts/RCOrderbook.sol', 'RCOrderbook.user')
 potentially stale -> ('SV', 'contracts/RCOrderbook.sol', 'RCOrderbook.marketCloseLimit')
 reader witnesses  -> 4
 storage exposures -> 1
[MV-SI candidate 85fffd3dcb26a71be875] {affiliateCut, artistCut, cardAffiliateCut, card[@local::contracts/RCMarket.sol::RCMarket._payoutWinnings()::TemporaryVariable::TMP_1488], creatorCut, rentCollectedPerUserPerCard[@local::contracts/RCMarket.sol::RCMarket._payoutWinnings()::TemporaryVariable::TMP_1483][@state::contracts/RCMarket.sol::RCMarket.winningOutcome], totalRentCollected, winnerCut, winningOutcome}
 writer root       -> contracts/RCMarket.sol::RCMarket.initialize(IRCMarket.Mode,uint32[],uint256,address,address,address[],address,string,uint256)
 writer effect     -> contracts/RCMarket.sol:244
 written member    -> ('SV', 'contracts/RCMarket.sol', 'RCMarket.cardAffiliateCut')
 potentially stale -> ('MS', 'contracts/RCMarket.sol', 'RCMarket.card', '@local::contracts/RCMarket.sol::RCMarket._payoutWinnings()::TemporaryVariable::TMP_1488'), ('MS', 'contracts/RCMarket.sol', 'RCMarket.rentCollectedPerUserPerCard', '@local::contracts/RCMarket.sol::RCMarket._payoutWinnings()::TemporaryVariable::TMP_1483][@state::contracts/RCMarket.sol::RCMarket.winningOutcome'), ('SV', 'contracts/RCMarket.sol', 'RCMarket.affiliateCut'), ('SV', 'contracts/RCMarket.sol', 'RCMarket.artistCut'), ('SV', 'contracts/RCMarket.sol', 'RCMarket.creatorCut'), ('SV', 'contracts/RCMarket.sol', 'RCMarket.totalRentCollected'), ('SV', 'contracts/RCMarket.sol', 'RCMarket.winnerCut'), ('SV', 'contracts/RCMarket.sol', 'RCMarket.winningOutcome')
 reader witnesses  -> 24
 storage exposures -> 1
[MV-SI candidate 865948ca16a3e06ff65d] {maxDeletions, user}
 writer root       -> contracts/RCOrderbook.sol::RCOrderbook.removeUserFromOrderbook(address)
 writer effect     -> contracts/RCOrderbook.sol:527
 written member    -> ('SV', 'contracts/RCOrderbook.sol', 'RCOrderbook.user')
 potentially stale -> ('SV', 'contracts/RCOrderbook.sol', 'RCOrderbook.maxDeletions')
 reader witnesses  -> 10
 storage exposures -> 1
[MV-SI candidate 8666b5bea214f01291d9] {cardAccountingIndex, numberOfCards}
 writer root       -> contracts/RCMarket.sol::RCMarket.setAmicableResolution(uint256)
 writer effect     -> contracts/RCMarket.sol:472
 written member    -> ('SV', 'contracts/RCMarket.sol', 'RCMarket.cardAccountingIndex')
 potentially stale -> ('SV', 'contracts/RCMarket.sol', 'RCMarket.numberOfCards')
 reader witnesses  -> 41
 storage exposures -> 1
[MV-SI candidate 866ca642a60c5374a2d4] {card, marketLockingTime}
 writer root       -> contracts/RCMarket.sol::RCMarket.getWinnerFromOracle()
 writer effect     -> contracts/RCMarket.sol:1068
 written member    -> ('SV', 'contracts/RCMarket.sol', 'RCMarket.card')
 potentially stale -> ('SV', 'contracts/RCMarket.sol', 'RCMarket.marketLockingTime')
 reader witnesses  -> 30
 storage exposures -> 1
[MV-SI candidate 86717dc7e09762c2abce] {card, winningOutcome}
 writer root       -> contracts/RCMarket.sol::RCMarket.rentAllCards(uint256)
 writer effect     -> contracts/RCMarket.sol:1087
 written member    -> ('SV', 'contracts/RCMarket.sol', 'RCMarket.card')
 potentially stale -> ('SV', 'contracts/RCMarket.sol', 'RCMarket.winningOutcome')
 reader witnesses  -> 28
 storage exposures -> 1
[MV-SI candidate 86a0eefa1aa2abaf06d8] {card, winnerCut, winningOutcome}
 writer root       -> contracts/RCMarket.sol::RCMarket.getWinnerFromOracle()
 writer effect     -> contracts/RCMarket.sol:1073
 written member    -> ('SV', 'contracts/RCMarket.sol', 'RCMarket.card')
 potentially stale -> ('SV', 'contracts/RCMarket.sol', 'RCMarket.winnerCut'), ('SV', 'contracts/RCMarket.sol', 'RCMarket.winningOutcome')
 reader witnesses  -> 9
 storage exposures -> 1
[MV-SI candidate 86a3ec7afceca637748d] {minRentalDayDivisor, user}
 writer root       -> contracts/RCTreasury.sol::RCTreasury.collectRentUser(address,uint256)
 writer effect     -> contracts/RCTreasury.sol:859
 written member    -> ('SV', 'contracts/RCTreasury.sol', 'RCTreasury.user')
 potentially stale -> ('SV', 'contracts/RCTreasury.sol', 'RCTreasury.minRentalDayDivisor')
 reader witnesses  -> 18
 storage exposures -> 1
[MV-SI candidate 86bc82accc43cb33e301] {index[$arg4][@local::contracts/RCOrderbook.sol::RCOrderbook.addBidToOrderbook(address,uint256,uint256,uint256,address)::LocalVariable::_market_1][$arg1], user}
 writer root       -> contracts/RCOrderbook.sol::RCOrderbook.cleanWastePile()
 writer effect     -> contracts/RCOrderbook.sol:792
 written member    -> ('SV', 'contracts/RCOrderbook.sol', 'RCOrderbook.user')
 potentially stale -> ('MS', 'contracts/RCOrderbook.sol', 'RCOrderbook.index', '$arg4][@local::contracts/RCOrderbook.sol::RCOrderbook.addBidToOrderbook(address,uint256,uint256,uint256,address)::LocalVariable::_market_1][$arg1')
 reader witnesses  -> 6
 storage exposures -> 1
[MV-SI candidate 8708e4e101848b3691fd] {marketCloseLimit, user}
 writer root       -> contracts/RCOrderbook.sol::RCOrderbook.removeOldBids(address)
 writer effect     -> contracts/RCOrderbook.sol:749
 written member    -> ('SV', 'contracts/RCOrderbook.sol', 'RCOrderbook.user')
 potentially stale -> ('SV', 'contracts/RCOrderbook.sol', 'RCOrderbook.marketCloseLimit')
 reader witnesses  -> 4
 storage exposures -> 1
[MV-SI candidate 87779f28f9814620b1db] {maxDeletions, user}
 writer root       -> contracts/RCOrderbook.sol::RCOrderbook.addBidToOrderbook(address,uint256,uint256,uint256,address)
 writer effect     -> contracts/RCOrderbook.sol:426
 written member    -> ('SV', 'contracts/RCOrderbook.sol', 'RCOrderbook.user')
 potentially stale -> ('SV', 'contracts/RCOrderbook.sol', 'RCOrderbook.maxDeletions')
 reader witnesses  -> 10
 storage exposures -> 1
[MV-SI candidate 87a7e8a8a543ddc6acbb] {index[$arg4][@local::contracts/RCOrderbook.sol::RCOrderbook.addBidToOrderbook(address,uint256,uint256,uint256,address)::LocalVariable::_market_1][$arg1], user}
 writer root       -> contracts/RCOrderbook.sol::RCOrderbook.removeUserFromOrderbook(address)
 writer effect     -> contracts/RCOrderbook.sol:830
 written member    -> ('SV', 'contracts/RCOrderbook.sol', 'RCOrderbook.user')
 potentially stale -> ('MS', 'contracts/RCOrderbook.sol', 'RCOrderbook.index', '$arg4][@local::contracts/RCOrderbook.sol::RCOrderbook.addBidToOrderbook(address,uint256,uint256,uint256,address)::LocalVariable::_market_1][$arg1')
 reader witnesses  -> 6
 storage exposures -> 1
[MV-SI candidate 87f323d087954917f9a6] {marketCloseLimit, user}
 writer root       -> contracts/RCOrderbook.sol::RCOrderbook.addBidToOrderbook(address,uint256,uint256,uint256,address)
 writer effect     -> contracts/RCOrderbook.sol:802
 written member    -> ('SV', 'contracts/RCOrderbook.sol', 'RCOrderbook.user')
 potentially stale -> ('SV', 'contracts/RCOrderbook.sol', 'RCOrderbook.marketCloseLimit')
 reader witnesses  -> 4
 storage exposures -> 1
[MV-SI candidate 87f3aa8fb9e7747ae91c] {card, minimumPriceIncreasePercent}
 writer root       -> contracts/RCMarket.sol::RCMarket.lockMarket()
 writer effect     -> contracts/RCMarket.sol:1087
 written member    -> ('SV', 'contracts/RCMarket.sol', 'RCMarket.card')
 potentially stale -> ('SV', 'contracts/RCMarket.sol', 'RCMarket.minimumPriceIncreasePercent')
 reader witnesses  -> 2
 storage exposures -> 1
[MV-SI candidate 87f6c8faf616c6419b0d] {card, marketLockingTime}
 writer root       -> contracts/RCMarket.sol::RCMarket.getWinnerFromOracle()
 writer effect     -> contracts/RCMarket.sol:1049
 written member    -> ('SV', 'contracts/RCMarket.sol', 'RCMarket.card')
 potentially stale -> ('SV', 'contracts/RCMarket.sol', 'RCMarket.marketLockingTime')
 reader witnesses  -> 30
 storage exposures -> 1
[MV-SI candidate 880c97f189da10433ada] {marketCloseLimit, user}
 writer root       -> contracts/RCOrderbook.sol::RCOrderbook.findNewOwner(uint256,uint256)
 writer effect     -> contracts/RCOrderbook.sol:536
 written member    -> ('SV', 'contracts/RCOrderbook.sol', 'RCOrderbook.user')
 potentially stale -> ('SV', 'contracts/RCOrderbook.sol', 'RCOrderbook.marketCloseLimit')
 reader witnesses  -> 4
 storage exposures -> 1
[MV-SI candidate 88955315870ace33fc34] {accountingComplete, cardAccountingIndex, numberOfCards}
 writer root       -> contracts/RCMarket.sol::RCMarket.setAmicableResolution(uint256)
 writer effect     -> contracts/RCMarket.sol:472
 written member    -> ('SV', 'contracts/RCMarket.sol', 'RCMarket.cardAccountingIndex')
 potentially stale -> ('SV', 'contracts/RCMarket.sol', 'RCMarket.accountingComplete'), ('SV', 'contracts/RCMarket.sol', 'RCMarket.numberOfCards')
 reader witnesses  -> 46
 storage exposures -> 1
[MV-SI candidate 889e716308b2eb17fafa] {index[@local::contracts/RCOrderbook.sol::RCOrderbook.closeMarket()::LocalVariable::_market_1][@local::contracts/RCOrderbook.sol::RCOrderbook.closeMarket()::LocalVariable::_market_1][@local::contracts/RCOrderbook.sol::RCOrderbook.closeMarket()::LocalVariable::i_2], user}
 writer root       -> contracts/RCOrderbook.sol::RCOrderbook.addBidToOrderbook(address,uint256,uint256,uint256,address)
 writer effect     -> contracts/RCOrderbook.sol:430
 written member    -> ('SV', 'contracts/RCOrderbook.sol', 'RCOrderbook.user')
 potentially stale -> ('MS', 'contracts/RCOrderbook.sol', 'RCOrderbook.index', '@local::contracts/RCOrderbook.sol::RCOrderbook.closeMarket()::LocalVariable::_market_1][@local::contracts/RCOrderbook.sol::RCOrderbook.closeMarket()::LocalVariable::_market_1][@local::contracts/RCOrderbook.sol::RCOrderbook.closeMarket()::LocalVariable::i_2')
 reader witnesses  -> 1
 storage exposures -> 1
[MV-SI candidate 88a513683acce0ae0b6b] {card, marketLockingTime}
 writer root       -> contracts/RCMarket.sol::RCMarket.setAmicableResolution(uint256)
 writer effect     -> contracts/RCMarket.sol:513
 written member    -> ('SV', 'contracts/RCMarket.sol', 'RCMarket.marketLockingTime')
 potentially stale -> ('SV', 'contracts/RCMarket.sol', 'RCMarket.card')
 reader witnesses  -> 172
 storage exposures -> 1
[MV-SI candidate 88ad2c5184c12d031dae] {minRentalDayDivisor, user}
 writer root       -> contracts/RCTreasury.sol::RCTreasury.collectRentUser(address,uint256)
 writer effect     -> contracts/RCTreasury.sol:848
 written member    -> ('SV', 'contracts/RCTreasury.sol', 'RCTreasury.user')
 potentially stale -> ('SV', 'contracts/RCTreasury.sol', 'RCTreasury.minRentalDayDivisor')
 reader witnesses  -> 18
 storage exposures -> 1
[MV-SI candidate 88bde9996ded0e1e8ab0] {index[@local::contracts/RCOrderbook.sol::RCOrderbook.cleanWastePile()::LocalVariable::_user_1][@local::contracts/RCOrderbook.sol::RCOrderbook.cleanWastePile()::LocalVariable::_market_1][@local::contracts/RCOrderbook.sol::RCOrderbook.cleanWastePile()::LocalVariable::_card_1], user}
 writer root       -> contracts/RCOrderbook.sol::RCOrderbook.cleanWastePile()
 writer effect     -> contracts/RCOrderbook.sol:793
 written member    -> ('SV', 'contracts/RCOrderbook.sol', 'RCOrderbook.user')
 potentially stale -> ('MS', 'contracts/RCOrderbook.sol', 'RCOrderbook.index', '@local::contracts/RCOrderbook.sol::RCOrderbook.cleanWastePile()::LocalVariable::_user_1][@local::contracts/RCOrderbook.sol::RCOrderbook.cleanWastePile()::LocalVariable::_market_1][@local::contracts/RCOrderbook.sol::RCOrderbook.cleanWastePile()::LocalVariable::_card_1')
 reader witnesses  -> 4
 storage exposures -> 1
[MV-SI candidate 88c5cb70b7847386ff4e] {card, marketLockingTime}
 writer root       -> contracts/RCMarket.sol::RCMarket.setAmicableResolution(uint256)
 writer effect     -> contracts/RCMarket.sol:1073
 written member    -> ('SV', 'contracts/RCMarket.sol', 'RCMarket.card')
 potentially stale -> ('SV', 'contracts/RCMarket.sol', 'RCMarket.marketLockingTime')
 reader witnesses  -> 30
 storage exposures -> 1
[MV-SI candidate 8970e21b16972019bf59] {card, marketLockingTime}
 writer root       -> contracts/RCMarket.sol::RCMarket.exitAll()
 writer effect     -> contracts/RCMarket.sol:1049
 written member    -> ('SV', 'contracts/RCMarket.sol', 'RCMarket.card')
 potentially stale -> ('SV', 'contracts/RCMarket.sol', 'RCMarket.marketLockingTime')
 reader witnesses  -> 30
 storage exposures -> 1
[MV-SI candidate 899c7a9f0ff55d91dc2c] {card, winnerCut, winningOutcome}
 writer root       -> contracts/RCMarket.sol::RCMarket.setAmicableResolution(uint256)
 writer effect     -> contracts/RCMarket.sol:1081
 written member    -> ('SV', 'contracts/RCMarket.sol', 'RCMarket.card')
 potentially stale -> ('SV', 'contracts/RCMarket.sol', 'RCMarket.winnerCut'), ('SV', 'contracts/RCMarket.sol', 'RCMarket.winningOutcome')
 reader witnesses  -> 9
 storage exposures -> 1
[MV-SI candidate 899cc8d530ccf5918647] {card, cardAffiliateCut}
 writer root       -> contracts/RCMarket.sol::RCMarket.initialize(IRCMarket.Mode,uint32[],uint256,address,address,address[],address,string,uint256)
 writer effect     -> contracts/RCMarket.sol:270
 written member    -> ('SV', 'contracts/RCMarket.sol', 'RCMarket.cardAffiliateCut')
 potentially stale -> ('SV', 'contracts/RCMarket.sol', 'RCMarket.card')
 reader witnesses  -> 172
 storage exposures -> 1
[MV-SI candidate 89ca54f0575cb5529362] {index[@local::contracts/RCOrderbook.sol::RCOrderbook.cleanWastePile()::LocalVariable::_user_1][@local::contracts/RCOrderbook.sol::RCOrderbook.cleanWastePile()::LocalVariable::_market_1][@local::contracts/RCOrderbook.sol::RCOrderbook.cleanWastePile()::LocalVariable::_card_1], user}
 writer root       -> contracts/RCOrderbook.sol::RCOrderbook.closeMarket()
 writer effect     -> contracts/RCOrderbook.sol:696
 written member    -> ('SV', 'contracts/RCOrderbook.sol', 'RCOrderbook.user')
 potentially stale -> ('MS', 'contracts/RCOrderbook.sol', 'RCOrderbook.index', '@local::contracts/RCOrderbook.sol::RCOrderbook.cleanWastePile()::LocalVariable::_user_1][@local::contracts/RCOrderbook.sol::RCOrderbook.cleanWastePile()::LocalVariable::_market_1][@local::contracts/RCOrderbook.sol::RCOrderbook.cleanWastePile()::LocalVariable::_card_1')
 reader witnesses  -> 4
 storage exposures -> 1
[MV-SI candidate 89e61278dd4a73b31304] {affiliateCut, artistCut, cardAffiliateCut, card[@local::contracts/RCMarket.sol::RCMarket._payoutWinnings()::TemporaryVariable::TMP_1488], creatorCut, rentCollectedPerUserPerCard[@local::contracts/RCMarket.sol::RCMarket._payoutWinnings()::TemporaryVariable::TMP_1483][@state::contracts/RCMarket.sol::RCMarket.winningOutcome], totalRentCollected, winnerCut, winningOutcome}
 writer root       -> contracts/RCMarket.sol::RCMarket.getWinnerFromOracle()
 writer effect     -> contracts/RCMarket.sol:1090
 written member    -> ('SV', 'contracts/RCMarket.sol', 'RCMarket.totalRentCollected')
 potentially stale -> ('MS', 'contracts/RCMarket.sol', 'RCMarket.card', '@local::contracts/RCMarket.sol::RCMarket._payoutWinnings()::TemporaryVariable::TMP_1488'), ('MS', 'contracts/RCMarket.sol', 'RCMarket.rentCollectedPerUserPerCard', '@local::contracts/RCMarket.sol::RCMarket._payoutWinnings()::TemporaryVariable::TMP_1483][@state::contracts/RCMarket.sol::RCMarket.winningOutcome'), ('SV', 'contracts/RCMarket.sol', 'RCMarket.affiliateCut'), ('SV', 'contracts/RCMarket.sol', 'RCMarket.artistCut'), ('SV', 'contracts/RCMarket.sol', 'RCMarket.cardAffiliateCut'), ('SV', 'contracts/RCMarket.sol', 'RCMarket.creatorCut'), ('SV', 'contracts/RCMarket.sol', 'RCMarket.winnerCut'), ('SV', 'contracts/RCMarket.sol', 'RCMarket.winningOutcome')
 reader witnesses  -> 11
 storage exposures -> 1
[MV-SI candidate 8a0a8ecedfbc98a5dd7f] {card, cardAffiliateCut}
 writer root       -> contracts/RCMarket.sol::RCMarket.newRental(uint256,uint256,address,uint256)
 writer effect     -> contracts/RCMarket.sol:1074
 written member    -> ('SV', 'contracts/RCMarket.sol', 'RCMarket.card')
 potentially stale -> ('SV', 'contracts/RCMarket.sol', 'RCMarket.cardAffiliateCut')
 reader witnesses  -> 6
 storage exposures -> 1
[MV-SI candidate 8a64fb57641da7c80ae1] {index[$arg4][@local::contracts/RCOrderbook.sol::RCOrderbook.addBidToOrderbook(address,uint256,uint256,uint256,address)::LocalVariable::_market_1][$arg1], user}
 writer root       -> contracts/RCOrderbook.sol::RCOrderbook.addBidToOrderbook(address,uint256,uint256,uint256,address)
 writer effect     -> contracts/RCOrderbook.sol:429
 written member    -> ('SV', 'contracts/RCOrderbook.sol', 'RCOrderbook.user')
 potentially stale -> ('MS', 'contracts/RCOrderbook.sol', 'RCOrderbook.index', '$arg4][@local::contracts/RCOrderbook.sol::RCOrderbook.addBidToOrderbook(address,uint256,uint256,uint256,address)::LocalVariable::_market_1][$arg1')
 reader witnesses  -> 6
 storage exposures -> 1
[MV-SI candidate 8a6849dad9e807b4ad95] {index[@local::contracts/RCOrderbook.sol::RCOrderbook.closeMarket()::LocalVariable::_market_1][@local::contracts/RCOrderbook.sol::RCOrderbook.closeMarket()::LocalVariable::_market_1][@local::contracts/RCOrderbook.sol::RCOrderbook.closeMarket()::LocalVariable::i_2], user}
 writer root       -> contracts/RCOrderbook.sol::RCOrderbook.removeBidFromOrderbook(address,uint256)
 writer effect     -> contracts/RCOrderbook.sol:516
 written member    -> ('SV', 'contracts/RCOrderbook.sol', 'RCOrderbook.user')
 potentially stale -> ('MS', 'contracts/RCOrderbook.sol', 'RCOrderbook.index', '@local::contracts/RCOrderbook.sol::RCOrderbook.closeMarket()::LocalVariable::_market_1][@local::contracts/RCOrderbook.sol::RCOrderbook.closeMarket()::LocalVariable::_market_1][@local::contracts/RCOrderbook.sol::RCOrderbook.closeMarket()::LocalVariable::i_2')
 reader witnesses  -> 1
 storage exposures -> 1
[MV-SI candidate 8b756e3c9262db908438] {closedMarkets[@local::contracts/RCOrderbook.sol::RCOrderbook.removeOldBids(address)::ReferenceVariable::REF_1159], index[$arg0][@local::contracts/RCOrderbook.sol::RCOrderbook.removeOldBids(address)::LocalVariable::_market_2][@local::contracts/RCOrderbook.sol::RCOrderbook.removeOldBids(address)::LocalVariable::i_2], market, user, userClosedMarketIndex[$arg0]}
 writer root       -> contracts/RCOrderbook.sol::RCOrderbook.addBidToOrderbook(address,uint256,uint256,uint256,address)
 writer effect     -> contracts/RCOrderbook.sol:431
 written member    -> ('SV', 'contracts/RCOrderbook.sol', 'RCOrderbook.user')
 potentially stale -> ('MS', 'contracts/RCOrderbook.sol', 'RCOrderbook.closedMarkets', '@local::contracts/RCOrderbook.sol::RCOrderbook.removeOldBids(address)::ReferenceVariable::REF_1159'), ('MS', 'contracts/RCOrderbook.sol', 'RCOrderbook.index', '$arg0][@local::contracts/RCOrderbook.sol::RCOrderbook.removeOldBids(address)::LocalVariable::_market_2][@local::contracts/RCOrderbook.sol::RCOrderbook.removeOldBids(address)::LocalVariable::i_2'), ('MS', 'contracts/RCOrderbook.sol', 'RCOrderbook.userClosedMarketIndex', '$arg0'), ('SV', 'contracts/RCOrderbook.sol', 'RCOrderbook.market')
 reader witnesses  -> 14
 storage exposures -> 1
[MV-SI candidate 8b80db5e784565e4f387] {minRentalDayDivisor, user}
 writer root       -> contracts/RCTreasury.sol::RCTreasury.updateRentalRate(address,address,uint256,uint256,uint256)
 writer effect     -> contracts/RCTreasury.sol:839
 written member    -> ('SV', 'contracts/RCTreasury.sol', 'RCTreasury.user')
 potentially stale -> ('SV', 'contracts/RCTreasury.sol', 'RCTreasury.minRentalDayDivisor')
 reader witnesses  -> 18
 storage exposures -> 1
[MV-SI candidate 8bc7313209cf6bc39a68] {maxDeletions, user}
 writer root       -> contracts/RCOrderbook.sol::RCOrderbook.findNewOwner(uint256,uint256)
 writer effect     -> contracts/RCOrderbook.sol:536
 written member    -> ('SV', 'contracts/RCOrderbook.sol', 'RCOrderbook.user')
 potentially stale -> ('SV', 'contracts/RCOrderbook.sol', 'RCOrderbook.maxDeletions')
 reader witnesses  -> 10
 storage exposures -> 1
[MV-SI candidate 8c00271b92131f07c1b7] {card, marketLockingTime}
 writer root       -> contracts/RCMarket.sol::RCMarket.sponsor(address,uint256)
 writer effect     -> contracts/RCMarket.sol:916
 written member    -> ('SV', 'contracts/RCMarket.sol', 'RCMarket.card')
 potentially stale -> ('SV', 'contracts/RCMarket.sol', 'RCMarket.marketLockingTime')
 reader witnesses  -> 30
 storage exposures -> 1
[MV-SI candidate 8c1f9e3e3052da316b4f] {index[@local::contracts/RCOrderbook.sol::RCOrderbook.closeMarket()::LocalVariable::_market_1][@local::contracts/RCOrderbook.sol::RCOrderbook.closeMarket()::LocalVariable::_market_1][@local::contracts/RCOrderbook.sol::RCOrderbook.closeMarket()::LocalVariable::i_2], user}
 writer root       -> contracts/RCOrderbook.sol::RCOrderbook.addBidToOrderbook(address,uint256,uint256,uint256,address)
 writer effect     -> contracts/RCOrderbook.sol:212
 written member    -> ('SV', 'contracts/RCOrderbook.sol', 'RCOrderbook.user')
 potentially stale -> ('MS', 'contracts/RCOrderbook.sol', 'RCOrderbook.index', '@local::contracts/RCOrderbook.sol::RCOrderbook.closeMarket()::LocalVariable::_market_1][@local::contracts/RCOrderbook.sol::RCOrderbook.closeMarket()::LocalVariable::_market_1][@local::contracts/RCOrderbook.sol::RCOrderbook.closeMarket()::LocalVariable::i_2')
 reader witnesses  -> 1
 storage exposures -> 1
[MV-SI candidate 8c5c6ea5c7a827c5b000] {index[@local::contracts/RCOrderbook.sol::RCOrderbook.cleanWastePile()::LocalVariable::_user_1][@local::contracts/RCOrderbook.sol::RCOrderbook.cleanWastePile()::LocalVariable::_market_1][@local::contracts/RCOrderbook.sol::RCOrderbook.cleanWastePile()::LocalVariable::_card_1], user}
 writer root       -> contracts/RCOrderbook.sol::RCOrderbook.addBidToOrderbook(address,uint256,uint256,uint256,address)
 writer effect     -> contracts/RCOrderbook.sol:213
 written member    -> ('SV', 'contracts/RCOrderbook.sol', 'RCOrderbook.user')
 potentially stale -> ('MS', 'contracts/RCOrderbook.sol', 'RCOrderbook.index', '@local::contracts/RCOrderbook.sol::RCOrderbook.cleanWastePile()::LocalVariable::_user_1][@local::contracts/RCOrderbook.sol::RCOrderbook.cleanWastePile()::LocalVariable::_market_1][@local::contracts/RCOrderbook.sol::RCOrderbook.cleanWastePile()::LocalVariable::_card_1')
 reader witnesses  -> 4
 storage exposures -> 1
[MV-SI candidate 8c717dc701fcbe495ecd] {closedMarkets[@local::contracts/RCOrderbook.sol::RCOrderbook.removeOldBids(address)::ReferenceVariable::REF_1159], index[$arg0][@local::contracts/RCOrderbook.sol::RCOrderbook.removeOldBids(address)::LocalVariable::_market_2][@local::contracts/RCOrderbook.sol::RCOrderbook.removeOldBids(address)::LocalVariable::i_2], market, user, userClosedMarketIndex[$arg0]}
 writer root       -> contracts/RCOrderbook.sol::RCOrderbook.closeMarket()
 writer effect     -> contracts/RCOrderbook.sol:684
 written member    -> ('SV', 'contracts/RCOrderbook.sol', 'RCOrderbook.user')
 potentially stale -> ('MS', 'contracts/RCOrderbook.sol', 'RCOrderbook.closedMarkets', '@local::contracts/RCOrderbook.sol::RCOrderbook.removeOldBids(address)::ReferenceVariable::REF_1159'), ('MS', 'contracts/RCOrderbook.sol', 'RCOrderbook.index', '$arg0][@local::contracts/RCOrderbook.sol::RCOrderbook.removeOldBids(address)::LocalVariable::_market_2][@local::contracts/RCOrderbook.sol::RCOrderbook.removeOldBids(address)::LocalVariable::i_2'), ('MS', 'contracts/RCOrderbook.sol', 'RCOrderbook.userClosedMarketIndex', '$arg0'), ('SV', 'contracts/RCOrderbook.sol', 'RCOrderbook.market')
 reader witnesses  -> 14
 storage exposures -> 1
[MV-SI candidate 8c7bb2f50f84f67b4436] {closedMarkets[@local::contracts/RCOrderbook.sol::RCOrderbook.removeOldBids(address)::ReferenceVariable::REF_1159], index[$arg0][@local::contracts/RCOrderbook.sol::RCOrderbook.removeOldBids(address)::LocalVariable::_market_2][@local::contracts/RCOrderbook.sol::RCOrderbook.removeOldBids(address)::LocalVariable::i_2], market, user, userClosedMarketIndex[$arg0]}
 writer root       -> contracts/RCOrderbook.sol::RCOrderbook.removeUserFromOrderbook(address)
 writer effect     -> contracts/RCOrderbook.sol:516
 written member    -> ('SV', 'contracts/RCOrderbook.sol', 'RCOrderbook.user')
 potentially stale -> ('MS', 'contracts/RCOrderbook.sol', 'RCOrderbook.closedMarkets', '@local::contracts/RCOrderbook.sol::RCOrderbook.removeOldBids(address)::ReferenceVariable::REF_1159'), ('MS', 'contracts/RCOrderbook.sol', 'RCOrderbook.index', '$arg0][@local::contracts/RCOrderbook.sol::RCOrderbook.removeOldBids(address)::LocalVariable::_market_2][@local::contracts/RCOrderbook.sol::RCOrderbook.removeOldBids(address)::LocalVariable::i_2'), ('MS', 'contracts/RCOrderbook.sol', 'RCOrderbook.userClosedMarketIndex', '$arg0'), ('SV', 'contracts/RCOrderbook.sol', 'RCOrderbook.market')
 reader witnesses  -> 14
 storage exposures -> 1
[MV-SI candidate 8c93860e03a4fdc12f09] {marketCloseLimit, user}
 writer root       -> contracts/RCOrderbook.sol::RCOrderbook.addBidToOrderbook(address,uint256,uint256,uint256,address)
 writer effect     -> contracts/RCOrderbook.sol:422
 written member    -> ('SV', 'contracts/RCOrderbook.sol', 'RCOrderbook.user')
 potentially stale -> ('SV', 'contracts/RCOrderbook.sol', 'RCOrderbook.marketCloseLimit')
 reader witnesses  -> 4
 storage exposures -> 1
[MV-SI candidate 8cb3b2cc70a2d6f1422a] {index[@local::contracts/RCOrderbook.sol::RCOrderbook.cleanWastePile()::LocalVariable::_user_1][@local::contracts/RCOrderbook.sol::RCOrderbook.cleanWastePile()::LocalVariable::_market_1][@local::contracts/RCOrderbook.sol::RCOrderbook.cleanWastePile()::LocalVariable::_card_1], user}
 writer root       -> contracts/RCOrderbook.sol::RCOrderbook.findNewOwner(uint256,uint256)
 writer effect     -> contracts/RCOrderbook.sol:532
 written member    -> ('SV', 'contracts/RCOrderbook.sol', 'RCOrderbook.user')
 potentially stale -> ('MS', 'contracts/RCOrderbook.sol', 'RCOrderbook.index', '@local::contracts/RCOrderbook.sol::RCOrderbook.cleanWastePile()::LocalVariable::_user_1][@local::contracts/RCOrderbook.sol::RCOrderbook.cleanWastePile()::LocalVariable::_market_1][@local::contracts/RCOrderbook.sol::RCOrderbook.cleanWastePile()::LocalVariable::_card_1')
 reader witnesses  -> 4
 storage exposures -> 1
[MV-SI candidate 8cd8319774a1d57c9e1b] {card, winnerCut, winningOutcome}
 writer root       -> contracts/RCMarket.sol::RCMarket.exit(uint256)
 writer effect     -> contracts/RCMarket.sol:1087
 written member    -> ('SV', 'contracts/RCMarket.sol', 'RCMarket.card')
 potentially stale -> ('SV', 'contracts/RCMarket.sol', 'RCMarket.winnerCut'), ('SV', 'contracts/RCMarket.sol', 'RCMarket.winningOutcome')
 reader witnesses  -> 9
 storage exposures -> 1
[MV-SI candidate 8ce597564c25a737b1a1] {card, winnerCut, winningOutcome}
 writer root       -> contracts/RCMarket.sol::RCMarket.transferCard(address,address,uint256,uint256,uint256)
 writer effect     -> contracts/RCMarket.sol:378
 written member    -> ('SV', 'contracts/RCMarket.sol', 'RCMarket.card')
 potentially stale -> ('SV', 'contracts/RCMarket.sol', 'RCMarket.winnerCut'), ('SV', 'contracts/RCMarket.sol', 'RCMarket.winningOutcome')
 reader witnesses  -> 9
 storage exposures -> 1
[MV-SI candidate 8cf4d993893cb7ce4adb] {affiliateCut, artistCut, cardAffiliateCut, card[@local::contracts/RCMarket.sol::RCMarket._payoutWinnings()::TemporaryVariable::TMP_1488], creatorCut, rentCollectedPerUserPerCard[@local::contracts/RCMarket.sol::RCMarket._payoutWinnings()::TemporaryVariable::TMP_1483][@state::contracts/RCMarket.sol::RCMarket.winningOutcome], totalRentCollected, winnerCut, winningOutcome}
 writer root       -> contracts/RCMarket.sol::RCMarket.initialize(IRCMarket.Mode,uint32[],uint256,address,address,address[],address,string,uint256)
 writer effect     -> contracts/RCMarket.sol:243
 written member    -> ('SV', 'contracts/RCMarket.sol', 'RCMarket.affiliateCut')
 potentially stale -> ('MS', 'contracts/RCMarket.sol', 'RCMarket.card', '@local::contracts/RCMarket.sol::RCMarket._payoutWinnings()::TemporaryVariable::TMP_1488'), ('MS', 'contracts/RCMarket.sol', 'RCMarket.rentCollectedPerUserPerCard', '@local::contracts/RCMarket.sol::RCMarket._payoutWinnings()::TemporaryVariable::TMP_1483][@state::contracts/RCMarket.sol::RCMarket.winningOutcome'), ('SV', 'contracts/RCMarket.sol', 'RCMarket.artistCut'), ('SV', 'contracts/RCMarket.sol', 'RCMarket.cardAffiliateCut'), ('SV', 'contracts/RCMarket.sol', 'RCMarket.creatorCut'), ('SV', 'contracts/RCMarket.sol', 'RCMarket.totalRentCollected'), ('SV', 'contracts/RCMarket.sol', 'RCMarket.winnerCut'), ('SV', 'contracts/RCMarket.sol', 'RCMarket.winningOutcome')
 reader witnesses  -> 25
 storage exposures -> 1
[MV-SI candidate 8d042405adc4b7597dba] {maxDeletions, user}
 writer root       -> contracts/RCOrderbook.sol::RCOrderbook.setTimeHeldlimit(address,uint256,uint256)
 writer effect     -> contracts/RCOrderbook.sol:901
 written member    -> ('SV', 'contracts/RCOrderbook.sol', 'RCOrderbook.user')
 potentially stale -> ('SV', 'contracts/RCOrderbook.sol', 'RCOrderbook.maxDeletions')
 reader witnesses  -> 10
 storage exposures -> 1
[MV-SI candidate 8d09076b76630d070407] {_operatorApprovals[$arg0][$arg1], _owners[$arg0], _tokenApprovals[$arg0]}
 writer root       -> @openzeppelin/contracts/token/ERC721/ERC721.sol::ERC721.safeTransferFrom(address,address,uint256,bytes)
 writer effect     -> @openzeppelin/contracts/token/ERC721/ERC721.sol:355
 written member    -> ('MS', '@openzeppelin/contracts/token/ERC721/ERC721.sol', 'ERC721._tokenApprovals', '$arg0')
 potentially stale -> ('MS', '@openzeppelin/contracts/token/ERC721/ERC721.sol', 'ERC721._operatorApprovals', '$arg0][$arg1'), ('MS', '@openzeppelin/contracts/token/ERC721/ERC721.sol', 'ERC721._owners', '$arg0')
 reader witnesses  -> 64
 storage exposures -> 3
[MV-SI candidate 8d68b4f9f08e2036dfaa] {index[@local::contracts/RCOrderbook.sol::RCOrderbook.closeMarket()::LocalVariable::_market_1][@local::contracts/RCOrderbook.sol::RCOrderbook.closeMarket()::LocalVariable::_market_1][@local::contracts/RCOrderbook.sol::RCOrderbook.closeMarket()::LocalVariable::i_2], user}
 writer root       -> contracts/RCOrderbook.sol::RCOrderbook.addBidToOrderbook(address,uint256,uint256,uint256,address)
 writer effect     -> contracts/RCOrderbook.sol:361
 written member    -> ('SV', 'contracts/RCOrderbook.sol', 'RCOrderbook.user')
 potentially stale -> ('MS', 'contracts/RCOrderbook.sol', 'RCOrderbook.index', '@local::contracts/RCOrderbook.sol::RCOrderbook.closeMarket()::LocalVariable::_market_1][@local::contracts/RCOrderbook.sol::RCOrderbook.closeMarket()::LocalVariable::_market_1][@local::contracts/RCOrderbook.sol::RCOrderbook.closeMarket()::LocalVariable::i_2')
 reader witnesses  -> 1
 storage exposures -> 1
[MV-SI candidate 8ddc6b3e664ec0021717] {card, winningOutcome}
 writer root       -> contracts/RCMarket.sol::RCMarket.exit(uint256)
 writer effect     -> contracts/RCMarket.sol:1049
 written member    -> ('SV', 'contracts/RCMarket.sol', 'RCMarket.card')
 potentially stale -> ('SV', 'contracts/RCMarket.sol', 'RCMarket.winningOutcome')
 reader witnesses  -> 14
 storage exposures -> 1
[MV-SI candidate 8de6610de98facd7d1ea] {marketBalance, marketBalanceTopup}
 writer root       -> contracts/RCTreasury.sol::RCTreasury.payRent(uint256)
 writer effect     -> contracts/RCTreasury.sol:501
 written member    -> ('SV', 'contracts/RCTreasury.sol', 'RCTreasury.marketBalanceTopup')
 potentially stale -> ('SV', 'contracts/RCTreasury.sol', 'RCTreasury.marketBalance')
 reader witnesses  -> 16
 storage exposures -> 1
[MV-SI candidate 8df2fc252ab95ffbe33a] {index[$arg4][@local::contracts/RCOrderbook.sol::RCOrderbook.addBidToOrderbook(address,uint256,uint256,uint256,address)::LocalVariable::_market_1][$arg1], user}
 writer root       -> contracts/RCOrderbook.sol::RCOrderbook.removeUserFromOrderbook(address)
 writer effect     -> contracts/RCOrderbook.sol:632
 written member    -> ('SV', 'contracts/RCOrderbook.sol', 'RCOrderbook.user')
 potentially stale -> ('MS', 'contracts/RCOrderbook.sol', 'RCOrderbook.index', '$arg4][@local::contracts/RCOrderbook.sol::RCOrderbook.addBidToOrderbook(address,uint256,uint256,uint256,address)::LocalVariable::_market_1][$arg1')
 reader witnesses  -> 6
 storage exposures -> 1
[MV-SI candidate 8e0f2945826c9faba5bf] {index[@local::contracts/RCOrderbook.sol::RCOrderbook.closeMarket()::LocalVariable::_market_1][@local::contracts/RCOrderbook.sol::RCOrderbook.closeMarket()::LocalVariable::_market_1][@local::contracts/RCOrderbook.sol::RCOrderbook.closeMarket()::LocalVariable::i_2], user}
 writer root       -> contracts/RCOrderbook.sol::RCOrderbook.closeMarket()
 writer effect     -> contracts/RCOrderbook.sol:667
 written member    -> ('SV', 'contracts/RCOrderbook.sol', 'RCOrderbook.user')
 potentially stale -> ('MS', 'contracts/RCOrderbook.sol', 'RCOrderbook.index', '@local::contracts/RCOrderbook.sol::RCOrderbook.closeMarket()::LocalVariable::_market_1][@local::contracts/RCOrderbook.sol::RCOrderbook.closeMarket()::LocalVariable::_market_1][@local::contracts/RCOrderbook.sol::RCOrderbook.closeMarket()::LocalVariable::i_2')
 reader witnesses  -> 1
 storage exposures -> 1
[MV-SI candidate 8e0f59f419595a616676] {closedMarkets[@local::contracts/RCOrderbook.sol::RCOrderbook.removeOldBids(address)::ReferenceVariable::REF_1159], index[$arg0][@local::contracts/RCOrderbook.sol::RCOrderbook.removeOldBids(address)::LocalVariable::_market_2][@local::contracts/RCOrderbook.sol::RCOrderbook.removeOldBids(address)::LocalVariable::i_2], market, user, userClosedMarketIndex[$arg0]}
 writer root       -> contracts/RCOrderbook.sol::RCOrderbook.closeMarket()
 writer effect     -> contracts/RCOrderbook.sol:665
 written member    -> ('SV', 'contracts/RCOrderbook.sol', 'RCOrderbook.user')
 potentially stale -> ('MS', 'contracts/RCOrderbook.sol', 'RCOrderbook.closedMarkets', '@local::contracts/RCOrderbook.sol::RCOrderbook.removeOldBids(address)::ReferenceVariable::REF_1159'), ('MS', 'contracts/RCOrderbook.sol', 'RCOrderbook.index', '$arg0][@local::contracts/RCOrderbook.sol::RCOrderbook.removeOldBids(address)::LocalVariable::_market_2][@local::contracts/RCOrderbook.sol::RCOrderbook.removeOldBids(address)::LocalVariable::i_2'), ('MS', 'contracts/RCOrderbook.sol', 'RCOrderbook.userClosedMarketIndex', '$arg0'), ('SV', 'contracts/RCOrderbook.sol', 'RCOrderbook.market')
 reader witnesses  -> 14
 storage exposures -> 1
[MV-SI candidate 8e3c8ea34d9525654d9c] {index[$arg4][@local::contracts/RCOrderbook.sol::RCOrderbook.addBidToOrderbook(address,uint256,uint256,uint256,address)::LocalVariable::_market_1][$arg1], user}
 writer root       -> contracts/RCOrderbook.sol::RCOrderbook.removeOldBids(address)
 writer effect     -> contracts/RCOrderbook.sol:734
 written member    -> ('SV', 'contracts/RCOrderbook.sol', 'RCOrderbook.user')
 potentially stale -> ('MS', 'contracts/RCOrderbook.sol', 'RCOrderbook.index', '$arg4][@local::contracts/RCOrderbook.sol::RCOrderbook.addBidToOrderbook(address,uint256,uint256,uint256,address)::LocalVariable::_market_1][$arg1')
 reader witnesses  -> 6
 storage exposures -> 1
[MV-SI candidate 8ebe7f64625ae307da71] {affiliateCut, artistCut, cardAffiliateCut, card[@local::contracts/RCMarket.sol::RCMarket._payoutWinnings()::TemporaryVariable::TMP_1488], creatorCut, rentCollectedPerUserPerCard[@local::contracts/RCMarket.sol::RCMarket._payoutWinnings()::TemporaryVariable::TMP_1483][@state::contracts/RCMarket.sol::RCMarket.winningOutcome], totalRentCollected, winnerCut, winningOutcome}
 writer root       -> contracts/RCMarket.sol::RCMarket.newRental(uint256,uint256,address,uint256)
 writer effect     -> contracts/RCMarket.sol:1090
 written member    -> ('SV', 'contracts/RCMarket.sol', 'RCMarket.totalRentCollected')
 potentially stale -> ('MS', 'contracts/RCMarket.sol', 'RCMarket.card', '@local::contracts/RCMarket.sol::RCMarket._payoutWinnings()::TemporaryVariable::TMP_1488'), ('MS', 'contracts/RCMarket.sol', 'RCMarket.rentCollectedPerUserPerCard', '@local::contracts/RCMarket.sol::RCMarket._payoutWinnings()::TemporaryVariable::TMP_1483][@state::contracts/RCMarket.sol::RCMarket.winningOutcome'), ('SV', 'contracts/RCMarket.sol', 'RCMarket.affiliateCut'), ('SV', 'contracts/RCMarket.sol', 'RCMarket.artistCut'), ('SV', 'contracts/RCMarket.sol', 'RCMarket.cardAffiliateCut'), ('SV', 'contracts/RCMarket.sol', 'RCMarket.creatorCut'), ('SV', 'contracts/RCMarket.sol', 'RCMarket.winnerCut'), ('SV', 'contracts/RCMarket.sol', 'RCMarket.winningOutcome')
 reader witnesses  -> 22
 storage exposures -> 1
[MV-SI candidate 8f0d0ae7889b10abec29] {cleaningLoops, user}
 writer root       -> contracts/RCOrderbook.sol::RCOrderbook.removeUserFromOrderbook(address)
 writer effect     -> contracts/RCOrderbook.sol:536
 written member    -> ('SV', 'contracts/RCOrderbook.sol', 'RCOrderbook.user')
 potentially stale -> ('SV', 'contracts/RCOrderbook.sol', 'RCOrderbook.cleaningLoops')
 reader witnesses  -> 2
 storage exposures -> 1
[MV-SI candidate 8f1a72aa7964700962bf] {card, minimumPriceIncreasePercent}
 writer root       -> contracts/RCMarket.sol::RCMarket.lockMarket()
 writer effect     -> contracts/RCMarket.sol:1068
 written member    -> ('SV', 'contracts/RCMarket.sol', 'RCMarket.card')
 potentially stale -> ('SV', 'contracts/RCMarket.sol', 'RCMarket.minimumPriceIncreasePercent')
 reader witnesses  -> 2
 storage exposures -> 1
[MV-SI candidate 8f4a5d7213a2ab04258d] {cleaningLoops, user}
 writer root       -> contracts/RCOrderbook.sol::RCOrderbook.removeBidFromOrderbook(address,uint256)
 writer effect     -> contracts/RCOrderbook.sol:536
 written member    -> ('SV', 'contracts/RCOrderbook.sol', 'RCOrderbook.user')
 potentially stale -> ('SV', 'contracts/RCOrderbook.sol', 'RCOrderbook.cleaningLoops')
 reader witnesses  -> 2
 storage exposures -> 1
[MV-SI candidate 8f83ad52774d3342b2cc] {index[$arg4][@local::contracts/RCOrderbook.sol::RCOrderbook.addBidToOrderbook(address,uint256,uint256,uint256,address)::LocalVariable::_market_1][$arg1], user}
 writer root       -> contracts/RCOrderbook.sol::RCOrderbook.findNewOwner(uint256,uint256)
 writer effect     -> contracts/RCOrderbook.sol:532
 written member    -> ('SV', 'contracts/RCOrderbook.sol', 'RCOrderbook.user')
 potentially stale -> ('MS', 'contracts/RCOrderbook.sol', 'RCOrderbook.index', '$arg4][@local::contracts/RCOrderbook.sol::RCOrderbook.addBidToOrderbook(address,uint256,uint256,uint256,address)::LocalVariable::_market_1][$arg1')
 reader witnesses  -> 6
 storage exposures -> 1
[MV-SI candidate 8f8a2fd383681e66f01c] {card, minimumPriceIncreasePercent}
 writer root       -> contracts/RCMarket.sol::RCMarket.getWinnerFromOracle()
 writer effect     -> contracts/RCMarket.sol:1068
 written member    -> ('SV', 'contracts/RCMarket.sol', 'RCMarket.card')
 potentially stale -> ('SV', 'contracts/RCMarket.sol', 'RCMarket.minimumPriceIncreasePercent')
 reader witnesses  -> 2
 storage exposures -> 1
[MV-SI candidate 8fc8a1d43ab43c69d6bf] {card, minimumPriceIncreasePercent}
 writer root       -> contracts/RCMarket.sol::RCMarket.lockMarket()
 writer effect     -> contracts/RCMarket.sol:1073
 written member    -> ('SV', 'contracts/RCMarket.sol', 'RCMarket.card')
 potentially stale -> ('SV', 'contracts/RCMarket.sol', 'RCMarket.minimumPriceIncreasePercent')
 reader witnesses  -> 2
 storage exposures -> 1
[MV-SI candidate 8ff2b3d93469b71956cc] {cleaningLoops, user}
 writer root       -> contracts/RCOrderbook.sol::RCOrderbook.removeOldBids(address)
 writer effect     -> contracts/RCOrderbook.sol:749
 written member    -> ('SV', 'contracts/RCOrderbook.sol', 'RCOrderbook.user')
 potentially stale -> ('SV', 'contracts/RCOrderbook.sol', 'RCOrderbook.cleaningLoops')
 reader witnesses  -> 2
 storage exposures -> 1
[MV-SI candidate 9021923fe9547c73d3d8] {card, winnerCut, winningOutcome}
 writer root       -> contracts/RCMarket.sol::RCMarket.exit(uint256)
 writer effect     -> contracts/RCMarket.sol:1074
 written member    -> ('SV', 'contracts/RCMarket.sol', 'RCMarket.card')
 potentially stale -> ('SV', 'contracts/RCMarket.sol', 'RCMarket.winnerCut'), ('SV', 'contracts/RCMarket.sol', 'RCMarket.winningOutcome')
 reader witnesses  -> 9
 storage exposures -> 1
[MV-SI candidate 9030a20e8fc1650b1bf7] {index[$arg4][@local::contracts/RCOrderbook.sol::RCOrderbook.addBidToOrderbook(address,uint256,uint256,uint256,address)::LocalVariable::_market_1][$arg1], user}
 writer root       -> contracts/RCOrderbook.sol::RCOrderbook.addBidToOrderbook(address,uint256,uint256,uint256,address)
 writer effect     -> contracts/RCOrderbook.sol:776
 written member    -> ('SV', 'contracts/RCOrderbook.sol', 'RCOrderbook.user')
 potentially stale -> ('MS', 'contracts/RCOrderbook.sol', 'RCOrderbook.index', '$arg4][@local::contracts/RCOrderbook.sol::RCOrderbook.addBidToOrderbook(address,uint256,uint256,uint256,address)::LocalVariable::_market_1][$arg1')
 reader witnesses  -> 6
 storage exposures -> 1
[MV-SI candidate 905283de39ce25b91de5] {leaderboard, leaderboardIndex[@local::contracts/RCLeaderboard.sol::RCLeaderboard.updateLeaderboard(address,uint256,uint256)::LocalVariable::_market_1][@local::contracts/RCLeaderboard.sol::RCLeaderboard.updateLeaderboard(address,uint256,uint256)::LocalVariable::_market_1][$arg1], leaderboardIndex[@local::contracts/RCLeaderboard.sol::RCLeaderboard.updateLeaderboard(address,uint256,uint256)::LocalVariable::lastUserOnLeaderboard_1][@local::contracts/RCLeaderboard.sol::RCLeaderboard.updateLeaderboard(address,uint256,uint256)::LocalVariable::_market_1][$arg1]}
 writer root       -> contracts/RCLeaderboard.sol::RCLeaderboard.updateLeaderboard(address,uint256,uint256)
 writer effect     -> contracts/RCLeaderboard.sol:233
 written member    -> ('MS', 'contracts/RCLeaderboard.sol', 'RCLeaderboard.leaderboardIndex', '@local::contracts/RCLeaderboard.sol::RCLeaderboard.updateLeaderboard(address,uint256,uint256)::LocalVariable::lastUserOnLeaderboard_1][@local::contracts/RCLeaderboard.sol::RCLeaderboard.updateLeaderboard(address,uint256,uint256)::LocalVariable::_market_1][$arg1')
 potentially stale -> ('MS', 'contracts/RCLeaderboard.sol', 'RCLeaderboard.leaderboardIndex', '@local::contracts/RCLeaderboard.sol::RCLeaderboard.updateLeaderboard(address,uint256,uint256)::LocalVariable::_market_1][@local::contracts/RCLeaderboard.sol::RCLeaderboard.updateLeaderboard(address,uint256,uint256)::LocalVariable::_market_1][$arg1'), ('SV', 'contracts/RCLeaderboard.sol', 'RCLeaderboard.leaderboard')
 reader witnesses  -> 37
 storage exposures -> 1
[MV-SI candidate 9069b7d5f46f0f996f05] {marketCloseLimit, user}
 writer root       -> contracts/RCOrderbook.sol::RCOrderbook.removeOldBids(address)
 writer effect     -> contracts/RCOrderbook.sol:745
 written member    -> ('SV', 'contracts/RCOrderbook.sol', 'RCOrderbook.user')
 potentially stale -> ('SV', 'contracts/RCOrderbook.sol', 'RCOrderbook.marketCloseLimit')
 reader witnesses  -> 4
 storage exposures -> 1
[MV-SI candidate 90b87bd505a31688ad48] {index[$arg4][@local::contracts/RCOrderbook.sol::RCOrderbook.addBidToOrderbook(address,uint256,uint256,uint256,address)::LocalVariable::_market_1][$arg1], user}
 writer root       -> contracts/RCOrderbook.sol::RCOrderbook.findNewOwner(uint256,uint256)
 writer effect     -> contracts/RCOrderbook.sol:830
 written member    -> ('SV', 'contracts/RCOrderbook.sol', 'RCOrderbook.user')
 potentially stale -> ('MS', 'contracts/RCOrderbook.sol', 'RCOrderbook.index', '$arg4][@local::contracts/RCOrderbook.sol::RCOrderbook.addBidToOrderbook(address,uint256,uint256,uint256,address)::LocalVariable::_market_1][$arg1')
 reader witnesses  -> 6
 storage exposures -> 1
[MV-SI candidate 915b6852e868a6b4fa4f] {index[$arg4][@local::contracts/RCOrderbook.sol::RCOrderbook.addBidToOrderbook(address,uint256,uint256,uint256,address)::LocalVariable::_market_1][$arg1], user}
 writer root       -> contracts/RCOrderbook.sol::RCOrderbook.removeOldBids(address)
 writer effect     -> contracts/RCOrderbook.sol:710
 written member    -> ('SV', 'contracts/RCOrderbook.sol', 'RCOrderbook.user')
 potentially stale -> ('MS', 'contracts/RCOrderbook.sol', 'RCOrderbook.index', '$arg4][@local::contracts/RCOrderbook.sol::RCOrderbook.addBidToOrderbook(address,uint256,uint256,uint256,address)::LocalVariable::_market_1][$arg1')
 reader witnesses  -> 6
 storage exposures -> 1
[MV-SI candidate 91886a6b70e6463e31ba] {maxDeletions, user}
 writer root       -> contracts/RCOrderbook.sol::RCOrderbook.removeBidFromOrderbook(address,uint256)
 writer effect     -> contracts/RCOrderbook.sol:516
 written member    -> ('SV', 'contracts/RCOrderbook.sol', 'RCOrderbook.user')
 potentially stale -> ('SV', 'contracts/RCOrderbook.sol', 'RCOrderbook.maxDeletions')
 reader witnesses  -> 10
 storage exposures -> 1
[MV-SI candidate 918fd9ae0a202ab5f69b] {index[$arg4][@local::contracts/RCOrderbook.sol::RCOrderbook.addBidToOrderbook(address,uint256,uint256,uint256,address)::LocalVariable::_market_1][$arg1], user}
 writer root       -> contracts/RCOrderbook.sol::RCOrderbook.findNewOwner(uint256,uint256)
 writer effect     -> contracts/RCOrderbook.sol:516
 written member    -> ('SV', 'contracts/RCOrderbook.sol', 'RCOrderbook.user')
 potentially stale -> ('MS', 'contracts/RCOrderbook.sol', 'RCOrderbook.index', '$arg4][@local::contracts/RCOrderbook.sol::RCOrderbook.addBidToOrderbook(address,uint256,uint256,uint256,address)::LocalVariable::_market_1][$arg1')
 reader witnesses  -> 6
 storage exposures -> 1
[MV-SI candidate 91cf4c5c34192bf7e9ac] {card, winnerCut, winningOutcome}
 writer root       -> contracts/RCMarket.sol::RCMarket.rentAllCards(uint256)
 writer effect     -> contracts/RCMarket.sol:1074
 written member    -> ('SV', 'contracts/RCMarket.sol', 'RCMarket.card')
 potentially stale -> ('SV', 'contracts/RCMarket.sol', 'RCMarket.winnerCut'), ('SV', 'contracts/RCMarket.sol', 'RCMarket.winningOutcome')
 reader witnesses  -> 18
 storage exposures -> 1
[MV-SI candidate 921ad641b2eca013422a] {marketCloseLimit, user}
 writer root       -> contracts/RCOrderbook.sol::RCOrderbook.findNewOwner(uint256,uint256)
 writer effect     -> contracts/RCOrderbook.sol:532
 written member    -> ('SV', 'contracts/RCOrderbook.sol', 'RCOrderbook.user')
 potentially stale -> ('SV', 'contracts/RCOrderbook.sol', 'RCOrderbook.marketCloseLimit')
 reader witnesses  -> 4
 storage exposures -> 1
[MV-SI candidate 921d243e7ba4e68f5606] {closedMarkets[@local::contracts/RCOrderbook.sol::RCOrderbook.removeOldBids(address)::ReferenceVariable::REF_1159], index[$arg0][@local::contracts/RCOrderbook.sol::RCOrderbook.removeOldBids(address)::LocalVariable::_market_2][@local::contracts/RCOrderbook.sol::RCOrderbook.removeOldBids(address)::LocalVariable::i_2], market, user, userClosedMarketIndex[$arg0]}
 writer root       -> contracts/RCOrderbook.sol::RCOrderbook.removeBidFromOrderbook(address,uint256)
 writer effect     -> contracts/RCOrderbook.sol:532
 written member    -> ('SV', 'contracts/RCOrderbook.sol', 'RCOrderbook.user')
 potentially stale -> ('MS', 'contracts/RCOrderbook.sol', 'RCOrderbook.closedMarkets', '@local::contracts/RCOrderbook.sol::RCOrderbook.removeOldBids(address)::ReferenceVariable::REF_1159'), ('MS', 'contracts/RCOrderbook.sol', 'RCOrderbook.index', '$arg0][@local::contracts/RCOrderbook.sol::RCOrderbook.removeOldBids(address)::LocalVariable::_market_2][@local::contracts/RCOrderbook.sol::RCOrderbook.removeOldBids(address)::LocalVariable::i_2'), ('MS', 'contracts/RCOrderbook.sol', 'RCOrderbook.userClosedMarketIndex', '$arg0'), ('SV', 'contracts/RCOrderbook.sol', 'RCOrderbook.market')
 reader witnesses  -> 14
 storage exposures -> 1
[MV-SI candidate 9276a36d4519426a8061] {card, marketLockingTime}
 writer root       -> contracts/RCMarket.sol::RCMarket.setAmicableResolution(uint256)
 writer effect     -> contracts/RCMarket.sol:1068
 written member    -> ('SV', 'contracts/RCMarket.sol', 'RCMarket.card')
 potentially stale -> ('SV', 'contracts/RCMarket.sol', 'RCMarket.marketLockingTime')
 reader witnesses  -> 30
 storage exposures -> 1
[MV-SI candidate 92ef22c084118912ff15] {card, minimumPriceIncreasePercent}
 writer root       -> contracts/RCMarket.sol::RCMarket.exit(uint256)
 writer effect     -> contracts/RCMarket.sol:1068
 written member    -> ('SV', 'contracts/RCMarket.sol', 'RCMarket.card')
 potentially stale -> ('SV', 'contracts/RCMarket.sol', 'RCMarket.minimumPriceIncreasePercent')
 reader witnesses  -> 2
 storage exposures -> 1
[MV-SI candidate 930944b67b41e7320693] {cleaningLoops, user}
 writer root       -> contracts/RCOrderbook.sol::RCOrderbook.closeMarket()
 writer effect     -> contracts/RCOrderbook.sol:673
 written member    -> ('SV', 'contracts/RCOrderbook.sol', 'RCOrderbook.user')
 potentially stale -> ('SV', 'contracts/RCOrderbook.sol', 'RCOrderbook.cleaningLoops')
 reader witnesses  -> 2
 storage exposures -> 1
[MV-SI candidate 938a2a8b8f049e005349] {index[$arg4][@local::contracts/RCOrderbook.sol::RCOrderbook.addBidToOrderbook(address,uint256,uint256,uint256,address)::LocalVariable::_market_1][$arg1], user}
 writer root       -> contracts/RCOrderbook.sol::RCOrderbook.findNewOwner(uint256,uint256)
 writer effect     -> contracts/RCOrderbook.sol:527
 written member    -> ('SV', 'contracts/RCOrderbook.sol', 'RCOrderbook.user')
 potentially stale -> ('MS', 'contracts/RCOrderbook.sol', 'RCOrderbook.index', '$arg4][@local::contracts/RCOrderbook.sol::RCOrderbook.addBidToOrderbook(address,uint256,uint256,uint256,address)::LocalVariable::_market_1][$arg1')
 reader witnesses  -> 6
 storage exposures -> 1
[MV-SI candidate 93b87a7d77fb3c925a8e] {index[@local::contracts/RCOrderbook.sol::RCOrderbook.cleanWastePile()::LocalVariable::_user_1][@local::contracts/RCOrderbook.sol::RCOrderbook.cleanWastePile()::LocalVariable::_market_1][@local::contracts/RCOrderbook.sol::RCOrderbook.cleanWastePile()::LocalVariable::_card_1], user}
 writer root       -> contracts/RCOrderbook.sol::RCOrderbook.addBidToOrderbook(address,uint256,uint256,uint256,address)
 writer effect     -> contracts/RCOrderbook.sol:406
 written member    -> ('SV', 'contracts/RCOrderbook.sol', 'RCOrderbook.user')
 potentially stale -> ('MS', 'contracts/RCOrderbook.sol', 'RCOrderbook.index', '@local::contracts/RCOrderbook.sol::RCOrderbook.cleanWastePile()::LocalVariable::_user_1][@local::contracts/RCOrderbook.sol::RCOrderbook.cleanWastePile()::LocalVariable::_market_1][@local::contracts/RCOrderbook.sol::RCOrderbook.cleanWastePile()::LocalVariable::_card_1')
 reader witnesses  -> 4
 storage exposures -> 1
[MV-SI candidate 93bba5b3c99b955fbe97] {closedMarkets[@local::contracts/RCOrderbook.sol::RCOrderbook.removeOldBids(address)::ReferenceVariable::REF_1159], index[$arg0][@local::contracts/RCOrderbook.sol::RCOrderbook.removeOldBids(address)::LocalVariable::_market_2][@local::contracts/RCOrderbook.sol::RCOrderbook.removeOldBids(address)::LocalVariable::i_2], market, user, userClosedMarketIndex[$arg0]}
 writer root       -> contracts/RCOrderbook.sol::RCOrderbook.findNewOwner(uint256,uint256)
 writer effect     -> contracts/RCOrderbook.sol:527
 written member    -> ('SV', 'contracts/RCOrderbook.sol', 'RCOrderbook.user')
 potentially stale -> ('MS', 'contracts/RCOrderbook.sol', 'RCOrderbook.closedMarkets', '@local::contracts/RCOrderbook.sol::RCOrderbook.removeOldBids(address)::ReferenceVariable::REF_1159'), ('MS', 'contracts/RCOrderbook.sol', 'RCOrderbook.index', '$arg0][@local::contracts/RCOrderbook.sol::RCOrderbook.removeOldBids(address)::LocalVariable::_market_2][@local::contracts/RCOrderbook.sol::RCOrderbook.removeOldBids(address)::LocalVariable::i_2'), ('MS', 'contracts/RCOrderbook.sol', 'RCOrderbook.userClosedMarketIndex', '$arg0'), ('SV', 'contracts/RCOrderbook.sol', 'RCOrderbook.market')
 reader witnesses  -> 14
 storage exposures -> 1
[MV-SI candidate 93c21beb50c868063909] {marketBalance, totalDeposits, totalMarketPots}
 writer root       -> contracts/RCTreasury.sol::RCTreasury.refundUser(address,uint256)
 writer effect     -> contracts/RCTreasury.sol:542
 written member    -> ('SV', 'contracts/RCTreasury.sol', 'RCTreasury.totalDeposits')
 potentially stale -> ('SV', 'contracts/RCTreasury.sol', 'RCTreasury.marketBalance'), ('SV', 'contracts/RCTreasury.sol', 'RCTreasury.totalMarketPots')
 reader witnesses  -> 19
 storage exposures -> 1
[MV-SI candidate 93cedf4f8a0b3b62e681] {cleaningLoops, user}
 writer root       -> contracts/RCOrderbook.sol::RCOrderbook.cleanWastePile()
 writer effect     -> contracts/RCOrderbook.sol:784
 written member    -> ('SV', 'contracts/RCOrderbook.sol', 'RCOrderbook.user')
 potentially stale -> ('SV', 'contracts/RCOrderbook.sol', 'RCOrderbook.cleaningLoops')
 reader witnesses  -> 2
 storage exposures -> 1
[MV-SI candidate 93dfb8d9dae411644669] {card, cardAffiliateCut}
 writer root       -> contracts/RCMarket.sol::RCMarket.collectRent(uint256)
 writer effect     -> contracts/RCMarket.sol:1074
 written member    -> ('SV', 'contracts/RCMarket.sol', 'RCMarket.card')
 potentially stale -> ('SV', 'contracts/RCMarket.sol', 'RCMarket.cardAffiliateCut')
 reader witnesses  -> 3
 storage exposures -> 1
[MV-SI candidate 93f0779ea1e3a82dd560] {closedMarkets[@local::contracts/RCOrderbook.sol::RCOrderbook.removeOldBids(address)::ReferenceVariable::REF_1159], index[$arg0][@local::contracts/RCOrderbook.sol::RCOrderbook.removeOldBids(address)::LocalVariable::_market_2][@local::contracts/RCOrderbook.sol::RCOrderbook.removeOldBids(address)::LocalVariable::i_2], market, user, userClosedMarketIndex[$arg0]}
 writer root       -> contracts/RCOrderbook.sol::RCOrderbook.addBidToOrderbook(address,uint256,uint256,uint256,address)
 writer effect     -> contracts/RCOrderbook.sol:797
 written member    -> ('SV', 'contracts/RCOrderbook.sol', 'RCOrderbook.user')
 potentially stale -> ('MS', 'contracts/RCOrderbook.sol', 'RCOrderbook.closedMarkets', '@local::contracts/RCOrderbook.sol::RCOrderbook.removeOldBids(address)::ReferenceVariable::REF_1159'), ('MS', 'contracts/RCOrderbook.sol', 'RCOrderbook.index', '$arg0][@local::contracts/RCOrderbook.sol::RCOrderbook.removeOldBids(address)::LocalVariable::_market_2][@local::contracts/RCOrderbook.sol::RCOrderbook.removeOldBids(address)::LocalVariable::i_2'), ('MS', 'contracts/RCOrderbook.sol', 'RCOrderbook.userClosedMarketIndex', '$arg0'), ('SV', 'contracts/RCOrderbook.sol', 'RCOrderbook.market')
 reader witnesses  -> 14
 storage exposures -> 1
[MV-SI candidate 942e4f7ad5c83f23ca80] {cleaningLoops, user}
 writer root       -> contracts/RCOrderbook.sol::RCOrderbook.findNewOwner(uint256,uint256)
 writer effect     -> contracts/RCOrderbook.sol:536
 written member    -> ('SV', 'contracts/RCOrderbook.sol', 'RCOrderbook.user')
 potentially stale -> ('SV', 'contracts/RCOrderbook.sol', 'RCOrderbook.cleaningLoops')
 reader witnesses  -> 2
 storage exposures -> 1
[MV-SI candidate 94855b56cef09343974f] {maxDeletions, user}
 writer root       -> contracts/RCOrderbook.sol::RCOrderbook.cleanWastePile()
 writer effect     -> contracts/RCOrderbook.sol:784
 written member    -> ('SV', 'contracts/RCOrderbook.sol', 'RCOrderbook.user')
 potentially stale -> ('SV', 'contracts/RCOrderbook.sol', 'RCOrderbook.maxDeletions')
 reader witnesses  -> 10
 storage exposures -> 1
[MV-SI candidate 94feefbd5e1c0521dfac] {card, marketLockingTime}
 writer root       -> contracts/RCMarket.sol::RCMarket.newRental(uint256,uint256,address,uint256)
 writer effect     -> contracts/RCMarket.sol:1074
 written member    -> ('SV', 'contracts/RCMarket.sol', 'RCMarket.card')
 potentially stale -> ('SV', 'contracts/RCMarket.sol', 'RCMarket.marketLockingTime')
 reader witnesses  -> 60
 storage exposures -> 1
[MV-SI candidate 954bfaee05b78ce41d01] {index[$arg4][@local::contracts/RCOrderbook.sol::RCOrderbook.addBidToOrderbook(address,uint256,uint256,uint256,address)::LocalVariable::_market_1][$arg1], user}
 writer root       -> contracts/RCOrderbook.sol::RCOrderbook.removeBidFromOrderbook(address,uint256)
 writer effect     -> contracts/RCOrderbook.sol:532
 written member    -> ('SV', 'contracts/RCOrderbook.sol', 'RCOrderbook.user')
 potentially stale -> ('MS', 'contracts/RCOrderbook.sol', 'RCOrderbook.index', '$arg4][@local::contracts/RCOrderbook.sol::RCOrderbook.addBidToOrderbook(address,uint256,uint256,uint256,address)::LocalVariable::_market_1][$arg1')
 reader witnesses  -> 6
 storage exposures -> 1
[MV-SI candidate 9591f9c54d30c798b630] {closedMarkets[@local::contracts/RCOrderbook.sol::RCOrderbook.removeOldBids(address)::ReferenceVariable::REF_1159], index[$arg0][@local::contracts/RCOrderbook.sol::RCOrderbook.removeOldBids(address)::LocalVariable::_market_2][@local::contracts/RCOrderbook.sol::RCOrderbook.removeOldBids(address)::LocalVariable::i_2], market, user, userClosedMarketIndex[$arg0]}
 writer root       -> contracts/RCOrderbook.sol::RCOrderbook.addBidToOrderbook(address,uint256,uint256,uint256,address)
 writer effect     -> contracts/RCOrderbook.sol:430
 written member    -> ('SV', 'contracts/RCOrderbook.sol', 'RCOrderbook.user')
 potentially stale -> ('MS', 'contracts/RCOrderbook.sol', 'RCOrderbook.closedMarkets', '@local::contracts/RCOrderbook.sol::RCOrderbook.removeOldBids(address)::ReferenceVariable::REF_1159'), ('MS', 'contracts/RCOrderbook.sol', 'RCOrderbook.index', '$arg0][@local::contracts/RCOrderbook.sol::RCOrderbook.removeOldBids(address)::LocalVariable::_market_2][@local::contracts/RCOrderbook.sol::RCOrderbook.removeOldBids(address)::LocalVariable::i_2'), ('MS', 'contracts/RCOrderbook.sol', 'RCOrderbook.userClosedMarketIndex', '$arg0'), ('SV', 'contracts/RCOrderbook.sol', 'RCOrderbook.market')
 reader witnesses  -> 14
 storage exposures -> 1
[MV-SI candidate 95cf664e80e553efc2ab] {cleaningLoops, user}
 writer root       -> contracts/RCOrderbook.sol::RCOrderbook.cleanWastePile()
 writer effect     -> contracts/RCOrderbook.sol:806
 written member    -> ('SV', 'contracts/RCOrderbook.sol', 'RCOrderbook.user')
 potentially stale -> ('SV', 'contracts/RCOrderbook.sol', 'RCOrderbook.cleaningLoops')
 reader witnesses  -> 2
 storage exposures -> 1
[MV-SI candidate 9620b95a62c0a056af3e] {card, minimumPriceIncreasePercent}
 writer root       -> contracts/RCMarket.sol::RCMarket.getWinnerFromOracle()
 writer effect     -> contracts/RCMarket.sol:1049
 written member    -> ('SV', 'contracts/RCMarket.sol', 'RCMarket.card')
 potentially stale -> ('SV', 'contracts/RCMarket.sol', 'RCMarket.minimumPriceIncreasePercent')
 reader witnesses  -> 2
 storage exposures -> 1
[MV-SI candidate 964d9e6d37d25fa5c6b9] {card, minimumPriceIncreasePercent}
 writer root       -> contracts/RCMarket.sol::RCMarket.exit(uint256)
 writer effect     -> contracts/RCMarket.sol:1049
 written member    -> ('SV', 'contracts/RCMarket.sol', 'RCMarket.card')
 potentially stale -> ('SV', 'contracts/RCMarket.sol', 'RCMarket.minimumPriceIncreasePercent')
 reader witnesses  -> 2
 storage exposures -> 1
[MV-SI candidate 97090f4ced036a416ee0] {index[@local::contracts/RCOrderbook.sol::RCOrderbook.cleanWastePile()::LocalVariable::_user_1][@local::contracts/RCOrderbook.sol::RCOrderbook.cleanWastePile()::LocalVariable::_market_1][@local::contracts/RCOrderbook.sol::RCOrderbook.cleanWastePile()::LocalVariable::_card_1], user}
 writer root       -> contracts/RCOrderbook.sol::RCOrderbook.closeMarket()
 writer effect     -> contracts/RCOrderbook.sol:673
 written member    -> ('SV', 'contracts/RCOrderbook.sol', 'RCOrderbook.user')
 potentially stale -> ('MS', 'contracts/RCOrderbook.sol', 'RCOrderbook.index', '@local::contracts/RCOrderbook.sol::RCOrderbook.cleanWastePile()::LocalVariable::_user_1][@local::contracts/RCOrderbook.sol::RCOrderbook.cleanWastePile()::LocalVariable::_market_1][@local::contracts/RCOrderbook.sol::RCOrderbook.cleanWastePile()::LocalVariable::_card_1')
 reader witnesses  -> 4
 storage exposures -> 1
[MV-SI candidate 976733a1ac258790510f] {card, marketLockingTime}
 writer root       -> contracts/RCMarket.sol::RCMarket.sponsor(uint256)
 writer effect     -> contracts/RCMarket.sol:916
 written member    -> ('SV', 'contracts/RCMarket.sol', 'RCMarket.card')
 potentially stale -> ('SV', 'contracts/RCMarket.sol', 'RCMarket.marketLockingTime')
 reader witnesses  -> 30
 storage exposures -> 1
[MV-SI candidate 97e82cc87d5b5576c296] {leaderboard, leaderboardIndex[@local::contracts/RCLeaderboard.sol::RCLeaderboard.updateLeaderboard(address,uint256,uint256)::LocalVariable::_market_1][@local::contracts/RCLeaderboard.sol::RCLeaderboard.updateLeaderboard(address,uint256,uint256)::LocalVariable::_market_1][$arg1], leaderboardIndex[@local::contracts/RCLeaderboard.sol::RCLeaderboard.updateLeaderboard(address,uint256,uint256)::LocalVariable::lastUserOnLeaderboard_1][@local::contracts/RCLeaderboard.sol::RCLeaderboard.updateLeaderboard(address,uint256,uint256)::LocalVariable::_market_1][$arg1]}
 writer root       -> contracts/RCLeaderboard.sol::RCLeaderboard.updateLeaderboard(address,uint256,uint256)
 writer effect     -> contracts/RCLeaderboard.sol:221
 written member    -> ('SV', 'contracts/RCLeaderboard.sol', 'RCLeaderboard.leaderboard')
 potentially stale -> ('MS', 'contracts/RCLeaderboard.sol', 'RCLeaderboard.leaderboardIndex', '@local::contracts/RCLeaderboard.sol::RCLeaderboard.updateLeaderboard(address,uint256,uint256)::LocalVariable::_market_1][@local::contracts/RCLeaderboard.sol::RCLeaderboard.updateLeaderboard(address,uint256,uint256)::LocalVariable::_market_1][$arg1'), ('MS', 'contracts/RCLeaderboard.sol', 'RCLeaderboard.leaderboardIndex', '@local::contracts/RCLeaderboard.sol::RCLeaderboard.updateLeaderboard(address,uint256,uint256)::LocalVariable::lastUserOnLeaderboard_1][@local::contracts/RCLeaderboard.sol::RCLeaderboard.updateLeaderboard(address,uint256,uint256)::LocalVariable::_market_1][$arg1')
 reader witnesses  -> 6
 storage exposures -> 1
[MV-SI candidate 985f95d789316668a181] {index[@local::contracts/RCOrderbook.sol::RCOrderbook.cleanWastePile()::LocalVariable::_user_1][@local::contracts/RCOrderbook.sol::RCOrderbook.cleanWastePile()::LocalVariable::_market_1][@local::contracts/RCOrderbook.sol::RCOrderbook.cleanWastePile()::LocalVariable::_card_1], user}
 writer root       -> contracts/RCOrderbook.sol::RCOrderbook.addBidToOrderbook(address,uint256,uint256,uint256,address)
 writer effect     -> contracts/RCOrderbook.sol:784
 written member    -> ('SV', 'contracts/RCOrderbook.sol', 'RCOrderbook.user')
 potentially stale -> ('MS', 'contracts/RCOrderbook.sol', 'RCOrderbook.index', '@local::contracts/RCOrderbook.sol::RCOrderbook.cleanWastePile()::LocalVariable::_user_1][@local::contracts/RCOrderbook.sol::RCOrderbook.cleanWastePile()::LocalVariable::_market_1][@local::contracts/RCOrderbook.sol::RCOrderbook.cleanWastePile()::LocalVariable::_card_1')
 reader witnesses  -> 4
 storage exposures -> 1
[MV-SI candidate 9864e9d0beedb6f6bb30] {closedMarkets[@local::contracts/RCOrderbook.sol::RCOrderbook.removeOldBids(address)::ReferenceVariable::REF_1159], index[$arg0][@local::contracts/RCOrderbook.sol::RCOrderbook.removeOldBids(address)::LocalVariable::_market_2][@local::contracts/RCOrderbook.sol::RCOrderbook.removeOldBids(address)::LocalVariable::i_2], market, user, userClosedMarketIndex[$arg0]}
 writer root       -> contracts/RCOrderbook.sol::RCOrderbook.removeBidFromOrderbook(address,uint256)
 writer effect     -> contracts/RCOrderbook.sol:536
 written member    -> ('SV', 'contracts/RCOrderbook.sol', 'RCOrderbook.user')
 potentially stale -> ('MS', 'contracts/RCOrderbook.sol', 'RCOrderbook.closedMarkets', '@local::contracts/RCOrderbook.sol::RCOrderbook.removeOldBids(address)::ReferenceVariable::REF_1159'), ('MS', 'contracts/RCOrderbook.sol', 'RCOrderbook.index', '$arg0][@local::contracts/RCOrderbook.sol::RCOrderbook.removeOldBids(address)::LocalVariable::_market_2][@local::contracts/RCOrderbook.sol::RCOrderbook.removeOldBids(address)::LocalVariable::i_2'), ('MS', 'contracts/RCOrderbook.sol', 'RCOrderbook.userClosedMarketIndex', '$arg0'), ('SV', 'contracts/RCOrderbook.sol', 'RCOrderbook.market')
 reader witnesses  -> 14
 storage exposures -> 1
[MV-SI candidate 986d979c3ea79f8f968a] {card, winnerCut, winningOutcome}
 writer root       -> contracts/RCMarket.sol::RCMarket.updateTimeHeldLimit(uint256,uint256)
 writer effect     -> contracts/RCMarket.sol:1073
 written member    -> ('SV', 'contracts/RCMarket.sol', 'RCMarket.card')
 potentially stale -> ('SV', 'contracts/RCMarket.sol', 'RCMarket.winnerCut'), ('SV', 'contracts/RCMarket.sol', 'RCMarket.winningOutcome')
 reader witnesses  -> 9
 storage exposures -> 1
[MV-SI candidate 98ba14a169bac5709f91] {card, cardAffiliateCut}
 writer root       -> contracts/RCMarket.sol::RCMarket.updateTimeHeldLimit(uint256,uint256)
 writer effect     -> contracts/RCMarket.sol:1068
 written member    -> ('SV', 'contracts/RCMarket.sol', 'RCMarket.card')
 potentially stale -> ('SV', 'contracts/RCMarket.sol', 'RCMarket.cardAffiliateCut')
 reader witnesses  -> 3
 storage exposures -> 1
[MV-SI candidate 98da53e589ff2ab027f3] {minRentalDayDivisor, user}
 writer root       -> contracts/RCTreasury.sol::RCTreasury.updateRentalRate(address,address,uint256,uint256,uint256)
 writer effect     -> contracts/RCTreasury.sol:859
 written member    -> ('SV', 'contracts/RCTreasury.sol', 'RCTreasury.user')
 potentially stale -> ('SV', 'contracts/RCTreasury.sol', 'RCTreasury.minRentalDayDivisor')
 reader witnesses  -> 18
 storage exposures -> 1
[MV-SI candidate 98ef3c8e6761648d8b6c] {card, cardAffiliateCut}
 writer root       -> contracts/RCMarket.sol::RCMarket.exitAll()
 writer effect     -> contracts/RCMarket.sol:1073
 written member    -> ('SV', 'contracts/RCMarket.sol', 'RCMarket.card')
 potentially stale -> ('SV', 'contracts/RCMarket.sol', 'RCMarket.cardAffiliateCut')
 reader witnesses  -> 3
 storage exposures -> 1
[MV-SI candidate 98feb8faa2b5e9d4e53a] {NFTsToAward[@local::contracts/RCLeaderboard.sol::RCLeaderboard.updateLeaderboard(address,uint256,uint256)::LocalVariable::_market_1], leaderboardLength[@local::contracts/RCLeaderboard.sol::RCLeaderboard.updateLeaderboard(address,uint256,uint256)::LocalVariable::_market_1][$arg1]}
 writer root       -> contracts/RCLeaderboard.sol::RCLeaderboard.updateLeaderboard(address,uint256,uint256)
 writer effect     -> contracts/RCLeaderboard.sol:82
 written member    -> ('MS', 'contracts/RCLeaderboard.sol', 'RCLeaderboard.NFTsToAward', '@local::contracts/RCLeaderboard.sol::RCLeaderboard.updateLeaderboard(address,uint256,uint256)::LocalVariable::_market_1')
 potentially stale -> ('MS', 'contracts/RCLeaderboard.sol', 'RCLeaderboard.leaderboardLength', '@local::contracts/RCLeaderboard.sol::RCLeaderboard.updateLeaderboard(address,uint256,uint256)::LocalVariable::_market_1][$arg1')
 reader witnesses  -> 1
 storage exposures -> 1
[MV-SI candidate 994b27b17d9bf43ae22a] {card, winningOutcome}
 writer root       -> contracts/RCMarket.sol::RCMarket.lockMarket()
 writer effect     -> contracts/RCMarket.sol:1049
 written member    -> ('SV', 'contracts/RCMarket.sol', 'RCMarket.card')
 potentially stale -> ('SV', 'contracts/RCMarket.sol', 'RCMarket.winningOutcome')
 reader witnesses  -> 14
 storage exposures -> 1
[MV-SI candidate 996e6c3f53334d6eaa95] {_operatorApprovals[$arg0][$arg1], _owners[$arg0], _tokenApprovals[$arg0]}
 writer root       -> @openzeppelin/contracts/token/ERC721/ERC721.sol::ERC721.approve(address,uint256)
 writer effect     -> @openzeppelin/contracts/token/ERC721/ERC721.sol:355
 written member    -> ('MS', '@openzeppelin/contracts/token/ERC721/ERC721.sol', 'ERC721._tokenApprovals', '$arg0')
 potentially stale -> ('MS', '@openzeppelin/contracts/token/ERC721/ERC721.sol', 'ERC721._operatorApprovals', '$arg0][$arg1'), ('MS', '@openzeppelin/contracts/token/ERC721/ERC721.sol', 'ERC721._owners', '$arg0')
 reader witnesses  -> 64
 storage exposures -> 3
[MV-SI candidate 99df02e7a85d86e8a5d3] {card, minimumPriceIncreasePercent}
 writer root       -> contracts/RCMarket.sol::RCMarket.newRental(uint256,uint256,address,uint256)
 writer effect     -> contracts/RCMarket.sol:1081
 written member    -> ('SV', 'contracts/RCMarket.sol', 'RCMarket.card')
 potentially stale -> ('SV', 'contracts/RCMarket.sol', 'RCMarket.minimumPriceIncreasePercent')
 reader witnesses  -> 4
 storage exposures -> 1
[MV-SI candidate 9a185474e8b94dcb4c33] {index[@local::contracts/RCOrderbook.sol::RCOrderbook.cleanWastePile()::LocalVariable::_user_1][@local::contracts/RCOrderbook.sol::RCOrderbook.cleanWastePile()::LocalVariable::_market_1][@local::contracts/RCOrderbook.sol::RCOrderbook.cleanWastePile()::LocalVariable::_card_1], user}
 writer root       -> contracts/RCOrderbook.sol::RCOrderbook.addBidToOrderbook(address,uint256,uint256,uint256,address)
 writer effect     -> contracts/RCOrderbook.sol:806
 written member    -> ('SV', 'contracts/RCOrderbook.sol', 'RCOrderbook.user')
 potentially stale -> ('MS', 'contracts/RCOrderbook.sol', 'RCOrderbook.index', '@local::contracts/RCOrderbook.sol::RCOrderbook.cleanWastePile()::LocalVariable::_user_1][@local::contracts/RCOrderbook.sol::RCOrderbook.cleanWastePile()::LocalVariable::_market_1][@local::contracts/RCOrderbook.sol::RCOrderbook.cleanWastePile()::LocalVariable::_card_1')
 reader witnesses  -> 4
 storage exposures -> 1
[MV-SI candidate 9a26496be4f57a451b01] {maxDeletions, user}
 writer root       -> contracts/RCOrderbook.sol::RCOrderbook.addBidToOrderbook(address,uint256,uint256,uint256,address)
 writer effect     -> contracts/RCOrderbook.sol:806
 written member    -> ('SV', 'contracts/RCOrderbook.sol', 'RCOrderbook.user')
 potentially stale -> ('SV', 'contracts/RCOrderbook.sol', 'RCOrderbook.maxDeletions')
 reader witnesses  -> 10
 storage exposures -> 1
[MV-SI candidate 9a7b0a7f3e9ae6980b61] {card, winnerCut, winningOutcome}
 writer root       -> contracts/RCMarket.sol::RCMarket.exitAll()
 writer effect     -> contracts/RCMarket.sol:1087
 written member    -> ('SV', 'contracts/RCMarket.sol', 'RCMarket.card')
 potentially stale -> ('SV', 'contracts/RCMarket.sol', 'RCMarket.winnerCut'), ('SV', 'contracts/RCMarket.sol', 'RCMarket.winningOutcome')
 reader witnesses  -> 9
 storage exposures -> 1
[MV-SI candidate 9b9814122e13c5c36445] {cleaningLoops, user}
 writer root       -> contracts/RCOrderbook.sol::RCOrderbook.removeUserFromOrderbook(address)
 writer effect     -> contracts/RCOrderbook.sol:516
 written member    -> ('SV', 'contracts/RCOrderbook.sol', 'RCOrderbook.user')
 potentially stale -> ('SV', 'contracts/RCOrderbook.sol', 'RCOrderbook.cleaningLoops')
 reader witnesses  -> 2
 storage exposures -> 1
[MV-SI candidate 9bb76ee8a4d8756cfe95] {card, minimumPriceIncreasePercent}
 writer root       -> contracts/RCMarket.sol::RCMarket.collectRent(uint256)
 writer effect     -> contracts/RCMarket.sol:1068
 written member    -> ('SV', 'contracts/RCMarket.sol', 'RCMarket.card')
 potentially stale -> ('SV', 'contracts/RCMarket.sol', 'RCMarket.minimumPriceIncreasePercent')
 reader witnesses  -> 2
 storage exposures -> 1
[MV-SI candidate 9c0d097268196909add9] {marketCloseLimit, user}
 writer root       -> contracts/RCOrderbook.sol::RCOrderbook.removeUserFromOrderbook(address)
 writer effect     -> contracts/RCOrderbook.sol:532
 written member    -> ('SV', 'contracts/RCOrderbook.sol', 'RCOrderbook.user')
 potentially stale -> ('SV', 'contracts/RCOrderbook.sol', 'RCOrderbook.marketCloseLimit')
 reader witnesses  -> 4
 storage exposures -> 1
[MV-SI candidate 9c2ff6d42d3a273a4a46] {marketCloseLimit, user}
 writer root       -> contracts/RCOrderbook.sol::RCOrderbook.removeUserFromOrderbook(address)
 writer effect     -> contracts/RCOrderbook.sol:517
 written member    -> ('SV', 'contracts/RCOrderbook.sol', 'RCOrderbook.user')
 potentially stale -> ('SV', 'contracts/RCOrderbook.sol', 'RCOrderbook.marketCloseLimit')
 reader witnesses  -> 4
 storage exposures -> 1
[MV-SI candidate 9d156c0222c241f4e2b6] {index[@local::contracts/RCOrderbook.sol::RCOrderbook.closeMarket()::LocalVariable::_market_1][@local::contracts/RCOrderbook.sol::RCOrderbook.closeMarket()::LocalVariable::_market_1][@local::contracts/RCOrderbook.sol::RCOrderbook.closeMarket()::LocalVariable::i_2], user}
 writer root       -> contracts/RCOrderbook.sol::RCOrderbook.cleanWastePile()
 writer effect     -> contracts/RCOrderbook.sol:784
 written member    -> ('SV', 'contracts/RCOrderbook.sol', 'RCOrderbook.user')
 potentially stale -> ('MS', 'contracts/RCOrderbook.sol', 'RCOrderbook.index', '@local::contracts/RCOrderbook.sol::RCOrderbook.closeMarket()::LocalVariable::_market_1][@local::contracts/RCOrderbook.sol::RCOrderbook.closeMarket()::LocalVariable::_market_1][@local::contracts/RCOrderbook.sol::RCOrderbook.closeMarket()::LocalVariable::i_2')
 reader witnesses  -> 1
 storage exposures -> 1
[MV-SI candidate 9d6f953b4ee6151f186f] {accountingComplete, cardAccountingIndex, numberOfCards}
 writer root       -> contracts/RCMarket.sol::RCMarket.lockMarket()
 writer effect     -> contracts/RCMarket.sol:472
 written member    -> ('SV', 'contracts/RCMarket.sol', 'RCMarket.cardAccountingIndex')
 potentially stale -> ('SV', 'contracts/RCMarket.sol', 'RCMarket.accountingComplete'), ('SV', 'contracts/RCMarket.sol', 'RCMarket.numberOfCards')
 reader witnesses  -> 46
 storage exposures -> 1
[MV-SI candidate 9da5dba3bc7a8bcc2697] {index[$arg4][@local::contracts/RCOrderbook.sol::RCOrderbook.addBidToOrderbook(address,uint256,uint256,uint256,address)::LocalVariable::_market_1][$arg1], user}
 writer root       -> contracts/RCOrderbook.sol::RCOrderbook.addBidToOrderbook(address,uint256,uint256,uint256,address)
 writer effect     -> contracts/RCOrderbook.sol:802
 written member    -> ('SV', 'contracts/RCOrderbook.sol', 'RCOrderbook.user')
 potentially stale -> ('MS', 'contracts/RCOrderbook.sol', 'RCOrderbook.index', '$arg4][@local::contracts/RCOrderbook.sol::RCOrderbook.addBidToOrderbook(address,uint256,uint256,uint256,address)::LocalVariable::_market_1][$arg1')
 reader witnesses  -> 6
 storage exposures -> 1
[MV-SI candidate 9da629e60dbfe7c45767] {index[@local::contracts/RCOrderbook.sol::RCOrderbook.cleanWastePile()::LocalVariable::_user_1][@local::contracts/RCOrderbook.sol::RCOrderbook.cleanWastePile()::LocalVariable::_market_1][@local::contracts/RCOrderbook.sol::RCOrderbook.cleanWastePile()::LocalVariable::_card_1], user}
 writer root       -> contracts/RCOrderbook.sol::RCOrderbook.setTimeHeldlimit(address,uint256,uint256)
 writer effect     -> contracts/RCOrderbook.sol:901
 written member    -> ('SV', 'contracts/RCOrderbook.sol', 'RCOrderbook.user')
 potentially stale -> ('MS', 'contracts/RCOrderbook.sol', 'RCOrderbook.index', '@local::contracts/RCOrderbook.sol::RCOrderbook.cleanWastePile()::LocalVariable::_user_1][@local::contracts/RCOrderbook.sol::RCOrderbook.cleanWastePile()::LocalVariable::_market_1][@local::contracts/RCOrderbook.sol::RCOrderbook.cleanWastePile()::LocalVariable::_card_1')
 reader witnesses  -> 4
 storage exposures -> 1
[MV-SI candidate 9db94a813f4f0dfd2377] {index[@local::contracts/RCOrderbook.sol::RCOrderbook.cleanWastePile()::LocalVariable::_user_1][@local::contracts/RCOrderbook.sol::RCOrderbook.cleanWastePile()::LocalVariable::_market_1][@local::contracts/RCOrderbook.sol::RCOrderbook.cleanWastePile()::LocalVariable::_card_1], user}
 writer root       -> contracts/RCOrderbook.sol::RCOrderbook.addBidToOrderbook(address,uint256,uint256,uint256,address)
 writer effect     -> contracts/RCOrderbook.sol:361
 written member    -> ('SV', 'contracts/RCOrderbook.sol', 'RCOrderbook.user')
 potentially stale -> ('MS', 'contracts/RCOrderbook.sol', 'RCOrderbook.index', '@local::contracts/RCOrderbook.sol::RCOrderbook.cleanWastePile()::LocalVariable::_user_1][@local::contracts/RCOrderbook.sol::RCOrderbook.cleanWastePile()::LocalVariable::_market_1][@local::contracts/RCOrderbook.sol::RCOrderbook.cleanWastePile()::LocalVariable::_card_1')
 reader witnesses  -> 4
 storage exposures -> 1
[MV-SI candidate 9e74e2f99fd5c4619122] {closedMarkets[@local::contracts/RCOrderbook.sol::RCOrderbook.removeOldBids(address)::ReferenceVariable::REF_1159], index[$arg0][@local::contracts/RCOrderbook.sol::RCOrderbook.removeOldBids(address)::LocalVariable::_market_2][@local::contracts/RCOrderbook.sol::RCOrderbook.removeOldBids(address)::LocalVariable::i_2], market, user, userClosedMarketIndex[$arg0]}
 writer root       -> contracts/RCOrderbook.sol::RCOrderbook.removeOldBids(address)
 writer effect     -> contracts/RCOrderbook.sol:734
 written member    -> ('SV', 'contracts/RCOrderbook.sol', 'RCOrderbook.user')
 potentially stale -> ('MS', 'contracts/RCOrderbook.sol', 'RCOrderbook.closedMarkets', '@local::contracts/RCOrderbook.sol::RCOrderbook.removeOldBids(address)::ReferenceVariable::REF_1159'), ('MS', 'contracts/RCOrderbook.sol', 'RCOrderbook.index', '$arg0][@local::contracts/RCOrderbook.sol::RCOrderbook.removeOldBids(address)::LocalVariable::_market_2][@local::contracts/RCOrderbook.sol::RCOrderbook.removeOldBids(address)::LocalVariable::i_2'), ('MS', 'contracts/RCOrderbook.sol', 'RCOrderbook.userClosedMarketIndex', '$arg0'), ('SV', 'contracts/RCOrderbook.sol', 'RCOrderbook.market')
 reader witnesses  -> 14
 storage exposures -> 1
[MV-SI candidate 9f2678eb167fb5721241] {marketCloseLimit, user}
 writer root       -> contracts/RCOrderbook.sol::RCOrderbook.removeUserFromOrderbook(address)
 writer effect     -> contracts/RCOrderbook.sol:536
 written member    -> ('SV', 'contracts/RCOrderbook.sol', 'RCOrderbook.user')
 potentially stale -> ('SV', 'contracts/RCOrderbook.sol', 'RCOrderbook.marketCloseLimit')
 reader witnesses  -> 4
 storage exposures -> 1
[MV-SI candidate 9f2e8c2217b223023e51] {card, marketLockingTime}
 writer root       -> contracts/RCMarket.sol::RCMarket.exit(uint256)
 writer effect     -> contracts/RCMarket.sol:1068
 written member    -> ('SV', 'contracts/RCMarket.sol', 'RCMarket.card')
 potentially stale -> ('SV', 'contracts/RCMarket.sol', 'RCMarket.marketLockingTime')
 reader witnesses  -> 30
 storage exposures -> 1
[MV-SI candidate 9faa63c409f2dacfa61d] {index[$arg4][@local::contracts/RCOrderbook.sol::RCOrderbook.addBidToOrderbook(address,uint256,uint256,uint256,address)::LocalVariable::_market_1][$arg1], user}
 writer root       -> contracts/RCOrderbook.sol::RCOrderbook.addBidToOrderbook(address,uint256,uint256,uint256,address)
 writer effect     -> contracts/RCOrderbook.sol:422
 written member    -> ('SV', 'contracts/RCOrderbook.sol', 'RCOrderbook.user')
 potentially stale -> ('MS', 'contracts/RCOrderbook.sol', 'RCOrderbook.index', '$arg4][@local::contracts/RCOrderbook.sol::RCOrderbook.addBidToOrderbook(address,uint256,uint256,uint256,address)::LocalVariable::_market_1][$arg1')
 reader witnesses  -> 6
 storage exposures -> 1
[MV-SI candidate 9fddd9a4c33359540c97] {maxDeletions, user}
 writer root       -> contracts/RCOrderbook.sol::RCOrderbook.removeOldBids(address)
 writer effect     -> contracts/RCOrderbook.sol:710
 written member    -> ('SV', 'contracts/RCOrderbook.sol', 'RCOrderbook.user')
 potentially stale -> ('SV', 'contracts/RCOrderbook.sol', 'RCOrderbook.maxDeletions')
 reader witnesses  -> 10
 storage exposures -> 1
[MV-SI candidate a0218a266608b05bd17c] {card, marketLockingTime}
 writer root       -> contracts/RCMarket.sol::RCMarket.rentAllCards(uint256)
 writer effect     -> contracts/RCMarket.sol:1049
 written member    -> ('SV', 'contracts/RCMarket.sol', 'RCMarket.card')
 potentially stale -> ('SV', 'contracts/RCMarket.sol', 'RCMarket.marketLockingTime')
 reader witnesses  -> 60
 storage exposures -> 1
[MV-SI candidate a071c3e4476efeb0b15f] {affiliateCut, artistCut, cardAffiliateCut, card[@local::contracts/RCMarket.sol::RCMarket._payoutWinnings()::TemporaryVariable::TMP_1488], creatorCut, rentCollectedPerUserPerCard[@local::contracts/RCMarket.sol::RCMarket._payoutWinnings()::TemporaryVariable::TMP_1483][@state::contracts/RCMarket.sol::RCMarket.winningOutcome], totalRentCollected, winnerCut, winningOutcome}
 writer root       -> contracts/RCMarket.sol::RCMarket.exitAll()
 writer effect     -> contracts/RCMarket.sol:1090
 written member    -> ('SV', 'contracts/RCMarket.sol', 'RCMarket.totalRentCollected')
 potentially stale -> ('MS', 'contracts/RCMarket.sol', 'RCMarket.card', '@local::contracts/RCMarket.sol::RCMarket._payoutWinnings()::TemporaryVariable::TMP_1488'), ('MS', 'contracts/RCMarket.sol', 'RCMarket.rentCollectedPerUserPerCard', '@local::contracts/RCMarket.sol::RCMarket._payoutWinnings()::TemporaryVariable::TMP_1483][@state::contracts/RCMarket.sol::RCMarket.winningOutcome'), ('SV', 'contracts/RCMarket.sol', 'RCMarket.affiliateCut'), ('SV', 'contracts/RCMarket.sol', 'RCMarket.artistCut'), ('SV', 'contracts/RCMarket.sol', 'RCMarket.cardAffiliateCut'), ('SV', 'contracts/RCMarket.sol', 'RCMarket.creatorCut'), ('SV', 'contracts/RCMarket.sol', 'RCMarket.winnerCut'), ('SV', 'contracts/RCMarket.sol', 'RCMarket.winningOutcome')
 reader witnesses  -> 11
 storage exposures -> 1
[MV-SI candidate a078d1bbd578339a90b8] {marketBalance, marketBalanceTopup}
 writer root       -> contracts/RCTreasury.sol::RCTreasury.updateRentalRate(address,address,uint256,uint256,uint256)
 writer effect     -> contracts/RCTreasury.sol:858
 written member    -> ('SV', 'contracts/RCTreasury.sol', 'RCTreasury.marketBalance')
 potentially stale -> ('SV', 'contracts/RCTreasury.sol', 'RCTreasury.marketBalanceTopup')
 reader witnesses  -> 3
 storage exposures -> 1
[MV-SI candidate a07f875404e33d00e121] {_roles[$arg1], user}
 writer root       -> contracts/RCTreasury.sol::RCTreasury.updateRentalRate(address,address,uint256,uint256,uint256)
 writer effect     -> contracts/RCTreasury.sol:848
 written member    -> ('SV', 'contracts/RCTreasury.sol', 'RCTreasury.user')
 potentially stale -> ('MS', '@openzeppelin/contracts/access/AccessControl.sol', 'AccessControl._roles', '$arg1')
 reader witnesses  -> 9
 storage exposures -> 1
[MV-SI candidate a0b19ab89e92b8ada229] {index[$arg4][@local::contracts/RCOrderbook.sol::RCOrderbook.addBidToOrderbook(address,uint256,uint256,uint256,address)::LocalVariable::_market_1][$arg1], user}
 writer root       -> contracts/RCOrderbook.sol::RCOrderbook.removeOldBids(address)
 writer effect     -> contracts/RCOrderbook.sol:745
 written member    -> ('SV', 'contracts/RCOrderbook.sol', 'RCOrderbook.user')
 potentially stale -> ('MS', 'contracts/RCOrderbook.sol', 'RCOrderbook.index', '$arg4][@local::contracts/RCOrderbook.sol::RCOrderbook.addBidToOrderbook(address,uint256,uint256,uint256,address)::LocalVariable::_market_1][$arg1')
 reader witnesses  -> 6
 storage exposures -> 1
[MV-SI candidate a0d6c1d8fbbba03af63d] {cleaningLoops, user}
 writer root       -> contracts/RCOrderbook.sol::RCOrderbook.removeOldBids(address)
 writer effect     -> contracts/RCOrderbook.sol:739
 written member    -> ('SV', 'contracts/RCOrderbook.sol', 'RCOrderbook.user')
 potentially stale -> ('SV', 'contracts/RCOrderbook.sol', 'RCOrderbook.cleaningLoops')
 reader witnesses  -> 2
 storage exposures -> 1
[MV-SI candidate a0fc857e26ab1a03d890] {leaderboard, leaderboardIndex[@local::contracts/RCLeaderboard.sol::RCLeaderboard.updateLeaderboard(address,uint256,uint256)::LocalVariable::_market_1][@local::contracts/RCLeaderboard.sol::RCLeaderboard.updateLeaderboard(address,uint256,uint256)::LocalVariable::_market_1][$arg1], leaderboardIndex[@local::contracts/RCLeaderboard.sol::RCLeaderboard.updateLeaderboard(address,uint256,uint256)::LocalVariable::lastUserOnLeaderboard_1][@local::contracts/RCLeaderboard.sol::RCLeaderboard.updateLeaderboard(address,uint256,uint256)::LocalVariable::_market_1][$arg1]}
 writer root       -> contracts/RCLeaderboard.sol::RCLeaderboard.updateLeaderboard(address,uint256,uint256)
 writer effect     -> contracts/RCLeaderboard.sol:91
 written member    -> ('SV', 'contracts/RCLeaderboard.sol', 'RCLeaderboard.leaderboard')
 potentially stale -> ('MS', 'contracts/RCLeaderboard.sol', 'RCLeaderboard.leaderboardIndex', '@local::contracts/RCLeaderboard.sol::RCLeaderboard.updateLeaderboard(address,uint256,uint256)::LocalVariable::_market_1][@local::contracts/RCLeaderboard.sol::RCLeaderboard.updateLeaderboard(address,uint256,uint256)::LocalVariable::_market_1][$arg1'), ('MS', 'contracts/RCLeaderboard.sol', 'RCLeaderboard.leaderboardIndex', '@local::contracts/RCLeaderboard.sol::RCLeaderboard.updateLeaderboard(address,uint256,uint256)::LocalVariable::lastUserOnLeaderboard_1][@local::contracts/RCLeaderboard.sol::RCLeaderboard.updateLeaderboard(address,uint256,uint256)::LocalVariable::_market_1][$arg1')
 reader witnesses  -> 3
 storage exposures -> 1
[MV-SI candidate a12237a97ae222d7c0a5] {maxDeletions, user}
 writer root       -> contracts/RCOrderbook.sol::RCOrderbook.closeMarket()
 writer effect     -> contracts/RCOrderbook.sol:665
 written member    -> ('SV', 'contracts/RCOrderbook.sol', 'RCOrderbook.user')
 potentially stale -> ('SV', 'contracts/RCOrderbook.sol', 'RCOrderbook.maxDeletions')
 reader witnesses  -> 10
 storage exposures -> 1
[MV-SI candidate a137326b66876e4e17a6] {card, winnerCut, winningOutcome}
 writer root       -> contracts/RCMarket.sol::RCMarket.payCardAffiliate(uint256)
 writer effect     -> contracts/RCMarket.sol:648
 written member    -> ('SV', 'contracts/RCMarket.sol', 'RCMarket.card')
 potentially stale -> ('SV', 'contracts/RCMarket.sol', 'RCMarket.winnerCut'), ('SV', 'contracts/RCMarket.sol', 'RCMarket.winningOutcome')
 reader witnesses  -> 9
 storage exposures -> 1
[MV-SI candidate a18ee4bd9eebf947724d] {_initialized, _initializing}
 writer root       -> contracts/RCMarket.sol::RCMarket.initialize(IRCMarket.Mode,uint32[],uint256,address,address,address[],address,string,uint256)
 writer effect     -> @openzeppelin/contracts/proxy/utils/Initializable.sol:36
 written member    -> ('SV', '@openzeppelin/contracts/proxy/utils/Initializable.sol', 'Initializable._initializing')
 potentially stale -> ('SV', '@openzeppelin/contracts/proxy/utils/Initializable.sol', 'Initializable._initialized')
 reader witnesses  -> 1
 storage exposures -> 1
[MV-SI candidate a1f1511b1eb47ffdad90] {maxDeletions, user}
 writer root       -> contracts/RCOrderbook.sol::RCOrderbook.closeMarket()
 writer effect     -> contracts/RCOrderbook.sol:684
 written member    -> ('SV', 'contracts/RCOrderbook.sol', 'RCOrderbook.user')
 potentially stale -> ('SV', 'contracts/RCOrderbook.sol', 'RCOrderbook.maxDeletions')
 reader witnesses  -> 10
 storage exposures -> 1
[MV-SI candidate a2650c622fe8e523325c] {cleaningLoops, user}
 writer root       -> contracts/RCOrderbook.sol::RCOrderbook.findNewOwner(uint256,uint256)
 writer effect     -> contracts/RCOrderbook.sol:532
 written member    -> ('SV', 'contracts/RCOrderbook.sol', 'RCOrderbook.user')
 potentially stale -> ('SV', 'contracts/RCOrderbook.sol', 'RCOrderbook.cleaningLoops')
 reader witnesses  -> 2
 storage exposures -> 1
[MV-SI candidate a2965c59815f85e7c482] {maxDeletions, user}
 writer root       -> contracts/RCOrderbook.sol::RCOrderbook.removeOldBids(address)
 writer effect     -> contracts/RCOrderbook.sol:736
 written member    -> ('SV', 'contracts/RCOrderbook.sol', 'RCOrderbook.user')
 potentially stale -> ('SV', 'contracts/RCOrderbook.sol', 'RCOrderbook.maxDeletions')
 reader witnesses  -> 10
 storage exposures -> 1
[MV-SI candidate a2ae1de5db1cf2e8637e] {closedMarkets[@local::contracts/RCOrderbook.sol::RCOrderbook.removeOldBids(address)::ReferenceVariable::REF_1159], market, maxDeletions, userClosedMarketIndex[$arg0]}
 writer root       -> contracts/RCOrderbook.sol::RCOrderbook.addBidToOrderbook(address,uint256,uint256,uint256,address)
 writer effect     -> contracts/RCOrderbook.sol:196
 written member    -> ('SV', 'contracts/RCOrderbook.sol', 'RCOrderbook.market')
 potentially stale -> ('MS', 'contracts/RCOrderbook.sol', 'RCOrderbook.closedMarkets', '@local::contracts/RCOrderbook.sol::RCOrderbook.removeOldBids(address)::ReferenceVariable::REF_1159'), ('MS', 'contracts/RCOrderbook.sol', 'RCOrderbook.userClosedMarketIndex', '$arg0'), ('SV', 'contracts/RCOrderbook.sol', 'RCOrderbook.maxDeletions')
 reader witnesses  -> 7
 storage exposures -> 1
[MV-SI candidate a2f8205928246607a065] {card, cardAffiliateCut}
 writer root       -> contracts/RCMarket.sol::RCMarket.updateTimeHeldLimit(uint256,uint256)
 writer effect     -> contracts/RCMarket.sol:1081
 written member    -> ('SV', 'contracts/RCMarket.sol', 'RCMarket.card')
 potentially stale -> ('SV', 'contracts/RCMarket.sol', 'RCMarket.cardAffiliateCut')
 reader witnesses  -> 3
 storage exposures -> 1
[MV-SI candidate a3388be027eb8da4f8c2] {card, minimumPriceIncreasePercent}
 writer root       -> contracts/RCMarket.sol::RCMarket.rentAllCards(uint256)
 writer effect     -> contracts/RCMarket.sol:1068
 written member    -> ('SV', 'contracts/RCMarket.sol', 'RCMarket.card')
 potentially stale -> ('SV', 'contracts/RCMarket.sol', 'RCMarket.minimumPriceIncreasePercent')
 reader witnesses  -> 4
 storage exposures -> 1
[MV-SI candidate a3479e31bd42a67f0854] {card, winnerCut, winningOutcome}
 writer root       -> contracts/RCMarket.sol::RCMarket.rentAllCards(uint256)
 writer effect     -> contracts/RCMarket.sol:1049
 written member    -> ('SV', 'contracts/RCMarket.sol', 'RCMarket.card')
 potentially stale -> ('SV', 'contracts/RCMarket.sol', 'RCMarket.winnerCut'), ('SV', 'contracts/RCMarket.sol', 'RCMarket.winningOutcome')
 reader witnesses  -> 18
 storage exposures -> 1
[MV-SI candidate a35645ebf4a8567250ac] {maxDeletions, user}
 writer root       -> contracts/RCOrderbook.sol::RCOrderbook.removeBidFromOrderbook(address,uint256)
 writer effect     -> contracts/RCOrderbook.sol:527
 written member    -> ('SV', 'contracts/RCOrderbook.sol', 'RCOrderbook.user')
 potentially stale -> ('SV', 'contracts/RCOrderbook.sol', 'RCOrderbook.maxDeletions')
 reader witnesses  -> 10
 storage exposures -> 1
[MV-SI candidate a376c32722c5ab26391b] {card, winningOutcome}
 writer root       -> contracts/RCMarket.sol::RCMarket.transferCard(address,address,uint256,uint256,uint256)
 writer effect     -> contracts/RCMarket.sol:379
 written member    -> ('SV', 'contracts/RCMarket.sol', 'RCMarket.card')
 potentially stale -> ('SV', 'contracts/RCMarket.sol', 'RCMarket.winningOutcome')
 reader witnesses  -> 14
 storage exposures -> 1
[MV-SI candidate a37ba49adb1c39527433] {maxDeletions, user}
 writer root       -> contracts/RCOrderbook.sol::RCOrderbook.closeMarket()
 writer effect     -> contracts/RCOrderbook.sol:669
 written member    -> ('SV', 'contracts/RCOrderbook.sol', 'RCOrderbook.user')
 potentially stale -> ('SV', 'contracts/RCOrderbook.sol', 'RCOrderbook.maxDeletions')
 reader witnesses  -> 10
 storage exposures -> 1
[MV-SI candidate a3abe4106060d1be93a7] {accountingComplete, maxRentIterationsToLockMarket}
 writer root       -> contracts/RCMarket.sol::RCMarket.getWinnerFromOracle()
 writer effect     -> contracts/RCMarket.sol:475
 written member    -> ('SV', 'contracts/RCMarket.sol', 'RCMarket.accountingComplete')
 potentially stale -> ('SV', 'contracts/RCMarket.sol', 'RCMarket.maxRentIterationsToLockMarket')
 reader witnesses  -> 5
 storage exposures -> 1
[MV-SI candidate a3b635c7e5460332499e] {maxDeletions, user}
 writer root       -> contracts/RCOrderbook.sol::RCOrderbook.findNewOwner(uint256,uint256)
 writer effect     -> contracts/RCOrderbook.sol:517
 written member    -> ('SV', 'contracts/RCOrderbook.sol', 'RCOrderbook.user')
 potentially stale -> ('SV', 'contracts/RCOrderbook.sol', 'RCOrderbook.maxDeletions')
 reader witnesses  -> 10
 storage exposures -> 1
[MV-SI candidate a45be8d41e9399b4c866] {index[@local::contracts/RCOrderbook.sol::RCOrderbook.cleanWastePile()::LocalVariable::_user_1][@local::contracts/RCOrderbook.sol::RCOrderbook.cleanWastePile()::LocalVariable::_market_1][@local::contracts/RCOrderbook.sol::RCOrderbook.cleanWastePile()::LocalVariable::_card_1], user}
 writer root       -> contracts/RCOrderbook.sol::RCOrderbook.findNewOwner(uint256,uint256)
 writer effect     -> contracts/RCOrderbook.sol:516
 written member    -> ('SV', 'contracts/RCOrderbook.sol', 'RCOrderbook.user')
 potentially stale -> ('MS', 'contracts/RCOrderbook.sol', 'RCOrderbook.index', '@local::contracts/RCOrderbook.sol::RCOrderbook.cleanWastePile()::LocalVariable::_user_1][@local::contracts/RCOrderbook.sol::RCOrderbook.cleanWastePile()::LocalVariable::_market_1][@local::contracts/RCOrderbook.sol::RCOrderbook.cleanWastePile()::LocalVariable::_card_1')
 reader witnesses  -> 4
 storage exposures -> 1
[MV-SI candidate a498bc2599574351e7ab] {_roles[$arg1], user}
 writer root       -> contracts/RCTreasury.sol::RCTreasury.updateRentalRate(address,address,uint256,uint256,uint256)
 writer effect     -> contracts/RCTreasury.sol:670
 written member    -> ('SV', 'contracts/RCTreasury.sol', 'RCTreasury.user')
 potentially stale -> ('MS', '@openzeppelin/contracts/access/AccessControl.sol', 'AccessControl._roles', '$arg1')
 reader witnesses  -> 9
 storage exposures -> 1
[MV-SI candidate a4dec71e9fe3f11ba642] {card, winningOutcome}
 writer root       -> contracts/RCMarket.sol::RCMarket.updateTimeHeldLimit(uint256,uint256)
 writer effect     -> contracts/RCMarket.sol:1073
 written member    -> ('SV', 'contracts/RCMarket.sol', 'RCMarket.card')
 potentially stale -> ('SV', 'contracts/RCMarket.sol', 'RCMarket.winningOutcome')
 reader witnesses  -> 14
 storage exposures -> 1
[MV-SI candidate a4f5d9f47d8f4c88576e] {card, cardAffiliateCut}
 writer root       -> contracts/RCMarket.sol::RCMarket.lockMarket()
 writer effect     -> contracts/RCMarket.sol:1081
 written member    -> ('SV', 'contracts/RCMarket.sol', 'RCMarket.card')
 potentially stale -> ('SV', 'contracts/RCMarket.sol', 'RCMarket.cardAffiliateCut')
 reader witnesses  -> 3
 storage exposures -> 1
[MV-SI candidate a5515904e0a44f1de987] {index[@local::contracts/RCOrderbook.sol::RCOrderbook.closeMarket()::LocalVariable::_market_1][@local::contracts/RCOrderbook.sol::RCOrderbook.closeMarket()::LocalVariable::_market_1][@local::contracts/RCOrderbook.sol::RCOrderbook.closeMarket()::LocalVariable::i_2], user}
 writer root       -> contracts/RCOrderbook.sol::RCOrderbook.removeUserFromOrderbook(address)
 writer effect     -> contracts/RCOrderbook.sol:830
 written member    -> ('SV', 'contracts/RCOrderbook.sol', 'RCOrderbook.user')
 potentially stale -> ('MS', 'contracts/RCOrderbook.sol', 'RCOrderbook.index', '@local::contracts/RCOrderbook.sol::RCOrderbook.closeMarket()::LocalVariable::_market_1][@local::contracts/RCOrderbook.sol::RCOrderbook.closeMarket()::LocalVariable::_market_1][@local::contracts/RCOrderbook.sol::RCOrderbook.closeMarket()::LocalVariable::i_2')
 reader witnesses  -> 1
 storage exposures -> 1
[MV-SI candidate a59884773e1534710bc3] {card, winnerCut, winningOutcome}
 writer root       -> contracts/RCMarket.sol::RCMarket.collectRent(uint256)
 writer effect     -> contracts/RCMarket.sol:1081
 written member    -> ('SV', 'contracts/RCMarket.sol', 'RCMarket.card')
 potentially stale -> ('SV', 'contracts/RCMarket.sol', 'RCMarket.winnerCut'), ('SV', 'contracts/RCMarket.sol', 'RCMarket.winningOutcome')
 reader witnesses  -> 9
 storage exposures -> 1
[MV-SI candidate a5dac71f43d2b19950ba] {index[@local::contracts/RCOrderbook.sol::RCOrderbook.cleanWastePile()::LocalVariable::_user_1][@local::contracts/RCOrderbook.sol::RCOrderbook.cleanWastePile()::LocalVariable::_market_1][@local::contracts/RCOrderbook.sol::RCOrderbook.cleanWastePile()::LocalVariable::_card_1], user}
 writer root       -> contracts/RCOrderbook.sol::RCOrderbook.cleanWastePile()
 writer effect     -> contracts/RCOrderbook.sol:797
 written member    -> ('SV', 'contracts/RCOrderbook.sol', 'RCOrderbook.user')
 potentially stale -> ('MS', 'contracts/RCOrderbook.sol', 'RCOrderbook.index', '@local::contracts/RCOrderbook.sol::RCOrderbook.cleanWastePile()::LocalVariable::_user_1][@local::contracts/RCOrderbook.sol::RCOrderbook.cleanWastePile()::LocalVariable::_market_1][@local::contracts/RCOrderbook.sol::RCOrderbook.cleanWastePile()::LocalVariable::_card_1')
 reader witnesses  -> 4
 storage exposures -> 1
[MV-SI candidate a5e14adc814b5ec34af0] {card, winnerCut, winningOutcome}
 writer root       -> contracts/RCMarket.sol::RCMarket.lockMarket()
 writer effect     -> contracts/RCMarket.sol:1049
 written member    -> ('SV', 'contracts/RCMarket.sol', 'RCMarket.card')
 potentially stale -> ('SV', 'contracts/RCMarket.sol', 'RCMarket.winnerCut'), ('SV', 'contracts/RCMarket.sol', 'RCMarket.winningOutcome')
 reader witnesses  -> 9
 storage exposures -> 1
[MV-SI candidate a62dfc76e53e1435d7e6] {maxDeletions, user}
 writer root       -> contracts/RCOrderbook.sol::RCOrderbook.removeUserFromOrderbook(address)
 writer effect     -> contracts/RCOrderbook.sol:532
 written member    -> ('SV', 'contracts/RCOrderbook.sol', 'RCOrderbook.user')
 potentially stale -> ('SV', 'contracts/RCOrderbook.sol', 'RCOrderbook.maxDeletions')
 reader witnesses  -> 10
 storage exposures -> 1
[MV-SI candidate a636566f4da9a61110b7] {card, winnerCut, winningOutcome}
 writer root       -> contracts/RCMarket.sol::RCMarket.updateTimeHeldLimit(uint256,uint256)
 writer effect     -> contracts/RCMarket.sol:1087
 written member    -> ('SV', 'contracts/RCMarket.sol', 'RCMarket.card')
 potentially stale -> ('SV', 'contracts/RCMarket.sol', 'RCMarket.winnerCut'), ('SV', 'contracts/RCMarket.sol', 'RCMarket.winningOutcome')
 reader witnesses  -> 9
 storage exposures -> 1
[MV-SI candidate a6775c42bbb8a5732532] {card, winningOutcome}
 writer root       -> contracts/RCMarket.sol::RCMarket.transferCard(address,address,uint256,uint256,uint256)
 writer effect     -> contracts/RCMarket.sol:378
 written member    -> ('SV', 'contracts/RCMarket.sol', 'RCMarket.card')
 potentially stale -> ('SV', 'contracts/RCMarket.sol', 'RCMarket.winningOutcome')
 reader witnesses  -> 14
 storage exposures -> 1
[MV-SI candidate a69eb121abba51f5b2d0] {card, cardAffiliateCut}
 writer root       -> contracts/RCMarket.sol::RCMarket.exit(uint256)
 writer effect     -> contracts/RCMarket.sol:1073
 written member    -> ('SV', 'contracts/RCMarket.sol', 'RCMarket.card')
 potentially stale -> ('SV', 'contracts/RCMarket.sol', 'RCMarket.cardAffiliateCut')
 reader witnesses  -> 3
 storage exposures -> 1
[MV-SI candidate a6bb1ec41dbb7e1b8f7d] {maxDeletions, user}
 writer root       -> contracts/RCOrderbook.sol::RCOrderbook.addBidToOrderbook(address,uint256,uint256,uint256,address)
 writer effect     -> contracts/RCOrderbook.sol:431
 written member    -> ('SV', 'contracts/RCOrderbook.sol', 'RCOrderbook.user')
 potentially stale -> ('SV', 'contracts/RCOrderbook.sol', 'RCOrderbook.maxDeletions')
 reader witnesses  -> 10
 storage exposures -> 1
[MV-SI candidate a6bdf298831311ee6ba0] {marketBalance, totalDeposits, totalMarketPots}
 writer root       -> contracts/RCTreasury.sol::RCTreasury.payRent(uint256)
 writer effect     -> contracts/RCTreasury.sol:508
 written member    -> ('SV', 'contracts/RCTreasury.sol', 'RCTreasury.totalMarketPots')
 potentially stale -> ('SV', 'contracts/RCTreasury.sol', 'RCTreasury.marketBalance'), ('SV', 'contracts/RCTreasury.sol', 'RCTreasury.totalDeposits')
 reader witnesses  -> 23
 storage exposures -> 1
[MV-SI candidate a735e6b2446c9c06d754] {cleaningLoops, user}
 writer root       -> contracts/RCOrderbook.sol::RCOrderbook.addBidToOrderbook(address,uint256,uint256,uint256,address)
 writer effect     -> contracts/RCOrderbook.sol:426
 written member    -> ('SV', 'contracts/RCOrderbook.sol', 'RCOrderbook.user')
 potentially stale -> ('SV', 'contracts/RCOrderbook.sol', 'RCOrderbook.cleaningLoops')
 reader witnesses  -> 2
 storage exposures -> 1
[MV-SI candidate a81d89b7aaf74f11127b] {index[@local::contracts/RCOrderbook.sol::RCOrderbook.cleanWastePile()::LocalVariable::_user_1][@local::contracts/RCOrderbook.sol::RCOrderbook.cleanWastePile()::LocalVariable::_market_1][@local::contracts/RCOrderbook.sol::RCOrderbook.cleanWastePile()::LocalVariable::_card_1], user}
 writer root       -> contracts/RCOrderbook.sol::RCOrderbook.removeOldBids(address)
 writer effect     -> contracts/RCOrderbook.sol:739
 written member    -> ('SV', 'contracts/RCOrderbook.sol', 'RCOrderbook.user')
 potentially stale -> ('MS', 'contracts/RCOrderbook.sol', 'RCOrderbook.index', '@local::contracts/RCOrderbook.sol::RCOrderbook.cleanWastePile()::LocalVariable::_user_1][@local::contracts/RCOrderbook.sol::RCOrderbook.cleanWastePile()::LocalVariable::_market_1][@local::contracts/RCOrderbook.sol::RCOrderbook.cleanWastePile()::LocalVariable::_card_1')
 reader witnesses  -> 4
 storage exposures -> 1
[MV-SI candidate a859b1c839ed34e7e74e] {marketCloseLimit, user}
 writer root       -> contracts/RCOrderbook.sol::RCOrderbook.cleanWastePile()
 writer effect     -> contracts/RCOrderbook.sol:797
 written member    -> ('SV', 'contracts/RCOrderbook.sol', 'RCOrderbook.user')
 potentially stale -> ('SV', 'contracts/RCOrderbook.sol', 'RCOrderbook.marketCloseLimit')
 reader witnesses  -> 4
 storage exposures -> 1
[MV-SI candidate a88e1d935e3801212454] {cleaningLoops, user}
 writer root       -> contracts/RCOrderbook.sol::RCOrderbook.cleanWastePile()
 writer effect     -> contracts/RCOrderbook.sol:802
 written member    -> ('SV', 'contracts/RCOrderbook.sol', 'RCOrderbook.user')
 potentially stale -> ('SV', 'contracts/RCOrderbook.sol', 'RCOrderbook.cleaningLoops')
 reader witnesses  -> 2
 storage exposures -> 1
[MV-SI candidate a895e6161d19d2bb06f4] {market, maxDeletions}
 writer root       -> contracts/RCOrderbook.sol::RCOrderbook.addBidToOrderbook(address,uint256,uint256,uint256,address)
 writer effect     -> contracts/RCOrderbook.sol:196
 written member    -> ('SV', 'contracts/RCOrderbook.sol', 'RCOrderbook.market')
 potentially stale -> ('SV', 'contracts/RCOrderbook.sol', 'RCOrderbook.maxDeletions')
 reader witnesses  -> 5
 storage exposures -> 1
[MV-SI candidate a8c0351a34786e40181d] {index[@local::contracts/RCOrderbook.sol::RCOrderbook.cleanWastePile()::LocalVariable::_user_1][@local::contracts/RCOrderbook.sol::RCOrderbook.cleanWastePile()::LocalVariable::_market_1][@local::contracts/RCOrderbook.sol::RCOrderbook.cleanWastePile()::LocalVariable::_card_1], user}
 writer root       -> contracts/RCOrderbook.sol::RCOrderbook.removeOldBids(address)
 writer effect     -> contracts/RCOrderbook.sol:749
 written member    -> ('SV', 'contracts/RCOrderbook.sol', 'RCOrderbook.user')
 potentially stale -> ('MS', 'contracts/RCOrderbook.sol', 'RCOrderbook.index', '@local::contracts/RCOrderbook.sol::RCOrderbook.cleanWastePile()::LocalVariable::_user_1][@local::contracts/RCOrderbook.sol::RCOrderbook.cleanWastePile()::LocalVariable::_market_1][@local::contracts/RCOrderbook.sol::RCOrderbook.cleanWastePile()::LocalVariable::_card_1')
 reader witnesses  -> 4
 storage exposures -> 1
[MV-SI candidate a8c7bfeadfc16ed85972] {card, cardAffiliateCut}
 writer root       -> contracts/RCMarket.sol::RCMarket.lockMarket()
 writer effect     -> contracts/RCMarket.sol:1087
 written member    -> ('SV', 'contracts/RCMarket.sol', 'RCMarket.card')
 potentially stale -> ('SV', 'contracts/RCMarket.sol', 'RCMarket.cardAffiliateCut')
 reader witnesses  -> 3
 storage exposures -> 1
[MV-SI candidate a8dd0471cdecf353c05a] {card, minimumPriceIncreasePercent}
 writer root       -> contracts/RCMarket.sol::RCMarket.sponsor(address,uint256)
 writer effect     -> contracts/RCMarket.sol:916
 written member    -> ('SV', 'contracts/RCMarket.sol', 'RCMarket.card')
 potentially stale -> ('SV', 'contracts/RCMarket.sol', 'RCMarket.minimumPriceIncreasePercent')
 reader witnesses  -> 2
 storage exposures -> 1
[MV-SI candidate a8fd769c0543d25e24db] {card, cardAffiliateCut}
 writer root       -> contracts/RCMarket.sol::RCMarket.exitAll()
 writer effect     -> contracts/RCMarket.sol:1049
 written member    -> ('SV', 'contracts/RCMarket.sol', 'RCMarket.card')
 potentially stale -> ('SV', 'contracts/RCMarket.sol', 'RCMarket.cardAffiliateCut')
 reader witnesses  -> 3
 storage exposures -> 1
[MV-SI candidate a9839748a8fe86777fde] {minRentalDayDivisor, user}
 writer root       -> contracts/RCTreasury.sol::RCTreasury.setMinRental(uint256)
 writer effect     -> contracts/RCTreasury.sol:189
 written member    -> ('SV', 'contracts/RCTreasury.sol', 'RCTreasury.minRentalDayDivisor')
 potentially stale -> ('SV', 'contracts/RCTreasury.sol', 'RCTreasury.user')
 reader witnesses  -> 138
 storage exposures -> 1
[MV-SI candidate a9c7e00c59e3513c23e1] {marketBalance, totalDeposits, totalMarketPots}
 writer root       -> contracts/RCTreasury.sol::RCTreasury.payout(address,uint256)
 writer effect     -> contracts/RCTreasury.sol:527
 written member    -> ('SV', 'contracts/RCTreasury.sol', 'RCTreasury.totalDeposits')
 potentially stale -> ('SV', 'contracts/RCTreasury.sol', 'RCTreasury.marketBalance'), ('SV', 'contracts/RCTreasury.sol', 'RCTreasury.totalMarketPots')
 reader witnesses  -> 19
 storage exposures -> 1
[MV-SI candidate aaa4cb3fc94c1dad5d2d] {card, minimumPriceIncreasePercent}
 writer root       -> contracts/RCMarket.sol::RCMarket.getWinnerFromOracle()
 writer effect     -> contracts/RCMarket.sol:1081
 written member    -> ('SV', 'contracts/RCMarket.sol', 'RCMarket.card')
 potentially stale -> ('SV', 'contracts/RCMarket.sol', 'RCMarket.minimumPriceIncreasePercent')
 reader witnesses  -> 2
 storage exposures -> 1
[MV-SI candidate aab5bcbc226f4dbe545f] {index[@local::contracts/RCOrderbook.sol::RCOrderbook.closeMarket()::LocalVariable::_market_1][@local::contracts/RCOrderbook.sol::RCOrderbook.closeMarket()::LocalVariable::_market_1][@local::contracts/RCOrderbook.sol::RCOrderbook.closeMarket()::LocalVariable::i_2], user}
 writer root       -> contracts/RCOrderbook.sol::RCOrderbook.setTimeHeldlimit(address,uint256,uint256)
 writer effect     -> contracts/RCOrderbook.sol:830
 written member    -> ('SV', 'contracts/RCOrderbook.sol', 'RCOrderbook.user')
 potentially stale -> ('MS', 'contracts/RCOrderbook.sol', 'RCOrderbook.index', '@local::contracts/RCOrderbook.sol::RCOrderbook.closeMarket()::LocalVariable::_market_1][@local::contracts/RCOrderbook.sol::RCOrderbook.closeMarket()::LocalVariable::_market_1][@local::contracts/RCOrderbook.sol::RCOrderbook.closeMarket()::LocalVariable::i_2')
 reader witnesses  -> 1
 storage exposures -> 1
[MV-SI candidate aadc30d0d390a5a03623] {index[@local::contracts/RCOrderbook.sol::RCOrderbook.cleanWastePile()::LocalVariable::_user_1][@local::contracts/RCOrderbook.sol::RCOrderbook.cleanWastePile()::LocalVariable::_market_1][@local::contracts/RCOrderbook.sol::RCOrderbook.cleanWastePile()::LocalVariable::_card_1], user}
 writer root       -> contracts/RCOrderbook.sol::RCOrderbook.removeUserFromOrderbook(address)
 writer effect     -> contracts/RCOrderbook.sol:527
 written member    -> ('SV', 'contracts/RCOrderbook.sol', 'RCOrderbook.user')
 potentially stale -> ('MS', 'contracts/RCOrderbook.sol', 'RCOrderbook.index', '@local::contracts/RCOrderbook.sol::RCOrderbook.cleanWastePile()::LocalVariable::_user_1][@local::contracts/RCOrderbook.sol::RCOrderbook.cleanWastePile()::LocalVariable::_market_1][@local::contracts/RCOrderbook.sol::RCOrderbook.cleanWastePile()::LocalVariable::_card_1')
 reader witnesses  -> 4
 storage exposures -> 1
[MV-SI candidate aaf765a49dc4ee440ebb] {minRentalDayDivisor, user}
 writer root       -> contracts/RCTreasury.sol::RCTreasury.increaseBidRate(address,uint256)
 writer effect     -> contracts/RCTreasury.sol:679
 written member    -> ('SV', 'contracts/RCTreasury.sol', 'RCTreasury.user')
 potentially stale -> ('SV', 'contracts/RCTreasury.sol', 'RCTreasury.minRentalDayDivisor')
 reader witnesses  -> 18
 storage exposures -> 1
[MV-SI candidate ab29e0c66e1fddc0b950] {index[@local::contracts/RCOrderbook.sol::RCOrderbook.cleanWastePile()::LocalVariable::_user_1][@local::contracts/RCOrderbook.sol::RCOrderbook.cleanWastePile()::LocalVariable::_market_1][@local::contracts/RCOrderbook.sol::RCOrderbook.cleanWastePile()::LocalVariable::_card_1], user}
 writer root       -> contracts/RCOrderbook.sol::RCOrderbook.closeMarket()
 writer effect     -> contracts/RCOrderbook.sol:665
 written member    -> ('SV', 'contracts/RCOrderbook.sol', 'RCOrderbook.user')
 potentially stale -> ('MS', 'contracts/RCOrderbook.sol', 'RCOrderbook.index', '@local::contracts/RCOrderbook.sol::RCOrderbook.cleanWastePile()::LocalVariable::_user_1][@local::contracts/RCOrderbook.sol::RCOrderbook.cleanWastePile()::LocalVariable::_market_1][@local::contracts/RCOrderbook.sol::RCOrderbook.cleanWastePile()::LocalVariable::_card_1')
 reader witnesses  -> 4
 storage exposures -> 1
[MV-SI candidate ab33835f849ec41112ee] {index[$arg4][@local::contracts/RCOrderbook.sol::RCOrderbook.addBidToOrderbook(address,uint256,uint256,uint256,address)::LocalVariable::_market_1][$arg1], user}
 writer root       -> contracts/RCOrderbook.sol::RCOrderbook.removeOldBids(address)
 writer effect     -> contracts/RCOrderbook.sol:749
 written member    -> ('SV', 'contracts/RCOrderbook.sol', 'RCOrderbook.user')
 potentially stale -> ('MS', 'contracts/RCOrderbook.sol', 'RCOrderbook.index', '$arg4][@local::contracts/RCOrderbook.sol::RCOrderbook.addBidToOrderbook(address,uint256,uint256,uint256,address)::LocalVariable::_market_1][$arg1')
 reader witnesses  -> 6
 storage exposures -> 1
[MV-SI candidate ab5de9e3ac5c9e13d2f1] {card, winningOutcome}
 writer root       -> contracts/RCMarket.sol::RCMarket.exitAll()
 writer effect     -> contracts/RCMarket.sol:1073
 written member    -> ('SV', 'contracts/RCMarket.sol', 'RCMarket.card')
 potentially stale -> ('SV', 'contracts/RCMarket.sol', 'RCMarket.winningOutcome')
 reader witnesses  -> 14
 storage exposures -> 1
[MV-SI candidate abb43e45730999976832] {card, winnerCut, winningOutcome}
 writer root       -> contracts/RCMarket.sol::RCMarket.getWinnerFromOracle()
 writer effect     -> contracts/RCMarket.sol:1074
 written member    -> ('SV', 'contracts/RCMarket.sol', 'RCMarket.card')
 potentially stale -> ('SV', 'contracts/RCMarket.sol', 'RCMarket.winnerCut'), ('SV', 'contracts/RCMarket.sol', 'RCMarket.winningOutcome')
 reader witnesses  -> 9
 storage exposures -> 1
[MV-SI candidate abcda5463a6abdc76466] {affiliateCut, artistCut, cardAffiliateCut, card[@local::contracts/RCMarket.sol::RCMarket._payoutWinnings()::TemporaryVariable::TMP_1488], creatorCut, rentCollectedPerUserPerCard[@local::contracts/RCMarket.sol::RCMarket._payoutWinnings()::TemporaryVariable::TMP_1483][@state::contracts/RCMarket.sol::RCMarket.winningOutcome], totalRentCollected, winnerCut, winningOutcome}
 writer root       -> contracts/RCMarket.sol::RCMarket.initialize(IRCMarket.Mode,uint32[],uint256,address,address,address[],address,string,uint256)
 writer effect     -> contracts/RCMarket.sol:275
 written member    -> ('SV', 'contracts/RCMarket.sol', 'RCMarket.winnerCut')
 potentially stale -> ('MS', 'contracts/RCMarket.sol', 'RCMarket.card', '@local::contracts/RCMarket.sol::RCMarket._payoutWinnings()::TemporaryVariable::TMP_1488'), ('MS', 'contracts/RCMarket.sol', 'RCMarket.rentCollectedPerUserPerCard', '@local::contracts/RCMarket.sol::RCMarket._payoutWinnings()::TemporaryVariable::TMP_1483][@state::contracts/RCMarket.sol::RCMarket.winningOutcome'), ('SV', 'contracts/RCMarket.sol', 'RCMarket.affiliateCut'), ('SV', 'contracts/RCMarket.sol', 'RCMarket.artistCut'), ('SV', 'contracts/RCMarket.sol', 'RCMarket.cardAffiliateCut'), ('SV', 'contracts/RCMarket.sol', 'RCMarket.creatorCut'), ('SV', 'contracts/RCMarket.sol', 'RCMarket.totalRentCollected'), ('SV', 'contracts/RCMarket.sol', 'RCMarket.winningOutcome')
 reader witnesses  -> 24
 storage exposures -> 1
[MV-SI candidate ac07259c0144909a8b2c] {index[@local::contracts/RCOrderbook.sol::RCOrderbook.closeMarket()::LocalVariable::_market_1][@local::contracts/RCOrderbook.sol::RCOrderbook.closeMarket()::LocalVariable::_market_1][@local::contracts/RCOrderbook.sol::RCOrderbook.closeMarket()::LocalVariable::i_2], user}
 writer root       -> contracts/RCOrderbook.sol::RCOrderbook.removeBidFromOrderbook(address,uint256)
 writer effect     -> contracts/RCOrderbook.sol:536
 written member    -> ('SV', 'contracts/RCOrderbook.sol', 'RCOrderbook.user')
 potentially stale -> ('MS', 'contracts/RCOrderbook.sol', 'RCOrderbook.index', '@local::contracts/RCOrderbook.sol::RCOrderbook.closeMarket()::LocalVariable::_market_1][@local::contracts/RCOrderbook.sol::RCOrderbook.closeMarket()::LocalVariable::_market_1][@local::contracts/RCOrderbook.sol::RCOrderbook.closeMarket()::LocalVariable::i_2')
 reader witnesses  -> 1
 storage exposures -> 1
[MV-SI candidate ac8715856cfad2a7ccf0] {card, winningOutcome}
 writer root       -> contracts/RCMarket.sol::RCMarket.exitAll()
 writer effect     -> contracts/RCMarket.sol:1074
 written member    -> ('SV', 'contracts/RCMarket.sol', 'RCMarket.card')
 potentially stale -> ('SV', 'contracts/RCMarket.sol', 'RCMarket.winningOutcome')
 reader witnesses  -> 14
 storage exposures -> 1
[MV-SI candidate aca7e65e16d752ec6e69] {closedMarkets[@local::contracts/RCOrderbook.sol::RCOrderbook.removeOldBids(address)::ReferenceVariable::REF_1159], index[$arg0][@local::contracts/RCOrderbook.sol::RCOrderbook.removeOldBids(address)::LocalVariable::_market_2][@local::contracts/RCOrderbook.sol::RCOrderbook.removeOldBids(address)::LocalVariable::i_2], market, user, userClosedMarketIndex[$arg0]}
 writer root       -> contracts/RCOrderbook.sol::RCOrderbook.addBidToOrderbook(address,uint256,uint256,uint256,address)
 writer effect     -> contracts/RCOrderbook.sol:362
 written member    -> ('SV', 'contracts/RCOrderbook.sol', 'RCOrderbook.user')
 potentially stale -> ('MS', 'contracts/RCOrderbook.sol', 'RCOrderbook.closedMarkets', '@local::contracts/RCOrderbook.sol::RCOrderbook.removeOldBids(address)::ReferenceVariable::REF_1159'), ('MS', 'contracts/RCOrderbook.sol', 'RCOrderbook.index', '$arg0][@local::contracts/RCOrderbook.sol::RCOrderbook.removeOldBids(address)::LocalVariable::_market_2][@local::contracts/RCOrderbook.sol::RCOrderbook.removeOldBids(address)::LocalVariable::i_2'), ('MS', 'contracts/RCOrderbook.sol', 'RCOrderbook.userClosedMarketIndex', '$arg0'), ('SV', 'contracts/RCOrderbook.sol', 'RCOrderbook.market')
 reader witnesses  -> 14
 storage exposures -> 1
[MV-SI candidate ad126e4828ef2e53b004] {index[@local::contracts/RCOrderbook.sol::RCOrderbook.cleanWastePile()::LocalVariable::_user_1][@local::contracts/RCOrderbook.sol::RCOrderbook.cleanWastePile()::LocalVariable::_market_1][@local::contracts/RCOrderbook.sol::RCOrderbook.cleanWastePile()::LocalVariable::_card_1], user}
 writer root       -> contracts/RCOrderbook.sol::RCOrderbook.findNewOwner(uint256,uint256)
 writer effect     -> contracts/RCOrderbook.sol:830
 written member    -> ('SV', 'contracts/RCOrderbook.sol', 'RCOrderbook.user')
 potentially stale -> ('MS', 'contracts/RCOrderbook.sol', 'RCOrderbook.index', '@local::contracts/RCOrderbook.sol::RCOrderbook.cleanWastePile()::LocalVariable::_user_1][@local::contracts/RCOrderbook.sol::RCOrderbook.cleanWastePile()::LocalVariable::_market_1][@local::contracts/RCOrderbook.sol::RCOrderbook.cleanWastePile()::LocalVariable::_card_1')
 reader witnesses  -> 4
 storage exposures -> 1
[MV-SI candidate adac4c6cbb43879f20f3] {card, marketLockingTime}
 writer root       -> contracts/RCMarket.sol::RCMarket.lockMarket()
 writer effect     -> contracts/RCMarket.sol:1074
 written member    -> ('SV', 'contracts/RCMarket.sol', 'RCMarket.card')
 potentially stale -> ('SV', 'contracts/RCMarket.sol', 'RCMarket.marketLockingTime')
 reader witnesses  -> 30
 storage exposures -> 1
[MV-SI candidate aed8fc3f692ef0cfcef3] {card, cardAffiliateCut}
 writer root       -> contracts/RCMarket.sol::RCMarket.setAmicableResolution(uint256)
 writer effect     -> contracts/RCMarket.sol:1087
 written member    -> ('SV', 'contracts/RCMarket.sol', 'RCMarket.card')
 potentially stale -> ('SV', 'contracts/RCMarket.sol', 'RCMarket.cardAffiliateCut')
 reader witnesses  -> 3
 storage exposures -> 1
[MV-SI candidate aee0b401fd2eab7e6f80] {leaderboard, leaderboardIndex[@local::contracts/RCLeaderboard.sol::RCLeaderboard.updateLeaderboard(address,uint256,uint256)::LocalVariable::_market_1][@local::contracts/RCLeaderboard.sol::RCLeaderboard.updateLeaderboard(address,uint256,uint256)::LocalVariable::_market_1][$arg1], leaderboardIndex[@local::contracts/RCLeaderboard.sol::RCLeaderboard.updateLeaderboard(address,uint256,uint256)::LocalVariable::lastUserOnLeaderboard_1][@local::contracts/RCLeaderboard.sol::RCLeaderboard.updateLeaderboard(address,uint256,uint256)::LocalVariable::_market_1][$arg1]}
 writer root       -> contracts/RCLeaderboard.sol::RCLeaderboard.updateLeaderboard(address,uint256,uint256)
 writer effect     -> contracts/RCLeaderboard.sol:196
 written member    -> ('SV', 'contracts/RCLeaderboard.sol', 'RCLeaderboard.leaderboard')
 potentially stale -> ('MS', 'contracts/RCLeaderboard.sol', 'RCLeaderboard.leaderboardIndex', '@local::contracts/RCLeaderboard.sol::RCLeaderboard.updateLeaderboard(address,uint256,uint256)::LocalVariable::_market_1][@local::contracts/RCLeaderboard.sol::RCLeaderboard.updateLeaderboard(address,uint256,uint256)::LocalVariable::_market_1][$arg1'), ('MS', 'contracts/RCLeaderboard.sol', 'RCLeaderboard.leaderboardIndex', '@local::contracts/RCLeaderboard.sol::RCLeaderboard.updateLeaderboard(address,uint256,uint256)::LocalVariable::lastUserOnLeaderboard_1][@local::contracts/RCLeaderboard.sol::RCLeaderboard.updateLeaderboard(address,uint256,uint256)::LocalVariable::_market_1][$arg1')
 reader witnesses  -> 3
 storage exposures -> 1
[MV-SI candidate aeed889182f41dfbd246] {card, minimumPriceIncreasePercent}
 writer root       -> contracts/RCMarket.sol::RCMarket.collectRent(uint256)
 writer effect     -> contracts/RCMarket.sol:1073
 written member    -> ('SV', 'contracts/RCMarket.sol', 'RCMarket.card')
 potentially stale -> ('SV', 'contracts/RCMarket.sol', 'RCMarket.minimumPriceIncreasePercent')
 reader witnesses  -> 2
 storage exposures -> 1
[MV-SI candidate b049eed233eac41fbe37] {card, marketLockingTime}
 writer root       -> contracts/RCMarket.sol::RCMarket.getWinnerFromOracle()
 writer effect     -> contracts/RCMarket.sol:513
 written member    -> ('SV', 'contracts/RCMarket.sol', 'RCMarket.marketLockingTime')
 potentially stale -> ('SV', 'contracts/RCMarket.sol', 'RCMarket.card')
 reader witnesses  -> 172
 storage exposures -> 1
[MV-SI candidate b112dbecf765c4f77762] {closedMarkets[@local::contracts/RCOrderbook.sol::RCOrderbook.removeOldBids(address)::ReferenceVariable::REF_1159], index[$arg0][@local::contracts/RCOrderbook.sol::RCOrderbook.removeOldBids(address)::LocalVariable::_market_2][@local::contracts/RCOrderbook.sol::RCOrderbook.removeOldBids(address)::LocalVariable::i_2], market, user, userClosedMarketIndex[$arg0]}
 writer root       -> contracts/RCOrderbook.sol::RCOrderbook.addBidToOrderbook(address,uint256,uint256,uint256,address)
 writer effect     -> contracts/RCOrderbook.sol:422
 written member    -> ('SV', 'contracts/RCOrderbook.sol', 'RCOrderbook.user')
 potentially stale -> ('MS', 'contracts/RCOrderbook.sol', 'RCOrderbook.closedMarkets', '@local::contracts/RCOrderbook.sol::RCOrderbook.removeOldBids(address)::ReferenceVariable::REF_1159'), ('MS', 'contracts/RCOrderbook.sol', 'RCOrderbook.index', '$arg0][@local::contracts/RCOrderbook.sol::RCOrderbook.removeOldBids(address)::LocalVariable::_market_2][@local::contracts/RCOrderbook.sol::RCOrderbook.removeOldBids(address)::LocalVariable::i_2'), ('MS', 'contracts/RCOrderbook.sol', 'RCOrderbook.userClosedMarketIndex', '$arg0'), ('SV', 'contracts/RCOrderbook.sol', 'RCOrderbook.market')
 reader witnesses  -> 14
 storage exposures -> 1
[MV-SI candidate b123f99f52a6af9898e7] {_initialized, _initializing}
 writer root       -> contracts/RCMarket.sol::RCMarket.initialize(IRCMarket.Mode,uint32[],uint256,address,address,address[],address,string,uint256)
 writer effect     -> @openzeppelin/contracts/proxy/utils/Initializable.sol:43
 written member    -> ('SV', '@openzeppelin/contracts/proxy/utils/Initializable.sol', 'Initializable._initializing')
 potentially stale -> ('SV', '@openzeppelin/contracts/proxy/utils/Initializable.sol', 'Initializable._initialized')
 reader witnesses  -> 1
 storage exposures -> 1
[MV-SI candidate b1746f3f00652153b8f1] {card, marketLockingTime}
 writer root       -> contracts/RCMarket.sol::RCMarket.payCardAffiliate(uint256)
 writer effect     -> contracts/RCMarket.sol:648
 written member    -> ('SV', 'contracts/RCMarket.sol', 'RCMarket.card')
 potentially stale -> ('SV', 'contracts/RCMarket.sol', 'RCMarket.marketLockingTime')
 reader witnesses  -> 30
 storage exposures -> 1
[MV-SI candidate b1a1b3af393880b46c1b] {index[@local::contracts/RCOrderbook.sol::RCOrderbook.closeMarket()::LocalVariable::_market_1][@local::contracts/RCOrderbook.sol::RCOrderbook.closeMarket()::LocalVariable::_market_1][@local::contracts/RCOrderbook.sol::RCOrderbook.closeMarket()::LocalVariable::i_2], user}
 writer root       -> contracts/RCOrderbook.sol::RCOrderbook.closeMarket()
 writer effect     -> contracts/RCOrderbook.sol:673
 written member    -> ('SV', 'contracts/RCOrderbook.sol', 'RCOrderbook.user')
 potentially stale -> ('MS', 'contracts/RCOrderbook.sol', 'RCOrderbook.index', '@local::contracts/RCOrderbook.sol::RCOrderbook.closeMarket()::LocalVariable::_market_1][@local::contracts/RCOrderbook.sol::RCOrderbook.closeMarket()::LocalVariable::_market_1][@local::contracts/RCOrderbook.sol::RCOrderbook.closeMarket()::LocalVariable::i_2')
 reader witnesses  -> 1
 storage exposures -> 1
[MV-SI candidate b1bfe85be2c6987ebee2] {cleaningLoops, user}
 writer root       -> contracts/RCOrderbook.sol::RCOrderbook.closeMarket()
 writer effect     -> contracts/RCOrderbook.sol:669
 written member    -> ('SV', 'contracts/RCOrderbook.sol', 'RCOrderbook.user')
 potentially stale -> ('SV', 'contracts/RCOrderbook.sol', 'RCOrderbook.cleaningLoops')
 reader witnesses  -> 2
 storage exposures -> 1
[MV-SI candidate b21a6d129d3106ed2e7f] {card, cardAffiliateCut}
 writer root       -> contracts/RCMarket.sol::RCMarket.setAmicableResolution(uint256)
 writer effect     -> contracts/RCMarket.sol:1073
 written member    -> ('SV', 'contracts/RCMarket.sol', 'RCMarket.card')
 potentially stale -> ('SV', 'contracts/RCMarket.sol', 'RCMarket.cardAffiliateCut')
 reader witnesses  -> 3
 storage exposures -> 1
[MV-SI candidate b237d4408ce3638c5ae7] {card, cardAffiliateCut}
 writer root       -> contracts/RCMarket.sol::RCMarket.getWinnerFromOracle()
 writer effect     -> contracts/RCMarket.sol:1049
 written member    -> ('SV', 'contracts/RCMarket.sol', 'RCMarket.card')
 potentially stale -> ('SV', 'contracts/RCMarket.sol', 'RCMarket.cardAffiliateCut')
 reader witnesses  -> 3
 storage exposures -> 1
[MV-SI candidate b237edcc64d2ce576f0e] {maxDeletions, user}
 writer root       -> contracts/RCOrderbook.sol::RCOrderbook.closeMarket()
 writer effect     -> contracts/RCOrderbook.sol:646
 written member    -> ('SV', 'contracts/RCOrderbook.sol', 'RCOrderbook.user')
 potentially stale -> ('SV', 'contracts/RCOrderbook.sol', 'RCOrderbook.maxDeletions')
 reader witnesses  -> 10
 storage exposures -> 1
[MV-SI candidate b23f15ade5b03e6ec624] {index[@local::contracts/RCOrderbook.sol::RCOrderbook.closeMarket()::LocalVariable::_market_1][@local::contracts/RCOrderbook.sol::RCOrderbook.closeMarket()::LocalVariable::_market_1][@local::contracts/RCOrderbook.sol::RCOrderbook.closeMarket()::LocalVariable::i_2], user}
 writer root       -> contracts/RCOrderbook.sol::RCOrderbook.removeUserFromOrderbook(address)
 writer effect     -> contracts/RCOrderbook.sol:516
 written member    -> ('SV', 'contracts/RCOrderbook.sol', 'RCOrderbook.user')
 potentially stale -> ('MS', 'contracts/RCOrderbook.sol', 'RCOrderbook.index', '@local::contracts/RCOrderbook.sol::RCOrderbook.closeMarket()::LocalVariable::_market_1][@local::contracts/RCOrderbook.sol::RCOrderbook.closeMarket()::LocalVariable::_market_1][@local::contracts/RCOrderbook.sol::RCOrderbook.closeMarket()::LocalVariable::i_2')
 reader witnesses  -> 1
 storage exposures -> 1
[MV-SI candidate b290cef8a7815a76ac0a] {index[@local::contracts/RCOrderbook.sol::RCOrderbook.closeMarket()::LocalVariable::_market_1][@local::contracts/RCOrderbook.sol::RCOrderbook.closeMarket()::LocalVariable::_market_1][@local::contracts/RCOrderbook.sol::RCOrderbook.closeMarket()::LocalVariable::i_2], user}
 writer root       -> contracts/RCOrderbook.sol::RCOrderbook.addBidToOrderbook(address,uint256,uint256,uint256,address)
 writer effect     -> contracts/RCOrderbook.sol:793
 written member    -> ('SV', 'contracts/RCOrderbook.sol', 'RCOrderbook.user')
 potentially stale -> ('MS', 'contracts/RCOrderbook.sol', 'RCOrderbook.index', '@local::contracts/RCOrderbook.sol::RCOrderbook.closeMarket()::LocalVariable::_market_1][@local::contracts/RCOrderbook.sol::RCOrderbook.closeMarket()::LocalVariable::_market_1][@local::contracts/RCOrderbook.sol::RCOrderbook.closeMarket()::LocalVariable::i_2')
 reader witnesses  -> 1
 storage exposures -> 1
[MV-SI candidate b2a169797138d2920500] {card, winningOutcome}
 writer root       -> contracts/RCMarket.sol::RCMarket.rentAllCards(uint256)
 writer effect     -> contracts/RCMarket.sol:1068
 written member    -> ('SV', 'contracts/RCMarket.sol', 'RCMarket.card')
 potentially stale -> ('SV', 'contracts/RCMarket.sol', 'RCMarket.winningOutcome')
 reader witnesses  -> 28
 storage exposures -> 1
[MV-SI candidate b2aadf4c70ec84fa8109] {card, marketLockingTime}
 writer root       -> contracts/RCMarket.sol::RCMarket.collectRent(uint256)
 writer effect     -> contracts/RCMarket.sol:1068
 written member    -> ('SV', 'contracts/RCMarket.sol', 'RCMarket.card')
 potentially stale -> ('SV', 'contracts/RCMarket.sol', 'RCMarket.marketLockingTime')
 reader witnesses  -> 30
 storage exposures -> 1
[MV-SI candidate b2ac35fa204faad38358] {marketCloseLimit, user}
 writer root       -> contracts/RCOrderbook.sol::RCOrderbook.cleanWastePile()
 writer effect     -> contracts/RCOrderbook.sol:792
 written member    -> ('SV', 'contracts/RCOrderbook.sol', 'RCOrderbook.user')
 potentially stale -> ('SV', 'contracts/RCOrderbook.sol', 'RCOrderbook.marketCloseLimit')
 reader witnesses  -> 4
 storage exposures -> 1
[MV-SI candidate b2fad9515420bf4ca84e] {card, minimumPriceIncreasePercent}
 writer root       -> contracts/RCMarket.sol::RCMarket.lockMarket()
 writer effect     -> contracts/RCMarket.sol:1081
 written member    -> ('SV', 'contracts/RCMarket.sol', 'RCMarket.card')
 potentially stale -> ('SV', 'contracts/RCMarket.sol', 'RCMarket.minimumPriceIncreasePercent')
 reader witnesses  -> 2
 storage exposures -> 1
[MV-SI candidate b309d0a1165d88e92630] {card, marketLockingTime}
 writer root       -> contracts/RCMarket.sol::RCMarket.exit(uint256)
 writer effect     -> contracts/RCMarket.sol:1073
 written member    -> ('SV', 'contracts/RCMarket.sol', 'RCMarket.card')
 potentially stale -> ('SV', 'contracts/RCMarket.sol', 'RCMarket.marketLockingTime')
 reader witnesses  -> 30
 storage exposures -> 1
[MV-SI candidate b31610319a6f1afb2674] {card, cardAffiliateCut}
 writer root       -> contracts/RCMarket.sol::RCMarket.collectRent(uint256)
 writer effect     -> contracts/RCMarket.sol:1073
 written member    -> ('SV', 'contracts/RCMarket.sol', 'RCMarket.card')
 potentially stale -> ('SV', 'contracts/RCMarket.sol', 'RCMarket.cardAffiliateCut')
 reader witnesses  -> 3
 storage exposures -> 1
[MV-SI candidate b331a95972e8125df284] {index[$arg4][@local::contracts/RCOrderbook.sol::RCOrderbook.addBidToOrderbook(address,uint256,uint256,uint256,address)::LocalVariable::_market_1][$arg1], user}
 writer root       -> contracts/RCOrderbook.sol::RCOrderbook.addBidToOrderbook(address,uint256,uint256,uint256,address)
 writer effect     -> contracts/RCOrderbook.sol:430
 written member    -> ('SV', 'contracts/RCOrderbook.sol', 'RCOrderbook.user')
 potentially stale -> ('MS', 'contracts/RCOrderbook.sol', 'RCOrderbook.index', '$arg4][@local::contracts/RCOrderbook.sol::RCOrderbook.addBidToOrderbook(address,uint256,uint256,uint256,address)::LocalVariable::_market_1][$arg1')
 reader witnesses  -> 6
 storage exposures -> 1
[MV-SI candidate b3c753e78fa122c04677] {index[$arg4][@local::contracts/RCOrderbook.sol::RCOrderbook.addBidToOrderbook(address,uint256,uint256,uint256,address)::LocalVariable::_market_1][$arg1], user}
 writer root       -> contracts/RCOrderbook.sol::RCOrderbook.cleanWastePile()
 writer effect     -> contracts/RCOrderbook.sol:793
 written member    -> ('SV', 'contracts/RCOrderbook.sol', 'RCOrderbook.user')
 potentially stale -> ('MS', 'contracts/RCOrderbook.sol', 'RCOrderbook.index', '$arg4][@local::contracts/RCOrderbook.sol::RCOrderbook.addBidToOrderbook(address,uint256,uint256,uint256,address)::LocalVariable::_market_1][$arg1')
 reader witnesses  -> 6
 storage exposures -> 1
[MV-SI candidate b3dfbbd184fa7c6e60bc] {index[$arg4][@local::contracts/RCOrderbook.sol::RCOrderbook.addBidToOrderbook(address,uint256,uint256,uint256,address)::LocalVariable::_market_1][$arg1], user}
 writer root       -> contracts/RCOrderbook.sol::RCOrderbook.closeMarket()
 writer effect     -> contracts/RCOrderbook.sol:646
 written member    -> ('SV', 'contracts/RCOrderbook.sol', 'RCOrderbook.user')
 potentially stale -> ('MS', 'contracts/RCOrderbook.sol', 'RCOrderbook.index', '$arg4][@local::contracts/RCOrderbook.sol::RCOrderbook.addBidToOrderbook(address,uint256,uint256,uint256,address)::LocalVariable::_market_1][$arg1')
 reader witnesses  -> 6
 storage exposures -> 1
[MV-SI candidate b41bb0ee3054e1d640f9] {index[$arg4][@local::contracts/RCOrderbook.sol::RCOrderbook.addBidToOrderbook(address,uint256,uint256,uint256,address)::LocalVariable::_market_1][$arg1], user}
 writer root       -> contracts/RCOrderbook.sol::RCOrderbook.addBidToOrderbook(address,uint256,uint256,uint256,address)
 writer effect     -> contracts/RCOrderbook.sol:362
 written member    -> ('SV', 'contracts/RCOrderbook.sol', 'RCOrderbook.user')
 potentially stale -> ('MS', 'contracts/RCOrderbook.sol', 'RCOrderbook.index', '$arg4][@local::contracts/RCOrderbook.sol::RCOrderbook.addBidToOrderbook(address,uint256,uint256,uint256,address)::LocalVariable::_market_1][$arg1')
 reader witnesses  -> 6
 storage exposures -> 1
[MV-SI candidate b488355aabc6f0d09af0] {marketCloseLimit, user}
 writer root       -> contracts/RCOrderbook.sol::RCOrderbook.cleanWastePile()
 writer effect     -> contracts/RCOrderbook.sol:776
 written member    -> ('SV', 'contracts/RCOrderbook.sol', 'RCOrderbook.user')
 potentially stale -> ('SV', 'contracts/RCOrderbook.sol', 'RCOrderbook.marketCloseLimit')
 reader witnesses  -> 4
 storage exposures -> 1
[MV-SI candidate b4ae91ba7d7421f89ec5] {maxDeletions, user}
 writer root       -> contracts/RCOrderbook.sol::RCOrderbook.cleanWastePile()
 writer effect     -> contracts/RCOrderbook.sol:806
 written member    -> ('SV', 'contracts/RCOrderbook.sol', 'RCOrderbook.user')
 potentially stale -> ('SV', 'contracts/RCOrderbook.sol', 'RCOrderbook.maxDeletions')
 reader witnesses  -> 10
 storage exposures -> 1
[MV-SI candidate b4d2afed289ac6b53951] {card, winnerCut, winningOutcome}
 writer root       -> contracts/RCMarket.sol::RCMarket.initialize(IRCMarket.Mode,uint32[],uint256,address,address,address[],address,string,uint256)
 writer effect     -> contracts/RCMarket.sol:275
 written member    -> ('SV', 'contracts/RCMarket.sol', 'RCMarket.winnerCut')
 potentially stale -> ('SV', 'contracts/RCMarket.sol', 'RCMarket.card'), ('SV', 'contracts/RCMarket.sol', 'RCMarket.winningOutcome')
 reader witnesses  -> 174
 storage exposures -> 1
[MV-SI candidate b55a9fc186db43d2bca7] {card, winningOutcome}
 writer root       -> contracts/RCMarket.sol::RCMarket.newRental(uint256,uint256,address,uint256)
 writer effect     -> contracts/RCMarket.sol:1081
 written member    -> ('SV', 'contracts/RCMarket.sol', 'RCMarket.card')
 potentially stale -> ('SV', 'contracts/RCMarket.sol', 'RCMarket.winningOutcome')
 reader witnesses  -> 28
 storage exposures -> 1
[MV-SI candidate b56bd6b06610267c7878] {cleaningLoops, user}
 writer root       -> contracts/RCOrderbook.sol::RCOrderbook.setCleaningLimit(uint256)
 writer effect     -> contracts/RCOrderbook.sol:166
 written member    -> ('SV', 'contracts/RCOrderbook.sol', 'RCOrderbook.cleaningLoops')
 potentially stale -> ('SV', 'contracts/RCOrderbook.sol', 'RCOrderbook.user')
 reader witnesses  -> 113
 storage exposures -> 1
[MV-SI candidate b5c68cfa0fbecbda4f2a] {index[@local::contracts/RCOrderbook.sol::RCOrderbook.cleanWastePile()::LocalVariable::_user_1][@local::contracts/RCOrderbook.sol::RCOrderbook.cleanWastePile()::LocalVariable::_market_1][@local::contracts/RCOrderbook.sol::RCOrderbook.cleanWastePile()::LocalVariable::_card_1], user}
 writer root       -> contracts/RCOrderbook.sol::RCOrderbook.removeOldBids(address)
 writer effect     -> contracts/RCOrderbook.sol:745
 written member    -> ('SV', 'contracts/RCOrderbook.sol', 'RCOrderbook.user')
 potentially stale -> ('MS', 'contracts/RCOrderbook.sol', 'RCOrderbook.index', '@local::contracts/RCOrderbook.sol::RCOrderbook.cleanWastePile()::LocalVariable::_user_1][@local::contracts/RCOrderbook.sol::RCOrderbook.cleanWastePile()::LocalVariable::_market_1][@local::contracts/RCOrderbook.sol::RCOrderbook.cleanWastePile()::LocalVariable::_card_1')
 reader witnesses  -> 4
 storage exposures -> 1
[MV-SI candidate b6a13ed8e3f0822ab32d] {_roles[$arg1], user}
 writer root       -> contracts/RCTreasury.sol::RCTreasury.grantRole(string,address)
 writer effect     -> @openzeppelin/contracts/access/AccessControl.sol:199
 written member    -> ('MS', '@openzeppelin/contracts/access/AccessControl.sol', 'AccessControl._roles', '$arg1')
 potentially stale -> ('SV', 'contracts/RCTreasury.sol', 'RCTreasury.user')
 reader witnesses  -> 46
 storage exposures -> 1
[MV-SI candidate b6c517ed1960c0077098] {index[$arg4][@local::contracts/RCOrderbook.sol::RCOrderbook.addBidToOrderbook(address,uint256,uint256,uint256,address)::LocalVariable::_market_1][$arg1], user}
 writer root       -> contracts/RCOrderbook.sol::RCOrderbook.addBidToOrderbook(address,uint256,uint256,uint256,address)
 writer effect     -> contracts/RCOrderbook.sol:793
 written member    -> ('SV', 'contracts/RCOrderbook.sol', 'RCOrderbook.user')
 potentially stale -> ('MS', 'contracts/RCOrderbook.sol', 'RCOrderbook.index', '$arg4][@local::contracts/RCOrderbook.sol::RCOrderbook.addBidToOrderbook(address,uint256,uint256,uint256,address)::LocalVariable::_market_1][$arg1')
 reader witnesses  -> 6
 storage exposures -> 1
[MV-SI candidate b6eee63d5e833244a5d4] {card, minimumPriceIncreasePercent}
 writer root       -> contracts/RCMarket.sol::RCMarket.collectRent(uint256)
 writer effect     -> contracts/RCMarket.sol:1049
 written member    -> ('SV', 'contracts/RCMarket.sol', 'RCMarket.card')
 potentially stale -> ('SV', 'contracts/RCMarket.sol', 'RCMarket.minimumPriceIncreasePercent')
 reader witnesses  -> 2
 storage exposures -> 1
[MV-SI candidate b711efcca676e4b775e9] {closedMarkets[@local::contracts/RCOrderbook.sol::RCOrderbook.removeOldBids(address)::ReferenceVariable::REF_1159], index[$arg0][@local::contracts/RCOrderbook.sol::RCOrderbook.removeOldBids(address)::LocalVariable::_market_2][@local::contracts/RCOrderbook.sol::RCOrderbook.removeOldBids(address)::LocalVariable::i_2], market, user, userClosedMarketIndex[$arg0]}
 writer root       -> contracts/RCOrderbook.sol::RCOrderbook.removeUserFromOrderbook(address)
 writer effect     -> contracts/RCOrderbook.sol:536
 written member    -> ('SV', 'contracts/RCOrderbook.sol', 'RCOrderbook.user')
 potentially stale -> ('MS', 'contracts/RCOrderbook.sol', 'RCOrderbook.closedMarkets', '@local::contracts/RCOrderbook.sol::RCOrderbook.removeOldBids(address)::ReferenceVariable::REF_1159'), ('MS', 'contracts/RCOrderbook.sol', 'RCOrderbook.index', '$arg0][@local::contracts/RCOrderbook.sol::RCOrderbook.removeOldBids(address)::LocalVariable::_market_2][@local::contracts/RCOrderbook.sol::RCOrderbook.removeOldBids(address)::LocalVariable::i_2'), ('MS', 'contracts/RCOrderbook.sol', 'RCOrderbook.userClosedMarketIndex', '$arg0'), ('SV', 'contracts/RCOrderbook.sol', 'RCOrderbook.market')
 reader witnesses  -> 14
 storage exposures -> 1
[MV-SI candidate b7612c47220edc8bc714] {card, minimumPriceIncreasePercent}
 writer root       -> contracts/RCMarket.sol::RCMarket.lockMarket()
 writer effect     -> contracts/RCMarket.sol:1049
 written member    -> ('SV', 'contracts/RCMarket.sol', 'RCMarket.card')
 potentially stale -> ('SV', 'contracts/RCMarket.sol', 'RCMarket.minimumPriceIncreasePercent')
 reader witnesses  -> 2
 storage exposures -> 1
[MV-SI candidate b76c76054655ad148694] {NFTsToAward[@local::contracts/RCLeaderboard.sol::RCLeaderboard.updateLeaderboard(address,uint256,uint256)::LocalVariable::_market_1], leaderboardLength[@local::contracts/RCLeaderboard.sol::RCLeaderboard.updateLeaderboard(address,uint256,uint256)::LocalVariable::_market_1][$arg1]}
 writer root       -> contracts/RCLeaderboard.sol::RCLeaderboard.updateLeaderboard(address,uint256,uint256)
 writer effect     -> contracts/RCLeaderboard.sol:205
 written member    -> ('MS', 'contracts/RCLeaderboard.sol', 'RCLeaderboard.leaderboardLength', '@local::contracts/RCLeaderboard.sol::RCLeaderboard.updateLeaderboard(address,uint256,uint256)::LocalVariable::_market_1][$arg1')
 potentially stale -> ('MS', 'contracts/RCLeaderboard.sol', 'RCLeaderboard.NFTsToAward', '@local::contracts/RCLeaderboard.sol::RCLeaderboard.updateLeaderboard(address,uint256,uint256)::LocalVariable::_market_1')
 reader witnesses  -> 1
 storage exposures -> 1
[MV-SI candidate b785fc34c90beef7312d] {_roles[$arg1], user}
 writer root       -> contracts/RCTreasury.sol::RCTreasury.refundUser(address,uint256)
 writer effect     -> contracts/RCTreasury.sol:541
 written member    -> ('SV', 'contracts/RCTreasury.sol', 'RCTreasury.user')
 potentially stale -> ('MS', '@openzeppelin/contracts/access/AccessControl.sol', 'AccessControl._roles', '$arg1')
 reader witnesses  -> 9
 storage exposures -> 1
[MV-SI candidate b822542e05e3c9e97f7f] {cleaningLoops, user}
 writer root       -> contracts/RCOrderbook.sol::RCOrderbook.closeMarket()
 writer effect     -> contracts/RCOrderbook.sol:699
 written member    -> ('SV', 'contracts/RCOrderbook.sol', 'RCOrderbook.user')
 potentially stale -> ('SV', 'contracts/RCOrderbook.sol', 'RCOrderbook.cleaningLoops')
 reader witnesses  -> 2
 storage exposures -> 1
[MV-SI candidate b8b5a44010db491d8ab4] {closedMarkets[@local::contracts/RCOrderbook.sol::RCOrderbook.removeOldBids(address)::ReferenceVariable::REF_1159], index[$arg0][@local::contracts/RCOrderbook.sol::RCOrderbook.removeOldBids(address)::LocalVariable::_market_2][@local::contracts/RCOrderbook.sol::RCOrderbook.removeOldBids(address)::LocalVariable::i_2], market, user, userClosedMarketIndex[$arg0]}
 writer root       -> contracts/RCOrderbook.sol::RCOrderbook.removeBidFromOrderbook(address,uint256)
 writer effect     -> contracts/RCOrderbook.sol:516
 written member    -> ('SV', 'contracts/RCOrderbook.sol', 'RCOrderbook.user')
 potentially stale -> ('MS', 'contracts/RCOrderbook.sol', 'RCOrderbook.closedMarkets', '@local::contracts/RCOrderbook.sol::RCOrderbook.removeOldBids(address)::ReferenceVariable::REF_1159'), ('MS', 'contracts/RCOrderbook.sol', 'RCOrderbook.index', '$arg0][@local::contracts/RCOrderbook.sol::RCOrderbook.removeOldBids(address)::LocalVariable::_market_2][@local::contracts/RCOrderbook.sol::RCOrderbook.removeOldBids(address)::LocalVariable::i_2'), ('MS', 'contracts/RCOrderbook.sol', 'RCOrderbook.userClosedMarketIndex', '$arg0'), ('SV', 'contracts/RCOrderbook.sol', 'RCOrderbook.market')
 reader witnesses  -> 14
 storage exposures -> 1
[MV-SI candidate b8cc4162e8f83d4557cf] {card, cardAffiliateCut}
 writer root       -> contracts/RCMarket.sol::RCMarket.initialize(IRCMarket.Mode,uint32[],uint256,address,address,address[],address,string,uint256)
 writer effect     -> contracts/RCMarket.sol:265
 written member    -> ('SV', 'contracts/RCMarket.sol', 'RCMarket.cardAffiliateCut')
 potentially stale -> ('SV', 'contracts/RCMarket.sol', 'RCMarket.card')
 reader witnesses  -> 172
 storage exposures -> 1
[MV-SI candidate b8e5cb24a2249c88b54c] {card, cardAffiliateCut}
 writer root       -> contracts/RCMarket.sol::RCMarket.exit(uint256)
 writer effect     -> contracts/RCMarket.sol:1068
 written member    -> ('SV', 'contracts/RCMarket.sol', 'RCMarket.card')
 potentially stale -> ('SV', 'contracts/RCMarket.sol', 'RCMarket.cardAffiliateCut')
 reader witnesses  -> 3
 storage exposures -> 1
[MV-SI candidate b8e68683d99e5ca70d56] {marketCloseLimit, user}
 writer root       -> contracts/RCOrderbook.sol::RCOrderbook.addBidToOrderbook(address,uint256,uint256,uint256,address)
 writer effect     -> contracts/RCOrderbook.sol:777
 written member    -> ('SV', 'contracts/RCOrderbook.sol', 'RCOrderbook.user')
 potentially stale -> ('SV', 'contracts/RCOrderbook.sol', 'RCOrderbook.marketCloseLimit')
 reader witnesses  -> 4
 storage exposures -> 1
[MV-SI candidate b9e04aba1a7c32b7b699] {closedMarkets[@local::contracts/RCOrderbook.sol::RCOrderbook.removeOldBids(address)::ReferenceVariable::REF_1159], index[$arg0][@local::contracts/RCOrderbook.sol::RCOrderbook.removeOldBids(address)::LocalVariable::_market_2][@local::contracts/RCOrderbook.sol::RCOrderbook.removeOldBids(address)::LocalVariable::i_2], market, user, userClosedMarketIndex[$arg0]}
 writer root       -> contracts/RCOrderbook.sol::RCOrderbook.removeOldBids(address)
 writer effect     -> contracts/RCOrderbook.sol:768
 written member    -> ('MS', 'contracts/RCOrderbook.sol', 'RCOrderbook.userClosedMarketIndex', '$arg0')
 potentially stale -> ('MS', 'contracts/RCOrderbook.sol', 'RCOrderbook.closedMarkets', '@local::contracts/RCOrderbook.sol::RCOrderbook.removeOldBids(address)::ReferenceVariable::REF_1159'), ('MS', 'contracts/RCOrderbook.sol', 'RCOrderbook.index', '$arg0][@local::contracts/RCOrderbook.sol::RCOrderbook.removeOldBids(address)::LocalVariable::_market_2][@local::contracts/RCOrderbook.sol::RCOrderbook.removeOldBids(address)::LocalVariable::i_2'), ('SV', 'contracts/RCOrderbook.sol', 'RCOrderbook.market'), ('SV', 'contracts/RCOrderbook.sol', 'RCOrderbook.user')
 reader witnesses  -> 236
 storage exposures -> 1
[MV-SI candidate b9fffc2e5cf36fd211f0] {affiliateCut, artistCut, cardAffiliateCut, card[@local::contracts/RCMarket.sol::RCMarket._payoutWinnings()::TemporaryVariable::TMP_1488], creatorCut, rentCollectedPerUserPerCard[@local::contracts/RCMarket.sol::RCMarket._payoutWinnings()::TemporaryVariable::TMP_1483][@state::contracts/RCMarket.sol::RCMarket.winningOutcome], totalRentCollected, winnerCut, winningOutcome}
 writer root       -> contracts/RCMarket.sol::RCMarket.collectRent(uint256)
 writer effect     -> contracts/RCMarket.sol:1090
 written member    -> ('SV', 'contracts/RCMarket.sol', 'RCMarket.totalRentCollected')
 potentially stale -> ('MS', 'contracts/RCMarket.sol', 'RCMarket.card', '@local::contracts/RCMarket.sol::RCMarket._payoutWinnings()::TemporaryVariable::TMP_1488'), ('MS', 'contracts/RCMarket.sol', 'RCMarket.rentCollectedPerUserPerCard', '@local::contracts/RCMarket.sol::RCMarket._payoutWinnings()::TemporaryVariable::TMP_1483][@state::contracts/RCMarket.sol::RCMarket.winningOutcome'), ('SV', 'contracts/RCMarket.sol', 'RCMarket.affiliateCut'), ('SV', 'contracts/RCMarket.sol', 'RCMarket.artistCut'), ('SV', 'contracts/RCMarket.sol', 'RCMarket.cardAffiliateCut'), ('SV', 'contracts/RCMarket.sol', 'RCMarket.creatorCut'), ('SV', 'contracts/RCMarket.sol', 'RCMarket.winnerCut'), ('SV', 'contracts/RCMarket.sol', 'RCMarket.winningOutcome')
 reader witnesses  -> 11
 storage exposures -> 1
[MV-SI candidate ba36da203bdc08b4078c] {marketCloseLimit, user}
 writer root       -> contracts/RCOrderbook.sol::RCOrderbook.addBidToOrderbook(address,uint256,uint256,uint256,address)
 writer effect     -> contracts/RCOrderbook.sol:792
 written member    -> ('SV', 'contracts/RCOrderbook.sol', 'RCOrderbook.user')
 potentially stale -> ('SV', 'contracts/RCOrderbook.sol', 'RCOrderbook.marketCloseLimit')
 reader witnesses  -> 4
 storage exposures -> 1
[MV-SI candidate ba78b8078a59d1e9091f] {_roles[$arg1], user}
 writer root       -> contracts/RCTreasury.sol::RCTreasury.updateLastRentalTime(address)
 writer effect     -> contracts/RCTreasury.sol:579
 written member    -> ('SV', 'contracts/RCTreasury.sol', 'RCTreasury.user')
 potentially stale -> ('MS', '@openzeppelin/contracts/access/AccessControl.sol', 'AccessControl._roles', '$arg1')
 reader witnesses  -> 9
 storage exposures -> 1
[MV-SI candidate baa012d3d10154b36be8] {index[@local::contracts/RCOrderbook.sol::RCOrderbook.closeMarket()::LocalVariable::_market_1][@local::contracts/RCOrderbook.sol::RCOrderbook.closeMarket()::LocalVariable::_market_1][@local::contracts/RCOrderbook.sol::RCOrderbook.closeMarket()::LocalVariable::i_2], user}
 writer root       -> contracts/RCOrderbook.sol::RCOrderbook.removeOldBids(address)
 writer effect     -> contracts/RCOrderbook.sol:739
 written member    -> ('SV', 'contracts/RCOrderbook.sol', 'RCOrderbook.user')
 potentially stale -> ('MS', 'contracts/RCOrderbook.sol', 'RCOrderbook.index', '@local::contracts/RCOrderbook.sol::RCOrderbook.closeMarket()::LocalVariable::_market_1][@local::contracts/RCOrderbook.sol::RCOrderbook.closeMarket()::LocalVariable::_market_1][@local::contracts/RCOrderbook.sol::RCOrderbook.closeMarket()::LocalVariable::i_2')
 reader witnesses  -> 1
 storage exposures -> 1
[MV-SI candidate baf6d0ee964fc52e3e69] {cleaningLoops, user}
 writer root       -> contracts/RCOrderbook.sol::RCOrderbook.addBidToOrderbook(address,uint256,uint256,uint256,address)
 writer effect     -> contracts/RCOrderbook.sol:406
 written member    -> ('SV', 'contracts/RCOrderbook.sol', 'RCOrderbook.user')
 potentially stale -> ('SV', 'contracts/RCOrderbook.sol', 'RCOrderbook.cleaningLoops')
 reader witnesses  -> 2
 storage exposures -> 1
[MV-SI candidate bb1186cc3f44619ab965] {closedMarkets[@local::contracts/RCOrderbook.sol::RCOrderbook.removeOldBids(address)::ReferenceVariable::REF_1159], index[$arg0][@local::contracts/RCOrderbook.sol::RCOrderbook.removeOldBids(address)::LocalVariable::_market_2][@local::contracts/RCOrderbook.sol::RCOrderbook.removeOldBids(address)::LocalVariable::i_2], market, user, userClosedMarketIndex[$arg0]}
 writer root       -> contracts/RCOrderbook.sol::RCOrderbook.removeOldBids(address)
 writer effect     -> contracts/RCOrderbook.sol:748
 written member    -> ('MS', 'contracts/RCOrderbook.sol', 'RCOrderbook.index', '$arg0][@local::contracts/RCOrderbook.sol::RCOrderbook.removeOldBids(address)::LocalVariable::_market_2][@local::contracts/RCOrderbook.sol::RCOrderbook.removeOldBids(address)::LocalVariable::i_2')
 potentially stale -> ('MS', 'contracts/RCOrderbook.sol', 'RCOrderbook.closedMarkets', '@local::contracts/RCOrderbook.sol::RCOrderbook.removeOldBids(address)::ReferenceVariable::REF_1159'), ('MS', 'contracts/RCOrderbook.sol', 'RCOrderbook.userClosedMarketIndex', '$arg0'), ('SV', 'contracts/RCOrderbook.sol', 'RCOrderbook.market'), ('SV', 'contracts/RCOrderbook.sol', 'RCOrderbook.user')
 reader witnesses  -> 238
 storage exposures -> 1
[MV-SI candidate bb456fd3e1d3766b92fa] {minRentalDayDivisor, user}
 writer root       -> contracts/RCTreasury.sol::RCTreasury.refundUser(address,uint256)
 writer effect     -> contracts/RCTreasury.sol:541
 written member    -> ('SV', 'contracts/RCTreasury.sol', 'RCTreasury.user')
 potentially stale -> ('SV', 'contracts/RCTreasury.sol', 'RCTreasury.minRentalDayDivisor')
 reader witnesses  -> 18
 storage exposures -> 1
[MV-SI candidate bba8aba869d14568c283] {marketCloseLimit, user}
 writer root       -> contracts/RCOrderbook.sol::RCOrderbook.addBidToOrderbook(address,uint256,uint256,uint256,address)
 writer effect     -> contracts/RCOrderbook.sol:406
 written member    -> ('SV', 'contracts/RCOrderbook.sol', 'RCOrderbook.user')
 potentially stale -> ('SV', 'contracts/RCOrderbook.sol', 'RCOrderbook.marketCloseLimit')
 reader witnesses  -> 4
 storage exposures -> 1
[MV-SI candidate bbd1b3345854511478a9] {closedMarkets[@local::contracts/RCOrderbook.sol::RCOrderbook.removeOldBids(address)::ReferenceVariable::REF_1159], market, userClosedMarketIndex[$arg0]}
 writer root       -> contracts/RCOrderbook.sol::RCOrderbook.addBidToOrderbook(address,uint256,uint256,uint256,address)
 writer effect     -> contracts/RCOrderbook.sol:242
 written member    -> ('MS', 'contracts/RCOrderbook.sol', 'RCOrderbook.userClosedMarketIndex', '$arg0')
 potentially stale -> ('MS', 'contracts/RCOrderbook.sol', 'RCOrderbook.closedMarkets', '@local::contracts/RCOrderbook.sol::RCOrderbook.removeOldBids(address)::ReferenceVariable::REF_1159'), ('SV', 'contracts/RCOrderbook.sol', 'RCOrderbook.market')
 reader witnesses  -> 4
 storage exposures -> 1
[MV-SI candidate bbe2b78e109f983c4202] {index[$arg4][@local::contracts/RCOrderbook.sol::RCOrderbook.addBidToOrderbook(address,uint256,uint256,uint256,address)::LocalVariable::_market_1][$arg1], user}
 writer root       -> contracts/RCOrderbook.sol::RCOrderbook.removeOldBids(address)
 writer effect     -> contracts/RCOrderbook.sol:830
 written member    -> ('SV', 'contracts/RCOrderbook.sol', 'RCOrderbook.user')
 potentially stale -> ('MS', 'contracts/RCOrderbook.sol', 'RCOrderbook.index', '$arg4][@local::contracts/RCOrderbook.sol::RCOrderbook.addBidToOrderbook(address,uint256,uint256,uint256,address)::LocalVariable::_market_1][$arg1')
 reader witnesses  -> 6
 storage exposures -> 1
[MV-SI candidate bbeaea9db075d2904d3e] {cleaningLoops, user}
 writer root       -> contracts/RCOrderbook.sol::RCOrderbook.addBidToOrderbook(address,uint256,uint256,uint256,address)
 writer effect     -> contracts/RCOrderbook.sol:797
 written member    -> ('SV', 'contracts/RCOrderbook.sol', 'RCOrderbook.user')
 potentially stale -> ('SV', 'contracts/RCOrderbook.sol', 'RCOrderbook.cleaningLoops')
 reader witnesses  -> 2
 storage exposures -> 1
[MV-SI candidate bc49dd7d475f2344a156] {card, marketLockingTime}
 writer root       -> contracts/RCMarket.sol::RCMarket.updateTimeHeldLimit(uint256,uint256)
 writer effect     -> contracts/RCMarket.sol:1074
 written member    -> ('SV', 'contracts/RCMarket.sol', 'RCMarket.card')
 potentially stale -> ('SV', 'contracts/RCMarket.sol', 'RCMarket.marketLockingTime')
 reader witnesses  -> 30
 storage exposures -> 1
[MV-SI candidate bc668d47a07425c840b8] {card, winningOutcome}
 writer root       -> contracts/RCMarket.sol::RCMarket.exit(uint256)
 writer effect     -> contracts/RCMarket.sol:1081
 written member    -> ('SV', 'contracts/RCMarket.sol', 'RCMarket.card')
 potentially stale -> ('SV', 'contracts/RCMarket.sol', 'RCMarket.winningOutcome')
 reader witnesses  -> 14
 storage exposures -> 1
[MV-SI candidate bcf4fb815e806f65aa6d] {index[@local::contracts/RCOrderbook.sol::RCOrderbook.closeMarket()::LocalVariable::_market_1][@local::contracts/RCOrderbook.sol::RCOrderbook.closeMarket()::LocalVariable::_market_1][@local::contracts/RCOrderbook.sol::RCOrderbook.closeMarket()::LocalVariable::i_2], user}
 writer root       -> contracts/RCOrderbook.sol::RCOrderbook.removeUserFromOrderbook(address)
 writer effect     -> contracts/RCOrderbook.sol:527
 written member    -> ('SV', 'contracts/RCOrderbook.sol', 'RCOrderbook.user')
 potentially stale -> ('MS', 'contracts/RCOrderbook.sol', 'RCOrderbook.index', '@local::contracts/RCOrderbook.sol::RCOrderbook.closeMarket()::LocalVariable::_market_1][@local::contracts/RCOrderbook.sol::RCOrderbook.closeMarket()::LocalVariable::_market_1][@local::contracts/RCOrderbook.sol::RCOrderbook.closeMarket()::LocalVariable::i_2')
 reader witnesses  -> 1
 storage exposures -> 1
[MV-SI candidate bd910addede855f06fcc] {_operatorApprovals[$arg0][$arg1], _owners[$arg0], _tokenApprovals[$arg0]}
 writer root       -> contracts/nfthubs/RCNftHubL2.sol::RCNftHubL2.withdraw(uint256)
 writer effect     -> @openzeppelin/contracts/token/ERC721/ERC721.sol:355
 written member    -> ('MS', '@openzeppelin/contracts/token/ERC721/ERC721.sol', 'ERC721._tokenApprovals', '$arg0')
 potentially stale -> ('MS', '@openzeppelin/contracts/token/ERC721/ERC721.sol', 'ERC721._operatorApprovals', '$arg0][$arg1'), ('MS', '@openzeppelin/contracts/token/ERC721/ERC721.sol', 'ERC721._owners', '$arg0')
 reader witnesses  -> 30
 storage exposures -> 1
[MV-SI candidate bdbd02ceecc798d757a6] {index[$arg4][@local::contracts/RCOrderbook.sol::RCOrderbook.addBidToOrderbook(address,uint256,uint256,uint256,address)::LocalVariable::_market_1][$arg1], user}
 writer root       -> contracts/RCOrderbook.sol::RCOrderbook.cleanWastePile()
 writer effect     -> contracts/RCOrderbook.sol:777
 written member    -> ('SV', 'contracts/RCOrderbook.sol', 'RCOrderbook.user')
 potentially stale -> ('MS', 'contracts/RCOrderbook.sol', 'RCOrderbook.index', '$arg4][@local::contracts/RCOrderbook.sol::RCOrderbook.addBidToOrderbook(address,uint256,uint256,uint256,address)::LocalVariable::_market_1][$arg1')
 reader witnesses  -> 6
 storage exposures -> 1
[MV-SI candidate bdbd1f149201baf67871] {index[@local::contracts/RCOrderbook.sol::RCOrderbook.closeMarket()::LocalVariable::_market_1][@local::contracts/RCOrderbook.sol::RCOrderbook.closeMarket()::LocalVariable::_market_1][@local::contracts/RCOrderbook.sol::RCOrderbook.closeMarket()::LocalVariable::i_2], user}
 writer root       -> contracts/RCOrderbook.sol::RCOrderbook.addBidToOrderbook(address,uint256,uint256,uint256,address)
 writer effect     -> contracts/RCOrderbook.sol:311
 written member    -> ('SV', 'contracts/RCOrderbook.sol', 'RCOrderbook.user')
 potentially stale -> ('MS', 'contracts/RCOrderbook.sol', 'RCOrderbook.index', '@local::contracts/RCOrderbook.sol::RCOrderbook.closeMarket()::LocalVariable::_market_1][@local::contracts/RCOrderbook.sol::RCOrderbook.closeMarket()::LocalVariable::_market_1][@local::contracts/RCOrderbook.sol::RCOrderbook.closeMarket()::LocalVariable::i_2')
 reader witnesses  -> 1
 storage exposures -> 1
[MV-SI candidate bddc4ae9958670447ea0] {card, winnerCut, winningOutcome}
 writer root       -> contracts/RCMarket.sol::RCMarket.setAmicableResolution(uint256)
 writer effect     -> contracts/RCMarket.sol:518
 written member    -> ('SV', 'contracts/RCMarket.sol', 'RCMarket.winningOutcome')
 potentially stale -> ('SV', 'contracts/RCMarket.sol', 'RCMarket.card'), ('SV', 'contracts/RCMarket.sol', 'RCMarket.winnerCut')
 reader witnesses  -> 174
 storage exposures -> 1
[MV-SI candidate be036d625bb2d1fcf7db] {card, marketLockingTime}
 writer root       -> contracts/RCMarket.sol::RCMarket.rentAllCards(uint256)
 writer effect     -> contracts/RCMarket.sol:1074
 written member    -> ('SV', 'contracts/RCMarket.sol', 'RCMarket.card')
 potentially stale -> ('SV', 'contracts/RCMarket.sol', 'RCMarket.marketLockingTime')
 reader witnesses  -> 60
 storage exposures -> 1
[MV-SI candidate be7e46cf995ee4c83264] {maxDeletions, user}
 writer root       -> contracts/RCOrderbook.sol::RCOrderbook.cleanWastePile()
 writer effect     -> contracts/RCOrderbook.sol:797
 written member    -> ('SV', 'contracts/RCOrderbook.sol', 'RCOrderbook.user')
 potentially stale -> ('SV', 'contracts/RCOrderbook.sol', 'RCOrderbook.maxDeletions')
 reader witnesses  -> 10
 storage exposures -> 1
[MV-SI candidate beb5bbd172ccc144ed24] {index[@local::contracts/RCOrderbook.sol::RCOrderbook.closeMarket()::LocalVariable::_market_1][@local::contracts/RCOrderbook.sol::RCOrderbook.closeMarket()::LocalVariable::_market_1][@local::contracts/RCOrderbook.sol::RCOrderbook.closeMarket()::LocalVariable::i_2], user}
 writer root       -> contracts/RCOrderbook.sol::RCOrderbook.closeMarket()
 writer effect     -> contracts/RCOrderbook.sol:830
 written member    -> ('SV', 'contracts/RCOrderbook.sol', 'RCOrderbook.user')
 potentially stale -> ('MS', 'contracts/RCOrderbook.sol', 'RCOrderbook.index', '@local::contracts/RCOrderbook.sol::RCOrderbook.closeMarket()::LocalVariable::_market_1][@local::contracts/RCOrderbook.sol::RCOrderbook.closeMarket()::LocalVariable::_market_1][@local::contracts/RCOrderbook.sol::RCOrderbook.closeMarket()::LocalVariable::i_2')
 reader witnesses  -> 1
 storage exposures -> 1
[MV-SI candidate bf7539c55fcd29a26956] {card, winningOutcome}
 writer root       -> contracts/RCMarket.sol::RCMarket.updateTimeHeldLimit(uint256,uint256)
 writer effect     -> contracts/RCMarket.sol:1049
 written member    -> ('SV', 'contracts/RCMarket.sol', 'RCMarket.card')
 potentially stale -> ('SV', 'contracts/RCMarket.sol', 'RCMarket.winningOutcome')
 reader witnesses  -> 14
 storage exposures -> 1
[MV-SI candidate c00a7b436073452dda27] {card, minimumPriceIncreasePercent}
 writer root       -> contracts/RCMarket.sol::RCMarket.newRental(uint256,uint256,address,uint256)
 writer effect     -> contracts/RCMarket.sol:1068
 written member    -> ('SV', 'contracts/RCMarket.sol', 'RCMarket.card')
 potentially stale -> ('SV', 'contracts/RCMarket.sol', 'RCMarket.minimumPriceIncreasePercent')
 reader witnesses  -> 4
 storage exposures -> 1
[MV-SI candidate c03264ff1ab6698f3216] {closedMarkets[@local::contracts/RCOrderbook.sol::RCOrderbook.removeOldBids(address)::ReferenceVariable::REF_1159], index[$arg0][@local::contracts/RCOrderbook.sol::RCOrderbook.removeOldBids(address)::LocalVariable::_market_2][@local::contracts/RCOrderbook.sol::RCOrderbook.removeOldBids(address)::LocalVariable::i_2], market, user, userClosedMarketIndex[$arg0]}
 writer root       -> contracts/RCOrderbook.sol::RCOrderbook.cleanWastePile()
 writer effect     -> contracts/RCOrderbook.sol:793
 written member    -> ('SV', 'contracts/RCOrderbook.sol', 'RCOrderbook.user')
 potentially stale -> ('MS', 'contracts/RCOrderbook.sol', 'RCOrderbook.closedMarkets', '@local::contracts/RCOrderbook.sol::RCOrderbook.removeOldBids(address)::ReferenceVariable::REF_1159'), ('MS', 'contracts/RCOrderbook.sol', 'RCOrderbook.index', '$arg0][@local::contracts/RCOrderbook.sol::RCOrderbook.removeOldBids(address)::LocalVariable::_market_2][@local::contracts/RCOrderbook.sol::RCOrderbook.removeOldBids(address)::LocalVariable::i_2'), ('MS', 'contracts/RCOrderbook.sol', 'RCOrderbook.userClosedMarketIndex', '$arg0'), ('SV', 'contracts/RCOrderbook.sol', 'RCOrderbook.market')
 reader witnesses  -> 14
 storage exposures -> 1
[MV-SI candidate c04d38d42d7dd5600f76] {card, winnerCut, winningOutcome}
 writer root       -> contracts/RCMarket.sol::RCMarket.exitAll()
 writer effect     -> contracts/RCMarket.sol:1073
 written member    -> ('SV', 'contracts/RCMarket.sol', 'RCMarket.card')
 potentially stale -> ('SV', 'contracts/RCMarket.sol', 'RCMarket.winnerCut'), ('SV', 'contracts/RCMarket.sol', 'RCMarket.winningOutcome')
 reader witnesses  -> 9
 storage exposures -> 1
[MV-SI candidate c091f71b738d696b1fe9] {marketCloseLimit, user}
 writer root       -> contracts/RCOrderbook.sol::RCOrderbook.addBidToOrderbook(address,uint256,uint256,uint256,address)
 writer effect     -> contracts/RCOrderbook.sol:360
 written member    -> ('SV', 'contracts/RCOrderbook.sol', 'RCOrderbook.user')
 potentially stale -> ('SV', 'contracts/RCOrderbook.sol', 'RCOrderbook.marketCloseLimit')
 reader witnesses  -> 4
 storage exposures -> 1
[MV-SI candidate c09dbccc8fc93bc5d6d7] {card, cardAffiliateCut}
 writer root       -> contracts/RCMarket.sol::RCMarket.getWinnerFromOracle()
 writer effect     -> contracts/RCMarket.sol:1073
 written member    -> ('SV', 'contracts/RCMarket.sol', 'RCMarket.card')
 potentially stale -> ('SV', 'contracts/RCMarket.sol', 'RCMarket.cardAffiliateCut')
 reader witnesses  -> 3
 storage exposures -> 1
[MV-SI candidate c0b5202ac736852e6409] {leaderboard, leaderboardIndex[@local::contracts/RCLeaderboard.sol::RCLeaderboard.updateLeaderboard(address,uint256,uint256)::LocalVariable::_market_1][@local::contracts/RCLeaderboard.sol::RCLeaderboard.updateLeaderboard(address,uint256,uint256)::LocalVariable::_market_1][$arg1], leaderboardIndex[@local::contracts/RCLeaderboard.sol::RCLeaderboard.updateLeaderboard(address,uint256,uint256)::LocalVariable::lastUserOnLeaderboard_1][@local::contracts/RCLeaderboard.sol::RCLeaderboard.updateLeaderboard(address,uint256,uint256)::LocalVariable::_market_1][$arg1]}
 writer root       -> contracts/RCLeaderboard.sol::RCLeaderboard.claimNFT(address,uint256)
 writer effect     -> contracts/RCLeaderboard.sol:221
 written member    -> ('SV', 'contracts/RCLeaderboard.sol', 'RCLeaderboard.leaderboard')
 potentially stale -> ('MS', 'contracts/RCLeaderboard.sol', 'RCLeaderboard.leaderboardIndex', '@local::contracts/RCLeaderboard.sol::RCLeaderboard.updateLeaderboard(address,uint256,uint256)::LocalVariable::_market_1][@local::contracts/RCLeaderboard.sol::RCLeaderboard.updateLeaderboard(address,uint256,uint256)::LocalVariable::_market_1][$arg1'), ('MS', 'contracts/RCLeaderboard.sol', 'RCLeaderboard.leaderboardIndex', '@local::contracts/RCLeaderboard.sol::RCLeaderboard.updateLeaderboard(address,uint256,uint256)::LocalVariable::lastUserOnLeaderboard_1][@local::contracts/RCLeaderboard.sol::RCLeaderboard.updateLeaderboard(address,uint256,uint256)::LocalVariable::_market_1][$arg1')
 reader witnesses  -> 3
 storage exposures -> 1
[MV-SI candidate c0ff1349265ebb1e697a] {cleaningLoops, user}
 writer root       -> contracts/RCOrderbook.sol::RCOrderbook.cleanWastePile()
 writer effect     -> contracts/RCOrderbook.sol:792
 written member    -> ('SV', 'contracts/RCOrderbook.sol', 'RCOrderbook.user')
 potentially stale -> ('SV', 'contracts/RCOrderbook.sol', 'RCOrderbook.cleaningLoops')
 reader witnesses  -> 2
 storage exposures -> 1
[MV-SI candidate c14e370b409d44280b7b] {card, winnerCut, winningOutcome}
 writer root       -> contracts/RCMarket.sol::RCMarket.updateTimeHeldLimit(uint256,uint256)
 writer effect     -> contracts/RCMarket.sol:829
 written member    -> ('SV', 'contracts/RCMarket.sol', 'RCMarket.card')
 potentially stale -> ('SV', 'contracts/RCMarket.sol', 'RCMarket.winnerCut'), ('SV', 'contracts/RCMarket.sol', 'RCMarket.winningOutcome')
 reader witnesses  -> 9
 storage exposures -> 1
[MV-SI candidate c19ec52720ef649e9019] {index[@local::contracts/RCOrderbook.sol::RCOrderbook.cleanWastePile()::LocalVariable::_user_1][@local::contracts/RCOrderbook.sol::RCOrderbook.cleanWastePile()::LocalVariable::_market_1][@local::contracts/RCOrderbook.sol::RCOrderbook.cleanWastePile()::LocalVariable::_card_1], user}
 writer root       -> contracts/RCOrderbook.sol::RCOrderbook.cleanWastePile()
 writer effect     -> contracts/RCOrderbook.sol:806
 written member    -> ('SV', 'contracts/RCOrderbook.sol', 'RCOrderbook.user')
 potentially stale -> ('MS', 'contracts/RCOrderbook.sol', 'RCOrderbook.index', '@local::contracts/RCOrderbook.sol::RCOrderbook.cleanWastePile()::LocalVariable::_user_1][@local::contracts/RCOrderbook.sol::RCOrderbook.cleanWastePile()::LocalVariable::_market_1][@local::contracts/RCOrderbook.sol::RCOrderbook.cleanWastePile()::LocalVariable::_card_1')
 reader witnesses  -> 4
 storage exposures -> 1
[MV-SI candidate c214fbc0f979ad3a779f] {accountingComplete, cardAccountingIndex, numberOfCards}
 writer root       -> contracts/RCMarket.sol::RCMarket.getWinnerFromOracle()
 writer effect     -> contracts/RCMarket.sol:472
 written member    -> ('SV', 'contracts/RCMarket.sol', 'RCMarket.cardAccountingIndex')
 potentially stale -> ('SV', 'contracts/RCMarket.sol', 'RCMarket.accountingComplete'), ('SV', 'contracts/RCMarket.sol', 'RCMarket.numberOfCards')
 reader witnesses  -> 46
 storage exposures -> 1
[MV-SI candidate c2335785e01f085000c8] {card, winnerCut, winningOutcome}
 writer root       -> contracts/RCMarket.sol::RCMarket.updateTimeHeldLimit(uint256,uint256)
 writer effect     -> contracts/RCMarket.sol:1081
 written member    -> ('SV', 'contracts/RCMarket.sol', 'RCMarket.card')
 potentially stale -> ('SV', 'contracts/RCMarket.sol', 'RCMarket.winnerCut'), ('SV', 'contracts/RCMarket.sol', 'RCMarket.winningOutcome')
 reader witnesses  -> 9
 storage exposures -> 1
[MV-SI candidate c24697aec53eb2243978] {closedMarkets[@local::contracts/RCOrderbook.sol::RCOrderbook.removeOldBids(address)::ReferenceVariable::REF_1159], index[$arg0][@local::contracts/RCOrderbook.sol::RCOrderbook.removeOldBids(address)::LocalVariable::_market_2][@local::contracts/RCOrderbook.sol::RCOrderbook.removeOldBids(address)::LocalVariable::i_2], market, user, userClosedMarketIndex[$arg0]}
 writer root       -> contracts/RCOrderbook.sol::RCOrderbook.addBidToOrderbook(address,uint256,uint256,uint256,address)
 writer effect     -> contracts/RCOrderbook.sol:404
 written member    -> ('SV', 'contracts/RCOrderbook.sol', 'RCOrderbook.user')
 potentially stale -> ('MS', 'contracts/RCOrderbook.sol', 'RCOrderbook.closedMarkets', '@local::contracts/RCOrderbook.sol::RCOrderbook.removeOldBids(address)::ReferenceVariable::REF_1159'), ('MS', 'contracts/RCOrderbook.sol', 'RCOrderbook.index', '$arg0][@local::contracts/RCOrderbook.sol::RCOrderbook.removeOldBids(address)::LocalVariable::_market_2][@local::contracts/RCOrderbook.sol::RCOrderbook.removeOldBids(address)::LocalVariable::i_2'), ('MS', 'contracts/RCOrderbook.sol', 'RCOrderbook.userClosedMarketIndex', '$arg0'), ('SV', 'contracts/RCOrderbook.sol', 'RCOrderbook.market')
 reader witnesses  -> 14
 storage exposures -> 1
[MV-SI candidate c2c8a75416254762c6c5] {index[@local::contracts/RCOrderbook.sol::RCOrderbook.cleanWastePile()::LocalVariable::_user_1][@local::contracts/RCOrderbook.sol::RCOrderbook.cleanWastePile()::LocalVariable::_market_1][@local::contracts/RCOrderbook.sol::RCOrderbook.cleanWastePile()::LocalVariable::_card_1], user}
 writer root       -> contracts/RCOrderbook.sol::RCOrderbook.closeMarket()
 writer effect     -> contracts/RCOrderbook.sol:699
 written member    -> ('SV', 'contracts/RCOrderbook.sol', 'RCOrderbook.user')
 potentially stale -> ('MS', 'contracts/RCOrderbook.sol', 'RCOrderbook.index', '@local::contracts/RCOrderbook.sol::RCOrderbook.cleanWastePile()::LocalVariable::_user_1][@local::contracts/RCOrderbook.sol::RCOrderbook.cleanWastePile()::LocalVariable::_market_1][@local::contracts/RCOrderbook.sol::RCOrderbook.cleanWastePile()::LocalVariable::_card_1')
 reader witnesses  -> 4
 storage exposures -> 1
[MV-SI candidate c2ccda2d0bc947799d92] {card, marketLockingTime}
 writer root       -> contracts/RCMarket.sol::RCMarket.rentAllCards(uint256)
 writer effect     -> contracts/RCMarket.sol:1081
 written member    -> ('SV', 'contracts/RCMarket.sol', 'RCMarket.card')
 potentially stale -> ('SV', 'contracts/RCMarket.sol', 'RCMarket.marketLockingTime')
 reader witnesses  -> 60
 storage exposures -> 1
[MV-SI candidate c2d3d83caba0b03d19e0] {index[@local::contracts/RCOrderbook.sol::RCOrderbook.closeMarket()::LocalVariable::_market_1][@local::contracts/RCOrderbook.sol::RCOrderbook.closeMarket()::LocalVariable::_market_1][@local::contracts/RCOrderbook.sol::RCOrderbook.closeMarket()::LocalVariable::i_2], user}
 writer root       -> contracts/RCOrderbook.sol::RCOrderbook.removeUserFromOrderbook(address)
 writer effect     -> contracts/RCOrderbook.sol:616
 written member    -> ('SV', 'contracts/RCOrderbook.sol', 'RCOrderbook.user')
 potentially stale -> ('MS', 'contracts/RCOrderbook.sol', 'RCOrderbook.index', '@local::contracts/RCOrderbook.sol::RCOrderbook.closeMarket()::LocalVariable::_market_1][@local::contracts/RCOrderbook.sol::RCOrderbook.closeMarket()::LocalVariable::_market_1][@local::contracts/RCOrderbook.sol::RCOrderbook.closeMarket()::LocalVariable::i_2')
 reader witnesses  -> 1
 storage exposures -> 1
[MV-SI candidate c379bfd8bcf3044029bc] {maxDeletions, user}
 writer root       -> contracts/RCOrderbook.sol::RCOrderbook.removeUserFromOrderbook(address)
 writer effect     -> contracts/RCOrderbook.sol:517
 written member    -> ('SV', 'contracts/RCOrderbook.sol', 'RCOrderbook.user')
 potentially stale -> ('SV', 'contracts/RCOrderbook.sol', 'RCOrderbook.maxDeletions')
 reader witnesses  -> 10
 storage exposures -> 1
[MV-SI candidate c3a909691dce4282b489] {card, winningOutcome}
 writer root       -> contracts/RCMarket.sol::RCMarket.exit(uint256)
 writer effect     -> contracts/RCMarket.sol:1068
 written member    -> ('SV', 'contracts/RCMarket.sol', 'RCMarket.card')
 potentially stale -> ('SV', 'contracts/RCMarket.sol', 'RCMarket.winningOutcome')
 reader witnesses  -> 14
 storage exposures -> 1
[MV-SI candidate c3a9561de00f84b9a100] {marketCloseLimit, user}
 writer root       -> contracts/RCOrderbook.sol::RCOrderbook.addBidToOrderbook(address,uint256,uint256,uint256,address)
 writer effect     -> contracts/RCOrderbook.sol:212
 written member    -> ('SV', 'contracts/RCOrderbook.sol', 'RCOrderbook.user')
 potentially stale -> ('SV', 'contracts/RCOrderbook.sol', 'RCOrderbook.marketCloseLimit')
 reader witnesses  -> 4
 storage exposures -> 1
[MV-SI candidate c3e1de69f1627762dce1] {closedMarkets[@local::contracts/RCOrderbook.sol::RCOrderbook.removeOldBids(address)::ReferenceVariable::REF_1159], index[$arg0][@local::contracts/RCOrderbook.sol::RCOrderbook.removeOldBids(address)::LocalVariable::_market_2][@local::contracts/RCOrderbook.sol::RCOrderbook.removeOldBids(address)::LocalVariable::i_2], market, user, userClosedMarketIndex[$arg0]}
 writer root       -> contracts/RCOrderbook.sol::RCOrderbook.addBidToOrderbook(address,uint256,uint256,uint256,address)
 writer effect     -> contracts/RCOrderbook.sol:429
 written member    -> ('SV', 'contracts/RCOrderbook.sol', 'RCOrderbook.user')
 potentially stale -> ('MS', 'contracts/RCOrderbook.sol', 'RCOrderbook.closedMarkets', '@local::contracts/RCOrderbook.sol::RCOrderbook.removeOldBids(address)::ReferenceVariable::REF_1159'), ('MS', 'contracts/RCOrderbook.sol', 'RCOrderbook.index', '$arg0][@local::contracts/RCOrderbook.sol::RCOrderbook.removeOldBids(address)::LocalVariable::_market_2][@local::contracts/RCOrderbook.sol::RCOrderbook.removeOldBids(address)::LocalVariable::i_2'), ('MS', 'contracts/RCOrderbook.sol', 'RCOrderbook.userClosedMarketIndex', '$arg0'), ('SV', 'contracts/RCOrderbook.sol', 'RCOrderbook.market')
 reader witnesses  -> 14
 storage exposures -> 1
[MV-SI candidate c4074740cebcc67e350d] {leaderboard, leaderboardIndex[@local::contracts/RCLeaderboard.sol::RCLeaderboard.updateLeaderboard(address,uint256,uint256)::LocalVariable::_market_1][@local::contracts/RCLeaderboard.sol::RCLeaderboard.updateLeaderboard(address,uint256,uint256)::LocalVariable::_market_1][$arg1], leaderboardIndex[@local::contracts/RCLeaderboard.sol::RCLeaderboard.updateLeaderboard(address,uint256,uint256)::LocalVariable::lastUserOnLeaderboard_1][@local::contracts/RCLeaderboard.sol::RCLeaderboard.updateLeaderboard(address,uint256,uint256)::LocalVariable::_market_1][$arg1]}
 writer root       -> contracts/RCLeaderboard.sol::RCLeaderboard.claimNFT(address,uint256)
 writer effect     -> contracts/RCLeaderboard.sol:225
 written member    -> ('SV', 'contracts/RCLeaderboard.sol', 'RCLeaderboard.leaderboard')
 potentially stale -> ('MS', 'contracts/RCLeaderboard.sol', 'RCLeaderboard.leaderboardIndex', '@local::contracts/RCLeaderboard.sol::RCLeaderboard.updateLeaderboard(address,uint256,uint256)::LocalVariable::_market_1][@local::contracts/RCLeaderboard.sol::RCLeaderboard.updateLeaderboard(address,uint256,uint256)::LocalVariable::_market_1][$arg1'), ('MS', 'contracts/RCLeaderboard.sol', 'RCLeaderboard.leaderboardIndex', '@local::contracts/RCLeaderboard.sol::RCLeaderboard.updateLeaderboard(address,uint256,uint256)::LocalVariable::lastUserOnLeaderboard_1][@local::contracts/RCLeaderboard.sol::RCLeaderboard.updateLeaderboard(address,uint256,uint256)::LocalVariable::_market_1][$arg1')
 reader witnesses  -> 3
 storage exposures -> 1
[MV-SI candidate c437df2f4061e1d3d89e] {card, marketLockingTime}
 writer root       -> contracts/RCMarket.sol::RCMarket.getWinnerFromOracle()
 writer effect     -> contracts/RCMarket.sol:1074
 written member    -> ('SV', 'contracts/RCMarket.sol', 'RCMarket.card')
 potentially stale -> ('SV', 'contracts/RCMarket.sol', 'RCMarket.marketLockingTime')
 reader witnesses  -> 30
 storage exposures -> 1
[MV-SI candidate c462db0891561bade543] {card, minimumPriceIncreasePercent}
 writer root       -> contracts/RCMarket.sol::RCMarket.exitAll()
 writer effect     -> contracts/RCMarket.sol:1073
 written member    -> ('SV', 'contracts/RCMarket.sol', 'RCMarket.card')
 potentially stale -> ('SV', 'contracts/RCMarket.sol', 'RCMarket.minimumPriceIncreasePercent')
 reader witnesses  -> 2
 storage exposures -> 1
[MV-SI candidate c463c708948d1108d3c9] {card, winnerCut, winningOutcome}
 writer root       -> contracts/RCMarket.sol::RCMarket.exit(uint256)
 writer effect     -> contracts/RCMarket.sol:1073
 written member    -> ('SV', 'contracts/RCMarket.sol', 'RCMarket.card')
 potentially stale -> ('SV', 'contracts/RCMarket.sol', 'RCMarket.winnerCut'), ('SV', 'contracts/RCMarket.sol', 'RCMarket.winningOutcome')
 reader witnesses  -> 9
 storage exposures -> 1
[MV-SI candidate c4a41d0a9c04c4d7e92c] {market, maxDeletions}
 writer root       -> contracts/RCOrderbook.sol::RCOrderbook.setDeletionLimit(uint256)
 writer effect     -> contracts/RCOrderbook.sol:158
 written member    -> ('SV', 'contracts/RCOrderbook.sol', 'RCOrderbook.maxDeletions')
 potentially stale -> ('SV', 'contracts/RCOrderbook.sol', 'RCOrderbook.market')
 reader witnesses  -> 3
 storage exposures -> 1
[MV-SI candidate c4ab8c662269257f43e7] {marketOpeningTime, state}
 writer root       -> contracts/RCMarket.sol::RCMarket.circuitBreaker()
 writer effect     -> contracts/RCMarket.sol:1220
 written member    -> ('SV', 'contracts/RCMarket.sol', 'RCMarket.state')
 potentially stale -> ('SV', 'contracts/RCMarket.sol', 'RCMarket.marketOpeningTime')
 reader witnesses  -> 3
 storage exposures -> 1
[MV-SI candidate c4b10bc4ae653577c361] {maxDeletions, user}
 writer root       -> contracts/RCOrderbook.sol::RCOrderbook.cleanWastePile()
 writer effect     -> contracts/RCOrderbook.sol:793
 written member    -> ('SV', 'contracts/RCOrderbook.sol', 'RCOrderbook.user')
 potentially stale -> ('SV', 'contracts/RCOrderbook.sol', 'RCOrderbook.maxDeletions')
 reader witnesses  -> 10
 storage exposures -> 1
[MV-SI candidate c5971ce13cd62b4d0c5d] {maxDeletions, user}
 writer root       -> contracts/RCOrderbook.sol::RCOrderbook.removeBidFromOrderbook(address,uint256)
 writer effect     -> contracts/RCOrderbook.sol:517
 written member    -> ('SV', 'contracts/RCOrderbook.sol', 'RCOrderbook.user')
 potentially stale -> ('SV', 'contracts/RCOrderbook.sol', 'RCOrderbook.maxDeletions')
 reader witnesses  -> 10
 storage exposures -> 1
[MV-SI candidate c635e20c8536fb8f306d] {card, winningOutcome}
 writer root       -> contracts/RCMarket.sol::RCMarket.exit(uint256)
 writer effect     -> contracts/RCMarket.sol:1073
 written member    -> ('SV', 'contracts/RCMarket.sol', 'RCMarket.card')
 potentially stale -> ('SV', 'contracts/RCMarket.sol', 'RCMarket.winningOutcome')
 reader witnesses  -> 14
 storage exposures -> 1
[MV-SI candidate c752c120b0d48539bd71] {card, cardAffiliateCut}
 writer root       -> contracts/RCMarket.sol::RCMarket.rentAllCards(uint256)
 writer effect     -> contracts/RCMarket.sol:1087
 written member    -> ('SV', 'contracts/RCMarket.sol', 'RCMarket.card')
 potentially stale -> ('SV', 'contracts/RCMarket.sol', 'RCMarket.cardAffiliateCut')
 reader witnesses  -> 6
 storage exposures -> 1
[MV-SI candidate c7d75e7605ecf89fbf5e] {maxDeletions, user}
 writer root       -> contracts/RCOrderbook.sol::RCOrderbook.addBidToOrderbook(address,uint256,uint256,uint256,address)
 writer effect     -> contracts/RCOrderbook.sol:406
 written member    -> ('SV', 'contracts/RCOrderbook.sol', 'RCOrderbook.user')
 potentially stale -> ('SV', 'contracts/RCOrderbook.sol', 'RCOrderbook.maxDeletions')
 reader witnesses  -> 10
 storage exposures -> 1
[MV-SI candidate c8123f08beff2e36fd37] {card, marketLockingTime}
 writer root       -> contracts/RCMarket.sol::RCMarket.rentAllCards(uint256)
 writer effect     -> contracts/RCMarket.sol:1073
 written member    -> ('SV', 'contracts/RCMarket.sol', 'RCMarket.card')
 potentially stale -> ('SV', 'contracts/RCMarket.sol', 'RCMarket.marketLockingTime')
 reader witnesses  -> 60
 storage exposures -> 1
[MV-SI candidate c826625a04ac121aaae8] {card, minimumPriceIncreasePercent}
 writer root       -> contracts/RCMarket.sol::RCMarket.setAmicableResolution(uint256)
 writer effect     -> contracts/RCMarket.sol:1068
 written member    -> ('SV', 'contracts/RCMarket.sol', 'RCMarket.card')
 potentially stale -> ('SV', 'contracts/RCMarket.sol', 'RCMarket.minimumPriceIncreasePercent')
 reader witnesses  -> 2
 storage exposures -> 1
[MV-SI candidate c829bf8b0739b6dd52a6] {cleaningLoops, user}
 writer root       -> contracts/RCOrderbook.sol::RCOrderbook.reduceTimeHeldLimit(address,uint256,uint256)
 writer effect     -> contracts/RCOrderbook.sol:910
 written member    -> ('SV', 'contracts/RCOrderbook.sol', 'RCOrderbook.user')
 potentially stale -> ('SV', 'contracts/RCOrderbook.sol', 'RCOrderbook.cleaningLoops')
 reader witnesses  -> 2
 storage exposures -> 1
[MV-SI candidate c8ddc16598413f00a055] {marketCloseLimit, user}
 writer root       -> contracts/RCOrderbook.sol::RCOrderbook.closeMarket()
 writer effect     -> contracts/RCOrderbook.sol:696
 written member    -> ('SV', 'contracts/RCOrderbook.sol', 'RCOrderbook.user')
 potentially stale -> ('SV', 'contracts/RCOrderbook.sol', 'RCOrderbook.marketCloseLimit')
 reader witnesses  -> 4
 storage exposures -> 1
[MV-SI candidate c8e93783810fa197482c] {maxDeletions, user}
 writer root       -> contracts/RCOrderbook.sol::RCOrderbook.addBidToOrderbook(address,uint256,uint256,uint256,address)
 writer effect     -> contracts/RCOrderbook.sol:830
 written member    -> ('SV', 'contracts/RCOrderbook.sol', 'RCOrderbook.user')
 potentially stale -> ('SV', 'contracts/RCOrderbook.sol', 'RCOrderbook.maxDeletions')
 reader witnesses  -> 30
 storage exposures -> 1
[MV-SI candidate c8ed7da0d23e546797e5] {marketCloseLimit, user}
 writer root       -> contracts/RCOrderbook.sol::RCOrderbook.findNewOwner(uint256,uint256)
 writer effect     -> contracts/RCOrderbook.sol:516
 written member    -> ('SV', 'contracts/RCOrderbook.sol', 'RCOrderbook.user')
 potentially stale -> ('SV', 'contracts/RCOrderbook.sol', 'RCOrderbook.marketCloseLimit')
 reader witnesses  -> 4
 storage exposures -> 1
[MV-SI candidate c96d07c223e29403741c] {cleaningLoops, user}
 writer root       -> contracts/RCOrderbook.sol::RCOrderbook.findNewOwner(uint256,uint256)
 writer effect     -> contracts/RCOrderbook.sol:527
 written member    -> ('SV', 'contracts/RCOrderbook.sol', 'RCOrderbook.user')
 potentially stale -> ('SV', 'contracts/RCOrderbook.sol', 'RCOrderbook.cleaningLoops')
 reader witnesses  -> 2
 storage exposures -> 1
[MV-SI candidate c9c483ea56ec70210d0d] {closedMarkets[@local::contracts/RCOrderbook.sol::RCOrderbook.removeOldBids(address)::ReferenceVariable::REF_1159], index[$arg0][@local::contracts/RCOrderbook.sol::RCOrderbook.removeOldBids(address)::LocalVariable::_market_2][@local::contracts/RCOrderbook.sol::RCOrderbook.removeOldBids(address)::LocalVariable::i_2], market, user, userClosedMarketIndex[$arg0]}
 writer root       -> contracts/RCOrderbook.sol::RCOrderbook.findNewOwner(uint256,uint256)
 writer effect     -> contracts/RCOrderbook.sol:536
 written member    -> ('SV', 'contracts/RCOrderbook.sol', 'RCOrderbook.user')
 potentially stale -> ('MS', 'contracts/RCOrderbook.sol', 'RCOrderbook.closedMarkets', '@local::contracts/RCOrderbook.sol::RCOrderbook.removeOldBids(address)::ReferenceVariable::REF_1159'), ('MS', 'contracts/RCOrderbook.sol', 'RCOrderbook.index', '$arg0][@local::contracts/RCOrderbook.sol::RCOrderbook.removeOldBids(address)::LocalVariable::_market_2][@local::contracts/RCOrderbook.sol::RCOrderbook.removeOldBids(address)::LocalVariable::i_2'), ('MS', 'contracts/RCOrderbook.sol', 'RCOrderbook.userClosedMarketIndex', '$arg0'), ('SV', 'contracts/RCOrderbook.sol', 'RCOrderbook.market')
 reader witnesses  -> 14
 storage exposures -> 1
[MV-SI candidate c9ff16b7059cf09d8898] {marketCloseLimit, user}
 writer root       -> contracts/RCOrderbook.sol::RCOrderbook.closeMarket()
 writer effect     -> contracts/RCOrderbook.sol:699
 written member    -> ('SV', 'contracts/RCOrderbook.sol', 'RCOrderbook.user')
 potentially stale -> ('SV', 'contracts/RCOrderbook.sol', 'RCOrderbook.marketCloseLimit')
 reader witnesses  -> 4
 storage exposures -> 1
[MV-SI candidate ca4e8ee6421cc68f9d5f] {marketBalance, totalDeposits, totalMarketPots}
 writer root       -> contracts/RCTreasury.sol::RCTreasury.withdrawDeposit(uint256,bool)
 writer effect     -> contracts/RCTreasury.sol:429
 written member    -> ('SV', 'contracts/RCTreasury.sol', 'RCTreasury.totalDeposits')
 potentially stale -> ('SV', 'contracts/RCTreasury.sol', 'RCTreasury.marketBalance'), ('SV', 'contracts/RCTreasury.sol', 'RCTreasury.totalMarketPots')
 reader witnesses  -> 19
 storage exposures -> 1
[MV-SI candidate ca95c3135dbb8d5673b0] {closedMarkets[@local::contracts/RCOrderbook.sol::RCOrderbook.removeOldBids(address)::ReferenceVariable::REF_1159], index[$arg0][@local::contracts/RCOrderbook.sol::RCOrderbook.removeOldBids(address)::LocalVariable::_market_2][@local::contracts/RCOrderbook.sol::RCOrderbook.removeOldBids(address)::LocalVariable::i_2], market, user, userClosedMarketIndex[$arg0]}
 writer root       -> contracts/RCOrderbook.sol::RCOrderbook.addBidToOrderbook(address,uint256,uint256,uint256,address)
 writer effect     -> contracts/RCOrderbook.sol:311
 written member    -> ('SV', 'contracts/RCOrderbook.sol', 'RCOrderbook.user')
 potentially stale -> ('MS', 'contracts/RCOrderbook.sol', 'RCOrderbook.closedMarkets', '@local::contracts/RCOrderbook.sol::RCOrderbook.removeOldBids(address)::ReferenceVariable::REF_1159'), ('MS', 'contracts/RCOrderbook.sol', 'RCOrderbook.index', '$arg0][@local::contracts/RCOrderbook.sol::RCOrderbook.removeOldBids(address)::LocalVariable::_market_2][@local::contracts/RCOrderbook.sol::RCOrderbook.removeOldBids(address)::LocalVariable::i_2'), ('MS', 'contracts/RCOrderbook.sol', 'RCOrderbook.userClosedMarketIndex', '$arg0'), ('SV', 'contracts/RCOrderbook.sol', 'RCOrderbook.market')
 reader witnesses  -> 14
 storage exposures -> 1
[MV-SI candidate caa69064debd79cd0de1] {marketOpeningTime, state}
 writer root       -> contracts/RCMarket.sol::RCMarket.setAmicableResolution(uint256)
 writer effect     -> contracts/RCMarket.sol:1115
 written member    -> ('SV', 'contracts/RCMarket.sol', 'RCMarket.state')
 potentially stale -> ('SV', 'contracts/RCMarket.sol', 'RCMarket.marketOpeningTime')
 reader witnesses  -> 3
 storage exposures -> 1
[MV-SI candidate caa6a95579e117378c73] {_roles[$arg1], user}
 writer root       -> contracts/RCTreasury.sol::RCTreasury.collectRentUser(address,uint256)
 writer effect     -> contracts/RCTreasury.sol:839
 written member    -> ('SV', 'contracts/RCTreasury.sol', 'RCTreasury.user')
 potentially stale -> ('MS', '@openzeppelin/contracts/access/AccessControl.sol', 'AccessControl._roles', '$arg1')
 reader witnesses  -> 9
 storage exposures -> 1
[MV-SI candidate caf79f92a1101cd0c71b] {index[@local::contracts/RCOrderbook.sol::RCOrderbook.cleanWastePile()::LocalVariable::_user_1][@local::contracts/RCOrderbook.sol::RCOrderbook.cleanWastePile()::LocalVariable::_market_1][@local::contracts/RCOrderbook.sol::RCOrderbook.cleanWastePile()::LocalVariable::_card_1], user}
 writer root       -> contracts/RCOrderbook.sol::RCOrderbook.addBidToOrderbook(address,uint256,uint256,uint256,address)
 writer effect     -> contracts/RCOrderbook.sol:429
 written member    -> ('SV', 'contracts/RCOrderbook.sol', 'RCOrderbook.user')
 potentially stale -> ('MS', 'contracts/RCOrderbook.sol', 'RCOrderbook.index', '@local::contracts/RCOrderbook.sol::RCOrderbook.cleanWastePile()::LocalVariable::_user_1][@local::contracts/RCOrderbook.sol::RCOrderbook.cleanWastePile()::LocalVariable::_market_1][@local::contracts/RCOrderbook.sol::RCOrderbook.cleanWastePile()::LocalVariable::_card_1')
 reader witnesses  -> 4
 storage exposures -> 1
[MV-SI candidate cb44b9b3d595c51d40de] {cleaningLoops, user}
 writer root       -> contracts/RCOrderbook.sol::RCOrderbook.addBidToOrderbook(address,uint256,uint256,uint256,address)
 writer effect     -> contracts/RCOrderbook.sol:213
 written member    -> ('SV', 'contracts/RCOrderbook.sol', 'RCOrderbook.user')
 potentially stale -> ('SV', 'contracts/RCOrderbook.sol', 'RCOrderbook.cleaningLoops')
 reader witnesses  -> 2
 storage exposures -> 1
[MV-SI candidate cb780c629b414c34c856] {closedMarkets[@local::contracts/RCOrderbook.sol::RCOrderbook.removeOldBids(address)::ReferenceVariable::REF_1159], index[$arg0][@local::contracts/RCOrderbook.sol::RCOrderbook.removeOldBids(address)::LocalVariable::_market_2][@local::contracts/RCOrderbook.sol::RCOrderbook.removeOldBids(address)::LocalVariable::i_2], market, user, userClosedMarketIndex[$arg0]}
 writer root       -> contracts/RCOrderbook.sol::RCOrderbook.closeMarket()
 writer effect     -> contracts/RCOrderbook.sol:646
 written member    -> ('SV', 'contracts/RCOrderbook.sol', 'RCOrderbook.user')
 potentially stale -> ('MS', 'contracts/RCOrderbook.sol', 'RCOrderbook.closedMarkets', '@local::contracts/RCOrderbook.sol::RCOrderbook.removeOldBids(address)::ReferenceVariable::REF_1159'), ('MS', 'contracts/RCOrderbook.sol', 'RCOrderbook.index', '$arg0][@local::contracts/RCOrderbook.sol::RCOrderbook.removeOldBids(address)::LocalVariable::_market_2][@local::contracts/RCOrderbook.sol::RCOrderbook.removeOldBids(address)::LocalVariable::i_2'), ('MS', 'contracts/RCOrderbook.sol', 'RCOrderbook.userClosedMarketIndex', '$arg0'), ('SV', 'contracts/RCOrderbook.sol', 'RCOrderbook.market')
 reader witnesses  -> 14
 storage exposures -> 1
[MV-SI candidate cb94a517d6202ab957b9] {marketBalance, totalDeposits, totalMarketPots}
 writer root       -> contracts/RCTreasury.sol::RCTreasury.topupMarketBalance(uint256)
 writer effect     -> contracts/RCTreasury.sol:461
 written member    -> ('SV', 'contracts/RCTreasury.sol', 'RCTreasury.marketBalance')
 potentially stale -> ('SV', 'contracts/RCTreasury.sol', 'RCTreasury.totalDeposits'), ('SV', 'contracts/RCTreasury.sol', 'RCTreasury.totalMarketPots')
 reader witnesses  -> 17
 storage exposures -> 1
[MV-SI candidate cbab7db9c48942b09b31] {card, minimumPriceIncreasePercent}
 writer root       -> contracts/RCMarket.sol::RCMarket.exitAll()
 writer effect     -> contracts/RCMarket.sol:1049
 written member    -> ('SV', 'contracts/RCMarket.sol', 'RCMarket.card')
 potentially stale -> ('SV', 'contracts/RCMarket.sol', 'RCMarket.minimumPriceIncreasePercent')
 reader witnesses  -> 2
 storage exposures -> 1
[MV-SI candidate ccd5319877ab389341e1] {index[@local::contracts/RCOrderbook.sol::RCOrderbook.closeMarket()::LocalVariable::_market_1][@local::contracts/RCOrderbook.sol::RCOrderbook.closeMarket()::LocalVariable::_market_1][@local::contracts/RCOrderbook.sol::RCOrderbook.closeMarket()::LocalVariable::i_2], user}
 writer root       -> contracts/RCOrderbook.sol::RCOrderbook.addBidToOrderbook(address,uint256,uint256,uint256,address)
 writer effect     -> contracts/RCOrderbook.sol:404
 written member    -> ('SV', 'contracts/RCOrderbook.sol', 'RCOrderbook.user')
 potentially stale -> ('MS', 'contracts/RCOrderbook.sol', 'RCOrderbook.index', '@local::contracts/RCOrderbook.sol::RCOrderbook.closeMarket()::LocalVariable::_market_1][@local::contracts/RCOrderbook.sol::RCOrderbook.closeMarket()::LocalVariable::_market_1][@local::contracts/RCOrderbook.sol::RCOrderbook.closeMarket()::LocalVariable::i_2')
 reader witnesses  -> 1
 storage exposures -> 1
[MV-SI candidate cd85d7326737a1436575] {card, cardAffiliateCut}
 writer root       -> contracts/RCMarket.sol::RCMarket.transferCard(address,address,uint256,uint256,uint256)
 writer effect     -> contracts/RCMarket.sol:379
 written member    -> ('SV', 'contracts/RCMarket.sol', 'RCMarket.card')
 potentially stale -> ('SV', 'contracts/RCMarket.sol', 'RCMarket.cardAffiliateCut')
 reader witnesses  -> 3
 storage exposures -> 1
[MV-SI candidate cd87e52c862eccc989c9] {card, winningOutcome}
 writer root       -> contracts/RCMarket.sol::RCMarket.initialize(IRCMarket.Mode,uint32[],uint256,address,address,address[],address,string,uint256)
 writer effect     -> contracts/RCMarket.sol:228
 written member    -> ('SV', 'contracts/RCMarket.sol', 'RCMarket.winningOutcome')
 potentially stale -> ('SV', 'contracts/RCMarket.sol', 'RCMarket.card')
 reader witnesses  -> 344
 storage exposures -> 1
[MV-SI candidate cdac32c94f851bbb130b] {closedMarkets[@local::contracts/RCOrderbook.sol::RCOrderbook.removeOldBids(address)::ReferenceVariable::REF_1159], index[$arg0][@local::contracts/RCOrderbook.sol::RCOrderbook.removeOldBids(address)::LocalVariable::_market_2][@local::contracts/RCOrderbook.sol::RCOrderbook.removeOldBids(address)::LocalVariable::i_2], market, user, userClosedMarketIndex[$arg0]}
 writer root       -> contracts/RCOrderbook.sol::RCOrderbook.addBidToOrderbook(address,uint256,uint256,uint256,address)
 writer effect     -> contracts/RCOrderbook.sol:360
 written member    -> ('SV', 'contracts/RCOrderbook.sol', 'RCOrderbook.user')
 potentially stale -> ('MS', 'contracts/RCOrderbook.sol', 'RCOrderbook.closedMarkets', '@local::contracts/RCOrderbook.sol::RCOrderbook.removeOldBids(address)::ReferenceVariable::REF_1159'), ('MS', 'contracts/RCOrderbook.sol', 'RCOrderbook.index', '$arg0][@local::contracts/RCOrderbook.sol::RCOrderbook.removeOldBids(address)::LocalVariable::_market_2][@local::contracts/RCOrderbook.sol::RCOrderbook.removeOldBids(address)::LocalVariable::i_2'), ('MS', 'contracts/RCOrderbook.sol', 'RCOrderbook.userClosedMarketIndex', '$arg0'), ('SV', 'contracts/RCOrderbook.sol', 'RCOrderbook.market')
 reader witnesses  -> 14
 storage exposures -> 1
[MV-SI candidate cdb01833a66d2bae6d49] {card, minimumPriceIncreasePercent}
 writer root       -> contracts/RCMarket.sol::RCMarket.exit(uint256)
 writer effect     -> contracts/RCMarket.sol:1081
 written member    -> ('SV', 'contracts/RCMarket.sol', 'RCMarket.card')
 potentially stale -> ('SV', 'contracts/RCMarket.sol', 'RCMarket.minimumPriceIncreasePercent')
 reader witnesses  -> 2
 storage exposures -> 1
[MV-SI candidate ce22b3f68525be981b0c] {cleaningLoops, user}
 writer root       -> contracts/RCOrderbook.sol::RCOrderbook.addBidToOrderbook(address,uint256,uint256,uint256,address)
 writer effect     -> contracts/RCOrderbook.sol:429
 written member    -> ('SV', 'contracts/RCOrderbook.sol', 'RCOrderbook.user')
 potentially stale -> ('SV', 'contracts/RCOrderbook.sol', 'RCOrderbook.cleaningLoops')
 reader witnesses  -> 2
 storage exposures -> 1
[MV-SI candidate ce7d0d3eeb4ab612fd70] {card, cardAffiliateCut}
 writer root       -> contracts/RCMarket.sol::RCMarket.exitAll()
 writer effect     -> contracts/RCMarket.sol:1081
 written member    -> ('SV', 'contracts/RCMarket.sol', 'RCMarket.card')
 potentially stale -> ('SV', 'contracts/RCMarket.sol', 'RCMarket.cardAffiliateCut')
 reader witnesses  -> 3
 storage exposures -> 1
[MV-SI candidate ceab240fd0e0b1edd87b] {index[$arg4][@local::contracts/RCOrderbook.sol::RCOrderbook.addBidToOrderbook(address,uint256,uint256,uint256,address)::LocalVariable::_market_1][$arg1], user}
 writer root       -> contracts/RCOrderbook.sol::RCOrderbook.addBidToOrderbook(address,uint256,uint256,uint256,address)
 writer effect     -> contracts/RCOrderbook.sol:797
 written member    -> ('SV', 'contracts/RCOrderbook.sol', 'RCOrderbook.user')
 potentially stale -> ('MS', 'contracts/RCOrderbook.sol', 'RCOrderbook.index', '$arg4][@local::contracts/RCOrderbook.sol::RCOrderbook.addBidToOrderbook(address,uint256,uint256,uint256,address)::LocalVariable::_market_1][$arg1')
 reader witnesses  -> 6
 storage exposures -> 1
[MV-SI candidate cfb4dcdd96309fd7f947] {card, marketLockingTime}
 writer root       -> contracts/RCMarket.sol::RCMarket.lockMarket()
 writer effect     -> contracts/RCMarket.sol:1073
 written member    -> ('SV', 'contracts/RCMarket.sol', 'RCMarket.card')
 potentially stale -> ('SV', 'contracts/RCMarket.sol', 'RCMarket.marketLockingTime')
 reader witnesses  -> 30
 storage exposures -> 1
[MV-SI candidate cff7ffacb4922ea47297] {affiliateCut, artistCut, cardAffiliateCut, card[@local::contracts/RCMarket.sol::RCMarket._payoutWinnings()::TemporaryVariable::TMP_1488], creatorCut, rentCollectedPerUserPerCard[@local::contracts/RCMarket.sol::RCMarket._payoutWinnings()::TemporaryVariable::TMP_1483][@state::contracts/RCMarket.sol::RCMarket.winningOutcome], totalRentCollected, winnerCut, winningOutcome}
 writer root       -> contracts/RCMarket.sol::RCMarket.setAmicableResolution(uint256)
 writer effect     -> contracts/RCMarket.sol:518
 written member    -> ('SV', 'contracts/RCMarket.sol', 'RCMarket.winningOutcome')
 potentially stale -> ('MS', 'contracts/RCMarket.sol', 'RCMarket.card', '@local::contracts/RCMarket.sol::RCMarket._payoutWinnings()::TemporaryVariable::TMP_1488'), ('MS', 'contracts/RCMarket.sol', 'RCMarket.rentCollectedPerUserPerCard', '@local::contracts/RCMarket.sol::RCMarket._payoutWinnings()::TemporaryVariable::TMP_1483][@state::contracts/RCMarket.sol::RCMarket.winningOutcome'), ('SV', 'contracts/RCMarket.sol', 'RCMarket.affiliateCut'), ('SV', 'contracts/RCMarket.sol', 'RCMarket.artistCut'), ('SV', 'contracts/RCMarket.sol', 'RCMarket.cardAffiliateCut'), ('SV', 'contracts/RCMarket.sol', 'RCMarket.creatorCut'), ('SV', 'contracts/RCMarket.sol', 'RCMarket.totalRentCollected'), ('SV', 'contracts/RCMarket.sol', 'RCMarket.winnerCut')
 reader witnesses  -> 22
 storage exposures -> 1
[MV-SI candidate d05733b2e697f027a468] {maxDeletions, user}
 writer root       -> contracts/RCOrderbook.sol::RCOrderbook.closeMarket()
 writer effect     -> contracts/RCOrderbook.sol:647
 written member    -> ('SV', 'contracts/RCOrderbook.sol', 'RCOrderbook.user')
 potentially stale -> ('SV', 'contracts/RCOrderbook.sol', 'RCOrderbook.maxDeletions')
 reader witnesses  -> 10
 storage exposures -> 1
[MV-SI candidate d067e4f845456800d66d] {index[$arg4][@local::contracts/RCOrderbook.sol::RCOrderbook.addBidToOrderbook(address,uint256,uint256,uint256,address)::LocalVariable::_market_1][$arg1], user}
 writer root       -> contracts/RCOrderbook.sol::RCOrderbook.addBidToOrderbook(address,uint256,uint256,uint256,address)
 writer effect     -> contracts/RCOrderbook.sol:806
 written member    -> ('SV', 'contracts/RCOrderbook.sol', 'RCOrderbook.user')
 potentially stale -> ('MS', 'contracts/RCOrderbook.sol', 'RCOrderbook.index', '$arg4][@local::contracts/RCOrderbook.sol::RCOrderbook.addBidToOrderbook(address,uint256,uint256,uint256,address)::LocalVariable::_market_1][$arg1')
 reader witnesses  -> 6
 storage exposures -> 1
[MV-SI candidate d071193539019cbeeaa8] {index[@local::contracts/RCOrderbook.sol::RCOrderbook.closeMarket()::LocalVariable::_market_1][@local::contracts/RCOrderbook.sol::RCOrderbook.closeMarket()::LocalVariable::_market_1][@local::contracts/RCOrderbook.sol::RCOrderbook.closeMarket()::LocalVariable::i_2], user}
 writer root       -> contracts/RCOrderbook.sol::RCOrderbook.removeOldBids(address)
 writer effect     -> contracts/RCOrderbook.sol:736
 written member    -> ('SV', 'contracts/RCOrderbook.sol', 'RCOrderbook.user')
 potentially stale -> ('MS', 'contracts/RCOrderbook.sol', 'RCOrderbook.index', '@local::contracts/RCOrderbook.sol::RCOrderbook.closeMarket()::LocalVariable::_market_1][@local::contracts/RCOrderbook.sol::RCOrderbook.closeMarket()::LocalVariable::_market_1][@local::contracts/RCOrderbook.sol::RCOrderbook.closeMarket()::LocalVariable::i_2')
 reader witnesses  -> 1
 storage exposures -> 1
[MV-SI candidate d083fc59acf5adfa79d7] {cleaningLoops, user}
 writer root       -> contracts/RCOrderbook.sol::RCOrderbook.removeBidFromOrderbook(address,uint256)
 writer effect     -> contracts/RCOrderbook.sol:516
 written member    -> ('SV', 'contracts/RCOrderbook.sol', 'RCOrderbook.user')
 potentially stale -> ('SV', 'contracts/RCOrderbook.sol', 'RCOrderbook.cleaningLoops')
 reader witnesses  -> 2
 storage exposures -> 1
[MV-SI candidate d08da36bd21382f71241] {card, minimumPriceIncreasePercent}
 writer root       -> contracts/RCMarket.sol::RCMarket.getWinnerFromOracle()
 writer effect     -> contracts/RCMarket.sol:1073
 written member    -> ('SV', 'contracts/RCMarket.sol', 'RCMarket.card')
 potentially stale -> ('SV', 'contracts/RCMarket.sol', 'RCMarket.minimumPriceIncreasePercent')
 reader witnesses  -> 2
 storage exposures -> 1
[MV-SI candidate d0a47aa12e8ab9f918dc] {closedMarkets[@local::contracts/RCOrderbook.sol::RCOrderbook.removeOldBids(address)::ReferenceVariable::REF_1159], index[$arg0][@local::contracts/RCOrderbook.sol::RCOrderbook.removeOldBids(address)::LocalVariable::_market_2][@local::contracts/RCOrderbook.sol::RCOrderbook.removeOldBids(address)::LocalVariable::i_2], market, user, userClosedMarketIndex[$arg0]}
 writer root       -> contracts/RCOrderbook.sol::RCOrderbook.addBidToOrderbook(address,uint256,uint256,uint256,address)
 writer effect     -> contracts/RCOrderbook.sol:776
 written member    -> ('SV', 'contracts/RCOrderbook.sol', 'RCOrderbook.user')
 potentially stale -> ('MS', 'contracts/RCOrderbook.sol', 'RCOrderbook.closedMarkets', '@local::contracts/RCOrderbook.sol::RCOrderbook.removeOldBids(address)::ReferenceVariable::REF_1159'), ('MS', 'contracts/RCOrderbook.sol', 'RCOrderbook.index', '$arg0][@local::contracts/RCOrderbook.sol::RCOrderbook.removeOldBids(address)::LocalVariable::_market_2][@local::contracts/RCOrderbook.sol::RCOrderbook.removeOldBids(address)::LocalVariable::i_2'), ('MS', 'contracts/RCOrderbook.sol', 'RCOrderbook.userClosedMarketIndex', '$arg0'), ('SV', 'contracts/RCOrderbook.sol', 'RCOrderbook.market')
 reader witnesses  -> 14
 storage exposures -> 1
[MV-SI candidate d107b6c21c13dd436d92] {index[@local::contracts/RCOrderbook.sol::RCOrderbook.cleanWastePile()::LocalVariable::_user_1][@local::contracts/RCOrderbook.sol::RCOrderbook.cleanWastePile()::LocalVariable::_market_1][@local::contracts/RCOrderbook.sol::RCOrderbook.cleanWastePile()::LocalVariable::_card_1], user}
 writer root       -> contracts/RCOrderbook.sol::RCOrderbook.removeUserFromOrderbook(address)
 writer effect     -> contracts/RCOrderbook.sol:536
 written member    -> ('SV', 'contracts/RCOrderbook.sol', 'RCOrderbook.user')
 potentially stale -> ('MS', 'contracts/RCOrderbook.sol', 'RCOrderbook.index', '@local::contracts/RCOrderbook.sol::RCOrderbook.cleanWastePile()::LocalVariable::_user_1][@local::contracts/RCOrderbook.sol::RCOrderbook.cleanWastePile()::LocalVariable::_market_1][@local::contracts/RCOrderbook.sol::RCOrderbook.cleanWastePile()::LocalVariable::_card_1')
 reader witnesses  -> 4
 storage exposures -> 1
[MV-SI candidate d1499e5a07fd5d693853] {leaderboard, leaderboardIndex[@local::contracts/RCLeaderboard.sol::RCLeaderboard.updateLeaderboard(address,uint256,uint256)::LocalVariable::_market_1][@local::contracts/RCLeaderboard.sol::RCLeaderboard.updateLeaderboard(address,uint256,uint256)::LocalVariable::_market_1][$arg1], leaderboardIndex[@local::contracts/RCLeaderboard.sol::RCLeaderboard.updateLeaderboard(address,uint256,uint256)::LocalVariable::lastUserOnLeaderboard_1][@local::contracts/RCLeaderboard.sol::RCLeaderboard.updateLeaderboard(address,uint256,uint256)::LocalVariable::_market_1][$arg1]}
 writer root       -> contracts/RCLeaderboard.sol::RCLeaderboard.updateLeaderboard(address,uint256,uint256)
 writer effect     -> contracts/RCLeaderboard.sol:92
 written member    -> ('SV', 'contracts/RCLeaderboard.sol', 'RCLeaderboard.leaderboard')
 potentially stale -> ('MS', 'contracts/RCLeaderboard.sol', 'RCLeaderboard.leaderboardIndex', '@local::contracts/RCLeaderboard.sol::RCLeaderboard.updateLeaderboard(address,uint256,uint256)::LocalVariable::_market_1][@local::contracts/RCLeaderboard.sol::RCLeaderboard.updateLeaderboard(address,uint256,uint256)::LocalVariable::_market_1][$arg1'), ('MS', 'contracts/RCLeaderboard.sol', 'RCLeaderboard.leaderboardIndex', '@local::contracts/RCLeaderboard.sol::RCLeaderboard.updateLeaderboard(address,uint256,uint256)::LocalVariable::lastUserOnLeaderboard_1][@local::contracts/RCLeaderboard.sol::RCLeaderboard.updateLeaderboard(address,uint256,uint256)::LocalVariable::_market_1][$arg1')
 reader witnesses  -> 3
 storage exposures -> 1
[MV-SI candidate d1523133b2191b2b6edd] {card, cardAffiliateCut}
 writer root       -> contracts/RCMarket.sol::RCMarket.exitAll()
 writer effect     -> contracts/RCMarket.sol:1087
 written member    -> ('SV', 'contracts/RCMarket.sol', 'RCMarket.card')
 potentially stale -> ('SV', 'contracts/RCMarket.sol', 'RCMarket.cardAffiliateCut')
 reader witnesses  -> 3
 storage exposures -> 1
[MV-SI candidate d2121a8069b4eed8536d] {card, marketLockingTime}
 writer root       -> contracts/RCMarket.sol::RCMarket.lockMarket()
 writer effect     -> contracts/RCMarket.sol:1081
 written member    -> ('SV', 'contracts/RCMarket.sol', 'RCMarket.card')
 potentially stale -> ('SV', 'contracts/RCMarket.sol', 'RCMarket.marketLockingTime')
 reader witnesses  -> 30
 storage exposures -> 1
[MV-SI candidate d23f56ddeab86ffa193e] {index[@local::contracts/RCOrderbook.sol::RCOrderbook.closeMarket()::LocalVariable::_market_1][@local::contracts/RCOrderbook.sol::RCOrderbook.closeMarket()::LocalVariable::_market_1][@local::contracts/RCOrderbook.sol::RCOrderbook.closeMarket()::LocalVariable::i_2], user}
 writer root       -> contracts/RCOrderbook.sol::RCOrderbook.cleanWastePile()
 writer effect     -> contracts/RCOrderbook.sol:797
 written member    -> ('SV', 'contracts/RCOrderbook.sol', 'RCOrderbook.user')
 potentially stale -> ('MS', 'contracts/RCOrderbook.sol', 'RCOrderbook.index', '@local::contracts/RCOrderbook.sol::RCOrderbook.closeMarket()::LocalVariable::_market_1][@local::contracts/RCOrderbook.sol::RCOrderbook.closeMarket()::LocalVariable::_market_1][@local::contracts/RCOrderbook.sol::RCOrderbook.closeMarket()::LocalVariable::i_2')
 reader witnesses  -> 1
 storage exposures -> 1
[MV-SI candidate d34b12171dd7de689e73] {index[$arg4][@local::contracts/RCOrderbook.sol::RCOrderbook.addBidToOrderbook(address,uint256,uint256,uint256,address)::LocalVariable::_market_1][$arg1], user}
 writer root       -> contracts/RCOrderbook.sol::RCOrderbook.addBidToOrderbook(address,uint256,uint256,uint256,address)
 writer effect     -> contracts/RCOrderbook.sol:830
 written member    -> ('SV', 'contracts/RCOrderbook.sol', 'RCOrderbook.user')
 potentially stale -> ('MS', 'contracts/RCOrderbook.sol', 'RCOrderbook.index', '$arg4][@local::contracts/RCOrderbook.sol::RCOrderbook.addBidToOrderbook(address,uint256,uint256,uint256,address)::LocalVariable::_market_1][$arg1')
 reader witnesses  -> 18
 storage exposures -> 1
[MV-SI candidate d3c26e5370dbbca25d7d] {card, marketLockingTime}
 writer root       -> contracts/RCMarket.sol::RCMarket.transferCard(address,address,uint256,uint256,uint256)
 writer effect     -> contracts/RCMarket.sol:379
 written member    -> ('SV', 'contracts/RCMarket.sol', 'RCMarket.card')
 potentially stale -> ('SV', 'contracts/RCMarket.sol', 'RCMarket.marketLockingTime')
 reader witnesses  -> 30
 storage exposures -> 1
[MV-SI candidate d3daef6d2ada02c5034d] {index[$arg4][@local::contracts/RCOrderbook.sol::RCOrderbook.addBidToOrderbook(address,uint256,uint256,uint256,address)::LocalVariable::_market_1][$arg1], user}
 writer root       -> contracts/RCOrderbook.sol::RCOrderbook.removeBidFromOrderbook(address,uint256)
 writer effect     -> contracts/RCOrderbook.sol:536
 written member    -> ('SV', 'contracts/RCOrderbook.sol', 'RCOrderbook.user')
 potentially stale -> ('MS', 'contracts/RCOrderbook.sol', 'RCOrderbook.index', '$arg4][@local::contracts/RCOrderbook.sol::RCOrderbook.addBidToOrderbook(address,uint256,uint256,uint256,address)::LocalVariable::_market_1][$arg1')
 reader witnesses  -> 6
 storage exposures -> 1
[MV-SI candidate d46b4e6ea1302e849595] {marketBalance, totalDeposits, totalMarketPots}
 writer root       -> contracts/RCTreasury.sol::RCTreasury.collectRentUser(address,uint256)
 writer effect     -> contracts/RCTreasury.sol:860
 written member    -> ('SV', 'contracts/RCTreasury.sol', 'RCTreasury.totalDeposits')
 potentially stale -> ('SV', 'contracts/RCTreasury.sol', 'RCTreasury.marketBalance'), ('SV', 'contracts/RCTreasury.sol', 'RCTreasury.totalMarketPots')
 reader witnesses  -> 19
 storage exposures -> 1
[MV-SI candidate d483685477c8f00c9e6d] {card, winnerCut, winningOutcome}
 writer root       -> contracts/RCMarket.sol::RCMarket.lockMarket()
 writer effect     -> contracts/RCMarket.sol:1074
 written member    -> ('SV', 'contracts/RCMarket.sol', 'RCMarket.card')
 potentially stale -> ('SV', 'contracts/RCMarket.sol', 'RCMarket.winnerCut'), ('SV', 'contracts/RCMarket.sol', 'RCMarket.winningOutcome')
 reader witnesses  -> 9
 storage exposures -> 1
[MV-SI candidate d4c0fad2f6414c09429a] {cleaningLoops, user}
 writer root       -> contracts/RCOrderbook.sol::RCOrderbook.closeMarket()
 writer effect     -> contracts/RCOrderbook.sol:667
 written member    -> ('SV', 'contracts/RCOrderbook.sol', 'RCOrderbook.user')
 potentially stale -> ('SV', 'contracts/RCOrderbook.sol', 'RCOrderbook.cleaningLoops')
 reader witnesses  -> 2
 storage exposures -> 1
[MV-SI candidate d4cc814942bf0bdde8de] {cleaningLoops, user}
 writer root       -> contracts/RCOrderbook.sol::RCOrderbook.addBidToOrderbook(address,uint256,uint256,uint256,address)
 writer effect     -> contracts/RCOrderbook.sol:361
 written member    -> ('SV', 'contracts/RCOrderbook.sol', 'RCOrderbook.user')
 potentially stale -> ('SV', 'contracts/RCOrderbook.sol', 'RCOrderbook.cleaningLoops')
 reader witnesses  -> 2
 storage exposures -> 1
[MV-SI candidate d5270948eb46226a5600] {marketBalance, marketBalanceTopup}
 writer root       -> contracts/RCTreasury.sol::RCTreasury.collectRentUser(address,uint256)
 writer effect     -> contracts/RCTreasury.sol:858
 written member    -> ('SV', 'contracts/RCTreasury.sol', 'RCTreasury.marketBalance')
 potentially stale -> ('SV', 'contracts/RCTreasury.sol', 'RCTreasury.marketBalanceTopup')
 reader witnesses  -> 3
 storage exposures -> 1
[MV-SI candidate d569cc9975ee6e18ed9a] {card, cardAffiliateCut}
 writer root       -> contracts/RCMarket.sol::RCMarket.exitAll()
 writer effect     -> contracts/RCMarket.sol:1074
 written member    -> ('SV', 'contracts/RCMarket.sol', 'RCMarket.card')
 potentially stale -> ('SV', 'contracts/RCMarket.sol', 'RCMarket.cardAffiliateCut')
 reader witnesses  -> 3
 storage exposures -> 1
[MV-SI candidate d5b46fb716a7da5e1a33] {cleaningLoops, user}
 writer root       -> contracts/RCOrderbook.sol::RCOrderbook.findNewOwner(uint256,uint256)
 writer effect     -> contracts/RCOrderbook.sol:830
 written member    -> ('SV', 'contracts/RCOrderbook.sol', 'RCOrderbook.user')
 potentially stale -> ('SV', 'contracts/RCOrderbook.sol', 'RCOrderbook.cleaningLoops')
 reader witnesses  -> 2
 storage exposures -> 1
[MV-SI candidate d61f8fc873e6be6cb7e1] {closedMarkets[@local::contracts/RCOrderbook.sol::RCOrderbook.removeOldBids(address)::ReferenceVariable::REF_1159], index[$arg0][@local::contracts/RCOrderbook.sol::RCOrderbook.removeOldBids(address)::LocalVariable::_market_2][@local::contracts/RCOrderbook.sol::RCOrderbook.removeOldBids(address)::LocalVariable::i_2], market, user, userClosedMarketIndex[$arg0]}
 writer root       -> contracts/RCOrderbook.sol::RCOrderbook.removeBidFromOrderbook(address,uint256)
 writer effect     -> contracts/RCOrderbook.sol:517
 written member    -> ('SV', 'contracts/RCOrderbook.sol', 'RCOrderbook.user')
 potentially stale -> ('MS', 'contracts/RCOrderbook.sol', 'RCOrderbook.closedMarkets', '@local::contracts/RCOrderbook.sol::RCOrderbook.removeOldBids(address)::ReferenceVariable::REF_1159'), ('MS', 'contracts/RCOrderbook.sol', 'RCOrderbook.index', '$arg0][@local::contracts/RCOrderbook.sol::RCOrderbook.removeOldBids(address)::LocalVariable::_market_2][@local::contracts/RCOrderbook.sol::RCOrderbook.removeOldBids(address)::LocalVariable::i_2'), ('MS', 'contracts/RCOrderbook.sol', 'RCOrderbook.userClosedMarketIndex', '$arg0'), ('SV', 'contracts/RCOrderbook.sol', 'RCOrderbook.market')
 reader witnesses  -> 14
 storage exposures -> 1
[MV-SI candidate d620a2a72485692e327d] {card, winnerCut, winningOutcome}
 writer root       -> contracts/RCMarket.sol::RCMarket.collectRent(uint256)
 writer effect     -> contracts/RCMarket.sol:1073
 written member    -> ('SV', 'contracts/RCMarket.sol', 'RCMarket.card')
 potentially stale -> ('SV', 'contracts/RCMarket.sol', 'RCMarket.winnerCut'), ('SV', 'contracts/RCMarket.sol', 'RCMarket.winningOutcome')
 reader witnesses  -> 9
 storage exposures -> 1
[MV-SI candidate d620f9417f35629ae270] {index[@local::contracts/RCOrderbook.sol::RCOrderbook.closeMarket()::LocalVariable::_market_1][@local::contracts/RCOrderbook.sol::RCOrderbook.closeMarket()::LocalVariable::_market_1][@local::contracts/RCOrderbook.sol::RCOrderbook.closeMarket()::LocalVariable::i_2], user}
 writer root       -> contracts/RCOrderbook.sol::RCOrderbook.findNewOwner(uint256,uint256)
 writer effect     -> contracts/RCOrderbook.sol:830
 written member    -> ('SV', 'contracts/RCOrderbook.sol', 'RCOrderbook.user')
 potentially stale -> ('MS', 'contracts/RCOrderbook.sol', 'RCOrderbook.index', '@local::contracts/RCOrderbook.sol::RCOrderbook.closeMarket()::LocalVariable::_market_1][@local::contracts/RCOrderbook.sol::RCOrderbook.closeMarket()::LocalVariable::_market_1][@local::contracts/RCOrderbook.sol::RCOrderbook.closeMarket()::LocalVariable::i_2')
 reader witnesses  -> 1
 storage exposures -> 1
[MV-SI candidate d697c4bc96d95f683013] {cleaningLoops, user}
 writer root       -> contracts/RCOrderbook.sol::RCOrderbook.closeMarket()
 writer effect     -> contracts/RCOrderbook.sol:666
 written member    -> ('SV', 'contracts/RCOrderbook.sol', 'RCOrderbook.user')
 potentially stale -> ('SV', 'contracts/RCOrderbook.sol', 'RCOrderbook.cleaningLoops')
 reader witnesses  -> 2
 storage exposures -> 1
[MV-SI candidate d6f7c2b9f2670f34d0e3] {maxDeletions, user}
 writer root       -> contracts/RCOrderbook.sol::RCOrderbook.addBidToOrderbook(address,uint256,uint256,uint256,address)
 writer effect     -> contracts/RCOrderbook.sol:792
 written member    -> ('SV', 'contracts/RCOrderbook.sol', 'RCOrderbook.user')
 potentially stale -> ('SV', 'contracts/RCOrderbook.sol', 'RCOrderbook.maxDeletions')
 reader witnesses  -> 10
 storage exposures -> 1
[MV-SI candidate d740eedb8fcd74d23ea5] {card, minimumPriceIncreasePercent}
 writer root       -> contracts/RCMarket.sol::RCMarket.rentAllCards(uint256)
 writer effect     -> contracts/RCMarket.sol:1074
 written member    -> ('SV', 'contracts/RCMarket.sol', 'RCMarket.card')
 potentially stale -> ('SV', 'contracts/RCMarket.sol', 'RCMarket.minimumPriceIncreasePercent')
 reader witnesses  -> 4
 storage exposures -> 1
[MV-SI candidate d76c1b950a758c0868bd] {card, winningOutcome}
 writer root       -> contracts/RCMarket.sol::RCMarket.updateTimeHeldLimit(uint256,uint256)
 writer effect     -> contracts/RCMarket.sol:1081
 written member    -> ('SV', 'contracts/RCMarket.sol', 'RCMarket.card')
 potentially stale -> ('SV', 'contracts/RCMarket.sol', 'RCMarket.winningOutcome')
 reader witnesses  -> 14
 storage exposures -> 1
[MV-SI candidate d77a0d5e47c89c9289b9] {index[@local::contracts/RCOrderbook.sol::RCOrderbook.cleanWastePile()::LocalVariable::_user_1][@local::contracts/RCOrderbook.sol::RCOrderbook.cleanWastePile()::LocalVariable::_market_1][@local::contracts/RCOrderbook.sol::RCOrderbook.cleanWastePile()::LocalVariable::_card_1], user}
 writer root       -> contracts/RCOrderbook.sol::RCOrderbook.closeMarket()
 writer effect     -> contracts/RCOrderbook.sol:667
 written member    -> ('SV', 'contracts/RCOrderbook.sol', 'RCOrderbook.user')
 potentially stale -> ('MS', 'contracts/RCOrderbook.sol', 'RCOrderbook.index', '@local::contracts/RCOrderbook.sol::RCOrderbook.cleanWastePile()::LocalVariable::_user_1][@local::contracts/RCOrderbook.sol::RCOrderbook.cleanWastePile()::LocalVariable::_market_1][@local::contracts/RCOrderbook.sol::RCOrderbook.cleanWastePile()::LocalVariable::_card_1')
 reader witnesses  -> 4
 storage exposures -> 1
[MV-SI candidate d7945cdac432afda6a78] {cleaningLoops, user}
 writer root       -> contracts/RCOrderbook.sol::RCOrderbook.addBidToOrderbook(address,uint256,uint256,uint256,address)
 writer effect     -> contracts/RCOrderbook.sol:792
 written member    -> ('SV', 'contracts/RCOrderbook.sol', 'RCOrderbook.user')
 potentially stale -> ('SV', 'contracts/RCOrderbook.sol', 'RCOrderbook.cleaningLoops')
 reader witnesses  -> 2
 storage exposures -> 1
[MV-SI candidate d79d229ad53707742078] {index[@local::contracts/RCOrderbook.sol::RCOrderbook.closeMarket()::LocalVariable::_market_1][@local::contracts/RCOrderbook.sol::RCOrderbook.closeMarket()::LocalVariable::_market_1][@local::contracts/RCOrderbook.sol::RCOrderbook.closeMarket()::LocalVariable::i_2], user}
 writer root       -> contracts/RCOrderbook.sol::RCOrderbook.addBidToOrderbook(address,uint256,uint256,uint256,address)
 writer effect     -> contracts/RCOrderbook.sol:240
 written member    -> ('SV', 'contracts/RCOrderbook.sol', 'RCOrderbook.user')
 potentially stale -> ('MS', 'contracts/RCOrderbook.sol', 'RCOrderbook.index', '@local::contracts/RCOrderbook.sol::RCOrderbook.closeMarket()::LocalVariable::_market_1][@local::contracts/RCOrderbook.sol::RCOrderbook.closeMarket()::LocalVariable::_market_1][@local::contracts/RCOrderbook.sol::RCOrderbook.closeMarket()::LocalVariable::i_2')
 reader witnesses  -> 1
 storage exposures -> 1
[MV-SI candidate d843263b50891dae10e1] {card, minimumPriceIncreasePercent}
 writer root       -> contracts/RCMarket.sol::RCMarket.exitAll()
 writer effect     -> contracts/RCMarket.sol:1087
 written member    -> ('SV', 'contracts/RCMarket.sol', 'RCMarket.card')
 potentially stale -> ('SV', 'contracts/RCMarket.sol', 'RCMarket.minimumPriceIncreasePercent')
 reader witnesses  -> 2
 storage exposures -> 1
[MV-SI candidate d8ae2040b51abca1eccc] {marketCloseLimit, user}
 writer root       -> contracts/RCOrderbook.sol::RCOrderbook.removeUserFromOrderbook(address)
 writer effect     -> contracts/RCOrderbook.sol:632
 written member    -> ('SV', 'contracts/RCOrderbook.sol', 'RCOrderbook.user')
 potentially stale -> ('SV', 'contracts/RCOrderbook.sol', 'RCOrderbook.marketCloseLimit')
 reader witnesses  -> 4
 storage exposures -> 1
[MV-SI candidate d8efca5c1369558ed665] {card, marketLockingTime}
 writer root       -> contracts/RCMarket.sol::RCMarket.updateTimeHeldLimit(uint256,uint256)
 writer effect     -> contracts/RCMarket.sol:1073
 written member    -> ('SV', 'contracts/RCMarket.sol', 'RCMarket.card')
 potentially stale -> ('SV', 'contracts/RCMarket.sol', 'RCMarket.marketLockingTime')
 reader witnesses  -> 30
 storage exposures -> 1
[MV-SI candidate d902857bf7b8fa63c05d] {cleaningLoops, user}
 writer root       -> contracts/RCOrderbook.sol::RCOrderbook.addBidToOrderbook(address,uint256,uint256,uint256,address)
 writer effect     -> contracts/RCOrderbook.sol:212
 written member    -> ('SV', 'contracts/RCOrderbook.sol', 'RCOrderbook.user')
 potentially stale -> ('SV', 'contracts/RCOrderbook.sol', 'RCOrderbook.cleaningLoops')
 reader witnesses  -> 2
 storage exposures -> 1
[MV-SI candidate d9a735a5514c413e23d1] {minRentalDayDivisor, user}
 writer root       -> contracts/RCTreasury.sol::RCTreasury.deposit(uint256,address)
 writer effect     -> contracts/RCTreasury.sol:390
 written member    -> ('SV', 'contracts/RCTreasury.sol', 'RCTreasury.user')
 potentially stale -> ('SV', 'contracts/RCTreasury.sol', 'RCTreasury.minRentalDayDivisor')
 reader witnesses  -> 18
 storage exposures -> 1
[MV-SI candidate daddd8966222e1265436] {marketCloseLimit, user}
 writer root       -> contracts/RCOrderbook.sol::RCOrderbook.closeMarket()
 writer effect     -> contracts/RCOrderbook.sol:666
 written member    -> ('SV', 'contracts/RCOrderbook.sol', 'RCOrderbook.user')
 potentially stale -> ('SV', 'contracts/RCOrderbook.sol', 'RCOrderbook.marketCloseLimit')
 reader witnesses  -> 4
 storage exposures -> 1
[MV-SI candidate db0e78f4a3571fae6dc4] {marketCloseLimit, user}
 writer root       -> contracts/RCOrderbook.sol::RCOrderbook.setMarketCloseLimit(uint256)
 writer effect     -> contracts/RCOrderbook.sol:182
 written member    -> ('SV', 'contracts/RCOrderbook.sol', 'RCOrderbook.marketCloseLimit')
 potentially stale -> ('SV', 'contracts/RCOrderbook.sol', 'RCOrderbook.user')
 reader witnesses  -> 226
 storage exposures -> 1
[MV-SI candidate db2896d10a18d4901d6f] {card, marketLockingTime}
 writer root       -> contracts/RCMarket.sol::RCMarket.updateTimeHeldLimit(uint256,uint256)
 writer effect     -> contracts/RCMarket.sol:829
 written member    -> ('SV', 'contracts/RCMarket.sol', 'RCMarket.card')
 potentially stale -> ('SV', 'contracts/RCMarket.sol', 'RCMarket.marketLockingTime')
 reader witnesses  -> 30
 storage exposures -> 1
[MV-SI candidate db417e22e6a6707c5b3c] {maxDeletions, user}
 writer root       -> contracts/RCOrderbook.sol::RCOrderbook.reduceTimeHeldLimit(address,uint256,uint256)
 writer effect     -> contracts/RCOrderbook.sol:910
 written member    -> ('SV', 'contracts/RCOrderbook.sol', 'RCOrderbook.user')
 potentially stale -> ('SV', 'contracts/RCOrderbook.sol', 'RCOrderbook.maxDeletions')
 reader witnesses  -> 10
 storage exposures -> 1
[MV-SI candidate dbfce42ed4fd03a4f159] {card, cardAffiliateCut}
 writer root       -> contracts/RCMarket.sol::RCMarket.transferCard(address,address,uint256,uint256,uint256)
 writer effect     -> contracts/RCMarket.sol:378
 written member    -> ('SV', 'contracts/RCMarket.sol', 'RCMarket.card')
 potentially stale -> ('SV', 'contracts/RCMarket.sol', 'RCMarket.cardAffiliateCut')
 reader witnesses  -> 3
 storage exposures -> 1
[MV-SI candidate dc679f933060408a581a] {card, minimumPriceIncreasePercent}
 writer root       -> contracts/RCMarket.sol::RCMarket.updateTimeHeldLimit(uint256,uint256)
 writer effect     -> contracts/RCMarket.sol:1087
 written member    -> ('SV', 'contracts/RCMarket.sol', 'RCMarket.card')
 potentially stale -> ('SV', 'contracts/RCMarket.sol', 'RCMarket.minimumPriceIncreasePercent')
 reader witnesses  -> 2
 storage exposures -> 1
[MV-SI candidate dc795a405c8572fb53ab] {card, minimumPriceIncreasePercent}
 writer root       -> contracts/RCMarket.sol::RCMarket.exitAll()
 writer effect     -> contracts/RCMarket.sol:1081
 written member    -> ('SV', 'contracts/RCMarket.sol', 'RCMarket.card')
 potentially stale -> ('SV', 'contracts/RCMarket.sol', 'RCMarket.minimumPriceIncreasePercent')
 reader witnesses  -> 2
 storage exposures -> 1
[MV-SI candidate dcb6330b87b216f561ac] {marketCloseLimit, user}
 writer root       -> contracts/RCOrderbook.sol::RCOrderbook.cleanWastePile()
 writer effect     -> contracts/RCOrderbook.sol:806
 written member    -> ('SV', 'contracts/RCOrderbook.sol', 'RCOrderbook.user')
 potentially stale -> ('SV', 'contracts/RCOrderbook.sol', 'RCOrderbook.marketCloseLimit')
 reader witnesses  -> 4
 storage exposures -> 1
[MV-SI candidate dcdb3d54e074d71bf044] {closedMarkets[@local::contracts/RCOrderbook.sol::RCOrderbook.removeOldBids(address)::ReferenceVariable::REF_1159], market, maxDeletions, userClosedMarketIndex[$arg0]}
 writer root       -> contracts/RCOrderbook.sol::RCOrderbook.addBidToOrderbook(address,uint256,uint256,uint256,address)
 writer effect     -> contracts/RCOrderbook.sol:242
 written member    -> ('MS', 'contracts/RCOrderbook.sol', 'RCOrderbook.userClosedMarketIndex', '$arg0')
 potentially stale -> ('MS', 'contracts/RCOrderbook.sol', 'RCOrderbook.closedMarkets', '@local::contracts/RCOrderbook.sol::RCOrderbook.removeOldBids(address)::ReferenceVariable::REF_1159'), ('SV', 'contracts/RCOrderbook.sol', 'RCOrderbook.market'), ('SV', 'contracts/RCOrderbook.sol', 'RCOrderbook.maxDeletions')
 reader witnesses  -> 9
 storage exposures -> 1
[MV-SI candidate dcf60120e00b6260c780] {card, minimumPriceIncreasePercent}
 writer root       -> contracts/RCMarket.sol::RCMarket.lockMarket()
 writer effect     -> contracts/RCMarket.sol:1074
 written member    -> ('SV', 'contracts/RCMarket.sol', 'RCMarket.card')
 potentially stale -> ('SV', 'contracts/RCMarket.sol', 'RCMarket.minimumPriceIncreasePercent')
 reader witnesses  -> 2
 storage exposures -> 1
[MV-SI candidate dd0852d2f7d7eff50abd] {card, winnerCut, winningOutcome}
 writer root       -> contracts/RCMarket.sol::RCMarket.newRental(uint256,uint256,address,uint256)
 writer effect     -> contracts/RCMarket.sol:1049
 written member    -> ('SV', 'contracts/RCMarket.sol', 'RCMarket.card')
 potentially stale -> ('SV', 'contracts/RCMarket.sol', 'RCMarket.winnerCut'), ('SV', 'contracts/RCMarket.sol', 'RCMarket.winningOutcome')
 reader witnesses  -> 18
 storage exposures -> 1
[MV-SI candidate dd332e4577abe44def62] {card, winningOutcome}
 writer root       -> contracts/RCMarket.sol::RCMarket.getWinnerFromOracle()
 writer effect     -> contracts/RCMarket.sol:1068
 written member    -> ('SV', 'contracts/RCMarket.sol', 'RCMarket.card')
 potentially stale -> ('SV', 'contracts/RCMarket.sol', 'RCMarket.winningOutcome')
 reader witnesses  -> 14
 storage exposures -> 1
[MV-SI candidate dd709cafce8a1174b289] {cleaningLoops, user}
 writer root       -> contracts/RCOrderbook.sol::RCOrderbook.cleanWastePile()
 writer effect     -> contracts/RCOrderbook.sol:797
 written member    -> ('SV', 'contracts/RCOrderbook.sol', 'RCOrderbook.user')
 potentially stale -> ('SV', 'contracts/RCOrderbook.sol', 'RCOrderbook.cleaningLoops')
 reader witnesses  -> 2
 storage exposures -> 1
[MV-SI candidate dd7b51a82d3218ce2395] {card, winnerCut, winningOutcome}
 writer root       -> contracts/RCMarket.sol::RCMarket.newRental(uint256,uint256,address,uint256)
 writer effect     -> contracts/RCMarket.sol:1068
 written member    -> ('SV', 'contracts/RCMarket.sol', 'RCMarket.card')
 potentially stale -> ('SV', 'contracts/RCMarket.sol', 'RCMarket.winnerCut'), ('SV', 'contracts/RCMarket.sol', 'RCMarket.winningOutcome')
 reader witnesses  -> 18
 storage exposures -> 1
[MV-SI candidate dda832c5e397158c16dd] {card, winningOutcome}
 writer root       -> contracts/RCMarket.sol::RCMarket.newRental(uint256,uint256,address,uint256)
 writer effect     -> contracts/RCMarket.sol:1049
 written member    -> ('SV', 'contracts/RCMarket.sol', 'RCMarket.card')
 potentially stale -> ('SV', 'contracts/RCMarket.sol', 'RCMarket.winningOutcome')
 reader witnesses  -> 28
 storage exposures -> 1
[MV-SI candidate de020ded96c37e899a59] {maxDeletions, user}
 writer root       -> contracts/RCOrderbook.sol::RCOrderbook.setTimeHeldlimit(address,uint256,uint256)
 writer effect     -> contracts/RCOrderbook.sol:830
 written member    -> ('SV', 'contracts/RCOrderbook.sol', 'RCOrderbook.user')
 potentially stale -> ('SV', 'contracts/RCOrderbook.sol', 'RCOrderbook.maxDeletions')
 reader witnesses  -> 10
 storage exposures -> 1
[MV-SI candidate de176ab229131fac0e88] {card, winningOutcome}
 writer root       -> contracts/RCMarket.sol::RCMarket.rentAllCards(uint256)
 writer effect     -> contracts/RCMarket.sol:1081
 written member    -> ('SV', 'contracts/RCMarket.sol', 'RCMarket.card')
 potentially stale -> ('SV', 'contracts/RCMarket.sol', 'RCMarket.winningOutcome')
 reader witnesses  -> 28
 storage exposures -> 1
[MV-SI candidate de29c958db60a17b65c4] {marketCloseLimit, user}
 writer root       -> contracts/RCOrderbook.sol::RCOrderbook.closeMarket()
 writer effect     -> contracts/RCOrderbook.sol:684
 written member    -> ('SV', 'contracts/RCOrderbook.sol', 'RCOrderbook.user')
 potentially stale -> ('SV', 'contracts/RCOrderbook.sol', 'RCOrderbook.marketCloseLimit')
 reader witnesses  -> 4
 storage exposures -> 1
[MV-SI candidate de343115bd871ffe99de] {index[@local::contracts/RCOrderbook.sol::RCOrderbook.cleanWastePile()::LocalVariable::_user_1][@local::contracts/RCOrderbook.sol::RCOrderbook.cleanWastePile()::LocalVariable::_market_1][@local::contracts/RCOrderbook.sol::RCOrderbook.cleanWastePile()::LocalVariable::_card_1], user}
 writer root       -> contracts/RCOrderbook.sol::RCOrderbook.addBidToOrderbook(address,uint256,uint256,uint256,address)
 writer effect     -> contracts/RCOrderbook.sol:426
 written member    -> ('SV', 'contracts/RCOrderbook.sol', 'RCOrderbook.user')
 potentially stale -> ('MS', 'contracts/RCOrderbook.sol', 'RCOrderbook.index', '@local::contracts/RCOrderbook.sol::RCOrderbook.cleanWastePile()::LocalVariable::_user_1][@local::contracts/RCOrderbook.sol::RCOrderbook.cleanWastePile()::LocalVariable::_market_1][@local::contracts/RCOrderbook.sol::RCOrderbook.cleanWastePile()::LocalVariable::_card_1')
 reader witnesses  -> 4
 storage exposures -> 1
[MV-SI candidate de3fdc4260a7fb6563e7] {index[@local::contracts/RCOrderbook.sol::RCOrderbook.cleanWastePile()::LocalVariable::_user_1][@local::contracts/RCOrderbook.sol::RCOrderbook.cleanWastePile()::LocalVariable::_market_1][@local::contracts/RCOrderbook.sol::RCOrderbook.cleanWastePile()::LocalVariable::_card_1], user}
 writer root       -> contracts/RCOrderbook.sol::RCOrderbook.addBidToOrderbook(address,uint256,uint256,uint256,address)
 writer effect     -> contracts/RCOrderbook.sol:240
 written member    -> ('SV', 'contracts/RCOrderbook.sol', 'RCOrderbook.user')
 potentially stale -> ('MS', 'contracts/RCOrderbook.sol', 'RCOrderbook.index', '@local::contracts/RCOrderbook.sol::RCOrderbook.cleanWastePile()::LocalVariable::_user_1][@local::contracts/RCOrderbook.sol::RCOrderbook.cleanWastePile()::LocalVariable::_market_1][@local::contracts/RCOrderbook.sol::RCOrderbook.cleanWastePile()::LocalVariable::_card_1')
 reader witnesses  -> 4
 storage exposures -> 1
[MV-SI candidate de48f1a75e195774d525] {card, winningOutcome}
 writer root       -> contracts/RCMarket.sol::RCMarket.getWinnerFromOracle()
 writer effect     -> contracts/RCMarket.sol:518
 written member    -> ('SV', 'contracts/RCMarket.sol', 'RCMarket.winningOutcome')
 potentially stale -> ('SV', 'contracts/RCMarket.sol', 'RCMarket.card')
 reader witnesses  -> 344
 storage exposures -> 1
[MV-SI candidate de5813f898e60bae725a] {card, winningOutcome}
 writer root       -> contracts/RCMarket.sol::RCMarket.lockMarket()
 writer effect     -> contracts/RCMarket.sol:1073
 written member    -> ('SV', 'contracts/RCMarket.sol', 'RCMarket.card')
 potentially stale -> ('SV', 'contracts/RCMarket.sol', 'RCMarket.winningOutcome')
 reader witnesses  -> 14
 storage exposures -> 1
[MV-SI candidate deadd28f56bcb7c98b50] {maxDeletions, user}
 writer root       -> contracts/RCOrderbook.sol::RCOrderbook.setDeletionLimit(uint256)
 writer effect     -> contracts/RCOrderbook.sol:158
 written member    -> ('SV', 'contracts/RCOrderbook.sol', 'RCOrderbook.maxDeletions')
 potentially stale -> ('SV', 'contracts/RCOrderbook.sol', 'RCOrderbook.user')
 reader witnesses  -> 226
 storage exposures -> 1
[MV-SI candidate deb8e55c36c998ff6ae2] {card, winningOutcome}
 writer root       -> contracts/RCMarket.sol::RCMarket.newRental(uint256,uint256,address,uint256)
 writer effect     -> contracts/RCMarket.sol:1068
 written member    -> ('SV', 'contracts/RCMarket.sol', 'RCMarket.card')
 potentially stale -> ('SV', 'contracts/RCMarket.sol', 'RCMarket.winningOutcome')
 reader witnesses  -> 28
 storage exposures -> 1
[MV-SI candidate df9130e7db2103620f8c] {card, winnerCut, winningOutcome}
 writer root       -> contracts/RCMarket.sol::RCMarket.lockMarket()
 writer effect     -> contracts/RCMarket.sol:1081
 written member    -> ('SV', 'contracts/RCMarket.sol', 'RCMarket.card')
 potentially stale -> ('SV', 'contracts/RCMarket.sol', 'RCMarket.winnerCut'), ('SV', 'contracts/RCMarket.sol', 'RCMarket.winningOutcome')
 reader witnesses  -> 9
 storage exposures -> 1
[MV-SI candidate dfde3577e7cc9551069b] {index[$arg4][@local::contracts/RCOrderbook.sol::RCOrderbook.addBidToOrderbook(address,uint256,uint256,uint256,address)::LocalVariable::_market_1][$arg1], user}
 writer root       -> contracts/RCOrderbook.sol::RCOrderbook.removeBidFromOrderbook(address,uint256)
 writer effect     -> contracts/RCOrderbook.sol:516
 written member    -> ('SV', 'contracts/RCOrderbook.sol', 'RCOrderbook.user')
 potentially stale -> ('MS', 'contracts/RCOrderbook.sol', 'RCOrderbook.index', '$arg4][@local::contracts/RCOrderbook.sol::RCOrderbook.addBidToOrderbook(address,uint256,uint256,uint256,address)::LocalVariable::_market_1][$arg1')
 reader witnesses  -> 6
 storage exposures -> 1
[MV-SI candidate e020eddd9b291abcd28d] {index[@local::contracts/RCOrderbook.sol::RCOrderbook.closeMarket()::LocalVariable::_market_1][@local::contracts/RCOrderbook.sol::RCOrderbook.closeMarket()::LocalVariable::_market_1][@local::contracts/RCOrderbook.sol::RCOrderbook.closeMarket()::LocalVariable::i_2], user}
 writer root       -> contracts/RCOrderbook.sol::RCOrderbook.findNewOwner(uint256,uint256)
 writer effect     -> contracts/RCOrderbook.sol:527
 written member    -> ('SV', 'contracts/RCOrderbook.sol', 'RCOrderbook.user')
 potentially stale -> ('MS', 'contracts/RCOrderbook.sol', 'RCOrderbook.index', '@local::contracts/RCOrderbook.sol::RCOrderbook.closeMarket()::LocalVariable::_market_1][@local::contracts/RCOrderbook.sol::RCOrderbook.closeMarket()::LocalVariable::_market_1][@local::contracts/RCOrderbook.sol::RCOrderbook.closeMarket()::LocalVariable::i_2')
 reader witnesses  -> 1
 storage exposures -> 1
[MV-SI candidate e05f775927275d490ccd] {affiliateCut, artistCut, cardAffiliateCut, card[@local::contracts/RCMarket.sol::RCMarket._payoutWinnings()::TemporaryVariable::TMP_1488], creatorCut, rentCollectedPerUserPerCard[@local::contracts/RCMarket.sol::RCMarket._payoutWinnings()::TemporaryVariable::TMP_1483][@state::contracts/RCMarket.sol::RCMarket.winningOutcome], totalRentCollected, winnerCut, winningOutcome}
 writer root       -> contracts/RCMarket.sol::RCMarket.initialize(IRCMarket.Mode,uint32[],uint256,address,address,address[],address,string,uint256)
 writer effect     -> contracts/RCMarket.sol:228
 written member    -> ('SV', 'contracts/RCMarket.sol', 'RCMarket.winningOutcome')
 potentially stale -> ('MS', 'contracts/RCMarket.sol', 'RCMarket.card', '@local::contracts/RCMarket.sol::RCMarket._payoutWinnings()::TemporaryVariable::TMP_1488'), ('MS', 'contracts/RCMarket.sol', 'RCMarket.rentCollectedPerUserPerCard', '@local::contracts/RCMarket.sol::RCMarket._payoutWinnings()::TemporaryVariable::TMP_1483][@state::contracts/RCMarket.sol::RCMarket.winningOutcome'), ('SV', 'contracts/RCMarket.sol', 'RCMarket.affiliateCut'), ('SV', 'contracts/RCMarket.sol', 'RCMarket.artistCut'), ('SV', 'contracts/RCMarket.sol', 'RCMarket.cardAffiliateCut'), ('SV', 'contracts/RCMarket.sol', 'RCMarket.creatorCut'), ('SV', 'contracts/RCMarket.sol', 'RCMarket.totalRentCollected'), ('SV', 'contracts/RCMarket.sol', 'RCMarket.winnerCut')
 reader witnesses  -> 22
 storage exposures -> 1
[MV-SI candidate e07636812b2d32460a88] {index[@local::contracts/RCOrderbook.sol::RCOrderbook.cleanWastePile()::LocalVariable::_user_1][@local::contracts/RCOrderbook.sol::RCOrderbook.cleanWastePile()::LocalVariable::_market_1][@local::contracts/RCOrderbook.sol::RCOrderbook.cleanWastePile()::LocalVariable::_card_1], user}
 writer root       -> contracts/RCOrderbook.sol::RCOrderbook.addBidToOrderbook(address,uint256,uint256,uint256,address)
 writer effect     -> contracts/RCOrderbook.sol:792
 written member    -> ('SV', 'contracts/RCOrderbook.sol', 'RCOrderbook.user')
 potentially stale -> ('MS', 'contracts/RCOrderbook.sol', 'RCOrderbook.index', '@local::contracts/RCOrderbook.sol::RCOrderbook.cleanWastePile()::LocalVariable::_user_1][@local::contracts/RCOrderbook.sol::RCOrderbook.cleanWastePile()::LocalVariable::_market_1][@local::contracts/RCOrderbook.sol::RCOrderbook.cleanWastePile()::LocalVariable::_card_1')
 reader witnesses  -> 4
 storage exposures -> 1
[MV-SI candidate e08af89368382dcb2a75] {card, winnerCut, winningOutcome}
 writer root       -> contracts/RCMarket.sol::RCMarket.updateTimeHeldLimit(uint256,uint256)
 writer effect     -> contracts/RCMarket.sol:1049
 written member    -> ('SV', 'contracts/RCMarket.sol', 'RCMarket.card')
 potentially stale -> ('SV', 'contracts/RCMarket.sol', 'RCMarket.winnerCut'), ('SV', 'contracts/RCMarket.sol', 'RCMarket.winningOutcome')
 reader witnesses  -> 9
 storage exposures -> 1
[MV-SI candidate e09566fd511abba629f2] {maxDeletions, user}
 writer root       -> contracts/RCOrderbook.sol::RCOrderbook.removeOldBids(address)
 writer effect     -> contracts/RCOrderbook.sol:749
 written member    -> ('SV', 'contracts/RCOrderbook.sol', 'RCOrderbook.user')
 potentially stale -> ('SV', 'contracts/RCOrderbook.sol', 'RCOrderbook.maxDeletions')
 reader witnesses  -> 10
 storage exposures -> 1
[MV-SI candidate e1251232e75329f44732] {marketCloseLimit, user}
 writer root       -> contracts/RCOrderbook.sol::RCOrderbook.removeOldBids(address)
 writer effect     -> contracts/RCOrderbook.sol:736
 written member    -> ('SV', 'contracts/RCOrderbook.sol', 'RCOrderbook.user')
 potentially stale -> ('SV', 'contracts/RCOrderbook.sol', 'RCOrderbook.marketCloseLimit')
 reader witnesses  -> 4
 storage exposures -> 1
[MV-SI candidate e19c347e3d7dfd70f0fb] {minRentalDayDivisor, user}
 writer root       -> contracts/RCTreasury.sol::RCTreasury.payout(address,uint256)
 writer effect     -> contracts/RCTreasury.sol:524
 written member    -> ('SV', 'contracts/RCTreasury.sol', 'RCTreasury.user')
 potentially stale -> ('SV', 'contracts/RCTreasury.sol', 'RCTreasury.minRentalDayDivisor')
 reader witnesses  -> 18
 storage exposures -> 1
[MV-SI candidate e2351106cd24d6640871] {closedMarkets[@local::contracts/RCOrderbook.sol::RCOrderbook.removeOldBids(address)::ReferenceVariable::REF_1159], index[$arg0][@local::contracts/RCOrderbook.sol::RCOrderbook.removeOldBids(address)::LocalVariable::_market_2][@local::contracts/RCOrderbook.sol::RCOrderbook.removeOldBids(address)::LocalVariable::i_2], market, user, userClosedMarketIndex[$arg0]}
 writer root       -> contracts/RCOrderbook.sol::RCOrderbook.findNewOwner(uint256,uint256)
 writer effect     -> contracts/RCOrderbook.sol:516
 written member    -> ('SV', 'contracts/RCOrderbook.sol', 'RCOrderbook.user')
 potentially stale -> ('MS', 'contracts/RCOrderbook.sol', 'RCOrderbook.closedMarkets', '@local::contracts/RCOrderbook.sol::RCOrderbook.removeOldBids(address)::ReferenceVariable::REF_1159'), ('MS', 'contracts/RCOrderbook.sol', 'RCOrderbook.index', '$arg0][@local::contracts/RCOrderbook.sol::RCOrderbook.removeOldBids(address)::LocalVariable::_market_2][@local::contracts/RCOrderbook.sol::RCOrderbook.removeOldBids(address)::LocalVariable::i_2'), ('MS', 'contracts/RCOrderbook.sol', 'RCOrderbook.userClosedMarketIndex', '$arg0'), ('SV', 'contracts/RCOrderbook.sol', 'RCOrderbook.market')
 reader witnesses  -> 14
 storage exposures -> 1
[MV-SI candidate e2dbafbb897fa3c1e185] {cleaningLoops, user}
 writer root       -> contracts/RCOrderbook.sol::RCOrderbook.closeMarket()
 writer effect     -> contracts/RCOrderbook.sol:644
 written member    -> ('SV', 'contracts/RCOrderbook.sol', 'RCOrderbook.user')
 potentially stale -> ('SV', 'contracts/RCOrderbook.sol', 'RCOrderbook.cleaningLoops')
 reader witnesses  -> 2
 storage exposures -> 1
[MV-SI candidate e359f764e56a86a84dc7] {index[$arg4][@local::contracts/RCOrderbook.sol::RCOrderbook.addBidToOrderbook(address,uint256,uint256,uint256,address)::LocalVariable::_market_1][$arg1], user}
 writer root       -> contracts/RCOrderbook.sol::RCOrderbook.removeUserFromOrderbook(address)
 writer effect     -> contracts/RCOrderbook.sol:532
 written member    -> ('SV', 'contracts/RCOrderbook.sol', 'RCOrderbook.user')
 potentially stale -> ('MS', 'contracts/RCOrderbook.sol', 'RCOrderbook.index', '$arg4][@local::contracts/RCOrderbook.sol::RCOrderbook.addBidToOrderbook(address,uint256,uint256,uint256,address)::LocalVariable::_market_1][$arg1')
 reader witnesses  -> 6
 storage exposures -> 1
[MV-SI candidate e3bc65d3bbf30311b40d] {index[$arg4][@local::contracts/RCOrderbook.sol::RCOrderbook.addBidToOrderbook(address,uint256,uint256,uint256,address)::LocalVariable::_market_1][$arg1], user}
 writer root       -> contracts/RCOrderbook.sol::RCOrderbook.removeBidFromOrderbook(address,uint256)
 writer effect     -> contracts/RCOrderbook.sol:517
 written member    -> ('SV', 'contracts/RCOrderbook.sol', 'RCOrderbook.user')
 potentially stale -> ('MS', 'contracts/RCOrderbook.sol', 'RCOrderbook.index', '$arg4][@local::contracts/RCOrderbook.sol::RCOrderbook.addBidToOrderbook(address,uint256,uint256,uint256,address)::LocalVariable::_market_1][$arg1')
 reader witnesses  -> 6
 storage exposures -> 1
[MV-SI candidate e3d5a6877b9214dbfdb9] {card, marketLockingTime}
 writer root       -> contracts/RCMarket.sol::RCMarket.collectRent(uint256)
 writer effect     -> contracts/RCMarket.sol:1074
 written member    -> ('SV', 'contracts/RCMarket.sol', 'RCMarket.card')
 potentially stale -> ('SV', 'contracts/RCMarket.sol', 'RCMarket.marketLockingTime')
 reader witnesses  -> 30
 storage exposures -> 1
[MV-SI candidate e431e06c067b008dd040] {maxDeletions, user}
 writer root       -> contracts/RCOrderbook.sol::RCOrderbook.addBidToOrderbook(address,uint256,uint256,uint256,address)
 writer effect     -> contracts/RCOrderbook.sol:802
 written member    -> ('SV', 'contracts/RCOrderbook.sol', 'RCOrderbook.user')
 potentially stale -> ('SV', 'contracts/RCOrderbook.sol', 'RCOrderbook.maxDeletions')
 reader witnesses  -> 10
 storage exposures -> 1
[MV-SI candidate e49a95f79641eed49fbb] {index[$arg4][@local::contracts/RCOrderbook.sol::RCOrderbook.addBidToOrderbook(address,uint256,uint256,uint256,address)::LocalVariable::_market_1][$arg1], user}
 writer root       -> contracts/RCOrderbook.sol::RCOrderbook.reduceTimeHeldLimit(address,uint256,uint256)
 writer effect     -> contracts/RCOrderbook.sol:910
 written member    -> ('SV', 'contracts/RCOrderbook.sol', 'RCOrderbook.user')
 potentially stale -> ('MS', 'contracts/RCOrderbook.sol', 'RCOrderbook.index', '$arg4][@local::contracts/RCOrderbook.sol::RCOrderbook.addBidToOrderbook(address,uint256,uint256,uint256,address)::LocalVariable::_market_1][$arg1')
 reader witnesses  -> 6
 storage exposures -> 1
[MV-SI candidate e51bd3900990186bd781] {closedMarkets[@local::contracts/RCOrderbook.sol::RCOrderbook.removeOldBids(address)::ReferenceVariable::REF_1159], market, userClosedMarketIndex[$arg0]}
 writer root       -> contracts/RCOrderbook.sol::RCOrderbook.addBidToOrderbook(address,uint256,uint256,uint256,address)
 writer effect     -> contracts/RCOrderbook.sol:197
 written member    -> ('SV', 'contracts/RCOrderbook.sol', 'RCOrderbook.market')
 potentially stale -> ('MS', 'contracts/RCOrderbook.sol', 'RCOrderbook.closedMarkets', '@local::contracts/RCOrderbook.sol::RCOrderbook.removeOldBids(address)::ReferenceVariable::REF_1159'), ('MS', 'contracts/RCOrderbook.sol', 'RCOrderbook.userClosedMarketIndex', '$arg0')
 reader witnesses  -> 3
 storage exposures -> 1
[MV-SI candidate e58897e135c581ae0d8d] {maxDeletions, user}
 writer root       -> contracts/RCOrderbook.sol::RCOrderbook.findNewOwner(uint256,uint256)
 writer effect     -> contracts/RCOrderbook.sol:527
 written member    -> ('SV', 'contracts/RCOrderbook.sol', 'RCOrderbook.user')
 potentially stale -> ('SV', 'contracts/RCOrderbook.sol', 'RCOrderbook.maxDeletions')
 reader witnesses  -> 10
 storage exposures -> 1
[MV-SI candidate e703bf2d9d7281de7e7c] {marketCloseLimit, user}
 writer root       -> contracts/RCOrderbook.sol::RCOrderbook.removeBidFromOrderbook(address,uint256)
 writer effect     -> contracts/RCOrderbook.sol:517
 written member    -> ('SV', 'contracts/RCOrderbook.sol', 'RCOrderbook.user')
 potentially stale -> ('SV', 'contracts/RCOrderbook.sol', 'RCOrderbook.marketCloseLimit')
 reader witnesses  -> 4
 storage exposures -> 1
[MV-SI candidate e72f446d2598a5ad41d4] {marketCloseLimit, user}
 writer root       -> contracts/RCOrderbook.sol::RCOrderbook.removeUserFromOrderbook(address)
 writer effect     -> contracts/RCOrderbook.sol:616
 written member    -> ('SV', 'contracts/RCOrderbook.sol', 'RCOrderbook.user')
 potentially stale -> ('SV', 'contracts/RCOrderbook.sol', 'RCOrderbook.marketCloseLimit')
 reader witnesses  -> 4
 storage exposures -> 1
[MV-SI candidate e7b53ee950effbc2cfcd] {closedMarkets[@local::contracts/RCOrderbook.sol::RCOrderbook.removeOldBids(address)::ReferenceVariable::REF_1159], market, userClosedMarketIndex[$arg0]}
 writer root       -> contracts/RCOrderbook.sol::RCOrderbook.addBidToOrderbook(address,uint256,uint256,uint256,address)
 writer effect     -> contracts/RCOrderbook.sol:196
 written member    -> ('SV', 'contracts/RCOrderbook.sol', 'RCOrderbook.market')
 potentially stale -> ('MS', 'contracts/RCOrderbook.sol', 'RCOrderbook.closedMarkets', '@local::contracts/RCOrderbook.sol::RCOrderbook.removeOldBids(address)::ReferenceVariable::REF_1159'), ('MS', 'contracts/RCOrderbook.sol', 'RCOrderbook.userClosedMarketIndex', '$arg0')
 reader witnesses  -> 3
 storage exposures -> 1
[MV-SI candidate e7f82706a0b6cb5301b4] {card, winningOutcome}
 writer root       -> contracts/RCMarket.sol::RCMarket.setAmicableResolution(uint256)
 writer effect     -> contracts/RCMarket.sol:1087
 written member    -> ('SV', 'contracts/RCMarket.sol', 'RCMarket.card')
 potentially stale -> ('SV', 'contracts/RCMarket.sol', 'RCMarket.winningOutcome')
 reader witnesses  -> 14
 storage exposures -> 1
[MV-SI candidate e8d02ce9622db2c7feb1] {index[@local::contracts/RCOrderbook.sol::RCOrderbook.cleanWastePile()::LocalVariable::_user_1][@local::contracts/RCOrderbook.sol::RCOrderbook.cleanWastePile()::LocalVariable::_market_1][@local::contracts/RCOrderbook.sol::RCOrderbook.cleanWastePile()::LocalVariable::_card_1], user}
 writer root       -> contracts/RCOrderbook.sol::RCOrderbook.addBidToOrderbook(address,uint256,uint256,uint256,address)
 writer effect     -> contracts/RCOrderbook.sol:430
 written member    -> ('SV', 'contracts/RCOrderbook.sol', 'RCOrderbook.user')
 potentially stale -> ('MS', 'contracts/RCOrderbook.sol', 'RCOrderbook.index', '@local::contracts/RCOrderbook.sol::RCOrderbook.cleanWastePile()::LocalVariable::_user_1][@local::contracts/RCOrderbook.sol::RCOrderbook.cleanWastePile()::LocalVariable::_market_1][@local::contracts/RCOrderbook.sol::RCOrderbook.cleanWastePile()::LocalVariable::_card_1')
 reader witnesses  -> 4
 storage exposures -> 1
[MV-SI candidate e8db4cb7f69786cb1b15] {index[@local::contracts/RCOrderbook.sol::RCOrderbook.closeMarket()::LocalVariable::_market_1][@local::contracts/RCOrderbook.sol::RCOrderbook.closeMarket()::LocalVariable::_market_1][@local::contracts/RCOrderbook.sol::RCOrderbook.closeMarket()::LocalVariable::i_2], user}
 writer root       -> contracts/RCOrderbook.sol::RCOrderbook.closeMarket()
 writer effect     -> contracts/RCOrderbook.sol:665
 written member    -> ('SV', 'contracts/RCOrderbook.sol', 'RCOrderbook.user')
 potentially stale -> ('MS', 'contracts/RCOrderbook.sol', 'RCOrderbook.index', '@local::contracts/RCOrderbook.sol::RCOrderbook.closeMarket()::LocalVariable::_market_1][@local::contracts/RCOrderbook.sol::RCOrderbook.closeMarket()::LocalVariable::_market_1][@local::contracts/RCOrderbook.sol::RCOrderbook.closeMarket()::LocalVariable::i_2')
 reader witnesses  -> 1
 storage exposures -> 1
[MV-SI candidate e9269182763a074e25f3] {index[$arg4][@local::contracts/RCOrderbook.sol::RCOrderbook.addBidToOrderbook(address,uint256,uint256,uint256,address)::LocalVariable::_market_1][$arg1], user}
 writer root       -> contracts/RCOrderbook.sol::RCOrderbook.closeMarket()
 writer effect     -> contracts/RCOrderbook.sol:673
 written member    -> ('SV', 'contracts/RCOrderbook.sol', 'RCOrderbook.user')
 potentially stale -> ('MS', 'contracts/RCOrderbook.sol', 'RCOrderbook.index', '$arg4][@local::contracts/RCOrderbook.sol::RCOrderbook.addBidToOrderbook(address,uint256,uint256,uint256,address)::LocalVariable::_market_1][$arg1')
 reader witnesses  -> 6
 storage exposures -> 1
[MV-SI candidate e950f7cc0cbe2ba27419] {card, cardAffiliateCut}
 writer root       -> contracts/RCMarket.sol::RCMarket.newRental(uint256,uint256,address,uint256)
 writer effect     -> contracts/RCMarket.sol:1087
 written member    -> ('SV', 'contracts/RCMarket.sol', 'RCMarket.card')
 potentially stale -> ('SV', 'contracts/RCMarket.sol', 'RCMarket.cardAffiliateCut')
 reader witnesses  -> 6
 storage exposures -> 1
[MV-SI candidate e9671c9e6413f67033af] {card, winnerCut, winningOutcome}
 writer root       -> contracts/RCMarket.sol::RCMarket.exitAll()
 writer effect     -> contracts/RCMarket.sol:1049
 written member    -> ('SV', 'contracts/RCMarket.sol', 'RCMarket.card')
 potentially stale -> ('SV', 'contracts/RCMarket.sol', 'RCMarket.winnerCut'), ('SV', 'contracts/RCMarket.sol', 'RCMarket.winningOutcome')
 reader witnesses  -> 9
 storage exposures -> 1
[MV-SI candidate e997116d811cd88c6f3a] {closedMarkets[@local::contracts/RCOrderbook.sol::RCOrderbook.removeOldBids(address)::ReferenceVariable::REF_1159], index[$arg0][@local::contracts/RCOrderbook.sol::RCOrderbook.removeOldBids(address)::LocalVariable::_market_2][@local::contracts/RCOrderbook.sol::RCOrderbook.removeOldBids(address)::LocalVariable::i_2], market, user, userClosedMarketIndex[$arg0]}
 writer root       -> contracts/RCOrderbook.sol::RCOrderbook.addBidToOrderbook(address,uint256,uint256,uint256,address)
 writer effect     -> contracts/RCOrderbook.sol:196
 written member    -> ('SV', 'contracts/RCOrderbook.sol', 'RCOrderbook.market')
 potentially stale -> ('MS', 'contracts/RCOrderbook.sol', 'RCOrderbook.closedMarkets', '@local::contracts/RCOrderbook.sol::RCOrderbook.removeOldBids(address)::ReferenceVariable::REF_1159'), ('MS', 'contracts/RCOrderbook.sol', 'RCOrderbook.index', '$arg0][@local::contracts/RCOrderbook.sol::RCOrderbook.removeOldBids(address)::LocalVariable::_market_2][@local::contracts/RCOrderbook.sol::RCOrderbook.removeOldBids(address)::LocalVariable::i_2'), ('MS', 'contracts/RCOrderbook.sol', 'RCOrderbook.userClosedMarketIndex', '$arg0'), ('SV', 'contracts/RCOrderbook.sol', 'RCOrderbook.user')
 reader witnesses  -> 234
 storage exposures -> 1
[MV-SI candidate e9beb12f8d235a38044c] {cleaningLoops, user}
 writer root       -> contracts/RCOrderbook.sol::RCOrderbook.removeOldBids(address)
 writer effect     -> contracts/RCOrderbook.sol:734
 written member    -> ('SV', 'contracts/RCOrderbook.sol', 'RCOrderbook.user')
 potentially stale -> ('SV', 'contracts/RCOrderbook.sol', 'RCOrderbook.cleaningLoops')
 reader witnesses  -> 2
 storage exposures -> 1
[MV-SI candidate ea36f038a90661c3b7b6] {card, cardAffiliateCut}
 writer root       -> contracts/RCMarket.sol::RCMarket.updateTimeHeldLimit(uint256,uint256)
 writer effect     -> contracts/RCMarket.sol:829
 written member    -> ('SV', 'contracts/RCMarket.sol', 'RCMarket.card')
 potentially stale -> ('SV', 'contracts/RCMarket.sol', 'RCMarket.cardAffiliateCut')
 reader witnesses  -> 3
 storage exposures -> 1
[MV-SI candidate ea3746f376ed6a116301] {card, cardAffiliateCut}
 writer root       -> contracts/RCMarket.sol::RCMarket.collectRent(uint256)
 writer effect     -> contracts/RCMarket.sol:1087
 written member    -> ('SV', 'contracts/RCMarket.sol', 'RCMarket.card')
 potentially stale -> ('SV', 'contracts/RCMarket.sol', 'RCMarket.cardAffiliateCut')
 reader witnesses  -> 3
 storage exposures -> 1
[MV-SI candidate ea3b202c309861f9da18] {index[@local::contracts/RCOrderbook.sol::RCOrderbook.closeMarket()::LocalVariable::_market_1][@local::contracts/RCOrderbook.sol::RCOrderbook.closeMarket()::LocalVariable::_market_1][@local::contracts/RCOrderbook.sol::RCOrderbook.closeMarket()::LocalVariable::i_2], user}
 writer root       -> contracts/RCOrderbook.sol::RCOrderbook.addBidToOrderbook(address,uint256,uint256,uint256,address)
 writer effect     -> contracts/RCOrderbook.sol:426
 written member    -> ('SV', 'contracts/RCOrderbook.sol', 'RCOrderbook.user')
 potentially stale -> ('MS', 'contracts/RCOrderbook.sol', 'RCOrderbook.index', '@local::contracts/RCOrderbook.sol::RCOrderbook.closeMarket()::LocalVariable::_market_1][@local::contracts/RCOrderbook.sol::RCOrderbook.closeMarket()::LocalVariable::_market_1][@local::contracts/RCOrderbook.sol::RCOrderbook.closeMarket()::LocalVariable::i_2')
 reader witnesses  -> 1
 storage exposures -> 1
[MV-SI candidate eabef51851e916491db9] {card, winnerCut, winningOutcome}
 writer root       -> contracts/RCMarket.sol::RCMarket.exitAll()
 writer effect     -> contracts/RCMarket.sol:1074
 written member    -> ('SV', 'contracts/RCMarket.sol', 'RCMarket.card')
 potentially stale -> ('SV', 'contracts/RCMarket.sol', 'RCMarket.winnerCut'), ('SV', 'contracts/RCMarket.sol', 'RCMarket.winningOutcome')
 reader witnesses  -> 9
 storage exposures -> 1
[MV-SI candidate eacaa891f1d3d9b61ff7] {accountingComplete, cardAccountingIndex, numberOfCards}
 writer root       -> contracts/RCMarket.sol::RCMarket.getWinnerFromOracle()
 writer effect     -> contracts/RCMarket.sol:475
 written member    -> ('SV', 'contracts/RCMarket.sol', 'RCMarket.accountingComplete')
 potentially stale -> ('SV', 'contracts/RCMarket.sol', 'RCMarket.cardAccountingIndex'), ('SV', 'contracts/RCMarket.sol', 'RCMarket.numberOfCards')
 reader witnesses  -> 46
 storage exposures -> 1
[MV-SI candidate eb5aabf131d26bf4adae] {closedMarkets[@local::contracts/RCOrderbook.sol::RCOrderbook.removeOldBids(address)::ReferenceVariable::REF_1159], index[$arg0][@local::contracts/RCOrderbook.sol::RCOrderbook.removeOldBids(address)::LocalVariable::_market_2][@local::contracts/RCOrderbook.sol::RCOrderbook.removeOldBids(address)::LocalVariable::i_2], market, user, userClosedMarketIndex[$arg0]}
 writer root       -> contracts/RCOrderbook.sol::RCOrderbook.addBidToOrderbook(address,uint256,uint256,uint256,address)
 writer effect     -> contracts/RCOrderbook.sol:365
 written member    -> ('SV', 'contracts/RCOrderbook.sol', 'RCOrderbook.user')
 potentially stale -> ('MS', 'contracts/RCOrderbook.sol', 'RCOrderbook.closedMarkets', '@local::contracts/RCOrderbook.sol::RCOrderbook.removeOldBids(address)::ReferenceVariable::REF_1159'), ('MS', 'contracts/RCOrderbook.sol', 'RCOrderbook.index', '$arg0][@local::contracts/RCOrderbook.sol::RCOrderbook.removeOldBids(address)::LocalVariable::_market_2][@local::contracts/RCOrderbook.sol::RCOrderbook.removeOldBids(address)::LocalVariable::i_2'), ('MS', 'contracts/RCOrderbook.sol', 'RCOrderbook.userClosedMarketIndex', '$arg0'), ('SV', 'contracts/RCOrderbook.sol', 'RCOrderbook.market')
 reader witnesses  -> 14
 storage exposures -> 1
[MV-SI candidate ebb51eaa605b503fa3a8] {closedMarkets[@local::contracts/RCOrderbook.sol::RCOrderbook.removeOldBids(address)::ReferenceVariable::REF_1159], index[$arg0][@local::contracts/RCOrderbook.sol::RCOrderbook.removeOldBids(address)::LocalVariable::_market_2][@local::contracts/RCOrderbook.sol::RCOrderbook.removeOldBids(address)::LocalVariable::i_2], market, user, userClosedMarketIndex[$arg0]}
 writer root       -> contracts/RCOrderbook.sol::RCOrderbook.addBidToOrderbook(address,uint256,uint256,uint256,address)
 writer effect     -> contracts/RCOrderbook.sol:426
 written member    -> ('SV', 'contracts/RCOrderbook.sol', 'RCOrderbook.user')
 potentially stale -> ('MS', 'contracts/RCOrderbook.sol', 'RCOrderbook.closedMarkets', '@local::contracts/RCOrderbook.sol::RCOrderbook.removeOldBids(address)::ReferenceVariable::REF_1159'), ('MS', 'contracts/RCOrderbook.sol', 'RCOrderbook.index', '$arg0][@local::contracts/RCOrderbook.sol::RCOrderbook.removeOldBids(address)::LocalVariable::_market_2][@local::contracts/RCOrderbook.sol::RCOrderbook.removeOldBids(address)::LocalVariable::i_2'), ('MS', 'contracts/RCOrderbook.sol', 'RCOrderbook.userClosedMarketIndex', '$arg0'), ('SV', 'contracts/RCOrderbook.sol', 'RCOrderbook.market')
 reader witnesses  -> 14
 storage exposures -> 1
[MV-SI candidate ebefa07cfa9f867ebcea] {index[@local::contracts/RCOrderbook.sol::RCOrderbook.closeMarket()::LocalVariable::_market_1][@local::contracts/RCOrderbook.sol::RCOrderbook.closeMarket()::LocalVariable::_market_1][@local::contracts/RCOrderbook.sol::RCOrderbook.closeMarket()::LocalVariable::i_2], user}
 writer root       -> contracts/RCOrderbook.sol::RCOrderbook.removeBidFromOrderbook(address,uint256)
 writer effect     -> contracts/RCOrderbook.sol:527
 written member    -> ('SV', 'contracts/RCOrderbook.sol', 'RCOrderbook.user')
 potentially stale -> ('MS', 'contracts/RCOrderbook.sol', 'RCOrderbook.index', '@local::contracts/RCOrderbook.sol::RCOrderbook.closeMarket()::LocalVariable::_market_1][@local::contracts/RCOrderbook.sol::RCOrderbook.closeMarket()::LocalVariable::_market_1][@local::contracts/RCOrderbook.sol::RCOrderbook.closeMarket()::LocalVariable::i_2')
 reader witnesses  -> 1
 storage exposures -> 1
[MV-SI candidate ec4c91eee8c05294e553] {card, winningOutcome}
 writer root       -> contracts/RCMarket.sol::RCMarket.getWinnerFromOracle()
 writer effect     -> contracts/RCMarket.sol:1074
 written member    -> ('SV', 'contracts/RCMarket.sol', 'RCMarket.card')
 potentially stale -> ('SV', 'contracts/RCMarket.sol', 'RCMarket.winningOutcome')
 reader witnesses  -> 14
 storage exposures -> 1
[MV-SI candidate ec59d55693b28739ad66] {card, winnerCut, winningOutcome}
 writer root       -> contracts/RCMarket.sol::RCMarket.rentAllCards(uint256)
 writer effect     -> contracts/RCMarket.sol:1081
 written member    -> ('SV', 'contracts/RCMarket.sol', 'RCMarket.card')
 potentially stale -> ('SV', 'contracts/RCMarket.sol', 'RCMarket.winnerCut'), ('SV', 'contracts/RCMarket.sol', 'RCMarket.winningOutcome')
 reader witnesses  -> 18
 storage exposures -> 1
[MV-SI candidate ec59fb6c0c7abd7af7b2] {marketCloseLimit, user}
 writer root       -> contracts/RCOrderbook.sol::RCOrderbook.cleanWastePile()
 writer effect     -> contracts/RCOrderbook.sol:777
 written member    -> ('SV', 'contracts/RCOrderbook.sol', 'RCOrderbook.user')
 potentially stale -> ('SV', 'contracts/RCOrderbook.sol', 'RCOrderbook.marketCloseLimit')
 reader witnesses  -> 4
 storage exposures -> 1
[MV-SI candidate ec89d51c9a3179017a6b] {index[@local::contracts/RCOrderbook.sol::RCOrderbook.closeMarket()::LocalVariable::_market_1][@local::contracts/RCOrderbook.sol::RCOrderbook.closeMarket()::LocalVariable::_market_1][@local::contracts/RCOrderbook.sol::RCOrderbook.closeMarket()::LocalVariable::i_2], user}
 writer root       -> contracts/RCOrderbook.sol::RCOrderbook.addBidToOrderbook(address,uint256,uint256,uint256,address)
 writer effect     -> contracts/RCOrderbook.sol:362
 written member    -> ('SV', 'contracts/RCOrderbook.sol', 'RCOrderbook.user')
 potentially stale -> ('MS', 'contracts/RCOrderbook.sol', 'RCOrderbook.index', '@local::contracts/RCOrderbook.sol::RCOrderbook.closeMarket()::LocalVariable::_market_1][@local::contracts/RCOrderbook.sol::RCOrderbook.closeMarket()::LocalVariable::_market_1][@local::contracts/RCOrderbook.sol::RCOrderbook.closeMarket()::LocalVariable::i_2')
 reader witnesses  -> 1
 storage exposures -> 1
[MV-SI candidate ed21254f1f238f9b0cdb] {_roles[$arg1], user}
 writer root       -> contracts/RCTreasury.sol::RCTreasury.withdrawDeposit(uint256,bool)
 writer effect     -> contracts/RCTreasury.sol:839
 written member    -> ('SV', 'contracts/RCTreasury.sol', 'RCTreasury.user')
 potentially stale -> ('MS', '@openzeppelin/contracts/access/AccessControl.sol', 'AccessControl._roles', '$arg1')
 reader witnesses  -> 9
 storage exposures -> 1
[MV-SI candidate ed4feb71806b48b15244] {index[@local::contracts/RCOrderbook.sol::RCOrderbook.closeMarket()::LocalVariable::_market_1][@local::contracts/RCOrderbook.sol::RCOrderbook.closeMarket()::LocalVariable::_market_1][@local::contracts/RCOrderbook.sol::RCOrderbook.closeMarket()::LocalVariable::i_2], user}
 writer root       -> contracts/RCOrderbook.sol::RCOrderbook.findNewOwner(uint256,uint256)
 writer effect     -> contracts/RCOrderbook.sol:532
 written member    -> ('SV', 'contracts/RCOrderbook.sol', 'RCOrderbook.user')
 potentially stale -> ('MS', 'contracts/RCOrderbook.sol', 'RCOrderbook.index', '@local::contracts/RCOrderbook.sol::RCOrderbook.closeMarket()::LocalVariable::_market_1][@local::contracts/RCOrderbook.sol::RCOrderbook.closeMarket()::LocalVariable::_market_1][@local::contracts/RCOrderbook.sol::RCOrderbook.closeMarket()::LocalVariable::i_2')
 reader witnesses  -> 1
 storage exposures -> 1
[MV-SI candidate ede3aaa5c600dc7ac4e2] {minRentalDayDivisor, user}
 writer root       -> contracts/RCTreasury.sol::RCTreasury.updateRentalRate(address,address,uint256,uint256,uint256)
 writer effect     -> contracts/RCTreasury.sol:670
 written member    -> ('SV', 'contracts/RCTreasury.sol', 'RCTreasury.user')
 potentially stale -> ('SV', 'contracts/RCTreasury.sol', 'RCTreasury.minRentalDayDivisor')
 reader witnesses  -> 18
 storage exposures -> 1
[MV-SI candidate ee03d726c1c36afdccd5] {card, minimumPriceIncreasePercent}
 writer root       -> contracts/RCMarket.sol::RCMarket.payCardAffiliate(uint256)
 writer effect     -> contracts/RCMarket.sol:648
 written member    -> ('SV', 'contracts/RCMarket.sol', 'RCMarket.card')
 potentially stale -> ('SV', 'contracts/RCMarket.sol', 'RCMarket.minimumPriceIncreasePercent')
 reader witnesses  -> 2
 storage exposures -> 1
[MV-SI candidate ee06863c10dbd4011049] {card, winnerCut, winningOutcome}
 writer root       -> contracts/RCMarket.sol::RCMarket.getWinnerFromOracle()
 writer effect     -> contracts/RCMarket.sol:1087
 written member    -> ('SV', 'contracts/RCMarket.sol', 'RCMarket.card')
 potentially stale -> ('SV', 'contracts/RCMarket.sol', 'RCMarket.winnerCut'), ('SV', 'contracts/RCMarket.sol', 'RCMarket.winningOutcome')
 reader witnesses  -> 9
 storage exposures -> 1
[MV-SI candidate ee2c380fd4ea06df7ee7] {cleaningLoops, user}
 writer root       -> contracts/RCOrderbook.sol::RCOrderbook.addBidToOrderbook(address,uint256,uint256,uint256,address)
 writer effect     -> contracts/RCOrderbook.sol:777
 written member    -> ('SV', 'contracts/RCOrderbook.sol', 'RCOrderbook.user')
 potentially stale -> ('SV', 'contracts/RCOrderbook.sol', 'RCOrderbook.cleaningLoops')
 reader witnesses  -> 2
 storage exposures -> 1
[MV-SI candidate ee51a2ae9e9994f900e6] {cardAccountingIndex, numberOfCards}
 writer root       -> contracts/RCMarket.sol::RCMarket.newRental(uint256,uint256,address,uint256)
 writer effect     -> contracts/RCMarket.sol:472
 written member    -> ('SV', 'contracts/RCMarket.sol', 'RCMarket.cardAccountingIndex')
 potentially stale -> ('SV', 'contracts/RCMarket.sol', 'RCMarket.numberOfCards')
 reader witnesses  -> 41
 storage exposures -> 1
[MV-SI candidate ee5397405dfbff31dd9f] {marketCloseLimit, user}
 writer root       -> contracts/RCOrderbook.sol::RCOrderbook.closeMarket()
 writer effect     -> contracts/RCOrderbook.sol:667
 written member    -> ('SV', 'contracts/RCOrderbook.sol', 'RCOrderbook.user')
 potentially stale -> ('SV', 'contracts/RCOrderbook.sol', 'RCOrderbook.marketCloseLimit')
 reader witnesses  -> 4
 storage exposures -> 1
[MV-SI candidate ee74bd364f205c9d6d24] {index[$arg4][@local::contracts/RCOrderbook.sol::RCOrderbook.addBidToOrderbook(address,uint256,uint256,uint256,address)::LocalVariable::_market_1][$arg1], user}
 writer root       -> contracts/RCOrderbook.sol::RCOrderbook.addBidToOrderbook(address,uint256,uint256,uint256,address)
 writer effect     -> contracts/RCOrderbook.sol:404
 written member    -> ('SV', 'contracts/RCOrderbook.sol', 'RCOrderbook.user')
 potentially stale -> ('MS', 'contracts/RCOrderbook.sol', 'RCOrderbook.index', '$arg4][@local::contracts/RCOrderbook.sol::RCOrderbook.addBidToOrderbook(address,uint256,uint256,uint256,address)::LocalVariable::_market_1][$arg1')
 reader witnesses  -> 6
 storage exposures -> 1
[MV-SI candidate ee85c2ee325d5e1aedab] {closedMarkets[@local::contracts/RCOrderbook.sol::RCOrderbook.removeOldBids(address)::ReferenceVariable::REF_1159], index[$arg0][@local::contracts/RCOrderbook.sol::RCOrderbook.removeOldBids(address)::LocalVariable::_market_2][@local::contracts/RCOrderbook.sol::RCOrderbook.removeOldBids(address)::LocalVariable::i_2], market, user, userClosedMarketIndex[$arg0]}
 writer root       -> contracts/RCOrderbook.sol::RCOrderbook.closeMarket()
 writer effect     -> contracts/RCOrderbook.sol:644
 written member    -> ('SV', 'contracts/RCOrderbook.sol', 'RCOrderbook.user')
 potentially stale -> ('MS', 'contracts/RCOrderbook.sol', 'RCOrderbook.closedMarkets', '@local::contracts/RCOrderbook.sol::RCOrderbook.removeOldBids(address)::ReferenceVariable::REF_1159'), ('MS', 'contracts/RCOrderbook.sol', 'RCOrderbook.index', '$arg0][@local::contracts/RCOrderbook.sol::RCOrderbook.removeOldBids(address)::LocalVariable::_market_2][@local::contracts/RCOrderbook.sol::RCOrderbook.removeOldBids(address)::LocalVariable::i_2'), ('MS', 'contracts/RCOrderbook.sol', 'RCOrderbook.userClosedMarketIndex', '$arg0'), ('SV', 'contracts/RCOrderbook.sol', 'RCOrderbook.market')
 reader witnesses  -> 14
 storage exposures -> 1
[MV-SI candidate eee9bdc257440a880dc8] {maxDeletions, user}
 writer root       -> contracts/RCOrderbook.sol::RCOrderbook.removeBidFromOrderbook(address,uint256)
 writer effect     -> contracts/RCOrderbook.sol:536
 written member    -> ('SV', 'contracts/RCOrderbook.sol', 'RCOrderbook.user')
 potentially stale -> ('SV', 'contracts/RCOrderbook.sol', 'RCOrderbook.maxDeletions')
 reader witnesses  -> 10
 storage exposures -> 1
[MV-SI candidate eef29ac6ba190e03f344] {cardAccountingIndex, numberOfCards}
 writer root       -> contracts/RCMarket.sol::RCMarket.lockMarket()
 writer effect     -> contracts/RCMarket.sol:472
 written member    -> ('SV', 'contracts/RCMarket.sol', 'RCMarket.cardAccountingIndex')
 potentially stale -> ('SV', 'contracts/RCMarket.sol', 'RCMarket.numberOfCards')
 reader witnesses  -> 41
 storage exposures -> 1
[MV-SI candidate ef463a23afc2c9383a5d] {marketCloseLimit, user}
 writer root       -> contracts/RCOrderbook.sol::RCOrderbook.removeBidFromOrderbook(address,uint256)
 writer effect     -> contracts/RCOrderbook.sol:532
 written member    -> ('SV', 'contracts/RCOrderbook.sol', 'RCOrderbook.user')
 potentially stale -> ('SV', 'contracts/RCOrderbook.sol', 'RCOrderbook.marketCloseLimit')
 reader witnesses  -> 4
 storage exposures -> 1
[MV-SI candidate ef913d85b813a68867bb] {marketBalance, marketBalanceTopup}
 writer root       -> contracts/RCTreasury.sol::RCTreasury.payRent(uint256)
 writer effect     -> contracts/RCTreasury.sol:499
 written member    -> ('SV', 'contracts/RCTreasury.sol', 'RCTreasury.marketBalanceTopup')
 potentially stale -> ('SV', 'contracts/RCTreasury.sol', 'RCTreasury.marketBalance')
 reader witnesses  -> 16
 storage exposures -> 1
[MV-SI candidate efbfb130870a3c2390fd] {index[@local::contracts/RCOrderbook.sol::RCOrderbook.closeMarket()::LocalVariable::_market_1][@local::contracts/RCOrderbook.sol::RCOrderbook.closeMarket()::LocalVariable::_market_1][@local::contracts/RCOrderbook.sol::RCOrderbook.closeMarket()::LocalVariable::i_2], user}
 writer root       -> contracts/RCOrderbook.sol::RCOrderbook.addBidToOrderbook(address,uint256,uint256,uint256,address)
 writer effect     -> contracts/RCOrderbook.sol:792
 written member    -> ('SV', 'contracts/RCOrderbook.sol', 'RCOrderbook.user')
 potentially stale -> ('MS', 'contracts/RCOrderbook.sol', 'RCOrderbook.index', '@local::contracts/RCOrderbook.sol::RCOrderbook.closeMarket()::LocalVariable::_market_1][@local::contracts/RCOrderbook.sol::RCOrderbook.closeMarket()::LocalVariable::_market_1][@local::contracts/RCOrderbook.sol::RCOrderbook.closeMarket()::LocalVariable::i_2')
 reader witnesses  -> 1
 storage exposures -> 1
[MV-SI candidate f042541b43e9a74eaa81] {closedMarkets[@local::contracts/RCOrderbook.sol::RCOrderbook.removeOldBids(address)::ReferenceVariable::REF_1159], index[$arg0][@local::contracts/RCOrderbook.sol::RCOrderbook.removeOldBids(address)::LocalVariable::_market_2][@local::contracts/RCOrderbook.sol::RCOrderbook.removeOldBids(address)::LocalVariable::i_2], market, user, userClosedMarketIndex[$arg0]}
 writer root       -> contracts/RCOrderbook.sol::RCOrderbook.cleanWastePile()
 writer effect     -> contracts/RCOrderbook.sol:784
 written member    -> ('SV', 'contracts/RCOrderbook.sol', 'RCOrderbook.user')
 potentially stale -> ('MS', 'contracts/RCOrderbook.sol', 'RCOrderbook.closedMarkets', '@local::contracts/RCOrderbook.sol::RCOrderbook.removeOldBids(address)::ReferenceVariable::REF_1159'), ('MS', 'contracts/RCOrderbook.sol', 'RCOrderbook.index', '$arg0][@local::contracts/RCOrderbook.sol::RCOrderbook.removeOldBids(address)::LocalVariable::_market_2][@local::contracts/RCOrderbook.sol::RCOrderbook.removeOldBids(address)::LocalVariable::i_2'), ('MS', 'contracts/RCOrderbook.sol', 'RCOrderbook.userClosedMarketIndex', '$arg0'), ('SV', 'contracts/RCOrderbook.sol', 'RCOrderbook.market')
 reader witnesses  -> 14
 storage exposures -> 1
[MV-SI candidate f0e632e9a6b669ecccee] {marketBalance, totalDeposits, totalMarketPots}
 writer root       -> contracts/RCTreasury.sol::RCTreasury.updateRentalRate(address,address,uint256,uint256,uint256)
 writer effect     -> contracts/RCTreasury.sol:858
 written member    -> ('SV', 'contracts/RCTreasury.sol', 'RCTreasury.marketBalance')
 potentially stale -> ('SV', 'contracts/RCTreasury.sol', 'RCTreasury.totalDeposits'), ('SV', 'contracts/RCTreasury.sol', 'RCTreasury.totalMarketPots')
 reader witnesses  -> 17
 storage exposures -> 1
[MV-SI candidate f1455a600a4a805a8aa4] {cleaningLoops, user}
 writer root       -> contracts/RCOrderbook.sol::RCOrderbook.removeBidFromOrderbook(address,uint256)
 writer effect     -> contracts/RCOrderbook.sol:830
 written member    -> ('SV', 'contracts/RCOrderbook.sol', 'RCOrderbook.user')
 potentially stale -> ('SV', 'contracts/RCOrderbook.sol', 'RCOrderbook.cleaningLoops')
 reader witnesses  -> 2
 storage exposures -> 1
[MV-SI candidate f160940c571d315f5d4c] {closedMarkets[@local::contracts/RCOrderbook.sol::RCOrderbook.removeOldBids(address)::ReferenceVariable::REF_1159], index[$arg0][@local::contracts/RCOrderbook.sol::RCOrderbook.removeOldBids(address)::LocalVariable::_market_2][@local::contracts/RCOrderbook.sol::RCOrderbook.removeOldBids(address)::LocalVariable::i_2], market, user, userClosedMarketIndex[$arg0]}
 writer root       -> contracts/RCOrderbook.sol::RCOrderbook.addBidToOrderbook(address,uint256,uint256,uint256,address)
 writer effect     -> contracts/RCOrderbook.sol:213
 written member    -> ('SV', 'contracts/RCOrderbook.sol', 'RCOrderbook.user')
 potentially stale -> ('MS', 'contracts/RCOrderbook.sol', 'RCOrderbook.closedMarkets', '@local::contracts/RCOrderbook.sol::RCOrderbook.removeOldBids(address)::ReferenceVariable::REF_1159'), ('MS', 'contracts/RCOrderbook.sol', 'RCOrderbook.index', '$arg0][@local::contracts/RCOrderbook.sol::RCOrderbook.removeOldBids(address)::LocalVariable::_market_2][@local::contracts/RCOrderbook.sol::RCOrderbook.removeOldBids(address)::LocalVariable::i_2'), ('MS', 'contracts/RCOrderbook.sol', 'RCOrderbook.userClosedMarketIndex', '$arg0'), ('SV', 'contracts/RCOrderbook.sol', 'RCOrderbook.market')
 reader witnesses  -> 14
 storage exposures -> 1
[MV-SI candidate f1b7b6b21cd55196f23f] {index[@local::contracts/RCOrderbook.sol::RCOrderbook.closeMarket()::LocalVariable::_market_1][@local::contracts/RCOrderbook.sol::RCOrderbook.closeMarket()::LocalVariable::_market_1][@local::contracts/RCOrderbook.sol::RCOrderbook.closeMarket()::LocalVariable::i_2], user}
 writer root       -> contracts/RCOrderbook.sol::RCOrderbook.addBidToOrderbook(address,uint256,uint256,uint256,address)
 writer effect     -> contracts/RCOrderbook.sol:776
 written member    -> ('SV', 'contracts/RCOrderbook.sol', 'RCOrderbook.user')
 potentially stale -> ('MS', 'contracts/RCOrderbook.sol', 'RCOrderbook.index', '@local::contracts/RCOrderbook.sol::RCOrderbook.closeMarket()::LocalVariable::_market_1][@local::contracts/RCOrderbook.sol::RCOrderbook.closeMarket()::LocalVariable::_market_1][@local::contracts/RCOrderbook.sol::RCOrderbook.closeMarket()::LocalVariable::i_2')
 reader witnesses  -> 1
 storage exposures -> 1
[MV-SI candidate f201572b5360ccaf100a] {index[@local::contracts/RCOrderbook.sol::RCOrderbook.cleanWastePile()::LocalVariable::_user_1][@local::contracts/RCOrderbook.sol::RCOrderbook.cleanWastePile()::LocalVariable::_market_1][@local::contracts/RCOrderbook.sol::RCOrderbook.cleanWastePile()::LocalVariable::_card_1], user}
 writer root       -> contracts/RCOrderbook.sol::RCOrderbook.cleanWastePile()
 writer effect     -> contracts/RCOrderbook.sol:802
 written member    -> ('SV', 'contracts/RCOrderbook.sol', 'RCOrderbook.user')
 potentially stale -> ('MS', 'contracts/RCOrderbook.sol', 'RCOrderbook.index', '@local::contracts/RCOrderbook.sol::RCOrderbook.cleanWastePile()::LocalVariable::_user_1][@local::contracts/RCOrderbook.sol::RCOrderbook.cleanWastePile()::LocalVariable::_market_1][@local::contracts/RCOrderbook.sol::RCOrderbook.cleanWastePile()::LocalVariable::_card_1')
 reader witnesses  -> 4
 storage exposures -> 1
[MV-SI candidate f203c51aee942b48cdf3] {accountingComplete, maxRentIterationsToLockMarket}
 writer root       -> contracts/RCMarket.sol::RCMarket.setAmicableResolution(uint256)
 writer effect     -> contracts/RCMarket.sol:475
 written member    -> ('SV', 'contracts/RCMarket.sol', 'RCMarket.accountingComplete')
 potentially stale -> ('SV', 'contracts/RCMarket.sol', 'RCMarket.maxRentIterationsToLockMarket')
 reader witnesses  -> 5
 storage exposures -> 1
[MV-SI candidate f2347c201a6de2e55175] {card, winnerCut, winningOutcome}
 writer root       -> contracts/RCMarket.sol::RCMarket.setAmicableResolution(uint256)
 writer effect     -> contracts/RCMarket.sol:1049
 written member    -> ('SV', 'contracts/RCMarket.sol', 'RCMarket.card')
 potentially stale -> ('SV', 'contracts/RCMarket.sol', 'RCMarket.winnerCut'), ('SV', 'contracts/RCMarket.sol', 'RCMarket.winningOutcome')
 reader witnesses  -> 9
 storage exposures -> 1
[MV-SI candidate f235f6102d4f39549963] {card, minimumPriceIncreasePercent}
 writer root       -> contracts/RCMarket.sol::RCMarket.rentAllCards(uint256)
 writer effect     -> contracts/RCMarket.sol:1073
 written member    -> ('SV', 'contracts/RCMarket.sol', 'RCMarket.card')
 potentially stale -> ('SV', 'contracts/RCMarket.sol', 'RCMarket.minimumPriceIncreasePercent')
 reader witnesses  -> 4
 storage exposures -> 1
[MV-SI candidate f39a6fb386767e60c079] {card, winnerCut, winningOutcome}
 writer root       -> contracts/RCMarket.sol::RCMarket.getWinnerFromOracle()
 writer effect     -> contracts/RCMarket.sol:518
 written member    -> ('SV', 'contracts/RCMarket.sol', 'RCMarket.winningOutcome')
 potentially stale -> ('SV', 'contracts/RCMarket.sol', 'RCMarket.card'), ('SV', 'contracts/RCMarket.sol', 'RCMarket.winnerCut')
 reader witnesses  -> 174
 storage exposures -> 1
[MV-SI candidate f3a23573ffcb8dc220fb] {marketCloseLimit, user}
 writer root       -> contracts/RCOrderbook.sol::RCOrderbook.closeMarket()
 writer effect     -> contracts/RCOrderbook.sol:646
 written member    -> ('SV', 'contracts/RCOrderbook.sol', 'RCOrderbook.user')
 potentially stale -> ('SV', 'contracts/RCOrderbook.sol', 'RCOrderbook.marketCloseLimit')
 reader witnesses  -> 2
 storage exposures -> 1
[MV-SI candidate f3a987ef74369d6dfbec] {_roles[$arg1], user}
 writer root       -> contracts/RCTreasury.sol::RCTreasury.withdrawDeposit(uint256,bool)
 writer effect     -> contracts/RCTreasury.sol:428
 written member    -> ('SV', 'contracts/RCTreasury.sol', 'RCTreasury.user')
 potentially stale -> ('MS', '@openzeppelin/contracts/access/AccessControl.sol', 'AccessControl._roles', '$arg1')
 reader witnesses  -> 9
 storage exposures -> 1
[MV-SI candidate f3c99fc3b0e6888006a6] {card, winnerCut, winningOutcome}
 writer root       -> contracts/RCMarket.sol::RCMarket.updateTimeHeldLimit(uint256,uint256)
 writer effect     -> contracts/RCMarket.sol:1068
 written member    -> ('SV', 'contracts/RCMarket.sol', 'RCMarket.card')
 potentially stale -> ('SV', 'contracts/RCMarket.sol', 'RCMarket.winnerCut'), ('SV', 'contracts/RCMarket.sol', 'RCMarket.winningOutcome')
 reader witnesses  -> 9
 storage exposures -> 1
[MV-SI candidate f4232ca1504bcec6b225] {marketBalance, totalDeposits, totalMarketPots}
 writer root       -> contracts/RCTreasury.sol::RCTreasury.updateRentalRate(address,address,uint256,uint256,uint256)
 writer effect     -> contracts/RCTreasury.sol:860
 written member    -> ('SV', 'contracts/RCTreasury.sol', 'RCTreasury.totalDeposits')
 potentially stale -> ('SV', 'contracts/RCTreasury.sol', 'RCTreasury.marketBalance'), ('SV', 'contracts/RCTreasury.sol', 'RCTreasury.totalMarketPots')
 reader witnesses  -> 19
 storage exposures -> 1
[MV-SI candidate f43ebbe2a4804b9bc345] {closedMarkets[@local::contracts/RCOrderbook.sol::RCOrderbook.removeOldBids(address)::ReferenceVariable::REF_1159], index[$arg0][@local::contracts/RCOrderbook.sol::RCOrderbook.removeOldBids(address)::LocalVariable::_market_2][@local::contracts/RCOrderbook.sol::RCOrderbook.removeOldBids(address)::LocalVariable::i_2], market, user, userClosedMarketIndex[$arg0]}
 writer root       -> contracts/RCOrderbook.sol::RCOrderbook.cleanWastePile()
 writer effect     -> contracts/RCOrderbook.sol:792
 written member    -> ('SV', 'contracts/RCOrderbook.sol', 'RCOrderbook.user')
 potentially stale -> ('MS', 'contracts/RCOrderbook.sol', 'RCOrderbook.closedMarkets', '@local::contracts/RCOrderbook.sol::RCOrderbook.removeOldBids(address)::ReferenceVariable::REF_1159'), ('MS', 'contracts/RCOrderbook.sol', 'RCOrderbook.index', '$arg0][@local::contracts/RCOrderbook.sol::RCOrderbook.removeOldBids(address)::LocalVariable::_market_2][@local::contracts/RCOrderbook.sol::RCOrderbook.removeOldBids(address)::LocalVariable::i_2'), ('MS', 'contracts/RCOrderbook.sol', 'RCOrderbook.userClosedMarketIndex', '$arg0'), ('SV', 'contracts/RCOrderbook.sol', 'RCOrderbook.market')
 reader witnesses  -> 14
 storage exposures -> 1
[MV-SI candidate f460ffda69345dd961c6] {_operatorApprovals[$arg0][$arg1], _owners[$arg0], _tokenApprovals[$arg0]}
 writer root       -> @openzeppelin/contracts/token/ERC721/ERC721.sol::ERC721.transferFrom(address,address,uint256)
 writer effect     -> @openzeppelin/contracts/token/ERC721/ERC721.sol:344
 written member    -> ('MS', '@openzeppelin/contracts/token/ERC721/ERC721.sol', 'ERC721._owners', '$arg0')
 potentially stale -> ('MS', '@openzeppelin/contracts/token/ERC721/ERC721.sol', 'ERC721._operatorApprovals', '$arg0][$arg1'), ('MS', '@openzeppelin/contracts/token/ERC721/ERC721.sol', 'ERC721._tokenApprovals', '$arg0')
 reader witnesses  -> 18
 storage exposures -> 3
[MV-SI candidate f4613487bf3ff6258be5] {index[$arg4][@local::contracts/RCOrderbook.sol::RCOrderbook.addBidToOrderbook(address,uint256,uint256,uint256,address)::LocalVariable::_market_1][$arg1], user}
 writer root       -> contracts/RCOrderbook.sol::RCOrderbook.removeBidFromOrderbook(address,uint256)
 writer effect     -> contracts/RCOrderbook.sol:527
 written member    -> ('SV', 'contracts/RCOrderbook.sol', 'RCOrderbook.user')
 potentially stale -> ('MS', 'contracts/RCOrderbook.sol', 'RCOrderbook.index', '$arg4][@local::contracts/RCOrderbook.sol::RCOrderbook.addBidToOrderbook(address,uint256,uint256,uint256,address)::LocalVariable::_market_1][$arg1')
 reader witnesses  -> 6
 storage exposures -> 1
[MV-SI candidate f4b081a43411657c44a6] {minRentalDayDivisor, user}
 writer root       -> contracts/RCTreasury.sol::RCTreasury.withdrawDeposit(uint256,bool)
 writer effect     -> contracts/RCTreasury.sol:859
 written member    -> ('SV', 'contracts/RCTreasury.sol', 'RCTreasury.user')
 potentially stale -> ('SV', 'contracts/RCTreasury.sol', 'RCTreasury.minRentalDayDivisor')
 reader witnesses  -> 18
 storage exposures -> 1
[MV-SI candidate f4f47d5e67364a1e9fad] {accountingComplete, cardAccountingIndex, numberOfCards}
 writer root       -> contracts/RCMarket.sol::RCMarket.initialize(IRCMarket.Mode,uint32[],uint256,address,address,address[],address,string,uint256)
 writer effect     -> contracts/RCMarket.sol:231
 written member    -> ('SV', 'contracts/RCMarket.sol', 'RCMarket.numberOfCards')
 potentially stale -> ('SV', 'contracts/RCMarket.sol', 'RCMarket.accountingComplete'), ('SV', 'contracts/RCMarket.sol', 'RCMarket.cardAccountingIndex')
 reader witnesses  -> 20
 storage exposures -> 1
[MV-SI candidate f54899f0bb8eaa99edf2] {leaderboard, leaderboardIndex[@local::contracts/RCLeaderboard.sol::RCLeaderboard.updateLeaderboard(address,uint256,uint256)::LocalVariable::_market_1][@local::contracts/RCLeaderboard.sol::RCLeaderboard.updateLeaderboard(address,uint256,uint256)::LocalVariable::_market_1][$arg1], leaderboardIndex[@local::contracts/RCLeaderboard.sol::RCLeaderboard.updateLeaderboard(address,uint256,uint256)::LocalVariable::lastUserOnLeaderboard_1][@local::contracts/RCLeaderboard.sol::RCLeaderboard.updateLeaderboard(address,uint256,uint256)::LocalVariable::_market_1][$arg1]}
 writer root       -> contracts/RCLeaderboard.sol::RCLeaderboard.updateLeaderboard(address,uint256,uint256)
 writer effect     -> contracts/RCLeaderboard.sol:200
 written member    -> ('SV', 'contracts/RCLeaderboard.sol', 'RCLeaderboard.leaderboard')
 potentially stale -> ('MS', 'contracts/RCLeaderboard.sol', 'RCLeaderboard.leaderboardIndex', '@local::contracts/RCLeaderboard.sol::RCLeaderboard.updateLeaderboard(address,uint256,uint256)::LocalVariable::_market_1][@local::contracts/RCLeaderboard.sol::RCLeaderboard.updateLeaderboard(address,uint256,uint256)::LocalVariable::_market_1][$arg1'), ('MS', 'contracts/RCLeaderboard.sol', 'RCLeaderboard.leaderboardIndex', '@local::contracts/RCLeaderboard.sol::RCLeaderboard.updateLeaderboard(address,uint256,uint256)::LocalVariable::lastUserOnLeaderboard_1][@local::contracts/RCLeaderboard.sol::RCLeaderboard.updateLeaderboard(address,uint256,uint256)::LocalVariable::_market_1][$arg1')
 reader witnesses  -> 3
 storage exposures -> 1
[MV-SI candidate f6a89e99bd862cacd2f5] {marketCloseLimit, user}
 writer root       -> contracts/RCOrderbook.sol::RCOrderbook.addBidToOrderbook(address,uint256,uint256,uint256,address)
 writer effect     -> contracts/RCOrderbook.sol:362
 written member    -> ('SV', 'contracts/RCOrderbook.sol', 'RCOrderbook.user')
 potentially stale -> ('SV', 'contracts/RCOrderbook.sol', 'RCOrderbook.marketCloseLimit')
 reader witnesses  -> 4
 storage exposures -> 1
[MV-SI candidate f6c97687cd612d123037] {affiliateCut, artistCut, cardAffiliateCut, card[@local::contracts/RCMarket.sol::RCMarket._payoutWinnings()::TemporaryVariable::TMP_1488], creatorCut, rentCollectedPerUserPerCard[@local::contracts/RCMarket.sol::RCMarket._payoutWinnings()::TemporaryVariable::TMP_1483][@state::contracts/RCMarket.sol::RCMarket.winningOutcome], totalRentCollected, winnerCut, winningOutcome}
 writer root       -> contracts/RCMarket.sol::RCMarket.initialize(IRCMarket.Mode,uint32[],uint256,address,address,address[],address,string,uint256)
 writer effect     -> contracts/RCMarket.sol:265
 written member    -> ('SV', 'contracts/RCMarket.sol', 'RCMarket.cardAffiliateCut')
 potentially stale -> ('MS', 'contracts/RCMarket.sol', 'RCMarket.card', '@local::contracts/RCMarket.sol::RCMarket._payoutWinnings()::TemporaryVariable::TMP_1488'), ('MS', 'contracts/RCMarket.sol', 'RCMarket.rentCollectedPerUserPerCard', '@local::contracts/RCMarket.sol::RCMarket._payoutWinnings()::TemporaryVariable::TMP_1483][@state::contracts/RCMarket.sol::RCMarket.winningOutcome'), ('SV', 'contracts/RCMarket.sol', 'RCMarket.affiliateCut'), ('SV', 'contracts/RCMarket.sol', 'RCMarket.artistCut'), ('SV', 'contracts/RCMarket.sol', 'RCMarket.creatorCut'), ('SV', 'contracts/RCMarket.sol', 'RCMarket.totalRentCollected'), ('SV', 'contracts/RCMarket.sol', 'RCMarket.winnerCut'), ('SV', 'contracts/RCMarket.sol', 'RCMarket.winningOutcome')
 reader witnesses  -> 24
 storage exposures -> 1
[MV-SI candidate f74a59c1fccc32f000ce] {closedMarkets[@local::contracts/RCOrderbook.sol::RCOrderbook.removeOldBids(address)::ReferenceVariable::REF_1159], index[$arg0][@local::contracts/RCOrderbook.sol::RCOrderbook.removeOldBids(address)::LocalVariable::_market_2][@local::contracts/RCOrderbook.sol::RCOrderbook.removeOldBids(address)::LocalVariable::i_2], market, user, userClosedMarketIndex[$arg0]}
 writer root       -> contracts/RCOrderbook.sol::RCOrderbook.addBidToOrderbook(address,uint256,uint256,uint256,address)
 writer effect     -> contracts/RCOrderbook.sol:802
 written member    -> ('SV', 'contracts/RCOrderbook.sol', 'RCOrderbook.user')
 potentially stale -> ('MS', 'contracts/RCOrderbook.sol', 'RCOrderbook.closedMarkets', '@local::contracts/RCOrderbook.sol::RCOrderbook.removeOldBids(address)::ReferenceVariable::REF_1159'), ('MS', 'contracts/RCOrderbook.sol', 'RCOrderbook.index', '$arg0][@local::contracts/RCOrderbook.sol::RCOrderbook.removeOldBids(address)::LocalVariable::_market_2][@local::contracts/RCOrderbook.sol::RCOrderbook.removeOldBids(address)::LocalVariable::i_2'), ('MS', 'contracts/RCOrderbook.sol', 'RCOrderbook.userClosedMarketIndex', '$arg0'), ('SV', 'contracts/RCOrderbook.sol', 'RCOrderbook.market')
 reader witnesses  -> 14
 storage exposures -> 1
[MV-SI candidate f7ede6b55ce73c068f80] {card, winningOutcome}
 writer root       -> contracts/RCMarket.sol::RCMarket.lockMarket()
 writer effect     -> contracts/RCMarket.sol:1068
 written member    -> ('SV', 'contracts/RCMarket.sol', 'RCMarket.card')
 potentially stale -> ('SV', 'contracts/RCMarket.sol', 'RCMarket.winningOutcome')
 reader witnesses  -> 14
 storage exposures -> 1
[MV-SI candidate f8288efa7b45c3967c3b] {closedMarkets[@local::contracts/RCOrderbook.sol::RCOrderbook.removeOldBids(address)::ReferenceVariable::REF_1159], index[$arg0][@local::contracts/RCOrderbook.sol::RCOrderbook.removeOldBids(address)::LocalVariable::_market_2][@local::contracts/RCOrderbook.sol::RCOrderbook.removeOldBids(address)::LocalVariable::i_2], market, user, userClosedMarketIndex[$arg0]}
 writer root       -> contracts/RCOrderbook.sol::RCOrderbook.removeOldBids(address)
 writer effect     -> contracts/RCOrderbook.sol:830
 written member    -> ('SV', 'contracts/RCOrderbook.sol', 'RCOrderbook.user')
 potentially stale -> ('MS', 'contracts/RCOrderbook.sol', 'RCOrderbook.closedMarkets', '@local::contracts/RCOrderbook.sol::RCOrderbook.removeOldBids(address)::ReferenceVariable::REF_1159'), ('MS', 'contracts/RCOrderbook.sol', 'RCOrderbook.index', '$arg0][@local::contracts/RCOrderbook.sol::RCOrderbook.removeOldBids(address)::LocalVariable::_market_2][@local::contracts/RCOrderbook.sol::RCOrderbook.removeOldBids(address)::LocalVariable::i_2'), ('MS', 'contracts/RCOrderbook.sol', 'RCOrderbook.userClosedMarketIndex', '$arg0'), ('SV', 'contracts/RCOrderbook.sol', 'RCOrderbook.market')
 reader witnesses  -> 14
 storage exposures -> 1
[MV-SI candidate f852f7524f0f3a102008] {card, minimumPriceIncreasePercent}
 writer root       -> contracts/RCMarket.sol::RCMarket.exitAll()
 writer effect     -> contracts/RCMarket.sol:1068
 written member    -> ('SV', 'contracts/RCMarket.sol', 'RCMarket.card')
 potentially stale -> ('SV', 'contracts/RCMarket.sol', 'RCMarket.minimumPriceIncreasePercent')
 reader witnesses  -> 2
 storage exposures -> 1
[MV-SI candidate f888163b957a7804f7bd] {index[$arg4][@local::contracts/RCOrderbook.sol::RCOrderbook.addBidToOrderbook(address,uint256,uint256,uint256,address)::LocalVariable::_market_1][$arg1], user}
 writer root       -> contracts/RCOrderbook.sol::RCOrderbook.removeOldBids(address)
 writer effect     -> contracts/RCOrderbook.sol:739
 written member    -> ('SV', 'contracts/RCOrderbook.sol', 'RCOrderbook.user')
 potentially stale -> ('MS', 'contracts/RCOrderbook.sol', 'RCOrderbook.index', '$arg4][@local::contracts/RCOrderbook.sol::RCOrderbook.addBidToOrderbook(address,uint256,uint256,uint256,address)::LocalVariable::_market_1][$arg1')
 reader witnesses  -> 6
 storage exposures -> 1
[MV-SI candidate f8a488651872937941e3] {index[@local::contracts/RCOrderbook.sol::RCOrderbook.closeMarket()::LocalVariable::_market_1][@local::contracts/RCOrderbook.sol::RCOrderbook.closeMarket()::LocalVariable::_market_1][@local::contracts/RCOrderbook.sol::RCOrderbook.closeMarket()::LocalVariable::i_2], user}
 writer root       -> contracts/RCOrderbook.sol::RCOrderbook.removeOldBids(address)
 writer effect     -> contracts/RCOrderbook.sol:749
 written member    -> ('SV', 'contracts/RCOrderbook.sol', 'RCOrderbook.user')
 potentially stale -> ('MS', 'contracts/RCOrderbook.sol', 'RCOrderbook.index', '@local::contracts/RCOrderbook.sol::RCOrderbook.closeMarket()::LocalVariable::_market_1][@local::contracts/RCOrderbook.sol::RCOrderbook.closeMarket()::LocalVariable::_market_1][@local::contracts/RCOrderbook.sol::RCOrderbook.closeMarket()::LocalVariable::i_2')
 reader witnesses  -> 1
 storage exposures -> 1
[MV-SI candidate f9055b01d4604b822bd6] {card, marketLockingTime}
 writer root       -> contracts/RCMarket.sol::RCMarket.collectRent(uint256)
 writer effect     -> contracts/RCMarket.sol:1073
 written member    -> ('SV', 'contracts/RCMarket.sol', 'RCMarket.card')
 potentially stale -> ('SV', 'contracts/RCMarket.sol', 'RCMarket.marketLockingTime')
 reader witnesses  -> 30
 storage exposures -> 1
[MV-SI candidate f9450028a43d68f69f25] {closedMarkets[@local::contracts/RCOrderbook.sol::RCOrderbook.removeOldBids(address)::ReferenceVariable::REF_1159], index[$arg0][@local::contracts/RCOrderbook.sol::RCOrderbook.removeOldBids(address)::LocalVariable::_market_2][@local::contracts/RCOrderbook.sol::RCOrderbook.removeOldBids(address)::LocalVariable::i_2], market, user, userClosedMarketIndex[$arg0]}
 writer root       -> contracts/RCOrderbook.sol::RCOrderbook.addBidToOrderbook(address,uint256,uint256,uint256,address)
 writer effect     -> contracts/RCOrderbook.sol:212
 written member    -> ('SV', 'contracts/RCOrderbook.sol', 'RCOrderbook.user')
 potentially stale -> ('MS', 'contracts/RCOrderbook.sol', 'RCOrderbook.closedMarkets', '@local::contracts/RCOrderbook.sol::RCOrderbook.removeOldBids(address)::ReferenceVariable::REF_1159'), ('MS', 'contracts/RCOrderbook.sol', 'RCOrderbook.index', '$arg0][@local::contracts/RCOrderbook.sol::RCOrderbook.removeOldBids(address)::LocalVariable::_market_2][@local::contracts/RCOrderbook.sol::RCOrderbook.removeOldBids(address)::LocalVariable::i_2'), ('MS', 'contracts/RCOrderbook.sol', 'RCOrderbook.userClosedMarketIndex', '$arg0'), ('SV', 'contracts/RCOrderbook.sol', 'RCOrderbook.market')
 reader witnesses  -> 14
 storage exposures -> 1
[MV-SI candidate f9551ae7f43eab7ebcd6] {closedMarkets[@local::contracts/RCOrderbook.sol::RCOrderbook.removeOldBids(address)::ReferenceVariable::REF_1159], index[$arg0][@local::contracts/RCOrderbook.sol::RCOrderbook.removeOldBids(address)::LocalVariable::_market_2][@local::contracts/RCOrderbook.sol::RCOrderbook.removeOldBids(address)::LocalVariable::i_2], market, user, userClosedMarketIndex[$arg0]}
 writer root       -> contracts/RCOrderbook.sol::RCOrderbook.removeOldBids(address)
 writer effect     -> contracts/RCOrderbook.sol:710
 written member    -> ('SV', 'contracts/RCOrderbook.sol', 'RCOrderbook.user')
 potentially stale -> ('MS', 'contracts/RCOrderbook.sol', 'RCOrderbook.closedMarkets', '@local::contracts/RCOrderbook.sol::RCOrderbook.removeOldBids(address)::ReferenceVariable::REF_1159'), ('MS', 'contracts/RCOrderbook.sol', 'RCOrderbook.index', '$arg0][@local::contracts/RCOrderbook.sol::RCOrderbook.removeOldBids(address)::LocalVariable::_market_2][@local::contracts/RCOrderbook.sol::RCOrderbook.removeOldBids(address)::LocalVariable::i_2'), ('MS', 'contracts/RCOrderbook.sol', 'RCOrderbook.userClosedMarketIndex', '$arg0'), ('SV', 'contracts/RCOrderbook.sol', 'RCOrderbook.market')
 reader witnesses  -> 14
 storage exposures -> 1
[MV-SI candidate f977e8e23e882dcdced7] {cleaningLoops, user}
 writer root       -> contracts/RCOrderbook.sol::RCOrderbook.removeUserFromOrderbook(address)
 writer effect     -> contracts/RCOrderbook.sol:517
 written member    -> ('SV', 'contracts/RCOrderbook.sol', 'RCOrderbook.user')
 potentially stale -> ('SV', 'contracts/RCOrderbook.sol', 'RCOrderbook.cleaningLoops')
 reader witnesses  -> 2
 storage exposures -> 1
[MV-SI candidate f9ee0580e04b197b058f] {card, winnerCut, winningOutcome}
 writer root       -> contracts/RCMarket.sol::RCMarket.setAmicableResolution(uint256)
 writer effect     -> contracts/RCMarket.sol:1087
 written member    -> ('SV', 'contracts/RCMarket.sol', 'RCMarket.card')
 potentially stale -> ('SV', 'contracts/RCMarket.sol', 'RCMarket.winnerCut'), ('SV', 'contracts/RCMarket.sol', 'RCMarket.winningOutcome')
 reader witnesses  -> 9
 storage exposures -> 1
[MV-SI candidate f9f1cbdcd822118c2c48] {marketCloseLimit, user}
 writer root       -> contracts/RCOrderbook.sol::RCOrderbook.closeMarket()
 writer effect     -> contracts/RCOrderbook.sol:644
 written member    -> ('SV', 'contracts/RCOrderbook.sol', 'RCOrderbook.user')
 potentially stale -> ('SV', 'contracts/RCOrderbook.sol', 'RCOrderbook.marketCloseLimit')
 reader witnesses  -> 4
 storage exposures -> 1
[MV-SI candidate fa9f0451a72c3137c791] {index[@local::contracts/RCOrderbook.sol::RCOrderbook.closeMarket()::LocalVariable::_market_1][@local::contracts/RCOrderbook.sol::RCOrderbook.closeMarket()::LocalVariable::_market_1][@local::contracts/RCOrderbook.sol::RCOrderbook.closeMarket()::LocalVariable::i_2], user}
 writer root       -> contracts/RCOrderbook.sol::RCOrderbook.addBidToOrderbook(address,uint256,uint256,uint256,address)
 writer effect     -> contracts/RCOrderbook.sol:365
 written member    -> ('SV', 'contracts/RCOrderbook.sol', 'RCOrderbook.user')
 potentially stale -> ('MS', 'contracts/RCOrderbook.sol', 'RCOrderbook.index', '@local::contracts/RCOrderbook.sol::RCOrderbook.closeMarket()::LocalVariable::_market_1][@local::contracts/RCOrderbook.sol::RCOrderbook.closeMarket()::LocalVariable::_market_1][@local::contracts/RCOrderbook.sol::RCOrderbook.closeMarket()::LocalVariable::i_2')
 reader witnesses  -> 1
 storage exposures -> 1
[MV-SI candidate faa2ea1bf5e08977cef7] {_roles[$arg1], user}
 writer root       -> contracts/RCTreasury.sol::RCTreasury.updateRentalRate(address,address,uint256,uint256,uint256)
 writer effect     -> contracts/RCTreasury.sol:859
 written member    -> ('SV', 'contracts/RCTreasury.sol', 'RCTreasury.user')
 potentially stale -> ('MS', '@openzeppelin/contracts/access/AccessControl.sol', 'AccessControl._roles', '$arg1')
 reader witnesses  -> 9
 storage exposures -> 1
[MV-SI candidate faa88d1ae9cb33dba8a0] {minRentalDayDivisor, user}
 writer root       -> contracts/RCTreasury.sol::RCTreasury.updateLastRentalTime(address)
 writer effect     -> contracts/RCTreasury.sol:579
 written member    -> ('SV', 'contracts/RCTreasury.sol', 'RCTreasury.user')
 potentially stale -> ('SV', 'contracts/RCTreasury.sol', 'RCTreasury.minRentalDayDivisor')
 reader witnesses  -> 18
 storage exposures -> 1
[MV-SI candidate faaeb326777388dc82ba] {index[@local::contracts/RCOrderbook.sol::RCOrderbook.cleanWastePile()::LocalVariable::_user_1][@local::contracts/RCOrderbook.sol::RCOrderbook.cleanWastePile()::LocalVariable::_market_1][@local::contracts/RCOrderbook.sol::RCOrderbook.cleanWastePile()::LocalVariable::_card_1], user}
 writer root       -> contracts/RCOrderbook.sol::RCOrderbook.removeUserFromOrderbook(address)
 writer effect     -> contracts/RCOrderbook.sol:532
 written member    -> ('SV', 'contracts/RCOrderbook.sol', 'RCOrderbook.user')
 potentially stale -> ('MS', 'contracts/RCOrderbook.sol', 'RCOrderbook.index', '@local::contracts/RCOrderbook.sol::RCOrderbook.cleanWastePile()::LocalVariable::_user_1][@local::contracts/RCOrderbook.sol::RCOrderbook.cleanWastePile()::LocalVariable::_market_1][@local::contracts/RCOrderbook.sol::RCOrderbook.cleanWastePile()::LocalVariable::_card_1')
 reader witnesses  -> 4
 storage exposures -> 1
[MV-SI candidate faee900844e44ad95da0] {card, minimumPriceIncreasePercent}
 writer root       -> contracts/RCMarket.sol::RCMarket.collectRent(uint256)
 writer effect     -> contracts/RCMarket.sol:1074
 written member    -> ('SV', 'contracts/RCMarket.sol', 'RCMarket.card')
 potentially stale -> ('SV', 'contracts/RCMarket.sol', 'RCMarket.minimumPriceIncreasePercent')
 reader witnesses  -> 2
 storage exposures -> 1
[MV-SI candidate fb50f8733a050a69a77c] {card, cardAffiliateCut}
 writer root       -> contracts/RCMarket.sol::RCMarket.getWinnerFromOracle()
 writer effect     -> contracts/RCMarket.sol:1087
 written member    -> ('SV', 'contracts/RCMarket.sol', 'RCMarket.card')
 potentially stale -> ('SV', 'contracts/RCMarket.sol', 'RCMarket.cardAffiliateCut')
 reader witnesses  -> 3
 storage exposures -> 1
[MV-SI candidate fc205c3bdc2bedaa5b58] {_operatorApprovals[$arg0][$arg1], _owners[$arg0], _tokenApprovals[$arg0]}
 writer root       -> @openzeppelin/contracts/token/ERC721/ERC721.sol::ERC721.transferFrom(address,address,uint256)
 writer effect     -> @openzeppelin/contracts/token/ERC721/ERC721.sol:355
 written member    -> ('MS', '@openzeppelin/contracts/token/ERC721/ERC721.sol', 'ERC721._tokenApprovals', '$arg0')
 potentially stale -> ('MS', '@openzeppelin/contracts/token/ERC721/ERC721.sol', 'ERC721._operatorApprovals', '$arg0][$arg1'), ('MS', '@openzeppelin/contracts/token/ERC721/ERC721.sol', 'ERC721._owners', '$arg0')
 reader witnesses  -> 64
 storage exposures -> 3
[MV-SI candidate fc6f2ba5679f9c175836] {marketCloseLimit, user}
 writer root       -> contracts/RCOrderbook.sol::RCOrderbook.addBidToOrderbook(address,uint256,uint256,uint256,address)
 writer effect     -> contracts/RCOrderbook.sol:830
 written member    -> ('SV', 'contracts/RCOrderbook.sol', 'RCOrderbook.user')
 potentially stale -> ('SV', 'contracts/RCOrderbook.sol', 'RCOrderbook.marketCloseLimit')
 reader witnesses  -> 12
 storage exposures -> 1
[MV-SI candidate fcdb9de9ba37ef4a037b] {marketBalance, marketBalanceTopup}
 writer root       -> contracts/RCTreasury.sol::RCTreasury.payRent(uint256)
 writer effect     -> contracts/RCTreasury.sol:506
 written member    -> ('SV', 'contracts/RCTreasury.sol', 'RCTreasury.marketBalance')
 potentially stale -> ('SV', 'contracts/RCTreasury.sol', 'RCTreasury.marketBalanceTopup')
 reader witnesses  -> 3
 storage exposures -> 1
[MV-SI candidate fd36027c6ae80e2259e2] {card, cardAffiliateCut}
 writer root       -> contracts/RCMarket.sol::RCMarket.collectRent(uint256)
 writer effect     -> contracts/RCMarket.sol:1049
 written member    -> ('SV', 'contracts/RCMarket.sol', 'RCMarket.card')
 potentially stale -> ('SV', 'contracts/RCMarket.sol', 'RCMarket.cardAffiliateCut')
 reader witnesses  -> 3
 storage exposures -> 1
[MV-SI candidate fd7eb73ada6e515e0bbd] {marketOpeningTime, state}
 writer root       -> contracts/RCMarket.sol::RCMarket.getWinnerFromOracle()
 writer effect     -> contracts/RCMarket.sol:1115
 written member    -> ('SV', 'contracts/RCMarket.sol', 'RCMarket.state')
 potentially stale -> ('SV', 'contracts/RCMarket.sol', 'RCMarket.marketOpeningTime')
 reader witnesses  -> 3
 storage exposures -> 1
[MV-SI candidate fdb7e3a1142b5e9b3264] {maxDeletions, user}
 writer root       -> contracts/RCOrderbook.sol::RCOrderbook.closeMarket()
 writer effect     -> contracts/RCOrderbook.sol:666
 written member    -> ('SV', 'contracts/RCOrderbook.sol', 'RCOrderbook.user')
 potentially stale -> ('SV', 'contracts/RCOrderbook.sol', 'RCOrderbook.maxDeletions')
 reader witnesses  -> 10
 storage exposures -> 1
[MV-SI candidate fde72906437edce975e1] {accountingComplete, cardAccountingIndex, numberOfCards}
 writer root       -> contracts/RCMarket.sol::RCMarket.rentAllCards(uint256)
 writer effect     -> contracts/RCMarket.sol:472
 written member    -> ('SV', 'contracts/RCMarket.sol', 'RCMarket.cardAccountingIndex')
 potentially stale -> ('SV', 'contracts/RCMarket.sol', 'RCMarket.accountingComplete'), ('SV', 'contracts/RCMarket.sol', 'RCMarket.numberOfCards')
 reader witnesses  -> 46
 storage exposures -> 1
[MV-SI candidate fe30103a6406b790273c] {cleaningLoops, user}
 writer root       -> contracts/RCOrderbook.sol::RCOrderbook.addBidToOrderbook(address,uint256,uint256,uint256,address)
 writer effect     -> contracts/RCOrderbook.sol:793
 written member    -> ('SV', 'contracts/RCOrderbook.sol', 'RCOrderbook.user')
 potentially stale -> ('SV', 'contracts/RCOrderbook.sol', 'RCOrderbook.cleaningLoops')
 reader witnesses  -> 2
 storage exposures -> 1
[MV-SI candidate ff4b975518865370c8aa] {minRentalDayDivisor, user}
 writer root       -> contracts/RCTreasury.sol::RCTreasury.updateRentalRate(address,address,uint256,uint256,uint256)
 writer effect     -> contracts/RCTreasury.sol:669
 written member    -> ('SV', 'contracts/RCTreasury.sol', 'RCTreasury.user')
 potentially stale -> ('SV', 'contracts/RCTreasury.sol', 'RCTreasury.minRentalDayDivisor')
 reader witnesses  -> 18
 storage exposures -> 1
[MV-SI candidate ff55aef662da59e31267] {card, minimumPriceIncreasePercent}
 writer root       -> contracts/RCMarket.sol::RCMarket.updateTimeHeldLimit(uint256,uint256)
 writer effect     -> contracts/RCMarket.sol:1068
 written member    -> ('SV', 'contracts/RCMarket.sol', 'RCMarket.card')
 potentially stale -> ('SV', 'contracts/RCMarket.sol', 'RCMarket.minimumPriceIncreasePercent')
 reader witnesses  -> 2
 storage exposures -> 1
[MV-SI candidate ff9663e7617ae0da961b] {card, marketLockingTime}
 writer root       -> contracts/RCMarket.sol::RCMarket.exit(uint256)
 writer effect     -> contracts/RCMarket.sol:1074
 written member    -> ('SV', 'contracts/RCMarket.sol', 'RCMarket.card')
 potentially stale -> ('SV', 'contracts/RCMarket.sol', 'RCMarket.marketLockingTime')
 reader witnesses  -> 30
 storage exposures -> 1
[MV-SI candidate ffbef164ba1ad17e3ed1] {index[@local::contracts/RCOrderbook.sol::RCOrderbook.cleanWastePile()::LocalVariable::_user_1][@local::contracts/RCOrderbook.sol::RCOrderbook.cleanWastePile()::LocalVariable::_market_1][@local::contracts/RCOrderbook.sol::RCOrderbook.cleanWastePile()::LocalVariable::_card_1], user}
 writer root       -> contracts/RCOrderbook.sol::RCOrderbook.removeUserFromOrderbook(address)
 writer effect     -> contracts/RCOrderbook.sol:830
 written member    -> ('SV', 'contracts/RCOrderbook.sol', 'RCOrderbook.user')
 potentially stale -> ('MS', 'contracts/RCOrderbook.sol', 'RCOrderbook.index', '@local::contracts/RCOrderbook.sol::RCOrderbook.cleanWastePile()::LocalVariable::_user_1][@local::contracts/RCOrderbook.sol::RCOrderbook.cleanWastePile()::LocalVariable::_market_1][@local::contracts/RCOrderbook.sol::RCOrderbook.cleanWastePile()::LocalVariable::_card_1')
 reader witnesses  -> 4
 storage exposures -> 1Reference: https://github.com/crytic/slither/wiki/Detector-Documentation
[mvscan-config] {"ATOMIC_GROUP": [], "DIVERGENCE_BUDGET": 1000, "ENABLE_BRANCH_GROUPS": true, "ENABLE_EXTERNAL_STATE": true, "ENABLE_MULTI_RETURN_GROUPS": false, "MAPPING_MODE": "precise", "MERGE_OVERLOADS": false, "MVSCAN_ABLATION": "no_multi_return_groups", "MVSCAN_CONTEXTUAL_KEYS": true, "MVSCAN_INCLUDE_SCALAR_WITNESSES": false, "MVSCAN_INTERFACE_DISPATCH": false, "MVSCAN_MAX_CONTEXTS_PER_OWNER_BLOCK": 128, "MVSCAN_MAX_DISPATCH_TARGETS": 16, "MVSCAN_REQUIRE_DISTINCT_OUTER_ROOTS": false, "MVSCAN_ROOT_CONTEXT_SINKS": false, "NOOP_WRITE_FILTER": true, "REQUIRE_SAME_SLOT_KEY": true, "SINK_TEST": "none", "USER_CALLABLE_ALWAYS": [], "USER_CALLABLE_DENY": []}
[mvscan-stage] icfg-built blocks=13 vars=2
[mvscan-stage] root-seeding-done eligible_exposures=2 seeded=2 multi_exposure_entry_blocks=0 collapsed_contextual_aliases=0 excluded_dependency=0 excluded_interface=0 excluded_library=0 excluded_abstract=0 missing_entry_point=0 missing_entry_block=0
[mvscan-pairs] call_target_digest=c5bdf05cb860427f8704ca3c000e67f3ffd8a5c537dd8cf97d7b315e93dd1a0c candidate_count=0 candidate_digest=4f53cda18c2baa0c0354bb5f9a3ecbe5ed12ab4d8e11ba873c2f11161202b945 context_instance_count=0 execution_context_digest=6abfb7e721884b7bd2eee7f13341c0bbe526cce08ed5acb15d5715188ae6e679 invalid_partial_write_filtered=0 must_full_relation_filtered=0 omitted_member_evidence_filtered=0 omitted_member_not_sensitive_filtered=0 owner_context_pairs=0 owner_context_pairs_considered=0 reader_witness_count=0 relation_base_members_shadowed=0 relation_context_incompatible=0 relation_digest=4f53cda18c2baa0c0354bb5f9a3ecbe5ed12ab4d8e11ba873c2f11161202b945 relation_members_raw=1 relation_origins_rejected_unary_after_shadowing=1 relation_origins_seen=1 root_context_sink_filtered=0 same_outer_root_filtered=0 scalar_variables_skipped=1 storage_context_mismatch=0 variables_considered=1
INFO:Slither:. analyzed (50 contracts with 1 detectors), 1024 result(s) found
