Problem executing hardhat to fetch configuration, using defaults: [Errno 2] No such file or directory: 'hardhat'
[mvscan-config] {"ATOMIC_GROUP": [], "DIVERGENCE_BUDGET": 1000, "ENABLE_BRANCH_GROUPS": true, "ENABLE_EXTERNAL_STATE": true, "ENABLE_MULTI_RETURN_GROUPS": true, "MAPPING_MODE": "precise", "MERGE_OVERLOADS": false, "MVSCAN_ABLATION": "full", "MVSCAN_CONTEXTUAL_KEYS": true, "MVSCAN_INCLUDE_SCALAR_WITNESSES": false, "MVSCAN_INTERFACE_DISPATCH": false, "MVSCAN_MAX_CONTEXTS_PER_OWNER_BLOCK": 128, "MVSCAN_MAX_DISPATCH_TARGETS": 16, "MVSCAN_REQUIRE_DISTINCT_OUTER_ROOTS": false, "MVSCAN_ROOT_CONTEXT_SINKS": false, "NOOP_WRITE_FILTER": true, "REQUIRE_SAME_SLOT_KEY": true, "SINK_TEST": "none", "USER_CALLABLE_ALWAYS": [], "USER_CALLABLE_DENY": []}
[mvscan-stage] icfg-built blocks=147 vars=10
[mvscan-stage] root-seeding-done eligible_exposures=10 seeded=10 multi_exposure_entry_blocks=0 collapsed_contextual_aliases=0 excluded_dependency=0 excluded_interface=4 excluded_library=0 excluded_abstract=0 missing_entry_point=0 missing_entry_block=0
[mvscan-pairs] call_target_digest=1607775dfbfbfa516f85370adf56e28fc65a8ea863398adcc2cc68cd8364c058 candidate_count=0 candidate_digest=4f53cda18c2baa0c0354bb5f9a3ecbe5ed12ab4d8e11ba873c2f11161202b945 context_instance_count=0 execution_context_digest=4790dca92b5701ee12f3194585a462a7c990b31edd1f6de94a012a8e74897a9c invalid_partial_write_filtered=0 must_full_relation_filtered=0 omitted_member_evidence_filtered=0 omitted_member_not_sensitive_filtered=0 owner_context_pairs=0 owner_context_pairs_considered=0 reader_witness_count=0 relation_base_members_shadowed=0 relation_context_incompatible=0 relation_digest=4f53cda18c2baa0c0354bb5f9a3ecbe5ed12ab4d8e11ba873c2f11161202b945 relation_members_raw=7 relation_origins_rejected_unary_after_shadowing=7 relation_origins_rejected_unreachable=1 relation_origins_seen=7 root_context_sink_filtered=0 same_outer_root_filtered=0 scalar_variables_skipped=5 storage_context_mismatch=0 variables_considered=5
[mvscan-config] {"ATOMIC_GROUP": [], "DIVERGENCE_BUDGET": 1000, "ENABLE_BRANCH_GROUPS": true, "ENABLE_EXTERNAL_STATE": true, "ENABLE_MULTI_RETURN_GROUPS": true, "MAPPING_MODE": "precise", "MERGE_OVERLOADS": false, "MVSCAN_ABLATION": "full", "MVSCAN_CONTEXTUAL_KEYS": true, "MVSCAN_INCLUDE_SCALAR_WITNESSES": false, "MVSCAN_INTERFACE_DISPATCH": false, "MVSCAN_MAX_CONTEXTS_PER_OWNER_BLOCK": 128, "MVSCAN_MAX_DISPATCH_TARGETS": 16, "MVSCAN_REQUIRE_DISTINCT_OUTER_ROOTS": false, "MVSCAN_ROOT_CONTEXT_SINKS": false, "NOOP_WRITE_FILTER": true, "REQUIRE_SAME_SLOT_KEY": true, "SINK_TEST": "none", "USER_CALLABLE_ALWAYS": [], "USER_CALLABLE_DENY": []}
[mvscan-stage] icfg-built blocks=0 vars=0
[mvscan-stage] root-seeding-done eligible_exposures=0 seeded=0 multi_exposure_entry_blocks=0 collapsed_contextual_aliases=0 excluded_dependency=0 excluded_interface=3 excluded_library=0 excluded_abstract=0 missing_entry_point=0 missing_entry_block=0
[mvscan-pairs] call_target_digest=4f53cda18c2baa0c0354bb5f9a3ecbe5ed12ab4d8e11ba873c2f11161202b945 candidate_count=0 candidate_digest=4f53cda18c2baa0c0354bb5f9a3ecbe5ed12ab4d8e11ba873c2f11161202b945 context_instance_count=0 execution_context_digest=4f53cda18c2baa0c0354bb5f9a3ecbe5ed12ab4d8e11ba873c2f11161202b945 invalid_partial_write_filtered=0 must_full_relation_filtered=0 omitted_member_evidence_filtered=0 omitted_member_not_sensitive_filtered=0 owner_context_pairs=0 owner_context_pairs_considered=0 reader_witness_count=0 relation_context_incompatible=0 relation_digest=4f53cda18c2baa0c0354bb5f9a3ecbe5ed12ab4d8e11ba873c2f11161202b945 root_context_sink_filtered=0 same_outer_root_filtered=0 storage_context_mismatch=0
[mvscan-config] {"ATOMIC_GROUP": [], "DIVERGENCE_BUDGET": 1000, "ENABLE_BRANCH_GROUPS": true, "ENABLE_EXTERNAL_STATE": true, "ENABLE_MULTI_RETURN_GROUPS": true, "MAPPING_MODE": "precise", "MERGE_OVERLOADS": false, "MVSCAN_ABLATION": "full", "MVSCAN_CONTEXTUAL_KEYS": true, "MVSCAN_INCLUDE_SCALAR_WITNESSES": false, "MVSCAN_INTERFACE_DISPATCH": false, "MVSCAN_MAX_CONTEXTS_PER_OWNER_BLOCK": 128, "MVSCAN_MAX_DISPATCH_TARGETS": 16, "MVSCAN_REQUIRE_DISTINCT_OUTER_ROOTS": false, "MVSCAN_ROOT_CONTEXT_SINKS": false, "NOOP_WRITE_FILTER": true, "REQUIRE_SAME_SLOT_KEY": true, "SINK_TEST": "none", "USER_CALLABLE_ALWAYS": [], "USER_CALLABLE_DENY": []}
[mvscan-stage] icfg-built blocks=16 vars=1
[mvscan-stage] root-seeding-done eligible_exposures=0 seeded=0 multi_exposure_entry_blocks=0 collapsed_contextual_aliases=0 excluded_dependency=0 excluded_interface=0 excluded_library=0 excluded_abstract=0 missing_entry_point=0 missing_entry_block=0
[mvscan-pairs] call_target_digest=e07d79b7b3fb5c05c6eacac35a3d360e97920b82703efc0c9f98e5598bb9f8de candidate_count=0 candidate_digest=4f53cda18c2baa0c0354bb5f9a3ecbe5ed12ab4d8e11ba873c2f11161202b945 context_instance_count=0 execution_context_digest=4f53cda18c2baa0c0354bb5f9a3ecbe5ed12ab4d8e11ba873c2f11161202b945 invalid_partial_write_filtered=0 must_full_relation_filtered=0 omitted_member_evidence_filtered=0 omitted_member_not_sensitive_filtered=0 owner_context_pairs=0 owner_context_pairs_considered=0 reader_witness_count=0 relation_context_incompatible=0 relation_digest=4f53cda18c2baa0c0354bb5f9a3ecbe5ed12ab4d8e11ba873c2f11161202b945 relation_origins_rejected_unreachable=1 root_context_sink_filtered=0 same_outer_root_filtered=0 storage_context_mismatch=0
[mvscan-config] {"ATOMIC_GROUP": [], "DIVERGENCE_BUDGET": 1000, "ENABLE_BRANCH_GROUPS": true, "ENABLE_EXTERNAL_STATE": true, "ENABLE_MULTI_RETURN_GROUPS": true, "MAPPING_MODE": "precise", "MERGE_OVERLOADS": false, "MVSCAN_ABLATION": "full", "MVSCAN_CONTEXTUAL_KEYS": true, "MVSCAN_INCLUDE_SCALAR_WITNESSES": false, "MVSCAN_INTERFACE_DISPATCH": false, "MVSCAN_MAX_CONTEXTS_PER_OWNER_BLOCK": 128, "MVSCAN_MAX_DISPATCH_TARGETS": 16, "MVSCAN_REQUIRE_DISTINCT_OUTER_ROOTS": false, "MVSCAN_ROOT_CONTEXT_SINKS": false, "NOOP_WRITE_FILTER": true, "REQUIRE_SAME_SLOT_KEY": true, "SINK_TEST": "none", "USER_CALLABLE_ALWAYS": [], "USER_CALLABLE_DENY": []}
[mvscan-stage] icfg-built blocks=217 vars=23
[mvscan-stage] root-seeding-done eligible_exposures=15 seeded=15 multi_exposure_entry_blocks=0 collapsed_contextual_aliases=0 excluded_dependency=0 excluded_interface=5 excluded_library=0 excluded_abstract=0 missing_entry_point=0 missing_entry_block=0
[mvscan-pairs] call_target_digest=3de2a413633a14d382d267af93463ed443532347eb8717477594683e7bc0b290 candidate_count=6 candidate_digest=16f1c20a32274ca28bb78cc439eeedee572d8353b37d1cb45be1c1950e941f28 context_instance_count=25 eligible_readers=16 eligible_writers=9 execution_context_digest=4c3d615fa4e234855336e51df0d7382a811bdc3173aef00a8f8fb16eb48c2a70 insensitive_readers_filtered=11 invalid_partial_write_filtered=0 must_full_relation_filtered=18 omitted_member_evidence_filtered=0 omitted_member_not_sensitive_filtered=0 owner_context_pairs=25 owner_context_pairs_considered=64 raw_block_pairs=48 reader_witness_count=25 relation_base_members_shadowed=2 relation_context_incompatible=18 relation_digest=d050f507cab997a666730a065529a46b8ffec2496a520c9e66f51ff6d7333e87 relation_members_raw=23 relation_origins_registered=3 relation_origins_rejected_unary_after_shadowing=15 relation_origins_rejected_unreachable=1 relation_origins_seen=18 root_context_sink_filtered=0 same_outer_root_filtered=0 same_static_block_filtered=2 scalar_variables_skipped=13 storage_context_mismatch=3 variables_considered=16
INFO:Detectors:

[MV-SI candidate 31f5a3fda62d28c4f5cd] {guardian, proposalConfigs}
 writer root       -> contracts/Governance/GovernorBravoDelegate.sol::GovernorBravoDelegate._setGuardian(address)
 writer effect     -> contracts/Governance/GovernorBravoDelegate.sol:421
 written member    -> ('SV', 'contracts/Governance/GovernorBravoInterfaces.sol', 'GovernorBravoDelegateStorageV1.guardian')
 potentially stale -> ('SV', 'contracts/Governance/GovernorBravoInterfaces.sol', 'GovernorBravoDelegateStorageV2.proposalConfigs')
 reader witnesses  -> 2
 storage exposures -> 1
[MV-SI candidate 42ef0cb327dfb45866d1] {admin, guardian}
 writer root       -> contracts/Governance/GovernorBravoDelegate.sol::GovernorBravoDelegate._acceptAdmin()
 writer effect     -> contracts/Governance/GovernorBravoDelegate.sol:489
 written member    -> ('SV', 'contracts/Governance/GovernorBravoInterfaces.sol', 'GovernorBravoDelegatorStorage.admin')
 potentially stale -> ('SV', 'contracts/Governance/GovernorBravoInterfaces.sol', 'GovernorBravoDelegateStorageV1.guardian')
 reader witnesses  -> 2
 storage exposures -> 1
[MV-SI candidate 7159b154855634c0c15d] {admin, guardian}
 writer root       -> contracts/Governance/GovernorBravoDelegate.sol::GovernorBravoDelegate.initialize(address,GovernorBravoDelegateStorageV2.ProposalConfig[],TimelockInterface[],address)
 writer effect     -> contracts/Governance/GovernorBravoDelegate.sol:65
 written member    -> ('SV', 'contracts/Governance/GovernorBravoInterfaces.sol', 'GovernorBravoDelegateStorageV1.guardian')
 potentially stale -> ('SV', 'contracts/Governance/GovernorBravoInterfaces.sol', 'GovernorBravoDelegatorStorage.admin')
 reader witnesses  -> 5
 storage exposures -> 1
[MV-SI candidate 73cc2c86e885f4578d84] {admin, guardian}
 writer root       -> contracts/Governance/GovernorBravoDelegate.sol::GovernorBravoDelegate._setGuardian(address)
 writer effect     -> contracts/Governance/GovernorBravoDelegate.sol:421
 written member    -> ('SV', 'contracts/Governance/GovernorBravoInterfaces.sol', 'GovernorBravoDelegateStorageV1.guardian')
 potentially stale -> ('SV', 'contracts/Governance/GovernorBravoInterfaces.sol', 'GovernorBravoDelegatorStorage.admin')
 reader witnesses  -> 5
 storage exposures -> 1
[MV-SI candidate 87d78816d76fe5b60839] {initialProposalId, proposalCount}
 writer root       -> contracts/Governance/GovernorBravoDelegate.sol::GovernorBravoDelegate.propose(address[],uint256[],string[],bytes[],string,GovernorBravoDelegateStorageV2.ProposalType)
 writer effect     -> contracts/Governance/GovernorBravoDelegate.sol:154
 written member    -> ('SV', 'contracts/Governance/GovernorBravoInterfaces.sol', 'GovernorBravoDelegateStorageV1.proposalCount')
 potentially stale -> ('SV', 'contracts/Governance/GovernorBravoInterfaces.sol', 'GovernorBravoDelegateStorageV1.initialProposalId')
 reader witnesses  -> 9
 storage exposures -> 1
[MV-SI candidate e0b3395aff5baaec6b25] {guardian, proposalConfigs}
 writer root       -> contracts/Governance/GovernorBravoDelegate.sol::GovernorBravoDelegate.initialize(address,GovernorBravoDelegateStorageV2.ProposalConfig[],TimelockInterface[],address)
 writer effect     -> contracts/Governance/GovernorBravoDelegate.sol:65
 written member    -> ('SV', 'contracts/Governance/GovernorBravoInterfaces.sol', 'GovernorBravoDelegateStorageV1.guardian')
 potentially stale -> ('SV', 'contracts/Governance/GovernorBravoInterfaces.sol', 'GovernorBravoDelegateStorageV2.proposalConfigs')
 reader witnesses  -> 2
 storage exposures -> 1Reference: https://github.com/crytic/slither/wiki/Detector-Documentation
[mvscan-config] {"ATOMIC_GROUP": [], "DIVERGENCE_BUDGET": 1000, "ENABLE_BRANCH_GROUPS": true, "ENABLE_EXTERNAL_STATE": true, "ENABLE_MULTI_RETURN_GROUPS": true, "MAPPING_MODE": "precise", "MERGE_OVERLOADS": false, "MVSCAN_ABLATION": "full", "MVSCAN_CONTEXTUAL_KEYS": true, "MVSCAN_INCLUDE_SCALAR_WITNESSES": false, "MVSCAN_INTERFACE_DISPATCH": false, "MVSCAN_MAX_CONTEXTS_PER_OWNER_BLOCK": 128, "MVSCAN_MAX_DISPATCH_TARGETS": 16, "MVSCAN_REQUIRE_DISTINCT_OUTER_ROOTS": false, "MVSCAN_ROOT_CONTEXT_SINKS": false, "NOOP_WRITE_FILTER": true, "REQUIRE_SAME_SLOT_KEY": true, "SINK_TEST": "none", "USER_CALLABLE_ALWAYS": [], "USER_CALLABLE_DENY": []}
[mvscan-stage] icfg-built blocks=12 vars=2
[mvscan-stage] root-seeding-done eligible_exposures=3 seeded=3 multi_exposure_entry_blocks=0 collapsed_contextual_aliases=0 excluded_dependency=0 excluded_interface=0 excluded_library=0 excluded_abstract=0 missing_entry_point=0 missing_entry_block=0
[mvscan-pairs] call_target_digest=4f53cda18c2baa0c0354bb5f9a3ecbe5ed12ab4d8e11ba873c2f11161202b945 candidate_count=0 candidate_digest=4f53cda18c2baa0c0354bb5f9a3ecbe5ed12ab4d8e11ba873c2f11161202b945 context_instance_count=0 execution_context_digest=ccd1fa3b07af47ae5a5abcf275c6d4495d0f0a7b6f45777d7f87e646bc6128a1 invalid_partial_write_filtered=0 must_full_relation_filtered=0 omitted_member_evidence_filtered=0 omitted_member_not_sensitive_filtered=0 owner_context_pairs=0 owner_context_pairs_considered=0 reader_witness_count=0 relation_base_members_shadowed=0 relation_context_incompatible=0 relation_digest=4f53cda18c2baa0c0354bb5f9a3ecbe5ed12ab4d8e11ba873c2f11161202b945 relation_members_raw=1 relation_origins_rejected_unary_after_shadowing=1 relation_origins_seen=1 root_context_sink_filtered=0 same_outer_root_filtered=0 scalar_variables_skipped=2 storage_context_mismatch=0 variables_considered=2
[mvscan-config] {"ATOMIC_GROUP": [], "DIVERGENCE_BUDGET": 1000, "ENABLE_BRANCH_GROUPS": true, "ENABLE_EXTERNAL_STATE": true, "ENABLE_MULTI_RETURN_GROUPS": true, "MAPPING_MODE": "precise", "MERGE_OVERLOADS": false, "MVSCAN_ABLATION": "full", "MVSCAN_CONTEXTUAL_KEYS": true, "MVSCAN_INCLUDE_SCALAR_WITNESSES": false, "MVSCAN_INTERFACE_DISPATCH": false, "MVSCAN_MAX_CONTEXTS_PER_OWNER_BLOCK": 128, "MVSCAN_MAX_DISPATCH_TARGETS": 16, "MVSCAN_REQUIRE_DISTINCT_OUTER_ROOTS": false, "MVSCAN_ROOT_CONTEXT_SINKS": false, "NOOP_WRITE_FILTER": true, "REQUIRE_SAME_SLOT_KEY": true, "SINK_TEST": "none", "USER_CALLABLE_ALWAYS": [], "USER_CALLABLE_DENY": []}
[mvscan-stage] icfg-built blocks=0 vars=0
[mvscan-stage] root-seeding-done eligible_exposures=0 seeded=0 multi_exposure_entry_blocks=0 collapsed_contextual_aliases=0 excluded_dependency=0 excluded_interface=0 excluded_library=0 excluded_abstract=0 missing_entry_point=1 missing_entry_block=0
[mvscan-pairs] call_target_digest=4f53cda18c2baa0c0354bb5f9a3ecbe5ed12ab4d8e11ba873c2f11161202b945 candidate_count=0 candidate_digest=4f53cda18c2baa0c0354bb5f9a3ecbe5ed12ab4d8e11ba873c2f11161202b945 context_instance_count=0 execution_context_digest=4f53cda18c2baa0c0354bb5f9a3ecbe5ed12ab4d8e11ba873c2f11161202b945 invalid_partial_write_filtered=0 must_full_relation_filtered=0 omitted_member_evidence_filtered=0 omitted_member_not_sensitive_filtered=0 owner_context_pairs=0 owner_context_pairs_considered=0 reader_witness_count=0 relation_context_incompatible=0 relation_digest=4f53cda18c2baa0c0354bb5f9a3ecbe5ed12ab4d8e11ba873c2f11161202b945 root_context_sink_filtered=0 same_outer_root_filtered=0 storage_context_mismatch=0
[mvscan-config] {"ATOMIC_GROUP": [], "DIVERGENCE_BUDGET": 1000, "ENABLE_BRANCH_GROUPS": true, "ENABLE_EXTERNAL_STATE": true, "ENABLE_MULTI_RETURN_GROUPS": true, "MAPPING_MODE": "precise", "MERGE_OVERLOADS": false, "MVSCAN_ABLATION": "full", "MVSCAN_CONTEXTUAL_KEYS": true, "MVSCAN_INCLUDE_SCALAR_WITNESSES": false, "MVSCAN_INTERFACE_DISPATCH": false, "MVSCAN_MAX_CONTEXTS_PER_OWNER_BLOCK": 128, "MVSCAN_MAX_DISPATCH_TARGETS": 16, "MVSCAN_REQUIRE_DISTINCT_OUTER_ROOTS": false, "MVSCAN_ROOT_CONTEXT_SINKS": false, "NOOP_WRITE_FILTER": true, "REQUIRE_SAME_SLOT_KEY": true, "SINK_TEST": "none", "USER_CALLABLE_ALWAYS": [], "USER_CALLABLE_DENY": []}
[mvscan-stage] icfg-built blocks=2 vars=2
[mvscan-stage] root-seeding-done eligible_exposures=0 seeded=0 multi_exposure_entry_blocks=0 collapsed_contextual_aliases=0 excluded_dependency=0 excluded_interface=0 excluded_library=0 excluded_abstract=0 missing_entry_point=0 missing_entry_block=0
[mvscan-pairs] call_target_digest=4f53cda18c2baa0c0354bb5f9a3ecbe5ed12ab4d8e11ba873c2f11161202b945 candidate_count=0 candidate_digest=4f53cda18c2baa0c0354bb5f9a3ecbe5ed12ab4d8e11ba873c2f11161202b945 context_instance_count=0 execution_context_digest=4f53cda18c2baa0c0354bb5f9a3ecbe5ed12ab4d8e11ba873c2f11161202b945 invalid_partial_write_filtered=0 must_full_relation_filtered=0 omitted_member_evidence_filtered=0 omitted_member_not_sensitive_filtered=0 owner_context_pairs=0 owner_context_pairs_considered=0 reader_witness_count=0 relation_context_incompatible=0 relation_digest=4f53cda18c2baa0c0354bb5f9a3ecbe5ed12ab4d8e11ba873c2f11161202b945 root_context_sink_filtered=0 same_outer_root_filtered=0 storage_context_mismatch=0
[mvscan-config] {"ATOMIC_GROUP": [], "DIVERGENCE_BUDGET": 1000, "ENABLE_BRANCH_GROUPS": true, "ENABLE_EXTERNAL_STATE": true, "ENABLE_MULTI_RETURN_GROUPS": true, "MAPPING_MODE": "precise", "MERGE_OVERLOADS": false, "MVSCAN_ABLATION": "full", "MVSCAN_CONTEXTUAL_KEYS": true, "MVSCAN_INCLUDE_SCALAR_WITNESSES": false, "MVSCAN_INTERFACE_DISPATCH": false, "MVSCAN_MAX_CONTEXTS_PER_OWNER_BLOCK": 128, "MVSCAN_MAX_DISPATCH_TARGETS": 16, "MVSCAN_REQUIRE_DISTINCT_OUTER_ROOTS": false, "MVSCAN_ROOT_CONTEXT_SINKS": false, "NOOP_WRITE_FILTER": true, "REQUIRE_SAME_SLOT_KEY": true, "SINK_TEST": "none", "USER_CALLABLE_ALWAYS": [], "USER_CALLABLE_DENY": []}
[mvscan-stage] icfg-built blocks=11 vars=3
[mvscan-stage] root-seeding-done eligible_exposures=3 seeded=3 multi_exposure_entry_blocks=0 collapsed_contextual_aliases=0 excluded_dependency=0 excluded_interface=0 excluded_library=0 excluded_abstract=0 missing_entry_point=0 missing_entry_block=0
[mvscan-pairs] call_target_digest=0eb0a83a36cb1b68aa1e4049dcd49c2e90dd90e6e6d9ce20fd6820d2a98e2336 candidate_count=0 candidate_digest=4f53cda18c2baa0c0354bb5f9a3ecbe5ed12ab4d8e11ba873c2f11161202b945 context_instance_count=0 execution_context_digest=174620c01762f2ef06f4c8698085bc9e47939bce0721bffc9d813ac834b2ca50 invalid_partial_write_filtered=0 must_full_relation_filtered=0 omitted_member_evidence_filtered=0 omitted_member_not_sensitive_filtered=0 owner_context_pairs=0 owner_context_pairs_considered=0 reader_witness_count=0 relation_context_incompatible=0 relation_digest=4f53cda18c2baa0c0354bb5f9a3ecbe5ed12ab4d8e11ba873c2f11161202b945 root_context_sink_filtered=0 same_outer_root_filtered=0 scalar_variables_skipped=3 storage_context_mismatch=0 variables_considered=3
[mvscan-config] {"ATOMIC_GROUP": [], "DIVERGENCE_BUDGET": 1000, "ENABLE_BRANCH_GROUPS": true, "ENABLE_EXTERNAL_STATE": true, "ENABLE_MULTI_RETURN_GROUPS": true, "MAPPING_MODE": "precise", "MERGE_OVERLOADS": false, "MVSCAN_ABLATION": "full", "MVSCAN_CONTEXTUAL_KEYS": true, "MVSCAN_INCLUDE_SCALAR_WITNESSES": false, "MVSCAN_INTERFACE_DISPATCH": false, "MVSCAN_MAX_CONTEXTS_PER_OWNER_BLOCK": 128, "MVSCAN_MAX_DISPATCH_TARGETS": 16, "MVSCAN_REQUIRE_DISTINCT_OUTER_ROOTS": false, "MVSCAN_ROOT_CONTEXT_SINKS": false, "NOOP_WRITE_FILTER": true, "REQUIRE_SAME_SLOT_KEY": true, "SINK_TEST": "none", "USER_CALLABLE_ALWAYS": [], "USER_CALLABLE_DENY": []}
[mvscan-stage] icfg-built blocks=2 vars=0
[mvscan-stage] root-seeding-done eligible_exposures=0 seeded=0 multi_exposure_entry_blocks=0 collapsed_contextual_aliases=0 excluded_dependency=0 excluded_interface=1 excluded_library=0 excluded_abstract=0 missing_entry_point=0 missing_entry_block=0
[mvscan-pairs] call_target_digest=50797828fe8ec18fcfe1fb891d14b53cd4ff2013fc017605238606f9ce7d6e44 candidate_count=0 candidate_digest=4f53cda18c2baa0c0354bb5f9a3ecbe5ed12ab4d8e11ba873c2f11161202b945 context_instance_count=0 execution_context_digest=4f53cda18c2baa0c0354bb5f9a3ecbe5ed12ab4d8e11ba873c2f11161202b945 invalid_partial_write_filtered=0 must_full_relation_filtered=0 omitted_member_evidence_filtered=0 omitted_member_not_sensitive_filtered=0 owner_context_pairs=0 owner_context_pairs_considered=0 reader_witness_count=0 relation_context_incompatible=0 relation_digest=4f53cda18c2baa0c0354bb5f9a3ecbe5ed12ab4d8e11ba873c2f11161202b945 root_context_sink_filtered=0 same_outer_root_filtered=0 storage_context_mismatch=0
[mvscan-config] {"ATOMIC_GROUP": [], "DIVERGENCE_BUDGET": 1000, "ENABLE_BRANCH_GROUPS": true, "ENABLE_EXTERNAL_STATE": true, "ENABLE_MULTI_RETURN_GROUPS": true, "MAPPING_MODE": "precise", "MERGE_OVERLOADS": false, "MVSCAN_ABLATION": "full", "MVSCAN_CONTEXTUAL_KEYS": true, "MVSCAN_INCLUDE_SCALAR_WITNESSES": false, "MVSCAN_INTERFACE_DISPATCH": false, "MVSCAN_MAX_CONTEXTS_PER_OWNER_BLOCK": 128, "MVSCAN_MAX_DISPATCH_TARGETS": 16, "MVSCAN_REQUIRE_DISTINCT_OUTER_ROOTS": false, "MVSCAN_ROOT_CONTEXT_SINKS": false, "NOOP_WRITE_FILTER": true, "REQUIRE_SAME_SLOT_KEY": true, "SINK_TEST": "none", "USER_CALLABLE_ALWAYS": [], "USER_CALLABLE_DENY": []}
[mvscan-stage] icfg-built blocks=2 vars=0
[mvscan-stage] root-seeding-done eligible_exposures=0 seeded=0 multi_exposure_entry_blocks=0 collapsed_contextual_aliases=0 excluded_dependency=0 excluded_interface=0 excluded_library=0 excluded_abstract=0 missing_entry_point=0 missing_entry_block=0
[mvscan-pairs] call_target_digest=4f53cda18c2baa0c0354bb5f9a3ecbe5ed12ab4d8e11ba873c2f11161202b945 candidate_count=0 candidate_digest=4f53cda18c2baa0c0354bb5f9a3ecbe5ed12ab4d8e11ba873c2f11161202b945 context_instance_count=0 execution_context_digest=4f53cda18c2baa0c0354bb5f9a3ecbe5ed12ab4d8e11ba873c2f11161202b945 invalid_partial_write_filtered=0 must_full_relation_filtered=0 omitted_member_evidence_filtered=0 omitted_member_not_sensitive_filtered=0 owner_context_pairs=0 owner_context_pairs_considered=0 reader_witness_count=0 relation_context_incompatible=0 relation_digest=4f53cda18c2baa0c0354bb5f9a3ecbe5ed12ab4d8e11ba873c2f11161202b945 root_context_sink_filtered=0 same_outer_root_filtered=0 storage_context_mismatch=0
[mvscan-config] {"ATOMIC_GROUP": [], "DIVERGENCE_BUDGET": 1000, "ENABLE_BRANCH_GROUPS": true, "ENABLE_EXTERNAL_STATE": true, "ENABLE_MULTI_RETURN_GROUPS": true, "MAPPING_MODE": "precise", "MERGE_OVERLOADS": false, "MVSCAN_ABLATION": "full", "MVSCAN_CONTEXTUAL_KEYS": true, "MVSCAN_INCLUDE_SCALAR_WITNESSES": false, "MVSCAN_INTERFACE_DISPATCH": false, "MVSCAN_MAX_CONTEXTS_PER_OWNER_BLOCK": 128, "MVSCAN_MAX_DISPATCH_TARGETS": 16, "MVSCAN_REQUIRE_DISTINCT_OUTER_ROOTS": false, "MVSCAN_ROOT_CONTEXT_SINKS": false, "NOOP_WRITE_FILTER": true, "REQUIRE_SAME_SLOT_KEY": true, "SINK_TEST": "none", "USER_CALLABLE_ALWAYS": [], "USER_CALLABLE_DENY": []}
[mvscan-stage] icfg-built blocks=8 vars=2
[mvscan-stage] root-seeding-done eligible_exposures=2 seeded=2 multi_exposure_entry_blocks=0 collapsed_contextual_aliases=0 excluded_dependency=0 excluded_interface=0 excluded_library=0 excluded_abstract=0 missing_entry_point=0 missing_entry_block=0
[mvscan-pairs] call_target_digest=4f53cda18c2baa0c0354bb5f9a3ecbe5ed12ab4d8e11ba873c2f11161202b945 candidate_count=0 candidate_digest=4f53cda18c2baa0c0354bb5f9a3ecbe5ed12ab4d8e11ba873c2f11161202b945 context_instance_count=0 execution_context_digest=3bcf705099db3c1645b2eda397b4196baa38f730840a0a0e85d711e7eae5bf0e invalid_partial_write_filtered=0 must_full_relation_filtered=0 omitted_member_evidence_filtered=0 omitted_member_not_sensitive_filtered=0 owner_context_pairs=0 owner_context_pairs_considered=0 reader_witness_count=0 relation_context_incompatible=0 relation_digest=4f53cda18c2baa0c0354bb5f9a3ecbe5ed12ab4d8e11ba873c2f11161202b945 root_context_sink_filtered=0 same_outer_root_filtered=0 scalar_variables_skipped=2 storage_context_mismatch=0 variables_considered=2
[mvscan-config] {"ATOMIC_GROUP": [], "DIVERGENCE_BUDGET": 1000, "ENABLE_BRANCH_GROUPS": true, "ENABLE_EXTERNAL_STATE": true, "ENABLE_MULTI_RETURN_GROUPS": true, "MAPPING_MODE": "precise", "MERGE_OVERLOADS": false, "MVSCAN_ABLATION": "full", "MVSCAN_CONTEXTUAL_KEYS": true, "MVSCAN_INCLUDE_SCALAR_WITNESSES": false, "MVSCAN_INTERFACE_DISPATCH": false, "MVSCAN_MAX_CONTEXTS_PER_OWNER_BLOCK": 128, "MVSCAN_MAX_DISPATCH_TARGETS": 16, "MVSCAN_REQUIRE_DISTINCT_OUTER_ROOTS": false, "MVSCAN_ROOT_CONTEXT_SINKS": false, "NOOP_WRITE_FILTER": true, "REQUIRE_SAME_SLOT_KEY": true, "SINK_TEST": "none", "USER_CALLABLE_ALWAYS": [], "USER_CALLABLE_DENY": []}
[mvscan-stage] icfg-built blocks=32 vars=8
[mvscan-stage] root-seeding-done eligible_exposures=7 seeded=7 multi_exposure_entry_blocks=0 collapsed_contextual_aliases=0 excluded_dependency=0 excluded_interface=0 excluded_library=0 excluded_abstract=0 missing_entry_point=0 missing_entry_block=0
[mvscan-pairs] call_target_digest=85847e41f7c870956026959b414d4ffe97272bcf6555a3a8019d37399e428972 candidate_count=0 candidate_digest=4f53cda18c2baa0c0354bb5f9a3ecbe5ed12ab4d8e11ba873c2f11161202b945 context_instance_count=0 execution_context_digest=c3c9459475dc93ad6bee56a4f3cbcfe0603ae1704a510ee8779ce0c342504539 invalid_partial_write_filtered=0 must_full_relation_filtered=0 omitted_member_evidence_filtered=0 omitted_member_not_sensitive_filtered=0 owner_context_pairs=0 owner_context_pairs_considered=0 reader_witness_count=0 relation_base_members_shadowed=4 relation_context_incompatible=0 relation_digest=4f53cda18c2baa0c0354bb5f9a3ecbe5ed12ab4d8e11ba873c2f11161202b945 relation_members_raw=8 relation_origins_rejected_unary_after_shadowing=4 relation_origins_seen=4 root_context_sink_filtered=0 same_outer_root_filtered=0 scalar_variables_skipped=5 storage_context_mismatch=0 variables_considered=5
[mvscan-config] {"ATOMIC_GROUP": [], "DIVERGENCE_BUDGET": 1000, "ENABLE_BRANCH_GROUPS": true, "ENABLE_EXTERNAL_STATE": true, "ENABLE_MULTI_RETURN_GROUPS": true, "MAPPING_MODE": "precise", "MERGE_OVERLOADS": false, "MVSCAN_ABLATION": "full", "MVSCAN_CONTEXTUAL_KEYS": true, "MVSCAN_INCLUDE_SCALAR_WITNESSES": false, "MVSCAN_INTERFACE_DISPATCH": false, "MVSCAN_MAX_CONTEXTS_PER_OWNER_BLOCK": 128, "MVSCAN_MAX_DISPATCH_TARGETS": 16, "MVSCAN_REQUIRE_DISTINCT_OUTER_ROOTS": false, "MVSCAN_ROOT_CONTEXT_SINKS": false, "NOOP_WRITE_FILTER": true, "REQUIRE_SAME_SLOT_KEY": true, "SINK_TEST": "none", "USER_CALLABLE_ALWAYS": [], "USER_CALLABLE_DENY": []}
[mvscan-stage] icfg-built blocks=3 vars=0
[mvscan-stage] root-seeding-done eligible_exposures=0 seeded=0 multi_exposure_entry_blocks=0 collapsed_contextual_aliases=0 excluded_dependency=0 excluded_interface=0 excluded_library=0 excluded_abstract=0 missing_entry_point=0 missing_entry_block=0
[mvscan-pairs] call_target_digest=4f53cda18c2baa0c0354bb5f9a3ecbe5ed12ab4d8e11ba873c2f11161202b945 candidate_count=0 candidate_digest=4f53cda18c2baa0c0354bb5f9a3ecbe5ed12ab4d8e11ba873c2f11161202b945 context_instance_count=0 execution_context_digest=4f53cda18c2baa0c0354bb5f9a3ecbe5ed12ab4d8e11ba873c2f11161202b945 invalid_partial_write_filtered=0 must_full_relation_filtered=0 omitted_member_evidence_filtered=0 omitted_member_not_sensitive_filtered=0 owner_context_pairs=0 owner_context_pairs_considered=0 reader_witness_count=0 relation_context_incompatible=0 relation_digest=4f53cda18c2baa0c0354bb5f9a3ecbe5ed12ab4d8e11ba873c2f11161202b945 root_context_sink_filtered=0 same_outer_root_filtered=0 storage_context_mismatch=0
[mvscan-config] {"ATOMIC_GROUP": [], "DIVERGENCE_BUDGET": 1000, "ENABLE_BRANCH_GROUPS": true, "ENABLE_EXTERNAL_STATE": true, "ENABLE_MULTI_RETURN_GROUPS": true, "MAPPING_MODE": "precise", "MERGE_OVERLOADS": false, "MVSCAN_ABLATION": "full", "MVSCAN_CONTEXTUAL_KEYS": true, "MVSCAN_INCLUDE_SCALAR_WITNESSES": false, "MVSCAN_INTERFACE_DISPATCH": false, "MVSCAN_MAX_CONTEXTS_PER_OWNER_BLOCK": 128, "MVSCAN_MAX_DISPATCH_TARGETS": 16, "MVSCAN_REQUIRE_DISTINCT_OUTER_ROOTS": false, "MVSCAN_ROOT_CONTEXT_SINKS": false, "NOOP_WRITE_FILTER": true, "REQUIRE_SAME_SLOT_KEY": true, "SINK_TEST": "none", "USER_CALLABLE_ALWAYS": [], "USER_CALLABLE_DENY": []}
[mvscan-stage] icfg-built blocks=176 vars=13
[mvscan-stage] root-seeding-done eligible_exposures=57 seeded=24 multi_exposure_entry_blocks=18 collapsed_contextual_aliases=33 excluded_dependency=0 excluded_interface=0 excluded_library=0 excluded_abstract=0 missing_entry_point=7 missing_entry_block=0
[mvscan-pairs] call_target_digest=37580a1070e9b4e03adc3171fa0fab46e7b7cbe7fee1ffe237b64cd40cdf8eb5 candidate_count=0 candidate_digest=4f53cda18c2baa0c0354bb5f9a3ecbe5ed12ab4d8e11ba873c2f11161202b945 context_instance_count=0 execution_context_digest=1b1620161510c50aa52755a16cea88f5d693c40cc89e284fde6cf4ab7c30938a invalid_partial_write_filtered=0 must_full_relation_filtered=0 omitted_member_evidence_filtered=0 omitted_member_not_sensitive_filtered=0 owner_context_pairs=0 owner_context_pairs_considered=0 reader_witness_count=0 relation_base_members_shadowed=5 relation_context_incompatible=0 relation_digest=4f53cda18c2baa0c0354bb5f9a3ecbe5ed12ab4d8e11ba873c2f11161202b945 relation_members_raw=16 relation_origins_rejected_unary_after_shadowing=11 relation_origins_rejected_unreachable=3 relation_origins_seen=11 root_context_sink_filtered=0 same_outer_root_filtered=0 scalar_variables_skipped=10 storage_context_mismatch=0 variables_considered=10
[mvscan-config] {"ATOMIC_GROUP": [], "DIVERGENCE_BUDGET": 1000, "ENABLE_BRANCH_GROUPS": true, "ENABLE_EXTERNAL_STATE": true, "ENABLE_MULTI_RETURN_GROUPS": true, "MAPPING_MODE": "precise", "MERGE_OVERLOADS": false, "MVSCAN_ABLATION": "full", "MVSCAN_CONTEXTUAL_KEYS": true, "MVSCAN_INCLUDE_SCALAR_WITNESSES": false, "MVSCAN_INTERFACE_DISPATCH": false, "MVSCAN_MAX_CONTEXTS_PER_OWNER_BLOCK": 128, "MVSCAN_MAX_DISPATCH_TARGETS": 16, "MVSCAN_REQUIRE_DISTINCT_OUTER_ROOTS": false, "MVSCAN_ROOT_CONTEXT_SINKS": false, "NOOP_WRITE_FILTER": true, "REQUIRE_SAME_SLOT_KEY": true, "SINK_TEST": "none", "USER_CALLABLE_ALWAYS": [], "USER_CALLABLE_DENY": []}
[mvscan-stage] icfg-built blocks=122 vars=9
[mvscan-stage] root-seeding-done eligible_exposures=11 seeded=9 multi_exposure_entry_blocks=2 collapsed_contextual_aliases=2 excluded_dependency=0 excluded_interface=3 excluded_library=0 excluded_abstract=0 missing_entry_point=0 missing_entry_block=0
[mvscan-pairs] call_target_digest=27218621f14a28f73b73746be144723963e5462f811c0f1bd6f057bd30fe6c07 candidate_count=0 candidate_digest=4f53cda18c2baa0c0354bb5f9a3ecbe5ed12ab4d8e11ba873c2f11161202b945 context_instance_count=0 execution_context_digest=804a1a751630d122e8872e3519b4d74d3496aca01140e9dd6c90b15e0a880031 invalid_partial_write_filtered=0 must_full_relation_filtered=0 omitted_member_evidence_filtered=0 omitted_member_not_sensitive_filtered=0 owner_context_pairs=0 owner_context_pairs_considered=0 reader_witness_count=0 relation_base_members_shadowed=0 relation_context_incompatible=0 relation_digest=4f53cda18c2baa0c0354bb5f9a3ecbe5ed12ab4d8e11ba873c2f11161202b945 relation_members_raw=1 relation_origins_rejected_unary_after_shadowing=1 relation_origins_rejected_unreachable=8 relation_origins_seen=1 root_context_sink_filtered=0 same_outer_root_filtered=0 scalar_variables_skipped=5 storage_context_mismatch=0 variables_considered=5
[mvscan-config] {"ATOMIC_GROUP": [], "DIVERGENCE_BUDGET": 1000, "ENABLE_BRANCH_GROUPS": true, "ENABLE_EXTERNAL_STATE": true, "ENABLE_MULTI_RETURN_GROUPS": true, "MAPPING_MODE": "precise", "MERGE_OVERLOADS": false, "MVSCAN_ABLATION": "full", "MVSCAN_CONTEXTUAL_KEYS": true, "MVSCAN_INCLUDE_SCALAR_WITNESSES": false, "MVSCAN_INTERFACE_DISPATCH": false, "MVSCAN_MAX_CONTEXTS_PER_OWNER_BLOCK": 128, "MVSCAN_MAX_DISPATCH_TARGETS": 16, "MVSCAN_REQUIRE_DISTINCT_OUTER_ROOTS": false, "MVSCAN_ROOT_CONTEXT_SINKS": false, "NOOP_WRITE_FILTER": true, "REQUIRE_SAME_SLOT_KEY": true, "SINK_TEST": "none", "USER_CALLABLE_ALWAYS": [], "USER_CALLABLE_DENY": []}
[mvscan-stage] icfg-built blocks=122 vars=9
[mvscan-stage] root-seeding-done eligible_exposures=11 seeded=9 multi_exposure_entry_blocks=2 collapsed_contextual_aliases=2 excluded_dependency=0 excluded_interface=3 excluded_library=0 excluded_abstract=0 missing_entry_point=0 missing_entry_block=0
[mvscan-pairs] call_target_digest=4a069614a164dbdd5c88bae7bbebad141d6c65f87d2262a98f8c771a69f3a118 candidate_count=0 candidate_digest=4f53cda18c2baa0c0354bb5f9a3ecbe5ed12ab4d8e11ba873c2f11161202b945 context_instance_count=0 execution_context_digest=ea0061b5ab17ca3d1bb42390a4558b04207ee66353cacf0c3172c64ae2657f99 invalid_partial_write_filtered=0 must_full_relation_filtered=0 omitted_member_evidence_filtered=0 omitted_member_not_sensitive_filtered=0 owner_context_pairs=0 owner_context_pairs_considered=0 reader_witness_count=0 relation_base_members_shadowed=0 relation_context_incompatible=0 relation_digest=4f53cda18c2baa0c0354bb5f9a3ecbe5ed12ab4d8e11ba873c2f11161202b945 relation_members_raw=1 relation_origins_rejected_unary_after_shadowing=1 relation_origins_rejected_unreachable=8 relation_origins_seen=1 root_context_sink_filtered=0 same_outer_root_filtered=0 scalar_variables_skipped=5 storage_context_mismatch=0 variables_considered=5
[mvscan-config] {"ATOMIC_GROUP": [], "DIVERGENCE_BUDGET": 1000, "ENABLE_BRANCH_GROUPS": true, "ENABLE_EXTERNAL_STATE": true, "ENABLE_MULTI_RETURN_GROUPS": true, "MAPPING_MODE": "precise", "MERGE_OVERLOADS": false, "MVSCAN_ABLATION": "full", "MVSCAN_CONTEXTUAL_KEYS": true, "MVSCAN_INCLUDE_SCALAR_WITNESSES": false, "MVSCAN_INTERFACE_DISPATCH": false, "MVSCAN_MAX_CONTEXTS_PER_OWNER_BLOCK": 128, "MVSCAN_MAX_DISPATCH_TARGETS": 16, "MVSCAN_REQUIRE_DISTINCT_OUTER_ROOTS": false, "MVSCAN_ROOT_CONTEXT_SINKS": false, "NOOP_WRITE_FILTER": true, "REQUIRE_SAME_SLOT_KEY": true, "SINK_TEST": "none", "USER_CALLABLE_ALWAYS": [], "USER_CALLABLE_DENY": []}
[mvscan-stage] icfg-built blocks=122 vars=9
[mvscan-stage] root-seeding-done eligible_exposures=11 seeded=9 multi_exposure_entry_blocks=2 collapsed_contextual_aliases=2 excluded_dependency=0 excluded_interface=3 excluded_library=0 excluded_abstract=0 missing_entry_point=0 missing_entry_block=0
[mvscan-pairs] call_target_digest=0f272a40817dda7979cc2f1aa7fff7b1f16fab7c9c5d884ed83f3ff3bd0307ea candidate_count=0 candidate_digest=4f53cda18c2baa0c0354bb5f9a3ecbe5ed12ab4d8e11ba873c2f11161202b945 context_instance_count=0 execution_context_digest=76225f8cb64fe48b0acd825acc9dd69bfcdbded6fd4bc854ba01c916ee6576c2 invalid_partial_write_filtered=0 must_full_relation_filtered=0 omitted_member_evidence_filtered=0 omitted_member_not_sensitive_filtered=0 owner_context_pairs=0 owner_context_pairs_considered=0 reader_witness_count=0 relation_base_members_shadowed=0 relation_context_incompatible=0 relation_digest=4f53cda18c2baa0c0354bb5f9a3ecbe5ed12ab4d8e11ba873c2f11161202b945 relation_members_raw=1 relation_origins_rejected_unary_after_shadowing=1 relation_origins_rejected_unreachable=8 relation_origins_seen=1 root_context_sink_filtered=0 same_outer_root_filtered=0 scalar_variables_skipped=5 storage_context_mismatch=0 variables_considered=5
[mvscan-config] {"ATOMIC_GROUP": [], "DIVERGENCE_BUDGET": 1000, "ENABLE_BRANCH_GROUPS": true, "ENABLE_EXTERNAL_STATE": true, "ENABLE_MULTI_RETURN_GROUPS": true, "MAPPING_MODE": "precise", "MERGE_OVERLOADS": false, "MVSCAN_ABLATION": "full", "MVSCAN_CONTEXTUAL_KEYS": true, "MVSCAN_INCLUDE_SCALAR_WITNESSES": false, "MVSCAN_INTERFACE_DISPATCH": false, "MVSCAN_MAX_CONTEXTS_PER_OWNER_BLOCK": 128, "MVSCAN_MAX_DISPATCH_TARGETS": 16, "MVSCAN_REQUIRE_DISTINCT_OUTER_ROOTS": false, "MVSCAN_ROOT_CONTEXT_SINKS": false, "NOOP_WRITE_FILTER": true, "REQUIRE_SAME_SLOT_KEY": true, "SINK_TEST": "none", "USER_CALLABLE_ALWAYS": [], "USER_CALLABLE_DENY": []}
[mvscan-stage] icfg-built blocks=122 vars=9
[mvscan-stage] root-seeding-done eligible_exposures=11 seeded=9 multi_exposure_entry_blocks=2 collapsed_contextual_aliases=2 excluded_dependency=0 excluded_interface=3 excluded_library=0 excluded_abstract=0 missing_entry_point=0 missing_entry_block=0
[mvscan-pairs] call_target_digest=ef99e10cf992ae04d335af44a7040c2000f8f51e39162aafa9309f26a6d515f7 candidate_count=0 candidate_digest=4f53cda18c2baa0c0354bb5f9a3ecbe5ed12ab4d8e11ba873c2f11161202b945 context_instance_count=0 execution_context_digest=4bdba26c562d99326cda31066760f6c418b9d13393d42b1dbe86908c91f65491 invalid_partial_write_filtered=0 must_full_relation_filtered=0 omitted_member_evidence_filtered=0 omitted_member_not_sensitive_filtered=0 owner_context_pairs=0 owner_context_pairs_considered=0 reader_witness_count=0 relation_base_members_shadowed=0 relation_context_incompatible=0 relation_digest=4f53cda18c2baa0c0354bb5f9a3ecbe5ed12ab4d8e11ba873c2f11161202b945 relation_members_raw=1 relation_origins_rejected_unary_after_shadowing=1 relation_origins_rejected_unreachable=8 relation_origins_seen=1 root_context_sink_filtered=0 same_outer_root_filtered=0 scalar_variables_skipped=5 storage_context_mismatch=0 variables_considered=5
[mvscan-config] {"ATOMIC_GROUP": [], "DIVERGENCE_BUDGET": 1000, "ENABLE_BRANCH_GROUPS": true, "ENABLE_EXTERNAL_STATE": true, "ENABLE_MULTI_RETURN_GROUPS": true, "MAPPING_MODE": "precise", "MERGE_OVERLOADS": false, "MVSCAN_ABLATION": "full", "MVSCAN_CONTEXTUAL_KEYS": true, "MVSCAN_INCLUDE_SCALAR_WITNESSES": false, "MVSCAN_INTERFACE_DISPATCH": false, "MVSCAN_MAX_CONTEXTS_PER_OWNER_BLOCK": 128, "MVSCAN_MAX_DISPATCH_TARGETS": 16, "MVSCAN_REQUIRE_DISTINCT_OUTER_ROOTS": false, "MVSCAN_ROOT_CONTEXT_SINKS": false, "NOOP_WRITE_FILTER": true, "REQUIRE_SAME_SLOT_KEY": true, "SINK_TEST": "none", "USER_CALLABLE_ALWAYS": [], "USER_CALLABLE_DENY": []}
[mvscan-stage] icfg-built blocks=2668 vars=100
[mvscan-stage] root-seeding-done eligible_exposures=144 seeded=96 multi_exposure_entry_blocks=28 collapsed_contextual_aliases=48 excluded_dependency=0 excluded_interface=101 excluded_library=0 excluded_abstract=14 missing_entry_point=0 missing_entry_block=0
[mvscan-pairs] call_target_digest=d6fc70e3a58530315f0e2b0467e25a50dff51c010f9c297f8e8e31901b1fe962 candidate_count=229 candidate_digest=2e208361735702d5b7ce388be0b9500f0f78d1d0ab4b09fa009f7fd35cc99f27 context_instance_count=11324 eligible_readers=353 eligible_writers=269 execution_context_digest=4920aecefa8f9fb52940d298d3bd1b72de178e2329e87c8fb623d9e91df13236 insensitive_readers_filtered=209 invalid_partial_write_filtered=0 must_full_relation_filtered=1000 omitted_member_evidence_filtered=0 omitted_member_not_sensitive_filtered=3564 owner_context_pairs=44180 owner_context_pairs_considered=191649 raw_block_pairs=4939 reader_witness_count=44180 relation_base_members_shadowed=14 relation_context_incompatible=47115 relation_digest=1a12981fd000f77341a016ad03018632387f674daeb4c678d721424e2fd2e14a relation_members_raw=144 relation_origins_registered=29 relation_origins_rejected_unary_after_shadowing=68 relation_origins_rejected_unreachable=17 relation_origins_seen=97 relation_unbound_key_templates=11 root_context_sink_filtered=0 same_outer_root_filtered=0 same_static_block_filtered=109 scalar_variables_skipped=64 storage_context_mismatch=95790 variables_considered=93
INFO:Detectors:

[MV-SI candidate 0063d1828246f96885d0] {allMarkets, markets}
 writer root       -> contracts/Tokens/Prime/Prime.sol::Prime.updateAlpha(uint128,uint128)
 writer effect     -> contracts/Tokens/Prime/Prime.sol:246
 written member    -> ('SV', 'contracts/Tokens/Prime/PrimeStorage.sol', 'PrimeStorageV1.allMarkets')
 potentially stale -> ('SV', 'contracts/Tokens/Prime/PrimeStorage.sol', 'PrimeStorageV1.markets')
 reader witnesses  -> 388
 storage exposures -> 2
[MV-SI candidate 0068d3f42d371708f51f] {_initialized, _initializing}
 writer root       -> contracts/Liquidator/Liquidator.sol::Liquidator.initialize(uint256)
 writer effect     -> @openzeppelin/contracts-upgradeable/proxy/utils/Initializable.sol:92
 written member    -> ('SV', '@openzeppelin/contracts-upgradeable/proxy/utils/Initializable.sol', 'Initializable._initializing')
 potentially stale -> ('SV', '@openzeppelin/contracts-upgradeable/proxy/utils/Initializable.sol', 'Initializable._initialized')
 reader witnesses  -> 1
 storage exposures -> 1
[MV-SI candidate 011bd855139a552d281c] {interests, markets}
 writer root       -> contracts/Tokens/Prime/Prime.sol::Prime.burn(address)
 writer effect     -> contracts/Tokens/Prime/Prime.sol:737
 written member    -> ('SV', 'contracts/Tokens/Prime/PrimeStorage.sol', 'PrimeStorageV1.interests')
 potentially stale -> ('SV', 'contracts/Tokens/Prime/PrimeStorage.sol', 'PrimeStorageV1.markets')
 reader witnesses  -> 1164
 storage exposures -> 2
[MV-SI candidate 01933b054d74ca6cbe29] {totalIrrevocable, totalRevocable}
 writer root       -> contracts/Tokens/Prime/Prime.sol::Prime.claim()
 writer effect     -> contracts/Tokens/Prime/Prime.sol:711
 written member    -> ('SV', 'contracts/Tokens/Prime/PrimeStorage.sol', 'PrimeStorageV1.totalIrrevocable')
 potentially stale -> ('SV', 'contracts/Tokens/Prime/PrimeStorage.sol', 'PrimeStorageV1.totalRevocable')
 reader witnesses  -> 22
 storage exposures -> 2
[MV-SI candidate 02f8e1a4f6bcc87d8c49] {interests, markets}
 writer root       -> contracts/Tokens/Prime/Prime.sol::Prime.burn(address)
 writer effect     -> contracts/Tokens/Prime/Prime.sol:588
 written member    -> ('SV', 'contracts/Tokens/Prime/PrimeStorage.sol', 'PrimeStorageV1.markets')
 potentially stale -> ('SV', 'contracts/Tokens/Prime/PrimeStorage.sol', 'PrimeStorageV1.interests')
 reader witnesses  -> 312
 storage exposures -> 2
[MV-SI candidate 0451887b1120817b77b6] {allMarkets, markets}
 writer root       -> contracts/Tokens/Prime/Prime.sol::Prime.claim()
 writer effect     -> contracts/Tokens/Prime/Prime.sol:633
 written member    -> ('SV', 'contracts/Tokens/Prime/PrimeStorage.sol', 'PrimeStorageV1.markets')
 potentially stale -> ('SV', 'contracts/Tokens/Prime/PrimeStorage.sol', 'PrimeStorageV1.allMarkets')
 reader witnesses  -> 40
 storage exposures -> 2
[MV-SI candidate 04b2c61ea1ae86093433] {unreleasedPLPIncome[@local::contracts/Tokens/Prime/Prime.sol::Prime.accrueInterest(address)::LocalVariable::underlying_1], unreleasedPSRIncome[@local::contracts/Tokens/Prime/Prime.sol::Prime.accrueInterest(address)::LocalVariable::underlying_1]}
 writer root       -> contracts/Tokens/Prime/Prime.sol::Prime.burn(address)
 writer effect     -> contracts/Tokens/Prime/Prime.sol:580
 written member    -> ('MS', 'contracts/Tokens/Prime/PrimeStorage.sol', 'PrimeStorageV1.unreleasedPSRIncome', '@local::contracts/Tokens/Prime/Prime.sol::Prime.accrueInterest(address)::LocalVariable::underlying_1')
 potentially stale -> ('MS', 'contracts/Tokens/Prime/PrimeStorage.sol', 'PrimeStorageV1.unreleasedPLPIncome', '@local::contracts/Tokens/Prime/Prime.sol::Prime.accrueInterest(address)::LocalVariable::underlying_1')
 reader witnesses  -> 26
 storage exposures -> 2
[MV-SI candidate 055b228a0bb973412b19] {unreleasedPLPIncome[@local::contracts/Tokens/Prime/Prime.sol::Prime.accrueInterest(address)::LocalVariable::underlying_1], unreleasedPSRIncome[@local::contracts/Tokens/Prime/Prime.sol::Prime.accrueInterest(address)::LocalVariable::underlying_1]}
 writer root       -> contracts/Tokens/Prime/Prime.sol::Prime.getPendingInterests(address)
 writer effect     -> contracts/Tokens/Prime/Prime.sol:580
 written member    -> ('MS', 'contracts/Tokens/Prime/PrimeStorage.sol', 'PrimeStorageV1.unreleasedPSRIncome', '@local::contracts/Tokens/Prime/Prime.sol::Prime.accrueInterest(address)::LocalVariable::underlying_1')
 potentially stale -> ('MS', 'contracts/Tokens/Prime/PrimeStorage.sol', 'PrimeStorageV1.unreleasedPLPIncome', '@local::contracts/Tokens/Prime/Prime.sol::Prime.accrueInterest(address)::LocalVariable::underlying_1')
 reader witnesses  -> 26
 storage exposures -> 2
[MV-SI candidate 05c5f1e497c1b27160cd] {interests, markets}
 writer root       -> contracts/Tokens/Prime/Prime.sol::Prime.updateScores(address[])
 writer effect     -> contracts/Tokens/Prime/Prime.sol:786
 written member    -> ('SV', 'contracts/Tokens/Prime/PrimeStorage.sol', 'PrimeStorageV1.interests')
 potentially stale -> ('SV', 'contracts/Tokens/Prime/PrimeStorage.sol', 'PrimeStorageV1.markets')
 reader witnesses  -> 1116
 storage exposures -> 2
[MV-SI candidate 05f0ce453790a9780331] {interests, markets}
 writer root       -> contracts/Tokens/Prime/Prime.sol::Prime.claim()
 writer effect     -> contracts/Tokens/Prime/Prime.sol:633
 written member    -> ('SV', 'contracts/Tokens/Prime/PrimeStorage.sol', 'PrimeStorageV1.markets')
 potentially stale -> ('SV', 'contracts/Tokens/Prime/PrimeStorage.sol', 'PrimeStorageV1.interests')
 reader witnesses  -> 312
 storage exposures -> 2
[MV-SI candidate 08cbd26281c05f465e5e] {isScoreUpdated[@state::contracts/Tokens/Prime/PrimeStorage.sol::PrimeStorageV1.nextScoreUpdateRoundId][$arg0], nextScoreUpdateRoundId, pendingScoreUpdates}
 writer root       -> contracts/Tokens/Prime/Prime.sol::Prime.updateScores(address[])
 writer effect     -> contracts/Tokens/Prime/Prime.sol:221
 written member    -> ('SV', 'contracts/Tokens/Prime/PrimeStorage.sol', 'PrimeStorageV1.pendingScoreUpdates')
 potentially stale -> ('MS', 'contracts/Tokens/Prime/PrimeStorage.sol', 'PrimeStorageV1.isScoreUpdated', '@state::contracts/Tokens/Prime/PrimeStorage.sol::PrimeStorageV1.nextScoreUpdateRoundId][$arg0'), ('SV', 'contracts/Tokens/Prime/PrimeStorage.sol', 'PrimeStorageV1.nextScoreUpdateRoundId')
 reader witnesses  -> 14
 storage exposures -> 2
[MV-SI candidate 08ceb3cba0d4001eb779] {stakedAt[$arg0], tokens}
 writer root       -> contracts/Tokens/Prime/Prime.sol::Prime.issue(bool,address[])
 writer effect     -> contracts/Tokens/Prime/Prime.sol:707
 written member    -> ('SV', 'contracts/Tokens/Prime/PrimeStorage.sol', 'PrimeStorageV1.tokens')
 potentially stale -> ('MS', 'contracts/Tokens/Prime/PrimeStorage.sol', 'PrimeStorageV1.stakedAt', '$arg0')
 reader witnesses  -> 8
 storage exposures -> 2
[MV-SI candidate 098fdd7be11d44c4f310] {markets, tokens}
 writer root       -> contracts/Tokens/Prime/Prime.sol::Prime.issue(bool,address[])
 writer effect     -> contracts/Tokens/Prime/Prime.sol:708
 written member    -> ('SV', 'contracts/Tokens/Prime/PrimeStorage.sol', 'PrimeStorageV1.tokens')
 potentially stale -> ('SV', 'contracts/Tokens/Prime/PrimeStorage.sol', 'PrimeStorageV1.markets')
 reader witnesses  -> 388
 storage exposures -> 2
[MV-SI candidate 09bfcdafd06f437d8bd0] {allowedLiquidatorsByAccount[$arg0][$arg1], liquidationRestricted[$arg0]}
 writer root       -> contracts/Liquidator/Liquidator.sol::Liquidator.restrictLiquidation(address)
 writer effect     -> contracts/Liquidator/Liquidator.sol:150
 written member    -> ('MS', 'contracts/Liquidator/Liquidator.sol', 'Liquidator.liquidationRestricted', '$arg0')
 potentially stale -> ('MS', 'contracts/Liquidator/Liquidator.sol', 'Liquidator.allowedLiquidatorsByAccount', '$arg0][$arg1')
 reader witnesses  -> 6
 storage exposures -> 2
[MV-SI candidate 0a6621d398d56242d87b] {allMarkets, markets}
 writer root       -> contracts/Tokens/Prime/Prime.sol::Prime.issue(bool,address[])
 writer effect     -> contracts/Tokens/Prime/Prime.sol:633
 written member    -> ('SV', 'contracts/Tokens/Prime/PrimeStorage.sol', 'PrimeStorageV1.markets')
 potentially stale -> ('SV', 'contracts/Tokens/Prime/PrimeStorage.sol', 'PrimeStorageV1.allMarkets')
 reader witnesses  -> 40
 storage exposures -> 2
[MV-SI candidate 0a78db80f7b4b12c1613] {totalIrrevocable, totalRevocable}
 writer root       -> contracts/Tokens/Prime/Prime.sol::Prime.issue(bool,address[])
 writer effect     -> contracts/Tokens/Prime/Prime.sol:767
 written member    -> ('SV', 'contracts/Tokens/Prime/PrimeStorage.sol', 'PrimeStorageV1.totalRevocable')
 potentially stale -> ('SV', 'contracts/Tokens/Prime/PrimeStorage.sol', 'PrimeStorageV1.totalIrrevocable')
 reader witnesses  -> 24
 storage exposures -> 2
[MV-SI candidate 0b9e3501084810835b9b] {allMarkets, markets}
 writer root       -> contracts/Tokens/Prime/Prime.sol::Prime.xvsUpdated(address)
 writer effect     -> contracts/Tokens/Prime/Prime.sol:733
 written member    -> ('SV', 'contracts/Tokens/Prime/PrimeStorage.sol', 'PrimeStorageV1.markets')
 potentially stale -> ('SV', 'contracts/Tokens/Prime/PrimeStorage.sol', 'PrimeStorageV1.allMarkets')
 reader witnesses  -> 40
 storage exposures -> 2
[MV-SI candidate 0c1ae109de5b58144d40] {markets, tokens}
 writer root       -> contracts/Tokens/Prime/Prime.sol::Prime.getPendingInterests(address)
 writer effect     -> contracts/Tokens/Prime/Prime.sol:588
 written member    -> ('SV', 'contracts/Tokens/Prime/PrimeStorage.sol', 'PrimeStorageV1.markets')
 potentially stale -> ('SV', 'contracts/Tokens/Prime/PrimeStorage.sol', 'PrimeStorageV1.tokens')
 reader witnesses  -> 108
 storage exposures -> 2
[MV-SI candidate 0f4bb06be54fff1c42a8] {allowedLiquidatorsByAccount[$arg0][$arg1], liquidationRestricted[$arg0]}
 writer root       -> contracts/Liquidator/Liquidator.sol::Liquidator.unrestrictLiquidation(address)
 writer effect     -> contracts/Liquidator/Liquidator.sol:161
 written member    -> ('MS', 'contracts/Liquidator/Liquidator.sol', 'Liquidator.liquidationRestricted', '$arg0')
 potentially stale -> ('MS', 'contracts/Liquidator/Liquidator.sol', 'Liquidator.allowedLiquidatorsByAccount', '$arg0][$arg1')
 reader witnesses  -> 6
 storage exposures -> 2
[MV-SI candidate 11f4ab3fd1e880f432f1] {totalIrrevocable, totalRevocable}
 writer root       -> contracts/Tokens/Prime/Prime.sol::Prime.burn(address)
 writer effect     -> contracts/Tokens/Prime/Prime.sol:745
 written member    -> ('SV', 'contracts/Tokens/Prime/PrimeStorage.sol', 'PrimeStorageV1.totalIrrevocable')
 potentially stale -> ('SV', 'contracts/Tokens/Prime/PrimeStorage.sol', 'PrimeStorageV1.totalRevocable')
 reader witnesses  -> 22
 storage exposures -> 2
[MV-SI candidate 13627516147fea8189e6] {markets, tokens}
 writer root       -> contracts/Tokens/Prime/Prime.sol::Prime.updateMultipliers(address,uint256,uint256)
 writer effect     -> contracts/Tokens/Prime/Prime.sol:276
 written member    -> ('SV', 'contracts/Tokens/Prime/PrimeStorage.sol', 'PrimeStorageV1.markets')
 potentially stale -> ('SV', 'contracts/Tokens/Prime/PrimeStorage.sol', 'PrimeStorageV1.tokens')
 reader witnesses  -> 108
 storage exposures -> 2
[MV-SI candidate 149fd08f7a28f73ccdba] {markets, tokens}
 writer root       -> contracts/Tokens/Prime/Prime.sol::Prime.claim()
 writer effect     -> contracts/Tokens/Prime/Prime.sol:707
 written member    -> ('SV', 'contracts/Tokens/Prime/PrimeStorage.sol', 'PrimeStorageV1.tokens')
 potentially stale -> ('SV', 'contracts/Tokens/Prime/PrimeStorage.sol', 'PrimeStorageV1.markets')
 reader witnesses  -> 388
 storage exposures -> 2
[MV-SI candidate 1577ad69612b2d63ec6d] {allMarkets, markets}
 writer root       -> contracts/Tokens/Prime/Prime.sol::Prime.claimInterest(address)
 writer effect     -> contracts/Tokens/Prime/Prime.sol:588
 written member    -> ('SV', 'contracts/Tokens/Prime/PrimeStorage.sol', 'PrimeStorageV1.markets')
 potentially stale -> ('SV', 'contracts/Tokens/Prime/PrimeStorage.sol', 'PrimeStorageV1.allMarkets')
 reader witnesses  -> 40
 storage exposures -> 2
[MV-SI candidate 157ede8c2b160f996375] {totalIrrevocable, totalRevocable}
 writer root       -> contracts/Tokens/Prime/Prime.sol::Prime.claim()
 writer effect     -> contracts/Tokens/Prime/Prime.sol:713
 written member    -> ('SV', 'contracts/Tokens/Prime/PrimeStorage.sol', 'PrimeStorageV1.totalRevocable')
 potentially stale -> ('SV', 'contracts/Tokens/Prime/PrimeStorage.sol', 'PrimeStorageV1.totalIrrevocable')
 reader witnesses  -> 24
 storage exposures -> 2
[MV-SI candidate 15841a88c57c0190050e] {irrevocableLimit, revocableLimit, totalIrrevocable, totalRevocable}
 writer root       -> contracts/Tokens/Prime/Prime.sol::Prime.issue(bool,address[])
 writer effect     -> contracts/Tokens/Prime/Prime.sol:767
 written member    -> ('SV', 'contracts/Tokens/Prime/PrimeStorage.sol', 'PrimeStorageV1.totalRevocable')
 potentially stale -> ('SV', 'contracts/Tokens/Prime/PrimeStorage.sol', 'PrimeStorageV1.irrevocableLimit'), ('SV', 'contracts/Tokens/Prime/PrimeStorage.sol', 'PrimeStorageV1.revocableLimit'), ('SV', 'contracts/Tokens/Prime/PrimeStorage.sol', 'PrimeStorageV1.totalIrrevocable')
 reader witnesses  -> 24
 storage exposures -> 2
[MV-SI candidate 160f6b4816a234ebf9b8] {interests, markets}
 writer root       -> contracts/Tokens/Prime/Prime.sol::Prime.xvsUpdated(address)
 writer effect     -> contracts/Tokens/Prime/Prime.sol:786
 written member    -> ('SV', 'contracts/Tokens/Prime/PrimeStorage.sol', 'PrimeStorageV1.interests')
 potentially stale -> ('SV', 'contracts/Tokens/Prime/PrimeStorage.sol', 'PrimeStorageV1.markets')
 reader witnesses  -> 1116
 storage exposures -> 2
[MV-SI candidate 183e45b5e915d04efe30] {irrevocableLimit, totalIrrevocable}
 writer root       -> contracts/Tokens/Prime/Prime.sol::Prime.issue(bool,address[])
 writer effect     -> contracts/Tokens/Prime/Prime.sol:711
 written member    -> ('SV', 'contracts/Tokens/Prime/PrimeStorage.sol', 'PrimeStorageV1.totalIrrevocable')
 potentially stale -> ('SV', 'contracts/Tokens/Prime/PrimeStorage.sol', 'PrimeStorageV1.irrevocableLimit')
 reader witnesses  -> 6
 storage exposures -> 2
[MV-SI candidate 18a63a58c183236beb6e] {interests, markets}
 writer root       -> contracts/Tokens/Prime/Prime.sol::Prime.updateMultipliers(address,uint256,uint256)
 writer effect     -> contracts/Tokens/Prime/Prime.sol:276
 written member    -> ('SV', 'contracts/Tokens/Prime/PrimeStorage.sol', 'PrimeStorageV1.markets')
 potentially stale -> ('SV', 'contracts/Tokens/Prime/PrimeStorage.sol', 'PrimeStorageV1.interests')
 reader witnesses  -> 312
 storage exposures -> 2
[MV-SI candidate 1c676e9aeab1884257f1] {markets, tokens}
 writer root       -> contracts/Tokens/Prime/Prime.sol::Prime.addMarket(address,uint256,uint256)
 writer effect     -> contracts/Tokens/Prime/Prime.sol:299
 written member    -> ('SV', 'contracts/Tokens/Prime/PrimeStorage.sol', 'PrimeStorageV1.markets')
 potentially stale -> ('SV', 'contracts/Tokens/Prime/PrimeStorage.sol', 'PrimeStorageV1.tokens')
 reader witnesses  -> 108
 storage exposures -> 2
[MV-SI candidate 1e2ff59d6eb472d01097] {interests, markets}
 writer root       -> contracts/Tokens/Prime/Prime.sol::Prime.burn(address)
 writer effect     -> contracts/Tokens/Prime/Prime.sol:785
 written member    -> ('SV', 'contracts/Tokens/Prime/PrimeStorage.sol', 'PrimeStorageV1.interests')
 potentially stale -> ('SV', 'contracts/Tokens/Prime/PrimeStorage.sol', 'PrimeStorageV1.markets')
 reader witnesses  -> 1116
 storage exposures -> 2
[MV-SI candidate 20926c974c6753714084] {unreleasedPLPIncome[@local::contracts/Tokens/Prime/Prime.sol::Prime.accrueInterest(address)::LocalVariable::underlying_1], unreleasedPSRIncome[@local::contracts/Tokens/Prime/Prime.sol::Prime.accrueInterest(address)::LocalVariable::underlying_1]}
 writer root       -> contracts/Tokens/Prime/Prime.sol::Prime.updateMultipliers(address,uint256,uint256)
 writer effect     -> contracts/Tokens/Prime/Prime.sol:581
 written member    -> ('MS', 'contracts/Tokens/Prime/PrimeStorage.sol', 'PrimeStorageV1.unreleasedPLPIncome', '@local::contracts/Tokens/Prime/Prime.sol::Prime.accrueInterest(address)::LocalVariable::underlying_1')
 potentially stale -> ('MS', 'contracts/Tokens/Prime/PrimeStorage.sol', 'PrimeStorageV1.unreleasedPSRIncome', '@local::contracts/Tokens/Prime/Prime.sol::Prime.accrueInterest(address)::LocalVariable::underlying_1')
 reader witnesses  -> 26
 storage exposures -> 2
[MV-SI candidate 2170e3cd53abb86de24e] {markets, tokens}
 writer root       -> contracts/Tokens/Prime/Prime.sol::Prime.claim()
 writer effect     -> contracts/Tokens/Prime/Prime.sol:588
 written member    -> ('SV', 'contracts/Tokens/Prime/PrimeStorage.sol', 'PrimeStorageV1.markets')
 potentially stale -> ('SV', 'contracts/Tokens/Prime/PrimeStorage.sol', 'PrimeStorageV1.tokens')
 reader witnesses  -> 108
 storage exposures -> 2
[MV-SI candidate 221307aa1b306812d14e] {interests, markets}
 writer root       -> contracts/Tokens/Prime/Prime.sol::Prime.addMarket(address,uint256,uint256)
 writer effect     -> contracts/Tokens/Prime/Prime.sol:297
 written member    -> ('SV', 'contracts/Tokens/Prime/PrimeStorage.sol', 'PrimeStorageV1.markets')
 potentially stale -> ('SV', 'contracts/Tokens/Prime/PrimeStorage.sol', 'PrimeStorageV1.interests')
 reader witnesses  -> 312
 storage exposures -> 2
[MV-SI candidate 23902fca701723a1b122] {_initialized, _initializing}
 writer root       -> contracts/test/LiquidatorHarness.sol::LiquidatorHarness.initialize(uint256)
 writer effect     -> @openzeppelin/contracts-upgradeable/proxy/utils/Initializable.sol:92
 written member    -> ('SV', '@openzeppelin/contracts-upgradeable/proxy/utils/Initializable.sol', 'Initializable._initializing')
 potentially stale -> ('SV', '@openzeppelin/contracts-upgradeable/proxy/utils/Initializable.sol', 'Initializable._initialized')
 reader witnesses  -> 1
 storage exposures -> 1
[MV-SI candidate 26eab2038f21bd2a3082] {markets, tokens}
 writer root       -> contracts/Tokens/Prime/Prime.sol::Prime.claimInterest(address,address)
 writer effect     -> contracts/Tokens/Prime/Prime.sol:588
 written member    -> ('SV', 'contracts/Tokens/Prime/PrimeStorage.sol', 'PrimeStorageV1.markets')
 potentially stale -> ('SV', 'contracts/Tokens/Prime/PrimeStorage.sol', 'PrimeStorageV1.tokens')
 reader witnesses  -> 108
 storage exposures -> 2
[MV-SI candidate 28539ed899ce39766009] {_initialized, _initializing}
 writer root       -> contracts/test/LiquidatorHarness.sol::LiquidatorHarness.initialize(uint256)
 writer effect     -> @openzeppelin/contracts-upgradeable/proxy/utils/Initializable.sol:96
 written member    -> ('SV', '@openzeppelin/contracts-upgradeable/proxy/utils/Initializable.sol', 'Initializable._initializing')
 potentially stale -> ('SV', '@openzeppelin/contracts-upgradeable/proxy/utils/Initializable.sol', 'Initializable._initialized')
 reader witnesses  -> 1
 storage exposures -> 1
[MV-SI candidate 28d4359bb52435ea881a] {interests, markets}
 writer root       -> contracts/Tokens/Prime/Prime.sol::Prime.accrueInterest(address)
 writer effect     -> contracts/Tokens/Prime/Prime.sol:588
 written member    -> ('SV', 'contracts/Tokens/Prime/PrimeStorage.sol', 'PrimeStorageV1.markets')
 potentially stale -> ('SV', 'contracts/Tokens/Prime/PrimeStorage.sol', 'PrimeStorageV1.interests')
 reader witnesses  -> 312
 storage exposures -> 2
[MV-SI candidate 2c8eef5de80a026f19f3] {allowedLiquidatorsByAccount[$arg0][$arg1], liquidationRestricted[$arg0]}
 writer root       -> contracts/Liquidator/Liquidator.sol::Liquidator.removeFromAllowlist(address,address)
 writer effect     -> contracts/Liquidator/Liquidator.sol:187
 written member    -> ('MS', 'contracts/Liquidator/Liquidator.sol', 'Liquidator.allowedLiquidatorsByAccount', '$arg0][$arg1')
 potentially stale -> ('MS', 'contracts/Liquidator/Liquidator.sol', 'Liquidator.liquidationRestricted', '$arg0')
 reader witnesses  -> 6
 storage exposures -> 2
[MV-SI candidate 2c9bb5e9c627a1a94531] {totalIrrevocable, totalRevocable}
 writer root       -> contracts/Tokens/Prime/Prime.sol::Prime.burn(address)
 writer effect     -> contracts/Tokens/Prime/Prime.sol:747
 written member    -> ('SV', 'contracts/Tokens/Prime/PrimeStorage.sol', 'PrimeStorageV1.totalRevocable')
 potentially stale -> ('SV', 'contracts/Tokens/Prime/PrimeStorage.sol', 'PrimeStorageV1.totalIrrevocable')
 reader witnesses  -> 24
 storage exposures -> 2
[MV-SI candidate 2da4daffd01a199ca39c] {interests, markets}
 writer root       -> contracts/Tokens/Prime/Prime.sol::Prime.updateScores(address[])
 writer effect     -> contracts/Tokens/Prime/Prime.sol:785
 written member    -> ('SV', 'contracts/Tokens/Prime/PrimeStorage.sol', 'PrimeStorageV1.interests')
 potentially stale -> ('SV', 'contracts/Tokens/Prime/PrimeStorage.sol', 'PrimeStorageV1.markets')
 reader witnesses  -> 1116
 storage exposures -> 2
[MV-SI candidate 2e8a3e7a72a0b32c8921] {irrevocableLimit, totalIrrevocable}
 writer root       -> contracts/Tokens/Prime/Prime.sol::Prime.burn(address)
 writer effect     -> contracts/Tokens/Prime/Prime.sol:745
 written member    -> ('SV', 'contracts/Tokens/Prime/PrimeStorage.sol', 'PrimeStorageV1.totalIrrevocable')
 potentially stale -> ('SV', 'contracts/Tokens/Prime/PrimeStorage.sol', 'PrimeStorageV1.irrevocableLimit')
 reader witnesses  -> 6
 storage exposures -> 2
[MV-SI candidate 2ed11a7cc37516978274] {irrevocableLimit, totalIrrevocable}
 writer root       -> contracts/Tokens/Prime/Prime.sol::Prime.claim()
 writer effect     -> contracts/Tokens/Prime/Prime.sol:711
 written member    -> ('SV', 'contracts/Tokens/Prime/PrimeStorage.sol', 'PrimeStorageV1.totalIrrevocable')
 potentially stale -> ('SV', 'contracts/Tokens/Prime/PrimeStorage.sol', 'PrimeStorageV1.irrevocableLimit')
 reader witnesses  -> 6
 storage exposures -> 2
[MV-SI candidate 2ef85011039cdbb21c26] {markets, tokens}
 writer root       -> contracts/Tokens/Prime/Prime.sol::Prime.accrueInterestAndUpdateScore(address,address)
 writer effect     -> contracts/Tokens/Prime/Prime.sol:588
 written member    -> ('SV', 'contracts/Tokens/Prime/PrimeStorage.sol', 'PrimeStorageV1.markets')
 potentially stale -> ('SV', 'contracts/Tokens/Prime/PrimeStorage.sol', 'PrimeStorageV1.tokens')
 reader witnesses  -> 108
 storage exposures -> 2
[MV-SI candidate 2f2dbf12487fb4e92df7] {allMarkets, markets}
 writer root       -> contracts/Tokens/Prime/Prime.sol::Prime.claim()
 writer effect     -> contracts/Tokens/Prime/Prime.sol:588
 written member    -> ('SV', 'contracts/Tokens/Prime/PrimeStorage.sol', 'PrimeStorageV1.markets')
 potentially stale -> ('SV', 'contracts/Tokens/Prime/PrimeStorage.sol', 'PrimeStorageV1.allMarkets')
 reader witnesses  -> 40
 storage exposures -> 2
[MV-SI candidate 2f46f419c0445b5bef27] {stakedAt[$arg0], tokens}
 writer root       -> contracts/Tokens/Prime/Prime.sol::Prime.burn(address)
 writer effect     -> contracts/Tokens/Prime/Prime.sol:751
 written member    -> ('SV', 'contracts/Tokens/Prime/PrimeStorage.sol', 'PrimeStorageV1.tokens')
 potentially stale -> ('MS', 'contracts/Tokens/Prime/PrimeStorage.sol', 'PrimeStorageV1.stakedAt', '$arg0')
 reader witnesses  -> 8
 storage exposures -> 2
[MV-SI candidate 2f9c8733086d4587edc8] {interests, markets}
 writer root       -> contracts/Tokens/Prime/Prime.sol::Prime.claimInterest(address)
 writer effect     -> contracts/Tokens/Prime/Prime.sol:676
 written member    -> ('SV', 'contracts/Tokens/Prime/PrimeStorage.sol', 'PrimeStorageV1.interests')
 potentially stale -> ('SV', 'contracts/Tokens/Prime/PrimeStorage.sol', 'PrimeStorageV1.markets')
 reader witnesses  -> 1140
 storage exposures -> 2
[MV-SI candidate 307694958ccf00b6603a] {interests, markets}
 writer root       -> contracts/Tokens/Prime/Prime.sol::Prime.xvsUpdated(address)
 writer effect     -> contracts/Tokens/Prime/Prime.sol:785
 written member    -> ('SV', 'contracts/Tokens/Prime/PrimeStorage.sol', 'PrimeStorageV1.interests')
 potentially stale -> ('SV', 'contracts/Tokens/Prime/PrimeStorage.sol', 'PrimeStorageV1.markets')
 reader witnesses  -> 1116
 storage exposures -> 2
[MV-SI candidate 30fd227920d24c31a840] {interests, markets}
 writer root       -> contracts/Tokens/Prime/Prime.sol::Prime.addMarket(address,uint256,uint256)
 writer effect     -> contracts/Tokens/Prime/Prime.sol:299
 written member    -> ('SV', 'contracts/Tokens/Prime/PrimeStorage.sol', 'PrimeStorageV1.markets')
 potentially stale -> ('SV', 'contracts/Tokens/Prime/PrimeStorage.sol', 'PrimeStorageV1.interests')
 reader witnesses  -> 312
 storage exposures -> 2
[MV-SI candidate 328caddbce8e6c2cc819] {interests, markets}
 writer root       -> contracts/Tokens/Prime/Prime.sol::Prime.accrueInterestAndUpdateScore(address,address)
 writer effect     -> contracts/Tokens/Prime/Prime.sol:588
 written member    -> ('SV', 'contracts/Tokens/Prime/PrimeStorage.sol', 'PrimeStorageV1.markets')
 potentially stale -> ('SV', 'contracts/Tokens/Prime/PrimeStorage.sol', 'PrimeStorageV1.interests')
 reader witnesses  -> 312
 storage exposures -> 2
[MV-SI candidate 35b5c800a810fee0e8df] {isScoreUpdated[@state::contracts/Tokens/Prime/PrimeStorage.sol::PrimeStorageV1.nextScoreUpdateRoundId][$arg0], nextScoreUpdateRoundId, pendingScoreUpdates}
 writer root       -> contracts/Tokens/Prime/Prime.sol::Prime.burn(address)
 writer effect     -> contracts/Tokens/Prime/Prime.sol:831
 written member    -> ('SV', 'contracts/Tokens/Prime/PrimeStorage.sol', 'PrimeStorageV1.pendingScoreUpdates')
 potentially stale -> ('MS', 'contracts/Tokens/Prime/PrimeStorage.sol', 'PrimeStorageV1.isScoreUpdated', '@state::contracts/Tokens/Prime/PrimeStorage.sol::PrimeStorageV1.nextScoreUpdateRoundId][$arg0'), ('SV', 'contracts/Tokens/Prime/PrimeStorage.sol', 'PrimeStorageV1.nextScoreUpdateRoundId')
 reader witnesses  -> 14
 storage exposures -> 2
[MV-SI candidate 380d8da2d3a1933595b4] {isScoreUpdated[@state::contracts/Tokens/Prime/PrimeStorage.sol::PrimeStorageV1.nextScoreUpdateRoundId][@local::contracts/Tokens/Prime/Prime.sol::Prime.updateScores(address[])::LocalVariable::user_1], nextScoreUpdateRoundId}
 writer root       -> contracts/Tokens/Prime/Prime.sol::Prime.initialize(address,address,uint256,uint128,uint128,address,address,address,address,address,uint256)
 writer effect     -> contracts/Tokens/Prime/Prime.sol:156
 written member    -> ('SV', 'contracts/Tokens/Prime/PrimeStorage.sol', 'PrimeStorageV1.nextScoreUpdateRoundId')
 potentially stale -> ('MS', 'contracts/Tokens/Prime/PrimeStorage.sol', 'PrimeStorageV1.isScoreUpdated', '@state::contracts/Tokens/Prime/PrimeStorage.sol::PrimeStorageV1.nextScoreUpdateRoundId][@local::contracts/Tokens/Prime/Prime.sol::Prime.updateScores(address[])::LocalVariable::user_1')
 reader witnesses  -> 2
 storage exposures -> 2
[MV-SI candidate 38e13024991ec803424b] {_initialized, _initializing}
 writer root       -> contracts/Liquidator/Liquidator.sol::Liquidator.initialize(uint256)
 writer effect     -> @openzeppelin/contracts-upgradeable/proxy/utils/Initializable.sol:96
 written member    -> ('SV', '@openzeppelin/contracts-upgradeable/proxy/utils/Initializable.sol', 'Initializable._initializing')
 potentially stale -> ('SV', '@openzeppelin/contracts-upgradeable/proxy/utils/Initializable.sol', 'Initializable._initialized')
 reader witnesses  -> 1
 storage exposures -> 1
[MV-SI candidate 3af6f680e1c0a65d3d9f] {allMarkets, markets}
 writer root       -> contracts/Tokens/Prime/Prime.sol::Prime.updateScores(address[])
 writer effect     -> contracts/Tokens/Prime/Prime.sol:588
 written member    -> ('SV', 'contracts/Tokens/Prime/PrimeStorage.sol', 'PrimeStorageV1.markets')
 potentially stale -> ('SV', 'contracts/Tokens/Prime/PrimeStorage.sol', 'PrimeStorageV1.allMarkets')
 reader witnesses  -> 40
 storage exposures -> 2
[MV-SI candidate 3c15e41663a3f50a5503] {allMarkets, markets}
 writer root       -> contracts/Tokens/Prime/Prime.sol::Prime.accrueInterest(address)
 writer effect     -> contracts/Tokens/Prime/Prime.sol:588
 written member    -> ('SV', 'contracts/Tokens/Prime/PrimeStorage.sol', 'PrimeStorageV1.markets')
 potentially stale -> ('SV', 'contracts/Tokens/Prime/PrimeStorage.sol', 'PrimeStorageV1.allMarkets')
 reader witnesses  -> 40
 storage exposures -> 2
[MV-SI candidate 3cef33cdf5b699d64209] {isScoreUpdated[@state::contracts/Tokens/Prime/PrimeStorage.sol::PrimeStorageV1.nextScoreUpdateRoundId][$arg0], nextScoreUpdateRoundId, pendingScoreUpdates}
 writer root       -> contracts/Tokens/Prime/Prime.sol::Prime.addMarket(address,uint256,uint256)
 writer effect     -> contracts/Tokens/Prime/Prime.sol:819
 written member    -> ('SV', 'contracts/Tokens/Prime/PrimeStorage.sol', 'PrimeStorageV1.nextScoreUpdateRoundId')
 potentially stale -> ('MS', 'contracts/Tokens/Prime/PrimeStorage.sol', 'PrimeStorageV1.isScoreUpdated', '@state::contracts/Tokens/Prime/PrimeStorage.sol::PrimeStorageV1.nextScoreUpdateRoundId][$arg0'), ('SV', 'contracts/Tokens/Prime/PrimeStorage.sol', 'PrimeStorageV1.pendingScoreUpdates')
 reader witnesses  -> 12
 storage exposures -> 2
[MV-SI candidate 3d24719d9901d1cbe72b] {unreleasedPLPIncome[@local::contracts/Tokens/Prime/Prime.sol::Prime.accrueInterest(address)::LocalVariable::underlying_1], unreleasedPSRIncome[@local::contracts/Tokens/Prime/Prime.sol::Prime.accrueInterest(address)::LocalVariable::underlying_1]}
 writer root       -> contracts/Tokens/Prime/Prime.sol::Prime.claimInterest(address,address)
 writer effect     -> contracts/Tokens/Prime/Prime.sol:580
 written member    -> ('MS', 'contracts/Tokens/Prime/PrimeStorage.sol', 'PrimeStorageV1.unreleasedPSRIncome', '@local::contracts/Tokens/Prime/Prime.sol::Prime.accrueInterest(address)::LocalVariable::underlying_1')
 potentially stale -> ('MS', 'contracts/Tokens/Prime/PrimeStorage.sol', 'PrimeStorageV1.unreleasedPLPIncome', '@local::contracts/Tokens/Prime/Prime.sol::Prime.accrueInterest(address)::LocalVariable::underlying_1')
 reader witnesses  -> 26
 storage exposures -> 2
[MV-SI candidate 3d5ea1b03868ab5110d8] {allMarkets, markets}
 writer root       -> contracts/Tokens/Prime/Prime.sol::Prime.accrueInterestAndUpdateScore(address,address)
 writer effect     -> contracts/Tokens/Prime/Prime.sol:800
 written member    -> ('SV', 'contracts/Tokens/Prime/PrimeStorage.sol', 'PrimeStorageV1.markets')
 potentially stale -> ('SV', 'contracts/Tokens/Prime/PrimeStorage.sol', 'PrimeStorageV1.allMarkets')
 reader witnesses  -> 40
 storage exposures -> 2
[MV-SI candidate 3edf999bff582702e85c] {allMarkets, markets}
 writer root       -> contracts/Tokens/Prime/Prime.sol::Prime.updateScores(address[])
 writer effect     -> contracts/Tokens/Prime/Prime.sol:800
 written member    -> ('SV', 'contracts/Tokens/Prime/PrimeStorage.sol', 'PrimeStorageV1.markets')
 potentially stale -> ('SV', 'contracts/Tokens/Prime/PrimeStorage.sol', 'PrimeStorageV1.allMarkets')
 reader witnesses  -> 40
 storage exposures -> 2
[MV-SI candidate 4092e913e98adf0945e6] {irrevocableLimit, revocableLimit, totalIrrevocable, totalRevocable}
 writer root       -> contracts/Tokens/Prime/Prime.sol::Prime.burn(address)
 writer effect     -> contracts/Tokens/Prime/Prime.sol:745
 written member    -> ('SV', 'contracts/Tokens/Prime/PrimeStorage.sol', 'PrimeStorageV1.totalIrrevocable')
 potentially stale -> ('SV', 'contracts/Tokens/Prime/PrimeStorage.sol', 'PrimeStorageV1.irrevocableLimit'), ('SV', 'contracts/Tokens/Prime/PrimeStorage.sol', 'PrimeStorageV1.revocableLimit'), ('SV', 'contracts/Tokens/Prime/PrimeStorage.sol', 'PrimeStorageV1.totalRevocable')
 reader witnesses  -> 24
 storage exposures -> 2
[MV-SI candidate 409e6abe51ab1aff80bd] {_initialized, _initializing}
 writer root       -> contracts/PegStability/PegStability.sol::PegStability.initialize(address,address,address,uint256,uint256,uint256)
 writer effect     -> @openzeppelin/contracts-upgradeable/proxy/utils/Initializable.sol:92
 written member    -> ('SV', '@openzeppelin/contracts-upgradeable/proxy/utils/Initializable.sol', 'Initializable._initializing')
 potentially stale -> ('SV', '@openzeppelin/contracts-upgradeable/proxy/utils/Initializable.sol', 'Initializable._initialized')
 reader witnesses  -> 1
 storage exposures -> 1
[MV-SI candidate 4112d7f94dcde9c3376f] {interests, markets}
 writer root       -> contracts/Tokens/Prime/Prime.sol::Prime.issue(bool,address[])
 writer effect     -> contracts/Tokens/Prime/Prime.sol:629
 written member    -> ('SV', 'contracts/Tokens/Prime/PrimeStorage.sol', 'PrimeStorageV1.interests')
 potentially stale -> ('SV', 'contracts/Tokens/Prime/PrimeStorage.sol', 'PrimeStorageV1.markets')
 reader witnesses  -> 1140
 storage exposures -> 2
[MV-SI candidate 4279c16fade67c4934d2] {isScoreUpdated[@state::contracts/Tokens/Prime/PrimeStorage.sol::PrimeStorageV1.nextScoreUpdateRoundId][$arg0], nextScoreUpdateRoundId, pendingScoreUpdates}
 writer root       -> contracts/Tokens/Prime/Prime.sol::Prime.addMarket(address,uint256,uint256)
 writer effect     -> contracts/Tokens/Prime/Prime.sol:821
 written member    -> ('SV', 'contracts/Tokens/Prime/PrimeStorage.sol', 'PrimeStorageV1.pendingScoreUpdates')
 potentially stale -> ('MS', 'contracts/Tokens/Prime/PrimeStorage.sol', 'PrimeStorageV1.isScoreUpdated', '@state::contracts/Tokens/Prime/PrimeStorage.sol::PrimeStorageV1.nextScoreUpdateRoundId][$arg0'), ('SV', 'contracts/Tokens/Prime/PrimeStorage.sol', 'PrimeStorageV1.nextScoreUpdateRoundId')
 reader witnesses  -> 14
 storage exposures -> 2
[MV-SI candidate 42b905a2a5f038b02be2] {allMarkets, markets}
 writer root       -> contracts/Tokens/Prime/Prime.sol::Prime.updateMultipliers(address,uint256,uint256)
 writer effect     -> contracts/Tokens/Prime/Prime.sol:588
 written member    -> ('SV', 'contracts/Tokens/Prime/PrimeStorage.sol', 'PrimeStorageV1.markets')
 potentially stale -> ('SV', 'contracts/Tokens/Prime/PrimeStorage.sol', 'PrimeStorageV1.allMarkets')
 reader witnesses  -> 40
 storage exposures -> 2
[MV-SI candidate 42f0588b6eaad9d7b871] {allMarkets, markets}
 writer root       -> contracts/Tokens/Prime/Prime.sol::Prime.issue(bool,address[])
 writer effect     -> contracts/Tokens/Prime/Prime.sol:588
 written member    -> ('SV', 'contracts/Tokens/Prime/PrimeStorage.sol', 'PrimeStorageV1.markets')
 potentially stale -> ('SV', 'contracts/Tokens/Prime/PrimeStorage.sol', 'PrimeStorageV1.allMarkets')
 reader witnesses  -> 40
 storage exposures -> 2
[MV-SI candidate 43342fac6d50d2ad4e9f] {_initialized, _initializing}
 writer root       -> contracts/DelegateBorrowers/SwapDebtDelegate.sol::SwapDebtDelegate.initialize()
 writer effect     -> @openzeppelin/contracts-upgradeable/proxy/utils/Initializable.sol:90
 written member    -> ('SV', '@openzeppelin/contracts-upgradeable/proxy/utils/Initializable.sol', 'Initializable._initialized')
 potentially stale -> ('SV', '@openzeppelin/contracts-upgradeable/proxy/utils/Initializable.sol', 'Initializable._initializing')
 reader witnesses  -> 2
 storage exposures -> 1
[MV-SI candidate 44288a30f2b35d0c8109] {_initialized, _initializing}
 writer root       -> contracts/test/MockProtocolShareReserve.sol::MockProtocolShareReserve.initialize(address,uint256)
 writer effect     -> @openzeppelin/contracts-upgradeable/proxy/utils/Initializable.sol:92
 written member    -> ('SV', '@openzeppelin/contracts-upgradeable/proxy/utils/Initializable.sol', 'Initializable._initializing')
 potentially stale -> ('SV', '@openzeppelin/contracts-upgradeable/proxy/utils/Initializable.sol', 'Initializable._initialized')
 reader witnesses  -> 1
 storage exposures -> 1
[MV-SI candidate 475fcec389862607f067] {markets, tokens}
 writer root       -> contracts/Tokens/Prime/Prime.sol::Prime.updateAlpha(uint128,uint128)
 writer effect     -> contracts/Tokens/Prime/Prime.sol:588
 written member    -> ('SV', 'contracts/Tokens/Prime/PrimeStorage.sol', 'PrimeStorageV1.markets')
 potentially stale -> ('SV', 'contracts/Tokens/Prime/PrimeStorage.sol', 'PrimeStorageV1.tokens')
 reader witnesses  -> 108
 storage exposures -> 2
[MV-SI candidate 480f42fce985fdbaf248] {interests, markets}
 writer root       -> contracts/Tokens/Prime/Prime.sol::Prime.updateScores(address[])
 writer effect     -> contracts/Tokens/Prime/Prime.sol:588
 written member    -> ('SV', 'contracts/Tokens/Prime/PrimeStorage.sol', 'PrimeStorageV1.markets')
 potentially stale -> ('SV', 'contracts/Tokens/Prime/PrimeStorage.sol', 'PrimeStorageV1.interests')
 reader witnesses  -> 312
 storage exposures -> 2
[MV-SI candidate 4879425e19c595ca2895] {lastAccruedBlock[$arg0], tokenAmountAccrued[$arg0], tokenDistributionSpeeds[$arg0]}
 writer root       -> contracts/Tokens/Prime/PrimeLiquidityProvider.sol::PrimeLiquidityProvider.accrueTokens(address)
 writer effect     -> contracts/Tokens/Prime/PrimeLiquidityProvider.sol:266
 written member    -> ('MS', 'contracts/Tokens/Prime/PrimeLiquidityProvider.sol', 'PrimeLiquidityProvider.tokenAmountAccrued', '$arg0')
 potentially stale -> ('MS', 'contracts/Tokens/Prime/PrimeLiquidityProvider.sol', 'PrimeLiquidityProvider.lastAccruedBlock', '$arg0'), ('MS', 'contracts/Tokens/Prime/PrimeLiquidityProvider.sol', 'PrimeLiquidityProvider.tokenDistributionSpeeds', '$arg0')
 reader witnesses  -> 6
 storage exposures -> 1
[MV-SI candidate 49ea0da39afe140cb8c1] {stakedAt[$arg0], tokens}
 writer root       -> contracts/Tokens/Prime/Prime.sol::Prime.claim()
 writer effect     -> contracts/Tokens/Prime/Prime.sol:707
 written member    -> ('SV', 'contracts/Tokens/Prime/PrimeStorage.sol', 'PrimeStorageV1.tokens')
 potentially stale -> ('MS', 'contracts/Tokens/Prime/PrimeStorage.sol', 'PrimeStorageV1.stakedAt', '$arg0')
 reader witnesses  -> 8
 storage exposures -> 2
[MV-SI candidate 4a48812ca6e931069e83] {markets, tokens}
 writer root       -> contracts/Tokens/Prime/Prime.sol::Prime.issue(bool,address[])
 writer effect     -> contracts/Tokens/Prime/Prime.sol:633
 written member    -> ('SV', 'contracts/Tokens/Prime/PrimeStorage.sol', 'PrimeStorageV1.markets')
 potentially stale -> ('SV', 'contracts/Tokens/Prime/PrimeStorage.sol', 'PrimeStorageV1.tokens')
 reader witnesses  -> 108
 storage exposures -> 2
[MV-SI candidate 4b37294b4a858438c888] {interests, markets}
 writer root       -> contracts/Tokens/Prime/Prime.sol::Prime.claim()
 writer effect     -> contracts/Tokens/Prime/Prime.sol:629
 written member    -> ('SV', 'contracts/Tokens/Prime/PrimeStorage.sol', 'PrimeStorageV1.interests')
 potentially stale -> ('SV', 'contracts/Tokens/Prime/PrimeStorage.sol', 'PrimeStorageV1.markets')
 reader witnesses  -> 1140
 storage exposures -> 2
[MV-SI candidate 4ee054f960aed1c7913e] {markets, tokens}
 writer root       -> contracts/Tokens/Prime/Prime.sol::Prime.burn(address)
 writer effect     -> contracts/Tokens/Prime/Prime.sol:750
 written member    -> ('SV', 'contracts/Tokens/Prime/PrimeStorage.sol', 'PrimeStorageV1.tokens')
 potentially stale -> ('SV', 'contracts/Tokens/Prime/PrimeStorage.sol', 'PrimeStorageV1.markets')
 reader witnesses  -> 388
 storage exposures -> 2
[MV-SI candidate 520f93213c3e80cc9624] {allMarkets, markets}
 writer root       -> contracts/Tokens/Prime/Prime.sol::Prime.updateMultipliers(address,uint256,uint256)
 writer effect     -> contracts/Tokens/Prime/Prime.sol:277
 written member    -> ('SV', 'contracts/Tokens/Prime/PrimeStorage.sol', 'PrimeStorageV1.markets')
 potentially stale -> ('SV', 'contracts/Tokens/Prime/PrimeStorage.sol', 'PrimeStorageV1.allMarkets')
 reader witnesses  -> 40
 storage exposures -> 2
[MV-SI candidate 546e1c636cc911df3cf7] {unreleasedPLPIncome[@local::contracts/Tokens/Prime/Prime.sol::Prime.accrueInterest(address)::LocalVariable::underlying_1], unreleasedPSRIncome[@local::contracts/Tokens/Prime/Prime.sol::Prime.accrueInterest(address)::LocalVariable::underlying_1]}
 writer root       -> contracts/Tokens/Prime/Prime.sol::Prime.updateMultipliers(address,uint256,uint256)
 writer effect     -> contracts/Tokens/Prime/Prime.sol:580
 written member    -> ('MS', 'contracts/Tokens/Prime/PrimeStorage.sol', 'PrimeStorageV1.unreleasedPSRIncome', '@local::contracts/Tokens/Prime/Prime.sol::Prime.accrueInterest(address)::LocalVariable::underlying_1')
 potentially stale -> ('MS', 'contracts/Tokens/Prime/PrimeStorage.sol', 'PrimeStorageV1.unreleasedPLPIncome', '@local::contracts/Tokens/Prime/Prime.sol::Prime.accrueInterest(address)::LocalVariable::underlying_1')
 reader witnesses  -> 26
 storage exposures -> 2
[MV-SI candidate 551f6d05573c1cd7d742] {lastAccruedBlock[$arg0], tokenAmountAccrued[$arg0], tokenDistributionSpeeds[$arg0]}
 writer root       -> contracts/Tokens/Prime/PrimeLiquidityProvider.sol::PrimeLiquidityProvider.accrueTokens(address)
 writer effect     -> contracts/Tokens/Prime/PrimeLiquidityProvider.sol:270
 written member    -> ('MS', 'contracts/Tokens/Prime/PrimeLiquidityProvider.sol', 'PrimeLiquidityProvider.lastAccruedBlock', '$arg0')
 potentially stale -> ('MS', 'contracts/Tokens/Prime/PrimeLiquidityProvider.sol', 'PrimeLiquidityProvider.tokenAmountAccrued', '$arg0'), ('MS', 'contracts/Tokens/Prime/PrimeLiquidityProvider.sol', 'PrimeLiquidityProvider.tokenDistributionSpeeds', '$arg0')
 reader witnesses  -> 6
 storage exposures -> 1
[MV-SI candidate 55cce9b810e0efaddbd2] {_initialized, _initializing}
 writer root       -> contracts/Tokens/Prime/Prime.sol::Prime.initialize(address,address,uint256,uint128,uint128,address,address,address,address,address,uint256)
 writer effect     -> @openzeppelin/contracts-upgradeable/proxy/utils/Initializable.sol:92
 written member    -> ('SV', '@openzeppelin/contracts-upgradeable/proxy/utils/Initializable.sol', 'Initializable._initializing')
 potentially stale -> ('SV', '@openzeppelin/contracts-upgradeable/proxy/utils/Initializable.sol', 'Initializable._initialized')
 reader witnesses  -> 2
 storage exposures -> 2
[MV-SI candidate 5644d05bf95aa4dae848] {unreleasedPLPIncome[@local::contracts/Tokens/Prime/Prime.sol::Prime.accrueInterest(address)::LocalVariable::underlying_1], unreleasedPSRIncome[@local::contracts/Tokens/Prime/Prime.sol::Prime.accrueInterest(address)::LocalVariable::underlying_1]}
 writer root       -> contracts/Tokens/Prime/Prime.sol::Prime.claim()
 writer effect     -> contracts/Tokens/Prime/Prime.sol:581
 written member    -> ('MS', 'contracts/Tokens/Prime/PrimeStorage.sol', 'PrimeStorageV1.unreleasedPLPIncome', '@local::contracts/Tokens/Prime/Prime.sol::Prime.accrueInterest(address)::LocalVariable::underlying_1')
 potentially stale -> ('MS', 'contracts/Tokens/Prime/PrimeStorage.sol', 'PrimeStorageV1.unreleasedPSRIncome', '@local::contracts/Tokens/Prime/Prime.sol::Prime.accrueInterest(address)::LocalVariable::underlying_1')
 reader witnesses  -> 26
 storage exposures -> 2
[MV-SI candidate 590cdd31d43e49d582cb] {irrevocableLimit, totalIrrevocable}
 writer root       -> contracts/Tokens/Prime/Prime.sol::Prime.setLimit(uint256,uint256)
 writer effect     -> contracts/Tokens/Prime/Prime.sol:323
 written member    -> ('SV', 'contracts/Tokens/Prime/PrimeStorage.sol', 'PrimeStorageV1.irrevocableLimit')
 potentially stale -> ('SV', 'contracts/Tokens/Prime/PrimeStorage.sol', 'PrimeStorageV1.totalIrrevocable')
 reader witnesses  -> 24
 storage exposures -> 2
[MV-SI candidate 5c1e05725a3489440879] {unreleasedPLPIncome[@local::contracts/Tokens/Prime/Prime.sol::Prime.accrueInterest(address)::LocalVariable::underlying_1], unreleasedPSRIncome[@local::contracts/Tokens/Prime/Prime.sol::Prime.accrueInterest(address)::LocalVariable::underlying_1]}
 writer root       -> contracts/Tokens/Prime/Prime.sol::Prime.accrueInterestAndUpdateScore(address,address)
 writer effect     -> contracts/Tokens/Prime/Prime.sol:581
 written member    -> ('MS', 'contracts/Tokens/Prime/PrimeStorage.sol', 'PrimeStorageV1.unreleasedPLPIncome', '@local::contracts/Tokens/Prime/Prime.sol::Prime.accrueInterest(address)::LocalVariable::underlying_1')
 potentially stale -> ('MS', 'contracts/Tokens/Prime/PrimeStorage.sol', 'PrimeStorageV1.unreleasedPSRIncome', '@local::contracts/Tokens/Prime/Prime.sol::Prime.accrueInterest(address)::LocalVariable::underlying_1')
 reader witnesses  -> 26
 storage exposures -> 2
[MV-SI candidate 5c7f54f56ec6d1551165] {_initialized, _initializing}
 writer root       -> contracts/PegStability/PegStability.sol::PegStability.initialize(address,address,address,uint256,uint256,uint256)
 writer effect     -> @openzeppelin/contracts-upgradeable/proxy/utils/Initializable.sol:90
 written member    -> ('SV', '@openzeppelin/contracts-upgradeable/proxy/utils/Initializable.sol', 'Initializable._initialized')
 potentially stale -> ('SV', '@openzeppelin/contracts-upgradeable/proxy/utils/Initializable.sol', 'Initializable._initializing')
 reader witnesses  -> 2
 storage exposures -> 1
[MV-SI candidate 5d6b6b1e7f988fe18ad3] {stakedAt[$arg0], tokens}
 writer root       -> contracts/Tokens/Prime/Prime.sol::Prime.burn(address)
 writer effect     -> contracts/Tokens/Prime/Prime.sol:750
 written member    -> ('SV', 'contracts/Tokens/Prime/PrimeStorage.sol', 'PrimeStorageV1.tokens')
 potentially stale -> ('MS', 'contracts/Tokens/Prime/PrimeStorage.sol', 'PrimeStorageV1.stakedAt', '$arg0')
 reader witnesses  -> 8
 storage exposures -> 2
[MV-SI candidate 5d8145ce92091e078e59] {stakedAt[$arg0], tokens}
 writer root       -> contracts/Tokens/Prime/Prime.sol::Prime.claim()
 writer effect     -> contracts/Tokens/Prime/Prime.sol:708
 written member    -> ('SV', 'contracts/Tokens/Prime/PrimeStorage.sol', 'PrimeStorageV1.tokens')
 potentially stale -> ('MS', 'contracts/Tokens/Prime/PrimeStorage.sol', 'PrimeStorageV1.stakedAt', '$arg0')
 reader witnesses  -> 8
 storage exposures -> 2
[MV-SI candidate 5e1d8cf2abfd15287868] {unreleasedPLPIncome[@local::contracts/Tokens/Prime/Prime.sol::Prime.accrueInterest(address)::LocalVariable::underlying_1], unreleasedPSRIncome[@local::contracts/Tokens/Prime/Prime.sol::Prime.accrueInterest(address)::LocalVariable::underlying_1]}
 writer root       -> contracts/Tokens/Prime/Prime.sol::Prime.updateScores(address[])
 writer effect     -> contracts/Tokens/Prime/Prime.sol:581
 written member    -> ('MS', 'contracts/Tokens/Prime/PrimeStorage.sol', 'PrimeStorageV1.unreleasedPLPIncome', '@local::contracts/Tokens/Prime/Prime.sol::Prime.accrueInterest(address)::LocalVariable::underlying_1')
 potentially stale -> ('MS', 'contracts/Tokens/Prime/PrimeStorage.sol', 'PrimeStorageV1.unreleasedPSRIncome', '@local::contracts/Tokens/Prime/Prime.sol::Prime.accrueInterest(address)::LocalVariable::underlying_1')
 reader witnesses  -> 26
 storage exposures -> 2
[MV-SI candidate 60fba57cc457def3e795] {irrevocableLimit, revocableLimit, totalIrrevocable, totalRevocable}
 writer root       -> contracts/Tokens/Prime/Prime.sol::Prime.burn(address)
 writer effect     -> contracts/Tokens/Prime/Prime.sol:747
 written member    -> ('SV', 'contracts/Tokens/Prime/PrimeStorage.sol', 'PrimeStorageV1.totalRevocable')
 potentially stale -> ('SV', 'contracts/Tokens/Prime/PrimeStorage.sol', 'PrimeStorageV1.irrevocableLimit'), ('SV', 'contracts/Tokens/Prime/PrimeStorage.sol', 'PrimeStorageV1.revocableLimit'), ('SV', 'contracts/Tokens/Prime/PrimeStorage.sol', 'PrimeStorageV1.totalIrrevocable')
 reader witnesses  -> 24
 storage exposures -> 2
[MV-SI candidate 61a06b8e45b86675e73d] {markets, tokens}
 writer root       -> contracts/Tokens/Prime/Prime.sol::Prime.issue(bool,address[])
 writer effect     -> contracts/Tokens/Prime/Prime.sol:588
 written member    -> ('SV', 'contracts/Tokens/Prime/PrimeStorage.sol', 'PrimeStorageV1.markets')
 potentially stale -> ('SV', 'contracts/Tokens/Prime/PrimeStorage.sol', 'PrimeStorageV1.tokens')
 reader witnesses  -> 108
 storage exposures -> 2
[MV-SI candidate 6341eacbb1baa34b9818] {markets, tokens}
 writer root       -> contracts/Tokens/Prime/Prime.sol::Prime.xvsUpdated(address)
 writer effect     -> contracts/Tokens/Prime/Prime.sol:751
 written member    -> ('SV', 'contracts/Tokens/Prime/PrimeStorage.sol', 'PrimeStorageV1.tokens')
 potentially stale -> ('SV', 'contracts/Tokens/Prime/PrimeStorage.sol', 'PrimeStorageV1.markets')
 reader witnesses  -> 388
 storage exposures -> 2
[MV-SI candidate 63fde7e2b4129078815c] {allMarkets, markets}
 writer root       -> contracts/Tokens/Prime/Prime.sol::Prime.updateAlpha(uint128,uint128)
 writer effect     -> contracts/Tokens/Prime/Prime.sol:588
 written member    -> ('SV', 'contracts/Tokens/Prime/PrimeStorage.sol', 'PrimeStorageV1.markets')
 potentially stale -> ('SV', 'contracts/Tokens/Prime/PrimeStorage.sol', 'PrimeStorageV1.allMarkets')
 reader witnesses  -> 40
 storage exposures -> 2
[MV-SI candidate 647b97ad44650624e783] {totalIrrevocable, totalRevocable}
 writer root       -> contracts/Tokens/Prime/Prime.sol::Prime.xvsUpdated(address)
 writer effect     -> contracts/Tokens/Prime/Prime.sol:747
 written member    -> ('SV', 'contracts/Tokens/Prime/PrimeStorage.sol', 'PrimeStorageV1.totalRevocable')
 potentially stale -> ('SV', 'contracts/Tokens/Prime/PrimeStorage.sol', 'PrimeStorageV1.totalIrrevocable')
 reader witnesses  -> 24
 storage exposures -> 2
[MV-SI candidate 6500071b0f87a016214d] {irrevocableLimit, revocableLimit, totalIrrevocable, totalRevocable}
 writer root       -> contracts/Tokens/Prime/Prime.sol::Prime.setLimit(uint256,uint256)
 writer effect     -> contracts/Tokens/Prime/Prime.sol:322
 written member    -> ('SV', 'contracts/Tokens/Prime/PrimeStorage.sol', 'PrimeStorageV1.revocableLimit')
 potentially stale -> ('SV', 'contracts/Tokens/Prime/PrimeStorage.sol', 'PrimeStorageV1.irrevocableLimit'), ('SV', 'contracts/Tokens/Prime/PrimeStorage.sol', 'PrimeStorageV1.totalIrrevocable'), ('SV', 'contracts/Tokens/Prime/PrimeStorage.sol', 'PrimeStorageV1.totalRevocable')
 reader witnesses  -> 34
 storage exposures -> 2
[MV-SI candidate 67e631340de3c7a69ad9] {interests, markets}
 writer root       -> contracts/Tokens/Prime/Prime.sol::Prime.xvsUpdated(address)
 writer effect     -> contracts/Tokens/Prime/Prime.sol:737
 written member    -> ('SV', 'contracts/Tokens/Prime/PrimeStorage.sol', 'PrimeStorageV1.interests')
 potentially stale -> ('SV', 'contracts/Tokens/Prime/PrimeStorage.sol', 'PrimeStorageV1.markets')
 reader witnesses  -> 1164
 storage exposures -> 2
[MV-SI candidate 6a47dde00a155800fc56] {markets, tokens}
 writer root       -> contracts/Tokens/Prime/Prime.sol::Prime.claim()
 writer effect     -> contracts/Tokens/Prime/Prime.sol:708
 written member    -> ('SV', 'contracts/Tokens/Prime/PrimeStorage.sol', 'PrimeStorageV1.tokens')
 potentially stale -> ('SV', 'contracts/Tokens/Prime/PrimeStorage.sol', 'PrimeStorageV1.markets')
 reader witnesses  -> 388
 storage exposures -> 2
[MV-SI candidate 6c73ff933dc485d35c39] {interests, markets}
 writer root       -> contracts/Tokens/Prime/Prime.sol::Prime.addMarket(address,uint256,uint256)
 writer effect     -> contracts/Tokens/Prime/Prime.sol:298
 written member    -> ('SV', 'contracts/Tokens/Prime/PrimeStorage.sol', 'PrimeStorageV1.markets')
 potentially stale -> ('SV', 'contracts/Tokens/Prime/PrimeStorage.sol', 'PrimeStorageV1.interests')
 reader witnesses  -> 312
 storage exposures -> 2
[MV-SI candidate 6cb4857bbb002e4bcb9c] {interests, markets}
 writer root       -> contracts/Tokens/Prime/Prime.sol::Prime.burn(address)
 writer effect     -> contracts/Tokens/Prime/Prime.sol:786
 written member    -> ('SV', 'contracts/Tokens/Prime/PrimeStorage.sol', 'PrimeStorageV1.interests')
 potentially stale -> ('SV', 'contracts/Tokens/Prime/PrimeStorage.sol', 'PrimeStorageV1.markets')
 reader witnesses  -> 1116
 storage exposures -> 2
[MV-SI candidate 6cf98e754492474b4d7b] {interests, markets}
 writer root       -> contracts/Tokens/Prime/Prime.sol::Prime.claimInterest(address)
 writer effect     -> contracts/Tokens/Prime/Prime.sol:588
 written member    -> ('SV', 'contracts/Tokens/Prime/PrimeStorage.sol', 'PrimeStorageV1.markets')
 potentially stale -> ('SV', 'contracts/Tokens/Prime/PrimeStorage.sol', 'PrimeStorageV1.interests')
 reader witnesses  -> 312
 storage exposures -> 2
[MV-SI candidate 6d2497789c7c7665d62b] {lastAccruedBlock[$arg0], tokenAmountAccrued[$arg0], tokenDistributionSpeeds[$arg0]}
 writer root       -> contracts/Tokens/Prime/PrimeLiquidityProvider.sol::PrimeLiquidityProvider.releaseFunds(address)
 writer effect     -> contracts/Tokens/Prime/PrimeLiquidityProvider.sol:200
 written member    -> ('MS', 'contracts/Tokens/Prime/PrimeLiquidityProvider.sol', 'PrimeLiquidityProvider.tokenAmountAccrued', '$arg0')
 potentially stale -> ('MS', 'contracts/Tokens/Prime/PrimeLiquidityProvider.sol', 'PrimeLiquidityProvider.lastAccruedBlock', '$arg0'), ('MS', 'contracts/Tokens/Prime/PrimeLiquidityProvider.sol', 'PrimeLiquidityProvider.tokenDistributionSpeeds', '$arg0')
 reader witnesses  -> 6
 storage exposures -> 1
[MV-SI candidate 6d556a7336df8b99bdc5] {markets, tokens}
 writer root       -> contracts/Tokens/Prime/Prime.sol::Prime.updateScores(address[])
 writer effect     -> contracts/Tokens/Prime/Prime.sol:800
 written member    -> ('SV', 'contracts/Tokens/Prime/PrimeStorage.sol', 'PrimeStorageV1.markets')
 potentially stale -> ('SV', 'contracts/Tokens/Prime/PrimeStorage.sol', 'PrimeStorageV1.tokens')
 reader witnesses  -> 108
 storage exposures -> 2
[MV-SI candidate 6e38babd09f9b8a5a766] {interests, markets}
 writer root       -> contracts/Tokens/Prime/Prime.sol::Prime.updateMultipliers(address,uint256,uint256)
 writer effect     -> contracts/Tokens/Prime/Prime.sol:277
 written member    -> ('SV', 'contracts/Tokens/Prime/PrimeStorage.sol', 'PrimeStorageV1.markets')
 potentially stale -> ('SV', 'contracts/Tokens/Prime/PrimeStorage.sol', 'PrimeStorageV1.interests')
 reader witnesses  -> 312
 storage exposures -> 2
[MV-SI candidate 6f4e1871dbb1aff1d459] {_initialized, _initializing}
 writer root       -> contracts/Tokens/Prime/Prime.sol::Prime.initialize(address,address,uint256,uint128,uint128,address,address,address,address,address,uint256)
 writer effect     -> @openzeppelin/contracts-upgradeable/proxy/utils/Initializable.sol:90
 written member    -> ('SV', '@openzeppelin/contracts-upgradeable/proxy/utils/Initializable.sol', 'Initializable._initialized')
 potentially stale -> ('SV', '@openzeppelin/contracts-upgradeable/proxy/utils/Initializable.sol', 'Initializable._initializing')
 reader witnesses  -> 4
 storage exposures -> 2
[MV-SI candidate 6f9b63a0b94f2f40881d] {interests, markets}
 writer root       -> contracts/Tokens/Prime/Prime.sol::Prime.claimInterest(address,address)
 writer effect     -> contracts/Tokens/Prime/Prime.sol:588
 written member    -> ('SV', 'contracts/Tokens/Prime/PrimeStorage.sol', 'PrimeStorageV1.markets')
 potentially stale -> ('SV', 'contracts/Tokens/Prime/PrimeStorage.sol', 'PrimeStorageV1.interests')
 reader witnesses  -> 312
 storage exposures -> 2
[MV-SI candidate 6fbe3122ab579df7afed] {unreleasedPLPIncome[@local::contracts/Tokens/Prime/Prime.sol::Prime.accrueInterest(address)::LocalVariable::underlying_1], unreleasedPSRIncome[@local::contracts/Tokens/Prime/Prime.sol::Prime.accrueInterest(address)::LocalVariable::underlying_1]}
 writer root       -> contracts/Tokens/Prime/Prime.sol::Prime.updateAlpha(uint128,uint128)
 writer effect     -> contracts/Tokens/Prime/Prime.sol:581
 written member    -> ('MS', 'contracts/Tokens/Prime/PrimeStorage.sol', 'PrimeStorageV1.unreleasedPLPIncome', '@local::contracts/Tokens/Prime/Prime.sol::Prime.accrueInterest(address)::LocalVariable::underlying_1')
 potentially stale -> ('MS', 'contracts/Tokens/Prime/PrimeStorage.sol', 'PrimeStorageV1.unreleasedPSRIncome', '@local::contracts/Tokens/Prime/Prime.sol::Prime.accrueInterest(address)::LocalVariable::underlying_1')
 reader witnesses  -> 26
 storage exposures -> 2
[MV-SI candidate 7197db5d565269b92dc4] {irrevocableLimit, totalIrrevocable}
 writer root       -> contracts/Tokens/Prime/Prime.sol::Prime.issue(bool,address[])
 writer effect     -> contracts/Tokens/Prime/Prime.sol:766
 written member    -> ('SV', 'contracts/Tokens/Prime/PrimeStorage.sol', 'PrimeStorageV1.totalIrrevocable')
 potentially stale -> ('SV', 'contracts/Tokens/Prime/PrimeStorage.sol', 'PrimeStorageV1.irrevocableLimit')
 reader witnesses  -> 6
 storage exposures -> 2
[MV-SI candidate 71c6845f9f05c6f34c40] {interests, markets}
 writer root       -> contracts/Tokens/Prime/Prime.sol::Prime.getPendingInterests(address)
 writer effect     -> contracts/Tokens/Prime/Prime.sol:588
 written member    -> ('SV', 'contracts/Tokens/Prime/PrimeStorage.sol', 'PrimeStorageV1.markets')
 potentially stale -> ('SV', 'contracts/Tokens/Prime/PrimeStorage.sol', 'PrimeStorageV1.interests')
 reader witnesses  -> 312
 storage exposures -> 2
[MV-SI candidate 71f547fbee0bc3e3a957] {markets, tokens}
 writer root       -> contracts/Tokens/Prime/Prime.sol::Prime.addMarket(address,uint256,uint256)
 writer effect     -> contracts/Tokens/Prime/Prime.sol:297
 written member    -> ('SV', 'contracts/Tokens/Prime/PrimeStorage.sol', 'PrimeStorageV1.markets')
 potentially stale -> ('SV', 'contracts/Tokens/Prime/PrimeStorage.sol', 'PrimeStorageV1.tokens')
 reader witnesses  -> 108
 storage exposures -> 2
[MV-SI candidate 7242eb5683144436fc0d] {isScoreUpdated[@state::contracts/Tokens/Prime/PrimeStorage.sol::PrimeStorageV1.nextScoreUpdateRoundId][@local::contracts/Tokens/Prime/Prime.sol::Prime.updateScores(address[])::LocalVariable::user_1], nextScoreUpdateRoundId}
 writer root       -> contracts/Tokens/Prime/Prime.sol::Prime.addMarket(address,uint256,uint256)
 writer effect     -> contracts/Tokens/Prime/Prime.sol:819
 written member    -> ('SV', 'contracts/Tokens/Prime/PrimeStorage.sol', 'PrimeStorageV1.nextScoreUpdateRoundId')
 potentially stale -> ('MS', 'contracts/Tokens/Prime/PrimeStorage.sol', 'PrimeStorageV1.isScoreUpdated', '@state::contracts/Tokens/Prime/PrimeStorage.sol::PrimeStorageV1.nextScoreUpdateRoundId][@local::contracts/Tokens/Prime/Prime.sol::Prime.updateScores(address[])::LocalVariable::user_1')
 reader witnesses  -> 2
 storage exposures -> 2
[MV-SI candidate 73f63bd81352e60f0937] {unreleasedPLPIncome[@local::contracts/Tokens/Prime/Prime.sol::Prime.accrueInterest(address)::LocalVariable::underlying_1], unreleasedPSRIncome[@local::contracts/Tokens/Prime/Prime.sol::Prime.accrueInterest(address)::LocalVariable::underlying_1]}
 writer root       -> contracts/Tokens/Prime/Prime.sol::Prime.getInterestAccrued(address,address)
 writer effect     -> contracts/Tokens/Prime/Prime.sol:581
 written member    -> ('MS', 'contracts/Tokens/Prime/PrimeStorage.sol', 'PrimeStorageV1.unreleasedPLPIncome', '@local::contracts/Tokens/Prime/Prime.sol::Prime.accrueInterest(address)::LocalVariable::underlying_1')
 potentially stale -> ('MS', 'contracts/Tokens/Prime/PrimeStorage.sol', 'PrimeStorageV1.unreleasedPSRIncome', '@local::contracts/Tokens/Prime/Prime.sol::Prime.accrueInterest(address)::LocalVariable::underlying_1')
 reader witnesses  -> 26
 storage exposures -> 2
[MV-SI candidate 7876af7942eff300865a] {markets, tokens}
 writer root       -> contracts/Tokens/Prime/Prime.sol::Prime.xvsUpdated(address)
 writer effect     -> contracts/Tokens/Prime/Prime.sol:800
 written member    -> ('SV', 'contracts/Tokens/Prime/PrimeStorage.sol', 'PrimeStorageV1.markets')
 potentially stale -> ('SV', 'contracts/Tokens/Prime/PrimeStorage.sol', 'PrimeStorageV1.tokens')
 reader witnesses  -> 108
 storage exposures -> 2
[MV-SI candidate 789d01e320e22c472b57] {totalIrrevocable, totalRevocable}
 writer root       -> contracts/Tokens/Prime/Prime.sol::Prime.issue(bool,address[])
 writer effect     -> contracts/Tokens/Prime/Prime.sol:713
 written member    -> ('SV', 'contracts/Tokens/Prime/PrimeStorage.sol', 'PrimeStorageV1.totalRevocable')
 potentially stale -> ('SV', 'contracts/Tokens/Prime/PrimeStorage.sol', 'PrimeStorageV1.totalIrrevocable')
 reader witnesses  -> 24
 storage exposures -> 2
[MV-SI candidate 78a327c55e535ffd0df8] {interests, markets}
 writer root       -> contracts/Tokens/Prime/Prime.sol::Prime.xvsUpdated(address)
 writer effect     -> contracts/Tokens/Prime/Prime.sol:800
 written member    -> ('SV', 'contracts/Tokens/Prime/PrimeStorage.sol', 'PrimeStorageV1.markets')
 potentially stale -> ('SV', 'contracts/Tokens/Prime/PrimeStorage.sol', 'PrimeStorageV1.interests')
 reader witnesses  -> 276
 storage exposures -> 2
[MV-SI candidate 7905fb27da445a49fe0b] {irrevocableLimit, totalIrrevocable}
 writer root       -> contracts/Tokens/Prime/Prime.sol::Prime.xvsUpdated(address)
 writer effect     -> contracts/Tokens/Prime/Prime.sol:745
 written member    -> ('SV', 'contracts/Tokens/Prime/PrimeStorage.sol', 'PrimeStorageV1.totalIrrevocable')
 potentially stale -> ('SV', 'contracts/Tokens/Prime/PrimeStorage.sol', 'PrimeStorageV1.irrevocableLimit')
 reader witnesses  -> 6
 storage exposures -> 2
[MV-SI candidate 7a7b76f3957af8072b00] {feeIn, feeOut}
 writer root       -> contracts/PegStability/PegStability.sol::PegStability.setFeeIn(uint256)
 writer effect     -> contracts/PegStability/PegStability.sol:324
 written member    -> ('SV', 'contracts/PegStability/PegStability.sol', 'PegStability.feeIn')
 potentially stale -> ('SV', 'contracts/PegStability/PegStability.sol', 'PegStability.feeOut')
 reader witnesses  -> 12
 storage exposures -> 1
[MV-SI candidate 7ac3aebf2c8ad9da775c] {markets, tokens}
 writer root       -> contracts/Tokens/Prime/Prime.sol::Prime.issue(bool,address[])
 writer effect     -> contracts/Tokens/Prime/Prime.sol:707
 written member    -> ('SV', 'contracts/Tokens/Prime/PrimeStorage.sol', 'PrimeStorageV1.tokens')
 potentially stale -> ('SV', 'contracts/Tokens/Prime/PrimeStorage.sol', 'PrimeStorageV1.markets')
 reader witnesses  -> 388
 storage exposures -> 2
[MV-SI candidate 7b299e3c53cebbadb211] {unreleasedPLPIncome[@local::contracts/Tokens/Prime/Prime.sol::Prime.accrueInterest(address)::LocalVariable::underlying_1], unreleasedPSRIncome[@local::contracts/Tokens/Prime/Prime.sol::Prime.accrueInterest(address)::LocalVariable::underlying_1]}
 writer root       -> contracts/Tokens/Prime/Prime.sol::Prime.getInterestAccrued(address,address)
 writer effect     -> contracts/Tokens/Prime/Prime.sol:580
 written member    -> ('MS', 'contracts/Tokens/Prime/PrimeStorage.sol', 'PrimeStorageV1.unreleasedPSRIncome', '@local::contracts/Tokens/Prime/Prime.sol::Prime.accrueInterest(address)::LocalVariable::underlying_1')
 potentially stale -> ('MS', 'contracts/Tokens/Prime/PrimeStorage.sol', 'PrimeStorageV1.unreleasedPLPIncome', '@local::contracts/Tokens/Prime/Prime.sol::Prime.accrueInterest(address)::LocalVariable::underlying_1')
 reader witnesses  -> 26
 storage exposures -> 2
[MV-SI candidate 7b8267c30f60036a5dc6] {allMarkets, markets}
 writer root       -> contracts/Tokens/Prime/Prime.sol::Prime.getPendingInterests(address)
 writer effect     -> contracts/Tokens/Prime/Prime.sol:588
 written member    -> ('SV', 'contracts/Tokens/Prime/PrimeStorage.sol', 'PrimeStorageV1.markets')
 potentially stale -> ('SV', 'contracts/Tokens/Prime/PrimeStorage.sol', 'PrimeStorageV1.allMarkets')
 reader witnesses  -> 40
 storage exposures -> 2
[MV-SI candidate 7dc192d77cbe47f5338b] {interests, markets}
 writer root       -> contracts/Tokens/Prime/Prime.sol::Prime.updateScores(address[])
 writer effect     -> contracts/Tokens/Prime/Prime.sol:800
 written member    -> ('SV', 'contracts/Tokens/Prime/PrimeStorage.sol', 'PrimeStorageV1.markets')
 potentially stale -> ('SV', 'contracts/Tokens/Prime/PrimeStorage.sol', 'PrimeStorageV1.interests')
 reader witnesses  -> 276
 storage exposures -> 2
[MV-SI candidate 7f0534764cee5dd2e1d8] {allMarkets, markets}
 writer root       -> contracts/Tokens/Prime/Prime.sol::Prime.claimInterest(address,address)
 writer effect     -> contracts/Tokens/Prime/Prime.sol:588
 written member    -> ('SV', 'contracts/Tokens/Prime/PrimeStorage.sol', 'PrimeStorageV1.markets')
 potentially stale -> ('SV', 'contracts/Tokens/Prime/PrimeStorage.sol', 'PrimeStorageV1.allMarkets')
 reader witnesses  -> 40
 storage exposures -> 2
[MV-SI candidate 813f04c22ee4f57fee81] {tokenAmountAccrued[$arg0], tokenDistributionSpeeds[$arg0]}
 writer root       -> contracts/Tokens/Prime/PrimeLiquidityProvider.sol::PrimeLiquidityProvider.releaseFunds(address)
 writer effect     -> contracts/Tokens/Prime/PrimeLiquidityProvider.sol:266
 written member    -> ('MS', 'contracts/Tokens/Prime/PrimeLiquidityProvider.sol', 'PrimeLiquidityProvider.tokenAmountAccrued', '$arg0')
 potentially stale -> ('MS', 'contracts/Tokens/Prime/PrimeLiquidityProvider.sol', 'PrimeLiquidityProvider.tokenDistributionSpeeds', '$arg0')
 reader witnesses  -> 2
 storage exposures -> 1
[MV-SI candidate 82f1e06c8e3b854a173b] {totalIrrevocable, totalRevocable}
 writer root       -> contracts/Tokens/Prime/Prime.sol::Prime.xvsUpdated(address)
 writer effect     -> contracts/Tokens/Prime/Prime.sol:745
 written member    -> ('SV', 'contracts/Tokens/Prime/PrimeStorage.sol', 'PrimeStorageV1.totalIrrevocable')
 potentially stale -> ('SV', 'contracts/Tokens/Prime/PrimeStorage.sol', 'PrimeStorageV1.totalRevocable')
 reader witnesses  -> 22
 storage exposures -> 2
[MV-SI candidate 854b6447bac13be03da8] {unreleasedPLPIncome[@local::contracts/Tokens/Prime/Prime.sol::Prime.accrueInterest(address)::LocalVariable::underlying_1], unreleasedPSRIncome[@local::contracts/Tokens/Prime/Prime.sol::Prime.accrueInterest(address)::LocalVariable::underlying_1]}
 writer root       -> contracts/Tokens/Prime/Prime.sol::Prime.xvsUpdated(address)
 writer effect     -> contracts/Tokens/Prime/Prime.sol:580
 written member    -> ('MS', 'contracts/Tokens/Prime/PrimeStorage.sol', 'PrimeStorageV1.unreleasedPSRIncome', '@local::contracts/Tokens/Prime/Prime.sol::Prime.accrueInterest(address)::LocalVariable::underlying_1')
 potentially stale -> ('MS', 'contracts/Tokens/Prime/PrimeStorage.sol', 'PrimeStorageV1.unreleasedPLPIncome', '@local::contracts/Tokens/Prime/Prime.sol::Prime.accrueInterest(address)::LocalVariable::underlying_1')
 reader witnesses  -> 26
 storage exposures -> 2
[MV-SI candidate 85be9f08770bb4f2b651] {isScoreUpdated[@state::contracts/Tokens/Prime/PrimeStorage.sol::PrimeStorageV1.nextScoreUpdateRoundId][@local::contracts/Tokens/Prime/Prime.sol::Prime.updateScores(address[])::LocalVariable::user_1], nextScoreUpdateRoundId}
 writer root       -> contracts/Tokens/Prime/Prime.sol::Prime.updateAlpha(uint128,uint128)
 writer effect     -> contracts/Tokens/Prime/Prime.sol:819
 written member    -> ('SV', 'contracts/Tokens/Prime/PrimeStorage.sol', 'PrimeStorageV1.nextScoreUpdateRoundId')
 potentially stale -> ('MS', 'contracts/Tokens/Prime/PrimeStorage.sol', 'PrimeStorageV1.isScoreUpdated', '@state::contracts/Tokens/Prime/PrimeStorage.sol::PrimeStorageV1.nextScoreUpdateRoundId][@local::contracts/Tokens/Prime/Prime.sol::Prime.updateScores(address[])::LocalVariable::user_1')
 reader witnesses  -> 2
 storage exposures -> 2
[MV-SI candidate 86fcefcc64b1b1794962] {stakedAt[$arg0], tokens}
 writer root       -> contracts/Tokens/Prime/Prime.sol::Prime.claim()
 writer effect     -> contracts/Tokens/Prime/Prime.sol:401
 written member    -> ('MS', 'contracts/Tokens/Prime/PrimeStorage.sol', 'PrimeStorageV1.stakedAt', '$arg0')
 potentially stale -> ('SV', 'contracts/Tokens/Prime/PrimeStorage.sol', 'PrimeStorageV1.tokens')
 reader witnesses  -> 108
 storage exposures -> 2
[MV-SI candidate 8812897e8b7da9decc99] {interests, markets}
 writer root       -> contracts/Tokens/Prime/Prime.sol::Prime.claimInterest(address,address)
 writer effect     -> contracts/Tokens/Prime/Prime.sol:677
 written member    -> ('SV', 'contracts/Tokens/Prime/PrimeStorage.sol', 'PrimeStorageV1.interests')
 potentially stale -> ('SV', 'contracts/Tokens/Prime/PrimeStorage.sol', 'PrimeStorageV1.markets')
 reader witnesses  -> 1164
 storage exposures -> 2
[MV-SI candidate 8929f663741eb220e825] {markets, tokens}
 writer root       -> contracts/Tokens/Prime/Prime.sol::Prime.issue(bool,address[])
 writer effect     -> contracts/Tokens/Prime/Prime.sol:765
 written member    -> ('SV', 'contracts/Tokens/Prime/PrimeStorage.sol', 'PrimeStorageV1.tokens')
 potentially stale -> ('SV', 'contracts/Tokens/Prime/PrimeStorage.sol', 'PrimeStorageV1.markets')
 reader witnesses  -> 388
 storage exposures -> 2
[MV-SI candidate 897e0f0539e46bd629a3] {isScoreUpdated[@state::contracts/Tokens/Prime/PrimeStorage.sol::PrimeStorageV1.nextScoreUpdateRoundId][$arg0], nextScoreUpdateRoundId, pendingScoreUpdates}
 writer root       -> contracts/Tokens/Prime/Prime.sol::Prime.updateAlpha(uint128,uint128)
 writer effect     -> contracts/Tokens/Prime/Prime.sol:819
 written member    -> ('SV', 'contracts/Tokens/Prime/PrimeStorage.sol', 'PrimeStorageV1.nextScoreUpdateRoundId')
 potentially stale -> ('MS', 'contracts/Tokens/Prime/PrimeStorage.sol', 'PrimeStorageV1.isScoreUpdated', '@state::contracts/Tokens/Prime/PrimeStorage.sol::PrimeStorageV1.nextScoreUpdateRoundId][$arg0'), ('SV', 'contracts/Tokens/Prime/PrimeStorage.sol', 'PrimeStorageV1.pendingScoreUpdates')
 reader witnesses  -> 12
 storage exposures -> 2
[MV-SI candidate 89b5cdfac38429c2816c] {unreleasedPLPIncome[@local::contracts/Tokens/Prime/Prime.sol::Prime.accrueInterest(address)::LocalVariable::underlying_1], unreleasedPSRIncome[@local::contracts/Tokens/Prime/Prime.sol::Prime.accrueInterest(address)::LocalVariable::underlying_1]}
 writer root       -> contracts/Tokens/Prime/Prime.sol::Prime.claim()
 writer effect     -> contracts/Tokens/Prime/Prime.sol:580
 written member    -> ('MS', 'contracts/Tokens/Prime/PrimeStorage.sol', 'PrimeStorageV1.unreleasedPSRIncome', '@local::contracts/Tokens/Prime/Prime.sol::Prime.accrueInterest(address)::LocalVariable::underlying_1')
 potentially stale -> ('MS', 'contracts/Tokens/Prime/PrimeStorage.sol', 'PrimeStorageV1.unreleasedPLPIncome', '@local::contracts/Tokens/Prime/Prime.sol::Prime.accrueInterest(address)::LocalVariable::underlying_1')
 reader witnesses  -> 26
 storage exposures -> 2
[MV-SI candidate 89d4512fea6253d95a18] {unreleasedPLPIncome[@local::contracts/Tokens/Prime/Prime.sol::Prime.accrueInterest(address)::LocalVariable::underlying_1], unreleasedPSRIncome[@local::contracts/Tokens/Prime/Prime.sol::Prime.accrueInterest(address)::LocalVariable::underlying_1]}
 writer root       -> contracts/Tokens/Prime/Prime.sol::Prime.accrueInterest(address)
 writer effect     -> contracts/Tokens/Prime/Prime.sol:580
 written member    -> ('MS', 'contracts/Tokens/Prime/PrimeStorage.sol', 'PrimeStorageV1.unreleasedPSRIncome', '@local::contracts/Tokens/Prime/Prime.sol::Prime.accrueInterest(address)::LocalVariable::underlying_1')
 potentially stale -> ('MS', 'contracts/Tokens/Prime/PrimeStorage.sol', 'PrimeStorageV1.unreleasedPLPIncome', '@local::contracts/Tokens/Prime/Prime.sol::Prime.accrueInterest(address)::LocalVariable::underlying_1')
 reader witnesses  -> 26
 storage exposures -> 2
[MV-SI candidate 8a30295b2999c4688287] {isScoreUpdated[@state::contracts/Tokens/Prime/PrimeStorage.sol::PrimeStorageV1.nextScoreUpdateRoundId][$arg0], nextScoreUpdateRoundId, pendingScoreUpdates}
 writer root       -> contracts/Tokens/Prime/Prime.sol::Prime.xvsUpdated(address)
 writer effect     -> contracts/Tokens/Prime/Prime.sol:831
 written member    -> ('SV', 'contracts/Tokens/Prime/PrimeStorage.sol', 'PrimeStorageV1.pendingScoreUpdates')
 potentially stale -> ('MS', 'contracts/Tokens/Prime/PrimeStorage.sol', 'PrimeStorageV1.isScoreUpdated', '@state::contracts/Tokens/Prime/PrimeStorage.sol::PrimeStorageV1.nextScoreUpdateRoundId][$arg0'), ('SV', 'contracts/Tokens/Prime/PrimeStorage.sol', 'PrimeStorageV1.nextScoreUpdateRoundId')
 reader witnesses  -> 14
 storage exposures -> 2
[MV-SI candidate 8b67f6d0b96d3d24ac6b] {interests, markets}
 writer root       -> contracts/Tokens/Prime/Prime.sol::Prime.issue(bool,address[])
 writer effect     -> contracts/Tokens/Prime/Prime.sol:588
 written member    -> ('SV', 'contracts/Tokens/Prime/PrimeStorage.sol', 'PrimeStorageV1.markets')
 potentially stale -> ('SV', 'contracts/Tokens/Prime/PrimeStorage.sol', 'PrimeStorageV1.interests')
 reader witnesses  -> 312
 storage exposures -> 2
[MV-SI candidate 8bf4a5a0d6cc5e231301] {_initialized, _initializing}
 writer root       -> contracts/PegStability/PegStability.sol::PegStability.initialize(address,address,address,uint256,uint256,uint256)
 writer effect     -> @openzeppelin/contracts-upgradeable/proxy/utils/Initializable.sol:96
 written member    -> ('SV', '@openzeppelin/contracts-upgradeable/proxy/utils/Initializable.sol', 'Initializable._initializing')
 potentially stale -> ('SV', '@openzeppelin/contracts-upgradeable/proxy/utils/Initializable.sol', 'Initializable._initialized')
 reader witnesses  -> 1
 storage exposures -> 1
[MV-SI candidate 8c9fcef0b7c85d33d6e3] {interests, markets}
 writer root       -> contracts/Tokens/Prime/Prime.sol::Prime.issue(bool,address[])
 writer effect     -> contracts/Tokens/Prime/Prime.sol:632
 written member    -> ('SV', 'contracts/Tokens/Prime/PrimeStorage.sol', 'PrimeStorageV1.interests')
 potentially stale -> ('SV', 'contracts/Tokens/Prime/PrimeStorage.sol', 'PrimeStorageV1.markets')
 reader witnesses  -> 1164
 storage exposures -> 2
[MV-SI candidate 8e98f126ff6f6452fc0a] {irrevocableLimit, revocableLimit, totalIrrevocable, totalRevocable}
 writer root       -> contracts/Tokens/Prime/Prime.sol::Prime.claim()
 writer effect     -> contracts/Tokens/Prime/Prime.sol:711
 written member    -> ('SV', 'contracts/Tokens/Prime/PrimeStorage.sol', 'PrimeStorageV1.totalIrrevocable')
 potentially stale -> ('SV', 'contracts/Tokens/Prime/PrimeStorage.sol', 'PrimeStorageV1.irrevocableLimit'), ('SV', 'contracts/Tokens/Prime/PrimeStorage.sol', 'PrimeStorageV1.revocableLimit'), ('SV', 'contracts/Tokens/Prime/PrimeStorage.sol', 'PrimeStorageV1.totalRevocable')
 reader witnesses  -> 24
 storage exposures -> 2
[MV-SI candidate 8eebf58896ae0c31a705] {irrevocableLimit, revocableLimit, totalIrrevocable, totalRevocable}
 writer root       -> contracts/Tokens/Prime/Prime.sol::Prime.issue(bool,address[])
 writer effect     -> contracts/Tokens/Prime/Prime.sol:711
 written member    -> ('SV', 'contracts/Tokens/Prime/PrimeStorage.sol', 'PrimeStorageV1.totalIrrevocable')
 potentially stale -> ('SV', 'contracts/Tokens/Prime/PrimeStorage.sol', 'PrimeStorageV1.irrevocableLimit'), ('SV', 'contracts/Tokens/Prime/PrimeStorage.sol', 'PrimeStorageV1.revocableLimit'), ('SV', 'contracts/Tokens/Prime/PrimeStorage.sol', 'PrimeStorageV1.totalRevocable')
 reader witnesses  -> 24
 storage exposures -> 2
[MV-SI candidate 8eefe4640aede40ab3f4] {markets, tokens}
 writer root       -> contracts/Tokens/Prime/Prime.sol::Prime.claim()
 writer effect     -> contracts/Tokens/Prime/Prime.sol:633
 written member    -> ('SV', 'contracts/Tokens/Prime/PrimeStorage.sol', 'PrimeStorageV1.markets')
 potentially stale -> ('SV', 'contracts/Tokens/Prime/PrimeStorage.sol', 'PrimeStorageV1.tokens')
 reader witnesses  -> 108
 storage exposures -> 2
[MV-SI candidate 8f7b3a7fa7a92bbc98e0] {interests, markets}
 writer root       -> contracts/Tokens/Prime/Prime.sol::Prime.issue(bool,address[])
 writer effect     -> contracts/Tokens/Prime/Prime.sol:633
 written member    -> ('SV', 'contracts/Tokens/Prime/PrimeStorage.sol', 'PrimeStorageV1.markets')
 potentially stale -> ('SV', 'contracts/Tokens/Prime/PrimeStorage.sol', 'PrimeStorageV1.interests')
 reader witnesses  -> 312
 storage exposures -> 2
[MV-SI candidate 8f8068196a015ad543d2] {unreleasedPLPIncome[@local::contracts/Tokens/Prime/Prime.sol::Prime.accrueInterest(address)::LocalVariable::underlying_1], unreleasedPSRIncome[@local::contracts/Tokens/Prime/Prime.sol::Prime.accrueInterest(address)::LocalVariable::underlying_1]}
 writer root       -> contracts/Tokens/Prime/Prime.sol::Prime.burn(address)
 writer effect     -> contracts/Tokens/Prime/Prime.sol:581
 written member    -> ('MS', 'contracts/Tokens/Prime/PrimeStorage.sol', 'PrimeStorageV1.unreleasedPLPIncome', '@local::contracts/Tokens/Prime/Prime.sol::Prime.accrueInterest(address)::LocalVariable::underlying_1')
 potentially stale -> ('MS', 'contracts/Tokens/Prime/PrimeStorage.sol', 'PrimeStorageV1.unreleasedPSRIncome', '@local::contracts/Tokens/Prime/Prime.sol::Prime.accrueInterest(address)::LocalVariable::underlying_1')
 reader witnesses  -> 26
 storage exposures -> 2
[MV-SI candidate 9095f3a1edda9efd1961] {interests, markets}
 writer root       -> contracts/Tokens/Prime/Prime.sol::Prime.burn(address)
 writer effect     -> contracts/Tokens/Prime/Prime.sol:733
 written member    -> ('SV', 'contracts/Tokens/Prime/PrimeStorage.sol', 'PrimeStorageV1.markets')
 potentially stale -> ('SV', 'contracts/Tokens/Prime/PrimeStorage.sol', 'PrimeStorageV1.interests')
 reader witnesses  -> 288
 storage exposures -> 2
[MV-SI candidate 91a43ccef2b1c25de147] {interests, markets}
 writer root       -> contracts/Tokens/Prime/Prime.sol::Prime.claim()
 writer effect     -> contracts/Tokens/Prime/Prime.sol:588
 written member    -> ('SV', 'contracts/Tokens/Prime/PrimeStorage.sol', 'PrimeStorageV1.markets')
 potentially stale -> ('SV', 'contracts/Tokens/Prime/PrimeStorage.sol', 'PrimeStorageV1.interests')
 reader witnesses  -> 312
 storage exposures -> 2
[MV-SI candidate 944b9f09c960b319502c] {allMarkets, markets}
 writer root       -> contracts/Tokens/Prime/Prime.sol::Prime.burn(address)
 writer effect     -> contracts/Tokens/Prime/Prime.sol:588
 written member    -> ('SV', 'contracts/Tokens/Prime/PrimeStorage.sol', 'PrimeStorageV1.markets')
 potentially stale -> ('SV', 'contracts/Tokens/Prime/PrimeStorage.sol', 'PrimeStorageV1.allMarkets')
 reader witnesses  -> 40
 storage exposures -> 2
[MV-SI candidate 9890827477076f575e7a] {isScoreUpdated[@state::contracts/Tokens/Prime/PrimeStorage.sol::PrimeStorageV1.nextScoreUpdateRoundId][@local::contracts/Tokens/Prime/Prime.sol::Prime.updateScores(address[])::LocalVariable::user_1], nextScoreUpdateRoundId}
 writer root       -> contracts/Tokens/Prime/Prime.sol::Prime.updateMultipliers(address,uint256,uint256)
 writer effect     -> contracts/Tokens/Prime/Prime.sol:819
 written member    -> ('SV', 'contracts/Tokens/Prime/PrimeStorage.sol', 'PrimeStorageV1.nextScoreUpdateRoundId')
 potentially stale -> ('MS', 'contracts/Tokens/Prime/PrimeStorage.sol', 'PrimeStorageV1.isScoreUpdated', '@state::contracts/Tokens/Prime/PrimeStorage.sol::PrimeStorageV1.nextScoreUpdateRoundId][@local::contracts/Tokens/Prime/Prime.sol::Prime.updateScores(address[])::LocalVariable::user_1')
 reader witnesses  -> 2
 storage exposures -> 2
[MV-SI candidate 99a905ea2b5f20807583] {_initialized, _initializing}
 writer root       -> contracts/Tokens/Prime/PrimeLiquidityProvider.sol::PrimeLiquidityProvider.initialize(address,address[],uint256[])
 writer effect     -> @openzeppelin/contracts-upgradeable/proxy/utils/Initializable.sol:96
 written member    -> ('SV', '@openzeppelin/contracts-upgradeable/proxy/utils/Initializable.sol', 'Initializable._initializing')
 potentially stale -> ('SV', '@openzeppelin/contracts-upgradeable/proxy/utils/Initializable.sol', 'Initializable._initialized')
 reader witnesses  -> 1
 storage exposures -> 1
[MV-SI candidate 99fe119ce87d24aa9ae7] {markets, tokens}
 writer root       -> contracts/Tokens/Prime/Prime.sol::Prime.burn(address)
 writer effect     -> contracts/Tokens/Prime/Prime.sol:751
 written member    -> ('SV', 'contracts/Tokens/Prime/PrimeStorage.sol', 'PrimeStorageV1.tokens')
 potentially stale -> ('SV', 'contracts/Tokens/Prime/PrimeStorage.sol', 'PrimeStorageV1.markets')
 reader witnesses  -> 388
 storage exposures -> 2
[MV-SI candidate 9ceb1a6d79c296a6987b] {isScoreUpdated[@state::contracts/Tokens/Prime/PrimeStorage.sol::PrimeStorageV1.nextScoreUpdateRoundId][$arg0], nextScoreUpdateRoundId, pendingScoreUpdates}
 writer root       -> contracts/Tokens/Prime/Prime.sol::Prime.initialize(address,address,uint256,uint128,uint128,address,address,address,address,address,uint256)
 writer effect     -> contracts/Tokens/Prime/Prime.sol:156
 written member    -> ('SV', 'contracts/Tokens/Prime/PrimeStorage.sol', 'PrimeStorageV1.nextScoreUpdateRoundId')
 potentially stale -> ('MS', 'contracts/Tokens/Prime/PrimeStorage.sol', 'PrimeStorageV1.isScoreUpdated', '@state::contracts/Tokens/Prime/PrimeStorage.sol::PrimeStorageV1.nextScoreUpdateRoundId][$arg0'), ('SV', 'contracts/Tokens/Prime/PrimeStorage.sol', 'PrimeStorageV1.pendingScoreUpdates')
 reader witnesses  -> 12
 storage exposures -> 2
[MV-SI candidate 9d78a89942af8553bc55] {interests, markets}
 writer root       -> contracts/Tokens/Prime/Prime.sol::Prime.claimInterest(address,address)
 writer effect     -> contracts/Tokens/Prime/Prime.sol:676
 written member    -> ('SV', 'contracts/Tokens/Prime/PrimeStorage.sol', 'PrimeStorageV1.interests')
 potentially stale -> ('SV', 'contracts/Tokens/Prime/PrimeStorage.sol', 'PrimeStorageV1.markets')
 reader witnesses  -> 1140
 storage exposures -> 2
[MV-SI candidate 9e476c97a638fe7a035b] {allMarkets, markets}
 writer root       -> contracts/Tokens/Prime/Prime.sol::Prime.updateMultipliers(address,uint256,uint256)
 writer effect     -> contracts/Tokens/Prime/Prime.sol:276
 written member    -> ('SV', 'contracts/Tokens/Prime/PrimeStorage.sol', 'PrimeStorageV1.markets')
 potentially stale -> ('SV', 'contracts/Tokens/Prime/PrimeStorage.sol', 'PrimeStorageV1.allMarkets')
 reader witnesses  -> 40
 storage exposures -> 2
[MV-SI candidate 9e81f5af262c9475c693] {markets, tokens}
 writer root       -> contracts/Tokens/Prime/Prime.sol::Prime.xvsUpdated(address)
 writer effect     -> contracts/Tokens/Prime/Prime.sol:733
 written member    -> ('SV', 'contracts/Tokens/Prime/PrimeStorage.sol', 'PrimeStorageV1.markets')
 potentially stale -> ('SV', 'contracts/Tokens/Prime/PrimeStorage.sol', 'PrimeStorageV1.tokens')
 reader witnesses  -> 108
 storage exposures -> 2
[MV-SI candidate 9ecb20a277badcbe48c5] {stakedAt[$arg0], tokens}
 writer root       -> contracts/Tokens/Prime/Prime.sol::Prime.xvsUpdated(address)
 writer effect     -> contracts/Tokens/Prime/Prime.sol:751
 written member    -> ('SV', 'contracts/Tokens/Prime/PrimeStorage.sol', 'PrimeStorageV1.tokens')
 potentially stale -> ('MS', 'contracts/Tokens/Prime/PrimeStorage.sol', 'PrimeStorageV1.stakedAt', '$arg0')
 reader witnesses  -> 8
 storage exposures -> 2
[MV-SI candidate 9edbad71f26a46d69d02] {_initialized, _initializing}
 writer root       -> contracts/test/LiquidatorHarness.sol::LiquidatorHarness.initialize(uint256)
 writer effect     -> @openzeppelin/contracts-upgradeable/proxy/utils/Initializable.sol:90
 written member    -> ('SV', '@openzeppelin/contracts-upgradeable/proxy/utils/Initializable.sol', 'Initializable._initialized')
 potentially stale -> ('SV', '@openzeppelin/contracts-upgradeable/proxy/utils/Initializable.sol', 'Initializable._initializing')
 reader witnesses  -> 2
 storage exposures -> 1
[MV-SI candidate 9f1acda13d6f01dfc381] {lastAccruedBlock[$arg0], tokenAmountAccrued[$arg0], tokenDistributionSpeeds[$arg0]}
 writer root       -> contracts/Tokens/Prime/PrimeLiquidityProvider.sol::PrimeLiquidityProvider.releaseFunds(address)
 writer effect     -> contracts/Tokens/Prime/PrimeLiquidityProvider.sol:270
 written member    -> ('MS', 'contracts/Tokens/Prime/PrimeLiquidityProvider.sol', 'PrimeLiquidityProvider.lastAccruedBlock', '$arg0')
 potentially stale -> ('MS', 'contracts/Tokens/Prime/PrimeLiquidityProvider.sol', 'PrimeLiquidityProvider.tokenAmountAccrued', '$arg0'), ('MS', 'contracts/Tokens/Prime/PrimeLiquidityProvider.sol', 'PrimeLiquidityProvider.tokenDistributionSpeeds', '$arg0')
 reader witnesses  -> 6
 storage exposures -> 1
[MV-SI candidate 9fabdf5b0bd2f2c69a4c] {interests, markets}
 writer root       -> contracts/Tokens/Prime/Prime.sol::Prime.xvsUpdated(address)
 writer effect     -> contracts/Tokens/Prime/Prime.sol:736
 written member    -> ('SV', 'contracts/Tokens/Prime/PrimeStorage.sol', 'PrimeStorageV1.interests')
 potentially stale -> ('SV', 'contracts/Tokens/Prime/PrimeStorage.sol', 'PrimeStorageV1.markets')
 reader witnesses  -> 1164
 storage exposures -> 2
[MV-SI candidate a13491ca972e02a7d936] {unreleasedPLPIncome[@local::contracts/Tokens/Prime/Prime.sol::Prime.accrueInterest(address)::LocalVariable::underlying_1], unreleasedPSRIncome[@local::contracts/Tokens/Prime/Prime.sol::Prime.accrueInterest(address)::LocalVariable::underlying_1]}
 writer root       -> contracts/Tokens/Prime/Prime.sol::Prime.issue(bool,address[])
 writer effect     -> contracts/Tokens/Prime/Prime.sol:581
 written member    -> ('MS', 'contracts/Tokens/Prime/PrimeStorage.sol', 'PrimeStorageV1.unreleasedPLPIncome', '@local::contracts/Tokens/Prime/Prime.sol::Prime.accrueInterest(address)::LocalVariable::underlying_1')
 potentially stale -> ('MS', 'contracts/Tokens/Prime/PrimeStorage.sol', 'PrimeStorageV1.unreleasedPSRIncome', '@local::contracts/Tokens/Prime/Prime.sol::Prime.accrueInterest(address)::LocalVariable::underlying_1')
 reader witnesses  -> 26
 storage exposures -> 2
[MV-SI candidate a25f34a42c4df349a83c] {interests, markets}
 writer root       -> contracts/Tokens/Prime/Prime.sol::Prime.xvsUpdated(address)
 writer effect     -> contracts/Tokens/Prime/Prime.sol:588
 written member    -> ('SV', 'contracts/Tokens/Prime/PrimeStorage.sol', 'PrimeStorageV1.markets')
 potentially stale -> ('SV', 'contracts/Tokens/Prime/PrimeStorage.sol', 'PrimeStorageV1.interests')
 reader witnesses  -> 312
 storage exposures -> 2
[MV-SI candidate a2aeb1984c985f7f4d11] {markets, tokens}
 writer root       -> contracts/Tokens/Prime/Prime.sol::Prime.updateScores(address[])
 writer effect     -> contracts/Tokens/Prime/Prime.sol:588
 written member    -> ('SV', 'contracts/Tokens/Prime/PrimeStorage.sol', 'PrimeStorageV1.markets')
 potentially stale -> ('SV', 'contracts/Tokens/Prime/PrimeStorage.sol', 'PrimeStorageV1.tokens')
 reader witnesses  -> 108
 storage exposures -> 2
[MV-SI candidate a2c60e14e48b94cda18d] {irrevocableLimit, revocableLimit, totalIrrevocable, totalRevocable}
 writer root       -> contracts/Tokens/Prime/Prime.sol::Prime.issue(bool,address[])
 writer effect     -> contracts/Tokens/Prime/Prime.sol:713
 written member    -> ('SV', 'contracts/Tokens/Prime/PrimeStorage.sol', 'PrimeStorageV1.totalRevocable')
 potentially stale -> ('SV', 'contracts/Tokens/Prime/PrimeStorage.sol', 'PrimeStorageV1.irrevocableLimit'), ('SV', 'contracts/Tokens/Prime/PrimeStorage.sol', 'PrimeStorageV1.revocableLimit'), ('SV', 'contracts/Tokens/Prime/PrimeStorage.sol', 'PrimeStorageV1.totalIrrevocable')
 reader witnesses  -> 24
 storage exposures -> 2
[MV-SI candidate a34b512e75090d474300] {stakedAt[$arg0], tokens}
 writer root       -> contracts/Tokens/Prime/Prime.sol::Prime.xvsUpdated(address)
 writer effect     -> contracts/Tokens/Prime/Prime.sol:376
 written member    -> ('MS', 'contracts/Tokens/Prime/PrimeStorage.sol', 'PrimeStorageV1.stakedAt', '$arg0')
 potentially stale -> ('SV', 'contracts/Tokens/Prime/PrimeStorage.sol', 'PrimeStorageV1.tokens')
 reader witnesses  -> 108
 storage exposures -> 2
[MV-SI candidate a3552a80646f7d544a3a] {isScoreUpdated[@state::contracts/Tokens/Prime/PrimeStorage.sol::PrimeStorageV1.nextScoreUpdateRoundId][$arg0], nextScoreUpdateRoundId, pendingScoreUpdates}
 writer root       -> contracts/Tokens/Prime/Prime.sol::Prime.updateAlpha(uint128,uint128)
 writer effect     -> contracts/Tokens/Prime/Prime.sol:821
 written member    -> ('SV', 'contracts/Tokens/Prime/PrimeStorage.sol', 'PrimeStorageV1.pendingScoreUpdates')
 potentially stale -> ('MS', 'contracts/Tokens/Prime/PrimeStorage.sol', 'PrimeStorageV1.isScoreUpdated', '@state::contracts/Tokens/Prime/PrimeStorage.sol::PrimeStorageV1.nextScoreUpdateRoundId][$arg0'), ('SV', 'contracts/Tokens/Prime/PrimeStorage.sol', 'PrimeStorageV1.nextScoreUpdateRoundId')
 reader witnesses  -> 14
 storage exposures -> 2
[MV-SI candidate a5045435daf93f52bbea] {lastAccruedBlock[$arg0], tokenAmountAccrued[$arg0], tokenDistributionSpeeds[$arg0]}
 writer root       -> contracts/Tokens/Prime/PrimeLiquidityProvider.sol::PrimeLiquidityProvider.releaseFunds(address)
 writer effect     -> contracts/Tokens/Prime/PrimeLiquidityProvider.sol:266
 written member    -> ('MS', 'contracts/Tokens/Prime/PrimeLiquidityProvider.sol', 'PrimeLiquidityProvider.tokenAmountAccrued', '$arg0')
 potentially stale -> ('MS', 'contracts/Tokens/Prime/PrimeLiquidityProvider.sol', 'PrimeLiquidityProvider.lastAccruedBlock', '$arg0'), ('MS', 'contracts/Tokens/Prime/PrimeLiquidityProvider.sol', 'PrimeLiquidityProvider.tokenDistributionSpeeds', '$arg0')
 reader witnesses  -> 6
 storage exposures -> 1
[MV-SI candidate a586e9cda13c7f35ed52] {allMarkets, markets}
 writer root       -> contracts/Tokens/Prime/Prime.sol::Prime.burn(address)
 writer effect     -> contracts/Tokens/Prime/Prime.sol:733
 written member    -> ('SV', 'contracts/Tokens/Prime/PrimeStorage.sol', 'PrimeStorageV1.markets')
 potentially stale -> ('SV', 'contracts/Tokens/Prime/PrimeStorage.sol', 'PrimeStorageV1.allMarkets')
 reader witnesses  -> 40
 storage exposures -> 2
[MV-SI candidate a60a9039b91e0d7359c2] {interests, markets}
 writer root       -> contracts/Tokens/Prime/Prime.sol::Prime.updateAlpha(uint128,uint128)
 writer effect     -> contracts/Tokens/Prime/Prime.sol:588
 written member    -> ('SV', 'contracts/Tokens/Prime/PrimeStorage.sol', 'PrimeStorageV1.markets')
 potentially stale -> ('SV', 'contracts/Tokens/Prime/PrimeStorage.sol', 'PrimeStorageV1.interests')
 reader witnesses  -> 312
 storage exposures -> 2
[MV-SI candidate accb11d24bb2edc89241] {interests, markets}
 writer root       -> contracts/Tokens/Prime/Prime.sol::Prime.burn(address)
 writer effect     -> contracts/Tokens/Prime/Prime.sol:736
 written member    -> ('SV', 'contracts/Tokens/Prime/PrimeStorage.sol', 'PrimeStorageV1.interests')
 potentially stale -> ('SV', 'contracts/Tokens/Prime/PrimeStorage.sol', 'PrimeStorageV1.markets')
 reader witnesses  -> 1164
 storage exposures -> 2
[MV-SI candidate ad3cd29562139865a414] {unreleasedPLPIncome[@local::contracts/Tokens/Prime/Prime.sol::Prime.accrueInterest(address)::LocalVariable::underlying_1], unreleasedPSRIncome[@local::contracts/Tokens/Prime/Prime.sol::Prime.accrueInterest(address)::LocalVariable::underlying_1]}
 writer root       -> contracts/Tokens/Prime/Prime.sol::Prime.claimInterest(address,address)
 writer effect     -> contracts/Tokens/Prime/Prime.sol:581
 written member    -> ('MS', 'contracts/Tokens/Prime/PrimeStorage.sol', 'PrimeStorageV1.unreleasedPLPIncome', '@local::contracts/Tokens/Prime/Prime.sol::Prime.accrueInterest(address)::LocalVariable::underlying_1')
 potentially stale -> ('MS', 'contracts/Tokens/Prime/PrimeStorage.sol', 'PrimeStorageV1.unreleasedPSRIncome', '@local::contracts/Tokens/Prime/Prime.sol::Prime.accrueInterest(address)::LocalVariable::underlying_1')
 reader witnesses  -> 26
 storage exposures -> 2
[MV-SI candidate ad6c135a40ce1d2b7496] {interests, markets}
 writer root       -> contracts/Tokens/Prime/Prime.sol::Prime.accrueInterestAndUpdateScore(address,address)
 writer effect     -> contracts/Tokens/Prime/Prime.sol:786
 written member    -> ('SV', 'contracts/Tokens/Prime/PrimeStorage.sol', 'PrimeStorageV1.interests')
 potentially stale -> ('SV', 'contracts/Tokens/Prime/PrimeStorage.sol', 'PrimeStorageV1.markets')
 reader witnesses  -> 1116
 storage exposures -> 2
[MV-SI candidate ad82972134d99acff58f] {interests, markets}
 writer root       -> contracts/Tokens/Prime/Prime.sol::Prime.claim()
 writer effect     -> contracts/Tokens/Prime/Prime.sol:632
 written member    -> ('SV', 'contracts/Tokens/Prime/PrimeStorage.sol', 'PrimeStorageV1.interests')
 potentially stale -> ('SV', 'contracts/Tokens/Prime/PrimeStorage.sol', 'PrimeStorageV1.markets')
 reader witnesses  -> 1164
 storage exposures -> 2
[MV-SI candidate ae527f8a798bd163427d] {irrevocableLimit, revocableLimit, totalIrrevocable, totalRevocable}
 writer root       -> contracts/Tokens/Prime/Prime.sol::Prime.issue(bool,address[])
 writer effect     -> contracts/Tokens/Prime/Prime.sol:766
 written member    -> ('SV', 'contracts/Tokens/Prime/PrimeStorage.sol', 'PrimeStorageV1.totalIrrevocable')
 potentially stale -> ('SV', 'contracts/Tokens/Prime/PrimeStorage.sol', 'PrimeStorageV1.irrevocableLimit'), ('SV', 'contracts/Tokens/Prime/PrimeStorage.sol', 'PrimeStorageV1.revocableLimit'), ('SV', 'contracts/Tokens/Prime/PrimeStorage.sol', 'PrimeStorageV1.totalRevocable')
 reader witnesses  -> 24
 storage exposures -> 2
[MV-SI candidate af9ac9757f6ed6e6e3e0] {irrevocableLimit, revocableLimit, totalIrrevocable, totalRevocable}
 writer root       -> contracts/Tokens/Prime/Prime.sol::Prime.xvsUpdated(address)
 writer effect     -> contracts/Tokens/Prime/Prime.sol:745
 written member    -> ('SV', 'contracts/Tokens/Prime/PrimeStorage.sol', 'PrimeStorageV1.totalIrrevocable')
 potentially stale -> ('SV', 'contracts/Tokens/Prime/PrimeStorage.sol', 'PrimeStorageV1.irrevocableLimit'), ('SV', 'contracts/Tokens/Prime/PrimeStorage.sol', 'PrimeStorageV1.revocableLimit'), ('SV', 'contracts/Tokens/Prime/PrimeStorage.sol', 'PrimeStorageV1.totalRevocable')
 reader witnesses  -> 24
 storage exposures -> 2
[MV-SI candidate affff47fff8b14b353e6] {_initialized, _initializing}
 writer root       -> contracts/DelegateBorrowers/SwapDebtDelegate.sol::SwapDebtDelegate.initialize()
 writer effect     -> @openzeppelin/contracts-upgradeable/proxy/utils/Initializable.sol:92
 written member    -> ('SV', '@openzeppelin/contracts-upgradeable/proxy/utils/Initializable.sol', 'Initializable._initializing')
 potentially stale -> ('SV', '@openzeppelin/contracts-upgradeable/proxy/utils/Initializable.sol', 'Initializable._initialized')
 reader witnesses  -> 1
 storage exposures -> 1
[MV-SI candidate b0c084c01b9dce5da7c9] {interests, markets}
 writer root       -> contracts/Tokens/Prime/Prime.sol::Prime.xvsUpdated(address)
 writer effect     -> contracts/Tokens/Prime/Prime.sol:733
 written member    -> ('SV', 'contracts/Tokens/Prime/PrimeStorage.sol', 'PrimeStorageV1.markets')
 potentially stale -> ('SV', 'contracts/Tokens/Prime/PrimeStorage.sol', 'PrimeStorageV1.interests')
 reader witnesses  -> 288
 storage exposures -> 2
[MV-SI candidate b2b25b4640a1d92c8dbb] {interests, markets}
 writer root       -> contracts/Tokens/Prime/Prime.sol::Prime.accrueInterestAndUpdateScore(address,address)
 writer effect     -> contracts/Tokens/Prime/Prime.sol:785
 written member    -> ('SV', 'contracts/Tokens/Prime/PrimeStorage.sol', 'PrimeStorageV1.interests')
 potentially stale -> ('SV', 'contracts/Tokens/Prime/PrimeStorage.sol', 'PrimeStorageV1.markets')
 reader witnesses  -> 1116
 storage exposures -> 2
[MV-SI candidate b4e8d9212ef1cb8d65c7] {vaiMintCap, vaiMinted}
 writer root       -> contracts/PegStability/PegStability.sol::PegStability.swapVAIForStable(address,uint256)
 writer effect     -> contracts/PegStability/PegStability.sol:216
 written member    -> ('SV', 'contracts/PegStability/PegStability.sol', 'PegStability.vaiMinted')
 potentially stale -> ('SV', 'contracts/PegStability/PegStability.sol', 'PegStability.vaiMintCap')
 reader witnesses  -> 1
 storage exposures -> 1
[MV-SI candidate b96736ef52d542eeba23] {unreleasedPLPIncome[@local::contracts/Tokens/Prime/Prime.sol::Prime.accrueInterest(address)::LocalVariable::underlying_1], unreleasedPSRIncome[@local::contracts/Tokens/Prime/Prime.sol::Prime.accrueInterest(address)::LocalVariable::underlying_1]}
 writer root       -> contracts/Tokens/Prime/Prime.sol::Prime.updateScores(address[])
 writer effect     -> contracts/Tokens/Prime/Prime.sol:580
 written member    -> ('MS', 'contracts/Tokens/Prime/PrimeStorage.sol', 'PrimeStorageV1.unreleasedPSRIncome', '@local::contracts/Tokens/Prime/Prime.sol::Prime.accrueInterest(address)::LocalVariable::underlying_1')
 potentially stale -> ('MS', 'contracts/Tokens/Prime/PrimeStorage.sol', 'PrimeStorageV1.unreleasedPLPIncome', '@local::contracts/Tokens/Prime/Prime.sol::Prime.accrueInterest(address)::LocalVariable::underlying_1')
 reader witnesses  -> 26
 storage exposures -> 2
[MV-SI candidate b97248aac9f957de7493] {stakedAt[$arg0], tokens}
 writer root       -> contracts/Tokens/Prime/Prime.sol::Prime.issue(bool,address[])
 writer effect     -> contracts/Tokens/Prime/Prime.sol:708
 written member    -> ('SV', 'contracts/Tokens/Prime/PrimeStorage.sol', 'PrimeStorageV1.tokens')
 potentially stale -> ('MS', 'contracts/Tokens/Prime/PrimeStorage.sol', 'PrimeStorageV1.stakedAt', '$arg0')
 reader witnesses  -> 8
 storage exposures -> 2
[MV-SI candidate b99e5be6f0c962a928d4] {tokenAmountAccrued[$arg0], tokenDistributionSpeeds[$arg0]}
 writer root       -> contracts/Tokens/Prime/PrimeLiquidityProvider.sol::PrimeLiquidityProvider.accrueTokens(address)
 writer effect     -> contracts/Tokens/Prime/PrimeLiquidityProvider.sol:266
 written member    -> ('MS', 'contracts/Tokens/Prime/PrimeLiquidityProvider.sol', 'PrimeLiquidityProvider.tokenAmountAccrued', '$arg0')
 potentially stale -> ('MS', 'contracts/Tokens/Prime/PrimeLiquidityProvider.sol', 'PrimeLiquidityProvider.tokenDistributionSpeeds', '$arg0')
 reader witnesses  -> 2
 storage exposures -> 1
[MV-SI candidate b9b1d1371b15a62e7661] {vaiMintCap, vaiMinted}
 writer root       -> contracts/PegStability/PegStability.sol::PegStability.swapStableForVAI(address,uint256)
 writer effect     -> contracts/PegStability/PegStability.sol:266
 written member    -> ('SV', 'contracts/PegStability/PegStability.sol', 'PegStability.vaiMinted')
 potentially stale -> ('SV', 'contracts/PegStability/PegStability.sol', 'PegStability.vaiMintCap')
 reader witnesses  -> 1
 storage exposures -> 1
[MV-SI candidate b9e9285be690fe2f5b37] {markets, tokens}
 writer root       -> contracts/Tokens/Prime/Prime.sol::Prime.getInterestAccrued(address,address)
 writer effect     -> contracts/Tokens/Prime/Prime.sol:588
 written member    -> ('SV', 'contracts/Tokens/Prime/PrimeStorage.sol', 'PrimeStorageV1.markets')
 potentially stale -> ('SV', 'contracts/Tokens/Prime/PrimeStorage.sol', 'PrimeStorageV1.tokens')
 reader witnesses  -> 108
 storage exposures -> 2
[MV-SI candidate bacbd983f8f9b3425d34] {interests, markets}
 writer root       -> contracts/Tokens/Prime/Prime.sol::Prime.getInterestAccrued(address,address)
 writer effect     -> contracts/Tokens/Prime/Prime.sol:588
 written member    -> ('SV', 'contracts/Tokens/Prime/PrimeStorage.sol', 'PrimeStorageV1.markets')
 potentially stale -> ('SV', 'contracts/Tokens/Prime/PrimeStorage.sol', 'PrimeStorageV1.interests')
 reader witnesses  -> 312
 storage exposures -> 2
[MV-SI candidate bb13330cfceb6025f400] {unreleasedPLPIncome[@local::contracts/Tokens/Prime/Prime.sol::Prime.accrueInterest(address)::LocalVariable::underlying_1], unreleasedPSRIncome[@local::contracts/Tokens/Prime/Prime.sol::Prime.accrueInterest(address)::LocalVariable::underlying_1]}
 writer root       -> contracts/Tokens/Prime/Prime.sol::Prime.claimInterest(address)
 writer effect     -> contracts/Tokens/Prime/Prime.sol:581
 written member    -> ('MS', 'contracts/Tokens/Prime/PrimeStorage.sol', 'PrimeStorageV1.unreleasedPLPIncome', '@local::contracts/Tokens/Prime/Prime.sol::Prime.accrueInterest(address)::LocalVariable::underlying_1')
 potentially stale -> ('MS', 'contracts/Tokens/Prime/PrimeStorage.sol', 'PrimeStorageV1.unreleasedPSRIncome', '@local::contracts/Tokens/Prime/Prime.sol::Prime.accrueInterest(address)::LocalVariable::underlying_1')
 reader witnesses  -> 26
 storage exposures -> 2
[MV-SI candidate bb3e2d4f6f1d0dc369ba] {allMarkets, markets}
 writer root       -> contracts/Tokens/Prime/Prime.sol::Prime.getInterestAccrued(address,address)
 writer effect     -> contracts/Tokens/Prime/Prime.sol:588
 written member    -> ('SV', 'contracts/Tokens/Prime/PrimeStorage.sol', 'PrimeStorageV1.markets')
 potentially stale -> ('SV', 'contracts/Tokens/Prime/PrimeStorage.sol', 'PrimeStorageV1.allMarkets')
 reader witnesses  -> 40
 storage exposures -> 2
[MV-SI candidate bc169ca8833dbefaa05c] {interests, markets}
 writer root       -> contracts/Tokens/Prime/Prime.sol::Prime.xvsUpdated(address)
 writer effect     -> contracts/Tokens/Prime/Prime.sol:801
 written member    -> ('SV', 'contracts/Tokens/Prime/PrimeStorage.sol', 'PrimeStorageV1.interests')
 potentially stale -> ('SV', 'contracts/Tokens/Prime/PrimeStorage.sol', 'PrimeStorageV1.markets')
 reader witnesses  -> 1164
 storage exposures -> 2
[MV-SI candidate bdb0ca242700f794ef96] {_initialized, _initializing}
 writer root       -> contracts/Liquidator/Liquidator.sol::Liquidator.initialize(uint256)
 writer effect     -> @openzeppelin/contracts-upgradeable/proxy/utils/Initializable.sol:90
 written member    -> ('SV', '@openzeppelin/contracts-upgradeable/proxy/utils/Initializable.sol', 'Initializable._initialized')
 potentially stale -> ('SV', '@openzeppelin/contracts-upgradeable/proxy/utils/Initializable.sol', 'Initializable._initializing')
 reader witnesses  -> 2
 storage exposures -> 1
[MV-SI candidate bf4b0b1ed3ecd1b27ac7] {allMarkets, markets}
 writer root       -> contracts/Tokens/Prime/Prime.sol::Prime.accrueInterestAndUpdateScore(address,address)
 writer effect     -> contracts/Tokens/Prime/Prime.sol:588
 written member    -> ('SV', 'contracts/Tokens/Prime/PrimeStorage.sol', 'PrimeStorageV1.markets')
 potentially stale -> ('SV', 'contracts/Tokens/Prime/PrimeStorage.sol', 'PrimeStorageV1.allMarkets')
 reader witnesses  -> 40
 storage exposures -> 2
[MV-SI candidate c1c330a342c4373ebd21] {unreleasedPLPIncome[@local::contracts/Tokens/Prime/Prime.sol::Prime.accrueInterest(address)::LocalVariable::underlying_1], unreleasedPSRIncome[@local::contracts/Tokens/Prime/Prime.sol::Prime.accrueInterest(address)::LocalVariable::underlying_1]}
 writer root       -> contracts/Tokens/Prime/Prime.sol::Prime.xvsUpdated(address)
 writer effect     -> contracts/Tokens/Prime/Prime.sol:581
 written member    -> ('MS', 'contracts/Tokens/Prime/PrimeStorage.sol', 'PrimeStorageV1.unreleasedPLPIncome', '@local::contracts/Tokens/Prime/Prime.sol::Prime.accrueInterest(address)::LocalVariable::underlying_1')
 potentially stale -> ('MS', 'contracts/Tokens/Prime/PrimeStorage.sol', 'PrimeStorageV1.unreleasedPSRIncome', '@local::contracts/Tokens/Prime/Prime.sol::Prime.accrueInterest(address)::LocalVariable::underlying_1')
 reader witnesses  -> 26
 storage exposures -> 2
[MV-SI candidate c2234f795672f2b4eab5] {markets, tokens}
 writer root       -> contracts/Tokens/Prime/Prime.sol::Prime.updateMultipliers(address,uint256,uint256)
 writer effect     -> contracts/Tokens/Prime/Prime.sol:588
 written member    -> ('SV', 'contracts/Tokens/Prime/PrimeStorage.sol', 'PrimeStorageV1.markets')
 potentially stale -> ('SV', 'contracts/Tokens/Prime/PrimeStorage.sol', 'PrimeStorageV1.tokens')
 reader witnesses  -> 108
 storage exposures -> 2
[MV-SI candidate c3075de7fda076a2a830] {vaiMintCap, vaiMinted}
 writer root       -> contracts/PegStability/PegStability.sol::PegStability.setVAIMintCap(uint256)
 writer effect     -> contracts/PegStability/PegStability.sol:353
 written member    -> ('SV', 'contracts/PegStability/PegStability.sol', 'PegStability.vaiMintCap')
 potentially stale -> ('SV', 'contracts/PegStability/PegStability.sol', 'PegStability.vaiMinted')
 reader witnesses  -> 4
 storage exposures -> 1
[MV-SI candidate c4791f4873a0a5267454] {interests, markets}
 writer root       -> contracts/Tokens/Prime/Prime.sol::Prime.claimInterest(address)
 writer effect     -> contracts/Tokens/Prime/Prime.sol:677
 written member    -> ('SV', 'contracts/Tokens/Prime/PrimeStorage.sol', 'PrimeStorageV1.interests')
 potentially stale -> ('SV', 'contracts/Tokens/Prime/PrimeStorage.sol', 'PrimeStorageV1.markets')
 reader witnesses  -> 1164
 storage exposures -> 2
[MV-SI candidate c4cfeb9ccadc8054729e] {interests, markets}
 writer root       -> contracts/Tokens/Prime/Prime.sol::Prime.addMarket(address,uint256,uint256)
 writer effect     -> contracts/Tokens/Prime/Prime.sol:295
 written member    -> ('SV', 'contracts/Tokens/Prime/PrimeStorage.sol', 'PrimeStorageV1.markets')
 potentially stale -> ('SV', 'contracts/Tokens/Prime/PrimeStorage.sol', 'PrimeStorageV1.interests')
 reader witnesses  -> 312
 storage exposures -> 2
[MV-SI candidate c8122a163c775513806c] {irrevocableLimit, revocableLimit, totalIrrevocable, totalRevocable}
 writer root       -> contracts/Tokens/Prime/Prime.sol::Prime.claim()
 writer effect     -> contracts/Tokens/Prime/Prime.sol:713
 written member    -> ('SV', 'contracts/Tokens/Prime/PrimeStorage.sol', 'PrimeStorageV1.totalRevocable')
 potentially stale -> ('SV', 'contracts/Tokens/Prime/PrimeStorage.sol', 'PrimeStorageV1.irrevocableLimit'), ('SV', 'contracts/Tokens/Prime/PrimeStorage.sol', 'PrimeStorageV1.revocableLimit'), ('SV', 'contracts/Tokens/Prime/PrimeStorage.sol', 'PrimeStorageV1.totalIrrevocable')
 reader witnesses  -> 24
 storage exposures -> 2
[MV-SI candidate c9ba59ad7b7fc20d8b81] {totalIrrevocable, totalRevocable}
 writer root       -> contracts/Tokens/Prime/Prime.sol::Prime.issue(bool,address[])
 writer effect     -> contracts/Tokens/Prime/Prime.sol:766
 written member    -> ('SV', 'contracts/Tokens/Prime/PrimeStorage.sol', 'PrimeStorageV1.totalIrrevocable')
 potentially stale -> ('SV', 'contracts/Tokens/Prime/PrimeStorage.sol', 'PrimeStorageV1.totalRevocable')
 reader witnesses  -> 22
 storage exposures -> 2
[MV-SI candidate ca1b02a7081497e5867f] {interests, markets}
 writer root       -> contracts/Tokens/Prime/Prime.sol::Prime.updateMultipliers(address,uint256,uint256)
 writer effect     -> contracts/Tokens/Prime/Prime.sol:588
 written member    -> ('SV', 'contracts/Tokens/Prime/PrimeStorage.sol', 'PrimeStorageV1.markets')
 potentially stale -> ('SV', 'contracts/Tokens/Prime/PrimeStorage.sol', 'PrimeStorageV1.interests')
 reader witnesses  -> 312
 storage exposures -> 2
[MV-SI candidate ca243deeb5f3091d2047] {interests, markets}
 writer root       -> contracts/Tokens/Prime/Prime.sol::Prime.accrueInterestAndUpdateScore(address,address)
 writer effect     -> contracts/Tokens/Prime/Prime.sol:801
 written member    -> ('SV', 'contracts/Tokens/Prime/PrimeStorage.sol', 'PrimeStorageV1.interests')
 potentially stale -> ('SV', 'contracts/Tokens/Prime/PrimeStorage.sol', 'PrimeStorageV1.markets')
 reader witnesses  -> 1164
 storage exposures -> 2
[MV-SI candidate ca4ff1ec07621db92f88] {_initialized, _initializing}
 writer root       -> contracts/Tokens/Prime/PrimeLiquidityProvider.sol::PrimeLiquidityProvider.initialize(address,address[],uint256[])
 writer effect     -> @openzeppelin/contracts-upgradeable/proxy/utils/Initializable.sol:92
 written member    -> ('SV', '@openzeppelin/contracts-upgradeable/proxy/utils/Initializable.sol', 'Initializable._initializing')
 potentially stale -> ('SV', '@openzeppelin/contracts-upgradeable/proxy/utils/Initializable.sol', 'Initializable._initialized')
 reader witnesses  -> 1
 storage exposures -> 1
[MV-SI candidate cc9624998aedf71dcc87] {markets, tokens}
 writer root       -> contracts/Tokens/Prime/Prime.sol::Prime.accrueInterestAndUpdateScore(address,address)
 writer effect     -> contracts/Tokens/Prime/Prime.sol:800
 written member    -> ('SV', 'contracts/Tokens/Prime/PrimeStorage.sol', 'PrimeStorageV1.markets')
 potentially stale -> ('SV', 'contracts/Tokens/Prime/PrimeStorage.sol', 'PrimeStorageV1.tokens')
 reader witnesses  -> 108
 storage exposures -> 2
[MV-SI candidate cdf53e3556ec2484aa17] {vaiMintCap, vaiMinted}
 writer root       -> contracts/PegStability/PegStability.sol::PegStability.initialize(address,address,address,uint256,uint256,uint256)
 writer effect     -> contracts/PegStability/PegStability.sol:182
 written member    -> ('SV', 'contracts/PegStability/PegStability.sol', 'PegStability.vaiMintCap')
 potentially stale -> ('SV', 'contracts/PegStability/PegStability.sol', 'PegStability.vaiMinted')
 reader witnesses  -> 4
 storage exposures -> 1
[MV-SI candidate cfafb2bbb349b8b57cdd] {unreleasedPLPIncome[@local::contracts/Tokens/Prime/Prime.sol::Prime.accrueInterest(address)::LocalVariable::underlying_1], unreleasedPSRIncome[@local::contracts/Tokens/Prime/Prime.sol::Prime.accrueInterest(address)::LocalVariable::underlying_1]}
 writer root       -> contracts/Tokens/Prime/Prime.sol::Prime.claimInterest(address)
 writer effect     -> contracts/Tokens/Prime/Prime.sol:580
 written member    -> ('MS', 'contracts/Tokens/Prime/PrimeStorage.sol', 'PrimeStorageV1.unreleasedPSRIncome', '@local::contracts/Tokens/Prime/Prime.sol::Prime.accrueInterest(address)::LocalVariable::underlying_1')
 potentially stale -> ('MS', 'contracts/Tokens/Prime/PrimeStorage.sol', 'PrimeStorageV1.unreleasedPLPIncome', '@local::contracts/Tokens/Prime/Prime.sol::Prime.accrueInterest(address)::LocalVariable::underlying_1')
 reader witnesses  -> 26
 storage exposures -> 2
[MV-SI candidate cfb710c84ecf78ae6e34] {feeIn, feeOut}
 writer root       -> contracts/PegStability/PegStability.sol::PegStability.setFeeOut(uint256)
 writer effect     -> contracts/PegStability/PegStability.sol:341
 written member    -> ('SV', 'contracts/PegStability/PegStability.sol', 'PegStability.feeOut')
 potentially stale -> ('SV', 'contracts/PegStability/PegStability.sol', 'PegStability.feeIn')
 reader witnesses  -> 12
 storage exposures -> 1
[MV-SI candidate d0a0c0598bdb7757004f] {_initialized, _initializing}
 writer root       -> contracts/test/MockProtocolShareReserve.sol::MockProtocolShareReserve.initialize(address,uint256)
 writer effect     -> @openzeppelin/contracts-upgradeable/proxy/utils/Initializable.sol:96
 written member    -> ('SV', '@openzeppelin/contracts-upgradeable/proxy/utils/Initializable.sol', 'Initializable._initializing')
 potentially stale -> ('SV', '@openzeppelin/contracts-upgradeable/proxy/utils/Initializable.sol', 'Initializable._initialized')
 reader witnesses  -> 1
 storage exposures -> 1
[MV-SI candidate d582ec7c626e6eabfa59] {irrevocableLimit, revocableLimit, totalIrrevocable, totalRevocable}
 writer root       -> contracts/Tokens/Prime/Prime.sol::Prime.setLimit(uint256,uint256)
 writer effect     -> contracts/Tokens/Prime/Prime.sol:323
 written member    -> ('SV', 'contracts/Tokens/Prime/PrimeStorage.sol', 'PrimeStorageV1.irrevocableLimit')
 potentially stale -> ('SV', 'contracts/Tokens/Prime/PrimeStorage.sol', 'PrimeStorageV1.revocableLimit'), ('SV', 'contracts/Tokens/Prime/PrimeStorage.sol', 'PrimeStorageV1.totalIrrevocable'), ('SV', 'contracts/Tokens/Prime/PrimeStorage.sol', 'PrimeStorageV1.totalRevocable')
 reader witnesses  -> 34
 storage exposures -> 2
[MV-SI candidate d63d4e37626e7e1ae61f] {interests, markets}
 writer root       -> contracts/Tokens/Prime/Prime.sol::Prime.updateScores(address[])
 writer effect     -> contracts/Tokens/Prime/Prime.sol:801
 written member    -> ('SV', 'contracts/Tokens/Prime/PrimeStorage.sol', 'PrimeStorageV1.interests')
 potentially stale -> ('SV', 'contracts/Tokens/Prime/PrimeStorage.sol', 'PrimeStorageV1.markets')
 reader witnesses  -> 1164
 storage exposures -> 2
[MV-SI candidate d72db2130972a92b94d8] {_initialized, _initializing}
 writer root       -> contracts/Tokens/Prime/PrimeLiquidityProvider.sol::PrimeLiquidityProvider.initialize(address,address[],uint256[])
 writer effect     -> @openzeppelin/contracts-upgradeable/proxy/utils/Initializable.sol:90
 written member    -> ('SV', '@openzeppelin/contracts-upgradeable/proxy/utils/Initializable.sol', 'Initializable._initialized')
 potentially stale -> ('SV', '@openzeppelin/contracts-upgradeable/proxy/utils/Initializable.sol', 'Initializable._initializing')
 reader witnesses  -> 2
 storage exposures -> 1
[MV-SI candidate db791e5ecbed46bc7225] {unreleasedPLPIncome[@local::contracts/Tokens/Prime/Prime.sol::Prime.accrueInterest(address)::LocalVariable::underlying_1], unreleasedPSRIncome[@local::contracts/Tokens/Prime/Prime.sol::Prime.accrueInterest(address)::LocalVariable::underlying_1]}
 writer root       -> contracts/Tokens/Prime/Prime.sol::Prime.getPendingInterests(address)
 writer effect     -> contracts/Tokens/Prime/Prime.sol:581
 written member    -> ('MS', 'contracts/Tokens/Prime/PrimeStorage.sol', 'PrimeStorageV1.unreleasedPLPIncome', '@local::contracts/Tokens/Prime/Prime.sol::Prime.accrueInterest(address)::LocalVariable::underlying_1')
 potentially stale -> ('MS', 'contracts/Tokens/Prime/PrimeStorage.sol', 'PrimeStorageV1.unreleasedPSRIncome', '@local::contracts/Tokens/Prime/Prime.sol::Prime.accrueInterest(address)::LocalVariable::underlying_1')
 reader witnesses  -> 26
 storage exposures -> 2
[MV-SI candidate dbddf891112a04085d05] {stakedAt[$arg0], tokens}
 writer root       -> contracts/Tokens/Prime/Prime.sol::Prime.xvsUpdated(address)
 writer effect     -> contracts/Tokens/Prime/Prime.sol:378
 written member    -> ('MS', 'contracts/Tokens/Prime/PrimeStorage.sol', 'PrimeStorageV1.stakedAt', '$arg0')
 potentially stale -> ('SV', 'contracts/Tokens/Prime/PrimeStorage.sol', 'PrimeStorageV1.tokens')
 reader witnesses  -> 108
 storage exposures -> 2
[MV-SI candidate dbfad5a942b9f2127c42] {irrevocableLimit, revocableLimit, totalIrrevocable, totalRevocable}
 writer root       -> contracts/Tokens/Prime/Prime.sol::Prime.xvsUpdated(address)
 writer effect     -> contracts/Tokens/Prime/Prime.sol:747
 written member    -> ('SV', 'contracts/Tokens/Prime/PrimeStorage.sol', 'PrimeStorageV1.totalRevocable')
 potentially stale -> ('SV', 'contracts/Tokens/Prime/PrimeStorage.sol', 'PrimeStorageV1.irrevocableLimit'), ('SV', 'contracts/Tokens/Prime/PrimeStorage.sol', 'PrimeStorageV1.revocableLimit'), ('SV', 'contracts/Tokens/Prime/PrimeStorage.sol', 'PrimeStorageV1.totalIrrevocable')
 reader witnesses  -> 24
 storage exposures -> 2
[MV-SI candidate dc5e823bad61a8bafd4a] {totalIrrevocable, totalRevocable}
 writer root       -> contracts/Tokens/Prime/Prime.sol::Prime.issue(bool,address[])
 writer effect     -> contracts/Tokens/Prime/Prime.sol:711
 written member    -> ('SV', 'contracts/Tokens/Prime/PrimeStorage.sol', 'PrimeStorageV1.totalIrrevocable')
 potentially stale -> ('SV', 'contracts/Tokens/Prime/PrimeStorage.sol', 'PrimeStorageV1.totalRevocable')
 reader witnesses  -> 22
 storage exposures -> 2
[MV-SI candidate dc6a290f604131443099] {unreleasedPLPIncome[@local::contracts/Tokens/Prime/Prime.sol::Prime.accrueInterest(address)::LocalVariable::underlying_1], unreleasedPSRIncome[@local::contracts/Tokens/Prime/Prime.sol::Prime.accrueInterest(address)::LocalVariable::underlying_1]}
 writer root       -> contracts/Tokens/Prime/Prime.sol::Prime.updateAlpha(uint128,uint128)
 writer effect     -> contracts/Tokens/Prime/Prime.sol:580
 written member    -> ('MS', 'contracts/Tokens/Prime/PrimeStorage.sol', 'PrimeStorageV1.unreleasedPSRIncome', '@local::contracts/Tokens/Prime/Prime.sol::Prime.accrueInterest(address)::LocalVariable::underlying_1')
 potentially stale -> ('MS', 'contracts/Tokens/Prime/PrimeStorage.sol', 'PrimeStorageV1.unreleasedPLPIncome', '@local::contracts/Tokens/Prime/Prime.sol::Prime.accrueInterest(address)::LocalVariable::underlying_1')
 reader witnesses  -> 26
 storage exposures -> 2
[MV-SI candidate dcd8facfc9f38948eb10] {isScoreUpdated[@state::contracts/Tokens/Prime/PrimeStorage.sol::PrimeStorageV1.nextScoreUpdateRoundId][@local::contracts/Tokens/Prime/Prime.sol::Prime.updateScores(address[])::LocalVariable::user_1], nextScoreUpdateRoundId}
 writer root       -> contracts/Tokens/Prime/Prime.sol::Prime.updateScores(address[])
 writer effect     -> contracts/Tokens/Prime/Prime.sol:222
 written member    -> ('MS', 'contracts/Tokens/Prime/PrimeStorage.sol', 'PrimeStorageV1.isScoreUpdated', '@state::contracts/Tokens/Prime/PrimeStorage.sol::PrimeStorageV1.nextScoreUpdateRoundId][@local::contracts/Tokens/Prime/Prime.sol::Prime.updateScores(address[])::LocalVariable::user_1')
 potentially stale -> ('SV', 'contracts/Tokens/Prime/PrimeStorage.sol', 'PrimeStorageV1.nextScoreUpdateRoundId')
 reader witnesses  -> 14
 storage exposures -> 2
[MV-SI candidate dcfa0183699282ca34c6] {interests, markets}
 writer root       -> contracts/Tokens/Prime/Prime.sol::Prime.accrueInterestAndUpdateScore(address,address)
 writer effect     -> contracts/Tokens/Prime/Prime.sol:800
 written member    -> ('SV', 'contracts/Tokens/Prime/PrimeStorage.sol', 'PrimeStorageV1.markets')
 potentially stale -> ('SV', 'contracts/Tokens/Prime/PrimeStorage.sol', 'PrimeStorageV1.interests')
 reader witnesses  -> 276
 storage exposures -> 2
[MV-SI candidate ddc986c54a3b11db25e9] {_initialized, _initializing}
 writer root       -> contracts/DelegateBorrowers/SwapDebtDelegate.sol::SwapDebtDelegate.initialize()
 writer effect     -> @openzeppelin/contracts-upgradeable/proxy/utils/Initializable.sol:96
 written member    -> ('SV', '@openzeppelin/contracts-upgradeable/proxy/utils/Initializable.sol', 'Initializable._initializing')
 potentially stale -> ('SV', '@openzeppelin/contracts-upgradeable/proxy/utils/Initializable.sol', 'Initializable._initialized')
 reader witnesses  -> 1
 storage exposures -> 1
[MV-SI candidate df75da6742f20ee34b51] {allMarkets, markets}
 writer root       -> contracts/Tokens/Prime/Prime.sol::Prime.xvsUpdated(address)
 writer effect     -> contracts/Tokens/Prime/Prime.sol:800
 written member    -> ('SV', 'contracts/Tokens/Prime/PrimeStorage.sol', 'PrimeStorageV1.markets')
 potentially stale -> ('SV', 'contracts/Tokens/Prime/PrimeStorage.sol', 'PrimeStorageV1.allMarkets')
 reader witnesses  -> 40
 storage exposures -> 2
[MV-SI candidate dfdbbab842017e5f0e7b] {markets, tokens}
 writer root       -> contracts/Tokens/Prime/Prime.sol::Prime.xvsUpdated(address)
 writer effect     -> contracts/Tokens/Prime/Prime.sol:750
 written member    -> ('SV', 'contracts/Tokens/Prime/PrimeStorage.sol', 'PrimeStorageV1.tokens')
 potentially stale -> ('SV', 'contracts/Tokens/Prime/PrimeStorage.sol', 'PrimeStorageV1.markets')
 reader witnesses  -> 388
 storage exposures -> 2
[MV-SI candidate dff025ae66432e22a1f0] {_initialized, _initializing}
 writer root       -> contracts/Tokens/Prime/Prime.sol::Prime.initialize(address,address,uint256,uint128,uint128,address,address,address,address,address,uint256)
 writer effect     -> @openzeppelin/contracts-upgradeable/proxy/utils/Initializable.sol:96
 written member    -> ('SV', '@openzeppelin/contracts-upgradeable/proxy/utils/Initializable.sol', 'Initializable._initializing')
 potentially stale -> ('SV', '@openzeppelin/contracts-upgradeable/proxy/utils/Initializable.sol', 'Initializable._initialized')
 reader witnesses  -> 2
 storage exposures -> 2
[MV-SI candidate e1d675b23d909e7c058c] {markets, tokens}
 writer root       -> contracts/Tokens/Prime/Prime.sol::Prime.updateMultipliers(address,uint256,uint256)
 writer effect     -> contracts/Tokens/Prime/Prime.sol:277
 written member    -> ('SV', 'contracts/Tokens/Prime/PrimeStorage.sol', 'PrimeStorageV1.markets')
 potentially stale -> ('SV', 'contracts/Tokens/Prime/PrimeStorage.sol', 'PrimeStorageV1.tokens')
 reader witnesses  -> 108
 storage exposures -> 2
[MV-SI candidate e4656e77e46a9ceb721e] {tokenAmountAccrued[$arg0], tokenDistributionSpeeds[$arg0]}
 writer root       -> contracts/Tokens/Prime/PrimeLiquidityProvider.sol::PrimeLiquidityProvider.releaseFunds(address)
 writer effect     -> contracts/Tokens/Prime/PrimeLiquidityProvider.sol:200
 written member    -> ('MS', 'contracts/Tokens/Prime/PrimeLiquidityProvider.sol', 'PrimeLiquidityProvider.tokenAmountAccrued', '$arg0')
 potentially stale -> ('MS', 'contracts/Tokens/Prime/PrimeLiquidityProvider.sol', 'PrimeLiquidityProvider.tokenDistributionSpeeds', '$arg0')
 reader witnesses  -> 2
 storage exposures -> 1
[MV-SI candidate e68ca3c54f7a54ef3e35] {unreleasedPLPIncome[@local::contracts/Tokens/Prime/Prime.sol::Prime.accrueInterest(address)::LocalVariable::underlying_1], unreleasedPSRIncome[@local::contracts/Tokens/Prime/Prime.sol::Prime.accrueInterest(address)::LocalVariable::underlying_1]}
 writer root       -> contracts/Tokens/Prime/Prime.sol::Prime.accrueInterest(address)
 writer effect     -> contracts/Tokens/Prime/Prime.sol:581
 written member    -> ('MS', 'contracts/Tokens/Prime/PrimeStorage.sol', 'PrimeStorageV1.unreleasedPLPIncome', '@local::contracts/Tokens/Prime/Prime.sol::Prime.accrueInterest(address)::LocalVariable::underlying_1')
 potentially stale -> ('MS', 'contracts/Tokens/Prime/PrimeStorage.sol', 'PrimeStorageV1.unreleasedPSRIncome', '@local::contracts/Tokens/Prime/Prime.sol::Prime.accrueInterest(address)::LocalVariable::underlying_1')
 reader witnesses  -> 26
 storage exposures -> 2
[MV-SI candidate e69ce1da81832da30e9e] {isScoreUpdated[@state::contracts/Tokens/Prime/PrimeStorage.sol::PrimeStorageV1.nextScoreUpdateRoundId][$arg0], nextScoreUpdateRoundId, pendingScoreUpdates}
 writer root       -> contracts/Tokens/Prime/Prime.sol::Prime.updateMultipliers(address,uint256,uint256)
 writer effect     -> contracts/Tokens/Prime/Prime.sol:821
 written member    -> ('SV', 'contracts/Tokens/Prime/PrimeStorage.sol', 'PrimeStorageV1.pendingScoreUpdates')
 potentially stale -> ('MS', 'contracts/Tokens/Prime/PrimeStorage.sol', 'PrimeStorageV1.isScoreUpdated', '@state::contracts/Tokens/Prime/PrimeStorage.sol::PrimeStorageV1.nextScoreUpdateRoundId][$arg0'), ('SV', 'contracts/Tokens/Prime/PrimeStorage.sol', 'PrimeStorageV1.nextScoreUpdateRoundId')
 reader witnesses  -> 14
 storage exposures -> 2
[MV-SI candidate e6c73704dad04764c64f] {unreleasedPLPIncome[@local::contracts/Tokens/Prime/Prime.sol::Prime.accrueInterest(address)::LocalVariable::underlying_1], unreleasedPSRIncome[@local::contracts/Tokens/Prime/Prime.sol::Prime.accrueInterest(address)::LocalVariable::underlying_1]}
 writer root       -> contracts/Tokens/Prime/Prime.sol::Prime.accrueInterestAndUpdateScore(address,address)
 writer effect     -> contracts/Tokens/Prime/Prime.sol:580
 written member    -> ('MS', 'contracts/Tokens/Prime/PrimeStorage.sol', 'PrimeStorageV1.unreleasedPSRIncome', '@local::contracts/Tokens/Prime/Prime.sol::Prime.accrueInterest(address)::LocalVariable::underlying_1')
 potentially stale -> ('MS', 'contracts/Tokens/Prime/PrimeStorage.sol', 'PrimeStorageV1.unreleasedPLPIncome', '@local::contracts/Tokens/Prime/Prime.sol::Prime.accrueInterest(address)::LocalVariable::underlying_1')
 reader witnesses  -> 26
 storage exposures -> 2
[MV-SI candidate e7e5ddccd513aeea45bf] {markets, tokens}
 writer root       -> contracts/Tokens/Prime/Prime.sol::Prime.addMarket(address,uint256,uint256)
 writer effect     -> contracts/Tokens/Prime/Prime.sol:295
 written member    -> ('SV', 'contracts/Tokens/Prime/PrimeStorage.sol', 'PrimeStorageV1.markets')
 potentially stale -> ('SV', 'contracts/Tokens/Prime/PrimeStorage.sol', 'PrimeStorageV1.tokens')
 reader witnesses  -> 108
 storage exposures -> 2
[MV-SI candidate e8f0b2408e65f7982eeb] {markets, tokens}
 writer root       -> contracts/Tokens/Prime/Prime.sol::Prime.accrueInterest(address)
 writer effect     -> contracts/Tokens/Prime/Prime.sol:588
 written member    -> ('SV', 'contracts/Tokens/Prime/PrimeStorage.sol', 'PrimeStorageV1.markets')
 potentially stale -> ('SV', 'contracts/Tokens/Prime/PrimeStorage.sol', 'PrimeStorageV1.tokens')
 reader witnesses  -> 108
 storage exposures -> 2
[MV-SI candidate e96d6079650f8e417025] {allMarkets, markets}
 writer root       -> contracts/Tokens/Prime/Prime.sol::Prime.xvsUpdated(address)
 writer effect     -> contracts/Tokens/Prime/Prime.sol:588
 written member    -> ('SV', 'contracts/Tokens/Prime/PrimeStorage.sol', 'PrimeStorageV1.markets')
 potentially stale -> ('SV', 'contracts/Tokens/Prime/PrimeStorage.sol', 'PrimeStorageV1.allMarkets')
 reader witnesses  -> 40
 storage exposures -> 2
[MV-SI candidate e98b55efc1d4038a2c58] {markets, tokens}
 writer root       -> contracts/Tokens/Prime/Prime.sol::Prime.addMarket(address,uint256,uint256)
 writer effect     -> contracts/Tokens/Prime/Prime.sol:296
 written member    -> ('SV', 'contracts/Tokens/Prime/PrimeStorage.sol', 'PrimeStorageV1.markets')
 potentially stale -> ('SV', 'contracts/Tokens/Prime/PrimeStorage.sol', 'PrimeStorageV1.tokens')
 reader witnesses  -> 108
 storage exposures -> 2
[MV-SI candidate ec1650cdaf2c9ef6f3ff] {markets, tokens}
 writer root       -> contracts/Tokens/Prime/Prime.sol::Prime.xvsUpdated(address)
 writer effect     -> contracts/Tokens/Prime/Prime.sol:588
 written member    -> ('SV', 'contracts/Tokens/Prime/PrimeStorage.sol', 'PrimeStorageV1.markets')
 potentially stale -> ('SV', 'contracts/Tokens/Prime/PrimeStorage.sol', 'PrimeStorageV1.tokens')
 reader witnesses  -> 108
 storage exposures -> 2
[MV-SI candidate ed99abe3f102dea34a10] {stakedAt[$arg0], tokens}
 writer root       -> contracts/Tokens/Prime/Prime.sol::Prime.xvsUpdated(address)
 writer effect     -> contracts/Tokens/Prime/Prime.sol:750
 written member    -> ('SV', 'contracts/Tokens/Prime/PrimeStorage.sol', 'PrimeStorageV1.tokens')
 potentially stale -> ('MS', 'contracts/Tokens/Prime/PrimeStorage.sol', 'PrimeStorageV1.stakedAt', '$arg0')
 reader witnesses  -> 8
 storage exposures -> 2
[MV-SI candidate edf75ab091fd6a09394a] {markets, tokens}
 writer root       -> contracts/Tokens/Prime/Prime.sol::Prime.claimInterest(address)
 writer effect     -> contracts/Tokens/Prime/Prime.sol:588
 written member    -> ('SV', 'contracts/Tokens/Prime/PrimeStorage.sol', 'PrimeStorageV1.markets')
 potentially stale -> ('SV', 'contracts/Tokens/Prime/PrimeStorage.sol', 'PrimeStorageV1.tokens')
 reader witnesses  -> 108
 storage exposures -> 2
[MV-SI candidate f1b67256ff29cbbe203d] {markets, tokens}
 writer root       -> contracts/Tokens/Prime/Prime.sol::Prime.addMarket(address,uint256,uint256)
 writer effect     -> contracts/Tokens/Prime/Prime.sol:298
 written member    -> ('SV', 'contracts/Tokens/Prime/PrimeStorage.sol', 'PrimeStorageV1.markets')
 potentially stale -> ('SV', 'contracts/Tokens/Prime/PrimeStorage.sol', 'PrimeStorageV1.tokens')
 reader witnesses  -> 108
 storage exposures -> 2
[MV-SI candidate f29a71ae1351bcd8993f] {allowedLiquidatorsByAccount[$arg0][$arg1], liquidationRestricted[$arg0]}
 writer root       -> contracts/Liquidator/Liquidator.sol::Liquidator.addToAllowlist(address,address)
 writer effect     -> contracts/Liquidator/Liquidator.sol:174
 written member    -> ('MS', 'contracts/Liquidator/Liquidator.sol', 'Liquidator.allowedLiquidatorsByAccount', '$arg0][$arg1')
 potentially stale -> ('MS', 'contracts/Liquidator/Liquidator.sol', 'Liquidator.liquidationRestricted', '$arg0')
 reader witnesses  -> 6
 storage exposures -> 2
[MV-SI candidate f6288dce7d13cbae5456] {markets, tokens}
 writer root       -> contracts/Tokens/Prime/Prime.sol::Prime.burn(address)
 writer effect     -> contracts/Tokens/Prime/Prime.sol:588
 written member    -> ('SV', 'contracts/Tokens/Prime/PrimeStorage.sol', 'PrimeStorageV1.markets')
 potentially stale -> ('SV', 'contracts/Tokens/Prime/PrimeStorage.sol', 'PrimeStorageV1.tokens')
 reader witnesses  -> 108
 storage exposures -> 2
[MV-SI candidate f7df105fb03bb13f3464] {markets, tokens}
 writer root       -> contracts/Tokens/Prime/Prime.sol::Prime.burn(address)
 writer effect     -> contracts/Tokens/Prime/Prime.sol:733
 written member    -> ('SV', 'contracts/Tokens/Prime/PrimeStorage.sol', 'PrimeStorageV1.markets')
 potentially stale -> ('SV', 'contracts/Tokens/Prime/PrimeStorage.sol', 'PrimeStorageV1.tokens')
 reader witnesses  -> 108
 storage exposures -> 2
[MV-SI candidate f8d489c21cb3600aa01d] {unreleasedPLPIncome[@local::contracts/Tokens/Prime/Prime.sol::Prime.accrueInterest(address)::LocalVariable::underlying_1], unreleasedPSRIncome[@local::contracts/Tokens/Prime/Prime.sol::Prime.accrueInterest(address)::LocalVariable::underlying_1]}
 writer root       -> contracts/Tokens/Prime/Prime.sol::Prime.issue(bool,address[])
 writer effect     -> contracts/Tokens/Prime/Prime.sol:580
 written member    -> ('MS', 'contracts/Tokens/Prime/PrimeStorage.sol', 'PrimeStorageV1.unreleasedPSRIncome', '@local::contracts/Tokens/Prime/Prime.sol::Prime.accrueInterest(address)::LocalVariable::underlying_1')
 potentially stale -> ('MS', 'contracts/Tokens/Prime/PrimeStorage.sol', 'PrimeStorageV1.unreleasedPLPIncome', '@local::contracts/Tokens/Prime/Prime.sol::Prime.accrueInterest(address)::LocalVariable::underlying_1')
 reader witnesses  -> 26
 storage exposures -> 2
[MV-SI candidate fafebd7eaf29f3da12af] {_initialized, _initializing}
 writer root       -> contracts/test/MockProtocolShareReserve.sol::MockProtocolShareReserve.initialize(address,uint256)
 writer effect     -> @openzeppelin/contracts-upgradeable/proxy/utils/Initializable.sol:90
 written member    -> ('SV', '@openzeppelin/contracts-upgradeable/proxy/utils/Initializable.sol', 'Initializable._initialized')
 potentially stale -> ('SV', '@openzeppelin/contracts-upgradeable/proxy/utils/Initializable.sol', 'Initializable._initializing')
 reader witnesses  -> 2
 storage exposures -> 1
[MV-SI candidate fb7115a35d8031c81d05] {isScoreUpdated[@state::contracts/Tokens/Prime/PrimeStorage.sol::PrimeStorageV1.nextScoreUpdateRoundId][$arg0], nextScoreUpdateRoundId, pendingScoreUpdates}
 writer root       -> contracts/Tokens/Prime/Prime.sol::Prime.updateMultipliers(address,uint256,uint256)
 writer effect     -> contracts/Tokens/Prime/Prime.sol:819
 written member    -> ('SV', 'contracts/Tokens/Prime/PrimeStorage.sol', 'PrimeStorageV1.nextScoreUpdateRoundId')
 potentially stale -> ('MS', 'contracts/Tokens/Prime/PrimeStorage.sol', 'PrimeStorageV1.isScoreUpdated', '@state::contracts/Tokens/Prime/PrimeStorage.sol::PrimeStorageV1.nextScoreUpdateRoundId][$arg0'), ('SV', 'contracts/Tokens/Prime/PrimeStorage.sol', 'PrimeStorageV1.pendingScoreUpdates')
 reader witnesses  -> 12
 storage exposures -> 2
[MV-SI candidate fe6f2b7e0f1f954e151d] {stakedAt[$arg0], tokens}
 writer root       -> contracts/Tokens/Prime/Prime.sol::Prime.issue(bool,address[])
 writer effect     -> contracts/Tokens/Prime/Prime.sol:765
 written member    -> ('SV', 'contracts/Tokens/Prime/PrimeStorage.sol', 'PrimeStorageV1.tokens')
 potentially stale -> ('MS', 'contracts/Tokens/Prime/PrimeStorage.sol', 'PrimeStorageV1.stakedAt', '$arg0')
 reader witnesses  -> 8
 storage exposures -> 2
[MV-SI candidate ff8a7822228e22b7882e] {interests, markets}
 writer root       -> contracts/Tokens/Prime/Prime.sol::Prime.addMarket(address,uint256,uint256)
 writer effect     -> contracts/Tokens/Prime/Prime.sol:296
 written member    -> ('SV', 'contracts/Tokens/Prime/PrimeStorage.sol', 'PrimeStorageV1.markets')
 potentially stale -> ('SV', 'contracts/Tokens/Prime/PrimeStorage.sol', 'PrimeStorageV1.interests')
 reader witnesses  -> 312
 storage exposures -> 2Reference: https://github.com/crytic/slither/wiki/Detector-Documentation
[mvscan-config] {"ATOMIC_GROUP": [], "DIVERGENCE_BUDGET": 1000, "ENABLE_BRANCH_GROUPS": true, "ENABLE_EXTERNAL_STATE": true, "ENABLE_MULTI_RETURN_GROUPS": true, "MAPPING_MODE": "precise", "MERGE_OVERLOADS": false, "MVSCAN_ABLATION": "full", "MVSCAN_CONTEXTUAL_KEYS": true, "MVSCAN_INCLUDE_SCALAR_WITNESSES": false, "MVSCAN_INTERFACE_DISPATCH": false, "MVSCAN_MAX_CONTEXTS_PER_OWNER_BLOCK": 128, "MVSCAN_MAX_DISPATCH_TARGETS": 16, "MVSCAN_REQUIRE_DISTINCT_OUTER_ROOTS": false, "MVSCAN_ROOT_CONTEXT_SINKS": false, "NOOP_WRITE_FILTER": true, "REQUIRE_SAME_SLOT_KEY": true, "SINK_TEST": "none", "USER_CALLABLE_ALWAYS": [], "USER_CALLABLE_DENY": []}
[mvscan-stage] icfg-built blocks=6262 vars=348
[mvscan-stage] root-seeding-done eligible_exposures=1091 seeded=485 multi_exposure_entry_blocks=203 collapsed_contextual_aliases=606 excluded_dependency=0 excluded_interface=79 excluded_library=0 excluded_abstract=0 missing_entry_point=57 missing_entry_block=0
[mvscan-pairs] call_target_digest=f79a80d08519bed33f749c6c81944c175ff64e1267a36b7b80f854aaad957f92 candidate_count=275 candidate_digest=01dc8dd29ce9e087e238556ae14c2e617e905551ef1aa4122404ae895db869e0 context_instance_count=10744 eligible_readers=164 eligible_writers=184 execution_context_digest=50655606ca6045a4cf23c3dfb39e05bcfc32813cfee3a1356b3efcce3a79bbee insensitive_readers_filtered=196 invalid_partial_write_filtered=36 must_full_relation_filtered=676 omitted_member_evidence_filtered=0 omitted_member_not_sensitive_filtered=8150 owner_context_pairs=13228 owner_context_pairs_considered=523169 raw_block_pairs=1547 reader_witness_count=13228 relation_base_members_shadowed=34 relation_context_incompatible=40694 relation_digest=dedcbde7f363fb11f2a3d0b9a48869f1bfb1a46bf88a7f03c47baf3a6c80cb54 relation_members_raw=359 relation_origins_registered=29 relation_origins_rejected_unary_after_shadowing=260 relation_origins_rejected_unreachable=54 relation_origins_seen=289 relation_unbound_key_templates=55 root_context_sink_filtered=0 same_outer_root_filtered=0 same_static_block_filtered=55 scalar_variables_skipped=267 storage_context_mismatch=460385 variables_considered=295
INFO:Detectors:

[MV-SI candidate 0011c223e2643ea44d5e] {_facetAddresses, _facetFunctionSelectors}
 writer root       -> contracts/Comptroller/Diamond/Diamond.sol::Diamond.diamondCut(IDiamondCut.FacetCut[])
 writer effect     -> contracts/Comptroller/Diamond/Diamond.sol:211
 written member    -> ('SV', 'contracts/Comptroller/ComptrollerStorage.sol', 'ComptrollerV13Storage._facetFunctionSelectors')
 potentially stale -> ('SV', 'contracts/Comptroller/ComptrollerStorage.sol', 'ComptrollerV13Storage._facetAddresses')
 reader witnesses  -> 24
 storage exposures -> 2
[MV-SI candidate 00146a7de46087f32527] {venusSupplierIndex[$arg0][$arg1], venusSupplyState}
 writer root       -> contracts/Comptroller/Diamond/facets/RewardFacet.sol::RewardFacet.claimVenus(address[],VToken[],bool,bool)
 writer effect     -> contracts/Comptroller/Diamond/facets/XVSRewardsHelper.sol:64
 written member    -> ('SV', 'contracts/Comptroller/ComptrollerStorage.sol', 'ComptrollerV1Storage.venusSupplyState')
 potentially stale -> ('MS', 'contracts/Comptroller/ComptrollerStorage.sol', 'ComptrollerV1Storage.venusSupplierIndex', '$arg0][$arg1')
 reader witnesses  -> 20
 storage exposures -> 3
[MV-SI candidate 00cfb56e39926460c50c] {accrualBlockNumber, borrowIndex}
 writer root       -> contracts/Lens/VenusLens.sol::VenusLens.vTokenBalancesAll(VToken[],address)
 writer effect     -> contracts/Tokens/VTokens/VToken.sol:463
 written member    -> ('SV', 'contracts/Tokens/VTokens/VTokenInterfaces.sol', 'VTokenStorage.borrowIndex')
 potentially stale -> ('SV', 'contracts/Tokens/VTokens/VTokenInterfaces.sol', 'VTokenStorage.accrualBlockNumber')
 reader witnesses  -> 7
 storage exposures -> 1
[MV-SI candidate 03113017f774c538ed78] {accountTokens[$arg0], initialExchangeRateMantissa}
 writer root       -> contracts/test/VBep20Harness.sol::VBep20DelegateHarness.harnessLiquidateBorrowFresh(address,address,uint256,VToken)
 writer effect     -> contracts/Tokens/VTokens/VToken.sol:1356
 written member    -> ('MS', 'contracts/Tokens/VTokens/VTokenInterfaces.sol', 'VTokenStorage.accountTokens', '$arg0')
 potentially stale -> ('SV', 'contracts/Tokens/VTokens/VTokenInterfaces.sol', 'VTokenStorage.initialExchangeRateMantissa')
 reader witnesses  -> 3
 storage exposures -> 1
[MV-SI candidate 046130e24e5136203dea] {accrualBlockNumber, borrowIndex}
 writer root       -> contracts/Tokens/VTokens/VToken.sol::VToken._setReserveFactor(uint256)
 writer effect     -> contracts/Tokens/VTokens/VToken.sol:462
 written member    -> ('SV', 'contracts/Tokens/VTokens/VTokenInterfaces.sol', 'VTokenStorage.accrualBlockNumber')
 potentially stale -> ('SV', 'contracts/Tokens/VTokens/VTokenInterfaces.sol', 'VTokenStorage.borrowIndex')
 reader witnesses  -> 84
 storage exposures -> 13
[MV-SI candidate 04686bdf327e0bb1cd37] {accrualBlockNumber, borrowIndex}
 writer root       -> contracts/Tokens/VTokens/VBep20.sol::VBep20.mint(uint256)
 writer effect     -> contracts/Tokens/VTokens/VToken.sol:462
 written member    -> ('SV', 'contracts/Tokens/VTokens/VTokenInterfaces.sol', 'VTokenStorage.accrualBlockNumber')
 potentially stale -> ('SV', 'contracts/Tokens/VTokens/VTokenInterfaces.sol', 'VTokenStorage.borrowIndex')
 reader witnesses  -> 75
 storage exposures -> 11
[MV-SI candidate 050ca78bac063900ed88] {venusBorrowState, venusBorrowerIndex[$arg0][$arg1]}
 writer root       -> contracts/test/ComptrollerHarness.sol::ComptrollerHarness.harnessRefreshVenusSpeeds()
 writer effect     -> contracts/Comptroller/Diamond/facets/XVSRewardsHelper.sol:46
 written member    -> ('SV', 'contracts/Comptroller/ComptrollerStorage.sol', 'ComptrollerV1Storage.venusBorrowState')
 potentially stale -> ('MS', 'contracts/Comptroller/ComptrollerStorage.sol', 'ComptrollerV1Storage.venusBorrowerIndex', '$arg0][$arg1')
 reader witnesses  -> 8
 storage exposures -> 1
[MV-SI candidate 05c1e2e0d5d0865f6d6a] {accrualBlockNumber, borrowIndex}
 writer root       -> contracts/test/VBep20MockDelegate.sol::VBep20MockDelegate._addReserves(uint256)
 writer effect     -> contracts/Tokens/VTokens/VToken.sol:463
 written member    -> ('SV', 'contracts/Tokens/VTokens/VTokenInterfaces.sol', 'VTokenStorage.borrowIndex')
 potentially stale -> ('SV', 'contracts/Tokens/VTokens/VTokenInterfaces.sol', 'VTokenStorage.accrualBlockNumber')
 reader witnesses  -> 21
 storage exposures -> 1
[MV-SI candidate 0734825111aeba50f8cc] {accrualBlockNumber, borrowIndex}
 writer root       -> contracts/Lens/SnapshotLens.sol::SnapshotLens.getAccountSnapshot(address,address)
 writer effect     -> contracts/Tokens/VTokens/VToken.sol:463
 written member    -> ('SV', 'contracts/Tokens/VTokens/VTokenInterfaces.sol', 'VTokenStorage.borrowIndex')
 potentially stale -> ('SV', 'contracts/Tokens/VTokens/VTokenInterfaces.sol', 'VTokenStorage.accrualBlockNumber')
 reader witnesses  -> 7
 storage exposures -> 1
[MV-SI candidate 087a0b6ae26b4d7f52ca] {venusSupplierIndex[$arg0][$arg1], venusSupplyState}
 writer root       -> contracts/test/ComptrollerHarness.sol::ComptrollerHarness.harnessUpdateVenusSupplyIndex(address)
 writer effect     -> contracts/Comptroller/Diamond/facets/XVSRewardsHelper.sol:65
 written member    -> ('SV', 'contracts/Comptroller/ComptrollerStorage.sol', 'ComptrollerV1Storage.venusSupplyState')
 potentially stale -> ('MS', 'contracts/Comptroller/ComptrollerStorage.sol', 'ComptrollerV1Storage.venusSupplierIndex', '$arg0][$arg1')
 reader witnesses  -> 8
 storage exposures -> 1
[MV-SI candidate 08f6d96bab71e2811bfd] {accrualBlockNumber, borrowIndex}
 writer root       -> contracts/Tokens/VTokens/VToken.sol::VToken._setInterestRateModel(InterestRateModel)
 writer effect     -> contracts/Tokens/VTokens/VToken.sol:463
 written member    -> ('SV', 'contracts/Tokens/VTokens/VTokenInterfaces.sol', 'VTokenStorage.borrowIndex')
 potentially stale -> ('SV', 'contracts/Tokens/VTokens/VTokenInterfaces.sol', 'VTokenStorage.accrualBlockNumber')
 reader witnesses  -> 328
 storage exposures -> 14
[MV-SI candidate 0b2a21cf674c0fc6b040] {allowance, balanceOf, totalSupply}
 writer root       -> contracts/Tokens/VAI/VAI.sol::VAI.burn(address,uint256)
 writer effect     -> contracts/Tokens/VAI/VAI.sol:110
 written member    -> ('SV', 'contracts/Tokens/VAI/VAI.sol', 'VAI.totalSupply')
 potentially stale -> ('SV', 'contracts/Tokens/VAI/VAI.sol', 'VAI.allowance'), ('SV', 'contracts/Tokens/VAI/VAI.sol', 'VAI.balanceOf')
 reader witnesses  -> 128
 storage exposures -> 2
[MV-SI candidate 0c37137c793495447a29] {accessControl, liquidatorContract, pauseGuardian, vaiVaultAddress}
 writer root       -> contracts/Comptroller/Diamond/facets/SetterFacet.sol::SetterFacet._setVAIVaultInfo(address,uint256,uint256)
 writer effect     -> contracts/Comptroller/Diamond/facets/SetterFacet.sol:516
 written member    -> ('SV', 'contracts/Comptroller/ComptrollerStorage.sol', 'ComptrollerV2Storage.vaiVaultAddress')
 potentially stale -> ('SV', 'contracts/Comptroller/ComptrollerStorage.sol', 'ComptrollerV1Storage.pauseGuardian'), ('SV', 'contracts/Comptroller/ComptrollerStorage.sol', 'ComptrollerV6Storage.liquidatorContract'), ('SV', 'contracts/Comptroller/ComptrollerStorage.sol', 'ComptrollerV9Storage.accessControl')
 reader witnesses  -> 31
 storage exposures -> 4
[MV-SI candidate 0c95ae881d57e641290a] {venusBorrowState, venusBorrowerIndex[$arg0][$arg1]}
 writer root       -> contracts/Comptroller/Diamond/facets/RewardFacet.sol::RewardFacet.claimVenusAsCollateral(address)
 writer effect     -> contracts/Comptroller/Diamond/facets/XVSRewardsHelper.sol:43
 written member    -> ('SV', 'contracts/Comptroller/ComptrollerStorage.sol', 'ComptrollerV1Storage.venusBorrowState')
 potentially stale -> ('MS', 'contracts/Comptroller/ComptrollerStorage.sol', 'ComptrollerV1Storage.venusBorrowerIndex', '$arg0][$arg1')
 reader witnesses  -> 8
 storage exposures -> 3
[MV-SI candidate 0d63e23610af3b48da80] {accrualBlockNumber, borrowIndex}
 writer root       -> contracts/test/VBep20Harness.sol::VBep20Harness.harnessSetBorrowIndex(uint256)
 writer effect     -> contracts/test/VBep20Harness.sol:129
 written member    -> ('SV', 'contracts/Tokens/VTokens/VTokenInterfaces.sol', 'VTokenStorage.borrowIndex')
 potentially stale -> ('SV', 'contracts/Tokens/VTokens/VTokenInterfaces.sol', 'VTokenStorage.accrualBlockNumber')
 reader witnesses  -> 33
 storage exposures -> 1
[MV-SI candidate 0e37cf096461920c62e0] {accountTokens[$arg0], initialExchangeRateMantissa}
 writer root       -> contracts/test/EvilXToken.sol::EvilXToken.harnessLiquidateBorrowFresh(address,address,uint256,VToken)
 writer effect     -> contracts/Tokens/VTokens/VToken.sol:1356
 written member    -> ('MS', 'contracts/Tokens/VTokens/VTokenInterfaces.sol', 'VTokenStorage.accountTokens', '$arg0')
 potentially stale -> ('SV', 'contracts/Tokens/VTokens/VTokenInterfaces.sol', 'VTokenStorage.initialExchangeRateMantissa')
 reader witnesses  -> 3
 storage exposures -> 1
[MV-SI candidate 0f4eb5be2a81ffd10ec0] {accrualBlockNumber, borrowIndex}
 writer root       -> contracts/Tokens/VTokens/VBep20.sol::VBep20.redeemUnderlying(uint256)
 writer effect     -> contracts/Tokens/VTokens/VToken.sol:462
 written member    -> ('SV', 'contracts/Tokens/VTokens/VTokenInterfaces.sol', 'VTokenStorage.accrualBlockNumber')
 potentially stale -> ('SV', 'contracts/Tokens/VTokens/VTokenInterfaces.sol', 'VTokenStorage.borrowIndex')
 reader witnesses  -> 75
 storage exposures -> 11
[MV-SI candidate 0fecd4a2d85d0c417837] {accrualBlockNumber, borrowIndex}
 writer root       -> contracts/test/VBep20MockDelegate.sol::VBep20MockDelegate.borrow(uint256)
 writer effect     -> contracts/Tokens/VTokens/VToken.sol:463
 written member    -> ('SV', 'contracts/Tokens/VTokens/VTokenInterfaces.sol', 'VTokenStorage.borrowIndex')
 potentially stale -> ('SV', 'contracts/Tokens/VTokens/VTokenInterfaces.sol', 'VTokenStorage.accrualBlockNumber')
 reader witnesses  -> 21
 storage exposures -> 1
[MV-SI candidate 114dde287f747f5f443b] {venusBorrowState, venusBorrowerIndex[$arg0][$arg1]}
 writer root       -> contracts/Comptroller/Diamond/facets/PolicyFacet.sol::PolicyFacet.repayBorrowAllowed(address,address,address,uint256)
 writer effect     -> contracts/Comptroller/Diamond/facets/XVSRewardsHelper.sol:43
 written member    -> ('SV', 'contracts/Comptroller/ComptrollerStorage.sol', 'ComptrollerV1Storage.venusBorrowState')
 potentially stale -> ('MS', 'contracts/Comptroller/ComptrollerStorage.sol', 'ComptrollerV1Storage.venusBorrowerIndex', '$arg0][$arg1')
 reader witnesses  -> 10
 storage exposures -> 4
[MV-SI candidate 11b3161d2ed857de93e2] {venusSupplierIndex[$arg0][$arg1], venusSupplyState}
 writer root       -> contracts/Comptroller/Diamond/facets/PolicyFacet.sol::PolicyFacet.redeemAllowed(address,address,uint256)
 writer effect     -> contracts/Comptroller/Diamond/facets/XVSRewardsHelper.sol:67
 written member    -> ('SV', 'contracts/Comptroller/ComptrollerStorage.sol', 'ComptrollerV1Storage.venusSupplyState')
 potentially stale -> ('MS', 'contracts/Comptroller/ComptrollerStorage.sol', 'ComptrollerV1Storage.venusSupplierIndex', '$arg0][$arg1')
 reader witnesses  -> 26
 storage exposures -> 4
[MV-SI candidate 11c33a8235e905c2546e] {venusSupplierIndex[$arg0][$arg1], venusSupplyState}
 writer root       -> contracts/Comptroller/Diamond/facets/RewardFacet.sol::RewardFacet.claimVenus(address,VToken[])
 writer effect     -> contracts/Comptroller/Diamond/facets/XVSRewardsHelper.sol:64
 written member    -> ('SV', 'contracts/Comptroller/ComptrollerStorage.sol', 'ComptrollerV1Storage.venusSupplyState')
 potentially stale -> ('MS', 'contracts/Comptroller/ComptrollerStorage.sol', 'ComptrollerV1Storage.venusSupplierIndex', '$arg0][$arg1')
 reader witnesses  -> 20
 storage exposures -> 3
[MV-SI candidate 138127969940aa30e6b7] {accountTokens[$arg0], initialExchangeRateMantissa}
 writer root       -> contracts/test/VBep20MockDelegate.sol::VBep20MockDelegate.redeemUnderlying(uint256)
 writer effect     -> contracts/Tokens/VTokens/VToken.sol:916
 written member    -> ('MS', 'contracts/Tokens/VTokens/VTokenInterfaces.sol', 'VTokenStorage.accountTokens', '$arg0')
 potentially stale -> ('SV', 'contracts/Tokens/VTokens/VTokenInterfaces.sol', 'VTokenStorage.initialExchangeRateMantissa')
 reader witnesses  -> 3
 storage exposures -> 1
[MV-SI candidate 142cd14573facdffa128] {accrualBlockNumber, borrowIndex}
 writer root       -> contracts/test/VBep20MockDelegate.sol::VBep20MockDelegate.mintBehalf(address,uint256)
 writer effect     -> contracts/Tokens/VTokens/VToken.sol:463
 written member    -> ('SV', 'contracts/Tokens/VTokens/VTokenInterfaces.sol', 'VTokenStorage.borrowIndex')
 potentially stale -> ('SV', 'contracts/Tokens/VTokens/VTokenInterfaces.sol', 'VTokenStorage.accrualBlockNumber')
 reader witnesses  -> 21
 storage exposures -> 1
[MV-SI candidate 1607b2c46d42822c7cb1] {venusSupplierIndex[$arg0][$arg1], venusSupplyState}
 writer root       -> contracts/Comptroller/Diamond/facets/RewardFacet.sol::RewardFacet.claimVenus(address)
 writer effect     -> contracts/Comptroller/Diamond/facets/XVSRewardsHelper.sol:64
 written member    -> ('SV', 'contracts/Comptroller/ComptrollerStorage.sol', 'ComptrollerV1Storage.venusSupplyState')
 potentially stale -> ('MS', 'contracts/Comptroller/ComptrollerStorage.sol', 'ComptrollerV1Storage.venusSupplierIndex', '$arg0][$arg1')
 reader witnesses  -> 20
 storage exposures -> 3
[MV-SI candidate 1afd1d5cf0d84a58c1c1] {venusBorrowState, venusBorrowerIndex[$arg0][$arg1]}
 writer root       -> contracts/Comptroller/Diamond/facets/PolicyFacet.sol::PolicyFacet.repayBorrowAllowed(address,address,address,uint256)
 writer effect     -> contracts/Comptroller/Diamond/facets/XVSRewardsHelper.sol:44
 written member    -> ('SV', 'contracts/Comptroller/ComptrollerStorage.sol', 'ComptrollerV1Storage.venusBorrowState')
 potentially stale -> ('MS', 'contracts/Comptroller/ComptrollerStorage.sol', 'ComptrollerV1Storage.venusBorrowerIndex', '$arg0][$arg1')
 reader witnesses  -> 10
 storage exposures -> 4
[MV-SI candidate 1ce3bace6f11d5690997] {venusBorrowState, venusBorrowerIndex[$arg0][$arg1]}
 writer root       -> contracts/Comptroller/Diamond/facets/PolicyFacet.sol::PolicyFacet.repayBorrowAllowed(address,address,address,uint256)
 writer effect     -> contracts/Comptroller/Diamond/facets/XVSRewardsHelper.sol:112
 written member    -> ('MS', 'contracts/Comptroller/ComptrollerStorage.sol', 'ComptrollerV1Storage.venusBorrowerIndex', '$arg0][$arg1')
 potentially stale -> ('SV', 'contracts/Comptroller/ComptrollerStorage.sol', 'ComptrollerV1Storage.venusBorrowState')
 reader witnesses  -> 25
 storage exposures -> 4
[MV-SI candidate 1de41edb5c1154e996cf] {accrualBlockNumber, borrowIndex}
 writer root       -> contracts/test/MockVBNB.sol::MockVBNB.borrow(uint256)
 writer effect     -> contracts/Tokens/VTokens/VToken.sol:463
 written member    -> ('SV', 'contracts/Tokens/VTokens/VTokenInterfaces.sol', 'VTokenStorage.borrowIndex')
 potentially stale -> ('SV', 'contracts/Tokens/VTokens/VTokenInterfaces.sol', 'VTokenStorage.accrualBlockNumber')
 reader witnesses  -> 17
 storage exposures -> 1
[MV-SI candidate 1ed9e0f6d8aaef005def] {venusSupplierIndex[$arg0][$arg1], venusSupplyState}
 writer root       -> contracts/test/ComptrollerHarness.sol::ComptrollerHarness.setVenusSupplyState(address,uint224,uint32)
 writer effect     -> contracts/test/ComptrollerHarness.sol:15
 written member    -> ('SV', 'contracts/Comptroller/ComptrollerStorage.sol', 'ComptrollerV1Storage.venusSupplyState')
 potentially stale -> ('MS', 'contracts/Comptroller/ComptrollerStorage.sol', 'ComptrollerV1Storage.venusSupplierIndex', '$arg0][$arg1')
 reader witnesses  -> 8
 storage exposures -> 1
[MV-SI candidate 1efcd6ff938fbf44f8f2] {accrualBlockNumber, borrowIndex}
 writer root       -> contracts/test/MockVBNB.sol::MockVBNB.redeem(uint256)
 writer effect     -> contracts/Tokens/VTokens/VToken.sol:463
 written member    -> ('SV', 'contracts/Tokens/VTokens/VTokenInterfaces.sol', 'VTokenStorage.borrowIndex')
 potentially stale -> ('SV', 'contracts/Tokens/VTokens/VTokenInterfaces.sol', 'VTokenStorage.accrualBlockNumber')
 reader witnesses  -> 17
 storage exposures -> 1
[MV-SI candidate 1fd6fd7d7a3ec528bbb1] {venusSupplierIndex[$arg0][$arg1], venusSupplyState}
 writer root       -> contracts/Comptroller/Diamond/facets/PolicyFacet.sol::PolicyFacet.transferAllowed(address,address,address,uint256)
 writer effect     -> contracts/Comptroller/Diamond/facets/XVSRewardsHelper.sol:83
 written member    -> ('MS', 'contracts/Comptroller/ComptrollerStorage.sol', 'ComptrollerV1Storage.venusSupplierIndex', '$arg0][$arg1')
 potentially stale -> ('SV', 'contracts/Comptroller/ComptrollerStorage.sol', 'ComptrollerV1Storage.venusSupplyState')
 reader witnesses  -> 82
 storage exposures -> 4
[MV-SI candidate 2046cc7f813aa88c144a] {_facetFunctionSelectors, _selectorToFacetAndPosition}
 writer root       -> contracts/Comptroller/Diamond/Diamond.sol::Diamond.diamondCut(IDiamondCut.FacetCut[])
 writer effect     -> contracts/Comptroller/Diamond/Diamond.sol:196
 written member    -> ('SV', 'contracts/Comptroller/ComptrollerStorage.sol', 'ComptrollerV13Storage._selectorToFacetAndPosition')
 potentially stale -> ('SV', 'contracts/Comptroller/ComptrollerStorage.sol', 'ComptrollerV13Storage._facetFunctionSelectors')
 reader witnesses  -> 26
 storage exposures -> 2
[MV-SI candidate 20aca43894e55aa176a0] {accountTokens[$arg0], initialExchangeRateMantissa}
 writer root       -> contracts/test/EvilXToken.sol::EvilXToken.harnessSetBalance(address,uint256)
 writer effect     -> contracts/test/EvilXToken.sol:103
 written member    -> ('MS', 'contracts/Tokens/VTokens/VTokenInterfaces.sol', 'VTokenStorage.accountTokens', '$arg0')
 potentially stale -> ('SV', 'contracts/Tokens/VTokens/VTokenInterfaces.sol', 'VTokenStorage.initialExchangeRateMantissa')
 reader witnesses  -> 3
 storage exposures -> 1
[MV-SI candidate 21230dfcaea4854c079e] {_facetAddresses, _facetFunctionSelectors}
 writer root       -> contracts/Comptroller/Diamond/Diamond.sol::Diamond.diamondCut(IDiamondCut.FacetCut[])
 writer effect     -> contracts/Comptroller/Diamond/Diamond.sol:233
 written member    -> ('SV', 'contracts/Comptroller/ComptrollerStorage.sol', 'ComptrollerV13Storage._facetFunctionSelectors')
 potentially stale -> ('SV', 'contracts/Comptroller/ComptrollerStorage.sol', 'ComptrollerV13Storage._facetAddresses')
 reader witnesses  -> 24
 storage exposures -> 2
[MV-SI candidate 21b41b28de3d8d492334] {accrualBlockNumber, borrowIndex}
 writer root       -> contracts/test/VBep20MockDelegate.sol::VBep20MockDelegate.redeem(uint256)
 writer effect     -> contracts/Tokens/VTokens/VToken.sol:463
 written member    -> ('SV', 'contracts/Tokens/VTokens/VTokenInterfaces.sol', 'VTokenStorage.borrowIndex')
 potentially stale -> ('SV', 'contracts/Tokens/VTokens/VTokenInterfaces.sol', 'VTokenStorage.accrualBlockNumber')
 reader witnesses  -> 21
 storage exposures -> 1
[MV-SI candidate 21c23abbc16ec18a7ae8] {venusSupplierIndex[$arg0][$arg1], venusSupplyState}
 writer root       -> contracts/test/ComptrollerHarness.sol::ComptrollerHarness.setVenusSupplyState(address,uint224,uint32)
 writer effect     -> contracts/test/ComptrollerHarness.sol:16
 written member    -> ('SV', 'contracts/Comptroller/ComptrollerStorage.sol', 'ComptrollerV1Storage.venusSupplyState')
 potentially stale -> ('MS', 'contracts/Comptroller/ComptrollerStorage.sol', 'ComptrollerV1Storage.venusSupplierIndex', '$arg0][$arg1')
 reader witnesses  -> 8
 storage exposures -> 1
[MV-SI candidate 2286f265bf765b3948f9] {venusSupplierIndex[$arg0][$arg1], venusSupplyState}
 writer root       -> contracts/test/ComptrollerHarness.sol::ComptrollerHarness.harnessUpdateVenusSupplyIndex(address)
 writer effect     -> contracts/Comptroller/Diamond/facets/XVSRewardsHelper.sol:67
 written member    -> ('SV', 'contracts/Comptroller/ComptrollerStorage.sol', 'ComptrollerV1Storage.venusSupplyState')
 potentially stale -> ('MS', 'contracts/Comptroller/ComptrollerStorage.sol', 'ComptrollerV1Storage.venusSupplierIndex', '$arg0][$arg1')
 reader witnesses  -> 8
 storage exposures -> 1
[MV-SI candidate 24a5656367f5a638f2d3] {allowance, balanceOf, totalSupply}
 writer root       -> contracts/Tokens/VAI/VAI.sol::VAI.mint(address,uint256)
 writer effect     -> contracts/Tokens/VAI/VAI.sol:99
 written member    -> ('SV', 'contracts/Tokens/VAI/VAI.sol', 'VAI.totalSupply')
 potentially stale -> ('SV', 'contracts/Tokens/VAI/VAI.sol', 'VAI.allowance'), ('SV', 'contracts/Tokens/VAI/VAI.sol', 'VAI.balanceOf')
 reader witnesses  -> 128
 storage exposures -> 2
[MV-SI candidate 251136a7a083137316b0] {accrualBlockNumber, borrowIndex}
 writer root       -> contracts/test/VBep20MockDelegate.sol::VBep20MockDelegate.liquidateBorrow(address,uint256,VTokenInterface)
 writer effect     -> contracts/Tokens/VTokens/VToken.sol:462
 written member    -> ('SV', 'contracts/Tokens/VTokens/VTokenInterfaces.sol', 'VTokenStorage.accrualBlockNumber')
 potentially stale -> ('SV', 'contracts/Tokens/VTokens/VTokenInterfaces.sol', 'VTokenStorage.borrowIndex')
 reader witnesses  -> 5
 storage exposures -> 1
[MV-SI candidate 256744bb998dbb6b4e29] {balanceOf, totalSupply}
 writer root       -> contracts/Tokens/VAI/VAIController.sol::VAIController.repayVAI(uint256)
 writer effect     -> contracts/Tokens/VAI/VAI.sol:110
 written member    -> ('SV', 'contracts/Tokens/VAI/VAI.sol', 'VAI.totalSupply')
 potentially stale -> ('SV', 'contracts/Tokens/VAI/VAI.sol', 'VAI.balanceOf')
 reader witnesses  -> 116
 storage exposures -> 1
[MV-SI candidate 25c07a178ea969a213d7] {accrualBlockNumber, borrowIndex}
 writer root       -> contracts/Lens/VenusLens.sol::VenusLens.vTokenBalances(VToken,address)
 writer effect     -> contracts/Tokens/VTokens/VToken.sol:463
 written member    -> ('SV', 'contracts/Tokens/VTokens/VTokenInterfaces.sol', 'VTokenStorage.borrowIndex')
 potentially stale -> ('SV', 'contracts/Tokens/VTokens/VTokenInterfaces.sol', 'VTokenStorage.accrualBlockNumber')
 reader witnesses  -> 7
 storage exposures -> 1
[MV-SI candidate 25ec44d410742c87d35f] {accrualBlockNumber, borrowIndex}
 writer root       -> contracts/Tokens/VTokens/VToken.sol::VToken.initialize(ComptrollerInterface,InterestRateModel,uint256,string,string,uint8)
 writer effect     -> contracts/Tokens/VTokens/VToken.sol:335
 written member    -> ('SV', 'contracts/Tokens/VTokens/VTokenInterfaces.sol', 'VTokenStorage.borrowIndex')
 potentially stale -> ('SV', 'contracts/Tokens/VTokens/VTokenInterfaces.sol', 'VTokenStorage.accrualBlockNumber')
 reader witnesses  -> 328
 storage exposures -> 14
[MV-SI candidate 26834766d3ea2a5f2f48] {_facetFunctionSelectors, _selectorToFacetAndPosition}
 writer root       -> contracts/Comptroller/Diamond/Diamond.sol::Diamond.diamondCut(IDiamondCut.FacetCut[])
 writer effect     -> contracts/Comptroller/Diamond/Diamond.sol:220
 written member    -> ('SV', 'contracts/Comptroller/ComptrollerStorage.sol', 'ComptrollerV13Storage._selectorToFacetAndPosition')
 potentially stale -> ('SV', 'contracts/Comptroller/ComptrollerStorage.sol', 'ComptrollerV13Storage._facetFunctionSelectors')
 reader witnesses  -> 52
 storage exposures -> 2
[MV-SI candidate 28865fac0a3ba2eaa8da] {allowance, balanceOf, totalSupply}
 writer root       -> contracts/test/VAIControllerHarness.sol::VAIControllerHarness.harnessRepayVAIFresh(address,address,uint256)
 writer effect     -> contracts/Tokens/VAI/VAI.sol:110
 written member    -> ('SV', 'contracts/Tokens/VAI/VAI.sol', 'VAI.totalSupply')
 potentially stale -> ('SV', 'contracts/Tokens/VAI/VAI.sol', 'VAI.allowance'), ('SV', 'contracts/Tokens/VAI/VAI.sol', 'VAI.balanceOf')
 reader witnesses  -> 94
 storage exposures -> 1
[MV-SI candidate 28ab0a00ebbf76e61327] {accrualBlockNumber, borrowIndex}
 writer root       -> contracts/Tokens/VTokens/VToken.sol::VToken.exchangeRateCurrent()
 writer effect     -> contracts/Tokens/VTokens/VToken.sol:462
 written member    -> ('SV', 'contracts/Tokens/VTokens/VTokenInterfaces.sol', 'VTokenStorage.accrualBlockNumber')
 potentially stale -> ('SV', 'contracts/Tokens/VTokens/VTokenInterfaces.sol', 'VTokenStorage.borrowIndex')
 reader witnesses  -> 84
 storage exposures -> 13
[MV-SI candidate 2a6e3c9f49ed8df378fd] {accrualBlockNumber, borrowIndex}
 writer root       -> contracts/test/VBep20MockDelegate.sol::VBep20MockDelegate.repayBorrowBehalf(address,uint256)
 writer effect     -> contracts/Tokens/VTokens/VToken.sol:462
 written member    -> ('SV', 'contracts/Tokens/VTokens/VTokenInterfaces.sol', 'VTokenStorage.accrualBlockNumber')
 potentially stale -> ('SV', 'contracts/Tokens/VTokens/VTokenInterfaces.sol', 'VTokenStorage.borrowIndex')
 reader witnesses  -> 5
 storage exposures -> 1
[MV-SI candidate 2a84795a448fd9438a5a] {venusBorrowState, venusBorrowerIndex[$arg0][$arg1]}
 writer root       -> contracts/test/ComptrollerHarness.sol::ComptrollerHarness.harnessAddVenusMarkets(address[])
 writer effect     -> contracts/Comptroller/Diamond/facets/XVSRewardsHelper.sol:44
 written member    -> ('SV', 'contracts/Comptroller/ComptrollerStorage.sol', 'ComptrollerV1Storage.venusBorrowState')
 potentially stale -> ('MS', 'contracts/Comptroller/ComptrollerStorage.sol', 'ComptrollerV1Storage.venusBorrowerIndex', '$arg0][$arg1')
 reader witnesses  -> 4
 storage exposures -> 1
[MV-SI candidate 2d0862d15535fd48d255] {venusBorrowState, venusBorrowerIndex[$arg0][$arg1]}
 writer root       -> contracts/test/ComptrollerHarness.sol::ComptrollerHarness.harnessRefreshVenusSpeeds()
 writer effect     -> contracts/Comptroller/Diamond/facets/XVSRewardsHelper.sol:44
 written member    -> ('SV', 'contracts/Comptroller/ComptrollerStorage.sol', 'ComptrollerV1Storage.venusBorrowState')
 potentially stale -> ('MS', 'contracts/Comptroller/ComptrollerStorage.sol', 'ComptrollerV1Storage.venusBorrowerIndex', '$arg0][$arg1')
 reader witnesses  -> 8
 storage exposures -> 1
[MV-SI candidate 2f9a7f8dd87755158840] {accrualBlockNumber, borrowIndex}
 writer root       -> contracts/test/EvilXToken.sol::EvilXToken.harnessSetBorrowIndex(uint256)
 writer effect     -> contracts/test/EvilXToken.sol:169
 written member    -> ('SV', 'contracts/Tokens/VTokens/VTokenInterfaces.sol', 'VTokenStorage.borrowIndex')
 potentially stale -> ('SV', 'contracts/Tokens/VTokens/VTokenInterfaces.sol', 'VTokenStorage.accrualBlockNumber')
 reader witnesses  -> 33
 storage exposures -> 1
[MV-SI candidate 30fdbe2ca266b00ab61c] {accountTokens[$arg0], initialExchangeRateMantissa}
 writer root       -> contracts/Tokens/VTokens/VToken.sol::VToken.initialize(ComptrollerInterface,InterestRateModel,uint256,string,string,uint8)
 writer effect     -> contracts/Tokens/VTokens/VToken.sol:326
 written member    -> ('SV', 'contracts/Tokens/VTokens/VTokenInterfaces.sol', 'VTokenStorage.initialExchangeRateMantissa')
 potentially stale -> ('MS', 'contracts/Tokens/VTokens/VTokenInterfaces.sol', 'VTokenStorage.accountTokens', '$arg0')
 reader witnesses  -> 27
 storage exposures -> 1
[MV-SI candidate 32e543c77578423b2821] {venusBorrowState, venusBorrowerIndex[$arg0][$arg1]}
 writer root       -> contracts/Comptroller/Diamond/facets/RewardFacet.sol::RewardFacet.claimVenus(address)
 writer effect     -> contracts/Comptroller/Diamond/facets/XVSRewardsHelper.sol:43
 written member    -> ('SV', 'contracts/Comptroller/ComptrollerStorage.sol', 'ComptrollerV1Storage.venusBorrowState')
 potentially stale -> ('MS', 'contracts/Comptroller/ComptrollerStorage.sol', 'ComptrollerV1Storage.venusBorrowerIndex', '$arg0][$arg1')
 reader witnesses  -> 8
 storage exposures -> 3
[MV-SI candidate 33dd7c357c087eb469ad] {accrualBlockNumber, borrowIndex}
 writer root       -> contracts/Tokens/VTokens/VBep20.sol::VBep20.redeem(uint256)
 writer effect     -> contracts/Tokens/VTokens/VToken.sol:463
 written member    -> ('SV', 'contracts/Tokens/VTokens/VTokenInterfaces.sol', 'VTokenStorage.borrowIndex')
 potentially stale -> ('SV', 'contracts/Tokens/VTokens/VTokenInterfaces.sol', 'VTokenStorage.accrualBlockNumber')
 reader witnesses  -> 283
 storage exposures -> 11
[MV-SI candidate 352572ed583c3d9a05d1] {accrualBlockNumber, borrowIndex}
 writer root       -> contracts/Tokens/VTokens/VToken.sol::VToken.balanceOfUnderlying(address)
 writer effect     -> contracts/Tokens/VTokens/VToken.sol:462
 written member    -> ('SV', 'contracts/Tokens/VTokens/VTokenInterfaces.sol', 'VTokenStorage.accrualBlockNumber')
 potentially stale -> ('SV', 'contracts/Tokens/VTokens/VTokenInterfaces.sol', 'VTokenStorage.borrowIndex')
 reader witnesses  -> 84
 storage exposures -> 13
[MV-SI candidate 35698b0accdcc40029fa] {venusSupplierIndex[$arg0][$arg1], venusSupplyState}
 writer root       -> contracts/Comptroller/Diamond/facets/RewardFacet.sol::RewardFacet.claimVenus(address[],VToken[],bool,bool,bool)
 writer effect     -> contracts/Comptroller/Diamond/facets/XVSRewardsHelper.sol:64
 written member    -> ('SV', 'contracts/Comptroller/ComptrollerStorage.sol', 'ComptrollerV1Storage.venusSupplyState')
 potentially stale -> ('MS', 'contracts/Comptroller/ComptrollerStorage.sol', 'ComptrollerV1Storage.venusSupplierIndex', '$arg0][$arg1')
 reader witnesses  -> 20
 storage exposures -> 3
[MV-SI candidate 3599186e8ad68599f92a] {accrualBlockNumber, borrowIndex}
 writer root       -> contracts/Tokens/VTokens/VToken.sol::VToken._reduceReserves(uint256)
 writer effect     -> contracts/Tokens/VTokens/VToken.sol:462
 written member    -> ('SV', 'contracts/Tokens/VTokens/VTokenInterfaces.sol', 'VTokenStorage.accrualBlockNumber')
 potentially stale -> ('SV', 'contracts/Tokens/VTokens/VTokenInterfaces.sol', 'VTokenStorage.borrowIndex')
 reader witnesses  -> 84
 storage exposures -> 13
[MV-SI candidate 3635f9e8cc1a44fb236b] {accountTokens[$arg0], initialExchangeRateMantissa}
 writer root       -> contracts/Tokens/VTokens/VToken.sol::VToken.transferFrom(address,address,uint256)
 writer effect     -> contracts/Tokens/VTokens/VToken.sol:590
 written member    -> ('MS', 'contracts/Tokens/VTokens/VTokenInterfaces.sol', 'VTokenStorage.accountTokens', '$arg0')
 potentially stale -> ('SV', 'contracts/Tokens/VTokens/VTokenInterfaces.sol', 'VTokenStorage.initialExchangeRateMantissa')
 reader witnesses  -> 87
 storage exposures -> 13
[MV-SI candidate 377d52358e518bccd4c5] {allowance, balanceOf, totalSupply}
 writer root       -> contracts/Tokens/VAI/VAIController.sol::VAIController.repayVAI(uint256)
 writer effect     -> contracts/Tokens/VAI/VAI.sol:110
 written member    -> ('SV', 'contracts/Tokens/VAI/VAI.sol', 'VAI.totalSupply')
 potentially stale -> ('SV', 'contracts/Tokens/VAI/VAI.sol', 'VAI.allowance'), ('SV', 'contracts/Tokens/VAI/VAI.sol', 'VAI.balanceOf')
 reader witnesses  -> 188
 storage exposures -> 1
[MV-SI candidate 379089bd7391819e0821] {accountTokens[$arg0], initialExchangeRateMantissa}
 writer root       -> contracts/Tokens/VTokens/VToken.sol::VToken.transfer(address,uint256)
 writer effect     -> contracts/Tokens/VTokens/VToken.sol:590
 written member    -> ('MS', 'contracts/Tokens/VTokens/VTokenInterfaces.sol', 'VTokenStorage.accountTokens', '$arg0')
 potentially stale -> ('SV', 'contracts/Tokens/VTokens/VTokenInterfaces.sol', 'VTokenStorage.initialExchangeRateMantissa')
 reader witnesses  -> 87
 storage exposures -> 13
[MV-SI candidate 37bc4fa06c13b0f3aa1b] {venusSupplierIndex[$arg0][$arg1], venusSupplyState}
 writer root       -> contracts/test/ComptrollerHarness.sol::ComptrollerHarness.harnessAddVenusMarkets(address[])
 writer effect     -> contracts/Comptroller/Diamond/facets/XVSRewardsHelper.sol:67
 written member    -> ('SV', 'contracts/Comptroller/ComptrollerStorage.sol', 'ComptrollerV1Storage.venusSupplyState')
 potentially stale -> ('MS', 'contracts/Comptroller/ComptrollerStorage.sol', 'ComptrollerV1Storage.venusSupplierIndex', '$arg0][$arg1')
 reader witnesses  -> 8
 storage exposures -> 1
[MV-SI candidate 37ca1f73e63aa684d738] {accrualBlockNumber, borrowIndex}
 writer root       -> contracts/test/MockVBNB.sol::MockVBNB.redeem(uint256)
 writer effect     -> contracts/Tokens/VTokens/VToken.sol:462
 written member    -> ('SV', 'contracts/Tokens/VTokens/VTokenInterfaces.sol', 'VTokenStorage.accrualBlockNumber')
 potentially stale -> ('SV', 'contracts/Tokens/VTokens/VTokenInterfaces.sol', 'VTokenStorage.borrowIndex')
 reader witnesses  -> 4
 storage exposures -> 1
[MV-SI candidate 39e222ea496279898421] {venusBorrowState, venusBorrowerIndex[$arg0][$arg1]}
 writer root       -> contracts/Comptroller/Diamond/facets/RewardFacet.sol::RewardFacet.claimVenus(address[],VToken[],bool,bool,bool)
 writer effect     -> contracts/Comptroller/Diamond/facets/XVSRewardsHelper.sol:43
 written member    -> ('SV', 'contracts/Comptroller/ComptrollerStorage.sol', 'ComptrollerV1Storage.venusBorrowState')
 potentially stale -> ('MS', 'contracts/Comptroller/ComptrollerStorage.sol', 'ComptrollerV1Storage.venusBorrowerIndex', '$arg0][$arg1')
 reader witnesses  -> 8
 storage exposures -> 3
[MV-SI candidate 3bec7f57e92bc329e1d3] {allMarkets, venusSpeeds[@local::contracts/test/ComptrollerScenario.sol::ComptrollerScenario.refreshVenusSpeeds()::TemporaryVariable::TMP_9455]}
 writer root       -> contracts/Comptroller/Diamond/facets/MarketFacet.sol::MarketFacet._supportMarket(VToken)
 writer effect     -> contracts/Comptroller/Diamond/facets/MarketFacet.sol:218
 written member    -> ('SV', 'contracts/Comptroller/ComptrollerStorage.sol', 'ComptrollerV1Storage.allMarkets')
 potentially stale -> ('MS', 'contracts/Comptroller/ComptrollerStorage.sol', 'ComptrollerV1Storage.venusSpeeds', '@local::contracts/test/ComptrollerScenario.sol::ComptrollerScenario.refreshVenusSpeeds()::TemporaryVariable::TMP_9455')
 reader witnesses  -> 1
 storage exposures -> 1
[MV-SI candidate 3c2010484965394815b5] {accountTokens[$arg0], initialExchangeRateMantissa}
 writer root       -> contracts/Tokens/VTokens/VBep20.sol::VBep20.redeemUnderlying(uint256)
 writer effect     -> contracts/Tokens/VTokens/VToken.sol:916
 written member    -> ('MS', 'contracts/Tokens/VTokens/VTokenInterfaces.sol', 'VTokenStorage.accountTokens', '$arg0')
 potentially stale -> ('SV', 'contracts/Tokens/VTokens/VTokenInterfaces.sol', 'VTokenStorage.initialExchangeRateMantissa')
 reader witnesses  -> 33
 storage exposures -> 11
[MV-SI candidate 3df600c7c6b7fd5b4bab] {venusSupplierIndex[$arg0][$arg1], venusSupplyState}
 writer root       -> contracts/test/ComptrollerHarness.sol::ComptrollerHarness.harnessRefreshVenusSpeeds()
 writer effect     -> contracts/Comptroller/Diamond/facets/XVSRewardsHelper.sol:65
 written member    -> ('SV', 'contracts/Comptroller/ComptrollerStorage.sol', 'ComptrollerV1Storage.venusSupplyState')
 potentially stale -> ('MS', 'contracts/Comptroller/ComptrollerStorage.sol', 'ComptrollerV1Storage.venusSupplierIndex', '$arg0][$arg1')
 reader witnesses  -> 16
 storage exposures -> 1
[MV-SI candidate 3fbf277c370dafa8ec32] {_facetFunctionSelectors, _selectorToFacetAndPosition}
 writer root       -> contracts/Comptroller/Diamond/Diamond.sol::Diamond.diamondCut(IDiamondCut.FacetCut[])
 writer effect     -> contracts/Comptroller/Diamond/Diamond.sol:219
 written member    -> ('SV', 'contracts/Comptroller/ComptrollerStorage.sol', 'ComptrollerV13Storage._facetFunctionSelectors')
 potentially stale -> ('SV', 'contracts/Comptroller/ComptrollerStorage.sol', 'ComptrollerV13Storage._selectorToFacetAndPosition')
 reader witnesses  -> 28
 storage exposures -> 2
[MV-SI candidate 4122c3dc208235034201] {accountTokens[$arg0], initialExchangeRateMantissa}
 writer root       -> contracts/Tokens/VTokens/VBep20.sol::VBep20.liquidateBorrow(address,uint256,VTokenInterface)
 writer effect     -> contracts/Tokens/VTokens/VToken.sol:1357
 written member    -> ('MS', 'contracts/Tokens/VTokens/VTokenInterfaces.sol', 'VTokenStorage.accountTokens', '$arg0')
 potentially stale -> ('SV', 'contracts/Tokens/VTokens/VTokenInterfaces.sol', 'VTokenStorage.initialExchangeRateMantissa')
 reader witnesses  -> 33
 storage exposures -> 11
[MV-SI candidate 41d14dc84bc1775616ce] {venusBorrowState, venusBorrowerIndex[$arg0][$arg1]}
 writer root       -> contracts/test/ComptrollerScenario.sol::ComptrollerScenario.refreshVenusSpeeds()
 writer effect     -> contracts/Comptroller/Diamond/facets/XVSRewardsHelper.sol:44
 written member    -> ('SV', 'contracts/Comptroller/ComptrollerStorage.sol', 'ComptrollerV1Storage.venusBorrowState')
 potentially stale -> ('MS', 'contracts/Comptroller/ComptrollerStorage.sol', 'ComptrollerV1Storage.venusBorrowerIndex', '$arg0][$arg1')
 reader witnesses  -> 4
 storage exposures -> 1
[MV-SI candidate 423d87c6222ab818c365] {accountTokens[$arg0], initialExchangeRateMantissa}
 writer root       -> contracts/test/VBep20MockDelegate.sol::VBep20MockDelegate.mintBehalf(address,uint256)
 writer effect     -> contracts/Tokens/VTokens/VToken.sol:781
 written member    -> ('MS', 'contracts/Tokens/VTokens/VTokenInterfaces.sol', 'VTokenStorage.accountTokens', '$arg0')
 potentially stale -> ('SV', 'contracts/Tokens/VTokens/VTokenInterfaces.sol', 'VTokenStorage.initialExchangeRateMantissa')
 reader witnesses  -> 3
 storage exposures -> 1
[MV-SI candidate 4260d364b253be0cf5fc] {accrualBlockNumber, borrowIndex}
 writer root       -> contracts/Tokens/VTokens/VBep20.sol::VBep20.repayBorrow(uint256)
 writer effect     -> contracts/Tokens/VTokens/VToken.sol:463
 written member    -> ('SV', 'contracts/Tokens/VTokens/VTokenInterfaces.sol', 'VTokenStorage.borrowIndex')
 potentially stale -> ('SV', 'contracts/Tokens/VTokens/VTokenInterfaces.sol', 'VTokenStorage.accrualBlockNumber')
 reader witnesses  -> 283
 storage exposures -> 11
[MV-SI candidate 454c9aae9cd981964d9e] {venusBorrowState, venusBorrowerIndex[$arg0][$arg1]}
 writer root       -> contracts/Comptroller/Diamond/facets/PolicyFacet.sol::PolicyFacet._setVenusSpeeds(VToken[],uint256[],uint256[])
 writer effect     -> contracts/Comptroller/Diamond/facets/XVSRewardsHelper.sol:44
 written member    -> ('SV', 'contracts/Comptroller/ComptrollerStorage.sol', 'ComptrollerV1Storage.venusBorrowState')
 potentially stale -> ('MS', 'contracts/Comptroller/ComptrollerStorage.sol', 'ComptrollerV1Storage.venusBorrowerIndex', '$arg0][$arg1')
 reader witnesses  -> 10
 storage exposures -> 4
[MV-SI candidate 4558b559026b34b55048] {venusSupplierIndex[$arg0][$arg1], venusSupplyState}
 writer root       -> contracts/Comptroller/Diamond/facets/PolicyFacet.sol::PolicyFacet.seizeAllowed(address,address,address,address,uint256)
 writer effect     -> contracts/Comptroller/Diamond/facets/XVSRewardsHelper.sol:83
 written member    -> ('MS', 'contracts/Comptroller/ComptrollerStorage.sol', 'ComptrollerV1Storage.venusSupplierIndex', '$arg0][$arg1')
 potentially stale -> ('SV', 'contracts/Comptroller/ComptrollerStorage.sol', 'ComptrollerV1Storage.venusSupplyState')
 reader witnesses  -> 82
 storage exposures -> 4
[MV-SI candidate 45de284e6429d6509b1d] {venusSupplierIndex[$arg0][$arg1], venusSupplyState}
 writer root       -> contracts/Comptroller/Diamond/facets/RewardFacet.sol::RewardFacet.claimVenusAsCollateral(address)
 writer effect     -> contracts/Comptroller/Diamond/facets/XVSRewardsHelper.sol:67
 written member    -> ('SV', 'contracts/Comptroller/ComptrollerStorage.sol', 'ComptrollerV1Storage.venusSupplyState')
 potentially stale -> ('MS', 'contracts/Comptroller/ComptrollerStorage.sol', 'ComptrollerV1Storage.venusSupplierIndex', '$arg0][$arg1')
 reader witnesses  -> 20
 storage exposures -> 3
[MV-SI candidate 47c059cc0dac8a9f0735] {accrualBlockNumber, borrowIndex}
 writer root       -> contracts/test/VBep20MockDelegate.sol::VBep20MockDelegate.redeem(uint256)
 writer effect     -> contracts/Tokens/VTokens/VToken.sol:462
 written member    -> ('SV', 'contracts/Tokens/VTokens/VTokenInterfaces.sol', 'VTokenStorage.accrualBlockNumber')
 potentially stale -> ('SV', 'contracts/Tokens/VTokens/VTokenInterfaces.sol', 'VTokenStorage.borrowIndex')
 reader witnesses  -> 5
 storage exposures -> 1
[MV-SI candidate 4904ea9d7b6d352ae754] {accountTokens[$arg0], initialExchangeRateMantissa}
 writer root       -> contracts/test/VBep20Harness.sol::VBep20DelegateHarness.harnessRedeemFresh(address,uint256,uint256)
 writer effect     -> contracts/Tokens/VTokens/VToken.sol:916
 written member    -> ('MS', 'contracts/Tokens/VTokens/VTokenInterfaces.sol', 'VTokenStorage.accountTokens', '$arg0')
 potentially stale -> ('SV', 'contracts/Tokens/VTokens/VTokenInterfaces.sol', 'VTokenStorage.initialExchangeRateMantissa')
 reader witnesses  -> 3
 storage exposures -> 1
[MV-SI candidate 49e83f1b4ee4d777159f] {accrualBlockNumber, borrowIndex}
 writer root       -> contracts/test/MockVBNB.sol::MockVBNB.redeemUnderlying(uint256)
 writer effect     -> contracts/Tokens/VTokens/VToken.sol:462
 written member    -> ('SV', 'contracts/Tokens/VTokens/VTokenInterfaces.sol', 'VTokenStorage.accrualBlockNumber')
 potentially stale -> ('SV', 'contracts/Tokens/VTokens/VTokenInterfaces.sol', 'VTokenStorage.borrowIndex')
 reader witnesses  -> 4
 storage exposures -> 1
[MV-SI candidate 4bce96993ad5ca171a64] {accrualBlockNumber, borrowIndex}
 writer root       -> contracts/test/MockVBNB.sol::MockVBNB.mint()
 writer effect     -> contracts/Tokens/VTokens/VToken.sol:462
 written member    -> ('SV', 'contracts/Tokens/VTokens/VTokenInterfaces.sol', 'VTokenStorage.accrualBlockNumber')
 potentially stale -> ('SV', 'contracts/Tokens/VTokens/VTokenInterfaces.sol', 'VTokenStorage.borrowIndex')
 reader witnesses  -> 4
 storage exposures -> 1
[MV-SI candidate 4bde509c647a511669da] {accountTokens[$arg0], initialExchangeRateMantissa}
 writer root       -> contracts/Tokens/VTokens/VToken.sol::VToken.seize(address,address,uint256)
 writer effect     -> contracts/Tokens/VTokens/VToken.sol:1357
 written member    -> ('MS', 'contracts/Tokens/VTokens/VTokenInterfaces.sol', 'VTokenStorage.accountTokens', '$arg0')
 potentially stale -> ('SV', 'contracts/Tokens/VTokens/VTokenInterfaces.sol', 'VTokenStorage.initialExchangeRateMantissa')
 reader witnesses  -> 87
 storage exposures -> 13
[MV-SI candidate 4ceb37cd6d1d49259fc3] {venusBorrowState, venusBorrowerIndex[$arg0][$arg1]}
 writer root       -> contracts/Comptroller/Diamond/facets/RewardFacet.sol::RewardFacet.claimVenusAsCollateral(address)
 writer effect     -> contracts/Comptroller/Diamond/facets/XVSRewardsHelper.sol:46
 written member    -> ('SV', 'contracts/Comptroller/ComptrollerStorage.sol', 'ComptrollerV1Storage.venusBorrowState')
 potentially stale -> ('MS', 'contracts/Comptroller/ComptrollerStorage.sol', 'ComptrollerV1Storage.venusBorrowerIndex', '$arg0][$arg1')
 reader witnesses  -> 8
 storage exposures -> 3
[MV-SI candidate 4d4a7815cc3bbc787dba] {accrualBlockNumber, borrowIndex}
 writer root       -> contracts/test/MockVBNB.sol::MockVBNB.liquidateBorrow(address,VToken)
 writer effect     -> contracts/Tokens/VTokens/VToken.sol:463
 written member    -> ('SV', 'contracts/Tokens/VTokens/VTokenInterfaces.sol', 'VTokenStorage.borrowIndex')
 potentially stale -> ('SV', 'contracts/Tokens/VTokens/VTokenInterfaces.sol', 'VTokenStorage.accrualBlockNumber')
 reader witnesses  -> 17
 storage exposures -> 1
[MV-SI candidate 4eb77e6892fc20e7f54b] {balanceOf, totalSupply}
 writer root       -> contracts/test/VAIControllerHarness.sol::VAIControllerHarness.harnessLiquidateVAIFresh(address,address,uint256,VToken)
 writer effect     -> contracts/Tokens/VAI/VAI.sol:110
 written member    -> ('SV', 'contracts/Tokens/VAI/VAI.sol', 'VAI.totalSupply')
 potentially stale -> ('SV', 'contracts/Tokens/VAI/VAI.sol', 'VAI.balanceOf')
 reader witnesses  -> 58
 storage exposures -> 1
[MV-SI candidate 4ef9a21e4fb4cb735420] {balanceOf, totalSupply}
 writer root       -> contracts/Tokens/VAI/VAIController.sol::VAIController.mintVAI(uint256)
 writer effect     -> contracts/Tokens/VAI/VAI.sol:99
 written member    -> ('SV', 'contracts/Tokens/VAI/VAI.sol', 'VAI.totalSupply')
 potentially stale -> ('SV', 'contracts/Tokens/VAI/VAI.sol', 'VAI.balanceOf')
 reader witnesses  -> 232
 storage exposures -> 1
[MV-SI candidate 4f85b0dc8bd4b2b4cee3] {_facetFunctionSelectors, _selectorToFacetAndPosition}
 writer root       -> contracts/Comptroller/Diamond/Diamond.sol::Diamond.diamondCut(IDiamondCut.FacetCut[])
 writer effect     -> contracts/Comptroller/Diamond/Diamond.sol:211
 written member    -> ('SV', 'contracts/Comptroller/ComptrollerStorage.sol', 'ComptrollerV13Storage._facetFunctionSelectors')
 potentially stale -> ('SV', 'contracts/Comptroller/ComptrollerStorage.sol', 'ComptrollerV13Storage._selectorToFacetAndPosition')
 reader witnesses  -> 28
 storage exposures -> 2
[MV-SI candidate 51f4b230a4785f1945ae] {venusSupplierIndex[$arg0][$arg1], venusSupplyState}
 writer root       -> contracts/Comptroller/Diamond/facets/RewardFacet.sol::RewardFacet.claimVenus(address,VToken[])
 writer effect     -> contracts/Comptroller/Diamond/facets/XVSRewardsHelper.sol:67
 written member    -> ('SV', 'contracts/Comptroller/ComptrollerStorage.sol', 'ComptrollerV1Storage.venusSupplyState')
 potentially stale -> ('MS', 'contracts/Comptroller/ComptrollerStorage.sol', 'ComptrollerV1Storage.venusSupplierIndex', '$arg0][$arg1')
 reader witnesses  -> 20
 storage exposures -> 3
[MV-SI candidate 523851b4c1337e47cb93] {venusBorrowState, venusBorrowerIndex[$arg0][$arg1]}
 writer root       -> contracts/Comptroller/Diamond/facets/RewardFacet.sol::RewardFacet.claimVenus(address)
 writer effect     -> contracts/Comptroller/Diamond/facets/XVSRewardsHelper.sol:44
 written member    -> ('SV', 'contracts/Comptroller/ComptrollerStorage.sol', 'ComptrollerV1Storage.venusBorrowState')
 potentially stale -> ('MS', 'contracts/Comptroller/ComptrollerStorage.sol', 'ComptrollerV1Storage.venusBorrowerIndex', '$arg0][$arg1')
 reader witnesses  -> 8
 storage exposures -> 3
[MV-SI candidate 5299fe422c7e2e511c3c] {accrualBlockNumber, borrowIndex}
 writer root       -> contracts/test/VBep20Harness.sol::VBep20DelegateHarness.harnessSetAccrualBlockNumber(uint256)
 writer effect     -> contracts/test/VBep20Harness.sol:319
 written member    -> ('SV', 'contracts/Tokens/VTokens/VTokenInterfaces.sol', 'VTokenStorage.accrualBlockNumber')
 potentially stale -> ('SV', 'contracts/Tokens/VTokens/VTokenInterfaces.sol', 'VTokenStorage.borrowIndex')
 reader witnesses  -> 9
 storage exposures -> 1
[MV-SI candidate 53022fc0ba4b6d4082b2] {accrualBlockNumber, borrowIndex}
 writer root       -> contracts/test/VBep20MockDelegate.sol::VBep20MockDelegate.borrow(uint256)
 writer effect     -> contracts/Tokens/VTokens/VToken.sol:462
 written member    -> ('SV', 'contracts/Tokens/VTokens/VTokenInterfaces.sol', 'VTokenStorage.accrualBlockNumber')
 potentially stale -> ('SV', 'contracts/Tokens/VTokens/VTokenInterfaces.sol', 'VTokenStorage.borrowIndex')
 reader witnesses  -> 5
 storage exposures -> 1
[MV-SI candidate 553ced92dc7959aa5ddb] {venusSupplierIndex[$arg0][$arg1], venusSupplyState}
 writer root       -> contracts/test/ComptrollerScenario.sol::ComptrollerScenario.refreshVenusSpeeds()
 writer effect     -> contracts/Comptroller/Diamond/facets/XVSRewardsHelper.sol:64
 written member    -> ('SV', 'contracts/Comptroller/ComptrollerStorage.sol', 'ComptrollerV1Storage.venusSupplyState')
 potentially stale -> ('MS', 'contracts/Comptroller/ComptrollerStorage.sol', 'ComptrollerV1Storage.venusSupplierIndex', '$arg0][$arg1')
 reader witnesses  -> 12
 storage exposures -> 1
[MV-SI candidate 55e0aac1d38c39cf45fa] {accrualBlockNumber, borrowIndex}
 writer root       -> contracts/Tokens/VTokens/VToken.sol::VToken.totalBorrowsCurrent()
 writer effect     -> contracts/Tokens/VTokens/VToken.sol:463
 written member    -> ('SV', 'contracts/Tokens/VTokens/VTokenInterfaces.sol', 'VTokenStorage.borrowIndex')
 potentially stale -> ('SV', 'contracts/Tokens/VTokens/VTokenInterfaces.sol', 'VTokenStorage.accrualBlockNumber')
 reader witnesses  -> 328
 storage exposures -> 14
[MV-SI candidate 5652e6fe5eb7d736606d] {allowance, balanceOf, totalSupply}
 writer root       -> contracts/test/VAIHarness.sol::VAIScenario.allocateTo(address,uint256)
 writer effect     -> contracts/test/VAIHarness.sol:28
 written member    -> ('SV', 'contracts/Tokens/VAI/VAI.sol', 'VAI.totalSupply')
 potentially stale -> ('SV', 'contracts/Tokens/VAI/VAI.sol', 'VAI.allowance'), ('SV', 'contracts/Tokens/VAI/VAI.sol', 'VAI.balanceOf')
 reader witnesses  -> 34
 storage exposures -> 1
[MV-SI candidate 57b7fa5a077d3155deb7] {_facetAddresses, _facetFunctionSelectors}
 writer root       -> contracts/Comptroller/Diamond/Diamond.sol::Diamond.diamondCut(IDiamondCut.FacetCut[])
 writer effect     -> contracts/Comptroller/Diamond/Diamond.sol:146
 written member    -> ('SV', 'contracts/Comptroller/ComptrollerStorage.sol', 'ComptrollerV13Storage._facetFunctionSelectors')
 potentially stale -> ('SV', 'contracts/Comptroller/ComptrollerStorage.sol', 'ComptrollerV13Storage._facetAddresses')
 reader witnesses  -> 12
 storage exposures -> 2
[MV-SI candidate 57bbb1a6913e5510c69d] {accrualBlockNumber, borrowIndex}
 writer root       -> contracts/Tokens/VTokens/VBep20.sol::VBep20.borrowBehalf(address,uint256)
 writer effect     -> contracts/Tokens/VTokens/VToken.sol:463
 written member    -> ('SV', 'contracts/Tokens/VTokens/VTokenInterfaces.sol', 'VTokenStorage.borrowIndex')
 potentially stale -> ('SV', 'contracts/Tokens/VTokens/VTokenInterfaces.sol', 'VTokenStorage.accrualBlockNumber')
 reader witnesses  -> 283
 storage exposures -> 11
[MV-SI candidate 5825c4a9f839a3ab9bf2] {accrualBlockNumber, borrowIndex}
 writer root       -> contracts/test/VBep20MockDelegate.sol::VBep20MockDelegate.liquidateBorrow(address,uint256,VTokenInterface)
 writer effect     -> contracts/Tokens/VTokens/VToken.sol:463
 written member    -> ('SV', 'contracts/Tokens/VTokens/VTokenInterfaces.sol', 'VTokenStorage.borrowIndex')
 potentially stale -> ('SV', 'contracts/Tokens/VTokens/VTokenInterfaces.sol', 'VTokenStorage.accrualBlockNumber')
 reader witnesses  -> 21
 storage exposures -> 1
[MV-SI candidate 5825decd219fe967d3a9] {accrualBlockNumber, borrowIndex}
 writer root       -> contracts/test/EvilXToken.sol::EvilXToken.harnessSetAccrualBlockNumber(uint256)
 writer effect     -> contracts/test/EvilXToken.sol:107
 written member    -> ('SV', 'contracts/Tokens/VTokens/VTokenInterfaces.sol', 'VTokenStorage.accrualBlockNumber')
 potentially stale -> ('SV', 'contracts/Tokens/VTokens/VTokenInterfaces.sol', 'VTokenStorage.borrowIndex')
 reader witnesses  -> 9
 storage exposures -> 1
[MV-SI candidate 585e719fd3e351d345c2] {accountTokens[$arg0], initialExchangeRateMantissa}
 writer root       -> contracts/Tokens/VTokens/VToken.sol::VToken.transfer(address,uint256)
 writer effect     -> contracts/Tokens/VTokens/VToken.sol:591
 written member    -> ('MS', 'contracts/Tokens/VTokens/VTokenInterfaces.sol', 'VTokenStorage.accountTokens', '$arg0')
 potentially stale -> ('SV', 'contracts/Tokens/VTokens/VTokenInterfaces.sol', 'VTokenStorage.initialExchangeRateMantissa')
 reader witnesses  -> 87
 storage exposures -> 13
[MV-SI candidate 5a79cb551bd6b3001a64] {venusSupplierIndex[$arg0][$arg1], venusSupplyState}
 writer root       -> contracts/Comptroller/Diamond/facets/MarketFacet.sol::MarketFacet._supportMarket(VToken)
 writer effect     -> contracts/Comptroller/Diamond/facets/MarketFacet.sol:247
 written member    -> ('SV', 'contracts/Comptroller/ComptrollerStorage.sol', 'ComptrollerV1Storage.venusSupplyState')
 potentially stale -> ('MS', 'contracts/Comptroller/ComptrollerStorage.sol', 'ComptrollerV1Storage.venusSupplierIndex', '$arg0][$arg1')
 reader witnesses  -> 20
 storage exposures -> 3
[MV-SI candidate 5c024c6d724632be7c0c] {accrualBlockNumber, borrowIndex}
 writer root       -> contracts/test/VBep20MockDelegate.sol::VBep20MockDelegate.mintBehalf(address,uint256)
 writer effect     -> contracts/Tokens/VTokens/VToken.sol:462
 written member    -> ('SV', 'contracts/Tokens/VTokens/VTokenInterfaces.sol', 'VTokenStorage.accrualBlockNumber')
 potentially stale -> ('SV', 'contracts/Tokens/VTokens/VTokenInterfaces.sol', 'VTokenStorage.borrowIndex')
 reader witnesses  -> 5
 storage exposures -> 1
[MV-SI candidate 5dcc9c7a07e87939c9c9] {venusBorrowState, venusBorrowerIndex[$arg0][$arg1]}
 writer root       -> contracts/test/ComptrollerHarness.sol::ComptrollerHarness.harnessDistributeAllBorrowerVenus(address,address,uint256)
 writer effect     -> contracts/Comptroller/Diamond/facets/XVSRewardsHelper.sol:112
 written member    -> ('MS', 'contracts/Comptroller/ComptrollerStorage.sol', 'ComptrollerV1Storage.venusBorrowerIndex', '$arg0][$arg1')
 potentially stale -> ('SV', 'contracts/Comptroller/ComptrollerStorage.sol', 'ComptrollerV1Storage.venusBorrowState')
 reader witnesses  -> 9
 storage exposures -> 1
[MV-SI candidate 5ddf57bc2db037d9f333] {accrualBlockNumber, borrowIndex}
 writer root       -> contracts/Lens/VenusLens.sol::VenusLens.vTokenMetadata(VToken)
 writer effect     -> contracts/Tokens/VTokens/VToken.sol:463
 written member    -> ('SV', 'contracts/Tokens/VTokens/VTokenInterfaces.sol', 'VTokenStorage.borrowIndex')
 potentially stale -> ('SV', 'contracts/Tokens/VTokens/VTokenInterfaces.sol', 'VTokenStorage.accrualBlockNumber')
 reader witnesses  -> 7
 storage exposures -> 1
[MV-SI candidate 5e3e195ab2761e7a4874] {venusSupplierIndex[$arg0][$arg1], venusSupplyState}
 writer root       -> contracts/Comptroller/Diamond/facets/PolicyFacet.sol::PolicyFacet.transferAllowed(address,address,address,uint256)
 writer effect     -> contracts/Comptroller/Diamond/facets/XVSRewardsHelper.sol:67
 written member    -> ('SV', 'contracts/Comptroller/ComptrollerStorage.sol', 'ComptrollerV1Storage.venusSupplyState')
 potentially stale -> ('MS', 'contracts/Comptroller/ComptrollerStorage.sol', 'ComptrollerV1Storage.venusSupplierIndex', '$arg0][$arg1')
 reader witnesses  -> 26
 storage exposures -> 4
[MV-SI candidate 5f8a5f79541c0cb04f28] {accrualBlockNumber, borrowIndex}
 writer root       -> contracts/Tokens/VTokens/VBep20.sol::VBep20.borrow(uint256)
 writer effect     -> contracts/Tokens/VTokens/VToken.sol:462
 written member    -> ('SV', 'contracts/Tokens/VTokens/VTokenInterfaces.sol', 'VTokenStorage.accrualBlockNumber')
 potentially stale -> ('SV', 'contracts/Tokens/VTokens/VTokenInterfaces.sol', 'VTokenStorage.borrowIndex')
 reader witnesses  -> 75
 storage exposures -> 11
[MV-SI candidate 603d2903a691067d1b7f] {venusSupplierIndex[$arg0][$arg1], venusSupplyState}
 writer root       -> contracts/Comptroller/Diamond/facets/PolicyFacet.sol::PolicyFacet._setVenusSpeeds(VToken[],uint256[],uint256[])
 writer effect     -> contracts/Comptroller/Diamond/facets/XVSRewardsHelper.sol:64
 written member    -> ('SV', 'contracts/Comptroller/ComptrollerStorage.sol', 'ComptrollerV1Storage.venusSupplyState')
 potentially stale -> ('MS', 'contracts/Comptroller/ComptrollerStorage.sol', 'ComptrollerV1Storage.venusSupplierIndex', '$arg0][$arg1')
 reader witnesses  -> 26
 storage exposures -> 4
[MV-SI candidate 607ea243c92fe0622cde] {accrualBlockNumber, borrowIndex}
 writer root       -> contracts/Tokens/VTokens/VBep20.sol::VBep20.liquidateBorrow(address,uint256,VTokenInterface)
 writer effect     -> contracts/Tokens/VTokens/VToken.sol:463
 written member    -> ('SV', 'contracts/Tokens/VTokens/VTokenInterfaces.sol', 'VTokenStorage.borrowIndex')
 potentially stale -> ('SV', 'contracts/Tokens/VTokens/VTokenInterfaces.sol', 'VTokenStorage.accrualBlockNumber')
 reader witnesses  -> 283
 storage exposures -> 11
[MV-SI candidate 60904db14a814b218d12] {accrualBlockNumber, borrowIndex}
 writer root       -> contracts/test/MockVBNB.sol::MockVBNB.liquidateBorrow(address,VToken)
 writer effect     -> contracts/Tokens/VTokens/VToken.sol:462
 written member    -> ('SV', 'contracts/Tokens/VTokens/VTokenInterfaces.sol', 'VTokenStorage.accrualBlockNumber')
 potentially stale -> ('SV', 'contracts/Tokens/VTokens/VTokenInterfaces.sol', 'VTokenStorage.borrowIndex')
 reader witnesses  -> 4
 storage exposures -> 1
[MV-SI candidate 60a45767f5b0e9d6010d] {accrualBlockNumber, borrowIndex}
 writer root       -> contracts/test/MockVBNB.sol::MockVBNB.mint()
 writer effect     -> contracts/Tokens/VTokens/VToken.sol:463
 written member    -> ('SV', 'contracts/Tokens/VTokens/VTokenInterfaces.sol', 'VTokenStorage.borrowIndex')
 potentially stale -> ('SV', 'contracts/Tokens/VTokens/VTokenInterfaces.sol', 'VTokenStorage.accrualBlockNumber')
 reader witnesses  -> 17
 storage exposures -> 1
[MV-SI candidate 60ada46042786c036675] {accrualBlockNumber, borrowIndex}
 writer root       -> contracts/Tokens/VTokens/VBep20.sol::VBep20.redeem(uint256)
 writer effect     -> contracts/Tokens/VTokens/VToken.sol:462
 written member    -> ('SV', 'contracts/Tokens/VTokens/VTokenInterfaces.sol', 'VTokenStorage.accrualBlockNumber')
 potentially stale -> ('SV', 'contracts/Tokens/VTokens/VTokenInterfaces.sol', 'VTokenStorage.borrowIndex')
 reader witnesses  -> 75
 storage exposures -> 11
[MV-SI candidate 610b9c4601619872bc0a] {accrualBlockNumber, borrowIndex}
 writer root       -> contracts/Tokens/VTokens/VBep20.sol::VBep20.borrow(uint256)
 writer effect     -> contracts/Tokens/VTokens/VToken.sol:463
 written member    -> ('SV', 'contracts/Tokens/VTokens/VTokenInterfaces.sol', 'VTokenStorage.borrowIndex')
 potentially stale -> ('SV', 'contracts/Tokens/VTokens/VTokenInterfaces.sol', 'VTokenStorage.accrualBlockNumber')
 reader witnesses  -> 283
 storage exposures -> 11
[MV-SI candidate 6205a7e6dff99ad92f30] {accrualBlockNumber, borrowIndex}
 writer root       -> contracts/Lens/VenusLens.sol::VenusLens.getDailyXVS(address,address)
 writer effect     -> contracts/Tokens/VTokens/VToken.sol:463
 written member    -> ('SV', 'contracts/Tokens/VTokens/VTokenInterfaces.sol', 'VTokenStorage.borrowIndex')
 potentially stale -> ('SV', 'contracts/Tokens/VTokens/VTokenInterfaces.sol', 'VTokenStorage.accrualBlockNumber')
 reader witnesses  -> 7
 storage exposures -> 1
[MV-SI candidate 627d8a5b1f6c98128676] {venusBorrowState, venusBorrowerIndex[$arg0][$arg1]}
 writer root       -> contracts/test/ComptrollerHarness.sol::ComptrollerHarness.harnessAddVenusMarkets(address[])
 writer effect     -> contracts/Comptroller/Diamond/facets/XVSRewardsHelper.sol:46
 written member    -> ('SV', 'contracts/Comptroller/ComptrollerStorage.sol', 'ComptrollerV1Storage.venusBorrowState')
 potentially stale -> ('MS', 'contracts/Comptroller/ComptrollerStorage.sol', 'ComptrollerV1Storage.venusBorrowerIndex', '$arg0][$arg1')
 reader witnesses  -> 4
 storage exposures -> 1
[MV-SI candidate 653e61c6d612051ff6e4] {venusSupplierIndex[$arg0][$arg1], venusSupplyState}
 writer root       -> contracts/test/ComptrollerHarness.sol::ComptrollerHarness.setVenusSupplierIndex(address,address,uint256)
 writer effect     -> contracts/test/ComptrollerHarness.sol:81
 written member    -> ('MS', 'contracts/Comptroller/ComptrollerStorage.sol', 'ComptrollerV1Storage.venusSupplierIndex', '$arg0][$arg1')
 potentially stale -> ('SV', 'contracts/Comptroller/ComptrollerStorage.sol', 'ComptrollerV1Storage.venusSupplyState')
 reader witnesses  -> 13
 storage exposures -> 1
[MV-SI candidate 67205e6529804dd4a77f] {accountTokens[$arg0], initialExchangeRateMantissa}
 writer root       -> contracts/Tokens/VTokens/VToken.sol::VToken.seize(address,address,uint256)
 writer effect     -> contracts/Tokens/VTokens/VToken.sol:1356
 written member    -> ('MS', 'contracts/Tokens/VTokens/VTokenInterfaces.sol', 'VTokenStorage.accountTokens', '$arg0')
 potentially stale -> ('SV', 'contracts/Tokens/VTokens/VTokenInterfaces.sol', 'VTokenStorage.initialExchangeRateMantissa')
 reader witnesses  -> 87
 storage exposures -> 13
[MV-SI candidate 6b7b0163d30f4515c02f] {allowance, balanceOf, totalSupply}
 writer root       -> contracts/test/VAIHarness.sol::VAIScenario.harnessIncrementTotalSupply(uint256)
 writer effect     -> contracts/test/VAIHarness.sol:19
 written member    -> ('SV', 'contracts/Tokens/VAI/VAI.sol', 'VAI.totalSupply')
 potentially stale -> ('SV', 'contracts/Tokens/VAI/VAI.sol', 'VAI.allowance'), ('SV', 'contracts/Tokens/VAI/VAI.sol', 'VAI.balanceOf')
 reader witnesses  -> 34
 storage exposures -> 1
[MV-SI candidate 6c49001a47f673c61547] {venusSupplierIndex[$arg0][$arg1], venusSupplyState}
 writer root       -> contracts/Comptroller/Diamond/facets/PolicyFacet.sol::PolicyFacet.redeemAllowed(address,address,uint256)
 writer effect     -> contracts/Comptroller/Diamond/facets/XVSRewardsHelper.sol:64
 written member    -> ('SV', 'contracts/Comptroller/ComptrollerStorage.sol', 'ComptrollerV1Storage.venusSupplyState')
 potentially stale -> ('MS', 'contracts/Comptroller/ComptrollerStorage.sol', 'ComptrollerV1Storage.venusSupplierIndex', '$arg0][$arg1')
 reader witnesses  -> 26
 storage exposures -> 4
[MV-SI candidate 6f958836ecd011cd7b3a] {venusBorrowState, venusBorrowerIndex[$arg0][$arg1]}
 writer root       -> contracts/Comptroller/Diamond/facets/RewardFacet.sol::RewardFacet.claimVenus(address)
 writer effect     -> contracts/Comptroller/Diamond/facets/XVSRewardsHelper.sol:46
 written member    -> ('SV', 'contracts/Comptroller/ComptrollerStorage.sol', 'ComptrollerV1Storage.venusBorrowState')
 potentially stale -> ('MS', 'contracts/Comptroller/ComptrollerStorage.sol', 'ComptrollerV1Storage.venusBorrowerIndex', '$arg0][$arg1')
 reader witnesses  -> 8
 storage exposures -> 3
[MV-SI candidate 6f9db79d6f7b76241f97] {venusBorrowState, venusBorrowerIndex[$arg0][$arg1]}
 writer root       -> contracts/Comptroller/Diamond/facets/PolicyFacet.sol::PolicyFacet._setVenusSpeeds(VToken[],uint256[],uint256[])
 writer effect     -> contracts/Comptroller/Diamond/facets/XVSRewardsHelper.sol:46
 written member    -> ('SV', 'contracts/Comptroller/ComptrollerStorage.sol', 'ComptrollerV1Storage.venusBorrowState')
 potentially stale -> ('MS', 'contracts/Comptroller/ComptrollerStorage.sol', 'ComptrollerV1Storage.venusBorrowerIndex', '$arg0][$arg1')
 reader witnesses  -> 10
 storage exposures -> 4
[MV-SI candidate 708280ba1701eb75b6f5] {accrualBlockNumber, borrowIndex}
 writer root       -> contracts/Tokens/VTokens/VToken.sol::VToken._setReserveFactor(uint256)
 writer effect     -> contracts/Tokens/VTokens/VToken.sol:463
 written member    -> ('SV', 'contracts/Tokens/VTokens/VTokenInterfaces.sol', 'VTokenStorage.borrowIndex')
 potentially stale -> ('SV', 'contracts/Tokens/VTokens/VTokenInterfaces.sol', 'VTokenStorage.accrualBlockNumber')
 reader witnesses  -> 328
 storage exposures -> 14
[MV-SI candidate 710877d1ea2e6c0dfde6] {venusSupplierIndex[$arg0][$arg1], venusSupplyState}
 writer root       -> contracts/test/ComptrollerHarness.sol::ComptrollerHarness.harnessRefreshVenusSpeeds()
 writer effect     -> contracts/Comptroller/Diamond/facets/XVSRewardsHelper.sol:67
 written member    -> ('SV', 'contracts/Comptroller/ComptrollerStorage.sol', 'ComptrollerV1Storage.venusSupplyState')
 potentially stale -> ('MS', 'contracts/Comptroller/ComptrollerStorage.sol', 'ComptrollerV1Storage.venusSupplierIndex', '$arg0][$arg1')
 reader witnesses  -> 16
 storage exposures -> 1
[MV-SI candidate 71452c2025c9a8c7b7fd] {accountTokens[$arg0], initialExchangeRateMantissa}
 writer root       -> contracts/test/EvilXToken.sol::EvilXToken.harnessRedeemFresh(address,uint256,uint256)
 writer effect     -> contracts/Tokens/VTokens/VToken.sol:916
 written member    -> ('MS', 'contracts/Tokens/VTokens/VTokenInterfaces.sol', 'VTokenStorage.accountTokens', '$arg0')
 potentially stale -> ('SV', 'contracts/Tokens/VTokens/VTokenInterfaces.sol', 'VTokenStorage.initialExchangeRateMantissa')
 reader witnesses  -> 3
 storage exposures -> 1
[MV-SI candidate 718191732d661d4991b7] {venusBorrowState, venusBorrowerIndex[$arg0][$arg1]}
 writer root       -> contracts/Comptroller/Diamond/facets/PolicyFacet.sol::PolicyFacet._setVenusSpeeds(VToken[],uint256[],uint256[])
 writer effect     -> contracts/Comptroller/Diamond/facets/XVSRewardsHelper.sol:43
 written member    -> ('SV', 'contracts/Comptroller/ComptrollerStorage.sol', 'ComptrollerV1Storage.venusBorrowState')
 potentially stale -> ('MS', 'contracts/Comptroller/ComptrollerStorage.sol', 'ComptrollerV1Storage.venusBorrowerIndex', '$arg0][$arg1')
 reader witnesses  -> 10
 storage exposures -> 4
[MV-SI candidate 71a698a04ba7d98f4e0b] {_facetFunctionSelectors, _selectorToFacetAndPosition}
 writer root       -> contracts/Comptroller/Diamond/Diamond.sol::Diamond.diamondCut(IDiamondCut.FacetCut[])
 writer effect     -> contracts/Comptroller/Diamond/Diamond.sol:230
 written member    -> ('SV', 'contracts/Comptroller/ComptrollerStorage.sol', 'ComptrollerV13Storage._facetFunctionSelectors')
 potentially stale -> ('SV', 'contracts/Comptroller/ComptrollerStorage.sol', 'ComptrollerV13Storage._selectorToFacetAndPosition')
 reader witnesses  -> 28
 storage exposures -> 2
[MV-SI candidate 74b0d36b51bd7b6c0215] {venusSupplierIndex[$arg0][$arg1], venusSupplyState}
 writer root       -> contracts/Comptroller/Diamond/facets/PolicyFacet.sol::PolicyFacet.mintAllowed(address,address,uint256)
 writer effect     -> contracts/Comptroller/Diamond/facets/XVSRewardsHelper.sol:64
 written member    -> ('SV', 'contracts/Comptroller/ComptrollerStorage.sol', 'ComptrollerV1Storage.venusSupplyState')
 potentially stale -> ('MS', 'contracts/Comptroller/ComptrollerStorage.sol', 'ComptrollerV1Storage.venusSupplierIndex', '$arg0][$arg1')
 reader witnesses  -> 26
 storage exposures -> 4
[MV-SI candidate 758658f2d5b0c3a8f840] {venusSupplierIndex[$arg0][$arg1], venusSupplyState}
 writer root       -> contracts/Comptroller/Diamond/facets/RewardFacet.sol::RewardFacet.claimVenus(address,VToken[])
 writer effect     -> contracts/Comptroller/Diamond/facets/XVSRewardsHelper.sol:65
 written member    -> ('SV', 'contracts/Comptroller/ComptrollerStorage.sol', 'ComptrollerV1Storage.venusSupplyState')
 potentially stale -> ('MS', 'contracts/Comptroller/ComptrollerStorage.sol', 'ComptrollerV1Storage.venusSupplierIndex', '$arg0][$arg1')
 reader witnesses  -> 20
 storage exposures -> 3
[MV-SI candidate 7586723926a13de54b0f] {accountTokens[$arg0], initialExchangeRateMantissa}
 writer root       -> contracts/test/VBep20Harness.sol::VBep20Harness.harnessMintFresh(address,uint256)
 writer effect     -> contracts/Tokens/VTokens/VToken.sol:686
 written member    -> ('MS', 'contracts/Tokens/VTokens/VTokenInterfaces.sol', 'VTokenStorage.accountTokens', '$arg0')
 potentially stale -> ('SV', 'contracts/Tokens/VTokens/VTokenInterfaces.sol', 'VTokenStorage.initialExchangeRateMantissa')
 reader witnesses  -> 3
 storage exposures -> 1
[MV-SI candidate 76698ca02e43b4af7ab5] {allowance, balanceOf, totalSupply}
 writer root       -> contracts/test/VAIControllerHarness.sol::VAIControllerHarness.harnessLiquidateVAIFresh(address,address,uint256,VToken)
 writer effect     -> contracts/Tokens/VAI/VAI.sol:110
 written member    -> ('SV', 'contracts/Tokens/VAI/VAI.sol', 'VAI.totalSupply')
 potentially stale -> ('SV', 'contracts/Tokens/VAI/VAI.sol', 'VAI.allowance'), ('SV', 'contracts/Tokens/VAI/VAI.sol', 'VAI.balanceOf')
 reader witnesses  -> 94
 storage exposures -> 1
[MV-SI candidate 768844286f0b886c261e] {allowance, balanceOf, totalSupply}
 writer root       -> contracts/Tokens/VAI/VAIController.sol::VAIController.mintVAI(uint256)
 writer effect     -> contracts/Tokens/VAI/VAI.sol:99
 written member    -> ('SV', 'contracts/Tokens/VAI/VAI.sol', 'VAI.totalSupply')
 potentially stale -> ('SV', 'contracts/Tokens/VAI/VAI.sol', 'VAI.allowance'), ('SV', 'contracts/Tokens/VAI/VAI.sol', 'VAI.balanceOf')
 reader witnesses  -> 376
 storage exposures -> 1
[MV-SI candidate 779e909628a84297f352] {_facetFunctionSelectors, _selectorToFacetAndPosition}
 writer root       -> contracts/Comptroller/Diamond/Diamond.sol::Diamond.diamondCut(IDiamondCut.FacetCut[])
 writer effect     -> contracts/Comptroller/Diamond/Diamond.sol:146
 written member    -> ('SV', 'contracts/Comptroller/ComptrollerStorage.sol', 'ComptrollerV13Storage._facetFunctionSelectors')
 potentially stale -> ('SV', 'contracts/Comptroller/ComptrollerStorage.sol', 'ComptrollerV13Storage._selectorToFacetAndPosition')
 reader witnesses  -> 14
 storage exposures -> 2
[MV-SI candidate 781d34c79f27abe5a741] {_facetFunctionSelectors, _selectorToFacetAndPosition}
 writer root       -> contracts/Comptroller/Diamond/Diamond.sol::Diamond.diamondCut(IDiamondCut.FacetCut[])
 writer effect     -> contracts/Comptroller/Diamond/Diamond.sol:233
 written member    -> ('SV', 'contracts/Comptroller/ComptrollerStorage.sol', 'ComptrollerV13Storage._facetFunctionSelectors')
 potentially stale -> ('SV', 'contracts/Comptroller/ComptrollerStorage.sol', 'ComptrollerV13Storage._selectorToFacetAndPosition')
 reader witnesses  -> 28
 storage exposures -> 2
[MV-SI candidate 78f3b849cc1eeba1e44a] {accrualBlockNumber, borrowIndex}
 writer root       -> contracts/Tokens/VTokens/VBep20.sol::VBep20.liquidateBorrow(address,uint256,VTokenInterface)
 writer effect     -> contracts/Tokens/VTokens/VToken.sol:462
 written member    -> ('SV', 'contracts/Tokens/VTokens/VTokenInterfaces.sol', 'VTokenStorage.accrualBlockNumber')
 potentially stale -> ('SV', 'contracts/Tokens/VTokens/VTokenInterfaces.sol', 'VTokenStorage.borrowIndex')
 reader witnesses  -> 75
 storage exposures -> 11
[MV-SI candidate 796550d041d3dc21f514] {venusBorrowState, venusBorrowerIndex[$arg0][$arg1]}
 writer root       -> contracts/Comptroller/Diamond/facets/PolicyFacet.sol::PolicyFacet.borrowAllowed(address,address,uint256)
 writer effect     -> contracts/Comptroller/Diamond/facets/XVSRewardsHelper.sol:112
 written member    -> ('MS', 'contracts/Comptroller/ComptrollerStorage.sol', 'ComptrollerV1Storage.venusBorrowerIndex', '$arg0][$arg1')
 potentially stale -> ('SV', 'contracts/Comptroller/ComptrollerStorage.sol', 'ComptrollerV1Storage.venusBorrowState')
 reader witnesses  -> 25
 storage exposures -> 4
[MV-SI candidate 79dd38c610cec218702f] {venusSupplierIndex[$arg0][$arg1], venusSupplyState}
 writer root       -> contracts/Comptroller/Diamond/facets/RewardFacet.sol::RewardFacet.claimVenus(address[],VToken[],bool,bool,bool)
 writer effect     -> contracts/Comptroller/Diamond/facets/XVSRewardsHelper.sol:65
 written member    -> ('SV', 'contracts/Comptroller/ComptrollerStorage.sol', 'ComptrollerV1Storage.venusSupplyState')
 potentially stale -> ('MS', 'contracts/Comptroller/ComptrollerStorage.sol', 'ComptrollerV1Storage.venusSupplierIndex', '$arg0][$arg1')
 reader witnesses  -> 20
 storage exposures -> 3
[MV-SI candidate 7a22a7edb8e96e28c3c5] {accountTokens[$arg0], initialExchangeRateMantissa}
 writer root       -> contracts/test/VBep20Harness.sol::VBep20Harness.harnessMintBehalfFresh(address,address,uint256)
 writer effect     -> contracts/Tokens/VTokens/VToken.sol:781
 written member    -> ('MS', 'contracts/Tokens/VTokens/VTokenInterfaces.sol', 'VTokenStorage.accountTokens', '$arg0')
 potentially stale -> ('SV', 'contracts/Tokens/VTokens/VTokenInterfaces.sol', 'VTokenStorage.initialExchangeRateMantissa')
 reader witnesses  -> 3
 storage exposures -> 1
[MV-SI candidate 7ae82e662c1fb807adaa] {closeFactorMantissa, liquidationIncentiveMantissa, markets, vaiMintRate, venusVAIVaultRate}
 writer root       -> contracts/Comptroller/Diamond/facets/SetterFacet.sol::SetterFacet._setVenusVAIVaultRate(uint256)
 writer effect     -> contracts/Comptroller/Diamond/facets/SetterFacet.sol:495
 written member    -> ('SV', 'contracts/Comptroller/ComptrollerStorage.sol', 'ComptrollerV2Storage.venusVAIVaultRate')
 potentially stale -> ('SV', 'contracts/Comptroller/ComptrollerStorage.sol', 'ComptrollerV1Storage.closeFactorMantissa'), ('SV', 'contracts/Comptroller/ComptrollerStorage.sol', 'ComptrollerV1Storage.liquidationIncentiveMantissa'), ('SV', 'contracts/Comptroller/ComptrollerStorage.sol', 'ComptrollerV1Storage.markets'), ('SV', 'contracts/Comptroller/ComptrollerStorage.sol', 'ComptrollerV1Storage.vaiMintRate')
 reader witnesses  -> 3
 storage exposures -> 3
[MV-SI candidate 7d86bbf376c3988ec7f3] {venusSupplierIndex[$arg0][$arg1], venusSupplyState}
 writer root       -> contracts/Comptroller/Diamond/facets/PolicyFacet.sol::PolicyFacet.transferAllowed(address,address,address,uint256)
 writer effect     -> contracts/Comptroller/Diamond/facets/XVSRewardsHelper.sol:64
 written member    -> ('SV', 'contracts/Comptroller/ComptrollerStorage.sol', 'ComptrollerV1Storage.venusSupplyState')
 potentially stale -> ('MS', 'contracts/Comptroller/ComptrollerStorage.sol', 'ComptrollerV1Storage.venusSupplierIndex', '$arg0][$arg1')
 reader witnesses  -> 26
 storage exposures -> 4
[MV-SI candidate 80f6313bef255d580787] {accrualBlockNumber, borrowIndex}
 writer root       -> contracts/test/MockVBNB.sol::MockVBNB.fallback()
 writer effect     -> contracts/Tokens/VTokens/VToken.sol:463
 written member    -> ('SV', 'contracts/Tokens/VTokens/VTokenInterfaces.sol', 'VTokenStorage.borrowIndex')
 potentially stale -> ('SV', 'contracts/Tokens/VTokens/VTokenInterfaces.sol', 'VTokenStorage.accrualBlockNumber')
 reader witnesses  -> 17
 storage exposures -> 1
[MV-SI candidate 80f998bd67f31a54457a] {venusSupplierIndex[$arg0][$arg1], venusSupplyState}
 writer root       -> contracts/Comptroller/Diamond/facets/RewardFacet.sol::RewardFacet.claimVenus(address)
 writer effect     -> contracts/Comptroller/Diamond/facets/XVSRewardsHelper.sol:65
 written member    -> ('SV', 'contracts/Comptroller/ComptrollerStorage.sol', 'ComptrollerV1Storage.venusSupplyState')
 potentially stale -> ('MS', 'contracts/Comptroller/ComptrollerStorage.sol', 'ComptrollerV1Storage.venusSupplierIndex', '$arg0][$arg1')
 reader witnesses  -> 20
 storage exposures -> 3
[MV-SI candidate 84cf4c8dfa515717b398] {venusBorrowState, venusBorrowerIndex[$arg0][$arg1]}
 writer root       -> contracts/Comptroller/Diamond/facets/RewardFacet.sol::RewardFacet.claimVenus(address,VToken[])
 writer effect     -> contracts/Comptroller/Diamond/facets/XVSRewardsHelper.sol:44
 written member    -> ('SV', 'contracts/Comptroller/ComptrollerStorage.sol', 'ComptrollerV1Storage.venusBorrowState')
 potentially stale -> ('MS', 'contracts/Comptroller/ComptrollerStorage.sol', 'ComptrollerV1Storage.venusBorrowerIndex', '$arg0][$arg1')
 reader witnesses  -> 8
 storage exposures -> 3
[MV-SI candidate 84dc8c95160cd3f32877] {venusBorrowState, venusBorrowerIndex[$arg0][$arg1]}
 writer root       -> contracts/test/ComptrollerHarness.sol::ComptrollerHarness.harnessAddVenusMarkets(address[])
 writer effect     -> contracts/Comptroller/Diamond/facets/XVSRewardsHelper.sol:43
 written member    -> ('SV', 'contracts/Comptroller/ComptrollerStorage.sol', 'ComptrollerV1Storage.venusBorrowState')
 potentially stale -> ('MS', 'contracts/Comptroller/ComptrollerStorage.sol', 'ComptrollerV1Storage.venusBorrowerIndex', '$arg0][$arg1')
 reader witnesses  -> 4
 storage exposures -> 1
[MV-SI candidate 863c08bee825ad50788c] {balanceOf, totalSupply}
 writer root       -> contracts/test/VAIHarness.sol::VAIScenario.harnessSetTotalSupply(uint256)
 writer effect     -> contracts/test/VAIHarness.sol:15
 written member    -> ('SV', 'contracts/Tokens/VAI/VAI.sol', 'VAI.totalSupply')
 potentially stale -> ('SV', 'contracts/Tokens/VAI/VAI.sol', 'VAI.balanceOf')
 reader witnesses  -> 22
 storage exposures -> 1
[MV-SI candidate 8764d6c43823e17200a4] {accountTokens[$arg0], initialExchangeRateMantissa}
 writer root       -> contracts/test/VBep20Harness.sol::VBep20DelegateHarness.harnessSetBalance(address,uint256)
 writer effect     -> contracts/test/VBep20Harness.sol:315
 written member    -> ('MS', 'contracts/Tokens/VTokens/VTokenInterfaces.sol', 'VTokenStorage.accountTokens', '$arg0')
 potentially stale -> ('SV', 'contracts/Tokens/VTokens/VTokenInterfaces.sol', 'VTokenStorage.initialExchangeRateMantissa')
 reader witnesses  -> 3
 storage exposures -> 1
[MV-SI candidate 8adfc6a952a8844eecbe] {accrualBlockNumber, borrowIndex}
 writer root       -> contracts/test/VBep20MockDelegate.sol::VBep20MockDelegate.repayBorrowBehalf(address,uint256)
 writer effect     -> contracts/Tokens/VTokens/VToken.sol:463
 written member    -> ('SV', 'contracts/Tokens/VTokens/VTokenInterfaces.sol', 'VTokenStorage.borrowIndex')
 potentially stale -> ('SV', 'contracts/Tokens/VTokens/VTokenInterfaces.sol', 'VTokenStorage.accrualBlockNumber')
 reader witnesses  -> 21
 storage exposures -> 1
[MV-SI candidate 8c76da5f4fd4ac00ff23] {venusSupplierIndex[$arg0][$arg1], venusSupplyState}
 writer root       -> contracts/Comptroller/Diamond/facets/PolicyFacet.sol::PolicyFacet.mintAllowed(address,address,uint256)
 writer effect     -> contracts/Comptroller/Diamond/facets/XVSRewardsHelper.sol:83
 written member    -> ('MS', 'contracts/Comptroller/ComptrollerStorage.sol', 'ComptrollerV1Storage.venusSupplierIndex', '$arg0][$arg1')
 potentially stale -> ('SV', 'contracts/Comptroller/ComptrollerStorage.sol', 'ComptrollerV1Storage.venusSupplyState')
 reader witnesses  -> 41
 storage exposures -> 4
[MV-SI candidate 8cbcfcf26a141d97c9b3] {_facetAddresses, _facetFunctionSelectors}
 writer root       -> contracts/Comptroller/Diamond/Diamond.sol::Diamond.diamondCut(IDiamondCut.FacetCut[])
 writer effect     -> contracts/Comptroller/Diamond/Diamond.sol:225
 written member    -> ('SV', 'contracts/Comptroller/ComptrollerStorage.sol', 'ComptrollerV13Storage._facetAddresses')
 potentially stale -> ('SV', 'contracts/Comptroller/ComptrollerStorage.sol', 'ComptrollerV13Storage._facetFunctionSelectors')
 reader witnesses  -> 52
 storage exposures -> 2
[MV-SI candidate 8dfe76c7f88da46867cd] {venusBorrowState, venusBorrowerIndex[$arg0][$arg1]}
 writer root       -> contracts/Comptroller/Diamond/facets/RewardFacet.sol::RewardFacet.claimVenus(address[],VToken[],bool,bool,bool)
 writer effect     -> contracts/Comptroller/Diamond/facets/XVSRewardsHelper.sol:44
 written member    -> ('SV', 'contracts/Comptroller/ComptrollerStorage.sol', 'ComptrollerV1Storage.venusBorrowState')
 potentially stale -> ('MS', 'contracts/Comptroller/ComptrollerStorage.sol', 'ComptrollerV1Storage.venusBorrowerIndex', '$arg0][$arg1')
 reader witnesses  -> 8
 storage exposures -> 3
[MV-SI candidate 8ed4f199d3b063ffee22] {venusBorrowState, venusBorrowerIndex[$arg0][$arg1]}
 writer root       -> contracts/Comptroller/Diamond/facets/RewardFacet.sol::RewardFacet.claimVenusAsCollateral(address)
 writer effect     -> contracts/Comptroller/Diamond/facets/XVSRewardsHelper.sol:44
 written member    -> ('SV', 'contracts/Comptroller/ComptrollerStorage.sol', 'ComptrollerV1Storage.venusBorrowState')
 potentially stale -> ('MS', 'contracts/Comptroller/ComptrollerStorage.sol', 'ComptrollerV1Storage.venusBorrowerIndex', '$arg0][$arg1')
 reader witnesses  -> 8
 storage exposures -> 3
[MV-SI candidate 8f29fbab27c1400e57cc] {venusBorrowState, venusBorrowerIndex[$arg0][$arg1]}
 writer root       -> contracts/test/ComptrollerHarness.sol::ComptrollerHarness.setVenusBorrowState(address,uint224,uint32)
 writer effect     -> contracts/test/ComptrollerHarness.sol:20
 written member    -> ('SV', 'contracts/Comptroller/ComptrollerStorage.sol', 'ComptrollerV1Storage.venusBorrowState')
 potentially stale -> ('MS', 'contracts/Comptroller/ComptrollerStorage.sol', 'ComptrollerV1Storage.venusBorrowerIndex', '$arg0][$arg1')
 reader witnesses  -> 4
 storage exposures -> 1
[MV-SI candidate 8f7859ff009cdbf2b2c0] {venusBorrowState, venusBorrowerIndex[$arg0][$arg1]}
 writer root       -> contracts/Comptroller/Diamond/facets/RewardFacet.sol::RewardFacet.claimVenus(address[],VToken[],bool,bool)
 writer effect     -> contracts/Comptroller/Diamond/facets/XVSRewardsHelper.sol:43
 written member    -> ('SV', 'contracts/Comptroller/ComptrollerStorage.sol', 'ComptrollerV1Storage.venusBorrowState')
 potentially stale -> ('MS', 'contracts/Comptroller/ComptrollerStorage.sol', 'ComptrollerV1Storage.venusBorrowerIndex', '$arg0][$arg1')
 reader witnesses  -> 8
 storage exposures -> 3
[MV-SI candidate 8fc625baeef0343442f5] {accrualBlockNumber, borrowIndex}
 writer root       -> contracts/test/MockVBNB.sol::MockVBNB.repayBorrow()
 writer effect     -> contracts/Tokens/VTokens/VToken.sol:463
 written member    -> ('SV', 'contracts/Tokens/VTokens/VTokenInterfaces.sol', 'VTokenStorage.borrowIndex')
 potentially stale -> ('SV', 'contracts/Tokens/VTokens/VTokenInterfaces.sol', 'VTokenStorage.accrualBlockNumber')
 reader witnesses  -> 17
 storage exposures -> 1
[MV-SI candidate 91d427277dfa8ee8959b] {venusSupplierIndex[$arg0][$arg1], venusSupplyState}
 writer root       -> contracts/Comptroller/Diamond/facets/RewardFacet.sol::RewardFacet.claimVenus(address[],VToken[],bool,bool,bool)
 writer effect     -> contracts/Comptroller/Diamond/facets/XVSRewardsHelper.sol:67
 written member    -> ('SV', 'contracts/Comptroller/ComptrollerStorage.sol', 'ComptrollerV1Storage.venusSupplyState')
 potentially stale -> ('MS', 'contracts/Comptroller/ComptrollerStorage.sol', 'ComptrollerV1Storage.venusSupplierIndex', '$arg0][$arg1')
 reader witnesses  -> 20
 storage exposures -> 3
[MV-SI candidate 91d88a97e9f8b57b3239] {accrualBlockNumber, borrowIndex}
 writer root       -> contracts/test/VBep20MockDelegate.sol::VBep20MockDelegate.mint(uint256)
 writer effect     -> contracts/Tokens/VTokens/VToken.sol:462
 written member    -> ('SV', 'contracts/Tokens/VTokens/VTokenInterfaces.sol', 'VTokenStorage.accrualBlockNumber')
 potentially stale -> ('SV', 'contracts/Tokens/VTokens/VTokenInterfaces.sol', 'VTokenStorage.borrowIndex')
 reader witnesses  -> 5
 storage exposures -> 1
[MV-SI candidate 92b1a519fb0d99a080f5] {admin, treasuryGuardian}
 writer root       -> contracts/Tokens/VAI/VAIController.sol::VAIController._setTreasuryData(address,address,uint256)
 writer effect     -> contracts/Tokens/VAI/VAIController.sol:522
 written member    -> ('SV', 'contracts/Tokens/VAI/VAIControllerStorage.sol', 'VAIControllerStorageG2.treasuryGuardian')
 potentially stale -> ('SV', 'contracts/Tokens/VAI/VAIControllerStorage.sol', 'VAIUnitrollerAdminStorage.admin')
 reader witnesses  -> 10
 storage exposures -> 2
[MV-SI candidate 93d16ed88a8456cfae12] {accountTokens[$arg0], initialExchangeRateMantissa}
 writer root       -> contracts/Tokens/VTokens/VBep20.sol::VBep20.liquidateBorrow(address,uint256,VTokenInterface)
 writer effect     -> contracts/Tokens/VTokens/VToken.sol:1356
 written member    -> ('MS', 'contracts/Tokens/VTokens/VTokenInterfaces.sol', 'VTokenStorage.accountTokens', '$arg0')
 potentially stale -> ('SV', 'contracts/Tokens/VTokens/VTokenInterfaces.sol', 'VTokenStorage.initialExchangeRateMantissa')
 reader witnesses  -> 33
 storage exposures -> 11
[MV-SI candidate 94f96dbf1397a82feb33] {accrualBlockNumber, borrowIndex}
 writer root       -> contracts/test/MockVBNB.sol::MockVBNB.repayBorrow()
 writer effect     -> contracts/Tokens/VTokens/VToken.sol:462
 written member    -> ('SV', 'contracts/Tokens/VTokens/VTokenInterfaces.sol', 'VTokenStorage.accrualBlockNumber')
 potentially stale -> ('SV', 'contracts/Tokens/VTokens/VTokenInterfaces.sol', 'VTokenStorage.borrowIndex')
 reader witnesses  -> 4
 storage exposures -> 1
[MV-SI candidate 95325c07da56ac598a56] {venusBorrowState, venusBorrowerIndex[$arg0][$arg1]}
 writer root       -> contracts/test/ComptrollerHarness.sol::ComptrollerHarness.harnessRefreshVenusSpeeds()
 writer effect     -> contracts/Comptroller/Diamond/facets/XVSRewardsHelper.sol:43
 written member    -> ('SV', 'contracts/Comptroller/ComptrollerStorage.sol', 'ComptrollerV1Storage.venusBorrowState')
 potentially stale -> ('MS', 'contracts/Comptroller/ComptrollerStorage.sol', 'ComptrollerV1Storage.venusBorrowerIndex', '$arg0][$arg1')
 reader witnesses  -> 8
 storage exposures -> 1
[MV-SI candidate 95b20bf7168d64919f54] {allowance, balanceOf, totalSupply}
 writer root       -> contracts/Tokens/VAI/VAIController.sol::VAIController.liquidateVAI(address,uint256,VTokenInterface)
 writer effect     -> contracts/Tokens/VAI/VAI.sol:110
 written member    -> ('SV', 'contracts/Tokens/VAI/VAI.sol', 'VAI.totalSupply')
 potentially stale -> ('SV', 'contracts/Tokens/VAI/VAI.sol', 'VAI.allowance'), ('SV', 'contracts/Tokens/VAI/VAI.sol', 'VAI.balanceOf')
 reader witnesses  -> 188
 storage exposures -> 1
[MV-SI candidate 96a27213f8aa2d92612b] {venusSupplierIndex[$arg0][$arg1], venusSupplyState}
 writer root       -> contracts/Comptroller/Diamond/facets/PolicyFacet.sol::PolicyFacet.redeemAllowed(address,address,uint256)
 writer effect     -> contracts/Comptroller/Diamond/facets/XVSRewardsHelper.sol:83
 written member    -> ('MS', 'contracts/Comptroller/ComptrollerStorage.sol', 'ComptrollerV1Storage.venusSupplierIndex', '$arg0][$arg1')
 potentially stale -> ('SV', 'contracts/Comptroller/ComptrollerStorage.sol', 'ComptrollerV1Storage.venusSupplyState')
 reader witnesses  -> 41
 storage exposures -> 4
[MV-SI candidate 974a05ec0e7111017545] {accountTokens[$arg0], initialExchangeRateMantissa}
 writer root       -> contracts/test/VBep20Harness.sol::VBep20DelegateHarness.harnessLiquidateBorrowFresh(address,address,uint256,VToken)
 writer effect     -> contracts/Tokens/VTokens/VToken.sol:1357
 written member    -> ('MS', 'contracts/Tokens/VTokens/VTokenInterfaces.sol', 'VTokenStorage.accountTokens', '$arg0')
 potentially stale -> ('SV', 'contracts/Tokens/VTokens/VTokenInterfaces.sol', 'VTokenStorage.initialExchangeRateMantissa')
 reader witnesses  -> 3
 storage exposures -> 1
[MV-SI candidate 99f4134c719a762b2d12] {accrualBlockNumber, borrowIndex}
 writer root       -> contracts/Lens/VenusLens.sol::VenusLens.vTokenMetadataAll(VToken[])
 writer effect     -> contracts/Tokens/VTokens/VToken.sol:463
 written member    -> ('SV', 'contracts/Tokens/VTokens/VTokenInterfaces.sol', 'VTokenStorage.borrowIndex')
 potentially stale -> ('SV', 'contracts/Tokens/VTokens/VTokenInterfaces.sol', 'VTokenStorage.accrualBlockNumber')
 reader witnesses  -> 7
 storage exposures -> 1
[MV-SI candidate 9a902f0266fb8aaedff7] {accountTokens[$arg0], initialExchangeRateMantissa}
 writer root       -> contracts/test/VBep20Harness.sol::VBep20Harness.harnessLiquidateBorrowFresh(address,address,uint256,VToken)
 writer effect     -> contracts/Tokens/VTokens/VToken.sol:1356
 written member    -> ('MS', 'contracts/Tokens/VTokens/VTokenInterfaces.sol', 'VTokenStorage.accountTokens', '$arg0')
 potentially stale -> ('SV', 'contracts/Tokens/VTokens/VTokenInterfaces.sol', 'VTokenStorage.initialExchangeRateMantissa')
 reader witnesses  -> 3
 storage exposures -> 1
[MV-SI candidate 9af428b361fe02c6f90a] {venusSupplierIndex[$arg0][$arg1], venusSupplyState}
 writer root       -> contracts/Comptroller/Diamond/facets/PolicyFacet.sol::PolicyFacet.mintAllowed(address,address,uint256)
 writer effect     -> contracts/Comptroller/Diamond/facets/XVSRewardsHelper.sol:65
 written member    -> ('SV', 'contracts/Comptroller/ComptrollerStorage.sol', 'ComptrollerV1Storage.venusSupplyState')
 potentially stale -> ('MS', 'contracts/Comptroller/ComptrollerStorage.sol', 'ComptrollerV1Storage.venusSupplierIndex', '$arg0][$arg1')
 reader witnesses  -> 26
 storage exposures -> 4
[MV-SI candidate 9b844f33fca47b2f490e] {accrualBlockNumber, borrowIndex}
 writer root       -> contracts/Tokens/VTokens/VBep20.sol::VBep20.repayBorrowBehalf(address,uint256)
 writer effect     -> contracts/Tokens/VTokens/VToken.sol:463
 written member    -> ('SV', 'contracts/Tokens/VTokens/VTokenInterfaces.sol', 'VTokenStorage.borrowIndex')
 potentially stale -> ('SV', 'contracts/Tokens/VTokens/VTokenInterfaces.sol', 'VTokenStorage.accrualBlockNumber')
 reader witnesses  -> 283
 storage exposures -> 11
[MV-SI candidate 9bc0307e6a9161eaabc4] {accountTokens[$arg0], initialExchangeRateMantissa}
 writer root       -> contracts/Tokens/VTokens/VBep20.sol::VBep20.redeem(uint256)
 writer effect     -> contracts/Tokens/VTokens/VToken.sol:916
 written member    -> ('MS', 'contracts/Tokens/VTokens/VTokenInterfaces.sol', 'VTokenStorage.accountTokens', '$arg0')
 potentially stale -> ('SV', 'contracts/Tokens/VTokens/VTokenInterfaces.sol', 'VTokenStorage.initialExchangeRateMantissa')
 reader witnesses  -> 33
 storage exposures -> 11
[MV-SI candidate 9c0694ee65d3be12ae5c] {accrualBlockNumber, borrowIndex}
 writer root       -> contracts/Tokens/VTokens/VBep20.sol::VBep20.borrowBehalf(address,uint256)
 writer effect     -> contracts/Tokens/VTokens/VToken.sol:462
 written member    -> ('SV', 'contracts/Tokens/VTokens/VTokenInterfaces.sol', 'VTokenStorage.accrualBlockNumber')
 potentially stale -> ('SV', 'contracts/Tokens/VTokens/VTokenInterfaces.sol', 'VTokenStorage.borrowIndex')
 reader witnesses  -> 75
 storage exposures -> 11
[MV-SI candidate 9d23b01c42a4871d8d94] {accrualBlockNumber, borrowIndex}
 writer root       -> contracts/test/VBep20MockDelegate.sol::VBep20MockDelegate.mint(uint256)
 writer effect     -> contracts/Tokens/VTokens/VToken.sol:463
 written member    -> ('SV', 'contracts/Tokens/VTokens/VTokenInterfaces.sol', 'VTokenStorage.borrowIndex')
 potentially stale -> ('SV', 'contracts/Tokens/VTokens/VTokenInterfaces.sol', 'VTokenStorage.accrualBlockNumber')
 reader witnesses  -> 21
 storage exposures -> 1
[MV-SI candidate 9d5654b828809dc88766] {venusSupplierIndex[$arg0][$arg1], venusSupplyState}
 writer root       -> contracts/test/ComptrollerHarness.sol::ComptrollerHarness.harnessAddVenusMarkets(address[])
 writer effect     -> contracts/Comptroller/Diamond/facets/XVSRewardsHelper.sol:64
 written member    -> ('SV', 'contracts/Comptroller/ComptrollerStorage.sol', 'ComptrollerV1Storage.venusSupplyState')
 potentially stale -> ('MS', 'contracts/Comptroller/ComptrollerStorage.sol', 'ComptrollerV1Storage.venusSupplierIndex', '$arg0][$arg1')
 reader witnesses  -> 8
 storage exposures -> 1
[MV-SI candidate 9d7fd836286db988346c] {allMarkets, venusSpeeds[@local::contracts/test/ComptrollerHarness.sol::ComptrollerHarness.harnessRefreshVenusSpeeds()::TemporaryVariable::TMP_8027]}
 writer root       -> contracts/Comptroller/Diamond/facets/MarketFacet.sol::MarketFacet._supportMarket(VToken)
 writer effect     -> contracts/Comptroller/Diamond/facets/MarketFacet.sol:222
 written member    -> ('SV', 'contracts/Comptroller/ComptrollerStorage.sol', 'ComptrollerV1Storage.allMarkets')
 potentially stale -> ('MS', 'contracts/Comptroller/ComptrollerStorage.sol', 'ComptrollerV1Storage.venusSpeeds', '@local::contracts/test/ComptrollerHarness.sol::ComptrollerHarness.harnessRefreshVenusSpeeds()::TemporaryVariable::TMP_8027')
 reader witnesses  -> 1
 storage exposures -> 1
[MV-SI candidate 9e3e287fc787ef2d750a] {accrualBlockNumber, borrowIndex}
 writer root       -> contracts/test/VBep20MockDelegate.sol::VBep20MockDelegate.redeemUnderlying(uint256)
 writer effect     -> contracts/Tokens/VTokens/VToken.sol:462
 written member    -> ('SV', 'contracts/Tokens/VTokens/VTokenInterfaces.sol', 'VTokenStorage.accrualBlockNumber')
 potentially stale -> ('SV', 'contracts/Tokens/VTokens/VTokenInterfaces.sol', 'VTokenStorage.borrowIndex')
 reader witnesses  -> 5
 storage exposures -> 1
[MV-SI candidate 9f4866fcaeb734767ce7] {_facetFunctionSelectors, _selectorToFacetAndPosition}
 writer root       -> contracts/Comptroller/Diamond/Diamond.sol::Diamond.diamondCut(IDiamondCut.FacetCut[])
 writer effect     -> contracts/Comptroller/Diamond/Diamond.sol:123
 written member    -> ('SV', 'contracts/Comptroller/ComptrollerStorage.sol', 'ComptrollerV13Storage._facetFunctionSelectors')
 potentially stale -> ('SV', 'contracts/Comptroller/ComptrollerStorage.sol', 'ComptrollerV13Storage._selectorToFacetAndPosition')
 reader witnesses  -> 14
 storage exposures -> 2
[MV-SI candidate a1a5a9fdf7189a77fa70] {accountTokens[$arg0], initialExchangeRateMantissa}
 writer root       -> contracts/test/EvilXToken.sol::EvilXToken.harnessMintFresh(address,uint256)
 writer effect     -> contracts/Tokens/VTokens/VToken.sol:686
 written member    -> ('MS', 'contracts/Tokens/VTokens/VTokenInterfaces.sol', 'VTokenStorage.accountTokens', '$arg0')
 potentially stale -> ('SV', 'contracts/Tokens/VTokens/VTokenInterfaces.sol', 'VTokenStorage.initialExchangeRateMantissa')
 reader witnesses  -> 3
 storage exposures -> 1
[MV-SI candidate a253a7b714db33119318] {venusBorrowState, venusBorrowerIndex[$arg0][$arg1]}
 writer root       -> contracts/Comptroller/Diamond/facets/RewardFacet.sol::RewardFacet.claimVenus(address[],VToken[],bool,bool,bool)
 writer effect     -> contracts/Comptroller/Diamond/facets/XVSRewardsHelper.sol:46
 written member    -> ('SV', 'contracts/Comptroller/ComptrollerStorage.sol', 'ComptrollerV1Storage.venusBorrowState')
 potentially stale -> ('MS', 'contracts/Comptroller/ComptrollerStorage.sol', 'ComptrollerV1Storage.venusBorrowerIndex', '$arg0][$arg1')
 reader witnesses  -> 8
 storage exposures -> 3
[MV-SI candidate a2b5ef31dafb3798c485] {accountTokens[$arg0], initialExchangeRateMantissa}
 writer root       -> contracts/test/VBep20Harness.sol::VBep20Harness.harnessSetBalance(address,uint256)
 writer effect     -> contracts/test/VBep20Harness.sol:71
 written member    -> ('MS', 'contracts/Tokens/VTokens/VTokenInterfaces.sol', 'VTokenStorage.accountTokens', '$arg0')
 potentially stale -> ('SV', 'contracts/Tokens/VTokens/VTokenInterfaces.sol', 'VTokenStorage.initialExchangeRateMantissa')
 reader witnesses  -> 3
 storage exposures -> 1
[MV-SI candidate a376b2661d3cf0ffca33] {venusBorrowState, venusBorrowerIndex[$arg0][$arg1]}
 writer root       -> contracts/test/ComptrollerHarness.sol::ComptrollerHarness.setVenusBorrowState(address,uint224,uint32)
 writer effect     -> contracts/test/ComptrollerHarness.sol:21
 written member    -> ('SV', 'contracts/Comptroller/ComptrollerStorage.sol', 'ComptrollerV1Storage.venusBorrowState')
 potentially stale -> ('MS', 'contracts/Comptroller/ComptrollerStorage.sol', 'ComptrollerV1Storage.venusBorrowerIndex', '$arg0][$arg1')
 reader witnesses  -> 4
 storage exposures -> 1
[MV-SI candidate a3f31b925c77c269d5b3] {accrualBlockNumber, borrowIndex}
 writer root       -> contracts/test/MockVBNB.sol::MockVBNB.borrow(uint256)
 writer effect     -> contracts/Tokens/VTokens/VToken.sol:462
 written member    -> ('SV', 'contracts/Tokens/VTokens/VTokenInterfaces.sol', 'VTokenStorage.accrualBlockNumber')
 potentially stale -> ('SV', 'contracts/Tokens/VTokens/VTokenInterfaces.sol', 'VTokenStorage.borrowIndex')
 reader witnesses  -> 4
 storage exposures -> 1
[MV-SI candidate a5d6e5daf081877a8d51] {accrualBlockNumber, borrowIndex}
 writer root       -> contracts/Tokens/VTokens/VBep20.sol::VBep20.mintBehalf(address,uint256)
 writer effect     -> contracts/Tokens/VTokens/VToken.sol:463
 written member    -> ('SV', 'contracts/Tokens/VTokens/VTokenInterfaces.sol', 'VTokenStorage.borrowIndex')
 potentially stale -> ('SV', 'contracts/Tokens/VTokens/VTokenInterfaces.sol', 'VTokenStorage.accrualBlockNumber')
 reader witnesses  -> 283
 storage exposures -> 11
[MV-SI candidate a6a0bc583c754466ac45] {admin, owner}
 writer root       -> contracts/XVSVault/XVSStore.sol::XVSStore.setNewOwner(address)
 writer effect     -> contracts/XVSVault/XVSStore.sol:79
 written member    -> ('SV', 'contracts/XVSVault/XVSStore.sol', 'XVSStore.owner')
 potentially stale -> ('SV', 'contracts/XVSVault/XVSStore.sol', 'XVSStore.admin')
 reader witnesses  -> 3
 storage exposures -> 1
[MV-SI candidate a9467bb8974faa6df0a4] {accrualBlockNumber, borrowIndex}
 writer root       -> contracts/test/VBep20MockDelegate.sol::VBep20MockDelegate.repayBorrow(uint256)
 writer effect     -> contracts/Tokens/VTokens/VToken.sol:462
 written member    -> ('SV', 'contracts/Tokens/VTokens/VTokenInterfaces.sol', 'VTokenStorage.accrualBlockNumber')
 potentially stale -> ('SV', 'contracts/Tokens/VTokens/VTokenInterfaces.sol', 'VTokenStorage.borrowIndex')
 reader witnesses  -> 5
 storage exposures -> 1
[MV-SI candidate a9477cbd5eb19f08b197] {_facetFunctionSelectors, _selectorToFacetAndPosition}
 writer root       -> contracts/Comptroller/Diamond/Diamond.sol::Diamond.diamondCut(IDiamondCut.FacetCut[])
 writer effect     -> contracts/Comptroller/Diamond/Diamond.sol:185
 written member    -> ('SV', 'contracts/Comptroller/ComptrollerStorage.sol', 'ComptrollerV13Storage._facetFunctionSelectors')
 potentially stale -> ('SV', 'contracts/Comptroller/ComptrollerStorage.sol', 'ComptrollerV13Storage._selectorToFacetAndPosition')
 reader witnesses  -> 14
 storage exposures -> 2
[MV-SI candidate a9f7444f647fad70613a] {accrualBlockNumber, borrowIndex}
 writer root       -> contracts/Tokens/VTokens/VToken.sol::VToken.borrowBalanceCurrent(address)
 writer effect     -> contracts/Tokens/VTokens/VToken.sol:463
 written member    -> ('SV', 'contracts/Tokens/VTokens/VTokenInterfaces.sol', 'VTokenStorage.borrowIndex')
 potentially stale -> ('SV', 'contracts/Tokens/VTokens/VTokenInterfaces.sol', 'VTokenStorage.accrualBlockNumber')
 reader witnesses  -> 328
 storage exposures -> 14
[MV-SI candidate aa1281605e4a2cc46cde] {accountTokens[$arg0], initialExchangeRateMantissa}
 writer root       -> contracts/test/VBep20Harness.sol::VBep20DelegateHarness.harnessMintFresh(address,uint256)
 writer effect     -> contracts/Tokens/VTokens/VToken.sol:686
 written member    -> ('MS', 'contracts/Tokens/VTokens/VTokenInterfaces.sol', 'VTokenStorage.accountTokens', '$arg0')
 potentially stale -> ('SV', 'contracts/Tokens/VTokens/VTokenInterfaces.sol', 'VTokenStorage.initialExchangeRateMantissa')
 reader witnesses  -> 3
 storage exposures -> 1
[MV-SI candidate abda094aadddf55194fb] {venusBorrowState, venusBorrowerIndex[$arg0][$arg1]}
 writer root       -> contracts/Comptroller/Diamond/facets/MarketFacet.sol::MarketFacet._supportMarket(VToken)
 writer effect     -> contracts/Comptroller/Diamond/facets/MarketFacet.sol:241
 written member    -> ('SV', 'contracts/Comptroller/ComptrollerStorage.sol', 'ComptrollerV1Storage.venusBorrowState')
 potentially stale -> ('MS', 'contracts/Comptroller/ComptrollerStorage.sol', 'ComptrollerV1Storage.venusBorrowerIndex', '$arg0][$arg1')
 reader witnesses  -> 8
 storage exposures -> 3
[MV-SI candidate abdf66ce1683a78929b2] {venusSupplierIndex[$arg0][$arg1], venusSupplyState}
 writer root       -> contracts/test/ComptrollerHarness.sol::ComptrollerHarness.harnessUpdateVenusSupplyIndex(address)
 writer effect     -> contracts/Comptroller/Diamond/facets/XVSRewardsHelper.sol:64
 written member    -> ('SV', 'contracts/Comptroller/ComptrollerStorage.sol', 'ComptrollerV1Storage.venusSupplyState')
 potentially stale -> ('MS', 'contracts/Comptroller/ComptrollerStorage.sol', 'ComptrollerV1Storage.venusSupplierIndex', '$arg0][$arg1')
 reader witnesses  -> 8
 storage exposures -> 1
[MV-SI candidate ac61a20878ee12cb996b] {_facetAddresses, _facetFunctionSelectors}
 writer root       -> contracts/Comptroller/Diamond/Diamond.sol::Diamond.diamondCut(IDiamondCut.FacetCut[])
 writer effect     -> contracts/Comptroller/Diamond/Diamond.sol:197
 written member    -> ('SV', 'contracts/Comptroller/ComptrollerStorage.sol', 'ComptrollerV13Storage._facetFunctionSelectors')
 potentially stale -> ('SV', 'contracts/Comptroller/ComptrollerStorage.sol', 'ComptrollerV13Storage._facetAddresses')
 reader witnesses  -> 12
 storage exposures -> 2
[MV-SI candidate ac90afd294d52b90a760] {accrualBlockNumber, borrowIndex}
 writer root       -> contracts/test/VBep20MockDelegate.sol::VBep20MockDelegate.redeemUnderlying(uint256)
 writer effect     -> contracts/Tokens/VTokens/VToken.sol:463
 written member    -> ('SV', 'contracts/Tokens/VTokens/VTokenInterfaces.sol', 'VTokenStorage.borrowIndex')
 potentially stale -> ('SV', 'contracts/Tokens/VTokens/VTokenInterfaces.sol', 'VTokenStorage.accrualBlockNumber')
 reader witnesses  -> 21
 storage exposures -> 1
[MV-SI candidate adaee03a72fdaadee4db] {accountTokens[$arg0], initialExchangeRateMantissa}
 writer root       -> contracts/Tokens/VTokens/VBep20.sol::VBep20.mintBehalf(address,uint256)
 writer effect     -> contracts/Tokens/VTokens/VToken.sol:781
 written member    -> ('MS', 'contracts/Tokens/VTokens/VTokenInterfaces.sol', 'VTokenStorage.accountTokens', '$arg0')
 potentially stale -> ('SV', 'contracts/Tokens/VTokens/VTokenInterfaces.sol', 'VTokenStorage.initialExchangeRateMantissa')
 reader witnesses  -> 33
 storage exposures -> 11
[MV-SI candidate af50a27316d6291fe915] {venusBorrowState, venusBorrowerIndex[$arg0][$arg1]}
 writer root       -> contracts/test/ComptrollerHarness.sol::ComptrollerHarness.harnessUpdateVenusBorrowIndex(address,uint256)
 writer effect     -> contracts/Comptroller/Diamond/facets/XVSRewardsHelper.sol:44
 written member    -> ('SV', 'contracts/Comptroller/ComptrollerStorage.sol', 'ComptrollerV1Storage.venusBorrowState')
 potentially stale -> ('MS', 'contracts/Comptroller/ComptrollerStorage.sol', 'ComptrollerV1Storage.venusBorrowerIndex', '$arg0][$arg1')
 reader witnesses  -> 4
 storage exposures -> 1
[MV-SI candidate b08bdbdb38e052a8facb] {accountTokens[$arg0], initialExchangeRateMantissa}
 writer root       -> contracts/test/EvilXToken.sol::EvilXToken.harnessMintBehalfFresh(address,address,uint256)
 writer effect     -> contracts/Tokens/VTokens/VToken.sol:781
 written member    -> ('MS', 'contracts/Tokens/VTokens/VTokenInterfaces.sol', 'VTokenStorage.accountTokens', '$arg0')
 potentially stale -> ('SV', 'contracts/Tokens/VTokens/VTokenInterfaces.sol', 'VTokenStorage.initialExchangeRateMantissa')
 reader witnesses  -> 3
 storage exposures -> 1
[MV-SI candidate b0a6e555223ef2ffd3c6] {accountTokens[$arg0], initialExchangeRateMantissa}
 writer root       -> contracts/test/VBep20Harness.sol::VBep20DelegateHarness.harnessMintBehalfFresh(address,address,uint256)
 writer effect     -> contracts/Tokens/VTokens/VToken.sol:781
 written member    -> ('MS', 'contracts/Tokens/VTokens/VTokenInterfaces.sol', 'VTokenStorage.accountTokens', '$arg0')
 potentially stale -> ('SV', 'contracts/Tokens/VTokens/VTokenInterfaces.sol', 'VTokenStorage.initialExchangeRateMantissa')
 reader witnesses  -> 3
 storage exposures -> 1
[MV-SI candidate b148e220540316ba209e] {accrualBlockNumber, borrowIndex}
 writer root       -> contracts/Tokens/VTokens/VToken.sol::VToken.totalBorrowsCurrent()
 writer effect     -> contracts/Tokens/VTokens/VToken.sol:462
 written member    -> ('SV', 'contracts/Tokens/VTokens/VTokenInterfaces.sol', 'VTokenStorage.accrualBlockNumber')
 potentially stale -> ('SV', 'contracts/Tokens/VTokens/VTokenInterfaces.sol', 'VTokenStorage.borrowIndex')
 reader witnesses  -> 84
 storage exposures -> 13
[MV-SI candidate b21140884cfbccddd986] {venusBorrowState, venusBorrowerIndex[$arg0][$arg1]}
 writer root       -> contracts/Comptroller/Diamond/facets/PolicyFacet.sol::PolicyFacet.borrowAllowed(address,address,uint256)
 writer effect     -> contracts/Comptroller/Diamond/facets/XVSRewardsHelper.sol:46
 written member    -> ('SV', 'contracts/Comptroller/ComptrollerStorage.sol', 'ComptrollerV1Storage.venusBorrowState')
 potentially stale -> ('MS', 'contracts/Comptroller/ComptrollerStorage.sol', 'ComptrollerV1Storage.venusBorrowerIndex', '$arg0][$arg1')
 reader witnesses  -> 10
 storage exposures -> 4
[MV-SI candidate b37057b0ac1efe12b919] {accrualBlockNumber, borrowIndex}
 writer root       -> contracts/Tokens/VTokens/VToken.sol::VToken.accrueInterest()
 writer effect     -> contracts/Tokens/VTokens/VToken.sol:463
 written member    -> ('SV', 'contracts/Tokens/VTokens/VTokenInterfaces.sol', 'VTokenStorage.borrowIndex')
 potentially stale -> ('SV', 'contracts/Tokens/VTokens/VTokenInterfaces.sol', 'VTokenStorage.accrualBlockNumber')
 reader witnesses  -> 328
 storage exposures -> 14
[MV-SI candidate b3a83db87cc9dc32a919] {venusSupplierIndex[$arg0][$arg1], venusSupplyState}
 writer root       -> contracts/test/ComptrollerScenario.sol::ComptrollerScenario.refreshVenusSpeeds()
 writer effect     -> contracts/Comptroller/Diamond/facets/XVSRewardsHelper.sol:65
 written member    -> ('SV', 'contracts/Comptroller/ComptrollerStorage.sol', 'ComptrollerV1Storage.venusSupplyState')
 potentially stale -> ('MS', 'contracts/Comptroller/ComptrollerStorage.sol', 'ComptrollerV1Storage.venusSupplierIndex', '$arg0][$arg1')
 reader witnesses  -> 12
 storage exposures -> 1
[MV-SI candidate b4854b788d3763cc21ab] {accrualBlockNumber, borrowIndex}
 writer root       -> contracts/test/VBep20MockDelegate.sol::VBep20MockDelegate.repayBorrow(uint256)
 writer effect     -> contracts/Tokens/VTokens/VToken.sol:463
 written member    -> ('SV', 'contracts/Tokens/VTokens/VTokenInterfaces.sol', 'VTokenStorage.borrowIndex')
 potentially stale -> ('SV', 'contracts/Tokens/VTokens/VTokenInterfaces.sol', 'VTokenStorage.accrualBlockNumber')
 reader witnesses  -> 21
 storage exposures -> 1
[MV-SI candidate b4bbc4278202cc698f39] {venusSupplierIndex[$arg0][$arg1], venusSupplyState}
 writer root       -> contracts/Comptroller/Diamond/facets/RewardFacet.sol::RewardFacet.claimVenus(address)
 writer effect     -> contracts/Comptroller/Diamond/facets/XVSRewardsHelper.sol:67
 written member    -> ('SV', 'contracts/Comptroller/ComptrollerStorage.sol', 'ComptrollerV1Storage.venusSupplyState')
 potentially stale -> ('MS', 'contracts/Comptroller/ComptrollerStorage.sol', 'ComptrollerV1Storage.venusSupplierIndex', '$arg0][$arg1')
 reader witnesses  -> 20
 storage exposures -> 3
[MV-SI candidate b5350a1667b7ea03f680] {accountTokens[$arg0], initialExchangeRateMantissa}
 writer root       -> contracts/test/EvilXToken.sol::EvilXToken.harnessLiquidateBorrowFresh(address,address,uint256,VToken)
 writer effect     -> contracts/Tokens/VTokens/VToken.sol:1357
 written member    -> ('MS', 'contracts/Tokens/VTokens/VTokenInterfaces.sol', 'VTokenStorage.accountTokens', '$arg0')
 potentially stale -> ('SV', 'contracts/Tokens/VTokens/VTokenInterfaces.sol', 'VTokenStorage.initialExchangeRateMantissa')
 reader witnesses  -> 3
 storage exposures -> 1
[MV-SI candidate b7209469a7a4848fdaa1] {venusSupplierIndex[$arg0][$arg1], venusSupplyState}
 writer root       -> contracts/Comptroller/Diamond/facets/PolicyFacet.sol::PolicyFacet.seizeAllowed(address,address,address,address,uint256)
 writer effect     -> contracts/Comptroller/Diamond/facets/XVSRewardsHelper.sol:64
 written member    -> ('SV', 'contracts/Comptroller/ComptrollerStorage.sol', 'ComptrollerV1Storage.venusSupplyState')
 potentially stale -> ('MS', 'contracts/Comptroller/ComptrollerStorage.sol', 'ComptrollerV1Storage.venusSupplierIndex', '$arg0][$arg1')
 reader witnesses  -> 26
 storage exposures -> 4
[MV-SI candidate b783ce4965bba6561ae8] {venusBorrowState, venusBorrowerIndex[$arg0][$arg1]}
 writer root       -> contracts/Comptroller/Diamond/facets/RewardFacet.sol::RewardFacet.claimVenus(address[],VToken[],bool,bool)
 writer effect     -> contracts/Comptroller/Diamond/facets/XVSRewardsHelper.sol:44
 written member    -> ('SV', 'contracts/Comptroller/ComptrollerStorage.sol', 'ComptrollerV1Storage.venusBorrowState')
 potentially stale -> ('MS', 'contracts/Comptroller/ComptrollerStorage.sol', 'ComptrollerV1Storage.venusBorrowerIndex', '$arg0][$arg1')
 reader witnesses  -> 8
 storage exposures -> 3
[MV-SI candidate b8fe2f64557206ab7eba] {venusBorrowState, venusBorrowerIndex[$arg0][$arg1]}
 writer root       -> contracts/test/ComptrollerHarness.sol::ComptrollerHarness.setVenusBorrowerIndex(address,address,uint256)
 writer effect     -> contracts/test/ComptrollerHarness.sol:77
 written member    -> ('MS', 'contracts/Comptroller/ComptrollerStorage.sol', 'ComptrollerV1Storage.venusBorrowerIndex', '$arg0][$arg1')
 potentially stale -> ('SV', 'contracts/Comptroller/ComptrollerStorage.sol', 'ComptrollerV1Storage.venusBorrowState')
 reader witnesses  -> 9
 storage exposures -> 1
[MV-SI candidate b9e85576e2f8f5aab57f] {venusSupplierIndex[$arg0][$arg1], venusSupplyState}
 writer root       -> contracts/Comptroller/Diamond/facets/MarketFacet.sol::MarketFacet._supportMarket(VToken)
 writer effect     -> contracts/Comptroller/Diamond/facets/MarketFacet.sol:236
 written member    -> ('SV', 'contracts/Comptroller/ComptrollerStorage.sol', 'ComptrollerV1Storage.venusSupplyState')
 potentially stale -> ('MS', 'contracts/Comptroller/ComptrollerStorage.sol', 'ComptrollerV1Storage.venusSupplierIndex', '$arg0][$arg1')
 reader witnesses  -> 20
 storage exposures -> 3
[MV-SI candidate bace25af797f51c2e8c8] {accrualBlockNumber, borrowIndex}
 writer root       -> contracts/Tokens/VTokens/VToken.sol::VToken.exchangeRateCurrent()
 writer effect     -> contracts/Tokens/VTokens/VToken.sol:463
 written member    -> ('SV', 'contracts/Tokens/VTokens/VTokenInterfaces.sol', 'VTokenStorage.borrowIndex')
 potentially stale -> ('SV', 'contracts/Tokens/VTokens/VTokenInterfaces.sol', 'VTokenStorage.accrualBlockNumber')
 reader witnesses  -> 328
 storage exposures -> 14
[MV-SI candidate bba88d078a9dae404793] {accrualBlockNumber, borrowIndex}
 writer root       -> contracts/Tokens/VTokens/VToken.sol::VToken.borrowBalanceCurrent(address)
 writer effect     -> contracts/Tokens/VTokens/VToken.sol:462
 written member    -> ('SV', 'contracts/Tokens/VTokens/VTokenInterfaces.sol', 'VTokenStorage.accrualBlockNumber')
 potentially stale -> ('SV', 'contracts/Tokens/VTokens/VTokenInterfaces.sol', 'VTokenStorage.borrowIndex')
 reader witnesses  -> 84
 storage exposures -> 13
[MV-SI candidate bca34dfa24cb2e401bf8] {venusSupplierIndex[$arg0][$arg1], venusSupplyState}
 writer root       -> contracts/Comptroller/Diamond/facets/PolicyFacet.sol::PolicyFacet.transferAllowed(address,address,address,uint256)
 writer effect     -> contracts/Comptroller/Diamond/facets/XVSRewardsHelper.sol:65
 written member    -> ('SV', 'contracts/Comptroller/ComptrollerStorage.sol', 'ComptrollerV1Storage.venusSupplyState')
 potentially stale -> ('MS', 'contracts/Comptroller/ComptrollerStorage.sol', 'ComptrollerV1Storage.venusSupplierIndex', '$arg0][$arg1')
 reader witnesses  -> 26
 storage exposures -> 4
[MV-SI candidate bceb219441edf4e7e277] {_facetAddresses, _facetFunctionSelectors}
 writer root       -> contracts/Comptroller/Diamond/Diamond.sol::Diamond.diamondCut(IDiamondCut.FacetCut[])
 writer effect     -> contracts/Comptroller/Diamond/Diamond.sol:232
 written member    -> ('SV', 'contracts/Comptroller/ComptrollerStorage.sol', 'ComptrollerV13Storage._facetAddresses')
 potentially stale -> ('SV', 'contracts/Comptroller/ComptrollerStorage.sol', 'ComptrollerV13Storage._facetFunctionSelectors')
 reader witnesses  -> 52
 storage exposures -> 2
[MV-SI candidate bcf106a4039fa5647b0e] {accrualBlockNumber, borrowIndex}
 writer root       -> contracts/test/MockVBNB.sol::MockVBNB.repayBorrowBehalf(address)
 writer effect     -> contracts/Tokens/VTokens/VToken.sol:462
 written member    -> ('SV', 'contracts/Tokens/VTokens/VTokenInterfaces.sol', 'VTokenStorage.accrualBlockNumber')
 potentially stale -> ('SV', 'contracts/Tokens/VTokens/VTokenInterfaces.sol', 'VTokenStorage.borrowIndex')
 reader witnesses  -> 4
 storage exposures -> 1
[MV-SI candidate bcf9f752e67fb8af62fd] {accountTokens[$arg0], initialExchangeRateMantissa}
 writer root       -> contracts/test/VBep20Harness.sol::VBep20Harness.harnessRedeemFresh(address,uint256,uint256)
 writer effect     -> contracts/Tokens/VTokens/VToken.sol:916
 written member    -> ('MS', 'contracts/Tokens/VTokens/VTokenInterfaces.sol', 'VTokenStorage.accountTokens', '$arg0')
 potentially stale -> ('SV', 'contracts/Tokens/VTokens/VTokenInterfaces.sol', 'VTokenStorage.initialExchangeRateMantissa')
 reader witnesses  -> 3
 storage exposures -> 1
[MV-SI candidate bd8130f00af4ee801fb6] {accountTokens[$arg0], initialExchangeRateMantissa}
 writer root       -> contracts/test/VBep20Harness.sol::VBep20Harness.harnessLiquidateBorrowFresh(address,address,uint256,VToken)
 writer effect     -> contracts/Tokens/VTokens/VToken.sol:1357
 written member    -> ('MS', 'contracts/Tokens/VTokens/VTokenInterfaces.sol', 'VTokenStorage.accountTokens', '$arg0')
 potentially stale -> ('SV', 'contracts/Tokens/VTokens/VTokenInterfaces.sol', 'VTokenStorage.initialExchangeRateMantissa')
 reader witnesses  -> 3
 storage exposures -> 1
[MV-SI candidate bdd70d94af2e050ce2fb] {accrualBlockNumber, borrowIndex}
 writer root       -> contracts/Tokens/VTokens/VBep20.sol::VBep20.mint(uint256)
 writer effect     -> contracts/Tokens/VTokens/VToken.sol:463
 written member    -> ('SV', 'contracts/Tokens/VTokens/VTokenInterfaces.sol', 'VTokenStorage.borrowIndex')
 potentially stale -> ('SV', 'contracts/Tokens/VTokens/VTokenInterfaces.sol', 'VTokenStorage.accrualBlockNumber')
 reader witnesses  -> 283
 storage exposures -> 11
[MV-SI candidate bf4de893544eddb18448] {accrualBlockNumber, borrowIndex}
 writer root       -> contracts/test/VBep20MockDelegate.sol::VBep20MockDelegate._addReserves(uint256)
 writer effect     -> contracts/Tokens/VTokens/VToken.sol:462
 written member    -> ('SV', 'contracts/Tokens/VTokens/VTokenInterfaces.sol', 'VTokenStorage.accrualBlockNumber')
 potentially stale -> ('SV', 'contracts/Tokens/VTokens/VTokenInterfaces.sol', 'VTokenStorage.borrowIndex')
 reader witnesses  -> 5
 storage exposures -> 1
[MV-SI candidate c0ce07ef47a0246adf9c] {accessControl, liquidatorContract, pauseGuardian, vaiVaultAddress}
 writer root       -> contracts/Comptroller/Diamond/facets/SetterFacet.sol::SetterFacet._setPauseGuardian(address)
 writer effect     -> contracts/Comptroller/Diamond/facets/SetterFacet.sol:282
 written member    -> ('SV', 'contracts/Comptroller/ComptrollerStorage.sol', 'ComptrollerV1Storage.pauseGuardian')
 potentially stale -> ('SV', 'contracts/Comptroller/ComptrollerStorage.sol', 'ComptrollerV2Storage.vaiVaultAddress'), ('SV', 'contracts/Comptroller/ComptrollerStorage.sol', 'ComptrollerV6Storage.liquidatorContract'), ('SV', 'contracts/Comptroller/ComptrollerStorage.sol', 'ComptrollerV9Storage.accessControl')
 reader witnesses  -> 142
 storage exposures -> 4
[MV-SI candidate c198a4b092064a61309b] {accrualBlockNumber, borrowIndex}
 writer root       -> contracts/Tokens/VTokens/VToken.sol::VToken.initialize(ComptrollerInterface,InterestRateModel,uint256,string,string,uint8)
 writer effect     -> contracts/Tokens/VTokens/VToken.sol:334
 written member    -> ('SV', 'contracts/Tokens/VTokens/VTokenInterfaces.sol', 'VTokenStorage.accrualBlockNumber')
 potentially stale -> ('SV', 'contracts/Tokens/VTokens/VTokenInterfaces.sol', 'VTokenStorage.borrowIndex')
 reader witnesses  -> 84
 storage exposures -> 13
[MV-SI candidate c3497ac9a4ddee3a8fa7] {accountTokens[$arg0], initialExchangeRateMantissa}
 writer root       -> contracts/test/VBep20MockDelegate.sol::VBep20MockDelegate.mint(uint256)
 writer effect     -> contracts/Tokens/VTokens/VToken.sol:686
 written member    -> ('MS', 'contracts/Tokens/VTokens/VTokenInterfaces.sol', 'VTokenStorage.accountTokens', '$arg0')
 potentially stale -> ('SV', 'contracts/Tokens/VTokens/VTokenInterfaces.sol', 'VTokenStorage.initialExchangeRateMantissa')
 reader witnesses  -> 3
 storage exposures -> 1
[MV-SI candidate c359604c299c23b25561] {accessControl, liquidatorContract, pauseGuardian, vaiVaultAddress}
 writer root       -> contracts/Comptroller/Diamond/facets/SetterFacet.sol::SetterFacet._setAccessControl(address)
 writer effect     -> contracts/Comptroller/Diamond/facets/SetterFacet.sol:175
 written member    -> ('SV', 'contracts/Comptroller/ComptrollerStorage.sol', 'ComptrollerV9Storage.accessControl')
 potentially stale -> ('SV', 'contracts/Comptroller/ComptrollerStorage.sol', 'ComptrollerV1Storage.pauseGuardian'), ('SV', 'contracts/Comptroller/ComptrollerStorage.sol', 'ComptrollerV2Storage.vaiVaultAddress'), ('SV', 'contracts/Comptroller/ComptrollerStorage.sol', 'ComptrollerV6Storage.liquidatorContract')
 reader witnesses  -> 111
 storage exposures -> 4
[MV-SI candidate c46485e5c51588f1447c] {venusBorrowState, venusBorrowerIndex[$arg0][$arg1]}
 writer root       -> contracts/test/ComptrollerHarness.sol::ComptrollerHarness.harnessUpdateVenusBorrowIndex(address,uint256)
 writer effect     -> contracts/Comptroller/Diamond/facets/XVSRewardsHelper.sol:46
 written member    -> ('SV', 'contracts/Comptroller/ComptrollerStorage.sol', 'ComptrollerV1Storage.venusBorrowState')
 potentially stale -> ('MS', 'contracts/Comptroller/ComptrollerStorage.sol', 'ComptrollerV1Storage.venusBorrowerIndex', '$arg0][$arg1')
 reader witnesses  -> 4
 storage exposures -> 1
[MV-SI candidate c471b030715a4b075c08] {accrualBlockNumber, borrowIndex}
 writer root       -> contracts/Tokens/VTokens/VToken.sol::VToken._setInterestRateModel(InterestRateModel)
 writer effect     -> contracts/Tokens/VTokens/VToken.sol:462
 written member    -> ('SV', 'contracts/Tokens/VTokens/VTokenInterfaces.sol', 'VTokenStorage.accrualBlockNumber')
 potentially stale -> ('SV', 'contracts/Tokens/VTokens/VTokenInterfaces.sol', 'VTokenStorage.borrowIndex')
 reader witnesses  -> 84
 storage exposures -> 13
[MV-SI candidate c4e107f56c22b43e9377] {accrualBlockNumber, borrowIndex}
 writer root       -> contracts/Tokens/VTokens/VToken.sol::VToken.balanceOfUnderlying(address)
 writer effect     -> contracts/Tokens/VTokens/VToken.sol:463
 written member    -> ('SV', 'contracts/Tokens/VTokens/VTokenInterfaces.sol', 'VTokenStorage.borrowIndex')
 potentially stale -> ('SV', 'contracts/Tokens/VTokens/VTokenInterfaces.sol', 'VTokenStorage.accrualBlockNumber')
 reader witnesses  -> 328
 storage exposures -> 14
[MV-SI candidate c527e67f5b8ceabb1a52] {accrualBlockNumber, borrowIndex}
 writer root       -> contracts/Lens/SnapshotLens.sol::SnapshotLens.getAccountSnapshot(address,address,VToken)
 writer effect     -> contracts/Tokens/VTokens/VToken.sol:463
 written member    -> ('SV', 'contracts/Tokens/VTokens/VTokenInterfaces.sol', 'VTokenStorage.borrowIndex')
 potentially stale -> ('SV', 'contracts/Tokens/VTokens/VTokenInterfaces.sol', 'VTokenStorage.accrualBlockNumber')
 reader witnesses  -> 7
 storage exposures -> 1
[MV-SI candidate c612eb1aa2af611e6179] {venusBorrowState, venusBorrowerIndex[$arg0][$arg1]}
 writer root       -> contracts/Comptroller/Diamond/facets/PolicyFacet.sol::PolicyFacet.borrowAllowed(address,address,uint256)
 writer effect     -> contracts/Comptroller/Diamond/facets/XVSRewardsHelper.sol:44
 written member    -> ('SV', 'contracts/Comptroller/ComptrollerStorage.sol', 'ComptrollerV1Storage.venusBorrowState')
 potentially stale -> ('MS', 'contracts/Comptroller/ComptrollerStorage.sol', 'ComptrollerV1Storage.venusBorrowerIndex', '$arg0][$arg1')
 reader witnesses  -> 10
 storage exposures -> 4
[MV-SI candidate c68648f503eb7e3ef935] {allMarkets, venusSpeeds[@local::contracts/test/ComptrollerHarness.sol::ComptrollerHarness.harnessRefreshVenusSpeeds()::TemporaryVariable::TMP_8027]}
 writer root       -> contracts/Comptroller/Diamond/facets/MarketFacet.sol::MarketFacet._supportMarket(VToken)
 writer effect     -> contracts/Comptroller/Diamond/facets/MarketFacet.sol:218
 written member    -> ('SV', 'contracts/Comptroller/ComptrollerStorage.sol', 'ComptrollerV1Storage.allMarkets')
 potentially stale -> ('MS', 'contracts/Comptroller/ComptrollerStorage.sol', 'ComptrollerV1Storage.venusSpeeds', '@local::contracts/test/ComptrollerHarness.sol::ComptrollerHarness.harnessRefreshVenusSpeeds()::TemporaryVariable::TMP_8027')
 reader witnesses  -> 1
 storage exposures -> 1
[MV-SI candidate c8a87a719bf7acbec439] {_facetAddresses, _facetFunctionSelectors}
 writer root       -> contracts/Comptroller/Diamond/Diamond.sol::Diamond.diamondCut(IDiamondCut.FacetCut[])
 writer effect     -> contracts/Comptroller/Diamond/Diamond.sol:219
 written member    -> ('SV', 'contracts/Comptroller/ComptrollerStorage.sol', 'ComptrollerV13Storage._facetFunctionSelectors')
 potentially stale -> ('SV', 'contracts/Comptroller/ComptrollerStorage.sol', 'ComptrollerV13Storage._facetAddresses')
 reader witnesses  -> 24
 storage exposures -> 2
[MV-SI candidate c96a209d2ec719349b59] {venusBorrowState, venusBorrowerIndex[$arg0][$arg1]}
 writer root       -> contracts/test/ComptrollerScenario.sol::ComptrollerScenario.refreshVenusSpeeds()
 writer effect     -> contracts/Comptroller/Diamond/facets/XVSRewardsHelper.sol:46
 written member    -> ('SV', 'contracts/Comptroller/ComptrollerStorage.sol', 'ComptrollerV1Storage.venusBorrowState')
 potentially stale -> ('MS', 'contracts/Comptroller/ComptrollerStorage.sol', 'ComptrollerV1Storage.venusBorrowerIndex', '$arg0][$arg1')
 reader witnesses  -> 4
 storage exposures -> 1
[MV-SI candidate ca8815b1b46d3d8a2ca8] {accrualBlockNumber, borrowIndex}
 writer root       -> contracts/Tokens/VTokens/VBep20.sol::VBep20.mintBehalf(address,uint256)
 writer effect     -> contracts/Tokens/VTokens/VToken.sol:462
 written member    -> ('SV', 'contracts/Tokens/VTokens/VTokenInterfaces.sol', 'VTokenStorage.accrualBlockNumber')
 potentially stale -> ('SV', 'contracts/Tokens/VTokens/VTokenInterfaces.sol', 'VTokenStorage.borrowIndex')
 reader witnesses  -> 75
 storage exposures -> 11
[MV-SI candidate cad91ad5bc0358eb4c3f] {closeFactorMantissa, liquidationIncentiveMantissa, markets, vaiMintRate, venusVAIVaultRate}
 writer root       -> contracts/Comptroller/Diamond/facets/SetterFacet.sol::SetterFacet._setLiquidationIncentive(uint256)
 writer effect     -> contracts/Comptroller/Diamond/facets/SetterFacet.sol:243
 written member    -> ('SV', 'contracts/Comptroller/ComptrollerStorage.sol', 'ComptrollerV1Storage.liquidationIncentiveMantissa')
 potentially stale -> ('SV', 'contracts/Comptroller/ComptrollerStorage.sol', 'ComptrollerV1Storage.closeFactorMantissa'), ('SV', 'contracts/Comptroller/ComptrollerStorage.sol', 'ComptrollerV1Storage.markets'), ('SV', 'contracts/Comptroller/ComptrollerStorage.sol', 'ComptrollerV1Storage.vaiMintRate'), ('SV', 'contracts/Comptroller/ComptrollerStorage.sol', 'ComptrollerV2Storage.venusVAIVaultRate')
 reader witnesses  -> 3
 storage exposures -> 3
[MV-SI candidate cb6c2b772bfd7e431984] {accountTokens[$arg0], initialExchangeRateMantissa}
 writer root       -> contracts/test/VBep20MockDelegate.sol::VBep20MockDelegate.redeem(uint256)
 writer effect     -> contracts/Tokens/VTokens/VToken.sol:916
 written member    -> ('MS', 'contracts/Tokens/VTokens/VTokenInterfaces.sol', 'VTokenStorage.accountTokens', '$arg0')
 potentially stale -> ('SV', 'contracts/Tokens/VTokens/VTokenInterfaces.sol', 'VTokenStorage.initialExchangeRateMantissa')
 reader witnesses  -> 3
 storage exposures -> 1
[MV-SI candidate cc12121875eb9c585c8e] {_facetAddresses, _facetFunctionSelectors}
 writer root       -> contracts/Comptroller/Diamond/Diamond.sol::Diamond.diamondCut(IDiamondCut.FacetCut[])
 writer effect     -> contracts/Comptroller/Diamond/Diamond.sol:123
 written member    -> ('SV', 'contracts/Comptroller/ComptrollerStorage.sol', 'ComptrollerV13Storage._facetFunctionSelectors')
 potentially stale -> ('SV', 'contracts/Comptroller/ComptrollerStorage.sol', 'ComptrollerV13Storage._facetAddresses')
 reader witnesses  -> 12
 storage exposures -> 2
[MV-SI candidate ccb2e759a01a5cda5882] {allowance, balanceOf, totalSupply}
 writer root       -> contracts/test/VAIHarness.sol::VAIScenario.harnessSetTotalSupply(uint256)
 writer effect     -> contracts/test/VAIHarness.sol:15
 written member    -> ('SV', 'contracts/Tokens/VAI/VAI.sol', 'VAI.totalSupply')
 potentially stale -> ('SV', 'contracts/Tokens/VAI/VAI.sol', 'VAI.allowance'), ('SV', 'contracts/Tokens/VAI/VAI.sol', 'VAI.balanceOf')
 reader witnesses  -> 34
 storage exposures -> 1
[MV-SI candidate cd2fd680c7ad3a868fa9] {accrualBlockNumber, borrowIndex}
 writer root       -> contracts/Tokens/VTokens/VToken.sol::VToken.accrueInterest()
 writer effect     -> contracts/Tokens/VTokens/VToken.sol:462
 written member    -> ('SV', 'contracts/Tokens/VTokens/VTokenInterfaces.sol', 'VTokenStorage.accrualBlockNumber')
 potentially stale -> ('SV', 'contracts/Tokens/VTokens/VTokenInterfaces.sol', 'VTokenStorage.borrowIndex')
 reader witnesses  -> 84
 storage exposures -> 13
[MV-SI candidate cdcb60b864794fd413ea] {venusSupplierIndex[$arg0][$arg1], venusSupplyState}
 writer root       -> contracts/Comptroller/Diamond/facets/RewardFacet.sol::RewardFacet.claimVenusAsCollateral(address)
 writer effect     -> contracts/Comptroller/Diamond/facets/XVSRewardsHelper.sol:64
 written member    -> ('SV', 'contracts/Comptroller/ComptrollerStorage.sol', 'ComptrollerV1Storage.venusSupplyState')
 potentially stale -> ('MS', 'contracts/Comptroller/ComptrollerStorage.sol', 'ComptrollerV1Storage.venusSupplierIndex', '$arg0][$arg1')
 reader witnesses  -> 20
 storage exposures -> 3
[MV-SI candidate cdd5fd90284bf6e5bce6] {_facetFunctionSelectors, _selectorToFacetAndPosition}
 writer root       -> contracts/Comptroller/Diamond/Diamond.sol::Diamond.diamondCut(IDiamondCut.FacetCut[])
 writer effect     -> contracts/Comptroller/Diamond/Diamond.sol:216
 written member    -> ('SV', 'contracts/Comptroller/ComptrollerStorage.sol', 'ComptrollerV13Storage._selectorToFacetAndPosition')
 potentially stale -> ('SV', 'contracts/Comptroller/ComptrollerStorage.sol', 'ComptrollerV13Storage._facetFunctionSelectors')
 reader witnesses  -> 52
 storage exposures -> 2
[MV-SI candidate cdde1f1f907aa3d6e06c] {venusBorrowState, venusBorrowerIndex[$arg0][$arg1]}
 writer root       -> contracts/Comptroller/Diamond/facets/MarketFacet.sol::MarketFacet._supportMarket(VToken)
 writer effect     -> contracts/Comptroller/Diamond/facets/MarketFacet.sol:247
 written member    -> ('SV', 'contracts/Comptroller/ComptrollerStorage.sol', 'ComptrollerV1Storage.venusBorrowState')
 potentially stale -> ('MS', 'contracts/Comptroller/ComptrollerStorage.sol', 'ComptrollerV1Storage.venusBorrowerIndex', '$arg0][$arg1')
 reader witnesses  -> 8
 storage exposures -> 3
[MV-SI candidate ce547d013b4d5d84abc4] {venusSupplierIndex[$arg0][$arg1], venusSupplyState}
 writer root       -> contracts/Comptroller/Diamond/facets/PolicyFacet.sol::PolicyFacet.mintAllowed(address,address,uint256)
 writer effect     -> contracts/Comptroller/Diamond/facets/XVSRewardsHelper.sol:67
 written member    -> ('SV', 'contracts/Comptroller/ComptrollerStorage.sol', 'ComptrollerV1Storage.venusSupplyState')
 potentially stale -> ('MS', 'contracts/Comptroller/ComptrollerStorage.sol', 'ComptrollerV1Storage.venusSupplierIndex', '$arg0][$arg1')
 reader witnesses  -> 26
 storage exposures -> 4
[MV-SI candidate cf5b8ff7f9a598f6d6db] {venusSupplierIndex[$arg0][$arg1], venusSupplyState}
 writer root       -> contracts/Comptroller/Diamond/facets/PolicyFacet.sol::PolicyFacet.seizeAllowed(address,address,address,address,uint256)
 writer effect     -> contracts/Comptroller/Diamond/facets/XVSRewardsHelper.sol:65
 written member    -> ('SV', 'contracts/Comptroller/ComptrollerStorage.sol', 'ComptrollerV1Storage.venusSupplyState')
 potentially stale -> ('MS', 'contracts/Comptroller/ComptrollerStorage.sol', 'ComptrollerV1Storage.venusSupplierIndex', '$arg0][$arg1')
 reader witnesses  -> 26
 storage exposures -> 4
[MV-SI candidate d132568adb02e6f40ab9] {venusBorrowState, venusBorrowerIndex[$arg0][$arg1]}
 writer root       -> contracts/Comptroller/Diamond/facets/RewardFacet.sol::RewardFacet.claimVenus(address,VToken[])
 writer effect     -> contracts/Comptroller/Diamond/facets/XVSRewardsHelper.sol:46
 written member    -> ('SV', 'contracts/Comptroller/ComptrollerStorage.sol', 'ComptrollerV1Storage.venusBorrowState')
 potentially stale -> ('MS', 'contracts/Comptroller/ComptrollerStorage.sol', 'ComptrollerV1Storage.venusBorrowerIndex', '$arg0][$arg1')
 reader witnesses  -> 8
 storage exposures -> 3
[MV-SI candidate d1c96aa485caee036a70] {venusSupplierIndex[$arg0][$arg1], venusSupplyState}
 writer root       -> contracts/Comptroller/Diamond/facets/PolicyFacet.sol::PolicyFacet.seizeAllowed(address,address,address,address,uint256)
 writer effect     -> contracts/Comptroller/Diamond/facets/XVSRewardsHelper.sol:67
 written member    -> ('SV', 'contracts/Comptroller/ComptrollerStorage.sol', 'ComptrollerV1Storage.venusSupplyState')
 potentially stale -> ('MS', 'contracts/Comptroller/ComptrollerStorage.sol', 'ComptrollerV1Storage.venusSupplierIndex', '$arg0][$arg1')
 reader witnesses  -> 26
 storage exposures -> 4
[MV-SI candidate d2b85b1cb4cd6171f344] {accountTokens[$arg0], initialExchangeRateMantissa}
 writer root       -> contracts/test/VBep20MockDelegate.sol::VBep20MockDelegate.liquidateBorrow(address,uint256,VTokenInterface)
 writer effect     -> contracts/Tokens/VTokens/VToken.sol:1357
 written member    -> ('MS', 'contracts/Tokens/VTokens/VTokenInterfaces.sol', 'VTokenStorage.accountTokens', '$arg0')
 potentially stale -> ('SV', 'contracts/Tokens/VTokens/VTokenInterfaces.sol', 'VTokenStorage.initialExchangeRateMantissa')
 reader witnesses  -> 3
 storage exposures -> 1
[MV-SI candidate d371bfab11796fa18369] {venusSupplierIndex[$arg0][$arg1], venusSupplyState}
 writer root       -> contracts/Comptroller/Diamond/facets/RewardFacet.sol::RewardFacet.claimVenusAsCollateral(address)
 writer effect     -> contracts/Comptroller/Diamond/facets/XVSRewardsHelper.sol:65
 written member    -> ('SV', 'contracts/Comptroller/ComptrollerStorage.sol', 'ComptrollerV1Storage.venusSupplyState')
 potentially stale -> ('MS', 'contracts/Comptroller/ComptrollerStorage.sol', 'ComptrollerV1Storage.venusSupplierIndex', '$arg0][$arg1')
 reader witnesses  -> 20
 storage exposures -> 3
[MV-SI candidate d392e88f69a925bffed5] {accrualBlockNumber, borrowIndex}
 writer root       -> contracts/Tokens/VTokens/VBep20.sol::VBep20._addReserves(uint256)
 writer effect     -> contracts/Tokens/VTokens/VToken.sol:462
 written member    -> ('SV', 'contracts/Tokens/VTokens/VTokenInterfaces.sol', 'VTokenStorage.accrualBlockNumber')
 potentially stale -> ('SV', 'contracts/Tokens/VTokens/VTokenInterfaces.sol', 'VTokenStorage.borrowIndex')
 reader witnesses  -> 75
 storage exposures -> 11
[MV-SI candidate d4ee2526a45b0c3ac025] {accountTokens[$arg0], initialExchangeRateMantissa}
 writer root       -> contracts/test/VBep20MockDelegate.sol::VBep20MockDelegate.liquidateBorrow(address,uint256,VTokenInterface)
 writer effect     -> contracts/Tokens/VTokens/VToken.sol:1356
 written member    -> ('MS', 'contracts/Tokens/VTokens/VTokenInterfaces.sol', 'VTokenStorage.accountTokens', '$arg0')
 potentially stale -> ('SV', 'contracts/Tokens/VTokens/VTokenInterfaces.sol', 'VTokenStorage.initialExchangeRateMantissa')
 reader witnesses  -> 3
 storage exposures -> 1
[MV-SI candidate d68a6a44691ec9529860] {venusSupplierIndex[$arg0][$arg1], venusSupplyState}
 writer root       -> contracts/Comptroller/Diamond/facets/RewardFacet.sol::RewardFacet.claimVenus(address[],VToken[],bool,bool)
 writer effect     -> contracts/Comptroller/Diamond/facets/XVSRewardsHelper.sol:67
 written member    -> ('SV', 'contracts/Comptroller/ComptrollerStorage.sol', 'ComptrollerV1Storage.venusSupplyState')
 potentially stale -> ('MS', 'contracts/Comptroller/ComptrollerStorage.sol', 'ComptrollerV1Storage.venusSupplierIndex', '$arg0][$arg1')
 reader witnesses  -> 20
 storage exposures -> 3
[MV-SI candidate d71b09ffa2377d22ced1] {_facetFunctionSelectors, _selectorToFacetAndPosition}
 writer root       -> contracts/Comptroller/Diamond/Diamond.sol::Diamond.diamondCut(IDiamondCut.FacetCut[])
 writer effect     -> contracts/Comptroller/Diamond/Diamond.sol:197
 written member    -> ('SV', 'contracts/Comptroller/ComptrollerStorage.sol', 'ComptrollerV13Storage._facetFunctionSelectors')
 potentially stale -> ('SV', 'contracts/Comptroller/ComptrollerStorage.sol', 'ComptrollerV13Storage._selectorToFacetAndPosition')
 reader witnesses  -> 14
 storage exposures -> 2
[MV-SI candidate d765d8669f4240e21c05] {venusSupplierIndex[$arg0][$arg1], venusSupplyState}
 writer root       -> contracts/Comptroller/Diamond/facets/PolicyFacet.sol::PolicyFacet._setVenusSpeeds(VToken[],uint256[],uint256[])
 writer effect     -> contracts/Comptroller/Diamond/facets/XVSRewardsHelper.sol:67
 written member    -> ('SV', 'contracts/Comptroller/ComptrollerStorage.sol', 'ComptrollerV1Storage.venusSupplyState')
 potentially stale -> ('MS', 'contracts/Comptroller/ComptrollerStorage.sol', 'ComptrollerV1Storage.venusSupplierIndex', '$arg0][$arg1')
 reader witnesses  -> 26
 storage exposures -> 4
[MV-SI candidate d8f6900641e1c2817cc0] {venusSupplierIndex[$arg0][$arg1], venusSupplyState}
 writer root       -> contracts/test/ComptrollerHarness.sol::ComptrollerHarness.harnessDistributeSupplierVenus(address,address)
 writer effect     -> contracts/Comptroller/Diamond/facets/XVSRewardsHelper.sol:83
 written member    -> ('MS', 'contracts/Comptroller/ComptrollerStorage.sol', 'ComptrollerV1Storage.venusSupplierIndex', '$arg0][$arg1')
 potentially stale -> ('SV', 'contracts/Comptroller/ComptrollerStorage.sol', 'ComptrollerV1Storage.venusSupplyState')
 reader witnesses  -> 13
 storage exposures -> 1
[MV-SI candidate d9b3e4637ec443d6b527] {accrualBlockNumber, borrowIndex}
 writer root       -> contracts/Tokens/VTokens/VBep20.sol::VBep20.redeemUnderlying(uint256)
 writer effect     -> contracts/Tokens/VTokens/VToken.sol:463
 written member    -> ('SV', 'contracts/Tokens/VTokens/VTokenInterfaces.sol', 'VTokenStorage.borrowIndex')
 potentially stale -> ('SV', 'contracts/Tokens/VTokens/VTokenInterfaces.sol', 'VTokenStorage.accrualBlockNumber')
 reader witnesses  -> 283
 storage exposures -> 11
[MV-SI candidate da872a772717db91cf26] {_facetAddresses, _facetFunctionSelectors}
 writer root       -> contracts/Comptroller/Diamond/Diamond.sol::Diamond.diamondCut(IDiamondCut.FacetCut[])
 writer effect     -> contracts/Comptroller/Diamond/Diamond.sol:186
 written member    -> ('SV', 'contracts/Comptroller/ComptrollerStorage.sol', 'ComptrollerV13Storage._facetAddresses')
 potentially stale -> ('SV', 'contracts/Comptroller/ComptrollerStorage.sol', 'ComptrollerV13Storage._facetFunctionSelectors')
 reader witnesses  -> 26
 storage exposures -> 2
[MV-SI candidate da98f469358ca5db15af] {venusSupplierIndex[$arg0][$arg1], venusSupplyState}
 writer root       -> contracts/test/ComptrollerHarness.sol::ComptrollerHarness.harnessDistributeAllSupplierVenus(address,address)
 writer effect     -> contracts/Comptroller/Diamond/facets/XVSRewardsHelper.sol:83
 written member    -> ('MS', 'contracts/Comptroller/ComptrollerStorage.sol', 'ComptrollerV1Storage.venusSupplierIndex', '$arg0][$arg1')
 potentially stale -> ('SV', 'contracts/Comptroller/ComptrollerStorage.sol', 'ComptrollerV1Storage.venusSupplyState')
 reader witnesses  -> 13
 storage exposures -> 1
[MV-SI candidate dba422968b5d1188a2f5] {accrualBlockNumber, borrowIndex}
 writer root       -> contracts/Tokens/VTokens/VBep20.sol::VBep20._addReserves(uint256)
 writer effect     -> contracts/Tokens/VTokens/VToken.sol:463
 written member    -> ('SV', 'contracts/Tokens/VTokens/VTokenInterfaces.sol', 'VTokenStorage.borrowIndex')
 potentially stale -> ('SV', 'contracts/Tokens/VTokens/VTokenInterfaces.sol', 'VTokenStorage.accrualBlockNumber')
 reader witnesses  -> 283
 storage exposures -> 11
[MV-SI candidate dfbb5a56a466c6131919] {accountTokens[$arg0], initialExchangeRateMantissa}
 writer root       -> contracts/test/VBep20Harness.sol::VEvil.evilSeize(VToken,address,address,uint256)
 writer effect     -> contracts/Tokens/VTokens/VToken.sol:1356
 written member    -> ('MS', 'contracts/Tokens/VTokens/VTokenInterfaces.sol', 'VTokenStorage.accountTokens', '$arg0')
 potentially stale -> ('SV', 'contracts/Tokens/VTokens/VTokenInterfaces.sol', 'VTokenStorage.initialExchangeRateMantissa')
 reader witnesses  -> 51
 storage exposures -> 1
[MV-SI candidate e047bd1a14e6ae479ce7] {venusBorrowState, venusBorrowerIndex[$arg0][$arg1]}
 writer root       -> contracts/Comptroller/Diamond/facets/RewardFacet.sol::RewardFacet.claimVenus(address,VToken[])
 writer effect     -> contracts/Comptroller/Diamond/facets/XVSRewardsHelper.sol:43
 written member    -> ('SV', 'contracts/Comptroller/ComptrollerStorage.sol', 'ComptrollerV1Storage.venusBorrowState')
 potentially stale -> ('MS', 'contracts/Comptroller/ComptrollerStorage.sol', 'ComptrollerV1Storage.venusBorrowerIndex', '$arg0][$arg1')
 reader witnesses  -> 8
 storage exposures -> 3
[MV-SI candidate e04d6e0ce517ae5b35c2] {accrualBlockNumber, borrowIndex}
 writer root       -> contracts/test/MockVBNB.sol::MockVBNB.redeemUnderlying(uint256)
 writer effect     -> contracts/Tokens/VTokens/VToken.sol:463
 written member    -> ('SV', 'contracts/Tokens/VTokens/VTokenInterfaces.sol', 'VTokenStorage.borrowIndex')
 potentially stale -> ('SV', 'contracts/Tokens/VTokens/VTokenInterfaces.sol', 'VTokenStorage.accrualBlockNumber')
 reader witnesses  -> 17
 storage exposures -> 1
[MV-SI candidate e08b269f908194742ab0] {venusBorrowState, venusBorrowerIndex[$arg0][$arg1]}
 writer root       -> contracts/Comptroller/Diamond/facets/PolicyFacet.sol::PolicyFacet.repayBorrowAllowed(address,address,address,uint256)
 writer effect     -> contracts/Comptroller/Diamond/facets/XVSRewardsHelper.sol:46
 written member    -> ('SV', 'contracts/Comptroller/ComptrollerStorage.sol', 'ComptrollerV1Storage.venusBorrowState')
 potentially stale -> ('MS', 'contracts/Comptroller/ComptrollerStorage.sol', 'ComptrollerV1Storage.venusBorrowerIndex', '$arg0][$arg1')
 reader witnesses  -> 10
 storage exposures -> 4
[MV-SI candidate e1c18e8556983aa4c449] {accrualBlockNumber, borrowIndex}
 writer root       -> contracts/Tokens/VTokens/VBep20.sol::VBep20.repayBorrowBehalf(address,uint256)
 writer effect     -> contracts/Tokens/VTokens/VToken.sol:462
 written member    -> ('SV', 'contracts/Tokens/VTokens/VTokenInterfaces.sol', 'VTokenStorage.accrualBlockNumber')
 potentially stale -> ('SV', 'contracts/Tokens/VTokens/VTokenInterfaces.sol', 'VTokenStorage.borrowIndex')
 reader witnesses  -> 75
 storage exposures -> 11
[MV-SI candidate e3a4e6edf7efa2b7ed1d] {venusBorrowState, venusBorrowerIndex[$arg0][$arg1]}
 writer root       -> contracts/test/ComptrollerScenario.sol::ComptrollerScenario.refreshVenusSpeeds()
 writer effect     -> contracts/Comptroller/Diamond/facets/XVSRewardsHelper.sol:43
 written member    -> ('SV', 'contracts/Comptroller/ComptrollerStorage.sol', 'ComptrollerV1Storage.venusBorrowState')
 potentially stale -> ('MS', 'contracts/Comptroller/ComptrollerStorage.sol', 'ComptrollerV1Storage.venusBorrowerIndex', '$arg0][$arg1')
 reader witnesses  -> 4
 storage exposures -> 1
[MV-SI candidate e3c6a97d449994622e92] {accrualBlockNumber, borrowIndex}
 writer root       -> contracts/Tokens/VTokens/VToken.sol::VToken._reduceReserves(uint256)
 writer effect     -> contracts/Tokens/VTokens/VToken.sol:463
 written member    -> ('SV', 'contracts/Tokens/VTokens/VTokenInterfaces.sol', 'VTokenStorage.borrowIndex')
 potentially stale -> ('SV', 'contracts/Tokens/VTokens/VTokenInterfaces.sol', 'VTokenStorage.accrualBlockNumber')
 reader witnesses  -> 328
 storage exposures -> 14
[MV-SI candidate e46e2a81f9594f0828c7] {venusSupplierIndex[$arg0][$arg1], venusSupplyState}
 writer root       -> contracts/test/ComptrollerHarness.sol::ComptrollerHarness.harnessRefreshVenusSpeeds()
 writer effect     -> contracts/Comptroller/Diamond/facets/XVSRewardsHelper.sol:64
 written member    -> ('SV', 'contracts/Comptroller/ComptrollerStorage.sol', 'ComptrollerV1Storage.venusSupplyState')
 potentially stale -> ('MS', 'contracts/Comptroller/ComptrollerStorage.sol', 'ComptrollerV1Storage.venusSupplierIndex', '$arg0][$arg1')
 reader witnesses  -> 16
 storage exposures -> 1
[MV-SI candidate e49c46885a34b13c89c6] {_facetAddresses, _facetFunctionSelectors}
 writer root       -> contracts/Comptroller/Diamond/Diamond.sol::Diamond.diamondCut(IDiamondCut.FacetCut[])
 writer effect     -> contracts/Comptroller/Diamond/Diamond.sol:230
 written member    -> ('SV', 'contracts/Comptroller/ComptrollerStorage.sol', 'ComptrollerV13Storage._facetFunctionSelectors')
 potentially stale -> ('SV', 'contracts/Comptroller/ComptrollerStorage.sol', 'ComptrollerV13Storage._facetAddresses')
 reader witnesses  -> 24
 storage exposures -> 2
[MV-SI candidate e6c685f41b7043c84348] {venusSupplierIndex[$arg0][$arg1], venusSupplyState}
 writer root       -> contracts/test/ComptrollerScenario.sol::ComptrollerScenario.refreshVenusSpeeds()
 writer effect     -> contracts/Comptroller/Diamond/facets/XVSRewardsHelper.sol:67
 written member    -> ('SV', 'contracts/Comptroller/ComptrollerStorage.sol', 'ComptrollerV1Storage.venusSupplyState')
 potentially stale -> ('MS', 'contracts/Comptroller/ComptrollerStorage.sol', 'ComptrollerV1Storage.venusSupplierIndex', '$arg0][$arg1')
 reader witnesses  -> 12
 storage exposures -> 1
[MV-SI candidate e89ad0b14b1c5fa1a0f8] {_facetFunctionSelectors, _selectorToFacetAndPosition}
 writer root       -> contracts/Comptroller/Diamond/Diamond.sol::Diamond.diamondCut(IDiamondCut.FacetCut[])
 writer effect     -> contracts/Comptroller/Diamond/Diamond.sol:198
 written member    -> ('SV', 'contracts/Comptroller/ComptrollerStorage.sol', 'ComptrollerV13Storage._selectorToFacetAndPosition')
 potentially stale -> ('SV', 'contracts/Comptroller/ComptrollerStorage.sol', 'ComptrollerV13Storage._facetFunctionSelectors')
 reader witnesses  -> 26
 storage exposures -> 2
[MV-SI candidate e8c74f3f73e92ae8aa96] {venusSupplierIndex[$arg0][$arg1], venusSupplyState}
 writer root       -> contracts/Comptroller/Diamond/facets/PolicyFacet.sol::PolicyFacet.redeemAllowed(address,address,uint256)
 writer effect     -> contracts/Comptroller/Diamond/facets/XVSRewardsHelper.sol:65
 written member    -> ('SV', 'contracts/Comptroller/ComptrollerStorage.sol', 'ComptrollerV1Storage.venusSupplyState')
 potentially stale -> ('MS', 'contracts/Comptroller/ComptrollerStorage.sol', 'ComptrollerV1Storage.venusSupplierIndex', '$arg0][$arg1')
 reader witnesses  -> 26
 storage exposures -> 4
[MV-SI candidate e9097a5cea1a20b1c6d6] {accrualBlockNumber, borrowIndex}
 writer root       -> contracts/test/MockVBNB.sol::MockVBNB.repayBorrowBehalf(address)
 writer effect     -> contracts/Tokens/VTokens/VToken.sol:463
 written member    -> ('SV', 'contracts/Tokens/VTokens/VTokenInterfaces.sol', 'VTokenStorage.borrowIndex')
 potentially stale -> ('SV', 'contracts/Tokens/VTokens/VTokenInterfaces.sol', 'VTokenStorage.accrualBlockNumber')
 reader witnesses  -> 17
 storage exposures -> 1
[MV-SI candidate e97fe1d4cf8badf87674] {venusBorrowState, venusBorrowerIndex[$arg0][$arg1]}
 writer root       -> contracts/Comptroller/Diamond/facets/RewardFacet.sol::RewardFacet.claimVenus(address[],VToken[],bool,bool)
 writer effect     -> contracts/Comptroller/Diamond/facets/XVSRewardsHelper.sol:46
 written member    -> ('SV', 'contracts/Comptroller/ComptrollerStorage.sol', 'ComptrollerV1Storage.venusBorrowState')
 potentially stale -> ('MS', 'contracts/Comptroller/ComptrollerStorage.sol', 'ComptrollerV1Storage.venusBorrowerIndex', '$arg0][$arg1')
 reader witnesses  -> 8
 storage exposures -> 3
[MV-SI candidate ea86239ee9aaf81f6008] {venusSupplierIndex[$arg0][$arg1], venusSupplyState}
 writer root       -> contracts/Comptroller/Diamond/facets/RewardFacet.sol::RewardFacet.claimVenus(address[],VToken[],bool,bool)
 writer effect     -> contracts/Comptroller/Diamond/facets/XVSRewardsHelper.sol:65
 written member    -> ('SV', 'contracts/Comptroller/ComptrollerStorage.sol', 'ComptrollerV1Storage.venusSupplyState')
 potentially stale -> ('MS', 'contracts/Comptroller/ComptrollerStorage.sol', 'ComptrollerV1Storage.venusSupplierIndex', '$arg0][$arg1')
 reader witnesses  -> 20
 storage exposures -> 3
[MV-SI candidate ecd0265e9d1e6b40bf6f] {venusSupplierIndex[$arg0][$arg1], venusSupplyState}
 writer root       -> contracts/Comptroller/Diamond/facets/PolicyFacet.sol::PolicyFacet._setVenusSpeeds(VToken[],uint256[],uint256[])
 writer effect     -> contracts/Comptroller/Diamond/facets/XVSRewardsHelper.sol:65
 written member    -> ('SV', 'contracts/Comptroller/ComptrollerStorage.sol', 'ComptrollerV1Storage.venusSupplyState')
 potentially stale -> ('MS', 'contracts/Comptroller/ComptrollerStorage.sol', 'ComptrollerV1Storage.venusSupplierIndex', '$arg0][$arg1')
 reader witnesses  -> 26
 storage exposures -> 4
[MV-SI candidate edabb18128dfd083da61] {balanceOf, totalSupply}
 writer root       -> contracts/Tokens/VAI/VAIController.sol::VAIController.liquidateVAI(address,uint256,VTokenInterface)
 writer effect     -> contracts/Tokens/VAI/VAI.sol:110
 written member    -> ('SV', 'contracts/Tokens/VAI/VAI.sol', 'VAI.totalSupply')
 potentially stale -> ('SV', 'contracts/Tokens/VAI/VAI.sol', 'VAI.balanceOf')
 reader witnesses  -> 116
 storage exposures -> 1
[MV-SI candidate ee3db99b32e3da1aed1d] {venusBorrowState, venusBorrowerIndex[$arg0][$arg1]}
 writer root       -> contracts/Comptroller/Diamond/facets/PolicyFacet.sol::PolicyFacet.borrowAllowed(address,address,uint256)
 writer effect     -> contracts/Comptroller/Diamond/facets/XVSRewardsHelper.sol:43
 written member    -> ('SV', 'contracts/Comptroller/ComptrollerStorage.sol', 'ComptrollerV1Storage.venusBorrowState')
 potentially stale -> ('MS', 'contracts/Comptroller/ComptrollerStorage.sol', 'ComptrollerV1Storage.venusBorrowerIndex', '$arg0][$arg1')
 reader witnesses  -> 10
 storage exposures -> 4
[MV-SI candidate eeb9d23a158c619763e9] {closeFactorMantissa, liquidationIncentiveMantissa, markets, vaiMintRate, venusVAIVaultRate}
 writer root       -> contracts/Comptroller/Diamond/facets/SetterFacet.sol::SetterFacet._setVAIMintRate(uint256)
 writer effect     -> contracts/Comptroller/Diamond/facets/SetterFacet.sol:405
 written member    -> ('SV', 'contracts/Comptroller/ComptrollerStorage.sol', 'ComptrollerV1Storage.vaiMintRate')
 potentially stale -> ('SV', 'contracts/Comptroller/ComptrollerStorage.sol', 'ComptrollerV1Storage.closeFactorMantissa'), ('SV', 'contracts/Comptroller/ComptrollerStorage.sol', 'ComptrollerV1Storage.liquidationIncentiveMantissa'), ('SV', 'contracts/Comptroller/ComptrollerStorage.sol', 'ComptrollerV1Storage.markets'), ('SV', 'contracts/Comptroller/ComptrollerStorage.sol', 'ComptrollerV2Storage.venusVAIVaultRate')
 reader witnesses  -> 3
 storage exposures -> 3
[MV-SI candidate ef92504d9e177a532ee7] {venusBorrowState, venusBorrowerIndex[$arg0][$arg1]}
 writer root       -> contracts/test/ComptrollerHarness.sol::ComptrollerHarness.harnessDistributeBorrowerVenus(address,address,uint256)
 writer effect     -> contracts/Comptroller/Diamond/facets/XVSRewardsHelper.sol:112
 written member    -> ('MS', 'contracts/Comptroller/ComptrollerStorage.sol', 'ComptrollerV1Storage.venusBorrowerIndex', '$arg0][$arg1')
 potentially stale -> ('SV', 'contracts/Comptroller/ComptrollerStorage.sol', 'ComptrollerV1Storage.venusBorrowState')
 reader witnesses  -> 9
 storage exposures -> 1
[MV-SI candidate efa8752d6ad09e4a266b] {admin, owner}
 writer root       -> contracts/XVSVault/XVSStore.sol::XVSStore.acceptAdmin()
 writer effect     -> contracts/XVSVault/XVSStore.sol:69
 written member    -> ('SV', 'contracts/XVSVault/XVSStore.sol', 'XVSStore.admin')
 potentially stale -> ('SV', 'contracts/XVSVault/XVSStore.sol', 'XVSStore.owner')
 reader witnesses  -> 3
 storage exposures -> 1
[MV-SI candidate f1519d3eb1e9cb42d182] {accountTokens[$arg0], initialExchangeRateMantissa}
 writer root       -> contracts/Tokens/VTokens/VBep20.sol::VBep20.mint(uint256)
 writer effect     -> contracts/Tokens/VTokens/VToken.sol:686
 written member    -> ('MS', 'contracts/Tokens/VTokens/VTokenInterfaces.sol', 'VTokenStorage.accountTokens', '$arg0')
 potentially stale -> ('SV', 'contracts/Tokens/VTokens/VTokenInterfaces.sol', 'VTokenStorage.initialExchangeRateMantissa')
 reader witnesses  -> 33
 storage exposures -> 11
[MV-SI candidate f3d3d940ae417cd25ff0] {allMarkets, venusSpeeds[@local::contracts/test/ComptrollerScenario.sol::ComptrollerScenario.refreshVenusSpeeds()::TemporaryVariable::TMP_9455]}
 writer root       -> contracts/Comptroller/Diamond/facets/MarketFacet.sol::MarketFacet._supportMarket(VToken)
 writer effect     -> contracts/Comptroller/Diamond/facets/MarketFacet.sol:222
 written member    -> ('SV', 'contracts/Comptroller/ComptrollerStorage.sol', 'ComptrollerV1Storage.allMarkets')
 potentially stale -> ('MS', 'contracts/Comptroller/ComptrollerStorage.sol', 'ComptrollerV1Storage.venusSpeeds', '@local::contracts/test/ComptrollerScenario.sol::ComptrollerScenario.refreshVenusSpeeds()::TemporaryVariable::TMP_9455')
 reader witnesses  -> 1
 storage exposures -> 1
[MV-SI candidate f5345c8a5ee721e39061] {accessControl, liquidatorContract, pauseGuardian, vaiVaultAddress}
 writer root       -> contracts/Comptroller/Diamond/facets/SetterFacet.sol::SetterFacet._setLiquidatorContract(address)
 writer effect     -> contracts/Comptroller/Diamond/facets/SetterFacet.sol:263
 written member    -> ('SV', 'contracts/Comptroller/ComptrollerStorage.sol', 'ComptrollerV6Storage.liquidatorContract')
 potentially stale -> ('SV', 'contracts/Comptroller/ComptrollerStorage.sol', 'ComptrollerV1Storage.pauseGuardian'), ('SV', 'contracts/Comptroller/ComptrollerStorage.sol', 'ComptrollerV2Storage.vaiVaultAddress'), ('SV', 'contracts/Comptroller/ComptrollerStorage.sol', 'ComptrollerV9Storage.accessControl')
 reader witnesses  -> 142
 storage exposures -> 4
[MV-SI candidate f5dd97ba863c8a185aee] {accrualBlockNumber, borrowIndex}
 writer root       -> contracts/test/VBep20Harness.sol::VBep20Harness.harnessSetAccrualBlockNumber(uint256)
 writer effect     -> contracts/test/VBep20Harness.sol:59
 written member    -> ('SV', 'contracts/Tokens/VTokens/VTokenInterfaces.sol', 'VTokenStorage.accrualBlockNumber')
 potentially stale -> ('SV', 'contracts/Tokens/VTokens/VTokenInterfaces.sol', 'VTokenStorage.borrowIndex')
 reader witnesses  -> 9
 storage exposures -> 1
[MV-SI candidate f625fa4eed95b0ae6d73] {accrualBlockNumber, borrowIndex}
 writer root       -> contracts/test/VBep20Harness.sol::VBep20DelegateHarness.harnessSetBorrowIndex(uint256)
 writer effect     -> contracts/test/VBep20Harness.sol:381
 written member    -> ('SV', 'contracts/Tokens/VTokens/VTokenInterfaces.sol', 'VTokenStorage.borrowIndex')
 potentially stale -> ('SV', 'contracts/Tokens/VTokens/VTokenInterfaces.sol', 'VTokenStorage.accrualBlockNumber')
 reader witnesses  -> 33
 storage exposures -> 1
[MV-SI candidate f84a1a93f42874b32c1a] {accrualBlockNumber, borrowIndex}
 writer root       -> contracts/test/MockVBNB.sol::MockVBNB.fallback()
 writer effect     -> contracts/Tokens/VTokens/VToken.sol:462
 written member    -> ('SV', 'contracts/Tokens/VTokens/VTokenInterfaces.sol', 'VTokenStorage.accrualBlockNumber')
 potentially stale -> ('SV', 'contracts/Tokens/VTokens/VTokenInterfaces.sol', 'VTokenStorage.borrowIndex')
 reader witnesses  -> 4
 storage exposures -> 1
[MV-SI candidate f9fc674275dd6233c5c9] {accountTokens[$arg0], initialExchangeRateMantissa}
 writer root       -> contracts/Tokens/VTokens/VToken.sol::VToken.transferFrom(address,address,uint256)
 writer effect     -> contracts/Tokens/VTokens/VToken.sol:591
 written member    -> ('MS', 'contracts/Tokens/VTokens/VTokenInterfaces.sol', 'VTokenStorage.accountTokens', '$arg0')
 potentially stale -> ('SV', 'contracts/Tokens/VTokens/VTokenInterfaces.sol', 'VTokenStorage.initialExchangeRateMantissa')
 reader witnesses  -> 87
 storage exposures -> 13
[MV-SI candidate fa0416d10f5ca8624524] {venusSupplierIndex[$arg0][$arg1], venusSupplyState}
 writer root       -> contracts/test/ComptrollerHarness.sol::ComptrollerHarness.harnessAddVenusMarkets(address[])
 writer effect     -> contracts/Comptroller/Diamond/facets/XVSRewardsHelper.sol:65
 written member    -> ('SV', 'contracts/Comptroller/ComptrollerStorage.sol', 'ComptrollerV1Storage.venusSupplyState')
 potentially stale -> ('MS', 'contracts/Comptroller/ComptrollerStorage.sol', 'ComptrollerV1Storage.venusSupplierIndex', '$arg0][$arg1')
 reader witnesses  -> 8
 storage exposures -> 1
[MV-SI candidate fa96f5318997dcb900ec] {accrualBlockNumber, borrowIndex}
 writer root       -> contracts/Tokens/VTokens/VBep20.sol::VBep20.repayBorrow(uint256)
 writer effect     -> contracts/Tokens/VTokens/VToken.sol:462
 written member    -> ('SV', 'contracts/Tokens/VTokens/VTokenInterfaces.sol', 'VTokenStorage.accrualBlockNumber')
 potentially stale -> ('SV', 'contracts/Tokens/VTokens/VTokenInterfaces.sol', 'VTokenStorage.borrowIndex')
 reader witnesses  -> 75
 storage exposures -> 11
[MV-SI candidate fdd908fa64d8595c1239] {balanceOf, totalSupply}
 writer root       -> contracts/test/VAIHarness.sol::VAIScenario.harnessIncrementTotalSupply(uint256)
 writer effect     -> contracts/test/VAIHarness.sol:19
 written member    -> ('SV', 'contracts/Tokens/VAI/VAI.sol', 'VAI.totalSupply')
 potentially stale -> ('SV', 'contracts/Tokens/VAI/VAI.sol', 'VAI.balanceOf')
 reader witnesses  -> 22
 storage exposures -> 1
[MV-SI candidate fe453b08101ecd8c5387] {venusBorrowState, venusBorrowerIndex[$arg0][$arg1]}
 writer root       -> contracts/test/ComptrollerHarness.sol::ComptrollerHarness.harnessUpdateVenusBorrowIndex(address,uint256)
 writer effect     -> contracts/Comptroller/Diamond/facets/XVSRewardsHelper.sol:43
 written member    -> ('SV', 'contracts/Comptroller/ComptrollerStorage.sol', 'ComptrollerV1Storage.venusBorrowState')
 potentially stale -> ('MS', 'contracts/Comptroller/ComptrollerStorage.sol', 'ComptrollerV1Storage.venusBorrowerIndex', '$arg0][$arg1')
 reader witnesses  -> 4
 storage exposures -> 1
[MV-SI candidate fec19554649e7b130f37] {closeFactorMantissa, liquidationIncentiveMantissa, markets, vaiMintRate, venusVAIVaultRate}
 writer root       -> contracts/Comptroller/Diamond/facets/SetterFacet.sol::SetterFacet._setCloseFactor(uint256)
 writer effect     -> contracts/Comptroller/Diamond/facets/SetterFacet.sol:154
 written member    -> ('SV', 'contracts/Comptroller/ComptrollerStorage.sol', 'ComptrollerV1Storage.closeFactorMantissa')
 potentially stale -> ('SV', 'contracts/Comptroller/ComptrollerStorage.sol', 'ComptrollerV1Storage.liquidationIncentiveMantissa'), ('SV', 'contracts/Comptroller/ComptrollerStorage.sol', 'ComptrollerV1Storage.markets'), ('SV', 'contracts/Comptroller/ComptrollerStorage.sol', 'ComptrollerV1Storage.vaiMintRate'), ('SV', 'contracts/Comptroller/ComptrollerStorage.sol', 'ComptrollerV2Storage.venusVAIVaultRate')
 reader witnesses  -> 3
 storage exposures -> 3
[MV-SI candidate ff2585a3fc1aeab4c24f] {accountTokens[$arg0], initialExchangeRateMantissa}
 writer root       -> contracts/test/VBep20Harness.sol::VEvil.evilSeize(VToken,address,address,uint256)
 writer effect     -> contracts/Tokens/VTokens/VToken.sol:1357
 written member    -> ('MS', 'contracts/Tokens/VTokens/VTokenInterfaces.sol', 'VTokenStorage.accountTokens', '$arg0')
 potentially stale -> ('SV', 'contracts/Tokens/VTokens/VTokenInterfaces.sol', 'VTokenStorage.initialExchangeRateMantissa')
 reader witnesses  -> 51
 storage exposures -> 1Reference: https://github.com/crytic/slither/wiki/Detector-Documentation
INFO:Slither:. analyzed (297 contracts with 1 detectors), 510 result(s) found
