review_id,global_candidate_id,subject,packet,code4rena_report_url,label,nonbug_primary_cause,protocol_relation_supported,C1,C2,C3,C4,C5,review_complete,evidence_notes
W3B-0001,0011e984c8b15f2c09c60ce7ecbe5df0c904d4dda84e659678bb546b220f2655,45,web3bugs_packets/W3B-0001.json,https://code4rena.com/reports/2021-10-union,,,YES,,,,,,Y,Pass at corrective-transition granularity: Union H-01 is the accountBorrows/borrowIndex/accrualBlockNumber indexed-debt defect. borrow consumes debt under the old global index before accrueInterest refreshes it; this packet serializes the same corrective checkpoint at the immediately adjacent accrualBlockNumber write.
W3B-0002,005d4c0baada3a52cff5427b5fdb82104197515db26a9b9b759656ce100249e5,45,web3bugs_packets/W3B-0002.json,https://code4rena.com/reports/2021-10-union,NONBUG,no_desynchronizing_partial_transition,YES,,,N,,,Y,"C3 fails: overdueBlocks is a fixed delinquency threshold. Repayment updates the borrower's accountBorrows snapshot/interest state, while checkIsOverdue correctly evaluates the resulting borrower state against the unchanged global threshold."
W3B-0003,006f6dd6ae3459fa17d18cbac910d417516605492473687000ea5d9108352b35,26,web3bugs_packets/W3B-0003.json,https://code4rena.com/reports/2021-08-realitycards,NONBUG,no_desynchronizing_partial_transition,YES,,,N,,,Y,C3 fails: removing an orderbook bid changes user structure while marketCloseLimit remains the fixed close-market work bound; bid-count changes do not require changing that policy limit.
W3B-0004,009dd6c8922a7f391077988dfbd884c74daf8af19480b92a7ae372f99d03489c,49,web3bugs_packets/W3B-0004.json,https://code4rena.com/reports/2021-11-overlay,NONBUG,unsupported_or_overbroad_relation,NO,,N,,,,Y,"C2 fails: impactCycloid/impactRollers track rolling market-impact state, while the brrrrd accumulator/cycloid/rollers/expected fields track the separate monetary-policy issuance window. They are consumed together downstream but are not one synchronized invariant requiring co-update."
W3B-0005,00c5b47d4670538d2bb327050856d02de2b5d90cef7de06142e25898b446463f,26,web3bugs_packets/W3B-0005.json,https://code4rena.com/reports/2021-08-realitycards,NONBUG,no_desynchronizing_partial_transition,YES,,,N,,,Y,"C3 fails: _updateBidInOrderbook rewires linked-list Bid fields while the affected bid records remain at the same user-array/index slots; closedMarkets, userClosedMarketIndex, and market configuration are separate lifecycle/configuration state and need not change."
W3B-0006,01110e94a0cbec852aa1d4232d314404b8bfbfb8a554d621e0008d9d788162a4,107,web3bugs_packets/W3B-0006.json,https://code4rena.com/reports/2022-04-jpegd,NONBUG,no_desynchronizing_partial_transition,YES,,,N,,,Y,"C3 fails: closePosition first accrues and requires _getDebtAmount(_nftIndex) == 0; that helper floors against debtPrincipal, so a position cannot be deleted with outstanding principal merely from portion-rounding. Repay/liquidation already reconcile totalDebtPortion/totalDebtAmount before a debt-free position is closable."
W3B-0007,013968e07bd421e12eb30e14fb6ac5bd700d03c272603627c55746db88bc8c6e,26,web3bugs_packets/W3B-0007.json,https://code4rena.com/reports/2021-08-realitycards,NONBUG,unsupported_or_overbroad_relation,NO,,N,,,,Y,C2 fails: cleaningLoops is only a garbage-collection work bound for cleanWastePile. Mutating/removing orderbook records does not establish an invariant requiring this policy limit to co-update.
W3B-0008,01823c9ec7c51ced53cefee4a432974c8580aec9dca01c02c201d82b804d56b5,105,web3bugs_packets/W3B-0008.json,https://code4rena.com/reports/2022-03-paladin,,,YES,,,,,,Y,"Pass at corrective-transition granularity: this is the same Paladin rate/checkpoint MV-SI recovered in W3B-0033/W3B-0050. _updateRewardState obtains the newly updated currentDropPerSecond, applies it over the full interval since the old lastRewardUpdate when computing rewardIndex, and only then persists lastRewardUpdate."
W3B-0009,01b772a07f60d6eb3adac75ec29fc47e4bbe8077914aaf2161addcffd1cb7c1d,76,web3bugs_packets/W3B-0009.json,https://code4rena.com/reports/2022-01-sherlock,NONBUG,reconciliation_precedes_consumption,YES,,,N,,,Y,"C3 fails: _settleProtocolDebt computes debt from the existing premium/checkpoint, updates activeBalances, and then advances lastAccountedEachProtocol in the same settlement before returning. premiums_ remains the applicable rate rather than stale mirrored state."
W3B-0010,01c6f881c873d0d5936a64a8dcd92e791b130c26bd534733ef9fbb990e4d6fd6,26,web3bugs_packets/W3B-0010.json,https://code4rena.com/reports/2021-08-realitycards,NONBUG,no_desynchronizing_partial_transition,YES,,,N,,,Y,C3 fails: cleanWastePile removes/reindexes orderbook records while marketCloseLimit remains the fixed close-market processing bound; cleanup does not require changing that policy parameter.
W3B-0011,022879079c90a4a001b4ff62187104fd7ca7da49554c6c7a1799524a226909ba,105,web3bugs_packets/W3B-0011.json,https://code4rena.com/reports/2022-03-paladin,,,YES,,,,,,Y,"Pass as the established Paladin rate/checkpoint MV-SI: when _updateDropPerSecond snaps currentDropPerSecond to endDropPerSecond, _updateRewardState subsequently applies that new rate to the entire elapsed interval since the old lastRewardUpdate before advancing rewardIndex/checkpoint state."
W3B-0012,02294a81a610742238037208c96c482b018d5906a82a4ba376de1ce3bd989d3a,22,web3bugs_packets/W3B-0012.json,https://code4rena.com/reports/2021-08-floatcapital,,,YES,,,,,,Y,"Pass: Float L-06 directly matches this marketLaunchIncentive period/multiplier versus accumulative snapshot relation. Governance can replace the incentive parameters while _getKValue remains anchored to the original snapshot timestamp, so the new parameters are interpreted against stale temporal state."
W3B-0013,0234668543cbc625ef0f38a59a1b7e46c4dcbe71d9b94d5dac6339f55e76ef51,112,web3bugs_packets/W3B-0013.json,https://code4rena.com/reports/2022-04-backd,,,YES,,,,,,Y,"Pass at inverse-transition granularity: Backd M-16 is the boostFactors/config inconsistency. If the original START_BOOST is zero, governance can reinitialize and change boost configuration after user boostFactors/checkpoints exist; computeNewBoost later combines those persisted checkpoints with the changed START_BOOST/configuration."
W3B-0014,024261615185c6552d9b9be9c3fc55889429efc5163c6f8d0366e6298c9a6cb7,143,web3bugs_packets/W3B-0014.json,https://code4rena.com/reports/2022-07-juicebox,NONBUG,no_desynchronizing_partial_transition,YES,,,N,,,Y,"C3 fails: requireClaimFor is persistent project-level minting policy, whereas tokenOf selects the project's current claimable token. Replacing/removing the token intentionally preserves that policy; mintFor additionally requires a nonzero token before claimed minting."
W3B-0015,02823038402b2464a32e622212cb84c825ff233dfdf506f91ca0ed7c9661702f,45,web3bugs_packets/W3B-0015.json,https://code4rena.com/reports/2021-10-union,,,YES,,,,,,Y,"Pass at broader corrective-transition granularity: Union H-01 is the accountBorrows/borrowIndex/accrualBlockNumber defect, with maxBorrow participating in the stale pre-accrual borrow check. This packet serializes the adjacent accrualBlockNumber checkpoint inside accrueInterest; the semantic core and downstream stale-debt consumption are the same defect surface."
W3B-0016,028fb13d49aaa98197e857cba1e557e48669540a8061ebeae6a79c4de4fd7a1b,79,web3bugs_packets/W3B-0016.json,https://code4rena.com/reports/2022-01-trader-joe,NONBUG,incompatible_context_key_or_ordering,YES,,,N,,,Y,"C3 fails in the candidate relation: emergencyWithdraw is callable only when stopped=true, whereas createPair and the cited floorPrice/tokenReserve consumption require stopped=false. The reserve reduction therefore cannot flow into that reader before reconciliation/lifecycle reset; Trader Joe H-01 instead depends on stale user deposit entitlement after createPair, which is not a member of this bucket."
W3B-0017,02a2edc7ea101c24ce6b8f557dce01796bd177f59e059076154d906fb36a380e,105,web3bugs_packets/W3B-0017.json,https://code4rena.com/reports/2022-03-paladin,NONBUG,no_desynchronizing_partial_transition,YES,,,N,,,Y,C3 fails: unlock changes lock/encumbrance metadata (ultimately appending an empty UserLock) while the user's hPAL balance intentionally remains unchanged; releasing a lock does not require changing the ERC20 balance.
W3B-0018,02c2a34cf10d401a201f4f1e9e15c56278f9e5797ab1eed506000c66fdbf3db7,22,web3bugs_packets/W3B-0018.json,https://code4rena.com/reports/2021-08-floatcapital,,,YES,,,,,,Y,"Pass: Float M-06 direct recovery—_shiftPositionNextPrice stores the user's pending cursor at marketUpdateIndex + 1, while settlement requires that cursor <= marketUpdateIndex; on a no-price-change path the global index never advances, so the pending action remains stuck."
W3B-0019,0300e7704d3477ab93b048436edb3194c70a4b8a91f4c8cc17242755abf0700d,105,web3bugs_packets/W3B-0019.json,https://code4rena.com/reports/2022-03-paladin,NONBUG,analysis_abstraction_error,YES,,,N,,,Y,C3 fails: the serialized writer at _getUserAccruedRewards line 809 is a read-only userLocks.length condition; the reward helper does not perform the claimed persistent userLocks write.
W3B-0020,0318b6a99cfa3dce0a939bfabf547d4f624c6d875fa998414b60b7194fff4e51,107,web3bugs_packets/W3B-0020.json,https://code4rena.com/reports/2022-04-jpegd,NONBUG,no_desynchronizing_partial_transition,YES,,,N,,,Y,"C3 fails: the actual writer changes settings.insurancePurchaseRate, an insurance-fee policy, while nftValueETH/nftTypeValueETH are valuation inputs. Those values do not require co-update when the insurance purchase fee changes."
W3B-0021,03375cf6140cc18e0ebdeb5b353fd72f880da37981a9aca26ea1f6603e43e20c,107,web3bugs_packets/W3B-0021.json,https://code4rena.com/reports/2022-04-jpegd,NONBUG,no_desynchronizing_partial_transition,YES,,,N,,,Y,"C3 fails: creditLimitRate is a global borrowing-policy parameter applied against existing positions; changing that prospective limit does not require rewriting position debt/lifecycle records. The JPEG'd accrual defect concerns debtInterestApr, not this setting."
W3B-0022,035a2caecaf91931abeb44dee4e0335a41e6effabdc2dd41fc8725027d8570a7,105,web3bugs_packets/W3B-0022.json,https://code4rena.com/reports/2022-03-paladin,NONBUG,analysis_abstraction_error,YES,,,N,,,Y,"C3 fails: line 813 writes only the memory field vars.lastUserLockIndex after reading userLocks.length; it does not mutate persistent userLocks, so the claimed state write is an analysis abstraction error."
W3B-0023,035c02d4ad8198616138439a4b27448373f94050a7df1089e022bc0de0a7b895,12,web3bugs_packets/W3B-0023.json,https://code4rena.com/reports/2021-05-yield,NONBUG,no_desynchronizing_partial_transition,YES,,,N,,,Y,"C3 fails: _give changes only the vault owner; the vault's seriesId is preserved, so the reference from that vault to its configured series remains intact and no series entry should change."
W3B-0024,0375fe6c83a57893a8962f70d3d758d4c28d31da0ac7a4c781ab5e63df5eb832,105,web3bugs_packets/W3B-0024.json,https://code4rena.com/reports/2022-03-paladin,NONBUG,no_desynchronizing_partial_transition,YES,,,N,,,Y,C3 fails: endDropPerSecond is the fixed target for the emission schedule; updating currentDropPerSecond toward or exactly to that target does not require changing endDropPerSecond. Paladin H-01 instead concerns the time checkpoint/rounding used to perform those rate updates.
W3B-0025,03cc03947c071484987458ee7108d153a952c2f8ad6c1ef5f765ff71ff9e1ef8,5,web3bugs_packets/W3B-0025.json,https://code4rena.com/reports/2021-04-vader,NONBUG,no_desynchronizing_partial_transition,YES,,,N,,,Y,"C3 fails: totalSupply is expected to change under the fixed maxSupply/emission policy; _mint caps the amount against maxSupply before the supply write, so baseline, emissionCurve, and maxSupply do not require co-update."
W3B-0026,03cd3bb71c222b1dd5c63cc8ca79fd2c8eb4e071ff500b8f99de21e6c3e0edc6,105,web3bugs_packets/W3B-0026.json,https://code4rena.com/reports/2022-03-paladin,NONBUG,analysis_abstraction_error,YES,,,N,,,Y,"C3 fails: _availableBalanceOf is a view helper; line 708 only tests userLocks.length and the function only reads userLocks/balanceOf, so the claimed persistent userLocks write is an analysis abstraction error."
W3B-0027,03ddfb83dd1a7f0bc8cfa8097a3d5193a9bd7a0451080a6a29cf28b719376dad,105,web3bugs_packets/W3B-0027.json,https://code4rena.com/reports/2022-03-paladin,NONBUG,no_desynchronizing_partial_transition,YES,,,N,,,Y,C3 fails: _lock intentionally changes how much of an existing hPAL balance is encumbered without changing the ERC20 balance itself; balance and userLocks are not mirrored quantities that must co-update.
W3B-0028,03e139686a4fd59045e1d29a652024f3f2c4b3d5baaf6a7b841476d30bc3e964,112,web3bugs_packets/W3B-0028.json,https://code4rena.com/reports/2022-04-backd,NONBUG,reconciliation_precedes_consumption,YES,,,N,,,Y,"C3 fails: _userCheckpoint consumes the old balance/lastUpdated against lastMigrationEvent to settle current and migrated reward integrals, then advances lastUpdated and writes the new boost/balance in the same checkpoint before return."
W3B-0029,047e113b7a9e277dc6707a96c26657a2a40a07b361af4e6715e318433d271196,45,web3bugs_packets/W3B-0029.json,https://code4rena.com/reports/2021-10-union,NONBUG,no_desynchronizing_partial_transition,YES,,,N,,,Y,C3 fails: overdueBlocks is a fixed policy threshold compared with each borrower's repayment age; updating accountBorrows does not require changing that global threshold.
W3B-0030,04ea1a47ada7baef4655f084bdfd32f970b7ca791c84d26a289e3226ccc0f87e,45,web3bugs_packets/W3B-0030.json,https://code4rena.com/reports/2021-10-union,NONBUG,reconciliation_precedes_consumption,YES,,,N,,,Y,"C3 fails: debtWriteOff decrements balances[msg.sender][token] immediately before decrementing totalPrincipal[token] by the same amount, preserving the principal/balance accounting relation before any later withdrawal check."
W3B-0031,058df364544819425e06c38a057a7196ed5acb0efd83245f639036430e3227dd,53,web3bugs_packets/W3B-0031.json,https://code4rena.com/reports/2021-11-nested,NONBUG,reconciliation_precedes_consumption,YES,,,N,,,Y,"C3 fails: updateShareholder first replaces the selected shareholder's weight, recomputes the aggregate total including that new weight, and then writes totalWeights before any fee distribution can consume the pair; royaltiesWeight is unchanged."
W3B-0032,059f5fe515da28dad0a9c20b8a254038fdd161c46afb413026de8f8019d120a8,22,web3bugs_packets/W3B-0032.json,https://code4rena.com/reports/2021-08-floatcapital,NONBUG,reconciliation_precedes_consumption,YES,,,N,,,Y,"C3 fails: on the asset-price-change path, assetPrice is immediately followed by marketUpdateIndex++ before snapshots or settlements consume the new state. Float M-06 occurs on the different no-price-change return path where this assetPrice writer does not execute."
W3B-0033,05f9fe3f92af76cd5928803ff76001eb8844239806eb4095a94fd4e971105a6b,105,web3bugs_packets/W3B-0033.json,https://code4rena.com/reports/2022-03-paladin,,,YES,,,,,,Y,"Pass: same rate/checkpoint MV-SI as W3B-0050 in another feasible entrypoint—_updateRewardState updates/reads currentDropPerSecond first, applies that rate to the entire interval since the old lastRewardUpdate, then persists the advanced reward checkpoint."
W3B-0034,062b78d60a0af9fa64b4697fcfef67f6156b7d3d76c960fa345e8c5211a2741b,112,web3bugs_packets/W3B-0034.json,https://code4rena.com/reports/2022-04-backd,NONBUG,no_desynchronizing_partial_transition,YES,,,N,,,Y,"C3 fails: reportFees is supposed to add each beneficiary's fees to the current epoch bucket; epoch is the fixed period key, and changing feesInPeriod[epoch] does not require advancing that period."
W3B-0035,06863302e67548a482cbd2973af3c34a4ecb4e2ea885cb201626fa8991fe4c36,26,web3bugs_packets/W3B-0035.json,https://code4rena.com/reports/2021-08-realitycards,NONBUG,reconciliation_precedes_consumption,YES,,,N,,,Y,"C3 fails: cleanWastePile overwrites/pops the user record, clears the removed index, and reindexes any record moved into the vacated slot in the same cleanup branch before closeMarket can consume the user/index structure."
W3B-0036,06bededa4c1e96a54ae0965fb247ea4f1a665cb5a79f0b2b06556e3a6873f066,123,web3bugs_packets/W3B-0036.json,https://code4rena.com/reports/2022-05-aura,,,YES,,,,,,Y,"Pass: Aura H-01 direct recovery—an attacker-supplied high start index skips earlier rewardEpochs and _getReward persists the advanced userClaims cursor, forfeiting those skipped rewards."
W3B-0037,06de131dd4014f0342f0964a6b02bede9d5d6810ce3e0adb1dd673c7a2e90b7e,131,web3bugs_packets/W3B-0037.json,https://code4rena.com/reports/2022-05-backd,,,YES,,,,,,Y,"Pass at inverse-transition granularity: Backd M-16 is the boostFactors/_MAX_BOOST inconsistency—startBoost=0 permits governance to reinitialize and change maxBoost/increasePeriod after user boost checkpoints already exist, and computeNewBoost later combines those persisted checkpoints with the new configuration."
W3B-0038,06dea018d206a7566fc93866c4b4bd544da48204c75ffc6529db71bbc2ba8a61,76,web3bugs_packets/W3B-0038.json,https://code4rena.com/reports/2022-01-sherlock,NONBUG,reconciliation_precedes_consumption,YES,,,N,,,Y,"C3 fails: in the accounting-error branch _settleProtocolDebt calls _settleTotalDebt first, checkpointing lastClaimablePremiumsForStakers and lastAccountedGlobal; the reported write then corrects that checkpoint for the protocol shortfall rather than leaving the global premium state stale."
W3B-0039,073aa6c92d56f3dbf8964ca4c119cc81d8879583878b900adc8668c73563afae,35,web3bugs_packets/W3B-0039.json,https://code4rena.com/reports/2021-09-sushitrident-2,NONBUG,no_desynchronizing_partial_transition,YES,,,N,,,Y,"C3 fails: mint updates reserve records for tokens already in the pool; tokens is stable membership state and should not change when reserves change. The nearby Trident mint findings depend on reserve/LP-supply or first-liquidity value math, not stale token membership."
W3B-0040,0745354b8c9ee140f85a719c4de02fa7bc0aad7b41159784af03e6011650584d,57,web3bugs_packets/W3B-0040.json,https://code4rena.com/reports/2021-11-badgerzaps,NONBUG,no_desynchronizing_partial_transition,YES,,,N,,,Y,C3 fails: approved is an intentional authorization bypass while blockLock is a transient per-account same-block guard; setting the lock does not require changing whether the caller is globally approved.
W3B-0041,076c4265c4a612f428e416f91350031c7ec4aca19bda70784ade3e007f99a615,26,web3bugs_packets/W3B-0041.json,https://code4rena.com/reports/2021-08-realitycards,NONBUG,no_desynchronizing_partial_transition,YES,,,N,,,Y,C3 fails: adding/maintaining bids changes user orderbook state while marketCloseLimit remains the fixed work bound used by closeMarket; list growth does not require that policy limit to co-update. The serialized line 240 is itself only the first-bid length check.
W3B-0042,07886cad53c7de9c2df42d2dfe83f8643d67c26a09b28bae909ed82042b4081b,107,web3bugs_packets/W3B-0042.json,https://code4rena.com/reports/2022-04-jpegd,,,YES,,,,,,Y,"Pass at corrective-transition granularity: JPEG'd M-04 is the settings.debtInterestApr/totalDebtAccruedAt/totalDebtAmount checkpoint defect. A rate change can occur without accrual, and this accrue path later applies the new rate across the stale elapsed interval before advancing the checkpoint."
W3B-0043,0841348df66f9528cac94e122171a42afc2ead5eb6714799ba9605c1e0754c5e,131,web3bugs_packets/W3B-0043.json,https://code4rena.com/reports/2022-05-backd,NONBUG,reconciliation_precedes_consumption,YES,,,N,,,Y,C3 fails: _userCheckpoint consumes the old lastUpdated against lastMigrationEvent to account prior reward-token migrations before advancing lastUpdated; lastMigrationEvent is the historical migration boundary and correctly remains unchanged.
W3B-0044,086422ff7d04332c463b699e7f7e4099ba832fa436d5ca9212f5923c911f65dd,22,web3bugs_packets/W3B-0044.json,https://code4rena.com/reports/2021-08-floatcapital,NONBUG,no_desynchronizing_partial_transition,YES,,,N,,,Y,"C3 fails: initializing a market's marketUpdateIndex to 1 does not require changing assetPrice, the staker contract address, or absent users' next-price cursors. Float M-01 is the separate wrong market key passed to addNewStakingFund/_seedMarketInitially; this candidate does not represent that external keyed state as the omitted member."
W3B-0045,087a08ba5b08047828f88f6fe7ae59b58e895deb9566d0dbd6824406db2a31c0,26,web3bugs_packets/W3B-0045.json,https://code4rena.com/reports/2021-08-realitycards,NONBUG,no_desynchronizing_partial_transition,YES,,,N,,,Y,C3 fails: _processRentCollection advances per-card holding/accounting state toward a collection timestamp already capped by marketLockingTime; the locking timestamp is a fixed lifecycle boundary and does not change with each card accounting update.
W3B-0046,08904b583a518f975d87510b765e2a61a8a16d393da2a936fab7e16d1bc02ffd,26,web3bugs_packets/W3B-0046.json,https://code4rena.com/reports/2021-08-realitycards,NONBUG,no_desynchronizing_partial_transition,YES,,,N,,,Y,"C3 fails: maxDeletions is a fixed work bound, not state that must track each orderbook mutation. RealityCards H-01 is findNewOwner's boundary-condition error when a valid owner is found exactly on the final permitted deletion; cleanWastePile's user/index cleanup does not create a stale maxDeletions relation."
W3B-0047,08b94b8e1436bc8667651e3e968f9f941064bda64a717ddca8d33bfe50aa674e,76,web3bugs_packets/W3B-0047.json,https://code4rena.com/reports/2022-01-sherlock,NONBUG,reconciliation_precedes_consumption,YES,,,N,,,Y,C3 fails: _settleProtocolDebt applies accrued debt to activeBalances/non-staker accounting before advancing lastAccountedEachProtocol; the timestamp is the final checkpoint for state already settled under the current premium parameters.
W3B-0048,091ed3d0bfc6c5e5275284b8aba44dd30068ed3fc4b19024e1d8410ddb3d523b,34,web3bugs_packets/W3B-0048.json,https://code4rena.com/reports/2021-10-pooltogether,NONBUG,no_desynchronizing_partial_transition,YES,,,N,,,Y,C3 fails: completeDraw intentionally clears rngRequest after completion while rngTimeout is a fixed duration for active/future requests; isRngTimedOut explicitly returns false when no request exists.
W3B-0049,094c465461063c0349ca1b30399c1de80b47662cff4b9336bad6b784bfd0287d,22,web3bugs_packets/W3B-0049.json,https://code4rena.com/reports/2021-08-floatcapital,,,YES,,,,,,Y,"Pass: Float L-06 is this launch-incentive/snapshot relation. Updating marketLaunchIncentive_period/multiplier without a new incentive timestamp leaves _getKValue anchored to the original accumulative snapshot timestamp, so the new parameters are interpreted against stale temporal state."
W3B-0050,096e9fad7e7f56c3b079521092b28cbfb9229c6054a442c10640d6afca5916d0,105,web3bugs_packets/W3B-0050.json,https://code4rena.com/reports/2022-03-paladin,,,YES,,,,,,Y,"Pass as a novel rate/checkpoint MV-SI: _updateRewardState first updates currentDropPerSecond, then _getNewIndex applies that current rate to the entire interval since the old lastRewardUpdate before advancing the reward checkpoint. If a rate boundary is crossed without an intervening reward checkpoint, elapsed time before the boundary is valued at the new rate."
W3B-0051,09908c85231a69fd6e215b503c35cd51b7e418889b766aa59b951f489acc98e0,26,web3bugs_packets/W3B-0051.json,https://code4rena.com/reports/2021-08-realitycards,NONBUG,reconciliation_precedes_consumption,YES,,,N,,,Y,"C3 fails: addMarket writes index[_market][_market][i] to the exact pre-push user-array length immediately before pushing the corresponding Bid, so the index/user relation is established in the same operation before later lookup or cleanup."
W3B-0052,09b88c06631ad44558bfb3e40202131391b364d5e7c68587967715094ddc0e4b,78,web3bugs_packets/W3B-0052.json,https://code4rena.com/reports/2022-01-behodler,,,YES,,,,,,Y,"Pass as a novel config-snapshot MV-SI: makeProposal charges the proposer using proposalConfig.requiredFateStake but does not snapshot that parameter in currentProposalState. During successful execution the approved proposal can change proposalConfig, and updateCurrentProposal then refunds the proposer using the new requiredFateStake rather than the value under which the current proposal was lodged."
W3B-0053,0a1d3447f64530c9073267b07585f42b348fa2f1ae861fe385dd3a7206eff301,26,web3bugs_packets/W3B-0053.json,https://code4rena.com/reports/2021-08-realitycards,NONBUG,reconciliation_precedes_consumption,YES,,,N,,,Y,"C3 fails: cleanWastePile mutates/pops the user record, clears the removed index, and reindexes any record moved into the vacated slot in the same branch before later orderbook operations can consume the structure."
W3B-0054,0a2ec286bed50e60e70fd8380656e5fd664f375632993ff763e6dcf9ec83f5bb,52,web3bugs_packets/W3B-0054.json,https://code4rena.com/reports/2021-11-vader,NONBUG,reconciliation_precedes_consumption,YES,,,N,,,Y,"C3 fails: stake's updateReward modifier checkpoints rewardPerToken and the caller's accrued reward under the pre-stake supply; stake then increments _totalSupply and _balances[msg.sender] in the same operation, preventing the new stake from inheriting past rewards."
W3B-0055,0a8b1317d10e6bfb397b4f25d24e8bdc58e4681df866582cf3e095b2ba58564b,26,web3bugs_packets/W3B-0055.json,https://code4rena.com/reports/2021-08-realitycards,NONBUG,no_desynchronizing_partial_transition,YES,,,N,,,Y,C3 fails: claimCard records that an individual user has claimed a card/NFT entitlement; winnerCut and winningOutcome are settled market-level payout state and do not need to change when this per-user claim marker is set.
W3B-0056,0aaac0b4224049bad91a081b6f822c96fff2bf1b807896c60584be46a36c889c,107,web3bugs_packets/W3B-0056.json,https://code4rena.com/reports/2022-04-jpegd,,,YES,,,,,,Y,"Pass at corrective-transition granularity: JPEG'd M-04 is this debt-rate/accrual checkpoint defect. A debtInterestApr change can leave the old accrual timestamp/debt uncheckpointed, and the next accrue computes and persists totalDebtAmount using the new rate over that stale prior interval."
W3B-0057,0afd42aa9dbb9afa8d2ea6edfa5faadf80373c3be95a2d27400a0211612cf082,26,web3bugs_packets/W3B-0057.json,https://code4rena.com/reports/2021-08-realitycards,NONBUG,no_desynchronizing_partial_transition,YES,,,N,,,Y,C3 fails: _collectRentAction caps the collection timestamp at marketLockingTime before _processRentCollection advances card.timeLastCollected; moving the per-card checkpoint toward that fixed boundary is the intended rent-accounting transition.
W3B-0058,0b07a27a1d930f9f1b64e22f3d0705d74e9adce736fbc9dc457e36c85ca7be6f,45,web3bugs_packets/W3B-0058.json,https://code4rena.com/reports/2021-10-union,NONBUG,no_desynchronizing_partial_transition,YES,,,N,,,Y,C3 fails: repayment updates borrower principal/interest/lastRepay while overdueBlocks is a fixed delinquency-policy threshold; checkIsOverdue intentionally recomputes status from the updated borrower timestamp and unchanged threshold.
W3B-0059,0b124084ce54ea4d1eed1437335e165c9831677d0637cabd8fac3f80b062b5db,105,web3bugs_packets/W3B-0059.json,https://code4rena.com/reports/2022-03-paladin,NONBUG,no_desynchronizing_partial_transition,YES,,,N,,,Y,"C3 fails: _unstake computes burnAmount from _availableBalanceOf before _burn, so only unlocked hPAL can be burned and the remaining userLocks stay fully backed by the post-burn balance."
W3B-0060,0b13e06de2d0b6751034659d5b9731f10abb8ea92251b462902a1e79fa11434a,52,web3bugs_packets/W3B-0060.json,https://code4rena.com/reports/2021-11-vader,NONBUG,reconciliation_precedes_consumption,YES,,,N,,,Y,C3 fails: UniswapV2ERC20._burn subtracts balanceOf[from] immediately before totalSupply in the same call; the LP balance/supply invariant is already reconciled when the reported supply write executes.
W3B-0061,0cc0dc0436c6eb69b427f7713bedbbfc337b6e9a92696d42726acc7b10a7d53e,26,web3bugs_packets/W3B-0061.json,https://code4rena.com/reports/2021-08-realitycards,NONBUG,unsupported_or_overbroad_relation,NO,,N,,,,Y,C2 fails: cleaningLoops is only a global garbage-collection work bound; closeMarket changes orderbook user/list state but creates no invariant requiring cleaningLoops to co-update.
W3B-0062,0cf2e0373ea76a475078c0da0462e787c232129485697df66b83125467ef6799,26,web3bugs_packets/W3B-0062.json,https://code4rena.com/reports/2021-08-realitycards,NONBUG,no_desynchronizing_partial_transition,YES,,,N,,,Y,C3 fails: initialize intentionally disables cardAffiliateCut when the per-card affiliate-address configuration is incomplete or zero; no pre-existing card accounting is left stale by this initialization-time configuration.
W3B-0063,0d4d5ea397a391906aeae8d3627e2f2f1bbb0e527f92ce6d1d4358ad19adb18f,26,web3bugs_packets/W3B-0063.json,https://code4rena.com/reports/2021-08-realitycards,NONBUG,no_desynchronizing_partial_transition,YES,,,N,,,Y,C3 fails: transferCard updates operational card fields such as cardTimeLimit/cardPrice while cardAffiliateCut is fixed market-wide payout configuration; those card changes do not require a payout-rate update.
W3B-0064,0d632f56789cc34babffc64ef3b6fe782a4ae23bf2253a8fa4eede578ba67fc6,52,web3bugs_packets/W3B-0064.json,https://code4rena.com/reports/2021-11-vader,NONBUG,reconciliation_precedes_consumption,YES,,,N,,,Y,"C3 fails: updateReward checkpoints rewardPerTokenStored and lastUpdateTime, then the account rewards/userRewardPerTokenPaid, before withdraw mutates supply/balance; rewardRate and periodFinish are unchanged inputs."
W3B-0065,0d6eee6c7c7582f882cdab44f44c928d42ef21909609c6749e8a5d14ce10cb9e,112,web3bugs_packets/W3B-0065.json,https://code4rena.com/reports/2022-04-backd,,,YES,,,,,,Y,"Pass at inverse-transition granularity: this BkdLocker contains the same reinitialization flaw later reported as Backd M-16—startBoost=0 permits _MAX_BOOST/_INCREASE_PERIOD changes after user boostFactors exist, and computeNewBoost combines the persisted user checkpoint with the new configuration, distorting reward allocation."
W3B-0066,0db14c8c7f6f91338adb42dbf7da8bd914529d4a55046691b246d54bd6c9addf,26,web3bugs_packets/W3B-0066.json,https://code4rena.com/reports/2021-08-realitycards,NONBUG,analysis_abstraction_error,YES,,,N,,,Y,C3 fails: the reported cleanWastePile writer block at line 777 only computes _pileHeight from user[address(this)].length; it is not the claimed persistent user transition.
W3B-0067,0db2c8fc052c1a83573c896966c8ac0fe706bfb7f9531495bcf85e63ceda7d54,105,web3bugs_packets/W3B-0067.json,https://code4rena.com/reports/2022-03-paladin,NONBUG,analysis_abstraction_error,YES,,,N,,,Y,C3 fails: _availableBalanceOf is view-only and line 708 only reads userLocks/balance state; it performs no persistent transition that can desynchronize the relation.
W3B-0068,0e318d1f475f0c880728ebd420ee0bbb3b1d43eaafed0480ae694a5f74751c03,52,web3bugs_packets/W3B-0068.json,https://code4rena.com/reports/2021-11-vader,NONBUG,reconciliation_precedes_consumption,YES,,,N,,,Y,"C3 fails: notifyRewardAmount first executes updateReward(address(0)), then after calculating the replacement rewardRate writes lastUpdateTime and periodFinish before returning; the reward schedule is checkpointed in one transaction."
W3B-0069,0e35d61f316d03b96824f43662f8f58eb52e1499d96bc5e9ba51a6a0150060b7,52,web3bugs_packets/W3B-0069.json,https://code4rena.com/reports/2021-11-vader,NONBUG,reconciliation_precedes_consumption,YES,,,N,,,Y,C3 fails: notifyRewardAmount first checkpoints accrued rewards through updateReward(address(0)); after setting the new rewardRate it writes lastUpdateTime and periodFinish in the same call before later reward accounting can consume the new schedule.
W3B-0070,0e487785c5a613a2911f06f2d1657cfef0d38cdb747c615d1827a083d87a4de1,22,web3bugs_packets/W3B-0070.json,https://code4rena.com/reports/2021-08-floatcapital,,,YES,,,,,,Y,"Pass at corrective-transition granularity: Float H-03 is the userAmountStaked/pending-shift inconsistency. shiftTokens can accumulate multiple pending shift-away amounts beyond the user's actual stake before execution; _calculateAccumulatedFloat later consumes those queued amounts against userAmountStaked, exposing the exact defect surface."
W3B-0071,0e4acbbecab5be6ef4923a50f3b1445536a4f104ad86a19f4dd797c018d7e626,26,web3bugs_packets/W3B-0071.json,https://code4rena.com/reports/2021-08-realitycards,NONBUG,reconciliation_precedes_consumption,YES,,,N,,,Y,C3 fails: removeOldBids pops/overwrites the user record and immediately clears the removed index and reindexes any moved record in the same branch before closeMarket can later consume the structure.
W3B-0072,0e5d86bb777c0672d3e05705950c762c9d0d2f6067107433ed93256aabd71c91,105,web3bugs_packets/W3B-0072.json,https://code4rena.com/reports/2022-03-paladin,NONBUG,analysis_abstraction_error,YES,,,N,,,Y,C3 fails: the reported _unlock writer block at line 1237 is a require that reads userLocks[user].length; it is not a persistent userLocks write.
W3B-0073,0e67b154dea743d7b6301520b380e9764ccaf5e6e5d328fb5882e02ae99cd2f2,124,web3bugs_packets/W3B-0073.json,https://code4rena.com/reports/2022-06-notional-coop,,,YES,,,,,,Y,"Pass as a novel registry-lifecycle MV-SI: removeCompoundMarket deletes underlyingToCToken without clearing existing per-SetToken borrowCTokenEnabled state. removeBorrowAssets later derives cToken from the deleted mapping and checks the enabled flag under address(0), so the stale enabled market cannot be removed normally; the mapping/enable relationship is essential to the failure."
W3B-0074,0e75140d1f864089526a7be3000085557292706b00726cb0aa048db6f6e25566,26,web3bugs_packets/W3B-0074.json,https://code4rena.com/reports/2021-08-realitycards,NONBUG,no_desynchronizing_partial_transition,YES,,,N,,,Y,C3 fails: initialize sets numberOfCards while cardAccountingIndex=0 and accountingComplete=false are the intentional start-of-accounting cursor state; lockMarket subsequently advances the cursor card-by-card and marks completion at numberOfCards.
W3B-0075,0efb7d584faa2439b895812197fa1f7f6e5a5f124e41a6d45f962540e64c82cc,105,web3bugs_packets/W3B-0075.json,https://code4rena.com/reports/2022-03-paladin,NONBUG,no_desynchronizing_partial_transition,YES,,,N,,,Y,C3 fails: stake mints additional hPAL balance while any existing lock remains a restriction on a subset of that balance; increasing the balance legitimately increases available balance without changing userLocks.
W3B-0076,0f1eacdfc985f7b3be57e039d068ba78d37bae79c7a98f8cbff85352e634969f,6,web3bugs_packets/W3B-0076.json,https://code4rena.com/reports/2021-04-meebits,NONBUG,no_desynchronizing_partial_transition,YES,,,N,,,Y,C3 fails: minting establishes idToOwner for a previously nonexistent token; idToApproval correctly starts empty and ownerToOperators is owner-wide authority that intentionally applies to future tokens. Meebits H-02/H-03 instead exploit zero ownership before mint.
W3B-0077,0f6c82f7644448bffc1ba01a7925f1b365c8da0067fea84daea39099ef824f28,26,web3bugs_packets/W3B-0077.json,https://code4rena.com/reports/2021-08-realitycards,NONBUG,no_desynchronizing_partial_transition,YES,,,N,,,Y,C3 fails: removing an orderbook bid changes user structure while marketCloseLimit remains the fixed close-market work bound; bid-count changes do not require changing that policy limit.
W3B-0078,0f887adb11ddc94df349f42552c9fb461c31cd55b4e955ad8d53f54c249329e5,26,web3bugs_packets/W3B-0078.json,https://code4rena.com/reports/2021-08-realitycards,NONBUG,reconciliation_precedes_consumption,YES,,,N,,,Y,C3 fails: _removeBidFromOrderbookIgnoreOwner pops/overwrites the user record and immediately clears the removed index and reindexes any moved record before later orderbook reads.
W3B-0079,0f9a16b18bf7426f56f2c1ee75bff774fb8a263eb035a5a5c0cb75a7c1c3190b,12,web3bugs_packets/W3B-0079.json,https://code4rena.com/reports/2021-05-yield,NONBUG,reconciliation_precedes_consumption,YES,,,N,,,Y,C3 fails: _update writes baseCached immediately before fyTokenCached and then advances blockTimestampLast in the same cache checkpoint before subsequent mint/burn/swap logic can consume it.
W3B-0080,0fd6d179d82f6f558ab97868f0d34c7cde2579b431076a5e501bd86d3e9e1faf,26,web3bugs_packets/W3B-0080.json,https://code4rena.com/reports/2021-08-realitycards,NONBUG,unsupported_or_overbroad_relation,NO,,N,,,,Y,C2 fails: cleaningLoops is only a global garbage-collection work bound; removing a bid changes orderbook state but does not create an invariant requiring cleaningLoops to co-update.
W3B-0081,10222ee2d5c9825e7dfccfcdbbbba90dbeb323d2a0e28b83d49d240bde435171,107,web3bugs_packets/W3B-0081.json,https://code4rena.com/reports/2022-04-jpegd,,,YES,,,,,,Y,"Pass at corrective-transition granularity: JPEG'd M-04 is the settings.debtInterestApr/totalDebtAmount accrual-checkpoint defect; setDebtInterestApr can change the rate before accrue(), so the next accrual applies the new rate retroactively to the old interval."
W3B-0082,10679ab687f069fae7127433fa2501a1f821d8d94a021f912b0dad35f6be0b04,105,web3bugs_packets/W3B-0082.json,https://code4rena.com/reports/2022-03-paladin,NONBUG,no_desynchronizing_partial_transition,YES,,,N,,,Y,"C3 fails: stakeAndLock creates a lock against the user's staked ERC20 balance while _lock enforces amount <= balance; the lock is a restriction on balance, not a second balance that must move with it."
W3B-0083,10bd31f535413f0e68ebdde7b216a790181227d35572b8c337a3d1a4b0c72a6a,131,web3bugs_packets/W3B-0083.json,https://code4rena.com/reports/2022-05-backd,NONBUG,reconciliation_precedes_consumption,YES,,,N,,,Y,"C3 fails: _userCheckpoint first settles current and migrated reward-token shares using the old lastUpdated value, then advances lastUpdated; lastMigrationEvent correctly remains the global migration marker."
W3B-0084,110d4ee7db4149408e57ba5061fd15b636685ef29f3890b194c4264dd6b147d4,22,web3bugs_packets/W3B-0084.json,https://code4rena.com/reports/2021-08-floatcapital,,,YES,,,,,,Y,"Pass as a novel corrective-transition recovery: changeBtcBlocksPerDay/changeBtcBlockReward can change BTC issuance parameters without first checkpointing btcSupply/lastUpdated, so the next _getBtcSupply applies the new rate retroactively to the entire old interval."
W3B-0085,111c1516213d0598a47a79c6380a83989d9c636360767e03b8e8e2f1d4b97d25,100,web3bugs_packets/W3B-0085.json,https://code4rena.com/reports/2022-03-prepo,NONBUG,no_desynchronizing_partial_transition,YES,,,N,,,Y,C3 fails: recordDeposit increases current deposits after enforcing the fixed globalDepositCap; the cap is a policy bound and is not state that should increase with deposits.
W3B-0086,111e50922995fe145f239ca677132e841654880f7a6e1b2265d897be466b9f5e,45,web3bugs_packets/W3B-0086.json,https://code4rena.com/reports/2021-10-union,NONBUG,no_desynchronizing_partial_transition,YES,,,N,,,Y,C3 fails: borrowing initializes/updates the member's accountBorrows timestamp and principal while overdueBlocks remains the fixed delinquency threshold used to evaluate that updated borrower state.
W3B-0087,11d7f72422089ae684b8640304a10adcec25779068e85537482c5607a3c480e7,78,web3bugs_packets/W3B-0087.json,https://code4rena.com/reports/2022-01-behodler,NONBUG,reconciliation_precedes_consumption,YES,,,N,,,Y,C3 fails: configureSoul advances latestIndex only as part of creating/selecting the next soul and immediately initializes that soul in the same call before currentSoul consumers use it.
W3B-0088,124294bcddf3b33b24cf745f831369cc8990703b20378b3c44a2a78a4285585b,35,web3bugs_packets/W3B-0088.json,https://code4rena.com/reports/2021-09-sushitrident-2,,,YES,,,,,,Y,"Pass at broader state granularity: this FranchisedIndexPool mint path reproduces Sushi Trident H-09—reserves are charged from a uint120-truncated ratio while _mint later increases LP totalSupply by the full caller-chosen toMint, enabling underfunded LP inflation."
W3B-0089,126bbb93f67d202fba4a3459938655bd5696dd396b37fb7f6ba35543585e1aa3,26,web3bugs_packets/W3B-0089.json,https://code4rena.com/reports/2021-08-realitycards,NONBUG,no_desynchronizing_partial_transition,YES,,,N,,,Y,C3 fails: cleanWastePile removes waste-pile records while marketCloseLimit remains the fixed limit on how many market records closeMarket processes; cleanup does not require changing that policy bound.
W3B-0090,127c8963f5e7a6635c599a9c77699b8429e2182605f99d978ad65ee9be67fa9d,105,web3bugs_packets/W3B-0090.json,https://code4rena.com/reports/2022-03-paladin,,,YES,,,,,,Y,"Pass as a novel rate/checkpoint MV-SI: _updateRewardState changes currentDropPerSecond first, then _getNewIndex applies that new rate to the entire interval since the old lastRewardUpdate, so a monthly rate decrease retroactively under-accrues rewards for time that elapsed at the prior rate."
W3B-0091,1288b58ace5fb3f3fba7e883e55dc65e5848a8b86d073ebf556614841ec59cac,105,web3bugs_packets/W3B-0091.json,https://code4rena.com/reports/2022-03-paladin,NONBUG,no_desynchronizing_partial_transition,YES,,,N,,,Y,"C3 fails: increaseLock updates the active lock subject to amount <= balance while the ERC20 balance intentionally remains unchanged; the lock is a restriction on that balance, not co-owned accounting."
W3B-0092,12921a3d03addfb97522f75a986cddac23445abd73fd29c19cf7917305ab0111,76,web3bugs_packets/W3B-0092.json,https://code4rena.com/reports/2022-01-sherlock,NONBUG,reconciliation_precedes_consumption,YES,,,N,,,Y,"C3 fails: protocolRemove settles accrued protocol debt using premiums_ and advances lastAccountedEachProtocol before the removal path zeroes/removes premium accounting, so no stale premium interval is exposed."
W3B-0093,1294940f9b832e463826a76d99612788a5ed8b7e0f1c32c7060bece09206a1bf,29,web3bugs_packets/W3B-0093.json,https://code4rena.com/reports/2021-09-sushitrident,NONBUG,no_desynchronizing_partial_transition,YES,,,N,,,Y,C3 fails: swap legitimately changes token reserves while token membership and LP totalSupply remain unchanged; a swap does not mint/burn LP supply or alter pool membership.
W3B-0094,12a11780b53321e20b98d2c868163c45fd22aa181724dcaa9ae09752023393db,105,web3bugs_packets/W3B-0094.json,https://code4rena.com/reports/2022-03-paladin,,,YES,,,,,,Y,"Pass as a novel rate/checkpoint MV-SI: when _updateDropPerSecond snaps currentDropPerSecond to endDropPerSecond, _getNewIndex immediately applies the new end rate to all time since the old lastRewardUpdate, retroactively under-accruing the pre-change interval."
W3B-0095,12dfb43661bcaa942eb3a5ddadf4efb0dcd04c38c5d923e06deb3d4df28f1ef1,26,web3bugs_packets/W3B-0095.json,https://code4rena.com/reports/2021-08-realitycards,NONBUG,reconciliation_precedes_consumption,YES,,,N,,,Y,C3 fails: removeFromLeaderboard rewires links and then clears/reindexes the removed or moved leaderboard record in the same internal call before later leaderboard comparisons can consume the structure.
W3B-0096,12f631a7ee919c76b5e7084476f986b4162289c3a384486ae360495dfae49599,22,web3bugs_packets/W3B-0096.json,https://code4rena.com/reports/2021-08-floatcapital,,,YES,,,,,,Y,"Pass at mitigation-transition granularity: Float M-06 is the marketUpdateIndex/pending-user-index liveness defect. The candidate captures the successful index-advance transition; on the no-price-change branch that advance is omitted, and pending userNextPrice_currentUpdateIndex entries remain unconsumable/stuck."
W3B-0097,131664a4823bc2ab9b65194936dd6c22852caad379558f5032f47e26d14a9fa3,52,web3bugs_packets/W3B-0097.json,https://code4rena.com/reports/2021-11-vader,NONBUG,no_desynchronizing_partial_transition,YES,,,N,,,Y,"C3 fails: updateReward deliberately checkpoints rewards and userRewardPerTokenPaid before stake changes _totalSupply/_balances, so the new stake cannot earn past rewards; Vader M-04 instead concerns mismatch with the external fee-on-transfer token balance."
W3B-0098,13593bf5b9ad38a30bd761563f392e34af96b8dda6732e04900e4423462faa45,76,web3bugs_packets/W3B-0098.json,https://code4rena.com/reports/2022-01-sherlock,NONBUG,no_desynchronizing_partial_transition,YES,,,N,,,Y,C3 fails: _settleProtocolDebt advances lastAccountedEachProtocol only after applying accrued debt to activeBalances/non-staker accounting; premiums_ and nonStakersPercentage are unchanged rate/configuration inputs rather than stale omitted state.
W3B-0099,135f835f6b6dfec19c2f43f45b29964f8a97b1e97706c9e4d8491e366d7f77b5,76,web3bugs_packets/W3B-0099.json,https://code4rena.com/reports/2022-01-sherlock,NONBUG,no_desynchronizing_partial_transition,YES,,,N,,,Y,C3 fails: depositToActiveBalance increases prepaid coverage balance without changing the protocol's premium rate or last-accounted timestamp; later debt/coverage calculations intentionally combine the larger balance with the existing rate/time checkpoint.
W3B-0100,1381cc6296f90a1bcac76915e7abd84453f605b331073e218b788712ae215898,45,web3bugs_packets/W3B-0100.json,https://code4rena.com/reports/2021-10-union,NONBUG,no_desynchronizing_partial_transition,YES,,,N,,,Y,C3 fails: repayment reduces totalBorrows against the fixed debtCeiling policy cap; increasing available borrowing capacity does not require changing the cap itself.
W3B-0101,1386169ae072c3d8db3751a36aeffcb63e857364e306024b02d538d15dee8023,124,web3bugs_packets/W3B-0101.json,https://code4rena.com/reports/2022-06-notional-coop,NONBUG,no_desynchronizing_partial_transition,YES,,,N,,,Y,C3 fails: _updatePositionList adds a live position only after enforcing positions.length < maxPerpPositionsPerSet; the maximum is a configuration bound and is not state that should co-update with each position insertion.
W3B-0102,13b315ef815bb714d68db5569082049235e28963c1fb901f2dafa0b4e87a1d25,45,web3bugs_packets/W3B-0102.json,https://code4rena.com/reports/2021-10-union,NONBUG,no_desynchronizing_partial_transition,YES,,,N,,,Y,"C3 fails: accrueInterest writes accrualBlockNumber and immediately writes borrowIndex/totalBorrows in the same checkpoint; per-account borrow snapshots are intentionally lazy indexed-debt state, so a mint-triggered accrual does not create Union H-01's bad borrow ordering."
W3B-0103,13cb7bec567df7c2d0601d2ef63dd40abb43dd345838b002b72483027f509d77,107,web3bugs_packets/W3B-0103.json,https://code4rena.com/reports/2022-04-jpegd,NONBUG,reconciliation_precedes_consumption,YES,,,N,,,Y,C3 fails: borrow updates totalDebtPortion/position.debtPortion and then totalDebtAmount in the same operation before return; NFT valuation/settings are independent inputs. The serialized portion write is not a persistent debt-accounting split.
W3B-0104,13d393a1865b6a10d084dcce826384cbd9ebc90edb5191adfb20fb70602bf7a0,76,web3bugs_packets/W3B-0104.json,https://code4rena.com/reports/2022-01-sherlock,NONBUG,no_desynchronizing_partial_transition,YES,,,N,,,Y,C3 fails: _settleProtocolDebt uses the current premium to account elapsed debt and then advances lastAccountedEachProtocol; premiums_ is intentionally unchanged until a separate premium-setting transition.
W3B-0105,13ea38e0d8db5254956c30e73c3e984d8e5ff38d34e4e31b2a10c53b58c00e60,22,web3bugs_packets/W3B-0105.json,https://code4rena.com/reports/2021-08-floatcapital,,,YES,,,,,,Y,"Pass at broader/adjacent-write granularity: Float L-06 is this launch-incentive/snapshot mismatch. _changeMarketLaunchIncentiveParameters updates period and multiplier while _getKValue remains anchored to the original accumulative snapshot timestamp, which later drives issuance snapshots/rewards."
W3B-0106,14a4ce1b1da1ce1fea5704849ce62514c2accd493869449f699731b8b9b31b96,53,web3bugs_packets/W3B-0106.json,https://code4rena.com/reports/2021-11-nested,NONBUG,no_desynchronizing_partial_transition,YES,,,N,,,Y,C3 fails: removeNFT deletes one NFT's records while maxHoldingsCount remains a global configuration limit for future createRecord calls; deleting a portfolio does not require changing that limit.
W3B-0107,14dd5558647b1bc679eee91865e0201defb4792119a6597740c377297ef57678,105,web3bugs_packets/W3B-0107.json,https://code4rena.com/reports/2022-03-paladin,NONBUG,no_desynchronizing_partial_transition,YES,,,N,,,Y,"C3 fails: _lock changes the amount/duration of balance that is restricted while deliberately leaving the ERC20 balance unchanged and enforcing amount <= balance; the lock is a restriction on stake, not a second balance that must move with it."
W3B-0108,14dd9bfeb54d81ba93261a51992e140b2e455c6cb67bcbbfaba2c975fd3d5ea6,45,web3bugs_packets/W3B-0108.json,https://code4rena.com/reports/2021-10-union,NONBUG,no_desynchronizing_partial_transition,YES,,,N,,,Y,C3 fails: repayment updates principal/interest/lastRepay while overdueBlocks remains the global delinquency-policy threshold; overdue status is later recomputed from the updated borrower state and that unchanged threshold.
W3B-0109,14ddbc763e1e6b3318661ebc026c2527c53a057fdd8d4be4318112f0c9374522,105,web3bugs_packets/W3B-0109.json,https://code4rena.com/reports/2022-03-paladin,NONBUG,analysis_abstraction_error,YES,,,N,,,Y,"C3 fails: the serialized writer is inside _getUserAccruedRewards(), a read-only reward-calculation routine whose line 813 reads userLocks; it does not perform the claimed persistent userLocks transition."
W3B-0110,151726312395370eae4a8e2920edde67bcd919bd07f0bc75746ab777be8a7ebf,26,web3bugs_packets/W3B-0110.json,https://code4rena.com/reports/2021-08-realitycards,NONBUG,incompatible_context_key_or_ordering,YES,,,N,,,Y,"C3 fails: cleanWastePile's pop targets user[address(this)] and clears/reindexes that waste-pile record, while the attached closeMarket witness reads index[_market][_market][i]; the packet supplies no key equality making those persistent locations the same."
W3B-0111,159baedb00c5443ef6048accca52d4ca9161fb5b57c0e5d6b4c0958b461ac328,29,web3bugs_packets/W3B-0111.json,https://code4rena.com/reports/2021-09-sushitrident,NONBUG,no_desynchronizing_partial_transition,YES,,,N,,,Y,C3 fails: swap changes reserves in records for already-supported tokens while tokens is the pool's stable membership list; reserve movement does not require changing token membership.
W3B-0112,15d5efd471b37aeae2ca066ab0b48629064e2c5a26131d4862b109f5efb01269,107,web3bugs_packets/W3B-0112.json,https://code4rena.com/reports/2022-04-jpegd,NONBUG,no_desynchronizing_partial_transition,YES,,,N,,,Y,C3 fails: claim subtracts the already-accounted payout from previousBalance specifically so the next _update observes only new rewards; accRewardPerShare and totalStaked correctly remain unchanged. JPEG'd H-05/H-06 instead require an external current-balance shortfall below the stored baseline.
W3B-0113,15e2c4eee80641b60f67bff9541b9b914b9cd93613bd206765a9b918d1964e35,28,web3bugs_packets/W3B-0113.json,https://code4rena.com/reports/2021-09-sushimiso,NONBUG,no_desynchronizing_partial_transition,YES,,,N,,,Y,C3 fails: token initialization establishes the EIP-712 DOMAIN_SEPARATOR while per-owner permit nonces correctly begin at their zero defaults; setting the domain does not require a nonce transition.
W3B-0114,16455f6e1cb14ff9761c61a4c537702530b33f954cc021e45b5d9ce5c15338a9,26,web3bugs_packets/W3B-0114.json,https://code4rena.com/reports/2021-08-realitycards,NONBUG,reconciliation_precedes_consumption,YES,,,N,,,Y,C3 fails: addToLeaderboard pushes the new leaderboard record and immediately writes leaderboardIndex for the same user/market/card on the next state update before later membership/removal logic can consume it.
W3B-0115,1653edc7d6ba0d48f67c138887146149a2d0bb91a202e10948b830922d2c14d3,105,web3bugs_packets/W3B-0115.json,https://code4rena.com/reports/2022-03-paladin,NONBUG,analysis_abstraction_error,YES,,,N,,,Y,C3 fails: _getUserAccruedRewards() is a read-only reward calculation; the reported line reads userLocks and does not perform the serialized persistent userLocks write.
W3B-0116,16581bea816534d172c6b427bfee2a28fac4633e9b517c97e16437f094f39eb6,22,web3bugs_packets/W3B-0116.json,https://code4rena.com/reports/2021-08-floatcapital,NONBUG,no_desynchronizing_partial_transition,YES,,,N,,,Y,C3 fails: _calculateAccumulatedFloat clears the user's shift index only after accounting the executed shift; batched_stakerNextTokenShiftIndex is a market-wide batch cursor that intentionally remains. Float H-02 instead concerns separate snapshot-index mappings missing marketIndex.
W3B-0117,165cf456bb9639fa5b19a328570c4537c172cbe91f692fdbbe944c43e71a5391,26,web3bugs_packets/W3B-0117.json,https://code4rena.com/reports/2021-08-realitycards,NONBUG,no_desynchronizing_partial_transition,YES,,,N,,,Y,C3 fails: _processRentCollection intentionally increments this user's timeHeld and then compares it with the current longest owner's timeHeld; the other user's cumulative time is not state that should co-update.
W3B-0118,16a079de5f10d3680e2019df5188b794eec7a67b4133192952079bf49717f6c1,107,web3bugs_packets/W3B-0118.json,https://code4rena.com/reports/2022-04-jpegd,NONBUG,no_desynchronizing_partial_transition,YES,,,N,,,Y,"C3 fails: the writer changes settings.valueIncreaseLockRate, which is unrelated to total-debt interest accrual. JPEG'd M-04 concerns changing settings.debtInterestApr without first accruing debt, not this settings subfield."
W3B-0119,16a55a62b173e24c8d01ac311ace1b92b534fb1af0041c9fb935dfed4d4ada45,28,web3bugs_packets/W3B-0119.json,https://code4rena.com/reports/2021-09-sushimiso,NONBUG,no_desynchronizing_partial_transition,YES,,,N,,,Y,C3 fails: commitmentsTotal is supposed to increase against the fixed marketPrice.goal; changing the fundraising total does not require changing the goal. MISO H-03 instead omits the finalized/auction-ended guard on later commitments.
W3B-0120,16ad6c6d28719769f0d1e5b678d7d34f07c7b10f0fbe4afcf5ec160b4bdfaaec,123,web3bugs_packets/W3B-0120.json,https://code4rena.com/reports/2022-05-aura,,,YES,,,,,,Y,"Pass: Aura H-01 is this rewardEpochs/userClaims cursor defect—an attacker supplies a high start index, _getReward persists the advanced userClaims cursor, and later reward traversal begins from that skipped position."
W3B-0121,16efc70e92aa5f4ce78288d296be47dbcee8b822ec3412222624e414808384aa,110,web3bugs_packets/W3B-0121.json,https://code4rena.com/reports/2022-04-badger-citadel,NONBUG,reconciliation_precedes_consumption,YES,,,N,,,Y,"C3 fails: initialize writes saleStart immediately before saleDuration and tokenInLimit immediately after it, while totalTokenIn correctly begins at zero; the sale tuple is fully initialized before buy/finalize can consume it."
W3B-0122,17277428671091ef4f6bda3871e6e7c295c6edc5aae18af1f6891c4323de0570,26,web3bugs_packets/W3B-0122.json,https://code4rena.com/reports/2021-08-realitycards,NONBUG,no_desynchronizing_partial_transition,YES,,,N,,,Y,"C3 fails: _updateBidInOrderbook relinks fields of an existing Bid record without moving that record's array slot, so the index that locates the record remains valid and need not change."
W3B-0123,1750b6f92d69ff13cae10c3cc2385760e3700e01016a9ab33ffaf5cbd494c02a,26,web3bugs_packets/W3B-0123.json,https://code4rena.com/reports/2021-08-realitycards,NONBUG,no_desynchronizing_partial_transition,YES,,,N,,,Y,"C3 fails: reduceTimeHeldLimit mutates only a field of the Bid already located through index; the record does not move, so its index remains valid for closeMarket."
W3B-0124,1760d9a478e9290107da8e9a937b8e16d8772864a5305c632debfbb55de7fb0d,12,web3bugs_packets/W3B-0124.json,https://code4rena.com/reports/2021-05-yield,NONBUG,reconciliation_precedes_consumption,YES,,,N,,,Y,C3 fails: ERC20._burn decrements _balanceOf[src] immediately before _totalSupply in the same call; after the reported supply write the balance/supply burn accounting is already reconciled.
W3B-0125,17a66c4d7dc181ee34dc1e0c4122183b331b35e1ada4871000782024ea66b4db,45,web3bugs_packets/W3B-0125.json,https://code4rena.com/reports/2021-10-union,NONBUG,reconciliation_precedes_consumption,YES,,,N,,,Y,C3 fails: accrueInterest writes accrualBlockNumber and then immediately writes the newly calculated borrowIndex/totalBorrows in the same checkpoint before later protocol operations consume the accrued state.
W3B-0126,17bdf74b96be6cb13d6e28f8773b17e3ae2dd21dcdad77fec0f560fb4f3322c9,51,web3bugs_packets/W3B-0126.json,https://code4rena.com/reports/2021-11-bootfinance,NONBUG,no_desynchronizing_partial_transition,YES,,,N,,,Y,C3 fails: benVestingIndex is an intentional cursor over the chronologically appended timelocks array; advancing the cursor after fully vested prefix entries does not require deleting those timelocks. Boot Finance H-08 instead concerns unbounded attacker-driven timelock growth.
W3B-0127,1811413e11855f37fb537e1ca50bb5b4b14bf76cacf8316290501dcf393d04db,26,web3bugs_packets/W3B-0127.json,https://code4rena.com/reports/2021-08-realitycards,NONBUG,no_desynchronizing_partial_transition,YES,,,N,,,Y,"C3 fails: the writer updates card time-held accounting, whereas minimumPriceIncreasePercent is a fixed pricing policy later combined with cardPrice; changing timeHeld does not require changing that policy."
W3B-0128,1895d4617fdd15efad4b599be55f5fe550cd5aa12e001d2c11949d17d5230625,26,web3bugs_packets/W3B-0128.json,https://code4rena.com/reports/2021-08-realitycards,NONBUG,reconciliation_precedes_consumption,YES,,,N,,,Y,C3 fails: _removeBidFromOrderbookIgnoreOwner pops/overwrites the user record and then clears the removed index and reindexes any moved record in the same call before later orderbook operations can use the index.
W3B-0129,18b31e6966d0424f7a68e478ffde3cb5418c2484bc665259d7ee3bd3aecc4384,45,web3bugs_packets/W3B-0129.json,https://code4rena.com/reports/2021-10-union,NONBUG,no_desynchronizing_partial_transition,YES,,,N,,,Y,"C3 fails: accrueInterest intentionally advances the global borrowIndex/accrual checkpoint while per-account borrow snapshots remain lazily indexed; this is the accounting representation itself, not a stale-account transition in exchangeRateCurrent."
W3B-0130,18b6dc2f843d01f97aaab875571affac879a7362885aa5b9ec82c3a1ba0251ce,34,web3bugs_packets/W3B-0130.json,https://code4rena.com/reports/2021-10-pooltogether,NONBUG,no_desynchronizing_partial_transition,YES,,,N,,,Y,C3 fails: beaconPeriodStartedAt and beaconPeriodSeconds define the current period end as start plus configured duration; changing the duration legitimately recomputes that end from the same start rather than leaving a stale timestamp.
W3B-0131,192962fb3e0608da1dcb2ad37c18d4594d0c05f76873087e7bcaba066a710650,45,web3bugs_packets/W3B-0131.json,https://code4rena.com/reports/2021-10-union,NONBUG,no_desynchronizing_partial_transition,YES,,,N,,,Y,"C3 fails: removeReserves' accrueInterest call advances the global borrow index/checkpoint; account snapshots are intentionally lazy and maxBorrow/originationFee are independent policy inputs, so they do not require co-update."
W3B-0132,193d86be946ea0a48c1979f66042a4dce5b839625a0df918c70d29f53ebeb519,45,web3bugs_packets/W3B-0132.json,https://code4rena.com/reports/2021-10-union,NONBUG,no_desynchronizing_partial_transition,YES,,,N,,,Y,C3 fails: removeReserves' accrueInterest call legitimately advances the global borrowIndex/accrual checkpoint while per-account borrow snapshots remain lazily indexed; no borrower is desynchronized by this transition.
W3B-0133,1941c54bdac314bb89c456ca3beb562c64d9b0785e93ec37cdfce467bf068ca0,45,web3bugs_packets/W3B-0133.json,https://code4rena.com/reports/2021-10-union,,,YES,,,,,,Y,Pass at corrective-transition granularity: Union H-01 occurs in this borrow context because debt/credit checks consume accountBorrows under the old global borrowIndex before accrueInterest updates it; the candidate captures that exact indexed-debt defect surface.
W3B-0134,194a11fc111937e029655752a379df0a9aa41aabcec05f3f64c0468e4b1a66db,28,web3bugs_packets/W3B-0134.json,https://code4rena.com/reports/2021-09-sushimiso,NONBUG,no_desynchronizing_partial_transition,YES,,,N,,,Y,"C3 fails: initCrowdsale establishes marketPrice.goal while marketStatus correctly begins with zero commitments and an unfinalized status; those defaults are the valid initial relation, not stale omitted state."
W3B-0135,19d661368f13b3d2cbefea91ec4ca1860ccd4e62e7713e6c65e00fce4373685b,105,web3bugs_packets/W3B-0135.json,https://code4rena.com/reports/2022-03-paladin,NONBUG,analysis_abstraction_error,YES,,,N,,,Y,C3 fails: the serialized writer at increaseLockDuration line 270 is a require that reads userLocks.length; it does not perform the claimed persistent userLocks write.
W3B-0136,19e3411c4c4e5a73a688a8febb21ca491f34995950f1d9b521f113d461524889,29,web3bugs_packets/W3B-0136.json,https://code4rena.com/reports/2021-09-sushitrident,NONBUG,no_desynchronizing_partial_transition,YES,,,N,,,Y,"C3 fails: burnSingle decreases one token's reserve record while the token remains a supported member of tokens; reserve changes do not require changing token-list membership, and MAX_OUT_RATIO prevents this withdrawal from representing pool reinitialization."
W3B-0137,1a3c62a37d3894a2d16b8762e57ff72841b020da92f060883a66dab600295b72,131,web3bugs_packets/W3B-0137.json,https://code4rena.com/reports/2022-05-backd,,,YES,,,,,,Y,"Pass at inverse-transition granularity: Backd M-16 permits _MAX_BOOST to change after per-user boostFactors are persisted, and computeNewBoost later combines the stale checkpoint with the new max boost."
W3B-0138,1a4e76277779f60a213594b5044b3b77345bddaf52372a232e12a64f0254fc13,105,web3bugs_packets/W3B-0138.json,https://code4rena.com/reports/2022-03-paladin,NONBUG,analysis_abstraction_error,YES,,,N,,,Y,C3 fails: _getUserAccruedRewards is a read-only reward calculation; line 813 only reads userLocks and does not perform the serialized persistent userLocks transition.
W3B-0139,1a62339da6c0efaaac8203d0bb642705c96602ccb130d7fe64a75d312de7d65e,76,web3bugs_packets/W3B-0139.json,https://code4rena.com/reports/2022-01-sherlock,NONBUG,no_desynchronizing_partial_transition,YES,,,N,,,Y,"C3 fails: _settleProtocolDebt settles activeBalances before advancing lastAccountedEachProtocol, while premiums_ remains the intentionally unchanged debt-rate input."
W3B-0140,1ac2207f887ddda752a584e64faa1c21e3787c5dd7bbb4d8587a85681c3337d1,45,web3bugs_packets/W3B-0140.json,https://code4rena.com/reports/2021-10-union,NONBUG,no_desynchronizing_partial_transition,YES,,,N,,,Y,"C3 fails: interest legitimately increases totalBorrows against a fixed debtCeiling; the ceiling is a policy cap on new borrowing, not state that must co-update with accrued debt."
W3B-0141,1acacf90a72092479952fc44eeaf5b8d2345c1b72ffeaae272fd966a1b8f080f,26,web3bugs_packets/W3B-0141.json,https://code4rena.com/reports/2021-08-realitycards,NONBUG,reconciliation_precedes_consumption,YES,,,N,,,Y,C3 fails: removeOldBids rewires the user array and then clears/reindexes the affected index entries in the same call before cleanWastePile can consume them.
W3B-0142,1b0f4c793712858a71767e6cef48092dcfbabc1ee54d7f36528b82eef1b57748,105,web3bugs_packets/W3B-0142.json,https://code4rena.com/reports/2022-03-paladin,NONBUG,analysis_abstraction_error,YES,,,N,,,Y,"C3 fails: the reported _lock line is the current UserLock storage-reference/read used by increaseLockDuration, not a persistent userLocks write that can desynchronize the ERC20 balance."
W3B-0143,1b8595469c44a3ceffefedbb21f602c1bd1f555c9ee59d37ed41dae153c1177d,112,web3bugs_packets/W3B-0143.json,https://code4rena.com/reports/2022-04-backd,NONBUG,reconciliation_precedes_consumption,YES,,,N,,,Y,C3 fails: _userCheckpoint advances lastUpdated and immediately writes the new boostFactors and balances in the same checkpoint; lastMigrationEvent is correctly unchanged absent a migration.
W3B-0144,1bcd0fdff4d87a10cb327f5219007e35e6aa7e7b1d8b41fa25047d307db43019,26,web3bugs_packets/W3B-0144.json,https://code4rena.com/reports/2021-08-realitycards,NONBUG,unsupported_or_overbroad_relation,NO,,N,,,,Y,C2 fails: cleaningLoops is only a global cleanup work bound; adding a bid changes user/orderbook state but does not create a semantic invariant requiring cleaningLoops to co-update.
W3B-0145,1bd38232c3a88aab42e6578b0325b58af37c704dc2ff53fcf258eff0f689e96a,45,web3bugs_packets/W3B-0145.json,https://code4rena.com/reports/2021-10-union,,,YES,,,,,,Y,"Pass at corrective-transition granularity: Union H-01 is the accountBorrows/borrowIndex/accrualBlockNumber inconsistency—borrow consumes debt before accrueInterest refreshes the global index, allowing stale debt checks."
W3B-0146,1bdbee9149a679d3faaddde8f2cacdb4e27a9cc95fcab4131ec0b7cd892ca3ed,64,web3bugs_packets/W3B-0146.json,https://code4rena.com/reports/2021-12-pooltogether,NONBUG,no_desynchronizing_partial_transition,YES,,,N,,,Y,C3 fails: completeDraw intentionally deletes the finished rngRequest while rngTimeout persists as configuration for future requests; isRngTimedOut returns false when no request exists.
W3B-0147,1bebde35c0dc578aeb75a2253a1ac39b11feb2e4b9bddf1934a24523452a62df,105,web3bugs_packets/W3B-0147.json,https://code4rena.com/reports/2022-03-paladin,NONBUG,analysis_abstraction_error,YES,,,N,,,Y,C3 fails: increaseLock line 288 only binds the current UserLock storage reference before calling _lock; it does not itself perform the serialized persistent userLocks transition.
W3B-0148,1c44809a22e7913a9a911086b42928d9057ae1bf2f9eabb94a73e74bb350564f,26,web3bugs_packets/W3B-0148.json,https://code4rena.com/reports/2021-08-realitycards,NONBUG,reconciliation_precedes_consumption,YES,,,N,,,Y,C3 fails: _processRentCollection updates card and per-user rent accounting immediately before totalRentCollected in the same call; payout cuts and winningOutcome are independent configuration/resolution state.
W3B-0149,1c49987cb44579d619932f3833832b8a341bb8b38b545eb5b8002137d2b9cb78,112,web3bugs_packets/W3B-0149.json,https://code4rena.com/reports/2022-04-backd,NONBUG,reconciliation_precedes_consumption,YES,,,N,,,Y,C3 fails: _userCheckpoint advances lastUpdated and immediately writes the new boostFactors and balances in the same checkpoint; lastMigrationEvent changes only on reward-token migration.
W3B-0150,1c5a29061159ac21ea02d2e12e6e46a5e65b51285045d51c5100bd46d908b9a3,76,web3bugs_packets/W3B-0150.json,https://code4rena.com/reports/2022-01-sherlock,NONBUG,reconciliation_precedes_consumption,YES,,,N,,,Y,"C3 fails: _setSingleProtocolPremium first calls _settleProtocolDebt, which accounts debt and refreshes lastAccountedEachProtocol before premiums_ is changed."
W3B-0151,1c5e568bd0550b8f2374798f8dd2dc7efd22aa139b1a855bdbd2f8e57a1bdc45,123,web3bugs_packets/W3B-0151.json,https://code4rena.com/reports/2022-05-aura,,,YES,,,,,,Y,Pass at adjacent-transition granularity: Aura H-01 is the rewardEpochs/userClaims cursor defect on this exact _allClaimableRewards/_getReward surface; a high start index skips rewards and the advanced cursor is persisted.
W3B-0152,1cdab70a0510dc82edd1c29bfc8fcbb31e4e8a6921623858aa4579cc5a5ed19e,45,web3bugs_packets/W3B-0152.json,https://code4rena.com/reports/2021-10-union,NONBUG,no_desynchronizing_partial_transition,YES,,,N,,,Y,C3 fails: overdueBlocks is a global delinquency-policy threshold; borrowing updates the member's accountBorrows snapshot while later overdue status is intentionally recomputed against the unchanged threshold.
W3B-0153,1cdaf1e54ced9aac4cfca1a2e8dfcb0c6e3943a40848236a084206196d87f435,29,web3bugs_packets/W3B-0153.json,https://code4rena.com/reports/2021-09-sushitrident,NONBUG,analysis_abstraction_error,YES,,,N,,,Y,C3 fails: IndexPool.burn line 125 only allocates a memory TokenAmount array using tokens.length; it does not persistently write the tokens state array as the structural bucket claims.
W3B-0154,1d0ca3e0fb4ee0b7f872d724ab5fae7dc56ef633fe693c0b9c0f3606a5722dd8,105,web3bugs_packets/W3B-0154.json,https://code4rena.com/reports/2022-03-paladin,NONBUG,no_desynchronizing_partial_transition,YES,,,N,,,Y,C3 fails: increasing a lock intentionally changes the amount of an existing ERC20 balance that is restricted without changing that balance; _lock separately enforces amount <= balance.
W3B-0155,1d14aa948f9df97876c3262ed7473947081c2152ee247157e647ad60e009e07f,76,web3bugs_packets/W3B-0155.json,https://code4rena.com/reports/2022-01-sherlock,NONBUG,reconciliation_precedes_consumption,YES,,,N,,,Y,"C3 fails: protocolUpdate explicitly settles per-protocol debt and global staker debt before changing nonStakersPercentage, so the old percentage is fully accounted before the new one applies."
W3B-0156,1d3928f20e6ca796b1543d60b0ad5a567f49d6131abd0e0dd6cc4373d0652a6f,26,web3bugs_packets/W3B-0156.json,https://code4rena.com/reports/2021-08-realitycards,NONBUG,no_desynchronizing_partial_transition,YES,,,N,,,Y,C3 fails: addMarket initializes live market/orderbook state while closedMarkets and per-user cleanup cursors are intentionally populated only after closure; maxDeletions is an independent work bound.
W3B-0157,1d4fb08db3941c2fae846064b45f3276cd4124deb269ebea13762054e79b0d5f,76,web3bugs_packets/W3B-0157.json,https://code4rena.com/reports/2022-01-sherlock,NONBUG,reconciliation_precedes_consumption,YES,,,N,,,Y,C3 fails: _settleProtocolDebt's accounting-error correction is completed by the same settlement path's active-balance and last-accounted reconciliation before the related accounting can be used again.
W3B-0158,1d66fb3a044f46fb430f2f618bf4cb9ba98456d43531a2cc645fff460f143cfa,105,web3bugs_packets/W3B-0158.json,https://code4rena.com/reports/2022-03-paladin,NONBUG,no_desynchronizing_partial_transition,YES,,,N,,,Y,"C3 fails: emergencyWithdraw intentionally removes the active lock and burns only the requested hPAL amount; any remaining balance is simply unlocked, while Paladin's published emergency-state bug concerns separate bonus-ratio state."
W3B-0159,1d993d62aef4023559d8a9eac249650d2b3bed14f6500527221f611608ce8739,78,web3bugs_packets/W3B-0159.json,https://code4rena.com/reports/2022-01-behodler,,,YES,,,,,,Y,"Pass: Behodler M-07 shows repeated generateFLNQuote calls can make both persisted quote block numbers equal while VARS.minQuoteWaitDuration remains positive, so _ensurePriceStability later reverts and blocks migration."
W3B-0160,1d9dea8e6fec0412db23c2d7985c7b5f789ecd4a8e1e2b39b57edf13637a6eed,45,web3bugs_packets/W3B-0160.json,https://code4rena.com/reports/2021-10-union,NONBUG,no_desynchronizing_partial_transition,YES,,,N,,,Y,"C3 fails: totalBorrows is supposed to accrue against the fixed debtCeiling policy bound; interest increasing totalBorrows does not require changing the ceiling, and the published Union borrowing bug concerns different stale accounting state."
W3B-0161,1da73e49c57ca3d2d7d1b41ac8136a37c77f1142d00b1cc6bd21fc547506e028,76,web3bugs_packets/W3B-0161.json,https://code4rena.com/reports/2022-01-sherlock,NONBUG,reconciliation_precedes_consumption,YES,,,N,,,Y,"C3 fails: forceRemoveBySecondsOfCoverage settles debt, subtracts the arb reward, then _forceRemoveProtocol zeroes premium and removes the protocol accounting in the same operation before later use."
W3B-0162,1dde064cb3306e2dae1d29743d001e97857121603d42c8d6e3d747e46856d78c,35,web3bugs_packets/W3B-0162.json,https://code4rena.com/reports/2021-09-sushitrident-2,NONBUG,no_desynchronizing_partial_transition,YES,,,N,,,Y,"C3 fails: updateBarFee refreshes the fee-rate configuration while kLast and totalSupply remain legitimate _mintFee inputs; the published ConstantProductPool fee findings concern fee arithmetic, not a required co-update of those baselines."
W3B-0163,1de1b0caf6996806c7a8008f1bd7449a428cd2d6a4e47f3ac5bc64c1fd25ff62,192,web3bugs_packets/W3B-0163.json,https://code4rena.com/reports/2022-12-tigris,NONBUG,reconciliation_precedes_consumption,YES,,,N,,,Y,C3 fails: addAsset writes assetsIndex and immediately pushes the asset into assets in the same call; the indexed assets read shown by the packet is the pre-write duplicate check.
W3B-0164,1e3f8a7faa72f2261700bc60dd67d5cac2c183190e6801658b0cbf11e7d417df,112,web3bugs_packets/W3B-0164.json,https://code4rena.com/reports/2022-04-backd,NONBUG,no_desynchronizing_partial_transition,YES,,,N,,,Y,"C3 fails: claimRewards intentionally advances only the beneficiary's nextEpochToClaim cursor to endEpoch; the global epoch is not supposed to change, and Backd M-01 instead depends on an empty perPeriodTotalFees epoch."
W3B-0165,1e8a3babc1d852f47edc1004ddee86326839b4435c0bd4004bc49ae4ebda5dd3,22,web3bugs_packets/W3B-0165.json,https://code4rena.com/reports/2021-08-floatcapital,NONBUG,no_desynchronizing_partial_transition,YES,,,N,,,Y,C3 fails: createNewSyntheticMarket initializes assetPrice before the separate market-initialization lifecycle; that intermediate setup is permitted and is not the stuck-next-price defect in Float M-06.
W3B-0166,1e91011490bda7c5efbbe5e97316786d18bd77e87ad85953bd5d652a605ed213,22,web3bugs_packets/W3B-0166.json,https://code4rena.com/reports/2021-08-floatcapital,NONBUG,no_desynchronizing_partial_transition,YES,,,N,,,Y,"C3 fails: clearing userNextPrice_currentUpdateIndex after all pending settlements execute is the intended reconciliation; Float M-06 is a liveness failure when marketUpdateIndex does not advance on an unchanged price, not this reset transition."
W3B-0167,1eb7b337c01a6a2fec52d9194398d320c57d5c435e75535dbf576146c4373a44,51,web3bugs_packets/W3B-0167.json,https://code4rena.com/reports/2021-11-bootfinance,NONBUG,reconciliation_precedes_consumption,YES,,,N,,,Y,"C3 fails: _updateEmission updates startEpochTime and startEpochSupply immediately before writing the new rate, so the emission baseline is reconciled in the same transaction before claims consume it."
W3B-0168,1ec00b11da6ece205386551d09ec12acbb30b5e9d6631b61f00650194e72cf88,29,web3bugs_packets/W3B-0168.json,https://code4rena.com/reports/2021-09-sushitrident,NONBUG,no_desynchronizing_partial_transition,YES,,,N,,,Y,"C3 fails: updateBarFee only refreshes the protocol fee rate; kLast and totalSupply remain valid _mintFee inputs, while the published ConstantProductPool bar-fee issue concerns the fee computation rather than an omitted state update."
W3B-0169,1f283a9ad62c6e403fe4151acfcbd5d7d7c6634d611ff47e40044fcfd81fcd13,28,web3bugs_packets/W3B-0169.json,https://code4rena.com/reports/2021-09-sushimiso,NONBUG,reconciliation_precedes_consumption,YES,,,N,,,Y,C3 fails: _setDocument pushes a new name and immediately records the corresponding document index/full Document before any external effect; _removeDocument likewise reindexes the moved document before deletion.
W3B-0170,1f2eabb485433b2653a837be17e53b0615aab88244cfcb0025c36f068bc427a2,123,web3bugs_packets/W3B-0170.json,https://code4rena.com/reports/2022-05-aura,,,YES,,,,,,Y,Pass at adjacent-transition granularity: Aura H-01 is the rewardEpochs/userClaims cursor defect on this exact _allClaimableRewards/_getReward surface—an attacker skips early epochs and _getReward persists the advanced claim cursor.
W3B-0171,1f7d8e9bfea55cc779b3098937463a5487f7aee92d87e729c051d167d82d1fd7,112,web3bugs_packets/W3B-0171.json,https://code4rena.com/reports/2022-04-backd,NONBUG,no_desynchronizing_partial_transition,YES,,,N,,,Y,"C3 fails: reportFees initializes a beneficiary's claim cursor to the current epoch and records fees in that epoch; the global epoch is correctly unchanged, while Backd M-01 requires the separate zero perPeriodTotalFees state."
W3B-0172,1ff9c0d01974bc33b59d9356fccc6eda5a3eadb6aeee2e1d97d98219654b83d0,105,web3bugs_packets/W3B-0172.json,https://code4rena.com/reports/2022-03-paladin,NONBUG,no_desynchronizing_partial_transition,YES,,,N,,,Y,"C3 fails: emergencyWithdraw deliberately replaces the active lock with a zero lock while permitting any unwithdrawn hPAL balance to remain unlocked; the known emergency bug is stale bonus-ratio state, not a balance/lock inconsistency."
W3B-0173,20057525bb793358a855184fcbfd65f0934bbd90e5922b079f2cb8ee970ab35b,49,web3bugs_packets/W3B-0173.json,https://code4rena.com/reports/2021-11-overlay,NONBUG,reconciliation_precedes_consumption,YES,,,N,,,Y,C3 fails: roll updates the selected roller slot as part of the rolling-accumulator update and its caller reconciles the associated cycloid/accumulator state before later oiCap consumption; brrrrdExpected is independent governance configuration.
W3B-0174,20225be09f3f92d611c7ce1153fd9652636ce2f0ddf8983d52fa85891d3227bf,52,web3bugs_packets/W3B-0174.json,https://code4rena.com/reports/2021-11-vader,NONBUG,reconciliation_precedes_consumption,YES,,,N,,,Y,"C3 fails: withdraw checkpoints rewards first, then updates _totalSupply and the user's _balances consecutively before transfer; Vader M-04 instead concerns mismatch with the external fee-on-transfer token balance."
W3B-0175,20838d1f94cee8831a5ebdfa780534c1e0ebce156149d90005116359df494dc3,124,web3bugs_packets/W3B-0175.json,https://code4rena.com/reports/2022-06-notional-coop,NONBUG,no_desynchronizing_partial_transition,YES,,,N,,,Y,"C3 fails: underlyingToCToken is extended per supported Compound market while cEther is the fixed special native-market identifier used for ETH branching, so adding a mapping entry does not require changing cEther."
W3B-0176,2090647793acd4afa7a442f6c2b68cf136135b75346796af0143bc9a1676677f,26,web3bugs_packets/W3B-0176.json,https://code4rena.com/reports/2021-08-realitycards,NONBUG,reconciliation_precedes_consumption,YES,,,N,,,Y,"C3 fails: removeFromLeaderboard rewires neighbor pointers and then, in the same internal call, overwrites/pops the user's record and clears/reindexes leaderboardIndex before updateLeaderboard can consume the structure again."
W3B-0177,20dc33592bb7bca23f1eef02f0cc5de84343b00153df87a47a5c92431ba9d0c6,54,web3bugs_packets/W3B-0177.json,https://code4rena.com/reports/2021-11-unlock,,,YES,,,,,,Y,"Pass: Unlock H-03 confirms transfer updates ownership/keyByOwner while stale keyManagerOf survives, and that stale manager authorization can transfer the new owner's key back."
W3B-0178,214bcd2338858bd059323dc2523ecfe1428f5d3fe44d6163230645373b123b63,52,web3bugs_packets/W3B-0178.json,https://code4rena.com/reports/2021-11-vader,NONBUG,no_desynchronizing_partial_transition,YES,,,N,,,Y,"C3 fails: updateReward is an intentional lazy checkpoint—rewardPerTokenStored advances with the corresponding time/account checkpoints, while supply/rate/period are unchanged inputs rather than omitted stale state."
W3B-0179,218479265fa45095ece02a5bf1e7feb62a66b429a5c2df08eb05d7b3c98aa970,29,web3bugs_packets/W3B-0179.json,https://code4rena.com/reports/2021-09-sushitrident,NONBUG,no_desynchronizing_partial_transition,YES,,,N,,,Y,"C3 fails: burning LP supply does not require barFee to change, and kLast is a pool-liquidity baseline handled by the liquidity-event lifecycle; the published burnSingle defect instead concerns reserve-versus-balance swap math."
W3B-0180,2289d7e8efddc7a6803dc43feffb9a12ba8efa3f195ae77c4b535d09ba8a37ff,112,web3bugs_packets/W3B-0180.json,https://code4rena.com/reports/2022-04-backd,NONBUG,no_desynchronizing_partial_transition,YES,,,N,,,Y,C3 fails: boostFactors[user] is a per-user derived checkpoint computed from the global START_BOOST configuration; refreshing the derived value does not require mutating that configuration.
W3B-0181,22b1f7fc0c6f4dbb6b1c27b324346db33671c59bdf88a3d83a218834395169bb,26,web3bugs_packets/W3B-0181.json,https://code4rena.com/reports/2021-08-realitycards,NONBUG,unsupported_or_overbroad_relation,NO,,N,,,,Y,"C2 fails: cleaningLoops is only a cleanup work bound; removing a bid does not require that limit to co-update, and Reality Cards H-01 concerns the separate maxDeletions/findNewOwner edge case."
W3B-0182,22e760141f82cfcb134105e32fe7f73dbb01a5bfaf3a4fe8eb25cac779e90090,26,web3bugs_packets/W3B-0182.json,https://code4rena.com/reports/2021-08-realitycards,NONBUG,reconciliation_precedes_consumption,YES,,,N,,,Y,C3 fails: cleanWastePile rewrites the user record and then clears/reindexes the corresponding index in the same call before stale index state can be behaviorally consumed; the packet's index read is pre-write.
W3B-0183,233db7f3946f8ac8655d6d21ca05bcfea7d1c22735e88850240e99f25fc461dc,105,web3bugs_packets/W3B-0183.json,https://code4rena.com/reports/2022-03-paladin,NONBUG,analysis_abstraction_error,YES,,,N,,,Y,"C3 fails: the reported writer is inside _getUserAccruedRewards(), an internal view routine that reads userLocks; the serialized writer therefore does not perform the claimed desynchronizing userLocks transition."
W3B-0184,234e18715db70c9eeae74c860bef8cce5d888f1de28732cbce352cbbfcd45158,22,web3bugs_packets/W3B-0184.json,https://code4rena.com/reports/2021-08-floatcapital,NONBUG,no_desynchronizing_partial_transition,YES,,,N,,,Y,"C3 fails: syntheticTokens is the stable market-to-token identity used to index userAmountStaked, so changing a user's stake does not require changing that mapping; Float H-03 instead omits cumulative pending-shift state."
W3B-0185,23602acff221c57039e65909869596026a72e7c167d056b9472c276476d31088,26,web3bugs_packets/W3B-0185.json,https://code4rena.com/reports/2021-08-realitycards,NONBUG,reconciliation_precedes_consumption,YES,,,N,,,Y,"C3 fails: after moving/popping the user record, cleanWastePile clears the removed index and reindexes the moved record before return; the additional market/closed-market members do not create persistent stale state."
W3B-0186,2449b64d482836c55824fbfd4413d0c4c062f3ac3153414a00fb89798ca952ea,78,web3bugs_packets/W3B-0186.json,https://code4rena.com/reports/2022-01-behodler,NONBUG,no_desynchronizing_partial_transition,YES,,,N,,,Y,C3 fails: configureSoul advances latestIndex specifically to select a Soul epoch and immediately initializes that selected slot with soul.set(); the new slot is intentional setup rather than unreconciled stale state.
W3B-0187,24d2544abf310f4dc2dec5c2e55092069b59ab81aa5dddfcac49c843787212db,112,web3bugs_packets/W3B-0187.json,https://code4rena.com/reports/2022-04-backd,NONBUG,no_desynchronizing_partial_transition,YES,,,N,,,Y,"C3 fails: _userCheckpoint updates the AMM, CRV, and CVX per-user shares together before claimRewards consumes them; the serialized CVX write is the third coordinated checkpoint rather than a persistent partial transition."
W3B-0188,25f129586678f8c74379eb14c59aa7a64ddcbc04b3d02f857787a59126cafa44,45,web3bugs_packets/W3B-0188.json,https://code4rena.com/reports/2021-10-union,,,YES,,,,,,Y,"Pass: Union H-02's faulty getLockedAmount value is stored by updateLockedData; that locked-state accounting is later combined with stakers[staker] in getTotalLockedStake/unstake, recovering the same defect surface at broader granularity."
W3B-0189,26122e4e209b4c5bbdea063e096ddeaffe1b6b11997c1d18db63b9b3c26c3a2d,76,web3bugs_packets/W3B-0189.json,https://code4rena.com/reports/2022-01-sherlock,NONBUG,reconciliation_precedes_consumption,YES,,,N,,,Y,"C3 fails: _setSingleProtocolPremium settles protocol debt and updates lastAccountedEachProtocol before changing premiums_, so the old time/rate state is reconciled before the new premium applies."
W3B-0190,266d182b642fdabad8cec8964b0694319871bd19f329bb39c623d99cc8469008,26,web3bugs_packets/W3B-0190.json,https://code4rena.com/reports/2021-08-realitycards,NONBUG,no_desynchronizing_partial_transition,YES,,,N,,,Y,"C3 fails: _sponsor propagates the amount into totalRentCollected, sponsor refund accounting, and per-card rent totals; payout cuts and winningOutcome are independent configuration/resolution state."
W3B-0191,26b4c346b28047ecba6c71ca49cb56a540da3e743e6d804da3db52181afec0bb,45,web3bugs_packets/W3B-0191.json,https://code4rena.com/reports/2021-10-union,NONBUG,no_desynchronizing_partial_transition,YES,,,N,,,Y,"C3 fails: overdueBlocks is a global policy threshold; repayment updates the borrower's principal/lastRepay while correctly leaving that threshold unchanged, and later overdue status is recomputed from both."
W3B-0192,26b7ec31155dce38af85a13cdb704d2ace014002a2bc49de0cd0e7dbdc827537,54,web3bugs_packets/W3B-0192.json,https://code4rena.com/reports/2021-11-unlock,,,YES,,,,,,Y,"Pass: Unlock H-04 confirms transfer changes key ownership while stale approved/manager authorization can survive, and onlyKeyManagerOrApproved later consumes that stale authorization to reclaim the key."
W3B-0193,26e65a7dd01e38c3a829fa2f8acbe91a86d0633fb045a4e96ae26ed526dfec8b,22,web3bugs_packets/W3B-0193.json,https://code4rena.com/reports/2021-08-floatcapital,,,YES,,,,,,Y,"Pass: Float L-06 identifies this parameter/snapshot mismatch—changeMarketLaunchIncentiveParameters updates the incentive period while _getKValue keeps using the original snapshot timestamp, which later drives issuance."
W3B-0194,26e86c7dd0ae721645534ffe8bb6d3ae68749e6e81f0d34f2390b98c14f883f7,70,web3bugs_packets/W3B-0194.json,https://code4rena.com/reports/2021-12-vader,NONBUG,no_desynchronizing_partial_transition,YES,,,N,,,Y,"C3 fails: _transfer debits one balance and credits another by the same amount, preserving the aggregate balance/totalSupply invariant; totalSupply is correctly unchanged."
W3B-0195,26ee90424088f2e528ec30b71867530fbc7601217b9425a36775ecc2e8a28e8b,35,web3bugs_packets/W3B-0195.json,https://code4rena.com/reports/2021-09-sushitrident-2,NONBUG,no_desynchronizing_partial_transition,YES,,,N,,,Y,"C3 fails: burnSingle settles fees, burns LP supply, and records dLast from post-burn liquidity; barFee is a configuration input, and the published burnSingle defect is instead the reserve-versus-balance swap calculation."
W3B-0196,2750828dfa375795d0c17f5ccd1f0bec6d138d8e4eea15adfb903e627b74f667,35,web3bugs_packets/W3B-0196.json,https://code4rena.com/reports/2021-09-sushitrident-2,,,YES,,,,,,Y,"Pass/recovery of Trident IndexPool H-13 in the franchised clone at origin/relation granularity: although the nominated writer is swap reserve accounting, the packet carries the exact vulnerable FranchisedIndexPool.mint NOT_RECEIVED origin `_balance(tokenIn) >= amountIn + reserve` together with records/reserve state and LP totalSupply. The unchecked uint120 addition can overflow and permit LP supply to be minted without commensurate recorded reserves; tokens is an extra registry member."
W3B-0197,276dfde5e0b727a3e26312fbf08e18273f7b9fe0af24b3c3e852b30ddcb00e5c,124,web3bugs_packets/W3B-0197.json,https://code4rena.com/reports/2022-06-notional-coop,NONBUG,reconciliation_precedes_consumption,YES,,,N,,,Y,"C3 fails: addCollateralAssets resolves the cToken, sets collateralCTokenEnabled for the SetToken, and immediately appends that same cToken to enabledAssets.collateralCTokens before returning. No later remove/sync consumer can observe the enabled flag without its companion list entry."
W3B-0198,27aa0676a31645112dadb9e924abacd9d376be18aa0008dce7167f7d78cfbf6c,51,web3bugs_packets/W3B-0198.json,https://code4rena.com/reports/2021-11-bootfinance,NONBUG,reconciliation_precedes_consumption,YES,,,N,,,Y,C3 fails: _updateEmission advances startEpochTime and startEpochSupply for the completed epoch using the old rate before installing the next epoch's rate. The rate/time/supply schedule tuple is reconciled inside the same helper before _available_supply can consume it.
W3B-0199,27c4a05d5b65e0385fd299f2448cec7ef2aaea4f35ec3a6ca1a24d4adcc2acf9,53,web3bugs_packets/W3B-0199.json,https://code4rena.com/reports/2021-11-nested,NONBUG,no_desynchronizing_partial_transition,YES,,,N,,,Y,C3 fails: deleteAsset legitimately removes a holding/token from records while maxHoldingsCount remains the fixed capacity policy for later createRecord calls. Deleting an asset does not require changing the maximum holdings limit.
W3B-0200,27ef9ba16127deaa8072407f044591450c30f54e9f533e5cd9dc5dc1d7d56a47,76,web3bugs_packets/W3B-0200.json,https://code4rena.com/reports/2022-01-sherlock,NONBUG,reconciliation_precedes_consumption,YES,,,N,,,Y,"C3 fails: _settleTotalDebt first realizes elapsed global premiums into lastClaimablePremiumsForStakers using allPremiumsPerSecToStakers, then advances lastAccountedGlobal to the current timestamp. The rate intentionally remains as the input for the next interval, so no stale premium interval survives the helper."
W3B-0201,28517b01fc81aeb183fde83ee4c4ff972b835e1e638c07cfd10e717d3ce9c766,124,web3bugs_packets/W3B-0201.json,https://code4rena.com/reports/2022-06-notional-coop,NONBUG,no_desynchronizing_partial_transition,YES,,,N,,,Y,"C3 fails: underlyingToCToken is the stable global asset registry used to resolve the cToken. addBorrowAssets reads that mapping, then marks the resolved cToken enabled for the specific SetToken and appends the corresponding enabled-asset entries; enabling a SetToken borrow role does not require rewriting the global registry mapping."
W3B-0202,28a84fa770d6061f169f8edaa4f99f6c5150d9f5711400a827d986914cd1ed8b,22,web3bugs_packets/W3B-0202.json,https://code4rena.com/reports/2021-08-floatcapital,NONBUG,reconciliation_precedes_consumption,YES,,,N,,,Y,"C3 fails: _stake first mints any accumulated FLOAT when the user's checkpoint trails latestRewardIndex, then writes userIndexOfLastClaimedReward[marketIndex][user] = latestRewardIndex[marketIndex] before returning. marketIndexOfToken is stable market identity, so the user checkpoint is reconciled rather than stranded."
W3B-0203,290a58b795d1b8b0e0199d480be5c8c99c357ec918562ac7fcc7dc87e77290cf,45,web3bugs_packets/W3B-0203.json,https://code4rena.com/reports/2021-10-union,NONBUG,incompatible_context_key_or_ordering,YES,,,N,,,Y,"C3 fails relative to Union H-01 in this emitted context: the nominated totalBorrows write is accrueInterest reached through exchangeRateCurrent, so it refreshes utilization before any subsequent borrow/getRemainingLoanSize check. H-01 requires the distinct borrow context where debtCeiling-totalBorrows is checked before borrow calls accrueInterest. This writer context therefore does not expose the stale pre-accrual debt-ceiling check."
W3B-0204,29374c80e8a184613611bf3ab3cfa18b7b15656cc6bc7149dc294c41e608be20,26,web3bugs_packets/W3B-0204.json,https://code4rena.com/reports/2021-08-realitycards,NONBUG,no_desynchronizing_partial_transition,YES,,,N,,,Y,C3 fails: _processRentCollection updates per-card time-limit/time-held/rent accounting while marketLockingTime remains the fixed market-wide deadline used to cap collection and locking. Ordinary card accounting is not required to rewrite that deadline.
W3B-0205,29606f59e6ff76125f2fc0bc48fbc8226d89c7a2ec77ededfec1b3598c6e07e0,78,web3bugs_packets/W3B-0205.json,https://code4rena.com/reports/2022-01-behodler,,,YES,,,,,,Y,"Pass/recovery of Behodler M-04 at proposal-state-machine granularity: makeProposal installs the sole currentProposalState under proposalConfig's voting lifecycle and required stake. Once voting has expired, updateCurrentProposal attempts orchestrateExecute; if an accepted proposal reverts there, completion rolls back and the proposal remains current/voting past its configured lifecycle, while later makeProposal consumes that state and rejects successors as an active proposal."
W3B-0206,29a3e19c8f0bafc1e42061489c215bf6d71b169e761f4fa587059adb076abcb5,26,web3bugs_packets/W3B-0206.json,https://code4rena.com/reports/2021-08-realitycards,NONBUG,no_desynchronizing_partial_transition,YES,,,N,,,Y,"C3 fails: rentAllCards/_processRentCollection advances per-card rent, time-held and cardTimeLimit state while marketLockingTime remains a fixed market deadline. The evolving accounting state and the deadline are intentionally not mirrored fields."
W3B-0207,29ac858cd4d3cf2d1f1352b9b6660c5f7926c38700416afa381cbfb99f4091fc,35,web3bugs_packets/W3B-0207.json,https://code4rena.com/reports/2021-09-sushitrident-2,NONBUG,no_desynchronizing_partial_transition,YES,,,N,,,Y,"C3 fails: IndexPool.swap legitimately changes the input/output reserve records while the tokens registry remains fixed. This bucket does not carry the LP totalSupply role needed for the H-13 mint-overflow surface; its nominated transition is ordinary reserve accounting, not a desynchronizing token-membership transition."
W3B-0208,2a1bf2807f20bf73c42f32146241437dc21a63cc8ffd429309772f9afce57a23,105,web3bugs_packets/W3B-0208.json,https://code4rena.com/reports/2022-03-paladin,,,YES,,,,,,Y,Pass/recovery of Paladin M-05 at an exact history-write site: emergencyWithdraw L1357 pushes a zero UserLock carrying safe32(block.number). Multiple lock-history transitions in the same block can therefore create duplicate fromBlock entries later consumed by historical-state queries; ERC20 balance is an over-broad companion member rather than a semantic miss.
W3B-0209,2a275acd725ead4a54bc7039cf84f1c5cddc2388d33c19297df05bf15e9719e7,107,web3bugs_packets/W3B-0209.json,https://code4rena.com/reports/2022-04-jpegd,NONBUG,no_desynchronizing_partial_transition,YES,,,N,,,Y,"C3 fails: _openPosition creates the per-NFT Position while settings remains the vault's global risk, fee, insurance and interest configuration consumed by later operations. Opening a new position is not supposed to mutate those configuration parameters; the known APR temporal surface is the settings update without first accruing the old interval, not this position creation."
W3B-0210,2a582c2d8933354b60905915565833f6b75b4d720cba589c94d4184c55b32d39,52,web3bugs_packets/W3B-0210.json,https://code4rena.com/reports/2021-11-vader,NONBUG,reconciliation_precedes_consumption,YES,,,N,,,Y,"C3 fails: notifyRewardAmount is guarded by updateReward(address(0)), which first checkpoints the old rewardPerTokenStored/lastUpdateTime under the prior schedule. It then computes the replacement rewardRate and, before returning, sets lastUpdateTime and periodFinish for the new schedule. _totalSupply is intentionally unchanged, so later reward consumers see a reconciled schedule."
W3B-0211,2a6d0fa86d0d775f6bbdd9cfa54dabc2756698520559417f8457803da79d94d3,76,web3bugs_packets/W3B-0211.json,https://code4rena.com/reports/2022-01-sherlock,NONBUG,no_desynchronizing_partial_transition,YES,,,N,,,Y,C3 fails: activeBalances is a protocol's current funded balance while minActiveBalance is the independent governance threshold for forced removal. _settleProtocolDebt may legitimately reduce the balance without changing the threshold; forceRemoveByActiveBalance settles first and only then compares the refreshed balance with minActiveBalance.
W3B-0212,2abb6072e24420ca725357ba0e777a7bd5eb904be89b6eb35748b150482a75f9,22,web3bugs_packets/W3B-0212.json,https://code4rena.com/reports/2021-08-floatcapital,NONBUG,reconciliation_precedes_consumption,YES,,,N,,,Y,"C3 fails: _executeOutstandingNextPriceSettlements reaches the nominated reset only when userCurrentUpdateIndex != 0 and userCurrentUpdateIndex <= marketUpdateIndex, after all queued mints, redeems and shifts have executed. Clearing userNextPrice_currentUpdateIndex is completed-settlement cleanup. Float M-06 is the opposite stuck path where an unchanged oracle price prevents marketUpdateIndex from advancing, so that stale path cannot reach this reset before reconciliation."
W3B-0213,2adae27d160d04af3cae0ada4513e5e91bb27c513a9b3fd30ca66d44fb786570,26,web3bugs_packets/W3B-0213.json,https://code4rena.com/reports/2021-08-realitycards,NONBUG,analysis_abstraction_error,YES,,,N,,,Y,"C3 fails: claimCard L549 writes only card[_card].userAlreadyClaimed[_user], a replay guard for claiming the card/NFT. marketLockingTime constrains market locking/rent collection and need not change when a user marks a claim complete; treating the whole Card aggregate as a single coupled writer conflates unrelated card fields."
W3B-0214,2b538bd14bda81ea3c9e345d9b41198c88c7c26f4242b7cfaa8e29897e2ab66a,26,web3bugs_packets/W3B-0214.json,https://code4rena.com/reports/2021-08-realitycards,NONBUG,no_desynchronizing_partial_transition,YES,,,N,,,Y,C3 fails: _removeBidFromOrderbookIgnoreOwner relinks live orderbook user records while marketCloseLimit remains the independent configured batch cap used by closeMarket. Removing/relinking a bid does not require changing that policy limit; this is not the separate stale-index closeMarket defect family.
W3B-0215,2c3962e90984ab7026ae5a009cad0c698a1d2eb0b3f94829f38963f10f4ea9ce,105,web3bugs_packets/W3B-0215.json,https://code4rena.com/reports/2022-03-paladin,,,YES,,,,,,Y,Pass/recovery of Paladin M-05 at the exact _lock L1184 history write: regular lock can enter the expired/zero prior-lock branch and push a new UserLock with safe32(block.number) without coalescing a same-block history entry. Another lock-history transition in that block can therefore create duplicate fromBlock states consumed by past-state queries; ERC20 balance is an over-broad extra relation member.
W3B-0216,2cc45f0a058d4ba7592698120183cea2adf2ea1ceaf1bbc5b10d79782a983f80,110,web3bugs_packets/W3B-0216.json,https://code4rena.com/reports/2022-04-badger-citadel,NONBUG,no_desynchronizing_partial_transition,YES,,,N,,,Y,"C3 fails: a valid price update intentionally changes citadelPriceInAsset while funding.discount/cap state and assetDecimalsNormalizationValue remain independent pricing inputs. Badger Citadel M-02 is the zero-discount result-assignment bug inside getAmountOut, and M-05 is the rejected-price/flag branch failing to store a new price; neither requires these omitted members to co-move with an accepted price update."
W3B-0217,2cebfd285269a5d614cc86056576deea05b63a7377da9b63265a47302753423e,112,web3bugs_packets/W3B-0217.json,https://code4rena.com/reports/2022-04-backd,,,YES,,,,,,Y,"Pass/novel at the direct producer of the validated Backd same-block migration/checkpoint defect: migrate sets lastMigrationEvent = block.timestamp while per-user lastUpdated persists. A user checkpoint earlier in the same block can therefore leave lastUpdated[user] == lastMigrationEvent; if old-token fee state changed between that checkpoint and migration, a later _userCheckpoint's strict lastUpdated[user] < lastMigrationEvent gate skips reconciliation of the old reward-token delta permanently. balances is the amount input on that exact consumer."
W3B-0218,2d50b9dd9f2e8f6bca6eaf799460250c9d749e7a408701200245718cf83a2862,45,web3bugs_packets/W3B-0218.json,https://code4rena.com/reports/2021-10-union,NONBUG,no_desynchronizing_partial_transition,YES,,,N,,,Y,"C3 fails: initialExchangeRateMantissa is only the zero-supply bootstrap exchange rate. Once uToken supply exists, exchangeRateStored intentionally uses totalRedeemable / totalSupply, so repayment increasing totalRedeemable does not require changing the bootstrap constant."
W3B-0219,2da791d81fa0767d177e18acbcbbb368116154729727110c17e68dd4e119ff35,123,web3bugs_packets/W3B-0219.json,https://code4rena.com/reports/2022-05-aura,NONBUG,no_desynchronizing_partial_transition,YES,,,N,,,Y,C3 fails: AuraLocker.updateReward intentionally refreshes per-account userData for each token already in the stable rewardTokens registry. Updating one user's reward checkpoint does not require mutating token-registry membership; getReward later iterates the same registry and consumes the reconciled per-token userData.
W3B-0220,2dc2f68c96d08431749b7e5641b30ff1297fc92799286512a0d2d7055ba66c12,29,web3bugs_packets/W3B-0220.json,https://code4rena.com/reports/2021-09-sushitrident,NONBUG,no_desynchronizing_partial_transition,YES,,,N,,,Y,C3 fails: TridentERC20.transferFrom conserves supply while moving LP-token balance between accounts. totalSupply must remain unchanged on a transfer and only changes on mint/burn; later pool mint/burn logic therefore reads the correct conserved supply.
W3B-0221,2dd41eb6c8b018aa669b8ca1d7b0d8900863d386034503e4eab04c950a59eaf5,131,web3bugs_packets/W3B-0221.json,https://code4rena.com/reports/2022-05-backd,,,YES,,,,,,Y,Pass/recovery of Backd M-01 at reportFees repair/adjacent granularity: advanceEpoch/kill can advance epoch through a period with zero perPeriodTotalFees while keeperRecords.nextEpochToClaim still spans that empty epoch. Claim traversal later consumes the inconsistent epoch/keeper-record range and can divide by zero; reportFees is the paired state surface that can populate the period.
W3B-0222,2dea7209febb3ff1b6f748f7c60f2fb8c143e47581f216c998217a64c98d74c5,26,web3bugs_packets/W3B-0222.json,https://code4rena.com/reports/2021-08-realitycards,NONBUG,reconciliation_precedes_consumption,YES,,,N,,,Y,"C3 fails: removeFromLeaderboard unlinks the record, swap-pops leaderboard[_user], clears the removed leaderboardIndex and, when a record moved, immediately rewrites that moved record's leaderboardIndex to _index before updateLeaderboard can consume it."
W3B-0223,2e3940a4f11fcf2f5db6d0ccd9b9c0c3cdf8081cf7f37a32c037ccb68ed9b54c,105,web3bugs_packets/W3B-0223.json,https://code4rena.com/reports/2022-03-paladin,NONBUG,no_desynchronizing_partial_transition,YES,,,N,,,Y,"C3 fails: ERC20 transferFrom changes transferable hPAL balances while userLocks remains intentionally unchanged. _beforeTokenTransfer/_availableBalanceOf prevents the sender from moving locked hPAL, and increasing the recipient's unlocked balance does not require modifying any existing recipient lock."
W3B-0224,2e4e6e9dd83552b0e9b2d497574826d1c1bfc3a31dfb3356b0a32b5a9b9c3900,105,web3bugs_packets/W3B-0224.json,https://code4rena.com/reports/2022-03-paladin,,,YES,,,,,,Y,Pass/recovery of Paladin M-05 at the emergencyWithdraw history-write site: emergencyWithdraw appends a zero UserLock carrying the current block number before burning hPAL. Another lock-history transition in the same block can therefore create duplicate fromBlock checkpoints consumed by historical-state queries; ERC20 balance is an over-broad companion rather than a semantic miss.
W3B-0225,2ea18a5849d435e05bec9c6982750cfc6af82069f16b3da956d98f629236cb05,26,web3bugs_packets/W3B-0225.json,https://code4rena.com/reports/2021-08-realitycards,NONBUG,no_desynchronizing_partial_transition,YES,,,N,,,Y,C3 fails: _updateBidInOrderbook relinks/updates one live bid while maxDeletions remains the independent global work bound for findNewOwner/removal loops. A bid-position change is not supposed to mutate that policy limit; RealityCards H-01 is the separate findNewOwner final-deletion control edge.
W3B-0226,2ed8a4273e3b8bb5ab6ad5b5b8e934050e5da29c222c619afdcfd98d0fb96f06,105,web3bugs_packets/W3B-0226.json,https://code4rena.com/reports/2022-03-paladin,NONBUG,reconciliation_precedes_consumption,YES,,,N,,,Y,"C3 fails: ERC20._mint calls HolyPaladinToken._beforeTokenTransfer before increasing totalSupply. The hook checkpoints user/global rewards first, so _updateRewardState computes rewardIndex/lastRewardUpdate using the pre-mint supply; the old reward interval is reconciled before the supply transition."
W3B-0227,2f7b27847f69f7b8d6bd9c74a3ccec9aa85e4a612dba10c098e9203582dafaba,26,web3bugs_packets/W3B-0227.json,https://code4rena.com/reports/2021-08-realitycards,NONBUG,no_desynchronizing_partial_transition,YES,,,N,,,Y,C3 fails: cleaningLoops is a configured per-call garbage-collection work cap. cleanWastePile is expected to compact user/waste-pile state while that cap remains fixed; no invariant requires the limit to change with each removed record.
W3B-0228,2f8ec890212fc138c88197b4d00e522ecab1eb914844dc4a27b99535f90dd4aa,105,web3bugs_packets/W3B-0228.json,https://code4rena.com/reports/2022-03-paladin,,,YES,,,,,,Y,Pass/recovery of Paladin M-05 at the report-listed _lock L1184 history write: stakeAndIncreaseLock can append a UserLock carrying safe32(block.number) without coalescing same-block history. A second lock transition in the same block can create duplicate fromBlock states later consumed by historical queries; ERC20 balance is an over-broad extra member.
W3B-0229,2fdc1b622159215f4d07fe85ece97accd4a7a79774bd2313dc2d0f674ec342cb,26,web3bugs_packets/W3B-0229.json,https://code4rena.com/reports/2021-08-realitycards,NONBUG,reconciliation_precedes_consumption,YES,,,N,,,Y,"C3 fails: removeOldBids preserves the linked list, swap-pops the stale user record, then clears the removed bid index and repairs the moved record's index before returning. Later addBidToOrderbook consumers therefore see reconciled user/index bookkeeping."
W3B-0230,2fff2bca86bd1f9e986e9018440dfb5363e143aef490465d3ba28a2182a3f4fe,51,web3bugs_packets/W3B-0230.json,https://code4rena.com/reports/2021-11-bootfinance,NONBUG,reconciliation_precedes_consumption,YES,,,N,,,Y,C3 fails: _updateEmission advances startEpochTime and startEpochSupply for the completed epoch using the old rate before installing the next epoch's rate. The schedule tuple is fully reconciled inside the same helper before _available_supply can consume it.
W3B-0231,30346e7f5bdeef9692e14f4e72d366ac997812f5a02d30936e4feb5b676d4e51,22,web3bugs_packets/W3B-0231.json,https://code4rena.com/reports/2021-08-floatcapital,,,YES,,,,,,Y,"Pass/recovery of Float L-06 at the direct helper/producer: _changeMarketLaunchIncentiveParameters rewrites the launch period and multiplier while accumulativeFloatPerSyntheticTokenSnapshots[marketIndex][0].timestamp remains the original launch baseline. _getKValue then consumes the new parameters against that stale timestamp, altering issuance timing; extra balance-incentive members are overapproximation."
W3B-0232,303bae0ba05c46b169cd6f5a4623ac0c7c5da019975e9c7da9ac54d5d21e9e13,26,web3bugs_packets/W3B-0232.json,https://code4rena.com/reports/2021-08-realitycards,NONBUG,reconciliation_precedes_consumption,YES,,,N,,,Y,"C3 fails: cleanWastePile's nonterminal branch relinks the list, swap-pops user[_user], clears the removed index and repairs the moved record's index before addBid/search/update/bidExists consumers resume. No persistent stale user/index pair escapes cleanup."
W3B-0233,303e97687ace0bb4318d288060f042018af4dfa251def835ce78dac9bd5418ad,26,web3bugs_packets/W3B-0233.json,https://code4rena.com/reports/2021-08-realitycards,NONBUG,no_desynchronizing_partial_transition,YES,,,N,,,Y,C3 fails: payCardAffiliate only marks a per-card affiliate payment as paid and calculates that card's affiliate payout in the already-resolved WITHDRAW phase. winningOutcome is resolved independently and should not change when an unrelated card's affiliate-paid flag changes; payout later intentionally combines the finalized outcome with accumulated card state.
W3B-0234,305666c483ba87f612afe529e04fba4ba4a8e31418d0f9f3a3c2aa889741a9eb,123,web3bugs_packets/W3B-0234.json,https://code4rena.com/reports/2022-05-aura,NONBUG,analysis_abstraction_error,YES,,,N,,,Y,"C3 fails: the nominated updateReward L173 node reads rewardTokens.length/registry entries while checkpointing rewardData/userData; it does not persistently write rewardTokens. The emitted rewardTokens writer is an iteration/read abstraction, and getReward consumes userData only after updateReward has refreshed it."
W3B-0235,30d9419908b4a56f14dfc0f03893d53d7b5c6d1a804319bdbfb6b7fb4e12de58,105,web3bugs_packets/W3B-0235.json,https://code4rena.com/reports/2022-03-paladin,NONBUG,incompatible_context_key_or_ordering,YES,,,N,,,Y,"C3 fails in the emitted increaseLockDuration context: that entrypoint requires an existing nonempty lock before calling _lock, so the first-lock branch at L1145/L1148 (userLocks[user].length == 0) is infeasible. The candidate therefore cannot witness Paladin M-05 from this writer context despite landing on a report-listed history-write line."
W3B-0236,30ead41a182533bd8189dcbcc541bd0b6b32dd31cbc43ce9a6177fd4e8d80657,22,web3bugs_packets/W3B-0236.json,https://code4rena.com/reports/2021-08-floatcapital,,,YES,,,,,,Y,"Known Float L-06 at snapshot/checkpoint granularity, consistent with accepted W3B-0352: the bucket relates marketLaunchIncentive_period/multipliers to the persisted accumulativeFloatPerSyntheticTokenSnapshots and reaches _getKValue. The incentive parameters can be changed while snapshot[marketIndex][0].timestamp remains the old launch-time origin, so subsequent issuance calculations consume new launch parameters against the stale timestamp. The nominated snapshot write is an adjacent/checkpoint view of the same defect surface rather than a different invariant."
W3B-0237,313f36bb7e79389b5e1f9943836f8f15fb44310f6a87a175d8a231671d2e064b,105,web3bugs_packets/W3B-0237.json,https://code4rena.com/reports/2022-03-paladin,,,YES,,,,,,Y,"Pass/recovery of Paladin M-05 at the existing-lock history-write granularity: _lock appends a new UserLock carrying safe32(block.number) at L1199-L1203, so multiple lock updates in one block can create duplicate fromBlock history checkpoints. Later historical lock/reward lookup can consume the ambiguous history. The ERC20 balance member is an over-broad companion and does not defeat the substantive recovery."
W3B-0238,3154df1827498a00fe949bb19ed510967ddc08c7ad8cdcd02fa7fbf2f888896f,35,web3bugs_packets/W3B-0238.json,https://code4rena.com/reports/2021-09-sushitrident-2,NONBUG,no_desynchronizing_partial_transition,YES,,,N,,,Y,"C3 fails: swap intentionally advances nearestTick to the adjacent initialized tick derived from the existing ticks structure after tick traversal; the ticks mapping is not supposed to be rewritten merely because that pointer changes. Trident H-17 is a different semantic misuse: fee-growth/position logic treats nearestTick as a proxy for the actual pool tick, including boundary cases. This swap pointer assignment does not itself create the reported stale tick state and the bucket does not contain the missing pool-tick role."
W3B-0239,3155a8f65a39974847b957d6fa573e29fa4de03a1f08ee3281fdcf5475d0030c,76,web3bugs_packets/W3B-0239.json,https://code4rena.com/reports/2022-01-sherlock,NONBUG,incompatible_context_key_or_ordering,YES,,,N,,,Y,"C3 fails in the serialized withdrawActiveBalance context. _settleProtocolDebt runs before the withdrawal. If ordinary debt is within the active balance, debt and lastAccountedEachProtocol are reconciled before the balance reduction and the post-withdraw coverage check rejects an unsafe withdrawal. If debt exceeds balance, settlement can transiently drive activeBalances to zero while premiums_ remains live, but withdrawActiveBalance requires a nonzero _amount and immediately reverts because _amount > currentBalance; the entire settlement is rolled back. Thus this context cannot commit the positive Sherlock insolvency-family state."
W3B-0240,3181797d228a586112a506a4ca58a3eeb8d91eccc0550c733c6c2af97b450dcc,51,web3bugs_packets/W3B-0240.json,https://code4rena.com/reports/2021-11-bootfinance,NONBUG,reconciliation_precedes_consumption,YES,,,N,,,Y,"C3 fails: _updateEmission first advances startEpochTime and adds the completed epoch's issuance to startEpochSupply using the old rate, then changes rate for the next epoch. The three schedule variables therefore form one atomic checkpoint before _available_supply can consume them."
W3B-0241,31a96b2495c7eb00429d964ed1bb04f7217deeb39870f3b79090d3d609271c61,26,web3bugs_packets/W3B-0241.json,https://code4rena.com/reports/2021-08-realitycards,NONBUG,no_desynchronizing_partial_transition,YES,,,N,,,Y,C3 fails: _processRentCollection updates per-card ownership/time accounting while minimumPriceIncreasePercent is a fixed market-wide bid-pricing policy. Later newRental is intentionally supposed to compare the current card price against that unchanged policy; collecting rent does not require rewriting the percentage.
W3B-0242,3204cc5ff892adda97f3e49e4aad159ad4796fd368dd0527d7519f8b7e8540e8,26,web3bugs_packets/W3B-0242.json,https://code4rena.com/reports/2021-08-realitycards,NONBUG,no_desynchronizing_partial_transition,YES,,,N,,,Y,C3 fails: addMarket establishes the new market's configuration and then initializes the corresponding orderbook head/tail records in the same setup operation. closedMarkets and userClosedMarketIndex are later cleanup/history state and are not required to change when a new live market is added. No already-live user/index state is left stale by the nominated market configuration write.
W3B-0243,3213e4dfd755b018f05085a38230bc30f0e8c6aa98ced2789c59587a8f22f871,45,web3bugs_packets/W3B-0243.json,https://code4rena.com/reports/2021-10-union,NONBUG,no_desynchronizing_partial_transition,YES,,,N,,,Y,"C3 fails: repayment legitimately changes the borrower's accountBorrows principal, interest and repayment checkpoint while overdueBlocks remains the global delinquency policy threshold. checkIsOverdue is designed to apply that fixed policy to the updated borrow state; the threshold is not a mirrored borrower field."
W3B-0244,3279c96c3902b5221c53a8420b24299483c133647ba5366cf60913c265c05b67,26,web3bugs_packets/W3B-0244.json,https://code4rena.com/reports/2021-08-realitycards,NONBUG,no_desynchronizing_partial_transition,YES,,,N,,,Y,"C3 fails: rent collection updates card-specific time, longest-owner and rentCollectedPerCard accounting while cardAffiliateCut is the configured payout rate. The later affiliate payment intentionally applies that fixed rate to the accumulated per-card rent, so normal card accounting does not require changing the cut."
W3B-0245,3309d9edc52f2dbc31e04ec638b7dbb55144961eed06eadbe8bec6117d80de25,107,web3bugs_packets/W3B-0245.json,https://code4rena.com/reports/2022-04-jpegd,NONBUG,no_desynchronizing_partial_transition,YES,,,N,,,Y,"C3 fails: setBorrowAmountCap changes only the DAO's global debt-cap policy inside settings. Existing NFT valuations, positions, totalDebtAmount and totalDebtPortion are not mirrors of that cap and are intentionally evaluated against the current cap on future operations. The aggregate settings relation must not conflate this setter with the separate JPEG'd debtInterestApr stale-accrual defect."
W3B-0246,3318e91438f5e2530df7dcab3227b194577a48dbff454fe1e4546cbd69d5c508,26,web3bugs_packets/W3B-0246.json,https://code4rena.com/reports/2021-08-realitycards,NONBUG,no_desynchronizing_partial_transition,YES,,,N,,,Y,"C3 fails: removing a user's bid legitimately changes user-array length while marketCloseLimit remains the fixed batching limit used only when closing a market. The removal helper also clears the removed bid's index and repairs the moved record's index when swap-popping, so the user mutation does not create the known closeMarket stale-index family."
W3B-0247,331b103954833abf4bebe0423835d1a04b4a46c18eb1ca34f3f414a038447aab,26,web3bugs_packets/W3B-0247.json,https://code4rena.com/reports/2021-08-realitycards,NONBUG,no_desynchronizing_partial_transition,YES,,,N,,,Y,"C3 fails: _updateBidInOrderbook updates the existing record's price, timeHeldLimit and linked-list neighbors without moving the record to a different user-array slot or changing its market/card identity. The existing index therefore remains valid; this is not the Reality Cards swap-pop/closure stale-index defect."
W3B-0248,334e4d7436f7b3028eebb3a63bc5ea2dbbcaebebf2f8208acad7c43c6550c90b,51,web3bugs_packets/W3B-0248.json,https://code4rena.com/reports/2021-11-bootfinance,NONBUG,reconciliation_precedes_consumption,YES,,,N,,,Y,"C3 fails: the nominated startEpochSupply write is the middle of one atomic emission checkpoint. _updateEmission first advances startEpochTime, then adds the completed epoch's supply using the old rate, and then installs the next epoch's rate before returning. No consumer can observe a persistent mixed schedule."
W3B-0249,3352c6c3362dc0dc41dda6735defae04b0ad6831744ee0b8b7bd25afc853bd59,5,web3bugs_packets/W3B-0249.json,https://code4rena.com/reports/2021-04-vader,NONBUG,no_desynchronizing_partial_transition,YES,,,N,,,Y,"C3 fails: grant is supposed to update lastGranted after enforcing the configured minGrantTime. minGrantTime is a DAO policy interval, not a mirrored timestamp, so each successful grant advances the checkpoint while the policy remains unchanged."
W3B-0250,3397b09e10c3888dbaa5ff565e0d044617e64b00484b698733cd5d561e33f0ff,107,web3bugs_packets/W3B-0250.json,https://code4rena.com/reports/2022-04-jpegd,NONBUG,reconciliation_precedes_consumption,YES,,,N,,,Y,"C3 fails: accrue first calculates additional interest from the prior totalDebtAccruedAt, then advances totalDebtAccruedAt to block.timestamp and adds that already-calculated interest to totalDebtAmount/fees in the same call. This is the normal JPEG'd debt reconciliation path, not the setDebtInterestApr stale-accrual bug."
W3B-0251,33c8438537b878f64d35f6347e4b8bcdb4cde0002268b8b25eec7ebce35a4fd9,53,web3bugs_packets/W3B-0251.json,https://code4rena.com/reports/2021-11-nested,NONBUG,analysis_abstraction_error,YES,,,N,,,Y,"C3 fails: FeeSplitter._sendFees only iterates over and reads shareholders while allocating shares using the supplied total-weight snapshot; it does not persistently mutate shareholders, royaltiesWeight or totalWeights. The emitted shareholders writer is the established read/iteration-modeled-as-write abstraction family."
W3B-0252,34b56361c38864d5ffb2589f3921091718d070c178e7f2c71f9d44e60ae3e499,34,web3bugs_packets/W3B-0252.json,https://code4rena.com/reports/2021-10-pooltogether,NONBUG,no_desynchronizing_partial_transition,YES,,,N,,,Y,C3 fails: startDraw creates a fresh rngRequest and records requestedAt while rngTimeout is the reusable timeout configuration applied to requests. A new request is expected to pair its fresh timestamp with the unchanged configured timeout; the timeout is not per-request mirrored state.
W3B-0253,34b655932af775148e7596943dd3db9bf9c518863acf365ec71077b0ea7fe71f,45,web3bugs_packets/W3B-0253.json,https://code4rena.com/reports/2021-10-union,NONBUG,no_desynchronizing_partial_transition,YES,,,N,,,Y,C3 fails: the partial-repayment branch updates the borrower's stored interest and interestIndex while overdueBlocks remains the global overdue-policy threshold. Subsequent overdue checks intentionally combine the updated borrower state with the same policy value; no synchronized threshold write is required.
W3B-0254,34c6472fecc8654ee2781ba007a15a2807eaa69890bbd9e4118c32370b929188,26,web3bugs_packets/W3B-0254.json,https://code4rena.com/reports/2021-08-realitycards,NONBUG,no_desynchronizing_partial_transition,YES,,,N,,,Y,"C3 fails: transferCard updates the card's owner-dependent state, cardTimeLimit and cardPrice while cardAffiliateCut remains the market's configured payout percentage. Later affiliate/winnings calculations are supposed to apply that fixed cut to the evolving card accounting, so no stale payout invariant is created."
W3B-0255,356d5e6e28ee22abe6917e051d3e8ee640ee8a0a5dfd31c001b3ace6eafddfb4,28,web3bugs_packets/W3B-0255.json,https://code4rena.com/reports/2021-09-sushimiso,NONBUG,no_desynchronizing_partial_transition,YES,,,N,,,Y,"C3 fails: initCrowdsale establishes marketPrice.rate/goal together with the auction schedule before any commitments or finalization state exist. marketStatus begins in its coherent initial state and is populated by later participation/finalization. Miso H-03 is the later post-finalization commitment surface, not this initialization write."
W3B-0256,35ad403333a9086ca41dd372901589cbeb15a8fc649c4637822471e385f04b81,105,web3bugs_packets/W3B-0256.json,https://code4rena.com/reports/2022-03-paladin,,,YES,,,,,,Y,Pass/recovery of Paladin M-05 at first-lock/history-checkpoint granularity: the published finding explicitly includes the _lock UserLock push around L1148 among the history writes that may create multiple entries with the same fromBlock. A later same-block lock-state write can therefore make historical lock lookup ambiguous/manipulable; _balances is an over-broad extra member rather than a reason to reject the recovery.
W3B-0257,35e188b540ca81575d5c75a3c55684c0f2754367adf2301915cb76a39aded7a7,131,web3bugs_packets/W3B-0257.json,https://code4rena.com/reports/2022-05-backd,,,YES,,,,,,Y,Pass/recovery of Backd M-01 at claim/checkpoint granularity: epoch can advance across an empty fee period while keeperRecords.nextEpochToClaim still ranges over that epoch; claimRewards/_calcTotalClaimable then traverses the inconsistent epoch range and the empty per-period denominator can revert claims. The serialized nextEpochToClaim write is consumer/checkpoint-side granularity on the same epoch/keeper-record defect surface.
W3B-0258,363621e309be2b2b21907f81bf553d61998ef2f9b39ec3db302c9cef310e3a91,35,web3bugs_packets/W3B-0258.json,https://code4rena.com/reports/2021-09-sushitrident-2,NONBUG,no_desynchronizing_partial_transition,YES,,,N,,,Y,C3 fails: FranchisedIndexPool.flashSwap legitimately changes the reserve fields in records for tokenIn/tokenOut while the tokens list remains fixed pool configuration. A swap is not supposed to mutate pool membership. This tokens↔records bucket also does not recover Trident's mint overflow/LP-supply defect because the essential LP-supply inconsistency is absent.
W3B-0259,3659e7fe2b31dd48eda7799cc343eea060b529e075c5c750bcf59e7002124f8d,45,web3bugs_packets/W3B-0259.json,https://code4rena.com/reports/2021-10-union,,,YES,,,,,,Y,"Pass/recovery of Union H-01 at corrective-accrual granularity: accountBorrows, accrualBlockNumber and borrowIndex are the indexed-debt state consumed by borrow's debt/credit checks before accrueInterest refreshes the global checkpoint. The serialized accrualBlockNumber write under redeemUnderlying is an adjacent instance of the same corrective transition; the bucket reaches the known pre-accrual borrow consumers."
W3B-0260,3678640104a8016e83edf38402eb99bb6ad2fc839423048cf9de17c72a6fdcb9,49,web3bugs_packets/W3B-0260.json,https://code4rena.com/reports/2021-11-overlay,NONBUG,reconciliation_precedes_consumption,YES,,,N,,,Y,"C3 fails: in the non-roll brrrr branch, brrrrdAccumulator[0] and [1] are incremented on consecutive statements before getBrrrrd/oiCap can consume them; the roll branch likewise reconciles the brrrrd roller/cycloid and accumulator state inside the same call. impactRollers/impactCycloid are a separate rolling subsystem."
W3B-0261,36af72e8e6e61034f6fbe008d900e40b9834a7b8f3a52d3e2af2608e28c104fa,52,web3bugs_packets/W3B-0261.json,https://code4rena.com/reports/2021-11-vader,NONBUG,reconciliation_precedes_consumption,YES,,,N,,,Y,"C3 fails: getReward executes updateReward(msg.sender) before its body, checkpointing rewardPerTokenStored, lastUpdateTime, rewards[msg.sender] and userRewardPerTokenPaid under the current balance/supply. The body then zeroes the already-settled rewards balance before transfer; the reward schedule and supply are intentionally unchanged by claiming."
W3B-0262,36c000cf79eb5460e14371d9e1fa2c569b06278c7d41ee262991996bab586f38,110,web3bugs_packets/W3B-0262.json,https://code4rena.com/reports/2022-04-badger-citadel,NONBUG,no_desynchronizing_partial_transition,YES,,,N,,,Y,"C3 fails: each successful KnightingRound buy is supposed to increase totalTokenIn while saleStart, saleDuration and tokenInLimit remain fixed schedule/cap parameters. buy and saleEnded intentionally compare the progressing total against those unchanged bounds; no mirrored sale-state write is required."
W3B-0263,36ff77f93f005c42d73c806dd245149f713f6dc86389067fbb1230c48124481b,5,web3bugs_packets/W3B-0263.json,https://code4rena.com/reports/2021-04-vader,NONBUG,no_desynchronizing_partial_transition,YES,,,N,,,Y,"C3 fails: minting VADER legitimately increases totalSupply while baseline, emissionCurve and maxSupply remain configured emission/cap parameters. _mint enforces maxSupply, and getDailyEmission is designed to derive later emissions from the changed totalSupply against those unchanged parameters."
W3B-0264,371c7104f44193f2f1f67758fdd7a2049fe0bcf81be10f3e02e996dfca83f37b,26,web3bugs_packets/W3B-0264.json,https://code4rena.com/reports/2021-08-realitycards,NONBUG,no_desynchronizing_partial_transition,YES,,,N,,,Y,C3 fails: updateTimeHeldLimit changes a per-card cardTimeLimit after rent collection while marketLockingTime remains the independent market-wide deadline used to cap later rent collection. Per-card rental policy/accounting is expected to evolve against that unchanged market deadline.
W3B-0265,37644f54afe328c87074961ff346244b28bb19edcf2657f2b5abff4afe7dc3f1,78,web3bugs_packets/W3B-0265.json,https://code4rena.com/reports/2022-01-behodler,,,YES,,,,,,Y,"Pass/novel duplicate of the validated Behodler configuration/quote family: configure can rewrite the VARS that determine quote source, pair, token addresses, precision and stabilization behavior without invalidating latestFlanQuotes. stabilizeFlan later combines the persisted quote with the new VARS, so a governance reconfiguration can leave cached quote state from the old configuration behaviorally live."
W3B-0266,37691fbb45b568397ee92dc73c0b64c32c8c55c733a3859c9011bc0bce964507,52,web3bugs_packets/W3B-0266.json,https://code4rena.com/reports/2021-11-vader,NONBUG,reconciliation_precedes_consumption,YES,,,N,,,Y,"C3 fails: updateReward first checkpoints rewardPerTokenStored and lastUpdateTime, then writes rewards[account] = earned(account) and immediately advances userRewardPerTokenPaid[account] to the same rewardPerTokenStored before the wrapped operation executes. Balance/supply and reward-rate fields are inputs to that checkpoint, not omitted mirrors that must be rewritten by the per-user checkpoint."
W3B-0267,37b49f9d6669e8f0da0eff8c3a49f16743e170603f6c601930a817fe2e74ce1d,76,web3bugs_packets/W3B-0267.json,https://code4rena.com/reports/2022-01-sherlock,NONBUG,reconciliation_precedes_consumption,YES,,,N,,,Y,"C3 fails in the serialized protocolRemove context: _settleProtocolDebt applies accrued debt to activeBalances and then advances lastAccountedEachProtocol in the same helper; successful removal subsequently zeroes the protocol premium/global-rate contribution and deletes the remaining per-protocol accounting mappings. The live-premium insolvency family requires a context that can leave premiums_ running after balance exhaustion, which protocol removal does not."
W3B-0268,38530e2a489f715a4a7104c86d773f46f44aa355e5a4717b945a5a96449c7484,123,web3bugs_packets/W3B-0268.json,https://code4rena.com/reports/2022-05-aura,,,YES,,,,,,Y,"Pass/recovery of Aura H-01 at shared claim-helper/checkpoint granularity: the vulnerable getReward overload can supply a high _startIndex, causing _allClaimableRewards to skip earlier rewardEpochs while _getReward persists the advanced index in userClaims. This bucket contains the exact rewardEpochs↔userClaims relation and the vulnerable claim consumer/storage update; the default-overload serialized owner is only a granularity artifact."
W3B-0269,388fcabcc7dd01c9285132dd32c2a45f645d5a12da7d4a713289d03b30d0cf67,28,web3bugs_packets/W3B-0269.json,https://code4rena.com/reports/2021-09-sushimiso,NONBUG,reconciliation_precedes_consumption,YES,,,N,,,Y,"C3 fails: for a new document, _setDocument pushes the name into _docNames and sets its docIndex before writing the Document record; for an existing document, list membership correctly remains unchanged. _removeDocument likewise swap/pops the name list and repairs the moved document's index before deletion, so no persistent _docNames/_documents mismatch is created."
W3B-0270,38ced9a4c520c3c6af32ac7becbe294e1cbd5e99e9c122122564b9a8fab779e6,53,web3bugs_packets/W3B-0270.json,https://code4rena.com/reports/2021-11-nested,NONBUG,analysis_abstraction_error,YES,,,N,,,Y,"C3 fails: FeeSplitter._sendFees only iterates and reads shareholders while allocating shares using the supplied total-weight snapshot; it does not persistently mutate shareholders, royaltiesWeight or totalWeights. The nominated shareholders writer is the established read-modeled-as-writer abstraction family."
W3B-0271,38ef34663fb7a182f37e01b690040b596dc74e09c9e6390e0fc10c6c0c9e4258,66,web3bugs_packets/W3B-0271.json,https://code4rena.com/reports/2021-12-yetifinance,NONBUG,no_desynchronizing_partial_transition,YES,,,N,,,Y,"C3 fails: closing a trove intentionally clears that borrower's rewardSnapshots after the trove has been closed/zeroed, while L_Coll remains the global redistribution accumulator for the rest of the system. A closed trove is not supposed to retain a live lazy-reward snapshot, and global L_Coll is not per-trove mirrored state."
W3B-0272,38f9440a36d44e9ac26da0f5e1d79d628b5d31b527f0d51414254ed4da6d54fb,26,web3bugs_packets/W3B-0272.json,https://code4rena.com/reports/2021-08-realitycards,NONBUG,reconciliation_precedes_consumption,YES,,,N,,,Y,C3 fails: cleanWastePile clears the waste-pile index before popping a terminal record; in the nonterminal removal branch it relinks the list and performs the user-array/index compaction/repair before continuing. Later orderbook consumers therefore do not observe a persistent stale user/index pair from this cleanup path.
W3B-0273,3924221a0e309a39c5964e1400cbc10633a4389696dee258037deb762aaac718,107,web3bugs_packets/W3B-0273.json,https://code4rena.com/reports/2022-04-jpegd,NONBUG,reconciliation_precedes_consumption,YES,,,N,,,Y,"C3 fails: NFTVault.initialize installs settings before initializing the category valuation mappings, and this occurs before any live positions/debt exist. The category loop then writes nftTypeValueETH and assigns the corresponding nftTypes in the same initializer. No pre-existing valuation/debt state can be left stale by this setup transition."
W3B-0274,398f718f9fff619a4175ed6c15f6279f52dc4c30369c3cd0e13f22623179affc,113,web3bugs_packets/W3B-0274.json,https://code4rena.com/reports/2022-04-abranft,,,YES,,,,,,Y,"Pass/recovery of AbraNFT H-03/H-04 at exact loan-state/terms granularity: updateLoanParams can replace the terms of an already OUTSTANDING tokenLoan while the accepted loan identity/status/lender/start state remains unchanged. Critically, the lender can change fields such as oracle/ltvBPS, and removeCollateral later consumes the unchanged outstanding loan together with those modified terms to make collateral seizable."
W3B-0275,39981ba41dabbe34be362a00d52739ce072fbae545701b8592dcbab6694f8e80,29,web3bugs_packets/W3B-0275.json,https://code4rena.com/reports/2021-09-sushitrident,NONBUG,no_desynchronizing_partial_transition,YES,,,N,,,Y,"C3 fails: harvest writes strategyData[token] after updating live strategy balance/accounting fields while preserving the delayed strategyStartDate. pendingStrategy is coupled to the strategy-selection/delay field used by setStrategy, not to the balance fields harvest changes, so an ordinary harvest need not rewrite pendingStrategy."
W3B-0276,39ad28f7d33e4bf11fd007cbb4af7ddf1a02d3dfea567f39e24890aca8526865,105,web3bugs_packets/W3B-0276.json,https://code4rena.com/reports/2022-03-paladin,NONBUG,analysis_abstraction_error,YES,,,N,,,Y,C3 fails: _getUserAccruedRewards at the nominated L809 site only reads whether userLocks[user] is nonempty; it does not persistently write userLocks. The emitted userLocks-versus-balance transition is therefore the established Paladin read-modeled-as-writer abstraction family.
W3B-0277,39bef7741c3028f0676dbf04327e99a8240d6bf887e8e466097c3a7255a825e6,107,web3bugs_packets/W3B-0277.json,https://code4rena.com/reports/2022-04-jpegd,NONBUG,reconciliation_precedes_consumption,YES,,,N,,,Y,"C3 fails: by the time insured-position repurchase deletes positions[_nftIndex], liquidation has already removed that position's debtPortion from totalDebtPortion, removed its debtAmount from totalDebtAmount, and zeroed the position debt portion. Repurchase therefore deletes already-reconciled position state rather than stranding global debt."
W3B-0278,39e8308932a90bf5a2b4a2600f82f2935e60870cb36fa4350769ed5d4347fcbe,26,web3bugs_packets/W3B-0278.json,https://code4rena.com/reports/2021-08-realitycards,NONBUG,no_desynchronizing_partial_transition,YES,,,N,,,Y,"C3 fails: marketBalanceTopup is a rounding/top-up buffer used when rent exceeds the ordinary market balance, not a mirror of marketBalance. payRent may consume or reduce the top-up while separately draining marketBalance and updating the market pot; the two balances are not required to co-move one-for-one."
W3B-0279,3a08917180b30ad173c4cae73b4fdeb6162165dfc23c43db8459f2303361884e,112,web3bugs_packets/W3B-0279.json,https://code4rena.com/reports/2022-04-backd,,,YES,,,,,,Y,"Pass/novel in this Backd snapshot at the direct producer: initialize is guarded only by _START_BOOST being zero, so startBoost=0 permits a later initialization to rewrite _MAX_BOOST while existing per-user boostFactors persist. computeNewBoost then consumes the new global cap with checkpoints produced under the old configuration, skewing boost-based reward accounting."
W3B-0280,3a21f25f6029ed27be615452f77c5162bf393c65706f968aa5b3c3098cee0f56,26,web3bugs_packets/W3B-0280.json,https://code4rena.com/reports/2021-08-realitycards,NONBUG,no_desynchronizing_partial_transition,YES,,,N,,,Y,"C3 fails at the nominated writer block: _removeBidFromOrderbookIgnoreOwner L516 only relinks prev/next pointers of existing records; it does not move a user-array slot there. When the helper later swap-pops a record, it also clears the removed index and repairs the moved record's index before returning."
W3B-0281,3a7b77235e28ca185438e4c2a4b4293d0da411cec647d991317de2db9b625b65,26,web3bugs_packets/W3B-0281.json,https://code4rena.com/reports/2021-08-realitycards,NONBUG,reconciliation_precedes_consumption,YES,,,N,,,Y,"C3 fails: removeOldBids may overwrite user[_user][_index] with the last record and pop the array, but immediately clears the removed bid's index and, when a record moved, rewrites that moved record's index to _index before subsequent orderbook use."
W3B-0282,3ad802319d9156beda76ca41fd37b361e77fbf1dc4bd7d0d996b2fd0fc17b9ee,45,web3bugs_packets/W3B-0282.json,https://code4rena.com/reports/2021-10-union,NONBUG,reconciliation_precedes_consumption,YES,,,N,,,Y,C3 fails: _updateTotalFrozen first adjusts aggregate totalFrozen using the prior memberFrozen[account] contribution and then immediately stores the new contribution in memberFrozen[account]; the non-overdue branch likewise subtracts the old contribution and zeroes the member snapshot. The aggregate/snapshot pair is reconciled in the same helper.
W3B-0283,3b2938b734030dd5848cc98695a0b2cc9b9826eefa5b01994cdcf5073e88c664,5,web3bugs_packets/W3B-0283.json,https://code4rena.com/reports/2021-04-vader,NONBUG,no_desynchronizing_partial_transition,YES,,,N,,,Y,"C3 fails: burning Vader legitimately changes totalSupply while baseline, emissionCurve and maxSupply remain configured emission parameters. getDailyEmission is defined to combine the current supply with those fixed parameters, so a burn does not require rewriting the configuration."
W3B-0284,3b5ffb71dbae7e720acbb5c80071ce7c5f99a3c635fa124075d9893c5b9138fb,105,web3bugs_packets/W3B-0284.json,https://code4rena.com/reports/2022-03-paladin,NONBUG,no_desynchronizing_partial_transition,YES,,,N,,,Y,C3 fails: HolyPaladinToken restricts transfers using the unlocked/available-balance calculation before the ERC20 balance transition. Receiving or transferring unlocked hPAL changes balance without changing the user's existing lock record by design; userLocks is not a mirrored balance field.
W3B-0285,3bb226a031220b3bc055a6d8e61ce4dc8fa5cac49b600f2aacbbc658f475b21e,26,web3bugs_packets/W3B-0285.json,https://code4rena.com/reports/2021-08-realitycards,NONBUG,no_desynchronizing_partial_transition,YES,,,N,,,Y,C3 fails: sponsorship intentionally adds rentCollectedPerCard to every card before the eventual outcome is selected. winnerCut is a configured payout rate and winningOutcome is resolved separately; neither is supposed to change when sponsor funds are allocated across card accounting.
W3B-0286,3c00c15ae10815855201284dfe347aa23773b5b04632e9c9e0acc3cb61f1d83f,112,web3bugs_packets/W3B-0286.json,https://code4rena.com/reports/2022-04-backd,,,YES,,,,,,Y,"Pass/recovery at corrective/checkpoint granularity of the Backd mixed-configuration boost defect: repeated initialization can replace _MAX_BOOST while users retain old boostFactors. lock->_userCheckpoint consumes the new cap together with a persisted old user factor and writes the resulting per-user checkpoint, exposing the same cross-epoch reward-accounting surface rather than an unrelated checkpoint."
W3B-0287,3c13bc68f7a6a0326fd60d4b31e2b58db2b57a92b9a5931a1964134298c75358,45,web3bugs_packets/W3B-0287.json,https://code4rena.com/reports/2021-10-union,NONBUG,no_desynchronizing_partial_transition,YES,,,N,,,Y,"C3 fails: updateLockedData changes the member credit-line lockedAmount derived for a borrower while stakers[staker] stores the staker's deposited principal. Effective vouching/locked stake is derived from both, so changing a per-borrower lock does not require rewriting the staker's principal balance."
W3B-0288,3c36fda2c533f04d0546593aa5d2318a049a5cf0cfbd603aadae8c82fe7db84e,131,web3bugs_packets/W3B-0288.json,https://code4rena.com/reports/2022-05-backd,NONBUG,no_desynchronizing_partial_transition,YES,,,N,,,Y,"C3 fails: totalAvailableToNow and totalMintedToNow are cumulative allowance and cumulative issuance counters, not mirrored balances. _mint first accrues availability for elapsed time, checks the proposed cumulative mint against it, then advances totalMintedToNow; issuing tokens therefore need not decrement or otherwise co-update totalAvailableToNow."
W3B-0289,3cc3222e76a172632773bb2e4ddfcb3e21274a420436216af9d73a42d28c8f36,35,web3bugs_packets/W3B-0289.json,https://code4rena.com/reports/2021-09-sushitrident-2,,,YES,,,,,,Y,"Pass/novel at corrective/broader granularity on the Trident fee-baseline surface: _mintFee consumes kLast, barFee and LP totalSupply, while updateBarFee can replace the rate without rebasing kLast. A later fee mint can therefore apply the new rate to liquidity growth accumulated since the old kLast checkpoint; totalSupply is a downstream effect/extra relation member."
W3B-0290,3cdc0fd51958673816baf1c9f957c1b28b1d2e35cd9feeff162319949821a3c7,26,web3bugs_packets/W3B-0290.json,https://code4rena.com/reports/2021-08-realitycards,NONBUG,unsupported_or_overbroad_relation,NO,,N,,,,Y,"C2 fails: addMarket writes per-market orderbook configuration such as minimumPriceIncreasePercent, whereas closedMarkets/userClosedMarketIndex are deferred-cleanup history and maxDeletions is a global processing cap. No protocol invariant requires those cleanup/policy states to co-move with a new market's pricing configuration."
W3B-0291,3d30fa719d3e422ea082348c54312673845bae280827c04511da36902291bcd9,22,web3bugs_packets/W3B-0291.json,https://code4rena.com/reports/2021-08-floatcapital,NONBUG,no_desynchronizing_partial_transition,YES,,,N,,,Y,"C3 fails: after a user's pending synthetic-token shift has been accounted through the global batched_stakerNextTokenShiftIndex, _calculateAccumulatedFloat intentionally clears only userNextPrice_stakedSyntheticTokenShiftIndex for that user. The global batched cursor must remain for other users and future accounting."
W3B-0292,3d3d47a0201a50418bbe094b85b51cd4c4a6d0dbf3778a19be107bb99daf840d,112,web3bugs_packets/W3B-0292.json,https://code4rena.com/reports/2022-04-backd,,,YES,,,,,,Y,"Pass/recovery at public-checkpoint granularity of the Backd mixed-configuration boost defect: after repeated initialization changes _MAX_BOOST, userCheckpoint computes from the new global cap and a persisted boostFactors value created under the prior configuration, then persists the resulting factor. This is the same cross-epoch boost/reward surface as the direct initialize candidate."
W3B-0293,3d49fc2688adca305fec0b55bf42545fa0760fbba950c98309f9503c28bfb1ef,26,web3bugs_packets/W3B-0293.json,https://code4rena.com/reports/2021-08-realitycards,NONBUG,analysis_abstraction_error,YES,,,N,,,Y,C3 fails: _searchOrderbook is a view helper and the nominated L311 block traverses/assigns storage references while searching the list; it does not persistently write user. The emitted aggregate user write is therefore a storage-reference/read abstraction artifact.
W3B-0294,3d6f207382dd9ef9b43fbf586f8cc81a5dec4ff4cfcbb494ac6770275f740417,192,web3bugs_packets/W3B-0294.json,https://code4rena.com/reports/2022-12-tigris,NONBUG,incompatible_context_key_or_ordering,YES,,,N,,,Y,C3 fails relative to Tigris M-16: extendLock requires epoch[bond.asset] to equal the current day before rewriting the bond/mintEpoch state. The stale epoch produced when distribute returns with totalShares == 0 therefore cannot reach this nominated writer; only a current epoch permits the transition.
W3B-0295,3d95bae494b34563934e0618ba96876b10ced597ecdae7343f183556814dd09b,45,web3bugs_packets/W3B-0295.json,https://code4rena.com/reports/2021-10-union,NONBUG,no_desynchronizing_partial_transition,YES,,,N,,,Y,"C3 fails: updateTrust changes a member's credit-line trust/vouch relationship, while stakers stores deposited staking principal. Trust allocation may change without changing the principal balance; getVouchingAmount combines the current trust relation with current stake when the value is later needed."
W3B-0296,3d98d2c838916bf1d40d9ceab7d97bed460cb4841be583a85b05af93b5336a17,105,web3bugs_packets/W3B-0296.json,https://code4rena.com/reports/2022-03-paladin,NONBUG,analysis_abstraction_error,YES,,,N,,,Y,"C3 fails: _availableBalanceOf at L708-L710 is view-only and only reads userLocks plus balanceOf; it does not persistently write userLocks, so the emitted userLocks writer is the same Paladin read-modeled-as-writer abstraction family."
W3B-0297,3da121369a7f8e13f9cd21d0e1edf98c250222b7dcb33d7158df7ecad5fe3289,26,web3bugs_packets/W3B-0297.json,https://code4rena.com/reports/2021-08-realitycards,NONBUG,no_desynchronizing_partial_transition,YES,,,N,,,Y,"C3 fails: accountingComplete records that card accounting has finished, while maxRentIterationsToLockMarket is a fixed execution-budget threshold used by the lock gate. Completing accounting need not modify that policy limit, and the threshold is evaluated against the current call's rentIterationCounter rather than stale companion state."
W3B-0298,3daa8c387fcb2ab5619180ea109f89a5b31036b8799a70fc85ddfcb53f0ea00f,29,web3bugs_packets/W3B-0298.json,https://code4rena.com/reports/2021-09-sushitrident,,,YES,,,,,,Y,"Pass/novel at corrective/checkpoint granularity: kLast is the fee-growth baseline consumed with mutable barFee in _mintFee. updateBarFee() can replace barFee without rebasing kLast, so the next fee mint can apply the new protocol fee rate across liquidity growth accumulated under the earlier checkpoint; this is the franchised-pool analogue of the already recovered Trident barFee/kLast MV-SI surface."
W3B-0299,3e00d68a61d0d0efdec7da7888459a3e798d8148612372186af95778e82593b0,26,web3bugs_packets/W3B-0299.json,https://code4rena.com/reports/2021-08-realitycards,NONBUG,no_desynchronizing_partial_transition,YES,,,N,,,Y,"C3 fails: the reported cardAffiliateCut write occurs during one-time market initialization, before rent/winner accounting is live; the same initializer configures the payout cuts and market/card state. Setting a disabled per-card affiliate cut therefore does not leave an already-live payout invariant stale for later winnings consumption."
W3B-0300,3e1efd014abda82b50f4e5f4e9e555e45efc99e7b160af3e87f22010587a95bd,51,web3bugs_packets/W3B-0300.json,https://code4rena.com/reports/2021-11-bootfinance,NONBUG,no_desynchronizing_partial_transition,YES,,,N,,,Y,"C3 fails: claimExact consumes the current epoch schedule to compute claimable supply and then advances only that investor's amount/claimed ledger. rate, startEpochSupply and startEpochTime define the global emission schedule and are not supposed to change on each individual claim."
W3B-0301,3eea2477d3c1eb34cf2454dee74dbdcfc7acd848739389e1e8ee42bbb07ac37a,105,web3bugs_packets/W3B-0301.json,https://code4rena.com/reports/2022-03-paladin,NONBUG,reconciliation_precedes_consumption,YES,,,N,,,Y,"C3 fails: ERC20._mint invokes _beforeTokenTransfer before increasing totalSupply; HolyPaladinToken's hook updates the recipient's rewards first, which runs _updateRewardState and checkpoints rewardIndex/lastRewardUpdate using the pre-mint supply. The old reward interval is reconciled before the supply transition."
W3B-0302,3f39a80286893de3cc6441442fa3367667c18fda99d03cbfb6091b99b3c6932f,105,web3bugs_packets/W3B-0302.json,https://code4rena.com/reports/2022-03-paladin,NONBUG,no_desynchronizing_partial_transition,YES,,,N,,,Y,"C3 fails: stakeAndLock mints hPAL before _lock, and _lock requires the requested lock amount not exceed balanceOf(user). Creating the lock intentionally encumbers existing balance without reducing ERC20 balance, so the unchanged balance is not stale; this is not the same-block lock-history/reward-bonus defect surface."
W3B-0303,3f4248f6641d90b7055d20cec76b147334889e82d053b3f20574b418a8fc519e,22,web3bugs_packets/W3B-0303.json,https://code4rena.com/reports/2021-08-floatcapital,NONBUG,reconciliation_precedes_consumption,YES,,,N,,,Y,"C3 fails: _stake first realizes any accrued FLOAT whenever the user's checkpoint trails latestRewardIndex, then increases stake and advances userIndexOfLastClaimedReward to the current index. marketIndexOfToken is the stable token-to-market key, so no stale reward/index relation remains."
W3B-0304,3fd88aebc264969a9d723ad37e4e8d01196794cec8a5d3dbefc617c3f07f7b32,76,web3bugs_packets/W3B-0304.json,https://code4rena.com/reports/2022-01-sherlock,NONBUG,reconciliation_precedes_consumption,YES,,,N,,,Y,"C3 fails: _settleProtocolDebt computes accrued debt from the prior lastAccountedEachProtocol and premiums_, applies that debt to activeBalances when nonzero, and only then advances the timestamp. If calculated debt is zero, leaving balance/premium unchanged is already consistent."
W3B-0305,4003257b96e6dd2ba0cd546707437ef85f328449e69052906d20b07e082d4932,53,web3bugs_packets/W3B-0305.json,https://code4rena.com/reports/2021-11-nested,NONBUG,reconciliation_precedes_consumption,YES,,,N,,,Y,"C3 fails: setShareholders atomically deletes the old shareholder array, resets totalWeights to royaltiesWeight, then repopulates shareholders through _addShareholder, which increments totalWeights for each new weight. The line-106 split is only an internal rebuild state and is reconciled before later fee allocation."
W3B-0306,4008f9eddff58fcc55d3ff631ce464efee0da3018a0ac6eddf75b27d380f2e00,22,web3bugs_packets/W3B-0306.json,https://code4rena.com/reports/2021-08-floatcapital,,,YES,,,,,,Y,"Known Float M-06 at corrective/inverse granularity: the bucket exactly relates marketUpdateIndex to userNextPrice_currentUpdateIndex and reaches the outstanding-settlement gate. The normal _updateSystemStateInternal path advances marketUpdateIndex; the vulnerable constant-price branch returns before that increment, leaving pending user indexes unreconciled and settlements stuck."
W3B-0307,404f950e29a5329c37e7edab99f15682614292f15471a37cd36f4e632583385f,12,web3bugs_packets/W3B-0307.json,https://code4rena.com/reports/2021-05-yield,NONBUG,analysis_abstraction_error,YES,,,N,,,Y,"C3 fails: Pool._update updates baseCached and fyTokenCached together in the same atomic helper, while LP _totalSupply is intentionally unchanged by sellBase. Emitting only the fyTokenCached assignment as a partial transition is the same block-splitting artifact already established for this Pool family."
W3B-0308,4070c46b9257c9b1c483957246df82380f4d6a638f37e6414d23d572397d5f68,26,web3bugs_packets/W3B-0308.json,https://code4rena.com/reports/2021-08-realitycards,NONBUG,analysis_abstraction_error,YES,,,N,,,Y,"C3 fails: closeMarket L644 only reads user[_market].length to initialize local i; it does not persistently mutate user, so the claimed user-versus-index partial transition is a read/local-calculation abstraction artifact."
W3B-0309,40ef649fad7d410117ce3e4b98264fdc58cde4cd80aeeed291f2da2bcac10ceb,76,web3bugs_packets/W3B-0309.json,https://code4rena.com/reports/2022-01-sherlock,NONBUG,reconciliation_precedes_consumption,YES,,,N,,,Y,"C3 fails: in forceRemoveByActiveBalance, _settleProtocolDebt computes debt from the old per-protocol timestamp and premium, reconciles activeBalances when debt is nonzero, and only then writes lastAccountedEachProtocol=block.timestamp. The timestamp write is the completed checkpoint, not a desynchronizing transition."
W3B-0310,419a9417d3d28c9ad5adf422f8949a24fbb5e93c18000abbf9c8240f87ab42d4,76,web3bugs_packets/W3B-0310.json,https://code4rena.com/reports/2022-01-sherlock,NONBUG,no_desynchronizing_partial_transition,YES,,,N,,,Y,"C3 fails: activeBalances is current protocol funding while minActiveBalance is a governance threshold. Settling or withdrawing balance legitimately changes activeBalances without changing the fixed threshold, and forceRemoveByActiveBalance first settles debt before comparing the updated balance against minActiveBalance."
W3B-0311,41acb2bbb0f8d76c0cec6bc0c0732aa6a45416cdc101cfff3a387ace9fdeed16,29,web3bugs_packets/W3B-0311.json,https://code4rena.com/reports/2021-09-sushitrident,NONBUG,no_desynchronizing_partial_transition,YES,,,N,,,Y,"C3 fails: masterContractOf[msg.sender] is the clone's stable factory identity used to choose the authorization key, while masterContractApproved[master][user] is the independently mutable approval bit. Granting or revoking approval is supposed to change only the latter."
W3B-0312,41b485ed0f5a88214bb9f272b6c3c2a7b6b9918c1937dcd26378c105637f8541,110,web3bugs_packets/W3B-0312.json,https://code4rena.com/reports/2022-04-badger-citadel,NONBUG,no_desynchronizing_partial_transition,YES,,,N,,,Y,"C3 fails: initialize establishes funding configuration and asset normalization as setup state; a zero discount is an allowed configuration and does not require price/decimal state to co-move. Citadel M-02 is the separate getAmountOut branch bug where citadelAmount_ is never assigned when funding.discount == 0, not a stale multi-state transition."
W3B-0313,41c1b913211106586d5ac3e62d9a6148e531a757c7b85dcc153177705f7bc8a5,107,web3bugs_packets/W3B-0313.json,https://code4rena.com/reports/2022-04-jpegd,NONBUG,reconciliation_precedes_consumption,YES,,,N,,,Y,"C3 fails: initialize sets settings before the category loop, writes each nftTypeValueETH, and immediately assigns that category hash to the listed nftTypes in the same initializer, while positions/totalDebtAmount/totalDebtPortion are still empty initial state. No live debt/valuation state is left stale for later consumption."
W3B-0314,41ce340c35b6898716a0ad533ffb4f4bfb09d830ee07f50925b011c86cfe87da,107,web3bugs_packets/W3B-0314.json,https://code4rena.com/reports/2022-04-jpegd,NONBUG,unsupported_or_overbroad_relation,NO,,N,,,,Y,"C2 fails: _collateralUnit is the fixed decimal normalization for the collateral token, whereas creditLimitRate is an independently adjustable risk ratio. They co-influence getCreditLimit but no protocol invariant requires an admin rate change to modify token-unit scaling."
W3B-0315,41d421a021213ec5bbe533ddd9b90e9eb4ead559d4753efe9909e57e0f4a8c1f,107,web3bugs_packets/W3B-0315.json,https://code4rena.com/reports/2022-04-jpegd,NONBUG,reconciliation_precedes_consumption,YES,,,N,,,Y,"C3 fails: deposit/withdraw first call _update and then _withdrawReward, which realizes pending rewards from the current balance and accRewardPerShare delta and advances userLastAccRewardPerShare; only afterward is balanceOf/totalStaked changed. JPEG'd H-05/H-06 are the separate currentBalance/previousBalance accounting surface."
W3B-0316,41ee744e23c6e88a1c2482f0e2fcfd707d45a1f24031a88131d0432fe07b1f90,76,web3bugs_packets/W3B-0316.json,https://code4rena.com/reports/2022-01-sherlock,NONBUG,reconciliation_precedes_consumption,YES,,,N,,,Y,"C3 fails: claimPremiumsForStakers first computes the entire claimable amount from the base/rate/timestamp state, then in the same nonzero branch sets lastClaimablePremiumsForStakers to 0 and immediately advances lastAccountedGlobal before the transfer; allPremiumsPerSecToStakers correctly remains the future accrual rate."
W3B-0317,42078a0904bfb98d1bc0200bb960c6dff5d794a1158669cfeb1b198a291b9710,107,web3bugs_packets/W3B-0317.json,https://code4rena.com/reports/2022-04-jpegd,,,YES,,,,,,Y,"Pass/recovery of JPEG'd H-09 at aggregate-debt/accrual granularity: economically unliquidatable positions can remain represented in positions/totalDebtPortion while accrue raises totalDebtAmount across those portions, so bad debt continues compounding; later _getDebtAmount/repay/liquidation consumers use the inflated global-debt relation."
W3B-0318,42298393f902f396bf94f55784c7d98b3f5a31d83dfafffc3c8ebf73bd5b31ce,107,web3bugs_packets/W3B-0318.json,https://code4rena.com/reports/2022-04-jpegd,NONBUG,no_desynchronizing_partial_transition,YES,,,N,,,Y,"C3 fails: finalizePendingNFTValueETH changes this NFT to CUSTOM_NFT_HASH and stores nftValueETH for that custom branch; nftTypeValueETH is consumed only by the different non-custom branch, so leaving the generic type valuation unchanged does not stale the finalized custom valuation."
W3B-0319,42407a3d6cf7bf6d1e0d095b5b157a545ba459a02e99c71b8b913b88f7e84ac4,45,web3bugs_packets/W3B-0319.json,https://code4rena.com/reports/2021-10-union,NONBUG,no_desynchronizing_partial_transition,YES,,,N,,,Y,"C3 fails: __UToken_init establishes originationFee, maxBorrow, accrualBlockNumber and borrowIndex during initial market setup before borrower checkpoints exist; the initializer does not create the stale indexed-debt state later exploited by Union H-01."
W3B-0320,425d813d29923cfdc3e5d97450387086e3fe67d4136ac031886ced706244d00b,45,web3bugs_packets/W3B-0320.json,https://code4rena.com/reports/2021-10-union,NONBUG,unsupported_or_overbroad_relation,NO,,N,,,,Y,"C2 fails: initialExchangeRateMantissa is only the zero-supply bootstrap branch; once UToken supply exists, exchangeRateStored derives the rate from totalRedeemable and totalSupply, so redemption need not reconcile the initial constant when totalRedeemable changes."
W3B-0321,42a8067983cec7f45f004d941e6759cf4d30bbf49f1d382f3a715566f9e2cc59,26,web3bugs_packets/W3B-0321.json,https://code4rena.com/reports/2021-08-realitycards,NONBUG,reconciliation_precedes_consumption,YES,,,N,,,Y,"C3 fails: cleanWastePile clears the waste-pile index before popping a terminal entry and otherwise performs the linked-list removal/compaction with index repair in the same cleanup; closedMarkets, userClosedMarketIndex and market are separate deferred-cleanup state, so later orderbook consumers do not see stale user/index bookkeeping."
W3B-0322,42b54c34576ba98166247ca808d893683605f9a053c713f1555dc0b8c0adca5d,26,web3bugs_packets/W3B-0322.json,https://code4rena.com/reports/2021-08-realitycards,NONBUG,analysis_abstraction_error,YES,,,N,,,Y,"C3 fails: the reported closeMarket writer block at L647 only computes the local _limit from user[_market].length; it does not persistently write user there, so the claimed user-versus-index partial transition is a read/local-calculation abstraction artifact."
W3B-0323,432c36015a359ef741bf5bbbd22a59f6396c6d33634b7865ed489072e4ad4178,105,web3bugs_packets/W3B-0323.json,https://code4rena.com/reports/2022-03-paladin,NONBUG,no_desynchronizing_partial_transition,YES,,,N,,,Y,"C3 fails: unstake is bounded by _availableBalanceOf = balance minus the current locked amount, so _burn only removes unlocked hPAL; the user's persistent lock is supposed to remain unchanged and still remains fully covered by the post-burn balance."
W3B-0324,4363edde2c72672abf3b50ab6a39f9a3f1f6e41286c5aaeeab214cfd39dfcaec,35,web3bugs_packets/W3B-0324.json,https://code4rena.com/reports/2021-09-sushitrident-2,,,YES,,,,,,Y,"Pass/recovery of Trident IndexPool H-13 at exact origin/relation granularity: mint performs the unchecked _balance(tokenIn) >= amountIn + reserve check, whose uint120 addition can overflow and let LP totalSupply be minted without the required reserve funding; records/reserve and totalSupply are both carried by the bucket and later burn consumes them."
W3B-0325,4396b5c959ad93ecdf57e5f924ae428e5cce70fd6b2046cffeed431f8606b890,26,web3bugs_packets/W3B-0325.json,https://code4rena.com/reports/2021-08-realitycards,NONBUG,no_desynchronizing_partial_transition,YES,,,N,,,Y,"C3 fails: removeUserFromOrderbook legitimately changes current user/orderbook length while marketCloseLimit is the fixed processing cap that closeMarket compares against whatever the current length is; the cap is policy, not mirrored list state that must change on each removal."
W3B-0326,43b0f4177a589238225399760b315fd95762b64443327166c5e6f5673e342743,22,web3bugs_packets/W3B-0326.json,https://code4rena.com/reports/2021-08-floatcapital,NONBUG,unsupported_or_overbroad_relation,NO,,N,,,,Y,"C2 fails: staker and assetPrice meet through the privileged update/bypass and Staker-call logic, but Float's state-progress invariant is assetPrice/marketUpdateIndex/pending next-price settlement state; the configured staker address is not a persistent counterpart that must stay synchronized with assetPrice."
W3B-0327,43ccb71bf9297c4c37292654fa9483e63b9099977bcc7c89c08aa7f9df72082b,131,web3bugs_packets/W3B-0327.json,https://code4rena.com/reports/2022-05-backd,,,YES,,,,,,Y,"Pass/recovery of Backd M-16 at checkpoint granularity: repeated initialize with startBoost=0 can change _MAX_BOOST after user boostFactors already exist; computeNewBoost consumes the new global cap with persisted old user factors, and the lock/_userCheckpoint path persists the resulting skew."
W3B-0328,43e0a831404b5ac888ccebbea86e68c53d9c3ebc875746841d100bb576b33051,112,web3bugs_packets/W3B-0328.json,https://code4rena.com/reports/2022-04-backd,,,YES,,,,,,Y,Pass/novel in the April Backd snapshot at checkpoint granularity: the startBoost==0 initialization sentinel permits _MAX_BOOST to be replaced while existing boostFactors remain checkpointed under the old configuration; computeNewBoost consumes both and lockFor/_userCheckpoint persists the resulting reward skew.
W3B-0329,440f1cddf1182d3e7b36788b191634becd000e05ee1d27a74d3d4bb766ce5059,123,web3bugs_packets/W3B-0329.json,https://code4rena.com/reports/2022-05-aura,NONBUG,no_desynchronizing_partial_transition,YES,,,N,,,Y,C3 fails: Booster.addPool appends per-pool metadata while lockRewards is the global immutable-once locker reward destination/authorization address used across pools; adding another pool does not require changing that global reward contract.
W3B-0330,4419d34dc346f78c5fd9557111fea1d9384fc65aa7068a7fae7acc10e65a5d3e,22,web3bugs_packets/W3B-0330.json,https://code4rena.com/reports/2021-08-floatcapital,NONBUG,unsupported_or_overbroad_relation,NO,,N,,,,Y,"C2 fails: staker and assetPrice meet only through the privileged update/bypass and downstream Staker calls; Float's relevant persistent invariant is assetPrice/marketUpdateIndex/pending next-price settlement state, not an invariant between the staker contract address and stored market price."
W3B-0331,442c217ec14ea4e7aeb4d26c9422138ad8b89c3aba8a5ee7ef1c01163bc231ad,26,web3bugs_packets/W3B-0331.json,https://code4rena.com/reports/2021-08-realitycards,NONBUG,reconciliation_precedes_consumption,YES,,,N,,,Y,"C3 fails: findNewOwner's _removeBidFromOrderbookIgnoreOwner swap/pops the user record and then clears the removed index and repairs any moved record's index before returning; Reality Cards H-01 is the separate maxDeletions final-iteration control defect, which this emitted relation does not contain."
W3B-0332,446dc1c04c32b23f65dbfe113a58161679199c791d06652b9f2c48d308f18aea,105,web3bugs_packets/W3B-0332.json,https://code4rena.com/reports/2022-03-paladin,NONBUG,analysis_abstraction_error,YES,,,N,,,Y,"C3 fails: _availableBalanceOf at L708-L710 is view-only and merely reads userLocks plus balanceOf; it does not persistently write userLocks, so this is the established Paladin read-modeled-as-writer abstraction family."
W3B-0333,4489ba0082e87acc94dfff98d7fce1b2598f20bfe3a1407ce1c2f6b4c2076146,26,web3bugs_packets/W3B-0333.json,https://code4rena.com/reports/2021-08-realitycards,NONBUG,no_desynchronizing_partial_transition,YES,,,N,,,Y,"C3 fails: closeMarket L669 only relinks the next pointer of an existing bid whose user-array slot does not move, so that bid's index remains valid; the waste-pile entry receives its own index at L673 before insertion. This is not the later market-sentinel pop stale-index producer."
W3B-0334,44d98adaae628d095a0f6cb9b8cc2fbab3deff148e8e9e22be9a7d2770e5cc4b,76,web3bugs_packets/W3B-0334.json,https://code4rena.com/reports/2022-01-sherlock,NONBUG,reconciliation_precedes_consumption,YES,,,N,,,Y,"C3 fails: _setSingleProtocolPremium first calls _settleProtocolDebt, which charges the elapsed interval under the old premiums_ value and checkpoints lastAccountedEachProtocol before the new premium is stored; a committing rate transition therefore starts from a reconciled timestamp."
W3B-0335,4504cc37250d2f24e0d269f0b081d48a00fd249f0bd21b7212a7a7061b2fab23,53,web3bugs_packets/W3B-0335.json,https://code4rena.com/reports/2021-11-nested,NONBUG,analysis_abstraction_error,YES,,,N,,,Y,"C3 fails: FeeSplitter._sendFees only iterates and reads shareholders while allocating shares with the supplied _totalWeights snapshot; it does not persistently mutate shareholders, royaltiesWeight or totalWeights, so the nominated shareholders writer is a modeling artifact."
W3B-0336,4550e287fe35341c59c8bd6f8718a79c59bc597b581e78af1e4eeadc7cb73de4,26,web3bugs_packets/W3B-0336.json,https://code4rena.com/reports/2021-08-realitycards,NONBUG,analysis_abstraction_error,YES,,,N,,,Y,"C3 fails: closeMarket L644 only reads user[_market].length to initialize its loop; it does not persistently write user, so the claimed partial transition against index is a read-as-write abstraction artifact."
W3B-0337,45a24c662d3fac51c58f547ddeafdc9c4742732c626117df1ec77697fd9ff1a0,45,web3bugs_packets/W3B-0337.json,https://code4rena.com/reports/2021-10-union,NONBUG,analysis_abstraction_error,YES,,,N,,,Y,"C3 fails: _updateTotalFrozen L767 iterates members[account].creditLine.stakerAddresses but does not persistently write members; Union M-06 instead concerns totalFrozen being changed before reward withdrawal, not a members/stakers partial write."
W3B-0338,45e2bbf6240293a073f8825392b32b24703110a117aa444a906593f2e4eea770,112,web3bugs_packets/W3B-0338.json,https://code4rena.com/reports/2022-04-backd,NONBUG,reconciliation_precedes_consumption,YES,,,N,,,Y,C3 fails: _userCheckpoint processes the migration/checkpoint state and sets lastUpdated[user] immediately before persisting balances[user]=newTotal; the balance change does not leave an unreconciled lastUpdated/lastMigrationEvent state for later consumption.
W3B-0339,4637fb7612a0f973fe74c7b1fbf86164d97c73a03dbcd196d9d18fa89ba13c31,52,web3bugs_packets/W3B-0339.json,https://code4rena.com/reports/2021-11-vader,NONBUG,reconciliation_precedes_consumption,YES,,,N,,,Y,"C3 fails: withdraw executes updateReward(msg.sender) before reducing _totalSupply/_balances, checkpointing rewardPerTokenStored, lastUpdateTime, rewards and userRewardPerTokenPaid under the old supply; Vader M-04 is the separate fee-on-transfer external-balance mismatch."
W3B-0340,464e5673a7c2cb2aa4ebf5b88437a50cb708d1bbc9e469cc86a9da5351457e95,105,web3bugs_packets/W3B-0340.json,https://code4rena.com/reports/2022-03-paladin,NONBUG,incompatible_context_key_or_ordering,YES,,,N,,,Y,"C3 fails in the emitted writer context: increaseLockDuration requires an existing nonempty lock before calling _lock, so the reported first-lock branch at L1145 (userLocks[user].length == 0) is infeasible and cannot witness the Paladin history defect."
W3B-0341,4652cbe9434d01cb0ca5235b2fcd5b1f37ee358ea5b53781ee094a5497559779,22,web3bugs_packets/W3B-0341.json,https://code4rena.com/reports/2021-08-floatcapital,,,YES,,,,,,Y,"Known Float L-06 at inverse/checkpoint granularity: the bucket relates marketLaunchIncentive_period/multipliers to the aggregate accumulativeFloatPerSyntheticTokenSnapshots and reaches _getKValue; the vulnerable companion transition changes those parameters without rebasing snapshot[marketIndex][0].timestamp, so the same stale launch-incentive time baseline is recovered."
W3B-0342,469a539bbae17e57e7a216cd47079650851971e1df3f026e8719ea2022079c28,35,web3bugs_packets/W3B-0342.json,https://code4rena.com/reports/2021-09-sushitrident-2,,,YES,,,,,,Y,"Pass/novel at downstream-effect granularity: _mintFee consumes kLast and barFee and materializes the fee by minting totalSupply; because barFee can change without rebasing kLast, a later fee mint can apply the new rate across growth accumulated under the old checkpoint. totalSupply is the downstream effect/extra member."
W3B-0343,46b71f8d786eb2613411de701ffb4c3aeef40e0112c812c14bff79f716c0e941,105,web3bugs_packets/W3B-0343.json,https://code4rena.com/reports/2022-03-paladin,NONBUG,analysis_abstraction_error,YES,,,N,,,Y,"C3 fails: _getUserAccruedRewards L809 only reads whether userLocks[user] is nonempty; no persistent userLocks write occurs, so this is the Paladin read-modeled-as-writer family rather than an MV-SI transition."
W3B-0344,46dee4f4862b9f2cc8f4835bc7028660b99eb03254c4d2538e1d8a850cb1fa50,26,web3bugs_packets/W3B-0344.json,https://code4rena.com/reports/2021-08-realitycards,NONBUG,no_desynchronizing_partial_transition,YES,,,N,,,Y,C3 fails: _updateBidInOrderbook relinks prev/next fields inside existing Bid slots while the slots themselves remain at the same array positions; index therefore remains correct and needs a write only when a user-array slot actually moves.
W3B-0345,4712f9a502dbe64c363b23771c5b6e0d7f3664e57e2ac9e6356ef14f143e90ea,31,web3bugs_packets/W3B-0345.json,https://code4rena.com/reports/2021-09-bvecvx,NONBUG,no_desynchronizing_partial_transition,YES,,,N,,,Y,"C3 fails: _checkpointEpoch intentionally applies the staged configuration by setting maximumBoostPayment = nextMaximumBoostPayment. bveCVX M-02 is the earlier setBoost validation bug that can admit an invalid pending value, not a stale current/next state created by this checkpoint."
W3B-0346,471ea118c433d40954b466dede5bc7d3f8023bf925fe77052063c5360bc53748,25,web3bugs_packets/W3B-0346.json,https://code4rena.com/reports/2021-08-yield,NONBUG,analysis_abstraction_error,YES,,,N,,,Y,"C3 fails: Pool._update assigns baseCached and fyTokenCached on consecutive lines in the same atomic helper; _totalSupply is intentionally unchanged by a swap cache update, so reporting only the baseCached assignment as a persistent partial transition is a block-splitting artifact."
W3B-0347,4775435882f53aa29764ec228adaaf36b5226c157f5e676ef89e1a3334463aef,28,web3bugs_packets/W3B-0347.json,https://code4rena.com/reports/2021-09-sushimiso,NONBUG,unsupported_or_overbroad_relation,NO,,N,,,,Y,"C2 fails: setAuctionTime changes marketInfo.startTime/endTime (and derived price alpha), while wallet is an independently configured payout/authorized-finalizer address; no protocol invariant requires wallet to co-move with auction timing."
W3B-0348,478cb0c222c8bb8fa2756cf427d8fd66e4943bfaa350491b23cf633ed63e78a2,76,web3bugs_packets/W3B-0348.json,https://code4rena.com/reports/2022-01-sherlock,NONBUG,reconciliation_precedes_consumption,YES,,,N,,,Y,"C3 fails: _settleProtocolDebt updates activeBalances and then lastAccountedEachProtocol in the same accounting helper; protocol removal subsequently zeroes the premium and deletes the timestamp during cleanup, so no persistent balance/premium/timestamp mismatch is behaviorally consumed."
W3B-0349,47a171dd252c237125c923bf6f31a4481e9ffd55b3f5517edbfba91b94cf3d78,107,web3bugs_packets/W3B-0349.json,https://code4rena.com/reports/2022-04-jpegd,NONBUG,reconciliation_precedes_consumption,YES,,,N,,,Y,"C3 fails: _update deliberately checkpoints accRewardPerShare/previousBalance against the pre-deposit or pre-withdraw totalStaked, and deposit/withdraw mutate totalStaked only afterward. JPEG'd H-05 is the currentBalance < previousBalance external-accounting surface, not a stale totalStaked checkpoint."
W3B-0350,47a7831b46aef371deb34289a811d1edba57bf7856dc514f1491ddf836ed3d74,26,web3bugs_packets/W3B-0350.json,https://code4rena.com/reports/2021-08-realitycards,NONBUG,no_desynchronizing_partial_transition,YES,,,N,,,Y,C3 fails: _updateBidInOrderbook changes linked-list pointers in existing user Bid records without moving their array slots; the precise index[_user][_market][_card] remains valid throughout this update.
W3B-0351,47bd1e029e924963309adc00f4e1db6626f1c6e437b712fd8547b54744b961ee,12,web3bugs_packets/W3B-0351.json,https://code4rena.com/reports/2021-05-yield,NONBUG,analysis_abstraction_error,YES,,,N,,,Y,"C3 fails: Pool._update writes baseCached and fyTokenCached on adjacent lines in one atomic helper, while LP _totalSupply is not supposed to change on the swap; the emitted one-cache write is a block-splitting abstraction artifact."
W3B-0352,47c773b3ed7728a75e8e0093f6b8d07d6b6678457483c3e013f1cda03d0e233c,22,web3bugs_packets/W3B-0352.json,https://code4rena.com/reports/2021-08-floatcapital,,,YES,,,,,,Y,"Known Float L-06 at broader aggregate/checkpoint granularity: the extra balance-incentive parameters are overapproximation, while marketLaunchIncentive_period/multipliers plus aggregate snapshots form the same semantic core; _getKValue consumes the launch parameters against snapshot[marketIndex][0].timestamp, which remains the stale time origin after parameter changes."
W3B-0353,47d4c0a63fbc0c458de8f44802e393e232909f23d25a43902b013e30d33f5f8f,52,web3bugs_packets/W3B-0353.json,https://code4rena.com/reports/2021-11-vader,NONBUG,reconciliation_precedes_consumption,YES,,,N,,,Y,C3 fails: updateReward computes rewardPerTokenStored from the old timestamp/schedule and immediately advances lastUpdateTime before any later reward use; the block split at L175 does not create a persistent intermediate reward state.
W3B-0354,48074bee33a75582a1ccaef62d44458dd18475309f887179d8f377f6fd65fdb4,102,web3bugs_packets/W3B-0354.json,https://code4rena.com/reports/2022-03-volt,NONBUG,no_desynchronizing_partial_transition,YES,,,N,,,Y,C3 fails for the emitted relation: requestCPIData intentionally restarts startTime while duration remains the configured timer period. Volt H-01 depends on resetting startTime without first checkpointing oraclePrice; oraclePrice is not represented by this duration/startTime bucket.
W3B-0355,489fc095397c6a981c02b3043c873dbd67ba1483b8f82cdb8abfa9d0977a3603,45,web3bugs_packets/W3B-0355.json,https://code4rena.com/reports/2021-10-union,,,YES,,,,,,Y,"Known Union H-01 at corrective granularity: borrow reads accountBorrows/calculatingInterest under the old global borrowIndex before accrueInterest, and those stale debt values reach the borrow-limit/credit-limit control checks; this bucket relates the per-account borrow snapshot to borrowIndex, with the emitted accrueInterest writer representing the corrective transition."
W3B-0356,48bbde45b3ba71479bb3b22ec568155c48cd14be0d0aa71d4fde8c78b648a73f,45,web3bugs_packets/W3B-0356.json,https://code4rena.com/reports/2021-10-union,NONBUG,reconciliation_precedes_consumption,YES,,,N,,,Y,C3 fails: debtWriteOff decreases stakers at L716 and the corresponding member locked/trust records at L724-L728 in the same transaction before later getTotalLockedStake/unstake use; Union M-06 is the different totalFrozen/reward-accounting surface.
W3B-0357,490959a893c57c51068602acec10413949441174283edea53ee8edafd31a6062,76,web3bugs_packets/W3B-0357.json,https://code4rena.com/reports/2022-01-sherlock,NONBUG,reconciliation_precedes_consumption,YES,,,N,,,Y,"C3 fails: protocolUpdate settles per-protocol debt and global staker accrual under the old nonStakersPercentage before storing the new percentage, so activeBalances/lastAccounted/premiums are reconciled before the split changes."
W3B-0358,4988ebe4dea28758e0fe440bc2e4be21c3bb66f55352cec5137af6f81d8296c8,45,web3bugs_packets/W3B-0358.json,https://code4rena.com/reports/2021-10-union,NONBUG,no_desynchronizing_partial_transition,YES,,,N,,,Y,"C3 fails: debtCeiling is a fixed market cap and totalBorrows is current utilization; repayment legitimately lowers totalBorrows while leaving the cap unchanged, and getRemainingLoanSize is designed to consume that difference."
W3B-0359,49f299c70546dd17674d9e9196e712270297ee06a60cd2966fc63cfd3c513f79,102,web3bugs_packets/W3B-0359.json,https://code4rena.com/reports/2022-03-volt,NONBUG,no_desynchronizing_partial_transition,YES,,,N,,,Y,"C3 fails: _initTimed intentionally restarts startTime while duration remains the configured period; Volt H-01 is nearby but depends on resetting startTime before compounding oraclePrice, and oraclePrice is not represented by this emitted relation."
W3B-0360,4a00034baa2d2ae741f6c127b7c89fccb712d8adde5086d68c5660d9369df52d,26,web3bugs_packets/W3B-0360.json,https://code4rena.com/reports/2021-08-realitycards,NONBUG,analysis_abstraction_error,YES,,,N,,,Y,C3 fails: the reported closeMarket writer block at L673 actually updates index[address(this)] from user[address(this)].length while the surrounding close-market bookkeeping is coordinated; treating user as the partial writer creates the claimed mismatch.
W3B-0361,4a0daef57a545a010a19083b6f552dcbf9ef245679ae16f70ad1afa8e2850fbe,105,web3bugs_packets/W3B-0361.json,https://code4rena.com/reports/2022-03-paladin,,,YES,,,,,,Y,"Pass/novel, adjacent to Paladin H-01: _updateRewardState changes currentDropPerSecond before _getNewIndex consumes the old lastRewardUpdate/rewardIndex interval, so a rate step retroactively prices the whole uncheckpointed interval at the new rate and persists the skew; totalSupply is an extra member."
W3B-0362,4a1f14b499f9fcc025a1f48b2ea713b5fe4e8e00c2a7f3c13b2abf7eaa5c5f2a,123,web3bugs_packets/W3B-0362.json,https://code4rena.com/reports/2022-05-aura,,,YES,,,,,,Y,"Pass/recovery of Aura H-01 at inverse/helper granularity: a high _startIndex skips earlier rewardEpochs, then _getReward advances userClaims past those unpaid epochs; later claim logic consumes the advanced checkpoint and permanently omits them."
W3B-0363,4a450ab21831dbc200bca1095f661aa2c0195d9e2299b690edfd169e190b055f,12,web3bugs_packets/W3B-0363.json,https://code4rena.com/reports/2021-05-yield,,,YES,,,,,,Y,"Pass/recovery of Yield M-05: one grab writes auctions[vaultId], and with an uninitialized/invalid auctionInterval a later grab reads the persisted timestamp plus that interval and can immediately re-grab, preventing liquidation-auction progress."
W3B-0364,4a48e883e456d02e9a54e37f368ffb8fd448996398dd3f2c787bc0a7559be1fe,22,web3bugs_packets/W3B-0364.json,https://code4rena.com/reports/2021-08-floatcapital,NONBUG,no_desynchronizing_partial_transition,YES,,,N,,,Y,"C3 fails: _mintAccumulatedFloat deliberately checkpoints userIndexOfLastClaimedReward to latestRewardIndex after calculating accrued FLOAT; the write establishes, rather than breaks, the reward-index relation."
W3B-0365,4aeec5ff0ccabd9f781846767e5ff0a8bbc4b1bc9a580858d71430fec2c6b572,22,web3bugs_packets/W3B-0365.json,https://code4rena.com/reports/2021-08-floatcapital,NONBUG,no_desynchronizing_partial_transition,YES,,,N,,,Y,"C3 fails: addNewStakingFund initializes accumulativeFloatPerSyntheticTokenSnapshots[marketIndex][0] while latestRewardIndex for a fresh market is already the default 0, establishing the initial snapshot/index state rather than leaving a stale index."
W3B-0366,4b0e140a0fd85a6e47bdef4beb29ad99a685cac14bc39b204fae849b6b015706,26,web3bugs_packets/W3B-0366.json,https://code4rena.com/reports/2021-08-realitycards,NONBUG,reconciliation_precedes_consumption,YES,,,N,,,Y,"C3 fails: after incrementing card[_card].timeHeld[_user] at L1072, _processRentCollection immediately compares it with the recorded longest owner's time and updates longestOwner when needed before later protocol use."
W3B-0367,4b48a973fc0328de5c1938bf76995f6e753a80bf7f8d177bab264bd5c3c81d25,26,web3bugs_packets/W3B-0367.json,https://code4rena.com/reports/2021-08-realitycards,NONBUG,no_desynchronizing_partial_transition,YES,,,N,,,Y,"C3 fails: minRentalDayDivisor is a fixed foreclosure/rental-threshold parameter while user deposit and bid state are supposed to vary with rent collection; Reality Cards M-02 concerns setter propagation to other contracts, not this balance transition."
W3B-0368,4b70ac27e89fb8bc1ed311211a887b652de50898f2ac4e007830185083d404f9,28,web3bugs_packets/W3B-0368.json,https://code4rena.com/reports/2021-09-sushimiso,NONBUG,no_desynchronizing_partial_transition,YES,,,N,,,Y,"C3 fails: cancelAuction intentionally sets finalized only after requiring commitmentsTotal == 0; marketPrice.goal remains the fixed success threshold, so cancellation does not require changing it and cannot realize MISO H-03's successful-finalization edge case."
W3B-0369,4b8bb2d641e15a7d47b1bc172a88924fd3e5adac5fafe1da190f9531108f3a34,76,web3bugs_packets/W3B-0369.json,https://code4rena.com/reports/2022-01-sherlock,NONBUG,no_desynchronizing_partial_transition,YES,,,N,,,Y,"C3 fails: activeBalances is current protocol funding and minActiveBalance is a governance threshold; settling accrued debt legitimately changes the former while leaving the threshold fixed, and forceRemove compares the updated balance against it."
W3B-0370,4c5da03bd3e6af9d818d86d943c857f0c78eee3742ee363d7281a7944152b803,105,web3bugs_packets/W3B-0370.json,https://code4rena.com/reports/2022-03-paladin,,,YES,,,,,,Y,"Pass/recovery of Paladin M-05: the report explicitly cites _lock L1184, where a UserLock checkpoint is pushed without coalescing a same-block history entry; repeated same-block lock updates can create duplicate fromBlock states consumed by past-state queries, with balance an over-broad extra member."
W3B-0371,4c6fc4c4525d113303a634eccf616cdb2484e34bf4d0f89f9bd55fb259234a9a,52,web3bugs_packets/W3B-0371.json,https://code4rena.com/reports/2021-11-vader,NONBUG,reconciliation_precedes_consumption,YES,,,N,,,Y,C3 fails: updateReward first snapshots rewardPerTokenStored from the old schedule and then advances lastUpdateTime in the same modifier before account rewards/userRewardPerTokenPaid are updated; no stale reward schedule survives the transition.
W3B-0372,4c73d36f33cdadff3dca65ac0883ce00885cfc0639becc76caced71bd872c057,26,web3bugs_packets/W3B-0372.json,https://code4rena.com/reports/2021-08-realitycards,NONBUG,analysis_abstraction_error,YES,,,N,,,Y,"C3 fails: transferCard only updates cardTimeLimit/cardPrice, whereas the later payout relation uses card[winningOutcome].longestOwner with winnerCut; whole-card aggregation turns unrelated fields into a false partial transition."
W3B-0373,4d32d56ad577ca45f0f6858f19417b96f82c19b84c48235e64bc3f285454707e,29,web3bugs_packets/W3B-0373.json,https://code4rena.com/reports/2021-09-sushitrident,,,YES,,,,,,Y,"Pass/recovery of Trident H-07 at aggregate/inverse granularity: first mint walks tokens and initializes each records[token].reserve from the same raw ratio despite the persistent per-token record weights/asset scales; later swap/burn consumes those records, so records stands for the reserve/weight core and tokens is over-approximation."
W3B-0374,4db682c7afd28add66ad9eac99430ad5e0309cc3565e280db24c725b41870707,26,web3bugs_packets/W3B-0374.json,https://code4rena.com/reports/2021-08-realitycards,NONBUG,incompatible_context_key_or_ordering,YES,,,N,,,Y,"C3 fails: closeMarket pops only terminal market records; any leftover index for a popped closed-market sentinel is not consumable by the live-market add/update paths, while indices for remaining records stay valid until their own removal."
W3B-0375,4dc37083cea53e934e7f90f906e96a21803e4db0be2510967e3eb38b94677160,26,web3bugs_packets/W3B-0375.json,https://code4rena.com/reports/2021-08-realitycards,NONBUG,reconciliation_precedes_consumption,YES,,,N,,,Y,"C3 fails: removeUserFromOrderbook delegates each deletion to _removeBidFromOrderbookIgnoreOwner, which compacts user and clears/repairs the removed and moved index entries before returning; later addBid/transfer reads therefore see reconciled indices."
W3B-0376,4e6d9a50c8e7a0f4b83622b23a20249183dad13fef47fa1a7e0ea4b5e6571ad1,105,web3bugs_packets/W3B-0376.json,https://code4rena.com/reports/2022-03-paladin,,,YES,,,,,,Y,"Pass/recovery: Paladin M-05 explicitly includes _unlock's L1260 UserLock checkpoint; same-block lock-history writes can create duplicate fromBlock entries consumed by historical-state queries, with balance an over-broad extra member."
W3B-0377,4e82500ef74815fb2f08682183d73e695367e4cffed7c5859d70730db20d3863,49,web3bugs_packets/W3B-0377.json,https://code4rena.com/reports/2021-11-overlay,NONBUG,reconciliation_precedes_consumption,YES,,,N,,,Y,C3 fails: roll is immediately paired with the corresponding cycloid/accumulator update in brrrr/intake before getBrrrrd/oiCap can consume the rolling state; the shared helper also over-approximates impact and brrrrd subsystems.
W3B-0378,4e9520a10d3e36f37ffa21fcf2c11ec298863e8a6e3ee0f149c3455c0f727cb6,76,web3bugs_packets/W3B-0378.json,https://code4rena.com/reports/2022-01-sherlock,NONBUG,reconciliation_precedes_consumption,YES,,,N,,,Y,C3 fails: initialStake writes stakeShares[_id] and immediately adds the same amount to totalStakeShares before any consumer; Sherlock M-02 instead concerns stakeShares versus addressShares during arbRestake.
W3B-0379,4eaf62140fe0e25d44111b05f08e8aac3a46723829021e3e1ca69f9849540b5f,26,web3bugs_packets/W3B-0379.json,https://code4rena.com/reports/2021-08-realitycards,NONBUG,reconciliation_precedes_consumption,YES,,,N,,,Y,C3 fails in removeBidFromOrderbook context: _removeBidFromOrderbookIgnoreOwner compacts user and repairs the removed/moved index entries before later cleanup use; RealityCards H-01 is the separate findNewOwner/maxDeletions final-iteration edge.
W3B-0380,4ee28adda4b5d2920df119eb54e5bb9f35ef2ecca8cbb936a6b75e9b592859fa,105,web3bugs_packets/W3B-0380.json,https://code4rena.com/reports/2022-03-paladin,NONBUG,no_desynchronizing_partial_transition,YES,,,N,,,Y,"C3 fails: _beforeTokenTransfer/_availableBalanceOf restricts transfers to unlocked hPAL, so moving transferable balance does not require rewriting userLocks and does not stale the locked-balance relation."
W3B-0381,4f084e3d3d9fcd66339048f2715eb1639d7c805ff15fdb3c98becea33ba3be7e,26,web3bugs_packets/W3B-0381.json,https://code4rena.com/reports/2021-08-realitycards,NONBUG,analysis_abstraction_error,YES,,,N,,,Y,"C3 fails: the writer only changes card time-held/timestamp fields, while the newRental rule couples minimumPriceIncreasePercent to cardPrice; whole-card aggregation creates a false partial write."
W3B-0382,4f1aa354f0ea1d6e722908be51b641940862d473ac8d8dfc586b1613ffdcbeca,105,web3bugs_packets/W3B-0382.json,https://code4rena.com/reports/2022-03-paladin,NONBUG,analysis_abstraction_error,YES,,,N,,,Y,"C3 fails: _getUserAccruedRewards L813 only reads userLocks[user].length into a memory variable; it does not persistently write userLocks, so this is the established Paladin read-modeled-as-writer family."
W3B-0383,4f81f8244bc418b8b3b36abd30828d4123cc79a30b1cb16c59b7405a853d6481,22,web3bugs_packets/W3B-0383.json,https://code4rena.com/reports/2021-08-floatcapital,NONBUG,no_desynchronizing_partial_transition,YES,,,N,,,Y,"C3 fails: _mintAccumulatedFloat explicitly checkpoints userIndexOfLastClaimedReward to latestRewardIndex for that market; marketIndexOfToken is identity metadata, so the write establishes rather than breaks the reward-index relation."
W3B-0384,4f8c9cb502006fc42fc66df66b16f279b02e81c33196621e8758c95b748cd810,26,web3bugs_packets/W3B-0384.json,https://code4rena.com/reports/2021-08-realitycards,NONBUG,no_desynchronizing_partial_transition,YES,,,N,,,Y,"C3 fails: initialize establishes the payout-cut configuration consecutively, while card/rent accounting and winningOutcome are intentionally populated later in the market lifecycle; winnerCut need not co-move with those later states."
W3B-0385,4fb7b58519cf8375ad918cac32630f88e2e91d0d44f58826d730a4191e4cd4e9,131,web3bugs_packets/W3B-0385.json,https://code4rena.com/reports/2022-05-backd,,,YES,,,,,,Y,"Pass/recovery of Backd M-01 at adjacent/repair granularity: epoch can advance through an empty fee period while keeperRecords.nextEpochToClaim retains that epoch; later claim traversal consumes the inconsistent range, and reportFees is the paired repair surface."
W3B-0386,4ff1da456a0e53cd2081a9d2fb6f1ec03b538cf03e44c3069f06ab1267dc280b,45,web3bugs_packets/W3B-0386.json,https://code4rena.com/reports/2021-10-union,NONBUG,no_desynchronizing_partial_transition,YES,,,N,,,Y,"C3 fails: addUToken updates the uToken side of tokens, while userManagerList belongs to the separate addUserManager registration path; Union M-09 is the missing duplicate check within each list, not a requirement that addUToken mutate userManagerList."
W3B-0387,4ffe945911a3ddb3c471c66c0fa1e60fe60f10c252a9c02e44a644adf0185f6c,107,web3bugs_packets/W3B-0387.json,https://code4rena.com/reports/2022-04-jpegd,NONBUG,reconciliation_precedes_consumption,YES,,,N,,,Y,"C3 fails: accrue first computes interest from the old timestamp/debt/APR, then writes totalDebtAccruedAt and immediately adds that interest to totalDebtAmount before later debt use."
W3B-0388,50031742d341f57146b8452c732ee39362838a904d887faee6f60464b65e6c34,45,web3bugs_packets/W3B-0388.json,https://code4rena.com/reports/2021-10-union,,,YES,,,,,,Y,Pass/novel: debtWriteOff reduces accountBorrows principal and totalBorrows without first accruing; the next accrueInterest/calculatingInterest applies the old accrualBlockNumber/borrowIndex interval to the reduced debt baseline.
W3B-0389,50228631fc716b0c4a6eaa935e5df0e62a962f32044dc9947a489832d457cc29,52,web3bugs_packets/W3B-0389.json,https://code4rena.com/reports/2021-11-vader,NONBUG,reconciliation_precedes_consumption,YES,,,N,,,Y,"C3 fails: notifyRewardAmount first runs updateReward(address(0)) to checkpoint the old schedule, then installs the new rewardRate, lastUpdateTime and periodFinish before any later earned/rewardPerToken consumption."
W3B-0390,502fb0231abfa774a1fb2cc1028f57a5f679c4c3d4780c4c97346e608c7fdfe0,61,web3bugs_packets/W3B-0390.json,https://code4rena.com/reports/2021-12-sublime,NONBUG,no_desynchronizing_partial_transition,YES,,,N,,,Y,C3 fails: repayConstants.loanDuration is the fixed loan term while repayVariables.loanDurationCovered is repayment progress that is supposed to advance toward it; partial interest repayment need not change the constant term.
W3B-0391,503130213ead3b4359fc884b09f7359850cfbbdc4ffb100a1beaef2a2e89328f,105,web3bugs_packets/W3B-0391.json,https://code4rena.com/reports/2022-03-paladin,,,YES,,,,,,Y,"Pass/recovery of Paladin M-05 at operation/read-node granularity: the serialized L1241 node selects the current lock, and the same _unlock operation proceeds to the report-listed L1260 UserLock history append that can duplicate fromBlock in one block."
W3B-0392,50d7820a86207b8085174f0cd562a7fcc27b550651695d62787e0a5d6b676e9e,29,web3bugs_packets/W3B-0392.json,https://code4rena.com/reports/2021-09-sushitrident,,,YES,,,,,,Y,"Pass at corrective/recovery granularity: kLast is the fee-growth checkpoint consumed with barFee in _mintFee, while barFee can change without checkpointing kLast; the next fee mint can apply the new rate to growth accumulated under the older baseline."
W3B-0393,51201d13ef3c822131e1502dc0db96fb88ee27641a77439e5c089fd7e784a486,131,web3bugs_packets/W3B-0393.json,https://code4rena.com/reports/2022-05-backd,,,YES,,,,,,Y,Pass/recovery of Backd M-16 at checkpoint granularity: repeated initialization can change _MAX_BOOST while existing boostFactors persist from the old configuration; computeNewBoost consumes both and _userCheckpoint persists the resulting skew.
W3B-0394,51365df35929000b57f0ea2e8a4cf4d8834b7519f03887b16f11054732bb3524,53,web3bugs_packets/W3B-0394.json,https://code4rena.com/reports/2021-11-nested,NONBUG,analysis_abstraction_error,YES,,,N,,,Y,"C3 fails: _sendFees L227 only iterates/reads shareholders while allocating shares with a supplied weight snapshot; it does not persistently mutate shareholders or totalWeights, so the reported writer is a modeling artifact."
W3B-0395,51909709747a8b0f9a9679190a4a1e566840adc4a4d4adc02beac564b0bb9c57,105,web3bugs_packets/W3B-0395.json,https://code4rena.com/reports/2022-03-paladin,NONBUG,analysis_abstraction_error,YES,,,N,,,Y,"C3 fails: _getUserAccruedRewards L813 only reads userLocks[user].length into a memory variable; no persistent userLocks write occurs, so this is a detector abstraction error rather than Paladin M-05."
W3B-0396,51ed1fd9d59e676f810831f1792691274a3eba1675cb51cfac4dba1b43e5f62d,22,web3bugs_packets/W3B-0396.json,https://code4rena.com/reports/2021-08-floatcapital,,,YES,,,,,,Y,"Known L-06: changing marketLaunchIncentive_period leaves the snapshot-0 launch timestamp unchanged, and _getKValue consumes that stale timestamp against the new period."
W3B-0397,51f2fc6d1a3d92f0b87f2514d000047bbd5ce5c483a06501e05abedbe5ad2ad0,105,web3bugs_packets/W3B-0397.json,https://code4rena.com/reports/2022-03-paladin,NONBUG,no_desynchronizing_partial_transition,YES,,,N,,,Y,C3 fails: stake legitimately increases hPAL balance without increasing an existing lock; _availableBalanceOf is explicitly balance minus the unchanged locked amount.
W3B-0398,5280d3958afffe1dab5a98136da3e422cb8eebe1954b242b8f86007dd080ea53,26,web3bugs_packets/W3B-0398.json,https://code4rena.com/reports/2021-08-realitycards,NONBUG,no_desynchronizing_partial_transition,YES,,,N,,,Y,C3 fails: _updateBidInOrderbook only relinks fields inside the existing Bid slot; index remains the correct array index and is rewritten only when an array slot actually moves.
W3B-0399,52e74f90abaacda277afaa07bc2dad635cc9a3081d2fa7c8458b4ce39beecdd2,131,web3bugs_packets/W3B-0399.json,https://code4rena.com/reports/2022-05-backd,,,YES,,,,,,Y,"Known M-01 at adjacent/repair granularity: epoch can advance with no period fees while keeperRecords.nextEpochToClaim retains the empty epoch, and claim logic later consumes that epoch on the same reportFees/claim surface."
W3B-0400,53043be6c69f9a9b644d9760d10b6ba06fcfd205cf8145d0d9172eeb1124f859,52,web3bugs_packets/W3B-0400.json,https://code4rena.com/reports/2021-11-vader,NONBUG,reconciliation_precedes_consumption,YES,,,N,,,Y,C3 fails: updateReward is the checkpoint itself—rewardPerTokenStored is computed from the old reward state and lastUpdateTime is reconciled immediately before later reward use.
W3B-0401,530bec198cc8d1a7259d99084f11c3fd38f45a01402d434eea5f2214b429c84c,45,web3bugs_packets/W3B-0401.json,https://code4rena.com/reports/2021-10-union,NONBUG,unsupported_or_overbroad_relation,NO,,N,,,,Y,"C2 fails: initialExchangeRateMantissa is only the zero-supply bootstrap branch; with supply present, exchange rate is derived from totalRedeemable and totalSupply, so redeems need not reconcile the initial constant."
W3B-0402,533ab41aefe0628291c3b7bd74bd89094c196492a45ff91ae926a77ba4dd15ad,105,web3bugs_packets/W3B-0402.json,https://code4rena.com/reports/2022-03-paladin,,,YES,,,,,,Y,"Pass/novel: _updateRewardState can change currentDropPerSecond before _getNewIndex accounts the interval since lastRewardUpdate, so the new rate is applied across stale elapsed time before rewardIndex and the timestamp are checkpointed."
W3B-0403,535c3dc6dbbcf8e243dbb032d3b44a973dca56471a043d0878c7d28a62b7212c,110,web3bugs_packets/W3B-0403.json,https://code4rena.com/reports/2022-04-badger-citadel,NONBUG,no_desynchronizing_partial_transition,YES,,,N,,,Y,C3 fails: an accepted citadel price update may change citadelPriceInAsset while discount and decimal normalization remain unchanged; M-05 instead concerns the rejected-price branch failing to store the new price.
W3B-0404,536006e594b76a823af80b199b141ada248ddd13ad1b34d8c750ff4f0787f266,45,web3bugs_packets/W3B-0404.json,https://code4rena.com/reports/2021-10-union,NONBUG,no_desynchronizing_partial_transition,YES,,,N,,,Y,"C3 fails: repayment deliberately lowers totalBorrows while the fixed debtCeiling is unchanged, and getRemainingLoanSize correctly reflects the newly freed capacity."
W3B-0405,536278f8c567c270043c1158e5f9daac040bbfd76078a37bb81fe361cd3d7ee3,12,web3bugs_packets/W3B-0405.json,https://code4rena.com/reports/2021-05-yield,NONBUG,analysis_abstraction_error,YES,,,N,,,Y,"C3 fails: ERC20._burn decrements _balanceOf[src] immediately before _totalSupply in the same atomic helper, so the reported partial write is a block-splitting abstraction artifact."
W3B-0406,536d38c7a004e9b0f016f7628b12f25a0c32f5993e6959446dfb1f386cec0e4f,112,web3bugs_packets/W3B-0406.json,https://code4rena.com/reports/2022-04-backd,,,YES,,,,,,Y,"Pass/novel in the April snapshot: initialize can be called again when startBoost was set to 0, changing _MAX_BOOST while existing boostFactors remain checkpointed under the old value and are later reused by computeNewBoost."
W3B-0407,538174c013b1c64af95467f082144ee76fd9816f151933877013a4a2fb7ad783,45,web3bugs_packets/W3B-0407.json,https://code4rena.com/reports/2021-10-union,,,YES,,,,,,Y,"Known H-01 surface at corrective granularity: borrow checks debtCeiling-totalBorrows before accrueInterest raises totalBorrows, so stale market utilization can pass the global ceiling check before the corrective write."
W3B-0408,53ffe49e35bca37fcf6a9740bfd6ddc17142a23d596781895973eae5c57b27d4,22,web3bugs_packets/W3B-0408.json,https://code4rena.com/reports/2021-08-floatcapital,,,YES,,,,,,Y,"Known M-06: next-price actions record userNextPrice_currentUpdateIndex ahead of marketUpdateIndex, but a constant oracle price can leave marketUpdateIndex unchanged so settlement keeps consuming an unreconciled pending index."
W3B-0409,54357ab0f3bbae1b338098177c25a986e6e2e47ce910ef518a082ac9be64ea66,131,web3bugs_packets/W3B-0409.json,https://code4rena.com/reports/2022-05-backd,,,YES,,,,,,Y,Known M-16 at corrective granularity: repeated initialize can change _MAX_BOOST while existing boostFactors were checkpointed under the old value; computeNewBoost consumes both and _userCheckpoint persists the resulting skew.
W3B-0410,5446c89def31fb4253079480afe495c44ac6560fb484b6431cd0be06a9cf4a07,107,web3bugs_packets/W3B-0410.json,https://code4rena.com/reports/2022-04-jpegd,NONBUG,no_desynchronizing_partial_transition,YES,,,N,,,Y,C3 fails: setNFTType intentionally changes a per-NFT category while daoFloorOverride is an independent global valuation mode; _getNFTValueETH simply selects the appropriate valuation branch from both states.
W3B-0411,5466009ab3e37c72b61437b87b9bb8ebfc31de0770148d6888b184ee33735f49,110,web3bugs_packets/W3B-0411.json,https://code4rena.com/reports/2022-04-badger-citadel,NONBUG,unsupported_or_overbroad_relation,NO,,N,,,,Y,C2 fails: the writer changes funding.discountManager while getAmountOut reads funding.discount; treating the whole funding struct as one member conflates unrelated fields with price and decimal normalization.
W3B-0412,54a1229c19ab869f5d829bc9b976fc3206f1cf46e19a99c262a885ef718ea21d,113,web3bugs_packets/W3B-0412.json,https://code4rena.com/reports/2022-04-abranft,NONBUG,analysis_abstraction_error,YES,,,N,,,Y,"C3 fails: _requestLoan writes tokenLoan[tokenId] immediately before tokenLoanParams[tokenId] in one atomic state update; known M-01 reentrancy occurs earlier at collateral.transferFrom, not between these two states."
W3B-0413,54c038130f3827a75e56383a5923ce50b14053b18ac11e63ea6ba55864035471,76,web3bugs_packets/W3B-0413.json,https://code4rena.com/reports/2022-01-sherlock,NONBUG,reconciliation_precedes_consumption,YES,,,N,,,Y,C3 fails: _settleTotalDebt capitalizes premiums using the old timestamp and rate and then immediately sets lastAccountedGlobal to block.timestamp; premium-rate callers settle before changing the rate.
W3B-0414,54c6dd2d33101c50dcd67dd21bfaabbf546df89d9456751d69d668a8034d14f7,49,web3bugs_packets/W3B-0414.json,https://code4rena.com/reports/2021-11-overlay,NONBUG,reconciliation_precedes_consumption,YES,,,N,,,Y,"C3 fails: roll returns the cycloid that callers immediately assign, and brrrr reconciles its accumulator before later getBrrrrd/oiCap use; the bucket also merges the separate impact and brrrrd roller domains."
W3B-0415,552d5b85633c19077614589886568975cb31900ac79dc78499f4e02b5807f7e4,35,web3bugs_packets/W3B-0415.json,https://code4rena.com/reports/2021-09-sushitrident-2,NONBUG,no_desynchronizing_partial_transition,YES,,,N,,,Y,"C3 fails: ConstantProductPool.burn updates kLast to the post-burn reserve-product baseline after LP supply/reserves are adjusted, while barFee remains the configured fee rate. Later _mintFee is designed to combine that fresh baseline with the unchanged rate/current supply. Fresh review of the applicable Sushi Trident phase-1 report found no ordinary-burn temporal defect: its ConstantProductPool fee findings concern unbalanced-liquidity fee distribution/calculation, not failure to mutate barFee on burn. This is the established normal burn/checkpoint family."
W3B-0416,55360e48d0e18ab9a6eef5c1c26bd8f51c412a3b03eaa29703fa5970fd94e19a,26,web3bugs_packets/W3B-0416.json,https://code4rena.com/reports/2021-08-realitycards,NONBUG,no_desynchronizing_partial_transition,YES,,,N,,,Y,"C3 fails: removeOldBids compacts stale user records and repairs their index bookkeeping, while cleaningLoops is an independent fixed work bound for cleanWastePile. The public RealityCards H-01 is the separate findNewOwner/maxDeletions final-iteration defect; no protocol invariant requires cleaningLoops to change with each user-array pop."
W3B-0417,55dcf62d29aa306e68d907f54d9ebcc9510f2de0eb187e9caefee0e99a53be8e,192,web3bugs_packets/W3B-0417.json,https://code4rena.com/reports/2022-12-tigris,,,YES,,,,,,Y,"Pass/recovery of Tigris H-09 at operation granularity: partial close calls Position.reducePosition, which mutates persisted trade margin/size accounting. The published H-09 shows the caller retains a pre-reduction trade snapshot for the maxWinPercent calculation, allowing repeated partial closes to apply the cap against the wrong whole-position margin and bypass it. This is the same accepted reducePosition family as W3B-1183; longOi/shortOi are broader funding/OI context."
W3B-0418,560454096259d5a0c1ca095495621da03c0f58807e61a142ccc7720e8febdf29,49,web3bugs_packets/W3B-0418.json,https://code4rena.com/reports/2021-11-overlay,NONBUG,no_desynchronizing_partial_transition,YES,,,N,,,Y,"C3 fails: update computes completed funding epochs from compounded and the fixed compoundingPeriod, pays funding for those epochs, then advances compounded to the last completed-period boundary. compoundingPeriod is a duration parameter and is intentionally unchanged by each checkpoint. Fresh review of the Overlay report found no finding in which this normal epoch checkpoint leaves compoundingPeriod stale."
W3B-0419,560b73fe72062db98a2279bc25ef3bed792502d7afe5a0bddb707ab34d036588,123,web3bugs_packets/W3B-0419.json,https://code4rena.com/reports/2022-05-aura,NONBUG,no_desynchronizing_partial_transition,YES,,,N,,,Y,"C3 fails: setRewardContracts initializes immutable-once lockRewards independently from the immutable-once rewardFactory configured by setFactories. setFeeInfo explicitly requires both to be nonzero before using them, and addPool uses rewardFactory as its separately configured factory. Fresh Aura/Convex report review found no finding requiring these two setup addresses to be written atomically."
W3B-0420,566ca8cbcc2b29f9acca11aab5478e7ad22308950910d6ccbedbdabd19bf7c28,76,web3bugs_packets/W3B-0420.json,https://code4rena.com/reports/2022-01-sherlock,NONBUG,reconciliation_precedes_consumption,YES,,,N,,,Y,"C3 fails in withdrawActiveBalance: it calls _settleProtocolDebt before reading/reducing the withdrawable active balance, so ordinary accrued debt and lastAccountedEachProtocol are reconciled first and the post-withdraw coverage check rejects unsafe reductions. In the debt>balance edge, settlement drives the effective/stored active balance to zero, so a permitted nonzero withdrawal cannot commit the candidate write. This matches the established withdrawActiveBalance negative family."
W3B-0421,56a5088f67876a537ed565e993ce8c7f179c8d9dae198091f59a9d1ea08ed0af,51,web3bugs_packets/W3B-0421.json,https://code4rena.com/reports/2021-11-bootfinance,NONBUG,no_desynchronizing_partial_transition,YES,,,N,,,Y,"C3 fails for the nominated revoke transition: benRevocable[user][0] is revocation eligibility while [1] records that revocation has occurred; revoke intentionally moves [true,false] to [true,true]. Fresh Boot Finance M-11 review confirms the actual defect producer is permissionless vest(), which overwrites the whole pair as [false,false] or [true,false] and can erase prior policy/revocation state. This packet does not serialize that producer or a post-overwrite consumer path, so the intended revoke transition is not M-11."
W3B-0422,56dd33022cfe610f66dafa333559d512172cf9525d99eea320a3285e96e22e25,22,web3bugs_packets/W3B-0422.json,https://code4rena.com/reports/2021-08-floatcapital,NONBUG,unsupported_or_overbroad_relation,NO,,N,,,,Y,"C2 fails: staker and assetPrice meet through the privileged update-bypass condition assetPriceHasChanged || msg.sender == staker, but Float M-06's semantic relation is assetPrice/marketUpdateIndex/pending next-price settlement state. Fresh report review confirms the defect is unchanged price preventing marketUpdateIndex advancement and stranding pending operations; the staker address is not a persistent counterpart that must stay synchronized with assetPrice. This matches W3B-0773/0842/0931."
W3B-0423,56fe86a16b1faa6e3c2c57c4ed67c2a244aab3ffcc41f42a3b33c1c795f8b2af,76,web3bugs_packets/W3B-0423.json,https://code4rena.com/reports/2022-01-sherlock,NONBUG,no_desynchronizing_partial_transition,YES,,,N,,,Y,"C3 fails in this withdrawActiveBalance context: _settleTotalDebt is reached inside the debt>active-balance edge while correcting the Sherlock premium-accounting error, but that same settlement path exhausts activeBalances. The subsequent nonzero withdrawal cannot pass the balance/coverage checks, so the transaction reverts and the candidate global-premium checkpoint/correction does not persist. This does not expose the commit-able insolvency family seen through nonStakersClaim."
W3B-0424,57b831e0049d17f9284b905ed260789055f0a17211583e88a961ec77ab28e45e,28,web3bugs_packets/W3B-0424.json,https://code4rena.com/reports/2021-09-sushimiso,NONBUG,no_desynchronizing_partial_transition,YES,,,N,,,Y,C3 fails: token initialization establishes DOMAIN_SEPARATOR for the token/domain while each owner's permit nonce correctly remains at its initial zero value and advances only when that owner later consumes a permit. No nonce update belongs in initialization; this is the established MISO permit/domain initializer family.
W3B-0425,57e4b549f278df030dd1c6b12988d38f6aae1f5bc28d46edb3b5bde38608c8a1,26,web3bugs_packets/W3B-0425.json,https://code4rena.com/reports/2021-08-realitycards,NONBUG,analysis_abstraction_error,YES,,,N,,,Y,"C3 fails at the nominated site: bidExists is view-only and reads user/index rather than persistently mutating user. The enclosing removeUserFromOrderbook path removes records through _removeBidFromOrderbookIgnoreOwner, which swap/pops and repairs the removed/moved indices before return. Operation-level recovery therefore does not rescue this modeled writer; fresh RealityCards report review confirms H-01 is the distinct findNewOwner/maxDeletions defect."
W3B-0426,580a658b7aaf5fd377c0dbd10b1eead31cc4af095d8bcc79e27834f55c2f8124,105,web3bugs_packets/W3B-0426.json,https://code4rena.com/reports/2022-03-paladin,,,YES,,,,,,Y,"Pass/recovery of Paladin M-05 at operation/read-node granularity: although the serialized _unlock node at L1241 only selects the current UserLock, the same unlock operation proceeds to the M-05-listed UserLock history writes later in _unlock, including same-block checkpoints. The published report explicitly identifies multiple UserLock entries with the same fromBlock as the manipulable historical-state defect. This matches the accepted _unlock family W3B-0647/W3B-1157; ERC20 balance is an over-broad extra member."
W3B-0427,581db920215ab522be1d0d6337ea39e52a012b88ac84664b34974ca936918ce7,26,web3bugs_packets/W3B-0427.json,https://code4rena.com/reports/2021-08-realitycards,NONBUG,no_desynchronizing_partial_transition,YES,,,N,,,Y,C3 fails: rent collection legitimately increments per-card time accounting while winningOutcome is resolved independently by the market-resolution lifecycle. Payout later intentionally combines the finalized winningOutcome with accumulated time for that card. Fresh RealityCards report review does not establish a transition requiring winningOutcome to change with each rent-accounting update; this is the established card/winningOutcome family.
W3B-0428,582a5ade2c55bb0109d838bd08995173e9d672f27ef9830ab01e44ed9e934934,105,web3bugs_packets/W3B-0428.json,https://code4rena.com/reports/2022-03-paladin,,,YES,,,,,,Y,"Pass/direct recovery of Paladin M-05: stakeAndLock reaches _lock L1199, which appends a UserLock carrying safe32(block.number). The published report explicitly identifies this history-write family because multiple lock transitions in one block can create duplicate fromBlock checkpoints and ambiguous/manipulable historical state. ERC20 balance is an over-broad extra relation member; this matches the established stakeAndLock M-05 family."
W3B-0429,583b4857f53468f600e0c6726537718bfa1d671a2d61bf28c6e0d1a888d1c640,105,web3bugs_packets/W3B-0429.json,https://code4rena.com/reports/2022-03-paladin,,,YES,,,,,,Y,"Pass/direct recovery of Paladin M-05: increaseLock reaches _lock L1199 and appends another UserLock snapshot carrying safe32(block.number). Multiple same-block lock transitions can therefore create duplicate fromBlock entries, exactly the published M-05 historical-state defect. ERC20 balance is an over-broad extra member; this matches W3B-0589/W3B-1191."
W3B-0430,58872a47877973f3211511e23f68d86657587a730f18dc5098fdd54df125f74e,45,web3bugs_packets/W3B-0430.json,https://code4rena.com/reports/2021-10-union,NONBUG,no_desynchronizing_partial_transition,YES,,,N,,,Y,C3 fails: setOverdueBlocks changes the global delinquency-duration policy; existing accountBorrows/lastRepay records are intentionally evaluated against the currently configured threshold and are not mirror state that must be rewritten when policy changes. Fresh Union report review identifies H-01 as the separate borrow-before-accrue defect and does not establish an overdueBlocks/accountBorrows synchronization bug.
W3B-0431,58943d0f5b7e3125b2b0de4b2b41cb0489d311bc890a3479c086b214998573cf,26,web3bugs_packets/W3B-0431.json,https://code4rena.com/reports/2021-08-realitycards,NONBUG,no_desynchronizing_partial_transition,YES,,,N,,,Y,"C3 fails: _updateBidInOrderbook relinks an existing bid's next/prev pointers while that bid remains in the same user-array slot, so index[user][market][card] correctly remains unchanged. Neighbor link updates are completed within the same operation. Fresh RealityCards ground-truth review does not identify this ordinary relink as H-01 or another stale-index producer."
W3B-0432,58956c993326dc29f16612a52d5ab33f38317cf633f0dc7c052fa6170a6a0078,79,web3bugs_packets/W3B-0432.json,https://code4rena.com/reports/2022-01-trader-joe,NONBUG,incompatible_context_key_or_ordering,YES,,,N,,,Y,"C3 fails by lifecycle ordering: createPair consumes floorPrice/tokenReserve/wavaxReserve, creates the pair, then sets wavaxReserve to zero while retaining only any residual tokenReserve. withdrawLiquidity can later zero/refund that residual tokenReserve only after the pair exists. A second createPair is rejected by the existing-pair/LP-supply guard, so the nominated post-pair writer cannot leave state that is later consumed by a feasible createPair. Fresh Trader Joe review shows its createPair findings concern different arithmetic/slippage/emergency defects."
W3B-0433,58e1fce1871ab0b6fc98f13f1cad4f72ea3178472f6c0ef78aa7b4d14238ff16,26,web3bugs_packets/W3B-0433.json,https://code4rena.com/reports/2021-08-realitycards,NONBUG,no_desynchronizing_partial_transition,YES,,,N,,,Y,"C3 fails: addMarket initializes per-market orderbook metadata while maxSearchIterations is an independent global search-work bound. Later orderbook searches intentionally combine the current market/list state with that unchanged cap. Fresh RealityCards report review identifies the relevant bounded-loop bug at findNewOwner/maxDeletions, not maxSearchIterations."
W3B-0434,58f50ce79e49807a8f23e9fbbd0d88ab02a7726737f3a7a27ab97498bc1e12e0,26,web3bugs_packets/W3B-0434.json,https://code4rena.com/reports/2021-08-realitycards,NONBUG,no_desynchronizing_partial_transition,YES,,,N,,,Y,"C3 fails: removeUserFromOrderbook removes a bid record and repairs its user/index bookkeeping, while cleaningLoops is an independent global bound on how much cleanWastePile work one call performs. No synchronization rule requires the cleanup bound to change when an unrelated user's record is removed; this is not the published RealityCards findNewOwner/maxDeletions defect."
W3B-0435,5987fb6def285b1b7eb07d8e6c295737586686a41c794c2e2c8526f30b4bb611,51,web3bugs_packets/W3B-0435.json,https://code4rena.com/reports/2021-11-bootfinance,NONBUG,reconciliation_precedes_consumption,YES,,,N,,,Y,"C3 fails: InvestorDistribution._updateEmission advances startEpochTime, adds the completed epoch's issuance to startEpochSupply using the old rate, and only then updates rate for the next epoch. The time/supply/rate checkpoint is coherent before _available_supply or claim consumes it; this is the established W3B-0640/0833/1177 family."
W3B-0436,599423332cdb0a0fe11636eec1032b43d9c6b509053b412e37e2832353bec6fd,26,web3bugs_packets/W3B-0436.json,https://code4rena.com/reports/2021-08-realitycards,NONBUG,reconciliation_precedes_consumption,YES,,,N,,,Y,"C3 fails: _removeBidFromOrderbookIgnoreOwner swap/pops the removed user record, clears its index, and repairs the moved record's index before returning. The closeMarket index reader therefore does not establish a persistent stale user/index pair from this findNewOwner helper. RealityCards H-01 is the separate maxDeletions final-iteration control defect; this matches W3B-1218."
W3B-0437,59a2ce18aff7cf9adbd954562c6a3c1b0e54f7979321295ba181f8dab068ff8d,51,web3bugs_packets/W3B-0437.json,https://code4rena.com/reports/2021-11-bootfinance,NONBUG,no_desynchronizing_partial_transition,YES,,,N,,,Y,"C3 fails for the emitted airdrop/emission-schedule relation. Boot Finance H-05 is indeed in validate(), but the repeat-claim defect is that a fully claimed user can validate again because the guard checks airdrop.amount instead of the persistent validation lifecycle, resetting that user's entitlement. rate/startEpochSupply/startEpochTime are not supposed to change when a user validates, so this bucket does not recover H-05 merely by landing on the same writer and later claim path."
W3B-0438,59d8c700627d306990e00e3c7371af1393f9eba2761cdd0a67b44c0ed0bec770,124,web3bugs_packets/W3B-0438.json,https://code4rena.com/reports/2022-06-notional-coop,NONBUG,no_desynchronizing_partial_transition,YES,,,N,,,Y,"C3 fails: anyoneTrade is deliberately a global authorization bypass while tradeAllowList stores per-address fallback authorization. _isAllowedTrader is defined as anyoneTrade || tradeAllowList[_caller], so toggling the global mode is intended to leave individual allowlist entries unchanged. This is the exact W3B-0458 family."
W3B-0439,59e66405e699413c62534633cbc25e972f698927772d94339c795c394149e64f,105,web3bugs_packets/W3B-0439.json,https://code4rena.com/reports/2022-03-paladin,NONBUG,analysis_abstraction_error,YES,,,N,,,Y,"C3 fails: _availableBalanceOf is an internal view helper that reads userLocks and ERC20 balance to compute transferable balance. The nominated site does not persistently write userLocks, so no desynchronizing transition exists; this is the established Paladin read-modeled-as-writer family."
W3B-0440,5a0646219dbc454070799fcf5ca39d32ea03d26cf8763d80a73c4b3c08188384,131,web3bugs_packets/W3B-0440.json,https://code4rena.com/reports/2022-05-backd,NONBUG,reconciliation_precedes_consumption,YES,,,N,,,Y,"C3 fails: AmmConvexGauge._userCheckpoint updates perUserShare, perUserShareCrv, and perUserShareCvx consecutively, then advances all three paid-integral checkpoints before unstake or claim can consume the values. The base-share node is therefore reconciled within the derived override, matching W3B-1085."
W3B-0441,5a173b2dbc60facf7ebb5c321fb6a5c0420b778983101be75009cb7cd2bcdd48,105,web3bugs_packets/W3B-0441.json,https://code4rena.com/reports/2022-03-paladin,NONBUG,analysis_abstraction_error,YES,,,N,,,Y,"C3 fails at the nominated site: increaseLock line 286 only checks userLocks[msg.sender].length before resolving the current lock and calling _lock; that block is not itself a persistent userLocks writer. Although increaseLock can reach Paladin M-05 deeper inside _lock, this serialized outer precondition does not capture the defect-producing history append, unlike the accepted inside-_lock/operation cuts."
W3B-0442,5a2398f7896acb1973d07aaab637d322d681c3e52c050bef119ddb09d8f36493,26,web3bugs_packets/W3B-0442.json,https://code4rena.com/reports/2021-08-realitycards,NONBUG,analysis_abstraction_error,YES,,,N,,,Y,"C3 fails: the nominated _processRentCollection node changes card[_card].timeLastCollected, whereas the payout/winner consumers use different Card fields such as totalTimeHeld on card[winningOutcome]. Whole-Card aggregation conflates unrelated timestamp bookkeeping with winner accounting; this is the established RealityCards aggregate-field false-positive family."
W3B-0443,5a28fa9ccb457a24bad4b38807116ac3ae4a4e56a4b91d93c044623bd67c44da,192,web3bugs_packets/W3B-0443.json,https://code4rena.com/reports/2022-12-tigris,NONBUG,incompatible_context_key_or_ordering,YES,,,N,,,Y,"C3 fails relative to Tigris M-16: extendLock requires epoch[bond.asset] == block.timestamp / DAY before the nominated bond write, so the stale epoch produced when distribute returns with totalShares == 0 cannot reach this writer. Only after epoch is current can extendLock rewrite mintEpoch/bondPaid; source proximity to the M-16 epoch consumer therefore does not establish the vulnerable transition."
W3B-0444,5a603b58c238566fd23c7b5f0ac9dd309586c254b92e042cb1895a169ad669d8,64,web3bugs_packets/W3B-0444.json,https://code4rena.com/reports/2021-12-pooltogether,NONBUG,no_desynchronizing_partial_transition,YES,,,N,,,Y,"C3 fails: cancelDraw first requires the existing request to have timed out, then deletes rngRequest. rngTimeout is reusable global timeout configuration and intentionally remains unchanged; once requestedAt is cleared, isRngTimedOut returns false. This matches W3B-1219/1262."
W3B-0445,5a7a94f89aa0859c36097937af43224089654178a8ea43594110841b8abe4d99,76,web3bugs_packets/W3B-0445.json,https://code4rena.com/reports/2022-01-sherlock,NONBUG,reconciliation_precedes_consumption,YES,,,N,,,Y,C3 fails in setProtocolPremium context: _settleTotalDebt checkpoints global claimable premiums and immediately advances lastAccountedGlobal before per-protocol debt is settled and the requested premium transition is applied. A successful new rate therefore begins from reconciled global/per-protocol checkpoints; this is the established setProtocolPremium family.
W3B-0446,5a8e3186cbe698c6012eb370504ace05fbf23fc92f4a368a9276f8a4d620311e,26,web3bugs_packets/W3B-0446.json,https://code4rena.com/reports/2021-08-realitycards,NONBUG,no_desynchronizing_partial_transition,YES,,,N,,,Y,"C3 fails: accountingComplete is a persistent progress flag indicating that rent accounting has reached every card, while maxRentIterationsToLockMarket is an independent gas/batch policy threshold. If accounting completes after the threshold for the current call, lockMarket intentionally defers orderbook closure to a later call with a fresh iteration counter; the fixed threshold is not stale state that must change when accountingComplete becomes true."
W3B-0447,5b1945f722c8d9221c28badf8ac30501bf6ac6aaf4f3d83016a525006cd37693,45,web3bugs_packets/W3B-0447.json,https://code4rena.com/reports/2021-10-union,NONBUG,no_desynchronizing_partial_transition,YES,,,N,,,Y,C3 fails: __UToken_init sets debtCeiling during initial market configuration while totalBorrows is still the zero initial borrowing state. debtCeiling is the prospective borrowing cap and is designed to remain fixed while totalBorrows later evolves; initialization does not create Union H-01's stale pre-accrual headroom state.
W3B-0448,5b426af1c0034b1ae7e714e242f2686e5fb5e447a1c1800755ec667e36a772c3,105,web3bugs_packets/W3B-0448.json,https://code4rena.com/reports/2022-03-paladin,NONBUG,reconciliation_precedes_consumption,YES,,,N,,,Y,"C3 fails at the nominated rewardIndex checkpoint: _updateRewardState refreshes the drop rate, computes the new rewardIndex, writes it, and immediately advances lastRewardUpdate on the next statement. Paladin H-01 is produced by the preceding currentDropPerSecond/lastDropUpdate rate-timing transition, not this rewardIndex checkpoint; this matches W3B-0566/0685/0740/0756."
W3B-0449,5b48f95e45e7d28e9601bb01655df79fa5e31822970258a186ce84e6140b31b5,26,web3bugs_packets/W3B-0449.json,https://code4rena.com/reports/2021-08-realitycards,NONBUG,reconciliation_precedes_consumption,YES,,,N,,,Y,"C3 fails for the substantive rent-accounting core: _processRentCollection first increments card.rentCollectedPerCard, then rentCollectedPerUserPerCard, then rentCollectedPerUser and totalRentCollected in the same helper before withdrawal/payout consumers can run. affiliate/artist/creator/winner cuts and winningOutcome are independent payout configuration/resolution state. No persistent partial rent-accounting transition is left by the nominated middle write."
W3B-0450,5bd3d49070c00d71ff72f8cb556b1b4b1b4a0c87fbde7a8f217175ad263ca9be,76,web3bugs_packets/W3B-0450.json,https://code4rena.com/reports/2022-01-sherlock,,,YES,,,,,,Y,"Pass/recovery of the Sherlock insolvency-accounting family: in nonStakersClaim, the debt>active-balance repair corrects lastClaimablePremiumsForStakers after erroneous premium accrual while the exhausted protocol's positive premium can remain represented in allPremiumsPerSecToStakers. The source explicitly states that this accounting error continues until handled; later _settleTotalDebt/claimablePremiums consume the live rate with the global checkpoint and continue accruing invalid premiums. This is the same defect family as W3B-0600/0763/1070/1163."
W3B-0451,5bda091d6faccfce96e181e8603458d4f712a0a72f46589975d43f69dc0fbf60,26,web3bugs_packets/W3B-0451.json,https://code4rena.com/reports/2021-08-realitycards,NONBUG,reconciliation_precedes_consumption,YES,,,N,,,Y,C3 fails: cleanWastePile compacts the user array and immediately clears/repairs the associated index bookkeeping before addBidToOrderbook continues. Later search/new-bid/update-bid/bidExists consumers therefore see a reconciled user/index pair; this is the established cleanWastePile family.
W3B-0452,5c1418397b811b543658308e5c2aef4340b945d87c801bf07d221748b6728dbf,26,web3bugs_packets/W3B-0452.json,https://code4rena.com/reports/2021-08-realitycards,NONBUG,analysis_abstraction_error,YES,,,N,,,Y,"C3 fails: the nominated _processRentCollection node changes card[_card].totalTimeHeld, while the newRental pricing rule consumes card[_card].cardPrice together with minimumPriceIncreasePercent. Whole-Card aggregation conflates unrelated fields, so the pricing-policy relation is not desynchronized by this time-accounting write; this is the W3B-0582/1032/1033 family."
W3B-0453,5c14a45e9b54f087a37ae2f3603dc52f672ef70bef3697c4f83da0b279df563b,26,web3bugs_packets/W3B-0453.json,https://code4rena.com/reports/2021-08-realitycards,NONBUG,no_desynchronizing_partial_transition,YES,,,N,,,Y,C3 fails: initialize establishes cardAffiliateCut as market-wide payout configuration before runtime per-card accounting/claim state develops. Individual Card fields are intentionally initialized or later evolve independently while the configured cut remains fixed for affiliate payouts; this matches W3B-0548.
W3B-0454,5cf0be2eaeacaa3f7850d8f53461b6e60e52a379f123ebb6bf4c00c4d2687d84,52,web3bugs_packets/W3B-0454.json,https://code4rena.com/reports/2021-11-vader,NONBUG,reconciliation_precedes_consumption,YES,,,N,,,Y,"C3 fails at the nominated updateReward checkpoint: withdraw's modifier computes rewardPerTokenStored from the old totalSupply/rate/period state, immediately checkpoints lastUpdateTime and the user's reward state, and only then reduces _totalSupply/_balances. Vader M-04 is the separate fee-on-transfer internal-vs-external balance defect, not this checkpoint write; this matches W3B-0557/0739/1029/1216."
W3B-0455,5d3d656f8184556e45ef394c57bcef1b1333a8466d5abc1e4af7bdf41a6a9d8a,105,web3bugs_packets/W3B-0455.json,https://code4rena.com/reports/2022-03-paladin,,,YES,,,,,,Y,"Pass/recovery of Paladin M-05: this is the same _lock node-16 existing-lock structural cut accepted in W3B-0502. The path proceeds to a UserLock.push carrying safe32(block.number), so another lock-history transition in the same block can create duplicate fromBlock checkpoints and ambiguous/manipulable historical state. ERC20 balance is an over-broad extra relation member."
W3B-0456,5d50173cafd98f023c511141d03fe6aa59d51f45892a1e1a50b722428dc22330,192,web3bugs_packets/W3B-0456.json,https://code4rena.com/reports/2022-12-tigris,NONBUG,no_desynchronizing_partial_transition,YES,,,N,,,Y,"C3 fails for the emitted _trades/longOi/shortOi relation: Position.mint constructs the new trade while market-order OI/funding accounting is maintained by the surrounding trading flow; storing another trade does not itself require a second OI write at this node. Tigris H-07 is the distinct _safeMint reentrancy gap before initId/open-position/list bookkeeping is installed, and those essential state members are absent here. This matches W3B-0765."
W3B-0457,5d7729a0c617491b5adb9d348bc2ff479bdf12f3768043ca843d419b01ba2e33,76,web3bugs_packets/W3B-0457.json,https://code4rena.com/reports/2022-01-sherlock,,,YES,,,,,,Y,"Pass/duplicate of the Sherlock insolvency family, structurally matching W3B-0691: under nonStakersClaim, the debt>active-balance repair can set debt = balance and then persist activeBalances[_protocol] = 0 while lastAccountedEachProtocol advances but premiums_ remains live. Later incremental-debt and coverage calculations consume that live premium/checkpoint against the exhausted balance, so the accounting error can continue."
W3B-0458,5d97109f4b3acbc4e4c38cc0aaf10e7a6abf871bfc74178d17b478139699e8bb,124,web3bugs_packets/W3B-0458.json,https://code4rena.com/reports/2022-06-notional-coop,NONBUG,no_desynchronizing_partial_transition,YES,,,N,,,Y,"C3 fails: anyoneTrade is deliberately a global authorization bypass while tradeAllowList stores the per-address fallback. _isAllowedTrader is explicitly anyoneTrade || tradeAllowList[_caller], so toggling the global mode is intended to leave individual allowlist entries unchanged rather than synchronize them."
W3B-0459,5d9b4a732227050997798ff555980a7294d88888e15f75cd694c432b557fe2d6,110,web3bugs_packets/W3B-0459.json,https://code4rena.com/reports/2022-04-badger-citadel,NONBUG,no_desynchronizing_partial_transition,YES,,,N,,,Y,C3 fails: setDiscount intentionally changes only funding.discount while citadelPriceInAsset and assetDecimalsNormalizationValue remain independent price/decimal inputs. Badger Citadel M-02 is the separate zero-discount result-assignment bug inside getAmountOut; it is not a stale persistent-state relation created by changing the discount.
W3B-0460,5dae2d17af472436ceb94688547eaa4690d39bf219f1110463f094c04b4a21be,110,web3bugs_packets/W3B-0460.json,https://code4rena.com/reports/2022-04-badger-citadel,NONBUG,no_desynchronizing_partial_transition,YES,,,N,,,Y,"C3 fails: each successful buy is supposed to increase totalTokenIn while saleStart, saleDuration and tokenInLimit remain fixed schedule/cap parameters. buy and saleEnded intentionally compare the progressing total against those unchanged bounds. The published KnightingRound price-change issue concerns tokenOutPrice, which is absent from this bucket."
W3B-0461,5dbd64cbb75b87ff7c6eac91d35dea6c555500f4dbe1c2ff474d4f9f5ba27aff,22,web3bugs_packets/W3B-0461.json,https://code4rena.com/reports/2021-08-floatcapital,NONBUG,no_desynchronizing_partial_transition,YES,,,N,,,Y,C3 fails for the nominated stakeFromUser writer: the staking path updates system state and settles due Float before increasing userAmountStaked. Adding stake does not create Float H-03's overcommitted-pending-shift state; H-03 is produced by repeated shiftTokens calls that accumulate pending long/short shifts without reserving the current stake. This is the same boundary as W3B-0957/W3B-1215.
W3B-0462,5df7e4ce0f8029901ff069dfd215a9e62c748d3a37541b9037fc3083009d4161,102,web3bugs_packets/W3B-0462.json,https://code4rena.com/reports/2022-03-volt,NONBUG,no_desynchronizing_partial_transition,YES,,,N,,,Y,"C3 fails: _initTimed intentionally starts/resets startTime while retaining the already configured duration, and remainingTime/timeSinceStart are defined from that pair. Volt H-01 is the separate ScalingPriceOracle compounding defect involving oraclePrice when startTime is reset; duration is not stale here. This matches W3B-1038."
W3B-0463,5e3251a8e12f7bc9b33912ee9b774bc3fc2c530574da06cfe53e98aaabb7a049,26,web3bugs_packets/W3B-0463.json,https://code4rena.com/reports/2021-08-realitycards,NONBUG,analysis_abstraction_error,YES,,,N,,,Y,"C3 fails: the nominated _processRentCollection node writes card[_card].timeHeld, while the affiliate payout consumes the different field card[_card].rentCollectedPerCard together with fixed cardAffiliateCut. Treating the whole Card aggregate as one state entity spuriously connects unrelated fields; this is the established RealityCards aggregate-field false-positive family."
W3B-0464,5e6ed61a361eb00b6456e1da154eef926e1dc1a08c6000a5ffb2c1078a3fd9b2,22,web3bugs_packets/W3B-0464.json,https://code4rena.com/reports/2021-08-floatcapital,,,YES,,,,,,Y,"Pass/recovery of Float L-06 at corrective/snapshot granularity: this is the sibling snapshot-write node to the accepted W3B-0749 family and the relation contains the exact marketLaunchIncentive period/multipliers plus persisted cumulative Float snapshots. The later issuance calculation can apply changed launch-incentive parameters against the older snapshot/launch timing baseline; equilibriumOffset/exponent are over-approximated extra members, not a semantic miss."
W3B-0465,5ecfe413153f2621e8598fe8ca6f29738cfbcea24401997f5ecdbcd4445ecdd1,105,web3bugs_packets/W3B-0465.json,https://code4rena.com/reports/2022-03-paladin,NONBUG,analysis_abstraction_error,YES,,,N,,,Y,"C3 fails: the nominated _getUserAccruedRewards node around line 813 reads userLocks[user].length/current lock state into local variables; it does not persistently write userLocks. The packet therefore has no desynchronizing persistent transition, matching the established Paladin read-modeled-as-writer family."
W3B-0466,5ed06d243fc1b64cea82073e4cc1bb526fdbfd21cfbb7b97b4be0102f0ef0e32,22,web3bugs_packets/W3B-0466.json,https://code4rena.com/reports/2021-08-floatcapital,NONBUG,no_desynchronizing_partial_transition,YES,,,N,,,Y,"C3 fails: _executeOutstandingNextPriceSettlements first executes the queued next-price mints/redeems/shifts once the stored user epoch has matured, then clears userNextPrice_currentUpdateIndex. marketUpdateIndex remains the global executed-price epoch and is intentionally not cleared with the user's completed request. This matches W3B-1014/W3B-1063."
W3B-0467,5f2993095e82cbe050f53912e19c5517f028af4c279d0c894f17cc6758fd845d,112,web3bugs_packets/W3B-0467.json,https://code4rena.com/reports/2022-04-backd,NONBUG,no_desynchronizing_partial_transition,YES,,,N,,,Y,"C3 fails: executeUnlocks/_userCheckpoint computes the user's new boost from the current global boost configuration and then checkpoints boostFactors and balance. currentUInts256[_START_BOOST] is policy/configuration and is not supposed to change on each user checkpoint. This is the established ordinary per-user boost/config family, not the repeated-initialize M-16 transition."
W3B-0468,5f81ce4582491be4e66468fb734bbfd0ef0ce0eda53778bc0f6417798b9214fd,31,web3bugs_packets/W3B-0468.json,https://code4rena.com/reports/2021-09-bvecvx,,,YES,,,,,,Y,Pass/recovery of bveCVX L-05: getReward carries the updateReward(_account) modifier and then iterates the same persistent rewardTokens enumeration while reading/clearing per-token rewards and performing reward transfers. The published defect is unbounded rewardTokens iteration that can make these reward operations exceed the block gas limit; W3B-1203 already accepts the updateReward/getReward traversal as this exact failure surface.
W3B-0469,60e1240f7e04918fcf0a874943e3b24a4fb6c0f96cd90db63c49675a6fde79c2,53,web3bugs_packets/W3B-0469.json,https://code4rena.com/reports/2021-11-nested,NONBUG,analysis_abstraction_error,YES,,,N,,,Y,"C3 fails: FeeSplitter._sendFees only iterates/reads shareholders while allocating shares with the supplied total-weight snapshot; it does not persistently mutate shareholders, royaltiesWeight or totalWeights. The alleged shareholders writer is a modeling artifact, exactly matching W3B-0496/W3B-0898/W3B-0926."
W3B-0470,6116e658ad7a1d37e155d7a99b25f85e8c847cc28bfcf51ab754fdaeebd5b7cd,54,web3bugs_packets/W3B-0470.json,https://code4rena.com/reports/2021-11-unlock,,,YES,,,,,,Y,"Pass/recovery of Unlock H-03/H-04 at corrective-helper granularity: safeTransferFrom reaches the exact _setKeyManagerOf helper on the owner/keyManager authorization state used by transferFrom, and _isKeyManager later consumes that relation. The published transfer defect is that ownership can change while prior manager/approval authority remains usable; this is the same helper-level recovery family already accepted in W3B-0732 and the owner/keyManager core accepted in W3B-1174."
W3B-0471,61c9ea7feb81e5bab28321c3f59426e3feb9b5c4434df2b755c88b6cc85eae9c,76,web3bugs_packets/W3B-0471.json,https://code4rena.com/reports/2022-01-sherlock,,,YES,,,,,,Y,"Pass/duplicate of the Sherlock insolvency-accounting family: this node is inside the debt>active-balance repair itself, where claimable-premium state is corrected after the protocol has become underfunded while its active-balance/premium/checkpoint accounting can remain live. Subsequent incremental-debt, active-balance and forced-removal consumers use premiums_ and lastAccountedEachProtocol, so a positive premium can continue recreating the accounting error. This is the same semantic defect family as W3B-0600/W3B-0691/W3B-0763/W3B-0793."
W3B-0472,61ca4069fe506d7f6c3ea0a6a8d196e34a07a7e5621e46d7ecbd20badcfc877a,76,web3bugs_packets/W3B-0472.json,https://code4rena.com/reports/2022-01-sherlock,NONBUG,reconciliation_precedes_consumption,YES,,,N,,,Y,"C3 fails: _settleTotalDebt adds elapsed global staker premiums to lastClaimablePremiumsForStakers using the current allPremiumsPerSecToStakers and lastAccountedGlobal, then immediately sets lastAccountedGlobal = block.timestamp in the same helper. No rate transition occurs between those writes, so later claimablePremiums consumption sees a reconciled base/rate/timestamp checkpoint."
W3B-0473,61efe92493cafb45f7c9bb2aa7bb0a07a8e17eb082bb5da68fcdf36bf5d90f43,145,web3bugs_packets/W3B-0473.json,https://code4rena.com/reports/2022-07-ens,NONBUG,no_desynchronizing_partial_transition,YES,,,N,,,Y,"C3 fails: changing records[node].owner intentionally changes which owner-scoped operators mapping authorised(node) consults. Old-owner operator approvals remain attached to that old owner for their other names, while authorised() immediately loads the new current owner before checking operators[currentOwner][msg.sender]. This exactly matches W3B-0693."
W3B-0474,61fcc6dd8388e8c4cf01c5f210203be9d7b408b833d40a467b59ffc0938710f1,26,web3bugs_packets/W3B-0474.json,https://code4rena.com/reports/2021-08-realitycards,NONBUG,analysis_abstraction_error,YES,,,N,,,Y,"C3 fails: the nominated _searchOrderbook node only reads user[...] into local traversal state while searching the linked orderbook; it does not persistently mutate RCOrderbook.user. maxDeletions is consumed by the separate deletion/foreclosure loops. RealityCards H-01 requires the actual findNewOwner final-deletion control edge, so this read-modeled-as-writer bucket does not establish that transition."
W3B-0475,620918c9acf9b3e659ac325547f8946cfd0b5870001c40e8b41a9b170c37dc52,26,web3bugs_packets/W3B-0475.json,https://code4rena.com/reports/2021-08-realitycards,NONBUG,no_desynchronizing_partial_transition,YES,,,N,,,Y,C3 fails: transferCard intentionally changes live per-card ownership/accounting state while winningOutcome is resolved independently by the market outcome lifecycle. A card transfer is not supposed to change which outcome ultimately wins; payout later consumes the finalized winningOutcome together with the accumulated card accounting. This is the established RealityCards card/winningOutcome family.
W3B-0476,62143f334e08d1ced13c2b437a30f8bbee6035ac805f276e1a3ac9c005a65613,45,web3bugs_packets/W3B-0476.json,https://code4rena.com/reports/2021-10-union,NONBUG,no_desynchronizing_partial_transition,YES,,,N,,,Y,C3 fails: repayBorrowBehalf updates accountBorrows principal/interest/lastRepay while overdueBlocks remains the reusable global delinquency-duration policy. checkIsOverdue is designed to combine the refreshed borrower checkpoint with that unchanged threshold; this is the established Union repayment/overdueBlocks family.
W3B-0477,6255bcf86bbb27cbdae952cb2aef5844cbbb3c3e235ee1258a8d24671147e317,34,web3bugs_packets/W3B-0477.json,https://code4rena.com/reports/2021-10-pooltogether,NONBUG,incompatible_context_key_or_ordering,YES,,,N,,,Y,"C3 fails: setRngTimeout is guarded by _requireDrawNotStarted, which rejects an in-flight rngRequest. The timeout therefore cannot be changed while the request/requestedAt value it would govern is active; this matches the established DrawBeacon setRngTimeout negative."
W3B-0478,625e994191ecb92c65c20dbd163df3948906abd47805294d052d7146cb8f6988,45,web3bugs_packets/W3B-0478.json,https://code4rena.com/reports/2021-10-union,,,YES,,,,,,Y,"Pass/recovery: accountBorrows, accrualBlockNumber and borrowIndex are the indexed-debt state behind Union H-01. The bucket reaches borrow's stale account-debt/interest consumers and behaviorally relevant borrow controls while serializing the accrualBlockNumber side of the corrective accrueInterest transition under balanceOfUnderlying. This is the same accepted adjacent/corrective-writer family as W3B-0529 and W3B-0544."
W3B-0479,62b15a08c42673efea8e6fe09634fc453321051e0167ad5492465730ffd04968,29,web3bugs_packets/W3B-0479.json,https://code4rena.com/reports/2021-09-sushitrident,NONBUG,no_desynchronizing_partial_transition,YES,,,N,,,Y,"C3 fails: ConstantProductPool.burn intentionally checkpoints kLast from the post-burn reserves while barFee remains the configured protocol-fee rate. _mintFee is supposed to combine the current baseline with that unchanged rate. The validated temporal defect is updateBarFee changing the rate without checkpointing kLast, not an ordinary burn checkpoint."
W3B-0480,632d64340670044ab8f9ea9611746019b2f8b8a7edf94b9c7622d72ff245cb92,28,web3bugs_packets/W3B-0480.json,https://code4rena.com/reports/2021-09-sushimiso,NONBUG,no_desynchronizing_partial_transition,YES,,,N,,,Y,C3 fails for this bucket: _addCommitment legitimately increases marketStatus.commitmentsTotal against the fixed marketPrice.goal. MISO H-03 requires the separate post-finalization/early-ended-sale condition that allows another commitment after finalize and leaves token inventory/final accounting short; this ordinary commitments-versus-goal relation does not recover that unreconciled state. This matches W3B-0854.
W3B-0481,637bbb53c519111411164c61ac92deee4d72174bba47cb5cc7c51da979a4d05d,26,web3bugs_packets/W3B-0481.json,https://code4rena.com/reports/2021-08-realitycards,NONBUG,no_desynchronizing_partial_transition,YES,,,N,,,Y,"C3 fails: findNewOwner/_removeBidFromOrderbookIgnoreOwner legitimately changes user/orderbook population while marketCloseLimit remains the independent fixed cap on records processed by closeMarket. The limit is policy, not mirrored list state that must change with each bid removal; this matches the established marketCloseLimit family."
W3B-0482,6383e03c4967c9c813b2ebfc1b7f2d303c2927f3275149daf71ac706d9dd8bda,45,web3bugs_packets/W3B-0482.json,https://code4rena.com/reports/2021-10-union,NONBUG,no_desynchronizing_partial_transition,YES,,,N,,,Y,"C3 fails: __UToken_init establishes borrowIndex together with the initial accrualBlockNumber and borrowing configuration before any accountBorrows checkpoint exists. This is market initialization, not Union H-01's later borrow-before-accrual state; it matches W3B-0538/0705/1017."
W3B-0483,6398dba831fba5f7fedc66ec6ffe02b914aac2fab841c04f3d3684f39f40483b,22,web3bugs_packets/W3B-0483.json,https://code4rena.com/reports/2021-08-floatcapital,,,YES,,,,,,Y,"Pass/recovery of Float H-03 at corrective/consumer granularity: the bucket reaches the exact vulnerable shiftTokens bound on userAmountStaked, while _calculateAccumulatedFloat later rewrites the user's staked balances after consuming executed pending shifts. Repeated pre-update shifts can cumulatively exceed actual stake. The syntheticTokens member is a granularity/over-approximation artifact around the pending-shift state, consistent with the already accepted W3B-0830 family."
W3B-0484,63c9929b76edebf3c901b7a206b82b3acd6cd0743ca846fcde5a28182cc29d17,45,web3bugs_packets/W3B-0484.json,https://code4rena.com/reports/2021-10-union,NONBUG,no_desynchronizing_partial_transition,YES,,,N,,,Y,"C3 fails: repayBorrowWithPermit/_repayBorrowFresh updates accountBorrows while overdueBlocks remains the fixed global delinquency threshold. The repayment also refreshes lastRepay when principal remains, so later overdue checks intentionally use the changed borrower state against the unchanged policy; this is the same benign family as W3B-0476/0509."
W3B-0485,648ee667f32a025ffc9bf8e6caa7352264b3923f3833e57717cc4dc500e54277,76,web3bugs_packets/W3B-0485.json,https://code4rena.com/reports/2022-01-sherlock,NONBUG,no_desynchronizing_partial_transition,YES,,,N,,,Y,"C3 fails: ownerRestake intentionally starts a new lock period by rewriting lockupEnd_ for the existing NFT position while its stakeShares remain the same position size. Later arb-restake timing/reward logic is designed to combine that lock deadline with the unchanged share balance. Sherlock M-02 instead depends on arbRestake reducing stakeShares without reducing addressShares, a state member absent from this bucket."
W3B-0486,64f2667cf63157edccb932d908d93e974e3163b42db29f01e517ce5c19485a5f,26,web3bugs_packets/W3B-0486.json,https://code4rena.com/reports/2021-08-realitycards,NONBUG,no_desynchronizing_partial_transition,YES,,,N,,,Y,C3 fails: addMarket initializes new market metadata and then constructs the per-card sentinel user/index records for that market. closedMarkets and userClosedMarketIndex belong to the later closure/cleanup lifecycle and are intentionally untouched during market creation. This is the established addMarket initialization family.
W3B-0487,650be0573b8de62f393721ddefe719f9996de9e5bf4ee727bdaf5a81648e58ff,107,web3bugs_packets/W3B-0487.json,https://code4rena.com/reports/2022-04-jpegd,NONBUG,reconciliation_precedes_consumption,YES,,,N,,,Y,C3 fails: NFTVault.borrow updates totalDebtPortion and the position's debtPortion/debtPrincipal before increasing totalDebtAmount in the same operation. The proportional debt relation is therefore reconciled before later _getDebtAmount/repay/liquidation consumption; this is ordinary JPEG'd borrow bookkeeping.
W3B-0488,6524015f15d71894bd92e1c671ab059985537c9e2a3814a2dde56bdeb07415d1,26,web3bugs_packets/W3B-0488.json,https://code4rena.com/reports/2021-08-realitycards,NONBUG,reconciliation_precedes_consumption,YES,,,N,,,Y,"C3 fails: _removeBidFromOrderbookIgnoreOwner swap/pops the user record, clears the removed index, and repairs the moved record's index before return. closedMarkets, userClosedMarketIndex and market metadata are separate cleanup/configuration state, so later removeOldBids/orderbook consumers do not observe a persistent partial user/index transition."
W3B-0489,65412af184dc6ff9d6f44119775c20192afa9f4c6052bd2e201dbea4df7a7e2e,26,web3bugs_packets/W3B-0489.json,https://code4rena.com/reports/2021-08-realitycards,NONBUG,no_desynchronizing_partial_transition,YES,,,N,,,Y,C3 fails: _processRentCollection updates card time/rent/longest-owner accounting while minimumPriceIncreasePercent remains the fixed pricing policy used by a later newRental. Rent collection is not supposed to mutate that policy percentage; the two values are inputs to different lifecycle operations rather than stale mirrors.
W3B-0490,6549a91567f11e0fd2d593d7de2b7d7eee928e8e9db2d106696eca00a38ea70c,76,web3bugs_packets/W3B-0490.json,https://code4rena.com/reports/2022-01-sherlock,NONBUG,reconciliation_precedes_consumption,YES,,,N,,,Y,"C3 fails in setProtocolPremium context: _settleProtocolDebt accounts the elapsed interval under the old premium, updates active-balance/nonstaker accounting, and advances lastAccountedEachProtocol before the caller changes the premium. If the protocol is exhausted, a new nonzero premium cannot commit through the coverage check; the successful zero-premium path stops further accrual. This matches the established setProtocolPremium reconciliation family."
W3B-0491,654c36831cd1c43e3bf20b69e5fddf589986fffb93605c41dbef897511fb2765,26,web3bugs_packets/W3B-0491.json,https://code4rena.com/reports/2021-08-realitycards,,,YES,,,,,,Y,"Pass/recovery of the validated RealityCards closeMarket stale-index family: closeMarket rewires/pops market-head user records while the corresponding user↔index mapping can remain stale, and batched closure can return with the market still usable. Later addBid/transferCard/orderbook logic consumes that index. This bucket carries the exact user/index defect core, so it is a direct semantic recovery rather than mere source proximity."
W3B-0492,6597d1b5d8ca5de81d08f3d90d48d9ec6fe89a7346dc6ba6ee2d3e61ff22e5b6,124,web3bugs_packets/W3B-0492.json,https://code4rena.com/reports/2022-06-notional-coop,NONBUG,no_desynchronizing_partial_transition,YES,,,N,,,Y,C3 fails: addBorrowAssets intentionally appends a borrow cToken/underlying pair to enabledAssets and sets borrowCTokenEnabled while collateralCTokenEnabled remains whatever the same cToken's independent collateral role already is. removeModule later checks that flag precisely to decide whether the Compound market can be exited; adding a borrow role does not require changing the collateral role. The published Notional-Coop module-removal issue is the separate ERC777 cross-module reentrancy/sync defect.
W3B-0493,65a71449bb0073eb359ad3800fbb97094d8b2060ef4b28413863400e361669a6,35,web3bugs_packets/W3B-0493.json,https://code4rena.com/reports/2021-09-sushitrident-2,,,YES,,,,,,Y,"Pass/recovery of Trident H-13 at origin/relation granularity: the packet's origin is the exact vulnerable IndexPool.mint check _balance(tokenIn) >= amountIn + reserve, and the relation contains records/reserve state together with LP totalSupply. H-13 shows the unchecked addition can overflow and allow disproportionate LP minting without the required reserves. The nominated burnSingle reserve writer is adjacent/inverse-transition localization, not a semantic mismatch; this matches W3B-1108/1125/1131."
W3B-0494,65b488d964dcc8cab8916f260db9b5618dd06e509223aeb92ab0b3b08333d614,26,web3bugs_packets/W3B-0494.json,https://code4rena.com/reports/2021-08-realitycards,NONBUG,reconciliation_precedes_consumption,YES,,,N,,,Y,"C3 fails: removeOldBids performs swap/pop cleanup, clears the removed record's index and repairs the moved record's index before continuing/returning, while advancing the explicit closed-market cleanup cursor as appropriate. Later orderbook consumers therefore do not see a persistent stale user/index pair; this is the established removeOldBids cleanup family."
W3B-0495,65e7443bd1922f56ec3490692db6613927ab03d1801e4ce5d822f28677a47b92,28,web3bugs_packets/W3B-0495.json,https://code4rena.com/reports/2021-09-sushimiso,NONBUG,no_desynchronizing_partial_transition,YES,,,N,,,Y,C3 fails: setAuctionWallet intentionally changes the auction's privileged payout/finalization wallet while marketInfo remains the independently configured auction schedule/state. Those values need not move together; this matches the established HyperbolicAuction setAuctionWallet negative W3B-0856.
W3B-0496,65eeeea56790f3b600989231d51c87e7bcde912fcb16347c273ec6ea5265faff,53,web3bugs_packets/W3B-0496.json,https://code4rena.com/reports/2021-11-nested,NONBUG,analysis_abstraction_error,YES,,,N,,,Y,"C3 fails: _sendFees only iterates and reads shareholders while allocating fee shares using the supplied total-weight snapshot. It does not persistently mutate shareholders, royaltiesWeight, or totalWeights; this is the same read-modeled-as-writer family as W3B-0898/0926."
W3B-0497,65fbdf6ae72f584ffd9a8663b4f70d20da167e2350a1f4cdbcec8d09af9a7dec,26,web3bugs_packets/W3B-0497.json,https://code4rena.com/reports/2021-08-realitycards,NONBUG,no_desynchronizing_partial_transition,YES,,,N,,,Y,"C3 fails: sponsorship intentionally increases each card's rentCollectedPerCard while marketLockingTime remains the fixed market-wide deadline used to cap later rent collection. The deadline is policy/schedule state, not per-card accounting that must change with sponsorship."
W3B-0498,65fbe09207f75c5f4c4756048f0c5877116e29dfa179a22ec1123b2f2b1255fe,192,web3bugs_packets/W3B-0498.json,https://code4rena.com/reports/2022-12-tigris,NONBUG,reconciliation_precedes_consumption,YES,,,N,,,Y,"C3 fails: addAsset writes assetsIndex[_asset] = assets.length and immediately pushes the same asset into assets before returning, then initializes allowedAsset and epoch. Subsequent membership checks therefore see a reconciled assets/assetsIndex pair; the published BondNFT epoch/reward findings concern different state."
W3B-0499,6624aa0654fe46d85c63abaf2f5098ea139acb61b3469315f93c73a562510e17,5,web3bugs_packets/W3B-0499.json,https://code4rena.com/reports/2021-04-vader,NONBUG,no_desynchronizing_partial_transition,YES,,,N,,,Y,"C3 fails: burning VADER legitimately decreases totalSupply while baseline, emissionCurve and maxSupply remain fixed emission/cap parameters. getDailyEmission is designed to derive future emissions from the changed supply against those unchanged parameters; this matches W3B-0659/0680/0787/1016."
W3B-0500,6639219254485704c6dc34290f8b8b8f28c9563744e4b0e664ab30df36ccdc74,105,web3bugs_packets/W3B-0500.json,https://code4rena.com/reports/2022-03-paladin,NONBUG,analysis_abstraction_error,YES,,,N,,,Y,"C3 fails: _availableBalanceOf is a view helper that reads userLocks and ERC20 balance to compute transferable balance. The nominated site does not persistently write userLocks, so no desynchronizing transition is established; this is the established Paladin read-modeled-as-writer family."
W3B-0501,667090aab1c595667d40d8e8f1464198bbf3afa95f78c9d55877a2bbf65114b0,107,web3bugs_packets/W3B-0501.json,https://code4rena.com/reports/2022-04-jpegd,NONBUG,no_desynchronizing_partial_transition,YES,,,N,,,Y,"C3 fails: initialize installs the vault settings before any debt exists. totalDebtAmount is still zero, causing _calculateAdditionalInterest to return before applying debtInterestApr; the first later accrue establishes the debt timestamp. Initializing settings therefore does not leave live debt/time state stale."
W3B-0502,66b9020d00f76855bdd2b97e2988e8addbd65c89ef1aaf933c890a364bf6407e,105,web3bugs_packets/W3B-0502.json,https://code4rena.com/reports/2022-03-paladin,,,YES,,,,,,Y,"Pass/recovery at helper/branch granularity: the serialized node is inside _lock on the unavoidable existing-lock path immediately preceding the branches that append a new UserLock containing safe32(block.number). increaseLock can therefore create another same-block lock-history checkpoint, recovering Paladin M-05's duplicate-fromBlock historical-state defect. The ERC20 balance member is an over-broad extra relation member, as in the established M-05 family."
W3B-0503,66fff1094869f1c87b0a84576294b63ed6258dd53766cf33f2cddff9d5b1884b,25,web3bugs_packets/W3B-0503.json,https://code4rena.com/reports/2021-08-yield,NONBUG,no_desynchronizing_partial_transition,YES,,,N,,,Y,C3 fails: build creates a new vault that references an already-registered series/ilk after explicitly checking that the ilk belongs to that series. The series registry is configuration referenced by the vault and is not supposed to change when another vault is created.
W3B-0504,67a6fbd8c55970e72780c722a1b79a3ea694bc7cbb75708a25f5611ed42b710a,107,web3bugs_packets/W3B-0504.json,https://code4rena.com/reports/2022-04-jpegd,NONBUG,no_desynchronizing_partial_transition,YES,,,N,,,Y,"C3 fails: NFTVault.accrue increases totalDebtAmount by globally accrued interest while positions and totalDebtPortion remain the fixed proportional debt weights used to allocate that total back to positions. This is the established normal-accrual family, including W3B-1252."
W3B-0505,6844dd9ca55c29f167df9011917ef9e4a125867b553a048c4ba42aeff44dca7a,22,web3bugs_packets/W3B-0505.json,https://code4rena.com/reports/2021-08-floatcapital,,,YES,,,,,,Y,"Pass/recovery of the validated Float time-indexed supply family: btcSupply is a persisted issuance baseline coupled to lastUpdated, btcBlocksPerDay and btcBlockReward. changeBtcBlockReward replaces an accrual-rate input without first settling btcSupply or advancing lastUpdated, so the next _getBtcSupply applies the new reward retroactively over the entire interval since the old checkpoint."
W3B-0506,686b687492d516a58d8eae1fd7bf8c43a2d5b4fe6fc00e64b41ff0a24c8a9d61,34,web3bugs_packets/W3B-0506.json,https://code4rena.com/reports/2021-10-pooltogether,NONBUG,no_desynchronizing_partial_transition,YES,,,N,,,Y,"C3 fails for the emitted relation: _checkpoint intentionally computes a new reserve observation using the current withdrawAccumulator while leaving that cumulative withdrawal counter unchanged. withdrawTo checkpoints before increasing withdrawAccumulator and transferring the same amount, preserving the effective balance-plus-withdrawal accumulator. PoolTogether L-04 is the separate ring-buffer/cardinality overflow defect, whose essential cardinality state is absent from this bucket."
W3B-0507,68701a06fdfdbf8650a219d226472e8754e87fba028c63f6f53ed02ab802d2cb,26,web3bugs_packets/W3B-0507.json,https://code4rena.com/reports/2021-08-realitycards,NONBUG,reconciliation_precedes_consumption,YES,,,N,,,Y,"C3 fails: cleanWastePile swap/pops the removed user record, clears its index, and repairs the moved record's index before addBid/orderbook consumers proceed. The apparent user/index partial state is therefore reconciled inside the cleanup transition."
W3B-0508,6882e2629608653a725ed779db6121f2684de9f1e6b5f29a6f96aea8cc50c110,26,web3bugs_packets/W3B-0508.json,https://code4rena.com/reports/2021-08-realitycards,NONBUG,reconciliation_precedes_consumption,YES,,,N,,,Y,"C3 fails: cleanWastePile compacts the user array and immediately clears/repairs the associated index bookkeeping before returning. closedMarkets, market and userClosedMarketIndex are separate deferred-cleanup lifecycle state; this is the established cleanWastePile family rather than the closeMarket stale-index producer."
W3B-0509,68cb43205ce91aee98d000b673b271417621ddcd3f27b6b03a4c39f6e0b69641,45,web3bugs_packets/W3B-0509.json,https://code4rena.com/reports/2021-10-union,NONBUG,no_desynchronizing_partial_transition,YES,,,N,,,Y,C3 fails: repayment intentionally updates accountBorrows principal/interest/lastRepay while overdueBlocks remains the reusable global delinquency-duration policy. checkIsOverdue is designed to combine the refreshed borrower checkpoint with that unchanged threshold; this matches the established Union repayment/overdueBlocks negatives.
W3B-0510,690b8c5770f29e955b7986998b92e8b27e5611bef44d495094901b7c1776f91d,123,web3bugs_packets/W3B-0510.json,https://code4rena.com/reports/2022-05-aura,NONBUG,analysis_abstraction_error,YES,,,N,,,Y,"C3 fails: the nominated updateReward node only reads rewardTokens.length/current registry membership while checkpointing rewardData/userData; it does not persistently write rewardTokens. The registry is not desynchronized by one user's reward update, matching the established Aura rewardTokens/userData negatives."
W3B-0511,691ba675349e2715368622a922967689c9a961a1811ecfd47213016a906a53d1,76,web3bugs_packets/W3B-0511.json,https://code4rena.com/reports/2022-01-sherlock,NONBUG,reconciliation_precedes_consumption,YES,,,N,,,Y,"C3 fails in forceRemoveBySecondsOfCoverage: _settleProtocolDebt may update activeBalances and lastAccountedEachProtocol, but a successful force removal immediately zeroes the premium/global rate and deletes the remaining protocol accounting state before commit; if the removal conditions fail, the preceding settlement writes revert."
W3B-0512,692895f95ed1af72cc7b625e64f35facdb7a9320442e5abf627ed0f653933bca,22,web3bugs_packets/W3B-0512.json,https://code4rena.com/reports/2021-08-floatcapital,NONBUG,no_desynchronizing_partial_transition,YES,,,N,,,Y,C3 fails: amountReservedInCaseOfInsufficientAaveLiquidity and totalReservedForTreasury are distinct additive reservation buckets. depositPaymentToken nets incoming payment tokens against the insufficient-liquidity reserve without any requirement to alter the treasury allocation. Float L-08 is the separate equality branch that attempts an Aave deposit of zero; that transaction reverts rather than persisting an MV-SI state.
W3B-0513,693a81336b32d256eeb64757801c14e02c5733aee836405488114224f695267a,53,web3bugs_packets/W3B-0513.json,https://code4rena.com/reports/2021-11-nested,NONBUG,reconciliation_precedes_consumption,YES,,,N,,,Y,"C3 fails: setShareholders deletes the old array, resets totalWeights to royaltiesWeight, then rebuilds shareholders while _addShareholder increments totalWeights for each new weight before return. Later fee allocation therefore sees a reconciled shareholder/total-weight configuration; this matches W3B-0678."
W3B-0514,696a36ee81f3acc53268b3e2ce652eb33c34580b4d87ef1f83f40f9724b762b8,76,web3bugs_packets/W3B-0514.json,https://code4rena.com/reports/2022-01-sherlock,NONBUG,reconciliation_precedes_consumption,YES,,,N,,,Y,C3 fails in protocolRemove context: protocol debt is settled before removal and the removal path zeroes the protocol premium/global rate and clears active-balance/checkpoint accounting before commit. No live premium/timestamp/balance relation remains for later consumers; this matches the established Sherlock protocolRemove cleanup family.
W3B-0515,6982c403dba337d031a759f828453d9d91d0f152592f4a2c6e0208a220c78bac,22,web3bugs_packets/W3B-0515.json,https://code4rena.com/reports/2021-08-floatcapital,NONBUG,reconciliation_precedes_consumption,YES,,,N,,,Y,C3 fails for the nominated writer: _calculateAccumulatedFloat consumes and clears the pending long/short shift-away amounts before it persists the resulting userAmountStaked balances. This is the corrective settlement path. Float H-03 is produced earlier by repeated shiftTokens calls that accumulate pending shifts against unreserved current stake; this bucket does not serialize that desynchronizing producer.
W3B-0516,69bf8320d244edf8933c0f7dde243a2826400674fcba8486bd26b4c38df21bb2,45,web3bugs_packets/W3B-0516.json,https://code4rena.com/reports/2021-10-union,NONBUG,no_desynchronizing_partial_transition,YES,,,N,,,Y,C3 fails: accrueInterest legitimately increases totalBorrows while debtCeiling remains the fixed prospective borrowing cap. getRemainingLoanSize is explicitly defined from changing totalBorrows against that unchanged limit; this is the established benign debtCeiling/accrual family.
W3B-0517,69e909700a639ac6b6de8cd3b558ef166654c481160ab9a317c90ad78f0d5944,105,web3bugs_packets/W3B-0517.json,https://code4rena.com/reports/2022-03-paladin,,,YES,,,,,,Y,"Pass/recovery: the serialized _lock branch node at L1145 immediately controls the L1148 UserLock.push that records safe32(block.number) for the first lock. A later lock-history transition in the same block can create another checkpoint with the same fromBlock, recovering Paladin M-05's same-block historical-state defect. The branch-node rather than push-node serialization is a granularity difference, not a semantic miss; ERC20 balance is an over-broad extra relation member."
W3B-0518,6a84f3b2542ab8d44b5b9794a112262bc92a4c457fff5729944c43b28a95da05,76,web3bugs_packets/W3B-0518.json,https://code4rena.com/reports/2022-01-sherlock,NONBUG,reconciliation_precedes_consumption,YES,,,N,,,Y,C3 fails: forceRemoveByActiveBalance settles the protocol first and then _forceRemoveProtocol zeroes the individual/global premium before deleting active balance and lastAccountedEachProtocol as terminal cleanup. No live premium/timestamp accounting state remains to consume a partial transition.
W3B-0519,6ae03d4f99581b7573c01fcac0ba08de32ceb33c0736819ec70e078237d8f9fb,45,web3bugs_packets/W3B-0519.json,https://code4rena.com/reports/2021-10-union,NONBUG,no_desynchronizing_partial_transition,YES,,,N,,,Y,"C3 fails: cancelVouch removes the reciprocal member/vouch relationship only when that exposure can be cancelled, while stakers records deposited principal and intentionally remains unchanged. Effective vouching/locked stake is derived from both states; cancelling trust does not require reducing the staker's principal."
W3B-0520,6b7ed9ad236cfab6a5880d0aaacbd0afa0c726ae353863d0353320f7280c8bed,31,web3bugs_packets/W3B-0520.json,https://code4rena.com/reports/2021-09-bvecvx,,,YES,,,,,,Y,"Pass/recovery: the bucket lands directly on CvxLocker.updateReward's iteration over persistent rewardTokens while updating per-token rewardData and user reward state. This is the same published bveCVX L-05 unbounded rewardTokens/updateReward failure surface already recovered by W3B-0721, W3B-0743 and W3B-1146."
W3B-0521,6baaeaf3dc4b3fbb327514f21afce1961335f23cef9695af5efa07ca8a358f8d,54,web3bugs_packets/W3B-0521.json,https://code4rena.com/reports/2021-11-unlock,NONBUG,no_desynchronizing_partial_transition,YES,,,N,,,Y,C3 fails for the purchase writer: when purchase has idTo == 0 it first assigns a fresh tokenId into the recipient's Key record and then _recordOwner stores the matching _ownerOf entry. Fresh-token manager/approval state is zero/default. Unlock H-03/H-04 are the distinct transferFrom ownership changes that can leave prior key-manager/approval authority stale; this purchase path does not recover that transition.
W3B-0522,6bc7765e5f83606d96601d7f37e42c3f0c2949d6c302c5b642ad530e24281f84,26,web3bugs_packets/W3B-0522.json,https://code4rena.com/reports/2021-08-realitycards,NONBUG,no_desynchronizing_partial_transition,YES,,,N,,,Y,C3 fails: cleanWastePile compacts waste/user records and repairs the corresponding index bookkeeping while maxDeletions remains the independent fixed work bound used by findNewOwner/remove paths. Cleaning records is not supposed to mutate that policy limit; RealityCards H-01 is the separate final-deletion control edge inside findNewOwner.
W3B-0523,6bfea2d3815d48d543eb0d86d3cf94bed3c5123d092dde3344930432806b6a5f,100,web3bugs_packets/W3B-0523.json,https://code4rena.com/reports/2022-03-prepo,NONBUG,no_desynchronizing_partial_transition,YES,,,N,,,Y,C3 fails: _clearAllowedAccounts intentionally increments _allowedAccountsIndex to create a new mapping generation. allowSelf thereafter reads/writes _allowedAccounts[newIndex][msg.sender]; old-generation entries are deliberately invalidated rather than stale records that require per-account deletion.
W3B-0524,6c2956f41ef7f9b58477cfc836d0456eb4cb7f53fabb1bdb91c5acf265e2a802,22,web3bugs_packets/W3B-0524.json,https://code4rena.com/reports/2021-08-floatcapital,NONBUG,no_desynchronizing_partial_transition,YES,,,N,,,Y,"C3 fails: _mintNextPrice intentionally records userNextPrice_currentUpdateIndex = marketUpdateIndex + 1 as the pending next-price epoch after current settlements are executed. Float M-06 is the later liveness failure when an unchanged oracle price prevents marketUpdateIndex from advancing, not a desynchronizing write caused by this initial pending assignment."
W3B-0525,6c33e2bf906e3bb0fe96902d95a63447e492452b9f1e3cc1b1d1f0683fbd6df4,76,web3bugs_packets/W3B-0525.json,https://code4rena.com/reports/2022-01-sherlock,NONBUG,reconciliation_precedes_consumption,YES,,,N,,,Y,"C3 fails: forceRemoveByActiveBalance first settles accrued debt and advances lastAccountedEachProtocol, then terminal removal sets the protocol premium to zero and deletes the remaining live accounting state. The premium/timestamp pair is therefore reconciled or removed before any later protocol accounting can consume it."
W3B-0526,6c6058d5653b2670a54db462337ce5a9e8b3e7779990e2bca14e0bd058a333e0,107,web3bugs_packets/W3B-0526.json,https://code4rena.com/reports/2022-04-jpegd,NONBUG,analysis_abstraction_error,YES,,,N,,,Y,"C3 fails: the exact field written is settings.insuranceLiquidationPenaltyRate, while _calculateAdditionalInterest consumes settings.debtInterestApr together with totalDebtAccruedAt and totalDebtAmount. Treating the whole settings struct as one coupled state variable falsely connects an insurance-liquidation penalty update to the debt-interest checkpoint; JPEG'd M-04 applies to setDebtInterestApr, not this field."
W3B-0527,6c806d77bfa2ea9b840de753b96e37bcdd5969c8882884d341a2f11b9388b3e9,76,web3bugs_packets/W3B-0527.json,https://code4rena.com/reports/2022-01-sherlock,NONBUG,reconciliation_precedes_consumption,YES,,,N,,,Y,"C3 fails: setProtocolPremium calls _settleProtocolDebt first, accounting the elapsed interval under the old premium and checkpointing lastAccountedEachProtocol before _setSingleProtocolPremium writes the replacement premium. A committing state therefore starts the new rate from a reconciled timestamp."
W3B-0528,6c9addd0e356cd6f30aa68e31c8d75c0353a8453da2c8326e6db2054b1076bef,28,web3bugs_packets/W3B-0528.json,https://code4rena.com/reports/2021-09-sushimiso,NONBUG,no_desynchronizing_partial_transition,YES,,,N,,,Y,"C3 fails: token initialization establishes DOMAIN_SEPARATOR once while every owner's permit nonce intentionally starts at zero and advances only when that owner later consumes a permit. Initializing the domain without mutating nonces creates valid EIP-712 permit state, not a stale nonce/domain pair."
W3B-0529,6cc7bd326b62af2a6de80162877fff741257b1a9833f63a6c0af7b6a9b5422a2,45,web3bugs_packets/W3B-0529.json,https://code4rena.com/reports/2021-10-union,,,YES,,,,,,Y,"Pass/recovery: accountBorrows, accrualBlockNumber and borrowIndex are the indexed-debt state behind Union H-01. The bucket reaches borrow's stale pre-accrual debt/interest consumers and behaviorally relevant controls while serializing the borrowIndex side of the corrective accrueInterest transition under balanceOfUnderlying. Under the frozen adjacent/corrective-transition rule this recovers the same borrow-before-accrual defect."
W3B-0530,6cd062f815686d97b87a36128aa81506d10532bab82b7987f6ec12e48fc9bd3f,105,web3bugs_packets/W3B-0530.json,https://code4rena.com/reports/2022-03-paladin,NONBUG,analysis_abstraction_error,YES,,,N,,,Y,"C3 fails: _availableBalanceOf is internal view/read logic that inspects userLocks and ERC20 balance to compute transferable balance. The nominated L709 site performs no persistent userLocks write, so the packet does not establish a desynchronizing transition; this is the established Paladin read-modeled-as-writer family."
W3B-0531,6d1c5a710353a5d6c3e4e6d476011e9727ae2b3c7057382df99bebb26ea54a73,76,web3bugs_packets/W3B-0531.json,https://code4rena.com/reports/2022-01-sherlock,NONBUG,reconciliation_precedes_consumption,YES,,,N,,,Y,C3 fails in setProtocolPremium context: _settleProtocolDebt calculates debt with the old premiums_ value and then advances lastAccountedEachProtocol before the caller changes the premium. The new premium therefore cannot retroactively price the already-settled interval.
W3B-0532,6d44e98b1c0122ef5336d5636b8a170a730ba0f1df03b0acfe7f7da5e70ae011,35,web3bugs_packets/W3B-0532.json,https://code4rena.com/reports/2021-09-sushitrident-2,NONBUG,no_desynchronizing_partial_transition,YES,,,N,,,Y,C3 fails: burning LP supply is valid while barFee remains fee configuration and kLast remains the reserve-product liquidity-growth baseline used by _mintFee. Neither must change merely because totalSupply is burned; the validated temporal defect is the separate updateBarFee transition that changes the rate without checkpointing kLast.
W3B-0533,6db2eabed8151f521b89db804d753a3f48f147741d7581441d7c4ee3a31bbc77,26,web3bugs_packets/W3B-0533.json,https://code4rena.com/reports/2021-08-realitycards,NONBUG,no_desynchronizing_partial_transition,YES,,,N,,,Y,C3 fails: addMarket initializes a newly active market's metadata and matching orderbook sentinel/index records. closedMarkets and userClosedMarketIndex belong to the later closure/cleanup lifecycle and are intentionally unchanged when a market is added; this is the established addMarket family.
W3B-0534,6db511397d7610f4bbd8d27a1a8164b048a08f92852640b926178f49a1beafb9,26,web3bugs_packets/W3B-0534.json,https://code4rena.com/reports/2021-08-realitycards,NONBUG,analysis_abstraction_error,YES,,,N,,,Y,"C3 fails: updateTimeHeldLimit/_processRentCollection mutates cardTimeLimit and time-accounting fields, while the nominated affiliate payout consumes card.rentCollectedPerCard with the fixed cardAffiliateCut. Whole-card aggregation conflates unrelated Card fields; changing time-limit/accounting state does not make the affiliate-cut policy stale."
W3B-0535,6ddf5b629990e5e4d8ff9a50175e2f54c82c75656758b93bf4f974567e6a1346,52,web3bugs_packets/W3B-0535.json,https://code4rena.com/reports/2021-11-vader,NONBUG,reconciliation_precedes_consumption,YES,,,N,,,Y,"C3 fails: notifyRewardAmount runs updateReward(address(0)) before installing the new rewardRate, so rewardPerTokenStored and lastUpdateTime are checkpointed under the old schedule. The body then sets the replacement rewardRate, lastUpdateTime and periodFinish before later earned/rewardPerToken consumption; per-user checkpoints remain intentionally lazy."
W3B-0536,6dea277bb6fde7b0ed19efdb141760dcf1023cd8d2f79c1ca6d8170646454e01,26,web3bugs_packets/W3B-0536.json,https://code4rena.com/reports/2021-08-realitycards,NONBUG,reconciliation_precedes_consumption,YES,,,N,,,Y,"C3 fails in removeUserFromOrderbook context: _removeBidFromOrderbookIgnoreOwner rewires the linked list, swap/pops the removed user record, clears the removed index and repairs the moved record's index before returning. closedMarkets/userClosedMarketIndex are the explicit deferred-cleanup lifecycle, so later orderbook use does not consume a persistent partial user/index state."
W3B-0537,6e14f8315ff4c73bc135b362e70bbe45b0ef7eb78cb317a5ee98a9602c5e3706,49,web3bugs_packets/W3B-0537.json,https://code4rena.com/reports/2021-11-overlay,NONBUG,reconciliation_precedes_consumption,YES,,,N,,,Y,C3 fails: Overlay's rolling-window transition updates the selected roller/cycloid and reconciles the paired brrrrdAccumulator slots before later getBrrrrd/oiCap consumption. impactRollers/impactCycloid are a separate rolling subsystem; this is the same benign rolling family as W3B-0620/0662/0673/1002.
W3B-0538,6e205d4d3c6d2d72cd33fb82cdc781e03481a9e15b832788fe29704fb9a4606e,45,web3bugs_packets/W3B-0538.json,https://code4rena.com/reports/2021-10-union,NONBUG,no_desynchronizing_partial_transition,YES,,,N,,,Y,"C3 fails: __UToken_init establishes the initial accrualBlockNumber and borrowIndex before any borrower checkpoint exists. This is initial market setup, not Union H-01's later borrow-before-accrual state; it matches the established initializer negatives W3B-0705 and W3B-1017."
W3B-0539,6e689a5341ec0f537c4b25e6ea8010644a0edccd9fa5a245ae4f25a46271666d,26,web3bugs_packets/W3B-0539.json,https://code4rena.com/reports/2021-08-realitycards,,,YES,,,,,,Y,"Pass/recovery at operation granularity: the serialized helper block is bidExists, but its writer context is RealityCards closeMarket and the bucket carries the exact user↔index defect core. closeMarket can rewire/pop market-head user records without clearing their corresponding index entries and return with closure incomplete; later bidExists/addBid/remove paths consume that stale index. This is the validated closeMarket family (e.g. W3B-0681/1245/1255), not a rejection-worthy helper-granularity artifact."
W3B-0540,6e6f5f37ebb2d57aa1dbc3ab1f80bbb1171ebf3abf21263126248462eae71fd1,107,web3bugs_packets/W3B-0540.json,https://code4rena.com/reports/2022-04-jpegd,NONBUG,no_desynchronizing_partial_transition,YES,,,N,,,Y,"C3 fails: setNFTType intentionally changes the collateral category used to select an NFT valuation. Existing custom/type valuations, positions, risk settings and aggregate debt are live lending inputs and are not mirrored state that must be rewritten when governance reclassifies one NFT; subsequent borrow/liquidation evaluates the position under the new category."
W3B-0541,6eca4cca790b56446feecec84da4bff97567092c328adfebcabdc864e69ac77a,45,web3bugs_packets/W3B-0541.json,https://code4rena.com/reports/2021-10-union,NONBUG,no_desynchronizing_partial_transition,YES,,,N,,,Y,"C3 fails: updateTrust intentionally changes the reciprocal credit-line trust amount while the staker's deposited principal in stakers remains unchanged. getTotalLockedStake is designed to combine that fixed deposited amount with the current member/trust graph, so a trust update does not require rewriting stakers."
W3B-0542,6ed1281dd4a8c882c5c3913b9d5de58db604f471a798d0e0b16d02f2df2f9780,45,web3bugs_packets/W3B-0542.json,https://code4rena.com/reports/2021-10-union,NONBUG,no_desynchronizing_partial_transition,YES,,,N,,,Y,"C3 fails: debtWriteOff reduces accountBorrows principal while overdueBlocks remains the fixed global delinquency threshold. A partial write-off does not constitute a repayment/checkpoint that should alter that policy; if debt is fully written off, checkIsOverdue returns false because getBorrowed is zero. This bucket therefore does not recover the separate W3B-0815 accrualBlockNumber/borrowIndex write-off defect."
W3B-0543,6ee477bd90c06c1ab8065b79d7e752860713e6ca3afa579f8f53bdc1ce74c44d,61,web3bugs_packets/W3B-0543.json,https://code4rena.com/reports/2021-12-sublime,NONBUG,no_desynchronizing_partial_transition,YES,,,N,,,Y,"C3 fails: repayConstants are the pool's fixed repayment terms, while repayVariables.repaidAmount and loanDurationCovered are progress state that is supposed to advance against those terms. _updateRepaidAmount increasing repaidAmount does not require changing the constants; repayPrincipal later deliberately checks dynamic loanDurationCovered against constant loanDuration."
W3B-0544,6eeac5f40bdd6abbe085695668779b2f87642946da3ffa67d1fa23852dc563e4,45,web3bugs_packets/W3B-0544.json,https://code4rena.com/reports/2021-10-union,,,YES,,,,,,Y,"Pass/recovery: accountBorrows, accrualBlockNumber and borrowIndex are the indexed-debt state behind Union H-01. The bucket reaches borrow's pre-accrual debt/interest consumers and their control/storage sinks while serializing the borrowIndex side of the corrective accrueInterest transition under balanceOfUnderlying. Under the frozen adjacent/corrective-transition rule this recovers the same borrow-before-accrual defect despite the writer-owner granularity."
W3B-0545,6f2fca61093975a72f70d74274bfa15d2ad87d6dd31f73dabe45d6488d61037c,26,web3bugs_packets/W3B-0545.json,https://code4rena.com/reports/2021-08-realitycards,NONBUG,no_desynchronizing_partial_transition,YES,,,N,,,Y,"C3 fails: reduceTimeHeldLimit updates only the timeHeldLimit field of the already indexed bid record at user[_user][index[...]]. The record does not move, so its index is intentionally unchanged; no user/index desynchronization is created."
W3B-0546,6f5d1f4e1f9616face94508d5b38d9292f2d843ba027200e68a12c92705988bc,26,web3bugs_packets/W3B-0546.json,https://code4rena.com/reports/2021-08-realitycards,NONBUG,reconciliation_precedes_consumption,YES,,,N,,,Y,"C3 fails: removeOldBids is the deferred closed-market reconciliation path. It consumes closedMarkets/userClosedMarketIndex, repairs linked-list and moved-record index bookkeeping during compaction, and advances the cleanup cursor before return; later market/orderbook consumers therefore do not see a persistent partial cleanup state."
W3B-0547,6fc96d4e7897cccc613405155555bb25c112c9140d06b842c3e10f21b9cdb58b,112,web3bugs_packets/W3B-0547.json,https://code4rena.com/reports/2022-04-backd,,,YES,,,,,,Y,"Pass/new duplicate of the validated W3B-1194 migration-checkpoint defect at operation granularity: lockFor reaches _userCheckpoint, which records lastUpdated[user] = block.timestamp adjacent to the balance checkpoint. If fee state is added and a reward-token migration occurs later in that same block, lastMigrationEvent can equal that checkpoint timestamp; the strict lastUpdated[user] < lastMigrationEvent gate then skips the old-token delta permanently. The bucket contains balances, lastUpdated and lastMigrationEvent and reaches the exact migration gate."
W3B-0548,70227c173fa51aeadde1f73be6b003cfecf0ab2dabb8752b6390ec1e0a100e6b,26,web3bugs_packets/W3B-0548.json,https://code4rena.com/reports/2021-08-realitycards,NONBUG,no_desynchronizing_partial_transition,YES,,,N,,,Y,C3 fails: initialize sets cardAffiliateCut as a fixed market-wide payout percentage before runtime card accounting is accumulated. Individual Card fields subsequently evolve while the configured cut is intentionally reused for affiliate payouts; initializing the cut does not require mutating per-card state.
W3B-0549,702c884e836f6e0384a3161ca36ad3986fe8fab513e045ba7941d001a8afe46d,26,web3bugs_packets/W3B-0549.json,https://code4rena.com/reports/2021-08-realitycards,NONBUG,no_desynchronizing_partial_transition,YES,,,N,,,Y,C3 fails: _processRentCollection advances per-card timeHeld/totalTimeHeld and related rent bookkeeping while marketLockingTime remains the fixed market-wide collection cutoff. Card accounting is expected to evolve against that unchanged deadline; this matches the established marketLockingTime negatives such as W3B-0907/1129/1236.
W3B-0550,70587e68a97692d961dba7e74d4fa9ebe07e777ddfc838349c44aec131ab1e55,26,web3bugs_packets/W3B-0550.json,https://code4rena.com/reports/2021-08-realitycards,NONBUG,no_desynchronizing_partial_transition,YES,,,N,,,Y,C3 fails for this writer: removeOldBids compacts stale user/orderbook records while maxDeletions remains the independent fixed work bound used by findNewOwner/removeUserFromOrderbook. RealityCards H-01 is the distinct findNewOwner edge where a valid owner reached on the final allowed deletion is misclassified; this removeOldBids transition does not recover that defect merely because the same policy value is readable elsewhere.
W3B-0551,706d2579a5dcd697b2b4994ab470fa8a8f5c0e56df82483316408c4603d7189c,78,web3bugs_packets/W3B-0551.json,https://code4rena.com/reports/2022-01-behodler,,,YES,,,,,,Y,"Pass/recovery: the bucket lands on LimboDAO.makeProposal/updateCurrentProposal and the currentProposalState↔proposalConfig state machine, matching Behodler M-04 and existing W3B-1168. A proposal is installed as the sole current proposal under the configured voting lifecycle; if an accepted proposal's orchestrateExecute reverts, proposal completion/nextProposal rolls back, leaving the active proposal stuck and causing later makeProposal calls to reject new proposals."
W3B-0552,7087020378aeeffbddfa8332b2bddf964a94eaae70c5fba59ea9a3bf1439a3de,105,web3bugs_packets/W3B-0552.json,https://code4rena.com/reports/2022-03-paladin,,,YES,,,,,,Y,"Pass/recovery: stakeAndIncreaseLock reaches _lock's exact line-1148 UserLock history append carrying the current block number. Another lock-history transition in the same block can create a duplicate fromBlock checkpoint, recovering Paladin M-05's same-block historical-state defect. ERC20 balance is an over-broad extra relation member, not a reason to reject the semantic match."
W3B-0553,70892e9114eab49fac999acd793a828874a59bcfae6cb13af2e52e18d853da2c,107,web3bugs_packets/W3B-0553.json,https://code4rena.com/reports/2022-04-jpegd,NONBUG,unsupported_or_overbroad_relation,NO,,N,,,,Y,"C2 fails on the emitted aggregate relation: repay proportionally reconciles position.debtPortion, totalDebtPortion, debtPrincipal and totalDebtAmount in the same operation. NFT type/value mappings and vault risk settings are independent lending inputs that need not co-update on repayment. This is the same over-broad repayment family as W3B-1081."
W3B-0554,70c67b13351973e735aad388c09cb018e0adbcee02e93335a1d39a0d24bfe414,131,web3bugs_packets/W3B-0554.json,https://code4rena.com/reports/2022-05-backd,,,YES,,,,,,Y,"Pass/recovery of Backd M-16: BkdLocker.initialize is guarded only by currentUInts256[_START_BOOST] == 0. Initializing with startBoost=0 permits repeated initialization with different boost parameters; previously persisted user boostFactors then coexist with a new boost-configuration epoch and computeNewBoost/reward distribution consumes the mismatch. The packet serializes the START_BOOST configuration write, while the enclosing initialize operation supplies the reinitialization gate and related parameter changes; this matches W3B-1128/1130."
W3B-0555,70ce530cee56190fc57769357e3ae7713d441df9f7bc1f82afd0f77670c7dd1e,112,web3bugs_packets/W3B-0555.json,https://code4rena.com/reports/2022-04-backd,NONBUG,no_desynchronizing_partial_transition,YES,,,N,,,Y,C3 fails: _userCheckpoint recomputes and writes the user's boostFactors from the current global MAX_BOOST configuration. currentUInts256[_MAX_BOOST] is policy/configuration and is not supposed to change whenever one user's checkpoint is refreshed; this is the same benign family as W3B-0650.
W3B-0556,710c45e6909ad25b96c8db8e09d5561ddbebc6b566daf6e9c9ff113744690698,54,web3bugs_packets/W3B-0556.json,https://code4rena.com/reports/2021-11-unlock,NONBUG,no_desynchronizing_partial_transition,YES,,,N,,,Y,"C3 fails: setApprovalForAll intentionally changes the calling manager's operator-approval mapping while key ownership, keyByOwner, per-token approval and keyManagerOf remain unchanged. Unlock H-03/H-04 are created by transferFrom failing to reset per-key manager/approval authority across an ownership change, not by granting or revoking an owner/manager-scoped operator."
W3B-0557,7136c06985e2be7046c42023d6498c3e49a80d7fe3742bb2caf099bef6053e73,52,web3bugs_packets/W3B-0557.json,https://code4rena.com/reports/2021-11-vader,NONBUG,reconciliation_precedes_consumption,YES,,,N,,,Y,"C3 fails at the nominated updateReward writer: withdraw's modifier checkpoints rewardPerTokenStored, lastUpdateTime, rewards and userRewardPerTokenPaid under the old balance/supply before the body changes _totalSupply/_balances. Vader M-04 is the separate fee-on-transfer/external-token-balance mismatch in stake/withdraw, not this reward checkpoint transition."
W3B-0558,7144e859eca3d44d87afc8d3d652afdef31d010bdb738deb968c553881e62753,26,web3bugs_packets/W3B-0558.json,https://code4rena.com/reports/2021-08-realitycards,NONBUG,reconciliation_precedes_consumption,YES,,,N,,,Y,"C3 fails: cleanWastePile performs linked-list removal and user-array swap/pop, clears the removed bid's index and repairs the moved record's index before returning. closedMarkets/userClosedMarketIndex are separate deferred-cleanup cursors, so later orderbook consumers do not observe a persistent stale user/index relation."
W3B-0559,714ada167cba99cc2b8a52503b45fbc5d99bf961a80dc9e2aad10b0b49bf6fbb,45,web3bugs_packets/W3B-0559.json,https://code4rena.com/reports/2021-10-union,,,YES,,,,,,Y,"Pass/recovery: accountBorrows, accrualBlockNumber, borrowIndex and maxBorrow are the indexed-debt state behind Union H-01. The packet reaches borrow's exact pre-accrual maxBorrow/debt checks while serializing the accrualBlockNumber side of the corrective accrueInterest transition under mint; under the established adjacent-writer rule this recovers the borrow-before-accrual defect."
W3B-0560,714fbd0eac9537151c9a8ae794c18a40d9486f7444b4a2f34fa5effa231770f7,26,web3bugs_packets/W3B-0560.json,https://code4rena.com/reports/2021-08-realitycards,NONBUG,no_desynchronizing_partial_transition,YES,,,N,,,Y,"C3 fails: addMarket initializes the new market's metadata and then creates the matching sentinel user/index records for each card. closedMarkets and userClosedMarketIndex are intentionally empty/deferred until a later market closure, so initializing market state does not require advancing cleanup state."
W3B-0561,7152b6538c824405f5b3179d721157e1f9751804f4142ed82152764a969f61bf,52,web3bugs_packets/W3B-0561.json,https://code4rena.com/reports/2021-11-vader,NONBUG,reconciliation_precedes_consumption,YES,,,N,,,Y,"C3 fails at the nominated updateReward checkpoint under exit: rewardPerTokenStored, lastUpdateTime, rewards and userRewardPerTokenPaid are settled before exit reaches withdrawal/reward effects. Vader M-04 is the separate transfer-on-fee balance-accounting defect in withdraw; this bucket serializes the reward checkpoint rather than the defective internal-versus-external token balance transition."
W3B-0562,717330ab7c508dbde264557a98a6295921c2bf9efcf3aeaa99bb7fee52d9fa4f,45,web3bugs_packets/W3B-0562.json,https://code4rena.com/reports/2021-10-union,,,YES,,,,,,Y,Pass/recovery on the exact owner path: borrow consumes accountBorrows/maxBorrow/fee state before accrueInterest advances accrualBlockNumber and borrowIndex. This is Union H-01's published borrow-before-accrual ordering defect; the serialized accrualBlockNumber write is the corrective side of the same state family.
W3B-0563,71be44a047f5f960451113db5242b9ba646f93e858e23c959f2a5a1fc99902ff,54,web3bugs_packets/W3B-0563.json,https://code4rena.com/reports/2021-11-unlock,,,YES,,,,,,Y,"Pass/recovery: this lands in Unlock H-03's exact transferFrom ownership/key-manager state family. transferFrom can assign the token/key to the recipient while keyManagerOf is not reset in the recipient-with-no-key branch, leaving the prior manager able to authorize a later transfer back; the serialized keyByOwner write is part of that ownership transition."
W3B-0564,71e23a11e6396096fea87c2012543a6ec70db7fb607bdee395c9ea59f3eeadd1,105,web3bugs_packets/W3B-0564.json,https://code4rena.com/reports/2022-03-paladin,NONBUG,analysis_abstraction_error,YES,,,N,,,Y,"C3 fails: _availableBalanceOf is an internal view that only reads userLocks and ERC20 balance to compute unlocked balance. The nominated line does not persistently write userLocks, so the packet does not establish a desynchronizing transition; this is the same read-modeled-as-writer family as W3B-0593."
W3B-0565,7212ef7688f89357ceb25514a8c8b8c9211cdfd0cf0088d504b6aa4370110988,76,web3bugs_packets/W3B-0565.json,https://code4rena.com/reports/2022-01-sherlock,NONBUG,reconciliation_precedes_consumption,YES,,,N,,,Y,"C3 fails in forceRemoveBySecondsOfCoverage: _settleProtocolDebt may update activeBalances and lastAccountedEachProtocol, but a successful force removal immediately zeroes the protocol premium/global rate and deletes the remaining protocol accounting state before commit. If removal cannot complete, the transaction reverts the preceding settlement writes."
W3B-0566,7255eb7e03cec36b67e55f75b6e5d681080ed104e42530ed44c886e9f048912a,105,web3bugs_packets/W3B-0566.json,https://code4rena.com/reports/2022-03-paladin,NONBUG,reconciliation_precedes_consumption,YES,,,N,,,Y,"C3 fails at the nominated rewardIndex checkpoint: _updateRewardState obtains the current drop rate, computes rewardIndex, writes it, and immediately advances lastRewardUpdate on the next statement. Paladin H-01's desynchronizing producer is the preceding currentDropPerSecond/lastDropUpdate rate-timing transition, not a persistent partial rewardIndex checkpoint; this matches W3B-0685/0740/0756."
W3B-0567,7276e4cf214fafc0142870771c4e5f7daf5fd4e6fadc67f806e39b3d7f520bcd,105,web3bugs_packets/W3B-0567.json,https://code4rena.com/reports/2022-03-paladin,,,YES,,,,,,Y,Pass/recovery at emergencyWithdraw operation granularity: emergencyWithdraw updates the lock-history arrays with current-block TotalLock/UserLock checkpoints before burning the user's hPAL. Paladin M-05 explicitly includes the emergencyWithdraw history-write sites and shows that multiple same-block history entries make past-state queries ambiguous/manipulable; the balance member is an over-broad extra relation member.
W3B-0568,729f4d7f59357cedfeb261d93fbca7493a962a6b19b1ee8f2a96f300e2059789,79,web3bugs_packets/W3B-0568.json,https://code4rena.com/reports/2022-01-trader-joe,NONBUG,no_desynchronizing_partial_transition,YES,,,N,,,Y,"C3 fails: depositAVAX intentionally increases the participant allocation and wavaxReserve while floorPrice and tokenReserve remain fixed launch configuration. createPair later sizes liquidity from the accumulated reserve against those constants; the published token-decimal allocation error is arithmetic/unit logic, not a stale partial-state transition created by a deposit."
W3B-0569,72a26c154a364d74382c4bd4900579ddf71a5f48515142eeabec9dad49ff1520,28,web3bugs_packets/W3B-0569.json,https://code4rena.com/reports/2021-09-sushimiso,NONBUG,reconciliation_precedes_consumption,YES,,,N,,,Y,"C3 fails: for a new document, _setDocument pushes the name and sets its docIndex before writing the Document record; for an existing document, the name-list membership correctly remains unchanged. _removeDocument likewise swap/pops the name list and repairs the moved document's index before deletion, so no persistent _docNames/_documents mismatch is produced."
W3B-0570,72cbe9ebed78e1c8fcb49162406e256a54a27b8012a9c1c94679f0435413d9ae,54,web3bugs_packets/W3B-0570.json,https://code4rena.com/reports/2021-11-unlock,NONBUG,no_desynchronizing_partial_transition,YES,,,N,,,Y,"C3 fails: shareKey intentionally changes the source/recipient key records and, when needed, assigns a new token id/owner for the recipient; it does not perform the vulnerable transferFrom ownership transition that leaves prior key-manager authority stale. Unlock's separate shareKey finding concerns bypassing maxNumberOfKeys, a state member not recovered by this bucket."
W3B-0571,731edcf9ba14f04c34b6101846dd7ff4e88162fdc194dd1b5ac7b9010b657bfe,34,web3bugs_packets/W3B-0571.json,https://code4rena.com/reports/2021-10-pooltogether,NONBUG,no_desynchronizing_partial_transition,YES,,,N,,,Y,"C3 fails: startDraw records a fresh rngRequest id/lockBlock/requestedAt while rngTimeout remains the reusable configured timeout duration. isRngTimedOut is designed to combine the new request timestamp with that unchanged policy value, and setRngTimeout is separately disallowed while a draw is active."
W3B-0572,737ca8f0f5e240c5e27dc00680b7a633d098bed91fe47e498ff2ffaf0401debc,45,web3bugs_packets/W3B-0572.json,https://code4rena.com/reports/2021-10-union,NONBUG,no_desynchronizing_partial_transition,YES,,,N,,,Y,"C3 fails: initialExchangeRateMantissa is only the bootstrap exchange rate used when uToken totalSupply is zero. Once supply exists, exchangeRateStored intentionally uses totalRedeemable/totalSupply, so repayment changing totalRedeemable does not require mutating the bootstrap constant."
W3B-0573,7383a3e71fca7076b81dca29bee7b593ae9dc033993149e622c6faeb05b5cc3a,26,web3bugs_packets/W3B-0573.json,https://code4rena.com/reports/2021-08-realitycards,NONBUG,no_desynchronizing_partial_transition,YES,,,N,,,Y,C3 fails: rent collection is supposed to evolve each card's time-held/totalTimeHeld accounting while winningOutcome remains unresolved or fixed separately. Withdrawal/creator payout consumes the finalized winning card and its accumulated accounting later; winningOutcome does not need to change on each rent-collection update.
W3B-0574,73b3ab1bf37a8d67ad303219a9564a3290635288a574f423dadabd72956b18e5,26,web3bugs_packets/W3B-0574.json,https://code4rena.com/reports/2021-08-realitycards,NONBUG,reconciliation_precedes_consumption,YES,,,N,,,Y,"C3 fails: removeOldBids preserves the linked list, swap/pops the removed user record, and then clears the removed index and repairs any moved record's index before returning. Later cleanWastePile/addBid consumers therefore do not observe a persistent stale user/index pair; this matches the established removeOldBids cleanup family."
W3B-0575,73ed1c9a0af46fdf9e32e5caff88e419b1f30b41d3e1827439db64d5870d4010,112,web3bugs_packets/W3B-0575.json,https://code4rena.com/reports/2022-04-backd,NONBUG,no_desynchronizing_partial_transition,YES,,,N,,,Y,"C3 fails: withdraw checkpoints only the calling vault's last-withdrawal timestamp, while minWithdrawalDelay is a fixed global cooldown parameter. Future canWithdraw intentionally combines the evolving per-vault timestamp with the unchanged policy delay; no mirrored update is required."
W3B-0576,740a58b556c869fb204618785d5981641fc7e010c90ebbfd446f5f72a4bfb52c,123,web3bugs_packets/W3B-0576.json,https://code4rena.com/reports/2022-05-aura,NONBUG,no_desynchronizing_partial_transition,YES,,,N,,,Y,"C3 fails: donate intentionally adds rewards to queuedRewards without extending the active reward period. processIdleRewards/queueNewRewards later consume that queue according to periodFinish and notifyRewardAmount establishes the next schedule. The published Aura queue-timing complaint concerns the elapsed-time/ratio logic in queueNewRewards, not donation leaving periodFinish unchanged."
W3B-0577,74176ec574770e977584d958b6411b90a8f192f933abed8af062e58c687cb32a,105,web3bugs_packets/W3B-0577.json,https://code4rena.com/reports/2022-03-paladin,,,YES,,,,,,Y,"Pass/recovery: increaseLockDuration reaches _lock's actual L1199 UserLock history append carrying safe32(block.number). Another lock-history transition in the same block can create a duplicate fromBlock checkpoint, recovering Paladin M-05's same-block historical-state defect. The ERC20 balance is an over-broad extra relation member."
W3B-0578,741ccf12ce7db08564967b37faa906c982c628163aa93cecd848460ac1aae803,76,web3bugs_packets/W3B-0578.json,https://code4rena.com/reports/2022-01-sherlock,NONBUG,reconciliation_precedes_consumption,YES,,,N,,,Y,"C3 fails: claimPremiumsForStakers first computes the currently claimable global premium amount, then zeroes lastClaimablePremiumsForStakers and advances lastAccountedGlobal in the same branch before transfer. Per-protocol premiums/balances remain ongoing accrual inputs and are not stale mirrors that must be reset when already-earned global premiums are claimed."
W3B-0579,749c75f285eb3398bd032bac3e4a02958051dabe8a939c679ae4010960855f34,45,web3bugs_packets/W3B-0579.json,https://code4rena.com/reports/2021-10-union,,,YES,,,,,,Y,"Pass/recovery: accountBorrows, accrualBlockNumber and borrowIndex are the indexed-debt state behind Union H-01. The bucket reaches borrow's stale pre-accrual debt consumers while serializing the borrowIndex side of the corrective accrueInterest transition under exchangeRateCurrent; this is the same adjacent-writer recovery already accepted for mint/redeem/repay contexts."
W3B-0580,74c24439911c2d8c90563ccae31ab9e3890a53a57836ea22ada23ac998dd857a,107,web3bugs_packets/W3B-0580.json,https://code4rena.com/reports/2022-04-jpegd,NONBUG,reconciliation_precedes_consumption,YES,,,N,,,Y,C3 fails: NFTVault.borrow updates position borrow state and then reconciles totalDebtPortion with position.debtPortion/debtPrincipal and totalDebtAmount in the same borrow call before return. No later relevant consumer can observe the partial position/global-debt state.
W3B-0581,74cdee9faa99806a348f89ca26dec4c53b42955119a61c35d5028579bba96b28,45,web3bugs_packets/W3B-0581.json,https://code4rena.com/reports/2021-10-union,NONBUG,no_desynchronizing_partial_transition,YES,,,N,,,Y,"C3 fails: debtWriteOff reduces the staker's principal and then updates the corresponding locked/trust member records, including both reciprocal trust mappings, in the same function. The reduced stakers balance is consistent with the written-off exposure; Union M-06 is the separate totalFrozen-before-rewards ordering defect."
W3B-0582,75121eb6d236b3840b57ce0d1ce0d81b1e72be11ecfdba3ae1f88a57d8724c47,26,web3bugs_packets/W3B-0582.json,https://code4rena.com/reports/2021-08-realitycards,NONBUG,analysis_abstraction_error,YES,,,N,,,Y,"C3 fails: _processRentCollection mutates cardTimeLimit/time-held/timestamp fields, while the nominated newRental check consumes card.cardPrice with minimumPriceIncreasePercent. Whole-card aggregation conflates unrelated fields; no price-policy pair is desynchronized."
W3B-0583,753d0ef77191533fd8d1473239afa205c0d90e71fbeb2a085e26bdb66ebe97a9,22,web3bugs_packets/W3B-0583.json,https://code4rena.com/reports/2021-08-floatcapital,NONBUG,no_desynchronizing_partial_transition,YES,,,N,,,Y,"C3 fails: _shiftPositionNextPrice intentionally records userNextPrice_currentUpdateIndex = marketUpdateIndex + 1 as the pending next-price epoch. Float M-06 is a later liveness failure when unchanged oracle prices do not advance marketUpdateIndex, not a desynchronizing write caused by this pending-state assignment."
W3B-0584,754966103fbaa7ee2c08bd3dded31e6b231facb81961296e223c33255ab32600,22,web3bugs_packets/W3B-0584.json,https://code4rena.com/reports/2021-08-floatcapital,NONBUG,reconciliation_precedes_consumption,YES,,,N,,,Y,"C3 fails: _updatePrice first settles btcSupply using the prior btcSupply/btcBlocksPerDay/btcBlockReward interval, then advances lastUpdated. The next accrual starts from a reconciled supply/time checkpoint; the validated Float family is the separate admin rate/baseline setters that skip this checkpoint."
W3B-0585,7550f30c6bc901c5eb1cb3b7a8d746080b91bdef9196a43c2820df4a7b51f863,35,web3bugs_packets/W3B-0585.json,https://code4rena.com/reports/2021-09-sushitrident-2,NONBUG,no_desynchronizing_partial_transition,YES,,,N,,,Y,C3 fails: _mintFee legitimately mints protocol-fee LP supply while barFee remains fee configuration and kLast remains the prior liquidity-growth baseline for the enclosing operation. This is the same benign fee-mint pattern as W3B-1213; the validated temporal defect is updateBarFee changing the rate without checkpointing kLast.
W3B-0586,756fc712b4c70f8091703bda598429a4e6d4d2dc6b81bf493d0013152b6a82d9,112,web3bugs_packets/W3B-0586.json,https://code4rena.com/reports/2022-04-backd,NONBUG,no_desynchronizing_partial_transition,YES,,,N,,,Y,C3 fails: _userCheckpoint recomputes and writes the user's boostFactors from the current START_BOOST/global boost configuration. START_BOOST is global policy and is not supposed to change whenever an individual user's checkpoint is refreshed.
W3B-0587,7573c376ec389fc7f765490a27d2c06215feb1202dc88b7d2c85ac5a5a41039d,5,web3bugs_packets/W3B-0587.json,https://code4rena.com/reports/2021-04-vader,NONBUG,no_desynchronizing_partial_transition,YES,,,N,,,Y,C3 fails: Router.init initializes curatedPoolLimit to the configured starting cap while curatedPoolCount correctly begins at its default zero. curatePool later increments the count under that cap; initialization does not require setting count equal to the limit.
W3B-0588,75927cd836a32d88fa901522255145733049d875157883412a2a2ca73d0268ea,35,web3bugs_packets/W3B-0588.json,https://code4rena.com/reports/2021-09-sushitrident-2,NONBUG,reconciliation_precedes_consumption,YES,,,N,,,Y,"C3 fails: HybridPool.burn computes protocol fees from the old dLast/barFee, changes LP supply and reserves, and then checkpoints dLast to the post-burn liquidity before commit. barFee is fixed fee configuration, so later _mintFee consumers see a reconciled baseline."
W3B-0589,75a4641759af355496aea9ed9ba0d8e711d78811a0d5e2790ad5cec29e835a06,105,web3bugs_packets/W3B-0589.json,https://code4rena.com/reports/2022-03-paladin,,,YES,,,,,,Y,"Pass/recovery: increaseLock reaches _lock's L1199 UserLock checkpoint append carrying safe32(block.number). Multiple lock-history transitions in one block can therefore create duplicate fromBlock checkpoints, recovering Paladin M-05's same-block historical-state defect. _balances is an over-broad extra relation member."
W3B-0590,75b50bde83d5e1e8852a511c4f7144a8560d8ad3e8d22a89048c25f874c36f8a,110,web3bugs_packets/W3B-0590.json,https://code4rena.com/reports/2022-04-badger-citadel,NONBUG,no_desynchronizing_partial_transition,YES,,,N,,,Y,C3 fails: setTokenInLimit changes the sale's independent contribution-cap policy. saleStart/saleDuration define the time window and totalTokenIn records progress; neither must be rewritten when governance changes the cap before finalization.
W3B-0591,75e0479add919dc9f6cbc3e0c3cc1c1cb38049d5778798f95baecdbbeafb5234,25,web3bugs_packets/W3B-0591.json,https://code4rena.com/reports/2021-08-yield,NONBUG,unsupported_or_overbroad_relation,NO,,N,,,,Y,"C2 fails: cachedVaultId is the Ladle's last-built-vault multicall cache, while pools[seriesId] is persistent series-to-pool routing configuration. Building and caching a vault does not imply registering or changing a pool; no protocol invariant couples these states."
W3B-0592,7619da05b1cbc2bbf4d8591070a3b3d86a915777492140cdd0ab14c89e357f9c,45,web3bugs_packets/W3B-0592.json,https://code4rena.com/reports/2021-10-union,NONBUG,no_desynchronizing_partial_transition,YES,,,N,,,Y,"C3 fails: _repayBorrowFresh legitimately decreases totalBorrows while debtCeiling remains the fixed prospective borrowing cap. getRemainingLoanSize is expressly defined as debtCeiling - totalBorrows, so repayment increasing future headroom is coherent without changing the cap."
W3B-0593,76936566f57a8277829f4429c0dfe1a402268f635ea957230f5776f14c78859e,105,web3bugs_packets/W3B-0593.json,https://code4rena.com/reports/2022-03-paladin,NONBUG,analysis_abstraction_error,YES,,,N,,,Y,"C3 fails: _availableBalanceOf is read-only logic that inspects userLocks and ERC20 balance to compute unlocked balance. The nominated L709 site performs no persistent userLocks write, so the packet does not establish a desynchronizing transition."
W3B-0594,76ff284938daca8469c8e6c6d6cc3c935aaf36bc86ec9018594511a5322dfd7e,76,web3bugs_packets/W3B-0594.json,https://code4rena.com/reports/2022-01-sherlock,NONBUG,reconciliation_precedes_consumption,YES,,,N,,,Y,"C3 fails: protocolRemove settles the protocol's old premium debt before _setSingleProtocolPremium sets the premium to zero. Successful removal then completes cleanup in the same transaction; paths that cannot be safely removed revert, so activeBalances/last-accounted state is not left persistently stale."
W3B-0595,77601ac95c1b60b37f93c4a6b9e41b41afa1b865a5663974af5896a93006c3b2,76,web3bugs_packets/W3B-0595.json,https://code4rena.com/reports/2022-01-sherlock,NONBUG,no_desynchronizing_partial_transition,YES,,,N,,,Y,C3 fails: setMinActiveBalance changes the governance threshold used to decide whether a protocol's current active balance is low enough for forced removal. Existing activeBalances are the measured quantities compared against that policy threshold and are not mirrored values that must be rewritten when the threshold changes.
W3B-0596,77b8fc6077ed23067a3ac8c3325392c7d384f92c1620dc3782b998c0d60793f8,112,web3bugs_packets/W3B-0596.json,https://code4rena.com/reports/2022-04-backd,,,YES,,,,,,Y,"Pass/new: keeperFee and treasuryFee are explicitly constrained as a combined fee pair (the constructor requires their sum <= 1), and payFees later consumes both active fractions before computing the LP remainder. executeKeeperFee instead validates pendingKeeper + pendingTreasury; if only keeper has a pending update, pendingTreasury is zero even while the current treasury fee remains nonzero. _executeUInt256 then installs the new keeper value and clears its pending slot, allowing the active keeper+treasury pair to exceed 100% and making payFees underflow. The packet's pending-slot relation is the staging-side structural cut of this same two-component configuration invariant."
W3B-0597,78046563fbeb5579206a5e57d38a0617928b1b2abf3c5b879c7d47759c709817,105,web3bugs_packets/W3B-0597.json,https://code4rena.com/reports/2022-03-paladin,NONBUG,analysis_abstraction_error,YES,,,N,,,Y,"C3 fails: _availableBalanceOf is an internal view that only reads userLocks and ERC20 balance to compute unlocked balance. The nominated line 709 does not persistently modify userLocks or _balances, so the packet does not establish a desynchronizing transition."
W3B-0598,7817bd7a58f2996677be83ffb0e242c8bc872258853b766876d60abfd17357bf,105,web3bugs_packets/W3B-0598.json,https://code4rena.com/reports/2022-03-paladin,,,YES,,,,,,Y,"Pass/recovery: _lock line 1148 appends a UserLock carrying block.number for the user's first lock. A later lock-history transition in the same block can append another entry with the same fromBlock, recovering Paladin M-05's same-block historical-state defect. The ERC20 balance is an over-broad extra relation member; the userLocks history writer is the defect-producing state."
W3B-0599,785daae83befec25dd379556526ea4cff2c0bf15e6338e626050881b11f7d4f7,107,web3bugs_packets/W3B-0599.json,https://code4rena.com/reports/2022-04-jpegd,NONBUG,no_desynchronizing_partial_transition,YES,,,N,,,Y,C3 fails: setCreditLimitRate is an explicit risk-parameter update. Existing per-NFT oracle/custom valuations are independent collateral inputs and are intentionally reused under the new credit-limit ratio; changing the ratio does not require rewriting nftValueETH or nftTypeValueETH.
W3B-0600,78a2a234e0ec724e8ade4275694dc13cb17cb2c5d45d5a2e3a0d70099cdac4f5,76,web3bugs_packets/W3B-0600.json,https://code4rena.com/reports/2022-01-sherlock,,,YES,,,,,,Y,"Pass/recovery: in nonStakersClaim, Sherlock's debt>active-balance repair can call _settleTotalDebt and advance lastAccountedGlobal while correcting lastClaimablePremiumsForStakers, yet the exhausted protocol's positive premium can remain represented in allPremiumsPerSecToStakers. Subsequent global accrual then continues from the new checkpoint at an invalid live rate; the source explicitly warns the premium must be zeroed before solving the accounting error or the error keeps increasing."
W3B-0601,78cc7a22eb8cf709cf7392174b30b14e067510dccd490fb4381cc0fe078b1edc,76,web3bugs_packets/W3B-0601.json,https://code4rena.com/reports/2022-01-sherlock,NONBUG,reconciliation_precedes_consumption,YES,,,N,,,Y,"C3 fails: forceRemoveBySecondsOfCoverage first settles protocol debt, optionally subtracts the arb reward from activeBalances, and then immediately calls _forceRemoveProtocol in the same transaction. Successful removal zeroes the protocol premium/global rate and clears the remaining accounting state before commit; failed removal conditions revert the preceding writes."
W3B-0602,792a7f5da893d3ab68676f7e046aabc0f540eb36776393e662feb4e6b225065c,26,web3bugs_packets/W3B-0602.json,https://code4rena.com/reports/2021-08-realitycards,NONBUG,reconciliation_precedes_consumption,YES,,,N,,,Y,C3 fails: removeOldBids' swap-and-pop cleanup removes the user record and then clears the removed index and repairs the moved record's index before returning. Later bidExists/add/remove consumers therefore do not observe a persistent stale user/index pair.
W3B-0603,79360f3032645755ea90f935e34db35e46d897ee21d503afbac7acacd19b6f01,53,web3bugs_packets/W3B-0603.json,https://code4rena.com/reports/2021-11-nested,NONBUG,no_desynchronizing_partial_transition,YES,,,N,,,Y,"C3 fails: maxHoldingsCount is a configured capacity bound, while createRecord legitimately appends a new holding to records after enforcing that bound. Adding a holding is not supposed to mutate the policy limit."
W3B-0604,793c2301bd3c26db70b5cf623bdb26497c15bbce0ee82664e9481c2519698de7,123,web3bugs_packets/W3B-0604.json,https://code4rena.com/reports/2022-05-aura,NONBUG,no_desynchronizing_partial_transition,YES,,,N,,,Y,C3 fails: AuraLocker.updateReward iterates the current rewardTokens registry and updates per-user userData for each listed token. rewardTokens membership is registry/configuration state and does not need to change whenever one user's reward checkpoint is refreshed.
W3B-0605,7948b914437f5387dd239ea1cc407d66848064c44208ef54bbfcc31101c071da,76,web3bugs_packets/W3B-0605.json,https://code4rena.com/reports/2022-01-sherlock,NONBUG,reconciliation_precedes_consumption,YES,,,N,,,Y,"C3 fails in setProtocolPremium context: _settleProtocolDebt accounts under the old premium, updates active balance/nonstaker debt state and advances lastAccountedEachProtocol before the premium transition. If the resulting coverage is insufficient, a new nonzero premium reverts; a zero-premium path commits the corrective state."
W3B-0606,794a1ebaf8da48a3d112463cd3fde88cc445c2dbe7198ef147c0869f53de3ac5,49,web3bugs_packets/W3B-0606.json,https://code4rena.com/reports/2021-11-overlay,NONBUG,no_desynchronizing_partial_transition,YES,,,N,,,Y,"C3 fails: ComptrollerShim.setRoller is a test/helper mutation that overwrites one impactRollers fixture slot. impactRollers/impactCycloid are a separate rolling subsystem from the brrrrd accumulator/cycloid/rollers, so changing the impact fixture does not require rewriting the brrrrd window state."
W3B-0607,799d3961a8c41395f6410ec9a6a516851b4a0e5c570b9130ac38c3c4e8b16c9a,105,web3bugs_packets/W3B-0607.json,https://code4rena.com/reports/2022-03-paladin,,,YES,,,,,,Y,Pass/recovery: currentDropPerSecond and endDropPerSecond are members of Paladin H-01's defective _updateDropPerSecond state machine. The line-720 terminal rate transition is part of the same rate/timing defect already recovered elsewhere: rate changes occur against imprecise checkpoint timing and are then consumed by reward accounting.
W3B-0608,7a56a717892d06587c8a6c024d633582bb3937d1b0c424d0b7b9a3afa4ed05b6,105,web3bugs_packets/W3B-0608.json,https://code4rena.com/reports/2022-03-paladin,,,YES,,,,,,Y,"Pass/recovery: this is Paladin H-01 at the reward-consumer cut. _updateDropPerSecond changes currentDropPerSecond at line 738 before _getNewIndex reads the old lastRewardUpdate/rewardIndex interval and current total supply, so the newly reduced rate is applied retroactively to elapsed time before the reward checkpoint is advanced."
W3B-0609,7aa8123056456826d4215e19be0a191aa08e3167588f6f7496cd5cf5f2e066f2,29,web3bugs_packets/W3B-0609.json,https://code4rena.com/reports/2021-09-sushitrident,NONBUG,no_desynchronizing_partial_transition,YES,,,N,,,Y,"C3 fails: burnSingle decreases one output reserve while the tokens list remains fixed pool configuration. Although mint later iterates tokens and records, this emitted tokens↔records bucket does not recover Trident H-13's essential reserve↔LP-totalSupply inconsistency."
W3B-0610,7aad8917aadf8bb9979687f5fc89f9b52c6da6d05dcd1e73b3f85bf3b09e5dba,107,web3bugs_packets/W3B-0610.json,https://code4rena.com/reports/2022-04-jpegd,NONBUG,reconciliation_precedes_consumption,YES,,,N,,,Y,"C3 fails: by the time claimExpiredInsuranceNFT can delete the expired insured position, the insured-liquidation path has already removed that position's debt from totalDebtPortion/totalDebtAmount and zeroed its debt portion. The later NFT claim deletes already-reconciled zero-debt position state."
W3B-0611,7ac0ffdf301b6c8227d4b9dc0a44e78ee05137bc83b7052dadc07e855a5df9dd,123,web3bugs_packets/W3B-0611.json,https://code4rena.com/reports/2022-05-aura,NONBUG,no_desynchronizing_partial_transition,YES,,,N,,,Y,C3 fails: Booster.addPool appends per-pool metadata while lockRewards is the global locker-reward contract used across pools. Adding another pool does not require changing that global reward destination or authorization address.
W3B-0612,7ac95e9ddaea2b47da92f1d072f6079da4494d74cf76598262993fe406adf250,26,web3bugs_packets/W3B-0612.json,https://code4rena.com/reports/2021-08-realitycards,NONBUG,analysis_abstraction_error,YES,,,N,,,Y,"C3 fails: the flagged aggregate Card write at _collectRentAction line 1049 changes only card[_card].timeLastCollected. cardAffiliateCut is consumed with rentCollectedPerCard for payout calculations, so whole-card aggregation conflates unrelated timestamp bookkeeping with the affiliate-payout field relation."
W3B-0613,7aed4e579b5300193e92ebb41495d61b433fd0d3af22e0841f61ec1723da99a8,22,web3bugs_packets/W3B-0613.json,https://code4rena.com/reports/2021-08-floatcapital,,,YES,,,,,,Y,"Pass/new duplicate of the validated Float supply-checkpoint family: btcSupply is a time-indexed baseline coupled to lastUpdated, btcBlocksPerDay and btcBlockReward. changeBtcSupply replaces that baseline without settling the accrued supply or resetting lastUpdated, so the next _getBtcSupply adds issuance for the entire old elapsed interval on top of the newly supplied baseline."
W3B-0614,7b3a14b4acc266eda4d00632daf9d708a6f9c32e81e441ac9238065bf111c40e,35,web3bugs_packets/W3B-0614.json,https://code4rena.com/reports/2021-09-sushitrident-2,NONBUG,no_desynchronizing_partial_transition,YES,,,N,,,Y,"C3 fails: IndexPool.flashSwap legitimately increases the input reserve and decreases the output reserve after the callback/payment check. The pool's token list and LP totalSupply intentionally remain unchanged during a swap, so no reserve↔configuration/supply desynchronization is created."
W3B-0615,7b86ec934d7d32c9f71025324f58e3fb418f8148d90e28847460ded4def4bff9,105,web3bugs_packets/W3B-0615.json,https://code4rena.com/reports/2022-03-paladin,,,YES,,,,,,Y,"Pass/recovery at operation granularity: stakeAndIncreaseLock reaches _lock after staking and can append a new UserLock checkpoint with block.number. This is Paladin M-05's same-block history defect family, where multiple UserLock states can share fromBlock and make past-state queries ambiguous/manipulable; the balance relation is over-broad."
W3B-0616,7bc2ad9a2a9ce5bd66828f67c58d5f993a85f8fd5beefab09770e245f7b11944,45,web3bugs_packets/W3B-0616.json,https://code4rena.com/reports/2021-10-union,NONBUG,no_desynchronizing_partial_transition,YES,,,N,,,Y,C3 fails: accrueInterest legitimately increases totalBorrows while debtCeiling remains the fixed prospective market borrowing cap. getRemainingLoanSize is explicitly designed to compute remaining capacity from changing debt against that unchanged limit.
W3B-0617,7bdd2aae71c7b8286760111d7e250330dbb6a837f668c88ad40ffeda6a5c8a7f,105,web3bugs_packets/W3B-0617.json,https://code4rena.com/reports/2022-03-paladin,,,YES,,,,,,Y,"Pass/recovery: currentDropPerSecond, endDropPerSecond and lastDropUpdate are the exact rate/timing state of Paladin H-01. The serialized terminal-branch lastDropUpdate write sits inside the reported _updateDropPerSecond state machine, whose imprecise monthly checkpoints leave emissions too high before the eventual abrupt drop to endDropPerSecond."
W3B-0618,7c0d9637c8a7b1ad4dd8b88224f39370b67ce51b76795baf46f42318a396c5a7,100,web3bugs_packets/W3B-0618.json,https://code4rena.com/reports/2022-03-prepo,NONBUG,no_desynchronizing_partial_transition,YES,,,N,,,Y,C3 fails: _clearAllowedAccounts intentionally advances _allowedAccountsIndex to create a fresh mapping generation. allowSelf thereafter reads and writes _allowedAccounts[newIndex][msg.sender]; old-generation entries are intentionally unreachable rather than stale state requiring per-account deletion.
W3B-0619,7c213799de0b310b1a4599dc1e6e3a6780ed2bbaab59215e9de44423cbfc1583,26,web3bugs_packets/W3B-0619.json,https://code4rena.com/reports/2021-08-realitycards,NONBUG,no_desynchronizing_partial_transition,YES,,,N,,,Y,C3 fails: cleanWastePile compacts live user/orderbook records while maxDeletions remains the independent fixed work bound for findNewOwner/remove operations. Cleaning records does not require changing that policy limit.
W3B-0620,7c5fd38711c103e4b3989a901e503aae0349f1e76ca3416c92de35e74b1cbcd7,49,web3bugs_packets/W3B-0620.json,https://code4rena.com/reports/2021-11-overlay,NONBUG,reconciliation_precedes_consumption,YES,,,N,,,Y,C3 fails: in the roll branch brrrr updates the roller/cycloid and then resets brrrrdAccumulator[0] and [1] on consecutive statements; in the non-roll branch it increments both slots consecutively. getBrrrrd/oiCap therefore sees the paired accumulator state after reconciliation.
W3B-0621,7c686c924f4789fcd3cef9d6b5cdae1edba3f70063af3ed2a5fea580ec1afdc1,76,web3bugs_packets/W3B-0621.json,https://code4rena.com/reports/2022-01-sherlock,NONBUG,reconciliation_precedes_consumption,YES,,,N,,,Y,C3 fails: forceRemoveBySecondsOfCoverage settles the protocol and _forceRemoveProtocol first zeroes the individual/global premium before deleting any remaining active balance and cleanup mappings. A successful removal therefore commits only after the live premium/accounting state has been shut down.
W3B-0622,7c83d41de0a204fe76243fc758035de39cc25249566ba37e08cffc379e6620f1,76,web3bugs_packets/W3B-0622.json,https://code4rena.com/reports/2022-01-sherlock,NONBUG,reconciliation_precedes_consumption,YES,,,N,,,Y,"C3 fails: withdrawActiveBalance calls _settleProtocolDebt first; that helper debits accrued debt from activeBalances, updates nonstaker claimable accounting, and checkpoints lastAccountedEachProtocol before the withdrawal amount and coverage checks consume the state."
W3B-0623,7c950dbe4b85f24680ec32489e50f1b65a3430ebbcf1aad24c5c0eead3eb6e8b,107,web3bugs_packets/W3B-0623.json,https://code4rena.com/reports/2022-04-jpegd,NONBUG,reconciliation_precedes_consumption,YES,,,N,,,Y,"C3 fails: accrue computes additional interest from the old totalDebtAccruedAt/debt/APR checkpoint, then advances totalDebtAccruedAt and immediately adds the calculated interest to totalDebtAmount in the same call. JPEG'd M-04 is the separate APR setter that skips accrual."
W3B-0624,7ca05668f77cd86e85a31ea3739152e0e31c84a6cb7f33b5166795f3665e98c0,76,web3bugs_packets/W3B-0624.json,https://code4rena.com/reports/2022-01-sherlock,NONBUG,reconciliation_precedes_consumption,YES,,,N,,,Y,"C3 fails: forceRemoveByActiveBalance settles debt first and _forceRemoveProtocol zeroes the premium/global rate before deleting activeBalances, nonStakersPercentage and lastAccountedEachProtocol as terminal cleanup. No live protocol accounting remains to consume a partial deletion."
W3B-0625,7cf47b09830f1495df81e56c58bbaa03c7488240ad1bcb9aebb9f64233717de3,26,web3bugs_packets/W3B-0625.json,https://code4rena.com/reports/2021-08-realitycards,NONBUG,reconciliation_precedes_consumption,YES,,,N,,,Y,"C3 fails: cleanWastePile performs linked-list removal, swap/pop compaction, clears the removed record's index and repairs the moved record's index before later addBid/transferCard consumers. This is the corrective cleanup path, not the closeMarket stale-index producer."
W3B-0626,7d44219ffb8a64a7ed727f58609119fdf672ef7e7dbced77ee2280f4b54daad4,26,web3bugs_packets/W3B-0626.json,https://code4rena.com/reports/2021-08-realitycards,NONBUG,no_desynchronizing_partial_transition,YES,,,N,,,Y,"C3 fails: collectRentUser updates live user rent/deposit/foreclosure accounting while minRentalDayDivisor remains the configured foreclosure threshold. The threshold is policy, not mirrored per-user state that must change when rent is collected."
W3B-0627,7d881ccf4f72778a4466d504c515ca7ecaba3c47e95f007020e42584e53bc645,26,web3bugs_packets/W3B-0627.json,https://code4rena.com/reports/2021-08-realitycards,NONBUG,no_desynchronizing_partial_transition,YES,,,N,,,Y,"C3 fails: _updateBidInOrderbook changes price/timeHeldLimit and relinks an existing bid in place without moving its user-array slot. The unchanged index continues to address the same record, so no user/index desynchronization is created."
W3B-0628,7d88878a3769fcb479e1681e8066d2315a58e832ef6c8416cd63f14d936ae527,105,web3bugs_packets/W3B-0628.json,https://code4rena.com/reports/2022-03-paladin,,,YES,,,,,,Y,"Pass/recovery: this is an exact Paladin M-05 UserLock history producer. _lock appends a UserLock at line 1184 with fromBlock = block.number without coalescing an existing same-block entry, allowing multiple history states for one block and ambiguous/manipulable past-state queries; balance is an over-broad extra member."
W3B-0629,7d99858a54cf59becad7f239edbde3b7efbb942a6ee7932f1845a6c97e9e9d1b,22,web3bugs_packets/W3B-0629.json,https://code4rena.com/reports/2021-08-floatcapital,,,YES,,,,,,Y,"Pass/recovery at corrective/consumer granularity: the bucket contains Float H-03's exact shiftTokens check against userAmountStaked and the persistent long/short pending-shift accumulators. Repeated shifts can accumulate beyond actual stake, and _calculateAccumulatedFloat later consumes/clears those pending amounts while rewriting userAmountStaked."
W3B-0630,7e11938480f297122cf65050f311d27252b3bfd87249565860b2571bcca30c1e,110,web3bugs_packets/W3B-0630.json,https://code4rena.com/reports/2022-04-badger-citadel,NONBUG,no_desynchronizing_partial_transition,YES,,,N,,,Y,"C3 fails: Funding.initialize establishes assetDecimalsNormalizationValue from the selected asset while initializing funding parameters and oracle configuration. The normalization constant need not track later price/discount/cap state; the published getAmountOut zero-discount defect is a result-assignment bug, not stale persistent-state reconciliation."
W3B-0631,7e1400acd3f04bf5915db5d8bc6dca15138f8f667b05d2fa080c4517c3066d2a,5,web3bugs_packets/W3B-0631.json,https://code4rena.com/reports/2021-04-vader,NONBUG,no_desynchronizing_partial_transition,YES,,,N,,,Y,C3 fails: harvest intentionally resets the member/synth last-time checkpoint to block.timestamp while minimumDepositTime remains the global withdrawal-delay policy later applied to that timestamp. The delay configuration is not mirrored state that must change on each harvest.
W3B-0632,7e396e5f84827620a8b79b7ce5df1b85f8865b12dbc642bd21f3d915da7f665d,53,web3bugs_packets/W3B-0632.json,https://code4rena.com/reports/2021-11-nested,,,YES,,,,,,Y,"Pass/recovery: this is Nested L-04's royaltiesWeight/shareholders/totalWeights defect. updateShareholder can reduce the sole shareholder weight to zero while royaltiesWeight keeps totalWeights positive; a later setRoyaltiesWeight(0) then drives totalWeights to zero, and _computeShareCount subsequently divides by that persisted zero denominator."
W3B-0633,7e8445916552ab8cb1535f2393b2559c9830d12487586a14611a2978869330ee,107,web3bugs_packets/W3B-0633.json,https://code4rena.com/reports/2022-04-jpegd,NONBUG,reconciliation_precedes_consumption,YES,,,N,,,Y,"C3 fails: NFTVault.borrow accrues first, then updates the position debt portion/principal together with totalDebtPortion and totalDebtAmount before returning. Valuation mappings and settings are configuration/inputs, and no later consumer can observe a partial borrow-accounting state."
W3B-0634,7eda0bd6310e4a1f7b8ab1cd8374667005696b97fb759600aadee69499e82c17,6,web3bugs_packets/W3B-0634.json,https://code4rena.com/reports/2021-04-meebits,NONBUG,incompatible_context_key_or_ordering,YES,,,N,,,Y,"C3 fails: ownerToOperators is keyed by owner, not by token. After transfer changes idToOwner, canOperate/canTransfer automatically consult the new owner's operator row; the old owner's global operator grants remain scoped to the old owner and do not become stale authority over the transferred token."
W3B-0635,7edc6e38b2b72241ebd26596b42789c60b2158099a7e5fe82d57a958a13dd629,105,web3bugs_packets/W3B-0635.json,https://code4rena.com/reports/2022-03-paladin,NONBUG,analysis_abstraction_error,YES,,,N,,,Y,"C3 fails: the nominated _getUserAccruedRewards site around L813 only assigns userLocks[user].length - 1 to a memory variable and reads lock/balance state. It performs no persistent userLocks write, so the packet does not establish a desynchronizing transition."
W3B-0636,7eeb72e8a3b6592594c2332feda852fbae3cf828dc487fc9f2448009d78879c3,22,web3bugs_packets/W3B-0636.json,https://code4rena.com/reports/2021-08-floatcapital,,,YES,,,,,,Y,Pass/recovery: this is the defect-producing side of Float L-06. _changeMarketLaunchIncentiveParameters rewrites the launch period/multiplier while the cumulative snapshot timing baseline remains persisted; _getKValue and later issuance calculations consume the new parameters against that older launch/snapshot timestamp.
W3B-0637,7f03873ed0f45b96867c0179aef26a82a538badfc67337088ee8e5bc002e61ba,35,web3bugs_packets/W3B-0637.json,https://code4rena.com/reports/2021-09-sushitrident-2,NONBUG,no_desynchronizing_partial_transition,YES,,,N,,,Y,C3 fails: the nominated transition burns LP totalSupply. barFee remains fee configuration and kLast remains the reserve-product fee-growth baseline; neither is required to change merely because LP supply is burned. The separate validated barFee/kLast temporal defect is produced by an independent barFee change without checkpointing kLast.
W3B-0638,7f46ea64fc8e8a713cb00338bd59e2eea26f2bfcb56e235030fcc94500c83340,105,web3bugs_packets/W3B-0638.json,https://code4rena.com/reports/2022-03-paladin,,,YES,,,,,,Y,"Pass/recovery: this bucket lands directly in Paladin H-01's _updateDropPerSecond state machine. The monthly calculation changes currentDropPerSecond and then resets lastDropUpdate to block.timestamp, losing the fractional-month timing that causes the published excessive-emission drift; endDropPerSecond is part of the same rate state."
W3B-0639,7f89e4f52cdd234a79c4f608c1336ba0053dd67150f73ca40951ce7b1e075544,105,web3bugs_packets/W3B-0639.json,https://code4rena.com/reports/2022-03-paladin,,,YES,,,,,,Y,"Pass/recovery: stakeAndLock reaches _lock and appends a UserLock history entry carrying block.number. A subsequent lock-history transition in the same block can append another entry with the same fromBlock, recovering Paladin M-05's ambiguous/manipulable historical-state defect. The ERC20 balance is an over-broad extra relation member."
W3B-0640,7fa253cf7bb33520537b0290b1976ec86cbe80f4df024821a93d674aee71b8be,51,web3bugs_packets/W3B-0640.json,https://code4rena.com/reports/2021-11-bootfinance,NONBUG,reconciliation_precedes_consumption,YES,,,N,,,Y,"C3 fails: _updateEmission advances startEpochTime, then adds the completed epoch's old-rate issuance to startEpochSupply, and only then updates rate for the next epoch. The time/supply/rate checkpoint is coherent before _available_supply or claim consumes it."
W3B-0641,806ab5c87dbcb4fe4ac96d75f49f09a4a1b4ddb81043c5bf3630c5665b22e1c8,28,web3bugs_packets/W3B-0641.json,https://code4rena.com/reports/2021-09-sushimiso,NONBUG,analysis_abstraction_error,YES,,,N,,,Y,"C3 fails: _setList writes only marketStatus.usePointList, while auctionSuccessful consumes the distinct marketStatus.commitmentsTotal field against marketPrice.goal. Treating the aggregate marketStatus struct write as a commitments/goal desynchronization is a field-granularity abstraction error."
W3B-0642,80d13e185a61845c9b97dd55dfa83280e39e084c2cd082024175d21c93785e7c,54,web3bugs_packets/W3B-0642.json,https://code4rena.com/reports/2021-11-unlock,,,YES,,,,,,Y,"Pass/recovery: the _ownerOf/keyByOwner/keyManagerOf relation is the Unlock H-03/H-04 transfer-authorization state family. transfer can change ownership/key records while stale manager/approval authority remains usable by the prior party; the serialized transferFrom helper location is a granularity difference, not a semantic miss."
W3B-0643,80dbd21b17834aa8281525fa07e569e484efe6d81fa7d65fdafe5afdb1d74d29,105,web3bugs_packets/W3B-0643.json,https://code4rena.com/reports/2022-03-paladin,NONBUG,analysis_abstraction_error,YES,,,N,,,Y,"C3 fails: the nominated _getUserAccruedRewards site at L813 is reward-calculation/read logic. It reads userLocks and balance but does not persistently mutate userLocks, so no partial persistent transition is established."
W3B-0644,810ee8027a3850d654b57152075f0b57fcd53f569c6a39a07e1cb4e4c31b188b,45,web3bugs_packets/W3B-0644.json,https://code4rena.com/reports/2021-10-union,NONBUG,no_desynchronizing_partial_transition,YES,,,N,,,Y,C3 fails: accrueInterest legitimately increases totalBorrows while debtCeiling remains the fixed prospective borrowing cap. getRemainingLoanSize is explicitly designed to derive and clamp remaining capacity from changing debt against that unchanged policy limit.
W3B-0645,811eab5aeb4b3b822a5a0f99d32ea9ebb0beae68be7df13460f4f769fedf4ecf,76,web3bugs_packets/W3B-0645.json,https://code4rena.com/reports/2022-01-sherlock,NONBUG,reconciliation_precedes_consumption,YES,,,N,,,Y,C3 fails: protocolRemove changes premiums_ through _setSingleProtocolPremium only after _settleProtocolDebt has charged the old premium and checkpointed lastAccountedEachProtocol. Successful removal then proceeds with the zeroed premium/cleanup state; a failing path reverts.
W3B-0646,812251f3eb0130bae1c5290c75d24d0be41609da479dd294f2f9ab887b5318f3,26,web3bugs_packets/W3B-0646.json,https://code4rena.com/reports/2021-08-realitycards,NONBUG,no_desynchronizing_partial_transition,YES,,,N,,,Y,"C3 fails: cleanWastePile compacts waste-pile/user bookkeeping, while maxDeletions is the independent work bound used by findNewOwner/remove paths. Cleaning the waste pile does not require changing that policy limit; RealityCards H-01 is the different final-deletion control edge inside findNewOwner."
W3B-0647,814ef321ad94306b9d597f94157a9c9179efd5a159184252027109ae64ea425b,105,web3bugs_packets/W3B-0647.json,https://code4rena.com/reports/2022-03-paladin,,,YES,,,,,,Y,"Pass/recovery: _unlock appends an empty UserLock checkpoint with the current block number after clearing an expired lock. Another lock-history transition in the same block can therefore create duplicate fromBlock entries, recovering Paladin M-05's same-block historical-state defect. Balance is an over-broad extra member."
W3B-0648,817217b1267fcbfd5bf8011ee42b868c24c46bb99981e284538d351bc4b830ca,26,web3bugs_packets/W3B-0648.json,https://code4rena.com/reports/2021-08-realitycards,NONBUG,reconciliation_precedes_consumption,YES,,,N,,,Y,C3 fails: cleanWastePile's swap-and-pop cleanup clears the removed index and immediately repairs the moved record's index before later bidExists/add/remove paths consume user/index state. This is not the closeMarket stale-index defect.
W3B-0649,81823f15741c53fcb6a42cb0c3b15dca83a0fc987528dc21760a012d9ab3a03c,6,web3bugs_packets/W3B-0649.json,https://code4rena.com/reports/2021-04-meebits,,,YES,,,,,,Y,"Pass/novel duplicate recovery: randomIndex mutates the indices permutation but calls nonce.add(1) without assigning the returned value, so nonce remains stale; mint then advances token-count state. Subsequent randomIndex calls consume the stale nonce together with evolved permutation/count state."
W3B-0650,819f1b40d8efde4a0a44a68098a4b9dcef1d9d3468e63c118cd0436657d15df5,112,web3bugs_packets/W3B-0650.json,https://code4rena.com/reports/2022-04-backd,NONBUG,no_desynchronizing_partial_transition,YES,,,N,,,Y,C3 fails: _userCheckpoint recomputes and writes a user's boostFactors from the current global boost configuration. currentUInts256[_MAX_BOOST] is global policy and is not supposed to change whenever one user's checkpoint is refreshed.
W3B-0651,822672ff4a6802252302015f3864bc8b0a8d1989451b3187614fa758f59aae12,60,web3bugs_packets/W3B-0651.json,https://code4rena.com/reports/2021-12-perennial,NONBUG,reconciliation_precedes_consumption,YES,,,N,,,Y,"C3 fails: Factory.initialize creates controller 0 and immediately sets pauser in the same initialization before commit. controllerFor is a product-to-controller mapping that correctly remains empty until products are created, so the controller creation does not leave required controller/authorization state stale."
W3B-0652,823ca180234a899420a01e40803b39dd06346452ef9f747d8fdd139882ae9a32,26,web3bugs_packets/W3B-0652.json,https://code4rena.com/reports/2021-08-realitycards,NONBUG,analysis_abstraction_error,YES,,,N,,,Y,"C3 fails: _collectRentAction writes only card[_card].timeLastCollected, whereas the later winningOutcome payout checks consume other card fields for the resolved winning card. Whole-card aggregation makes this ordinary per-card timestamp update look like a winner-state partial write."
W3B-0653,82c05f8cc16fad9aae7ca8f7b66aa5e4450945309b19e6e14fc49b7e9dd95bb7,105,web3bugs_packets/W3B-0653.json,https://code4rena.com/reports/2022-03-paladin,,,YES,,,,,,Y,"Pass/recovery: stakeAndIncreaseLock reaches _stake -> _mint -> _beforeTokenTransfer -> _updateRewardState. On a monthly rate transition, currentDropPerSecond can change before _getNewIndex consumes the old lastRewardUpdate/rewardIndex interval, reproducing Paladin H-01's rate/checkpoint defect; the serialized totalSupply mint is the adjacent post-checkpoint transition."
W3B-0654,82cb1ea934037babde8a596d395ed7315145dd97976de96d68731b5690170432,45,web3bugs_packets/W3B-0654.json,https://code4rena.com/reports/2021-10-union,NONBUG,no_desynchronizing_partial_transition,YES,,,N,,,Y,"C3 fails: unstake subtracts only stake above getTotalLockedStake(msg.sender), so the staker's remaining principal still covers the member/vouch locked exposure. members trust/lock records are not required to change when free staked capital is withdrawn."
W3B-0655,83186a21bc72c1dbf339f2ede0d1334534e15850aa82eeaa91c0cbc554f88039,60,web3bugs_packets/W3B-0655.json,https://code4rena.com/reports/2021-12-perennial,NONBUG,no_desynchronizing_partial_transition,YES,,,N,,,Y,C3 fails: createProduct assigns the newly cloned product to an already-existing controllerId after onlyOwner(controllerId) validates that controller. _controllers is the controller registry and pauser is independent pause authority; neither should be mutated when a product is attached to a controller.
W3B-0656,832c328ec0f0af362e0dd64fe8455b5f89b5b5c94352123217163dd84f248e63,29,web3bugs_packets/W3B-0656.json,https://code4rena.com/reports/2021-09-sushitrident,NONBUG,no_desynchronizing_partial_transition,YES,,,N,,,Y,"C3 fails for this structural bucket: FranchisedIndexPool.mint updates records[tokenIn].reserve while the tokens list correctly remains fixed pool configuration. Although nearby source contains Trident H-13's unchecked amountIn + reserve expression, this bucket's emitted relation is tokens↔records and does not recover the reserve↔LP-supply inconsistency or an omitted state member consumed after desynchronization."
W3B-0657,833c888a0c41d3a71ac3119971009121544ab0ff3bc85eaa59d73c769df8fbc5,45,web3bugs_packets/W3B-0657.json,https://code4rena.com/reports/2021-10-union,,,YES,,,,,,Y,"Pass/recovery: accountBorrows, accrualBlockNumber and borrowIndex are the indexed-debt state behind Union H-01. This redeemUnderlying-side serialized accrualBlockNumber write is the corrective accrueInterest transition, while the bucket reaches borrow's pre-accrual indexed-debt consumers; under the established adjacent-writer rule it recovers the same borrow-before-accrual defect."
W3B-0658,83774f393f7059bba12b20d60c682a84214ee08558ab539dfc75520672813f22,26,web3bugs_packets/W3B-0658.json,https://code4rena.com/reports/2021-08-realitycards,NONBUG,no_desynchronizing_partial_transition,YES,,,N,,,Y,C3 fails: removeOldBids compacts a user's orderbook records while marketCloseLimit remains the independent reusable cap on how many market records closeMarket processes. The cleanup does not require changing that policy limit.
W3B-0659,83a81cfe20c3803018af12a86c7d2fe9f123beb9bba67ade0eb378254ea3ffa6,5,web3bugs_packets/W3B-0659.json,https://code4rena.com/reports/2021-04-vader,NONBUG,no_desynchronizing_partial_transition,YES,,,N,,,Y,"C3 fails: burning VADER legitimately decreases totalSupply while baseline, emissionCurve and maxSupply remain fixed emission/cap parameters. getDailyEmission is designed to derive emissions from the changed supply against those unchanged parameters."
W3B-0660,83b2935888fa9ba1bad846ef955189d84f48a1738b9347feab8393e3fcd5ce05,113,web3bugs_packets/W3B-0660.json,https://code4rena.com/reports/2022-04-abranft,NONBUG,no_desynchronizing_partial_transition,YES,,,N,,,Y,"C3 fails: removeCollateral destroys tokenLoan but tokenLoanParams need not be deleted with it; the params are irrelevant while tokenLoan is LOAN_INITIAL, and _requestLoan overwrites both tokenLoan and tokenLoanParams before a new loan can be consumed."
W3B-0661,83cc4d862da5dd5f2360189a49fbe4607a6763b6928b2166a466467c25499dab,105,web3bugs_packets/W3B-0661.json,https://code4rena.com/reports/2022-03-paladin,,,YES,,,,,,Y,"Pass/recovery: this bucket lands directly in Paladin H-01's _updateDropPerSecond state machine. currentDropPerSecond, endDropPerSecond and lastDropUpdate are the rate/timing state whose imprecise monthly checkpointing causes the published excessive-emission defect."
W3B-0662,83f3877de7520a479d0b7684589e058673d33720176fcb27b0ccb7d4288f7439,49,web3bugs_packets/W3B-0662.json,https://code4rena.com/reports/2021-11-overlay,NONBUG,reconciliation_precedes_consumption,YES,,,N,,,Y,"C3 fails: when brrrr rolls the current brrrrd roller/cycloid, it immediately resets both brrrrdAccumulator slots on the following statements before getBrrrrd/oiCap can consume the new window. impactRollers/impactCycloid are a separate rolling subsystem."
W3B-0663,843e1258dd7d783f3ddf676ef4195dfd07f04d949bd265c3013be05d4024ff61,52,web3bugs_packets/W3B-0663.json,https://code4rena.com/reports/2021-11-vader,NONBUG,reconciliation_precedes_consumption,YES,,,N,,,Y,"C3 fails: updateReward first writes rewardPerTokenStored from the old checkpoint and immediately advances lastUpdateTime, then updates the user's rewards/userRewardPerTokenPaid before the wrapped getReward body executes. The reward schedule and totalSupply are intentionally not rewritten by a claim."
W3B-0664,845e8940a58a566c963bdec50b7135c4be6ea8ebb003dc8a98c69e4dc18e8826,76,web3bugs_packets/W3B-0664.json,https://code4rena.com/reports/2022-01-sherlock,NONBUG,no_desynchronizing_partial_transition,YES,,,N,,,Y,"C3 fails in protocolAdd context: the protocol is entering a fresh accounting epoch, so _settleProtocolDebt establishes lastAccountedEachProtocol while the new/default premium is zero. This does not create the live-premium stale-checkpoint state of Sherlock's insolvency accounting defect."
W3B-0665,847a9d92fb5032741c04c4c0e6ea3067386fbaafb26155f1d766fc5132bcae76,22,web3bugs_packets/W3B-0665.json,https://code4rena.com/reports/2021-08-floatcapital,NONBUG,no_desynchronizing_partial_transition,YES,,,N,,,Y,"C3 fails: _calculateAccumulatedFloat intentionally clears userNextPrice_stakedSyntheticTokenShiftIndex after settling the user's executed shift, while batched_stakerNextTokenShiftIndex remains the global batch cursor. Their inequality is used to detect/settle pending shifts, not a stale mirror."
W3B-0666,84f19e86ffce7d637595fcc93c700629d5ed574fa223c69c2016df8277fec77e,110,web3bugs_packets/W3B-0666.json,https://code4rena.com/reports/2022-04-badger-citadel,NONBUG,no_desynchronizing_partial_transition,YES,,,N,,,Y,"C3 fails: setSaleStart changes the sale's scheduling anchor; saleDuration remains the independently configured duration, while tokenInLimit and totalTokenIn are the independent cumulative cap and progress counter. Rescheduling the same sale does not require resetting those quantities, and no published Citadel defect establishes such an invariant."
W3B-0667,84feefea28778da4579f63c47ef0ef395cf775aa7b807a6c8be6cdbc1f439992,105,web3bugs_packets/W3B-0667.json,https://code4rena.com/reports/2022-03-paladin,NONBUG,no_desynchronizing_partial_transition,YES,,,N,,,Y,C3 fails: increaseLockDuration changes lock-duration metadata while preserving the already-locked amount. The user's ERC20 balance is not supposed to change for a duration-only lock update; the existing balance continues to back the lock.
W3B-0668,850b29ab9d9193e8dba18d31db13b2287527937d006bfa08bc51ea1ae0ab5020,76,web3bugs_packets/W3B-0668.json,https://code4rena.com/reports/2022-01-sherlock,NONBUG,reconciliation_precedes_consumption,YES,,,N,,,Y,"C3 fails in setProtocolPremium context: _settleProtocolDebt settles active-balance/nonstaker accounting and advances lastAccountedEachProtocol under the old premium before the premium transition. If insolvency leaves zero coverage, a new nonzero premium fails the coverage check and reverts; a zero premium commits the corrective state."
W3B-0669,85bab833928a456ed72116f2ed9e2c1575b1f5a0b353e08242367e0e915ebc18,45,web3bugs_packets/W3B-0669.json,https://code4rena.com/reports/2021-10-union,NONBUG,no_desynchronizing_partial_transition,YES,,,N,,,Y,C3 fails: accrueInterest legitimately increases totalBorrows while debtCeiling remains the fixed prospective borrowing cap. getRemainingLoanSize explicitly derives/clamps remaining capacity from changing debt against that unchanged limit.
W3B-0670,86542a4d2d7e80d7f4a9df4c438bd22550cb89cc84c049ecf6ba8ea2190ccabb,45,web3bugs_packets/W3B-0670.json,https://code4rena.com/reports/2021-10-union,,,YES,,,,,,Y,"Pass/recovery: Union H-01 is the accountBorrows/accrualBlockNumber/borrowIndex stale-debt family consumed by borrow before accrueInterest. This packet reaches the exact maxBorrow pre-accrual check; the repayBorrowBehalf-side borrowIndex write is the adjacent corrective accrual transition, not a distinct benign relation."
W3B-0671,8657e28bbfa5f4fafd41ae6f8892392211f411ca75e07707d5bc582c2721b719,26,web3bugs_packets/W3B-0671.json,https://code4rena.com/reports/2021-08-realitycards,NONBUG,no_desynchronizing_partial_transition,YES,,,N,,,Y,"C3 fails: cleanWastePile mutates waste-pile/user linked-list state while marketCloseLimit remains the independent closeMarket processing cap. The limit is policy/configuration, not cached list state that must track cleanup."
W3B-0672,8666ef61585d0ad5b45d600455105a6aba7b1194a45742d76b70dcf880ef712d,26,web3bugs_packets/W3B-0672.json,https://code4rena.com/reports/2021-08-realitycards,NONBUG,reconciliation_precedes_consumption,YES,,,N,,,Y,"C3 fails in removeUserFromOrderbook context: bid deletion is delegated to _removeBidFromOrderbookIgnoreOwner, which compacts user state and repairs the removed/moved indexes before later closeMarket/orderbook use. RealityCards H-01 is the different findNewOwner/maxDeletions edge."
W3B-0673,866ffd363bd47e6ae55a2bcb7c030bc6fd7b2beeee9dd52e04de6040024a4d74,49,web3bugs_packets/W3B-0673.json,https://code4rena.com/reports/2021-11-overlay,NONBUG,reconciliation_precedes_consumption,YES,,,N,,,Y,"C3 fails: the non-roll brrrr branch increments brrrrdAccumulator[0] and [1] on consecutive statements. brrrrdExpected is policy and impactRollers/impactCycloid are a separate rolling subsystem, so no partial rolling-window state persists to oiCap."
W3B-0674,869f55c8b409bf26140f180d8af8c96f485ff62efd7aef0318f03aac9352985d,78,web3bugs_packets/W3B-0674.json,https://code4rena.com/reports/2022-01-behodler,,,YES,,,,,,Y,"Pass/new duplicate recovery of the validated Behodler configuration/quote family: configure rewrites the UniswapHelper VARS that determine quote source, pair, timing, precision and stabilization behavior without invalidating latestFlanQuotes; stabilizeFlan can later combine those persisted old quotes with the new configuration."
W3B-0675,86af27234d6766bf835833e8332b343b2676fcd026d07b9ad2fd56484a51e376,54,web3bugs_packets/W3B-0675.json,https://code4rena.com/reports/2021-11-unlock,,,YES,,,,,,Y,Pass/recovery: Unlock H-03/H-04 is the transfer ownership/authorization inconsistency. This bucket lands in transferFrom on the _ownerOf/keyByOwner/keyManagerOf state family where ownership/key records change while prior manager/authorization state can remain usable; the helper-level writer granularity is not a semantic miss.
W3B-0676,870d43fd9649f14129eefaffdc96ca89d4be622db3db74d078711d9986dedba1,124,web3bugs_packets/W3B-0676.json,https://code4rena.com/reports/2022-06-notional-coop,NONBUG,no_desynchronizing_partial_transition,YES,,,N,,,Y,"C3 fails: addBorrowAssets first resolves underlyingToCToken[newBorrowAsset] and requires a nonzero cToken, then enables that exact cToken for the SetToken. The global underlying-to-cToken registry is intentionally unchanged by per-Set enablement; the nominated initialization/add-borrow transition does not create stale registry state."
W3B-0677,8739cb434f15da17879cde8565f110cc5c8c69a3c3929c3ee095c44fda2adb9c,76,web3bugs_packets/W3B-0677.json,https://code4rena.com/reports/2022-01-sherlock,NONBUG,reconciliation_precedes_consumption,YES,,,N,,,Y,"C3 fails in setProtocolPremium context: _settleProtocolDebt can zero an insolvent active balance and checkpoint lastAccountedEachProtocol, but _setSingleProtocolPremium then rejects any nonzero new premium whose coverage is below MIN_SECONDS_OF_COVERAGE. A committing zero-premium path stops the continuing accounting error rather than leaving live premium state."
W3B-0678,87bba9a4881c7001d349b1e6620fd35af2dc6488981ae66071506900c185fd6e,53,web3bugs_packets/W3B-0678.json,https://code4rena.com/reports/2021-11-nested,NONBUG,reconciliation_precedes_consumption,YES,,,N,,,Y,"C3 fails: setShareholders deletes the old array, resets totalWeights to royaltiesWeight, then every _addShareholder pushes the new shareholder and increments totalWeights in the same rebuild before later fee consumption. Nested L-04 requires the separate updateShareholder -> setRoyaltiesWeight sequence; M-02 is duplicate-account validation, not this stale-state transition."
W3B-0679,88106d4aa00fcd7970040a0a955759976daef9a2e0333dfadbe7d5a2744f8784,22,web3bugs_packets/W3B-0679.json,https://code4rena.com/reports/2021-08-floatcapital,,,YES,,,,,,Y,"Pass/recovery: Float L-06 couples marketLaunchIncentive period/multiplier to the persisted launch/snapshot timing baseline consumed by _getKValue. This bucket reaches the exact launch-incentive parameters, accumulative snapshot state, and _getKValue/cumulative-issuance sink from the corrective snapshot side of the same defect."
W3B-0680,883917d31e74694c325bec390b685acf32ad75f22435cb02dc5fc6a66116b7c5,5,web3bugs_packets/W3B-0680.json,https://code4rena.com/reports/2021-04-vader,NONBUG,no_desynchronizing_partial_transition,YES,,,N,,,Y,C3 fails: burning VADER legitimately decreases totalSupply while baseline remains the fixed emission threshold. getDailyEmission is explicitly designed to derive the next emission from the changed supply against that unchanged baseline.
W3B-0681,88dffdc93ad145dd7b0b63f123abc8e4f4497fad85a0670796e33845c3484562,26,web3bugs_packets/W3B-0681.json,https://code4rena.com/reports/2021-08-realitycards,,,YES,,,,,,Y,"Pass/new duplicate recovery of the validated RealityCards closeMarket family: closeMarket rewires and pops market-head user records without clearing the corresponding market index entries. When marketCloseLimit leaves records and closeMarket returns false, later orderbook/remove paths can consume stale user/index state."
W3B-0682,88e207fc5ad8a159eec689924c0da2434fcee47291fa04ed17020b3e8c72927b,26,web3bugs_packets/W3B-0682.json,https://code4rena.com/reports/2021-08-realitycards,NONBUG,reconciliation_precedes_consumption,YES,,,N,,,Y,"C3 fails: _newBidInOrderbook updates linked-list pointers, pushes the new user bid, and immediately records index[_user][_market][_card] = user[_user].length - 1 before return. cleanWastePile therefore does not receive a stale user/index pair from this writer."
W3B-0683,88f3bfbb19a68c8c43b2c5c07f820506b44fcdbb9883566c0385fb3f66e1e1d5,52,web3bugs_packets/W3B-0683.json,https://code4rena.com/reports/2021-11-vader,NONBUG,reconciliation_precedes_consumption,YES,,,N,,,Y,"C3 fails: stake's updateReward modifier checkpoints rewardPerTokenStored, lastUpdateTime, rewards, and userRewardPerTokenPaid under the old balance/supply before the body increases _totalSupply and _balances. The reward schedule is intentionally unchanged by a stake."
W3B-0684,8901ccee994b97f7cba39c7c499ca32f64e0593f753af83836f8fd11944d1d9e,26,web3bugs_packets/W3B-0684.json,https://code4rena.com/reports/2021-08-realitycards,NONBUG,no_desynchronizing_partial_transition,YES,,,N,,,Y,"C3 fails: collectRent advances per-card time/rent accounting while cardAffiliateCut remains the fixed market payout percentage later applied to rentCollectedPerCard. The cut is configuration, not mirrored card state that must change on each rent collection."
W3B-0685,891f56dad81bebed1c654d107ce7ec61f10bf529043ced8bce6c37361f6859de,105,web3bugs_packets/W3B-0685.json,https://code4rena.com/reports/2022-03-paladin,NONBUG,reconciliation_precedes_consumption,YES,,,N,,,Y,"C3 fails at the nominated rewardIndex checkpoint: _updateRewardState obtains the current drop rate, computes the new rewardIndex, and immediately writes lastRewardUpdate on the next statement. Paladin H-01 is produced by the preceding currentDropPerSecond/lastDropUpdate monthly-rounding transition, not by leaving rewardIndex partially checkpointed."
W3B-0686,893378075e8efa0cab0dc265d93d546a735229f38f8a280b77ab5cf153712b80,78,web3bugs_packets/W3B-0686.json,https://code4rena.com/reports/2022-01-behodler,NONBUG,no_desynchronizing_partial_transition,YES,,,N,,,Y,"C3 fails: configureSoul advances latestIndex only when selecting a new soul generation, immediately operates on currentSoul(token), and initializes the new generation's staking timestamp when entering staking. crossingConfig is independent global migration configuration; no stale migration tuple is established by the nominated index update."
W3B-0687,8980cfdf69929d2a6e826c7d261a4e08cef2f738bb46d8afa7d677d00cf38ab3,26,web3bugs_packets/W3B-0687.json,https://code4rena.com/reports/2021-08-realitycards,NONBUG,no_desynchronizing_partial_transition,YES,,,N,,,Y,C3 fails: closeMarket intentionally moves closed-market bids into the waste-pile user structure while cleaningLoops remains the fixed per-call garbage-collection work cap. The cap is not state that must track waste-pile length.
W3B-0688,8a239b5b2542356b457f04a0c5c01532bc4d55b749016781c33bae533a00b730,105,web3bugs_packets/W3B-0688.json,https://code4rena.com/reports/2022-03-paladin,NONBUG,analysis_abstraction_error,YES,,,N,,,Y,C3 fails: the nominated _getUserAccruedRewards line assigns userLocks[user].length - 1 to a memory variable and only reads lock state; it does not persistently write userLocks. No desynchronizing state transition is established.
W3B-0689,8a4a69be6bc658495cb56ceeb7d57e25881314d51787d819d208d5545e6bc904,29,web3bugs_packets/W3B-0689.json,https://code4rena.com/reports/2021-09-sushitrident,,,YES,,,,,,Y,"Pass/recovery: Trident H-13 is the exact IndexPool mint balance check _balance(tokenIn) >= amountIn + reserve, where unchecked addition can overflow and permit minting disproportionate LP supply without the required reserves. The bucket contains that exact origin plus records/reserve and totalSupply despite adjacent burnSingle writer localization."
W3B-0690,8a5a955be402aba70f9f742acc2e325ceb7c2bba3cfe2991bdcb218608a2c12c,28,web3bugs_packets/W3B-0690.json,https://code4rena.com/reports/2021-09-sushimiso,NONBUG,unsupported_or_overbroad_relation,NO,,N,,,,Y,"C2 fails: ERC20 _name and SushiToken sigNonces do not form a protocol synchronization invariant. _name is initialized once; delegateBySig independently consumes per-signatory nonces, and this implementation's EIP-712 domain separator is based on chainId and verifying contract rather than _name."
W3B-0691,8afb4cf16aefc4da2f4230bddb54d0e51cbc249ca1998848ecf606a1214725a9,76,web3bugs_packets/W3B-0691.json,https://code4rena.com/reports/2022-01-sherlock,,,YES,,,,,,Y,"Pass/novel duplicate recovery: nonStakersClaim can enter Sherlock's debt > activeBalance repair, set activeBalances to zero and advance lastAccountedEachProtocol while premiums_ remains live. The source explicitly warns the premium must be zeroed first or the accounting error keeps increasing; later debt/coverage/removal logic consumes that state."
W3B-0692,8b1ba875ad1db681565d0cb1d267731694c4738dd75f50d95ffa115aefcd361b,45,web3bugs_packets/W3B-0692.json,https://code4rena.com/reports/2021-10-union,NONBUG,reconciliation_precedes_consumption,YES,,,N,,,Y,C3 fails: AssetManager.withdraw updates balances[msg.sender][token] and totalPrincipal[token] with the same '- amount + remaining' adjustment on adjacent statements in the same branch before return. The per-account and aggregate principal bookkeeping is reconciled within the withdrawal.
W3B-0693,8b513c042e6b68308af56c97392726a3ee1b5ef04f6f58ab2d7e6cae3b151e95,145,web3bugs_packets/W3B-0693.json,https://code4rena.com/reports/2022-07-ens,NONBUG,no_desynchronizing_partial_transition,YES,,,N,,,Y,"C3 fails: changing records[node].owner intentionally changes which owner-scoped operators mapping is consulted. authorised() first loads the current owner and then checks operators[currentOwner][msg.sender], so old-owner operator approvals do not remain attached to the transferred node."
W3B-0694,8b540b4782f3d512afe9f5ae224ff130152cc2ab9076412eb061dec113d182ae,12,web3bugs_packets/W3B-0694.json,https://code4rena.com/reports/2021-05-yield,NONBUG,no_desynchronizing_partial_transition,YES,,,N,,,Y,C3 fails: ERC20 transferFrom moves balances between accounts while totalSupply correctly remains invariant; the transfer itself conserves aggregate balance. Mint/burn are the operations that update both account balance and total supply.
W3B-0695,8b63e82efc6f1ec770efe9a936725a9174b4a6302bba9998281d3df855e18920,107,web3bugs_packets/W3B-0695.json,https://code4rena.com/reports/2022-04-jpegd,NONBUG,no_desynchronizing_partial_transition,YES,,,N,,,Y,C3 fails: finalizePendingNFTValueETH intentionally changes this NFT from the default type to CUSTOM_NFT_HASH and stores its custom value. daoFloorOverride is a global policy used only for untyped NFTs; it need not change when one NFT becomes custom-valued.
W3B-0696,8b68c74b9c184287b782430774bfd753fdf6a39bfa26d4f130fdff58153e7be4,52,web3bugs_packets/W3B-0696.json,https://code4rena.com/reports/2021-11-vader,NONBUG,reconciliation_precedes_consumption,YES,,,N,,,Y,"C3 fails: getReward runs updateReward(msg.sender) before zeroing rewards[msg.sender], so rewardPerTokenStored, lastUpdateTime, rewards and userRewardPerTokenPaid are checkpointed under the current balance/supply first. Clearing the settled claim then leaves the reward state consistent."
W3B-0697,8be855d0b4e48b76db86d7cd9489a0d50959e0a710b37818f388d64774461e0a,105,web3bugs_packets/W3B-0697.json,https://code4rena.com/reports/2022-03-paladin,,,YES,,,,,,Y,"Pass/recovery: Paladin M-05 cites this exact _lock userLocks.push history writer. Multiple lock-history entries can be persisted with the same fromBlock, making historical lock/balance queries ambiguous or manipulable; the aggregate userLocks/_balances bucket recovers that defect despite coarser relation granularity."
W3B-0698,8c04d7a0da9aa3c6c2d609bcdfcf1f56cde64d13127492a95883f1f7a4266807,26,web3bugs_packets/W3B-0698.json,https://code4rena.com/reports/2021-08-realitycards,NONBUG,no_desynchronizing_partial_transition,YES,,,N,,,Y,C3 fails: rent collection is supposed to increase per-card time/rent accounting while cardAffiliateCut remains the fixed market payout percentage later applied to rentCollectedPerCard. No paired cut update is required.
W3B-0699,8c6295d2827a4daa2cd5f1441207147cf26c8e159cc7fc7485fef84937489a88,26,web3bugs_packets/W3B-0699.json,https://code4rena.com/reports/2021-08-realitycards,NONBUG,no_desynchronizing_partial_transition,YES,,,N,,,Y,C3 fails: card rent/time accounting legitimately evolves during the market while winnerCut remains configured and winningOutcome is resolved later. Payout consumes the finalized outcome and accumulated card state only after resolution.
W3B-0700,8c75f1ee82ab89a6a5339ee9b7f00d8745fe7cf8aefa25a2e68b47ae3462f934,192,web3bugs_packets/W3B-0700.json,https://code4rena.com/reports/2022-12-tigris,NONBUG,unsupported_or_overbroad_relation,NO,,N,,,,Y,"C2 fails: maxWinPercent and closeFees are independent closing-policy inputs. Changing the payout cap does not imply that the fee schedule must change, and their later co-influence on a close does not establish a synchronization invariant. Tigris H-09 concerns partial-position state bypassing maxWinPercent, not stale closeFees."
W3B-0701,8c80e3dfca65685497361e0e04881c3e5b6c983a81c1d3a0c415299293a1bb37,35,web3bugs_packets/W3B-0701.json,https://code4rena.com/reports/2021-09-sushitrident-2,NONBUG,no_desynchronizing_partial_transition,YES,,,N,,,Y,"C3 fails: HybridPool.mint computes protocol fees from the old dLast, mints the user's LP supply, updates reserves, and then checkpoints dLast to the new liquidity value before commit. barFee is configuration and the transaction ends reconciled."
W3B-0702,8c99e86d7002205809e9830450b1e56a220cca1f52499bcc196d1e2cab862d5e,112,web3bugs_packets/W3B-0702.json,https://code4rena.com/reports/2022-04-backd,,,YES,,,,,,Y,"Pass/novel recovery: BkdLocker.initialize is guarded only by currentUInts256[_START_BOOST] == 0. If initialized with startBoost=0 it can be called again after user boostFactors exist, changing _START_BOOST while those persisted user checkpoints remain; computeNewBoost later combines the new global startBoost with old boostFactors."
W3B-0703,8cab5f4ad97c4ca103925068aca3d65a897eb276395fa3d8fabd57bd2ac8b060,53,web3bugs_packets/W3B-0703.json,https://code4rena.com/reports/2021-11-nested,NONBUG,no_desynchronizing_partial_transition,YES,,,N,,,Y,C3 fails: updateHoldingAmount changes the amount of an existing holding without changing the number of holdings. maxHoldingsCount is a configured capacity bound on records[_nftId].tokens.length and correctly remains fixed.
W3B-0704,8cb7f3822dc8025af0c8cf57d1c067ec06ce6a30fd0383129fb1641384bbb78c,123,web3bugs_packets/W3B-0704.json,https://code4rena.com/reports/2022-05-aura,NONBUG,no_desynchronizing_partial_transition,YES,,,N,,,Y,C3 fails: AuraLocker.updateReward intentionally updates per-user reward data for each token currently listed in rewardTokens while the token registry itself remains unchanged. rewardTokens membership is not mirrored state that must change with each user's checkpoint.
W3B-0705,8ce275b5b719fbcba7e4b89dad7720c44ce3de5d36533681ca5fd463e6552339,45,web3bugs_packets/W3B-0705.json,https://code4rena.com/reports/2021-10-union,NONBUG,no_desynchronizing_partial_transition,YES,,,N,,,Y,"C3 fails: __UToken_init establishes accrualBlockNumber, borrowIndex, maxBorrow and originationFee during initial market setup, before borrower checkpoints exist. The initializer does not create the stale indexed-debt state of Union H-01."
W3B-0706,8cf4683406270b4af6711079f4cad6dc59397bb39829b1186a3be94d04c93988,22,web3bugs_packets/W3B-0706.json,https://code4rena.com/reports/2021-08-floatcapital,NONBUG,reconciliation_precedes_consumption,YES,,,N,,,Y,C3 fails: _stake checkpoints userIndexOfLastClaimedReward to the market's latestRewardIndex when the stake is established; marketIndexOfToken supplies the corresponding market. Later reward calculation therefore does not consume a stale pre-stake reward index.
W3B-0707,8d8985f2b586913a74ddd8beba79f33680ef0798d679cba54fce07ed53a191dc,26,web3bugs_packets/W3B-0707.json,https://code4rena.com/reports/2021-08-realitycards,NONBUG,reconciliation_precedes_consumption,YES,,,N,,,Y,C3 fails: removeOldBids is itself the deferred closed-market reconciliation path. It consumes closedMarkets/userClosedMarketIndex while repairing user/index bookkeeping and advances the cleanup state before returning.
W3B-0708,8dbd5cf80811a527bffa6cc7de5fc6d63d27632450d44140bbed563e86c2c6ce,105,web3bugs_packets/W3B-0708.json,https://code4rena.com/reports/2022-03-paladin,NONBUG,analysis_abstraction_error,YES,,,N,,,Y,C3 fails: the nominated _availableBalanceOf site is an internal view that only reads userLocks and ERC20 balance; it performs no persistent write. The packet therefore does not establish a desynchronizing transition.
W3B-0709,8dd70c289e87b065ccd2ecd08296b38512ac98191ecb510e380d349c059b345a,45,web3bugs_packets/W3B-0709.json,https://code4rena.com/reports/2021-10-union,,,YES,,,,,,Y,"Pass/recovery: accountBorrows, accrualBlockNumber and borrowIndex are the indexed-debt state behind Union H-01. The bucket reaches borrow's stale debt consumers and the accrueInterest corrective checkpoint; under the established adjacent-writer rule this recovers the borrow-before-accrual defect."
W3B-0710,8e01235ed6119fa7ae889ecaa311ee734508dadf1850632ab6c12a041c3a2581,110,web3bugs_packets/W3B-0710.json,https://code4rena.com/reports/2022-04-badger-citadel,NONBUG,no_desynchronizing_partial_transition,YES,,,N,,,Y,"C3 fails: KnightingRound.initialize sets saleStart, saleDuration and tokenInLimit in the same initialization, while totalTokenIn intentionally begins at zero and later grows against the fixed cap. No stale sale state is created."
W3B-0711,8e7661c70312430a99ded2f5ea51c60c4a851e9c5a72038b30ee1e5f6590cc2c,22,web3bugs_packets/W3B-0711.json,https://code4rena.com/reports/2021-08-floatcapital,,,YES,,,,,,Y,"Pass/novel: changing balanceIncentiveCurve_equilibriumOffset does not checkpoint accumulativeFloatPerSyntheticTokenSnapshots first. The next cumulative issuance update uses the new curve parameter across the full timeDelta since the older snapshot, retroactively repricing that interval."
W3B-0712,8e8d6583e355f92e18ab4ff3db94cd1e72bd173412973de4166247dc0f7934a1,78,web3bugs_packets/W3B-0712.json,https://code4rena.com/reports/2022-01-behodler,NONBUG,no_desynchronizing_partial_transition,YES,,,N,,,Y,C3 fails: updateSoul updates the currently selected souls[token][latestIndex[token]] reward accumulator/timestamp during unstake. latestIndex is the selector for the active soul generation and is not supposed to advance merely because that soul's accounting is checkpointed.
W3B-0713,8ec66bc446d6ad6fecdd54e585c8f029df13c1336b886f5a53f99fd0b664516b,100,web3bugs_packets/W3B-0713.json,https://code4rena.com/reports/2022-03-prepo,NONBUG,no_desynchronizing_partial_transition,YES,,,N,,,Y,"C3 fails: initiateWithdrawal records the request amount and block while _delayedWithdrawalExpiry remains the global withdrawal-window policy intentionally applied later. prePO H-03 is the separate ability to transfer collateral after initiating a request, not a stale request/expiry transition."
W3B-0714,8edc92b511d30e2a8bbf548a6fd723c44cfd87c71fab0f277fada502ac868984,29,web3bugs_packets/W3B-0714.json,https://code4rena.com/reports/2021-09-sushitrident,,,YES,,,,,,Y,"Pass/recovery: the barFee/kLast pair is the Trident fee-baseline state already recovered elsewhere. kLast is the corrective checkpoint for unminted liquidity growth, while barFee can change independently between checkpoints; the next _mintFee can apply the new fee to growth accumulated since the older kLast. The burnSingle writer is corrective-side granularity, not a semantic miss."
W3B-0715,8ee52f1cac2a32f818f698c5da63b52851d0bc2ab44911f6ba90266c2bd4c9b9,35,web3bugs_packets/W3B-0715.json,https://code4rena.com/reports/2021-09-sushitrident-2,NONBUG,no_desynchronizing_partial_transition,YES,,,N,,,Y,"C3 fails: HybridPool.mint computes protocol fees from the old dLast, mints the user's LP supply, updates reserves, and then checkpoints dLast to the new liquidity value. barFee is fee configuration and need not change with that checkpoint; the transaction ends reconciled."
W3B-0716,8f48c5f7c010cbed6bc0228b1ab67b03e8ba19849432a807a7a16c2d02da82ec,54,web3bugs_packets/W3B-0716.json,https://code4rena.com/reports/2021-11-unlock,,,YES,,,,,,Y,"Pass/recovery: Unlock H-03 is the transferFrom ownership/key-manager inconsistency. This bucket lands in the exact transfer path where keyByOwner/ownership state is changed and the old key is cleared while keyManagerOf can remain stale, allowing the prior party to retain transfer authority."
W3B-0717,8f5939836973a5423777785cd6e2b20fbf9a6896d83c45f2c676eeea8de4b427,76,web3bugs_packets/W3B-0717.json,https://code4rena.com/reports/2022-01-sherlock,NONBUG,incompatible_context_key_or_ordering,YES,,,N,,,Y,"C3 fails in protocolRemove context: protocol removal requires the premium already be zero, so _settleProtocolDebt cannot create the live premium/lastAccounted insolvency inconsistency found in the Sherlock accounting bug. Removal proceeds only from the already-zero-premium state."
W3B-0718,8f5bd1480349839c09a3f62a14255993698a0155c1565319b2a0a9ecc6eb2172,76,web3bugs_packets/W3B-0718.json,https://code4rena.com/reports/2022-01-sherlock,NONBUG,incompatible_context_key_or_ordering,YES,,,N,,,Y,C3 fails in protocolRemove context: the premium must already be zero and protocol debt is settled before _forceRemoveProtocol deletes the per-protocol accounting checkpoint. The removed protocol has no live premium state left to consume the deleted lastAccountedEachProtocol.
W3B-0719,8ff6b5f1f8db8cb012bb09609f06ab7632947532b6acea7f2dbd742b622b9b69,22,web3bugs_packets/W3B-0719.json,https://code4rena.com/reports/2021-08-floatcapital,,,YES,,,,,,Y,"Pass/recovery: this is the defect-producing side of Float L-06. _changeMarketLaunchIncentiveParameters rewrites the period/multiplier while _getKValue continues to use the original persisted launch snapshot timestamp, so the new incentive schedule is evaluated against a stale timing baseline."
W3B-0720,901342fe9142e29818c0bfdfcaaebffa233f56043f879498cc57f3d0e1a25769,192,web3bugs_packets/W3B-0720.json,https://code4rena.com/reports/2022-12-tigris,NONBUG,no_desynchronizing_partial_transition,YES,,,N,,,Y,C3 fails: modifySl changes only a position's stop-loss price. longOi/shortOi are asset-level aggregate open-interest state and are not supposed to change when stop-loss metadata on an existing trade is edited.
W3B-0721,905ff23b8c62d98dff19f7bc59efca1e8ab2a166ef66615682f741ad12314712,31,web3bugs_packets/W3B-0721.json,https://code4rena.com/reports/2021-09-bvecvx,,,YES,,,,,,Y,Pass/recovery: this bucket lands directly on CvxLocker.updateReward's iteration over rewardTokens while updating per-token/per-user reward state. It recovers the published bveCVX L-05 unbounded rewardTokens iteration/DoS defect.
W3B-0722,906835e9046bf116d1ee158addcb745ce2b4f16990bc204bbf70c2bac880920a,5,web3bugs_packets/W3B-0722.json,https://code4rena.com/reports/2021-04-vader,NONBUG,no_desynchronizing_partial_transition,YES,,,N,,,Y,C3 fails: totalSupply is designed to change through minting while baseline remains a fixed emission threshold. getDailyEmission intentionally derives future emission from the new totalSupply against that unchanged baseline.
W3B-0723,908755a931edf28d42857a98a9666df5a4eec01788facc11c5c15d6dd28a6454,22,web3bugs_packets/W3B-0723.json,https://code4rena.com/reports/2021-08-floatcapital,,,YES,,,,,,Y,"Pass/novel: changing balanceIncentiveCurve_equilibriumOffset does not checkpoint accumulativeFloatPerSyntheticTokenSnapshots first. The next cumulative issuance update computes a curve-derived rate with the new offset and multiplies it by the full timeDelta since the older snapshot, retroactively repricing that interval."
W3B-0724,9095c4e5209699130265ce6117f64d6b9803fcb552282b3b2f42ea32913d7d4a,34,web3bugs_packets/W3B-0724.json,https://code4rena.com/reports/2021-10-pooltogether,NONBUG,incompatible_context_key_or_ordering,YES,,,N,,,Y,"C3 fails: setRngTimeout is guarded by requireDrawNotStarted, whose _requireDrawNotStarted check rejects an in-flight rngRequest. The timeout therefore cannot be changed while the request/timestamp it would govern is active."
W3B-0725,90a8e0063fe0fb6701348bb124ab36823c3d5513f254d75a952f425fc62e0c63,26,web3bugs_packets/W3B-0725.json,https://code4rena.com/reports/2021-08-realitycards,,,YES,,,,,,Y,"Pass/recovery: RealityCards H-01 is the findNewOwner/maxDeletions edge case, and this bucket's writer is the exact _removeBidFromOrderbookIgnoreOwner helper under findNewOwner. On the final allowed deletion the control edge can misclassify a valid next owner and remove it on the following call."
W3B-0726,90ccb4ce7c6ef0a4c8c5ac0f2274dae350dc7c8868bb47ee2f7803e17a1335bb,105,web3bugs_packets/W3B-0726.json,https://code4rena.com/reports/2022-03-paladin,NONBUG,no_desynchronizing_partial_transition,YES,,,N,,,Y,C3 fails: _lock records a restriction on an amount already backed by the user's hPAL ERC20 balance. Locking or increasing the locked portion does not require changing that balance; later transfer/availability checks enforce that only unlocked balance can move.
W3B-0727,90cd2ad9aa5efc29140e9e71fd59074eb09e67d9f0ee6b26de374e8b1c3b2b88,107,web3bugs_packets/W3B-0727.json,https://code4rena.com/reports/2022-04-jpegd,NONBUG,reconciliation_precedes_consumption,YES,,,N,,,Y,"C3 fails: NFTVault.borrow updates totalDebtPortion, the position's debtPortion/debtPrincipal, and totalDebtAmount within the same borrow transition before returning or any later relevant consumer can observe a partial debt state. JPEG'd M-04 is the separate APR-before-accrue defect."
W3B-0728,90d4265a61ff06f76fc6b0dd5cd0c9159b9d6ecfb0cd603ae3fe396235ddf2c4,29,web3bugs_packets/W3B-0728.json,https://code4rena.com/reports/2021-09-sushitrident,,,YES,,,,,,Y,"Pass/novel: kLast checkpoints unminted ConstantProductPool liquidity growth, while updateBarFee can change barFee without first checkpointing/minting that growth. The next _mintFee applies the new fee rate to growth accumulated since the older kLast, retroactively repricing protocol fees."
W3B-0729,9107f56aa2fbba24ec19c3697a0d2f2904175b4db2bca96e5a2401c504be0e85,76,web3bugs_packets/W3B-0729.json,https://code4rena.com/reports/2022-01-sherlock,NONBUG,no_desynchronizing_partial_transition,YES,,,N,,,Y,C3 fails: activeBalances is live protocol accounting while minActiveBalance is a governance-set removal threshold. Settling or changing a protocol balance is supposed to leave that policy threshold unchanged; forceRemoveByActiveBalance simply compares the current balance against it.
W3B-0730,9139623e8995f2436051a3b5c41b59dd5d75f204903d6ddd3e5ebe5f276b068c,45,web3bugs_packets/W3B-0730.json,https://code4rena.com/reports/2021-10-union,NONBUG,reconciliation_precedes_consumption,YES,,,N,,,Y,C3 fails: repayBorrow calls accrueInterest and requires a fresh accrualBlockNumber before _repayBorrowFresh rewrites accountBorrows. The borrowIndex/accrual checkpoint is therefore current before the repayment writer matters; Union H-01 is the separate borrow-before-accrual path.
W3B-0731,9203ddd43947af4425ec28391ecf0f1bb132be53ed51c5ae54d46c746919f7e6,45,web3bugs_packets/W3B-0731.json,https://code4rena.com/reports/2021-10-union,NONBUG,no_desynchronizing_partial_transition,YES,,,N,,,Y,C3 fails: debtWriteOff deliberately reduces the staker's deposited exposure and the corresponding member locked/trust records in the same function. The updated member state and reduced stakers balance are consistent before later external effects. Union M-06 instead concerns totalFrozen being updated before reward withdrawal.
W3B-0732,9218e003ce5b546c2abeb4a7bd4a4214079d23157ae4946c0f4050ba740d4759,54,web3bugs_packets/W3B-0732.json,https://code4rena.com/reports/2021-11-unlock,,,YES,,,,,,Y,"Pass/recovery: Unlock H-03/H-04 is the key ownership/authorization inconsistency across transfer. This bucket reaches the exact _setKeyManagerOf corrective helper and the _ownerOf/keyByOwner/keyManagerOf state family used by the vulnerable transfer path, including downstream authorization consumption."
W3B-0733,924d59f9627ce1037b62e49728a7f260d6ab31f1ab00e079fd5563bf44c6aa2b,105,web3bugs_packets/W3B-0733.json,https://code4rena.com/reports/2022-03-paladin,,,YES,,,,,,Y,Pass/recovery: Paladin H-01 is the defective currentDropPerSecond timing state machine. This bucket lands on the exact _updateDropPerSecond writer and follows currentDropPerSecond into rewardIndex/lastRewardUpdate/totalSupply reward accounting; the published bug is the imprecise monthly DropPerSecond update in this same state machine.
W3B-0734,925cee0f9ff515a7bf8dc7b983c713e7a3a58fc3e880dba82d2ebef1276dd2d4,54,web3bugs_packets/W3B-0734.json,https://code4rena.com/reports/2021-11-unlock,,,YES,,,,,,Y,"Pass/recovery: Unlock H-04 is stale transfer authorization after ownership changes. This bucket reaches the exact _clearApproval corrective helper plus approved/keyManager/operator/_ownerOf/keyByOwner authorization state consumed by onlyKeyManagerOrApproved, so it recovers the published defect at helper granularity."
W3B-0735,926441a05945c85474b08067961e5786b5783506ece6447515afaf222554b947,45,web3bugs_packets/W3B-0735.json,https://code4rena.com/reports/2021-10-union,NONBUG,no_desynchronizing_partial_transition,YES,,,N,,,Y,"C3 fails: repayment updates accountBorrows and its lastRepay/interest state, while overdueBlocks is the reusable global delinquency-duration threshold. The threshold is intentionally combined with the refreshed borrow record and need not change on repayment."
W3B-0736,927a7bba22bbb0682fa2005a6c41099884bf9a433cba71e16d4e1e84b4f3e6e7,26,web3bugs_packets/W3B-0736.json,https://code4rena.com/reports/2021-08-realitycards,NONBUG,reconciliation_precedes_consumption,YES,,,N,,,Y,"C3 fails: removeFromLeaderboard unlinks the record, swap-and-pops leaderboard[_user], clears the removed leaderboardIndex and repairs the moved record's index before updateLeaderboard/addToLeaderboard can consume it."
W3B-0737,92c05714a7b8c60e2ed071d4c64c4c47661a8f91866af91c9617f75d25c73934,76,web3bugs_packets/W3B-0737.json,https://code4rena.com/reports/2022-01-sherlock,NONBUG,reconciliation_precedes_consumption,YES,,,N,,,Y,"C3 fails in forceRemoveBySecondsOfCoverage: _settleProtocolDebt may checkpoint activeBalances/lastAccountedEachProtocol, but successful removal immediately zeroes premiums_ and deletes the protocol checkpoint before commit; a failed removal condition reverts the earlier writes."
W3B-0738,92ff1f39a697ea49f40fb59f3d84797c6b7f5040cf31d60b8c748f30f48173cc,28,web3bugs_packets/W3B-0738.json,https://code4rena.com/reports/2021-09-sushimiso,NONBUG,no_desynchronizing_partial_transition,YES,,,N,,,Y,C3 fails: token initialization establishes DOMAIN_SEPARATOR once while each owner's permit nonce correctly remains at its zero initial value until that owner consumes a permit. No nonce/domain inconsistency is created.
W3B-0739,932a6320907a52cc31d7f508e22742169371a74b0e1c554e412028c759c74285,52,web3bugs_packets/W3B-0739.json,https://code4rena.com/reports/2021-11-vader,NONBUG,reconciliation_precedes_consumption,YES,,,N,,,Y,"C3 fails: withdraw's updateReward modifier first checkpoints rewardPerTokenStored, lastUpdateTime, rewards and userRewardPerTokenPaid under the old balance/supply; only then does withdraw reduce _totalSupply/_balances. Vader M-04 instead depends on the external staking-token transfer amount."
W3B-0740,93446c8cab5433d16e8c477877137cc0b66ba0ea6dde509d974f5b8546473280,105,web3bugs_packets/W3B-0740.json,https://code4rena.com/reports/2022-03-paladin,NONBUG,reconciliation_precedes_consumption,YES,,,N,,,Y,C3 fails for the nominated rewardIndex write: _updateRewardState computes the new index and immediately checkpoints lastRewardUpdate on the next statement. Paladin H-01's desynchronizing producer is the separate currentDropPerSecond/lastDropUpdate rounding transition inside _updateDropPerSecond.
W3B-0741,9359071cf614230c9d25d1089c22cd7665b949d4c218a9541bfc8ee7577bbce8,26,web3bugs_packets/W3B-0741.json,https://code4rena.com/reports/2021-08-realitycards,NONBUG,no_desynchronizing_partial_transition,YES,,,N,,,Y,C3 fails: cleaningLoops is a configured per-call garbage-collection work cap; cleanWastePile is supposed to mutate the waste-pile user records while that cap remains fixed.
W3B-0742,9402a04eb9744b4fd45db625579090ea0cd57ede838bd472872678a7d6b8defb,34,web3bugs_packets/W3B-0742.json,https://code4rena.com/reports/2021-10-pooltogether,NONBUG,no_desynchronizing_partial_transition,YES,,,N,,,Y,"C3 fails: completeDraw deliberately deletes rngRequest while rngTimeout remains the reusable timeout configuration. Once requestedAt is cleared, isRngTimedOut returns false before consulting the timeout arithmetic."
W3B-0743,94132e8609973858592d026de6fdce104f617b94b46d5e018a4a85f4503a13f2,31,web3bugs_packets/W3B-0743.json,https://code4rena.com/reports/2021-09-bvecvx,,,YES,,,,,,Y,"Pass/recovery: bveCVX L-05 is the unbounded iteration in CvxLocker.updateReward over rewardTokens/rewardData. notifyRewardAmount executes that exact updateReward(address(0)) modifier before _notifyReward, so this bucket reaches the published failure surface despite its adjacent rewardData writer."
W3B-0744,94430b941110a273c6aff5774398c8e4c12a5a45a9f1989e791afb2822f9884a,45,web3bugs_packets/W3B-0744.json,https://code4rena.com/reports/2021-10-union,,,YES,,,,,,Y,"Pass/recovery: Union H-01 is the stale indexed-debt check before accrueInterest. This bucket couples accountBorrows, accrualBlockNumber and borrowIndex and reaches borrow's pre-accrual debt consumers; the serialized repayBorrowBehalf accrualBlockNumber write is an adjacent corrective transition for that same defect."
W3B-0745,949aaff5e582e94b87d6506ff61df08698438bcfdcb42c65b768d14adaf27455,76,web3bugs_packets/W3B-0745.json,https://code4rena.com/reports/2022-01-sherlock,NONBUG,reconciliation_precedes_consumption,YES,,,N,,,Y,"C3 fails in forceRemoveBySecondsOfCoverage: _setSingleProtocolPremium first settles debt under the old premium, then the forced-removal path sets the premium to zero, reconciles the global rate, and deletes remaining protocol accounting state before commit."
W3B-0746,94a9da34d488434effa5cfcf9ad4ab508e67d3330c6b7a97dd243d4fd5ffc71b,26,web3bugs_packets/W3B-0746.json,https://code4rena.com/reports/2021-08-realitycards,NONBUG,reconciliation_precedes_consumption,YES,,,N,,,Y,"C3 fails: _removeBidFromOrderbookIgnoreOwner swap-and-pops user[_user], clears the removed index and immediately repairs the moved record's index before return. closedMarkets/userClosedMarketIndex/market are separate cleanup lifecycle state, not stale companions of this removal."
W3B-0747,94e72ee7c051ec053a8dfedcbff2129f2070c5620efdd30d4bac95c02d59a4cb,26,web3bugs_packets/W3B-0747.json,https://code4rena.com/reports/2021-08-realitycards,NONBUG,no_desynchronizing_partial_transition,YES,,,N,,,Y,C3 fails for this relation: closeMarket mutates user/orderbook records while marketCloseLimit remains the configured batch bound used to choose how many records to process. The limit is not mirrored list state that must change with each close mutation.
W3B-0748,952085531213b192a4d405925adec2bbae9a58361f7748b99351abb5d4d2873f,105,web3bugs_packets/W3B-0748.json,https://code4rena.com/reports/2022-03-paladin,NONBUG,no_desynchronizing_partial_transition,YES,,,N,,,Y,"C3 fails: ERC20 transfer changes only transferable hPAL balance; _beforeTokenTransfer/_availableBalanceOf prevents the sender from transferring the locked portion, so userLocks intentionally remains unchanged when unlocked balance moves."
W3B-0749,958380fb3f649c456bb33fc5e024334f1e9c2d2d6d6581eaf9cef430ff5050be,22,web3bugs_packets/W3B-0749.json,https://code4rena.com/reports/2021-08-floatcapital,,,YES,,,,,,Y,Pass/recovery: Float L-06 couples marketLaunchIncentive period/multiplier to the persisted initial snapshot timestamp consumed by _getKValue. This bucket contains that exact parameter/snapshot relation and cumulative-issuance path; the snapshot writer is an adjacent structural cut of the published timing defect.
W3B-0750,95d0fb464967abc9e15d59a0a3419e53064b8b6960a6204d095fd836006c3a57,76,web3bugs_packets/W3B-0750.json,https://code4rena.com/reports/2022-01-sherlock,NONBUG,reconciliation_precedes_consumption,YES,,,N,,,Y,"C3 fails: claimPremiumsForStakers computes claimablePremiums from the current base/rate/timestamp, then zeroes lastClaimablePremiumsForStakers and advances lastAccountedGlobal before transferring. allPremiumsPerSecToStakers is the ongoing rate and correctly remains unchanged."
W3B-0751,962c3b1654a04f078cf6fe2ca00c631513684a343bc7719d7ea375f53b2ad20e,107,web3bugs_packets/W3B-0751.json,https://code4rena.com/reports/2022-04-jpegd,NONBUG,no_desynchronizing_partial_transition,YES,,,N,,,Y,"C3 fails: the exact field written is settings.liquidationLimitRate, which does not govern _calculateAdditionalInterest; interest uses settings.debtInterestApr. JPEG'd M-04 applies to setDebtInterestApr, so the aggregate settings relation does not make this liquidation-rate update a debt checkpoint defect."
W3B-0752,96381939e7762b26719d7bd48be74cdeba55547d38961834e89f0ed4c7c64b83,54,web3bugs_packets/W3B-0752.json,https://code4rena.com/reports/2021-11-unlock,,,YES,,,,,,Y,Pass/recovery: Unlock H-03/H-04 is the transfer authorization inconsistency where key ownership/keyByOwner can change while key-manager or approval authority remains usable by the prior party. This bucket reaches the exact transferFrom ownership/keyManager state family and downstream authorization surface.
W3B-0753,964612fd4182110b265a20a849da79a652a6f1f2f82b7f2b4b0472f943173640,26,web3bugs_packets/W3B-0753.json,https://code4rena.com/reports/2021-08-realitycards,NONBUG,no_desynchronizing_partial_transition,YES,,,N,,,Y,"C3 fails: _updateBidInOrderbook updates/relinks an existing bid in place and does not move its user-array slot, so index remains valid. closedMarkets, userClosedMarketIndex and market lifecycle metadata belong to separate closed-market cleanup and require no paired write here."
W3B-0754,965445222c1caac9f0846479852c7ef7aaa548fc57b8b1f7d876e7d7b3538c04,45,web3bugs_packets/W3B-0754.json,https://code4rena.com/reports/2021-10-union,,,YES,,,,,,Y,Pass/recovery: Union H-01 is the accountBorrows/accrualBlockNumber/borrowIndex stale-debt family consumed by borrow before accrueInterest. The packet reaches those exact borrow checks; the borrowIndex write serialized under mint is the same corrective accrual transition at adjacent owner granularity.
W3B-0755,965778bfb7e12b2ef5e470230ef954fbedb0fcbcf1505c3fb8201feb43303b7f,22,web3bugs_packets/W3B-0755.json,https://code4rena.com/reports/2021-08-floatcapital,,,YES,,,,,,Y,Pass/recovery: Float L-06 couples marketLaunchIncentive period/multiplier to the persisted launch/snapshot timing baseline consumed by _getKValue. This bucket reaches the exact _getKValue timing sink and snapshot side of that invariant despite adjacent snapshot-writer granularity.
W3B-0756,96908f74a2989e0b8fbdcad8521b89f9de98e4d07177d4dbf37bf7fd5a5468fe,105,web3bugs_packets/W3B-0756.json,https://code4rena.com/reports/2022-03-paladin,NONBUG,reconciliation_precedes_consumption,YES,,,N,,,Y,"C3 fails: _updateRewardState first refreshes currentDropPerSecond, computes the new rewardIndex from that value and total supply, then checkpoints lastRewardUpdate. Paladin H-01 instead concerns the separate lastDropUpdate rounding error inside _updateDropPerSecond."
W3B-0757,96a94581a45891acc2d51578cf4138d706b8b95a2b5d8f82f4304c3e82864df7,45,web3bugs_packets/W3B-0757.json,https://code4rena.com/reports/2021-10-union,,,YES,,,,,,Y,Pass/recovery: Union H-01 is the borrow-before-accrual defect. The bucket couples accountBorrows/accrualBlockNumber with borrowIndex and reaches borrow's pre-accrual debt checks; the nominated borrowIndex write is the corrective accrual transition for the same stale-debt surface.
W3B-0758,96b99872ad5516be13c4139b8aa6f70a16acacc41ce9172c42e0d97273d13ab5,26,web3bugs_packets/W3B-0758.json,https://code4rena.com/reports/2021-08-realitycards,NONBUG,reconciliation_precedes_consumption,YES,,,N,,,Y,C3 fails in the nominated removeUserFromOrderbook context: _removeBidFromOrderbookIgnoreOwner compacts user with swap-and-pop and repairs the removed/moved indexes before later orderbook use. RealityCards H-01 is the different findNewOwner/maxDeletions ordering edge.
W3B-0759,96beee8f95416ab4e0de963eb985b2941b4b747b87142e9bf8bc6e7708c98419,26,web3bugs_packets/W3B-0759.json,https://code4rena.com/reports/2021-08-realitycards,NONBUG,no_desynchronizing_partial_transition,YES,,,N,,,Y,C3 fails: marketCloseLimit is a configured processing cap; removing old orderbook records is supposed to change user length while the cap remains fixed. The later closeMarket comparison is ordinary bounded processing.
W3B-0760,96e8a21dd3eb944b74d9f9f3305abf61b12b71bca5822dbb36cd1baa2bfc0240,107,web3bugs_packets/W3B-0760.json,https://code4rena.com/reports/2022-04-jpegd,NONBUG,reconciliation_precedes_consumption,YES,,,N,,,Y,"C3 fails: NFTVault.repay calls accrue() before reducing debt, so interest under settings.debtInterestApr is settled and totalDebtAccruedAt is refreshed before totalDebtAmount changes. JPEG'd M-04 is the separate APR setter that skips this accrual."
W3B-0761,97690d67a3077339d3f00510218d5c8c7f2a9f7692662f89edbe147c8e457744,66,web3bugs_packets/W3B-0761.json,https://code4rena.com/reports/2021-12-yetifinance,NONBUG,no_desynchronizing_partial_transition,YES,,,N,,,Y,"C3 fails: accumulateRewards updates per-account userInfo while YetiFinanceTreasury is the designated treasury address, not mirrored accounting state that must change with each user checkpoint. endTreasuryReward explicitly checkpoints the treasury account before decreasing its amount."
W3B-0762,97842976195d146b23af84d3e2487f46a3b25e4e950f9b14cf917d986d1e43b3,45,web3bugs_packets/W3B-0762.json,https://code4rena.com/reports/2021-10-union,,,YES,,,,,,Y,Pass/recovery: Union H-01 performs max-borrow/credit checks before accrueInterest. This bucket captures the same accountBorrows/borrowIndex/accrualBlockNumber state family and the accrualBlockNumber side of the corrective accrual transition.
W3B-0763,9794791fcec281a5acc96781622b0538542846d8f5cf4cc75e53204b9088781a,76,web3bugs_packets/W3B-0763.json,https://code4rena.com/reports/2022-01-sherlock,,,YES,,,,,,Y,"Pass/novel: nonStakersClaim can enter Sherlock's debt>active-balance repair, where _settleTotalDebt adjusts lastClaimablePremiumsForStakers while the exhausted protocol's premium/accounting state can remain live. The source explicitly warns that the premium must be zeroed first or the accounting error keeps increasing."
W3B-0764,97be28a4ff0cf1e0d30c4efea0c79ec514348fd1aa9676188d2b3291c7a2f41d,22,web3bugs_packets/W3B-0764.json,https://code4rena.com/reports/2021-08-floatcapital,NONBUG,no_desynchronizing_partial_transition,YES,,,N,,,Y,C3 fails at writer granularity: addNewStakingFund initializes this market's snapshot[0] while latestRewardIndex correctly defaults to 0; it does not write or overwrite a shift-index mapping. Float H-02's desynchronizing producer is the later global shift-index mapping write that omits marketIndex.
W3B-0765,97caaede67d2ec3dc845b2286344414c35317e4f6221c6731b8cf40e8b774767,192,web3bugs_packets/W3B-0765.json,https://code4rena.com/reports/2022-12-tigris,NONBUG,reconciliation_precedes_consumption,YES,,,N,,,Y,"C3 fails for the _trades/longOi relation: the market-order caller updates aggregate OI and funding before Position.mint stores the trade. Tigris H-07's mint reentrancy defect instead concerns initId and position/list bookkeeping left unset across _safeMint, which this relation does not recover."
W3B-0766,981e9fb32fae562d37e0052383e788a1e0800e12dd25177041fc1a18673946d5,52,web3bugs_packets/W3B-0766.json,https://code4rena.com/reports/2021-11-vader,NONBUG,reconciliation_precedes_consumption,YES,,,N,,,Y,"C3 fails: notifyRewardAmount runs updateReward first, computes the replacement rewardRate, then checkpoints lastUpdateTime and periodFinish together before future rewardPerToken consumption. No stale reward-period transition is established by the nominated periodFinish write."
W3B-0767,9820bcc6cc6b0e3d60457bba7b086d8339a8b449ebe73feef6b922a851fb7eb7,26,web3bugs_packets/W3B-0767.json,https://code4rena.com/reports/2021-08-realitycards,NONBUG,no_desynchronizing_partial_transition,YES,,,N,,,Y,C3 fails: card totalTimeHeld is expected to accumulate during rent collection while winnerCut remains configured and winningOutcome is resolved later. Withdrawal consumes the finalized outcome and accumulated card accounting.
W3B-0768,9841cdb0645fb5d9e360ee0827e38d2894a4a539e3cf3028812bc55c762925f9,54,web3bugs_packets/W3B-0768.json,https://code4rena.com/reports/2021-11-unlock,,,YES,,,,,,Y,"Pass/recovery: Unlock H-04 is the ownership/key-manager/single-approval inconsistency that can leave approved authorization usable after transfer. This bucket recovers the exact authorization state family, _clearApproval corrective helper, and onlyKeyManagerOrApproved sink despite helper-level writer granularity."
W3B-0769,989b6732c9649e98da612f69b5e6d664109918b36c1c1c12e60102761befbeb9,131,web3bugs_packets/W3B-0769.json,https://code4rena.com/reports/2022-05-backd,NONBUG,no_desynchronizing_partial_transition,YES,,,N,,,Y,C3 fails: a successful reserve withdrawal intentionally checkpoints the vault's _lastWithdrawal timestamp while minWithdrawalDelay remains the fixed cooldown policy subsequently applied by canWithdraw.
W3B-0770,989f8360c03ef5bea836f68638da275418d588db9125a5b47297746f323c8594,26,web3bugs_packets/W3B-0770.json,https://code4rena.com/reports/2021-08-realitycards,NONBUG,no_desynchronizing_partial_transition,YES,,,N,,,Y,C3 fails: per-user card time is supposed to evolve during rent collection while winnerCut is configuration and winningOutcome is selected later; payout consumes those values only after market resolution.
W3B-0771,98c39c7b64fc7feff3995a760d09715e4668683f58f69d1a3c05c7198d683882,29,web3bugs_packets/W3B-0771.json,https://code4rena.com/reports/2021-09-sushitrident,NONBUG,no_desynchronizing_partial_transition,YES,,,N,,,Y,"C3 fails: registerProtocol records which master contract governs msg.sender but does not and should not grant any user's approval. allowed() still independently requires masterContractApproved[masterContract][from], so registration alone cannot create authorization."
W3B-0772,999e0ca55c4b8f146f4b0025ebff3c0881a81ff4dcf226bf81cbd75c2565918f,26,web3bugs_packets/W3B-0772.json,https://code4rena.com/reports/2021-08-realitycards,NONBUG,no_desynchronizing_partial_transition,YES,,,N,,,Y,C3 fails: cleaningLoops is a configured garbage-collection work cap; normal bid relinking changes user/orderbook state without requiring that cap to change. cleanWastePile intentionally combines the fixed cap with current waste-pile length.
W3B-0773,99b542d4b1843d9870e1b8675eb39e7fba7313bc518212cfbe29788a4eaa4950,22,web3bugs_packets/W3B-0773.json,https://code4rena.com/reports/2021-08-floatcapital,NONBUG,unsupported_or_overbroad_relation,NO,,N,,,,Y,"C2 fails: staker and assetPrice meet through the privileged update/bypass logic, but Float M-06's protocol invariant is assetPrice/marketUpdateIndex/pending next-price settlement state. The staker address is not a state member that must stay synchronized with stored assetPrice."
W3B-0774,9a046e4524fa5391dec89e8f0fc922126edeb955d16ae337727e589c58bb3776,26,web3bugs_packets/W3B-0774.json,https://code4rena.com/reports/2021-08-realitycards,NONBUG,no_desynchronizing_partial_transition,YES,,,N,,,Y,C3 fails: longestOwner is intentionally derived from accumulating card time during rent collection; winnerCut remains configured and winningOutcome is resolved later. Updating longestOwner does not require either payout variable to change.
W3B-0775,9a26013b807df1a5160c0f38249d51882a91d5fa8b6c915e804a8e19c371c063,76,web3bugs_packets/W3B-0775.json,https://code4rena.com/reports/2022-01-sherlock,,,YES,,,,,,Y,Pass/novel: Sherlock's insolvency accounting says premium must be zeroed or the accounting error keeps increasing; this bucket captures the corrective premium-zeroing side of that same multi-state defect.
W3B-0776,9a73cf76db73fb987a5fb1b84080187cf8e0f9952baa395d9491c69a98aa47a5,22,web3bugs_packets/W3B-0776.json,https://code4rena.com/reports/2021-08-floatcapital,,,YES,,,,,,Y,Pass: recovers Float H-03; the packet reaches shiftTokens' stale stake check and the pending-shift settlement that later rewrites userAmountStaked despite the detector's coarser token-key relation.
W3B-0777,9ae52312a816feee825ad3158894797c8d90e2db28f01e6c8629f619abaefcc1,28,web3bugs_packets/W3B-0777.json,https://code4rena.com/reports/2021-09-sushimiso,,,YES,,,,,,Y,"Pass: recovers Sushi Miso H-03; the packet links marketStatus/marketPrice across finalize, auctionSuccessful, and _addCommitment, including the post-finalization commitment write that causes the extra-sale inconsistency."
W3B-0778,9af56499e61b3627dc774d2389e167549680c786c27268382d7ace3e7c6a964b,26,web3bugs_packets/W3B-0778.json,https://code4rena.com/reports/2021-08-realitycards,NONBUG,no_desynchronizing_partial_transition,YES,,,N,,,Y,"C3 fails: _updateBidInOrderbook relinks an existing Bid in place; its stored index still addresses the same user-array entry, so no index/user inconsistency is created."
W3B-0779,9b476f8c2c75e6bb157b7138f715eafacbc9ae2bbf8e82e546ed2e9825bc2033,52,web3bugs_packets/W3B-0779.json,https://code4rena.com/reports/2021-11-vader,NONBUG,no_desynchronizing_partial_transition,YES,,,N,,,Y,"C3 fails: updateReward snapshots rewardPerTokenStored and lastUpdateTime before withdraw changes _totalSupply, so reward accounting is settled at the supply-change boundary."
W3B-0780,9b63841f23582e1d36f9119e53be46cb90db69f915874e90bcd3731035eb6350,76,web3bugs_packets/W3B-0780.json,https://code4rena.com/reports/2022-01-sherlock,NONBUG,incompatible_context_key_or_ordering,YES,,,N,,,Y,"C3 fails: protocolRemove is documented to require premium already zero, so this writer context cannot create the stale lastAccounted/premium state seen in the insolvency bug."
W3B-0781,9ba219339bcf37b61e812e639ef977845a77c3ec1c790f611a87c98f512bcd3d,26,web3bugs_packets/W3B-0781.json,https://code4rena.com/reports/2021-08-realitycards,,,YES,,,,,,Y,Pass: recovers RealityCards H-01 through the exact _removeBidFromOrderbookIgnoreOwner helper inside findNewOwner; the maxDeletions edge case causes that helper to remove the valid bid and the packet tracks its persistent orderbook state into later use.
W3B-0782,9bc3aa94d0f7f13cef1ea0c2e9f4cd5367ac30f3fa35a57c41a3265540ec153e,105,web3bugs_packets/W3B-0782.json,https://code4rena.com/reports/2022-03-paladin,NONBUG,no_desynchronizing_partial_transition,YES,,,N,,,Y,"C3 fails: unlock intentionally clears an expired lock while leaving the user's staked ERC20 balance intact, making that balance transferable rather than inconsistent."
W3B-0783,9c06c9e1bc2f4df4ac3ad72467e8af14b8f14c7506718f825cc9a4badc98abf6,105,web3bugs_packets/W3B-0783.json,https://code4rena.com/reports/2022-03-paladin,NONBUG,no_desynchronizing_partial_transition,YES,,,N,,,Y,"C3 fails: _beforeTokenTransfer restricts the sender to _availableBalanceOf, so transferring unlocked hPAL does not require rewriting userLocks."
W3B-0784,9c538702960a8a7bdb53ebe70b15a2db8808eb12f25a24bb1467f81d88f2cdbf,45,web3bugs_packets/W3B-0784.json,https://code4rena.com/reports/2021-10-union,,,YES,,,,,,Y,"Pass: recovers Union H-01; the bucket couples accountBorrows with global accrualBlockNumber/borrowIndex and reaches borrow's pre-accrual debt checks, while accrueInterest is the corrective transition."
W3B-0785,9cbe5b73c4c5d292782bca2e6d8623707488a9a6bbd8d22d240f0e7f1040e077,26,web3bugs_packets/W3B-0785.json,https://code4rena.com/reports/2021-08-realitycards,NONBUG,no_desynchronizing_partial_transition,YES,,,N,,,Y,C3 fails: _removeBidFromOrderbookIgnoreOwner rewires the linked list and compacts/reindexes the user record as one removal operation; the broader emitted members do not establish a separate stale transition.
W3B-0786,9d3267021de1e2590039b706df638cb346dae96f4e382748f01e7d91f8c666d0,105,web3bugs_packets/W3B-0786.json,https://code4rena.com/reports/2022-03-paladin,NONBUG,analysis_abstraction_error,YES,,,N,,,Y,C3 fails: the nominated line 813 is not a persistent write; it only reads userLocks[user].length into a memory variable.
W3B-0787,9d55d430b549a3e6ed16f3a2518bcd9993d36b9e69084e1e7ba61a22e469ff16,5,web3bugs_packets/W3B-0787.json,https://code4rena.com/reports/2021-04-vader,NONBUG,no_desynchronizing_partial_transition,YES,,,N,,,Y,"C3 fails: maxSupply is a mint cap, so a legitimate burn reduces totalSupply without any requirement to change maxSupply."
W3B-0788,9e014f5b18af874f992c1b6a90c1f09c376b2d02913091ea845be0e24eecd809,49,web3bugs_packets/W3B-0788.json,https://code4rena.com/reports/2021-11-overlay,NONBUG,reconciliation_precedes_consumption,YES,,,N,,,Y,C3 fails: brrrrdAccumulator[0] and [1] are updated on consecutive lines 106-107 in the same branch before later getBrrrrd/oiCap use.
W3B-0789,9e399706d5951b53eb96e5c568913d8e427d6ccdd0335c48301f48a7bc2132e4,41,web3bugs_packets/W3B-0789.json,https://code4rena.com/reports/2021-10-defiprotocol,NONBUG,no_desynchronizing_partial_transition,YES,,,N,,,Y,C3 fails: fee minting intentionally lowers ibRatio while composition weights remain fixed; the later underlying-transfer formula consumes both under that design.
W3B-0790,9ecdb242e2bab97b1af3c7ebfbcafced31d64c87b7c8e0d471d1e44f2b9d0df5,26,web3bugs_packets/W3B-0790.json,https://code4rena.com/reports/2021-08-realitycards,NONBUG,reconciliation_precedes_consumption,YES,,,N,,,Y,"C3 fails: after user.pop(), cleanWastePile immediately clears the removed index and writes the moved record's new index before subsequent use."
W3B-0791,9f03f75fa734e9852f8ab4c976c53d7657608d04a8a1052758f4a304418d7502,107,web3bugs_packets/W3B-0791.json,https://code4rena.com/reports/2022-04-jpegd,NONBUG,no_desynchronizing_partial_transition,YES,,,N,,,Y,C3 fails: setCreditLimitRate is an explicit risk-parameter update; debt and collateral are later checked against the new limit rather than required to be rewritten with it.
W3B-0792,a001c7fa90b4d828bfb18f5fad4a0dda34ac0c4e5000756c0ed2d189513d2e5f,107,web3bugs_packets/W3B-0792.json,https://code4rena.com/reports/2022-04-jpegd,NONBUG,reconciliation_precedes_consumption,YES,,,N,,,Y,"C3 fails: borrow updates position.debtPortion/debtPrincipal and totalDebtAmount immediately after totalDebtPortion, before a later behaviorally relevant use can observe the partial state."
W3B-0793,a04bae8552520b2d320504340383acbe4ba4be5ba14a76db78f802c5b6599dd1,76,web3bugs_packets/W3B-0793.json,https://code4rena.com/reports/2022-01-sherlock,,,YES,,,,,,Y,"Pass/novel: nonStakersClaim can settle an insolvent active protocol, advance lastAccountedEachProtocol, and leave premiums_ nonzero; source warns this makes the accounting error keep increasing and later debt calculation consumes both."
W3B-0794,a07c0cf38eb19c686a06f99e41cff8d12629a1eb699f07f6b558362af01b9274,26,web3bugs_packets/W3B-0794.json,https://code4rena.com/reports/2021-08-realitycards,NONBUG,reconciliation_precedes_consumption,YES,,,N,,,Y,"C3 fails: removeOldBids preserves the linked list, performs swap-and-pop, clears the removed index, and rewrites the moved record's index before return; closeMarket therefore does not consume a persistent stale user/index pair."
W3B-0795,a09c0c8b20f63e3e139d7260b03e966bf2b81b28eae8e987f5dcabfbb50cf345,26,web3bugs_packets/W3B-0795.json,https://code4rena.com/reports/2021-08-realitycards,NONBUG,no_desynchronizing_partial_transition,YES,,,N,,,Y,C3 fails: marketBalanceTopup tracks the rounding/top-up buffer rather than mirroring total marketBalance; ordinary rent collection legitimately increases marketBalance without increasing the top-up accounting value.
W3B-0796,a09e445a7083e0c91505da2aa96c0ddbf99c0806f804b7aebe9a0aa04019f5b4,110,web3bugs_packets/W3B-0796.json,https://code4rena.com/reports/2022-04-badger-citadel,NONBUG,no_desynchronizing_partial_transition,YES,,,N,,,Y,"C3 fails as MV-SI: updating funding.assetCumulativeFunded does not require price or decimal normalization to change. The known zero-discount getAmountOut defect is a missing result assignment, not stale persistent-state reconciliation."
W3B-0797,a0ac329e3821c13f7b64dbb80504d7a2f6dc25895abf7db08e8f8fa4e8f5b898,26,web3bugs_packets/W3B-0797.json,https://code4rena.com/reports/2021-08-realitycards,,,YES,,,,,,Y,"Pass: RealityCards H-01 is the exact maxDeletions/orderbook edge: repeated removal mutates user state, and when a valid owner is reached on the final allowed deletion the maxDeletions branch treats processing as unfinished, leaving the owner transition unreconciled and causing the valid owner to be deleted next call. The bucket is coarser than the full owner/rental-state invariant but recovers the defect-producing and consuming surface."
W3B-0798,a0b243dd12ac271d39b112869fabd88f20f94135900de0f63c13d8b42f2b7392,45,web3bugs_packets/W3B-0798.json,https://code4rena.com/reports/2021-10-union,,,YES,,,,,,Y,"Pass: Union H-01 also affects the global debt-ceiling check: borrow calls getRemainingLoanSize before accrueInterest, so totalBorrows can be stale when compared with debtCeiling. The detector's stale-member direction is coarse/reversed, but it recovers the known stale-accrual control surface."
W3B-0799,a0b878a74b76f74da3e81441c1549b21e4d9a48ffef4756f0429b434dc4a9bdd,26,web3bugs_packets/W3B-0799.json,https://code4rena.com/reports/2021-08-realitycards,NONBUG,analysis_abstraction_error,YES,,,N,,,Y,"C3 fails: the nominated bidExists site is a view/read of user and index, not a persistent writer; the surrounding closed-market cleanup path performs its own user/index/cursor bookkeeping."
W3B-0800,a0ba3a280e44472b9d354710a05441ee44e2657071083178856794bb3c8a9752,107,web3bugs_packets/W3B-0800.json,https://code4rena.com/reports/2022-04-jpegd,NONBUG,no_desynchronizing_partial_transition,YES,,,N,,,Y,"C3 fails: NFTVault debt portions are share units, so accrue intentionally increases totalDebtAmount for interest while positions' debtPortion and totalDebtPortion remain fixed; later debt calculations use that share model."
W3B-0801,a0d3071ef86d965baae4027abf1d02b994833d85deec63bf02d8e29544e5e2ad,10,web3bugs_packets/W3B-0801.json,https://code4rena.com/reports/2021-05-visorfinance,,,YES,,,,,,Y,"Pass: Visor L-03 is exactly stale timelock administration: timeUnlockERC721 deletes timelockERC721s[key] but leaves the corresponding timelockERC721Keys entry, and transferERC721 later iterates that stale key against the deleted mapping. The same stale administration can also affect later NFT handling."
W3B-0802,a0f7d7feb04b3d8e815c9f6cbcebbc6532b10587291bcefb034c320b674fedea,45,web3bugs_packets/W3B-0802.json,https://code4rena.com/reports/2021-10-union,,,YES,,,,,,Y,"Pass: Union H-01 extends to debtCeiling/totalBorrows: borrow checks getRemainingLoanSize before accrueInterest, so the global outstanding-borrow value used by the cap can be stale. This bucket recovers the known stale-accrual ordering bug despite relation granularity that treats debtCeiling as the omitted member."
W3B-0803,a0fd3c9bb9d704245af4310749569f4dfd513b7dc94850b2d94b9a1689dd81c4,26,web3bugs_packets/W3B-0803.json,https://code4rena.com/reports/2021-08-realitycards,NONBUG,analysis_abstraction_error,YES,,,N,,,Y,"C3 fails: userIsOnLeaderboard is a view predicate over leaderboard/leaderboardIndex, not a state writer; no partial persistent transition is created at the nominated site."
W3B-0804,a100aaf4f9d20efed866c5dd5b81e9cbef8e7ffbb2a3188680389814ace6448f,26,web3bugs_packets/W3B-0804.json,https://code4rena.com/reports/2021-08-realitycards,NONBUG,reconciliation_precedes_consumption,YES,,,N,,,Y,"C3 fails: addToLeaderboard links the neighboring records, pushes the new leaderboard record, and immediately writes leaderboardIndex for the new entry in the same call; existing neighbors do not move array slots."
W3B-0805,a13b766854cd72101e8cf603b467e0ba6bc2fd0175f3dc5bbae5a423c655cc59,105,web3bugs_packets/W3B-0805.json,https://code4rena.com/reports/2022-03-paladin,,,YES,,,,,,Y,"Pass: Paladin H-01 is the defective currentDropPerSecond timing state machine. This bucket reaches the exact _updateDropPerSecond writer and the rewardIndex/lastRewardUpdate emission consumer; the report's lastDropUpdate timing member is omitted by detector granularity, not by the recovered bug surface."
W3B-0806,a148c0e048c812934d29ae226eda4418640bf9ed8ba1a61fe10344ca78702eff,26,web3bugs_packets/W3B-0806.json,https://code4rena.com/reports/2021-08-realitycards,NONBUG,no_desynchronizing_partial_transition,YES,,,N,,,Y,C3 fails: minRentalDayDivisor is a configured foreclosure/minimum-rental threshold; rent collection changes live user deposit/rate state without requiring that policy value to change. RealityCards M-02's cross-contract propagation state is absent.
W3B-0807,a14dacb702a059bc9db37eda18c2af7af61eb8568327601aa282a0328e295765,26,web3bugs_packets/W3B-0807.json,https://code4rena.com/reports/2021-08-realitycards,NONBUG,reconciliation_precedes_consumption,YES,,,N,,,Y,"C3 fails: _removeBidFromOrderbookIgnoreOwner performs swap-and-pop, clears the removed index, and immediately rewrites the moved record's index before addBidToOrderbook can consume it."
W3B-0808,a15e2f25effd4f4fec7b61bb0502a4886796527e7d173f3acdfcdeb2cba32572,26,web3bugs_packets/W3B-0808.json,https://code4rena.com/reports/2021-08-realitycards,NONBUG,no_desynchronizing_partial_transition,YES,,,N,,,Y,C3 fails: card rent/time accounting is expected to evolve during the market while winnerCut stays configured and winningOutcome is resolved later; payout consumes the finalized outcome and accumulated card state.
W3B-0809,a18c6d0ef60ec165223398426e6efcd8c42f0212a67bd8eeca6f09f73ef5bf3a,34,web3bugs_packets/W3B-0809.json,https://code4rena.com/reports/2021-10-pooltogether,NONBUG,no_desynchronizing_partial_transition,YES,,,N,,,Y,C3 fails: startDraw records a new rngRequest timestamp while rngTimeout is a live configured timeout duration; a new request is supposed to pair its timestamp with the unchanged timeout policy. The published VRF reroll issue is a different mechanism.
W3B-0810,a1bddf96eab9d08937eee331cf96cb54eb1b7bfba806864b4b28c5ab33fce195,105,web3bugs_packets/W3B-0810.json,https://code4rena.com/reports/2022-03-paladin,,,YES,,,,,,Y,"Pass: Paladin M-05 cites this exact _lock userLocks.push writer: multiple history entries can be persisted with the same fromBlock, making past-state queries ambiguous/manipulable. MV-Scan collapses per-entry history into aggregate userLocks and pairs it with balance state, so the relation granularity is imperfect but the known persistent-history defect is recovered."
W3B-0811,a1e356c2523c421104531b14c7e94a7d9a9a26ca30d7a5821fafce19de10341d,35,web3bugs_packets/W3B-0811.json,https://code4rena.com/reports/2021-09-sushitrident-2,NONBUG,reconciliation_precedes_consumption,YES,,,N,,,Y,"C3 fails: ConstantProductPool._update writes reserve0 and reserve1 consecutively from the same balance snapshot before return; the packet split at reserve1 is block/statement granularity, not a persistent one-sided reserve update."
W3B-0812,a1f45edae2526e875cd95c7d1abf87f810eb0ded050ad6e5cd9f175f7e04e811,26,web3bugs_packets/W3B-0812.json,https://code4rena.com/reports/2021-08-realitycards,NONBUG,no_desynchronizing_partial_transition,YES,,,N,,,Y,C3 fails: marketCloseLimit is a configured processing cap; adding/removing orderbook user records is intended to change user length while leaving that cap fixed.
W3B-0813,a21ffd68d2079c57789ba048d3f2a8813376b6431539b8152d9a9baa08be008f,76,web3bugs_packets/W3B-0813.json,https://code4rena.com/reports/2022-01-sherlock,NONBUG,no_desynchronizing_partial_transition,YES,,,N,,,Y,"C3 fails: minActiveBalance is a configured removal threshold, not mirrored balance state; forceRemoveByActiveBalance explicitly settles protocol debt first and then compares the refreshed activeBalances value with that threshold."
W3B-0814,a259ba03ee1f9cdefc5437a0d4de00517b0a78d70d27cdec4e574700186639d8,107,web3bugs_packets/W3B-0814.json,https://code4rena.com/reports/2022-04-jpegd,NONBUG,no_desynchronizing_partial_transition,YES,,,N,,,Y,C3 fails: debtAmount is live debt checked against collateral value and the configured creditLimitRate/_collateralUnit; borrowing is supposed to change debt without rewriting those valuation parameters.
W3B-0815,a293269936e71965311aecddcb32b317f8a1a53b445c79b21ddb5e29a9ba0968,45,web3bugs_packets/W3B-0815.json,https://code4rena.com/reports/2021-10-union,,,YES,,,,,,Y,"Pass: UToken.debtWriteOff reduces account debt/totalBorrows without first checkpointing the elapsed interest interval or borrow index; the next accrual applies the stale accrualBlockNumber/borrowIndex interval to the reduced debt baseline, a plausible novel MV-SI despite omitted aggregate-state granularity."
W3B-0816,a2a1ebafb336755648471fe1d0e450c9354d382e8dc0c6c887490993725f2964,60,web3bugs_packets/W3B-0816.json,https://code4rena.com/reports/2021-12-perennial,NONBUG,no_desynchronizing_partial_transition,YES,,,N,,,Y,C3 fails: minDelay is a forward-looking oracle version-spacing policy; changing it does not make the already-recorded price/timestamp history stale or require rewriting prior versions.
W3B-0817,a2c2717f017be0bbb6224642c0a7aba171e0618c252949d053dd5716bdb1af71,26,web3bugs_packets/W3B-0817.json,https://code4rena.com/reports/2021-08-realitycards,NONBUG,reconciliation_precedes_consumption,YES,,,N,,,Y,"C3 fails: _removeBidFromOrderbookIgnoreOwner performs swap-and-pop, clears the removed index, and immediately rewrites the moved record's index before return."
W3B-0818,a32dac14e0922500a4ec0e3eb520855c1092199cbbc2af3486da46c09217a181,45,web3bugs_packets/W3B-0818.json,https://code4rena.com/reports/2021-10-union,NONBUG,no_desynchronizing_partial_transition,YES,,,N,,,Y,C3 fails: overdueBlocks is a configured delinquency threshold; repayment updates accountBorrows/lastRepay while leaving that policy threshold unchanged by design.
W3B-0819,a34f445d8eb5601661b9efb9ac12666fff5f517d95c7565119ec41da2d1b4545,22,web3bugs_packets/W3B-0819.json,https://code4rena.com/reports/2021-08-floatcapital,,,YES,,,,,,Y,"Pass: Float M-06 is the marketUpdateIndex/userNextPrice_currentUpdateIndex inconsistency: unchanged prices can prevent marketUpdateIndex advancement, while settlement later consumes the stranded user index."
W3B-0820,a357c7e06decd4ee266beeaa72f642b3b8fc2c25b3d6051871cc80fbf379fcad,26,web3bugs_packets/W3B-0820.json,https://code4rena.com/reports/2021-08-realitycards,NONBUG,reconciliation_precedes_consumption,YES,,,N,,,Y,C3 fails: removeFromLeaderboard's swap-and-pop updates the moved leaderboard entry's leaderboardIndex before later membership/list consumers can observe it.
W3B-0821,a35d584716c9077552765b8b11e7b19d0104626b53bf90b9c16a93dfbecbbc39,26,web3bugs_packets/W3B-0821.json,https://code4rena.com/reports/2021-08-realitycards,NONBUG,no_desynchronizing_partial_transition,YES,,,N,,,Y,C3 fails: setWinner occurs after market locking and intentionally selects one already-accounted card as winningOutcome; card accounting need not be rewritten when the outcome identifier is finalized.
W3B-0822,a3d5306940c9745d11c406b6abec4f1bd5afd45a2ca06d43761c1af1ba9342a3,76,web3bugs_packets/W3B-0822.json,https://code4rena.com/reports/2022-01-sherlock,NONBUG,reconciliation_precedes_consumption,YES,,,N,,,Y,"C3 fails: premium changes first settle the protocol's old debt/timestamp, and the wrapper checkpoints global staker premiums before recalculating the global premium rate, so old-rate accrual is reconciled before new-rate consumption."
W3B-0823,a41711219ea4f1bac7427c04b2bb7880b19063ca1bdfbab0581fe747a98473f0,45,web3bugs_packets/W3B-0823.json,https://code4rena.com/reports/2021-10-union,NONBUG,no_desynchronizing_partial_transition,YES,,,N,,,Y,"C3 fails: initialExchangeRateMantissa is only the zero-supply seed rate; once mint creates supply, exchangeRateStored intentionally switches to totalRedeemable/totalSupply rather than mutating the seed."
W3B-0824,a425b187ab0e6dd9051aefd05a772b5d28d05001004162defedf2df63891b813,29,web3bugs_packets/W3B-0824.json,https://code4rena.com/reports/2021-09-sushitrident,,,YES,,,,,,Y,"Pass: Trident M-02 is an unbalanced-liquidity fee/accounting ordering bug; this bucket reaches the exact _mintFee/LP-totalSupply/kLast/barFee surface. Missing reserve members and the burn-side serialized writer are granularity differences, not a semantic miss."
W3B-0825,a449fa1303949a343f01bf43b0e343ba9300c8d2f1e4032299b6df4bff140b4d,45,web3bugs_packets/W3B-0825.json,https://code4rena.com/reports/2021-10-union,,,YES,,,,,,Y,Pass: Union H-01 is stale accountBorrows/borrowIndex/accrualBlockNumber state consumed by maxBorrow/credit checks before accrueInterest; this bucket recovers that accounting/control surface despite its redeem-side serialized writer.
W3B-0826,a455c52b111d4c37af22e09d10434f59041794a87be3f56c1553b9d216b2f3a2,26,web3bugs_packets/W3B-0826.json,https://code4rena.com/reports/2021-08-realitycards,NONBUG,reconciliation_precedes_consumption,YES,,,N,,,Y,C3 fails: cleanWastePile clears removed waste/user indices and repairs moved array indices as part of the same cleanup operation before later orderbook consumers.
W3B-0827,a4651fdd3bf9191a46c75cbace23ad1d2a32f5c4ed1260f58a5040eaeb628548,26,web3bugs_packets/W3B-0827.json,https://code4rena.com/reports/2021-08-realitycards,NONBUG,no_desynchronizing_partial_transition,YES,,,N,,,Y,"C3 fails: closeMarket intentionally creates deferred closed-market cleanup state, and removeOldBids consumes closedMarkets/userClosedMarketIndex while repairing user/index records; this is the explicit lifecycle, not a stale invariant."
W3B-0828,a4d409182e9d5a747d1df1fc4452b812e22b94ce6b21a287785ec5e9e15889a9,113,web3bugs_packets/W3B-0828.json,https://code4rena.com/reports/2022-04-abranft,NONBUG,no_desynchronizing_partial_transition,YES,,,N,,,Y,C3 fails: NFTPair intentionally permits an outstanding lender to update only same-or-better duration/valuation/interest terms; tokenLoan remains the accepted loan identity while later repay/expiry logic uses the valid improved params.
W3B-0829,a5968e57011e3a6aacfea0143d14d1abe0247f028c34818ab759ea80721b760d,105,web3bugs_packets/W3B-0829.json,https://code4rena.com/reports/2022-03-paladin,NONBUG,no_desynchronizing_partial_transition,YES,,,N,,,Y,"C3 fails: unstake burns only the user's available unlocked balance; the existing userLocks amount should remain unchanged. Paladin's reported stale-state defects involve bonus-ratio state, not this balance/lock transition."
W3B-0830,a5aa96e22a053734b6bd2bed76d116da034c729d1c3b7807fee319389495fba5,22,web3bugs_packets/W3B-0830.json,https://code4rena.com/reports/2021-08-floatcapital,,,YES,,,,,,Y,"Pass: Float H-03 is the repeated next-price shift bug: shiftTokens checks userAmountStaked but not already-pending shift amounts, so cumulative requested shifts can exceed stake. This bucket reaches the exact vulnerable stake check/consumer; syntheticTokens versus pending-shift membership is a granularity mismatch."
W3B-0831,a5f1a2a981fdf75cc5b6a44f7b8fd07e63f3bf44d32e33c55722b110eca845e2,26,web3bugs_packets/W3B-0831.json,https://code4rena.com/reports/2021-08-realitycards,NONBUG,no_desynchronizing_partial_transition,YES,,,N,,,Y,C3 fails: minRentalDayDivisor is a configured minimum-rental/foreclosure threshold applied to live user deposit/bid state; changing the policy does not require rewriting every user record.
W3B-0832,a65266147481699a729d52abf603881c067c6bec542803286e6f7fe315f0b740,29,web3bugs_packets/W3B-0832.json,https://code4rena.com/reports/2021-09-sushitrident,,,YES,,,,,,Y,Pass: Trident M-02 is the ConstantProductPool fee-baseline/order bug around _mintFee; this bucket recovers the barFee/kLast fee checkpoint and exact consumer. Missing reserve/totalSupply members and burn-side writer selection are detector-granularity differences.
W3B-0833,a66534936526bcdaf346b6ba27dbc891e6d256be5b8f5cf32958c7f78b6c7b94,51,web3bugs_packets/W3B-0833.json,https://code4rena.com/reports/2021-11-bootfinance,NONBUG,reconciliation_precedes_consumption,YES,,,N,,,Y,"C3 fails: _updateEmission advances startEpochTime, startEpochSupply, and rate coherently in the same epoch update before later available-supply consumption; the writer-block split is an analysis granularity artifact."
W3B-0834,a68a4c68fd311f97d023fa3d16839aa6b2e9de9fbb93e1b9afb031974fe29aaa,52,web3bugs_packets/W3B-0834.json,https://code4rena.com/reports/2021-11-vader,NONBUG,no_desynchronizing_partial_transition,YES,,,N,,,Y,"C3 fails for this bucket: stake checkpoints rewardPerToken/lastUpdateTime before increasing _totalSupply, and the reward schedule is not supposed to move with each stake. Vader M-04 instead requires the missing internal-accounting versus actual fee-on-transfer token-balance relation."
W3B-0835,a6c0a140f5d4a0d11251ab7717f11c48ac73833ea99568375d79a36e5f2ea4e1,35,web3bugs_packets/W3B-0835.json,https://code4rena.com/reports/2021-09-sushitrident-2,NONBUG,no_desynchronizing_partial_transition,YES,,,N,,,Y,"C3 fails: mint refreshes kLast from the post-mint pool balances; barFee is the configured fee fraction and need not change with that baseline. Trident's unbalanced-liquidity defect is reserve/fee ordering, not stale barFee versus kLast."
W3B-0836,a74a4542d47fffaecb29debb8b46ad25b9cf8b5654ca56f9294d58b7d2859680,107,web3bugs_packets/W3B-0836.json,https://code4rena.com/reports/2022-04-jpegd,NONBUG,no_desynchronizing_partial_transition,YES,,,N,,,Y,C3 fails: accRewardPerShare may advance while each user's balance and paid index remain unchanged until that user is checkpointed; _withdrawReward intentionally reconciles the lazy user index before balance mutation. JPEG'd H-05/H-06 instead concern currentBalance versus previousBalance.
W3B-0837,a7776bef735643b1da391b39b5709c147188b6e544ccca001bd6a19ef474731a,112,web3bugs_packets/W3B-0837.json,https://code4rena.com/reports/2022-04-backd,,,YES,,,,,,Y,"Pass: Backd L-01 is the withdrawal-delay/timestamp MV-SI: minWithdrawalDelay is configured while a new vault's _lastWithdrawal remains the zero default, so canWithdraw consumes that stale timestamp and authorizes the first withdrawal; only the successful withdrawal then records block.timestamp."
W3B-0838,a7c033d85d15553720ffd6843b3502437d45cdb6c3cab115beb35a28c386e0fb,76,web3bugs_packets/W3B-0838.json,https://code4rena.com/reports/2022-01-sherlock,NONBUG,reconciliation_precedes_consumption,YES,,,N,,,Y,"C3 fails: _settleProtocolDebt computes accrued debt from premiums_ and lastAccountedEachProtocol, updates activeBalances, then checkpoints lastAccountedEachProtocol in the same helper before subsequent protocol accounting consumes it."
W3B-0839,a8026f92841fb2ff8c51addc88999b426197d15560f9e6f24eb6288748d6fd62,107,web3bugs_packets/W3B-0839.json,https://code4rena.com/reports/2022-04-jpegd,NONBUG,reconciliation_precedes_consumption,YES,,,N,,,Y,C3 fails for this writer: NFTVault.borrow reconciles the position's debtPortion with totalDebtPortion and totalDebtAmount in the same borrow transition before return; JPEG'd M-04 is the distinct APR-before-accrue defect.
W3B-0840,a829d51d1859993d76f84695a181ff73cecf3eefb222e9cb2b794866916bb06d,35,web3bugs_packets/W3B-0840.json,https://code4rena.com/reports/2021-09-sushitrident-2,NONBUG,no_desynchronizing_partial_transition,YES,,,N,,,Y,"C3 fails: HybridPool totalSupply changes as LP/fee shares are minted while dLast is the liquidity-growth checkpoint and barFee is a configured fraction. Trident M-02 is caused by reserve/fee ordering during unbalanced minting, a state core absent here."
W3B-0841,a8479c8d543437bf669fc54e652bfa47cfe326df3cf3b04f1715d52c964b3c6d,6,web3bugs_packets/W3B-0841.json,https://code4rena.com/reports/2021-04-meebits,,,YES,,,,,,Y,"Pass: randomIndex mutates the indices permutation but nonce.add(1) discards SafeMath's returned value, so nonce remains stale; _mint then increments numTokens. The next randomIndex consumes stale nonce against evolved indices/count state."
W3B-0842,a8662816525185cedf9a85c50dbbac32162b28c6e8d793ed63074f13814ca3d0,22,web3bugs_packets/W3B-0842.json,https://code4rena.com/reports/2021-08-floatcapital,NONBUG,unsupported_or_overbroad_relation,NO,,N,,,,Y,"C2 fails: staker and assetPrice meet only through the privileged update/bypass logic; Float M-06's actual invariant is assetPrice/marketUpdateIndex/pending next-price settlement state, not an invariant between the staker address and stored price."
W3B-0843,a91fc7eef2ec9100c9be1ac12ef06f7ef7fb8b49fe72aa9533b523b9987a4a36,6,web3bugs_packets/W3B-0843.json,https://code4rena.com/reports/2021-04-meebits,,,YES,,,,,,Y,Pass: the mint path evolves indices and numTokens while randomIndex's nonce.add(1) fails to persist the increment; subsequent random selection therefore consumes stale nonce together with the updated permutation/count state.
W3B-0844,a97afff9833a873fbe5fa4945dbe0ebb21db9a6b43412936a459d8b78fe74a86,123,web3bugs_packets/W3B-0844.json,https://code4rena.com/reports/2022-05-aura,NONBUG,no_desynchronizing_partial_transition,YES,,,N,,,Y,C3 fails: getReward intentionally zeroes userData[_account][_rewardsToken].rewards for the current rewardTokens entry before transferring/staking it; rewardTokens membership is not mirrored state that must change with each user's claim.
W3B-0845,a9998af2e6de81f868caa360052f7ee9277f63b9229350f4454f68d8ada2cdfd,107,web3bugs_packets/W3B-0845.json,https://code4rena.com/reports/2022-04-jpegd,NONBUG,no_desynchronizing_partial_transition,YES,,,N,,,Y,C3 fails: setNFTTypeValueETH changes a governance collateral-valuation input; existing positions and aggregate debt are subsequently evaluated under that new valuation but are not state that must be rewritten when the price parameter changes.
W3B-0846,a9b0a56a5d664057e746efefbded7dbab936978d4d8d89eb45771e00d55f4f2e,192,web3bugs_packets/W3B-0846.json,https://code4rena.com/reports/2022-12-tigris,NONBUG,no_desynchronizing_partial_transition,YES,,,N,,,Y,"C3 fails for this relation: allowing a newly added asset while totalShares is zero is valid initialization. Tigris M-16's stale member is epoch[_tigAsset], which distribute fails to advance when totalShares == 0; epoch is absent from this bucket."
W3B-0847,a9bc9b1549b17d40f1ee185458e514714ace6f1afa9f6618192e7156240df8a8,61,web3bugs_packets/W3B-0847.json,https://code4rena.com/reports/2021-12-sublime,NONBUG,no_desynchronizing_partial_transition,YES,,,N,,,Y,C3 fails: initializeRepayment establishes the immutable repayment terms while repayVariables are intentionally zero-initialized progress state that advances later through instalments/extensions; the initial divergence is protocol-valid.
W3B-0848,a9c9299073b64b8ea21da18ad56a8bbfa5722c99b34c53686b9b248ffdf133c7,26,web3bugs_packets/W3B-0848.json,https://code4rena.com/reports/2021-08-realitycards,NONBUG,reconciliation_precedes_consumption,YES,,,N,,,Y,C3 fails: removeOldBids' array removal path repairs the index for any record moved by swap-and-pop before returning; later addBid/transferCard consumers therefore do not observe a stale user/index pair.
W3B-0849,a9de98bff44564725cd8a720c3528ad0d1b85510cf7ee008e8a92cf370a5e5c9,26,web3bugs_packets/W3B-0849.json,https://code4rena.com/reports/2021-08-realitycards,NONBUG,no_desynchronizing_partial_transition,YES,,,N,,,Y,C3 fails: marketCloseLimit is a configured per-close processing cap; closeMarket is supposed to mutate user/orderbook records while leaving that policy bound fixed.
W3B-0850,a9f2ea02db07bdff1189cc642ccaac85e2478ac76b0e8fb6abb0be76c1e1895b,26,web3bugs_packets/W3B-0850.json,https://code4rena.com/reports/2021-08-realitycards,NONBUG,no_desynchronizing_partial_transition,YES,,,N,,,Y,C3 fails: cardAffiliateCut is a fixed payout percentage while rent collection legitimately increases per-card rent/time accounting; payout later multiplies the accumulated card amount by the unchanged configured cut.
W3B-0851,aa34518dbdc4bf89a2650c409990be6743b5f6b35bf8a43b0adc490b37e1c210,26,web3bugs_packets/W3B-0851.json,https://code4rena.com/reports/2021-08-realitycards,NONBUG,reconciliation_precedes_consumption,YES,,,N,,,Y,"C3 fails: removeOldBids is itself the deferred-cleanup/reconciliation path, consuming closedMarkets and userClosedMarketIndex while repairing the user's linked-list/index bookkeeping and advancing the cleanup cursor before return."
W3B-0852,aa3debf9aa6f4f4e7669f394d6f0a2bbf4ad6275a219322841dfdd38eb0a48e1,113,web3bugs_packets/W3B-0852.json,https://code4rena.com/reports/2022-04-abranft,NONBUG,no_desynchronizing_partial_transition,YES,,,N,,,Y,C3 fails: registerProtocol intentionally establishes masterContractOf without granting any user's approval; masterContractApproved is separate user authorization that allowed() correctly requires before delegated BentoBox actions.
W3B-0853,aa5da6fb66d9ed1d163101442bc4943786ee71c2dd4ea1841174da4effa09f34,79,web3bugs_packets/W3B-0853.json,https://code4rena.com/reports/2022-01-trader-joe,NONBUG,no_desynchronizing_partial_transition,YES,,,N,,,Y,C3 fails for this bucket: issuer emergencyWithdraw zeroing tokenReserve while user WAVAX reserves remain is an intended emergency split. Trader Joe H-01 instead arises after createPair consumes/zeros WAVAX into LP while user emergency entitlements remain.
W3B-0854,aa7afc09f911e890f52850c1086f16ccc5f8228bc0b091a3a9867eb430315ba8,28,web3bugs_packets/W3B-0854.json,https://code4rena.com/reports/2021-09-sushimiso,NONBUG,no_desynchronizing_partial_transition,YES,,,N,,,Y,C3 fails for this bucket: _addCommitment legitimately increases marketStatus.commitmentsTotal against the fixed marketPrice.goal. MISO H-03 is the post-finalization commitment/inventory defect; this relation does not recover the unreconciled finalized/inventory member.
W3B-0855,aa8039fe8a832a5f1998509ec2ba9251dfb65b58d0577b5687e55a2091e19039,110,web3bugs_packets/W3B-0855.json,https://code4rena.com/reports/2022-04-badger-citadel,NONBUG,no_desynchronizing_partial_transition,YES,,,N,,,Y,"C3 fails: initialize sets saleStart, saleDuration and tokenInLimit together, while totalTokenIn intentionally starts at zero and subsequently grows against the fixed sale limit."
W3B-0856,aa9d391f2844e3005df0a95e80f21c383f978f977b360f839b19f1fe05af297a,28,web3bugs_packets/W3B-0856.json,https://code4rena.com/reports/2021-09-sushimiso,NONBUG,no_desynchronizing_partial_transition,YES,,,N,,,Y,C3 fails: setAuctionWallet intentionally changes the privileged payout/finalization wallet without changing the auction schedule in marketInfo; the timing and wallet values need not move together.
W3B-0857,aae5cbcf849b5fccdf6c2872634a7dca4576c8bc62f122f4ca1b4b9ff94b2a08,78,web3bugs_packets/W3B-0857.json,https://code4rena.com/reports/2022-01-behodler,NONBUG,no_desynchronizing_partial_transition,YES,,,N,,,Y,"C3 fails: Behodler's stuck-proposal finding occurs when orchestrateExecute reverts, which rolls back the attempted proposal-state update; time expiry leaves the proposal unusable but no successful partial persistent transition creates the state."
W3B-0858,ab02d3dfd05ecfcd630df7bfe9c75bfcf48a2f5535f5b282e586d12435dd4463,22,web3bugs_packets/W3B-0858.json,https://code4rena.com/reports/2021-08-floatcapital,,,YES,,,,,,Y,Pass: Float L-06 changes launch-incentive period/multiplier without refreshing the timing baseline; _getKValue and cumulative issuance consume the new parameters against the original snapshot timestamp. Extra curve members are overapproximation.
W3B-0859,ab7f157f894eab8933d98c4f9683ac4664208c517578777e50453f90f6f81295,28,web3bugs_packets/W3B-0859.json,https://code4rena.com/reports/2021-09-sushimiso,NONBUG,no_desynchronizing_partial_transition,YES,,,N,,,Y,"C3 fails for this bucket: finalize setting marketStatus.finalized does not require marketPrice.goal to change. MISO H-03 is created by a later post-finalization commitment and token-inventory shortfall, not by this transition itself."
W3B-0860,abac00175b54f8f7488b12bf133ac7b1198d656ac9c52d7ce6d694e20b9fc087,100,web3bugs_packets/W3B-0860.json,https://code4rena.com/reports/2022-03-prepo,NONBUG,no_desynchronizing_partial_transition,YES,,,N,,,Y,C3 fails: _accountDepositCap is a fixed policy threshold; recordDeposit is supposed to increase the account's net deposit while leaving that configured cap unchanged.
W3B-0861,abe063c638b7f12ab443d591763629388221453b1bc2462a6d893734276d0650,45,web3bugs_packets/W3B-0861.json,https://code4rena.com/reports/2021-10-union,NONBUG,no_desynchronizing_partial_transition,YES,,,N,,,Y,"C3 fails: overdueBlocks is a fixed delinquency threshold, while borrowing legitimately updates accountBorrows and initializes/uses repayment timing. Union H-01 concerns stale borrow-index accrual, not overdueBlocks."
W3B-0862,abfba7fd05c1b85b003d55d67621ae740dc9f3959c488bfd2f6d96d2dc7cf568,26,web3bugs_packets/W3B-0862.json,https://code4rena.com/reports/2021-08-realitycards,NONBUG,no_desynchronizing_partial_transition,YES,,,N,,,Y,C3 fails: rent collection is intended to evolve card ownership-time accounting while winnerCut remains configured and winningOutcome remains unresolved; payout later selects the resolved winning card.
W3B-0863,ac4be0b89619d07f26c38ed2e6c91fc4ec4a369b3568a473cfde89c930b4b948,76,web3bugs_packets/W3B-0863.json,https://code4rena.com/reports/2022-01-sherlock,NONBUG,reconciliation_precedes_consumption,YES,,,N,,,Y,"C3 fails: _settleProtocolDebt computes debt from premiums_, updates activeBalances, and then checkpoints lastAccountedEachProtocol in the same helper before subsequent protocol-balance consumption."
W3B-0864,ace321d4a6ac42a0d70bca7b65fd29b399db6de3f4901444359a2d1853997e82,26,web3bugs_packets/W3B-0864.json,https://code4rena.com/reports/2021-08-realitycards,NONBUG,no_desynchronizing_partial_transition,YES,,,N,,,Y,C3 fails as MV-SI: RealityCards H-01 is the local loop-bound edge case when _loopCounter reaches maxDeletions; removing a user bid is not supposed to mutate the persistent maxDeletions policy value.
W3B-0865,aceb59b21351da91496d1dfb172e9d895b5a10b80df527394684849c89b33d03,105,web3bugs_packets/W3B-0865.json,https://code4rena.com/reports/2022-03-paladin,NONBUG,analysis_abstraction_error,YES,,,N,,,Y,"C3 fails: the nominated _availableBalanceOf site is a view/read of balance and userLocks, not a persistent writer. Paladin M-14 requires stale user bonus-ratio state, which this balance/lock bucket does not recover."
W3B-0866,ad081fe37ff5abdac53f55cc56bfe2618224aeed01adae46ccd214a9733c0874,22,web3bugs_packets/W3B-0866.json,https://code4rena.com/reports/2021-08-floatcapital,,,YES,,,,,,Y,"Pass: btcSupply is a time-indexed baseline coupled to lastUpdated, btcBlocksPerDay and btcBlockReward; changing btcBlocksPerDay without checkpointing supply/time makes the next update apply the new rate retroactively over the old interval."
W3B-0867,ad0f3950537b5ffbfad384687009d3c3f80f2f28327e618fcc45fc84365764da,107,web3bugs_packets/W3B-0867.json,https://code4rena.com/reports/2022-04-jpegd,NONBUG,reconciliation_precedes_consumption,YES,,,N,,,Y,C3 fails for this writer: borrow updates the position borrow type and then reconciles position.debtPortion and totalDebtPortion before return. JPEG'd M-04 is the separate APR-before-accrue transition.
W3B-0868,ad1c791843d0b5da0048ee01d897e8d27751a80f836926ea6ffe2dc1c20bcd6d,76,web3bugs_packets/W3B-0868.json,https://code4rena.com/reports/2022-01-sherlock,NONBUG,no_desynchronizing_partial_transition,YES,,,N,,,Y,C3 fails: minActiveBalance is a fixed governance removal threshold; forceRemoveByActiveBalance first settles protocol debt to refresh activeBalances and then compares the refreshed balance with that threshold.
W3B-0869,ada6fb0f2fbe6b45f73c0a643e4f0c003f6f754292f20ea9dfeb0be2dd05f339,105,web3bugs_packets/W3B-0869.json,https://code4rena.com/reports/2022-03-paladin,NONBUG,analysis_abstraction_error,YES,,,N,,,Y,C3 fails: the nominated _getUserAccruedRewards site reads userLocks rather than writing them. Paladin's relevant expired-lock defect involves userCurrentBonusRatio/userBonusRatioDecrease state absent from this relation.
W3B-0870,adb16c2ff3a6f93f840959163e3c58678505fdaa60477f1739da3686fca965f3,53,web3bugs_packets/W3B-0870.json,https://code4rena.com/reports/2021-11-nested,NONBUG,no_desynchronizing_partial_transition,YES,,,N,,,Y,C3 fails: maxHoldingsCount is a configured capacity bound; createRecord correctly appends a holding while leaving that fixed bound unchanged.
W3B-0871,adb580944a3568f45edc760305d57d459735e08a8c348655558f0c37962b9257,53,web3bugs_packets/W3B-0871.json,https://code4rena.com/reports/2021-11-nested,,,YES,,,,,,Y,"Pass: Nested L-04 is a royaltiesWeight/shareholders/totalWeights MV-SI. A shareholder can be reduced to zero while royalties keep totalWeights positive, then royalties can be set to zero, leaving totalWeights zero for _computeShareCount's division."
W3B-0872,addced71b33ac062fb9b0deddde17c496a19114c284d1f822915d14c819f8247,35,web3bugs_packets/W3B-0872.json,https://code4rena.com/reports/2021-09-sushitrident-2,NONBUG,no_desynchronizing_partial_transition,YES,,,N,,,Y,"C3 fails: swap legitimately changes records[token].reserve while the pool token membership remains fixed. Trident's mint supply/reserve exploits require the LP totalSupply accounting relation, which this tokens/records bucket omits."
W3B-0873,ae16acc55ac861828ec09c1ad0b5aac882561c7e12ff5fcaa621fbba5a6a55c9,22,web3bugs_packets/W3B-0873.json,https://code4rena.com/reports/2021-08-floatcapital,,,YES,,,,,,Y,Pass: Float L-06 changes launch-incentive period/multiplier while the timing baseline remains the original snapshot; _getKValue later consumes the new parameters against that stale timestamp.
W3B-0874,ae976d47a3da76d40532cca9453b656f3cf87b1d692c4f89f8ca0d417cfd1212,26,web3bugs_packets/W3B-0874.json,https://code4rena.com/reports/2021-08-realitycards,NONBUG,no_desynchronizing_partial_transition,YES,,,N,,,Y,"C3 fails: unlinking neighboring bids changes only their prev/next pointers; their array slots do not move, so the existing index entries remain valid and no user/index desynchronization is created."
W3B-0875,ae9bf2898aa54dc61b5e8939f52dbb1a458c398806e9d76661eaee7427a9a91b,45,web3bugs_packets/W3B-0875.json,https://code4rena.com/reports/2021-10-union,NONBUG,reconciliation_precedes_consumption,YES,,,N,,,Y,C3 fails: _updateTotalFrozen adjusts totalFrozen for the borrower's prior frozen amount before setting memberFrozen to the new value/zero in the same call; Union M-07 instead concerns totalStaked versus totalFrozen.
W3B-0876,aea255a111d8be8c4bc33ec511c0e819a123f4531e704b438e3f9fd6afd05764,26,web3bugs_packets/W3B-0876.json,https://code4rena.com/reports/2021-08-realitycards,NONBUG,reconciliation_precedes_consumption,YES,,,N,,,Y,C3 fails: removeFromLeaderboard's swap-and-pop immediately clears the removed leaderboardIndex and rewrites the moved record's index before returning.
W3B-0877,aea821e9e85afb0aacf6e69e85d0b6503b8f8817cff4b9658015b3652d5412a7,26,web3bugs_packets/W3B-0877.json,https://code4rena.com/reports/2021-08-realitycards,NONBUG,reconciliation_precedes_consumption,YES,,,N,,,Y,"C3 fails: _removeBidFromOrderbookIgnoreOwner swaps and pops the user record, then immediately clears the removed index and rewrites the moved bid's index before return."
W3B-0878,aed3f4c3d47f1284d768283a21cec97dbc90e7c75c300bf4fd40841b17186237,107,web3bugs_packets/W3B-0878.json,https://code4rena.com/reports/2022-04-jpegd,,,YES,,,,,,Y,"Pass: JPEG'd M-04 is an APR/debt-checkpoint MV-SI: setDebtInterestApr changes the rate without accruing the prior interval, so the next accrue consumes the old debt/timestamp baseline with the new rate and applies it retroactively."
W3B-0879,aefd6248fa1909ae7a29f72350653bded99a34df78513c6c31051a495d9009c8,45,web3bugs_packets/W3B-0879.json,https://code4rena.com/reports/2021-10-union,NONBUG,no_desynchronizing_partial_transition,YES,,,N,,,Y,"C3 fails: debtCeiling is a configured borrowing cap, while totalBorrows legitimately grows as interest accrues; exceeding the cap simply makes getRemainingLoanSize return zero."
W3B-0880,af0f741efbaa0fe437d6db9dbf66df522e4cf93b747e7d166376a7f0f5095d29,22,web3bugs_packets/W3B-0880.json,https://code4rena.com/reports/2021-08-floatcapital,,,YES,,,,,,Y,Pass: Float L-06 establishes the launch-incentive period/multiplier to timing-snapshot invariant consumed by _getKValue; this bucket recovers that semantic core and sink despite an adjacent snapshot writer.
W3B-0881,af64e2cb3d72c4b38732e681277846842edacce44b6f6d55abaf1804b947a547,45,web3bugs_packets/W3B-0881.json,https://code4rena.com/reports/2021-10-union,NONBUG,no_desynchronizing_partial_transition,YES,,,N,,,Y,C3 fails: overdueBlocks is a fixed delinquency threshold; repayment is supposed to update accountBorrows/lastRepay without changing that configured threshold.
W3B-0882,af8d207480024cbe733f7ec15911eaf1feb02896c9939c2fd03aace96a6a1337,26,web3bugs_packets/W3B-0882.json,https://code4rena.com/reports/2021-08-realitycards,NONBUG,analysis_abstraction_error,YES,,,N,,,Y,"C3 fails: the nominated user writer at addBidToOrderbook line 240 only tests user[_user].length; the branch writes userClosedMarketIndex, not the user array."
W3B-0883,afaa0a1aefca45c32ac4b83372140f494d1622fecb20078729fac79a63a7f1ee,113,web3bugs_packets/W3B-0883.json,https://code4rena.com/reports/2022-04-abranft,NONBUG,no_desynchronizing_partial_transition,YES,,,N,,,Y,"C3 fails: _lend intentionally advances tokenLoan to OUTSTANDING with a startTime while retaining the accepted tokenLoanParams; those parameters are the terms later used by repay/removal, not stale mirrored state."
W3B-0884,afded5450cbb698a25c3af1e01b41b1f3be1c7edba9dae80351dc4696061cbaf,52,web3bugs_packets/W3B-0884.json,https://code4rena.com/reports/2021-11-vader,NONBUG,reconciliation_precedes_consumption,YES,,,N,,,Y,"C3 fails: updateReward checkpoints rewardPerTokenStored, lastUpdateTime, rewards, and userRewardPerTokenPaid before withdraw mutates _totalSupply/_balances; the Vader fee-on-transfer defect depends on external token balance instead."
W3B-0885,b027b49bce883698951301d4e0076689d2b15d4463cc385b63fa560a5b640c49,22,web3bugs_packets/W3B-0885.json,https://code4rena.com/reports/2021-08-floatcapital,,,YES,,,,,,Y,"Pass: Float M-06 is the userNextPrice_currentUpdateIndex/marketUpdateIndex desynchronization: a pending next-price action is recorded, but unchanged assetPrice can prevent marketUpdateIndex from advancing, so settlement consumers remain stranded."
W3B-0886,b059017354e958c72cfae30d948665b061ecf1922aaa39430eb22aaee2cad115,26,web3bugs_packets/W3B-0886.json,https://code4rena.com/reports/2021-08-realitycards,NONBUG,reconciliation_precedes_consumption,YES,,,N,,,Y,"C3 fails: _newBidInOrderbook links and pushes the new bid, then immediately stores index[_user][_market][_card] = user[_user].length - 1 before returning."
W3B-0887,b0817a08567e96a5353677b4d22fe641966aa748d189387597ba60b23ef2139d,76,web3bugs_packets/W3B-0887.json,https://code4rena.com/reports/2022-01-sherlock,NONBUG,reconciliation_precedes_consumption,YES,,,N,,,Y,"C3 fails: withdrawActiveBalance first calls _settleProtocolDebt, which checkpoints protocol debt/timestamp, then reduces activeBalances and checks coverage using the reconciled state."
W3B-0888,b09076ecf0a0249018bf7e2e54491daa9b4f989b60eeb502cce9f7fa1a65f542,26,web3bugs_packets/W3B-0888.json,https://code4rena.com/reports/2021-08-realitycards,NONBUG,no_desynchronizing_partial_transition,YES,,,N,,,Y,"C3 fails: unlinking a bid changes linked-list pointers without moving those neighbors' array slots; subsequent swap-and-pop repairs indices, while closed-market cursors are intentional deferred-cleanup state."
W3B-0889,b0b08ec81e40ad4d6426a0ec64ed2648e59e48e09466a09db5d1d07e623bf3e6,22,web3bugs_packets/W3B-0889.json,https://code4rena.com/reports/2021-08-floatcapital,NONBUG,no_desynchronizing_partial_transition,YES,,,N,,,Y,C3 fails: addNewStakingFund initializes snapshot index 0 while latestRewardIndex is correctly at its zero initial value; both identify the same initial reward snapshot.
W3B-0890,b0d85de275bed7fc9c761d30f2818b4c30a53a831e1bf49db9019a0fe848c77f,107,web3bugs_packets/W3B-0890.json,https://code4rena.com/reports/2022-04-jpegd,NONBUG,reconciliation_precedes_consumption,YES,,,N,,,Y,C3 fails: liquidation already removes the insured position's debtPortion from totalDebtPortion and debtAmount from totalDebtAmount; later repurchase only deletes the zero-debt position.
W3B-0891,b1359760f2c5533ef394a9327cb6090a1d79f758a189ddc8e2ae71e4f06149bb,26,web3bugs_packets/W3B-0891.json,https://code4rena.com/reports/2021-08-realitycards,NONBUG,reconciliation_precedes_consumption,YES,,,N,,,Y,"C3 fails: initialize sets artistCut, winnerCut, creatorCut, affiliateCut, and cardAffiliateCut consecutively in the same initialization before payout/card state can be consumed."
W3B-0892,b149617146c3910cac6255fc9858cdd98762bd4c7d2fc7a9aa1b0193316fcfab,22,web3bugs_packets/W3B-0892.json,https://code4rena.com/reports/2021-08-floatcapital,NONBUG,no_desynchronizing_partial_transition,YES,,,N,,,Y,C3 fails: batched_stakerNextTokenShiftIndex intentionally advances past a user's stored shift index after a batch is processed; _calculateAccumulatedFloat uses that cursor difference to settle the executed shift.
W3B-0893,b1a785e9304fa503ace17931a2d97d172b3c6253a3b51358f6acee0903cfabe6,61,web3bugs_packets/W3B-0893.json,https://code4rena.com/reports/2021-12-sublime,NONBUG,no_desynchronizing_partial_transition,YES,,,N,,,Y,C3 fails: initializeRepayment sets immutable repayment terms while repayVariables progress fields intentionally start at zero and advance through instalments/extensions until loanDurationCovered reaches loanDuration.
W3B-0894,b2370a9befaa37f16939e5d815258a6848b0ebe4f58a247b0e2ced75910da3eb,76,web3bugs_packets/W3B-0894.json,https://code4rena.com/reports/2022-01-sherlock,NONBUG,reconciliation_precedes_consumption,YES,,,N,,,Y,"C3 fails: claimPremiumsForStakers zeroes lastClaimablePremiumsForStakers immediately before advancing lastAccountedGlobal, so the premium base/timestamp state is reconciled before later use."
W3B-0895,b251bd1754e71305348dae34786aee1d0fca236448f6a9e3a1306e4d16dc9d0a,54,web3bugs_packets/W3B-0895.json,https://code4rena.com/reports/2021-11-unlock,,,YES,,,,,,Y,Pass: Unlock H-04 shows ownership/key-manager changes can leave approved/operator authorization stale; onlyKeyManagerOrApproved later consumes that stale approval to reclaim a transferred key.
W3B-0896,b25a2527a83c38cca9c445a1ab5f9fbb178bbfb516e92e322fe3982658073395,78,web3bugs_packets/W3B-0896.json,https://code4rena.com/reports/2022-01-behodler,NONBUG,reconciliation_precedes_consumption,YES,,,N,,,Y,C3 fails: configureSoul advances latestIndex and immediately selects and initializes the newly current souls[token][latestIndex[token]] entry before returning.
W3B-0897,b2876b60fed4cbbb67bb337d80c7bb74c1b387c1d68fe5451ec6fc4ae8a9c036,22,web3bugs_packets/W3B-0897.json,https://code4rena.com/reports/2021-08-floatcapital,,,YES,,,,,,Y,"Pass: Float H-03 is the pending-shift/staked-balance inconsistency: repeated next-price shifts can accumulate beyond userAmountStaked, and later settlement/reward logic consumes the pending long/short amounts."
W3B-0898,b2a68e733bfee97482ee1476a4d9d7511d678205f0c67607a14115f8b2a9bcc0,53,web3bugs_packets/W3B-0898.json,https://code4rena.com/reports/2021-11-nested,NONBUG,analysis_abstraction_error,YES,,,N,,,Y,"C3 fails: _sendFees only iterates and reads shareholders; the actual shareholder/royalty setters reconcile totalWeights when weights change, so the alleged partial shareholders writer is a modeling artifact."
W3B-0899,b2da421fbe4812a3fbe3874a7384d776a6bb97b6766fa971017b2c3232016d49,26,web3bugs_packets/W3B-0899.json,https://code4rena.com/reports/2021-08-realitycards,NONBUG,no_desynchronizing_partial_transition,YES,,,N,,,Y,C3 fails: cleaningLoops is an independent configured per-call cleanup cap; removing an orderbook record changes user data but is not supposed to mutate that loop bound.
W3B-0900,b2e555d3441c6dfbe1922721295e80d241c71b5fe40a061baba2625a9e0856f0,22,web3bugs_packets/W3B-0900.json,https://code4rena.com/reports/2021-08-floatcapital,,,YES,,,,,,Y,"Pass: ethSupply is a time-indexed baseline coupled to lastUpdated and issuance-rate state; changeEthSupply replaces the baseline without settling/resetting lastUpdated, so the next update reapplies elapsed issuance against stale timing/rates."
W3B-0901,b30a650147cd3b0442b4398a9e44817337b0ab98ee38c37050057062cd10928b,57,web3bugs_packets/W3B-0901.json,https://code4rena.com/reports/2021-11-badgerzaps,NONBUG,no_desynchronizing_partial_transition,YES,,,N,,,Y,"C3 fails: approved is an intentional access exemption to the per-account blockLock; locking an account without changing its approval status is the designed policy, not stale state."
W3B-0902,b3bf0a8c326d8ec8b5d176046031efc962f784281c9114f059a38de908b2bd9f,52,web3bugs_packets/W3B-0902.json,https://code4rena.com/reports/2021-11-vader,NONBUG,reconciliation_precedes_consumption,YES,,,N,,,Y,"C3 fails: notifyRewardAmount first checkpoints rewardPerToken/lastUpdateTime through updateReward, recalculates rewardRate, then sets lastUpdateTime and periodFinish before subsequent reward consumption."
W3B-0903,b3ed186316e1ec3b9eaf05d1b48ddaeb43bb7e118e05268f2b007b580145789d,26,web3bugs_packets/W3B-0903.json,https://code4rena.com/reports/2021-08-realitycards,NONBUG,no_desynchronizing_partial_transition,YES,,,N,,,Y,C3 fails: initialize deliberately sets winningOutcome to the unresolved sentinel while card accounting and winnerCut remain valid pre-resolution state; no relation member is stale.
W3B-0904,b41b990056ebc448d662ee21550f0c71af0670d2b7446334bf9387577cc0c7df,22,web3bugs_packets/W3B-0904.json,https://code4rena.com/reports/2021-08-floatcapital,,,YES,,,,,,Y,"Pass: Float M-06 is the assetPrice/marketUpdateIndex/pending-user-index inconsistency: unchanged prices can prevent marketUpdateIndex advancement, leaving next-price settlements stranded and later index checks consume it."
W3B-0905,b491f88c91339a067a76d72bc93be10e35e470aaf06b69faf319ee2517ae69f9,29,web3bugs_packets/W3B-0905.json,https://code4rena.com/reports/2021-09-sushitrident,,,YES,,,,,,Y,Pass: Trident H-09/H-13 break the records/reserve-to-LP-totalSupply relation in mint; this bucket reaches the exact mint balance/reserve surface and later mint/burn supply consumption despite an adjacent swap writer.
W3B-0906,b4ad059043a6f14f39b793d3d309370f887e0485cf3ad5a1c6a859acfabbd6ba,45,web3bugs_packets/W3B-0906.json,https://code4rena.com/reports/2021-10-union,NONBUG,no_desynchronizing_partial_transition,YES,,,N,,,Y,C3 fails: cancelVouch removes a trust/vouch relationship while intentionally leaving the staker's deposited stake intact; membership/vouch state is not required to mirror the staked balance.
W3B-0907,b4f1220333e08e2bd4148c2b4bdfb7fd3883527a22c99d3a926d342849225ecb,26,web3bugs_packets/W3B-0907.json,https://code4rena.com/reports/2021-08-realitycards,NONBUG,no_desynchronizing_partial_transition,YES,,,N,,,Y,C3 fails: marketLockingTime is a fixed market deadline used to cap collection; card ownership/rent-time accounting is expected to evolve independently while that deadline stays fixed.
W3B-0908,b5082ae219d3e7c7379f0738327ad3b78951f2a17a0bd3e354455caf0fa03a08,26,web3bugs_packets/W3B-0908.json,https://code4rena.com/reports/2021-08-realitycards,NONBUG,no_desynchronizing_partial_transition,YES,,,N,,,Y,C3 fails: setCleaningLimit only changes the configured maximum cleanup iterations; the user/orderbook contents are independent state and need not change with that limit.
W3B-0909,b51cda9f2cddf7c0f0c7738d585f0666f5f95994143e4727e2b4e63dd26711f2,26,web3bugs_packets/W3B-0909.json,https://code4rena.com/reports/2021-08-realitycards,NONBUG,reconciliation_precedes_consumption,YES,,,N,,,Y,C3 fails: cleanWastePile's swap-and-pop clears the removed index and immediately rewrites the moved record's index before return; closedMarkets/userClosedMarketIndex are separate deferred-cleanup cursors.
W3B-0910,b57afd1a6cf876c0f800014fbab0d8ab2b956ef06723b1cd2d2c3849cbc11c95,52,web3bugs_packets/W3B-0910.json,https://code4rena.com/reports/2021-11-vader,NONBUG,reconciliation_precedes_consumption,YES,,,N,,,Y,C3 fails for this bucket: updateReward checkpoints reward state and stake updates _totalSupply and _balances together; Vader M-04 instead depends on the unmodeled external staking-token balance for fee-on-transfer tokens.
W3B-0911,b5e314aaec596c20ab5cced34fe7ad801011655fee368549b331c1dc61257b4e,22,web3bugs_packets/W3B-0911.json,https://code4rena.com/reports/2021-08-floatcapital,NONBUG,reconciliation_precedes_consumption,YES,,,N,,,Y,C3 fails: _setCurrentAccumulativeIssuancePerStakeStakedSynthSnapshot writes the new snapshot and immediately advances latestRewardIndex to that index before later reward calculations can consume it.
W3B-0912,b603346fd06d83e646fcbcc2d86f6eaaff288749ae7928092f8fbd157c11a346,105,web3bugs_packets/W3B-0912.json,https://code4rena.com/reports/2022-03-paladin,NONBUG,analysis_abstraction_error,YES,,,N,,,Y,"C3 fails: the nominated _availableBalanceOf site is a view read of userLocks, not a state writer; Paladin's reported expired-lock issues involve stale bonus-ratio state, which this balance-to-lock bucket does not recover."
W3B-0913,b68dbdb9055af1129f3f7ffc6041894a84cf33fee27994e29b1b0d7841149515,26,web3bugs_packets/W3B-0913.json,https://code4rena.com/reports/2021-08-realitycards,NONBUG,no_desynchronizing_partial_transition,YES,,,N,,,Y,"C3 fails: unlinking a bid changes neighbor prev/next pointers without moving their array slots, so index entries remain valid; the later swap-and-pop path repairs any moved index before use."
W3B-0914,b6e013e775bd78af3857e1c76e8bc0ef2b55cf8d473247f560d4a5d1435c95f9,22,web3bugs_packets/W3B-0914.json,https://code4rena.com/reports/2021-08-floatcapital,,,YES,,,,,,Y,Pass: Float L-06 establishes that launch-incentive period/multiplier must remain consistent with the snapshot timestamp consumed by _getKValue; this bucket recovers that semantic core and stale-timestamp surface despite adjacent writer granularity.
W3B-0915,b762d398aec602b4bc0d5138950262594243cf767466e601249299607c61f39e,45,web3bugs_packets/W3B-0915.json,https://code4rena.com/reports/2021-10-union,,,YES,,,,,,Y,Pass: Union H-01 shows borrow evaluates account debt/maxBorrow against stale accrual and borrow-index state before accrueInterest; this bucket recovers that accounting relation and borrow control surface despite its adjacent serialized writer.
W3B-0916,b77a5e05fbc04ce65fe73ad02ada5af28ed9759157672db1121517903ac63ff0,28,web3bugs_packets/W3B-0916.json,https://code4rena.com/reports/2021-09-sushimiso,NONBUG,no_desynchronizing_partial_transition,YES,,,N,,,Y,"C3 fails: initializing DOMAIN_SEPARATOR while every owner's nonce remains at its intended zero initial value is valid permit state, not a desynchronizing transition."
W3B-0917,b7ca353a0c8d6584add8654da140f51a2a22e375bb2860dbf34f0ac841a4debb,26,web3bugs_packets/W3B-0917.json,https://code4rena.com/reports/2021-08-realitycards,NONBUG,no_desynchronizing_partial_transition,YES,,,N,,,Y,C3 fails: card rental accounting is intended to evolve while winningOutcome is unresolved; winner selection occurs before the withdrawal/payout phase that consumes winningOutcome.
W3B-0918,b7e1e7a41ebd41948e318e9a0d24d6b3303b69bcef5fd5154274894ee5d0cd55,76,web3bugs_packets/W3B-0918.json,https://code4rena.com/reports/2022-01-sherlock,NONBUG,no_desynchronizing_partial_transition,YES,,,N,,,Y,C3 fails: _settleProtocolDebt updates a protocol's live active balance while minActiveBalance is an independently configured removal threshold that is not meant to move with it.
W3B-0919,b81ab8717b79ae117f9cb0be8c2b278b5a4188e9362e4fbc9fae839bdfb623de,107,web3bugs_packets/W3B-0919.json,https://code4rena.com/reports/2022-04-jpegd,NONBUG,no_desynchronizing_partial_transition,YES,,,N,,,Y,"C3 fails: _update intentionally refreshes accRewardPerShare/previousBalance using current totalStaked, while deposit and withdraw settle rewards before changing totalStaked; the known JPEG'd balance-underflow issue is a different state relation."
W3B-0920,b859f72c012e57457580e11d031f1a0d9aba0ec228bbffedecd5eb320f669c00,35,web3bugs_packets/W3B-0920.json,https://code4rena.com/reports/2021-09-sushitrident-2,,,YES,,,,,,Y,"Pass: Trident H-09/H-13 permit LP totalSupply to increase without commensurate recorded pool reserves/tokens, and burn later consumes the inconsistent supply/reserve state to transfer assets."
W3B-0921,b8ed229b61da91713e67980c43a1e45a307517a5e05c5f8c4aa78b0e6aaa92ce,26,web3bugs_packets/W3B-0921.json,https://code4rena.com/reports/2021-08-realitycards,NONBUG,reconciliation_precedes_consumption,YES,,,N,,,Y,C3 fails: the swap-and-pop removal path immediately repairs the moved bid's index before returning; RealityCards H-01 instead concerns the maxDeletions/ownership loop edge case.
W3B-0922,b94f5f9494be6ef30625cf8a3a4874f0472639173b41ee78ed32c6cb8f3ca71c,105,web3bugs_packets/W3B-0922.json,https://code4rena.com/reports/2022-03-paladin,NONBUG,reconciliation_precedes_consumption,YES,,,N,,,Y,C3 fails: stakeAndIncreaseLock mints the new balance and then updates userLocks in the same call before relevant later use; the reported expired-lock defect instead leaves bonus-ratio state stale.
W3B-0923,b9983a41d13b25df8facdea6f037ee8312fc2eaf8f917270f52eac77541786f1,26,web3bugs_packets/W3B-0923.json,https://code4rena.com/reports/2021-08-realitycards,NONBUG,no_desynchronizing_partial_transition,YES,,,N,,,Y,"C3 fails: closeMarket intentionally creates deferred closed-market/orderbook cleanup state, with removeOldBids/cleanWastePile as the protocol's explicit later cleanup mechanism."
W3B-0924,b99f114efc4843696c0df825d4fb80c2a9142c1d8a89c199706e20cf5fddaa4a,26,web3bugs_packets/W3B-0924.json,https://code4rena.com/reports/2021-08-realitycards,NONBUG,no_desynchronizing_partial_transition,YES,,,N,,,Y,C3 fails: marketCloseLimit is a fixed governance cap compared with the current market user-array length; ordinary bid removal is not supposed to mutate that configured limit.
W3B-0925,b9a43a776e0a6d2cdc72fc480e3bcc1c70945c823e0f50b10a5801ec935ad52c,123,web3bugs_packets/W3B-0925.json,https://code4rena.com/reports/2022-05-aura,,,YES,,,,,,Y,"Pass: Aura H-01 is exactly a userClaims/rewardEpochs desynchronization: a high start index skips epochs while _getReward advances the persistent claim cursor, forfeiting the skipped rewards."
W3B-0926,b9c1898ab85555f5222303db36e31d77d28854add5b3e1885e0ab52afbdbcfd5,53,web3bugs_packets/W3B-0926.json,https://code4rena.com/reports/2021-11-nested,NONBUG,analysis_abstraction_error,YES,,,N,,,Y,"C3 fails: _sendFees only reads shareholders in its loop; the actual shareholder/royalty setters reconcile totalWeights whenever weights change, so the alleged partial writer is a modeling artifact."
W3B-0927,b9c578a0e7421c8dff1f5a0f1e9e4e02eb7cb54d6bf89c5efd216bcfa6d00baa,26,web3bugs_packets/W3B-0927.json,https://code4rena.com/reports/2021-08-realitycards,NONBUG,reconciliation_precedes_consumption,YES,,,N,,,Y,C3 fails: _newBidInOrderbook pushes the bid and immediately writes index[_user][_market][_card] to the new array position before subsequent protocol use.
W3B-0928,b9f5015e2778acad665215a0d33ed337e680e1f6a284cb6aed1d832d73b04730,105,web3bugs_packets/W3B-0928.json,https://code4rena.com/reports/2022-03-paladin,NONBUG,analysis_abstraction_error,YES,,,N,,,Y,C3 fails: _getUserAccruedRewards at the nominated writer site only reads userLocks; the reported Paladin expired-lock inconsistency instead involves lock state and stale bonus-ratio state.
W3B-0929,b9f8716e3b82b327ee39d08ecc69127c1ea02af0de33ee0470c0e4409303ac55,110,web3bugs_packets/W3B-0929.json,https://code4rena.com/reports/2022-04-badger-citadel,NONBUG,no_desynchronizing_partial_transition,YES,,,N,,,Y,"C3 fails: setDiscountLimits need not change citadelPriceInAsset or decimal normalization; the known zero-discount getAmountOut defect is a result-assignment bug on the same consumer surface, not MV-SI."
W3B-0930,ba54bf50a0624e149b0fca1fa9ce323b52b67f395f5aa8937b1160e0e70cb5f3,53,web3bugs_packets/W3B-0930.json,https://code4rena.com/reports/2021-11-nested,NONBUG,no_desynchronizing_partial_transition,YES,,,N,,,Y,"C3 fails: maxHoldingsCount is a configured capacity threshold; adding a holding while leaving that cap unchanged is the intended transition, not stale protocol state."
W3B-0931,bb28ad4b2a9d3212fb2c13a694cb7fd331c1aa38b188a5993210069e4dbb41a8,22,web3bugs_packets/W3B-0931.json,https://code4rena.com/reports/2021-08-floatcapital,NONBUG,unsupported_or_overbroad_relation,NO,,N,,,,Y,"C2 fails: stored staker and assetPrice only meet in the update bypass condition; Float M-06 depends on stale price/update-index settlement state, not an invariant between the staker address and assetPrice."
W3B-0932,bb575e882cc66eaf5ba6c03b1f943bbaf30a9ee5eb19f82e08493d9012ac03eb,123,web3bugs_packets/W3B-0932.json,https://code4rena.com/reports/2022-05-aura,,,YES,,,,,,Y,Pass: Aura H-01 establishes the userClaims/rewardEpochs invariant and this packet reaches the exact vulnerable claim consumer/storage update; addReward is an adjacent transition on the same defect surface.
W3B-0933,bb88ac52a5c0d57ea570dd1e9dc4bd014a8f3b0c9b865d1ac714b56ac5b13362,131,web3bugs_packets/W3B-0933.json,https://code4rena.com/reports/2022-05-backd,NONBUG,no_desynchronizing_partial_transition,YES,,,N,,,Y,C3 fails: _userCheckpoint computes newBoost from the current _MAX_BOOST and then stores that user checkpoint; the global cap is configuration and is not supposed to change when one user checkpoints.
W3B-0934,bc18ac287cb5762921f46b1fc155b49a0074d10786af9f95305e5035954bfbb4,26,web3bugs_packets/W3B-0934.json,https://code4rena.com/reports/2021-08-realitycards,NONBUG,analysis_abstraction_error,YES,,,N,,,Y,"C3 fails: the flagged Card write is timeLastCollected/time-held bookkeeping, whereas cardAffiliateCut is consumed with rentCollectedPerCard for affiliate payouts; aggregate Card state conflates unrelated fields."
W3B-0935,bc68442553c13263e2231b08d2901a2e067745a23d49c5525ac663ffc15fa55b,76,web3bugs_packets/W3B-0935.json,https://code4rena.com/reports/2022-01-sherlock,NONBUG,reconciliation_precedes_consumption,YES,,,N,,,Y,"C3 fails: in setProtocolPremium the debt>balance repair can zero active balance, but a nonzero replacement premium then fails the minimum-coverage check and reverts; a committing zero-premium path stops the offending premium before return."
W3B-0936,bc88677193adc2aadc47e0b88e0b5cdcbc0d8410d68609ebd4c85544796963c8,26,web3bugs_packets/W3B-0936.json,https://code4rena.com/reports/2021-08-realitycards,NONBUG,incompatible_context_key_or_ordering,YES,,,N,,,Y,"C3 fails: _newBidInOrderbook appends a bidder record and sets index[_user][_market][_card], while the omitted slot is the distinct market-sentinel index[_market][_market][i] consumed by closeMarket."
W3B-0937,bc8c191eea54083bbbeaec17b59d0847c9ce07adb9a8a6e368e0189934167805,52,web3bugs_packets/W3B-0937.json,https://code4rena.com/reports/2021-11-vader,NONBUG,reconciliation_precedes_consumption,YES,,,N,,,Y,"C3 fails: withdraw's updateReward modifier checkpoints rewardPerTokenStored, lastUpdateTime, and the user's rewards under the old balance/supply before withdraw decreases _totalSupply and _balances."
W3B-0938,bca28fc30860590d6edd248cb958cb6c98ae81d09bbbd68917fca17723317c1a,26,web3bugs_packets/W3B-0938.json,https://code4rena.com/reports/2021-08-realitycards,NONBUG,incompatible_context_key_or_ordering,YES,,,N,,,Y,C3 fails: cleanWastePile compacts user[_user] and immediately clears/fixes that user's corresponding indexes; the omitted closeMarket market-sentinel index is a different key context.
W3B-0939,bccd20a23f16db442ae354eab732c4f2354217aab9807bba19bfa8f5cecaa2cd,25,web3bugs_packets/W3B-0939.json,https://code4rena.com/reports/2021-08-yield,NONBUG,no_desynchronizing_partial_transition,YES,,,N,,,Y,"C3 fails: ERC20 transfer moves balance between accounts while totalSupply correctly remains constant; the known Yield reward-checkpoint defects are in ERC20Rewards accounting, not this balance/supply transition."
W3B-0940,bcde52c329b12ca58fbb867433a301418c4d9cc851512e53ac09eb9aec3328cb,26,web3bugs_packets/W3B-0940.json,https://code4rena.com/reports/2021-08-realitycards,NONBUG,incompatible_context_key_or_ordering,YES,,,N,,,Y,"C3 fails: the waste-pile branch clears index[address(this)][market][card] before popping its sentinel, while the candidate's omitted prev-user index is a different key and is not invalidated by that pop."
W3B-0941,bd1467d6aca3361ea81b8c122e9044a95ac5583198c0064de9841e48fad63499,76,web3bugs_packets/W3B-0941.json,https://code4rena.com/reports/2022-01-sherlock,NONBUG,reconciliation_precedes_consumption,YES,,,N,,,Y,"C3 fails: _setSingleProtocolPremium calls _settleProtocolDebt first, which advances lastAccountedEachProtocol to the current block before premiums_ is changed, so the rate transition starts from a fresh debt checkpoint."
W3B-0942,bd26e4a35172aa2ec406b0cf8f5a4d38018ddbe0ebf4b14ecb12af1f20bb72a6,107,web3bugs_packets/W3B-0942.json,https://code4rena.com/reports/2022-04-jpegd,NONBUG,reconciliation_precedes_consumption,YES,,,N,,,Y,"C3 fails: borrow accrues first, then updates totalDebtPortion, the position's debtPortion/principal, and totalDebtAmount in the same transaction before returning."
W3B-0943,bd3072f50c17da2e0ccb95ab1cfcbb7f79699585132c76f3e46097d1a9d33db0,5,web3bugs_packets/W3B-0943.json,https://code4rena.com/reports/2021-04-vader,,,YES,,,,,,Y,"Pass: Vader H-02 is this lastBlock/blockDelay flash-proof defect; _convert records lastBlock but blockDelay is uninitialized at zero, so a subsequent same-block isMature read still passes the control guard."
W3B-0944,bdbcb0aa6ac60b79ca3167756c48a46b829cc2a9218bc991a5d5a87d2afb628f,26,web3bugs_packets/W3B-0944.json,https://code4rena.com/reports/2021-08-realitycards,NONBUG,no_desynchronizing_partial_transition,YES,,,N,,,Y,"C3 fails: closeMarket detaches the current card's non-market bids into the waste pile while the market sentinel record itself remains at the same user[_market] slot until the later pop, so its index need not change at this writer."
W3B-0945,bdbe22e7d83e55fd4bfc5bb52627d67f4eaab47a0dc2d034fdfa5c48ed76df70,25,web3bugs_packets/W3B-0945.json,https://code4rena.com/reports/2021-08-yield,NONBUG,reconciliation_precedes_consumption,YES,,,N,,,Y,C3 fails: Strategy's ERC20Rewards burn checkpoints rewards under the old supply before the base _burn reduces _totalSupply; rewardsPeriod is schedule configuration and is not a mirrored supply field.
W3B-0946,bdc3399edf001a929edbdb5458a4d312d2e1767dbf5226bbb4bb779b8f391f16,49,web3bugs_packets/W3B-0946.json,https://code4rena.com/reports/2021-11-overlay,NONBUG,reconciliation_precedes_consumption,YES,,,N,,,Y,C3 fails: the same brrrr call rolls brrrrdCycloid/brrrrdRollers and updates accumulator[0] immediately before accumulator[1]; brrrrdExpected is policy and impactRollers/impactCycloid are a separate rolling subsystem.
W3B-0947,be65e429dd56ef8cd06db6601f91b801c4a76967329bffe763d10d26b5cca5f7,26,web3bugs_packets/W3B-0947.json,https://code4rena.com/reports/2021-08-realitycards,NONBUG,no_desynchronizing_partial_transition,YES,,,N,,,Y,"C3 fails: _updateBidInOrderbook only unlinks/relinks the current bid; closedMarkets, userClosedMarketIndex, and market cleanup metadata belong to the separate closed-market cleanup lifecycle and require no paired write here."
W3B-0948,be707af21b76d3b7e9ee58eb7a8f5ad29277bd883f3d6acdb945b406be74df53,110,web3bugs_packets/W3B-0948.json,https://code4rena.com/reports/2022-04-badger-citadel,NONBUG,no_desynchronizing_partial_transition,YES,,,N,,,Y,"C3 fails: saleDuration is deliberately a separately mutable sale parameter; changing it alters the configured end time relative to the fixed saleStart, while tokenInLimit/totalTokenIn remain the independent cap condition rather than stale mirrors."
W3B-0949,be759a7d260cabaf8a2701baf1b2f9b3aaf7130222a34ae12fd6aa41908e9e16,6,web3bugs_packets/W3B-0949.json,https://code4rena.com/reports/2021-04-meebits,NONBUG,incompatible_context_key_or_ordering,YES,,,N,,,Y,"C3 fails: operator approval is keyed by the current owner address, so after transfer canOperate automatically consults the new owner's ownerToOperators row; the old owner's operator grants remain scoped to that old owner."
W3B-0950,be84dd06f360b0a9ee72e9acf885dd61646f16421623923a5016a483f594c017,54,web3bugs_packets/W3B-0950.json,https://code4rena.com/reports/2021-11-unlock,NONBUG,no_desynchronizing_partial_transition,YES,,,N,,,Y,C3 fails: shareKey can reset an expired recipient key's keyManagerOf to zero while ownership correctly remains with that recipient; changing delegation does not require changing _ownerOf.
W3B-0951,be8683bd35481250dff6d8e181bce9976141d6664330272f7b6da44ad3977e97,53,web3bugs_packets/W3B-0951.json,https://code4rena.com/reports/2021-11-nested,NONBUG,reconciliation_precedes_consumption,YES,,,N,,,Y,"C3 fails: setRoyaltiesWeight subtracts the old royalty weight from totalWeights, stores the new royaltiesWeight, then adds the new weight back before return; shareholder weights are intentionally unchanged."
W3B-0952,bea8c8b64a330d52276c246ff82535727f82710901b9b9da957de6d8fa46d1f6,26,web3bugs_packets/W3B-0952.json,https://code4rena.com/reports/2021-08-realitycards,NONBUG,omitted_state_not_behaviorally_consumed,YES,,,,N,,Y,"C4 fails: closeMarket pops the just-processed market sentinel without clearing its historical index slot, but that same card index is not read after the pop; subsequent close batches operate only on the remaining lower card indexes."
W3B-0953,beb095d309c8cdbd5a9e75fe41ecebef25d4135dafe5c156cf9ceabc1385bbe0,26,web3bugs_packets/W3B-0953.json,https://code4rena.com/reports/2021-08-realitycards,NONBUG,reconciliation_precedes_consumption,YES,,,N,,,Y,"C3 fails: removeFromLeaderboard compacts leaderboard[_user], clears the deleted record's index, and rewrites the moved record's leaderboardIndex before returning, so array/index state is reconciled atomically."
W3B-0954,bebd10ee94b71dc35bb3811f27c3741fcffaf745c3e352e2d2ab2c0bce48bad9,35,web3bugs_packets/W3B-0954.json,https://code4rena.com/reports/2021-09-sushitrident-2,NONBUG,reconciliation_precedes_consumption,YES,,,N,,,Y,"C3 fails: mint may change totalSupply after _mintFee, but the same transaction updates reserves and writes kLast = computed before commit; barFee is fee configuration."
W3B-0955,bed248879ba23dd21d83057be8ce42f2423ff676e7c0d4110d7b1aaf1b91c68c,100,web3bugs_packets/W3B-0955.json,https://code4rena.com/reports/2022-03-prepo,NONBUG,no_desynchronizing_partial_transition,YES,,,N,,,Y,"C3 fails: allowAccounts correctly writes the current _allowedAccountsIndex generation; that index advances only when the owner intentionally clears all allowances, so adding an account must not change it."
W3B-0956,bef0bc4f61a21b63021b0bfc2d9c4e86ff11b1988c6c73d98519a66f40cc3630,26,web3bugs_packets/W3B-0956.json,https://code4rena.com/reports/2021-08-realitycards,NONBUG,no_desynchronizing_partial_transition,YES,,,N,,,Y,"C3 fails: addMarket initializes metadata and sentinel bids for a newly active market; closedMarkets and per-user cleanup cursors advance only after closure, while maxDeletions is a fixed cleanup bound."
W3B-0957,bf7bafce0d3c8bd91ba7788db882d1c6b632149918c00745314dc07289038bd2,22,web3bugs_packets/W3B-0957.json,https://code4rena.com/reports/2021-08-floatcapital,NONBUG,reconciliation_precedes_consumption,YES,,,N,,,Y,"C3 fails: stakeFromUser updates the market first, and _stake settles any due Float—executing confirmed pending shifts and clearing their counters when applicable—before adding the new userAmountStaked balance."
W3B-0958,bfccb9a0d752c910fdb6a9b30cf7a8d21a2f75b44e07a56020316463dd22c56d,26,web3bugs_packets/W3B-0958.json,https://code4rena.com/reports/2021-08-realitycards,NONBUG,no_desynchronizing_partial_transition,YES,,,N,,,Y,"C3 fails: removing and compacting a user's bid array does not require changing marketCloseLimit, which is the independent maximum number of market-close records processed per close."
W3B-0959,bffdd0f0033687be7c35eebedf2bbaf89795d94c7e4fafb6056c51f63f297560,26,web3bugs_packets/W3B-0959.json,https://code4rena.com/reports/2021-08-realitycards,NONBUG,no_desynchronizing_partial_transition,YES,,,N,,,Y,C3 fails: removing a single bid mutates linked-list user state while marketCloseLimit remains the independent batch bound used later by closeMarket; no paired limit write is required.
W3B-0960,c0551c0a42477508c28a206ae47137d6be93ad9bd5f215eebfc7b6e54432f789,26,web3bugs_packets/W3B-0960.json,https://code4rena.com/reports/2021-08-realitycards,NONBUG,analysis_abstraction_error,YES,,,N,,,Y,"C3 fails: the flagged Card write is timeLastCollected/time-held bookkeeping, while cardAffiliateCut is consumed with rentCollectedPerCard for affiliate payout; aggregate Card state conflates unrelated fields."
W3B-0961,c14e3d49be9e17e8f3a02ab7c0745ac8d1469a479f903c0ce80568440f7c8a4e,34,web3bugs_packets/W3B-0961.json,https://code4rena.com/reports/2021-10-pooltogether,NONBUG,no_desynchronizing_partial_transition,YES,,,N,,,Y,"C3 fails: startDraw snapshots a fresh rngRequest while rngTimeout remains the configured timeout duration; setRngTimeout is separately gated by requireDrawNotStarted, so no paired timeout write is required."
W3B-0962,c17325f1a91160b6dc9c0c52dd08c2a28029c48a5354428f1b774ffda8033615,26,web3bugs_packets/W3B-0962.json,https://code4rena.com/reports/2021-08-realitycards,NONBUG,reconciliation_precedes_consumption,YES,,,N,,,Y,"C3 fails: cleanWastePile compacts user[_user], clears the removed bid's index, and rewrites the moved record's index before the loop advances, so user/index are reconciled atomically."
W3B-0963,c1e6157ceb1eac3fda961b91cc80794de20b99ad52edd7df0c7746d28f6a0176,26,web3bugs_packets/W3B-0963.json,https://code4rena.com/reports/2021-08-realitycards,NONBUG,no_desynchronizing_partial_transition,YES,,,N,,,Y,"C3 fails: _updateBidInOrderbook only reprices and relinks a bid; maxDeletions is the fixed bound used later by findNewOwner, and the published H-01 arises from the loop-counter equality after removals, not from bid updates."
W3B-0964,c20570e1561f5cc89d3df9d717b53a413e772f93aba2b3f04c915f035807779d,5,web3bugs_packets/W3B-0964.json,https://code4rena.com/reports/2021-04-vader,NONBUG,no_desynchronizing_partial_transition,YES,,,N,,,Y,C3 fails: burning supply legitimately decreases totalSupply while maxSupply remains the issuance ceiling; the cap is not a mirrored quantity that should fall with burns.
W3B-0965,c229e8727362dfbef03b2e41c2c56d638f37181fe9ff3bd14ac66bfd2126d6c7,28,web3bugs_packets/W3B-0965.json,https://code4rena.com/reports/2021-09-sushimiso,NONBUG,no_desynchronizing_partial_transition,YES,,,N,,,Y,C3 fails: setAuctionPrice is restricted to the pre-commitment state and changes price/goal configuration while marketStatus correctly remains unstarted; no status transition is required.
W3B-0966,c27ec1b209e650dfdc5ca95e65170ba1802164ec062293ea9a4aee87efe6abe6,78,web3bugs_packets/W3B-0966.json,https://code4rena.com/reports/2022-01-behodler,NONBUG,no_desynchronizing_partial_transition,YES,,,N,,,Y,"C3 fails: configureCrossingConfig changes global migration infrastructure and policy, while latestIndex and tokenCrossingParameters describe individual soul epochs maintained by configureSoul/configureCrossingParameters."
W3B-0967,c292bb0175ea8ab4d1e42a01e908f83d484a086c1a5f388ed85277c97c59b279,52,web3bugs_packets/W3B-0967.json,https://code4rena.com/reports/2021-11-vader,NONBUG,reconciliation_precedes_consumption,YES,,,N,,,Y,"C3 fails: stake checkpoints rewardPerTokenStored and lastUpdateTime against the old supply before increasing _totalSupply, which is the required reward-accounting order; rewardRate and periodFinish remain schedule configuration."
W3B-0968,c2a2e5f0ecfa6fa31f064f12cfb9fe10656e6f94025ccc2de66850984427695e,107,web3bugs_packets/W3B-0968.json,https://code4rena.com/reports/2022-04-jpegd,NONBUG,reconciliation_precedes_consumption,YES,,,N,,,Y,"C3 fails: accrue computes interest from the old checkpoint, advances totalDebtAccruedAt, and updates totalDebtAmount in the same call; the published rate-change defect is the separate setter skipping this accrual."
W3B-0969,c2b145278c925e68b3b95a3b18dc70602fbeca3fa30767dc2d4148e35354bc66,131,web3bugs_packets/W3B-0969.json,https://code4rena.com/reports/2022-05-backd,NONBUG,no_desynchronizing_partial_transition,YES,,,N,,,Y,C3 fails: _userCheckpoint computes and stores this user's boost under the current _MAX_BOOST; the global boost cap is configuration and is not supposed to change whenever a user checkpoints.
W3B-0970,c30fb4af1183779b6333d3674b3f34d6522bbaa68ea2e574c8f664a9f38db8c3,52,web3bugs_packets/W3B-0970.json,https://code4rena.com/reports/2021-11-vader,NONBUG,reconciliation_precedes_consumption,YES,,,N,,,Y,"C3 fails: notifyRewardAmount first checkpoints global rewards under the old rate, then sets the new rewardRate, lastUpdateTime and periodFinish before commit; per-user reward checkpoints intentionally remain lazy."
W3B-0971,c3438fee901244a4e71312b39890839ba2e4a022adda2d4bbfd89c86b783f395,110,web3bugs_packets/W3B-0971.json,https://code4rena.com/reports/2022-04-badger-citadel,NONBUG,no_desynchronizing_partial_transition,YES,,,N,,,Y,C3 fails: a valid oracle update changes citadelPriceInAsset without changing the funding discount/cap struct or decimal normalization; the published Funding defects arise in zero-discount output and flag-clearing logic instead.
W3B-0972,c355c23c62598e70a35252e322aee2a1cbf28b56cc96756339bc21c61ce06aff,76,web3bugs_packets/W3B-0972.json,https://code4rena.com/reports/2022-01-sherlock,NONBUG,no_desynchronizing_partial_transition,YES,,,N,,,Y,"C3 fails in withdrawActiveBalance: the debt>balance branch can adjust lastClaimablePremiumsForStakers only while also driving activeBalances to zero, after which every permitted nonzero withdrawal reverts and rolls the correction back."
W3B-0973,c3dce029d530b7af529e8f9f0b00da1ed3b0755ab688e77913c7e33781328acd,5,web3bugs_packets/W3B-0973.json,https://code4rena.com/reports/2021-04-vader,,,YES,,,,,,Y,"Pass: depositForMember lets any caller reset a victim's per-synth last deposit timestamp; minimumDepositTime then makes the victim's existing position immature again, so repeated third-party dust deposits can indefinitely block withdrawal."
W3B-0974,c41ad6a0ab1911105eba78afa1139f5852b3403212639e329f57f519f1cb3b0c,31,web3bugs_packets/W3B-0974.json,https://code4rena.com/reports/2021-09-bvecvx,NONBUG,no_desynchronizing_partial_transition,YES,,,N,,,Y,C3 fails: addReward appends a new reward token and initializes its rewardData/distributor state; per-user rewards for that token correctly start at zero and need no paired write.
W3B-0975,c41c8ee3477352698293d80fc7f95e491f95d36ab506187931aa601cff8fe7f6,192,web3bugs_packets/W3B-0975.json,https://code4rena.com/reports/2022-12-tigris,NONBUG,no_desynchronizing_partial_transition,YES,,,N,,,Y,C3 fails: modifySl changes only a position's stop-loss price; longOi is asset-level funding/open-interest state and is not supposed to change when a stop-loss parameter is edited.
W3B-0976,c447a10dfa4c2ebc9bebef9ff65306dbd04b2ab8cccfeba2df130ba8412c9151,45,web3bugs_packets/W3B-0976.json,https://code4rena.com/reports/2021-10-union,NONBUG,no_desynchronizing_partial_transition,YES,,,N,,,Y,C3 fails: accrueInterest intentionally advances the global borrowIndex while each account keeps its prior interestIndex checkpoint; borrowBalanceStoredInternal combines the two to realize lazy interest.
W3B-0977,c46853beb36bb3db306fd6b45c64953515e4e3a15fc5b3f7bd12c2dbef6b0d14,29,web3bugs_packets/W3B-0977.json,https://code4rena.com/reports/2021-09-sushitrident,NONBUG,analysis_abstraction_error,YES,,,N,,,Y,"C3 fails: harvest changes strategyData balance accounting while preserving strategyStartDate; pendingStrategy is coupled to the delayed strategy-selection field, not to the balance field written by harvest."
W3B-0978,c47f373f06647c6114025d33c655ae6e518d54bb8d3d06d5dc4b80a85c845185,45,web3bugs_packets/W3B-0978.json,https://code4rena.com/reports/2021-10-union,NONBUG,no_desynchronizing_partial_transition,YES,,,N,,,Y,C3 fails: cancelVouch removes the reciprocal credit-line/vouch records only after locked stake is zero; the staker's deposited principal in stakers is intentionally unchanged.
W3B-0979,c484b43b333bc84a1646c27beb1f0b82566687c15a2be4032810119916e9b94e,29,web3bugs_packets/W3B-0979.json,https://code4rena.com/reports/2021-09-sushitrident,NONBUG,reconciliation_precedes_consumption,YES,,,N,,,Y,"C3 fails: the fee LP mint can change totalSupply during burn/migration, but the same burn completes reserve accounting and resets kLast before commit; barFee remains fee configuration."
W3B-0980,c4a5275d07c2ded2d8037115ddc2cc666c9f757c7219915e37f199b9e58f19a2,57,web3bugs_packets/W3B-0980.json,https://code4rena.com/reports/2021-11-badgerzaps,NONBUG,no_desynchronizing_partial_transition,YES,,,N,,,Y,C3 fails: _lockForBlock intentionally records a same-block throttle while approved remains the independent bypass bit; approved contracts are explicitly meant to ignore blockLock.
W3B-0981,c4a8ac79cbdc7c68eaac2dc29d1fbad780f68a6a3b7a5f7c523f3ad7db242731,105,web3bugs_packets/W3B-0981.json,https://code4rena.com/reports/2022-03-paladin,NONBUG,no_desynchronizing_partial_transition,YES,,,N,,,Y,C3 fails: stakeAndIncreaseLock mints the additional hPAL balance through _stake before _lock records the enlarged user lock; the published stale-bonus defect concerns different state.
W3B-0982,c4ad2c5c63bb755e85ace05e286c4c27811514364397e1d08004403c1a316d18,26,web3bugs_packets/W3B-0982.json,https://code4rena.com/reports/2021-08-realitycards,NONBUG,analysis_abstraction_error,YES,,,N,,,Y,"C3 fails: the reported card write is specifically rentCollectedPerCard during lockMarket, whereas the minimum-price rule consumes cardPrice; aggregate Card state conflates unrelated fields."
W3B-0983,c4b16cf589da77b4d6b16f0b187beb9fc52daeb8ed47b054945a7da2316c25c5,107,web3bugs_packets/W3B-0983.json,https://code4rena.com/reports/2022-04-jpegd,NONBUG,reconciliation_precedes_consumption,YES,,,N,,,Y,C3 fails: accrue calculates interest from the old debt/timestamp and then updates totalDebtAccruedAt and totalDebtAmount in the same function before subsequent accrual can consume them.
W3B-0984,c4d481504bb8a92e9129184d5fc43fe4d9cac3af702bc4b32ed58e3879e9eea0,26,web3bugs_packets/W3B-0984.json,https://code4rena.com/reports/2021-08-realitycards,NONBUG,analysis_abstraction_error,YES,,,N,,,Y,"C3 fails: the flagged bidExists site is a view-only reader of user and index and performs no persistent state write, so the claimed partial transition does not exist."
W3B-0985,c556a93a8659231e0666c02a1f4cea9cc4069de3c1f0e9715209a2e9be0e7d1b,22,web3bugs_packets/W3B-0985.json,https://code4rena.com/reports/2021-08-floatcapital,NONBUG,no_desynchronizing_partial_transition,YES,,,N,,,Y,C3 fails: creating a new cumulative issuance snapshot is supposed to use the current incentive parameters while those parameter mappings remain fixed; no paired configuration write is required.
W3B-0986,c579ddd4c6d8cf53ea7c7198085489fa2056a059be92e643b4b7455cc0633219,52,web3bugs_packets/W3B-0986.json,https://code4rena.com/reports/2021-11-vader,NONBUG,reconciliation_precedes_consumption,YES,,,N,,,Y,"C3 fails: notifyRewardAmount's updateReward modifier checkpoints rewardPerTokenStored and lastUpdateTime under the old rate, then the body sets the new rewardRate, lastUpdateTime, and periodFinish before commit."
W3B-0987,c5dfee75a662a4099bdb716e940cbc8ce1ce88cd41dfd56a1fd4432c11598c34,45,web3bugs_packets/W3B-0987.json,https://code4rena.com/reports/2021-10-union,NONBUG,no_desynchronizing_partial_transition,YES,,,N,,,Y,C3 fails: initialExchangeRateMantissa is only the bootstrap rate used when uToken totalSupply is zero; redeem changes totalRedeemable while burning the corresponding supply and need not alter the bootstrap constant.
W3B-0988,c5e7e589e7d766b27dacc99e82a4ae55b6648fd0023470332776eb499418ed23,192,web3bugs_packets/W3B-0988.json,https://code4rena.com/reports/2022-12-tigris,NONBUG,no_desynchronizing_partial_transition,YES,,,N,,,Y,C3 fails: modifyTp changes only a position's take-profit price; shortOi is asset-level funding/open-interest state and is not supposed to change when a take-profit parameter is edited.
W3B-0989,c6382d40bf4aac991694efc5a93ff3bb55c03d1b63a60a2ded986833edf3c675,49,web3bugs_packets/W3B-0989.json,https://code4rena.com/reports/2021-11-overlay,NONBUG,analysis_abstraction_error,YES,,,N,,,Y,"C3 fails: roll is a generic storage-array helper operating on one concrete roller array per call; impactBatch updates impactRollers/impactCycloid and then brrrr updates the separate brrrrd state, so the combined write set is alias over-approximation."
W3B-0990,c666f132873184cc6d03ab208fef167fba64afa0c13b750ba88392c941de4435,35,web3bugs_packets/W3B-0990.json,https://code4rena.com/reports/2021-09-sushitrident-2,NONBUG,no_desynchronizing_partial_transition,YES,,,N,,,Y,C3 fails: flashSwap changes the affected token reserve record while the pool's token set and LP totalSupply remain unchanged by design; swaps do not mint or burn LP supply.
W3B-0991,c6d00b604c323f7de48165ff38b26712987d7da06d28935d09b0656a241b7d36,107,web3bugs_packets/W3B-0991.json,https://code4rena.com/reports/2022-04-jpegd,NONBUG,analysis_abstraction_error,YES,,,N,,,Y,"C3 fails: setInsurancePurchaseRate changes settings.insurancePurchaseRate, while debt accrual consumes settings.debtInterestApr; treating the aggregate settings struct as one coupled field creates a false relation."
W3B-0992,c6d3fe2328618bb5264cf29ea35bb323153b69cdb7fa87236699ce8df84a464b,26,web3bugs_packets/W3B-0992.json,https://code4rena.com/reports/2021-08-realitycards,NONBUG,no_desynchronizing_partial_transition,YES,,,N,,,Y,C3 fails: transferCard updates the current cardPrice/cardTimeLimit while minimumPriceIncreasePercent remains the fixed policy applied to future owner price changes; no paired policy update is required.
W3B-0993,c71db27b9297e2d892417d804aa1b2d1a805dfa7448b8f142d14c9e996e8d248,107,web3bugs_packets/W3B-0993.json,https://code4rena.com/reports/2022-04-jpegd,NONBUG,reconciliation_precedes_consumption,YES,,,N,,,Y,"C3 fails: borrow calls accrue() before increasing totalDebtAmount at 745, so totalDebtAccruedAt is checkpointed under the old debt first; settings is persistent rate configuration."
W3B-0994,c761274472a8609fdc1721dd128b99b1d6cb9ff70ee7631963b21282f1b2f120,45,web3bugs_packets/W3B-0994.json,https://code4rena.com/reports/2021-10-union,NONBUG,no_desynchronizing_partial_transition,YES,,,N,,,Y,C3 fails: borrow initializes lastRepay when needed and then changes accountBorrows; overdueBlocks is the global overdue-duration threshold and is not supposed to change with a borrow.
W3B-0995,c76191d0d378ce29a6197662d1577160b503438d07e5b7290480d36692b3ada0,26,web3bugs_packets/W3B-0995.json,https://code4rena.com/reports/2021-08-realitycards,NONBUG,no_desynchronizing_partial_transition,YES,,,N,,,Y,C3 fails: setWinner assigns winningOutcome at 518 to select an already-existing card/outcome; the referenced card state is intentionally unchanged by winner selection.
W3B-0996,c76c5d12f3208f11777520f07791756bee07938d048b089e4b4588e56a87bae3,45,web3bugs_packets/W3B-0996.json,https://code4rena.com/reports/2021-10-union,NONBUG,no_desynchronizing_partial_transition,YES,,,N,,,Y,C3 fails: repayment updates the borrow record and its repayment/checkpoint fields while overdueBlocks remains the global overdue-duration policy; no paired threshold write is required.
W3B-0997,c79b44c1833a39707e3b2224a0e3076259e61b33c793b9209b8daa4339cf5bff,76,web3bugs_packets/W3B-0997.json,https://code4rena.com/reports/2022-01-sherlock,,,YES,,,,,,Y,"Pass: in protocolUpdate, the debt>balance repair updates activeBalances/lastAccountedEachProtocol while premiums_ remains active; the source explicitly warns that premium must be zeroed first or the accounting error keeps increasing."
W3B-0998,c7b27c6e3fd2dd9cd474f4eb299d91ea0e2f58f2e6607a387eb43e79e4200ff4,105,web3bugs_packets/W3B-0998.json,https://code4rena.com/reports/2022-03-paladin,NONBUG,reconciliation_precedes_consumption,YES,,,N,,,Y,"C3 fails: stakeAndIncreaseLock mints the additional hPAL balance before _lock appends the enlarged UserLock at 1199, so the balance/lock relation is reconciled within the same transaction."
W3B-0999,c7b77129df3cffb10480242e9bc8605909937a5de140ef86c0d7371dbb23344a,131,web3bugs_packets/W3B-0999.json,https://code4rena.com/reports/2022-05-backd,NONBUG,no_desynchronizing_partial_transition,YES,,,N,,,Y,C3 fails: _userCheckpoint computes and stores a user's boostFactor under the current _MAX_BOOST; the global cap is configuration and need not change when a user checkpoint advances.
W3B-1000,c7c446547b610b8ea659dd346ab320375ba95c9e5395e6620569482524708bad,25,web3bugs_packets/W3B-1000.json,https://code4rena.com/reports/2021-08-yield,NONBUG,unsupported_or_overbroad_relation,NO,,N,,,,Y,"C2 fails: addJoin maps an assetId to its Join adapter at 88, while cachedVaultId is a multicall vault cache used by getVault; no protocol invariant requires those states to move together."
W3B-1001,c8a6bf587fb25186eea96f14027f752195d90238761cdbdeeff304825c892622,22,web3bugs_packets/W3B-1001.json,https://code4rena.com/reports/2021-08-floatcapital,NONBUG,no_desynchronizing_partial_transition,YES,,,N,,,Y,C3 fails: each market-price update is supposed to append a new cumulative reward snapshot while the incentive-curve and launch-incentive mappings remain configuration; no paired parameter update is required.
W3B-1002,c8e7f922f87d1aea944d46a3d9bb44e53fcc13d1805b02d2d0152cddf294b0f4,49,web3bugs_packets/W3B-1002.json,https://code4rena.com/reports/2021-11-overlay,NONBUG,reconciliation_precedes_consumption,YES,,,N,,,Y,C3 fails: brrrr rolls the current roller/cycloid at 94 and immediately resets both brrrrdAccumulator slots at 96-97 in the same call; the impact-window state is a separate rolling subsystem.
W3B-1003,c90b341100c51ee81caf6d41bf1b9161aa019ea34ffc98e36b0e23c3e052e700,28,web3bugs_packets/W3B-1003.json,https://code4rena.com/reports/2021-09-sushimiso,NONBUG,no_desynchronizing_partial_transition,YES,,,N,,,Y,C3 fails: _initERC20 initializes the EIP-712 DOMAIN_SEPARATOR once while each owner's nonce intentionally starts at zero and advances only when that owner later uses permit.
W3B-1004,c9176b54f76f8bb093d89cd52d516d935ad01015840536cc6792b735af3a70f4,105,web3bugs_packets/W3B-1004.json,https://code4rena.com/reports/2022-03-paladin,NONBUG,analysis_abstraction_error,YES,,,N,,,Y,"C3 fails: the purported writer at _getUserAccruedRewards line 809 only reads userLocks[user].length; it does not mutate userLocks, so no persistent partial transition is created."
W3B-1005,c9a94f0bf102eaecfab921f7017683d1423cfbf2a294aa259cbc1274bdf1d2c3,105,web3bugs_packets/W3B-1005.json,https://code4rena.com/reports/2022-03-paladin,,,YES,,,,,,Y,"Pass: this is Paladin H-01 at a different structural cut; _updateDropPerSecond changes currentDropPerSecond then resets lastDropUpdate to block.timestamp at 738-739, discarding the fractional-month checkpoint that causes emission drift."
W3B-1006,c9ae8584e121f0073e9a6d2335987dd52f9c82a181986e75e01eed8f3d3bfb7e,35,web3bugs_packets/W3B-1006.json,https://code4rena.com/reports/2021-09-sushitrident-2,NONBUG,no_desynchronizing_partial_transition,YES,,,N,,,Y,C3 fails: burning LP supply is valid while barFee remains fee configuration and kLast remains the reserve-product fee-growth baseline; they are not required to change merely because totalSupply is burned.
W3B-1007,c9bc1a33b3777aa726a7fd578271f5d9374932f17aad1bcaf05f49470bd3d2c4,26,web3bugs_packets/W3B-1007.json,https://code4rena.com/reports/2021-08-realitycards,NONBUG,no_desynchronizing_partial_transition,YES,,,N,,,Y,C3 fails: removeFromLeaderboard decrements the current leaderboardLength at 240 while NFTsToAward remains the fixed per-market capacity; dynamic occupancy and capacity are intentionally different states.
W3B-1008,ca5c557ca7f8d50fa7d85cea2349a0a4fba6c3f1e7cfeeb796dee370973dcaa4,76,web3bugs_packets/W3B-1008.json,https://code4rena.com/reports/2022-01-sherlock,NONBUG,reconciliation_precedes_consumption,YES,,,N,,,Y,"C3 fails: in forceRemoveBySecondsOfCoverage, debt settlement is followed by forced protocol removal, which zeroes premiums_ and deletes lastAccountedEachProtocol before commit; failing removal conditions revert the earlier writes."
W3B-1009,ca6bb7bf2359a1b113df78dc888cf52ab0595a696773349708a35fbaafebb587,26,web3bugs_packets/W3B-1009.json,https://code4rena.com/reports/2021-08-realitycards,NONBUG,analysis_abstraction_error,YES,,,N,,,Y,"C3 fails: claimCard writes only card[_card].userAlreadyClaimed[_user] at 549; payout cuts, rent aggregates, and winningOutcome are unrelated to that replay-guard field despite sharing aggregate card state."
W3B-1010,caf3fc4e180869151e41dc60e20b055810c2f9e29ea8b8f3ba3bb8086b5d9f9d,45,web3bugs_packets/W3B-1010.json,https://code4rena.com/reports/2021-10-union,NONBUG,no_desynchronizing_partial_transition,YES,,,N,,,Y,"C3 fails: updateLockedData changes member credit-line locked amounts while stakers records deposited principal; effective vouching/locked stake is derived from both, so no matching principal write is required."
W3B-1011,caff3d2aa0db86573c01f59e0559e9f30221bc516ab4ca16c297be93847d962c,45,web3bugs_packets/W3B-1011.json,https://code4rena.com/reports/2021-10-union,NONBUG,no_desynchronizing_partial_transition,YES,,,N,,,Y,C3 fails: accrueInterest increases totalBorrows at 557 while debtCeiling remains the market-wide borrowing cap; getRemainingLoanSize is designed to derive remaining capacity from the changing debt against that fixed limit.
W3B-1012,cb1e942b106bccb3c25d9d96458957062cf830435d2fc60747ef71ef406eaea9,76,web3bugs_packets/W3B-1012.json,https://code4rena.com/reports/2022-01-sherlock,NONBUG,reconciliation_precedes_consumption,YES,,,N,,,Y,"C3 fails: forceRemoveBySecondsOfCoverage may checkpoint lastAccountedEachProtocol during settlement, but successful removal zeroes premiums_ and deletes that checkpoint before commit, while an invalid removal reverts."
W3B-1013,cb28964e208526733d5e65a09a0d2da4c8339e7a1ea198a67e0ac5961c8d609c,22,web3bugs_packets/W3B-1013.json,https://code4rena.com/reports/2021-08-floatcapital,NONBUG,no_desynchronizing_partial_transition,YES,,,N,,,Y,"C3 fails: addNewStakingFund initializes snapshot[marketIndex][0] while latestRewardIndex intentionally defaults to 0, so the omitted index already designates the initial reward snapshot."
W3B-1014,cb54f94edfccdf14a7fbf818368ee8a6510a5d6e6521f5b3bfdeb2ade0280a2f,22,web3bugs_packets/W3B-1014.json,https://code4rena.com/reports/2021-08-floatcapital,NONBUG,no_desynchronizing_partial_transition,YES,,,N,,,Y,C3 fails: _executeOutstandingNextPriceSettlements executes the queued actions at their stored settlement index before clearing userNextPrice_currentUpdateIndex; later market price/index state is intentionally independent.
W3B-1015,cb6e83055e315e0e7cc4bb4d25ec83c3b979ce1357aa0b14ec527e5ddadaa7ca,76,web3bugs_packets/W3B-1015.json,https://code4rena.com/reports/2022-01-sherlock,NONBUG,no_desynchronizing_partial_transition,YES,,,N,,,Y,C3 fails: protocolUpdate settles accrued debt and advances lastAccountedEachProtocol before changing any premium; retaining the current premiums_ value at the checkpoint is the intended accrual transition.
W3B-1016,cb9498063e793b957b1114b7f0c11cb28c22755f1c02a9d14df894a7143e0ee5,5,web3bugs_packets/W3B-1016.json,https://code4rena.com/reports/2021-04-vader,NONBUG,no_desynchronizing_partial_transition,YES,,,N,,,Y,"C3 fails: totalSupply is designed to change while baseline, emissionCurve, and maxSupply remain emission parameters; _mint caps supply and getDailyEmission derives future emission from the new supply."
W3B-1017,cbe7d84cdbc335c5e0b64c6f27666aaf820970a3bccc291ac202f422abb057df,45,web3bugs_packets/W3B-1017.json,https://code4rena.com/reports/2021-10-union,NONBUG,no_desynchronizing_partial_transition,YES,,,N,,,Y,C3 fails: __UToken_init sets accrualBlockNumber immediately before borrowIndex=WAD and initializes maxBorrow/originationFee in the same initializer; no borrower checkpoint exists yet.
W3B-1018,cbeadb367b19af4f0e99cb781a0360dc2f340ee62ad3f7b3a203fda2c261fbd5,26,web3bugs_packets/W3B-1018.json,https://code4rena.com/reports/2021-08-realitycards,NONBUG,reconciliation_precedes_consumption,YES,,,N,,,Y,"C3 fails: _increaseMarketBalance moves rent from totalDeposits to marketBalance in the same helper, preserving balancedBooks; totalMarketPots changes only when payRent moves market balance into a pot."
W3B-1019,cc08e6df2906dd07bd033e06b0c38960e01cbae79ab8d78abe73098f29308adb,51,web3bugs_packets/W3B-1019.json,https://code4rena.com/reports/2021-11-bootfinance,,,YES,,,,,,Y,"Pass: Boot Finance H-09 is this addInvestor/global-supply defect at broader granularity; unchecked investor entitlement can exceed the investor pool, then claim consumes the unchanged emission schedule via _available_supply and can drain available tokens."
W3B-1020,cc668a01cd35343e54668ba8859e96237563fa17b909e857498ec0d8bbb8b6c2,57,web3bugs_packets/W3B-1020.json,https://code4rena.com/reports/2021-11-badgerzaps,NONBUG,no_desynchronizing_partial_transition,YES,,,N,,,Y,C3 fails: revoking approved intentionally removes the block-lock bypass; retaining the account's prior blockLock is conservative access-control state rather than a stale paired value.
W3B-1021,ccb6a5e1e07aaffddb925b321328c8fafc72cd68c92bc9c973f8820ee8c479cb,26,web3bugs_packets/W3B-1021.json,https://code4rena.com/reports/2021-08-realitycards,,,YES,,,,,,Y,Pass: Reality Cards H-01 is this findNewOwner/maxDeletions edge case; removals mutate orderbook user state and a valid owner found on the final allowed deletion is misclassified by the maxDeletions check and later skipped/deleted.
W3B-1022,ccdfe58435d664bd18602665c8f030e7258c035b8f64a250ceb323b60f554798,107,web3bugs_packets/W3B-1022.json,https://code4rena.com/reports/2022-04-jpegd,NONBUG,no_desynchronizing_partial_transition,YES,,,N,,,Y,"C3 fails: deposit calls _update and _withdrawReward before changing totalStaked, so rewards are checkpointed under the old denominator; previousBalance tracks reward-token inventory, not deposited stake."
W3B-1023,cd82390d755b7845653af5dddc234b6f895c2392da34cafc5988e8808ba1a267,26,web3bugs_packets/W3B-1023.json,https://code4rena.com/reports/2021-08-realitycards,NONBUG,reconciliation_precedes_consumption,YES,,,N,,,Y,C3 fails: _removeBidFromOrderbookIgnoreOwner swaps/pops user[] and immediately clears or repairs the moved bid's index in the same removal transition before cleanWastePile can consume it.
W3B-1024,cda93af4c9d7a22be26e05e4676ac59300a263fc0ea01959ef570adb54b1adce,31,web3bugs_packets/W3B-1024.json,https://code4rena.com/reports/2021-09-bvecvx,NONBUG,no_desynchronizing_partial_transition,YES,,,N,,,Y,C3 fails: updateReward writes each account/token reward while rewardTokens is intentionally the stable enumeration over which reward accounting and payout iterate; no paired enumeration write is required.
W3B-1025,cdb293f652427bb99447b71efd6eeb90d27f4be07441563f9040a6561652cc8d,107,web3bugs_packets/W3B-1025.json,https://code4rena.com/reports/2022-04-jpegd,NONBUG,reconciliation_precedes_consumption,YES,,,N,,,Y,"C3 fails: accrue computes interest from the old timestamp/debt, then updates totalDebtAccruedAt and totalDebtAmount in the same function before later use; settings is persistent rate configuration."
W3B-1026,cdbb3e0da3aa12dfbe21a140740199eea17189a3d53d07269208b604e913454a,25,web3bugs_packets/W3B-1026.json,https://code4rena.com/reports/2021-08-yield,NONBUG,reconciliation_precedes_consumption,YES,,,N,,,Y,"C3 fails: ERC20._burn decrements the source balance and totalSupply in the same atomic function, so the reported supply writer does not leave ERC20 balance accounting stale."
W3B-1027,cdf6097aabbe8cb43ea5320dea93127b53a2a9ea0c64789fab2761cc958eefd2,26,web3bugs_packets/W3B-1027.json,https://code4rena.com/reports/2021-08-realitycards,NONBUG,reconciliation_precedes_consumption,YES,,,N,,,Y,"C3 fails: _newBidInOrderbook pushes the new user bid and immediately records its index; closedMarkets, userClosedMarketIndex, and market are separate cleanup/configuration state."
W3B-1028,ce345bee133ba4beb208bd47eedf640773dd15f41ddbf02f4744880f8254590a,26,web3bugs_packets/W3B-1028.json,https://code4rena.com/reports/2021-08-realitycards,NONBUG,no_desynchronizing_partial_transition,YES,,,N,,,Y,"C3 fails: rent collection increments the current user's timeHeld while other users' accumulated times remain unchanged by design, then updates longestOwner if the comparison changes."
W3B-1029,ce80e51b4e8deca06f8b86183b40ba245e8d3dba5888822494700298e1349451,52,web3bugs_packets/W3B-1029.json,https://code4rena.com/reports/2021-11-vader,NONBUG,reconciliation_precedes_consumption,YES,,,N,,,Y,"C3 fails: withdraw's updateReward modifier checkpoints rewardPerTokenStored and lastUpdateTime using the old totalSupply before the body reduces _totalSupply, preserving reward accounting."
W3B-1030,ce84d9cd8a4cad61b9d135c86509be3b50538901f3c41ddabef0da113ba69d0a,131,web3bugs_packets/W3B-1030.json,https://code4rena.com/reports/2022-05-backd,NONBUG,analysis_abstraction_error,YES,,,N,,,Y,"C3 fails: AmmConvexGauge overrides _userCheckpoint and updates perUserShare, perUserShareCrv, and perUserShareCvx together; the serialized base-only AmmGauge writer is a dispatch abstraction error."
W3B-1031,cea045aef09937f672f5604389217746ab46aefb52043b198795a6d69a40ef91,5,web3bugs_packets/W3B-1031.json,https://code4rena.com/reports/2021-04-vader,,,YES,,,,,,Y,"Pass: Vader H-02 is this lastBlock/blockDelay flash-proof defect; _convert records lastBlock but blockDelay is uninitialized at zero, so a subsequent same-block isMature read still passes the control guard."
W3B-1032,cea56d7050fa027065acc4532967bd54341e5918b5e732a32262d54468ebbd66,26,web3bugs_packets/W3B-1032.json,https://code4rena.com/reports/2021-08-realitycards,NONBUG,analysis_abstraction_error,YES,,,N,,,Y,"C3 fails: lockMarket's _collectRentAction changes only card.timeLastCollected; minimumPriceIncreasePercent is coupled to cardPrice in newRental, so treating this aggregate card-field write as desynchronizing is an abstraction error."
W3B-1033,ceb06a13df17c3fe3f84525f5e80b8bb2c1f9ee835e90f729ee7e0e6f7a13c28,26,web3bugs_packets/W3B-1033.json,https://code4rena.com/reports/2021-08-realitycards,NONBUG,analysis_abstraction_error,YES,,,N,,,Y,"C3 fails: collectRent only updates card[_card].timeLastCollected at 1074; minimumPriceIncreasePercent is paired with cardPrice at 774-779, so the aggregate card write does not desynchronize that pricing rule."
W3B-1034,cee3db793259ae35f21de61981e4bc8dc859f070dd87a99fa88d64b35aad9ae9,105,web3bugs_packets/W3B-1034.json,https://code4rena.com/reports/2022-03-paladin,NONBUG,no_desynchronizing_partial_transition,YES,,,N,,,Y,C3 fails: _lock checks that the lock amount is backed by the user's existing hPAL balance and records a restriction on that balance; locking does not require changing the ERC20 balance.
W3B-1035,cee817ef2a7f86cb17ed801cc606a8f7150cd4c7a5c636792f10529a9dc6f58c,35,web3bugs_packets/W3B-1035.json,https://code4rena.com/reports/2021-09-sushitrident-2,NONBUG,no_desynchronizing_partial_transition,YES,,,N,,,Y,"C3 fails: burnSingle reduces the selected pool record's reserve before burning LP supply, while tokens is static pool metadata, so the totalSupply decrease does not leave the pool records stale."
W3B-1036,cf075617417aac5d9b85849ff7d44702d09a9eb447a9188f727bf3abd0c6072d,35,web3bugs_packets/W3B-1036.json,https://code4rena.com/reports/2021-09-sushitrident-2,NONBUG,reconciliation_precedes_consumption,YES,,,N,,,Y,C3 fails: protocol-fee minting changes totalSupply inside _mintFee while kLast is deliberately the prior liquidity baseline; the enclosing liquidity operation refreshes the baseline before later use.
W3B-1037,cf0836c3e8e88f3422bef901d134d7af7e84e0a52068966c2c021757fe6d1421,26,web3bugs_packets/W3B-1037.json,https://code4rena.com/reports/2021-08-realitycards,NONBUG,reconciliation_precedes_consumption,YES,,,N,,,Y,"C3 fails: addMarket assigns index[_market][_market][i] from the current user-array length at 212 and immediately pushes the matching bid at 213, so the index/user bookkeeping is established together."
W3B-1038,cf23d61c51f5d9a3bc007c8ca6966ae44ba85e7c59c63a37c0b5a207787db623,102,web3bugs_packets/W3B-1038.json,https://code4rena.com/reports/2022-03-volt,NONBUG,no_desynchronizing_partial_transition,YES,,,N,,,Y,C3 fails: _initTimed intentionally resets startTime while retaining the configured duration; the known oracle compounding defect is not a stale-duration relation.
W3B-1039,cf6177b2849cc81670e8b38438e43fb492f2760e274af3818f3aeddde8a92c7a,26,web3bugs_packets/W3B-1039.json,https://code4rena.com/reports/2021-08-realitycards,NONBUG,no_desynchronizing_partial_transition,YES,,,N,,,Y,C3 fails: initialize sets winnerCut as payout configuration before a winningOutcome exists; card and winner state are intentionally populated later rather than being omitted from the initialization transition.
W3B-1040,cffc3c13a57f22e7ad5895a6506c4eb003704632c3d17ff598fe372d84f956df,107,web3bugs_packets/W3B-1040.json,https://code4rena.com/reports/2022-04-jpegd,NONBUG,reconciliation_precedes_consumption,YES,,,N,,,Y,C3 fails: liquidate subtracts the position's debt from totalDebtPortion and totalDebtAmount before deleting the uninsured position; pricing and settings state are independent configuration.
W3B-1041,d00f074e2f95bf61f2287278f17c97af9030256339f7e4e0ab8eec0c7a1cf8a8,26,web3bugs_packets/W3B-1041.json,https://code4rena.com/reports/2021-08-realitycards,NONBUG,no_desynchronizing_partial_transition,YES,,,N,,,Y,"C3 fails: _updateBidInOrderbook rewires Bid.prev/next pointers without moving the bid's user-array slot, so the unchanged index mapping remains correct."
W3B-1042,d03f3caa2ba2bffccfccfc0cc0da83064942447682cb622d7c8d97d154c5968e,76,web3bugs_packets/W3B-1042.json,https://code4rena.com/reports/2022-01-sherlock,NONBUG,no_desynchronizing_partial_transition,YES,,,N,,,Y,C3 fails: _settleProtocolDebt debits accrued debt from activeBalances and advances lastAccountedEachProtocol; premiums_ intentionally remains the per-second rate for the next accrual interval.
W3B-1043,d049d184811431060a002d0ddc44ef5ea51fe4c52c5c49ddda36f882957d6b32,45,web3bugs_packets/W3B-1043.json,https://code4rena.com/reports/2021-10-union,NONBUG,no_desynchronizing_partial_transition,YES,,,N,,,Y,"C3 fails: __Comptroller_init establishes the global inflation index before any per-user rewards checkpoint exists, so no users state is omitted from a required synchronized transition."
W3B-1044,d05e3b94a7a646cbe7d0bae5c2c08862aab82de654246bedb96ac4d490383a2c,22,web3bugs_packets/W3B-1044.json,https://code4rena.com/reports/2021-08-floatcapital,NONBUG,reconciliation_precedes_consumption,YES,,,N,,,Y,C3 fails: the helper writes the new accumulative-float snapshot and then advances latestRewardIndex to that new snapshot before a later reward consumer can observe a mismatched checkpoint.
W3B-1045,d0cf7867fb14af00ea2dcdda960228dd863945f25409632952a669b66268fc46,105,web3bugs_packets/W3B-1045.json,https://code4rena.com/reports/2022-03-paladin,NONBUG,no_desynchronizing_partial_transition,YES,,,N,,,Y,C3 fails: increaseLockDuration changes the existing lock's duration while preserving its amount; no ERC20 balance change is required for a duration-only update.
W3B-1046,d0dbd4af108099e82fec380da172edf47b0a7e1969ef51920706be2803344737,22,web3bugs_packets/W3B-1046.json,https://code4rena.com/reports/2021-08-floatcapital,,,YES,,,,,,Y,Pass: changeEthUncleReward updates the ETH issuance-rate component at 136 without checkpointing ethSupply/lastUpdated; the next _getEthSupply applies the new uncle reward to the entire interval since lastUpdated.
W3B-1047,d0e23da49a0a1b54176824db4f478c80bfd584bb68efee2247137be1974c388c,45,web3bugs_packets/W3B-1047.json,https://code4rena.com/reports/2021-10-union,NONBUG,no_desynchronizing_partial_transition,YES,,,N,,,Y,C3 fails: debtWriteOff reduces trust/locked exposure in members but does not withdraw the staker's deposited principal; getTotalLockedStake correctly combines unchanged stakers principal with the updated member lock state.
W3B-1048,d0e921085f8b7e73f324036a5e9fa6900e869af5b382a06885a9bc182c044a29,26,web3bugs_packets/W3B-1048.json,https://code4rena.com/reports/2021-08-realitycards,NONBUG,unsupported_or_overbroad_relation,NO,,N,,,,Y,C2 fails: addMarket's per-market card/minimum-price/duration configuration has no protocol rule tying it to the global maxSearchIterations safety bound; the values merely co-influence orderbook search.
W3B-1049,d0ffe3b4f3b042ff138fff387b691a62661b26dd4ad44f433b7067b202fc02c5,112,web3bugs_packets/W3B-1049.json,https://code4rena.com/reports/2022-04-backd,,,YES,,,,,,Y,"Pass: BkdLocker.initialize can be called again when startBoost was initialized to 0, changing _MAX_BOOST after per-user boostFactors already exist; later boost/reward calculations consume the new cap against persisted old user checkpoints."
W3B-1050,d149ee4fd824517f3539ec038db25ba3816ec41ee9411bfb663a6d6d892005ea,76,web3bugs_packets/W3B-1050.json,https://code4rena.com/reports/2022-01-sherlock,NONBUG,no_desynchronizing_partial_transition,YES,,,N,,,Y,"C3 fails in this bucket's withdrawActiveBalance context: debt>balance settlement drives activeBalances to zero, then every permitted nonzero withdrawal exceeds currentBalance and reverts, rolling back the partial repair."
W3B-1051,d155161d96425f4437dfc39c1252afe7041128aa18a25d41fc0c40faceb013a2,76,web3bugs_packets/W3B-1051.json,https://code4rena.com/reports/2022-01-sherlock,NONBUG,no_desynchronizing_partial_transition,YES,,,N,,,Y,C3 fails: advancing lastAccountedEachProtocol after charging accrued debt while retaining the same premiums_ rate is the intended checkpoint transition for future accrual.
W3B-1052,d1d91f0fd01114a9029da7c65e42ffd8ab7b4e87b8c0d7310c61b4afe8121e99,26,web3bugs_packets/W3B-1052.json,https://code4rena.com/reports/2021-08-realitycards,NONBUG,no_desynchronizing_partial_transition,YES,,,N,,,Y,C3 fails: removeOldBids increments the user's closed-market cursor only after processing that market; closedMarkets and market configuration intentionally persist as queue/configuration state.
W3B-1053,d24d0f39152c7c8760fa63311cf532f8db4a2327883e58e5a64c8164014c55e8,105,web3bugs_packets/W3B-1053.json,https://code4rena.com/reports/2022-03-paladin,,,YES,,,,,,Y,"Pass: Paladin H-01 is the same drop-rate checkpoint defect; _updateDropPerSecond changes currentDropPerSecond and resets lastDropUpdate at 738-739 after rounding elapsed months, producing the documented emission drift."
W3B-1054,d29fe3c7819a9d3f0342f3fd156390a6ce87cc3e01909f173fe64eff2d98ed4c,22,web3bugs_packets/W3B-1054.json,https://code4rena.com/reports/2021-08-floatcapital,,,YES,,,,,,Y,Pass: changeEthBlockReward updates the reward rate at 132 without checkpointing ethSupply/lastUpdated; _getEthSupply at 152-155 later applies the new rate to the whole interval since lastUpdated.
W3B-1055,d2d61b2bb2e6dcc095c5d7f52a59f2b4f23b25d2ffa82db5cabb089cdb20058a,26,web3bugs_packets/W3B-1055.json,https://code4rena.com/reports/2021-08-realitycards,NONBUG,reconciliation_precedes_consumption,YES,,,N,,,Y,C3 fails: _removeBidFromOrderbookIgnoreOwner swaps/pops user[] and immediately resets/repairs the corresponding index entries at 535-539 before later use.
W3B-1056,d2ec52ea53047b8dc6ab14de4392325adce1fadb4494565243bd72364ec707bb,26,web3bugs_packets/W3B-1056.json,https://code4rena.com/reports/2021-08-realitycards,NONBUG,reconciliation_precedes_consumption,YES,,,N,,,Y,C3 fails: removeOldBids mutates the user/list record during cleanup and repairs the removed/moved bid index in the same iteration before a later transaction can consume it.
W3B-1057,d30a17873980b603f7010b0049c19359c80f063918142c53f6e2da2c6474c2c8,22,web3bugs_packets/W3B-1057.json,https://code4rena.com/reports/2021-08-floatcapital,NONBUG,no_desynchronizing_partial_transition,YES,,,N,,,Y,"C3 fails: marketLaunchIncentive_period is configuration read to calculate issuance, while each price update is supposed to append a new accumulativeFloatPerSyntheticTokenSnapshots entry; no matching period update is required."
W3B-1058,d329c60165bb63cbd7845259aa976c6a379264743656acaabfb4f41e3ddcc1e8,45,web3bugs_packets/W3B-1058.json,https://code4rena.com/reports/2021-10-union,NONBUG,no_desynchronizing_partial_transition,YES,,,N,,,Y,"C3 fails: _repayBorrowFresh accrues interest and requires a fresh accrualBlockNumber before computing and rewriting accountBorrows, so the borrow-index checkpoint is current before the writer matters."
W3B-1059,d369e29aaef0f551400ee6a62928284b824d9f17d3306c370a97e77efecdc8fb,107,web3bugs_packets/W3B-1059.json,https://code4rena.com/reports/2022-04-jpegd,NONBUG,analysis_abstraction_error,YES,,,N,,,Y,"C3 fails: this writer changes settings.organizationFeeRate at 295, while totalDebtAmount is coupled to settings.debtInterestApr in interest accrual; the known M-04 bug is the debt-interest setter, not this field."
W3B-1060,d39b1a3561c0dfcca35e7eeeec7671a80ec2d835384a600a07af25b5b637cbdf,26,web3bugs_packets/W3B-1060.json,https://code4rena.com/reports/2021-08-realitycards,NONBUG,no_desynchronizing_partial_transition,YES,,,N,,,Y,C3 fails: closeMarket appends a pending closed market at 643; userClosedMarketIndex is deliberately a per-user cleanup cursor that advances only after removeOldBids processes that entry.
W3B-1061,d41b96170021f611d1bfcb0d51f187d3dfb88c97d52d874aaa952ade21cb0453,105,web3bugs_packets/W3B-1061.json,https://code4rena.com/reports/2022-03-paladin,NONBUG,no_desynchronizing_partial_transition,YES,,,N,,,Y,C3 fails: token transfer checks _availableBalanceOf against userLocks before reducing _balances; transferring only the unlocked balance while the lock record remains fixed is permitted state.
W3B-1062,d48244b47f93e28abf238f2395c3d8cc7f6d2529fe0c326c5221346124b66ad6,105,web3bugs_packets/W3B-1062.json,https://code4rena.com/reports/2022-03-paladin,NONBUG,no_desynchronizing_partial_transition,YES,,,N,,,Y,"C3 fails: increaseLockDuration updates lock metadata without changing token balance by design; the locked amount remains backed by the existing balance, so no paired balance write is required."
W3B-1063,d4aa7efae453c591316fc150c59d5559f647817abdbf11f0467aff7160b1f404,22,web3bugs_packets/W3B-1063.json,https://code4rena.com/reports/2021-08-floatcapital,NONBUG,no_desynchronizing_partial_transition,YES,,,N,,,Y,C3 fails: marketUpdateIndex is the global executed-price epoch while userNextPrice_currentUpdateIndex is an intentionally pending per-user epoch; settlement consumes and then clears the user index.
W3B-1064,d564bc3c0a2cabc3d6921e534ee276a9382e5174f8c08a725b9c9cda23088a64,26,web3bugs_packets/W3B-1064.json,https://code4rena.com/reports/2021-08-realitycards,NONBUG,analysis_abstraction_error,YES,,,N,,,Y,"C3 fails: the writer changes card[_card].timeLastCollected at 1049, not rentCollectedPerCard; cardAffiliateCut scales rent payout, so this aggregate card-field write does not desynchronize the payout relation."
W3B-1065,d59496325e0d9067dacaceced61e7855422996a3a68e7bc5dd93db5385637e95,45,web3bugs_packets/W3B-1065.json,https://code4rena.com/reports/2021-10-union,NONBUG,no_desynchronizing_partial_transition,YES,,,N,,,Y,"C3 fails: stake increases stakers[msg.sender] at 616 while members stores trust/credit limits; effective vouching is derived from stake and trust, so a matching members write is not required."
W3B-1066,d5b5b88ec01ccd1cb8b3228939721450a0c64cd77cd75e7e0a55d685cfdf5840,26,web3bugs_packets/W3B-1066.json,https://code4rena.com/reports/2021-08-realitycards,NONBUG,reconciliation_precedes_consumption,YES,,,N,,,Y,"C3 fails: cleanWastePile removes a user record and immediately clears/repairs the corresponding index entries before later protocol use, so the bookkeeping relation is reconciled in the cleanup transition."
W3B-1067,d5f23f1ce630d386515bd539103978640b6d645543e20890c7305ad5d66dc7d3,105,web3bugs_packets/W3B-1067.json,https://code4rena.com/reports/2022-03-paladin,,,YES,,,,,,Y,"Pass: _updateRewardState calls _updateDropPerSecond before _getNewIndex; after the terminal rate change at 720, stale lastRewardUpdate/rewardIndex price the entire prior interval at the new rate."
W3B-1068,d6dd8417da2d0619613ed38617b91f71c618037ac891dc73fb63f19c4dd1f066,35,web3bugs_packets/W3B-1068.json,https://code4rena.com/reports/2021-09-sushitrident-2,NONBUG,no_desynchronizing_partial_transition,YES,,,N,,,Y,C3 fails: mint updates kLast at 121 as the new AMM liquidity baseline; barFee is a fee parameter and is intentionally unchanged when the baseline moves.
W3B-1069,d70efd673868c48f15051cb596bf3d5452074b26f61bd73229f77f1efdc84762,105,web3bugs_packets/W3B-1069.json,https://code4rena.com/reports/2022-03-paladin,,,YES,,,,,,Y,"Pass: after monthly currentDropPerSecond changes at 738, _getNewIndex reads lastRewardUpdate/rewardIndex and applies the new rate to the entire elapsed interval before those reward checkpoints are updated at 771-773."
W3B-1070,d714525990d58395ceb0735caa44d6cf07a4eec1b9f36767ec80d5d303190ae9,76,web3bugs_packets/W3B-1070.json,https://code4rena.com/reports/2022-01-sherlock,,,YES,,,,,,Y,Pass: the debt>balance correction changes lastClaimablePremiumsForStakers at 329 while premiums_ remains active; the source explicitly warns the premium must be zeroed first or the accounting error keeps increasing.
W3B-1071,d73b5398f723fb3ccac96c5dcafd2ea9be63e1875f06da31640018ba1f3517bc,22,web3bugs_packets/W3B-1071.json,https://code4rena.com/reports/2021-08-floatcapital,NONBUG,no_desynchronizing_partial_transition,YES,,,N,,,Y,C3 fails: userNextPrice_stakedSyntheticTokenShiftIndex is deliberately cleared after settlement while batched_stakerNextTokenShiftIndex remains the global batch cursor used to detect later pending shifts.
W3B-1072,d74949945857bb4e796fa4acf41979536d0cf953038dedb6b094e4f950d145ae,45,web3bugs_packets/W3B-1072.json,https://code4rena.com/reports/2021-10-union,,,YES,,,,,,Y,Pass/recovery at indexed-debt relation granularity: accountBorrows/accrualBlockNumber/borrowIndex are the Union H-01 state family; the same old global index is consumed by borrow checks before accrueInterest updates it.
W3B-1073,d7a0ef6532ab6ad87223b7ad605011764b5e40f686476c5af803eada0f6fe5d8,26,web3bugs_packets/W3B-1073.json,https://code4rena.com/reports/2021-08-realitycards,,,YES,,,,,,Y,Pass/recovery at exact writer: setWinner casts block.timestamp to uint32 before the overflow check and stores it in marketLockingTime; this is the published Reality Cards L-10 defect.
W3B-1074,d7ed474c61243f3235a9e79a92cb4100a015c0534fd3033ec40a3f6fff19e18a,45,web3bugs_packets/W3B-1074.json,https://code4rena.com/reports/2021-10-union,,,YES,,,,,,Y,Pass/recovery on the exact owner path: borrow reaches accrueInterest only after earlier debt/credit checks have consumed the old indexed debt; this is the published Union H-01 mechanism.
W3B-1075,d8028c8cb15b4be85a2bd83260e9aaf06924ede8c194d5085e47b56f7e22171e,26,web3bugs_packets/W3B-1075.json,https://code4rena.com/reports/2021-08-realitycards,NONBUG,no_desynchronizing_partial_transition,YES,,,N,,,Y,C3 fails: rentAllCards updates per-card rent/time accounting while cardAffiliateCut is a fixed payout parameter established for the market. The cut is intentionally applied later to rentCollectedPerCard and need not change with each rent update.
W3B-1076,d86eb1f086bdc9894c0b8bddd23ab08f24e8e208b4670aa93811e9464b9c1c15,112,web3bugs_packets/W3B-1076.json,https://code4rena.com/reports/2022-04-backd,NONBUG,analysis_abstraction_error,YES,,,N,,,Y,"C3 fails: on AmmConvexGauge, virtual dispatch resolves the checkpoint to the derived override, which updates BKD, CRV and CVX per-user shares and their integral checkpoints together. The apparent base-only perUserShare write is an abstraction artifact."
W3B-1077,d896152180c939aea3a0943569a374a94fbac7ea5d5b24b53e217d613ff05cc8,52,web3bugs_packets/W3B-1077.json,https://code4rena.com/reports/2021-11-vader,,,YES,,,,,,Y,Pass/recovery at operation granularity: exit reaches the vulnerable StakingRewards withdraw path; Vader M-04 explicitly applies the fee-on-transfer/deflationary-token accounting mismatch to withdraw as well as stake.
W3B-1078,d89de754da49b03372a8bcbd53eb89f7ba033c4f535d749ccedd403cf12114f4,22,web3bugs_packets/W3B-1078.json,https://code4rena.com/reports/2021-08-floatcapital,,,YES,,,,,,Y,"Pass/new/recovery-family: the production snapshot update computes elapsed Float issuance using current curve/incentive parameters; admin-updatable parameters are not epoch-checkpointed, so a new configuration can be applied over the interval since the older snapshot. This also captures the L-06 kValue/snapshot-time coupling."
W3B-1079,d8b485a8bc96ee81236e5d3d92a4dfbcf89d11e4056f7bcf4160e5b09539efc8,143,web3bugs_packets/W3B-1079.json,https://code4rena.com/reports/2022-07-juicebox,NONBUG,no_desynchronizing_partial_transition,YES,,,N,,,Y,C3 fails: shouldRequireClaimingFor intentionally changes a project-level claiming preference after verifying tokenOf exists. tokenOf is not cached state that must change with the flag; mintFor later reads both values consistently.
W3B-1080,d91e3593dc7b930db3ed6dbdea29bdda41253fa8a84036ea4ae9ff701982e67e,26,web3bugs_packets/W3B-1080.json,https://code4rena.com/reports/2021-08-realitycards,NONBUG,unsupported_or_overbroad_relation,NO,,N,,,,Y,C2 fails: normal card rent/time updates are not one synchronization invariant with the fixed winnerCut configuration and the separately resolved winningOutcome. The packet combines payout configuration/outcome state with ordinary card accounting.
W3B-1081,d9473709883ef23b8bf2a27b1e8dc152e3eb56fb3483486eb0be4d3cd81841f2,107,web3bugs_packets/W3B-1081.json,https://code4rena.com/reports/2022-04-jpegd,NONBUG,unsupported_or_overbroad_relation,NO,,N,,,,Y,"C2 fails on the aggregate relation: repay proportionally reconciles position.debtPortion, totalDebtPortion, principal and totalDebtAmount in one operation. NFT valuation mappings and vault settings are independent lending inputs and need not co-update on repayment."
W3B-1082,d96a175617729185ed6bec5e7771621c0ba091acf9c1e56bc96ec447efcd1ae9,76,web3bugs_packets/W3B-1082.json,https://code4rena.com/reports/2022-01-sherlock,NONBUG,reconciliation_precedes_consumption,YES,,,N,,,Y,"C3 fails: protocolRemove's premium setter first calls _settleProtocolDebt under the old premium/timestamp, then updates or zeros the premium; removal cleanup deletes lastAccountedEachProtocol only after that reconciliation."
W3B-1083,d9828865d21c6911fbb394e36752516a0a1f75550f237c7f6528b37ae488e0c0,52,web3bugs_packets/W3B-1083.json,https://code4rena.com/reports/2021-11-vader,,,YES,,,,,,Y,Pass/recovery at operation granularity: stake checkpoints rewards and then accounts nominal _totalSupply/_balances around the token transfer; Vader M-04 shows fee-on-transfer/deflationary tokens can make those internal balances exceed assets actually received.
W3B-1084,d9fa35b89b77f5b229b9b80057131457f2f82fe24b1859ea1d0d1c214f545c5c,45,web3bugs_packets/W3B-1084.json,https://code4rena.com/reports/2021-10-union,,,YES,,,,,,Y,"Pass/recovery at relation/origin granularity: the packet includes the exact borrow maxBorrow expression and accountBorrows/borrowIndex/accrualBlockNumber state from Union H-01, where checks consume old indexed debt before accrual."
W3B-1085,da5038e53b4d4caa9a998f22d40396735002c55ad5c8b26fe0dcb98e7b53e353,112,web3bugs_packets/W3B-1085.json,https://code4rena.com/reports/2022-04-backd,NONBUG,reconciliation_precedes_consumption,YES,,,N,,,Y,"C3 fails: AmmConvexGauge._userCheckpoint updates perUserShare, perUserShareCrv and perUserShareCvx consecutively, then updates all three paid-integral checkpoints before unstake or claim can consume the result."
W3B-1086,da9f3172ae8986a14d6245ac3ec75c89bd63aff7719aa3a128b12582986093a7,22,web3bugs_packets/W3B-1086.json,https://code4rena.com/reports/2021-08-floatcapital,,,YES,,,,,,Y,Pass/recovery at relation granularity: marketLaunchIncentive period/multiplier are evaluated against the persisted initial snapshot timestamp; the production snapshot path materializes the published Float L-06 timing mismatch after parameter updates.
W3B-1087,dabeef45f54405114b2854f3700e45ef58e1e26192d7bafdc9bddf1bad3dab17,52,web3bugs_packets/W3B-1087.json,https://code4rena.com/reports/2021-11-vader,,,YES,,,,,,Y,Pass/recovery at operation granularity: stake is the exact Vader M-04 affected operation; the reward checkpoint is followed by nominal balance/supply accounting despite fee-on-transfer/deflationary tokens potentially delivering less than the stated amount.
W3B-1088,dadebb2af469e1284eb57db0408ca9c3187238c7bc9b4f25688b1f042239c7dc,76,web3bugs_packets/W3B-1088.json,https://code4rena.com/reports/2022-01-sherlock,NONBUG,reconciliation_precedes_consumption,YES,,,N,,,Y,"C3 fails: forceRemoveBySecondsOfCoverage settles accrued debt first, subtracts the arb reward, then _forceRemoveProtocol zeroes the premium/global rate before active-balance and timestamp cleanup."
W3B-1089,db042eb4c990d95328a4c25793c65c5ad285bec35196594ea690d29f11ea9f54,107,web3bugs_packets/W3B-1089.json,https://code4rena.com/reports/2022-04-jpegd,NONBUG,reconciliation_precedes_consumption,YES,,,N,,,Y,"C3 fails: insured liquidation already burns the outstanding debt, subtracts the position's debtPortion from totalDebtPortion and debtAmount from totalDebtAmount, and sets debtPortion to zero. claimExpiredInsuranceNFT only deletes that already-reconciled zero-debt position later."
W3B-1090,db24cb63a488c992d97fcee38256cd0d4f30ffc6f44a4f59617b2cd5b9a99183,54,web3bugs_packets/W3B-1090.json,https://code4rena.com/reports/2021-11-unlock,,,YES,,,,,,Y,Pass/recovery at helper/relation granularity: _recordOwner with _ownerOf/keyByOwner/keyManagerOf is the ownership/authorization state family used by Unlock H-03/H-04; transfer calls this same helper and can leave manager/approval authorization stale across an ownership change.
W3B-1091,db4eec61b4c8ce9fd0825bb9f067dc3b48b0f91a4ee9bed7310f08a428720a9b,22,web3bugs_packets/W3B-1091.json,https://code4rena.com/reports/2021-08-floatcapital,,,YES,,,,,,Y,"Pass/recovery at consumer granularity: withdraw reaches _calculateAccumulatedFloat, which consumes the shift-index-to-snapshot mapping that Float H-02 identifies as missing marketIndex; cross-market overwrite therefore produces wrong accumulated Float for the pending shift."
W3B-1092,db851e6000fb695a0b6ef11e309136ebb39b27f63e5c9f18f73d8176e61a354e,45,web3bugs_packets/W3B-1092.json,https://code4rena.com/reports/2021-10-union,NONBUG,no_desynchronizing_partial_transition,YES,,,N,,,Y,"C3 fails: redeem reduces totalRedeemable and burns the corresponding uToken supply in the same redemption path. initialExchangeRateMantissa is only the bootstrap exchange rate when total supply is zero, not a value that must track each redemption."
W3B-1093,db868a425efdc7bd8a72291f230940177f48a16bcfe773efd5e8962eecef9985,5,web3bugs_packets/W3B-1093.json,https://code4rena.com/reports/2021-04-vader,,,YES,,,,,,Y,Pass/recovery: replaceAnchor mutates the anchor set that is bounded by anchorLimit; Vader H-10 explicitly identifies unrestricted listAnchor/replaceAnchor as the mechanism for pushing curated anchors in/out once the anchor limit is reached.
W3B-1094,dc12664653237d73ba14158e370af8a48944b298400fef220753c958466bb4fe,6,web3bugs_packets/W3B-1094.json,https://code4rena.com/reports/2021-04-meebits,NONBUG,no_desynchronizing_partial_transition,YES,,,N,,,Y,"C3 fails: safeTransfer changes idToOwner, while ownerToOperators is intentionally keyed by whichever address is the current owner. Changing token ownership does not require copying or clearing the old owner's global operator approvals; authorization automatically resolves through the new owner key."
W3B-1095,dc4cc3154a18d174d13433c92dfc4305cbb2dd0f9b14c39fa34d0de3503f31a5,76,web3bugs_packets/W3B-1095.json,https://code4rena.com/reports/2022-01-sherlock,NONBUG,reconciliation_precedes_consumption,YES,,,N,,,Y,C3 fails: forceRemoveBySecondsOfCoverage settles protocol debt and then force-removes the protocol in the same transaction; _forceRemoveProtocol sets its premium to zero and reconciles the global premium rate before removal completes.
W3B-1096,dc5b9a38af2edd0cefcedccc9d3f694444849610ebd2c9dff4d82012ae6fcc5c,22,web3bugs_packets/W3B-1096.json,https://code4rena.com/reports/2021-08-floatcapital,,,YES,,,,,,Y,Pass/new: changeEthNephewReward changes an input to the persisted ETH-supply accrual formula without checkpointing ethSupply/lastUpdated; the next update applies the new nephew reward retroactively over the entire elapsed interval since the old checkpoint.
W3B-1097,dc5d1698e897f751bc066b243ecf10f97fb71d76c4029a86a85130e19ab94fa8,45,web3bugs_packets/W3B-1097.json,https://code4rena.com/reports/2021-10-union,NONBUG,no_desynchronizing_partial_transition,YES,,,N,,,Y,C3 fails: repayment legitimately changes the borrower's accountBorrows snapshot while overdueBlocks remains a global delinquency-duration policy parameter. The published missing-nonReentrant issue in repayBorrowWithPermit is a separate reentrancy-control defect not identified by this relation.
W3B-1098,dc91248c9acc1318bb768b263ebff7abb77df47d2e15b8d96c16cb5bb3ff9f0d,22,web3bugs_packets/W3B-1098.json,https://code4rena.com/reports/2021-08-floatcapital,,,YES,,,,,,Y,"Pass/new (production-reachable): changing balanceIncentiveCurve_equilibriumOffset does not checkpoint accumulativeFloatPerSyntheticTokenSnapshots first; the next cumulative issuance calculation multiplies the new curve-derived rate by the full timeDelta since the older snapshot, retroactively repricing that interval."
W3B-1099,dc939aef1d31b20a5852eed028e745b91bd6fb1abdaada9e68eaca8380b10206,105,web3bugs_packets/W3B-1099.json,https://code4rena.com/reports/2022-03-paladin,,,YES,,,,,,Y,Pass/recovery: emergencyWithdraw appends a zero UserLock with the current block number before burning; Paladin M-05 explicitly includes the emergencyWithdraw history-write lines and shows that multiple UserLock/TotalLock entries with the same fromBlock make past-state queries manipulable.
W3B-1100,dca873cb82634b90a7f6be8e73b13399e5a66cb6c8ad77f58d16396f4f42956d,107,web3bugs_packets/W3B-1100.json,https://code4rena.com/reports/2022-04-jpegd,,,YES,,,,,,Y,"Pass/recovery at relation granularity: settings.debtInterestApr, totalDebtAccruedAt and totalDebtAmount are the exact checkpointed-interest state behind JPEG'd M-04; changing the APR without first accruing causes the next accrue path to apply the new rate retroactively to the old elapsed interval."
W3B-1101,dcb89227e67cdce3ca86d64491098a2b5c0035dad5786d2428525e935c7ce111,52,web3bugs_packets/W3B-1101.json,https://code4rena.com/reports/2021-11-vader,,,YES,,,,,,Y,Pass/recovery at operation granularity: exit reaches the StakingRewards withdraw path while internal _balances/_totalSupply drive reward accounting; Vader M-04 explicitly says the transfer-on-fee accounting mismatch applies to withdraw as well as stake.
W3B-1102,dce8b22ad311d5e5132ecc4bac88c54f6964bd3881bf26afb7d686ab060280f6,26,web3bugs_packets/W3B-1102.json,https://code4rena.com/reports/2021-08-realitycards,,,YES,,,,,,Y,"Pass/new (validated candidate family): the candidate lands on RealityCards closeMarket's batched user-record removal loop. closeMarket can pop orderbook records without clearing the corresponding index sentinel, leaving stale user/index state for later orderbook operations when closure is incomplete."
W3B-1103,dd324a0d1640cb7b81b98ce4ba3f4213df871f2d46b0921d5b7e8a51bb6bb6d9,45,web3bugs_packets/W3B-1103.json,https://code4rena.com/reports/2021-10-union,,,YES,,,,,,Y,"Pass/new/recovery of validated family: the candidate lands on the debtCeiling/totalBorrows headroom check used by borrow. The check bounds only amount against remaining headroom, while borrow later adds amount plus origination fee to totalBorrows, so a near-cap borrow can persist totalBorrows above debtCeiling."
W3B-1104,dd35ce3003ccc385ed6764957e1f176aa0f7b78606c8ce997636ca1e8a63d13b,131,web3bugs_packets/W3B-1104.json,https://code4rena.com/reports/2022-05-backd,NONBUG,unsupported_or_overbroad_relation,NO,,N,,,,Y,"C2 fails: perUserShare, perUserShareCrv and perUserShareCvx are independent reward-asset accounting streams and need not move together at poolCheckpoint. Backd M-13 is instead a BKD claimableRewards view-calculation inconsistency, not a desynchronization among these three stored reward balances."
W3B-1105,dd9382726df4a92449a5567bdce10231f539eaac2e197ae38701a9af30ec1d85,76,web3bugs_packets/W3B-1105.json,https://code4rena.com/reports/2022-01-sherlock,NONBUG,reconciliation_precedes_consumption,YES,,,N,,,Y,C3 fails: setProtocolPremiums settles global and per-protocol debt before applying new premiums. An underfunded protocol cannot persist a new nonzero premium because the coverage check reverts; a zero premium succeeds and the global premium rate is reconciled before return.
W3B-1106,ddbe93e2b19db64054df3eaf41d4db2f3728927f21ce9b32a19e27e92909160f,76,web3bugs_packets/W3B-1106.json,https://code4rena.com/reports/2022-01-sherlock,NONBUG,reconciliation_precedes_consumption,YES,,,N,,,Y,"C3 fails: forceRemoveByActiveBalance first settles the protocol and then calls _forceRemoveProtocol, which zeroes the individual premium and updates the global premium rate before the protocol is removed and funds are transferred."
W3B-1107,ddbf01cac76692ab000eba9de7e0169aa54d2ebf65eecb494a1e61bd2d60de6a,105,web3bugs_packets/W3B-1107.json,https://code4rena.com/reports/2022-03-paladin,,,YES,,,,,,Y,"Pass/new (validated Paladin rate/checkpoint family): unstake reaches _burn, whose before-transfer hook updates rewards; on a rate-transition call, _updateDropPerSecond can change currentDropPerSecond before _getNewIndex consumes the old lastRewardUpdate/rewardIndex interval, retroactively applying the new rate before the supply burn."
W3B-1108,de4f768f9069d631b5286120f08a625541b0f2b5e87a6b488535119485ed4382,35,web3bugs_packets/W3B-1108.json,https://code4rena.com/reports/2021-09-sushitrident-2,,,YES,,,,,,Y,"Pass/recovery at origin/relation granularity: the packet origin is the exact vulnerable IndexPool mint check _balance(tokenIn) >= amountIn + reserve, with records and totalSupply in the relation; Trident H-13 shows this unchecked addition can overflow and let an attacker mint excessive LP supply without providing liquidity."
W3B-1109,de7214c402be8d9481fa060273941b2eb665d7831add092446f0bb14b8cce6a4,26,web3bugs_packets/W3B-1109.json,https://code4rena.com/reports/2021-08-realitycards,NONBUG,no_desynchronizing_partial_transition,YES,,,N,,,Y,C3 fails: newRental/rent collection updates per-card ownership and rent timing while marketLockingTime is the fixed market-wide deadline used to cap collection. The deadline is not cached card state that should change with each rental or rent collection.
W3B-1110,dea670f666c699db8436ae4f5a60f6d7655b2b431a65199c66b7abffeb5d6b36,45,web3bugs_packets/W3B-1110.json,https://code4rena.com/reports/2021-10-union,,,YES,,,,,,Y,"Pass/recovery at relation granularity: accountBorrows, accrualBlockNumber, borrowIndex and maxBorrow are the indexed-debt state used by Union borrow's maxBorrow check; H-01 shows that this check consumes the old borrower/index state before accrueInterest advances the market index."
W3B-1111,dea78bf22868e5ac99b356e102c8bef6b4d6da8948fff10ed4e0acfe84816c72,6,web3bugs_packets/W3B-1111.json,https://code4rena.com/reports/2021-04-meebits,NONBUG,reconciliation_precedes_consumption,YES,,,N,,,Y,"C3 fails: the transfer path clears idToApproval before removing and re-adding the token owner, and ownerToOperators is looked up under the resulting current owner. Subsequent canTransfer/canOperate checks therefore consume reconciled ownership/authorization state."
W3B-1112,ded5a0479be095ed47512cb1090211b6e3f7e5ab3b5e4aad8315c5e4a06cb8dc,76,web3bugs_packets/W3B-1112.json,https://code4rena.com/reports/2022-01-sherlock,NONBUG,reconciliation_precedes_consumption,YES,,,N,,,Y,"C3 fails: protocolAdd creates/recreates a clean protocol epoch and protocolUpdate settles the per-protocol timestamp before later premium/balance use. With a new entry the active balance and premium are intentionally zero, not stale counterparts."
W3B-1113,df033995219be94c5629a51499e3301f8e033131ca48dca4ae58971ca446be8c,45,web3bugs_packets/W3B-1113.json,https://code4rena.com/reports/2021-10-union,NONBUG,reconciliation_precedes_consumption,YES,,,N,,,Y,"C3 fails: _updateTotalFrozen updates aggregate totalFrozen and the borrower's memberFrozen snapshot together for both overdue and recovery branches. Union M-06 is the separate debtWriteOff ordering versus reward withdrawal, not this helper's aggregate/snapshot bookkeeping."
W3B-1114,df3c1b03fd4cce4f20dc6b5c6e31992045d029f389c5ad38348c6fe991ec3032,26,web3bugs_packets/W3B-1114.json,https://code4rena.com/reports/2021-08-realitycards,NONBUG,unsupported_or_overbroad_relation,NO,,N,,,,Y,"C2 fails: addMarket/addBid initializes live user/index orderbook records, while closedMarkets, userClosedMarketIndex and market lifecycle metadata are not state that must co-move with each new bid/orderbook head. The proposed relation is over-broad."
W3B-1115,df57a5b4475c455e933c0ace56af9c402511ea252fed1c5738970427fa427485,22,web3bugs_packets/W3B-1115.json,https://code4rena.com/reports/2021-08-floatcapital,NONBUG,reconciliation_precedes_consumption,YES,,,N,,,Y,"C3 fails at operation granularity: stakeFromUser may call _mintAccumulatedFloat, but the staking path subsequently checkpoints userIndexOfLastClaimedReward to latestRewardIndex when the new stake is established, so later reward calculation does not consume a stale pre-stake index."
W3B-1116,df7164bef24517608b07af0f7cd15f8f4ac78bf811b8605fe72639b0ff6ab155,35,web3bugs_packets/W3B-1116.json,https://code4rena.com/reports/2021-09-sushitrident-2,,,YES,,,,,,Y,"Pass/new: FranchisedConstantProductPool.updateBarFee changes barFee without checkpointing kLast; the next _mintFee applies the new barFee to liquidity growth measured from the older kLast checkpoint, creating retroactive protocol-fee accounting."
W3B-1117,df799ad026a5a7f86a6694f54edf5f8a9055f75f6492099d1348c93a366cad9e,45,web3bugs_packets/W3B-1117.json,https://code4rena.com/reports/2021-10-union,NONBUG,no_desynchronizing_partial_transition,YES,,,N,,,Y,C3 fails: accrueInterest legitimately increases totalBorrows while debtCeiling remains a fixed prospective borrowing cap; getRemainingLoanSize explicitly clamps to zero once accrued borrows reach or exceed the ceiling.
W3B-1118,df8e4244c021f23c6c50ddbc9b9bed4583c537aad448b13571114db1d3d6902c,22,web3bugs_packets/W3B-1118.json,https://code4rena.com/reports/2021-08-floatcapital,,,YES,,,,,,Y,"Pass/recovery: shiftTokens increments the persisted pending shift-away amount while userAmountStaked remains the basis of the next call's bound; this is Float H-03, where repeated next-price shifts can cumulatively exceed the user's actual stake."
W3B-1119,e04ea0c28fcb2c011f77725ce52eabeeda5f8711036a4f43665e637f745fc3d0,105,web3bugs_packets/W3B-1119.json,https://code4rena.com/reports/2022-03-paladin,,,YES,,,,,,Y,Pass/new/recovery-family: _updateDropPerSecond changes currentDropPerSecond while lastRewardUpdate/rewardIndex remain the checkpoint for _getNewIndex; later reward accounting can price the old elapsed interval with the new rate. This lands in Paladin's defective drop-rate/reward-index family.
W3B-1120,e09f75875083cb1325939e5b256a728d6ce93a9b5b727102bdf875626e00429a,76,web3bugs_packets/W3B-1120.json,https://code4rena.com/reports/2022-01-sherlock,NONBUG,reconciliation_precedes_consumption,YES,,,N,,,Y,"C3 fails: setProtocolPremiums first settles global/per-protocol debt and then applies the requested premium. If the exhausted-balance branch leaves zero coverage, a nonzero new premium fails the coverage check and reverts; a zero premium succeeds and the global premium rate is reconciled before return."
W3B-1121,e1060f397817ca8454acb13561442234facb20e462ae48e94be5c678103b0758,76,web3bugs_packets/W3B-1121.json,https://code4rena.com/reports/2022-01-sherlock,,,YES,,,,,,Y,"Pass/new: nonStakersClaim reaches Sherlock's debt>active-balance branch, which corrects claimable accounting and zeros active balance but leaves the exhausted protocol's premium represented in ongoing premium-rate state; the source explicitly warns premium must be zeroed first or the accounting error keeps increasing."
W3B-1122,e125a14101ad78fe9feba3159fc098144b81b9f7ba29884e3e1c48864874e332,26,web3bugs_packets/W3B-1122.json,https://code4rena.com/reports/2021-08-realitycards,NONBUG,reconciliation_precedes_consumption,YES,,,N,,,Y,C3 fails: payRent moves value from marketBalance into the market pot and updates totalMarketPots in the same operation; totalDeposits represents user deposits and is intentionally unchanged by this internal reclassification.
W3B-1123,e125abdcf8952e15f7a6f711d04ea5f6329207269067092c2503c030e68b2837,45,web3bugs_packets/W3B-1123.json,https://code4rena.com/reports/2021-10-union,,,YES,,,,,,Y,"Pass/recovery at relation granularity: accountBorrows, borrowIndex and accrualBlockNumber are the indexed-debt state behind Union H-01; borrow can consume an old borrower snapshot before global interest accrual advances the index."
W3B-1124,e1294e7b307b63494c732d569dded3ee35b0dadb0961f97840045603f3781eaa,26,web3bugs_packets/W3B-1124.json,https://code4rena.com/reports/2021-08-realitycards,,,YES,,,,,,Y,Pass/new (duplicate recovery of validated family): RealityCards closeMarket pops user/orderbook records without clearing the corresponding index sentinel; later cleanWastePile/orderbook paths consume the stale user/index relation.
W3B-1125,e1416774deea6c6e89ec1bed29a463735124f33e6ebca0f14a5dc96445c777be,35,web3bugs_packets/W3B-1125.json,https://code4rena.com/reports/2021-09-sushitrident-2,,,YES,,,,,,Y,Pass/recovery at origin/relation granularity: the packet's origin is the IndexPool mint check _balance(tokenIn) >= amountIn + reserve with records/totalSupply in the relation; the published Trident IndexPool overflow/unsafe-mint family exploits this exact accounting path to mint excessive LP supply.
W3B-1126,e1ed4207138e34a5c65878486221b0b927da1f87e00195c00bc771cf7e4100d1,26,web3bugs_packets/W3B-1126.json,https://code4rena.com/reports/2021-08-realitycards,NONBUG,unsupported_or_overbroad_relation,NO,,N,,,,Y,C2 fails: per-card rent/time accounting is not one synchronization invariant with affiliate/artist/creator/winner cut configuration and winningOutcome. The candidate aggregates independent payout configuration and market outcome state around normal rent collection.
W3B-1127,e1f15becd0c107f7f60db3ffd636754dc2ecfdf86b4d48357a809740fdd26996,105,web3bugs_packets/W3B-1127.json,https://code4rena.com/reports/2022-03-paladin,,,YES,,,,,,Y,"Pass/recovery at operation granularity: stakeAndLock mints the user's balance and reaches _lock, which appends a UserLock snapshot using block.number; this is Paladin M-05's same-block lock-history defect family."
W3B-1128,e1f67df7479cc6eef15e4092abae122d039f99d239b6c63c3a60d6255ba26d62,131,web3bugs_packets/W3B-1128.json,https://code4rena.com/reports/2022-05-backd,,,YES,,,,,,Y,"Pass/recovery at relation granularity: boostFactors are recomputed from mutable currentUInts256 boost configuration; Backd M-16 allows repeated initialization when START_BOOST is zero, changing those parameters and making users' persisted boost factors/reward treatment depend on inconsistent configuration epochs."
W3B-1129,e262476d27106249d3909ad6cc6d8c42049f40519e23f0d6e45a91621d38c6bf,26,web3bugs_packets/W3B-1129.json,https://code4rena.com/reports/2021-08-realitycards,NONBUG,no_desynchronizing_partial_transition,YES,,,N,,,Y,C3 fails: rent collection updates per-card ownership/rent timing while marketLockingTime is the fixed market deadline used to cap collection. The deadline is not cached card state that should change with each collection.
W3B-1130,e28f2f1202faeabfd258ff00b4ffa5561301bf178db2aefff03a241ec4c8873b,131,web3bugs_packets/W3B-1130.json,https://code4rena.com/reports/2022-05-backd,,,YES,,,,,,Y,"Pass/recovery: boostFactors[user] is persisted using current START_BOOST and related boost configuration; Backd M-16 permits those configuration values to be reinitialized when START_BOOST is zero, producing inconsistent boost accounting across users/checkpoints."
W3B-1131,e2a79d1b51d61e20cef5bcd84004657f39bd3f3efdbd50724fba53c803c37ab7,29,web3bugs_packets/W3B-1131.json,https://code4rena.com/reports/2021-09-sushitrident,,,YES,,,,,,Y,"Pass/recovery at origin/relation granularity: despite imperfect writer localization, the candidate's origin is the exact IndexPool mint balance check _balance(tokenIn) >= amountIn + reserve and its relation includes records and totalSupply; Trident H-13 identifies overflow at that exact expression as a funds-stealing mint bug."
W3B-1132,e2e24628a069579927b58687bc36d739bd98a7faa8b3c5181a91ecc10104aafc,107,web3bugs_packets/W3B-1132.json,https://code4rena.com/reports/2022-04-jpegd,,,YES,,,,,,Y,Pass/recovery at debt-relation granularity: positions and totalDebtAmount/totalDebtPortion are the JPEG'd H-09 accounting family; bad position debt remains represented in global debt and continues accruing collectible interest.
W3B-1133,e3135d803016379507e21c76c0a26b2de124c32171d9663c835e17f52b4022a3,45,web3bugs_packets/W3B-1133.json,https://code4rena.com/reports/2021-10-union,,,YES,,,,,,Y,"Pass/recovery at relation granularity: accountBorrows, borrowIndex, accrualBlockNumber and maxBorrow are the indexed-debt state behind Union H-01; borrow checks can consume old debt before accrueInterest advances the global index."
W3B-1134,e374565abee116c2867b6e025cbe68377887a7dd4c6cd27dd923bb58b10d7af3,5,web3bugs_packets/W3B-1134.json,https://code4rena.com/reports/2021-04-vader,,,YES,,,,,,Y,Pass/recovery at relation granularity: mapPID_timeStart is the persisted finalization timestamp consumed with coolOffPeriod by finaliseProposal; Vader M-06 shows canceled proposals retain this finalization state and can later pass execution gating.
W3B-1135,e3a25e654728b5b14ed3383e7a6afd229d0e9232ab9fafd08a249d1f9874c959,22,web3bugs_packets/W3B-1135.json,https://code4rena.com/reports/2021-08-floatcapital,,,YES,,,,,,Y,Pass/recovery: the candidate identifies userNextPrice_currentUpdateIndex versus marketUpdateIndex in the next-price settlement path; Float M-06 is the same state-progress family where unchanged prices can prevent the market index from advancing and strand pending actions.
W3B-1136,e523e35c1c62da914274e54df704d6edbac6d2a5b44dac5d0c15fe25085eb8d4,52,web3bugs_packets/W3B-1136.json,https://code4rena.com/reports/2021-11-vader,,,YES,,,,,,Y,Pass/recovery at operation granularity: exit/withdraw mutates internal staking balances and supply around the staking-token transfer; Vader M-04 explicitly identifies stake/withdraw accounting as inconsistent for fee-on-transfer or deflationary tokens.
W3B-1137,e572cf44b3edffbbb14adc155a1170761d23935c828fe5435c45af451ab812c1,26,web3bugs_packets/W3B-1137.json,https://code4rena.com/reports/2021-08-realitycards,NONBUG,analysis_abstraction_error,YES,,,N,,,Y,"C3 fails: the localized writer is bidExists(), which is view-only and merely reads user/index state. It cannot itself create the stale index relation attributed by the packet."
W3B-1138,e5bddacbcb4a40560054c2b06b61a928ad1b42947fe4021e0aaf668a63301f05,107,web3bugs_packets/W3B-1138.json,https://code4rena.com/reports/2022-04-jpegd,NONBUG,analysis_abstraction_error,YES,,,N,,,Y,C3 fails: setValueIncreaseLockRate changes only settings.valueIncreaseLockRate. NFT valuation mappings are independent inputs; the packet conflates the aggregate settings struct with unrelated credit/liquidation valuation state.
W3B-1139,e5c05d2f1892846d2ff51a050e22b1cabf2fedeca56e467b61dee3ec4ed14670,35,web3bugs_packets/W3B-1139.json,https://code4rena.com/reports/2021-09-sushitrident-2,,,YES,,,,,,Y,"Pass/new at relation granularity: HybridPool fee minting combines persisted dLast with barFee, while barFee can be updated independently; the next fee mint can therefore apply the new fee rate to liquidity growth accumulated since the older dLast checkpoint."
W3B-1140,e5de13426d3c4f929cbd0564fcc21672c7a9fd7660fbf9431a1b01fa32201b93,45,web3bugs_packets/W3B-1140.json,https://code4rena.com/reports/2021-10-union,NONBUG,no_desynchronizing_partial_transition,YES,,,N,,,Y,C3 fails: repayment updates the borrower's debt/interestIndex while overdueBlocks remains a reusable global delinquency threshold. The policy threshold is not state that must change with each repayment.
W3B-1141,e6a2159bbea106a57eada97b7605f69c3b346b46eb454212736cf1c0bb2e08e9,35,web3bugs_packets/W3B-1141.json,https://code4rena.com/reports/2021-09-sushitrident-2,NONBUG,reconciliation_precedes_consumption,YES,,,N,,,Y,"C3 fails: ConstantProductPool._update writes reserve0 and reserve1 consecutively in the same operation before returning; the apparent one-sided reserve write is block-level localization, not persistent reserve desynchronization."
W3B-1142,e6b8180edf438625901b83644d2b75a606f8cd544490748d1428781563016faa,26,web3bugs_packets/W3B-1142.json,https://code4rena.com/reports/2021-08-realitycards,NONBUG,unsupported_or_overbroad_relation,NO,,N,,,,Y,"C2 fails: addBidToOrderbook legitimately updates a user's live bid record; closedMarkets, userClosedMarketIndex and global market configuration are separate closed-market/search metadata and need not change with an ordinary bid update."
W3B-1143,e6e0dffd13fa2c3303e88bda8315fb4851e4b2484e13c3f9a88082ac2a4ff864,12,web3bugs_packets/W3B-1143.json,https://code4rena.com/reports/2021-05-yield,NONBUG,reconciliation_precedes_consumption,YES,,,N,,,Y,"C3 fails: roll loads old/new series, changes the vault's series, then updates the vault balances through _pour in the same transaction. A failure reverts the operation rather than persisting a half-rolled vault."
W3B-1144,e73fce0f8ca9510ebb8f036209ad3a607f2196bc5b2a98adffe3734aedb35003,124,web3bugs_packets/W3B-1144.json,https://code4rena.com/reports/2022-06-notional-coop,NONBUG,no_desynchronizing_partial_transition,YES,,,N,,,Y,C3 fails: removeCompoundMarket removes one underlying->cToken registry entry; cEther is the module's independent canonical native-market sentinel and is not supposed to change whenever a registry entry is removed.
W3B-1145,e7bc9a872fa2d96c28d3a0c12381490a6620d2e6fe9ccb7b8682b5d984c55f94,105,web3bugs_packets/W3B-1145.json,https://code4rena.com/reports/2022-03-paladin,,,YES,,,,,,Y,"Pass/recovery: increaseLock reaches _updateRewardState, which updates the global reward index using currentDropPerSecond/lastRewardUpdate/totalSupply; this lands directly in Paladin H-01's defective DropPerSecond reward-emission update family."
W3B-1146,e80db97fcd8937a0d151b3e0d1d46a8e52b0f8e072fe9a6779f14460b1478b7a,31,web3bugs_packets/W3B-1146.json,https://code4rena.com/reports/2021-09-bvecvx,,,YES,,,,,,Y,Pass/recovery: the candidate lands directly on CvxLocker.updateReward's iteration over rewardTokens and rewardData; this is the published bveCVX L-05 unbounded-rewardTokens iteration/DoS defect.
W3B-1147,e81095699af5cba9a61d4021343e46a522bcc82b550ca0eef265fb24fb5151f2,26,web3bugs_packets/W3B-1147.json,https://code4rena.com/reports/2021-08-realitycards,,,YES,,,,,,Y,Pass/recovery at relation granularity: the candidate couples orderbook user deletion to maxDeletions and the findNewOwner consumers; Reality Cards H-01 is exactly the maxDeletions/final-deletion state error that can discard a valid next owner.
W3B-1148,e81472d421e93126b14233b87e1c7f02955f7ea41ad675b163dc980b5c824d0f,22,web3bugs_packets/W3B-1148.json,https://code4rena.com/reports/2021-08-floatcapital,,,YES,,,,,,Y,Pass/recovery at origin/relation granularity: the packet reaches the exact shiftTokens check against userAmountStaked; Float H-03 is the flaw that repeated pending shifts are each checked against current stake without reserving already-pending shift amounts.
W3B-1149,e8233e733a09df7f3eb7e1674ab85a78c5c9c2641a090014e6781c1e71eeab73,76,web3bugs_packets/W3B-1149.json,https://code4rena.com/reports/2022-01-sherlock,,,YES,,,,,,Y,"Pass/new: nonStakersClaim can enter Sherlock's debt>active-balance accounting branch, which settles/corrects global claimable premium state while the exhausted protocol's premium can remain represented in allPremiumsPerSecToStakers, allowing later global accrual to continue from inconsistent rate state."
W3B-1150,e85b831c025ef0b07d784c695f1ceee99a258f93952d343cd03dafd31b3c41d3,26,web3bugs_packets/W3B-1150.json,https://code4rena.com/reports/2021-08-realitycards,NONBUG,reconciliation_precedes_consumption,YES,,,N,,,Y,C3 fails: _removeBidFromOrderbookIgnoreOwner compacts user[] and then clears the removed index and repairs the moved record's index before returning; later addBidToOrderbook consumes reconciled user/index state.
W3B-1151,e89df7362c0ffa055dbd96511b862fb8f1a95aa6dd5f4806fa6a152b09d9e740,22,web3bugs_packets/W3B-1151.json,https://code4rena.com/reports/2021-08-floatcapital,,,YES,,,,,,Y,Pass/recovery at relation granularity: marketLaunchIncentive_period/multipliers are interpreted against the persisted initial snapshot timestamp; Float L-06 explicitly identifies that updating kValue parameters without a corresponding new incentive-start timestamp makes the new schedule depend on the old launch time.
W3B-1152,e96254bf4df6084b658a15205793517e0b5348dc423bce9a0c78379a1e7816b7,26,web3bugs_packets/W3B-1152.json,https://code4rena.com/reports/2021-08-realitycards,,,YES,,,,,,Y,Pass/recovery at relation granularity: the candidate couples orderbook user mutation to maxDeletions and its consumers in findNewOwner; Reality Cards H-01 is exactly the maxDeletions/final-deletion state error that can delete a valid next owner.
W3B-1153,e9c776a9a9e48d3f07a6e7d8727b5c80fceeb97bc8c5fd74b420c671de7e7eb2,105,web3bugs_packets/W3B-1153.json,https://code4rena.com/reports/2022-03-paladin,,,YES,,,,,,Y,Pass/recovery: stakeAndLock reaches _lock and appends a UserLock history entry with block.number without coalescing same-block history; this is the published Paladin M-05 same-block historical-state defect. Balance is an over-broad extra relation member.
W3B-1154,e9d168032096f37e9c8d8c9bbd0a589ee25c6d482b3694b47726cae15172fcf5,45,web3bugs_packets/W3B-1154.json,https://code4rena.com/reports/2021-10-union,,,YES,,,,,,Y,"Pass/recovery at relation granularity: account borrow snapshots, accrualBlockNumber and borrowIndex are the indexed-debt state behind Union H-01; borrow can consume old account debt/credit before accrueInterest advances the global index."
W3B-1155,e9d32ac5d09941f9444365b0ca55e36de42f812ba523ad9f4370b322f00776f8,26,web3bugs_packets/W3B-1155.json,https://code4rena.com/reports/2021-08-realitycards,NONBUG,no_desynchronizing_partial_transition,YES,,,N,,,Y,C3 fails: initialize establishes numberOfCards while cardAccountingIndex correctly begins at its zero progress cursor. lockMarket advances that cursor toward numberOfCards; initialization does not leave stale accounting progress.
W3B-1156,e9dc59963bb1755be673a2d38c1031f20f089208be1f0196721b237ac53b6655,45,web3bugs_packets/W3B-1156.json,https://code4rena.com/reports/2021-10-union,NONBUG,no_desynchronizing_partial_transition,YES,,,N,,,Y,"C3 fails: accrueInterest may naturally raise totalBorrows relative to the fixed debtCeiling; debtCeiling is a prospective borrowing cap, and getRemainingLoanSize correctly returns zero when accrued debt reaches or exceeds it."
W3B-1157,e9eb6fdc51b27e06e463a2c3662cd913af0fe43837758ee438be30827525c642,105,web3bugs_packets/W3B-1157.json,https://code4rena.com/reports/2022-03-paladin,,,YES,,,,,,Y,"Pass/recovery: unlock appends an empty UserLock snapshot with the current block number, another direct producer of Paladin M-05's multiple-history-entries-in-one-block defect. Balance is an over-broad extra member."
W3B-1158,ea067c2ecedf6b4f479a55bfddd06b5f6c7af3a86d801f652170e699f05889e9,35,web3bugs_packets/W3B-1158.json,https://code4rena.com/reports/2021-09-sushitrident-2,,,YES,,,,,,Y,"Pass/new at relation granularity: ConstantProductPool barFee can be updated without checkpointing kLast; the next _mintFee applies the new fee rate to liquidity growth accumulated since the older kLast checkpoint, creating retroactive fee accounting."
W3B-1159,ea18790611f46cc13dbfed0c099dbcc9fce2800ad22a9a819adda29da9ab7c8d,131,web3bugs_packets/W3B-1159.json,https://code4rena.com/reports/2022-05-backd,NONBUG,analysis_abstraction_error,YES,,,N,,,Y,"C3 fails: AmmGauge.stakeFor calls virtual _userCheckpoint; on AmmConvexGauge internal dispatch reaches the override, which checkpoints base, CRV, and CVX per-user shares and integrals together. The packet models the base implementation as if it executed alone."
W3B-1160,ea30fbb2904ebaf8e02a8c2b1a9ebe0e966d794eb607af78d7a83fdc7b5c8e6f,52,web3bugs_packets/W3B-1160.json,https://code4rena.com/reports/2021-11-vader,NONBUG,reconciliation_precedes_consumption,YES,,,N,,,Y,C3 fails: notifyRewardAmount's updateReward modifier first checkpoints rewardPerTokenStored and lastUpdateTime under the old reward schedule; only afterward are rewardRate and periodFinish set for the new schedule.
W3B-1161,eab1236d2038a147ff67f81cec1b991ab848c5a40f9ebd987aafe40bd7160541,26,web3bugs_packets/W3B-1161.json,https://code4rena.com/reports/2021-08-realitycards,NONBUG,reconciliation_precedes_consumption,YES,,,N,,,Y,"C3 fails: cleanWastePile compacts the user bid array, clears the removed index, and immediately repairs the moved record's index before later orderbook use. This is not the closeMarket stale-index path."
W3B-1162,eb29a61d4eac53fe3369c5b494c2d019cbf202e45539c3c394a646143c853b92,105,web3bugs_packets/W3B-1162.json,https://code4rena.com/reports/2022-03-paladin,,,YES,,,,,,Y,"Pass/new (validated candidate family): updateRewardState changes currentDropPerSecond before _getNewIndex consumes the old lastRewardUpdate/rewardIndex interval, so the new rate can be applied retroactively to elapsed time."
W3B-1163,eb61ec2608fa4ffaecb06fd7b01a19a2df4cde2f94e1ba66bd404f0f6d31be7e,76,web3bugs_packets/W3B-1163.json,https://code4rena.com/reports/2022-01-sherlock,,,YES,,,,,,Y,"Pass/new at helper/relation granularity: when protocol debt exceeds active balance, _settleProtocolDebt corrects lastClaimablePremiumsForStakers but can leave the exhausted protocol's positive premium represented in allPremiumsPerSecToStakers; later global settlement continues accruing invalid premium. Source comments explicitly require zeroing premium before the correction."
W3B-1164,eb9b0dcac8d029c6c9d1bcd72f60c9f86363eeaaa15b1abfed060dba223170b0,26,web3bugs_packets/W3B-1164.json,https://code4rena.com/reports/2021-08-realitycards,NONBUG,no_desynchronizing_partial_transition,YES,,,N,,,Y,"C3 fails: removeOldBids changes the current user/orderbook population while marketCloseLimit is an independent reusable processing cap for closeMarket, not cached list state that must change with every removal."
W3B-1165,ec50bfc2bc53a8b704257b92abe338b9c5e548c6d500bd7165941eedb4b42def,107,web3bugs_packets/W3B-1165.json,https://code4rena.com/reports/2022-04-jpegd,NONBUG,reconciliation_precedes_consumption,YES,,,N,,,Y,C3 fails: insured liquidation already removes the position's debt portion and debt amount from totalDebtPortion/totalDebtAmount before storing repurchase metadata; repurchase later deletes that debt-free position and therefore must not subtract debt again.
W3B-1166,ec82afcf6e4bf027125e381944ebcbeb44e9c26fee3ae396dbdce8059611ccd1,35,web3bugs_packets/W3B-1166.json,https://code4rena.com/reports/2021-09-sushitrident-2,,,YES,,,,,,Y,"Pass/new at relation granularity: HybridPool updateBarFee changes barFee without checkpointing dLast; the next _mintFee applies the new rate against growth accumulated since the older dLast, creating retroactive protocol-fee accounting."
W3B-1167,ecb17d9275f1712cd1bab1d23fe583194cc3ed93d73531d4bb268ce7e28a38fc,26,web3bugs_packets/W3B-1167.json,https://code4rena.com/reports/2021-08-realitycards,NONBUG,reconciliation_precedes_consumption,YES,,,N,,,Y,"C3 fails: addToLeaderboard links the new record, pushes it, and immediately writes leaderboardIndex to the new array slot; later membership/removal consumers see reconciled leaderboard/index state."
W3B-1168,ecfd01d5190b61e0cc945c686e59d8624cfde06bf632ba89fb7a6b5e9ef6c85c,78,web3bugs_packets/W3B-1168.json,https://code4rena.com/reports/2022-01-behodler,,,YES,,,,,,Y,"Pass/recovery: the candidate lands on LimboDAO updateCurrentProposal/makeProposal and the currentProposalState/proposalConfig state machine; the published Behodler stuck-DAO defect occurs when accepted proposal execution reverts, rolling back proposal completion and permanently blocking new proposals."
W3B-1169,ed43a4436ad8a3e1ec426e35e2890011a591b592f9f6775beff1df8e71b24fe0,54,web3bugs_packets/W3B-1169.json,https://code4rena.com/reports/2021-11-unlock,NONBUG,analysis_abstraction_error,YES,,,N,,,Y,C3 fails: delegateBySig changes delegation checkpoints through the generic _writeCheckpoint helper; total-supply checkpoints are written only by mint/burn. The packet conflates per-delegate checkpoint writes with _totalSupplyCheckpoints.
W3B-1170,ed56a9272f95343fbe2ca83c830b8937d3ee4fdf280f24b075575d748e08ac54,107,web3bugs_packets/W3B-1170.json,https://code4rena.com/reports/2022-04-jpegd,,,YES,,,,,,Y,"Pass/recovery: collect reaches accrue(), which increases totalDebtAmount while per-position/total debt portions remain the allocation basis; JPEG'd H-09 is exactly the bad-debt/global-debt inconsistency where unrecoverable positions continue accruing interest and DAO collect mints unbacked stablecoin."
W3B-1171,ed9524b61623f6f03de9b8228a391a7473895be8eb228b08d4d82832eb40556a,45,web3bugs_packets/W3B-1171.json,https://code4rena.com/reports/2021-10-union,NONBUG,reconciliation_precedes_consumption,YES,,,N,,,Y,"C3 fails: debtWriteOff writes members[staker].borrowers[borrower] and immediately mirrors the same newTrustAmount into members[borrower].stakers[staker]. Union M-06 is the separate totalFrozen-before-rewards ordering bug, not this mirrored credit-line relation."
W3B-1172,edf23e49ff1133a84eea5ca713dc77ead51ac6a7f116d1980f1b2e92e4b23701,52,web3bugs_packets/W3B-1172.json,https://code4rena.com/reports/2021-11-vader,,,YES,,,,,,Y,Pass/recovery: withdraw mutates the internally accounted staking balance/total supply around an ERC20 transfer; Vader M-04 explicitly identifies StakingRewards stake/withdraw accounting as inconsistent for fee-on-transfer/deflationary tokens.
W3B-1173,ee0a26381b8499ba6fea13b9feaa1dae119b38a94a446239d13a9e146c35f2f8,26,web3bugs_packets/W3B-1173.json,https://code4rena.com/reports/2021-08-realitycards,,,YES,,,,,,Y,Pass/new (duplicate recovery of validated candidate family): RealityCards closeMarket can pop user/orderbook records without clearing the corresponding index sentinel and can return false while the market remains usable; later orderbook paths consume the stale user/index relation.
W3B-1174,ee1d61065d9df8ff25e191c78f20dfc1717f641d78c639d56197825ea958a2c1,54,web3bugs_packets/W3B-1174.json,https://code4rena.com/reports/2021-11-unlock,,,YES,,,,,,Y,Pass/recovery: the owner/keyManager relation is the core Unlock H-03/H-04 transfer-authorization defect family; transferFrom can change key ownership while manager/approval authorization remains usable by the prior party.
W3B-1175,ee79d8a8c03c5440953b4d09ccbfd5c5e67d68430a169c43ab45cc5d2a557b62,29,web3bugs_packets/W3B-1175.json,https://code4rena.com/reports/2021-09-sushitrident,NONBUG,no_desynchronizing_partial_transition,YES,,,N,,,Y,C3 fails: flashSwap changes token reserve records after receiving/paying swap assets; the pool token list and LP totalSupply are intentionally unchanged by a swap. No published Trident defect requires those values to move together.
W3B-1176,ee8f27e5adcee71c9890db56148ca398c52acb7d1ac09dda953489bb9e9cf3ba,25,web3bugs_packets/W3B-1176.json,https://code4rena.com/reports/2021-08-yield,NONBUG,no_desynchronizing_partial_transition,YES,,,N,,,Y,C3 fails: addSeries creates a previously unused series id (explicit Id already used guard). Existing vaults may reference other series and are not supposed to change when a new series is registered.
W3B-1177,eeb6fe2b4551c3a23078028c109563593ac610456084d3027f7fe7652c25d3ef,51,web3bugs_packets/W3B-1177.json,https://code4rena.com/reports/2021-11-bootfinance,NONBUG,reconciliation_precedes_consumption,YES,,,N,,,Y,"C3 fails at operation granularity: _updateEmission advances startEpochTime, then startEpochSupply using the old rate, then updates rate for the new epoch in one transition. The emission checkpoint is internally reconciled before later available-supply reads."
W3B-1178,eebdfe798530c111861f40f920f19152805dfe8383d47d8ca197a5319cd490a9,26,web3bugs_packets/W3B-1178.json,https://code4rena.com/reports/2021-08-realitycards,NONBUG,reconciliation_precedes_consumption,YES,,,N,,,Y,C3 fails: cleanWastePile compacts the user's bid array as part of the orderbook cleanup and repairs the associated index bookkeeping before later addBid lookup; this is not the closeMarket stale-index path.
W3B-1179,ef253e61ce6e8b1ab9eca3ea9a78c1c8d60d72d2c9eae68cd43e03e796071a8e,52,web3bugs_packets/W3B-1179.json,https://code4rena.com/reports/2021-11-vader,NONBUG,reconciliation_precedes_consumption,YES,,,N,,,Y,"C3 fails: exit/getReward's updateReward modifier checkpoints rewardPerTokenStored, lastUpdateTime, rewards and userRewardPerTokenPaid before withdrawal/reward effects. Vader M-04 is the separate fee-on-transfer balance accounting defect, not this checkpoint write."
W3B-1180,ef56a74b019f31a9645d96eab2d5d04ee75c1b5a7a0484c8d62b40cfeb02b56f,78,web3bugs_packets/W3B-1180.json,https://code4rena.com/reports/2022-01-behodler,,,YES,,,,,,Y,"Pass/new: configure rewrites the UniswapHelper VARS that determine quote source, timing, precision, pair and stabilization behavior without invalidating latestFlanQuotes; stabilizeFlan later combines those persisted old quotes with the new configuration."
W3B-1181,ef59de6220585ff5fd7211114c01a78794e4d31f4a0cd28e0e57fd4f0eba1b31,35,web3bugs_packets/W3B-1181.json,https://code4rena.com/reports/2021-09-sushitrident-2,NONBUG,no_desynchronizing_partial_transition,YES,,,N,,,Y,C3 fails: setApprovalForAll intentionally changes owner-wide operator authorization without changing NFT ownership or per-token approval. Those are independent ERC721 authorization modes.
W3B-1182,ef7c6feaacef19057f8940851380ef47deee214b6d33e5359921d528e30b4e38,107,web3bugs_packets/W3B-1182.json,https://code4rena.com/reports/2022-04-jpegd,,,YES,,,,,,Y,Pass/recovery at relation granularity: accrue increases totalDebtAmount while per-position debt portions remain the basis for debt accounting; JPEG'd H-09 is precisely the bad-debt/global-debt inconsistency where unrecoverable position debt continues increasing global debt/collectible interest.
W3B-1183,ef8f4fa093bcf417d70b7b4d42a5a42e13cd5b0619841660bc956fab7a26d129,192,web3bugs_packets/W3B-1183.json,https://code4rena.com/reports/2022-12-tigris,,,YES,,,,,,Y,"Pass/recovery at operation granularity: the candidate lands on Position.reducePosition, which changes persisted trade size/margin state used by funding while aggregate OI is separately maintained; Tigris H-09 is the published partial-closing state-transition defect that lets users bypass maxWinPercent."
W3B-1184,ef9f05de2b3e7343c063ee0db36b36d1aa613483f097a9080ce1a22ed90bc9c6,105,web3bugs_packets/W3B-1184.json,https://code4rena.com/reports/2022-03-paladin,,,YES,,,,,,Y,Pass/recovery: stakeAndIncreaseLock reaches the UserLock history update that records a new block-number snapshot; this is the Paladin M-05 same-block history defect family where multiple lock states in one block make historical balance/lock queries ambiguous/manipulable.
W3B-1185,efc18113de6ebf48bdd794b82ca33eca1a4139e74132e6206f09256c1723551c,22,web3bugs_packets/W3B-1185.json,https://code4rena.com/reports/2021-08-floatcapital,,,YES,,,,,,Y,"Pass/recovery at relation granularity: the candidate directly identifies userNextPrice_currentUpdateIndex versus marketUpdateIndex, the state-progress relation behind Float M-06 where unchanged oracle prices can leave pending next-price actions unable to mature."
W3B-1186,f008cd8627580e4690df8c6217e30b61f185c621174f1d61b710039c8086e474,105,web3bugs_packets/W3B-1186.json,https://code4rena.com/reports/2022-03-paladin,NONBUG,analysis_abstraction_error,YES,,,N,,,Y,"C3 fails: _getUserAccruedRewards is reward-calculation/read logic; the packet attributes a userLocks write to that calculation path. The Paladin published lock-history defect is produced by _lock, not by this reward reader."
W3B-1187,f010a3f21f9f63fe736cec8587f89b06cd798b1525874f8a9db8363f2185a055,22,web3bugs_packets/W3B-1187.json,https://code4rena.com/reports/2021-08-floatcapital,,,YES,,,,,,Y,"Pass/recovery: mintLongNextPrice/updateSystemState exposes the marketUpdateIndex, assetPrice and user pending-index relation; Float M-06 is exactly the failure of this next-price index state to advance/settle when the oracle price does not change."
W3B-1188,f02d959a93cd4e1c01c1cf2629a3c07e8071198e975932c48964e0b717613745,78,web3bugs_packets/W3B-1188.json,https://code4rena.com/reports/2022-01-behodler,NONBUG,no_desynchronizing_partial_transition,YES,,,N,,,Y,C3 fails: configureSoul intentionally selects/creates the current soul index and initializes transition timestamps for that index; crossingConfig is global migration configuration and token crossing parameters are separately configurable for the selected index.
W3B-1189,f04db81a603ea5524659eab5d283f8bc094891c497811e7f8858fc0f5d8c7a50,45,web3bugs_packets/W3B-1189.json,https://code4rena.com/reports/2021-10-union,NONBUG,no_desynchronizing_partial_transition,YES,,,N,,,Y,C3 fails: repayment updates borrower debt/lastRepay according to the remaining debt while overdueBlocks is a reusable global duration threshold. No published Union finding ties repayment to mutating that policy value.
W3B-1190,f0575c674030a3cb0de66bec65f83b462366fcb282f60c9fdfaf1b649b632538,78,web3bugs_packets/W3B-1190.json,https://code4rena.com/reports/2022-01-behodler,NONBUG,no_desynchronizing_partial_transition,YES,,,N,,,Y,"C3 fails: the configureSoul timestamp write is part of selecting/updating a soul generation; latestIndex is updated at the start of the same operation when needed, while crossingConfig remains independent global configuration."
W3B-1191,f124574eb70150bbdeacf18ee2ce4f0f2d7b1e911b5d94bc22b74c9a76f9f06c,105,web3bugs_packets/W3B-1191.json,https://code4rena.com/reports/2022-03-paladin,,,YES,,,,,,Y,Pass/recovery: increaseLock pushes another UserLock snapshot with block.number while preserving token balance; this lands on Paladin M-05's same-block lock-history inconsistency and its downstream historical balance/reward consumers.
W3B-1192,f13a1ca71182582a2d781a08e46647a0483ea062cc2b37aa6e88fa9a04afd344,22,web3bugs_packets/W3B-1192.json,https://code4rena.com/reports/2021-08-floatcapital,NONBUG,no_desynchronizing_partial_transition,YES,,,N,,,Y,C3 fails: staking/reward settlement updates userIndexOfLastClaimedReward to latestRewardIndex for the token's market; this is ordinary reward checkpointing and does not reproduce Float H-02/H-03.
W3B-1193,f1758d7a8cc5a86da1a98e3591bc9da8b50611c941aa8124614eba15b37224a8,54,web3bugs_packets/W3B-1193.json,https://code4rena.com/reports/2021-11-unlock,,,YES,,,,,,Y,"Pass/recovery: the transfer relation is the Unlock H-03/H-04 defect family: ownership/keyByOwner changes while key-manager/approval authorization can remain stale after transfer, allowing a transferred key to be reclaimed."
W3B-1194,f175dc76048eb01522b207343a347e96a4d1adca351bb6190bdbad492dcd81fc,112,web3bugs_packets/W3B-1194.json,https://code4rena.com/reports/2022-04-backd,,,YES,,,,,,Y,Pass/new: same-block checkpoint -> fee deposit -> migrate can set lastUpdated[user] == lastMigrationEvent; the strict '<' migration gate then permanently skips the newly accrued old-reward-token fee delta for that user.
W3B-1195,f1e54ef7d80d889449d5e3bb6aa3c3b610f67fe7474d9872d6e6207644314b6b,45,web3bugs_packets/W3B-1195.json,https://code4rena.com/reports/2021-10-union,,,YES,,,,,,Y,Pass/recovery at relation granularity: the candidate links per-account borrow snapshots to the global borrowIndex consumed by borrow/repay paths; Union H-01 is precisely borrow consuming old indexed debt before accrueInterest updates borrowIndex.
W3B-1196,f1f1faee4b7af89658e26b5a08f3681add4ad89e7e88ea782fae8a891896aa6f,76,web3bugs_packets/W3B-1196.json,https://code4rena.com/reports/2022-01-sherlock,NONBUG,reconciliation_precedes_consumption,YES,,,N,,,Y,"C3 fails: setProtocolPremium first calls _settleProtocolDebt, which checkpoints lastAccountedEachProtocol under the old premium, before premiums_ is changed."
W3B-1197,f23e570a1a8c8f9ea6fabeb67751cf81e97ad17c83ada2831fdea80b08dabd60,26,web3bugs_packets/W3B-1197.json,https://code4rena.com/reports/2021-08-realitycards,NONBUG,reconciliation_precedes_consumption,YES,,,N,,,Y,"C3 fails: removeFromLeaderboard overwrites/pops the record, clears the removed leaderboardIndex, and immediately repairs the moved record's index before returning."
W3B-1198,f24c7a6b8362332d4a724c75db19db646dc2d077d5351d36e4b7bd895f69b6ad,26,web3bugs_packets/W3B-1198.json,https://code4rena.com/reports/2021-08-realitycards,,,YES,,,,,,Y,"Pass/recovery at operation granularity: topupMarketBalance performs the external ERC20 transfer before updating marketBalance/accounting state, one of the exact RCTreasury paths identified in Reality Cards L-05."
W3B-1199,f2730912a6548e6caf2526a124d47a99c76fa2767fbd9c0a9c05fa40fd59f8ee,25,web3bugs_packets/W3B-1199.json,https://code4rena.com/reports/2021-08-yield,NONBUG,unsupported_or_overbroad_relation,NO,,N,,,,Y,C2 fails: batch intentionally clears cachedVaultId after delegated calls; the pools registry is independent persistent configuration and has no protocol invariant requiring it to change with that cache reset.
W3B-1200,f27d7849b6428b958e2be39422936693ee42d9c099575cd0891436d39ca3bb77,28,web3bugs_packets/W3B-1200.json,https://code4rena.com/reports/2021-09-sushimiso,NONBUG,no_desynchronizing_partial_transition,YES,,,N,,,Y,C3 fails: token initialization establishes the EIP-712 DOMAIN_SEPARATOR while owner nonces correctly remain zero until permits are consumed; no stale nonce/domain state is created by initialization.
W3B-1201,f2a1ae1a64847d9e8d54a8c929a0c35bcc19761b00800991c67c429b042b53b7,105,web3bugs_packets/W3B-1201.json,https://code4rena.com/reports/2022-03-paladin,,,YES,,,,,,Y,"Pass/recovery: _lock pushes a new UserLock carrying the current block number even when another history entry can already exist for that block, matching Paladin M-05's manipulable/imprecise same-block history states."
W3B-1202,f2b3bc057a081b10245db6870b3d90b32cb421fcdc59342798bd6a1a350fb156,45,web3bugs_packets/W3B-1202.json,https://code4rena.com/reports/2021-10-union,,,YES,,,,,,Y,Pass/recovery at relation granularity: accrualBlockNumber/borrowIndex/accountBorrows form the stale debt-checkpoint relation behind Union H-01; borrow can consume old indexed account debt before the accrual checkpoint is advanced.
W3B-1203,f2b908dfbaa11abac768ac83f4fd84459fbfc6c3befd49e2dea4a349d46124ca,31,web3bugs_packets/W3B-1203.json,https://code4rena.com/reports/2021-09-bvecvx,,,YES,,,,,,Y,Pass/recovery: the candidate lands directly on updateReward's loop over rewardTokens and getReward's reward iteration; this is the published bveCVX L-05 unbounded-rewardTokens iteration/DoS defect.
W3B-1204,f2dee6f4cedfad246ba94cc2ec3dc39dce0c68cdbe42b5c5dda16ed11c0caf31,124,web3bugs_packets/W3B-1204.json,https://code4rena.com/reports/2022-06-notional-coop,NONBUG,no_desynchronizing_partial_transition,YES,,,N,,,Y,C3 fails: addCollateralAssets resolves the existing underlying->cToken registry entry and enables that cToken for one SetToken; the global registry entry is not supposed to change.
W3B-1205,f2f4ec556d5d666afee9779c04c9a0c11274f7f1c3d58b8a8260e96cfbaa58c9,26,web3bugs_packets/W3B-1205.json,https://code4rena.com/reports/2021-08-realitycards,NONBUG,no_desynchronizing_partial_transition,YES,,,N,,,Y,"C3 fails: lockMarket's final rent collection updates per-card rent/time accounting; winnerCut is payout configuration and winningOutcome is set later by resolution, so neither must change with each rent update."
W3B-1206,f30e159a641cb68797e28820a3c924c85dd5203acd3fa8ca7422110597f573b2,29,web3bugs_packets/W3B-1206.json,https://code4rena.com/reports/2021-09-sushitrident,,,YES,,,,,,Y,Pass/new: kLast checkpoints unminted liquidity growth while updateBarFee can change barFee without first checkpointing/minting that growth; the next _mintFee applies the new fee rate to the entire interval since kLast.
W3B-1207,f32aab7fbcaa662cc01a5161d2281ae9a3e96c9c085d95bc4fae9927812790df,45,web3bugs_packets/W3B-1207.json,https://code4rena.com/reports/2021-10-union,,,YES,,,,,,Y,"Pass/new: borrow checks only principal amount against debtCeiling headroom, then persists totalBorrows += amount + origination fee; near the cap this can make totalBorrows exceed debtCeiling and later headroom control consumes the over-cap state."
W3B-1208,f36cff4f8dff039500d28189c8ffa4056bf9f7c032a75363f240211afde7ce10,45,web3bugs_packets/W3B-1208.json,https://code4rena.com/reports/2021-10-union,NONBUG,no_desynchronizing_partial_transition,YES,,,N,,,Y,C3 fails: debtWriteOff decreases totalBorrows and therefore increases debt-ceiling headroom; debtCeiling is a fixed policy cap and need not be mutated. Union M-06 concerns different totalFrozen/reward state.
W3B-1209,f4487620ab15ed310a1111bd68c045e4fc77a953070da1aada9e6a617dd6a30a,26,web3bugs_packets/W3B-1209.json,https://code4rena.com/reports/2021-08-realitycards,NONBUG,no_desynchronizing_partial_transition,YES,,,N,,,Y,C3 fails: sponsorship deliberately adds equal rentCollectedPerCard amounts while cardAffiliateCut remains the configured payout percentage later applied to that rent.
W3B-1210,f44d31340895b8fc0bc4ab13d1dda421af2c89c7419a99a803e9c008b57701fa,107,web3bugs_packets/W3B-1210.json,https://code4rena.com/reports/2022-04-jpegd,NONBUG,analysis_abstraction_error,YES,,,N,,,Y,C3 fails: the packet conflates the whole settings struct with its borrowAmountCap field. Changing the total debt cap does not require changing per-NFT valuation mappings used by credit/liquidation calculations.
W3B-1211,f482021ca042143047fc2712524ae38cd57f4bcaa9d20f49fd4bae689f8319ae,28,web3bugs_packets/W3B-1211.json,https://code4rena.com/reports/2021-09-sushimiso,,,YES,,,,,,Y,"Pass/recovery at aggregate-state granularity: the bucket identifies marketStatus <-> marketPrice and auctionSuccessful(); MISO H-03 is the same relation becoming inconsistent when commitmentsTotal can still change after early finalize, leaving withdrawals/final accounting short."
W3B-1212,f496ddf99d99430eab5650c9aacd9f658e4aa4fd66048799645c6cb395ed0793,107,web3bugs_packets/W3B-1212.json,https://code4rena.com/reports/2022-04-jpegd,NONBUG,no_desynchronizing_partial_transition,YES,,,N,,,Y,C3 fails: setLiquidationLimitRate L251-L257 changes the multiplier used with live NFT valuation; nftValueETH/nftTypeValueETH are independent valuation inputs and are not stale merely because the ratio changes.
W3B-1213,f4f76cd0f6fce147d873ec941e6075eba24bcd1c301fe350b23b4ecd1be5ef2f,35,web3bugs_packets/W3B-1213.json,https://code4rena.com/reports/2021-09-sushitrident-2,NONBUG,no_desynchronizing_partial_transition,YES,,,N,,,Y,C3 fails: _mintFee reads kLast/barFee before minting the protocol fee; _mint L134 legitimately raises totalSupply while barFee remains configuration and kLast remains the reference K for the enclosing liquidity operation.
W3B-1214,f5163abb6eb1bd0667919aa55948c6ddb15ff009d80c4de54c48061d0d8f92a7,105,web3bugs_packets/W3B-1214.json,https://code4rena.com/reports/2022-03-paladin,NONBUG,no_desynchronizing_partial_transition,YES,,,N,,,Y,C3 fails: _unlock L1235-L1266 clears expired lock metadata/currentTotalLocked but intentionally leaves the user's hPAL balance unchanged; unlocking releases restrictions on already-staked tokens.
W3B-1215,f54724242845e058b7b78c99a0bd201b16535e0cce9684773e1f2c494c1d5ac4,22,web3bugs_packets/W3B-1215.json,https://code4rena.com/reports/2021-08-floatcapital,NONBUG,no_desynchronizing_partial_transition,YES,,,N,,,Y,"C3 fails at writer_owner granularity: _stakeExposed/_stake only increases userAmountStaked; the published H-03 desynchronizing producer is the different operation shiftTokens, which accumulates pending shifts without reserving stake."
W3B-1216,f54c33a423f908697c0bad4a75beac49022e45860e5231ff8fa0469ffbd78a2d,52,web3bugs_packets/W3B-1216.json,https://code4rena.com/reports/2021-11-vader,NONBUG,reconciliation_precedes_consumption,YES,,,N,,,Y,"C3 fails: updateReward checkpoints rewardPerTokenStored/lastUpdateTime at L174-L175 and immediately writes userRewardPerTokenPaid at L178 after rewards[account] L177, before withdraw changes balances."
W3B-1217,f5a8cae30f25557b238b209e4aea978480fd421f7922784a4214d778f78fd751,5,web3bugs_packets/W3B-1217.json,https://code4rena.com/reports/2021-04-vader,NONBUG,no_desynchronizing_partial_transition,YES,,,N,,,Y,C3 fails: replaceAnchor L261-L264 replaces an array element without changing arrayAnchors.length; anchorLimit is only the listAnchor length cap.
W3B-1218,f5c9b0e955e9255912327e16a593155cff151ab3e10f4b45153042cc856d2663,26,web3bugs_packets/W3B-1218.json,https://code4rena.com/reports/2021-08-realitycards,NONBUG,reconciliation_precedes_consumption,YES,,,N,,,Y,"C3 fails at writer_owner granularity: findNewOwner removes bids through _removeBidFromOrderbookIgnoreOwner, which compacts user and repairs index together. RealityCards H-01 is the maxDeletions final-iteration control bug, not stale user/index state."
W3B-1219,f5caac3640dd2b8e957101e234c7186477ff93c4e7fda1971aa7a97ad8155aad,34,web3bugs_packets/W3B-1219.json,https://code4rena.com/reports/2021-10-pooltogether,NONBUG,no_desynchronizing_partial_transition,YES,,,N,,,Y,"C3 fails: cancelDraw L210-L214 deletes the request after timeout; rngTimeout is reusable duration configuration, and a cleared requestedAt makes isRngTimedOut return false."
W3B-1220,f61f7a23a1b35fede231b1a8c0b4c5763fd5f31acfb17fc40915f8bc700e5dff,64,web3bugs_packets/W3B-1220.json,https://code4rena.com/reports/2021-12-pooltogether,NONBUG,no_desynchronizing_partial_transition,YES,,,N,,,Y,C3 fails: startDraw L318-L321 creates a request timestamp; rngTimeout is the reusable global duration intentionally combined with each request.
W3B-1221,f6818c64f15bbb05dd98eb0eb6ab2b60086b9cd209b8524fff901b21b58c9f03,12,web3bugs_packets/W3B-1221.json,https://code4rena.com/reports/2021-05-yield,NONBUG,reconciliation_precedes_consumption,YES,,,N,,,Y,"C3 fails at writer_owner granularity: sellBase computes the post-trade balances and _update writes baseCached and fyTokenCached consecutively before transfer; LP totalSupply is unchanged by the trade, so the candidate relation is reconciled."
W3B-1222,f69a5c1c27bc66ec8de3de40e8c7e42538382b35a636003d0e335c8256c1f87a,100,web3bugs_packets/W3B-1222.json,https://code4rena.com/reports/2022-03-prepo,NONBUG,no_desynchronizing_partial_transition,YES,,,N,,,Y,C3 fails: setFinalLongPrice L185-L194 fixes settlement price while redemptionFee remains an independently configured fee applied to collateral owed; no reconciliation is required.
W3B-1223,f6aaf833ba772892e1c786eb926fe4dc6755f8f1b5057e988aa85e85ede0e94f,107,web3bugs_packets/W3B-1223.json,https://code4rena.com/reports/2022-04-jpegd,NONBUG,no_desynchronizing_partial_transition,YES,,,N,,,Y,C3 fails: setBorrowAmountCap L201-L207 changes only the prospective global debt cap; existing positions/valuations/debt remain valid and later borrows enforce totalDebtAmount + amount <= cap.
W3B-1224,f72dddd5efafcb0565ed7180bb963a49561f771164e868a378a7f8a8fff2b0ff,76,web3bugs_packets/W3B-1224.json,https://code4rena.com/reports/2022-01-sherlock,NONBUG,no_desynchronizing_partial_transition,YES,,,N,,,Y,C3 fails: _settleProtocolDebt L345-L350 settles any balance debt before updating lastAccountedEachProtocol; protocolAdd uses this as the new accounting checkpoint with zero/default premium.
W3B-1225,f73399810abefacffc4b8d2f3a7d8f051c15b2729bd8b1cc9eff1dc221550af1,53,web3bugs_packets/W3B-1225.json,https://code4rena.com/reports/2021-11-nested,NONBUG,analysis_abstraction_error,YES,,,N,,,Y,"C3 fails at writer_owner granularity: DummyRouter.reentrancyAttackForDestroy reaches FeeSplitter._sendFees, which only reads shareholders while allocating shares; it does not mutate shareholders/totalWeights/royaltiesWeight. Published FeeSplitter findings require the separate setShareholders configuration transition."
W3B-1226,f76aa1e089658169475d77c6e792735f42d506824f7784585affdbba3dc20b8d,26,web3bugs_packets/W3B-1226.json,https://code4rena.com/reports/2021-08-realitycards,NONBUG,no_desynchronizing_partial_transition,YES,,,N,,,Y,"C3 fails: _updateBidInOrderbook L403-L432 relinks fields of an existing bid without moving its user-array slot, so index remains valid and needs no update."
W3B-1227,f791eadcb675e438c67b64fdbbbe00fd7620ede2b89cc023688ba82d3361494f,107,web3bugs_packets/W3B-1227.json,https://code4rena.com/reports/2022-04-jpegd,NONBUG,reconciliation_precedes_consumption,YES,,,N,,,Y,"C3 fails: accrue L193-L198 computes using the old checkpoint, writes totalDebtAccruedAt at L195, then totalDebtAmount at L197; the timestamp is already reconciled before the aggregate write."
W3B-1228,f899fa7432e70266921898c3c1f61b21d2082d13fa1b48ac797e931e8dd320c2,76,web3bugs_packets/W3B-1228.json,https://code4rena.com/reports/2022-01-sherlock,NONBUG,no_desynchronizing_partial_transition,YES,,,N,,,Y,"C3 fails at writer_owner granularity: setProtocolPremiums checkpoints global debt and _setSingleProtocolPremium first settles each protocol under the old premium, including lastAccountedEachProtocol, before writing the new premium. No stale accounting interval is created."
W3B-1229,f8c3f568600dfc1bff49168c9dc10579c435d6f6cbff31fea672e28ba2cf1684,143,web3bugs_packets/W3B-1229.json,https://code4rena.com/reports/2022-07-juicebox,NONBUG,no_desynchronizing_partial_transition,YES,,,N,,,Y,"C3 fails: recordPaymentFrom L372-L375 increases project balance, while usedDistributionLimitOf is a per-funding-cycle amount already distributed and correctly remains unchanged by a payment."
W3B-1230,f8d1bbe7d166d1ce15c7a8cb3c7d527f1b2b0447b2b8141ab18b11fe2bcdfc48,26,web3bugs_packets/W3B-1230.json,https://code4rena.com/reports/2021-08-realitycards,NONBUG,no_desynchronizing_partial_transition,YES,,,N,,,Y,C3 fails: _removeBidFromOrderbookIgnoreOwner L526-L538 compacts/repairs user/index state; marketCloseLimit is an independent cap on records processed by closeMarket and need not change.
W3B-1231,f90cd1749d9834d20902b86c4e44a7951eed88c5fcc0c3503ae295e57a5b654c,26,web3bugs_packets/W3B-1231.json,https://code4rena.com/reports/2021-08-realitycards,NONBUG,no_desynchronizing_partial_transition,YES,,,N,,,Y,C3 fails: setTimeHeldlimit L899-L902 only edits an existing bid's timeHeldLimit; maxDeletions is an independent loop bound for deletion/foreclosure cleanup paths.
W3B-1232,f91d09e7644019783073311a94089c67df9dcd9625057e4e24872a14934e0246,45,web3bugs_packets/W3B-1232.json,https://code4rena.com/reports/2021-10-union,NONBUG,no_desynchronizing_partial_transition,YES,,,N,,,Y,"C3 fails: unstake L658-L665 only removes stake above getTotalLockedStake, so trust/credit-line members need not change when free staked capital is withdrawn."
W3B-1233,f9741504125b63ad05ecd76b1330e45eb5149332ddc08c1f6d1375b605363a20,45,web3bugs_packets/W3B-1233.json,https://code4rena.com/reports/2021-10-union,NONBUG,no_desynchronizing_partial_transition,YES,,,N,,,Y,C3 fails: repayment intentionally resets principal/lastRepay at L492-L499 while overdueBlocks is a global policy threshold later combined with the new lastRepay.
W3B-1234,f9f04514136a6e0ff5012b66da6a73a57d7667f24398d51b05297200fb0c455b,76,web3bugs_packets/W3B-1234.json,https://code4rena.com/reports/2022-01-sherlock,NONBUG,reconciliation_precedes_consumption,YES,,,N,,,Y,"C3 fails: _settleProtocolDebt updates activeBalances at L345, nonstaker claimable debt at L347, and lastAccountedEachProtocol at L350 before returning."
W3B-1235,f9fc35b68a2b5c2085b2a19d8e4fe93d7610d1882efeba123cb963a38baab1c5,61,web3bugs_packets/W3B-1235.json,https://code4rena.com/reports/2021-12-sublime,NONBUG,no_desynchronizing_partial_transition,YES,,,N,,,Y,C3 fails: terminatePool L580-L585 changes lifecycle status to TERMINATED; poolConstants are persistent configuration and are not required to change with that state transition.
W3B-1236,fa1f76874ad95f6e4c5593175eb6c80452bddf88065f9b150e59cb664d44998a,26,web3bugs_packets/W3B-1236.json,https://code4rena.com/reports/2021-08-realitycards,NONBUG,no_desynchronizing_partial_transition,YES,,,N,,,Y,"C3 fails: _processRentCollection L1065-L1074 updates per-card time-limit/rent accounting, while marketLockingTime is the independent market-wide collection cutoff."
W3B-1237,fa2a7f131a8bdd609295dfa47820b3138ce78cecb0e9b0357fb3c66b50ec0fbd,112,web3bugs_packets/W3B-1237.json,https://code4rena.com/reports/2022-04-backd,NONBUG,reconciliation_precedes_consumption,YES,,,N,,,Y,"C3 fails: _userCheckpoint writes lastUpdated, boostFactors, and balances consecutively at L331-L333 after migration/boost calculations, with no stale-state consumption between them."
W3B-1238,fa4a6ece27b22c6fe4a146b2729a9920879c9c0e388433d3746e7bdc94ced852,22,web3bugs_packets/W3B-1238.json,https://code4rena.com/reports/2021-08-floatcapital,,,YES,,,,,,Y,"Pass at writer_owner granularity: repeated shiftTokens calls check only each requested amount against userAmountStaked, then accumulate persistent pending long/short shifts without reducing or reserving that stake; pending shifts can exceed stake, and later withdrawal/settlement consumes both states. This is the published Float H-03 defect."
W3B-1239,fa554aa33e4b4586b6cb325620b4a5551c3a2349a5ba3986e5b380c8c6c20f2c,6,web3bugs_packets/W3B-1239.json,https://code4rena.com/reports/2021-04-meebits,NONBUG,reconciliation_precedes_consumption,YES,,,N,,,Y,C3 fails: NFT transfer clears the token approval before changing idToOwner; ownerToOperators is owner-wide delegation and intentionally survives ownership changes of individual tokens.
W3B-1240,fa58c1b108f33fbbff4be8fea7ad34d6ccf0fb7edca71e8619d3ee4b724cedc2,26,web3bugs_packets/W3B-1240.json,https://code4rena.com/reports/2021-08-realitycards,NONBUG,analysis_abstraction_error,YES,,,N,,,Y,C3 fails: removeOldBids L716-L719 only reads closedMarkets to select a closed market; it does not write closedMarkets as the structural bucket claims.
W3B-1241,fa83321db0686ce457111a15b6d92d087b3b65c556b01b254942e18adff3edc8,45,web3bugs_packets/W3B-1241.json,https://code4rena.com/reports/2021-10-union,NONBUG,no_desynchronizing_partial_transition,YES,,,N,,,Y,C3 fails: accrueInterest L551-L557 legitimately increases totalBorrows while debtCeiling is a policy cap; getRemainingLoanSize L212-L215 explicitly permits totalBorrows above the cap by returning zero.
W3B-1242,fa9c3a5c8e3b6e830ec1ba5035522750961af947ee75b2f73aa76c148411924b,45,web3bugs_packets/W3B-1242.json,https://code4rena.com/reports/2021-10-union,NONBUG,no_desynchronizing_partial_transition,YES,,,N,,,Y,C3 fails: repayment updates principal and lastRepay at L492-L499; overdueBlocks remains the global duration threshold against which the refreshed repayment checkpoint is later evaluated.
W3B-1243,fbe55974daf1a498ea6a58c736c0b94d40b4ece055099d026e2c82e572112afe,76,web3bugs_packets/W3B-1243.json,https://code4rena.com/reports/2022-01-sherlock,NONBUG,no_desynchronizing_partial_transition,YES,,,N,,,Y,C3 fails: forceRemoveBySecondsOfCoverage subtracts the arb reward at L681 and immediately removes the protocol; minActiveBalance is a threshold for the separate active-balance removal path.
W3B-1244,fbf86b568c0d1b15ea4b54117d4fbf60ac4a2a2b7568aaa9fd758e68e2ba0a6a,22,web3bugs_packets/W3B-1244.json,https://code4rena.com/reports/2021-08-floatcapital,,,YES,,,,,,Y,"Pass: changeEthUnclesPerDay L124 changes an ETH issuance-rate input without checkpointing ethSupply/lastUpdated, so the next _getEthSupply applies the new rate over the entire elapsed interval before _updatePrice persists it."
W3B-1245,fbfaf9860397c15b4322c01ac180358ebe028fc930d31c339d793e088997aee3,26,web3bugs_packets/W3B-1245.json,https://code4rena.com/reports/2021-08-realitycards,,,YES,,,,,,Y,Pass: closeMarket rewires and pops market-head user records without clearing their index; when batched close returns false the market remains OPEN and later bidExists/addBid logic consumes the stale index.
W3B-1246,fc098f0b6e31747effc12c5720715c13c5ac72c5c3d58aa07eef47dc57f06ce0,26,web3bugs_packets/W3B-1246.json,https://code4rena.com/reports/2021-08-realitycards,NONBUG,analysis_abstraction_error,YES,,,N,,,Y,"C3 fails: bidExists L825-L840 is view-only and cannot write RCOrderbook.user, so the bucket's claimed writer transition is a detector-modeling error."
W3B-1247,fc1137356d6bc378d22b558b1e31d960275e984c26a7a1195730d5ad03b9b344,112,web3bugs_packets/W3B-1247.json,https://code4rena.com/reports/2022-04-backd,NONBUG,no_desynchronizing_partial_transition,YES,,,N,,,Y,C3 fails: _userCheckpoint L329-L333 updates a user's boostFactors from the global startBoost configuration; the global configuration is not supposed to change with each user checkpoint.
W3B-1248,fc1fff03118b415c64d2c0c05622ed8869583e08f95b22d950ad6524f7ce17e4,107,web3bugs_packets/W3B-1248.json,https://code4rena.com/reports/2022-04-jpegd,NONBUG,reconciliation_precedes_consumption,YES,,,N,,,Y,C3 fails: liquidate reconciles totalDebtPortion/totalDebtAmount and zeroes the position debt portion before the uninsured position is deleted at L866 and the NFT is transferred.
W3B-1249,fc33eae30433a91db9be45513821be89873a92d18747d84c39ce976ce3b2d2ef,26,web3bugs_packets/W3B-1249.json,https://code4rena.com/reports/2021-08-realitycards,NONBUG,no_desynchronizing_partial_transition,YES,,,N,,,Y,C3 fails: cleanWastePile L776-L792 compacts waste-pile user/index state under cleaningLoops; maxDeletions governs other cleanup paths and need not change with this mutation.
W3B-1250,fc76337d05711b4865ac538a0a9b98101f99a6ee85b74869c99e3c4f0192c835,26,web3bugs_packets/W3B-1250.json,https://code4rena.com/reports/2021-08-realitycards,NONBUG,reconciliation_precedes_consumption,YES,,,N,,,Y,"C3 fails: removeFromLeaderboard pops/overwrites the record at L226-L230, then immediately clears the removed index and repairs the moved record's index at L233-L237."
W3B-1251,fc901d7d3333c36db0387010d162f4238d14d6b873e10a24925f53ec0ffa4141,22,web3bugs_packets/W3B-1251.json,https://code4rena.com/reports/2021-08-floatcapital,NONBUG,no_desynchronizing_partial_transition,YES,,,N,,,Y,"C3 fails for this bucket: _setCurrentAccumulativeIssuance writes the new accumulator snapshot at L582-L585 from current parameters; C4 L-06 concerns the separate admin parameter-change transition, not this snapshot writer."
W3B-1252,fca18c9d86e35f250e8fc3be95f7fdb99f69f627ee04480d4c8a5b064d178d5e,107,web3bugs_packets/W3B-1252.json,https://code4rena.com/reports/2022-04-jpegd,NONBUG,no_desynchronizing_partial_transition,YES,,,N,,,Y,C3 fails: NFTVault.accrue L197 intentionally raises totalDebtAmount while debtPortion/totalDebtPortion remain fixed proportional weights used by _getDebtAmount L527-L530.
W3B-1253,fcb644fc3115adc51d01fa9a203946d5edebc042cb6806bedf16a0cd6a065139,26,web3bugs_packets/W3B-1253.json,https://code4rena.com/reports/2021-08-realitycards,NONBUG,reconciliation_precedes_consumption,YES,,,N,,,Y,C3 fails: removeOldBids pops user[_user] at L745 and immediately zeroes/repairs the corresponding index at L748-L752 before any later orderbook use.
W3B-1254,fcd4eed3248894f1b199aca952f91e8af044becd445f0f35f1e7d9be6e15a464,76,web3bugs_packets/W3B-1254.json,https://code4rena.com/reports/2022-01-sherlock,NONBUG,reconciliation_precedes_consumption,YES,,,N,,,Y,C3 fails: redeemNFT reduces stakeShares through _redeemShares L491 and deletes lockupEnd at L584 in the same call before any later lock-time use; published M-02 instead concerns addressShares.
W3B-1255,fd97c561fd885d6d60d4535ca698219be067784f51472f810c24bddee4b3745b,26,web3bugs_packets/W3B-1255.json,https://code4rena.com/reports/2021-08-realitycards,,,YES,,,,,,Y,"Pass: closeMarket can pop market-head user records without clearing their index and return false; autoLock then lets the same still-OPEN newRental continue to addBidToOrderbook, which reads that stale index."
W3B-1256,fdbeedca8aab6c8bde775fae80c5ff7c39f052f6f9e187ea123089d6786bb7b8,26,web3bugs_packets/W3B-1256.json,https://code4rena.com/reports/2021-08-realitycards,NONBUG,analysis_abstraction_error,YES,,,N,,,Y,"C3 fails: the reported close-surface writer at L616 only reads user[_user].length; the actual bid deletions occur in _removeBidFromOrderbookIgnoreOwner, which repairs index immediately."
W3B-1257,fdde071dba066f99ec3e00b8133b707e5097d758424b6aa1e2d750373baa2e8d,105,web3bugs_packets/W3B-1257.json,https://code4rena.com/reports/2022-03-paladin,NONBUG,analysis_abstraction_error,YES,,,N,,,Y,"C3 fails: the claimed writer _getUserAccruedRewards around L809 is internal view and only reads userLocks/balance, so no persistent desynchronizing write occurs."
W3B-1258,fde2da99d6b32335b78d5d0e3e1086daf8d6dee671a0d9340914b33741448fc1,107,web3bugs_packets/W3B-1258.json,https://code4rena.com/reports/2022-04-jpegd,NONBUG,no_desynchronizing_partial_transition,YES,,,N,,,Y,C3 fails: accrue L197 increases global debt while debt portions remain proportional weights by design; borrow later updates position and total portions together for new principal.
W3B-1259,fde35a822e21ae01f09818ebb96ed34b2b206aea916bd0c1680f43919b3e1dfe,49,web3bugs_packets/W3B-1259.json,https://code4rena.com/reports/2021-11-overlay,NONBUG,no_desynchronizing_partial_transition,YES,,,N,,,Y,C3 fails: ComptrollerShim.setRoller L123-L125 is a test helper that deliberately overwrites one impactRollers slot; this permitted fixture mutation does not establish a protocol desynchronization.
W3B-1260,fdeb9d80b96a144f5c52c0b3cb0a5d971fbeecc2ba2a24136f1e6c8e21405fb9,66,web3bugs_packets/W3B-1260.json,https://code4rena.com/reports/2021-12-yetifinance,NONBUG,no_desynchronizing_partial_transition,YES,,,N,,,Y,"C3 fails: hasPendingRewards intentionally compares per-trove rewardSnapshots with the global L_Coll accumulator, so advancing L_Coll without rewriting every snapshot is the lazy pending-reward design."
W3B-1261,fe34f174a585f9eff24158a5426c22278aa60d5b00d20bde491980a8ab3ee230,105,web3bugs_packets/W3B-1261.json,https://code4rena.com/reports/2022-03-paladin,NONBUG,analysis_abstraction_error,YES,,,N,,,Y,C3 fails: the claimed writer _getUserAccruedRewards around L813 is internal view and does not write userLocks; the reported aggregate write is a detector-modeling error.
W3B-1262,fe361cb5edb2e9580e036c493f7e50111b6b52a9d994f7e76d1b7d32675eec07,64,web3bugs_packets/W3B-1262.json,https://code4rena.com/reports/2021-12-pooltogether,NONBUG,no_desynchronizing_partial_transition,YES,,,N,,,Y,"C3 fails: cancelDraw L213 clears rngRequest while rngTimeout is reusable timeout configuration, and isRngTimedOut L163-L166 returns false once requestedAt is zero."
W3B-1263,fe3d9118427ea0d003566af8df2cac60c6e6dd96360fe029931ab566a43c9504,105,web3bugs_packets/W3B-1263.json,https://code4rena.com/reports/2022-03-paladin,NONBUG,no_desynchronizing_partial_transition,YES,,,N,,,Y,"C3 fails: _lock updates lock metadata for a subset of an existing hPAL balance; balanceOf need not change when lock amount/duration changes, and stakeAndIncreaseLock stakes first."
W3B-1264,fe7c69e09d5fab5d4310e2dcb7b5b3905b4c44dcd6b95fae856e169c40730c7b,35,web3bugs_packets/W3B-1264.json,https://code4rena.com/reports/2021-09-sushitrident-2,NONBUG,reconciliation_precedes_consumption,YES,,,N,,,Y,C3 fails: HybridPool.burnSingle recomputes dLast immediately after _burn and before the internal swap or any later _mintFee consumption; barFee is configuration.
W3B-1265,fef2fa9450facb461837b29ac8332ff4748eb77d567056f9867b7ab3d7f834b4,105,web3bugs_packets/W3B-1265.json,https://code4rena.com/reports/2022-03-paladin,,,YES,,,,,,Y,"Pass: after a monthly rate transition, _updateDropPerSecond changes currentDropPerSecond before _getNewIndex reads old lastRewardUpdate/rewardIndex, so the new rate is retroactively applied to the prior interval before checkpointing."
W3B-1266,ff18fcf51779fffd53d5bbffb6a0593c566cba6e69cd13c725ac54b3a5d89e74,107,web3bugs_packets/W3B-1266.json,https://code4rena.com/reports/2022-04-jpegd,NONBUG,no_desynchronizing_partial_transition,YES,,,N,,,Y,"C3 fails: deposit/withdraw call _update before changing totalStaked, intentionally settling pre-change rewards against the pre-change stake before the next accounting interval begins."
W3B-1267,ff2a8db1b8b54a59cda403cb09048983d41ddff5fd7313a2e12dad3c8e9ae412,22,web3bugs_packets/W3B-1267.json,https://code4rena.com/reports/2021-08-floatcapital,NONBUG,no_desynchronizing_partial_transition,YES,,,N,,,Y,"C3 fails at writer_owner granularity: a next-price shift intentionally records userNextPrice_currentUpdateIndex = marketUpdateIndex + 1, a valid pending state. Published M-06 is a later liveness failure when unchanged oracle prices never advance marketUpdateIndex, not a desynchronizing partial transition."
W3B-1268,ff3a093eb6f22a87fd85e6cdfc8324e48b4117a1b93816cd4f43872adedff0a6,45,web3bugs_packets/W3B-1268.json,https://code4rena.com/reports/2021-10-union,NONBUG,no_desynchronizing_partial_transition,YES,,,N,,,Y,"C3 fails: stake L616 increases available staked capital, while members stores separate trust/credit-line positions that are not required to change merely because additional stake is deposited."
W3B-1269,ffc8d7acf2257b9bfc5fe97652e7178944040b5f037569341dec29280a326571,52,web3bugs_packets/W3B-1269.json,https://code4rena.com/reports/2021-11-vader,NONBUG,analysis_abstraction_error,YES,,,N,,,Y,"C3 fails: updateReward writes rewardPerTokenStored from the old rate immediately before lastUpdateTime, and notifyRewardAmount installs the new rewardRate/periodFinish only after that checkpoint."
W3B-1270,fffb6424b24ec36298b4e368061621b3291ef20c6e41f4ec15107f448dd2a3ee,26,web3bugs_packets/W3B-1270.json,https://code4rena.com/reports/2021-08-realitycards,NONBUG,analysis_abstraction_error,YES,,,N,,,Y,"C3 fails: _collectRentAction L1049 changes card[_card].timeLastCollected, whereas affiliate-cut consumers use card[_card].rentCollectedPerCard; whole-card aggregation creates a false partial update."
