attempt_id,source_id,repository,requested_revision,checkout_revision,project_root,started_at,duration_seconds,dependency_command,dependency_exit_code,build_command,build_exit_code,terminal_status,node_profile,node_version,source_files_checked,source_mutations,artifact_files,artifact_sha256,manifest_path
isu-17ed21b4712c0b20cc36-20260814T190329Z-c53dd0229d2349d79635c09084c29a98,17ed21b4712c0b20cc36,https://github.com/code-423n4/2023-01-astaria.git,1bfc58b42109b839528ab1c21dc9803d663df898,1bfc58b42109b839528ab1c21dc9803d663df898,.,2026-08-14T19:03:29.695126+00:00,1.205571,"[""/workspace/artifact/environment/toolchains/node/16.20.2/bin/node"", ""/workspace/artifact/environment/toolchains/yarn/1.22.22/bin/yarn.js"", ""install"", ""--non-interactive"", ""--ignore-scripts"", ""--frozen-lockfile""]",1,forge build,,DEPENDENCY_FAILURE,node16-yarn1,16.20.2,91,0,0,,benchmarks/isu/best_effort_build_runs/17ed21b4712c0b20cc36/isu-17ed21b4712c0b20cc36-20260814T190329Z-c53dd0229d2349d79635c09084c29a98/attempt_manifest.json
isu-2112b446760a0ffed350-20260814T190331Z-efbb26f9474547f18b2887c924afee8c,2112b446760a0ffed350,https://github.com/code-423n4/2024-08-superposition.git,d913ae0225584b4b42e38518788a7e38cd2f4d53,d913ae0225584b4b42e38518788a7e38cd2f4d53,.,2026-08-14T19:03:31.141536+00:00,0.900957,,,make build,2,BUILD_FAILURE,node16-npm8,16.20.2,618,0,0,,benchmarks/isu/best_effort_build_runs/2112b446760a0ffed350/isu-2112b446760a0ffed350-20260814T190331Z-efbb26f9474547f18b2887c924afee8c/attempt_manifest.json
isu-190ff08406165ccf2990-20260814T190329Z-7de4c93666c5410c878ba8aa360686bd,190ff08406165ccf2990,https://github.com/rabbitholegg/quest-protocol.git,8c4c1f71221570b14a0479c216583342bd652d8d,8c4c1f71221570b14a0479c216583342bd652d8d,.,2026-08-14T19:03:29.695187+00:00,10.776183,"[""/workspace/artifact/environment/toolchains/node/12.22.12/bin/node"", ""/workspace/artifact/environment/toolchains/yarn/1.22.22/bin/yarn.js"", ""install"", ""--non-interactive"", ""--ignore-scripts"", ""--frozen-lockfile""]",1,yarn compile,,DEPENDENCY_FAILURE,node12-yarn1,12.22.12,60,0,0,,benchmarks/isu/best_effort_build_runs/190ff08406165ccf2990/isu-190ff08406165ccf2990-20260814T190329Z-7de4c93666c5410c878ba8aa360686bd/attempt_manifest.json
isu-05442cbaf1d69b91d5a4-20260814T190329Z-aebf42e069d14caa88e5da5c822d0390,05442cbaf1d69b91d5a4,https://github.com/code-423n4/2024-08-phi.git,8c0985f7a10b231f916a51af5d506dd6b0c54120,8c0985f7a10b231f916a51af5d506dd6b0c54120,.,2026-08-14T19:03:29.696967+00:00,28.627157,"[""/workspace/artifact/environment/toolchains/node/16.20.2/bin/npm"", ""install"", ""--no-audit"", ""--no-fund"", ""--ignore-scripts"", ""--legacy-peer-deps""]",0,npm run build,0,SUCCESS,node16-npm8,16.20.2,1600,0,132,19f755ba6da127394e988887b444d9acaa933978b610e4ad639edc6923860bfe,benchmarks/isu/best_effort_build_runs/05442cbaf1d69b91d5a4/isu-05442cbaf1d69b91d5a4-20260814T190329Z-aebf42e069d14caa88e5da5c822d0390/attempt_manifest.json
isu-27d99ecc930a40c3f443-20260814T190343Z-e88ea223293241ce91eee98567ae7cc5,27d99ecc930a40c3f443,https://github.com/code-423n4/2021-12-vader.git,842662a9837929f160c7a1f5a2e4a7c03e715e1b,842662a9837929f160c7a1f5a2e4a7c03e715e1b,.,2026-08-14T19:03:43.893469+00:00,15.524234,"[""/workspace/artifact/environment/toolchains/node/16.20.2/bin/npm"", ""ci"", ""--no-audit"", ""--no-fund"", ""--ignore-scripts"", ""--legacy-peer-deps""]",0,npm run compile,127,BUILD_FAILURE,node16-npm8,16.20.2,159,0,0,,benchmarks/isu/best_effort_build_runs/27d99ecc930a40c3f443/isu-27d99ecc930a40c3f443-20260814T190343Z-e88ea223293241ce91eee98567ae7cc5/attempt_manifest.json
isu-259153db5bcad1231d62-20260814T190332Z-144328485f074f379c9400e3dade6198,259153db5bcad1231d62,https://github.com/code-423n4/2024-07-optimism.git,70556044e5e080930f686c4e5acde420104bb2c4,70556044e5e080930f686c4e5acde420104bb2c4,.,2026-08-14T19:03:32.130214+00:00,27.908304,"[""/workspace/artifact/environment/toolchains/node/16.20.2/bin/npm"", ""install"", ""--no-audit"", ""--no-fund"", ""--ignore-scripts"", ""--legacy-peer-deps""]",0,npm run build,1,BUILD_FAILURE,node16-npm8,16.20.2,5643,0,27,d81dac49c75ec1252cc834512f9e8bd15302258c9cf46016dc6d76a0e32bf856,benchmarks/isu/best_effort_build_runs/259153db5bcad1231d62/isu-259153db5bcad1231d62-20260814T190332Z-144328485f074f379c9400e3dade6198/attempt_manifest.json
isu-1218dd25f99c8259083b-20260814T190329Z-236a295ffd934cbabc431f02bf9a2024,1218dd25f99c8259083b,https://github.com/code-423n4/2023-04-party.git,440aafacb0f15d037594cebc85fd471729bcb6d9,440aafacb0f15d037594cebc85fd471729bcb6d9,.,2026-08-14T19:03:29.694816+00:00,31.783871,"[""/workspace/artifact/environment/toolchains/node/16.20.2/bin/npm"", ""install"", ""--no-audit"", ""--no-fund"", ""--ignore-scripts"", ""--legacy-peer-deps""]",0,npm run build,0,SUCCESS,node16-npm8,16.20.2,868,0,221,93dcb7cbb6e0ee0f452643db10db13d0b55f273f1ed6c2fac6c70b0920838689,benchmarks/isu/best_effort_build_runs/1218dd25f99c8259083b/isu-1218dd25f99c8259083b-20260814T190329Z-236a295ffd934cbabc431f02bf9a2024/attempt_manifest.json
isu-289230e8a49b17b81b97-20260814T190400Z-720499558a7946bdbf0814d6d4ad3352,289230e8a49b17b81b97,https://github.com/re-nft/smart-contracts.git,3ddd32455a849c3c6dc3c3aad7a33a6c9b44c291,3ddd32455a849c3c6dc3c3aad7a33a6c9b44c291,.,2026-08-14T19:04:00.793936+00:00,13.211501,,,forge build,0,SUCCESS,node16-npm8,16.20.2,1625,0,280,958fe304ba743a769cac9d3864ae6eaa0a4e323f623faf43ddfe2acdf765e240,benchmarks/isu/best_effort_build_runs/289230e8a49b17b81b97/isu-289230e8a49b17b81b97-20260814T190400Z-720499558a7946bdbf0814d6d4ad3352/attempt_manifest.json
isu-28f44f959080974f24f7-20260814T190403Z-5713cf279ed24f5faba6340b2dc55d8c,28f44f959080974f24f7,https://github.com/k06a/Unipool.git,bb1843b454bbb10b3b1ccf48edf5e72a80b2acfe,bb1843b454bbb10b3b1ccf48edf5e72a80b2acfe,.,2026-08-14T19:04:03.130756+00:00,17.93362,"[""/workspace/artifact/environment/toolchains/node/16.20.2/bin/node"", ""/workspace/artifact/environment/toolchains/yarn/1.22.22/bin/yarn.js"", ""install"", ""--non-interactive"", ""--ignore-scripts"", ""--frozen-lockfile""]",0,npx truffle compile,1,BUILD_FAILURE,node16-yarn1,16.20.2,35,0,0,,benchmarks/isu/best_effort_build_runs/28f44f959080974f24f7/isu-28f44f959080974f24f7-20260814T190403Z-5713cf279ed24f5faba6340b2dc55d8c/attempt_manifest.json
isu-29a26915e78db1075e4d-20260814T190403Z-232ab80ebd3a4a678335f46f7c3f9f96,29a26915e78db1075e4d,https://github.com/code-423n4/2023-07-basin.git,9403cf973e95ef7219622dbbe2a08396af90b64c,9403cf973e95ef7219622dbbe2a08396af90b64c,.,2026-08-14T19:04:03.749354+00:00,24.236875,"[""/workspace/artifact/environment/toolchains/node/16.20.2/bin/node"", ""/workspace/artifact/environment/toolchains/yarn/1.22.22/bin/yarn.js"", ""install"", ""--non-interactive"", ""--ignore-scripts"", ""--frozen-lockfile""]",0,forge build,0,SUCCESS,node16-yarn1,16.20.2,1714,0,163,2d82403b3a9f61dcb6809d0431c513947a5df4951ad381a1f3de40880ee142f8,benchmarks/isu/best_effort_build_runs/29a26915e78db1075e4d/isu-29a26915e78db1075e4d-20260814T190403Z-232ab80ebd3a4a678335f46f7c3f9f96/attempt_manifest.json
isu-2b7cbf663fc060f42a75-20260814T190408Z-b65d816b37244dc4936948b024e5c7be,2b7cbf663fc060f42a75,https://github.com/code-423n4/2022-04-backd.git,c856714a50437cb33240a5964b63687c9876275b,c856714a50437cb33240a5964b63687c9876275b,backd,2026-08-14T19:04:08.004687+00:00,39.034398,"[""/workspace/artifact/environment/toolchains/node/16.20.2/bin/node"", ""/workspace/artifact/environment/toolchains/yarn/1.22.22/bin/yarn.js"", ""install"", ""--non-interactive"", ""--ignore-scripts"", ""--frozen-lockfile""]",0,npx hardhat compile,0,SUCCESS,node16-yarn1,16.20.2,374,0,422,03370fd2509210ab5de957661494b135c7874a2a81caec83507b1e05fd9bf65b,benchmarks/isu/best_effort_build_runs/2b7cbf663fc060f42a75/isu-2b7cbf663fc060f42a75-20260814T190408Z-b65d816b37244dc4936948b024e5c7be/attempt_manifest.json
isu-33438b4b2584abe90998-20260814T190414Z-6d7482bc662c47ac97d5f82cc1e3d1b2,33438b4b2584abe90998,https://github.com/code-423n4/2023-12-ethereumcreditguild.git,2376d9af792584e3d15ec9c32578daa33bb56b43,2376d9af792584e3d15ec9c32578daa33bb56b43,.,2026-08-14T19:04:14.175213+00:00,44.105601,"[""/workspace/artifact/environment/toolchains/node/16.20.2/bin/npm"", ""install"", ""--no-audit"", ""--no-fund"", ""--ignore-scripts"", ""--legacy-peer-deps""]",0,npm run compile,0,SUCCESS,node16-npm8,16.20.2,134,0,156,c1d143015f8953766afd2b55eb44bc1074f97f7a8112b853db605f923291e4af,benchmarks/isu/best_effort_build_runs/33438b4b2584abe90998/isu-33438b4b2584abe90998-20260814T190414Z-6d7482bc662c47ac97d5f82cc1e3d1b2/attempt_manifest.json
isu-39f49ac45cca3e9c8e51-20260814T190428Z-26d7722b5f984354a7bdb828a59fed78,39f49ac45cca3e9c8e51,https://github.com/code-423n4/2023-01-ondo.git,b4e1afc2816e35df66e1f53aef57637350b7ff5e,b4e1afc2816e35df66e1f53aef57637350b7ff5e,.,2026-08-14T19:04:28.160764+00:00,44.676039,"[""/workspace/artifact/environment/toolchains/node/16.20.2/bin/node"", ""/workspace/artifact/environment/toolchains/yarn/1.22.22/bin/yarn.js"", ""install"", ""--non-interactive"", ""--ignore-scripts"", ""--frozen-lockfile""]",0,yarn compile,1,BUILD_FAILURE,node16-yarn1,16.20.2,395,0,0,,benchmarks/isu/best_effort_build_runs/39f49ac45cca3e9c8e51/isu-39f49ac45cca3e9c8e51-20260814T190428Z-26d7722b5f984354a7bdb828a59fed78/attempt_manifest.json
isu-3b40d4c2e2c5c78d66a1-20260814T190459Z-f234d307ca5d40dea84a0cddeafc4ff6,3b40d4c2e2c5c78d66a1,https://github.com/golom-protocol/contracts.git,4e84d5c2115d163ca54a1729da46164e8cf4df6d,4e84d5c2115d163ca54a1729da46164e8cf4df6d,.,2026-08-14T19:04:59.665390+00:00,26.214226,"[""/workspace/artifact/environment/toolchains/node/16.20.2/bin/node"", ""/workspace/artifact/environment/toolchains/yarn/1.22.22/bin/yarn.js"", ""install"", ""--non-interactive"", ""--ignore-scripts"", ""--frozen-lockfile""]",0,forge build,0,SUCCESS_NO_ARTIFACTS,node16-yarn1,16.20.2,49,0,0,,benchmarks/isu/best_effort_build_runs/3b40d4c2e2c5c78d66a1/isu-3b40d4c2e2c5c78d66a1-20260814T190459Z-f234d307ca5d40dea84a0cddeafc4ff6/attempt_manifest.json
isu-4397bb458a04d98ebd0d-20260814T190534Z-59e59331d29340bfa98c32eedebd288a,4397bb458a04d98ebd0d,https://github.com/code-423n4/2023-12-initcapital.git,a53e401529451b208095b3af11862984d0b32177,a53e401529451b208095b3af11862984d0b32177,.,2026-08-14T19:05:34.190064+00:00,0.673508,,,forge build,1,BUILD_FAILURE,node16-npm8,16.20.2,84,0,0,,benchmarks/isu/best_effort_build_runs/4397bb458a04d98ebd0d/isu-4397bb458a04d98ebd0d-20260814T190534Z-59e59331d29340bfa98c32eedebd288a/attempt_manifest.json
isu-3e4e01feaa76a5bfa74c-20260814T190531Z-4da9a555b50e401e8597f5b13637c776,3e4e01feaa76a5bfa74c,https://github.com/code-423n4/2023-01-timeswap.git,ef4c84fb8535aad8abd6b67cc45d994337ec4514,ef4c84fb8535aad8abd6b67cc45d994337ec4514,.,2026-08-14T19:05:31.329979+00:00,13.647808,"[""/workspace/artifact/environment/toolchains/node/16.20.2/bin/node"", ""/workspace/artifact/environment/toolchains/yarn/1.22.22/bin/yarn.js"", ""install"", ""--non-interactive"", ""--ignore-scripts"", ""--frozen-lockfile""]",1,yarn build,,DEPENDENCY_FAILURE,node16-yarn1,16.20.2,964,0,638,5add4bb9973a84df98dfcf0078337d038dedab077fff9eb07c6ce67c702d8492,benchmarks/isu/best_effort_build_runs/3e4e01feaa76a5bfa74c/isu-3e4e01feaa76a5bfa74c-20260814T190531Z-4da9a555b50e401e8597f5b13637c776/attempt_manifest.json
isu-46a990361d607172dbdd-20260814T190545Z-cef8f835f1da4bc697ee86911d28f738,46a990361d607172dbdd,https://github.com/code-423n4/2024-03-gitcoin.git,6529b351cd72a858541f60c52f0e5ad0fb6f1b16,6529b351cd72a858541f60c52f0e5ad0fb6f1b16,id-staking-v2,2026-08-14T19:05:45.075762+00:00,28.147891,"[""/workspace/artifact/environment/toolchains/node/16.20.2/bin/node"", ""/workspace/artifact/environment/toolchains/yarn/1.22.22/bin/yarn.js"", ""install"", ""--non-interactive"", ""--ignore-scripts"", ""--frozen-lockfile""]",0,npx hardhat compile,0,SUCCESS,node16-yarn1,16.20.2,21,0,39,9e7e8b522ff5024ac3110242626c4ee6c97917c75cd9c5a77c55eafcccc3f75f,benchmarks/isu/best_effort_build_runs/46a990361d607172dbdd/isu-46a990361d607172dbdd-20260814T190545Z-cef8f835f1da4bc697ee86911d28f738/attempt_manifest.json
isu-45244eb6ad77ecbb8d10-20260814T190535Z-4c7cda62a864410bb6ee1aaa98de94fa,45244eb6ad77ecbb8d10,https://github.com/code-423n4/2023-05-maia.git,53b6231f0da68f91cf673ecb34867782e2f633e7,53b6231f0da68f91cf673ecb34867782e2f633e7,.,2026-08-14T19:05:35.080333+00:00,43.151886,"[""/workspace/artifact/environment/toolchains/node/16.20.2/bin/npm"", ""install"", ""--no-audit"", ""--no-fund"", ""--ignore-scripts"", ""--legacy-peer-deps""]",0,forge build,1,BUILD_FAILURE,node16-npm8,16.20.2,1662,0,1,dcd825c9aa7eb2c605f855a448efd3892911a81546e75981f3184b694390b507,benchmarks/isu/best_effort_build_runs/45244eb6ad77ecbb8d10/isu-45244eb6ad77ecbb8d10-20260814T190535Z-4c7cda62a864410bb6ee1aaa98de94fa/attempt_manifest.json
isu-473151643bd9895c6905-20260814T190626Z-c707c79caaac4d9aa935de96264d159d,473151643bd9895c6905,https://github.com/Legion-Team/evm-contracts.git,c020bd1b84faab99d1b8738b48d1e253e4557671,c020bd1b84faab99d1b8738b48d1e253e4557671,.,2026-08-14T19:06:26.378262+00:00,3.810125,,,forge build,0,SUCCESS,node16-npm8,16.20.2,2257,0,100,a9b8d77341e1ee250af87db41bb061291f7431d60c295fe6ed563cfdf7187cf1,benchmarks/isu/best_effort_build_runs/473151643bd9895c6905/isu-473151643bd9895c6905-20260814T190626Z-c707c79caaac4d9aa935de96264d159d/attempt_manifest.json
isu-3b078676f7225dc450dc-20260814T190453Z-383511d4460f47b4b60357ddd1a6cfbd,3b078676f7225dc450dc,https://github.com/code-423n4/2023-03-mute.git,4d8b13add2907b17ac14627cfa04e0c3cc9a2bed,4d8b13add2907b17ac14627cfa04e0c3cc9a2bed,.,2026-08-14T19:04:53.038025+00:00,118.045995,"[""/workspace/artifact/environment/toolchains/node/16.20.2/bin/npm"", ""install"", ""--no-audit"", ""--no-fund"", ""--ignore-scripts"", ""--legacy-peer-deps""]",0,npx hardhat compile,0,SUCCESS,node16-npm8,16.20.2,50,0,93,8e80c80acbb019337a5f17b2610d865a7bde8d81591705337ffa6e34e11e9797,benchmarks/isu/best_effort_build_runs/3b078676f7225dc450dc/isu-3b078676f7225dc450dc-20260814T190453Z-383511d4460f47b4b60357ddd1a6cfbd/attempt_manifest.json
isu-46b79dfa038bcaea5803-20260814T190620Z-d850d8ca85404f7baf1118918d0d5ad7,46b79dfa038bcaea5803,https://github.com/code-423n4/2021-05-visorfinance.git,e0f15162a017130aa66910d46c70ee074b64dd40,e0f15162a017130aa66910d46c70ee074b64dd40,contracts,2026-08-14T19:06:20.408846+00:00,36.762227,"[""/workspace/artifact/environment/toolchains/node/16.20.2/bin/npm"", ""install"", ""--no-audit"", ""--no-fund"", ""--ignore-scripts"", ""--legacy-peer-deps""]",0,npm run compile,0,SUCCESS,node16-npm8,16.20.2,38,0,110,2ceeb5eaca29d4d90a38250d82a2edef7bc8f4d153e4c6d17a752a43363c01b2,benchmarks/isu/best_effort_build_runs/46b79dfa038bcaea5803/isu-46b79dfa038bcaea5803-20260814T190620Z-d850d8ca85404f7baf1118918d0d5ad7/attempt_manifest.json
isu-55e1bbda13af0e5d9ef5-20260814T190704Z-08144f7ec1184b1ca6bd6bb13c546169,55e1bbda13af0e5d9ef5,https://github.com/code-423n4/2024-07-benddao.git,117ef61967d4b318fc65170061c9577e674fffa1,117ef61967d4b318fc65170061c9577e674fffa1,.,2026-08-14T19:07:04.752241+00:00,7.634322,"[""/workspace/artifact/environment/toolchains/node/16.20.2/bin/node"", ""/workspace/artifact/environment/toolchains/yarn/1.22.22/bin/yarn.js"", ""install"", ""--non-interactive"", ""--ignore-scripts"", ""--frozen-lockfile""]",1,yarn compile,,DEPENDENCY_FAILURE,node16-yarn1,16.20.2,250,0,0,,benchmarks/isu/best_effort_build_runs/55e1bbda13af0e5d9ef5/isu-55e1bbda13af0e5d9ef5-20260814T190704Z-08144f7ec1184b1ca6bd6bb13c546169/attempt_manifest.json
isu-57417c735ac666efab33-20260814T190714Z-e80f8ee7c12b4454813d8fc3946d3b3b,57417c735ac666efab33,https://github.com/code-423n4/2024-07-munchables.git,94cf468aaabf526b7a8319f7eba34014ccebe7b9,94cf468aaabf526b7a8319f7eba34014ccebe7b9,.,2026-08-14T19:07:14.238969+00:00,19.275959,"[""/workspace/artifact/environment/toolchains/node/16.20.2/bin/npm"", ""install"", ""--no-audit"", ""--no-fund"", ""--ignore-scripts"", ""--legacy-peer-deps""]",0,npm run build,127,BUILD_FAILURE,node16-npm8,16.20.2,1994,0,6,85d74f20c577f4b0ab19144c1388ee1868126580f6302ca4f445360acc8c3f73,benchmarks/isu/best_effort_build_runs/57417c735ac666efab33/isu-57417c735ac666efab33-20260814T190714Z-e80f8ee7c12b4454813d8fc3946d3b3b/attempt_manifest.json
isu-58b3a29bba78928be534-20260814T190736Z-bb5d58e62ae14cc181b44508829fb085,58b3a29bba78928be534,https://github.com/with-backed/papr.git,9528f2711ff0c1522076b9f93fba13f88d5bd5e6,9528f2711ff0c1522076b9f93fba13f88d5bd5e6,.,2026-08-14T19:07:36.072183+00:00,0.591585,,,forge build,1,BUILD_FAILURE,node16-npm8,16.20.2,66,0,0,,benchmarks/isu/best_effort_build_runs/58b3a29bba78928be534/isu-58b3a29bba78928be534-20260814T190736Z-bb5d58e62ae14cc181b44508829fb085/attempt_manifest.json
isu-597ae00db4b637e8d8ab-20260814T190736Z-7a97445afcdb4d0eb9bdc1b74baf00cd,597ae00db4b637e8d8ab,https://github.com/code-423n4/2023-09-venus.git,b11d9ef9db8237678567e66759003138f2368d23,b11d9ef9db8237678567e66759003138f2368d23,.,2026-08-14T19:07:36.882870+00:00,1.003504,"[""/workspace/artifact/environment/toolchains/node/16.20.2/bin/node"", ""/workspace/artifact/environment/toolchains/yarn/1.22.22/bin/yarn.js"", ""install"", ""--non-interactive"", ""--ignore-scripts"", ""--frozen-lockfile""]",1,yarn compile,,DEPENDENCY_FAILURE,node16-yarn1,16.20.2,417,0,0,,benchmarks/isu/best_effort_build_runs/597ae00db4b637e8d8ab/isu-597ae00db4b637e8d8ab-20260814T190736Z-7a97445afcdb4d0eb9bdc1b74baf00cd/attempt_manifest.json
isu-4ca8847e64fbb6fb2f6b-20260814T190630Z-f87b51f4c3e2412b9ce8640d3522e418,4ca8847e64fbb6fb2f6b,https://github.com/code-423n4/2024-01-salty.git,53516c2cdfdfacb662cdea6417c52f23c94d5b5b,53516c2cdfdfacb662cdea6417c52f23c94d5b5b,.,2026-08-14T19:06:30.302611+00:00,72.562397,,,forge build,0,SUCCESS,node16-npm8,16.20.2,5181,0,185,515b7a25ecdfed4a0d28990f819b7a8194a273ce2d89ebcf869f16ad970dc582,benchmarks/isu/best_effort_build_runs/4ca8847e64fbb6fb2f6b/isu-4ca8847e64fbb6fb2f6b-20260814T190630Z-f87b51f4c3e2412b9ce8640d3522e418/attempt_manifest.json
isu-52a7f0b0d3f1a008a383-20260814T190700Z-80caa4bc40fb4f3dbab5ddd325c93fa3,52a7f0b0d3f1a008a383,https://github.com/code-423n4/2023-08-verwa.git,59add54eab86f23b321e1d31eb2c7fb907eeb052,59add54eab86f23b321e1d31eb2c7fb907eeb052,.,2026-08-14T19:07:00.849106+00:00,42.055393,"[""/workspace/artifact/environment/toolchains/node/16.20.2/bin/npm"", ""ci"", ""--no-audit"", ""--no-fund"", ""--ignore-scripts"", ""--legacy-peer-deps""]",0,forge build,0,SUCCESS,node16-npm8,16.20.2,934,0,36,54c9b8b304f6779ed05d3f7e4e70b9500fa909c205a94462e0d4907a24609e34,benchmarks/isu/best_effort_build_runs/52a7f0b0d3f1a008a383/isu-52a7f0b0d3f1a008a383-20260814T190700Z-80caa4bc40fb4f3dbab5ddd325c93fa3/attempt_manifest.json
isu-66ca3e8adf0343f843ff-20260814T190743Z-ef59dc1136824fcd8da6a6dd7a81f7e7,66ca3e8adf0343f843ff,https://github.com/pooltogether/swappable-yield-source.git,bf943b3818b81d5f5cb9d8ecc6f13ffecd33a1ff,bf943b3818b81d5f5cb9d8ecc6f13ffecd33a1ff,.,2026-08-14T19:07:43.982564+00:00,0.906078,"[""/workspace/artifact/environment/toolchains/node/16.20.2/bin/node"", ""/workspace/artifact/environment/toolchains/yarn/1.22.22/bin/yarn.js"", ""install"", ""--non-interactive"", ""--ignore-scripts"", ""--frozen-lockfile""]",1,yarn compile,,DEPENDENCY_FAILURE,node16-yarn1,16.20.2,33,0,0,,benchmarks/isu/best_effort_build_runs/66ca3e8adf0343f843ff/isu-66ca3e8adf0343f843ff-20260814T190743Z-ef59dc1136824fcd8da6a6dd7a81f7e7/attempt_manifest.json
isu-5fcf634788264400193d-20260814T190742Z-51a472c800f748dca6ddc6c5ca75121c,5fcf634788264400193d,https://github.com/code-423n4/2023-05-ajna.git,276942bc2f97488d07b887c8edceaaab7a5c3964,276942bc2f97488d07b887c8edceaaab7a5c3964,ajna-grants,2026-08-14T19:07:42.993111+00:00,3.160397,,,forge build,0,SUCCESS,node16-npm8,16.20.2,1681,0,112,ae62d6bb6f9cf97b8349e8a16dd0aa0a4d082d208b7f9fc244c8b3f316d452bb,benchmarks/isu/best_effort_build_runs/5fcf634788264400193d/isu-5fcf634788264400193d-20260814T190742Z-51a472c800f748dca6ddc6c5ca75121c/attempt_manifest.json
isu-6b2be56bd1aa78d5bee3-20260814T190745Z-c05a9fcf34584161bf59c6137ea78e21,6b2be56bd1aa78d5bee3,https://github.com/code-423n4/2024-03-abracadabra-money.git,1f4693fdbf33e9ad28132643e2d6f7635834c6c6,1f4693fdbf33e9ad28132643e2d6f7635834c6c6,.,2026-08-14T19:07:45.007525+00:00,13.201011,"[""/workspace/artifact/environment/toolchains/node/16.20.2/bin/node"", ""/workspace/artifact/environment/toolchains/yarn/1.22.22/bin/yarn.js"", ""install"", ""--non-interactive"", ""--ignore-scripts"", ""--frozen-lockfile""]",0,yarn build,1,BUILD_FAILURE,node16-yarn1,16.20.2,83,0,0,,benchmarks/isu/best_effort_build_runs/6b2be56bd1aa78d5bee3/isu-6b2be56bd1aa78d5bee3-20260814T190745Z-c05a9fcf34584161bf59c6137ea78e21/attempt_manifest.json
isu-7243363cfd2599257952-20260814T190746Z-04a0191f7c704f4aba38999731b1ca12,7243363cfd2599257952,https://github.com/code-423n4/2023-07-axelar.git,1b2d810f90dfe6a964b92e30d3196b64ba569f6a,1b2d810f90dfe6a964b92e30d3196b64ba569f6a,.,2026-08-14T19:07:46.242442+00:00,27.701586,"[""/workspace/artifact/environment/toolchains/node/16.20.2/bin/npm"", ""ci"", ""--no-audit"", ""--no-fund"", ""--ignore-scripts"", ""--legacy-peer-deps""]",0,npm run build,0,SUCCESS,node16-npm8,16.20.2,376,0,363,774108f7b983a292101fd149f09d8e604df4b68e6ad943534199f0d896c05bc3,benchmarks/isu/best_effort_build_runs/7243363cfd2599257952/isu-7243363cfd2599257952-20260814T190746Z-04a0191f7c704f4aba38999731b1ca12/attempt_manifest.json
isu-726f7da124ec405fcefd-20260814T190801Z-8d551e683fed431e88d83e0ccdb8638c,726f7da124ec405fcefd,https://github.com/code-423n4/2022-10-traderjoe.git,79f25d48b907f9d0379dd803fc2abc9c5f57db93,79f25d48b907f9d0379dd803fc2abc9c5f57db93,.,2026-08-14T19:08:01.619336+00:00,15.439944,,,forge build,0,SUCCESS,node16-npm8,16.20.2,614,0,81,6293e8de8a6aa55e9b730cce0cfce1b52d1bfcf8d03da674f3c9378bb5120493,benchmarks/isu/best_effort_build_runs/726f7da124ec405fcefd/isu-726f7da124ec405fcefd-20260814T190801Z-8d551e683fed431e88d83e0ccdb8638c/attempt_manifest.json
isu-5fcf634788264400193d-20260814T190738Z-f68ea34b40504d92bfc65771ac5a96c0,5fcf634788264400193d,https://github.com/code-423n4/2023-05-ajna.git,276942bc2f97488d07b887c8edceaaab7a5c3964,276942bc2f97488d07b887c8edceaaab7a5c3964,ajna-core,2026-08-14T19:07:38.016269+00:00,63.485619,,,forge build,0,SUCCESS,node16-npm8,16.20.2,1681,0,2,ced7f7d919ace6ad17b193620ced34be0f5e9225f0363e6a5fcfc460f3a9490f,benchmarks/isu/best_effort_build_runs/5fcf634788264400193d/isu-5fcf634788264400193d-20260814T190738Z-f68ea34b40504d92bfc65771ac5a96c0/attempt_manifest.json
isu-7ac89b753c19d6b46c51-20260814T190842Z-f42801b32248482d8f03c45b47f35c4d,7ac89b753c19d6b46c51,https://github.com/code-423n4/2024-03-dittoeth.git,91faf46078bb6fe8ce9f55bcb717e5d2d302d22e,91faf46078bb6fe8ce9f55bcb717e5d2d302d22e,.,2026-08-14T19:08:42.233298+00:00,10.648521,"[""/workspace/artifact/environment/toolchains/node/16.20.2/bin/npm"", ""ci"", ""--no-audit"", ""--no-fund"", ""--ignore-scripts"", ""--legacy-peer-deps""]",0,npm run build,127,BUILD_FAILURE,node16-npm8,16.20.2,229,0,0,,benchmarks/isu/best_effort_build_runs/7ac89b753c19d6b46c51/isu-7ac89b753c19d6b46c51-20260814T190842Z-f42801b32248482d8f03c45b47f35c4d/attempt_manifest.json
isu-7cb043d026c74611d6c4-20260814T190855Z-e5f809f01a954b3381cfe28fcc83d135,7cb043d026c74611d6c4,https://github.com/code-423n4/2024-05-bakerfi.git,59b1f70cbf170871f9604e73e7fe70b70981ab43,59b1f70cbf170871f9604e73e7fe70b70981ab43,.,2026-08-14T19:08:55.124178+00:00,1.417584,"[""/workspace/artifact/environment/toolchains/node/16.20.2/bin/npm"", ""ci"", ""--no-audit"", ""--no-fund"", ""--ignore-scripts"", ""--legacy-peer-deps""]",1,npm run compile,,DEPENDENCY_FAILURE,node16-npm8,16.20.2,216,0,0,,benchmarks/isu/best_effort_build_runs/7cb043d026c74611d6c4/isu-7cb043d026c74611d6c4-20260814T190855Z-e5f809f01a954b3381cfe28fcc83d135/attempt_manifest.json
isu-78b6c9d702fa0e2668f0-20260814T190817Z-71e1d5fbec354e0c96704b2085465fbf,78b6c9d702fa0e2668f0,https://github.com/code-423n4/2021-11-unlock.git,ec41eada1dd116bcccc5603ce342257584bec783,ec41eada1dd116bcccc5603ce342257584bec783,smart-contracts,2026-08-14T19:08:17.173055+00:00,69.096682,"[""/workspace/artifact/environment/toolchains/node/16.20.2/bin/node"", ""/workspace/artifact/environment/toolchains/yarn/1.22.22/bin/yarn.js"", ""install"", ""--non-interactive"", ""--ignore-scripts"", ""--frozen-lockfile""]",0,yarn build,0,SUCCESS,node16-yarn1,16.20.2,187,0,234,4b72c28c00e2a18f962c2bccf9edab1300c5dd4cef405f3e57d4a1b8c17d0473,benchmarks/isu/best_effort_build_runs/78b6c9d702fa0e2668f0/isu-78b6c9d702fa0e2668f0-20260814T190817Z-71e1d5fbec354e0c96704b2085465fbf/attempt_manifest.json
isu-86ebab4217d32b417d8d-20260814T190856Z-8bfcfd57f4bc401c8c58707581206199,86ebab4217d32b417d8d,https://github.com/code-423n4/2023-05-party.git,f6f80dde81d86e397ba4f3dedb561e23d58ec884,f6f80dde81d86e397ba4f3dedb561e23d58ec884,.,2026-08-14T19:08:56.802919+00:00,36.504747,"[""/workspace/artifact/environment/toolchains/node/16.20.2/bin/npm"", ""install"", ""--no-audit"", ""--no-fund"", ""--ignore-scripts"", ""--legacy-peer-deps""]",0,npm run build,0,SUCCESS,node16-npm8,16.20.2,893,0,224,8927fee63c075bb512ef26dd80135d00db32fbba73483fea109b50a3b993b89d,benchmarks/isu/best_effort_build_runs/86ebab4217d32b417d8d/isu-86ebab4217d32b417d8d-20260814T190856Z-8bfcfd57f4bc401c8c58707581206199/attempt_manifest.json
isu-7a5dfeb01151cf8f72e6-20260814T190817Z-04be08d2ed304441abf186db83243ef3,7a5dfeb01151cf8f72e6,https://github.com/code-423n4/2022-07-ens.git,ff6e59b9415d0ead7daf31c2ed06e86d9061ae22,ff6e59b9415d0ead7daf31c2ed06e86d9061ae22,.,2026-08-14T19:08:17.780415+00:00,79.502151,"[""/workspace/artifact/environment/toolchains/node/16.20.2/bin/node"", ""/workspace/artifact/environment/toolchains/yarn/1.22.22/bin/yarn.js"", ""install"", ""--non-interactive"", ""--ignore-scripts"", ""--frozen-lockfile""]",0,yarn build,0,SUCCESS,node16-yarn1,16.20.2,245,0,330,3d040f554ce409e5b46881d66edbef94077a621a8583b39cabdb710d88297ade,benchmarks/isu/best_effort_build_runs/7a5dfeb01151cf8f72e6/isu-7a5dfeb01151cf8f72e6-20260814T190817Z-04be08d2ed304441abf186db83243ef3/attempt_manifest.json
isu-8736a3dffd1ae2b28d68-20260814T190940Z-8881756a0df1494198dd05613ec70059,8736a3dffd1ae2b28d68,https://github.com/code-423n4/2021-12-defiprotocol.git,860fc371994de53749332af4b9d00387cbd18d4b,860fc371994de53749332af4b9d00387cbd18d4b,contracts,2026-08-14T19:09:40.462887+00:00,6.320402,,,npx hardhat compile,1,BUILD_FAILURE,node16-npm8,16.20.2,42,0,0,,benchmarks/isu/best_effort_build_runs/8736a3dffd1ae2b28d68/isu-8736a3dffd1ae2b28d68-20260814T190940Z-8881756a0df1494198dd05613ec70059/attempt_manifest.json
isu-51822de69e2919a4a935-20260814T190925Z-aed4b1d164b843c7a5a1b6520a4ad8d4,51822de69e2919a4a935,https://github.com/Tapioca-DAO/tapioca-bar-audit.git,2286f80f928f41c8bc189d0657d74ba83286c668,2286f80f928f41c8bc189d0657d74ba83286c668,.,2026-08-14T19:09:25.215759+00:00,23.262874,"[""/workspace/artifact/environment/toolchains/node/16.20.2/bin/node"", ""/workspace/artifact/environment/toolchains/yarn/1.22.22/bin/yarn.js"", ""install"", ""--non-interactive"", ""--ignore-scripts"", ""--frozen-lockfile""]",0,yarn compile,1,BUILD_FAILURE,node16-yarn1,16.20.2,195,0,0,,benchmarks/isu/best_effort_build_runs/51822de69e2919a4a935/isu-51822de69e2919a4a935-20260814T190925Z-aed4b1d164b843c7a5a1b6520a4ad8d4/attempt_manifest.json
isu-876f079fe57e7d22f859-20260814T190945Z-019ecbad305e401bad2122d80b89275b,876f079fe57e7d22f859,https://github.com/code-423n4/2022-12-tessera.git,1e408ebc1c4fdcc72678ea7f21a94d38855ccc0b,1e408ebc1c4fdcc72678ea7f21a94d38855ccc0b,.,2026-08-14T19:09:45.479996+00:00,4.211524,"[""/workspace/artifact/environment/toolchains/node/16.20.2/bin/npm"", ""ci"", ""--no-audit"", ""--no-fund"", ""--ignore-scripts"", ""--legacy-peer-deps""]",0,forge build,1,BUILD_FAILURE,node16-npm8,16.20.2,2149,0,3,8ac3dc62bf98ecbbb9925a8dfdd8656cb71cc046052df630b196bcc7e5978731,benchmarks/isu/best_effort_build_runs/876f079fe57e7d22f859/isu-876f079fe57e7d22f859-20260814T190945Z-019ecbad305e401bad2122d80b89275b/attempt_manifest.json
isu-38004f8839e04e30cd59-20260814T190426Z-b31367c08f0e4ba6a19069b653208af4,38004f8839e04e30cd59,https://github.com/code-423n4/2024-04-gondi.git,b9863d73c08fcdd2337dc80a8b5e0917e18b036c,b9863d73c08fcdd2337dc80a8b5e0917e18b036c,.,2026-08-14T19:04:26.980289+00:00,324.82412,,,forge build,0,SUCCESS,node16-npm8,16.20.2,8850,0,161,2c5e5d7c9587bc66ecf16a9fdd6de7d209acee3b65febef45fd9c29be94f164a,benchmarks/isu/best_effort_build_runs/38004f8839e04e30cd59/isu-38004f8839e04e30cd59-20260814T190426Z-b31367c08f0e4ba6a19069b653208af4/attempt_manifest.json
isu-9beb76425d2bf5942a4d-20260814T190952Z-d1e42ee8420149faac8e776e00281f60,9beb76425d2bf5942a4d,https://github.com/code-423n4/2024-07-traitforge.git,279b2887e3d38bc219a05d332cbcb0655b2dc644,279b2887e3d38bc219a05d332cbcb0655b2dc644,.,2026-08-14T19:09:52.054072+00:00,10.513181,"[""/workspace/artifact/environment/toolchains/node/16.20.2/bin/node"", ""/workspace/artifact/environment/toolchains/yarn/1.22.22/bin/yarn.js"", ""install"", ""--non-interactive"", ""--ignore-scripts"", ""--frozen-lockfile""]",1,yarn compile,,DEPENDENCY_FAILURE,node16-yarn1,16.20.2,52,0,0,,benchmarks/isu/best_effort_build_runs/9beb76425d2bf5942a4d/isu-9beb76425d2bf5942a4d-20260814T190952Z-d1e42ee8420149faac8e776e00281f60/attempt_manifest.json
isu-9d8daa19c1e936e9ba9e-20260814T190954Z-f2c85070467c43f484eb5d2c202fb07d,9d8daa19c1e936e9ba9e,https://github.com/code-423n4/2024-05-loop.git,20d9013a93a1ba98154198d6cf3c63f73ab95658,20d9013a93a1ba98154198d6cf3c63f73ab95658,.,2026-08-14T19:09:54.736201+00:00,10.899592,"[""/workspace/artifact/environment/toolchains/node/16.20.2/bin/node"", ""/workspace/artifact/environment/toolchains/yarn/1.22.22/bin/yarn.js"", ""install"", ""--non-interactive"", ""--ignore-scripts"", ""--frozen-lockfile""]",1,forge build,,DEPENDENCY_FAILURE,node16-yarn1,16.20.2,799,0,2,10c7a069488a17c7e292fb7fba5920572662a6ce33d21da06bd919da12b16c53,benchmarks/isu/best_effort_build_runs/9d8daa19c1e936e9ba9e/isu-9d8daa19c1e936e9ba9e-20260814T190954Z-f2c85070467c43f484eb5d2c202fb07d/attempt_manifest.json
isu-a07699f968c72edb3c0e-20260814T191006Z-70f7ec399d7f4344af46c6299238eb96,a07699f968c72edb3c0e,https://github.com/code-423n4/2023-02-malt.git,700f9b468f9cf8c9c5cffaa1eba1b8dea40503f9,700f9b468f9cf8c9c5cffaa1eba1b8dea40503f9,.,2026-08-14T19:10:06.252731+00:00,6.018046,,,forge build,0,SUCCESS,node16-npm8,16.20.2,787,0,170,de7060f506b599fe8b2a62da2e253c0ce3dcb563147800e6ce4f7bd50b0c73f1,benchmarks/isu/best_effort_build_runs/a07699f968c72edb3c0e/isu-a07699f968c72edb3c0e-20260814T191006Z-70f7ec399d7f4344af46c6299238eb96/attempt_manifest.json
isu-94faa031b29d37add602-20260814T190949Z-690e9412cd7849cca899338645c89ab2,94faa031b29d37add602,https://github.com/code-423n4/2022-02-anchor.git,5da31121b8b9bbd4420aa75e25859207e67538c3,5da31121b8b9bbd4420aa75e25859207e67538c3,contracts/cross-chain-contracts,2026-08-14T19:09:49.832166+00:00,39.297978,"[""/workspace/artifact/environment/toolchains/node/16.20.2/bin/npm"", ""ci"", ""--no-audit"", ""--no-fund"", ""--ignore-scripts"", ""--legacy-peer-deps""]",0,npx hardhat compile,1,BUILD_FAILURE,node16-npm8,16.20.2,669,0,8,44cf40d4c66e544c32f421b9659c7fc9422d64dfc27c793a138daa253d63becf,benchmarks/isu/best_effort_build_runs/94faa031b29d37add602/isu-94faa031b29d37add602-20260814T190949Z-690e9412cd7849cca899338645c89ab2/attempt_manifest.json
isu-9ae84cf683640be4e904-20260814T190950Z-7cf61db52556422899bf2843a78672e8,9ae84cf683640be4e904,https://github.com/code-423n4/2022-12-gogopool.git,aec9928d8bdce8a5a4efe45f54c39d4fc7313731,aec9928d8bdce8a5a4efe45f54c39d4fc7313731,.,2026-08-14T19:09:50.709447+00:00,46.655963,"[""/workspace/artifact/environment/toolchains/node/14.21.3/bin/node"", ""/workspace/artifact/environment/toolchains/yarn/1.22.22/bin/yarn.js"", ""install"", ""--non-interactive"", ""--ignore-scripts"", ""--frozen-lockfile""]",0,forge build,0,SUCCESS,node14-yarn1,14.21.3,227,0,100,1ea059ba75c19aa8af6b95b32980e07a93ee31377350a12bbc76e892f9890952,benchmarks/isu/best_effort_build_runs/9ae84cf683640be4e904/isu-9ae84cf683640be4e904-20260814T190950Z-7cf61db52556422899bf2843a78672e8/attempt_manifest.json
isu-a71bbe43cb08fee655f2-20260814T191012Z-ee15d2132d4346e68cfc4cf9a5bf0ba8,a71bbe43cb08fee655f2,https://github.com/code-423n4/2021-12-amun.git,cf890dedf2e43ec787e8e5df65726316fda134a1,cf890dedf2e43ec787e8e5df65726316fda134a1,contracts/bridge,2026-08-14T19:10:12.432352+00:00,47.122284,"[""/workspace/artifact/environment/toolchains/node/16.20.2/bin/node"", ""/workspace/artifact/environment/toolchains/yarn/1.22.22/bin/yarn.js"", ""install"", ""--non-interactive"", ""--ignore-scripts"", ""--frozen-lockfile""]",1,yarn compile,,DEPENDENCY_FAILURE,node16-yarn1,16.20.2,95,0,1,e16cf8aca227f04915dc893c69af006d12dabb8292509602bc910747766e4353,benchmarks/isu/best_effort_build_runs/a71bbe43cb08fee655f2/isu-a71bbe43cb08fee655f2-20260814T191012Z-ee15d2132d4346e68cfc4cf9a5bf0ba8/attempt_manifest.json
isu-ad517a7d673ed4aa19f4-20260814T191105Z-948219dbaacc43bf81ec19fb52f87fde,ad517a7d673ed4aa19f4,https://github.com/code-423n4/2021-11-bootfinance.git,f102ee73eb320532c5a7c1e833f225c479577e39,f102ee73eb320532c5a7c1e833f225c479577e39,tge,2026-08-14T19:11:05.859029+00:00,3.190743,"[""/workspace/artifact/environment/toolchains/node/16.20.2/bin/node"", ""/workspace/artifact/environment/toolchains/yarn/1.22.22/bin/yarn.js"", ""install"", ""--non-interactive"", ""--ignore-scripts"", ""--frozen-lockfile""]",1,npx truffle compile,,DEPENDENCY_FAILURE,node16-yarn1,16.20.2,261,0,42,d27a08e3e91cc97270337399f057a7290d3e07b17e089f6e0d79f39d3908bbff,benchmarks/isu/best_effort_build_runs/ad517a7d673ed4aa19f4/isu-ad517a7d673ed4aa19f4-20260814T191105Z-948219dbaacc43bf81ec19fb52f87fde/attempt_manifest.json
isu-a73834efc6e9224c9f97-20260814T191036Z-3a4df84bd3b24674b7e91e33d512ef9a,a73834efc6e9224c9f97,https://github.com/code-423n4/2023-11-zetachain.git,b237708ed5e86f12c4bddabddfd42f001e81941a,b237708ed5e86f12c4bddabddfd42f001e81941a,repos/protocol-contracts,2026-08-14T19:10:36.131360+00:00,37.58107,"[""/workspace/artifact/environment/toolchains/node/16.20.2/bin/node"", ""/workspace/artifact/environment/toolchains/yarn/1.22.22/bin/yarn.js"", ""install"", ""--non-interactive"", ""--ignore-scripts"", ""--frozen-lockfile""]",0,yarn compile,0,SUCCESS,node16-yarn1,16.20.2,1776,0,207,091ca936dbd83fd491cf0cf464f9403acee3233ad923ea1b1af9eb9dee75f368,benchmarks/isu/best_effort_build_runs/a73834efc6e9224c9f97/isu-a73834efc6e9224c9f97-20260814T191036Z-3a4df84bd3b24674b7e91e33d512ef9a/attempt_manifest.json
isu-a71bbe43cb08fee655f2-20260814T191008Z-997f9f466bd145b49c93472be0db3d11,a71bbe43cb08fee655f2,https://github.com/code-423n4/2021-12-amun.git,cf890dedf2e43ec787e8e5df65726316fda134a1,cf890dedf2e43ec787e8e5df65726316fda134a1,contracts/basket,2026-08-14T19:10:08.607355+00:00,78.659225,"[""/workspace/artifact/environment/toolchains/node/16.20.2/bin/node"", ""/workspace/artifact/environment/toolchains/yarn/1.22.22/bin/yarn.js"", ""install"", ""--non-interactive"", ""--ignore-scripts"", ""--frozen-lockfile""]",0,yarn compile,1,BUILD_FAILURE,node16-yarn1,16.20.2,95,0,131,587c9611637745097e7ed8b4d59079d99f4d5ddbdb37d603bb52268b5d677c71,benchmarks/isu/best_effort_build_runs/a71bbe43cb08fee655f2/isu-a71bbe43cb08fee655f2-20260814T191008Z-997f9f466bd145b49c93472be0db3d11/attempt_manifest.json
isu-ad517a7d673ed4aa19f4-20260814T191045Z-617eb224009343b3b8eebf0daa5ab877,ad517a7d673ed4aa19f4,https://github.com/code-423n4/2021-11-bootfinance.git,f102ee73eb320532c5a7c1e833f225c479577e39,f102ee73eb320532c5a7c1e833f225c479577e39,customswap,2026-08-14T19:10:45.275385+00:00,44.059307,"[""/workspace/artifact/environment/toolchains/node/16.20.2/bin/npm"", ""ci"", ""--no-audit"", ""--no-fund"", ""--ignore-scripts"", ""--legacy-peer-deps""]",0,npm run build,1,BUILD_FAILURE,node16-npm8,16.20.2,261,0,42,d27a08e3e91cc97270337399f057a7290d3e07b17e089f6e0d79f39d3908bbff,benchmarks/isu/best_effort_build_runs/ad517a7d673ed4aa19f4/isu-ad517a7d673ed4aa19f4-20260814T191045Z-617eb224009343b3b8eebf0daa5ab877/attempt_manifest.json
isu-ad517a7d673ed4aa19f4-20260814T191109Z-0b5d9a1c8d894188b88adc49161fe541,ad517a7d673ed4aa19f4,https://github.com/code-423n4/2021-11-bootfinance.git,f102ee73eb320532c5a7c1e833f225c479577e39,f102ee73eb320532c5a7c1e833f225c479577e39,vesting,2026-08-14T19:11:09.306680+00:00,35.39903,"[""/workspace/artifact/environment/toolchains/node/16.20.2/bin/npm"", ""install"", ""--no-audit"", ""--no-fund"", ""--ignore-scripts"", ""--legacy-peer-deps""]",0,npm run compile,0,SUCCESS,node16-npm8,16.20.2,261,0,101,51c7b47b8f3d4484f7a660c7a24f37ec80d16d2547864f01dfdb00d00afe4556,benchmarks/isu/best_effort_build_runs/ad517a7d673ed4aa19f4/isu-ad517a7d673ed4aa19f4-20260814T191109Z-0b5d9a1c8d894188b88adc49161fe541/attempt_manifest.json
isu-0f62f3405b0b361b18a8-20260814T191153Z-6f60217903d748cb92abc0dc01de1f64,0f62f3405b0b361b18a8,https://github.com/code-423n4/2021-11-streaming.git,56d81204a00fc949d29ddd277169690318b36821,56d81204a00fc949d29ddd277169690318b36821,.,2026-08-14T19:11:53.293221+00:00,0.238733,,,/usr/bin/python3 /workspace/artifact/runners/direct_solc_build.py --version 0.8.10,1,BUILD_FAILURE,node16-npm8,16.20.2,72,0,4,8849a244682a54dfa38c6369a9c6e3ebc3942a02ed2b3b9774bc23a59b1463fb,benchmarks/isu/best_effort_build_runs/0f62f3405b0b361b18a8/isu-0f62f3405b0b361b18a8-20260814T191153Z-6f60217903d748cb92abc0dc01de1f64/attempt_manifest.json
isu-af2962b8335feda2b275-20260814T191138Z-6fd89f36a6124395b580706d917e29e6,af2962b8335feda2b275,https://github.com/jbx-protocol/juice-nft-rewards.git,f9893b1497098241dd3a664956d8016ff0d0efd0,f9893b1497098241dd3a664956d8016ff0d0efd0,.,2026-08-14T19:11:38.235662+00:00,21.541943,"[""/workspace/artifact/environment/toolchains/node/16.20.2/bin/node"", ""/workspace/artifact/environment/toolchains/yarn/1.22.22/bin/yarn.js"", ""install"", ""--non-interactive"", ""--ignore-scripts"", ""--frozen-lockfile""]",0,forge build,0,SUCCESS,node16-yarn1,16.20.2,94,0,120,ba88a1906ade25e78f8c55e352ff86db0be2ce42707c6eb1f13dd6459c6c4b6e,benchmarks/isu/best_effort_build_runs/af2962b8335feda2b275/isu-af2962b8335feda2b275-20260814T191138Z-6fd89f36a6124395b580706d917e29e6/attempt_manifest.json
isu-ad6fb8b6aeb8640d4b85-20260814T191124Z-3ca26189e54b4aa48851505b2f3f80a9,ad6fb8b6aeb8640d4b85,https://github.com/code-423n4/2022-01-behodler.git,ce1e7893bdbff8bd7b70474e902e990ac4aeafaf,ce1e7893bdbff8bd7b70474e902e990ac4aeafaf,.,2026-08-14T19:11:24.804785+00:00,35.926326,"[""/workspace/artifact/environment/toolchains/node/16.20.2/bin/node"", ""/workspace/artifact/environment/toolchains/yarn/1.22.22/bin/yarn.js"", ""install"", ""--non-interactive"", ""--ignore-scripts"", ""--frozen-lockfile""]",0,npx hardhat compile,0,SUCCESS,node16-yarn1,16.20.2,138,0,257,8299d6b8bfe616d7e4101217db821cc753760c6fddfdd6bc7643fa5231850e74,benchmarks/isu/best_effort_build_runs/ad6fb8b6aeb8640d4b85/isu-ad6fb8b6aeb8640d4b85-20260814T191124Z-3ca26189e54b4aa48851505b2f3f80a9/attempt_manifest.json
isu-afe6967172f4b9b0e34a-20260814T191146Z-fcb0c9a174ca4377bd08a5936ea0e376,afe6967172f4b9b0e34a,https://github.com/code-423n4/2024-05-olas.git,c217c378f48438fb505fb04db4107c839b928e7e,c217c378f48438fb505fb04db4107c839b928e7e,governance,2026-08-14T19:11:46.684909+00:00,15.547927,"[""/workspace/artifact/environment/toolchains/node/16.20.2/bin/node"", ""/workspace/artifact/environment/toolchains/yarn/1.22.22/bin/yarn.js"", ""install"", ""--non-interactive"", ""--ignore-scripts"", ""--frozen-lockfile""]",1,npx hardhat compile,,DEPENDENCY_FAILURE,node16-yarn1,16.20.2,3879,0,2,57b9c79ccfeccc38417b16867233eb0c761fae8dfb882f281afe69e5e4d98d72,benchmarks/isu/best_effort_build_runs/afe6967172f4b9b0e34a/isu-afe6967172f4b9b0e34a-20260814T191146Z-fcb0c9a174ca4377bd08a5936ea0e376/attempt_manifest.json
isu-afe6967172f4b9b0e34a-20260814T191201Z-76857e6ac0bf43d7aa78be8fdc24918d,afe6967172f4b9b0e34a,https://github.com/code-423n4/2024-05-olas.git,c217c378f48438fb505fb04db4107c839b928e7e,c217c378f48438fb505fb04db4107c839b928e7e,tokenomics,2026-08-14T19:12:01.974565+00:00,2.876679,"[""/workspace/artifact/environment/toolchains/node/16.20.2/bin/node"", ""/workspace/artifact/environment/toolchains/yarn/1.22.22/bin/yarn.js"", ""install"", ""--non-interactive"", ""--ignore-scripts"", ""--frozen-lockfile""]",1,yarn compile,,DEPENDENCY_FAILURE,node16-yarn1,16.20.2,3879,0,2,57b9c79ccfeccc38417b16867233eb0c761fae8dfb882f281afe69e5e4d98d72,benchmarks/isu/best_effort_build_runs/afe6967172f4b9b0e34a/isu-afe6967172f4b9b0e34a-20260814T191201Z-76857e6ac0bf43d7aa78be8fdc24918d/attempt_manifest.json
isu-afe6967172f4b9b0e34a-20260814T191152Z-9d626256237c48fd97fd86257bb166fb,afe6967172f4b9b0e34a,https://github.com/code-423n4/2024-05-olas.git,c217c378f48438fb505fb04db4107c839b928e7e,c217c378f48438fb505fb04db4107c839b928e7e,registries,2026-08-14T19:11:52.456119+00:00,12.637222,"[""/workspace/artifact/environment/toolchains/node/16.20.2/bin/node"", ""/workspace/artifact/environment/toolchains/yarn/1.22.22/bin/yarn.js"", ""install"", ""--non-interactive"", ""--ignore-scripts"", ""--frozen-lockfile""]",1,npx hardhat compile,,DEPENDENCY_FAILURE,node16-yarn1,16.20.2,3879,0,2,57b9c79ccfeccc38417b16867233eb0c761fae8dfb882f281afe69e5e4d98d72,benchmarks/isu/best_effort_build_runs/afe6967172f4b9b0e34a/isu-afe6967172f4b9b0e34a-20260814T191152Z-9d626256237c48fd97fd86257bb166fb/attempt_manifest.json
isu-b96ecb664aefbf38d2d7-20260814T191209Z-dad9b192074f47cb98ec2dcf6c3cc8d5,b96ecb664aefbf38d2d7,https://github.com/code-423n4/2022-09-frax.git,dc6684f77b4e9bd965e8862be7f5fb71473a4c4c,dc6684f77b4e9bd965e8862be7f5fb71473a4c4c,.,2026-08-14T19:12:09.607919+00:00,0.652898,,,forge build,1,BUILD_FAILURE,node16-npm8,16.20.2,21,0,0,,benchmarks/isu/best_effort_build_runs/b96ecb664aefbf38d2d7/isu-b96ecb664aefbf38d2d7-20260814T191209Z-dad9b192074f47cb98ec2dcf6c3cc8d5/attempt_manifest.json
isu-b4a1b55fe2d18f122a1e-20260814T191207Z-dbdcaaec15d64dd784a513707713ca97,b4a1b55fe2d18f122a1e,https://github.com/code-423n4/2024-04-dyad.git,cd48c684a58158de444b24854ffd8f07d046c31b,cd48c684a58158de444b24854ffd8f07d046c31b,.,2026-08-14T19:12:07.412383+00:00,4.570069,,,forge build,0,SUCCESS,node16-npm8,16.20.2,764,0,92,c4dda9d02e0f9ea8777a5b94b209ed61ad7c167307b60bfde041a417f7c48721,benchmarks/isu/best_effort_build_runs/b4a1b55fe2d18f122a1e/isu-b4a1b55fe2d18f122a1e-20260814T191207Z-dbdcaaec15d64dd784a513707713ca97/attempt_manifest.json
isu-f50077300d555dbf4ab9-20260814T191211Z-b5f86226e234413e950fb2d7a8ccc742,f50077300d555dbf4ab9,https://github.com/PlayFi-Labs/node-license-sale-contracts.git,219c9ac0c963074cdd032f1188d0b5b7f6e3ccbb,219c9ac0c963074cdd032f1188d0b5b7f6e3ccbb,.,2026-08-14T19:12:11.199509+00:00,22.633636,"[""/workspace/artifact/environment/toolchains/node/16.20.2/bin/node"", ""/workspace/artifact/environment/toolchains/yarn/1.22.22/bin/yarn.js"", ""install"", ""--non-interactive"", ""--ignore-scripts"", ""--frozen-lockfile""]",1,/usr/bin/python3 /workspace/artifact/runners/direct_solc_build.py --version 0.8.24,,DEPENDENCY_FAILURE,node16-npm8,16.20.2,61,0,0,,benchmarks/isu/best_effort_build_runs/f50077300d555dbf4ab9/isu-f50077300d555dbf4ab9-20260814T191211Z-b5f86226e234413e950fb2d7a8ccc742/attempt_manifest.json
isu-b1eb5ae54e7312475c93-20260814T191205Z-223c3d2b8e754026b708b7e970147bf8,b1eb5ae54e7312475c93,https://github.com/code-423n4/2022-08-frax.git,c4189a3a98b38c8c962c5ea72f1a322fbc2ae45f,c4189a3a98b38c8c962c5ea72f1a322fbc2ae45f,.,2026-08-14T19:12:05.130366+00:00,45.521872,"[""/workspace/artifact/environment/toolchains/node/16.20.2/bin/npm"", ""ci"", ""--no-audit"", ""--no-fund"", ""--ignore-scripts"", ""--legacy-peer-deps""]",0,forge build,0,SUCCESS,node16-npm8,16.20.2,81,0,59,b159d5645411ef8612bcbec14b54262bfeee7ea1a4c6feaa294575ce38f86ec1,benchmarks/isu/best_effort_build_runs/b1eb5ae54e7312475c93/isu-b1eb5ae54e7312475c93-20260814T191205Z-223c3d2b8e754026b708b7e970147bf8/attempt_manifest.json
isu-bd7d8afe32a8ef2e533a-20260814T191210Z-083f33c4d8c947a191b62f83915dda4a,bd7d8afe32a8ef2e533a,https://github.com/code-423n4/2021-09-defiProtocol.git,31e30e6da03c615d833611022603b6c7e393a514,31e30e6da03c615d833611022603b6c7e393a514,contracts,2026-08-14T19:12:10.385833+00:00,40.690271,"[""/workspace/artifact/environment/toolchains/node/16.20.2/bin/npm"", ""install"", ""--no-audit"", ""--no-fund"", ""--ignore-scripts"", ""--legacy-peer-deps""]",0,npx hardhat compile,0,SUCCESS,node16-npm8,16.20.2,17,0,45,cd0dbb45093eefe50bd13fb445f0aac4ed52333e537d434c76781ed720f40db1,benchmarks/isu/best_effort_build_runs/bd7d8afe32a8ef2e533a/isu-bd7d8afe32a8ef2e533a-20260814T191210Z-083f33c4d8c947a191b62f83915dda4a/attempt_manifest.json
isu-bff4c70e313a4fd4754a-20260814T191258Z-58103f306f014dbbbe90f53bed49a444,bff4c70e313a4fd4754a,https://github.com/code-423n4/2022-12-forgeries.git,42e2996aaec205a93685bfb32d47eca79941e2bf,42e2996aaec205a93685bfb32d47eca79941e2bf,.,2026-08-14T19:12:58.264650+00:00,7.861963,"[""/workspace/artifact/environment/toolchains/node/16.20.2/bin/node"", ""/workspace/artifact/environment/toolchains/yarn/1.22.22/bin/yarn.js"", ""install"", ""--non-interactive"", ""--ignore-scripts"", ""--frozen-lockfile""]",0,forge build,0,SUCCESS,node16-yarn1,16.20.2,123,0,77,79610a81f503a40217b96a59ddfc2c173d2ab2998997931e236b83939a01cde8,benchmarks/isu/best_effort_build_runs/bff4c70e313a4fd4754a/isu-bff4c70e313a4fd4754a-20260814T191258Z-58103f306f014dbbbe90f53bed49a444/attempt_manifest.json
isu-b6da317163e7b77bd40c-20260814T191208Z-c55ef8e349b24b88a3475cf0e5dde93d,b6da317163e7b77bd40c,https://github.com/code-423n4/2022-07-golom.git,8f198624b97addbbe9602a451c908ea51bd3357c,8f198624b97addbbe9602a451c908ea51bd3357c,.,2026-08-14T19:12:08.676306+00:00,58.642223,"[""/workspace/artifact/environment/toolchains/node/16.20.2/bin/node"", ""/workspace/artifact/environment/toolchains/yarn/1.22.22/bin/yarn.js"", ""install"", ""--non-interactive"", ""--ignore-scripts"", ""--frozen-lockfile""]",0,npx hardhat compile,0,SUCCESS,node16-yarn1,16.20.2,39,0,138,7b7423866838acbd1cf2ecd9c311f3201271ba87703af09bdcebe23de4ea412d,benchmarks/isu/best_effort_build_runs/b6da317163e7b77bd40c/isu-b6da317163e7b77bd40c-20260814T191208Z-c55ef8e349b24b88a3475cf0e5dde93d/attempt_manifest.json
isu-bee019e8a0d6149543c5-20260814T191212Z-15a156d7362048b1be66d6f6a3aab64f,bee019e8a0d6149543c5,https://github.com/code-423n4/2022-07-golom.git,7753ce19bc05cb84162c3c9f50dc3c89f479e5be,7753ce19bc05cb84162c3c9f50dc3c89f479e5be,.,2026-08-14T19:12:12.211716+00:00,55.690061,"[""/workspace/artifact/environment/toolchains/node/16.20.2/bin/node"", ""/workspace/artifact/environment/toolchains/yarn/1.22.22/bin/yarn.js"", ""install"", ""--non-interactive"", ""--ignore-scripts"", ""--frozen-lockfile""]",0,npx hardhat compile,0,SUCCESS,node16-yarn1,16.20.2,218,0,138,7b7423866838acbd1cf2ecd9c311f3201271ba87703af09bdcebe23de4ea412d,benchmarks/isu/best_effort_build_runs/bee019e8a0d6149543c5/isu-bee019e8a0d6149543c5-20260814T191212Z-15a156d7362048b1be66d6f6a3aab64f/attempt_manifest.json
isu-beef56a5a282f2ba6af8-20260814T191256Z-f7b432a64c924df8bc9d3516fb30ac62,beef56a5a282f2ba6af8,https://github.com/code-423n4/2023-01-popcorn.git,9382ae9c6414df7f9b5aecd5754c59019ced60b7,9382ae9c6414df7f9b5aecd5754c59019ced60b7,.,2026-08-14T19:12:56.995038+00:00,18.782682,"[""/workspace/artifact/environment/toolchains/node/16.20.2/bin/node"", ""/workspace/artifact/environment/toolchains/yarn/1.22.22/bin/yarn.js"", ""install"", ""--non-interactive"", ""--ignore-scripts"", ""--frozen-lockfile""]",0,forge build,0,SUCCESS,node16-yarn1,16.20.2,404,0,135,0fff826133d2d8e8141e627fa603f50c23130e411bbf86fd9b44e344483a856d,benchmarks/isu/best_effort_build_runs/beef56a5a282f2ba6af8/isu-beef56a5a282f2ba6af8-20260814T191256Z-f7b432a64c924df8bc9d3516fb30ac62/attempt_manifest.json
isu-c7fcb7c2bdaac83cd94d-20260814T191316Z-3d736c5e07b94758ad3e6494698e009a,c7fcb7c2bdaac83cd94d,https://github.com/code-423n4/2022-04-abranft.git,5cd4edc3298c05748e952f8a8c93e42f930a78c2,5cd4edc3298c05748e952f8a8c93e42f930a78c2,.,2026-08-14T19:13:16.407597+00:00,1.011555,"[""/workspace/artifact/environment/toolchains/node/16.20.2/bin/node"", ""/workspace/artifact/environment/toolchains/yarn/1.22.22/bin/yarn.js"", ""install"", ""--non-interactive"", ""--ignore-scripts"", ""--frozen-lockfile""]",1,yarn build,,DEPENDENCY_FAILURE,node16-yarn1,16.20.2,66,0,0,,benchmarks/isu/best_effort_build_runs/c7fcb7c2bdaac83cd94d/isu-c7fcb7c2bdaac83cd94d-20260814T191316Z-3d736c5e07b94758ad3e6494698e009a/attempt_manifest.json
isu-c7315dd0cd937eb91438-20260814T191306Z-2cf0ad50347d4aefa98ddd17364cd7be,c7315dd0cd937eb91438,https://github.com/code-423n4/2023-12-particle.git,a3af40839b24aa13f5764d4f84933dbfa8bc8134,a3af40839b24aa13f5764d4f84933dbfa8bc8134,.,2026-08-14T19:13:06.992381+00:00,16.329605,"[""/workspace/artifact/environment/toolchains/node/16.20.2/bin/node"", ""/workspace/artifact/environment/toolchains/yarn/1.22.22/bin/yarn.js"", ""install"", ""--non-interactive"", ""--ignore-scripts"", ""--frozen-lockfile""]",0,forge build,0,SUCCESS,node16-yarn1,16.20.2,1861,0,107,2ce61c031555df82f035a26e980d2270a9a9ed73c8ecfc7da34ddff5db62ee30,benchmarks/isu/best_effort_build_runs/c7315dd0cd937eb91438/isu-c7315dd0cd937eb91438-20260814T191306Z-2cf0ad50347d4aefa98ddd17364cd7be/attempt_manifest.json
isu-d70057952f8081152c99-20260814T191323Z-c2cfb0a341244c85aebe434cc1b20f73,d70057952f8081152c99,https://github.com/code-423n4/2024-01-curves.git,516aedb7b9a8d341d0d2666c23780d2bd8a9a600,516aedb7b9a8d341d0d2666c23780d2bd8a9a600,.,2026-08-14T19:13:23.166602+00:00,0.301236,"[""/workspace/artifact/environment/toolchains/node/16.20.2/bin/node"", ""/workspace/artifact/environment/toolchains/yarn/1.22.22/bin/yarn.js"", ""install"", ""--non-interactive"", ""--ignore-scripts"", ""--frozen-lockfile""]",1,yarn compile,,DEPENDENCY_FAILURE,node16-yarn1,16.20.2,61,0,0,,benchmarks/isu/best_effort_build_runs/d70057952f8081152c99/isu-d70057952f8081152c99-20260814T191323Z-c2cfb0a341244c85aebe434cc1b20f73/attempt_manifest.json
isu-cc56f82e45b5a1958baa-20260814T191316Z-41f9780d9d6c4a6f94ca7872a11b6740,cc56f82e45b5a1958baa,https://github.com/PartyDAO/party-contracts-c4.git,3896577b8f0fa16cba129dc2867aba786b730c1b,3896577b8f0fa16cba129dc2867aba786b730c1b,.,2026-08-14T19:13:16.566725+00:00,26.256477,"[""/workspace/artifact/environment/toolchains/node/16.20.2/bin/node"", ""/workspace/artifact/environment/toolchains/yarn/1.22.22/bin/yarn.js"", ""install"", ""--non-interactive"", ""--ignore-scripts"", ""--frozen-lockfile""]",0,yarn build,0,SUCCESS,node16-yarn1,16.20.2,789,0,169,8dd02e31dee1ad89713a10cdf700b11bcd2a2bbaa38bc820c215347db7a8f9c9,benchmarks/isu/best_effort_build_runs/cc56f82e45b5a1958baa/isu-cc56f82e45b5a1958baa-20260814T191316Z-41f9780d9d6c4a6f94ca7872a11b6740/attempt_manifest.json
isu-d40239342ee19aba5e73-20260814T191317Z-15e550b302344be6a77a91e72cdd53d7,d40239342ee19aba5e73,https://github.com/code-423n4/2022-02-concur.git,f906d9429739b4c9d00a439964cca81c0d92352f,f906d9429739b4c9d00a439964cca81c0d92352f,.,2026-08-14T19:13:17.623749+00:00,39.130608,"[""/workspace/artifact/environment/toolchains/node/16.20.2/bin/npm"", ""install"", ""--no-audit"", ""--no-fund"", ""--ignore-scripts"", ""--legacy-peer-deps""]",0,npm run compile,1,BUILD_FAILURE,node16-npm8,16.20.2,75,0,0,,benchmarks/isu/best_effort_build_runs/d40239342ee19aba5e73/isu-d40239342ee19aba5e73-20260814T191317Z-15e550b302344be6a77a91e72cdd53d7/attempt_manifest.json
isu-d7c2d75431fd4e77ba2d-20260814T191323Z-ab55f4d8ebf840f1946c3a76eb2f065a,d7c2d75431fd4e77ba2d,https://github.com/code-423n4/2021-10-mochi.git,b74cfe1815ba768954415eff6f1096c95564ad8b,b74cfe1815ba768954415eff6f1096c95564ad8b,projects/mochi-core,2026-08-14T19:13:23.534482+00:00,41.110305,"[""/workspace/artifact/environment/toolchains/node/16.20.2/bin/npm"", ""install"", ""--no-audit"", ""--no-fund"", ""--ignore-scripts"", ""--legacy-peer-deps""]",0,npm run compile,1,BUILD_FAILURE,node16-npm8,16.20.2,434,0,0,,benchmarks/isu/best_effort_build_runs/d7c2d75431fd4e77ba2d/isu-d7c2d75431fd4e77ba2d-20260814T191323Z-ab55f4d8ebf840f1946c3a76eb2f065a/attempt_manifest.json
isu-d7c2d75431fd4e77ba2d-20260814T191327Z-3364563f67354186a1f7ac4bc86af816,d7c2d75431fd4e77ba2d,https://github.com/code-423n4/2021-10-mochi.git,b74cfe1815ba768954415eff6f1096c95564ad8b,b74cfe1815ba768954415eff6f1096c95564ad8b,projects/mochi-cssr,2026-08-14T19:13:27.080427+00:00,41.740947,"[""/workspace/artifact/environment/toolchains/node/16.20.2/bin/npm"", ""install"", ""--no-audit"", ""--no-fund"", ""--ignore-scripts"", ""--legacy-peer-deps""]",0,npm run compile,1,BUILD_FAILURE,node16-npm8,16.20.2,434,0,0,,benchmarks/isu/best_effort_build_runs/d7c2d75431fd4e77ba2d/isu-d7c2d75431fd4e77ba2d-20260814T191327Z-3364563f67354186a1f7ac4bc86af816/attempt_manifest.json
isu-e58beaed9b98b08064e6-20260814T191403Z-658568b1cea44e90ae292c8297eff399,e58beaed9b98b08064e6,https://github.com/code-423n4/2024-03-revert-lend.git,62ad70e634082930aed861e153d2c1e0cc94e44e,62ad70e634082930aed861e153d2c1e0cc94e44e,.,2026-08-14T19:14:03.431840+00:00,11.146812,,,forge build,0,SUCCESS,node16-npm8,16.20.2,1858,0,96,ca91d22baf54f77ba7a8db391ebca2253c3753a1a4821a59e761920da9535773,benchmarks/isu/best_effort_build_runs/e58beaed9b98b08064e6/isu-e58beaed9b98b08064e6-20260814T191403Z-658568b1cea44e90ae292c8297eff399/attempt_manifest.json
isu-e7689c5bacc48db39ccb-20260814T191414Z-29679ecd7912486d94c2621546321a2d,e7689c5bacc48db39ccb,https://github.com/code-423n4/2022-11-paraspace.git,34cb87ea4a5e698f49ae5f5a07228db99514b7c7,34cb87ea4a5e698f49ae5f5a07228db99514b7c7,paraspace-core,2026-08-14T19:14:14.894582+00:00,0.937016,"[""/workspace/artifact/environment/toolchains/node/16.20.2/bin/node"", ""/workspace/artifact/environment/toolchains/yarn/1.22.22/bin/yarn.js"", ""install"", ""--non-interactive"", ""--ignore-scripts"", ""--frozen-lockfile""]",1,yarn build,,DEPENDENCY_FAILURE,node16-yarn1,16.20.2,773,0,0,,benchmarks/isu/best_effort_build_runs/e7689c5bacc48db39ccb/isu-e7689c5bacc48db39ccb-20260814T191414Z-29679ecd7912486d94c2621546321a2d/attempt_manifest.json
isu-eb98a059ef709e7c9611-20260814T191415Z-96501572e103438aaded543b7c7f30db,eb98a059ef709e7c9611,https://github.com/code-423n4/2023-08-dopex.git,00601a3f4e3f662007b077bf1b201c9f5f00a8b6,00601a3f4e3f662007b077bf1b201c9f5f00a8b6,.,2026-08-14T19:14:15.259810+00:00,1.49553,,,forge build,1,BUILD_FAILURE,node16-npm8,16.20.2,1932,0,3,f4670d16839287b13be284ee9665d5e57e688a21ab20abb1b4460cb5c58913e2,benchmarks/isu/best_effort_build_runs/eb98a059ef709e7c9611/isu-eb98a059ef709e7c9611-20260814T191415Z-96501572e103438aaded543b7c7f30db/attempt_manifest.json
isu-edb1f071a84b4371a099-20260814T191416Z-fed806f5e59e40e38e45bedb9482601a,edb1f071a84b4371a099,https://github.com/code-423n4/2023-02-malt.git,63d0e77070886d1c8b4ca6241a747656a0441175,63d0e77070886d1c8b4ca6241a747656a0441175,.,2026-08-14T19:14:16.864559+00:00,6.050271,,,forge build,0,SUCCESS,node16-npm8,16.20.2,787,0,170,4b75e04fd39bca1c768122bc5ca3b6732205c1d071b884f0e8c8f6d900bfc2dd,benchmarks/isu/best_effort_build_runs/edb1f071a84b4371a099/isu-edb1f071a84b4371a099-20260814T191416Z-fed806f5e59e40e38e45bedb9482601a/attempt_manifest.json
isu-f4d010dc66dec808788d-20260814T191423Z-3acfd938fb1b4faaa78de91acfdf3de8,f4d010dc66dec808788d,https://github.com/code-423n4/2022-08-olympus.git,b5e139d732eb4c07102f149fb9426d356af617aa,b5e139d732eb4c07102f149fb9426d356af617aa,.,2026-08-14T19:14:23.016975+00:00,0.726156,,,forge build,1,BUILD_FAILURE,node16-npm8,16.20.2,168,0,0,,benchmarks/isu/best_effort_build_runs/f4d010dc66dec808788d/isu-f4d010dc66dec808788d-20260814T191423Z-3acfd938fb1b4faaa78de91acfdf3de8/attempt_manifest.json
isu-fa3e53cdabdbb7f07346-20260814T191423Z-39e518931d9c4377ab5105e418df2d01,fa3e53cdabdbb7f07346,https://github.com/debtdao/Line-of-Credit.git,e8aa08b44f6132a5ed901f8daa231700c5afeb3a,e8aa08b44f6132a5ed901f8daa231700c5afeb3a,.,2026-08-14T19:14:23.887039+00:00,0.72429,,,forge build,1,BUILD_FAILURE,node16-npm8,16.20.2,3025,0,1,dcd825c9aa7eb2c605f855a448efd3892911a81546e75981f3184b694390b507,benchmarks/isu/best_effort_build_runs/fa3e53cdabdbb7f07346/isu-fa3e53cdabdbb7f07346-20260814T191423Z-39e518931d9c4377ab5105e418df2d01/attempt_manifest.json
isu-d7c2d75431fd4e77ba2d-20260814T191349Z-e9e3d0ef01a541a0813ae68e6c751fca,d7c2d75431fd4e77ba2d,https://github.com/code-423n4/2021-10-mochi.git,b74cfe1815ba768954415eff6f1096c95564ad8b,b74cfe1815ba768954415eff6f1096c95564ad8b,projects/mochi-library,2026-08-14T19:13:49.537294+00:00,35.95832,"[""/workspace/artifact/environment/toolchains/node/16.20.2/bin/npm"", ""install"", ""--no-audit"", ""--no-fund"", ""--ignore-scripts"", ""--legacy-peer-deps""]",0,npm run compile,1,BUILD_FAILURE,node16-npm8,16.20.2,434,0,0,,benchmarks/isu/best_effort_build_runs/d7c2d75431fd4e77ba2d/isu-d7c2d75431fd4e77ba2d-20260814T191349Z-e9e3d0ef01a541a0813ae68e6c751fca/attempt_manifest.json
isu-ee0fa7d435f1c79612d5-20260814T191418Z-dc45a41e59c94b1598f0fd5527192664,ee0fa7d435f1c79612d5,https://github.com/code-423n4/2022-12-tessera.git,f37a11407da2af844bbfe868e1422e3665a5f8e4,f37a11407da2af844bbfe868e1422e3665a5f8e4,.,2026-08-14T19:14:18.537172+00:00,7.995139,"[""/workspace/artifact/environment/toolchains/node/16.20.2/bin/npm"", ""ci"", ""--no-audit"", ""--no-fund"", ""--ignore-scripts"", ""--legacy-peer-deps""]",0,forge build,0,SUCCESS,node16-npm8,16.20.2,2194,0,149,e1da4be129f9ed86d6f40f9f2ea31387fb2873ec8beca82788a7ba49d58670e2,benchmarks/isu/best_effort_build_runs/ee0fa7d435f1c79612d5/isu-ee0fa7d435f1c79612d5-20260814T191418Z-dc45a41e59c94b1598f0fd5527192664/attempt_manifest.json
isu-ec5efe413e6f66910418-20260814T191416Z-88cbe3b3d37e42b3982f522626d0abc3,ec5efe413e6f66910418,https://github.com/code-423n4/2022-11-stakehouse.git,08a34ed4505173e7cad2d3b2bde92863b61716c8,08a34ed4505173e7cad2d3b2bde92863b61716c8,.,2026-08-14T19:14:16.094358+00:00,17.530969,"[""/workspace/artifact/environment/toolchains/node/16.20.2/bin/node"", ""/workspace/artifact/environment/toolchains/yarn/1.22.22/bin/yarn.js"", ""install"", ""--non-interactive"", ""--ignore-scripts"", ""--frozen-lockfile""]",0,yarn compile,0,SUCCESS,node16-yarn1,16.20.2,212,0,177,48d46588eee05f9881b1e8c25771f08162f0485c2a608dd0fade009a933bb48e,benchmarks/isu/best_effort_build_runs/ec5efe413e6f66910418/isu-ec5efe413e6f66910418-20260814T191416Z-88cbe3b3d37e42b3982f522626d0abc3/attempt_manifest.json
isu-fa4a8073c5c25e104017-20260814T191424Z-2355989520b54d55ab32406faa9d3504,fa4a8073c5c25e104017,https://github.com/code-423n4/2022-11-stakehouse.git,4b6828e9c807f2f7c569e6d721ca1289f7cf7112,4b6828e9c807f2f7c569e6d721ca1289f7cf7112,.,2026-08-14T19:14:24.823682+00:00,16.561993,"[""/workspace/artifact/environment/toolchains/node/16.20.2/bin/node"", ""/workspace/artifact/environment/toolchains/yarn/1.22.22/bin/yarn.js"", ""install"", ""--non-interactive"", ""--ignore-scripts"", ""--frozen-lockfile""]",0,yarn compile,0,SUCCESS,node16-yarn1,16.20.2,91,0,177,fdfc16ab433f6145c614e11bed5999556ab30a1f525e05171373670995b3eba6,benchmarks/isu/best_effort_build_runs/fa4a8073c5c25e104017/isu-fa4a8073c5c25e104017-20260814T191424Z-2355989520b54d55ab32406faa9d3504/attempt_manifest.json
isu-fed6883739d838ef60fe-20260814T191436Z-33352ba38b0240eb921574e27f556b3e,fed6883739d838ef60fe,https://github.com/code-423n4/2024-02-ai-arena.git,b05b54a9eb5b0964bde9825f75305caa2d943155,b05b54a9eb5b0964bde9825f75305caa2d943155,.,2026-08-14T19:14:36.229030+00:00,12.338894,,,forge build,0,SUCCESS,node16-npm8,16.20.2,932,0,73,429029a3f5b783f3f2a1f6759ef2dd28b43610b87ff881ad4d0c4bec06b90b84,benchmarks/isu/best_effort_build_runs/fed6883739d838ef60fe/isu-fed6883739d838ef60fe-20260814T191436Z-33352ba38b0240eb921574e27f556b3e/attempt_manifest.json
isu-fed0ac8da716985d869b-20260814T191434Z-20a00d7b3b574cb291e188f7119f26c0,fed0ac8da716985d869b,https://github.com/code-423n4/2023-06-lybra.git,4f7ee7b143d75faebfc9cceb21a0ac794d84978a,4f7ee7b143d75faebfc9cceb21a0ac794d84978a,.,2026-08-14T19:14:34.147967+00:00,20.532546,"[""/workspace/artifact/environment/toolchains/node/16.20.2/bin/npm"", ""ci"", ""--no-audit"", ""--no-fund"", ""--ignore-scripts"", ""--legacy-peer-deps""]",0,npm run build,0,SUCCESS,node16-npm8,16.20.2,264,0,241,67cc88754a526c1cb17e9c77c80335ee3bac2f94fcc5653e6eeff87140300e5f,benchmarks/isu/best_effort_build_runs/fed0ac8da716985d869b/isu-fed0ac8da716985d869b-20260814T191434Z-20a00d7b3b574cb291e188f7119f26c0/attempt_manifest.json
isu-fe399aaaec4f5e1411c6-20260814T191427Z-f4ccf4f938d44c61a726296c99664aef,fe399aaaec4f5e1411c6,https://github.com/code-423n4/2022-12-tigris.git,496e1974ee3838be8759e7b4096dbee1b8795593,496e1974ee3838be8759e7b4096dbee1b8795593,.,2026-08-14T19:14:27.610616+00:00,32.084874,"[""/workspace/artifact/environment/toolchains/node/16.20.2/bin/npm"", ""ci"", ""--no-audit"", ""--no-fund"", ""--ignore-scripts"", ""--legacy-peer-deps""]",0,npx hardhat compile,0,SUCCESS,node16-npm8,16.20.2,160,0,164,389d1113f9c39bd70c2b67fefa7f43ce1081bf3bb0d3cfa88779f22607a6ea09,benchmarks/isu/best_effort_build_runs/fe399aaaec4f5e1411c6/isu-fe399aaaec4f5e1411c6-20260814T191427Z-f4ccf4f938d44c61a726296c99664aef/attempt_manifest.json
isu-0f62f3405b0b361b18a8-20260814T191559Z-90f18cb19fda47648e45f957dd03e9fd,0f62f3405b0b361b18a8,https://github.com/code-423n4/2021-11-streaming.git,56d81204a00fc949d29ddd277169690318b36821,56d81204a00fc949d29ddd277169690318b36821,Streaming,2026-08-14T19:15:59.109782+00:00,3.41207,"[""/workspace/artifact/environment/toolchains/node/16.20.2/bin/npm"", ""install"", ""--no-audit"", ""--no-fund"", ""--ignore-scripts"", ""--legacy-peer-deps""]",0,make build,2,BUILD_FAILURE,node16-npm8,16.20.2,72,0,1,5c79d1a1ef579751e53ca819c2a19275f909ec8b6aaf6e6e3a22342cc9b52904,benchmarks/isu/best_effort_build_runs/0f62f3405b0b361b18a8/isu-0f62f3405b0b361b18a8-20260814T191559Z-90f18cb19fda47648e45f957dd03e9fd/attempt_manifest.json
isu-f50077300d555dbf4ab9-20260814T191540Z-1b115d8958bc48b3afc5459dce91932b,f50077300d555dbf4ab9,https://github.com/PlayFi-Labs/node-license-sale-contracts.git,219c9ac0c963074cdd032f1188d0b5b7f6e3ccbb,219c9ac0c963074cdd032f1188d0b5b7f6e3ccbb,.,2026-08-14T19:15:40.085286+00:00,23.610222,"[""/workspace/artifact/environment/toolchains/node/18.20.8/bin/node"", ""/workspace/artifact/environment/toolchains/yarn/1.22.22/bin/yarn.js"", ""install"", ""--non-interactive"", ""--ignore-scripts"", ""--frozen-lockfile""]",0,npx hardhat compile --config hardhat.config.zksync.ts,1,BUILD_FAILURE,node18-yarn1,18.20.8,61,0,0,,benchmarks/isu/best_effort_build_runs/f50077300d555dbf4ab9/isu-f50077300d555dbf4ab9-20260814T191540Z-1b115d8958bc48b3afc5459dce91932b/attempt_manifest.json
isu-f50077300d555dbf4ab9-20260814T191540Z-f57c5e4a979f47aa84b7ef1ae3358945,f50077300d555dbf4ab9,https://github.com/PlayFi-Labs/node-license-sale-contracts.git,219c9ac0c963074cdd032f1188d0b5b7f6e3ccbb,219c9ac0c963074cdd032f1188d0b5b7f6e3ccbb,.,2026-08-14T19:15:40.084475+00:00,24.322007,"[""/workspace/artifact/environment/toolchains/node/18.20.8/bin/node"", ""/workspace/artifact/environment/toolchains/yarn/1.22.22/bin/yarn.js"", ""install"", ""--non-interactive"", ""--ignore-scripts"", ""--frozen-lockfile""]",0,npx hardhat compile --config hardhat.config.evm.ts,0,SUCCESS,node18-yarn1,18.20.8,61,0,37,38da15c8edff21e84d82305ce9d27314952adc69e21f668bab0dc70b03963599,benchmarks/isu/best_effort_build_runs/f50077300d555dbf4ab9/isu-f50077300d555dbf4ab9-20260814T191540Z-f57c5e4a979f47aa84b7ef1ae3358945/attempt_manifest.json
isu-0f62f3405b0b361b18a8-20260814T191946Z-701f01fc4841410b8cbca3d75024a440,0f62f3405b0b361b18a8,https://github.com/code-423n4/2021-11-streaming.git,56d81204a00fc949d29ddd277169690318b36821,56d81204a00fc949d29ddd277169690318b36821,Streaming,2026-08-14T19:19:46.403581+00:00,3.475097,"[""/workspace/artifact/environment/toolchains/node/16.20.2/bin/npm"", ""install"", ""--no-audit"", ""--no-fund"", ""--ignore-scripts"", ""--legacy-peer-deps""]",0,/usr/bin/python3 /workspace/artifact/runners/direct_solc_build.py --version 0.8.10 --source-dir src --include-path lib/solmate/src --include-path lib/ds-test/src,1,BUILD_FAILURE,node16-npm8,16.20.2,72,0,4,b8d1e581f863bb4610f1429ff7c70bad34bc9f79aee772ebddf4a14fbad66fff,benchmarks/isu/best_effort_build_runs/0f62f3405b0b361b18a8/isu-0f62f3405b0b361b18a8-20260814T191946Z-701f01fc4841410b8cbca3d75024a440/attempt_manifest.json
isu-17ed21b4712c0b20cc36-20260814T192219Z-032e87ae9ec04e5f99557ccf5e50eafc,17ed21b4712c0b20cc36,https://github.com/code-423n4/2023-01-astaria.git,1bfc58b42109b839528ab1c21dc9803d663df898,1bfc58b42109b839528ab1c21dc9803d663df898,.,2026-08-14T19:22:19.565133+00:00,0.555259,,,forge build,1,BUILD_FAILURE,node16-yarn1,16.20.2,91,0,0,,benchmarks/isu/best_effort_build_runs/17ed21b4712c0b20cc36/isu-17ed21b4712c0b20cc36-20260814T192219Z-032e87ae9ec04e5f99557ccf5e50eafc/attempt_manifest.json
isu-597ae00db4b637e8d8ab-20260814T192220Z-9e7f8adc29c34aeea267da758e3a28b9,597ae00db4b637e8d8ab,https://github.com/code-423n4/2023-09-venus.git,b11d9ef9db8237678567e66759003138f2368d23,b11d9ef9db8237678567e66759003138f2368d23,.,2026-08-14T19:22:20.200259+00:00,1.340864,"[""/workspace/artifact/environment/toolchains/node/18.20.8/bin/corepack"", ""yarn"", ""install"", ""--immutable"", ""--mode=skip-builds""]",1,yarn compile,,DEPENDENCY_FAILURE,node18-yarn1,18.20.8,417,0,0,,benchmarks/isu/best_effort_build_runs/597ae00db4b637e8d8ab/isu-597ae00db4b637e8d8ab-20260814T192220Z-9e7f8adc29c34aeea267da758e3a28b9/attempt_manifest.json
isu-66ca3e8adf0343f843ff-20260814T192221Z-8edb24ce378d41b689afe1bbb7fabfa3,66ca3e8adf0343f843ff,https://github.com/pooltogether/swappable-yield-source.git,bf943b3818b81d5f5cb9d8ecc6f13ffecd33a1ff,bf943b3818b81d5f5cb9d8ecc6f13ffecd33a1ff,.,2026-08-14T19:22:21.650864+00:00,0.906385,"[""/workspace/artifact/environment/toolchains/node/18.20.8/bin/corepack"", ""yarn"", ""install"", ""--immutable"", ""--mode=skip-builds""]",1,yarn compile,,DEPENDENCY_FAILURE,node18-yarn1,18.20.8,33,1,0,,benchmarks/isu/best_effort_build_runs/66ca3e8adf0343f843ff/isu-66ca3e8adf0343f843ff-20260814T192221Z-8edb24ce378d41b689afe1bbb7fabfa3/attempt_manifest.json
isu-3e4e01feaa76a5bfa74c-20260814T192219Z-106c34c4573243ab8dbbec2b6b746dd3,3e4e01feaa76a5bfa74c,https://github.com/code-423n4/2023-01-timeswap.git,ef4c84fb8535aad8abd6b67cc45d994337ec4514,ef4c84fb8535aad8abd6b67cc45d994337ec4514,.,2026-08-14T19:22:19.565441+00:00,6.248235,"[""/workspace/artifact/environment/toolchains/node/16.20.2/bin/npm"", ""ci"", ""--no-audit"", ""--no-fund"", ""--ignore-scripts"", ""--legacy-peer-deps""]",1,yarn build,,DEPENDENCY_FAILURE,node16-npm8,16.20.2,964,0,638,5add4bb9973a84df98dfcf0078337d038dedab077fff9eb07c6ce67c702d8492,benchmarks/isu/best_effort_build_runs/3e4e01feaa76a5bfa74c/isu-3e4e01feaa76a5bfa74c-20260814T192219Z-106c34c4573243ab8dbbec2b6b746dd3/attempt_manifest.json
isu-190ff08406165ccf2990-20260814T192219Z-aaa3e55098114c2ca883093582604778,190ff08406165ccf2990,https://github.com/rabbitholegg/quest-protocol.git,8c4c1f71221570b14a0479c216583342bd652d8d,8c4c1f71221570b14a0479c216583342bd652d8d,.,2026-08-14T19:22:19.565379+00:00,31.698205,"[""/workspace/artifact/environment/toolchains/node/16.20.2/bin/node"", ""/workspace/artifact/environment/toolchains/yarn/1.22.22/bin/yarn.js"", ""install"", ""--non-interactive"", ""--ignore-scripts"", ""--frozen-lockfile""]",0,yarn compile,0,SUCCESS,node16-yarn1,16.20.2,60,0,117,de7d7b28282ab935585577c12ce19578aeb9940e79798bc587af8e07a29a0aca,benchmarks/isu/best_effort_build_runs/190ff08406165ccf2990/isu-190ff08406165ccf2990-20260814T192219Z-aaa3e55098114c2ca883093582604778/attempt_manifest.json
isu-9beb76425d2bf5942a4d-20260814T192226Z-d65ea76f2de9485e906610a72426cf86,9beb76425d2bf5942a4d,https://github.com/code-423n4/2024-07-traitforge.git,279b2887e3d38bc219a05d332cbcb0655b2dc644,279b2887e3d38bc219a05d332cbcb0655b2dc644,.,2026-08-14T19:22:26.051334+00:00,25.298051,"[""/workspace/artifact/environment/toolchains/node/18.20.8/bin/node"", ""/workspace/artifact/environment/toolchains/yarn/1.22.22/bin/yarn.js"", ""install"", ""--non-interactive"", ""--ignore-scripts"", ""--frozen-lockfile""]",0,yarn compile,0,SUCCESS,node18-yarn1,18.20.8,52,0,89,742b51751f9266159f6bf8114a4fac935ba50e00c7e26b8bfa49bb54fdfa8f26,benchmarks/isu/best_effort_build_runs/9beb76425d2bf5942a4d/isu-9beb76425d2bf5942a4d-20260814T192226Z-d65ea76f2de9485e906610a72426cf86/attempt_manifest.json
isu-7cb043d026c74611d6c4-20260814T192222Z-ef5b6b380c654f30b959ccdf85fb1cab,7cb043d026c74611d6c4,https://github.com/code-423n4/2024-05-bakerfi.git,59b1f70cbf170871f9604e73e7fe70b70981ab43,59b1f70cbf170871f9604e73e7fe70b70981ab43,.,2026-08-14T19:22:22.702465+00:00,48.80141,"[""/workspace/artifact/environment/toolchains/node/16.20.2/bin/npm"", ""ci"", ""--no-audit"", ""--no-fund"", ""--ignore-scripts"", ""--force""]",0,npm run compile,0,SUCCESS,node16-npm8,16.20.2,216,0,303,0e7431370d40c21d95a815fbb40c9ba16682dff21630dc6644577a2b357456e3,benchmarks/isu/best_effort_build_runs/7cb043d026c74611d6c4/isu-7cb043d026c74611d6c4-20260814T192222Z-ef5b6b380c654f30b959ccdf85fb1cab/attempt_manifest.json
isu-a71bbe43cb08fee655f2-20260814T192257Z-c755c3a03e6c4fe8ae5faf616e96e4d9,a71bbe43cb08fee655f2,https://github.com/code-423n4/2021-12-amun.git,cf890dedf2e43ec787e8e5df65726316fda134a1,cf890dedf2e43ec787e8e5df65726316fda134a1,contracts/bridge,2026-08-14T19:22:57.345025+00:00,18.608647,"[""/workspace/artifact/environment/toolchains/node/16.20.2/bin/node"", ""/workspace/artifact/environment/toolchains/yarn/1.22.22/bin/yarn.js"", ""install"", ""--non-interactive"", ""--ignore-scripts"", ""--frozen-lockfile""]",1,yarn compile,,DEPENDENCY_FAILURE,node16-yarn1,16.20.2,95,0,1,e16cf8aca227f04915dc893c69af006d12dabb8292509602bc910747766e4353,benchmarks/isu/best_effort_build_runs/a71bbe43cb08fee655f2/isu-a71bbe43cb08fee655f2-20260814T192257Z-c755c3a03e6c4fe8ae5faf616e96e4d9/attempt_manifest.json
isu-9d8daa19c1e936e9ba9e-20260814T192256Z-a316380bc260434a8da085f0d5ace2e6,9d8daa19c1e936e9ba9e,https://github.com/code-423n4/2024-05-loop.git,20d9013a93a1ba98154198d6cf3c63f73ab95658,20d9013a93a1ba98154198d6cf3c63f73ab95658,.,2026-08-14T19:22:56.907188+00:00,19.679165,"[""/workspace/artifact/environment/toolchains/node/18.20.8/bin/node"", ""/workspace/artifact/environment/toolchains/yarn/1.22.22/bin/yarn.js"", ""install"", ""--non-interactive"", ""--ignore-scripts"", ""--frozen-lockfile""]",0,forge build,0,SUCCESS,node18-yarn1,18.20.8,799,0,52,cab463aaac1ffe038e994cbbbb30d8b6a69a33e8a14bb9b069f40473b91b9624,benchmarks/isu/best_effort_build_runs/9d8daa19c1e936e9ba9e/isu-9d8daa19c1e936e9ba9e-20260814T192256Z-a316380bc260434a8da085f0d5ace2e6/attempt_manifest.json
isu-55e1bbda13af0e5d9ef5-20260814T192219Z-3fc8914581394ec589de07be689a0b87,55e1bbda13af0e5d9ef5,https://github.com/code-423n4/2024-07-benddao.git,117ef61967d4b318fc65170061c9577e674fffa1,117ef61967d4b318fc65170061c9577e674fffa1,.,2026-08-14T19:22:19.565123+00:00,111.77163,"[""/workspace/artifact/environment/toolchains/node/18.20.8/bin/npm"", ""ci"", ""--no-audit"", ""--no-fund"", ""--ignore-scripts""]",0,yarn compile,0,PROHIBITED_EDIT,node18-npm10,18.20.8,250,1,233,52307ba9b6fc662688971251dd3abf33560f57c1026a6faf77415d50a5352553,benchmarks/isu/best_effort_build_runs/55e1bbda13af0e5d9ef5/isu-55e1bbda13af0e5d9ef5-20260814T192219Z-3fc8914581394ec589de07be689a0b87/attempt_manifest.json
isu-ad517a7d673ed4aa19f4-20260814T192319Z-8d027e49484a4724809b2fc9f1025dce,ad517a7d673ed4aa19f4,https://github.com/code-423n4/2021-11-bootfinance.git,f102ee73eb320532c5a7c1e833f225c479577e39,f102ee73eb320532c5a7c1e833f225c479577e39,tge,2026-08-14T19:23:19.883403+00:00,59.760803,"[""/workspace/artifact/environment/toolchains/node/16.20.2/bin/npm"", ""ci"", ""--no-audit"", ""--no-fund"", ""--ignore-scripts"", ""--legacy-peer-deps""]",0,npx truffle compile,1,BUILD_FAILURE,node16-npm8,16.20.2,261,1,42,d27a08e3e91cc97270337399f057a7290d3e07b17e089f6e0d79f39d3908bbff,benchmarks/isu/best_effort_build_runs/ad517a7d673ed4aa19f4/isu-ad517a7d673ed4aa19f4-20260814T192319Z-8d027e49484a4724809b2fc9f1025dce/attempt_manifest.json
isu-afe6967172f4b9b0e34a-20260814T192414Z-23aa156474c44cc1afa3c33a6beec2e8,afe6967172f4b9b0e34a,https://github.com/code-423n4/2024-05-olas.git,c217c378f48438fb505fb04db4107c839b928e7e,c217c378f48438fb505fb04db4107c839b928e7e,tokenomics,2026-08-14T19:24:14.587933+00:00,7.551904,"[""/workspace/artifact/environment/toolchains/node/16.20.2/bin/npm"", ""ci"", ""--no-audit"", ""--no-fund"", ""--ignore-scripts"", ""--legacy-peer-deps""]",1,yarn compile,,DEPENDENCY_FAILURE,node16-npm8,16.20.2,3879,0,2,57b9c79ccfeccc38417b16867233eb0c761fae8dfb882f281afe69e5e4d98d72,benchmarks/isu/best_effort_build_runs/afe6967172f4b9b0e34a/isu-afe6967172f4b9b0e34a-20260814T192414Z-23aa156474c44cc1afa3c33a6beec2e8/attempt_manifest.json
isu-d70057952f8081152c99-20260814T192422Z-58558feaeb7249b8a0c17ff5cfaf9e35,d70057952f8081152c99,https://github.com/code-423n4/2024-01-curves.git,516aedb7b9a8d341d0d2666c23780d2bd8a9a600,516aedb7b9a8d341d0d2666c23780d2bd8a9a600,.,2026-08-14T19:24:22.482968+00:00,1.610112,"[""/workspace/artifact/environment/toolchains/node/18.20.8/bin/corepack"", ""yarn"", ""install"", ""--immutable"", ""--mode=skip-builds""]",1,yarn compile,,DEPENDENCY_FAILURE,node18-yarn1,18.20.8,61,0,0,,benchmarks/isu/best_effort_build_runs/d70057952f8081152c99/isu-d70057952f8081152c99-20260814T192422Z-58558feaeb7249b8a0c17ff5cfaf9e35/attempt_manifest.json
isu-e7689c5bacc48db39ccb-20260814T192424Z-9f52d1da641447ca93ca0167038d4d97,e7689c5bacc48db39ccb,https://github.com/code-423n4/2022-11-paraspace.git,34cb87ea4a5e698f49ae5f5a07228db99514b7c7,34cb87ea4a5e698f49ae5f5a07228db99514b7c7,paraspace-core,2026-08-14T19:24:24.350854+00:00,1.999575,"[""/workspace/artifact/environment/toolchains/node/18.20.8/bin/corepack"", ""yarn"", ""install"", ""--immutable"", ""--mode=skip-builds""]",1,yarn build,,DEPENDENCY_FAILURE,node18-yarn1,18.20.8,773,1,0,,benchmarks/isu/best_effort_build_runs/e7689c5bacc48db39ccb/isu-e7689c5bacc48db39ccb-20260814T192424Z-9f52d1da641447ca93ca0167038d4d97/attempt_manifest.json
isu-afe6967172f4b9b0e34a-20260814T192321Z-7274b33caee740f48e80bcea43931c82,afe6967172f4b9b0e34a,https://github.com/code-423n4/2024-05-olas.git,c217c378f48438fb505fb04db4107c839b928e7e,c217c378f48438fb505fb04db4107c839b928e7e,governance,2026-08-14T19:23:21.575190+00:00,65.278439,"[""/workspace/artifact/environment/toolchains/node/18.20.8/bin/node"", ""/workspace/artifact/environment/toolchains/yarn/1.22.22/bin/yarn.js"", ""install"", ""--non-interactive"", ""--ignore-scripts"", ""--frozen-lockfile""]",0,npx hardhat compile,0,SUCCESS,node18-yarn1,18.20.8,3879,0,265,bdfaaaf28be0f1768661cda6f48b9b3bcbdbafdd53e62e98b595b4f2ec3d73eb,benchmarks/isu/best_effort_build_runs/afe6967172f4b9b0e34a/isu-afe6967172f4b9b0e34a-20260814T192321Z-7274b33caee740f48e80bcea43931c82/attempt_manifest.json
isu-afe6967172f4b9b0e34a-20260814T192321Z-d7c8e642f6434d7d9c7cbd0d1a6dbda7,afe6967172f4b9b0e34a,https://github.com/code-423n4/2024-05-olas.git,c217c378f48438fb505fb04db4107c839b928e7e,c217c378f48438fb505fb04db4107c839b928e7e,registries,2026-08-14T19:23:21.947253+00:00,78.686569,"[""/workspace/artifact/environment/toolchains/node/18.20.8/bin/node"", ""/workspace/artifact/environment/toolchains/yarn/1.22.22/bin/yarn.js"", ""install"", ""--non-interactive"", ""--ignore-scripts"", ""--frozen-lockfile""]",0,npx hardhat compile,0,SUCCESS,node18-yarn1,18.20.8,3879,0,313,f3ea67c16a74366d6f1cb41598c6630935488407a1ee00ecd5bc26e6f923155a,benchmarks/isu/best_effort_build_runs/afe6967172f4b9b0e34a/isu-afe6967172f4b9b0e34a-20260814T192321Z-d7c8e642f6434d7d9c7cbd0d1a6dbda7/attempt_manifest.json
isu-8736a3dffd1ae2b28d68-20260814T193652Z-ad5ac8e6c20a4b4080ccdd18218fc981,8736a3dffd1ae2b28d68,https://github.com/code-423n4/2021-12-defiprotocol.git,860fc371994de53749332af4b9d00387cbd18d4b,860fc371994de53749332af4b9d00387cbd18d4b,contracts,2026-08-14T19:36:52.604989+00:00,7.236661,"[""/workspace/artifact/environment/toolchains/node/22.13.0/bin/npm"", ""install"", ""--no-audit"", ""--no-fund"", ""--ignore-scripts""]",0,npx hardhat compile,1,BUILD_FAILURE,node22-npm10,22.13.0,42,0,0,,benchmarks/isu/best_effort_build_runs/8736a3dffd1ae2b28d68/isu-8736a3dffd1ae2b28d68-20260814T193652Z-ad5ac8e6c20a4b4080ccdd18218fc981/attempt_manifest.json
isu-39f49ac45cca3e9c8e51-20260814T193606Z-0e00603f87d14174a325ca8784627c26,39f49ac45cca3e9c8e51,https://github.com/code-423n4/2023-01-ondo.git,b4e1afc2816e35df66e1f53aef57637350b7ff5e,b4e1afc2816e35df66e1f53aef57637350b7ff5e,.,2026-08-14T19:36:06.394743+00:00,57.018486,"[""/workspace/artifact/environment/toolchains/node/16.20.2/bin/node"", ""/workspace/artifact/environment/toolchains/yarn/1.22.22/bin/yarn.js"", ""install"", ""--non-interactive"", ""--ignore-scripts"", ""--frozen-lockfile""]",0,yarn compile,0,SUCCESS,node16-yarn1,16.20.2,395,0,414,fde59450e8d9ed1e936e11e5d3050c6aa3624df26aee15daee4f3767d684adb2,benchmarks/isu/best_effort_build_runs/39f49ac45cca3e9c8e51/isu-39f49ac45cca3e9c8e51-20260814T193606Z-0e00603f87d14174a325ca8784627c26/attempt_manifest.json
isu-27d99ecc930a40c3f443-20260814T193730Z-e1f6b80eb6864f5ca85ed11bea6b10ba,27d99ecc930a40c3f443,https://github.com/code-423n4/2021-12-vader.git,842662a9837929f160c7a1f5a2e4a7c03e715e1b,842662a9837929f160c7a1f5a2e4a7c03e715e1b,.,2026-08-14T19:37:30.776779+00:00,13.262895,"[""/workspace/artifact/environment/toolchains/node/16.20.2/bin/npm"", ""ci"", ""--no-audit"", ""--no-fund"", ""--ignore-scripts"", ""--legacy-peer-deps""]",0,/usr/bin/python3 /workspace/artifact/runners/direct_solc_build.py --version 0.8.9 --source-dir contracts --include-path node_modules,0,SUCCESS,node16-npm8,16.20.2,159,0,3,104328cd0072f5ea8266720e92c65c031bc407964c804de49be48e39509553cd,benchmarks/isu/best_effort_build_runs/27d99ecc930a40c3f443/isu-27d99ecc930a40c3f443-20260814T193730Z-e1f6b80eb6864f5ca85ed11bea6b10ba/attempt_manifest.json
isu-57417c735ac666efab33-20260814T193808Z-ae1737d3c35641bd8f52801566668783,57417c735ac666efab33,https://github.com/code-423n4/2024-07-munchables.git,94cf468aaabf526b7a8319f7eba34014ccebe7b9,94cf468aaabf526b7a8319f7eba34014ccebe7b9,.,2026-08-14T19:38:08.766995+00:00,1.270668,,,forge build,1,BUILD_FAILURE,node16-npm8,16.20.2,1994,0,6,85d74f20c577f4b0ab19144c1388ee1868126580f6302ca4f445360acc8c3f73,benchmarks/isu/best_effort_build_runs/57417c735ac666efab33/isu-57417c735ac666efab33-20260814T193808Z-ae1737d3c35641bd8f52801566668783/attempt_manifest.json
isu-7ac89b753c19d6b46c51-20260814T193826Z-6075fb6fd94349ab9b5526e4d9fe199e,7ac89b753c19d6b46c51,https://github.com/code-423n4/2024-03-dittoeth.git,91faf46078bb6fe8ce9f55bcb717e5d2d302d22e,91faf46078bb6fe8ce9f55bcb717e5d2d302d22e,.,2026-08-14T19:38:26.654437+00:00,0.866641,,,forge build,1,BUILD_FAILURE,node16-npm8,16.20.2,229,0,0,,benchmarks/isu/best_effort_build_runs/7ac89b753c19d6b46c51/isu-7ac89b753c19d6b46c51-20260814T193826Z-6075fb6fd94349ab9b5526e4d9fe199e/attempt_manifest.json
isu-94faa031b29d37add602-20260814T194129Z-597161cc13e147d6951dba4ad968224b,94faa031b29d37add602,https://github.com/code-423n4/2022-02-anchor.git,5da31121b8b9bbd4420aa75e25859207e67538c3,5da31121b8b9bbd4420aa75e25859207e67538c3,contracts/cross-chain-contracts,2026-08-14T19:41:29.010296+00:00,25.228954,"[""/workspace/artifact/environment/toolchains/node/16.20.2/bin/npm"", ""ci"", ""--no-audit"", ""--no-fund"", ""--ignore-scripts"", ""--legacy-peer-deps""]",0,/usr/bin/python3 /workspace/artifact/runners/direct_solc_build.py --version 0.8.4 --source-dir ethereum --include-path node_modules,1,BUILD_FAILURE,node16-npm8,16.20.2,669,0,11,b003eceef1edd456e8177fca1955e2caa453046ef0e031497a0e3feb31016d2f,benchmarks/isu/best_effort_build_runs/94faa031b29d37add602/isu-94faa031b29d37add602-20260814T194129Z-597161cc13e147d6951dba4ad968224b/attempt_manifest.json
isu-51822de69e2919a4a935-20260814T194014Z-8fe48f29735c4ddcb3dc7bc37c52f80a,51822de69e2919a4a935,https://github.com/Tapioca-DAO/tapioca-bar-audit.git,2286f80f928f41c8bc189d0657d74ba83286c668,2286f80f928f41c8bc189d0657d74ba83286c668,.,2026-08-14T19:40:14.935880+00:00,122.439273,"[""/workspace/artifact/environment/toolchains/node/16.20.2/bin/node"", ""/workspace/artifact/environment/toolchains/yarn/1.22.22/bin/yarn.js"", ""install"", ""--non-interactive"", ""--ignore-scripts"", ""--frozen-lockfile""]",0,yarn compile,0,SUCCESS,node16-yarn1,16.20.2,2408,0,853,1f97c0ef4c38ee09e9da21b8e91e0784a272b6c459460ccc4f1a77e689fee264,benchmarks/isu/best_effort_build_runs/51822de69e2919a4a935/isu-51822de69e2919a4a935-20260814T194014Z-8fe48f29735c4ddcb3dc7bc37c52f80a/attempt_manifest.json
isu-ad517a7d673ed4aa19f4-20260814T194207Z-f2ec1cd8bd004512bf44e62f36b8457a,ad517a7d673ed4aa19f4,https://github.com/code-423n4/2021-11-bootfinance.git,f102ee73eb320532c5a7c1e833f225c479577e39,f102ee73eb320532c5a7c1e833f225c479577e39,customswap,2026-08-14T19:42:07.002951+00:00,42.606708,"[""/workspace/artifact/environment/toolchains/node/16.20.2/bin/npm"", ""ci"", ""--no-audit"", ""--no-fund"", ""--ignore-scripts"", ""--legacy-peer-deps""]",0,npx hardhat compile,0,SUCCESS,node16-npm8,16.20.2,261,0,109,ea02b02c879e4b3e858c0c0d605aafb1ac2662074951be989cb98fad95a3a44a,benchmarks/isu/best_effort_build_runs/ad517a7d673ed4aa19f4/isu-ad517a7d673ed4aa19f4-20260814T194207Z-f2ec1cd8bd004512bf44e62f36b8457a/attempt_manifest.json
isu-0f62f3405b0b361b18a8-20260814T195612Z-1e6e72e00f6640efbf89e513b5f37546,0f62f3405b0b361b18a8,https://github.com/code-423n4/2021-11-streaming.git,56d81204a00fc949d29ddd277169690318b36821,56d81204a00fc949d29ddd277169690318b36821,Streaming,2026-08-14T19:56:12.498248+00:00,4.974502,"[""/workspace/artifact/environment/toolchains/node/16.20.2/bin/npm"", ""install"", ""--no-audit"", ""--no-fund"", ""--ignore-scripts"", ""--legacy-peer-deps""]",0,/usr/bin/python3 /workspace/artifact/runners/direct_solc_build.py --version 0.8.10 --source-dir src --remapping solmate=lib/solmate/src --remapping ds-test=lib/ds-test/src,0,SUCCESS,node16-npm8,16.20.2,72,0,4,32863402f7bbac16edffc9cc396d14055d0a531972695587d659aec17c6ab3d2,benchmarks/isu/best_effort_build_runs/0f62f3405b0b361b18a8/isu-0f62f3405b0b361b18a8-20260814T195612Z-1e6e72e00f6640efbf89e513b5f37546/attempt_manifest.json
isu-57417c735ac666efab33-20260814T195612Z-6800b158b04e4ebd952bdd6854eb5d7e,57417c735ac666efab33,https://github.com/code-423n4/2024-07-munchables.git,94cf468aaabf526b7a8319f7eba34014ccebe7b9,94cf468aaabf526b7a8319f7eba34014ccebe7b9,.,2026-08-14T19:56:12.499048+00:00,19.326023,"[""/workspace/artifact/environment/toolchains/node/22.13.0/bin/npm"", ""install"", ""--package-lock=false"", ""--no-audit"", ""--no-fund"", ""--ignore-scripts""]",0,forge build,1,BUILD_FAILURE,node22-npm10,22.13.0,1994,0,6,85d74f20c577f4b0ab19144c1388ee1868126580f6302ca4f445360acc8c3f73,benchmarks/isu/best_effort_build_runs/57417c735ac666efab33/isu-57417c735ac666efab33-20260814T195612Z-6800b158b04e4ebd952bdd6854eb5d7e/attempt_manifest.json
isu-94faa031b29d37add602-20260814T195612Z-4a5f1ff305cb4a02a128d92440bb3d51,94faa031b29d37add602,https://github.com/code-423n4/2022-02-anchor.git,5da31121b8b9bbd4420aa75e25859207e67538c3,5da31121b8b9bbd4420aa75e25859207e67538c3,contracts/cross-chain-contracts,2026-08-14T19:56:12.498038+00:00,25.353845,"[""/workspace/artifact/environment/toolchains/node/16.20.2/bin/npm"", ""ci"", ""--no-audit"", ""--no-fund"", ""--ignore-scripts"", ""--legacy-peer-deps""]",0,/usr/bin/python3 /workspace/artifact/runners/direct_solc_build.py --version 0.8.4 --source-dir ethereum --vendor-dir node_modules,0,SUCCESS,node16-npm8,16.20.2,669,0,11,ced8837d299d2e1ae3d0d0dc419dfb596903017ee8bfe22124763b587ddbd151,benchmarks/isu/best_effort_build_runs/94faa031b29d37add602/isu-94faa031b29d37add602-20260814T195612Z-4a5f1ff305cb4a02a128d92440bb3d51/attempt_manifest.json
isu-8736a3dffd1ae2b28d68-20260814T195822Z-3d4ba10e0753493faada45a2f772537f,8736a3dffd1ae2b28d68,https://github.com/code-423n4/2021-12-defiprotocol.git,860fc371994de53749332af4b9d00387cbd18d4b,860fc371994de53749332af4b9d00387cbd18d4b,contracts,2026-08-14T19:58:22.628930+00:00,0.090596,,,/usr/bin/python3 /workspace/artifact/runners/direct_solc_build.py --version 0.8.7 --source-dir contracts,1,BUILD_FAILURE,node16-npm8,16.20.2,42,0,3,bac689c5bd5ae0133936a9c89f189af6fbb4c1369a32ab9acf8cf479839489c9,benchmarks/isu/best_effort_build_runs/8736a3dffd1ae2b28d68/isu-8736a3dffd1ae2b28d68-20260814T195822Z-3d4ba10e0753493faada45a2f772537f/attempt_manifest.json
isu-57417c735ac666efab33-20260814T195822Z-abd59b7b44cb4890bbe494beffd40a14,57417c735ac666efab33,https://github.com/code-423n4/2024-07-munchables.git,94cf468aaabf526b7a8319f7eba34014ccebe7b9,94cf468aaabf526b7a8319f7eba34014ccebe7b9,.,2026-08-14T19:58:22.626960+00:00,21.702114,"[""/workspace/artifact/environment/toolchains/node/22.13.0/bin/npm"", ""install"", ""--package-lock=false"", ""--no-audit"", ""--no-fund"", ""--ignore-scripts""]",0,/usr/bin/python3 /workspace/artifact/runners/direct_solc_build.py --version 0.8.25 --source-dir src --vendor-dir node_modules,1,BUILD_FAILURE,node22-npm10,22.13.0,1994,0,6,85d74f20c577f4b0ab19144c1388ee1868126580f6302ca4f445360acc8c3f73,benchmarks/isu/best_effort_build_runs/57417c735ac666efab33/isu-57417c735ac666efab33-20260814T195822Z-abd59b7b44cb4890bbe494beffd40a14/attempt_manifest.json
isu-55e1bbda13af0e5d9ef5-20260814T195822Z-0ab9744488e046e0bf36bfe6e95fe4b6,55e1bbda13af0e5d9ef5,https://github.com/code-423n4/2024-07-benddao.git,117ef61967d4b318fc65170061c9577e674fffa1,117ef61967d4b318fc65170061c9577e674fffa1,.,2026-08-14T19:58:22.629142+00:00,87.814376,"[""/workspace/artifact/environment/toolchains/node/18.20.8/bin/npm"", ""ci"", ""--no-audit"", ""--no-fund"", ""--ignore-scripts""]",0,forge compile,0,PROHIBITED_EDIT,node18-npm10,18.20.8,250,1,233,96f87d88bb277de0571eaa9165dd8e106879ca14ac0806140120c1220e805005,benchmarks/isu/best_effort_build_runs/55e1bbda13af0e5d9ef5/isu-55e1bbda13af0e5d9ef5-20260814T195822Z-0ab9744488e046e0bf36bfe6e95fe4b6/attempt_manifest.json
isu-55e1bbda13af0e5d9ef5-20260814T200325Z-ae1929865a4442eb98693a405d64b5c0,55e1bbda13af0e5d9ef5,https://github.com/code-423n4/2024-07-benddao.git,117ef61967d4b318fc65170061c9577e674fffa1,117ef61967d4b318fc65170061c9577e674fffa1,.,2026-08-14T20:03:25.371813+00:00,4.978463,"[""/workspace/artifact/environment/toolchains/node/16.20.2/bin/node"", ""/workspace/artifact/environment/toolchains/yarn/1.22.22/bin/yarn.js"", ""install"", ""--non-interactive"", ""--ignore-scripts"", ""--pure-lockfile""]",1,forge compile,,DEPENDENCY_FAILURE,node16-yarn1,16.20.2,250,0,0,,benchmarks/isu/best_effort_build_runs/55e1bbda13af0e5d9ef5/isu-55e1bbda13af0e5d9ef5-20260814T200325Z-ae1929865a4442eb98693a405d64b5c0/attempt_manifest.json
isu-57417c735ac666efab33-20260814T204854Z-86c88e33110b46caa14e750e907e5425,57417c735ac666efab33,https://github.com/code-423n4/2024-07-munchables.git,94cf468aaabf526b7a8319f7eba34014ccebe7b9,94cf468aaabf526b7a8319f7eba34014ccebe7b9,.,2026-08-14T20:48:54.502673+00:00,18.951842,"[""/workspace/artifact/environment/toolchains/node/22.13.0/bin/npm"", ""install"", ""--package-lock=false"", ""--no-audit"", ""--no-fund"", ""--ignore-scripts""]",0,/usr/bin/python3 /workspace/artifact/runners/direct_solc_build.py --version 0.8.25 --source-dir src --vendor-dir node_modules,1,BUILD_FAILURE,node22-npm10,22.13.0,1994,0,9,ae0f0ee1b42aa0f211a81af3ef09a57bc882bb815c5ce8bef3e0a84afe1ffe39,benchmarks/isu/best_effort_build_runs/57417c735ac666efab33/isu-57417c735ac666efab33-20260814T204854Z-86c88e33110b46caa14e750e907e5425/attempt_manifest.json
isu-28f44f959080974f24f7-20260814T204916Z-2e02f2f1840742ca84d4d40762531eff,28f44f959080974f24f7,https://github.com/k06a/Unipool.git,bb1843b454bbb10b3b1ccf48edf5e72a80b2acfe,bb1843b454bbb10b3b1ccf48edf5e72a80b2acfe,.,2026-08-14T20:49:16.300658+00:00,10.912444,"[""/workspace/artifact/environment/toolchains/node/16.20.2/bin/node"", ""/workspace/artifact/environment/toolchains/yarn/1.22.22/bin/yarn.js"", ""install"", ""--non-interactive"", ""--ignore-scripts"", ""--frozen-lockfile""]",0,/usr/bin/python3 /workspace/artifact/runners/direct_solc_build.py --version 0.5.12 --source-dir contracts --vendor-dir node_modules,1,BUILD_FAILURE,node16-yarn1,16.20.2,35,0,3,a0580bdb94558d6412a70870eaf1fb165b41b15e02f105b1b965ac4e8391c6da,benchmarks/isu/best_effort_build_runs/28f44f959080974f24f7/isu-28f44f959080974f24f7-20260814T204916Z-2e02f2f1840742ca84d4d40762531eff/attempt_manifest.json
isu-55e1bbda13af0e5d9ef5-20260814T204933Z-b7c327876f4942b0bfcfcf902e23c612,55e1bbda13af0e5d9ef5,https://github.com/code-423n4/2024-07-benddao.git,117ef61967d4b318fc65170061c9577e674fffa1,117ef61967d4b318fc65170061c9577e674fffa1,.,2026-08-14T20:49:33.000174+00:00,77.01462,"[""/workspace/artifact/environment/toolchains/node/18.20.8/bin/node"", ""/workspace/artifact/environment/toolchains/yarn/1.22.22/bin/yarn.js"", ""install"", ""--non-interactive"", ""--ignore-scripts"", ""--pure-lockfile""]",0,forge compile,0,SUCCESS,node18-yarn1,18.20.8,250,0,233,29ae650c1834fcf230e310bf5af99209099761144f9cd329a0aae5d7ffdf8258,benchmarks/isu/best_effort_build_runs/55e1bbda13af0e5d9ef5/isu-55e1bbda13af0e5d9ef5-20260814T204933Z-b7c327876f4942b0bfcfcf902e23c612/attempt_manifest.json
isu-28f44f959080974f24f7-20260814T205216Z-3bef6a7ef4794c6f9641efc5dcb61f32,28f44f959080974f24f7,https://github.com/k06a/Unipool.git,bb1843b454bbb10b3b1ccf48edf5e72a80b2acfe,bb1843b454bbb10b3b1ccf48edf5e72a80b2acfe,.,2026-08-14T20:52:16.520016+00:00,11.061301,"[""/workspace/artifact/environment/toolchains/node/16.20.2/bin/node"", ""/workspace/artifact/environment/toolchains/yarn/1.22.22/bin/yarn.js"", ""install"", ""--non-interactive"", ""--ignore-scripts"", ""--frozen-lockfile""]",0,/usr/bin/python3 /workspace/artifact/runners/direct_solc_build.py --version 0.5.12 --source-dir contracts --vendor-dir node_modules,0,SUCCESS,node16-yarn1,16.20.2,35,0,3,9a15faefcb6e0bed856f7c03095da38aeb30d8cfb1a4d9e498b5834ec6bce96a,benchmarks/isu/best_effort_build_runs/28f44f959080974f24f7/isu-28f44f959080974f24f7-20260814T205216Z-3bef6a7ef4794c6f9641efc5dcb61f32/attempt_manifest.json
isu-57417c735ac666efab33-20260814T205233Z-ba871254c77740758eaafc9f3eb2b648,57417c735ac666efab33,https://github.com/code-423n4/2024-07-munchables.git,94cf468aaabf526b7a8319f7eba34014ccebe7b9,94cf468aaabf526b7a8319f7eba34014ccebe7b9,.,2026-08-14T20:52:33.023271+00:00,19.436931,"[""/workspace/artifact/environment/toolchains/node/22.13.0/bin/npm"", ""install"", ""--package-lock=false"", ""--no-audit"", ""--no-fund"", ""--ignore-scripts""]",0,forge build --use /workspace/artifact/environment/toolchains/solc/0.8.25/solc,1,BUILD_FAILURE,node22-npm10,22.13.0,1994,0,6,85d74f20c577f4b0ab19144c1388ee1868126580f6302ca4f445360acc8c3f73,benchmarks/isu/best_effort_build_runs/57417c735ac666efab33/isu-57417c735ac666efab33-20260814T205233Z-ba871254c77740758eaafc9f3eb2b648/attempt_manifest.json
isu-57417c735ac666efab33-20260814T205350Z-2b1ee2e584b0465cafa1c79d32c99cc7,57417c735ac666efab33,https://github.com/code-423n4/2024-07-munchables.git,94cf468aaabf526b7a8319f7eba34014ccebe7b9,94cf468aaabf526b7a8319f7eba34014ccebe7b9,.,2026-08-14T20:53:50.794408+00:00,19.973984,"[""/workspace/artifact/environment/toolchains/node/22.13.0/bin/npm"", ""install"", ""--package-lock=false"", ""--no-audit"", ""--no-fund"", ""--ignore-scripts""]",0,forge build --use /workspace/artifact/environment/toolchains/solc/0.8.25/solc -R @openzeppelin/contracts-upgradeable/=lib/openzeppelin-contracts-upgradeable/contracts/ -R @openzeppelin/contracts/=lib/openzeppelin-contracts-upgradeable/lib/openzeppelin-contracts/contracts/ -R openzeppelin-contracts-upgradeable/=lib/openzeppelin-contracts-upgradeable/,1,BUILD_FAILURE,node22-npm10,22.13.0,1994,0,6,85d74f20c577f4b0ab19144c1388ee1868126580f6302ca4f445360acc8c3f73,benchmarks/isu/best_effort_build_runs/57417c735ac666efab33/isu-57417c735ac666efab33-20260814T205350Z-2b1ee2e584b0465cafa1c79d32c99cc7/attempt_manifest.json
isu-57417c735ac666efab33-20260814T205506Z-6a22efdee866448695de95bbd0100e17,57417c735ac666efab33,https://github.com/code-423n4/2024-07-munchables.git,94cf468aaabf526b7a8319f7eba34014ccebe7b9,94cf468aaabf526b7a8319f7eba34014ccebe7b9,.,2026-08-14T20:55:06.759428+00:00,347.694185,"[""/workspace/artifact/environment/toolchains/node/22.13.0/bin/npm"", ""install"", ""--package-lock=false"", ""--no-audit"", ""--no-fund"", ""--ignore-scripts""]",0,forge build --use /workspace/artifact/environment/toolchains/solc/0.8.25/solc -R @openzeppelin/contracts-upgradeable/=lib/openzeppelin-contracts-upgradeable/contracts/ -R @openzeppelin/contracts/=lib/openzeppelin-contracts/contracts/ -R openzeppelin-contracts-upgradeable/=lib/openzeppelin-contracts-upgradeable/,0,SUCCESS,node22-npm10,22.13.0,1994,0,175,d0b99b4ec7e3ee38918e60b9d28940c05c76599dc34e94c098abb229e26e0889,benchmarks/isu/best_effort_build_runs/57417c735ac666efab33/isu-57417c735ac666efab33-20260814T205506Z-6a22efdee866448695de95bbd0100e17/attempt_manifest.json
isu-597ae00db4b637e8d8ab-20260814T210507Z-1d06396ab368467e92a60396a214a90d,597ae00db4b637e8d8ab,https://github.com/code-423n4/2023-09-venus.git,b11d9ef9db8237678567e66759003138f2368d23,b11d9ef9db8237678567e66759003138f2368d23,.,2026-08-14T21:05:07.183015+00:00,85.873349,"[""/workspace/artifact/environment/toolchains/node/18.20.8/bin/node"", ""/workspace/artifact/benchmarks/isu/best_effort_build_runs/597ae00db4b637e8d8ab/isu-597ae00db4b637e8d8ab-20260814T210507Z-1d06396ab368467e92a60396a214a90d/workspace/.yarn/releases/yarn-3.2.0.cjs"", ""install"", ""--immutable"", ""--mode=skip-build""]",0,yarn compile,0,SUCCESS,node18-npm10,18.20.8,417,0,614,470fb17e657dec8087164f35824746373257fee7cd9f00d45b501298e9e8d655,benchmarks/isu/best_effort_build_runs/597ae00db4b637e8d8ab/isu-597ae00db4b637e8d8ab-20260814T210507Z-1d06396ab368467e92a60396a214a90d/attempt_manifest.json
isu-66ca3e8adf0343f843ff-20260814T210639Z-8f7f1f0bc15a474bb8a0c800cb99ee52,66ca3e8adf0343f843ff,https://github.com/pooltogether/swappable-yield-source.git,bf943b3818b81d5f5cb9d8ecc6f13ffecd33a1ff,bf943b3818b81d5f5cb9d8ecc6f13ffecd33a1ff,.,2026-08-14T21:06:39.071964+00:00,117.835049,"[""/workspace/artifact/environment/toolchains/node/16.20.2/bin/node"", ""/workspace/artifact/benchmarks/isu/best_effort_build_runs/66ca3e8adf0343f843ff/isu-66ca3e8adf0343f843ff-20260814T210639Z-8f7f1f0bc15a474bb8a0c800cb99ee52/workspace/.yarn/releases/yarn-berry.cjs"", ""install"", ""--immutable"", ""--skip-builds""]",0,yarn compile,0,SUCCESS,node16-yarn1,16.20.2,33,0,38,6421a48e2c0b1d9e745a1ad09c541322654b799b26b88e9ca62a229b49a2854b,benchmarks/isu/best_effort_build_runs/66ca3e8adf0343f843ff/isu-66ca3e8adf0343f843ff-20260814T210639Z-8f7f1f0bc15a474bb8a0c800cb99ee52/attempt_manifest.json
isu-d70057952f8081152c99-20260814T210842Z-47badd31a0b141e4863b127affaa05be,d70057952f8081152c99,https://github.com/code-423n4/2024-01-curves.git,516aedb7b9a8d341d0d2666c23780d2bd8a9a600,516aedb7b9a8d341d0d2666c23780d2bd8a9a600,.,2026-08-14T21:08:42.903720+00:00,15.852514,"[""/workspace/artifact/environment/toolchains/node/18.20.8/bin/corepack"", ""yarn"", ""install"", ""--immutable"", ""--mode=skip-build""]",1,yarn compile,,DEPENDENCY_FAILURE,node18-npm10,18.20.8,61,0,0,,benchmarks/isu/best_effort_build_runs/d70057952f8081152c99/isu-d70057952f8081152c99-20260814T210842Z-47badd31a0b141e4863b127affaa05be/attempt_manifest.json
isu-c7fcb7c2bdaac83cd94d-20260814T210858Z-c069bea1cacc445b9eefbb042481a9a4,c7fcb7c2bdaac83cd94d,https://github.com/code-423n4/2022-04-abranft.git,5cd4edc3298c05748e952f8a8c93e42f930a78c2,5cd4edc3298c05748e952f8a8c93e42f930a78c2,.,2026-08-14T21:08:58.886211+00:00,39.069262,"[""/workspace/artifact/environment/toolchains/node/12.22.12/bin/node"", ""/workspace/artifact/environment/toolchains/yarn/1.22.22/bin/yarn.js"", ""install"", ""--non-interactive"", ""--ignore-scripts"", ""--pure-lockfile""]",0,yarn build,0,SUCCESS,node12-yarn1,12.22.12,66,0,156,44e8944b2f4c0d603efff66e0990af7a67763ba0d1b07676c6f5ff5a5005bb58,benchmarks/isu/best_effort_build_runs/c7fcb7c2bdaac83cd94d/isu-c7fcb7c2bdaac83cd94d-20260814T210858Z-c069bea1cacc445b9eefbb042481a9a4/attempt_manifest.json
isu-d70057952f8081152c99-20260814T211205Z-dc8236fd5f494be498cea39b090999bf,d70057952f8081152c99,https://github.com/code-423n4/2024-01-curves.git,516aedb7b9a8d341d0d2666c23780d2bd8a9a600,516aedb7b9a8d341d0d2666c23780d2bd8a9a600,.,2026-08-14T21:12:05.972662+00:00,0.305642,"[""/workspace/artifact/environment/toolchains/node/18.20.8/bin/node"", ""/workspace/artifact/environment/toolchains/yarn/1.22.22/bin/yarn.js"", ""install"", ""--non-interactive"", ""--ignore-scripts"", ""--frozen-lockfile""]",1,yarn compile,,DEPENDENCY_FAILURE,node18-yarn1,18.20.8,61,0,0,,benchmarks/isu/best_effort_build_runs/d70057952f8081152c99/isu-d70057952f8081152c99-20260814T211205Z-dc8236fd5f494be498cea39b090999bf/attempt_manifest.json
isu-e7689c5bacc48db39ccb-20260814T211206Z-5593746b51604b05952016f1968ab824,e7689c5bacc48db39ccb,https://github.com/code-423n4/2022-11-paraspace.git,34cb87ea4a5e698f49ae5f5a07228db99514b7c7,34cb87ea4a5e698f49ae5f5a07228db99514b7c7,paraspace-core,2026-08-14T21:12:06.349553+00:00,120.294515,"[""/workspace/artifact/environment/toolchains/node/18.20.8/bin/node"", ""/workspace/artifact/benchmarks/isu/best_effort_build_runs/e7689c5bacc48db39ccb/isu-e7689c5bacc48db39ccb-20260814T211206Z-5593746b51604b05952016f1968ab824/workspace/paraspace-core/.yarn/releases/yarn-3.2.1.cjs"", ""install"", ""--immutable"", ""--mode=skip-build""]",0,yarn build,0,SUCCESS,node18-npm10,18.20.8,773,0,974,20110b2aa3c7c26aee3b464685a3dd9b0078507513aa85a1156e6ad2f045a690,benchmarks/isu/best_effort_build_runs/e7689c5bacc48db39ccb/isu-e7689c5bacc48db39ccb-20260814T211206Z-5593746b51604b05952016f1968ab824/attempt_manifest.json
isu-3e4e01feaa76a5bfa74c-20260814T211413Z-e3ec4d0b34dc49fd9a39e005196e541b,3e4e01feaa76a5bfa74c,https://github.com/code-423n4/2023-01-timeswap.git,ef4c84fb8535aad8abd6b67cc45d994337ec4514,ef4c84fb8535aad8abd6b67cc45d994337ec4514,.,2026-08-14T21:14:13.311635+00:00,3.374877,"[""/workspace/artifact/environment/toolchains/node/16.20.2/bin/corepack"", ""yarn@3.2.1"", ""install"", ""--immutable"", ""--mode=skip-build""]",1,yarn build,,DEPENDENCY_FAILURE,node16-yarn1,16.20.2,964,0,638,5add4bb9973a84df98dfcf0078337d038dedab077fff9eb07c6ce67c702d8492,benchmarks/isu/best_effort_build_runs/3e4e01feaa76a5bfa74c/isu-3e4e01feaa76a5bfa74c-20260814T211413Z-e3ec4d0b34dc49fd9a39e005196e541b/attempt_manifest.json
isu-d70057952f8081152c99-20260814T211543Z-632027d186d1442fbcfc256d21d2229e,d70057952f8081152c99,https://github.com/code-423n4/2024-01-curves.git,516aedb7b9a8d341d0d2666c23780d2bd8a9a600,516aedb7b9a8d341d0d2666c23780d2bd8a9a600,.,2026-08-14T21:15:43.807724+00:00,0.306042,"[""/workspace/artifact/environment/toolchains/node/18.20.8/bin/node"", ""/workspace/artifact/environment/toolchains/yarn/1.22.22/bin/yarn.js"", ""install"", ""--non-interactive"", ""--ignore-scripts"", ""--frozen-lockfile""]",1,yarn compile,,DEPENDENCY_FAILURE,node18-yarn1,18.20.8,61,0,0,,benchmarks/isu/best_effort_build_runs/d70057952f8081152c99/isu-d70057952f8081152c99-20260814T211543Z-632027d186d1442fbcfc256d21d2229e/attempt_manifest.json
isu-3e4e01feaa76a5bfa74c-20260814T211544Z-62c18865c2ee475196c539a4e356165f,3e4e01feaa76a5bfa74c,https://github.com/code-423n4/2023-01-timeswap.git,ef4c84fb8535aad8abd6b67cc45d994337ec4514,ef4c84fb8535aad8abd6b67cc45d994337ec4514,.,2026-08-14T21:15:44.192757+00:00,4.131774,"[""/workspace/artifact/environment/toolchains/node/16.20.2/bin/corepack"", ""yarn@3.3.1"", ""install"", ""--immutable"", ""--mode=skip-build""]",1,yarn build,,DEPENDENCY_FAILURE,node16-yarn1,16.20.2,964,0,638,5add4bb9973a84df98dfcf0078337d038dedab077fff9eb07c6ce67c702d8492,benchmarks/isu/best_effort_build_runs/3e4e01feaa76a5bfa74c/isu-3e4e01feaa76a5bfa74c-20260814T211544Z-62c18865c2ee475196c539a4e356165f/attempt_manifest.json
isu-3b40d4c2e2c5c78d66a1-20260814T212005Z-98f0797899f24d2fb011cbbb5f29f645,3b40d4c2e2c5c78d66a1,https://github.com/golom-protocol/contracts.git,4e84d5c2115d163ca54a1729da46164e8cf4df6d,4e84d5c2115d163ca54a1729da46164e8cf4df6d,.,2026-08-14T21:20:05.066954+00:00,53.463693,"[""/workspace/artifact/environment/toolchains/node/16.20.2/bin/node"", ""/workspace/artifact/environment/toolchains/yarn/1.22.22/bin/yarn.js"", ""install"", ""--non-interactive"", ""--ignore-scripts"", ""--frozen-lockfile""]",0,./node_modules/.bin/hardhat compile,0,SUCCESS,node16-yarn1,16.20.2,49,0,138,7b7423866838acbd1cf2ecd9c311f3201271ba87703af09bdcebe23de4ea412d,benchmarks/isu/best_effort_build_runs/3b40d4c2e2c5c78d66a1/isu-3b40d4c2e2c5c78d66a1-20260814T212005Z-98f0797899f24d2fb011cbbb5f29f645/attempt_manifest.json
isu-a71bbe43cb08fee655f2-20260814T212106Z-73ae624e7f7c4bb0bc9a54b2a89cb764,a71bbe43cb08fee655f2,https://github.com/code-423n4/2021-12-amun.git,cf890dedf2e43ec787e8e5df65726316fda134a1,cf890dedf2e43ec787e8e5df65726316fda134a1,contracts/basket,2026-08-14T21:21:06.451257+00:00,7.563641,"[""/workspace/artifact/environment/toolchains/node/16.20.2/bin/npm"", ""ci"", ""--no-audit"", ""--no-fund"", ""--ignore-scripts"", ""--legacy-peer-deps""]",1,./node_modules/.bin/hardhat compile --config hardhat.compile.config.ts,,DEPENDENCY_FAILURE,node16-npm8,16.20.2,95,0,1,e16cf8aca227f04915dc893c69af006d12dabb8292509602bc910747766e4353,benchmarks/isu/best_effort_build_runs/a71bbe43cb08fee655f2/isu-a71bbe43cb08fee655f2-20260814T212106Z-73ae624e7f7c4bb0bc9a54b2a89cb764/attempt_manifest.json
isu-a71bbe43cb08fee655f2-20260814T212114Z-86d1a2274d444bcea898e7d67d66b9e2,a71bbe43cb08fee655f2,https://github.com/code-423n4/2021-12-amun.git,cf890dedf2e43ec787e8e5df65726316fda134a1,cf890dedf2e43ec787e8e5df65726316fda134a1,contracts/bridge,2026-08-14T21:21:14.218125+00:00,5.960917,"[""/workspace/artifact/environment/toolchains/node/16.20.2/bin/npm"", ""install"", ""--package-lock=false"", ""--no-audit"", ""--no-fund"", ""--ignore-scripts""]",1,./node_modules/.bin/hardhat compile --force --config hardhat.compile.config.ts,,DEPENDENCY_FAILURE,node16-npm8,16.20.2,95,0,1,e16cf8aca227f04915dc893c69af006d12dabb8292509602bc910747766e4353,benchmarks/isu/best_effort_build_runs/a71bbe43cb08fee655f2/isu-a71bbe43cb08fee655f2-20260814T212114Z-86d1a2274d444bcea898e7d67d66b9e2/attempt_manifest.json
isu-d7c2d75431fd4e77ba2d-20260814T212223Z-29dc5dffea114424b2d563755ddfe8d2,d7c2d75431fd4e77ba2d,https://github.com/code-423n4/2021-10-mochi.git,b74cfe1815ba768954415eff6f1096c95564ad8b,b74cfe1815ba768954415eff6f1096c95564ad8b,projects/mochi-core,2026-08-14T21:22:23.536326+00:00,52.765798,"[""/workspace/artifact/environment/toolchains/node/16.20.2/bin/npm"", ""install"", ""--no-audit"", ""--no-fund"", ""--ignore-scripts"", ""--legacy-peer-deps""]",0,./node_modules/.bin/hardhat compile,0,PROHIBITED_EDIT,node16-npm8,16.20.2,434,110,171,4bdf3ebf5c1920c19cb863d86716ea968793d526a40d2c7f7209e409bfd7d35f,benchmarks/isu/best_effort_build_runs/d7c2d75431fd4e77ba2d/isu-d7c2d75431fd4e77ba2d-20260814T212223Z-29dc5dffea114424b2d563755ddfe8d2/attempt_manifest.json
isu-d7c2d75431fd4e77ba2d-20260814T212325Z-f1d6692718be4155bbd38dcb5be105c3,d7c2d75431fd4e77ba2d,https://github.com/code-423n4/2021-10-mochi.git,b74cfe1815ba768954415eff6f1096c95564ad8b,b74cfe1815ba768954415eff6f1096c95564ad8b,projects/mochi-cssr,2026-08-14T21:23:25.093160+00:00,42.786281,"[""/workspace/artifact/environment/toolchains/node/16.20.2/bin/npm"", ""install"", ""--no-audit"", ""--no-fund"", ""--ignore-scripts"", ""--legacy-peer-deps""]",0,./node_modules/.bin/hardhat compile,0,PROHIBITED_EDIT,node16-npm8,16.20.2,434,33,57,c61bc101312eeae6a46c636d4c6141cc81d2c646d3a508f02bbb413a3f0887cf,benchmarks/isu/best_effort_build_runs/d7c2d75431fd4e77ba2d/isu-d7c2d75431fd4e77ba2d-20260814T212325Z-f1d6692718be4155bbd38dcb5be105c3/attempt_manifest.json
isu-d7c2d75431fd4e77ba2d-20260814T212416Z-12fda3732f77424b833bac93061bb550,d7c2d75431fd4e77ba2d,https://github.com/code-423n4/2021-10-mochi.git,b74cfe1815ba768954415eff6f1096c95564ad8b,b74cfe1815ba768954415eff6f1096c95564ad8b,projects/mochi-library,2026-08-14T21:24:16.976304+00:00,33.985975,"[""/workspace/artifact/environment/toolchains/node/16.20.2/bin/npm"", ""install"", ""--no-audit"", ""--no-fund"", ""--ignore-scripts"", ""--legacy-peer-deps""]",0,./node_modules/.bin/hardhat compile,0,SUCCESS,node16-npm8,16.20.2,434,0,33,f7901bd33e4cb06fc7bf6828eb981f3d06c35c913846bf5c65ffaa15637ca6d6,benchmarks/isu/best_effort_build_runs/d7c2d75431fd4e77ba2d/isu-d7c2d75431fd4e77ba2d-20260814T212416Z-12fda3732f77424b833bac93061bb550/attempt_manifest.json
isu-d7c2d75431fd4e77ba2d-20260814T212543Z-701e390ba1b14dcb866d8dca675798a1,d7c2d75431fd4e77ba2d,https://github.com/code-423n4/2021-10-mochi.git,b74cfe1815ba768954415eff6f1096c95564ad8b,b74cfe1815ba768954415eff6f1096c95564ad8b,projects/mochi-core,2026-08-14T21:25:43.700553+00:00,41.387508,"[""/workspace/artifact/environment/toolchains/node/16.20.2/bin/npm"", ""install"", ""--no-audit"", ""--no-fund"", ""--ignore-scripts"", ""--legacy-peer-deps""]",0,./node_modules/.bin/hardhat compile --no-typechain,0,SUCCESS,node16-npm8,16.20.2,434,0,171,4bdf3ebf5c1920c19cb863d86716ea968793d526a40d2c7f7209e409bfd7d35f,benchmarks/isu/best_effort_build_runs/d7c2d75431fd4e77ba2d/isu-d7c2d75431fd4e77ba2d-20260814T212543Z-701e390ba1b14dcb866d8dca675798a1/attempt_manifest.json
isu-d7c2d75431fd4e77ba2d-20260814T212633Z-029f843f300b484fa9641276cf14437a,d7c2d75431fd4e77ba2d,https://github.com/code-423n4/2021-10-mochi.git,b74cfe1815ba768954415eff6f1096c95564ad8b,b74cfe1815ba768954415eff6f1096c95564ad8b,projects/mochi-cssr,2026-08-14T21:26:33.899980+00:00,37.052824,"[""/workspace/artifact/environment/toolchains/node/16.20.2/bin/npm"", ""install"", ""--no-audit"", ""--no-fund"", ""--ignore-scripts"", ""--legacy-peer-deps""]",0,./node_modules/.bin/hardhat compile --no-typechain,0,SUCCESS,node16-npm8,16.20.2,434,0,57,c61bc101312eeae6a46c636d4c6141cc81d2c646d3a508f02bbb413a3f0887cf,benchmarks/isu/best_effort_build_runs/d7c2d75431fd4e77ba2d/isu-d7c2d75431fd4e77ba2d-20260814T212633Z-029f843f300b484fa9641276cf14437a/attempt_manifest.json
isu-d40239342ee19aba5e73-20260814T212941Z-5cf416d1038547a4abaabe5a9364c6d8,d40239342ee19aba5e73,https://github.com/code-423n4/2022-02-concur.git,f906d9429739b4c9d00a439964cca81c0d92352f,f906d9429739b4c9d00a439964cca81c0d92352f,.,2026-08-14T21:29:41.708834+00:00,36.428499,"[""/workspace/artifact/environment/toolchains/node/16.20.2/bin/npm"", ""install"", ""--package-lock=false"", ""--no-audit"", ""--no-fund"", ""--ignore-scripts""]",0,./node_modules/.bin/hardhat compile --no-typechain,1,BUILD_FAILURE,node16-npm8,16.20.2,75,0,0,,benchmarks/isu/best_effort_build_runs/d40239342ee19aba5e73/isu-d40239342ee19aba5e73-20260814T212941Z-5cf416d1038547a4abaabe5a9364c6d8/attempt_manifest.json
isu-45244eb6ad77ecbb8d10-20260814T213024Z-1f205badbe6f4ed0932883b9145a8ce5,45244eb6ad77ecbb8d10,https://github.com/code-423n4/2023-05-maia.git,53b6231f0da68f91cf673ecb34867782e2f633e7,53b6231f0da68f91cf673ecb34867782e2f633e7,.,2026-08-14T21:30:24.813095+00:00,3.756999,,,forge build --via-ir,1,BUILD_FAILURE,node16-npm8,16.20.2,1662,0,1,dcd825c9aa7eb2c605f855a448efd3892911a81546e75981f3184b694390b507,benchmarks/isu/best_effort_build_runs/45244eb6ad77ecbb8d10/isu-45244eb6ad77ecbb8d10-20260814T213024Z-1f205badbe6f4ed0932883b9145a8ce5/attempt_manifest.json
isu-d40239342ee19aba5e73-20260814T213055Z-59d10664f01a41178081686efb68da9a,d40239342ee19aba5e73,https://github.com/code-423n4/2022-02-concur.git,f906d9429739b4c9d00a439964cca81c0d92352f,f906d9429739b4c9d00a439964cca81c0d92352f,.,2026-08-14T21:30:55.061730+00:00,73.374961,"[""/workspace/artifact/environment/toolchains/node/16.20.2/bin/npm"", ""install"", ""--package-lock=false"", ""--no-audit"", ""--no-fund"", ""--ignore-scripts""]",0,./node_modules/.bin/hardhat compile,0,SUCCESS,node16-npm8,16.20.2,75,0,55,998eedbf7d68c268a9aa3ceeca6426d0a01c806766f6058c1e2386d0700ef01e,benchmarks/isu/best_effort_build_runs/d40239342ee19aba5e73/isu-d40239342ee19aba5e73-20260814T213055Z-59d10664f01a41178081686efb68da9a/attempt_manifest.json
isu-259153db5bcad1231d62-20260814T213318Z-9c0ccc01886444d889511ec154e427c5,259153db5bcad1231d62,https://github.com/code-423n4/2024-07-optimism.git,70556044e5e080930f686c4e5acde420104bb2c4,70556044e5e080930f686c4e5acde420104bb2c4,packages/contracts-bedrock,2026-08-14T21:33:18.891453+00:00,220.899536,,,forge build,0,SUCCESS,node22-npm10,22.13.0,5643,0,890,0635e44b9875e1695c5ccdbe0b7accbe2398655ebe19ac16fbbab293310dc9aa,benchmarks/isu/best_effort_build_runs/259153db5bcad1231d62/isu-259153db5bcad1231d62-20260814T213318Z-9c0ccc01886444d889511ec154e427c5/attempt_manifest.json
isu-eb98a059ef709e7c9611-20260814T213915Z-6cde91d8bd9c4bbd9749d9461603bdcd,eb98a059ef709e7c9611,https://github.com/code-423n4/2023-08-dopex.git,00601a3f4e3f662007b077bf1b201c9f5f00a8b6,00601a3f4e3f662007b077bf1b201c9f5f00a8b6,.,2026-08-14T21:39:15.714792+00:00,2.857455,,,forge build --skip test --skip script,1,BUILD_FAILURE,node16-npm8,16.20.2,1932,0,3,f4670d16839287b13be284ee9665d5e57e688a21ab20abb1b4460cb5c58913e2,benchmarks/isu/best_effort_build_runs/eb98a059ef709e7c9611/isu-eb98a059ef709e7c9611-20260814T213915Z-6cde91d8bd9c4bbd9749d9461603bdcd/attempt_manifest.json
isu-f4d010dc66dec808788d-20260814T213918Z-c38a252da7374d738f89c32eaecb681c,f4d010dc66dec808788d,https://github.com/code-423n4/2022-08-olympus.git,b5e139d732eb4c07102f149fb9426d356af617aa,b5e139d732eb4c07102f149fb9426d356af617aa,.,2026-08-14T21:39:18.665198+00:00,1.185681,,,forge build --skip test --skip script,1,BUILD_FAILURE,node16-npm8,16.20.2,168,0,0,,benchmarks/isu/best_effort_build_runs/f4d010dc66dec808788d/isu-f4d010dc66dec808788d-20260814T213918Z-c38a252da7374d738f89c32eaecb681c/attempt_manifest.json
isu-eb98a059ef709e7c9611-20260814T214004Z-ffd47b5a27644f2a9703da9656514818,eb98a059ef709e7c9611,https://github.com/code-423n4/2023-08-dopex.git,00601a3f4e3f662007b077bf1b201c9f5f00a8b6,00601a3f4e3f662007b077bf1b201c9f5f00a8b6,.,2026-08-14T21:40:04.418027+00:00,3.548712,,,forge build --skip test --skip tests --skip script --skip scripts --skip mocks,1,BUILD_FAILURE,node16-npm8,16.20.2,1932,0,3,f4670d16839287b13be284ee9665d5e57e688a21ab20abb1b4460cb5c58913e2,benchmarks/isu/best_effort_build_runs/eb98a059ef709e7c9611/isu-eb98a059ef709e7c9611-20260814T214004Z-ffd47b5a27644f2a9703da9656514818/attempt_manifest.json
isu-f4d010dc66dec808788d-20260814T214008Z-85c68ddfc8a34f36a429a5037977f2b8,f4d010dc66dec808788d,https://github.com/code-423n4/2022-08-olympus.git,b5e139d732eb4c07102f149fb9426d356af617aa,b5e139d732eb4c07102f149fb9426d356af617aa,.,2026-08-14T21:40:08.058175+00:00,2.439584,,,forge build --skip test --skip tests --skip script --skip scripts --skip mocks,1,BUILD_FAILURE,node16-npm8,16.20.2,168,0,0,,benchmarks/isu/best_effort_build_runs/f4d010dc66dec808788d/isu-f4d010dc66dec808788d-20260814T214008Z-85c68ddfc8a34f36a429a5037977f2b8/attempt_manifest.json
isu-f4d010dc66dec808788d-20260814T214219Z-c3cc1e34bead4488bf61e5237201068d,f4d010dc66dec808788d,https://github.com/code-423n4/2022-08-olympus.git,b5e139d732eb4c07102f149fb9426d356af617aa,b5e139d732eb4c07102f149fb9426d356af617aa,.,2026-08-14T21:42:19.613964+00:00,1.750386,,,/usr/bin/python3 /workspace/artifact/runners/direct_solc_build.py --version 0.8.15 --source-dir src --exclude-dir test --exclude-dir scripts --vendor-dir lib --remapping forge-std/=lib/forge-std/src --remapping solmate/=lib/solmate/src --remapping interfaces/=src/interfaces --remapping libraries/=src/libraries --remapping modules/=src/modules --remapping policies/=src/policies,0,SUCCESS,node16-npm8,16.20.2,168,0,3,c901795b2b6d0c7adf0472595f7f8dade61505bfd8cde8119d7b045ae525f7d1,benchmarks/isu/best_effort_build_runs/f4d010dc66dec808788d/isu-f4d010dc66dec808788d-20260814T214219Z-c3cc1e34bead4488bf61e5237201068d/attempt_manifest.json
isu-eb98a059ef709e7c9611-20260814T214221Z-1a12c549b31f4fa4a5bbd573f7bb7553,eb98a059ef709e7c9611,https://github.com/code-423n4/2023-08-dopex.git,00601a3f4e3f662007b077bf1b201c9f5f00a8b6,00601a3f4e3f662007b077bf1b201c9f5f00a8b6,.,2026-08-14T21:42:21.450559+00:00,2.37108,,,/usr/bin/python3 /workspace/artifact/runners/direct_solc_build.py --version 0.8.19 --source-dir contracts --exclude-dir mocks --vendor-dir lib --remapping @openzeppelin-upgradeable/=lib/openzeppelin-contracts-upgradeable --remapping @openzeppelin/=lib/openzeppelin-contracts --remapping forge-std/=lib/forge-std/src --remapping solmate/=lib/solmate --remapping @uniswap/v3-core/=lib/v3-core --remapping @uniswap/lib/=lib/rdpx-eth-oracle/lib/solidity-lib --remapping @uniswap/v2-core/=lib/rdpx-eth-oracle/lib/v2-core --remapping @uniswap/v2-periphery/=lib/rdpx-eth-oracle/lib/v2-periphery --remapping rdpx-eth-oracle/=lib/rdpx-eth-oracle/src,1,BUILD_FAILURE,node16-npm8,16.20.2,1932,0,6,82b71080dccd9b837f4853ad5a5c6450bf2e8a0718a2cc33d17e8b24c8624423,benchmarks/isu/best_effort_build_runs/eb98a059ef709e7c9611/isu-eb98a059ef709e7c9611-20260814T214221Z-1a12c549b31f4fa4a5bbd573f7bb7553/attempt_manifest.json
isu-eb98a059ef709e7c9611-20260814T214525Z-413b0348eb6342dc8017d9ca8b67d161,eb98a059ef709e7c9611,https://github.com/code-423n4/2023-08-dopex.git,00601a3f4e3f662007b077bf1b201c9f5f00a8b6,00601a3f4e3f662007b077bf1b201c9f5f00a8b6,.,2026-08-14T21:45:25.432317+00:00,40.804467,,,/usr/bin/python3 /workspace/artifact/runners/direct_solc_build.py --version 0.8.19 --source-dir contracts --exclude-dir mocks --optimizer --via-ir --vendor-dir lib --remapping @openzeppelin-upgradeable/=lib/openzeppelin-contracts-upgradeable --remapping @openzeppelin/=lib/openzeppelin-contracts --remapping forge-std/=lib/forge-std/src --remapping solmate/=lib/solmate --remapping @uniswap/v3-core/=lib/v3-core --remapping @uniswap/lib/=lib/rdpx-eth-oracle/lib/solidity-lib --remapping @uniswap/v2-core/=lib/rdpx-eth-oracle/lib/v2-core --remapping @uniswap/v2-periphery/=lib/rdpx-eth-oracle/lib/v2-periphery --remapping rdpx-eth-oracle/=lib/rdpx-eth-oracle/src,0,SUCCESS,node16-npm8,16.20.2,1932,0,6,b4c4a11f41dfd7e73029343f2312f87fcc7ae9e4a1574242610391f23dc67a57,benchmarks/isu/best_effort_build_runs/eb98a059ef709e7c9611/isu-eb98a059ef709e7c9611-20260814T214525Z-413b0348eb6342dc8017d9ca8b67d161/attempt_manifest.json
isu-45244eb6ad77ecbb8d10-20260814T214626Z-4246b2287773413b9fbca7a36b68c5ae,45244eb6ad77ecbb8d10,https://github.com/code-423n4/2023-05-maia.git,53b6231f0da68f91cf673ecb34867782e2f633e7,53b6231f0da68f91cf673ecb34867782e2f633e7,.,2026-08-14T21:46:26.262519+00:00,0.916733,,,/usr/bin/python3 /workspace/artifact/runners/direct_solc_build.py --version 0.8.18 --source-dir src --optimizer --via-ir --vendor-dir lib --remapping forge-std/=lib/forge-std/src --remapping solmate/=lib/solmate/src --remapping @uniswap/v3-core/contracts/=lib/v3-core/contracts --remapping @uniswap/v3-periphery/contracts/=lib/v3-periphery/contracts --remapping @openzeppelin/contracts/=lib/openzeppelin-contracts/contracts --remapping solady/=lib/solady/src --remapping @gauges/=src/gauges --remapping @hermes/=src/hermes --remapping @maia/=src/maia --remapping @talos/=src/talos --remapping @rewards/=src/rewards --remapping @v3-staker/=src/uni-v3-staker --remapping @ERC20/=src/erc-20 --remapping @omni/=src/ulysses-omnichain --remapping @ulysses-amm/=src/ulysses-amm --remapping @ERC4626/=src/erc-4626,1,BUILD_FAILURE,node16-npm8,16.20.2,1662,0,4,80eb22c688607eef7fd5bd06b4c7fac558a56594ec1e71c6c712d0564a322ad8,benchmarks/isu/best_effort_build_runs/45244eb6ad77ecbb8d10/isu-45244eb6ad77ecbb8d10-20260814T214626Z-4246b2287773413b9fbca7a36b68c5ae/attempt_manifest.json
isu-2112b446760a0ffed350-20260814T214627Z-cd9486a386dd4ca9a91cf7785733cf2b,2112b446760a0ffed350,https://github.com/code-423n4/2024-08-superposition.git,d913ae0225584b4b42e38518788a7e38cd2f4d53,d913ae0225584b4b42e38518788a7e38cd2f4d53,pkg,2026-08-14T21:46:27.271635+00:00,2.645972,,,/usr/bin/python3 /workspace/artifact/runners/direct_solc_build.py --version 0.8.16 --source-dir sol --optimizer --via-ir --vendor-dir lib --remapping forge-std/=lib/forge-std/src,0,SUCCESS,node22-npm10,22.13.0,618,0,3,a8049dc78846d72ae2b23719adabdad943e30ad56f4581761920902036f67e7a,benchmarks/isu/best_effort_build_runs/2112b446760a0ffed350/isu-2112b446760a0ffed350-20260814T214627Z-cd9486a386dd4ca9a91cf7785733cf2b/attempt_manifest.json
isu-45244eb6ad77ecbb8d10-20260814T214721Z-2efa2998106d4174bdc58312a5e37923,45244eb6ad77ecbb8d10,https://github.com/code-423n4/2023-05-maia.git,53b6231f0da68f91cf673ecb34867782e2f633e7,53b6231f0da68f91cf673ecb34867782e2f633e7,.,2026-08-14T21:47:21.938464+00:00,1.138936,,,/usr/bin/python3 /workspace/artifact/runners/direct_solc_build.py --version 0.8.18 --source-dir src --optimizer --via-ir --vendor-dir lib --remapping forge-std/=lib/forge-std/src --remapping solmate/=lib/solmate/src --remapping @uniswap/v3-core/contracts/=lib/v3-core/contracts --remapping @uniswap/v3-periphery/contracts/=lib/v3-periphery/contracts --remapping @openzeppelin/contracts/=lib/openzeppelin-contracts/contracts --remapping solady/=lib/solady/src --remapping @lib/=lib --remapping @gauges/=src/gauges --remapping @hermes/=src/hermes --remapping @maia/=src/maia --remapping @talos/=src/talos --remapping @rewards/=src/rewards --remapping @v3-staker/=src/uni-v3-staker --remapping @ERC20/=src/erc-20 --remapping @omni/=src/ulysses-omnichain --remapping @ulysses-amm/=src/ulysses-amm --remapping @ERC4626/=src/erc-4626,1,BUILD_FAILURE,node16-npm8,16.20.2,1662,0,4,b4f2839b3f0fb1a64c53adcb8f0213b06891a3e436e755f1bc3cbd06b78b0525,benchmarks/isu/best_effort_build_runs/45244eb6ad77ecbb8d10/isu-45244eb6ad77ecbb8d10-20260814T214721Z-2efa2998106d4174bdc58312a5e37923/attempt_manifest.json
isu-45244eb6ad77ecbb8d10-20260814T214826Z-24f51f72ccc741719ec4923ce43a9dfe,45244eb6ad77ecbb8d10,https://github.com/code-423n4/2023-05-maia.git,53b6231f0da68f91cf673ecb34867782e2f633e7,53b6231f0da68f91cf673ecb34867782e2f633e7,.,2026-08-14T21:48:26.429778+00:00,163.952248,,,/usr/bin/python3 /workspace/artifact/runners/direct_solc_build.py --version 0.8.18 --source-dir src --optimizer --via-ir --vendor-dir lib --remapping forge-std/=lib/forge-std/src --remapping solmate/=lib/solmate/src --remapping @uniswap/v3-core/contracts/=lib/v3-core/contracts --remapping @uniswap/v3-periphery/contracts/=lib/v3-periphery/contracts --remapping @openzeppelin/contracts/=lib/openzeppelin-contracts/contracts --remapping solady/=lib/solady/src --remapping @lib/=lib --remapping @gauges/=src/gauges --remapping @hermes/=src/hermes --remapping @maia/=src/maia --remapping @talos/=src/talos --remapping @rewards/=src/rewards --remapping @v3-staker/=src/uni-v3-staker --remapping @ERC20/=src/erc-20 --remapping @omni/=src/ulysses-omnichain --remapping @ulysses-amm/=src/ulysses-amm --remapping @ERC4626/=src/erc-4626,0,SUCCESS,node16-npm8,16.20.2,1662,0,4,56decca501297ff6c76110ecef23f3a6de3609b0f1b6fa4ce4a4637db6c390b3,benchmarks/isu/best_effort_build_runs/45244eb6ad77ecbb8d10/isu-45244eb6ad77ecbb8d10-20260814T214826Z-24f51f72ccc741719ec4923ce43a9dfe/attempt_manifest.json
isu-fa3e53cdabdbb7f07346-20260814T215204Z-4859b9bd2f684e598c9c61fd1b771177,fa3e53cdabdbb7f07346,https://github.com/debtdao/Line-of-Credit.git,e8aa08b44f6132a5ed901f8daa231700c5afeb3a,e8aa08b44f6132a5ed901f8daa231700c5afeb3a,.,2026-08-14T21:52:04.003139+00:00,3.149726,,,/usr/bin/python3 /workspace/artifact/runners/direct_solc_build.py --version 0.8.9 --source-dir contracts --exclude-dir tests --exclude-dir mock --optimizer --vendor-dir lib --remapping chainlink/=lib/chainlink/contracts/src/v0.8 --remapping forge-std/=lib/forge-std/src --remapping openzeppelin/=lib/openzeppelin-contracts/contracts,0,SUCCESS,node16-npm8,16.20.2,3025,0,4,d75f0a0f293a1056dbec4af0ade833df46495681f9802314a93347b2c6bd1abb,benchmarks/isu/best_effort_build_runs/fa3e53cdabdbb7f07346/isu-fa3e53cdabdbb7f07346-20260814T215204Z-4859b9bd2f684e598c9c61fd1b771177/attempt_manifest.json
isu-7ac89b753c19d6b46c51-20260814T215922Z-42e93cd139d24020b177a963a706e4d7,7ac89b753c19d6b46c51,https://github.com/code-423n4/2024-03-dittoeth.git,91faf46078bb6fe8ce9f55bcb717e5d2d302d22e,91faf46078bb6fe8ce9f55bcb717e5d2d302d22e,.,2026-08-14T21:59:22.623390+00:00,54.458171,"[""/workspace/artifact/environment/toolchains/node/16.20.2/bin/npm"", ""ci"", ""--no-audit"", ""--no-fund"", ""--ignore-scripts"", ""--legacy-peer-deps""]",0,/bin/bash -lc '/workspace/artifact/environment/toolchains/node/16.20.2/bin/node scripts/sol-to-isol/bin.js --force && /workspace/artifact/environment/toolchains/foundry-v1.5.1/forge build',0,SUCCESS,node16-npm8,16.20.2,229,0,315,c380f4d534daff801cd0e8b58225ef5f296d2dab3d46eac33ffb65ba1eff0fbe,benchmarks/isu/best_effort_build_runs/7ac89b753c19d6b46c51/isu-7ac89b753c19d6b46c51-20260814T215922Z-42e93cd139d24020b177a963a706e4d7/attempt_manifest.json
isu-d70057952f8081152c99-20260814T220116Z-51c83c951b364da9beafcb1ba886e321,d70057952f8081152c99,https://github.com/code-423n4/2024-01-curves.git,516aedb7b9a8d341d0d2666c23780d2bd8a9a600,516aedb7b9a8d341d0d2666c23780d2bd8a9a600,.,2026-08-14T22:01:16.575099+00:00,6.427329,"[""/workspace/artifact/environment/toolchains/node/18.20.8/bin/npm"", ""install"", ""--package-lock=false"", ""--no-audit"", ""--no-fund"", ""--ignore-scripts""]",1,npx hardhat compile,,DEPENDENCY_FAILURE,node18-npm10,18.20.8,61,0,0,,benchmarks/isu/best_effort_build_runs/d70057952f8081152c99/isu-d70057952f8081152c99-20260814T220116Z-51c83c951b364da9beafcb1ba886e321/attempt_manifest.json
isu-d70057952f8081152c99-20260815T024314Z-ebefab161ad34eb3ad155aceb6e98b67,d70057952f8081152c99,https://github.com/code-423n4/2024-01-curves.git,516aedb7b9a8d341d0d2666c23780d2bd8a9a600,516aedb7b9a8d341d0d2666c23780d2bd8a9a600,.,2026-08-15T02:43:14.825713+00:00,79.619194,"[""/workspace/artifact/environment/toolchains/node/18.20.8/bin/npm"", ""install"", ""--no-audit"", ""--no-fund"", ""--ignore-scripts"", ""--force""]",0,npx hardhat compile,0,SUCCESS,node18-npm10,18.20.8,61,0,37,37cba368b07bf1e3c9a6e1714151c8c0932e27caffac2eeb1a2f392ac040a2ff,benchmarks/isu/best_effort_build_runs/d70057952f8081152c99/isu-d70057952f8081152c99-20260815T024314Z-ebefab161ad34eb3ad155aceb6e98b67/attempt_manifest.json
isu-4397bb458a04d98ebd0d-20260815T024553Z-c34044a3b3a94335b87825f719e27e6d,4397bb458a04d98ebd0d,https://github.com/code-423n4/2023-12-initcapital.git,a53e401529451b208095b3af11862984d0b32177,a53e401529451b208095b3af11862984d0b32177,.,2026-08-15T02:45:53.489572+00:00,2.243075,,,/bin/bash -lc 'git clone --depth 1 --branch v4.9.3 https://github.com/OpenZeppelin/openzeppelin-contracts.git contracts/.cache/OpenZeppelin/v4.9.3 && git clone --depth 1 --branch v4.9.3 https://github.com/OpenZeppelin/openzeppelin-contracts-upgradeable.git contracts/.cache/OpenZeppelin-Upgradeable/v4.9.3 && /workspace/artifact/environment/toolchains/foundry-v1.5.1/forge build --skip test --skip script',1,BUILD_FAILURE,node18-npm10,18.20.8,84,0,4,f8adac38e018f18f0f94ff5540d51c5d2c4ffc0b6cabef1892ae1b5621fc1d8a,benchmarks/isu/best_effort_build_runs/4397bb458a04d98ebd0d/isu-4397bb458a04d98ebd0d-20260815T024553Z-c34044a3b3a94335b87825f719e27e6d/attempt_manifest.json
isu-4397bb458a04d98ebd0d-20260815T024701Z-bf9922e671224506bd705604f2aa8bba,4397bb458a04d98ebd0d,https://github.com/code-423n4/2023-12-initcapital.git,a53e401529451b208095b3af11862984d0b32177,a53e401529451b208095b3af11862984d0b32177,.,2026-08-15T02:47:01.183387+00:00,11.61452,,,/bin/bash -lc 'git clone --depth 1 --branch v4.9.3 https://github.com/OpenZeppelin/openzeppelin-contracts.git .build-deps/openzeppelin-contracts-v4.9.3 && git clone --depth 1 --branch v4.9.3 https://github.com/OpenZeppelin/openzeppelin-contracts-upgradeable.git .build-deps/openzeppelin-contracts-upgradeable-v4.9.3 && mkdir -p contracts/.cache/OpenZeppelin/v4.9.3 contracts/.cache/OpenZeppelin-Upgradeable/v4.9.3 && cp -a .build-deps/openzeppelin-contracts-v4.9.3/contracts/. contracts/.cache/OpenZeppelin/v4.9.3/ && cp -a .build-deps/openzeppelin-contracts-upgradeable-v4.9.3/contracts/. contracts/.cache/OpenZeppelin-Upgradeable/v4.9.3/ && /workspace/artifact/environment/toolchains/foundry-v1.5.1/forge build contracts',0,SUCCESS,node18-npm10,18.20.8,84,0,724,9b16101eaa15a3094eafab5ab6b3886d049482ad97a2e9057b54991aa70c5860,benchmarks/isu/best_effort_build_runs/4397bb458a04d98ebd0d/isu-4397bb458a04d98ebd0d-20260815T024701Z-bf9922e671224506bd705604f2aa8bba/attempt_manifest.json
isu-3e4e01feaa76a5bfa74c-20260815T024816Z-71d993aef02f457a891b5daa8cdaa980,3e4e01feaa76a5bfa74c,https://github.com/code-423n4/2023-01-timeswap.git,ef4c84fb8535aad8abd6b67cc45d994337ec4514,ef4c84fb8535aad8abd6b67cc45d994337ec4514,.,2026-08-15T02:48:16.058324+00:00,54.686328,,,/bin/bash -lc '/workspace/artifact/environment/toolchains/node/16.20.2/bin/corepack yarn@3.3.0 install --immutable --mode=skip-build && /workspace/artifact/environment/toolchains/node/16.20.2/bin/corepack yarn@3.3.0 workspaces run build',1,BUILD_FAILURE,node16-yarn1,16.20.2,964,0,638,5add4bb9973a84df98dfcf0078337d038dedab077fff9eb07c6ce67c702d8492,benchmarks/isu/best_effort_build_runs/3e4e01feaa76a5bfa74c/isu-3e4e01feaa76a5bfa74c-20260815T024816Z-71d993aef02f457a891b5daa8cdaa980/attempt_manifest.json
isu-3e4e01feaa76a5bfa74c-20260815T025029Z-c4a2ed261c4e4f59868146d63f0e95ff,3e4e01feaa76a5bfa74c,https://github.com/code-423n4/2023-01-timeswap.git,ef4c84fb8535aad8abd6b67cc45d994337ec4514,ef4c84fb8535aad8abd6b67cc45d994337ec4514,.,2026-08-15T02:50:29.998429+00:00,1.407887,,,/bin/bash -lc 'Y=/workspace/artifact/environment/toolchains/node/16.20.2/bin/corepack;  yarn@3.3.0 install --immutable --mode=skip-build &&  yarn@3.3.0 workspace @timeswap-labs/v2-library build &&  yarn@3.3.0 workspace @timeswap-labs/v2-option build &&  yarn@3.3.0 workspace @timeswap-labs/v2-pool build &&  yarn@3.3.0 workspace @timeswap-labs/v2-token build',127,BUILD_FAILURE,node16-yarn1,16.20.2,964,0,638,5add4bb9973a84df98dfcf0078337d038dedab077fff9eb07c6ce67c702d8492,benchmarks/isu/best_effort_build_runs/3e4e01feaa76a5bfa74c/isu-3e4e01feaa76a5bfa74c-20260815T025029Z-c4a2ed261c4e4f59868146d63f0e95ff/attempt_manifest.json
isu-3e4e01feaa76a5bfa74c-20260815T025106Z-1c0e9f5eaf22434dbd5eb92e4b9b77d9,3e4e01feaa76a5bfa74c,https://github.com/code-423n4/2023-01-timeswap.git,ef4c84fb8535aad8abd6b67cc45d994337ec4514,ef4c84fb8535aad8abd6b67cc45d994337ec4514,.,2026-08-15T02:51:06.421765+00:00,67.845412,,,/bin/bash -lc '/workspace/artifact/environment/toolchains/node/16.20.2/bin/corepack yarn@3.3.0 install --immutable --mode=skip-build && /workspace/artifact/environment/toolchains/node/16.20.2/bin/corepack yarn@3.3.0 workspace @timeswap-labs/v2-library build && /workspace/artifact/environment/toolchains/node/16.20.2/bin/corepack yarn@3.3.0 workspace @timeswap-labs/v2-option build && /workspace/artifact/environment/toolchains/node/16.20.2/bin/corepack yarn@3.3.0 workspace @timeswap-labs/v2-pool build && /workspace/artifact/environment/toolchains/node/16.20.2/bin/corepack yarn@3.3.0 workspace @timeswap-labs/v2-token build',1,BUILD_FAILURE,node16-yarn1,16.20.2,964,110,635,fcf3de816c157ad69bff89873b5bea6fdab5259130a08c20faaf8f1a504bfbe5,benchmarks/isu/best_effort_build_runs/3e4e01feaa76a5bfa74c/isu-3e4e01feaa76a5bfa74c-20260815T025106Z-1c0e9f5eaf22434dbd5eb92e4b9b77d9/attempt_manifest.json
isu-3e4e01feaa76a5bfa74c-20260815T025514Z-a81aef82f0d9415cad9f5a88dea9c354,3e4e01feaa76a5bfa74c,https://github.com/code-423n4/2023-01-timeswap.git,ef4c84fb8535aad8abd6b67cc45d994337ec4514,ef4c84fb8535aad8abd6b67cc45d994337ec4514,packages/v2-token,2026-08-15T02:55:14.795244+00:00,54.663042,,,/bin/bash -lc 'cd ../.. && /workspace/artifact/environment/toolchains/node/16.20.2/bin/corepack yarn@3.3.0 install --immutable --mode=skip-build && cd packages/v2-token && /workspace/artifact/environment/toolchains/foundry-v1.5.1/forge build --skip test --out .mvscan-out --cache-path .mvscan-cache',0,SUCCESS,node16-yarn1,16.20.2,964,0,638,5add4bb9973a84df98dfcf0078337d038dedab077fff9eb07c6ce67c702d8492,benchmarks/isu/best_effort_build_runs/3e4e01feaa76a5bfa74c/isu-3e4e01feaa76a5bfa74c-20260815T025514Z-a81aef82f0d9415cad9f5a88dea9c354/attempt_manifest.json
isu-a71bbe43cb08fee655f2-20260815T025735Z-4907256971ed489781bc8dd72a737386,a71bbe43cb08fee655f2,https://github.com/code-423n4/2021-12-amun.git,cf890dedf2e43ec787e8e5df65726316fda134a1,cf890dedf2e43ec787e8e5df65726316fda134a1,contracts/basket,2026-08-15T02:57:35.490181+00:00,43.029945,"[""/workspace/artifact/environment/toolchains/node/16.20.2/bin/node"", ""/workspace/artifact/environment/toolchains/yarn/1.22.22/bin/yarn.js"", ""install"", ""--non-interactive"", ""--ignore-scripts"", ""--frozen-lockfile""]",0,./node_modules/.bin/hardhat compile --config hardhat.compile.config.ts --no-typechain,0,SUCCESS,node16-yarn1,16.20.2,95,0,131,587c9611637745097e7ed8b4d59079d99f4d5ddbdb37d603bb52268b5d677c71,benchmarks/isu/best_effort_build_runs/a71bbe43cb08fee655f2/isu-a71bbe43cb08fee655f2-20260815T025735Z-4907256971ed489781bc8dd72a737386/attempt_manifest.json
isu-876f079fe57e7d22f859-20260815T030338Z-8683ac21d70447d8ba9aa49f0be6eb21,876f079fe57e7d22f859,https://github.com/code-423n4/2022-12-tessera.git,1e408ebc1c4fdcc72678ea7f21a94d38855ccc0b,1e408ebc1c4fdcc72678ea7f21a94d38855ccc0b,.,2026-08-15T03:03:38.967019+00:00,3.038273,,,/bin/bash -lc 'git clone --no-checkout https://github.com/stevennevins/clones-with-immutable-args lib/clones-with-immutable-args && git -C lib/clones-with-immutable-args checkout --detach 19b255d6ca91d09814773ec8d27df9846362a7f5 && /workspace/artifact/environment/toolchains/foundry-v1.5.1/forge build --skip test --out .mvscan-out --cache-path .mvscan-cache',0,SUCCESS,node18-npm10,18.20.8,2149,0,3,8ac3dc62bf98ecbbb9925a8dfdd8656cb71cc046052df630b196bcc7e5978731,benchmarks/isu/best_effort_build_runs/876f079fe57e7d22f859/isu-876f079fe57e7d22f859-20260815T030338Z-8683ac21d70447d8ba9aa49f0be6eb21/attempt_manifest.json
isu-b96ecb664aefbf38d2d7-20260815T030603Z-9380575ca02b4d648897bfb76c7fd1ba,b96ecb664aefbf38d2d7,https://github.com/code-423n4/2022-09-frax.git,dc6684f77b4e9bd965e8862be7f5fb71473a4c4c,dc6684f77b4e9bd965e8862be7f5fb71473a4c4c,.,2026-08-15T03:06:03.401599+00:00,4.951997,,,/bin/bash -lc 'git clone --no-checkout https://github.com/corddry/ERC4626.git lib/ERC4626 && git -C lib/ERC4626 checkout --detach 643cd044fac34bcbf64e1c3790a5126fec0dbec1 && git clone --no-checkout https://github.com/foundry-rs/forge-std lib/forge-std && git -C lib/forge-std checkout --detach 5b1975772ef5331c3720b63cb5206ff9cddcdf34 && git clone --no-checkout https://github.com/OpenZeppelin/openzeppelin-contracts.git lib/openzeppelin-contracts && git -C lib/openzeppelin-contracts checkout --detach 8769b19860863ed14e82ac78eb0d09449a49290b && git clone --no-checkout https://github.com/Rari-Capital/solmate lib/solmate && git -C lib/solmate checkout --detach bff24e835192470ed38bf15dbed6084c2d723ace && /workspace/artifact/environment/toolchains/foundry-v1.5.1/forge build --skip test --out .mvscan-out --cache-path .mvscan-cache',0,SUCCESS,node18-npm10,18.20.8,21,0,1,dcd825c9aa7eb2c605f855a448efd3892911a81546e75981f3184b694390b507,benchmarks/isu/best_effort_build_runs/b96ecb664aefbf38d2d7/isu-b96ecb664aefbf38d2d7-20260815T030603Z-9380575ca02b4d648897bfb76c7fd1ba/attempt_manifest.json
isu-b96ecb664aefbf38d2d7-20260815T030709Z-482d8242f37447149bd535c2dabe8d92,b96ecb664aefbf38d2d7,https://github.com/code-423n4/2022-09-frax.git,dc6684f77b4e9bd965e8862be7f5fb71473a4c4c,dc6684f77b4e9bd965e8862be7f5fb71473a4c4c,.,2026-08-15T03:07:09.390691+00:00,4.8606,,,/bin/bash -lc 'git clone --no-checkout https://github.com/corddry/ERC4626.git lib/ERC4626 && git -C lib/ERC4626 checkout --detach 643cd044fac34bcbf64e1c3790a5126fec0dbec1 && git clone --no-checkout https://github.com/foundry-rs/forge-std lib/forge-std && git -C lib/forge-std checkout --detach 5b1975772ef5331c3720b63cb5206ff9cddcdf34 && git clone --no-checkout https://github.com/OpenZeppelin/openzeppelin-contracts.git lib/openzeppelin-contracts && git -C lib/openzeppelin-contracts checkout --detach 8769b19860863ed14e82ac78eb0d09449a49290b && git clone --no-checkout https://github.com/Rari-Capital/solmate lib/solmate && git -C lib/solmate checkout --detach bff24e835192470ed38bf15dbed6084c2d723ace && /workspace/artifact/environment/toolchains/foundry-v1.5.1/forge build --skip test --cache-path .mvscan-cache',0,SUCCESS,node18-npm10,18.20.8,21,0,40,d55018d163d13c61a252dbff0e3abe619e947b811756aefef4aa4f51402b4f81,benchmarks/isu/best_effort_build_runs/b96ecb664aefbf38d2d7/isu-b96ecb664aefbf38d2d7-20260815T030709Z-482d8242f37447149bd535c2dabe8d92/attempt_manifest.json
isu-876f079fe57e7d22f859-20260815T030756Z-3e861c286c7443a389f650cab75728b4,876f079fe57e7d22f859,https://github.com/code-423n4/2022-12-tessera.git,1e408ebc1c4fdcc72678ea7f21a94d38855ccc0b,1e408ebc1c4fdcc72678ea7f21a94d38855ccc0b,.,2026-08-15T03:07:56.149427+00:00,2.893724,,,/bin/bash -lc 'git clone --no-checkout https://github.com/stevennevins/clones-with-immutable-args lib/clones-with-immutable-args && git -C lib/clones-with-immutable-args checkout --detach 19b255d6ca91d09814773ec8d27df9846362a7f5 && /workspace/artifact/environment/toolchains/foundry-v1.5.1/forge build --skip test --cache-path .mvscan-cache',0,SUCCESS,node18-npm10,18.20.8,2149,0,135,ac2131ff09f0a124405b3603fb3f875186818b6818899d53c75be666982b809e,benchmarks/isu/best_effort_build_runs/876f079fe57e7d22f859/isu-876f079fe57e7d22f859-20260815T030756Z-3e861c286c7443a389f650cab75728b4/attempt_manifest.json
isu-6b2be56bd1aa78d5bee3-20260815T030902Z-d0beafdfee0a4a67acb9c747c5cf0f50,6b2be56bd1aa78d5bee3,https://github.com/code-423n4/2024-03-abracadabra-money.git,1f4693fdbf33e9ad28132643e2d6f7635834c6c6,1f4693fdbf33e9ad28132643e2d6f7635834c6c6,.,2026-08-15T03:09:02.841149+00:00,30.843025,,,/bin/bash -lc '/workspace/artifact/environment/toolchains/node/18.20.8/bin/node /workspace/artifact/environment/toolchains/yarn/1.22.22/bin/yarn.js install --frozen-lockfile --non-interactive && /workspace/artifact/environment/toolchains/foundry-v1.5.1/forge build --skip test --cache-path .mvscan-cache',0,SUCCESS,node18-yarn1,18.20.8,83,0,145,4dcc1907b9e86318dbf50561d7071c533173c97f76f771d1dd000e4a022c86ad,benchmarks/isu/best_effort_build_runs/6b2be56bd1aa78d5bee3/isu-6b2be56bd1aa78d5bee3-20260815T030902Z-d0beafdfee0a4a67acb9c747c5cf0f50/attempt_manifest.json
isu-17ed21b4712c0b20cc36-20260815T031349Z-08a73d139f024199a9994747dac3bbef,17ed21b4712c0b20cc36,https://github.com/code-423n4/2023-01-astaria.git,1bfc58b42109b839528ab1c21dc9803d663df898,1bfc58b42109b839528ab1c21dc9803d663df898,.,2026-08-15T03:13:49.422388+00:00,22.27899,,,forge build --skip test --cache-path .mvscan-cache,1,BUILD_FAILURE,node18-npm10,18.20.8,2289,0,3,72464ff34f0200429d3a2c7f066fc3716b1106d9ed7518d64863593546bd72c0,benchmarks/isu/best_effort_build_runs/17ed21b4712c0b20cc36/isu-17ed21b4712c0b20cc36-20260815T031349Z-08a73d139f024199a9994747dac3bbef/attempt_manifest.json
isu-17ed21b4712c0b20cc36-20260815T031624Z-226c2349c4384b8b8ab5136769f0e304,17ed21b4712c0b20cc36,https://github.com/code-423n4/2023-01-astaria.git,1bfc58b42109b839528ab1c21dc9803d663df898,1bfc58b42109b839528ab1c21dc9803d663df898,.,2026-08-15T03:16:24.120703+00:00,20.016177,,,forge build --optimizer --skip test --cache-path .mvscan-cache,2,BUILD_FAILURE,node16-yarn1,16.20.2,2289,0,3,72464ff34f0200429d3a2c7f066fc3716b1106d9ed7518d64863593546bd72c0,benchmarks/isu/best_effort_build_runs/17ed21b4712c0b20cc36/isu-17ed21b4712c0b20cc36-20260815T031624Z-226c2349c4384b8b8ab5136769f0e304/attempt_manifest.json
isu-17ed21b4712c0b20cc36-20260815T031728Z-12945ebb58114f6bbe1b4228277f07c1,17ed21b4712c0b20cc36,https://github.com/code-423n4/2023-01-astaria.git,1bfc58b42109b839528ab1c21dc9803d663df898,1bfc58b42109b839528ab1c21dc9803d663df898,.,2026-08-15T03:17:28.145654+00:00,40.365789,,,forge build --optimize --skip test --cache-path .mvscan-cache,0,SUCCESS,node16-yarn1,16.20.2,2289,0,207,a48b4025f72b87905167e3770235998fffed6117eb1d685220a762788771ff6d,benchmarks/isu/best_effort_build_runs/17ed21b4712c0b20cc36/isu-17ed21b4712c0b20cc36-20260815T031728Z-12945ebb58114f6bbe1b4228277f07c1/attempt_manifest.json
isu-58b3a29bba78928be534-20260815T031940Z-e55c5ff717a44b83970339a27f736b42,58b3a29bba78928be534,https://github.com/with-backed/papr.git,9528f2711ff0c1522076b9f93fba13f88d5bd5e6,9528f2711ff0c1522076b9f93fba13f88d5bd5e6,.,2026-08-15T03:19:40.914444+00:00,16.085958,,,forge build --skip test --cache-path .mvscan-cache,0,SUCCESS,node18-npm10,18.20.8,1415,0,93,fa41f23d63e535567b53c7276a04ef596a06a7a99c47092737289e6d6f9055cb,benchmarks/isu/best_effort_build_runs/58b3a29bba78928be534/isu-58b3a29bba78928be534-20260815T031940Z-e55c5ff717a44b83970339a27f736b42/attempt_manifest.json
isu-8736a3dffd1ae2b28d68-20260815T032405Z-21b74e75f75b4bd09532dad9af9e5d1f,8736a3dffd1ae2b28d68,https://github.com/code-423n4/2021-12-defiprotocol.git,860fc371994de53749332af4b9d00387cbd18d4b,860fc371994de53749332af4b9d00387cbd18d4b,contracts,2026-08-15T03:24:05.723369+00:00,31.60757,,,"bash -lc ""npm install --no-save --package-lock=false --no-audit --no-fund --legacy-peer-deps hardhat@2.8.2 @nomiclabs/hardhat-ethers@2.0.4 @nomiclabs/hardhat-waffle@2.0.2 ethers@5.5.2 ethereum-waffle@3.4.0 dotenv@10.0.0 hardhat-deploy@0.9.26 hardhat-deploy-ethers@0.3.0-beta.13 hardhat-gas-reporter@1.0.7 hardhat-contract-sizer@2.4.0 ts-node@10.4.0 typescript@4.5.4 @types/node@16.11.12 @openzeppelin/contracts@4.4.1 @openzeppelin/contracts-upgradeable@4.4.1 && npx hardhat compile""",1,BUILD_FAILURE,node16-npm8,16.20.2,42,0,0,,benchmarks/isu/best_effort_build_runs/8736a3dffd1ae2b28d68/isu-8736a3dffd1ae2b28d68-20260815T032405Z-21b74e75f75b4bd09532dad9af9e5d1f/attempt_manifest.json
isu-8736a3dffd1ae2b28d68-20260815T032551Z-9447f29d865f4d63989b692d42d0b383,8736a3dffd1ae2b28d68,https://github.com/code-423n4/2021-12-defiprotocol.git,860fc371994de53749332af4b9d00387cbd18d4b,860fc371994de53749332af4b9d00387cbd18d4b,contracts,2026-08-15T03:25:51.795696+00:00,34.905035,,,"bash -lc ""npm install --no-save --package-lock=false --no-audit --no-fund --legacy-peer-deps hardhat@2.8.2 @nomiclabs/hardhat-ethers@2.0.4 @nomiclabs/hardhat-waffle@2.0.2 ethers@5.5.2 ethereum-waffle@3.4.0 dotenv@10.0.0 hardhat-deploy@0.9.26 hardhat-deploy-ethers@0.3.0-beta.13 hardhat-gas-reporter@1.0.7 hardhat-contract-sizer@2.4.0 ts-node@10.9.1 typescript@4.9.5 @types/node@16.18.11 @openzeppelin/contracts@4.4.1 @openzeppelin/contracts-upgradeable@4.4.1 && npx hardhat compile""",0,SUCCESS,node16-npm8,16.20.2,42,0,47,48a2392dabaaeced849c53e4db856ae9eb9e7af66335bee56d910a1f5b33e74f,benchmarks/isu/best_effort_build_runs/8736a3dffd1ae2b28d68/isu-8736a3dffd1ae2b28d68-20260815T032551Z-9447f29d865f4d63989b692d42d0b383/attempt_manifest.json
isu-17ed21b4712c0b20cc36-20260815T034534Z-8d4b42a99abf47d79576332db7c0dc52,17ed21b4712c0b20cc36,https://github.com/code-423n4/2023-01-astaria.git,1bfc58b42109b839528ab1c21dc9803d663df898,1bfc58b42109b839528ab1c21dc9803d663df898,.,2026-08-15T03:45:34.465464+00:00,1.156173,"[""/workspace/artifact/environment/toolchains/node/16.20.2/bin/node"", ""/workspace/artifact/environment/toolchains/yarn/1.22.22/bin/yarn.js"", ""install"", ""--non-interactive"", ""--ignore-scripts"", ""--frozen-lockfile""]",1,forge build,,DEPENDENCY_FAILURE,node16-yarn1,16.20.2,91,0,0,,benchmarks/isu/best_effort_build_runs/17ed21b4712c0b20cc36/isu-17ed21b4712c0b20cc36-20260815T034534Z-8d4b42a99abf47d79576332db7c0dc52/attempt_manifest.json
isu-0f62f3405b0b361b18a8-20260815T034534Z-3d46cca979764159a2cae1ec228412ee,0f62f3405b0b361b18a8,https://github.com/code-423n4/2021-11-streaming.git,56d81204a00fc949d29ddd277169690318b36821,56d81204a00fc949d29ddd277169690318b36821,Streaming,2026-08-15T03:45:34.465687+00:00,3.646666,"[""/workspace/artifact/environment/toolchains/node/16.20.2/bin/npm"", ""install"", ""--no-audit"", ""--no-fund"", ""--ignore-scripts"", ""--legacy-peer-deps""]",0,make build,2,BUILD_FAILURE,node16-npm8,16.20.2,72,0,1,5c79d1a1ef579751e53ca819c2a19275f909ec8b6aaf6e6e3a22342cc9b52904,benchmarks/isu/best_effort_build_runs/0f62f3405b0b361b18a8/isu-0f62f3405b0b361b18a8-20260815T034534Z-3d46cca979764159a2cae1ec228412ee/attempt_manifest.json
isu-2112b446760a0ffed350-20260815T034538Z-a8861274d3e54981a51ed2fef17b2604,2112b446760a0ffed350,https://github.com/code-423n4/2024-08-superposition.git,d913ae0225584b4b42e38518788a7e38cd2f4d53,d913ae0225584b4b42e38518788a7e38cd2f4d53,.,2026-08-15T03:45:38.750206+00:00,0.923629,,,make build,2,BUILD_FAILURE,node16-npm8,16.20.2,618,0,0,,benchmarks/isu/best_effort_build_runs/2112b446760a0ffed350/isu-2112b446760a0ffed350-20260815T034538Z-a8861274d3e54981a51ed2fef17b2604/attempt_manifest.json
isu-190ff08406165ccf2990-20260815T034535Z-59cb4fcff06d482e9a1c9d0fbeb948d6,190ff08406165ccf2990,https://github.com/rabbitholegg/quest-protocol.git,8c4c1f71221570b14a0479c216583342bd652d8d,8c4c1f71221570b14a0479c216583342bd652d8d,.,2026-08-15T03:45:35.705818+00:00,12.17729,"[""/workspace/artifact/environment/toolchains/node/12.22.12/bin/node"", ""/workspace/artifact/environment/toolchains/yarn/1.22.22/bin/yarn.js"", ""install"", ""--non-interactive"", ""--ignore-scripts"", ""--frozen-lockfile""]",1,yarn compile,,DEPENDENCY_FAILURE,node12-yarn1,12.22.12,60,0,0,,benchmarks/isu/best_effort_build_runs/190ff08406165ccf2990/isu-190ff08406165ccf2990-20260815T034535Z-59cb4fcff06d482e9a1c9d0fbeb948d6/attempt_manifest.json
isu-05442cbaf1d69b91d5a4-20260815T034534Z-b558e5059ca94af89a5bda7c682dbdb0,05442cbaf1d69b91d5a4,https://github.com/code-423n4/2024-08-phi.git,8c0985f7a10b231f916a51af5d506dd6b0c54120,8c0985f7a10b231f916a51af5d506dd6b0c54120,.,2026-08-15T03:45:34.464022+00:00,29.038957,"[""/workspace/artifact/environment/toolchains/node/16.20.2/bin/npm"", ""install"", ""--no-audit"", ""--no-fund"", ""--ignore-scripts"", ""--legacy-peer-deps""]",0,npm run build,0,SUCCESS,node16-npm8,16.20.2,1600,0,132,7f84dc4ddbb985109a5916ea6ed342773296213e5d7ccca4534ba4375da45b49,benchmarks/isu/best_effort_build_runs/05442cbaf1d69b91d5a4/isu-05442cbaf1d69b91d5a4-20260815T034534Z-b558e5059ca94af89a5bda7c682dbdb0/attempt_manifest.json
isu-1218dd25f99c8259083b-20260815T034534Z-9a34b019c3dd4154989f81249d52469f,1218dd25f99c8259083b,https://github.com/code-423n4/2023-04-party.git,440aafacb0f15d037594cebc85fd471729bcb6d9,440aafacb0f15d037594cebc85fd471729bcb6d9,.,2026-08-15T03:45:34.465874+00:00,30.950374,"[""/workspace/artifact/environment/toolchains/node/16.20.2/bin/npm"", ""install"", ""--no-audit"", ""--no-fund"", ""--ignore-scripts"", ""--legacy-peer-deps""]",0,npm run build,0,SUCCESS,node16-npm8,16.20.2,868,0,221,a1d88a9700bbc7c8d255bd6876bba15a2e45265ac74c6e9d71a6ab1c09a2f75f,benchmarks/isu/best_effort_build_runs/1218dd25f99c8259083b/isu-1218dd25f99c8259083b-20260815T034534Z-9a34b019c3dd4154989f81249d52469f/attempt_manifest.json
isu-27d99ecc930a40c3f443-20260815T034551Z-d370791e4db54bfabdd17d66971c5dfd,27d99ecc930a40c3f443,https://github.com/code-423n4/2021-12-vader.git,842662a9837929f160c7a1f5a2e4a7c03e715e1b,842662a9837929f160c7a1f5a2e4a7c03e715e1b,.,2026-08-15T03:45:51.177526+00:00,14.526809,"[""/workspace/artifact/environment/toolchains/node/16.20.2/bin/npm"", ""ci"", ""--no-audit"", ""--no-fund"", ""--ignore-scripts"", ""--legacy-peer-deps""]",0,npm run compile,127,BUILD_FAILURE,node16-npm8,16.20.2,159,0,0,,benchmarks/isu/best_effort_build_runs/27d99ecc930a40c3f443/isu-27d99ecc930a40c3f443-20260815T034551Z-d370791e4db54bfabdd17d66971c5dfd/attempt_manifest.json
isu-259153db5bcad1231d62-20260815T034539Z-a232062c80bc4a24ba02c16c13b93512,259153db5bcad1231d62,https://github.com/code-423n4/2024-07-optimism.git,70556044e5e080930f686c4e5acde420104bb2c4,70556044e5e080930f686c4e5acde420104bb2c4,.,2026-08-15T03:45:39.768254+00:00,28.330892,"[""/workspace/artifact/environment/toolchains/node/16.20.2/bin/npm"", ""install"", ""--no-audit"", ""--no-fund"", ""--ignore-scripts"", ""--legacy-peer-deps""]",0,npm run build,1,BUILD_FAILURE,node16-npm8,16.20.2,5643,0,27,d81dac49c75ec1252cc834512f9e8bd15302258c9cf46016dc6d76a0e32bf856,benchmarks/isu/best_effort_build_runs/259153db5bcad1231d62/isu-259153db5bcad1231d62-20260815T034539Z-a232062c80bc4a24ba02c16c13b93512/attempt_manifest.json
isu-289230e8a49b17b81b97-20260815T034605Z-177d8d5722ad420682c3ac9c2d75dc1f,289230e8a49b17b81b97,https://github.com/re-nft/smart-contracts.git,3ddd32455a849c3c6dc3c3aad7a33a6c9b44c291,3ddd32455a849c3c6dc3c3aad7a33a6c9b44c291,.,2026-08-15T03:46:05.638898+00:00,13.227206,,,forge build,0,SUCCESS,node16-npm8,16.20.2,1625,0,280,d882f49731755460bd53b0cf4946ba46ad146313cf8105aa41a605953f44fa1a,benchmarks/isu/best_effort_build_runs/289230e8a49b17b81b97/isu-289230e8a49b17b81b97-20260815T034605Z-177d8d5722ad420682c3ac9c2d75dc1f/attempt_manifest.json
isu-28f44f959080974f24f7-20260815T034609Z-eeff5160be794e069459dd18a4983f9c,28f44f959080974f24f7,https://github.com/k06a/Unipool.git,bb1843b454bbb10b3b1ccf48edf5e72a80b2acfe,bb1843b454bbb10b3b1ccf48edf5e72a80b2acfe,.,2026-08-15T03:46:09.249117+00:00,18.875613,"[""/workspace/artifact/environment/toolchains/node/16.20.2/bin/node"", ""/workspace/artifact/environment/toolchains/yarn/1.22.22/bin/yarn.js"", ""install"", ""--non-interactive"", ""--ignore-scripts"", ""--frozen-lockfile""]",0,npx truffle compile,1,BUILD_FAILURE,node16-yarn1,16.20.2,35,0,0,,benchmarks/isu/best_effort_build_runs/28f44f959080974f24f7/isu-28f44f959080974f24f7-20260815T034609Z-eeff5160be794e069459dd18a4983f9c/attempt_manifest.json
isu-29a26915e78db1075e4d-20260815T034611Z-913003ac8af94aeab88c60f28c963067,29a26915e78db1075e4d,https://github.com/code-423n4/2023-07-basin.git,9403cf973e95ef7219622dbbe2a08396af90b64c,9403cf973e95ef7219622dbbe2a08396af90b64c,.,2026-08-15T03:46:11.569655+00:00,24.487082,"[""/workspace/artifact/environment/toolchains/node/16.20.2/bin/node"", ""/workspace/artifact/environment/toolchains/yarn/1.22.22/bin/yarn.js"", ""install"", ""--non-interactive"", ""--ignore-scripts"", ""--frozen-lockfile""]",0,forge build,0,SUCCESS,node16-yarn1,16.20.2,1714,0,163,ce88d6724c9a9e1d223595a5ab20bdca1abd859a3f5dc8d7b53a17425a754b3b,benchmarks/isu/best_effort_build_runs/29a26915e78db1075e4d/isu-29a26915e78db1075e4d-20260815T034611Z-913003ac8af94aeab88c60f28c963067/attempt_manifest.json
isu-2b7cbf663fc060f42a75-20260815T034611Z-a413199a638049bcab53be9e44fc3cc3,2b7cbf663fc060f42a75,https://github.com/code-423n4/2022-04-backd.git,c856714a50437cb33240a5964b63687c9876275b,c856714a50437cb33240a5964b63687c9876275b,backd,2026-08-15T03:46:11.822451+00:00,40.156064,"[""/workspace/artifact/environment/toolchains/node/16.20.2/bin/node"", ""/workspace/artifact/environment/toolchains/yarn/1.22.22/bin/yarn.js"", ""install"", ""--non-interactive"", ""--ignore-scripts"", ""--frozen-lockfile""]",0,npx hardhat compile,0,SUCCESS,node16-yarn1,16.20.2,374,0,422,03370fd2509210ab5de957661494b135c7874a2a81caec83507b1e05fd9bf65b,benchmarks/isu/best_effort_build_runs/2b7cbf663fc060f42a75/isu-2b7cbf663fc060f42a75-20260815T034611Z-a413199a638049bcab53be9e44fc3cc3/attempt_manifest.json
isu-33438b4b2584abe90998-20260815T034618Z-c4f6d03652e94346b80375482508976d,33438b4b2584abe90998,https://github.com/code-423n4/2023-12-ethereumcreditguild.git,2376d9af792584e3d15ec9c32578daa33bb56b43,2376d9af792584e3d15ec9c32578daa33bb56b43,.,2026-08-15T03:46:18.968234+00:00,43.79839,"[""/workspace/artifact/environment/toolchains/node/16.20.2/bin/npm"", ""install"", ""--no-audit"", ""--no-fund"", ""--ignore-scripts"", ""--legacy-peer-deps""]",0,npm run compile,0,SUCCESS,node16-npm8,16.20.2,134,0,156,863ded49069f811ca362bef97e692db14066e426fa55cfe99fb11be6b4297053,benchmarks/isu/best_effort_build_runs/33438b4b2584abe90998/isu-33438b4b2584abe90998-20260815T034618Z-c4f6d03652e94346b80375482508976d/attempt_manifest.json
isu-496a067d0cf9ec7a97f3-20260815T034750Z-c2e3fdad37b3416baffa551c4cc1ccb8,496a067d0cf9ec7a97f3,https://github.com/code-423n4/2021-05-visorfinance.git,dda9be0bcbf4b2c549608405ccdf9469bc2cbaf1,dda9be0bcbf4b2c549608405ccdf9469bc2cbaf1,contracts,2026-08-15T03:47:50.137505+00:00,39.814949,"[""/workspace/artifact/environment/toolchains/node/16.20.2/bin/npm"", ""install"", ""--no-audit"", ""--no-fund"", ""--ignore-scripts"", ""--legacy-peer-deps""]",0,npm run compile,0,SUCCESS,node16-npm8,16.20.2,38,0,110,2ceeb5eaca29d4d90a38250d82a2edef7bc8f4d153e4c6d17a752a43363c01b2,benchmarks/isu/best_effort_build_runs/496a067d0cf9ec7a97f3/isu-496a067d0cf9ec7a97f3-20260815T034750Z-c2e3fdad37b3416baffa551c4cc1ccb8/attempt_manifest.json
isu-9846cf86134caae7799e-20260815T034748Z-bbf59f8f80044a69a5f0d887d91a7787,9846cf86134caae7799e,https://github.com/pooltogether/pooltogether-pool-contracts.git,cbec82befa502500c63b59a9d0dabd678d3dd508,cbec82befa502500c63b59a9d0dabd678d3dd508,.,2026-08-15T03:47:48.095094+00:00,42.592512,"[""/workspace/artifact/environment/toolchains/node/14.21.3/bin/node"", ""/workspace/artifact/environment/toolchains/yarn/1.22.22/bin/yarn.js"", ""install"", ""--non-interactive"", ""--ignore-scripts"", ""--frozen-lockfile""]",0,yarn compile,1,BUILD_FAILURE,node14-yarn1,14.21.3,324,0,0,,benchmarks/isu/best_effort_build_runs/9846cf86134caae7799e/isu-9846cf86134caae7799e-20260815T034748Z-bbf59f8f80044a69a5f0d887d91a7787/attempt_manifest.json
isu-85eb869c97005c328767-20260815T034749Z-25e83f87b13e498a9180d1f182ca02f1,85eb869c97005c328767,https://github.com/code-423n4/2021-12-mellow.git,53d73a8bcb9e9853b59973bb47c009431909a812,53d73a8bcb9e9853b59973bb47c009431909a812,mellow-vaults,2026-08-15T03:47:49.257487+00:00,44.971889,"[""/workspace/artifact/environment/toolchains/node/16.20.2/bin/npm"", ""install"", ""--no-audit"", ""--no-fund"", ""--ignore-scripts"", ""--legacy-peer-deps""]",0,npm run compile,1,BUILD_FAILURE,node16-npm8,16.20.2,180,0,0,,benchmarks/isu/best_effort_build_runs/85eb869c97005c328767/isu-85eb869c97005c328767-20260815T034749Z-25e83f87b13e498a9180d1f182ca02f1/attempt_manifest.json
isu-e31b806756023cb9c5e9-20260815T034749Z-d770e181777046729b61a3354449c1c9,e31b806756023cb9c5e9,https://github.com/code-423n4/2021-11-unlock.git,84086b6486d9691e3f5e1ac696c794eea610c814,84086b6486d9691e3f5e1ac696c794eea610c814,smart-contracts,2026-08-15T03:47:49.656992+00:00,63.190344,"[""/workspace/artifact/environment/toolchains/node/16.20.2/bin/node"", ""/workspace/artifact/environment/toolchains/yarn/1.22.22/bin/yarn.js"", ""install"", ""--non-interactive"", ""--ignore-scripts"", ""--frozen-lockfile""]",0,yarn build,0,SUCCESS,node16-yarn1,16.20.2,235,0,234,4b72c28c00e2a18f962c2bccf9edab1300c5dd4cef405f3e57d4a1b8c17d0473,benchmarks/isu/best_effort_build_runs/e31b806756023cb9c5e9/isu-e31b806756023cb9c5e9-20260815T034749Z-d770e181777046729b61a3354449c1c9/attempt_manifest.json
isu-ac67415d04325a4657e0-20260815T034935Z-e9d63496a14a42a49728a4be122c5124,ac67415d04325a4657e0,https://github.com/code-423n4/2023-03-neotokyo.git,8349427f4346ade378dcacd4c131b9cfa7eadaf7,8349427f4346ade378dcacd4c131b9cfa7eadaf7,.,2026-08-15T03:49:35.122450+00:00,43.450634,"[""/workspace/artifact/environment/toolchains/node/16.20.2/bin/npm"", ""install"", ""--no-audit"", ""--no-fund"", ""--ignore-scripts"", ""--legacy-peer-deps""]",0,npx hardhat compile,0,SUCCESS,node16-npm8,16.20.2,184,0,340,ad20b1e76d0430033668ce9684028882c136e2dc72eea0a7f95a8f628e01cb84,benchmarks/isu/best_effort_build_runs/ac67415d04325a4657e0/isu-ac67415d04325a4657e0-20260815T034935Z-e9d63496a14a42a49728a4be122c5124/attempt_manifest.json
isu-3dc3386f4227b509becb-20260815T034936Z-4eba05e4d6474ffa8b8bf636dccc4396,3dc3386f4227b509becb,https://github.com/sushiswap/trident.git,c405f3402a1ed336244053f8186742d2da5975e9,c405f3402a1ed336244053f8186742d2da5975e9,.,2026-08-15T03:49:36.343878+00:00,43.729761,"[""/workspace/artifact/environment/toolchains/node/16.20.2/bin/node"", ""/workspace/artifact/environment/toolchains/yarn/1.22.22/bin/yarn.js"", ""install"", ""--non-interactive"", ""--ignore-scripts"", ""--frozen-lockfile""]",0,yarn build,0,SUCCESS,node16-yarn1,16.20.2,114,0,152,b85e17ec513b6dc034ecb9bcefe469f13aab45b8e5f653127c3696f33c3b054d,benchmarks/isu/best_effort_build_runs/3dc3386f4227b509becb/isu-3dc3386f4227b509becb-20260815T034936Z-4eba05e4d6474ffa8b8bf636dccc4396/attempt_manifest.json
isu-9846cf86134caae7799e-20260815T035215Z-b913e8fbcfa1462d92dc833991046c50,9846cf86134caae7799e,https://github.com/pooltogether/pooltogether-pool-contracts.git,cbec82befa502500c63b59a9d0dabd678d3dd508,cbec82befa502500c63b59a9d0dabd678d3dd508,.,2026-08-15T03:52:15.704639+00:00,28.100629,"[""/workspace/artifact/environment/toolchains/node/14.21.3/bin/node"", ""/workspace/artifact/environment/toolchains/yarn/1.22.22/bin/yarn.js"", ""install"", ""--non-interactive"", ""--ignore-scripts"", ""--frozen-lockfile""]",0,yarn compile,1,BUILD_FAILURE,node14-yarn1,14.21.3,324,0,0,,benchmarks/isu/best_effort_build_runs/9846cf86134caae7799e/isu-9846cf86134caae7799e-20260815T035215Z-b913e8fbcfa1462d92dc833991046c50/attempt_manifest.json
isu-85eb869c97005c328767-20260815T035218Z-dbf8447cd7da4df8a8e24c0d55610998,85eb869c97005c328767,https://github.com/code-423n4/2021-12-mellow.git,53d73a8bcb9e9853b59973bb47c009431909a812,53d73a8bcb9e9853b59973bb47c009431909a812,mellow-vaults,2026-08-15T03:52:18.134010+00:00,37.696816,,,"bash -lc ""npm install --package-lock=false --no-audit --no-fund --legacy-peer-deps hardhat@2.6.8 @nomiclabs/hardhat-ethers@npm:hardhat-deploy-ethers@0.3.0-beta.7 && npm run compile""",1,BUILD_FAILURE,node16-npm8,16.20.2,180,1,0,,benchmarks/isu/best_effort_build_runs/85eb869c97005c328767/isu-85eb869c97005c328767-20260815T035218Z-dbf8447cd7da4df8a8e24c0d55610998/attempt_manifest.json
isu-85eb869c97005c328767-20260815T035427Z-f0f0185704f4446eb824a48251e02841,85eb869c97005c328767,https://github.com/code-423n4/2021-12-mellow.git,53d73a8bcb9e9853b59973bb47c009431909a812,53d73a8bcb9e9853b59973bb47c009431909a812,mellow-vaults,2026-08-15T03:54:27.817214+00:00,38.596653,,,"bash -lc ""npm install --no-save --package-lock=false --no-audit --no-fund --legacy-peer-deps hardhat@2.6.8 hardhat-deploy@0.9.1 @nomiclabs/hardhat-ethers@npm:hardhat-deploy-ethers@0.3.0-beta.7 && npm run compile""",1,BUILD_FAILURE,node16-npm8,16.20.2,180,0,0,,benchmarks/isu/best_effort_build_runs/85eb869c97005c328767/isu-85eb869c97005c328767-20260815T035427Z-f0f0185704f4446eb824a48251e02841/attempt_manifest.json
isu-9846cf86134caae7799e-20260815T035429Z-808070eefa3148d38f0e5f54f077b079,9846cf86134caae7799e,https://github.com/pooltogether/pooltogether-pool-contracts.git,cbec82befa502500c63b59a9d0dabd678d3dd508,cbec82befa502500c63b59a9d0dabd678d3dd508,.,2026-08-15T03:54:29.816549+00:00,38.457869,"[""/workspace/artifact/environment/toolchains/node/14.21.3/bin/node"", ""/workspace/artifact/environment/toolchains/yarn/1.22.22/bin/yarn.js"", ""install"", ""--non-interactive"", ""--ignore-scripts"", ""--frozen-lockfile""]",0,yarn compile,0,SUCCESS,node14-yarn1,14.21.3,324,0,250,665d9edad3f62af1b030b90d0ec4a77f892e5db4628bcb10db5eaea50b92032e,benchmarks/isu/best_effort_build_runs/9846cf86134caae7799e/isu-9846cf86134caae7799e-20260815T035429Z-808070eefa3148d38f0e5f54f077b079/attempt_manifest.json
isu-85eb869c97005c328767-20260815T035720Z-9260d866861844778508185d8bc05121,85eb869c97005c328767,https://github.com/code-423n4/2021-12-mellow.git,53d73a8bcb9e9853b59973bb47c009431909a812,53d73a8bcb9e9853b59973bb47c009431909a812,mellow-vaults,2026-08-15T03:57:20.770603+00:00,41.943989,,,"bash -lc ""npm install --no-save --package-lock=false --no-audit --no-fund --legacy-peer-deps hardhat@2.6.8 hardhat-deploy@0.9.1 @nomiclabs/hardhat-ethers@npm:hardhat-deploy-ethers@0.3.0-beta.7 typescript@4.3.5 ts-node@10.2.1 && npm run compile""",1,BUILD_FAILURE,node16-npm8,16.20.2,180,0,0,,benchmarks/isu/best_effort_build_runs/85eb869c97005c328767/isu-85eb869c97005c328767-20260815T035720Z-9260d866861844778508185d8bc05121/attempt_manifest.json
isu-8d760c6fa69de52797f1-20260815T035812Z-90d9543755894c1ca1d0c3e08b3af0ac,8d760c6fa69de52797f1,https://github.com/code-423n4/2021-07-wildcredit.git,82c48d73fd27a9d4d5d4a395b3affcef4ef6c5c8,82c48d73fd27a9d4d5d4a395b3affcef4ef6c5c8,.,2026-08-15T03:58:12.200666+00:00,0.895754,,,"bash -lc ""mkdir -p artifacts && /workspace/artifact/environment/toolchains/solc/0.8.0/solc --base-path . --allow-paths . --optimize --bin --abi -o artifacts contracts/*.sol""",0,SUCCESS,node16-npm8,16.20.2,32,0,50,abf6636250b15cf37ca19ba741f55e2b2e748a65a07968b919c71d23f9d05141,benchmarks/isu/best_effort_build_runs/8d760c6fa69de52797f1/isu-8d760c6fa69de52797f1-20260815T035812Z-90d9543755894c1ca1d0c3e08b3af0ac/attempt_manifest.json
isu-2952c8154a7befc068f5-20260815T035814Z-a276934ed5704c51836ed5d4cc3d1990,2952c8154a7befc068f5,https://github.com/code-423n4/2021-04-marginswap.git,412d4ff61c9dfedb2f7d2fe957d911f7dc4ccfcb,412d4ff61c9dfedb2f7d2fe957d911f7dc4ccfcb,.,2026-08-15T03:58:14.909990+00:00,0.940572,,,"bash -lc ""npm install --no-save --package-lock=false --no-audit --no-fund --legacy-peer-deps @openzeppelin/contracts@4.0.0 @uniswap/v2-core@1.0.1 && mkdir -p artifacts && /workspace/artifact/environment/toolchains/solc/0.8.0/solc --base-path . --include-path node_modules --allow-paths .,node_modules --optimize --bin --abi -o artifacts contracts/*.sol""",1,BUILD_FAILURE,node16-npm8,16.20.2,23,0,0,,benchmarks/isu/best_effort_build_runs/2952c8154a7befc068f5/isu-2952c8154a7befc068f5-20260815T035814Z-a276934ed5704c51836ed5d4cc3d1990/attempt_manifest.json
isu-85eb869c97005c328767-20260815T040303Z-2cbaee69a4d04142bf5038b7a24a1424,85eb869c97005c328767,https://github.com/code-423n4/2021-12-mellow.git,53d73a8bcb9e9853b59973bb47c009431909a812,53d73a8bcb9e9853b59973bb47c009431909a812,mellow-vaults,2026-08-15T04:03:03.010075+00:00,42.78215,"[""/workspace/artifact/environment/toolchains/node/16.20.2/bin/npm"", ""install"", ""--package-lock=false"", ""--no-save"", ""--no-audit"", ""--no-fund"", ""--ignore-scripts"", ""--legacy-peer-deps"", ""hardhat@2.6.8"", ""hardhat-deploy@0.9.1"", ""@nomiclabs/hardhat-ethers@npm:hardhat-deploy-ethers@0.3.0-beta.7"", ""typescript@4.3.5"", ""ts-node@10.2.1""]",0,npm run compile,1,BUILD_FAILURE,node16-npm8,16.20.2,180,0,0,,benchmarks/isu/best_effort_build_runs/85eb869c97005c328767/isu-85eb869c97005c328767-20260815T040303Z-2cbaee69a4d04142bf5038b7a24a1424/attempt_manifest.json
isu-85eb869c97005c328767-20260815T040558Z-58bd6a2614144eb7966af26ae3b86828,85eb869c97005c328767,https://github.com/code-423n4/2021-12-mellow.git,53d73a8bcb9e9853b59973bb47c009431909a812,53d73a8bcb9e9853b59973bb47c009431909a812,mellow-vaults,2026-08-15T04:05:58.544712+00:00,41.34654,"[""/workspace/artifact/environment/toolchains/node/16.20.2/bin/npm"", ""install"", ""--package-lock=false"", ""--no-save"", ""--no-audit"", ""--no-fund"", ""--ignore-scripts"", ""--legacy-peer-deps"", ""hardhat@2.6.8"", ""hardhat-deploy@0.9.1"", ""@nomiclabs/hardhat-ethers@npm:hardhat-deploy-ethers@0.3.0-beta.7"", ""typescript@4.3.5"", ""ts-node@10.2.1""]",0,npm run compile,1,BUILD_FAILURE,node16-npm8,16.20.2,180,0,0,,benchmarks/isu/best_effort_build_runs/85eb869c97005c328767/isu-85eb869c97005c328767-20260815T040558Z-58bd6a2614144eb7966af26ae3b86828/attempt_manifest.json
isu-85eb869c97005c328767-20260815T040722Z-e8aec7ea22d9420a8f41796039e2dfb2,85eb869c97005c328767,https://github.com/code-423n4/2021-12-mellow.git,53d73a8bcb9e9853b59973bb47c009431909a812,53d73a8bcb9e9853b59973bb47c009431909a812,mellow-vaults,2026-08-15T04:07:22.581728+00:00,50.235311,"[""/workspace/artifact/environment/toolchains/node/16.20.2/bin/npm"", ""install"", ""--package-lock=false"", ""--no-save"", ""--no-audit"", ""--no-fund"", ""--ignore-scripts"", ""--legacy-peer-deps"", ""hardhat@2.6.8"", ""hardhat-deploy@0.9.1"", ""@nomiclabs/hardhat-ethers@npm:hardhat-deploy-ethers@0.3.0-beta.7"", ""typescript@4.3.5"", ""ts-node@10.2.1"", ""@openzeppelin/contracts@4.4.0""]",0,npm run compile,0,SUCCESS,node16-npm8,16.20.2,180,0,200,452b272b7b04f712d40dca918cb9ac084e76fbea90c014c327e3ec650c228093,benchmarks/isu/best_effort_build_runs/85eb869c97005c328767/isu-85eb869c97005c328767-20260815T040722Z-e8aec7ea22d9420a8f41796039e2dfb2/attempt_manifest.json
isu-2952c8154a7befc068f5-20260815T041457Z-df805dec0da74eee8a71e31f66348177,2952c8154a7befc068f5,https://github.com/code-423n4/2021-04-marginswap.git,412d4ff61c9dfedb2f7d2fe957d911f7dc4ccfcb,412d4ff61c9dfedb2f7d2fe957d911f7dc4ccfcb,.,2026-08-15T04:14:57.112581+00:00,5.907568,"[""/workspace/artifact/environment/toolchains/node/16.20.2/bin/npm"", ""install"", ""--package-lock=false"", ""--no-save"", ""--no-audit"", ""--no-fund"", ""--ignore-scripts"", ""--legacy-peer-deps"", ""@openzeppelin/contracts@4.0.0"", ""@uniswap/v2-core@1.0.1""]",0,"/workspace/artifact/environment/toolchains/solc/0.8.0/solc @openzeppelin/=node_modules/@openzeppelin/ @uniswap/=node_modules/@uniswap/ --base-path . --allow-paths .,node_modules --optimize --bin --abi -o artifacts contracts/Admin.sol contracts/BaseLending.sol contracts/BondLending.sol contracts/CrossMarginAccounts.sol contracts/CrossMarginLiquidation.sol contracts/CrossMarginTrading.sol contracts/Fund.sol contracts/HourlyBondSubscriptionLending.sol contracts/IncentiveDistribution.sol contracts/IncentivizedHolder.sol contracts/IsolatedMarginAccounts.sol contracts/IsolatedMarginLiquidation.sol contracts/IsolatedMarginTrading.sol contracts/Lending.sol contracts/MarginRouter.sol contracts/PriceAware.sol contracts/RoleAware.sol contracts/Roles.sol contracts/UniswapStyleLib.sol",0,SUCCESS,node16-npm8,16.20.2,26,0,58,75567ed9a7a646db52bbe76725a447c65c0c94fc1ca61dedb3b8e94b35fa6a35,benchmarks/isu/best_effort_build_runs/2952c8154a7befc068f5/isu-2952c8154a7befc068f5-20260815T041457Z-df805dec0da74eee8a71e31f66348177/attempt_manifest.json
