Problem executing hardhat to fetch configuration, using defaults: [Errno 2] No such file or directory: 'hardhat'
[mvscan-config] {"ATOMIC_GROUP": [], "DIVERGENCE_BUDGET": 1000, "ENABLE_BRANCH_GROUPS": true, "ENABLE_EXTERNAL_STATE": true, "ENABLE_MULTI_RETURN_GROUPS": true, "MAPPING_MODE": "precise", "MERGE_OVERLOADS": false, "MVSCAN_ABLATION": "full", "MVSCAN_CONTEXTUAL_KEYS": false, "MVSCAN_INCLUDE_SCALAR_WITNESSES": false, "MVSCAN_INTERFACE_DISPATCH": false, "MVSCAN_MAX_CONTEXTS_PER_OWNER_BLOCK": 128, "MVSCAN_MAX_DISPATCH_TARGETS": 16, "MVSCAN_REQUIRE_DISTINCT_OUTER_ROOTS": false, "MVSCAN_ROOT_CONTEXT_SINKS": false, "NOOP_WRITE_FILTER": true, "REQUIRE_SAME_SLOT_KEY": true, "SINK_TEST": "none", "USER_CALLABLE_ALWAYS": [], "USER_CALLABLE_DENY": []}
[mvscan-stage] icfg-built blocks=4106 vars=242
[mvscan-stage] root-seeding-done eligible_exposures=320 seeded=197 multi_exposure_entry_blocks=48 collapsed_contextual_aliases=123 excluded_dependency=0 excluded_interface=84 excluded_library=0 excluded_abstract=144 missing_entry_point=0 missing_entry_block=0
[mvscan-pairs] call_target_digest=801f7e5b8442930c47742cf75908ea00f5c79f1eb432bcd6235417a256f191dd candidate_count=241 candidate_digest=088ba34d82b0076ffa38b6d137cbf3e0936b922c6171ba7ca5a9ef38d5c0afb6 context_instance_count=2888 eligible_readers=265 eligible_writers=158 execution_context_digest=3fe96028e38244046a3a57910add59aa66b5e771f40d110d2695c3f890db6154 insensitive_readers_filtered=116 invalid_partial_write_filtered=0 must_full_relation_filtered=116 omitted_member_evidence_filtered=0 omitted_member_not_sensitive_filtered=6230 owner_context_pairs=3223 owner_context_pairs_considered=21398 raw_block_pairs=1350 reader_witness_count=3223 relation_base_members_shadowed=79 relation_context_incompatible=0 relation_digest=b73f6cf03bd8f09f0feed4a354e0cabedcc7cfa6340a6ed58c268710d3a77671 relation_evidence_edges=1104 relation_incompatible=332 relation_members_raw=333 relation_origins_registered=43 relation_origins_rejected_unary_after_shadowing=135 relation_origins_rejected_unreachable=72 relation_origins_seen=178 root_context_sink_filtered=0 same_outer_root_filtered=0 same_static_block_filtered=70 scalar_variables_skipped=143 storage_context_mismatch=11829 variables_considered=183
INFO:Detectors:

[MV-SI candidate 0213caeba9da13aab018] {borrowed[$arg0], feeUpdatedAt[$arg0]}
 writer root       -> contracts/lybra/pools/LybraWbETHVault.sol::LybraWBETHVault.depositEtherToMint(uint256)
 writer effect     -> contracts/lybra/pools/base/LybraPeUSDVaultBase.sol:233
 written member    -> ('MS', 'contracts/lybra/pools/base/LybraPeUSDVaultBase.sol', 'LybraPeUSDVaultBase.feeUpdatedAt', '$arg0')
 potentially stale -> ('MS', 'contracts/lybra/pools/base/LybraPeUSDVaultBase.sol', 'LybraPeUSDVaultBase.borrowed', '$arg0')
 reader witnesses  -> 3
 storage exposures -> 1
[MV-SI candidate 04897e03f1fd5040849a] {finishAt, rewardPerTokenStored, rewardRatio, totalSupply, updatedAt}
 writer root       -> contracts/lybra/miner/stakerewardV2pool.sol::StakingRewardsV2.stake(uint256)
 writer effect     -> contracts/lybra/miner/stakerewardV2pool.sol:58
 written member    -> ('SV', 'contracts/lybra/miner/stakerewardV2pool.sol', 'StakingRewardsV2.updatedAt')
 potentially stale -> ('SV', 'contracts/lybra/miner/stakerewardV2pool.sol', 'StakingRewardsV2.finishAt'), ('SV', 'contracts/lybra/miner/stakerewardV2pool.sol', 'StakingRewardsV2.rewardPerTokenStored'), ('SV', 'contracts/lybra/miner/stakerewardV2pool.sol', 'StakingRewardsV2.rewardRatio'), ('SV', 'contracts/lybra/miner/stakerewardV2pool.sol', 'StakingRewardsV2.totalSupply')
 reader witnesses  -> 26
 storage exposures -> 1
[MV-SI candidate 05cb19e90a0b5579db10] {borrowed[$arg0], depositedAsset[$arg0], feeStored[$arg0], feeUpdatedAt[$arg0]}
 writer root       -> contracts/lybra/pools/LybraWstETHVault.sol::LybraWstETHVault.depositEtherToMint(uint256)
 writer effect     -> contracts/lybra/pools/base/LybraPeUSDVaultBase.sol:232
 written member    -> ('MS', 'contracts/lybra/pools/base/LybraPeUSDVaultBase.sol', 'LybraPeUSDVaultBase.feeStored', '$arg0')
 potentially stale -> ('MS', 'contracts/lybra/pools/base/LybraPeUSDVaultBase.sol', 'LybraPeUSDVaultBase.borrowed', '$arg0'), ('MS', 'contracts/lybra/pools/base/LybraPeUSDVaultBase.sol', 'LybraPeUSDVaultBase.depositedAsset', '$arg0'), ('MS', 'contracts/lybra/pools/base/LybraPeUSDVaultBase.sol', 'LybraPeUSDVaultBase.feeUpdatedAt', '$arg0')
 reader witnesses  -> 5
 storage exposures -> 1
[MV-SI candidate 06e13cacd6c682f608b6] {rewardPerTokenStored, rewards[$arg0], userRewardPerTokenPaid[$arg0]}
 writer root       -> contracts/lybra/miner/ProtocolRewardsPool.sol::ProtocolRewardsPool.getReward()
 writer effect     -> contracts/lybra/miner/ProtocolRewardsPool.sol:180
 written member    -> ('MS', 'contracts/lybra/miner/ProtocolRewardsPool.sol', 'ProtocolRewardsPool.userRewardPerTokenPaid', '$arg0')
 potentially stale -> ('MS', 'contracts/lybra/miner/ProtocolRewardsPool.sol', 'ProtocolRewardsPool.rewards', '$arg0'), ('SV', 'contracts/lybra/miner/ProtocolRewardsPool.sol', 'ProtocolRewardsPool.rewardPerTokenStored')
 reader witnesses  -> 5
 storage exposures -> 1
[MV-SI candidate 0703c1b2a58358e8a187] {extraRatio, finishAt, peUSDExtraRatio, rewardPerTokenStored, rewardRatio, rewards[$arg0], updatedAt, userRewardPerTokenPaid[$arg0]}
 writer root       -> contracts/lybra/miner/EUSDMiningIncentives.sol::EUSDMiningIncentives.notifyRewardAmount(uint256)
 writer effect     -> contracts/lybra/miner/EUSDMiningIncentives.sol:78
 written member    -> ('MS', 'contracts/lybra/miner/EUSDMiningIncentives.sol', 'EUSDMiningIncentives.userRewardPerTokenPaid', '$arg0')
 potentially stale -> ('MS', 'contracts/lybra/miner/EUSDMiningIncentives.sol', 'EUSDMiningIncentives.rewards', '$arg0'), ('SV', 'contracts/lybra/miner/EUSDMiningIncentives.sol', 'EUSDMiningIncentives.extraRatio'), ('SV', 'contracts/lybra/miner/EUSDMiningIncentives.sol', 'EUSDMiningIncentives.finishAt'), ('SV', 'contracts/lybra/miner/EUSDMiningIncentives.sol', 'EUSDMiningIncentives.peUSDExtraRatio'), ('SV', 'contracts/lybra/miner/EUSDMiningIncentives.sol', 'EUSDMiningIncentives.rewardPerTokenStored'), ('SV', 'contracts/lybra/miner/EUSDMiningIncentives.sol', 'EUSDMiningIncentives.rewardRatio'), ('SV', 'contracts/lybra/miner/EUSDMiningIncentives.sol', 'EUSDMiningIncentives.updatedAt')
 reader witnesses  -> 29
 storage exposures -> 1
[MV-SI candidate 07ab992b7b75f0f3e0ac] {feeStored, lastReportTime, lidoRebaseTime, poolTotalEUSDCirculation, totalDepositedAsset}
 writer root       -> contracts/lybra/pools/base/LybraEUSDVaultBase.sol::LybraEUSDVaultBase.liquidation(address,address,uint256)
 writer effect     -> contracts/lybra/pools/base/LybraEUSDVaultBase.sol:165
 written member    -> ('SV', 'contracts/lybra/pools/base/LybraEUSDVaultBase.sol', 'LybraEUSDVaultBase.totalDepositedAsset')
 potentially stale -> ('SV', 'contracts/lybra/pools/LybraStETHVault.sol', 'LybraStETHDepositVault.lidoRebaseTime'), ('SV', 'contracts/lybra/pools/base/LybraEUSDVaultBase.sol', 'LybraEUSDVaultBase.feeStored'), ('SV', 'contracts/lybra/pools/base/LybraEUSDVaultBase.sol', 'LybraEUSDVaultBase.lastReportTime'), ('SV', 'contracts/lybra/pools/base/LybraEUSDVaultBase.sol', 'LybraEUSDVaultBase.poolTotalEUSDCirculation')
 reader witnesses  -> 7
 storage exposures -> 1
[MV-SI candidate 07daeb5ebac467f805e4] {borrowed[$arg0], depositedAsset[$arg0], feeStored[$arg0], feeUpdatedAt[$arg0]}
 writer root       -> contracts/lybra/pools/LybraWstETHVault.sol::LybraWstETHVault.depositEtherToMint(uint256)
 writer effect     -> contracts/lybra/pools/base/LybraPeUSDVaultBase.sol:179
 written member    -> ('MS', 'contracts/lybra/pools/base/LybraPeUSDVaultBase.sol', 'LybraPeUSDVaultBase.borrowed', '$arg0')
 potentially stale -> ('MS', 'contracts/lybra/pools/base/LybraPeUSDVaultBase.sol', 'LybraPeUSDVaultBase.depositedAsset', '$arg0'), ('MS', 'contracts/lybra/pools/base/LybraPeUSDVaultBase.sol', 'LybraPeUSDVaultBase.feeStored', '$arg0'), ('MS', 'contracts/lybra/pools/base/LybraPeUSDVaultBase.sol', 'LybraPeUSDVaultBase.feeUpdatedAt', '$arg0')
 reader witnesses  -> 5
 storage exposures -> 1
[MV-SI candidate 083fb48cc36c2bce7795] {finishAt, rewardPerTokenStored, rewardRatio, updatedAt}
 writer root       -> contracts/lybra/miner/EUSDMiningIncentives.sol::EUSDMiningIncentives.purchaseOtherEarnings(address,bool)
 writer effect     -> contracts/lybra/miner/EUSDMiningIncentives.sol:73
 written member    -> ('SV', 'contracts/lybra/miner/EUSDMiningIncentives.sol', 'EUSDMiningIncentives.rewardPerTokenStored')
 potentially stale -> ('SV', 'contracts/lybra/miner/EUSDMiningIncentives.sol', 'EUSDMiningIncentives.finishAt'), ('SV', 'contracts/lybra/miner/EUSDMiningIncentives.sol', 'EUSDMiningIncentives.rewardRatio'), ('SV', 'contracts/lybra/miner/EUSDMiningIncentives.sol', 'EUSDMiningIncentives.updatedAt')
 reader witnesses  -> 12
 storage exposures -> 1
[MV-SI candidate 090311934c37ed521ece] {feeStored, lastReportTime, lidoRebaseTime, poolTotalEUSDCirculation, totalDepositedAsset}
 writer root       -> contracts/lybra/pools/LybraStETHVault.sol::LybraStETHDepositVault.depositEtherToMint(uint256)
 writer effect     -> contracts/lybra/pools/base/LybraEUSDVaultBase.sol:266
 written member    -> ('SV', 'contracts/lybra/pools/base/LybraEUSDVaultBase.sol', 'LybraEUSDVaultBase.poolTotalEUSDCirculation')
 potentially stale -> ('SV', 'contracts/lybra/pools/LybraStETHVault.sol', 'LybraStETHDepositVault.lidoRebaseTime'), ('SV', 'contracts/lybra/pools/base/LybraEUSDVaultBase.sol', 'LybraEUSDVaultBase.feeStored'), ('SV', 'contracts/lybra/pools/base/LybraEUSDVaultBase.sol', 'LybraEUSDVaultBase.lastReportTime'), ('SV', 'contracts/lybra/pools/base/LybraEUSDVaultBase.sol', 'LybraEUSDVaultBase.totalDepositedAsset')
 reader witnesses  -> 7
 storage exposures -> 1
[MV-SI candidate 091664dc0250904f7273] {feeStored, lastReportTime, lidoRebaseTime, poolTotalEUSDCirculation, totalDepositedAsset}
 writer root       -> contracts/lybra/pools/base/LybraEUSDVaultBase.sol::LybraEUSDVaultBase.mint(address,uint256)
 writer effect     -> contracts/lybra/pools/base/LybraEUSDVaultBase.sol:266
 written member    -> ('SV', 'contracts/lybra/pools/base/LybraEUSDVaultBase.sol', 'LybraEUSDVaultBase.poolTotalEUSDCirculation')
 potentially stale -> ('SV', 'contracts/lybra/pools/LybraStETHVault.sol', 'LybraStETHDepositVault.lidoRebaseTime'), ('SV', 'contracts/lybra/pools/base/LybraEUSDVaultBase.sol', 'LybraEUSDVaultBase.feeStored'), ('SV', 'contracts/lybra/pools/base/LybraEUSDVaultBase.sol', 'LybraEUSDVaultBase.lastReportTime'), ('SV', 'contracts/lybra/pools/base/LybraEUSDVaultBase.sol', 'LybraEUSDVaultBase.totalDepositedAsset')
 reader witnesses  -> 7
 storage exposures -> 1
[MV-SI candidate 0b50601e0a0338fdfce4] {extraRatio, finishAt, peUSDExtraRatio, rewardPerTokenStored, rewardRatio, rewards[$arg0], updatedAt, userRewardPerTokenPaid[$arg0]}
 writer root       -> contracts/lybra/miner/EUSDMiningIncentives.sol::EUSDMiningIncentives.purchaseOtherEarnings(address,bool)
 writer effect     -> contracts/lybra/miner/EUSDMiningIncentives.sol:73
 written member    -> ('SV', 'contracts/lybra/miner/EUSDMiningIncentives.sol', 'EUSDMiningIncentives.rewardPerTokenStored')
 potentially stale -> ('MS', 'contracts/lybra/miner/EUSDMiningIncentives.sol', 'EUSDMiningIncentives.rewards', '$arg0'), ('MS', 'contracts/lybra/miner/EUSDMiningIncentives.sol', 'EUSDMiningIncentives.userRewardPerTokenPaid', '$arg0'), ('SV', 'contracts/lybra/miner/EUSDMiningIncentives.sol', 'EUSDMiningIncentives.extraRatio'), ('SV', 'contracts/lybra/miner/EUSDMiningIncentives.sol', 'EUSDMiningIncentives.finishAt'), ('SV', 'contracts/lybra/miner/EUSDMiningIncentives.sol', 'EUSDMiningIncentives.peUSDExtraRatio'), ('SV', 'contracts/lybra/miner/EUSDMiningIncentives.sol', 'EUSDMiningIncentives.rewardRatio'), ('SV', 'contracts/lybra/miner/EUSDMiningIncentives.sol', 'EUSDMiningIncentives.updatedAt')
 reader witnesses  -> 25
 storage exposures -> 1
[MV-SI candidate 0b5863a9ad8484db5e86] {borrowed[$arg0], feeUpdatedAt[$arg0]}
 writer root       -> contracts/lybra/pools/base/LybraPeUSDVaultBase.sol::LybraPeUSDVaultBase.burn(address,uint256)
 writer effect     -> contracts/lybra/pools/base/LybraPeUSDVaultBase.sol:233
 written member    -> ('MS', 'contracts/lybra/pools/base/LybraPeUSDVaultBase.sol', 'LybraPeUSDVaultBase.feeUpdatedAt', '$arg0')
 potentially stale -> ('MS', 'contracts/lybra/pools/base/LybraPeUSDVaultBase.sol', 'LybraPeUSDVaultBase.borrowed', '$arg0')
 reader witnesses  -> 9
 storage exposures -> 3
[MV-SI candidate 0d069b38b6a6ab03c254] {rewardPerTokenStored, rewards[$arg0], userRewardPerTokenPaid[$arg0]}
 writer root       -> contracts/lybra/miner/ProtocolRewardsPool.sol::ProtocolRewardsPool.getReward()
 writer effect     -> contracts/lybra/miner/ProtocolRewardsPool.sol:179
 written member    -> ('MS', 'contracts/lybra/miner/ProtocolRewardsPool.sol', 'ProtocolRewardsPool.rewards', '$arg0')
 potentially stale -> ('MS', 'contracts/lybra/miner/ProtocolRewardsPool.sol', 'ProtocolRewardsPool.userRewardPerTokenPaid', '$arg0'), ('SV', 'contracts/lybra/miner/ProtocolRewardsPool.sol', 'ProtocolRewardsPool.rewardPerTokenStored')
 reader witnesses  -> 7
 storage exposures -> 1
[MV-SI candidate 0d555a2cdb297a98f8e3] {extraRatio, finishAt, peUSDExtraRatio, rewardPerTokenStored, rewardRatio, rewards[$arg0], updatedAt, userRewardPerTokenPaid[$arg0]}
 writer root       -> contracts/lybra/miner/EUSDMiningIncentives.sol::EUSDMiningIncentives.refreshReward(address)
 writer effect     -> contracts/lybra/miner/EUSDMiningIncentives.sol:74
 written member    -> ('SV', 'contracts/lybra/miner/EUSDMiningIncentives.sol', 'EUSDMiningIncentives.updatedAt')
 potentially stale -> ('MS', 'contracts/lybra/miner/EUSDMiningIncentives.sol', 'EUSDMiningIncentives.rewards', '$arg0'), ('MS', 'contracts/lybra/miner/EUSDMiningIncentives.sol', 'EUSDMiningIncentives.userRewardPerTokenPaid', '$arg0'), ('SV', 'contracts/lybra/miner/EUSDMiningIncentives.sol', 'EUSDMiningIncentives.extraRatio'), ('SV', 'contracts/lybra/miner/EUSDMiningIncentives.sol', 'EUSDMiningIncentives.finishAt'), ('SV', 'contracts/lybra/miner/EUSDMiningIncentives.sol', 'EUSDMiningIncentives.peUSDExtraRatio'), ('SV', 'contracts/lybra/miner/EUSDMiningIncentives.sol', 'EUSDMiningIncentives.rewardPerTokenStored'), ('SV', 'contracts/lybra/miner/EUSDMiningIncentives.sol', 'EUSDMiningIncentives.rewardRatio')
 reader witnesses  -> 33
 storage exposures -> 1
[MV-SI candidate 0e5f10e8706e9f262103] {borrowed[$arg0], feeUpdatedAt[$arg0]}
 writer root       -> contracts/lybra/pools/base/LybraPeUSDVaultBase.sol::LybraPeUSDVaultBase.depositAssetToMint(uint256,uint256)
 writer effect     -> contracts/lybra/pools/base/LybraPeUSDVaultBase.sol:233
 written member    -> ('MS', 'contracts/lybra/pools/base/LybraPeUSDVaultBase.sol', 'LybraPeUSDVaultBase.feeUpdatedAt', '$arg0')
 potentially stale -> ('MS', 'contracts/lybra/pools/base/LybraPeUSDVaultBase.sol', 'LybraPeUSDVaultBase.borrowed', '$arg0')
 reader witnesses  -> 9
 storage exposures -> 3
[MV-SI candidate 0f825e0604d2e6c1f314] {borrowed[$arg0], depositedAsset[$arg0]}
 writer root       -> contracts/lybra/pools/LybraRETHVault.sol::LybraRETHVault.depositEtherToMint(uint256)
 writer effect     -> contracts/lybra/pools/base/LybraPeUSDVaultBase.sol:179
 written member    -> ('MS', 'contracts/lybra/pools/base/LybraPeUSDVaultBase.sol', 'LybraPeUSDVaultBase.borrowed', '$arg0')
 potentially stale -> ('MS', 'contracts/lybra/pools/base/LybraPeUSDVaultBase.sol', 'LybraPeUSDVaultBase.depositedAsset', '$arg0')
 reader witnesses  -> 1
 storage exposures -> 1
[MV-SI candidate 0fc5672cffd03b67453e] {borrowed[$arg0], depositedAsset[$arg1], feeStored[$arg0], feeUpdatedAt[$arg0]}
 writer root       -> contracts/lybra/pools/base/LybraPeUSDVaultBase.sol::LybraPeUSDVaultBase.mint(address,uint256)
 writer effect     -> contracts/lybra/pools/base/LybraPeUSDVaultBase.sol:179
 written member    -> ('MS', 'contracts/lybra/pools/base/LybraPeUSDVaultBase.sol', 'LybraPeUSDVaultBase.borrowed', '$arg0')
 potentially stale -> ('MS', 'contracts/lybra/pools/base/LybraPeUSDVaultBase.sol', 'LybraPeUSDVaultBase.depositedAsset', '$arg1'), ('MS', 'contracts/lybra/pools/base/LybraPeUSDVaultBase.sol', 'LybraPeUSDVaultBase.feeStored', '$arg0'), ('MS', 'contracts/lybra/pools/base/LybraPeUSDVaultBase.sol', 'LybraPeUSDVaultBase.feeUpdatedAt', '$arg0')
 reader witnesses  -> 12
 storage exposures -> 3
[MV-SI candidate 10bd478d79e190359868] {borrowed[$arg0], depositedAsset[$arg0], feeStored[$arg0], feeUpdatedAt[$arg0]}
 writer root       -> contracts/lybra/pools/base/LybraPeUSDVaultBase.sol::LybraPeUSDVaultBase.burn(address,uint256)
 writer effect     -> contracts/lybra/pools/base/LybraPeUSDVaultBase.sol:232
 written member    -> ('MS', 'contracts/lybra/pools/base/LybraPeUSDVaultBase.sol', 'LybraPeUSDVaultBase.feeStored', '$arg0')
 potentially stale -> ('MS', 'contracts/lybra/pools/base/LybraPeUSDVaultBase.sol', 'LybraPeUSDVaultBase.borrowed', '$arg0'), ('MS', 'contracts/lybra/pools/base/LybraPeUSDVaultBase.sol', 'LybraPeUSDVaultBase.depositedAsset', '$arg0'), ('MS', 'contracts/lybra/pools/base/LybraPeUSDVaultBase.sol', 'LybraPeUSDVaultBase.feeUpdatedAt', '$arg0')
 reader witnesses  -> 15
 storage exposures -> 3
[MV-SI candidate 10d0088dc52f44045dcd] {feeStored, lastReportTime, lidoRebaseTime, poolTotalEUSDCirculation, totalDepositedAsset}
 writer root       -> contracts/lybra/pools/base/LybraEUSDVaultBase.sol::LybraEUSDVaultBase.rigidRedemption(address,uint256)
 writer effect     -> contracts/lybra/pools/base/LybraEUSDVaultBase.sol:297
 written member    -> ('SV', 'contracts/lybra/pools/base/LybraEUSDVaultBase.sol', 'LybraEUSDVaultBase.lastReportTime')
 potentially stale -> ('SV', 'contracts/lybra/pools/LybraStETHVault.sol', 'LybraStETHDepositVault.lidoRebaseTime'), ('SV', 'contracts/lybra/pools/base/LybraEUSDVaultBase.sol', 'LybraEUSDVaultBase.feeStored'), ('SV', 'contracts/lybra/pools/base/LybraEUSDVaultBase.sol', 'LybraEUSDVaultBase.poolTotalEUSDCirculation'), ('SV', 'contracts/lybra/pools/base/LybraEUSDVaultBase.sol', 'LybraEUSDVaultBase.totalDepositedAsset')
 reader witnesses  -> 9
 storage exposures -> 1
[MV-SI candidate 114f6440137ed5071d14] {feeStored, lastReportTime, lidoRebaseTime, poolTotalEUSDCirculation, totalDepositedAsset}
 writer root       -> contracts/lybra/pools/base/LybraEUSDVaultBase.sol::LybraEUSDVaultBase.superLiquidation(address,address,uint256)
 writer effect     -> contracts/lybra/pools/base/LybraEUSDVaultBase.sol:284
 written member    -> ('SV', 'contracts/lybra/pools/base/LybraEUSDVaultBase.sol', 'LybraEUSDVaultBase.poolTotalEUSDCirculation')
 potentially stale -> ('SV', 'contracts/lybra/pools/LybraStETHVault.sol', 'LybraStETHDepositVault.lidoRebaseTime'), ('SV', 'contracts/lybra/pools/base/LybraEUSDVaultBase.sol', 'LybraEUSDVaultBase.feeStored'), ('SV', 'contracts/lybra/pools/base/LybraEUSDVaultBase.sol', 'LybraEUSDVaultBase.lastReportTime'), ('SV', 'contracts/lybra/pools/base/LybraEUSDVaultBase.sol', 'LybraEUSDVaultBase.totalDepositedAsset')
 reader witnesses  -> 7
 storage exposures -> 1
[MV-SI candidate 122439a348445f6ae2f0] {borrowed[$arg0], feeStored[$arg0], feeUpdatedAt[$arg0]}
 writer root       -> contracts/lybra/pools/base/LybraPeUSDVaultBase.sol::LybraPeUSDVaultBase.liquidation(address,address,uint256)
 writer effect     -> contracts/lybra/pools/base/LybraPeUSDVaultBase.sol:232
 written member    -> ('MS', 'contracts/lybra/pools/base/LybraPeUSDVaultBase.sol', 'LybraPeUSDVaultBase.feeStored', '$arg0')
 potentially stale -> ('MS', 'contracts/lybra/pools/base/LybraPeUSDVaultBase.sol', 'LybraPeUSDVaultBase.borrowed', '$arg0'), ('MS', 'contracts/lybra/pools/base/LybraPeUSDVaultBase.sol', 'LybraPeUSDVaultBase.feeUpdatedAt', '$arg0')
 reader witnesses  -> 24
 storage exposures -> 3
[MV-SI candidate 1414ba1e37f32bed60da] {extraRatio, finishAt, peUSDExtraRatio, rewardPerTokenStored, rewardRatio, rewards[$arg0], updatedAt, userRewardPerTokenPaid[$arg0]}
 writer root       -> contracts/lybra/miner/EUSDMiningIncentives.sol::EUSDMiningIncentives.notifyRewardAmount(uint256)
 writer effect     -> contracts/lybra/miner/EUSDMiningIncentives.sol:74
 written member    -> ('SV', 'contracts/lybra/miner/EUSDMiningIncentives.sol', 'EUSDMiningIncentives.updatedAt')
 potentially stale -> ('MS', 'contracts/lybra/miner/EUSDMiningIncentives.sol', 'EUSDMiningIncentives.rewards', '$arg0'), ('MS', 'contracts/lybra/miner/EUSDMiningIncentives.sol', 'EUSDMiningIncentives.userRewardPerTokenPaid', '$arg0'), ('SV', 'contracts/lybra/miner/EUSDMiningIncentives.sol', 'EUSDMiningIncentives.extraRatio'), ('SV', 'contracts/lybra/miner/EUSDMiningIncentives.sol', 'EUSDMiningIncentives.finishAt'), ('SV', 'contracts/lybra/miner/EUSDMiningIncentives.sol', 'EUSDMiningIncentives.peUSDExtraRatio'), ('SV', 'contracts/lybra/miner/EUSDMiningIncentives.sol', 'EUSDMiningIncentives.rewardPerTokenStored'), ('SV', 'contracts/lybra/miner/EUSDMiningIncentives.sol', 'EUSDMiningIncentives.rewardRatio')
 reader witnesses  -> 33
 storage exposures -> 1
[MV-SI candidate 1458ebaeeeece739c143] {feeStored, lastReportTime, lidoRebaseTime, poolTotalEUSDCirculation, totalDepositedAsset}
 writer root       -> contracts/lybra/pools/base/LybraEUSDVaultBase.sol::LybraEUSDVaultBase.withdraw(address,uint256)
 writer effect     -> contracts/lybra/pools/base/LybraEUSDVaultBase.sol:102
 written member    -> ('SV', 'contracts/lybra/pools/base/LybraEUSDVaultBase.sol', 'LybraEUSDVaultBase.totalDepositedAsset')
 potentially stale -> ('SV', 'contracts/lybra/pools/LybraStETHVault.sol', 'LybraStETHDepositVault.lidoRebaseTime'), ('SV', 'contracts/lybra/pools/base/LybraEUSDVaultBase.sol', 'LybraEUSDVaultBase.feeStored'), ('SV', 'contracts/lybra/pools/base/LybraEUSDVaultBase.sol', 'LybraEUSDVaultBase.lastReportTime'), ('SV', 'contracts/lybra/pools/base/LybraEUSDVaultBase.sol', 'LybraEUSDVaultBase.poolTotalEUSDCirculation')
 reader witnesses  -> 7
 storage exposures -> 1
[MV-SI candidate 14857ac12893d0809b4d] {extraRatio, finishAt, peUSDExtraRatio, rewardPerTokenStored, rewardRatio, rewards[$arg0], updatedAt, userRewardPerTokenPaid[$arg0]}
 writer root       -> contracts/lybra/miner/EUSDMiningIncentives.sol::EUSDMiningIncentives.getReward()
 writer effect     -> contracts/lybra/miner/EUSDMiningIncentives.sol:73
 written member    -> ('SV', 'contracts/lybra/miner/EUSDMiningIncentives.sol', 'EUSDMiningIncentives.rewardPerTokenStored')
 potentially stale -> ('MS', 'contracts/lybra/miner/EUSDMiningIncentives.sol', 'EUSDMiningIncentives.rewards', '$arg0'), ('MS', 'contracts/lybra/miner/EUSDMiningIncentives.sol', 'EUSDMiningIncentives.userRewardPerTokenPaid', '$arg0'), ('SV', 'contracts/lybra/miner/EUSDMiningIncentives.sol', 'EUSDMiningIncentives.extraRatio'), ('SV', 'contracts/lybra/miner/EUSDMiningIncentives.sol', 'EUSDMiningIncentives.finishAt'), ('SV', 'contracts/lybra/miner/EUSDMiningIncentives.sol', 'EUSDMiningIncentives.peUSDExtraRatio'), ('SV', 'contracts/lybra/miner/EUSDMiningIncentives.sol', 'EUSDMiningIncentives.rewardRatio'), ('SV', 'contracts/lybra/miner/EUSDMiningIncentives.sol', 'EUSDMiningIncentives.updatedAt')
 reader witnesses  -> 25
 storage exposures -> 1
[MV-SI candidate 14e50f3cc20b1f4aa00e] {borrowed[$arg0], depositedAsset[$arg0], feeStored[$arg0], feeUpdatedAt[$arg0]}
 writer root       -> contracts/lybra/pools/base/LybraPeUSDVaultBase.sol::LybraPeUSDVaultBase.depositAssetToMint(uint256,uint256)
 writer effect     -> contracts/lybra/pools/base/LybraPeUSDVaultBase.sol:232
 written member    -> ('MS', 'contracts/lybra/pools/base/LybraPeUSDVaultBase.sol', 'LybraPeUSDVaultBase.feeStored', '$arg0')
 potentially stale -> ('MS', 'contracts/lybra/pools/base/LybraPeUSDVaultBase.sol', 'LybraPeUSDVaultBase.borrowed', '$arg0'), ('MS', 'contracts/lybra/pools/base/LybraPeUSDVaultBase.sol', 'LybraPeUSDVaultBase.depositedAsset', '$arg0'), ('MS', 'contracts/lybra/pools/base/LybraPeUSDVaultBase.sol', 'LybraPeUSDVaultBase.feeUpdatedAt', '$arg0')
 reader witnesses  -> 15
 storage exposures -> 3
[MV-SI candidate 15fe300b29d97bc9f46c] {borrowed[$arg0], feeStored[$arg0], feeUpdatedAt[$arg0]}
 writer root       -> contracts/lybra/pools/LybraWstETHVault.sol::LybraWstETHVault.depositEtherToMint(uint256)
 writer effect     -> contracts/lybra/pools/base/LybraPeUSDVaultBase.sol:233
 written member    -> ('MS', 'contracts/lybra/pools/base/LybraPeUSDVaultBase.sol', 'LybraPeUSDVaultBase.feeUpdatedAt', '$arg0')
 potentially stale -> ('MS', 'contracts/lybra/pools/base/LybraPeUSDVaultBase.sol', 'LybraPeUSDVaultBase.borrowed', '$arg0'), ('MS', 'contracts/lybra/pools/base/LybraPeUSDVaultBase.sol', 'LybraPeUSDVaultBase.feeStored', '$arg0')
 reader witnesses  -> 8
 storage exposures -> 1
[MV-SI candidate 18042691b60a0e4bec61] {finishAt, rewardPerTokenStored, rewardRatio, totalSupply, updatedAt}
 writer root       -> contracts/lybra/miner/stakerewardV2pool.sol::StakingRewardsV2.notifyRewardAmount(uint256)
 writer effect     -> contracts/lybra/miner/stakerewardV2pool.sol:58
 written member    -> ('SV', 'contracts/lybra/miner/stakerewardV2pool.sol', 'StakingRewardsV2.updatedAt')
 potentially stale -> ('SV', 'contracts/lybra/miner/stakerewardV2pool.sol', 'StakingRewardsV2.finishAt'), ('SV', 'contracts/lybra/miner/stakerewardV2pool.sol', 'StakingRewardsV2.rewardPerTokenStored'), ('SV', 'contracts/lybra/miner/stakerewardV2pool.sol', 'StakingRewardsV2.rewardRatio'), ('SV', 'contracts/lybra/miner/stakerewardV2pool.sol', 'StakingRewardsV2.totalSupply')
 reader witnesses  -> 26
 storage exposures -> 1
[MV-SI candidate 193c9885170d91e84cd6] {borrowed[$arg0], feeUpdatedAt[$arg0]}
 writer root       -> contracts/lybra/pools/LybraWstETHVault.sol::LybraWstETHVault.depositEtherToMint(uint256)
 writer effect     -> contracts/lybra/pools/base/LybraPeUSDVaultBase.sol:233
 written member    -> ('MS', 'contracts/lybra/pools/base/LybraPeUSDVaultBase.sol', 'LybraPeUSDVaultBase.feeUpdatedAt', '$arg0')
 potentially stale -> ('MS', 'contracts/lybra/pools/base/LybraPeUSDVaultBase.sol', 'LybraPeUSDVaultBase.borrowed', '$arg0')
 reader witnesses  -> 3
 storage exposures -> 1
[MV-SI candidate 1950d80a7813b940f220] {borrowed[$arg0], depositedAsset[$arg1], feeStored[$arg0], feeUpdatedAt[$arg0]}
 writer root       -> contracts/lybra/pools/LybraWstETHVault.sol::LybraWstETHVault.depositEtherToMint(uint256)
 writer effect     -> contracts/lybra/pools/base/LybraPeUSDVaultBase.sol:233
 written member    -> ('MS', 'contracts/lybra/pools/base/LybraPeUSDVaultBase.sol', 'LybraPeUSDVaultBase.feeUpdatedAt', '$arg0')
 potentially stale -> ('MS', 'contracts/lybra/pools/base/LybraPeUSDVaultBase.sol', 'LybraPeUSDVaultBase.borrowed', '$arg0'), ('MS', 'contracts/lybra/pools/base/LybraPeUSDVaultBase.sol', 'LybraPeUSDVaultBase.depositedAsset', '$arg1'), ('MS', 'contracts/lybra/pools/base/LybraPeUSDVaultBase.sol', 'LybraPeUSDVaultBase.feeStored', '$arg0')
 reader witnesses  -> 4
 storage exposures -> 1
[MV-SI candidate 1a962d7558af9d886f4d] {feeStored, lastReportTime, lidoRebaseTime, poolTotalEUSDCirculation, totalDepositedAsset}
 writer root       -> contracts/lybra/pools/base/LybraEUSDVaultBase.sol::LybraEUSDVaultBase.depositAssetToMint(uint256,uint256)
 writer effect     -> contracts/lybra/pools/base/LybraEUSDVaultBase.sol:297
 written member    -> ('SV', 'contracts/lybra/pools/base/LybraEUSDVaultBase.sol', 'LybraEUSDVaultBase.lastReportTime')
 potentially stale -> ('SV', 'contracts/lybra/pools/LybraStETHVault.sol', 'LybraStETHDepositVault.lidoRebaseTime'), ('SV', 'contracts/lybra/pools/base/LybraEUSDVaultBase.sol', 'LybraEUSDVaultBase.feeStored'), ('SV', 'contracts/lybra/pools/base/LybraEUSDVaultBase.sol', 'LybraEUSDVaultBase.poolTotalEUSDCirculation'), ('SV', 'contracts/lybra/pools/base/LybraEUSDVaultBase.sol', 'LybraEUSDVaultBase.totalDepositedAsset')
 reader witnesses  -> 9
 storage exposures -> 1
[MV-SI candidate 1ba0cf2fbaa02a4f8ff8] {rewardPerTokenStored, rewards[$arg0], userRewardPerTokenPaid[$arg0]}
 writer root       -> contracts/lybra/miner/ProtocolRewardsPool.sol::ProtocolRewardsPool.refreshReward(address)
 writer effect     -> contracts/lybra/miner/ProtocolRewardsPool.sol:179
 written member    -> ('MS', 'contracts/lybra/miner/ProtocolRewardsPool.sol', 'ProtocolRewardsPool.rewards', '$arg0')
 potentially stale -> ('MS', 'contracts/lybra/miner/ProtocolRewardsPool.sol', 'ProtocolRewardsPool.userRewardPerTokenPaid', '$arg0'), ('SV', 'contracts/lybra/miner/ProtocolRewardsPool.sol', 'ProtocolRewardsPool.rewardPerTokenStored')
 reader witnesses  -> 7
 storage exposures -> 1
[MV-SI candidate 1bf8ec726b8ea6225770] {borrowed[$arg0], feeStored[$arg0], feeUpdatedAt[$arg0]}
 writer root       -> contracts/lybra/pools/base/LybraPeUSDVaultBase.sol::LybraPeUSDVaultBase.mint(address,uint256)
 writer effect     -> contracts/lybra/pools/base/LybraPeUSDVaultBase.sol:232
 written member    -> ('MS', 'contracts/lybra/pools/base/LybraPeUSDVaultBase.sol', 'LybraPeUSDVaultBase.feeStored', '$arg0')
 potentially stale -> ('MS', 'contracts/lybra/pools/base/LybraPeUSDVaultBase.sol', 'LybraPeUSDVaultBase.borrowed', '$arg0'), ('MS', 'contracts/lybra/pools/base/LybraPeUSDVaultBase.sol', 'LybraPeUSDVaultBase.feeUpdatedAt', '$arg0')
 reader witnesses  -> 24
 storage exposures -> 3
[MV-SI candidate 1ce3fc5015bb46bee02f] {balanceOf[$arg0], finishAt, rewardPerTokenStored, rewardRatio, rewards[$arg0], totalSupply, updatedAt, userRewardPerTokenPaid[$arg0]}
 writer root       -> contracts/lybra/miner/stakerewardV2pool.sol::StakingRewardsV2.notifyRewardAmount(uint256)
 writer effect     -> contracts/lybra/miner/stakerewardV2pool.sol:143
 written member    -> ('SV', 'contracts/lybra/miner/stakerewardV2pool.sol', 'StakingRewardsV2.updatedAt')
 potentially stale -> ('MS', 'contracts/lybra/miner/stakerewardV2pool.sol', 'StakingRewardsV2.balanceOf', '$arg0'), ('MS', 'contracts/lybra/miner/stakerewardV2pool.sol', 'StakingRewardsV2.rewards', '$arg0'), ('MS', 'contracts/lybra/miner/stakerewardV2pool.sol', 'StakingRewardsV2.userRewardPerTokenPaid', '$arg0'), ('SV', 'contracts/lybra/miner/stakerewardV2pool.sol', 'StakingRewardsV2.finishAt'), ('SV', 'contracts/lybra/miner/stakerewardV2pool.sol', 'StakingRewardsV2.rewardPerTokenStored'), ('SV', 'contracts/lybra/miner/stakerewardV2pool.sol', 'StakingRewardsV2.rewardRatio'), ('SV', 'contracts/lybra/miner/stakerewardV2pool.sol', 'StakingRewardsV2.totalSupply')
 reader witnesses  -> 30
 storage exposures -> 1
[MV-SI candidate 1d0506f384b5cc8675a3] {borrowed[$arg0], feeStored[$arg0], feeUpdatedAt[$arg0]}
 writer root       -> contracts/lybra/pools/base/LybraPeUSDVaultBase.sol::LybraPeUSDVaultBase.depositAssetToMint(uint256,uint256)
 writer effect     -> contracts/lybra/pools/base/LybraPeUSDVaultBase.sol:232
 written member    -> ('MS', 'contracts/lybra/pools/base/LybraPeUSDVaultBase.sol', 'LybraPeUSDVaultBase.feeStored', '$arg0')
 potentially stale -> ('MS', 'contracts/lybra/pools/base/LybraPeUSDVaultBase.sol', 'LybraPeUSDVaultBase.borrowed', '$arg0'), ('MS', 'contracts/lybra/pools/base/LybraPeUSDVaultBase.sol', 'LybraPeUSDVaultBase.feeUpdatedAt', '$arg0')
 reader witnesses  -> 24
 storage exposures -> 3
[MV-SI candidate 1da91d9edb858caf705a] {poolTotalEUSDCirculation, totalDepositedAsset}
 writer root       -> contracts/lybra/pools/base/LybraEUSDVaultBase.sol::LybraEUSDVaultBase.mint(address,uint256)
 writer effect     -> contracts/lybra/pools/base/LybraEUSDVaultBase.sol:266
 written member    -> ('SV', 'contracts/lybra/pools/base/LybraEUSDVaultBase.sol', 'LybraEUSDVaultBase.poolTotalEUSDCirculation')
 potentially stale -> ('SV', 'contracts/lybra/pools/base/LybraEUSDVaultBase.sol', 'LybraEUSDVaultBase.totalDepositedAsset')
 reader witnesses  -> 2
 storage exposures -> 1
[MV-SI candidate 1e074fb7d790b842f485] {borrowed[$arg0], depositedAsset[$arg0], feeStored[$arg0], feeUpdatedAt[$arg0]}
 writer root       -> contracts/lybra/pools/base/LybraPeUSDVaultBase.sol::LybraPeUSDVaultBase.depositAssetToMint(uint256,uint256)
 writer effect     -> contracts/lybra/pools/base/LybraPeUSDVaultBase.sol:233
 written member    -> ('MS', 'contracts/lybra/pools/base/LybraPeUSDVaultBase.sol', 'LybraPeUSDVaultBase.feeUpdatedAt', '$arg0')
 potentially stale -> ('MS', 'contracts/lybra/pools/base/LybraPeUSDVaultBase.sol', 'LybraPeUSDVaultBase.borrowed', '$arg0'), ('MS', 'contracts/lybra/pools/base/LybraPeUSDVaultBase.sol', 'LybraPeUSDVaultBase.depositedAsset', '$arg0'), ('MS', 'contracts/lybra/pools/base/LybraPeUSDVaultBase.sol', 'LybraPeUSDVaultBase.feeStored', '$arg0')
 reader witnesses  -> 15
 storage exposures -> 3
[MV-SI candidate 1ed001d4a7d7827d6462] {borrowed[$arg0], depositedAsset[$arg1], feeStored[$arg0], feeUpdatedAt[$arg0]}
 writer root       -> contracts/lybra/pools/base/LybraPeUSDVaultBase.sol::LybraPeUSDVaultBase.rigidRedemption(address,uint256)
 writer effect     -> contracts/lybra/pools/base/LybraPeUSDVaultBase.sol:233
 written member    -> ('MS', 'contracts/lybra/pools/base/LybraPeUSDVaultBase.sol', 'LybraPeUSDVaultBase.feeUpdatedAt', '$arg0')
 potentially stale -> ('MS', 'contracts/lybra/pools/base/LybraPeUSDVaultBase.sol', 'LybraPeUSDVaultBase.borrowed', '$arg0'), ('MS', 'contracts/lybra/pools/base/LybraPeUSDVaultBase.sol', 'LybraPeUSDVaultBase.depositedAsset', '$arg1'), ('MS', 'contracts/lybra/pools/base/LybraPeUSDVaultBase.sol', 'LybraPeUSDVaultBase.feeStored', '$arg0')
 reader witnesses  -> 12
 storage exposures -> 3
[MV-SI candidate 219e7a59068e5b526ab4] {extraRatio, finishAt, peUSDExtraRatio, rewardPerTokenStored, rewardRatio, rewards[$arg0], updatedAt, userRewardPerTokenPaid[$arg0]}
 writer root       -> contracts/lybra/miner/EUSDMiningIncentives.sol::EUSDMiningIncentives.purchaseOtherEarnings(address,bool)
 writer effect     -> contracts/lybra/miner/EUSDMiningIncentives.sol:209
 written member    -> ('MS', 'contracts/lybra/miner/EUSDMiningIncentives.sol', 'EUSDMiningIncentives.rewards', '$arg0')
 potentially stale -> ('MS', 'contracts/lybra/miner/EUSDMiningIncentives.sol', 'EUSDMiningIncentives.userRewardPerTokenPaid', '$arg0'), ('SV', 'contracts/lybra/miner/EUSDMiningIncentives.sol', 'EUSDMiningIncentives.extraRatio'), ('SV', 'contracts/lybra/miner/EUSDMiningIncentives.sol', 'EUSDMiningIncentives.finishAt'), ('SV', 'contracts/lybra/miner/EUSDMiningIncentives.sol', 'EUSDMiningIncentives.peUSDExtraRatio'), ('SV', 'contracts/lybra/miner/EUSDMiningIncentives.sol', 'EUSDMiningIncentives.rewardPerTokenStored'), ('SV', 'contracts/lybra/miner/EUSDMiningIncentives.sol', 'EUSDMiningIncentives.rewardRatio'), ('SV', 'contracts/lybra/miner/EUSDMiningIncentives.sol', 'EUSDMiningIncentives.updatedAt')
 reader witnesses  -> 32
 storage exposures -> 1
[MV-SI candidate 21b8bab983f5448102a0] {feeStored, lastReportTime, lidoRebaseTime, poolTotalEUSDCirculation, totalDepositedAsset}
 writer root       -> contracts/lybra/pools/base/LybraEUSDVaultBase.sol::LybraEUSDVaultBase.superLiquidation(address,address,uint256)
 writer effect     -> contracts/lybra/pools/base/LybraEUSDVaultBase.sol:297
 written member    -> ('SV', 'contracts/lybra/pools/base/LybraEUSDVaultBase.sol', 'LybraEUSDVaultBase.lastReportTime')
 potentially stale -> ('SV', 'contracts/lybra/pools/LybraStETHVault.sol', 'LybraStETHDepositVault.lidoRebaseTime'), ('SV', 'contracts/lybra/pools/base/LybraEUSDVaultBase.sol', 'LybraEUSDVaultBase.feeStored'), ('SV', 'contracts/lybra/pools/base/LybraEUSDVaultBase.sol', 'LybraEUSDVaultBase.poolTotalEUSDCirculation'), ('SV', 'contracts/lybra/pools/base/LybraEUSDVaultBase.sol', 'LybraEUSDVaultBase.totalDepositedAsset')
 reader witnesses  -> 9
 storage exposures -> 1
[MV-SI candidate 21f4d28ea3fc77496a20] {borrowed[$arg0], depositedAsset[$arg1], feeStored[$arg0], feeUpdatedAt[$arg0]}
 writer root       -> contracts/lybra/pools/base/LybraPeUSDVaultBase.sol::LybraPeUSDVaultBase.mint(address,uint256)
 writer effect     -> contracts/lybra/pools/base/LybraPeUSDVaultBase.sol:233
 written member    -> ('MS', 'contracts/lybra/pools/base/LybraPeUSDVaultBase.sol', 'LybraPeUSDVaultBase.feeUpdatedAt', '$arg0')
 potentially stale -> ('MS', 'contracts/lybra/pools/base/LybraPeUSDVaultBase.sol', 'LybraPeUSDVaultBase.borrowed', '$arg0'), ('MS', 'contracts/lybra/pools/base/LybraPeUSDVaultBase.sol', 'LybraPeUSDVaultBase.depositedAsset', '$arg1'), ('MS', 'contracts/lybra/pools/base/LybraPeUSDVaultBase.sol', 'LybraPeUSDVaultBase.feeStored', '$arg0')
 reader witnesses  -> 12
 storage exposures -> 3
[MV-SI candidate 225c290c489afcc7a925] {borrowed[$arg0], feeUpdatedAt[$arg0]}
 writer root       -> contracts/lybra/pools/LybraRETHVault.sol::LybraRETHVault.depositEtherToMint(uint256)
 writer effect     -> contracts/lybra/pools/base/LybraPeUSDVaultBase.sol:179
 written member    -> ('MS', 'contracts/lybra/pools/base/LybraPeUSDVaultBase.sol', 'LybraPeUSDVaultBase.borrowed', '$arg0')
 potentially stale -> ('MS', 'contracts/lybra/pools/base/LybraPeUSDVaultBase.sol', 'LybraPeUSDVaultBase.feeUpdatedAt', '$arg0')
 reader witnesses  -> 2
 storage exposures -> 1
[MV-SI candidate 23d7b6a9da78fd402983] {borrowed[$arg0], depositedAsset[$arg0]}
 writer root       -> contracts/lybra/pools/base/LybraPeUSDVaultBase.sol::LybraPeUSDVaultBase.depositAssetToMint(uint256,uint256)
 writer effect     -> contracts/lybra/pools/base/LybraPeUSDVaultBase.sol:179
 written member    -> ('MS', 'contracts/lybra/pools/base/LybraPeUSDVaultBase.sol', 'LybraPeUSDVaultBase.borrowed', '$arg0')
 potentially stale -> ('MS', 'contracts/lybra/pools/base/LybraPeUSDVaultBase.sol', 'LybraPeUSDVaultBase.depositedAsset', '$arg0')
 reader witnesses  -> 3
 storage exposures -> 3
[MV-SI candidate 242c6f12724752b8ddac] {balanceOf[$arg0], finishAt, rewardPerTokenStored, rewardRatio, rewards[$arg0], totalSupply, updatedAt, userRewardPerTokenPaid[$arg0]}
 writer root       -> contracts/lybra/miner/stakerewardV2pool.sol::StakingRewardsV2.withdraw(uint256)
 writer effect     -> contracts/lybra/miner/stakerewardV2pool.sol:57
 written member    -> ('SV', 'contracts/lybra/miner/stakerewardV2pool.sol', 'StakingRewardsV2.rewardPerTokenStored')
 potentially stale -> ('MS', 'contracts/lybra/miner/stakerewardV2pool.sol', 'StakingRewardsV2.balanceOf', '$arg0'), ('MS', 'contracts/lybra/miner/stakerewardV2pool.sol', 'StakingRewardsV2.rewards', '$arg0'), ('MS', 'contracts/lybra/miner/stakerewardV2pool.sol', 'StakingRewardsV2.userRewardPerTokenPaid', '$arg0'), ('SV', 'contracts/lybra/miner/stakerewardV2pool.sol', 'StakingRewardsV2.finishAt'), ('SV', 'contracts/lybra/miner/stakerewardV2pool.sol', 'StakingRewardsV2.rewardRatio'), ('SV', 'contracts/lybra/miner/stakerewardV2pool.sol', 'StakingRewardsV2.totalSupply'), ('SV', 'contracts/lybra/miner/stakerewardV2pool.sol', 'StakingRewardsV2.updatedAt')
 reader witnesses  -> 22
 storage exposures -> 1
[MV-SI candidate 2490f7221aefe94644a9] {borrowed[$arg0], feeUpdatedAt[$arg0]}
 writer root       -> contracts/lybra/pools/base/LybraPeUSDVaultBase.sol::LybraPeUSDVaultBase.rigidRedemption(address,uint256)
 writer effect     -> contracts/lybra/pools/base/LybraPeUSDVaultBase.sol:233
 written member    -> ('MS', 'contracts/lybra/pools/base/LybraPeUSDVaultBase.sol', 'LybraPeUSDVaultBase.feeUpdatedAt', '$arg0')
 potentially stale -> ('MS', 'contracts/lybra/pools/base/LybraPeUSDVaultBase.sol', 'LybraPeUSDVaultBase.borrowed', '$arg0')
 reader witnesses  -> 9
 storage exposures -> 3
[MV-SI candidate 2508d2b7b74dd0457cd5] {borrowed[$arg0], depositedAsset[$arg1], feeStored[$arg0], feeUpdatedAt[$arg0]}
 writer root       -> contracts/lybra/pools/LybraRETHVault.sol::LybraRETHVault.depositEtherToMint(uint256)
 writer effect     -> contracts/lybra/pools/base/LybraPeUSDVaultBase.sol:232
 written member    -> ('MS', 'contracts/lybra/pools/base/LybraPeUSDVaultBase.sol', 'LybraPeUSDVaultBase.feeStored', '$arg0')
 potentially stale -> ('MS', 'contracts/lybra/pools/base/LybraPeUSDVaultBase.sol', 'LybraPeUSDVaultBase.borrowed', '$arg0'), ('MS', 'contracts/lybra/pools/base/LybraPeUSDVaultBase.sol', 'LybraPeUSDVaultBase.depositedAsset', '$arg1'), ('MS', 'contracts/lybra/pools/base/LybraPeUSDVaultBase.sol', 'LybraPeUSDVaultBase.feeUpdatedAt', '$arg0')
 reader witnesses  -> 4
 storage exposures -> 1
[MV-SI candidate 254c8455ab2a24dcfb00] {finishAt, rewardPerTokenStored, rewardRatio, totalSupply, updatedAt}
 writer root       -> contracts/lybra/miner/stakerewardV2pool.sol::StakingRewardsV2.withdraw(uint256)
 writer effect     -> contracts/lybra/miner/stakerewardV2pool.sol:57
 written member    -> ('SV', 'contracts/lybra/miner/stakerewardV2pool.sol', 'StakingRewardsV2.rewardPerTokenStored')
 potentially stale -> ('SV', 'contracts/lybra/miner/stakerewardV2pool.sol', 'StakingRewardsV2.finishAt'), ('SV', 'contracts/lybra/miner/stakerewardV2pool.sol', 'StakingRewardsV2.rewardRatio'), ('SV', 'contracts/lybra/miner/stakerewardV2pool.sol', 'StakingRewardsV2.totalSupply'), ('SV', 'contracts/lybra/miner/stakerewardV2pool.sol', 'StakingRewardsV2.updatedAt')
 reader witnesses  -> 18
 storage exposures -> 1
[MV-SI candidate 254e9ab747d3d65b6ab6] {borrowed[$arg0], depositedAsset[$arg0]}
 writer root       -> contracts/lybra/pools/base/LybraPeUSDVaultBase.sol::LybraPeUSDVaultBase.mint(address,uint256)
 writer effect     -> contracts/lybra/pools/base/LybraPeUSDVaultBase.sol:179
 written member    -> ('MS', 'contracts/lybra/pools/base/LybraPeUSDVaultBase.sol', 'LybraPeUSDVaultBase.borrowed', '$arg0')
 potentially stale -> ('MS', 'contracts/lybra/pools/base/LybraPeUSDVaultBase.sol', 'LybraPeUSDVaultBase.depositedAsset', '$arg0')
 reader witnesses  -> 3
 storage exposures -> 3
[MV-SI candidate 26231a4398902d1d0c19] {extraRatio, finishAt, peUSDExtraRatio, rewardPerTokenStored, rewardRatio, rewards[$arg0], updatedAt, userRewardPerTokenPaid[$arg0]}
 writer root       -> contracts/lybra/miner/EUSDMiningIncentives.sol::EUSDMiningIncentives.notifyRewardAmount(uint256)
 writer effect     -> contracts/lybra/miner/EUSDMiningIncentives.sol:73
 written member    -> ('SV', 'contracts/lybra/miner/EUSDMiningIncentives.sol', 'EUSDMiningIncentives.rewardPerTokenStored')
 potentially stale -> ('MS', 'contracts/lybra/miner/EUSDMiningIncentives.sol', 'EUSDMiningIncentives.rewards', '$arg0'), ('MS', 'contracts/lybra/miner/EUSDMiningIncentives.sol', 'EUSDMiningIncentives.userRewardPerTokenPaid', '$arg0'), ('SV', 'contracts/lybra/miner/EUSDMiningIncentives.sol', 'EUSDMiningIncentives.extraRatio'), ('SV', 'contracts/lybra/miner/EUSDMiningIncentives.sol', 'EUSDMiningIncentives.finishAt'), ('SV', 'contracts/lybra/miner/EUSDMiningIncentives.sol', 'EUSDMiningIncentives.peUSDExtraRatio'), ('SV', 'contracts/lybra/miner/EUSDMiningIncentives.sol', 'EUSDMiningIncentives.rewardRatio'), ('SV', 'contracts/lybra/miner/EUSDMiningIncentives.sol', 'EUSDMiningIncentives.updatedAt')
 reader witnesses  -> 25
 storage exposures -> 1
[MV-SI candidate 26b5bbba46cd7006b8f0] {feeStored, lastReportTime, lidoRebaseTime, poolTotalEUSDCirculation, totalDepositedAsset}
 writer root       -> contracts/lybra/pools/base/LybraEUSDVaultBase.sol::LybraEUSDVaultBase.burn(address,uint256)
 writer effect     -> contracts/lybra/pools/base/LybraEUSDVaultBase.sol:296
 written member    -> ('SV', 'contracts/lybra/pools/base/LybraEUSDVaultBase.sol', 'LybraEUSDVaultBase.feeStored')
 potentially stale -> ('SV', 'contracts/lybra/pools/LybraStETHVault.sol', 'LybraStETHDepositVault.lidoRebaseTime'), ('SV', 'contracts/lybra/pools/base/LybraEUSDVaultBase.sol', 'LybraEUSDVaultBase.lastReportTime'), ('SV', 'contracts/lybra/pools/base/LybraEUSDVaultBase.sol', 'LybraEUSDVaultBase.poolTotalEUSDCirculation'), ('SV', 'contracts/lybra/pools/base/LybraEUSDVaultBase.sol', 'LybraEUSDVaultBase.totalDepositedAsset')
 reader witnesses  -> 7
 storage exposures -> 1
[MV-SI candidate 270a02cf300b88bcdb1f] {borrowed[$arg0], feeUpdatedAt[$arg0]}
 writer root       -> contracts/lybra/pools/base/LybraPeUSDVaultBase.sol::LybraPeUSDVaultBase.mint(address,uint256)
 writer effect     -> contracts/lybra/pools/base/LybraPeUSDVaultBase.sol:233
 written member    -> ('MS', 'contracts/lybra/pools/base/LybraPeUSDVaultBase.sol', 'LybraPeUSDVaultBase.feeUpdatedAt', '$arg0')
 potentially stale -> ('MS', 'contracts/lybra/pools/base/LybraPeUSDVaultBase.sol', 'LybraPeUSDVaultBase.borrowed', '$arg0')
 reader witnesses  -> 9
 storage exposures -> 3
[MV-SI candidate 27580fcfc1930bb629cb] {poolTotalEUSDCirculation, totalDepositedAsset}
 writer root       -> contracts/lybra/pools/base/LybraEUSDVaultBase.sol::LybraEUSDVaultBase.superLiquidation(address,address,uint256)
 writer effect     -> contracts/lybra/pools/base/LybraEUSDVaultBase.sol:201
 written member    -> ('SV', 'contracts/lybra/pools/base/LybraEUSDVaultBase.sol', 'LybraEUSDVaultBase.totalDepositedAsset')
 potentially stale -> ('SV', 'contracts/lybra/pools/base/LybraEUSDVaultBase.sol', 'LybraEUSDVaultBase.poolTotalEUSDCirculation')
 reader witnesses  -> 4
 storage exposures -> 1
[MV-SI candidate 27b94dc44f522bd5b6ce] {oracleFee, protocolFeeConfig, relayerFeeConfig}
 writer root       -> contracts/mocks/LZEndpointMock.sol::LZEndpointMock.setRelayerPrice(uint128,uint128,uint128,uint64,uint64)
 writer effect     -> contracts/mocks/LZEndpointMock.sol:330
 written member    -> ('SV', 'contracts/mocks/LZEndpointMock.sol', 'LZEndpointMock.relayerFeeConfig')
 potentially stale -> ('SV', 'contracts/mocks/LZEndpointMock.sol', 'LZEndpointMock.oracleFee'), ('SV', 'contracts/mocks/LZEndpointMock.sol', 'LZEndpointMock.protocolFeeConfig')
 reader witnesses  -> 9
 storage exposures -> 1
[MV-SI candidate 27bf6a7a208007e33a1c] {borrowed[$arg0], depositedAsset[$arg0]}
 writer root       -> contracts/lybra/pools/LybraStETHVault.sol::LybraStETHDepositVault.depositEtherToMint(uint256)
 writer effect     -> contracts/lybra/pools/base/LybraEUSDVaultBase.sol:262
 written member    -> ('MS', 'contracts/lybra/pools/base/LybraEUSDVaultBase.sol', 'LybraEUSDVaultBase.borrowed', '$arg0')
 potentially stale -> ('MS', 'contracts/lybra/pools/base/LybraEUSDVaultBase.sol', 'LybraEUSDVaultBase.depositedAsset', '$arg0')
 reader witnesses  -> 2
 storage exposures -> 1
[MV-SI candidate 2a1945fbb48a06573034] {finishAt, rewardPerTokenStored, rewardRatio, updatedAt}
 writer root       -> contracts/lybra/miner/EUSDMiningIncentives.sol::EUSDMiningIncentives.getReward()
 writer effect     -> contracts/lybra/miner/EUSDMiningIncentives.sol:74
 written member    -> ('SV', 'contracts/lybra/miner/EUSDMiningIncentives.sol', 'EUSDMiningIncentives.updatedAt')
 potentially stale -> ('SV', 'contracts/lybra/miner/EUSDMiningIncentives.sol', 'EUSDMiningIncentives.finishAt'), ('SV', 'contracts/lybra/miner/EUSDMiningIncentives.sol', 'EUSDMiningIncentives.rewardPerTokenStored'), ('SV', 'contracts/lybra/miner/EUSDMiningIncentives.sol', 'EUSDMiningIncentives.rewardRatio')
 reader witnesses  -> 20
 storage exposures -> 1
[MV-SI candidate 2bde27eec2b609a34cbd] {borrowed[$arg0], depositedAsset[$arg0]}
 writer root       -> contracts/lybra/pools/base/LybraEUSDVaultBase.sol::LybraEUSDVaultBase.depositAssetToMint(uint256,uint256)
 writer effect     -> contracts/lybra/pools/base/LybraEUSDVaultBase.sol:262
 written member    -> ('MS', 'contracts/lybra/pools/base/LybraEUSDVaultBase.sol', 'LybraEUSDVaultBase.borrowed', '$arg0')
 potentially stale -> ('MS', 'contracts/lybra/pools/base/LybraEUSDVaultBase.sol', 'LybraEUSDVaultBase.depositedAsset', '$arg0')
 reader witnesses  -> 2
 storage exposures -> 1
[MV-SI candidate 300c3cab597b179b727d] {balanceOf[$arg0], finishAt, rewardPerTokenStored, rewardRatio, rewards[$arg0], totalSupply, updatedAt, userRewardPerTokenPaid[$arg0]}
 writer root       -> contracts/lybra/miner/stakerewardV2pool.sol::StakingRewardsV2.notifyRewardAmount(uint256)
 writer effect     -> contracts/lybra/miner/stakerewardV2pool.sol:61
 written member    -> ('MS', 'contracts/lybra/miner/stakerewardV2pool.sol', 'StakingRewardsV2.rewards', '$arg0')
 potentially stale -> ('MS', 'contracts/lybra/miner/stakerewardV2pool.sol', 'StakingRewardsV2.balanceOf', '$arg0'), ('MS', 'contracts/lybra/miner/stakerewardV2pool.sol', 'StakingRewardsV2.userRewardPerTokenPaid', '$arg0'), ('SV', 'contracts/lybra/miner/stakerewardV2pool.sol', 'StakingRewardsV2.finishAt'), ('SV', 'contracts/lybra/miner/stakerewardV2pool.sol', 'StakingRewardsV2.rewardPerTokenStored'), ('SV', 'contracts/lybra/miner/stakerewardV2pool.sol', 'StakingRewardsV2.rewardRatio'), ('SV', 'contracts/lybra/miner/stakerewardV2pool.sol', 'StakingRewardsV2.totalSupply'), ('SV', 'contracts/lybra/miner/stakerewardV2pool.sol', 'StakingRewardsV2.updatedAt')
 reader witnesses  -> 30
 storage exposures -> 1
[MV-SI candidate 310ddb5745d8a9f78874] {borrowed[$arg0], depositedAsset[$arg0], feeStored[$arg0], feeUpdatedAt[$arg0]}
 writer root       -> contracts/lybra/pools/base/LybraPeUSDVaultBase.sol::LybraPeUSDVaultBase.mint(address,uint256)
 writer effect     -> contracts/lybra/pools/base/LybraPeUSDVaultBase.sol:179
 written member    -> ('MS', 'contracts/lybra/pools/base/LybraPeUSDVaultBase.sol', 'LybraPeUSDVaultBase.borrowed', '$arg0')
 potentially stale -> ('MS', 'contracts/lybra/pools/base/LybraPeUSDVaultBase.sol', 'LybraPeUSDVaultBase.depositedAsset', '$arg0'), ('MS', 'contracts/lybra/pools/base/LybraPeUSDVaultBase.sol', 'LybraPeUSDVaultBase.feeStored', '$arg0'), ('MS', 'contracts/lybra/pools/base/LybraPeUSDVaultBase.sol', 'LybraPeUSDVaultBase.feeUpdatedAt', '$arg0')
 reader witnesses  -> 15
 storage exposures -> 3
[MV-SI candidate 32aa27b1e61a6bae1935] {borrowed[$arg0], feeStored[$arg0], feeUpdatedAt[$arg0]}
 writer root       -> contracts/lybra/pools/LybraWbETHVault.sol::LybraWBETHVault.depositEtherToMint(uint256)
 writer effect     -> contracts/lybra/pools/base/LybraPeUSDVaultBase.sol:232
 written member    -> ('MS', 'contracts/lybra/pools/base/LybraPeUSDVaultBase.sol', 'LybraPeUSDVaultBase.feeStored', '$arg0')
 potentially stale -> ('MS', 'contracts/lybra/pools/base/LybraPeUSDVaultBase.sol', 'LybraPeUSDVaultBase.borrowed', '$arg0'), ('MS', 'contracts/lybra/pools/base/LybraPeUSDVaultBase.sol', 'LybraPeUSDVaultBase.feeUpdatedAt', '$arg0')
 reader witnesses  -> 8
 storage exposures -> 1
[MV-SI candidate 35aa1b8a92bd0a283468] {borrowed[$arg0], depositedAsset[$arg0], feeStored[$arg0], feeUpdatedAt[$arg0]}
 writer root       -> contracts/lybra/pools/base/LybraPeUSDVaultBase.sol::LybraPeUSDVaultBase.rigidRedemption(address,uint256)
 writer effect     -> contracts/lybra/pools/base/LybraPeUSDVaultBase.sol:233
 written member    -> ('MS', 'contracts/lybra/pools/base/LybraPeUSDVaultBase.sol', 'LybraPeUSDVaultBase.feeUpdatedAt', '$arg0')
 potentially stale -> ('MS', 'contracts/lybra/pools/base/LybraPeUSDVaultBase.sol', 'LybraPeUSDVaultBase.borrowed', '$arg0'), ('MS', 'contracts/lybra/pools/base/LybraPeUSDVaultBase.sol', 'LybraPeUSDVaultBase.depositedAsset', '$arg0'), ('MS', 'contracts/lybra/pools/base/LybraPeUSDVaultBase.sol', 'LybraPeUSDVaultBase.feeStored', '$arg0')
 reader witnesses  -> 15
 storage exposures -> 3
[MV-SI candidate 35f0b6edbc8058974e70] {borrowed[$arg0], depositedAsset[$arg0], feeStored[$arg0], feeUpdatedAt[$arg0]}
 writer root       -> contracts/lybra/pools/base/LybraPeUSDVaultBase.sol::LybraPeUSDVaultBase.withdraw(address,uint256)
 writer effect     -> contracts/lybra/pools/base/LybraPeUSDVaultBase.sol:214
 written member    -> ('MS', 'contracts/lybra/pools/base/LybraPeUSDVaultBase.sol', 'LybraPeUSDVaultBase.depositedAsset', '$arg0')
 potentially stale -> ('MS', 'contracts/lybra/pools/base/LybraPeUSDVaultBase.sol', 'LybraPeUSDVaultBase.borrowed', '$arg0'), ('MS', 'contracts/lybra/pools/base/LybraPeUSDVaultBase.sol', 'LybraPeUSDVaultBase.feeStored', '$arg0'), ('MS', 'contracts/lybra/pools/base/LybraPeUSDVaultBase.sol', 'LybraPeUSDVaultBase.feeUpdatedAt', '$arg0')
 reader witnesses  -> 15
 storage exposures -> 3
[MV-SI candidate 37d6e99ac3c1395104a1] {rewardPerTokenStored, rewards[$arg0], userRewardPerTokenPaid[$arg0]}
 writer root       -> contracts/lybra/miner/ProtocolRewardsPool.sol::ProtocolRewardsPool.notifyRewardAmount(uint256,uint256)
 writer effect     -> contracts/lybra/miner/ProtocolRewardsPool.sol:233
 written member    -> ('SV', 'contracts/lybra/miner/ProtocolRewardsPool.sol', 'ProtocolRewardsPool.rewardPerTokenStored')
 potentially stale -> ('MS', 'contracts/lybra/miner/ProtocolRewardsPool.sol', 'ProtocolRewardsPool.rewards', '$arg0'), ('MS', 'contracts/lybra/miner/ProtocolRewardsPool.sol', 'ProtocolRewardsPool.userRewardPerTokenPaid', '$arg0')
 reader witnesses  -> 2
 storage exposures -> 1
[MV-SI candidate 38a4a1a6f58035ed16c5] {finishAt, rewardPerTokenStored, rewardRatio, updatedAt}
 writer root       -> contracts/lybra/miner/EUSDMiningIncentives.sol::EUSDMiningIncentives.refreshReward(address)
 writer effect     -> contracts/lybra/miner/EUSDMiningIncentives.sol:73
 written member    -> ('SV', 'contracts/lybra/miner/EUSDMiningIncentives.sol', 'EUSDMiningIncentives.rewardPerTokenStored')
 potentially stale -> ('SV', 'contracts/lybra/miner/EUSDMiningIncentives.sol', 'EUSDMiningIncentives.finishAt'), ('SV', 'contracts/lybra/miner/EUSDMiningIncentives.sol', 'EUSDMiningIncentives.rewardRatio'), ('SV', 'contracts/lybra/miner/EUSDMiningIncentives.sol', 'EUSDMiningIncentives.updatedAt')
 reader witnesses  -> 12
 storage exposures -> 1
[MV-SI candidate 3afcf68cca4bdf032706] {extraRatio, finishAt, peUSDExtraRatio, rewardPerTokenStored, rewardRatio, rewards[$arg0], updatedAt, userRewardPerTokenPaid[$arg0]}
 writer root       -> contracts/lybra/miner/EUSDMiningIncentives.sol::EUSDMiningIncentives.getReward()
 writer effect     -> contracts/lybra/miner/EUSDMiningIncentives.sol:74
 written member    -> ('SV', 'contracts/lybra/miner/EUSDMiningIncentives.sol', 'EUSDMiningIncentives.updatedAt')
 potentially stale -> ('MS', 'contracts/lybra/miner/EUSDMiningIncentives.sol', 'EUSDMiningIncentives.rewards', '$arg0'), ('MS', 'contracts/lybra/miner/EUSDMiningIncentives.sol', 'EUSDMiningIncentives.userRewardPerTokenPaid', '$arg0'), ('SV', 'contracts/lybra/miner/EUSDMiningIncentives.sol', 'EUSDMiningIncentives.extraRatio'), ('SV', 'contracts/lybra/miner/EUSDMiningIncentives.sol', 'EUSDMiningIncentives.finishAt'), ('SV', 'contracts/lybra/miner/EUSDMiningIncentives.sol', 'EUSDMiningIncentives.peUSDExtraRatio'), ('SV', 'contracts/lybra/miner/EUSDMiningIncentives.sol', 'EUSDMiningIncentives.rewardPerTokenStored'), ('SV', 'contracts/lybra/miner/EUSDMiningIncentives.sol', 'EUSDMiningIncentives.rewardRatio')
 reader witnesses  -> 33
 storage exposures -> 1
[MV-SI candidate 3b442b822f70d8c632d3] {balanceOf[$arg0], finishAt, rewardPerTokenStored, rewardRatio, rewards[$arg0], totalSupply, updatedAt, userRewardPerTokenPaid[$arg0]}
 writer root       -> contracts/lybra/miner/stakerewardV2pool.sol::StakingRewardsV2.stake(uint256)
 writer effect     -> contracts/lybra/miner/stakerewardV2pool.sol:58
 written member    -> ('SV', 'contracts/lybra/miner/stakerewardV2pool.sol', 'StakingRewardsV2.updatedAt')
 potentially stale -> ('MS', 'contracts/lybra/miner/stakerewardV2pool.sol', 'StakingRewardsV2.balanceOf', '$arg0'), ('MS', 'contracts/lybra/miner/stakerewardV2pool.sol', 'StakingRewardsV2.rewards', '$arg0'), ('MS', 'contracts/lybra/miner/stakerewardV2pool.sol', 'StakingRewardsV2.userRewardPerTokenPaid', '$arg0'), ('SV', 'contracts/lybra/miner/stakerewardV2pool.sol', 'StakingRewardsV2.finishAt'), ('SV', 'contracts/lybra/miner/stakerewardV2pool.sol', 'StakingRewardsV2.rewardPerTokenStored'), ('SV', 'contracts/lybra/miner/stakerewardV2pool.sol', 'StakingRewardsV2.rewardRatio'), ('SV', 'contracts/lybra/miner/stakerewardV2pool.sol', 'StakingRewardsV2.totalSupply')
 reader witnesses  -> 30
 storage exposures -> 1
[MV-SI candidate 3c4a64d5b65fd760dab4] {extraRatio, finishAt, peUSDExtraRatio, rewardPerTokenStored, rewardRatio, rewards[$arg0], updatedAt, userRewardPerTokenPaid[$arg0]}
 writer root       -> contracts/lybra/miner/EUSDMiningIncentives.sol::EUSDMiningIncentives.notifyRewardAmount(uint256)
 writer effect     -> contracts/lybra/miner/EUSDMiningIncentives.sol:77
 written member    -> ('MS', 'contracts/lybra/miner/EUSDMiningIncentives.sol', 'EUSDMiningIncentives.rewards', '$arg0')
 potentially stale -> ('MS', 'contracts/lybra/miner/EUSDMiningIncentives.sol', 'EUSDMiningIncentives.userRewardPerTokenPaid', '$arg0'), ('SV', 'contracts/lybra/miner/EUSDMiningIncentives.sol', 'EUSDMiningIncentives.extraRatio'), ('SV', 'contracts/lybra/miner/EUSDMiningIncentives.sol', 'EUSDMiningIncentives.finishAt'), ('SV', 'contracts/lybra/miner/EUSDMiningIncentives.sol', 'EUSDMiningIncentives.peUSDExtraRatio'), ('SV', 'contracts/lybra/miner/EUSDMiningIncentives.sol', 'EUSDMiningIncentives.rewardPerTokenStored'), ('SV', 'contracts/lybra/miner/EUSDMiningIncentives.sol', 'EUSDMiningIncentives.rewardRatio'), ('SV', 'contracts/lybra/miner/EUSDMiningIncentives.sol', 'EUSDMiningIncentives.updatedAt')
 reader witnesses  -> 32
 storage exposures -> 1
[MV-SI candidate 3cd478f6c859cfe96749] {borrowed[$arg0], feeStored[$arg0], feeUpdatedAt[$arg0]}
 writer root       -> contracts/lybra/pools/base/LybraPeUSDVaultBase.sol::LybraPeUSDVaultBase.burn(address,uint256)
 writer effect     -> contracts/lybra/pools/base/LybraPeUSDVaultBase.sol:233
 written member    -> ('MS', 'contracts/lybra/pools/base/LybraPeUSDVaultBase.sol', 'LybraPeUSDVaultBase.feeUpdatedAt', '$arg0')
 potentially stale -> ('MS', 'contracts/lybra/pools/base/LybraPeUSDVaultBase.sol', 'LybraPeUSDVaultBase.borrowed', '$arg0'), ('MS', 'contracts/lybra/pools/base/LybraPeUSDVaultBase.sol', 'LybraPeUSDVaultBase.feeStored', '$arg0')
 reader witnesses  -> 24
 storage exposures -> 3
[MV-SI candidate 3ef089540dded617bb61] {borrowed[$arg0], depositedAsset[$arg0], feeStored[$arg0], feeUpdatedAt[$arg0]}
 writer root       -> contracts/lybra/pools/base/LybraPeUSDVaultBase.sol::LybraPeUSDVaultBase.mint(address,uint256)
 writer effect     -> contracts/lybra/pools/base/LybraPeUSDVaultBase.sol:233
 written member    -> ('MS', 'contracts/lybra/pools/base/LybraPeUSDVaultBase.sol', 'LybraPeUSDVaultBase.feeUpdatedAt', '$arg0')
 potentially stale -> ('MS', 'contracts/lybra/pools/base/LybraPeUSDVaultBase.sol', 'LybraPeUSDVaultBase.borrowed', '$arg0'), ('MS', 'contracts/lybra/pools/base/LybraPeUSDVaultBase.sol', 'LybraPeUSDVaultBase.depositedAsset', '$arg0'), ('MS', 'contracts/lybra/pools/base/LybraPeUSDVaultBase.sol', 'LybraPeUSDVaultBase.feeStored', '$arg0')
 reader witnesses  -> 15
 storage exposures -> 3
[MV-SI candidate 3f651b3e0f398532384b] {extraRatio, finishAt, peUSDExtraRatio, rewardPerTokenStored, rewardRatio, rewards[$arg0], updatedAt, userRewardPerTokenPaid[$arg0]}
 writer root       -> contracts/lybra/miner/EUSDMiningIncentives.sol::EUSDMiningIncentives.refreshReward(address)
 writer effect     -> contracts/lybra/miner/EUSDMiningIncentives.sol:78
 written member    -> ('MS', 'contracts/lybra/miner/EUSDMiningIncentives.sol', 'EUSDMiningIncentives.userRewardPerTokenPaid', '$arg0')
 potentially stale -> ('MS', 'contracts/lybra/miner/EUSDMiningIncentives.sol', 'EUSDMiningIncentives.rewards', '$arg0'), ('SV', 'contracts/lybra/miner/EUSDMiningIncentives.sol', 'EUSDMiningIncentives.extraRatio'), ('SV', 'contracts/lybra/miner/EUSDMiningIncentives.sol', 'EUSDMiningIncentives.finishAt'), ('SV', 'contracts/lybra/miner/EUSDMiningIncentives.sol', 'EUSDMiningIncentives.peUSDExtraRatio'), ('SV', 'contracts/lybra/miner/EUSDMiningIncentives.sol', 'EUSDMiningIncentives.rewardPerTokenStored'), ('SV', 'contracts/lybra/miner/EUSDMiningIncentives.sol', 'EUSDMiningIncentives.rewardRatio'), ('SV', 'contracts/lybra/miner/EUSDMiningIncentives.sol', 'EUSDMiningIncentives.updatedAt')
 reader witnesses  -> 29
 storage exposures -> 1
[MV-SI candidate 3fb1d1fe8e77d3de293f] {lastReportTime, poolTotalEUSDCirculation}
 writer root       -> contracts/lybra/pools/base/LybraEUSDVaultBase.sol::LybraEUSDVaultBase.rigidRedemption(address,uint256)
 writer effect     -> contracts/lybra/pools/base/LybraEUSDVaultBase.sol:284
 written member    -> ('SV', 'contracts/lybra/pools/base/LybraEUSDVaultBase.sol', 'LybraEUSDVaultBase.poolTotalEUSDCirculation')
 potentially stale -> ('SV', 'contracts/lybra/pools/base/LybraEUSDVaultBase.sol', 'LybraEUSDVaultBase.lastReportTime')
 reader witnesses  -> 2
 storage exposures -> 1
[MV-SI candidate 3fb274d64a9bbf771377] {borrowed[$arg0], depositedAsset[$arg1], feeStored[$arg0], feeUpdatedAt[$arg0]}
 writer root       -> contracts/lybra/pools/LybraWbETHVault.sol::LybraWBETHVault.depositEtherToMint(uint256)
 writer effect     -> contracts/lybra/pools/base/LybraPeUSDVaultBase.sol:179
 written member    -> ('MS', 'contracts/lybra/pools/base/LybraPeUSDVaultBase.sol', 'LybraPeUSDVaultBase.borrowed', '$arg0')
 potentially stale -> ('MS', 'contracts/lybra/pools/base/LybraPeUSDVaultBase.sol', 'LybraPeUSDVaultBase.depositedAsset', '$arg1'), ('MS', 'contracts/lybra/pools/base/LybraPeUSDVaultBase.sol', 'LybraPeUSDVaultBase.feeStored', '$arg0'), ('MS', 'contracts/lybra/pools/base/LybraPeUSDVaultBase.sol', 'LybraPeUSDVaultBase.feeUpdatedAt', '$arg0')
 reader witnesses  -> 4
 storage exposures -> 1
[MV-SI candidate 414ab790ef16b850983a] {borrowed[$arg0], depositedAsset[$arg0], feeStored[$arg0], feeUpdatedAt[$arg0]}
 writer root       -> contracts/lybra/pools/base/LybraPeUSDVaultBase.sol::LybraPeUSDVaultBase.rigidRedemption(address,uint256)
 writer effect     -> contracts/lybra/pools/base/LybraPeUSDVaultBase.sol:232
 written member    -> ('MS', 'contracts/lybra/pools/base/LybraPeUSDVaultBase.sol', 'LybraPeUSDVaultBase.feeStored', '$arg0')
 potentially stale -> ('MS', 'contracts/lybra/pools/base/LybraPeUSDVaultBase.sol', 'LybraPeUSDVaultBase.borrowed', '$arg0'), ('MS', 'contracts/lybra/pools/base/LybraPeUSDVaultBase.sol', 'LybraPeUSDVaultBase.depositedAsset', '$arg0'), ('MS', 'contracts/lybra/pools/base/LybraPeUSDVaultBase.sol', 'LybraPeUSDVaultBase.feeUpdatedAt', '$arg0')
 reader witnesses  -> 15
 storage exposures -> 3
[MV-SI candidate 426ff78c8a5dda4c0ede] {borrowed[$arg0], feeUpdatedAt[$arg0]}
 writer root       -> contracts/lybra/pools/base/LybraPeUSDVaultBase.sol::LybraPeUSDVaultBase.mint(address,uint256)
 writer effect     -> contracts/lybra/pools/base/LybraPeUSDVaultBase.sol:179
 written member    -> ('MS', 'contracts/lybra/pools/base/LybraPeUSDVaultBase.sol', 'LybraPeUSDVaultBase.borrowed', '$arg0')
 potentially stale -> ('MS', 'contracts/lybra/pools/base/LybraPeUSDVaultBase.sol', 'LybraPeUSDVaultBase.feeUpdatedAt', '$arg0')
 reader witnesses  -> 6
 storage exposures -> 3
[MV-SI candidate 42ba6c6fa649ef986187] {poolTotalEUSDCirculation, totalDepositedAsset}
 writer root       -> contracts/lybra/pools/base/LybraEUSDVaultBase.sol::LybraEUSDVaultBase.burn(address,uint256)
 writer effect     -> contracts/lybra/pools/base/LybraEUSDVaultBase.sol:284
 written member    -> ('SV', 'contracts/lybra/pools/base/LybraEUSDVaultBase.sol', 'LybraEUSDVaultBase.poolTotalEUSDCirculation')
 potentially stale -> ('SV', 'contracts/lybra/pools/base/LybraEUSDVaultBase.sol', 'LybraEUSDVaultBase.totalDepositedAsset')
 reader witnesses  -> 2
 storage exposures -> 1
[MV-SI candidate 44627d1a64faf3e41902] {feeStored, lastReportTime, lidoRebaseTime, poolTotalEUSDCirculation, totalDepositedAsset}
 writer root       -> contracts/lybra/pools/base/LybraEUSDVaultBase.sol::LybraEUSDVaultBase.depositAssetToMint(uint256,uint256)
 writer effect     -> contracts/lybra/pools/base/LybraEUSDVaultBase.sol:78
 written member    -> ('SV', 'contracts/lybra/pools/base/LybraEUSDVaultBase.sol', 'LybraEUSDVaultBase.totalDepositedAsset')
 potentially stale -> ('SV', 'contracts/lybra/pools/LybraStETHVault.sol', 'LybraStETHDepositVault.lidoRebaseTime'), ('SV', 'contracts/lybra/pools/base/LybraEUSDVaultBase.sol', 'LybraEUSDVaultBase.feeStored'), ('SV', 'contracts/lybra/pools/base/LybraEUSDVaultBase.sol', 'LybraEUSDVaultBase.lastReportTime'), ('SV', 'contracts/lybra/pools/base/LybraEUSDVaultBase.sol', 'LybraEUSDVaultBase.poolTotalEUSDCirculation')
 reader witnesses  -> 7
 storage exposures -> 1
[MV-SI candidate 4cb173b93854495c897f] {poolTotalEUSDCirculation, totalDepositedAsset}
 writer root       -> contracts/lybra/pools/base/LybraEUSDVaultBase.sol::LybraEUSDVaultBase.liquidation(address,address,uint256)
 writer effect     -> contracts/lybra/pools/base/LybraEUSDVaultBase.sol:284
 written member    -> ('SV', 'contracts/lybra/pools/base/LybraEUSDVaultBase.sol', 'LybraEUSDVaultBase.poolTotalEUSDCirculation')
 potentially stale -> ('SV', 'contracts/lybra/pools/base/LybraEUSDVaultBase.sol', 'LybraEUSDVaultBase.totalDepositedAsset')
 reader witnesses  -> 2
 storage exposures -> 1
[MV-SI candidate 4ce1cb3c499a56e8b0a5] {poolTotalEUSDCirculation, totalDepositedAsset}
 writer root       -> contracts/lybra/pools/base/LybraEUSDVaultBase.sol::LybraEUSDVaultBase.rigidRedemption(address,uint256)
 writer effect     -> contracts/lybra/pools/base/LybraEUSDVaultBase.sol:284
 written member    -> ('SV', 'contracts/lybra/pools/base/LybraEUSDVaultBase.sol', 'LybraEUSDVaultBase.poolTotalEUSDCirculation')
 potentially stale -> ('SV', 'contracts/lybra/pools/base/LybraEUSDVaultBase.sol', 'LybraEUSDVaultBase.totalDepositedAsset')
 reader witnesses  -> 2
 storage exposures -> 1
[MV-SI candidate 4cf282c65a295d53cd35] {lastReportTime, poolTotalEUSDCirculation}
 writer root       -> contracts/lybra/pools/base/LybraEUSDVaultBase.sol::LybraEUSDVaultBase.liquidation(address,address,uint256)
 writer effect     -> contracts/lybra/pools/base/LybraEUSDVaultBase.sol:297
 written member    -> ('SV', 'contracts/lybra/pools/base/LybraEUSDVaultBase.sol', 'LybraEUSDVaultBase.lastReportTime')
 potentially stale -> ('SV', 'contracts/lybra/pools/base/LybraEUSDVaultBase.sol', 'LybraEUSDVaultBase.poolTotalEUSDCirculation')
 reader witnesses  -> 4
 storage exposures -> 1
[MV-SI candidate 52526f54e5f3210d935a] {borrowed[$arg0], depositedAsset[$arg0]}
 writer root       -> contracts/lybra/pools/base/LybraEUSDVaultBase.sol::LybraEUSDVaultBase.mint(address,uint256)
 writer effect     -> contracts/lybra/pools/base/LybraEUSDVaultBase.sol:262
 written member    -> ('MS', 'contracts/lybra/pools/base/LybraEUSDVaultBase.sol', 'LybraEUSDVaultBase.borrowed', '$arg0')
 potentially stale -> ('MS', 'contracts/lybra/pools/base/LybraEUSDVaultBase.sol', 'LybraEUSDVaultBase.depositedAsset', '$arg0')
 reader witnesses  -> 2
 storage exposures -> 1
[MV-SI candidate 53c0cf33a77f26bfeb2d] {borrowed[$arg0], depositedAsset[$arg0], feeStored[$arg0], feeUpdatedAt[$arg0]}
 writer root       -> contracts/lybra/pools/LybraRETHVault.sol::LybraRETHVault.depositEtherToMint(uint256)
 writer effect     -> contracts/lybra/pools/base/LybraPeUSDVaultBase.sol:233
 written member    -> ('MS', 'contracts/lybra/pools/base/LybraPeUSDVaultBase.sol', 'LybraPeUSDVaultBase.feeUpdatedAt', '$arg0')
 potentially stale -> ('MS', 'contracts/lybra/pools/base/LybraPeUSDVaultBase.sol', 'LybraPeUSDVaultBase.borrowed', '$arg0'), ('MS', 'contracts/lybra/pools/base/LybraPeUSDVaultBase.sol', 'LybraPeUSDVaultBase.depositedAsset', '$arg0'), ('MS', 'contracts/lybra/pools/base/LybraPeUSDVaultBase.sol', 'LybraPeUSDVaultBase.feeStored', '$arg0')
 reader witnesses  -> 5
 storage exposures -> 1
[MV-SI candidate 55926f5a8e5420796bc6] {finishAt, rewardPerTokenStored, rewardRatio, updatedAt}
 writer root       -> contracts/lybra/miner/EUSDMiningIncentives.sol::EUSDMiningIncentives.purchaseOtherEarnings(address,bool)
 writer effect     -> contracts/lybra/miner/EUSDMiningIncentives.sol:74
 written member    -> ('SV', 'contracts/lybra/miner/EUSDMiningIncentives.sol', 'EUSDMiningIncentives.updatedAt')
 potentially stale -> ('SV', 'contracts/lybra/miner/EUSDMiningIncentives.sol', 'EUSDMiningIncentives.finishAt'), ('SV', 'contracts/lybra/miner/EUSDMiningIncentives.sol', 'EUSDMiningIncentives.rewardPerTokenStored'), ('SV', 'contracts/lybra/miner/EUSDMiningIncentives.sol', 'EUSDMiningIncentives.rewardRatio')
 reader witnesses  -> 20
 storage exposures -> 1
[MV-SI candidate 57d632fa98da0bc6e67f] {borrowed[$arg0], feeUpdatedAt[$arg0]}
 writer root       -> contracts/lybra/pools/base/LybraPeUSDVaultBase.sol::LybraPeUSDVaultBase.depositAssetToMint(uint256,uint256)
 writer effect     -> contracts/lybra/pools/base/LybraPeUSDVaultBase.sol:179
 written member    -> ('MS', 'contracts/lybra/pools/base/LybraPeUSDVaultBase.sol', 'LybraPeUSDVaultBase.borrowed', '$arg0')
 potentially stale -> ('MS', 'contracts/lybra/pools/base/LybraPeUSDVaultBase.sol', 'LybraPeUSDVaultBase.feeUpdatedAt', '$arg0')
 reader witnesses  -> 6
 storage exposures -> 3
[MV-SI candidate 5855b4b28ea6801ab1ec] {balanceOf[$arg0], finishAt, rewardPerTokenStored, rewardRatio, rewards[$arg0], totalSupply, updatedAt, userRewardPerTokenPaid[$arg0]}
 writer root       -> contracts/lybra/miner/stakerewardV2pool.sol::StakingRewardsV2.getReward()
 writer effect     -> contracts/lybra/miner/stakerewardV2pool.sol:58
 written member    -> ('SV', 'contracts/lybra/miner/stakerewardV2pool.sol', 'StakingRewardsV2.updatedAt')
 potentially stale -> ('MS', 'contracts/lybra/miner/stakerewardV2pool.sol', 'StakingRewardsV2.balanceOf', '$arg0'), ('MS', 'contracts/lybra/miner/stakerewardV2pool.sol', 'StakingRewardsV2.rewards', '$arg0'), ('MS', 'contracts/lybra/miner/stakerewardV2pool.sol', 'StakingRewardsV2.userRewardPerTokenPaid', '$arg0'), ('SV', 'contracts/lybra/miner/stakerewardV2pool.sol', 'StakingRewardsV2.finishAt'), ('SV', 'contracts/lybra/miner/stakerewardV2pool.sol', 'StakingRewardsV2.rewardPerTokenStored'), ('SV', 'contracts/lybra/miner/stakerewardV2pool.sol', 'StakingRewardsV2.rewardRatio'), ('SV', 'contracts/lybra/miner/stakerewardV2pool.sol', 'StakingRewardsV2.totalSupply')
 reader witnesses  -> 30
 storage exposures -> 1
[MV-SI candidate 5a90c6e58e94216d5093] {borrowed[$arg0], depositedAsset[$arg1], feeStored[$arg0], feeUpdatedAt[$arg0]}
 writer root       -> contracts/lybra/pools/base/LybraPeUSDVaultBase.sol::LybraPeUSDVaultBase.burn(address,uint256)
 writer effect     -> contracts/lybra/pools/base/LybraPeUSDVaultBase.sol:232
 written member    -> ('MS', 'contracts/lybra/pools/base/LybraPeUSDVaultBase.sol', 'LybraPeUSDVaultBase.feeStored', '$arg0')
 potentially stale -> ('MS', 'contracts/lybra/pools/base/LybraPeUSDVaultBase.sol', 'LybraPeUSDVaultBase.borrowed', '$arg0'), ('MS', 'contracts/lybra/pools/base/LybraPeUSDVaultBase.sol', 'LybraPeUSDVaultBase.depositedAsset', '$arg1'), ('MS', 'contracts/lybra/pools/base/LybraPeUSDVaultBase.sol', 'LybraPeUSDVaultBase.feeUpdatedAt', '$arg0')
 reader witnesses  -> 12
 storage exposures -> 3
[MV-SI candidate 5aaca771d0865285bf54] {poolTotalEUSDCirculation, totalDepositedAsset}
 writer root       -> contracts/lybra/pools/LybraStETHVault.sol::LybraStETHDepositVault.depositEtherToMint(uint256)
 writer effect     -> contracts/lybra/pools/base/LybraEUSDVaultBase.sol:266
 written member    -> ('SV', 'contracts/lybra/pools/base/LybraEUSDVaultBase.sol', 'LybraEUSDVaultBase.poolTotalEUSDCirculation')
 potentially stale -> ('SV', 'contracts/lybra/pools/base/LybraEUSDVaultBase.sol', 'LybraEUSDVaultBase.totalDepositedAsset')
 reader witnesses  -> 2
 storage exposures -> 1
[MV-SI candidate 5ae1e63448a768d15d24] {borrowed[$arg0], depositedAsset[$arg0], feeStored[$arg0], feeUpdatedAt[$arg0]}
 writer root       -> contracts/lybra/pools/LybraWbETHVault.sol::LybraWBETHVault.depositEtherToMint(uint256)
 writer effect     -> contracts/lybra/pools/base/LybraPeUSDVaultBase.sol:233
 written member    -> ('MS', 'contracts/lybra/pools/base/LybraPeUSDVaultBase.sol', 'LybraPeUSDVaultBase.feeUpdatedAt', '$arg0')
 potentially stale -> ('MS', 'contracts/lybra/pools/base/LybraPeUSDVaultBase.sol', 'LybraPeUSDVaultBase.borrowed', '$arg0'), ('MS', 'contracts/lybra/pools/base/LybraPeUSDVaultBase.sol', 'LybraPeUSDVaultBase.depositedAsset', '$arg0'), ('MS', 'contracts/lybra/pools/base/LybraPeUSDVaultBase.sol', 'LybraPeUSDVaultBase.feeStored', '$arg0')
 reader witnesses  -> 5
 storage exposures -> 1
[MV-SI candidate 5b52198c142b363bc2e6] {lastReportTime, poolTotalEUSDCirculation}
 writer root       -> contracts/lybra/pools/LybraStETHVault.sol::LybraStETHDepositVault.excessIncomeDistribution(uint256)
 writer effect     -> contracts/lybra/pools/LybraStETHVault.sol:92
 written member    -> ('SV', 'contracts/lybra/pools/base/LybraEUSDVaultBase.sol', 'LybraEUSDVaultBase.lastReportTime')
 potentially stale -> ('SV', 'contracts/lybra/pools/base/LybraEUSDVaultBase.sol', 'LybraEUSDVaultBase.poolTotalEUSDCirculation')
 reader witnesses  -> 4
 storage exposures -> 1
[MV-SI candidate 5bc87f8ce0bb2df03c09] {balanceOf[$arg0], finishAt, rewardPerTokenStored, rewardRatio, rewards[$arg0], totalSupply, updatedAt, userRewardPerTokenPaid[$arg0]}
 writer root       -> contracts/lybra/miner/stakerewardV2pool.sol::StakingRewardsV2.withdraw(uint256)
 writer effect     -> contracts/lybra/miner/stakerewardV2pool.sol:58
 written member    -> ('SV', 'contracts/lybra/miner/stakerewardV2pool.sol', 'StakingRewardsV2.updatedAt')
 potentially stale -> ('MS', 'contracts/lybra/miner/stakerewardV2pool.sol', 'StakingRewardsV2.balanceOf', '$arg0'), ('MS', 'contracts/lybra/miner/stakerewardV2pool.sol', 'StakingRewardsV2.rewards', '$arg0'), ('MS', 'contracts/lybra/miner/stakerewardV2pool.sol', 'StakingRewardsV2.userRewardPerTokenPaid', '$arg0'), ('SV', 'contracts/lybra/miner/stakerewardV2pool.sol', 'StakingRewardsV2.finishAt'), ('SV', 'contracts/lybra/miner/stakerewardV2pool.sol', 'StakingRewardsV2.rewardPerTokenStored'), ('SV', 'contracts/lybra/miner/stakerewardV2pool.sol', 'StakingRewardsV2.rewardRatio'), ('SV', 'contracts/lybra/miner/stakerewardV2pool.sol', 'StakingRewardsV2.totalSupply')
 reader witnesses  -> 30
 storage exposures -> 1
[MV-SI candidate 5c4b4e2ca1a0523fa8a1] {lastWithdrawTime[$arg0], time2fullRedemption[$arg0]}
 writer root       -> contracts/lybra/miner/ProtocolRewardsPool.sol::ProtocolRewardsPool.withdraw(address)
 writer effect     -> contracts/lybra/miner/ProtocolRewardsPool.sol:105
 written member    -> ('MS', 'contracts/lybra/miner/ProtocolRewardsPool.sol', 'ProtocolRewardsPool.lastWithdrawTime', '$arg0')
 potentially stale -> ('MS', 'contracts/lybra/miner/ProtocolRewardsPool.sol', 'ProtocolRewardsPool.time2fullRedemption', '$arg0')
 reader witnesses  -> 17
 storage exposures -> 1
[MV-SI candidate 5cbcacfc71d924235c0d] {balanceOf[$arg0], finishAt, rewardPerTokenStored, rewardRatio, rewards[$arg0], totalSupply, updatedAt, userRewardPerTokenPaid[$arg0]}
 writer root       -> contracts/lybra/miner/stakerewardV2pool.sol::StakingRewardsV2.withdraw(uint256)
 writer effect     -> contracts/lybra/miner/stakerewardV2pool.sol:61
 written member    -> ('MS', 'contracts/lybra/miner/stakerewardV2pool.sol', 'StakingRewardsV2.rewards', '$arg0')
 potentially stale -> ('MS', 'contracts/lybra/miner/stakerewardV2pool.sol', 'StakingRewardsV2.balanceOf', '$arg0'), ('MS', 'contracts/lybra/miner/stakerewardV2pool.sol', 'StakingRewardsV2.userRewardPerTokenPaid', '$arg0'), ('SV', 'contracts/lybra/miner/stakerewardV2pool.sol', 'StakingRewardsV2.finishAt'), ('SV', 'contracts/lybra/miner/stakerewardV2pool.sol', 'StakingRewardsV2.rewardPerTokenStored'), ('SV', 'contracts/lybra/miner/stakerewardV2pool.sol', 'StakingRewardsV2.rewardRatio'), ('SV', 'contracts/lybra/miner/stakerewardV2pool.sol', 'StakingRewardsV2.totalSupply'), ('SV', 'contracts/lybra/miner/stakerewardV2pool.sol', 'StakingRewardsV2.updatedAt')
 reader witnesses  -> 30
 storage exposures -> 1
[MV-SI candidate 5d46406676c1a7402bbd] {borrowed[$arg0], depositedAsset[$arg1], feeStored[$arg0], feeUpdatedAt[$arg0]}
 writer root       -> contracts/lybra/pools/base/LybraPeUSDVaultBase.sol::LybraPeUSDVaultBase.depositAssetToMint(uint256,uint256)
 writer effect     -> contracts/lybra/pools/base/LybraPeUSDVaultBase.sol:179
 written member    -> ('MS', 'contracts/lybra/pools/base/LybraPeUSDVaultBase.sol', 'LybraPeUSDVaultBase.borrowed', '$arg0')
 potentially stale -> ('MS', 'contracts/lybra/pools/base/LybraPeUSDVaultBase.sol', 'LybraPeUSDVaultBase.depositedAsset', '$arg1'), ('MS', 'contracts/lybra/pools/base/LybraPeUSDVaultBase.sol', 'LybraPeUSDVaultBase.feeStored', '$arg0'), ('MS', 'contracts/lybra/pools/base/LybraPeUSDVaultBase.sol', 'LybraPeUSDVaultBase.feeUpdatedAt', '$arg0')
 reader witnesses  -> 12
 storage exposures -> 3
[MV-SI candidate 5ee063f1242f721900f7] {borrowed[$arg0], feeUpdatedAt[$arg0]}
 writer root       -> contracts/lybra/pools/LybraRETHVault.sol::LybraRETHVault.depositEtherToMint(uint256)
 writer effect     -> contracts/lybra/pools/base/LybraPeUSDVaultBase.sol:233
 written member    -> ('MS', 'contracts/lybra/pools/base/LybraPeUSDVaultBase.sol', 'LybraPeUSDVaultBase.feeUpdatedAt', '$arg0')
 potentially stale -> ('MS', 'contracts/lybra/pools/base/LybraPeUSDVaultBase.sol', 'LybraPeUSDVaultBase.borrowed', '$arg0')
 reader witnesses  -> 3
 storage exposures -> 1
[MV-SI candidate 63f02245d391d3d1a7fa] {poolTotalEUSDCirculation, totalDepositedAsset}
 writer root       -> contracts/lybra/pools/base/LybraEUSDVaultBase.sol::LybraEUSDVaultBase.rigidRedemption(address,uint256)
 writer effect     -> contracts/lybra/pools/base/LybraEUSDVaultBase.sol:241
 written member    -> ('SV', 'contracts/lybra/pools/base/LybraEUSDVaultBase.sol', 'LybraEUSDVaultBase.totalDepositedAsset')
 potentially stale -> ('SV', 'contracts/lybra/pools/base/LybraEUSDVaultBase.sol', 'LybraEUSDVaultBase.poolTotalEUSDCirculation')
 reader witnesses  -> 4
 storage exposures -> 1
[MV-SI candidate 64fb769d0df6e34390a3] {borrowed[$arg0], feeUpdatedAt[$arg0]}
 writer root       -> contracts/lybra/pools/LybraWbETHVault.sol::LybraWBETHVault.depositEtherToMint(uint256)
 writer effect     -> contracts/lybra/pools/base/LybraPeUSDVaultBase.sol:179
 written member    -> ('MS', 'contracts/lybra/pools/base/LybraPeUSDVaultBase.sol', 'LybraPeUSDVaultBase.borrowed', '$arg0')
 potentially stale -> ('MS', 'contracts/lybra/pools/base/LybraPeUSDVaultBase.sol', 'LybraPeUSDVaultBase.feeUpdatedAt', '$arg0')
 reader witnesses  -> 2
 storage exposures -> 1
[MV-SI candidate 6519a5d30a8a4fb99000] {borrowed[$arg0], feeStored[$arg0], feeUpdatedAt[$arg0]}
 writer root       -> contracts/lybra/pools/LybraWstETHVault.sol::LybraWstETHVault.depositEtherToMint(uint256)
 writer effect     -> contracts/lybra/pools/base/LybraPeUSDVaultBase.sol:179
 written member    -> ('MS', 'contracts/lybra/pools/base/LybraPeUSDVaultBase.sol', 'LybraPeUSDVaultBase.borrowed', '$arg0')
 potentially stale -> ('MS', 'contracts/lybra/pools/base/LybraPeUSDVaultBase.sol', 'LybraPeUSDVaultBase.feeStored', '$arg0'), ('MS', 'contracts/lybra/pools/base/LybraPeUSDVaultBase.sol', 'LybraPeUSDVaultBase.feeUpdatedAt', '$arg0')
 reader witnesses  -> 8
 storage exposures -> 1
[MV-SI candidate 668813862986f7b97c7b] {borrowed[$arg0], depositedAsset[$arg0], feeStored[$arg0], feeUpdatedAt[$arg0]}
 writer root       -> contracts/lybra/pools/base/LybraPeUSDVaultBase.sol::LybraPeUSDVaultBase.burn(address,uint256)
 writer effect     -> contracts/lybra/pools/base/LybraPeUSDVaultBase.sol:233
 written member    -> ('MS', 'contracts/lybra/pools/base/LybraPeUSDVaultBase.sol', 'LybraPeUSDVaultBase.feeUpdatedAt', '$arg0')
 potentially stale -> ('MS', 'contracts/lybra/pools/base/LybraPeUSDVaultBase.sol', 'LybraPeUSDVaultBase.borrowed', '$arg0'), ('MS', 'contracts/lybra/pools/base/LybraPeUSDVaultBase.sol', 'LybraPeUSDVaultBase.depositedAsset', '$arg0'), ('MS', 'contracts/lybra/pools/base/LybraPeUSDVaultBase.sol', 'LybraPeUSDVaultBase.feeStored', '$arg0')
 reader witnesses  -> 15
 storage exposures -> 3
[MV-SI candidate 668940a4db074129c93d] {feeStored, lastReportTime, lidoRebaseTime, poolTotalEUSDCirculation, totalDepositedAsset}
 writer root       -> contracts/lybra/pools/LybraStETHVault.sol::LybraStETHDepositVault.excessIncomeDistribution(uint256)
 writer effect     -> contracts/lybra/pools/LybraStETHVault.sol:92
 written member    -> ('SV', 'contracts/lybra/pools/base/LybraEUSDVaultBase.sol', 'LybraEUSDVaultBase.lastReportTime')
 potentially stale -> ('SV', 'contracts/lybra/pools/LybraStETHVault.sol', 'LybraStETHDepositVault.lidoRebaseTime'), ('SV', 'contracts/lybra/pools/base/LybraEUSDVaultBase.sol', 'LybraEUSDVaultBase.feeStored'), ('SV', 'contracts/lybra/pools/base/LybraEUSDVaultBase.sol', 'LybraEUSDVaultBase.poolTotalEUSDCirculation'), ('SV', 'contracts/lybra/pools/base/LybraEUSDVaultBase.sol', 'LybraEUSDVaultBase.totalDepositedAsset')
 reader witnesses  -> 9
 storage exposures -> 1
[MV-SI candidate 68b591ef42c3764ae22d] {rewardPerTokenStored, rewards[$arg0], userRewardPerTokenPaid[$arg0]}
 writer root       -> contracts/lybra/miner/ProtocolRewardsPool.sol::ProtocolRewardsPool.notifyRewardAmount(uint256,uint256)
 writer effect     -> contracts/lybra/miner/ProtocolRewardsPool.sol:236
 written member    -> ('SV', 'contracts/lybra/miner/ProtocolRewardsPool.sol', 'ProtocolRewardsPool.rewardPerTokenStored')
 potentially stale -> ('MS', 'contracts/lybra/miner/ProtocolRewardsPool.sol', 'ProtocolRewardsPool.rewards', '$arg0'), ('MS', 'contracts/lybra/miner/ProtocolRewardsPool.sol', 'ProtocolRewardsPool.userRewardPerTokenPaid', '$arg0')
 reader witnesses  -> 2
 storage exposures -> 1
[MV-SI candidate 6926a57854d95d5354b5] {extraRatio, finishAt, peUSDExtraRatio, rewardPerTokenStored, rewardRatio, rewards[$arg0], updatedAt, userRewardPerTokenPaid[$arg0]}
 writer root       -> contracts/lybra/miner/EUSDMiningIncentives.sol::EUSDMiningIncentives.getReward()
 writer effect     -> contracts/lybra/miner/EUSDMiningIncentives.sol:77
 written member    -> ('MS', 'contracts/lybra/miner/EUSDMiningIncentives.sol', 'EUSDMiningIncentives.rewards', '$arg0')
 potentially stale -> ('MS', 'contracts/lybra/miner/EUSDMiningIncentives.sol', 'EUSDMiningIncentives.userRewardPerTokenPaid', '$arg0'), ('SV', 'contracts/lybra/miner/EUSDMiningIncentives.sol', 'EUSDMiningIncentives.extraRatio'), ('SV', 'contracts/lybra/miner/EUSDMiningIncentives.sol', 'EUSDMiningIncentives.finishAt'), ('SV', 'contracts/lybra/miner/EUSDMiningIncentives.sol', 'EUSDMiningIncentives.peUSDExtraRatio'), ('SV', 'contracts/lybra/miner/EUSDMiningIncentives.sol', 'EUSDMiningIncentives.rewardPerTokenStored'), ('SV', 'contracts/lybra/miner/EUSDMiningIncentives.sol', 'EUSDMiningIncentives.rewardRatio'), ('SV', 'contracts/lybra/miner/EUSDMiningIncentives.sol', 'EUSDMiningIncentives.updatedAt')
 reader witnesses  -> 32
 storage exposures -> 1
[MV-SI candidate 69ef41aa1359a20327ee] {finishAt, rewardPerTokenStored, rewardRatio, totalSupply, updatedAt}
 writer root       -> contracts/lybra/miner/stakerewardV2pool.sol::StakingRewardsV2.stake(uint256)
 writer effect     -> contracts/lybra/miner/stakerewardV2pool.sol:57
 written member    -> ('SV', 'contracts/lybra/miner/stakerewardV2pool.sol', 'StakingRewardsV2.rewardPerTokenStored')
 potentially stale -> ('SV', 'contracts/lybra/miner/stakerewardV2pool.sol', 'StakingRewardsV2.finishAt'), ('SV', 'contracts/lybra/miner/stakerewardV2pool.sol', 'StakingRewardsV2.rewardRatio'), ('SV', 'contracts/lybra/miner/stakerewardV2pool.sol', 'StakingRewardsV2.totalSupply'), ('SV', 'contracts/lybra/miner/stakerewardV2pool.sol', 'StakingRewardsV2.updatedAt')
 reader witnesses  -> 18
 storage exposures -> 1
[MV-SI candidate 6b66749292058ffa8fb0] {finishAt, rewardPerTokenStored, rewardRatio, updatedAt}
 writer root       -> contracts/lybra/miner/EUSDMiningIncentives.sol::EUSDMiningIncentives.refreshReward(address)
 writer effect     -> contracts/lybra/miner/EUSDMiningIncentives.sol:74
 written member    -> ('SV', 'contracts/lybra/miner/EUSDMiningIncentives.sol', 'EUSDMiningIncentives.updatedAt')
 potentially stale -> ('SV', 'contracts/lybra/miner/EUSDMiningIncentives.sol', 'EUSDMiningIncentives.finishAt'), ('SV', 'contracts/lybra/miner/EUSDMiningIncentives.sol', 'EUSDMiningIncentives.rewardPerTokenStored'), ('SV', 'contracts/lybra/miner/EUSDMiningIncentives.sol', 'EUSDMiningIncentives.rewardRatio')
 reader witnesses  -> 20
 storage exposures -> 1
[MV-SI candidate 6d14a99663f9dfab5566] {borrowed[$arg0], depositedAsset[$arg0]}
 writer root       -> contracts/lybra/pools/base/LybraPeUSDVaultBase.sol::LybraPeUSDVaultBase.withdraw(address,uint256)
 writer effect     -> contracts/lybra/pools/base/LybraPeUSDVaultBase.sol:214
 written member    -> ('MS', 'contracts/lybra/pools/base/LybraPeUSDVaultBase.sol', 'LybraPeUSDVaultBase.depositedAsset', '$arg0')
 potentially stale -> ('MS', 'contracts/lybra/pools/base/LybraPeUSDVaultBase.sol', 'LybraPeUSDVaultBase.borrowed', '$arg0')
 reader witnesses  -> 9
 storage exposures -> 3
[MV-SI candidate 700122736c37760f67eb] {poolTotalEUSDCirculation, totalDepositedAsset}
 writer root       -> contracts/lybra/pools/base/LybraEUSDVaultBase.sol::LybraEUSDVaultBase.depositAssetToMint(uint256,uint256)
 writer effect     -> contracts/lybra/pools/base/LybraEUSDVaultBase.sol:266
 written member    -> ('SV', 'contracts/lybra/pools/base/LybraEUSDVaultBase.sol', 'LybraEUSDVaultBase.poolTotalEUSDCirculation')
 potentially stale -> ('SV', 'contracts/lybra/pools/base/LybraEUSDVaultBase.sol', 'LybraEUSDVaultBase.totalDepositedAsset')
 reader witnesses  -> 2
 storage exposures -> 1
[MV-SI candidate 70752e5113d0a2d5c329] {borrowed[$arg0], depositedAsset[$arg1], feeStored[$arg0], feeUpdatedAt[$arg0]}
 writer root       -> contracts/lybra/pools/LybraWbETHVault.sol::LybraWBETHVault.depositEtherToMint(uint256)
 writer effect     -> contracts/lybra/pools/base/LybraPeUSDVaultBase.sol:232
 written member    -> ('MS', 'contracts/lybra/pools/base/LybraPeUSDVaultBase.sol', 'LybraPeUSDVaultBase.feeStored', '$arg0')
 potentially stale -> ('MS', 'contracts/lybra/pools/base/LybraPeUSDVaultBase.sol', 'LybraPeUSDVaultBase.borrowed', '$arg0'), ('MS', 'contracts/lybra/pools/base/LybraPeUSDVaultBase.sol', 'LybraPeUSDVaultBase.depositedAsset', '$arg1'), ('MS', 'contracts/lybra/pools/base/LybraPeUSDVaultBase.sol', 'LybraPeUSDVaultBase.feeUpdatedAt', '$arg0')
 reader witnesses  -> 4
 storage exposures -> 1
[MV-SI candidate 70b33d463759257f886d] {borrowed[$arg0], feeStored[$arg0], feeUpdatedAt[$arg0]}
 writer root       -> contracts/lybra/pools/base/LybraPeUSDVaultBase.sol::LybraPeUSDVaultBase.rigidRedemption(address,uint256)
 writer effect     -> contracts/lybra/pools/base/LybraPeUSDVaultBase.sol:233
 written member    -> ('MS', 'contracts/lybra/pools/base/LybraPeUSDVaultBase.sol', 'LybraPeUSDVaultBase.feeUpdatedAt', '$arg0')
 potentially stale -> ('MS', 'contracts/lybra/pools/base/LybraPeUSDVaultBase.sol', 'LybraPeUSDVaultBase.borrowed', '$arg0'), ('MS', 'contracts/lybra/pools/base/LybraPeUSDVaultBase.sol', 'LybraPeUSDVaultBase.feeStored', '$arg0')
 reader witnesses  -> 24
 storage exposures -> 3
[MV-SI candidate 715c9148348df40a0770] {lastReportTime, poolTotalEUSDCirculation}
 writer root       -> contracts/lybra/pools/base/LybraEUSDVaultBase.sol::LybraEUSDVaultBase.superLiquidation(address,address,uint256)
 writer effect     -> contracts/lybra/pools/base/LybraEUSDVaultBase.sol:297
 written member    -> ('SV', 'contracts/lybra/pools/base/LybraEUSDVaultBase.sol', 'LybraEUSDVaultBase.lastReportTime')
 potentially stale -> ('SV', 'contracts/lybra/pools/base/LybraEUSDVaultBase.sol', 'LybraEUSDVaultBase.poolTotalEUSDCirculation')
 reader witnesses  -> 4
 storage exposures -> 1
[MV-SI candidate 72470635a9c3f5b4c160] {feeStored, lastReportTime, lidoRebaseTime, poolTotalEUSDCirculation, totalDepositedAsset}
 writer root       -> contracts/lybra/pools/base/LybraEUSDVaultBase.sol::LybraEUSDVaultBase.burn(address,uint256)
 writer effect     -> contracts/lybra/pools/base/LybraEUSDVaultBase.sol:297
 written member    -> ('SV', 'contracts/lybra/pools/base/LybraEUSDVaultBase.sol', 'LybraEUSDVaultBase.lastReportTime')
 potentially stale -> ('SV', 'contracts/lybra/pools/LybraStETHVault.sol', 'LybraStETHDepositVault.lidoRebaseTime'), ('SV', 'contracts/lybra/pools/base/LybraEUSDVaultBase.sol', 'LybraEUSDVaultBase.feeStored'), ('SV', 'contracts/lybra/pools/base/LybraEUSDVaultBase.sol', 'LybraEUSDVaultBase.poolTotalEUSDCirculation'), ('SV', 'contracts/lybra/pools/base/LybraEUSDVaultBase.sol', 'LybraEUSDVaultBase.totalDepositedAsset')
 reader witnesses  -> 9
 storage exposures -> 1
[MV-SI candidate 73f7dc7ec3c66de5ba23] {finishAt, rewardPerTokenStored, rewardRatio, totalSupply, updatedAt}
 writer root       -> contracts/lybra/miner/stakerewardV2pool.sol::StakingRewardsV2.stake(uint256)
 writer effect     -> contracts/lybra/miner/stakerewardV2pool.sol:88
 written member    -> ('SV', 'contracts/lybra/miner/stakerewardV2pool.sol', 'StakingRewardsV2.totalSupply')
 potentially stale -> ('SV', 'contracts/lybra/miner/stakerewardV2pool.sol', 'StakingRewardsV2.finishAt'), ('SV', 'contracts/lybra/miner/stakerewardV2pool.sol', 'StakingRewardsV2.rewardPerTokenStored'), ('SV', 'contracts/lybra/miner/stakerewardV2pool.sol', 'StakingRewardsV2.rewardRatio'), ('SV', 'contracts/lybra/miner/stakerewardV2pool.sol', 'StakingRewardsV2.updatedAt')
 reader witnesses  -> 20
 storage exposures -> 1
[MV-SI candidate 753fb2bcc7a167df4c8f] {feeStored, lastReportTime, lidoRebaseTime, poolTotalEUSDCirculation, totalDepositedAsset}
 writer root       -> contracts/lybra/pools/base/LybraEUSDVaultBase.sol::LybraEUSDVaultBase.rigidRedemption(address,uint256)
 writer effect     -> contracts/lybra/pools/base/LybraEUSDVaultBase.sol:241
 written member    -> ('SV', 'contracts/lybra/pools/base/LybraEUSDVaultBase.sol', 'LybraEUSDVaultBase.totalDepositedAsset')
 potentially stale -> ('SV', 'contracts/lybra/pools/LybraStETHVault.sol', 'LybraStETHDepositVault.lidoRebaseTime'), ('SV', 'contracts/lybra/pools/base/LybraEUSDVaultBase.sol', 'LybraEUSDVaultBase.feeStored'), ('SV', 'contracts/lybra/pools/base/LybraEUSDVaultBase.sol', 'LybraEUSDVaultBase.lastReportTime'), ('SV', 'contracts/lybra/pools/base/LybraEUSDVaultBase.sol', 'LybraEUSDVaultBase.poolTotalEUSDCirculation')
 reader witnesses  -> 7
 storage exposures -> 1
[MV-SI candidate 7654cc7a44604f5ffee0] {borrowed[$arg0], feeStored[$arg0], feeUpdatedAt[$arg0]}
 writer root       -> contracts/lybra/pools/base/LybraPeUSDVaultBase.sol::LybraPeUSDVaultBase.rigidRedemption(address,uint256)
 writer effect     -> contracts/lybra/pools/base/LybraPeUSDVaultBase.sol:232
 written member    -> ('MS', 'contracts/lybra/pools/base/LybraPeUSDVaultBase.sol', 'LybraPeUSDVaultBase.feeStored', '$arg0')
 potentially stale -> ('MS', 'contracts/lybra/pools/base/LybraPeUSDVaultBase.sol', 'LybraPeUSDVaultBase.borrowed', '$arg0'), ('MS', 'contracts/lybra/pools/base/LybraPeUSDVaultBase.sol', 'LybraPeUSDVaultBase.feeUpdatedAt', '$arg0')
 reader witnesses  -> 24
 storage exposures -> 3
[MV-SI candidate 76f20c25cd9c65007d6b] {lastReportTime, poolTotalEUSDCirculation}
 writer root       -> contracts/lybra/pools/base/LybraEUSDVaultBase.sol::LybraEUSDVaultBase.burn(address,uint256)
 writer effect     -> contracts/lybra/pools/base/LybraEUSDVaultBase.sol:284
 written member    -> ('SV', 'contracts/lybra/pools/base/LybraEUSDVaultBase.sol', 'LybraEUSDVaultBase.poolTotalEUSDCirculation')
 potentially stale -> ('SV', 'contracts/lybra/pools/base/LybraEUSDVaultBase.sol', 'LybraEUSDVaultBase.lastReportTime')
 reader witnesses  -> 2
 storage exposures -> 1
[MV-SI candidate 78db5eecdc07a26e9483] {lastReportTime, poolTotalEUSDCirculation}
 writer root       -> contracts/lybra/pools/base/LybraEUSDVaultBase.sol::LybraEUSDVaultBase.superLiquidation(address,address,uint256)
 writer effect     -> contracts/lybra/pools/base/LybraEUSDVaultBase.sol:284
 written member    -> ('SV', 'contracts/lybra/pools/base/LybraEUSDVaultBase.sol', 'LybraEUSDVaultBase.poolTotalEUSDCirculation')
 potentially stale -> ('SV', 'contracts/lybra/pools/base/LybraEUSDVaultBase.sol', 'LybraEUSDVaultBase.lastReportTime')
 reader witnesses  -> 2
 storage exposures -> 1
[MV-SI candidate 79bbe7af8686eac10463] {feeStored, lastReportTime, lidoRebaseTime, poolTotalEUSDCirculation, totalDepositedAsset}
 writer root       -> contracts/lybra/pools/base/LybraEUSDVaultBase.sol::LybraEUSDVaultBase.depositAssetToMint(uint256,uint256)
 writer effect     -> contracts/lybra/pools/base/LybraEUSDVaultBase.sol:266
 written member    -> ('SV', 'contracts/lybra/pools/base/LybraEUSDVaultBase.sol', 'LybraEUSDVaultBase.poolTotalEUSDCirculation')
 potentially stale -> ('SV', 'contracts/lybra/pools/LybraStETHVault.sol', 'LybraStETHDepositVault.lidoRebaseTime'), ('SV', 'contracts/lybra/pools/base/LybraEUSDVaultBase.sol', 'LybraEUSDVaultBase.feeStored'), ('SV', 'contracts/lybra/pools/base/LybraEUSDVaultBase.sol', 'LybraEUSDVaultBase.lastReportTime'), ('SV', 'contracts/lybra/pools/base/LybraEUSDVaultBase.sol', 'LybraEUSDVaultBase.totalDepositedAsset')
 reader witnesses  -> 7
 storage exposures -> 1
[MV-SI candidate 7a45f1d4c348f9c1bfd1] {borrowed[$arg0], feeStored[$arg0], feeUpdatedAt[$arg0]}
 writer root       -> contracts/lybra/pools/base/LybraPeUSDVaultBase.sol::LybraPeUSDVaultBase.liquidation(address,address,uint256)
 writer effect     -> contracts/lybra/pools/base/LybraPeUSDVaultBase.sol:233
 written member    -> ('MS', 'contracts/lybra/pools/base/LybraPeUSDVaultBase.sol', 'LybraPeUSDVaultBase.feeUpdatedAt', '$arg0')
 potentially stale -> ('MS', 'contracts/lybra/pools/base/LybraPeUSDVaultBase.sol', 'LybraPeUSDVaultBase.borrowed', '$arg0'), ('MS', 'contracts/lybra/pools/base/LybraPeUSDVaultBase.sol', 'LybraPeUSDVaultBase.feeStored', '$arg0')
 reader witnesses  -> 24
 storage exposures -> 3
[MV-SI candidate 7da20afec91920c6948f] {finishAt, rewardPerTokenStored, rewardRatio, totalSupply, updatedAt}
 writer root       -> contracts/lybra/miner/stakerewardV2pool.sol::StakingRewardsV2.notifyRewardAmount(uint256)
 writer effect     -> contracts/lybra/miner/stakerewardV2pool.sol:57
 written member    -> ('SV', 'contracts/lybra/miner/stakerewardV2pool.sol', 'StakingRewardsV2.rewardPerTokenStored')
 potentially stale -> ('SV', 'contracts/lybra/miner/stakerewardV2pool.sol', 'StakingRewardsV2.finishAt'), ('SV', 'contracts/lybra/miner/stakerewardV2pool.sol', 'StakingRewardsV2.rewardRatio'), ('SV', 'contracts/lybra/miner/stakerewardV2pool.sol', 'StakingRewardsV2.totalSupply'), ('SV', 'contracts/lybra/miner/stakerewardV2pool.sol', 'StakingRewardsV2.updatedAt')
 reader witnesses  -> 18
 storage exposures -> 1
[MV-SI candidate 7e00a4e0bb85ee16d164] {balanceOf[$arg0], finishAt, rewardPerTokenStored, rewardRatio, rewards[$arg0], totalSupply, updatedAt, userRewardPerTokenPaid[$arg0]}
 writer root       -> contracts/lybra/miner/stakerewardV2pool.sol::StakingRewardsV2.notifyRewardAmount(uint256)
 writer effect     -> contracts/lybra/miner/stakerewardV2pool.sol:62
 written member    -> ('MS', 'contracts/lybra/miner/stakerewardV2pool.sol', 'StakingRewardsV2.userRewardPerTokenPaid', '$arg0')
 potentially stale -> ('MS', 'contracts/lybra/miner/stakerewardV2pool.sol', 'StakingRewardsV2.balanceOf', '$arg0'), ('MS', 'contracts/lybra/miner/stakerewardV2pool.sol', 'StakingRewardsV2.rewards', '$arg0'), ('SV', 'contracts/lybra/miner/stakerewardV2pool.sol', 'StakingRewardsV2.finishAt'), ('SV', 'contracts/lybra/miner/stakerewardV2pool.sol', 'StakingRewardsV2.rewardPerTokenStored'), ('SV', 'contracts/lybra/miner/stakerewardV2pool.sol', 'StakingRewardsV2.rewardRatio'), ('SV', 'contracts/lybra/miner/stakerewardV2pool.sol', 'StakingRewardsV2.totalSupply'), ('SV', 'contracts/lybra/miner/stakerewardV2pool.sol', 'StakingRewardsV2.updatedAt')
 reader witnesses  -> 26
 storage exposures -> 1
[MV-SI candidate 7fec825bb1d90ac5167b] {borrowed[$arg0], depositedAsset[$arg0], feeStored[$arg0], feeUpdatedAt[$arg0]}
 writer root       -> contracts/lybra/pools/LybraRETHVault.sol::LybraRETHVault.depositEtherToMint(uint256)
 writer effect     -> contracts/lybra/pools/base/LybraPeUSDVaultBase.sol:179
 written member    -> ('MS', 'contracts/lybra/pools/base/LybraPeUSDVaultBase.sol', 'LybraPeUSDVaultBase.borrowed', '$arg0')
 potentially stale -> ('MS', 'contracts/lybra/pools/base/LybraPeUSDVaultBase.sol', 'LybraPeUSDVaultBase.depositedAsset', '$arg0'), ('MS', 'contracts/lybra/pools/base/LybraPeUSDVaultBase.sol', 'LybraPeUSDVaultBase.feeStored', '$arg0'), ('MS', 'contracts/lybra/pools/base/LybraPeUSDVaultBase.sol', 'LybraPeUSDVaultBase.feeUpdatedAt', '$arg0')
 reader witnesses  -> 5
 storage exposures -> 1
[MV-SI candidate 83fc02206e55e27d43cf] {lastReportTime, poolTotalEUSDCirculation}
 writer root       -> contracts/lybra/pools/base/LybraEUSDVaultBase.sol::LybraEUSDVaultBase.liquidation(address,address,uint256)
 writer effect     -> contracts/lybra/pools/base/LybraEUSDVaultBase.sol:284
 written member    -> ('SV', 'contracts/lybra/pools/base/LybraEUSDVaultBase.sol', 'LybraEUSDVaultBase.poolTotalEUSDCirculation')
 potentially stale -> ('SV', 'contracts/lybra/pools/base/LybraEUSDVaultBase.sol', 'LybraEUSDVaultBase.lastReportTime')
 reader witnesses  -> 2
 storage exposures -> 1
[MV-SI candidate 85d220c516559e4a8ff9] {oracleFee, protocolFeeConfig, relayerFeeConfig}
 writer root       -> contracts/mocks/LZEndpointMock.sol::LZEndpointMock.setRelayerPrice(uint128,uint128,uint128,uint64,uint64)
 writer effect     -> contracts/mocks/LZEndpointMock.sol:332
 written member    -> ('SV', 'contracts/mocks/LZEndpointMock.sol', 'LZEndpointMock.relayerFeeConfig')
 potentially stale -> ('SV', 'contracts/mocks/LZEndpointMock.sol', 'LZEndpointMock.oracleFee'), ('SV', 'contracts/mocks/LZEndpointMock.sol', 'LZEndpointMock.protocolFeeConfig')
 reader witnesses  -> 9
 storage exposures -> 1
[MV-SI candidate 863659b139998b0c5015] {balanceOf[$arg0], finishAt, rewardPerTokenStored, rewardRatio, rewards[$arg0], totalSupply, updatedAt, userRewardPerTokenPaid[$arg0]}
 writer root       -> contracts/lybra/miner/stakerewardV2pool.sol::StakingRewardsV2.getReward()
 writer effect     -> contracts/lybra/miner/stakerewardV2pool.sol:62
 written member    -> ('MS', 'contracts/lybra/miner/stakerewardV2pool.sol', 'StakingRewardsV2.userRewardPerTokenPaid', '$arg0')
 potentially stale -> ('MS', 'contracts/lybra/miner/stakerewardV2pool.sol', 'StakingRewardsV2.balanceOf', '$arg0'), ('MS', 'contracts/lybra/miner/stakerewardV2pool.sol', 'StakingRewardsV2.rewards', '$arg0'), ('SV', 'contracts/lybra/miner/stakerewardV2pool.sol', 'StakingRewardsV2.finishAt'), ('SV', 'contracts/lybra/miner/stakerewardV2pool.sol', 'StakingRewardsV2.rewardPerTokenStored'), ('SV', 'contracts/lybra/miner/stakerewardV2pool.sol', 'StakingRewardsV2.rewardRatio'), ('SV', 'contracts/lybra/miner/stakerewardV2pool.sol', 'StakingRewardsV2.totalSupply'), ('SV', 'contracts/lybra/miner/stakerewardV2pool.sol', 'StakingRewardsV2.updatedAt')
 reader witnesses  -> 26
 storage exposures -> 1
[MV-SI candidate 8754187fddca32808f03] {extraRatio, finishAt, peUSDExtraRatio, rewardPerTokenStored, rewardRatio, rewards[$arg0], updatedAt, userRewardPerTokenPaid[$arg0]}
 writer root       -> contracts/lybra/miner/EUSDMiningIncentives.sol::EUSDMiningIncentives.notifyRewardAmount(uint256)
 writer effect     -> contracts/lybra/miner/EUSDMiningIncentives.sol:234
 written member    -> ('SV', 'contracts/lybra/miner/EUSDMiningIncentives.sol', 'EUSDMiningIncentives.rewardRatio')
 potentially stale -> ('MS', 'contracts/lybra/miner/EUSDMiningIncentives.sol', 'EUSDMiningIncentives.rewards', '$arg0'), ('MS', 'contracts/lybra/miner/EUSDMiningIncentives.sol', 'EUSDMiningIncentives.userRewardPerTokenPaid', '$arg0'), ('SV', 'contracts/lybra/miner/EUSDMiningIncentives.sol', 'EUSDMiningIncentives.extraRatio'), ('SV', 'contracts/lybra/miner/EUSDMiningIncentives.sol', 'EUSDMiningIncentives.finishAt'), ('SV', 'contracts/lybra/miner/EUSDMiningIncentives.sol', 'EUSDMiningIncentives.peUSDExtraRatio'), ('SV', 'contracts/lybra/miner/EUSDMiningIncentives.sol', 'EUSDMiningIncentives.rewardPerTokenStored'), ('SV', 'contracts/lybra/miner/EUSDMiningIncentives.sol', 'EUSDMiningIncentives.updatedAt')
 reader witnesses  -> 32
 storage exposures -> 1
[MV-SI candidate 877ed51a11097947a192] {oracleFee, protocolFeeConfig, relayerFeeConfig}
 writer root       -> contracts/mocks/LZEndpointMock.sol::LZEndpointMock.setRelayerPrice(uint128,uint128,uint128,uint64,uint64)
 writer effect     -> contracts/mocks/LZEndpointMock.sol:334
 written member    -> ('SV', 'contracts/mocks/LZEndpointMock.sol', 'LZEndpointMock.relayerFeeConfig')
 potentially stale -> ('SV', 'contracts/mocks/LZEndpointMock.sol', 'LZEndpointMock.oracleFee'), ('SV', 'contracts/mocks/LZEndpointMock.sol', 'LZEndpointMock.protocolFeeConfig')
 reader witnesses  -> 9
 storage exposures -> 1
[MV-SI candidate 87951f35f52c1cb386be] {borrowed[$arg0], depositedAsset[$arg0], feeStored[$arg0], feeUpdatedAt[$arg0]}
 writer root       -> contracts/lybra/pools/LybraWstETHVault.sol::LybraWstETHVault.depositEtherToMint(uint256)
 writer effect     -> contracts/lybra/pools/base/LybraPeUSDVaultBase.sol:233
 written member    -> ('MS', 'contracts/lybra/pools/base/LybraPeUSDVaultBase.sol', 'LybraPeUSDVaultBase.feeUpdatedAt', '$arg0')
 potentially stale -> ('MS', 'contracts/lybra/pools/base/LybraPeUSDVaultBase.sol', 'LybraPeUSDVaultBase.borrowed', '$arg0'), ('MS', 'contracts/lybra/pools/base/LybraPeUSDVaultBase.sol', 'LybraPeUSDVaultBase.depositedAsset', '$arg0'), ('MS', 'contracts/lybra/pools/base/LybraPeUSDVaultBase.sol', 'LybraPeUSDVaultBase.feeStored', '$arg0')
 reader witnesses  -> 5
 storage exposures -> 1
[MV-SI candidate 897cb3c1c3f7a15de950] {_totalSupply, maxSupply}
 writer root       -> contracts/lybra/token/esLBR.sol::esLBR.mint(address,uint256)
 writer effect     -> @openzeppelin/contracts/token/ERC20/ERC20.sol:256
 written member    -> ('SV', '@openzeppelin/contracts/token/ERC20/ERC20.sol', 'ERC20._totalSupply')
 potentially stale -> ('SV', 'contracts/lybra/token/esLBR.sol', 'esLBR.maxSupply')
 reader witnesses  -> 1
 storage exposures -> 1
[MV-SI candidate 898c0071f26bb8357ceb] {borrowed[$arg0], depositedAsset[$arg0], feeStored[$arg0], feeUpdatedAt[$arg0]}
 writer root       -> contracts/lybra/pools/base/LybraPeUSDVaultBase.sol::LybraPeUSDVaultBase.liquidation(address,address,uint256)
 writer effect     -> contracts/lybra/pools/base/LybraPeUSDVaultBase.sol:232
 written member    -> ('MS', 'contracts/lybra/pools/base/LybraPeUSDVaultBase.sol', 'LybraPeUSDVaultBase.feeStored', '$arg0')
 potentially stale -> ('MS', 'contracts/lybra/pools/base/LybraPeUSDVaultBase.sol', 'LybraPeUSDVaultBase.borrowed', '$arg0'), ('MS', 'contracts/lybra/pools/base/LybraPeUSDVaultBase.sol', 'LybraPeUSDVaultBase.depositedAsset', '$arg0'), ('MS', 'contracts/lybra/pools/base/LybraPeUSDVaultBase.sol', 'LybraPeUSDVaultBase.feeUpdatedAt', '$arg0')
 reader witnesses  -> 15
 storage exposures -> 3
[MV-SI candidate 8a5ebd21d50d1622c39e] {rewardPerTokenStored, rewards[$arg0], userRewardPerTokenPaid[$arg0]}
 writer root       -> contracts/lybra/miner/ProtocolRewardsPool.sol::ProtocolRewardsPool.refreshReward(address)
 writer effect     -> contracts/lybra/miner/ProtocolRewardsPool.sol:180
 written member    -> ('MS', 'contracts/lybra/miner/ProtocolRewardsPool.sol', 'ProtocolRewardsPool.userRewardPerTokenPaid', '$arg0')
 potentially stale -> ('MS', 'contracts/lybra/miner/ProtocolRewardsPool.sol', 'ProtocolRewardsPool.rewards', '$arg0'), ('SV', 'contracts/lybra/miner/ProtocolRewardsPool.sol', 'ProtocolRewardsPool.rewardPerTokenStored')
 reader witnesses  -> 5
 storage exposures -> 1
[MV-SI candidate 8a5f3402f4994f78938f] {finishAt, rewardPerTokenStored, rewardRatio, totalSupply, updatedAt}
 writer root       -> contracts/lybra/miner/stakerewardV2pool.sol::StakingRewardsV2.notifyRewardAmount(uint256)
 writer effect     -> contracts/lybra/miner/stakerewardV2pool.sol:137
 written member    -> ('SV', 'contracts/lybra/miner/stakerewardV2pool.sol', 'StakingRewardsV2.rewardRatio')
 potentially stale -> ('SV', 'contracts/lybra/miner/stakerewardV2pool.sol', 'StakingRewardsV2.finishAt'), ('SV', 'contracts/lybra/miner/stakerewardV2pool.sol', 'StakingRewardsV2.rewardPerTokenStored'), ('SV', 'contracts/lybra/miner/stakerewardV2pool.sol', 'StakingRewardsV2.totalSupply'), ('SV', 'contracts/lybra/miner/stakerewardV2pool.sol', 'StakingRewardsV2.updatedAt')
 reader witnesses  -> 25
 storage exposures -> 1
[MV-SI candidate 8ade8ebd00cb270801ca] {borrowed[$arg0], depositedAsset[$arg0]}
 writer root       -> contracts/lybra/pools/LybraWbETHVault.sol::LybraWBETHVault.depositEtherToMint(uint256)
 writer effect     -> contracts/lybra/pools/base/LybraPeUSDVaultBase.sol:179
 written member    -> ('MS', 'contracts/lybra/pools/base/LybraPeUSDVaultBase.sol', 'LybraPeUSDVaultBase.borrowed', '$arg0')
 potentially stale -> ('MS', 'contracts/lybra/pools/base/LybraPeUSDVaultBase.sol', 'LybraPeUSDVaultBase.depositedAsset', '$arg0')
 reader witnesses  -> 1
 storage exposures -> 1
[MV-SI candidate 8d769e6c6841e289b596] {feeStored, lastReportTime, lidoRebaseTime, poolTotalEUSDCirculation, totalDepositedAsset}
 writer root       -> contracts/lybra/pools/base/LybraEUSDVaultBase.sol::LybraEUSDVaultBase.liquidation(address,address,uint256)
 writer effect     -> contracts/lybra/pools/base/LybraEUSDVaultBase.sol:284
 written member    -> ('SV', 'contracts/lybra/pools/base/LybraEUSDVaultBase.sol', 'LybraEUSDVaultBase.poolTotalEUSDCirculation')
 potentially stale -> ('SV', 'contracts/lybra/pools/LybraStETHVault.sol', 'LybraStETHDepositVault.lidoRebaseTime'), ('SV', 'contracts/lybra/pools/base/LybraEUSDVaultBase.sol', 'LybraEUSDVaultBase.feeStored'), ('SV', 'contracts/lybra/pools/base/LybraEUSDVaultBase.sol', 'LybraEUSDVaultBase.lastReportTime'), ('SV', 'contracts/lybra/pools/base/LybraEUSDVaultBase.sol', 'LybraEUSDVaultBase.totalDepositedAsset')
 reader witnesses  -> 7
 storage exposures -> 1
[MV-SI candidate 8e47130dc83c1ddefb29] {extraRatio, finishAt, peUSDExtraRatio, rewardPerTokenStored, rewardRatio, rewards[$arg0], updatedAt, userRewardPerTokenPaid[$arg0]}
 writer root       -> contracts/lybra/miner/EUSDMiningIncentives.sol::EUSDMiningIncentives.notifyRewardAmount(uint256)
 writer effect     -> contracts/lybra/miner/EUSDMiningIncentives.sol:239
 written member    -> ('SV', 'contracts/lybra/miner/EUSDMiningIncentives.sol', 'EUSDMiningIncentives.finishAt')
 potentially stale -> ('MS', 'contracts/lybra/miner/EUSDMiningIncentives.sol', 'EUSDMiningIncentives.rewards', '$arg0'), ('MS', 'contracts/lybra/miner/EUSDMiningIncentives.sol', 'EUSDMiningIncentives.userRewardPerTokenPaid', '$arg0'), ('SV', 'contracts/lybra/miner/EUSDMiningIncentives.sol', 'EUSDMiningIncentives.extraRatio'), ('SV', 'contracts/lybra/miner/EUSDMiningIncentives.sol', 'EUSDMiningIncentives.peUSDExtraRatio'), ('SV', 'contracts/lybra/miner/EUSDMiningIncentives.sol', 'EUSDMiningIncentives.rewardPerTokenStored'), ('SV', 'contracts/lybra/miner/EUSDMiningIncentives.sol', 'EUSDMiningIncentives.rewardRatio'), ('SV', 'contracts/lybra/miner/EUSDMiningIncentives.sol', 'EUSDMiningIncentives.updatedAt')
 reader witnesses  -> 27
 storage exposures -> 1
[MV-SI candidate 8faaf98ee02d7f294de0] {feeStored, lastReportTime, lidoRebaseTime, poolTotalEUSDCirculation, totalDepositedAsset}
 writer root       -> contracts/lybra/pools/base/LybraEUSDVaultBase.sol::LybraEUSDVaultBase.mint(address,uint256)
 writer effect     -> contracts/lybra/pools/base/LybraEUSDVaultBase.sol:296
 written member    -> ('SV', 'contracts/lybra/pools/base/LybraEUSDVaultBase.sol', 'LybraEUSDVaultBase.feeStored')
 potentially stale -> ('SV', 'contracts/lybra/pools/LybraStETHVault.sol', 'LybraStETHDepositVault.lidoRebaseTime'), ('SV', 'contracts/lybra/pools/base/LybraEUSDVaultBase.sol', 'LybraEUSDVaultBase.lastReportTime'), ('SV', 'contracts/lybra/pools/base/LybraEUSDVaultBase.sol', 'LybraEUSDVaultBase.poolTotalEUSDCirculation'), ('SV', 'contracts/lybra/pools/base/LybraEUSDVaultBase.sol', 'LybraEUSDVaultBase.totalDepositedAsset')
 reader witnesses  -> 7
 storage exposures -> 1
[MV-SI candidate 90d40233e4017e92b70e] {extraRatio, finishAt, peUSDExtraRatio, rewardPerTokenStored, rewardRatio, rewards[$arg0], updatedAt, userRewardPerTokenPaid[$arg0]}
 writer root       -> contracts/lybra/miner/EUSDMiningIncentives.sol::EUSDMiningIncentives.purchaseOtherEarnings(address,bool)
 writer effect     -> contracts/lybra/miner/EUSDMiningIncentives.sol:78
 written member    -> ('MS', 'contracts/lybra/miner/EUSDMiningIncentives.sol', 'EUSDMiningIncentives.userRewardPerTokenPaid', '$arg0')
 potentially stale -> ('MS', 'contracts/lybra/miner/EUSDMiningIncentives.sol', 'EUSDMiningIncentives.rewards', '$arg0'), ('SV', 'contracts/lybra/miner/EUSDMiningIncentives.sol', 'EUSDMiningIncentives.extraRatio'), ('SV', 'contracts/lybra/miner/EUSDMiningIncentives.sol', 'EUSDMiningIncentives.finishAt'), ('SV', 'contracts/lybra/miner/EUSDMiningIncentives.sol', 'EUSDMiningIncentives.peUSDExtraRatio'), ('SV', 'contracts/lybra/miner/EUSDMiningIncentives.sol', 'EUSDMiningIncentives.rewardPerTokenStored'), ('SV', 'contracts/lybra/miner/EUSDMiningIncentives.sol', 'EUSDMiningIncentives.rewardRatio'), ('SV', 'contracts/lybra/miner/EUSDMiningIncentives.sol', 'EUSDMiningIncentives.updatedAt')
 reader witnesses  -> 29
 storage exposures -> 1
[MV-SI candidate 90fa7b8bc255d36979b8] {borrowed[$arg0], depositedAsset[$arg1], feeStored[$arg0], feeUpdatedAt[$arg0]}
 writer root       -> contracts/lybra/pools/base/LybraPeUSDVaultBase.sol::LybraPeUSDVaultBase.liquidation(address,address,uint256)
 writer effect     -> contracts/lybra/pools/base/LybraPeUSDVaultBase.sol:233
 written member    -> ('MS', 'contracts/lybra/pools/base/LybraPeUSDVaultBase.sol', 'LybraPeUSDVaultBase.feeUpdatedAt', '$arg0')
 potentially stale -> ('MS', 'contracts/lybra/pools/base/LybraPeUSDVaultBase.sol', 'LybraPeUSDVaultBase.borrowed', '$arg0'), ('MS', 'contracts/lybra/pools/base/LybraPeUSDVaultBase.sol', 'LybraPeUSDVaultBase.depositedAsset', '$arg1'), ('MS', 'contracts/lybra/pools/base/LybraPeUSDVaultBase.sol', 'LybraPeUSDVaultBase.feeStored', '$arg0')
 reader witnesses  -> 12
 storage exposures -> 3
[MV-SI candidate 922cf18c8f93a6a97b54] {finishAt, rewardPerTokenStored, rewardRatio, totalSupply, updatedAt}
 writer root       -> contracts/lybra/miner/stakerewardV2pool.sol::StakingRewardsV2.notifyRewardAmount(uint256)
 writer effect     -> contracts/lybra/miner/stakerewardV2pool.sol:143
 written member    -> ('SV', 'contracts/lybra/miner/stakerewardV2pool.sol', 'StakingRewardsV2.updatedAt')
 potentially stale -> ('SV', 'contracts/lybra/miner/stakerewardV2pool.sol', 'StakingRewardsV2.finishAt'), ('SV', 'contracts/lybra/miner/stakerewardV2pool.sol', 'StakingRewardsV2.rewardPerTokenStored'), ('SV', 'contracts/lybra/miner/stakerewardV2pool.sol', 'StakingRewardsV2.rewardRatio'), ('SV', 'contracts/lybra/miner/stakerewardV2pool.sol', 'StakingRewardsV2.totalSupply')
 reader witnesses  -> 26
 storage exposures -> 1
[MV-SI candidate 93610e0e72ce486d02a6] {extraRatio, finishAt, peUSDExtraRatio, rewardPerTokenStored, rewardRatio, rewards[$arg0], updatedAt, userRewardPerTokenPaid[$arg0]}
 writer root       -> contracts/lybra/miner/EUSDMiningIncentives.sol::EUSDMiningIncentives.setPeUSDExtraRatio(uint256)
 writer effect     -> contracts/lybra/miner/EUSDMiningIncentives.sol:112
 written member    -> ('SV', 'contracts/lybra/miner/EUSDMiningIncentives.sol', 'EUSDMiningIncentives.peUSDExtraRatio')
 potentially stale -> ('MS', 'contracts/lybra/miner/EUSDMiningIncentives.sol', 'EUSDMiningIncentives.rewards', '$arg0'), ('MS', 'contracts/lybra/miner/EUSDMiningIncentives.sol', 'EUSDMiningIncentives.userRewardPerTokenPaid', '$arg0'), ('SV', 'contracts/lybra/miner/EUSDMiningIncentives.sol', 'EUSDMiningIncentives.extraRatio'), ('SV', 'contracts/lybra/miner/EUSDMiningIncentives.sol', 'EUSDMiningIncentives.finishAt'), ('SV', 'contracts/lybra/miner/EUSDMiningIncentives.sol', 'EUSDMiningIncentives.rewardPerTokenStored'), ('SV', 'contracts/lybra/miner/EUSDMiningIncentives.sol', 'EUSDMiningIncentives.rewardRatio'), ('SV', 'contracts/lybra/miner/EUSDMiningIncentives.sol', 'EUSDMiningIncentives.updatedAt')
 reader witnesses  -> 29
 storage exposures -> 1
[MV-SI candidate 93911f1f6de154d40ce4] {extraRatio, finishAt, peUSDExtraRatio, rewardPerTokenStored, rewardRatio, rewards[$arg0], updatedAt, userRewardPerTokenPaid[$arg0]}
 writer root       -> contracts/lybra/miner/EUSDMiningIncentives.sol::EUSDMiningIncentives.purchaseOtherEarnings(address,bool)
 writer effect     -> contracts/lybra/miner/EUSDMiningIncentives.sol:74
 written member    -> ('SV', 'contracts/lybra/miner/EUSDMiningIncentives.sol', 'EUSDMiningIncentives.updatedAt')
 potentially stale -> ('MS', 'contracts/lybra/miner/EUSDMiningIncentives.sol', 'EUSDMiningIncentives.rewards', '$arg0'), ('MS', 'contracts/lybra/miner/EUSDMiningIncentives.sol', 'EUSDMiningIncentives.userRewardPerTokenPaid', '$arg0'), ('SV', 'contracts/lybra/miner/EUSDMiningIncentives.sol', 'EUSDMiningIncentives.extraRatio'), ('SV', 'contracts/lybra/miner/EUSDMiningIncentives.sol', 'EUSDMiningIncentives.finishAt'), ('SV', 'contracts/lybra/miner/EUSDMiningIncentives.sol', 'EUSDMiningIncentives.peUSDExtraRatio'), ('SV', 'contracts/lybra/miner/EUSDMiningIncentives.sol', 'EUSDMiningIncentives.rewardPerTokenStored'), ('SV', 'contracts/lybra/miner/EUSDMiningIncentives.sol', 'EUSDMiningIncentives.rewardRatio')
 reader witnesses  -> 33
 storage exposures -> 1
[MV-SI candidate 94996c335c6ddb67be18] {balanceOf[$arg0], finishAt, rewardPerTokenStored, rewardRatio, rewards[$arg0], totalSupply, updatedAt, userRewardPerTokenPaid[$arg0]}
 writer root       -> contracts/lybra/miner/stakerewardV2pool.sol::StakingRewardsV2.notifyRewardAmount(uint256)
 writer effect     -> contracts/lybra/miner/stakerewardV2pool.sol:134
 written member    -> ('SV', 'contracts/lybra/miner/stakerewardV2pool.sol', 'StakingRewardsV2.rewardRatio')
 potentially stale -> ('MS', 'contracts/lybra/miner/stakerewardV2pool.sol', 'StakingRewardsV2.balanceOf', '$arg0'), ('MS', 'contracts/lybra/miner/stakerewardV2pool.sol', 'StakingRewardsV2.rewards', '$arg0'), ('MS', 'contracts/lybra/miner/stakerewardV2pool.sol', 'StakingRewardsV2.userRewardPerTokenPaid', '$arg0'), ('SV', 'contracts/lybra/miner/stakerewardV2pool.sol', 'StakingRewardsV2.finishAt'), ('SV', 'contracts/lybra/miner/stakerewardV2pool.sol', 'StakingRewardsV2.rewardPerTokenStored'), ('SV', 'contracts/lybra/miner/stakerewardV2pool.sol', 'StakingRewardsV2.totalSupply'), ('SV', 'contracts/lybra/miner/stakerewardV2pool.sol', 'StakingRewardsV2.updatedAt')
 reader witnesses  -> 29
 storage exposures -> 1
[MV-SI candidate 9515b9a8df66525f598d] {borrowed[$arg0], depositedAsset[$arg0], feeStored[$arg0], feeUpdatedAt[$arg0]}
 writer root       -> contracts/lybra/pools/LybraRETHVault.sol::LybraRETHVault.depositEtherToMint(uint256)
 writer effect     -> contracts/lybra/pools/base/LybraPeUSDVaultBase.sol:232
 written member    -> ('MS', 'contracts/lybra/pools/base/LybraPeUSDVaultBase.sol', 'LybraPeUSDVaultBase.feeStored', '$arg0')
 potentially stale -> ('MS', 'contracts/lybra/pools/base/LybraPeUSDVaultBase.sol', 'LybraPeUSDVaultBase.borrowed', '$arg0'), ('MS', 'contracts/lybra/pools/base/LybraPeUSDVaultBase.sol', 'LybraPeUSDVaultBase.depositedAsset', '$arg0'), ('MS', 'contracts/lybra/pools/base/LybraPeUSDVaultBase.sol', 'LybraPeUSDVaultBase.feeUpdatedAt', '$arg0')
 reader witnesses  -> 5
 storage exposures -> 1
[MV-SI candidate 96e046815c12cd71f87d] {feeStored, lastReportTime, lidoRebaseTime, poolTotalEUSDCirculation, totalDepositedAsset}
 writer root       -> contracts/lybra/pools/base/LybraEUSDVaultBase.sol::LybraEUSDVaultBase.rigidRedemption(address,uint256)
 writer effect     -> contracts/lybra/pools/base/LybraEUSDVaultBase.sol:284
 written member    -> ('SV', 'contracts/lybra/pools/base/LybraEUSDVaultBase.sol', 'LybraEUSDVaultBase.poolTotalEUSDCirculation')
 potentially stale -> ('SV', 'contracts/lybra/pools/LybraStETHVault.sol', 'LybraStETHDepositVault.lidoRebaseTime'), ('SV', 'contracts/lybra/pools/base/LybraEUSDVaultBase.sol', 'LybraEUSDVaultBase.feeStored'), ('SV', 'contracts/lybra/pools/base/LybraEUSDVaultBase.sol', 'LybraEUSDVaultBase.lastReportTime'), ('SV', 'contracts/lybra/pools/base/LybraEUSDVaultBase.sol', 'LybraEUSDVaultBase.totalDepositedAsset')
 reader witnesses  -> 7
 storage exposures -> 1
[MV-SI candidate 9726d62f8db3b7e84610] {balanceOf[$arg0], finishAt, rewardPerTokenStored, rewardRatio, rewards[$arg0], totalSupply, updatedAt, userRewardPerTokenPaid[$arg0]}
 writer root       -> contracts/lybra/miner/stakerewardV2pool.sol::StakingRewardsV2.getReward()
 writer effect     -> contracts/lybra/miner/stakerewardV2pool.sol:57
 written member    -> ('SV', 'contracts/lybra/miner/stakerewardV2pool.sol', 'StakingRewardsV2.rewardPerTokenStored')
 potentially stale -> ('MS', 'contracts/lybra/miner/stakerewardV2pool.sol', 'StakingRewardsV2.balanceOf', '$arg0'), ('MS', 'contracts/lybra/miner/stakerewardV2pool.sol', 'StakingRewardsV2.rewards', '$arg0'), ('MS', 'contracts/lybra/miner/stakerewardV2pool.sol', 'StakingRewardsV2.userRewardPerTokenPaid', '$arg0'), ('SV', 'contracts/lybra/miner/stakerewardV2pool.sol', 'StakingRewardsV2.finishAt'), ('SV', 'contracts/lybra/miner/stakerewardV2pool.sol', 'StakingRewardsV2.rewardRatio'), ('SV', 'contracts/lybra/miner/stakerewardV2pool.sol', 'StakingRewardsV2.totalSupply'), ('SV', 'contracts/lybra/miner/stakerewardV2pool.sol', 'StakingRewardsV2.updatedAt')
 reader witnesses  -> 22
 storage exposures -> 1
[MV-SI candidate 97eb82b55bbb1152cf60] {oracleFee, protocolFeeConfig, relayerFeeConfig}
 writer root       -> contracts/mocks/LZEndpointMock.sol::LZEndpointMock.setProtocolFee(uint256,uint256)
 writer effect     -> contracts/mocks/LZEndpointMock.sol:339
 written member    -> ('SV', 'contracts/mocks/LZEndpointMock.sol', 'LZEndpointMock.protocolFeeConfig')
 potentially stale -> ('SV', 'contracts/mocks/LZEndpointMock.sol', 'LZEndpointMock.oracleFee'), ('SV', 'contracts/mocks/LZEndpointMock.sol', 'LZEndpointMock.relayerFeeConfig')
 reader witnesses  -> 15
 storage exposures -> 1
[MV-SI candidate 9994d13b0ccfd76e25b4] {esLBRLockSettings[$arg0], userLockStatus[$sender]}
 writer root       -> contracts/lybra/miner/esLBRBoost.sol::esLBRBoost.setLockStatus(uint256)
 writer effect     -> contracts/lybra/miner/esLBRBoost.sol:44
 written member    -> ('MS', 'contracts/lybra/miner/esLBRBoost.sol', 'esLBRBoost.userLockStatus', '$sender')
 potentially stale -> ('MS', 'contracts/lybra/miner/esLBRBoost.sol', 'esLBRBoost.esLBRLockSettings', '$arg0')
 reader witnesses  -> 1
 storage exposures -> 1
[MV-SI candidate 9ba50940cafcd7803f5a] {lastReportTime, poolTotalEUSDCirculation}
 writer root       -> contracts/lybra/pools/base/LybraEUSDVaultBase.sol::LybraEUSDVaultBase.mint(address,uint256)
 writer effect     -> contracts/lybra/pools/base/LybraEUSDVaultBase.sol:297
 written member    -> ('SV', 'contracts/lybra/pools/base/LybraEUSDVaultBase.sol', 'LybraEUSDVaultBase.lastReportTime')
 potentially stale -> ('SV', 'contracts/lybra/pools/base/LybraEUSDVaultBase.sol', 'LybraEUSDVaultBase.poolTotalEUSDCirculation')
 reader witnesses  -> 4
 storage exposures -> 1
[MV-SI candidate 9bf93d70df106cfeb193] {poolTotalEUSDCirculation, totalDepositedAsset}
 writer root       -> contracts/lybra/pools/base/LybraEUSDVaultBase.sol::LybraEUSDVaultBase.depositAssetToMint(uint256,uint256)
 writer effect     -> contracts/lybra/pools/base/LybraEUSDVaultBase.sol:78
 written member    -> ('SV', 'contracts/lybra/pools/base/LybraEUSDVaultBase.sol', 'LybraEUSDVaultBase.totalDepositedAsset')
 potentially stale -> ('SV', 'contracts/lybra/pools/base/LybraEUSDVaultBase.sol', 'LybraEUSDVaultBase.poolTotalEUSDCirculation')
 reader witnesses  -> 4
 storage exposures -> 1
[MV-SI candidate 9c29966710b76d6f092c] {extraRatio, finishAt, peUSDExtraRatio, rewardPerTokenStored, rewardRatio, rewards[$arg0], updatedAt, userRewardPerTokenPaid[$arg0]}
 writer root       -> contracts/lybra/miner/EUSDMiningIncentives.sol::EUSDMiningIncentives.purchaseOtherEarnings(address,bool)
 writer effect     -> contracts/lybra/miner/EUSDMiningIncentives.sol:77
 written member    -> ('MS', 'contracts/lybra/miner/EUSDMiningIncentives.sol', 'EUSDMiningIncentives.rewards', '$arg0')
 potentially stale -> ('MS', 'contracts/lybra/miner/EUSDMiningIncentives.sol', 'EUSDMiningIncentives.userRewardPerTokenPaid', '$arg0'), ('SV', 'contracts/lybra/miner/EUSDMiningIncentives.sol', 'EUSDMiningIncentives.extraRatio'), ('SV', 'contracts/lybra/miner/EUSDMiningIncentives.sol', 'EUSDMiningIncentives.finishAt'), ('SV', 'contracts/lybra/miner/EUSDMiningIncentives.sol', 'EUSDMiningIncentives.peUSDExtraRatio'), ('SV', 'contracts/lybra/miner/EUSDMiningIncentives.sol', 'EUSDMiningIncentives.rewardPerTokenStored'), ('SV', 'contracts/lybra/miner/EUSDMiningIncentives.sol', 'EUSDMiningIncentives.rewardRatio'), ('SV', 'contracts/lybra/miner/EUSDMiningIncentives.sol', 'EUSDMiningIncentives.updatedAt')
 reader witnesses  -> 32
 storage exposures -> 1
[MV-SI candidate 9ccc620eef1a80099842] {oracleFee, protocolFeeConfig}
 writer root       -> contracts/mocks/LZEndpointMock.sol::LZEndpointMock.setProtocolFee(uint256,uint256)
 writer effect     -> contracts/mocks/LZEndpointMock.sol:338
 written member    -> ('SV', 'contracts/mocks/LZEndpointMock.sol', 'LZEndpointMock.protocolFeeConfig')
 potentially stale -> ('SV', 'contracts/mocks/LZEndpointMock.sol', 'LZEndpointMock.oracleFee')
 reader witnesses  -> 2
 storage exposures -> 1
[MV-SI candidate 9dfe801a49854199a22d] {feeStored, lastReportTime, lidoRebaseTime, poolTotalEUSDCirculation, totalDepositedAsset}
 writer root       -> contracts/lybra/pools/base/LybraEUSDVaultBase.sol::LybraEUSDVaultBase.depositAssetToMint(uint256,uint256)
 writer effect     -> contracts/lybra/pools/base/LybraEUSDVaultBase.sol:296
 written member    -> ('SV', 'contracts/lybra/pools/base/LybraEUSDVaultBase.sol', 'LybraEUSDVaultBase.feeStored')
 potentially stale -> ('SV', 'contracts/lybra/pools/LybraStETHVault.sol', 'LybraStETHDepositVault.lidoRebaseTime'), ('SV', 'contracts/lybra/pools/base/LybraEUSDVaultBase.sol', 'LybraEUSDVaultBase.lastReportTime'), ('SV', 'contracts/lybra/pools/base/LybraEUSDVaultBase.sol', 'LybraEUSDVaultBase.poolTotalEUSDCirculation'), ('SV', 'contracts/lybra/pools/base/LybraEUSDVaultBase.sol', 'LybraEUSDVaultBase.totalDepositedAsset')
 reader witnesses  -> 7
 storage exposures -> 1
[MV-SI candidate a086c1e3848aa8932718] {oracleFee, protocolFeeConfig, relayerFeeConfig}
 writer root       -> contracts/mocks/LZEndpointMock.sol::LZEndpointMock.setOracleFee(uint256)
 writer effect     -> contracts/mocks/LZEndpointMock.sol:343
 written member    -> ('SV', 'contracts/mocks/LZEndpointMock.sol', 'LZEndpointMock.oracleFee')
 potentially stale -> ('SV', 'contracts/mocks/LZEndpointMock.sol', 'LZEndpointMock.protocolFeeConfig'), ('SV', 'contracts/mocks/LZEndpointMock.sol', 'LZEndpointMock.relayerFeeConfig')
 reader witnesses  -> 18
 storage exposures -> 1
[MV-SI candidate a201ff67cb4b41afc1c5] {lastWithdrawTime[$arg0], time2fullRedemption[$arg0]}
 writer root       -> contracts/lybra/miner/ProtocolRewardsPool.sol::ProtocolRewardsPool.unstake(uint256)
 writer effect     -> contracts/lybra/miner/ProtocolRewardsPool.sol:105
 written member    -> ('MS', 'contracts/lybra/miner/ProtocolRewardsPool.sol', 'ProtocolRewardsPool.lastWithdrawTime', '$arg0')
 potentially stale -> ('MS', 'contracts/lybra/miner/ProtocolRewardsPool.sol', 'ProtocolRewardsPool.time2fullRedemption', '$arg0')
 reader witnesses  -> 17
 storage exposures -> 1
[MV-SI candidate a2daec8b4479c9d8b93f] {extraRatio, finishAt, peUSDExtraRatio, rewardPerTokenStored, rewardRatio, rewards[$arg0], updatedAt, userRewardPerTokenPaid[$arg0]}
 writer root       -> contracts/lybra/miner/EUSDMiningIncentives.sol::EUSDMiningIncentives.setExtraRatio(uint256)
 writer effect     -> contracts/lybra/miner/EUSDMiningIncentives.sol:107
 written member    -> ('SV', 'contracts/lybra/miner/EUSDMiningIncentives.sol', 'EUSDMiningIncentives.extraRatio')
 potentially stale -> ('MS', 'contracts/lybra/miner/EUSDMiningIncentives.sol', 'EUSDMiningIncentives.rewards', '$arg0'), ('MS', 'contracts/lybra/miner/EUSDMiningIncentives.sol', 'EUSDMiningIncentives.userRewardPerTokenPaid', '$arg0'), ('SV', 'contracts/lybra/miner/EUSDMiningIncentives.sol', 'EUSDMiningIncentives.finishAt'), ('SV', 'contracts/lybra/miner/EUSDMiningIncentives.sol', 'EUSDMiningIncentives.peUSDExtraRatio'), ('SV', 'contracts/lybra/miner/EUSDMiningIncentives.sol', 'EUSDMiningIncentives.rewardPerTokenStored'), ('SV', 'contracts/lybra/miner/EUSDMiningIncentives.sol', 'EUSDMiningIncentives.rewardRatio'), ('SV', 'contracts/lybra/miner/EUSDMiningIncentives.sol', 'EUSDMiningIncentives.updatedAt')
 reader witnesses  -> 29
 storage exposures -> 1
[MV-SI candidate a2ef219e6c3a3a941904] {borrowed[$arg0], feeStored[$arg0], feeUpdatedAt[$arg0]}
 writer root       -> contracts/lybra/pools/LybraRETHVault.sol::LybraRETHVault.depositEtherToMint(uint256)
 writer effect     -> contracts/lybra/pools/base/LybraPeUSDVaultBase.sol:179
 written member    -> ('MS', 'contracts/lybra/pools/base/LybraPeUSDVaultBase.sol', 'LybraPeUSDVaultBase.borrowed', '$arg0')
 potentially stale -> ('MS', 'contracts/lybra/pools/base/LybraPeUSDVaultBase.sol', 'LybraPeUSDVaultBase.feeStored', '$arg0'), ('MS', 'contracts/lybra/pools/base/LybraPeUSDVaultBase.sol', 'LybraPeUSDVaultBase.feeUpdatedAt', '$arg0')
 reader witnesses  -> 8
 storage exposures -> 1
[MV-SI candidate a51ee883ddd92e77a369] {borrowed[$arg0], feeStored[$arg0], feeUpdatedAt[$arg0]}
 writer root       -> contracts/lybra/pools/LybraWbETHVault.sol::LybraWBETHVault.depositEtherToMint(uint256)
 writer effect     -> contracts/lybra/pools/base/LybraPeUSDVaultBase.sol:233
 written member    -> ('MS', 'contracts/lybra/pools/base/LybraPeUSDVaultBase.sol', 'LybraPeUSDVaultBase.feeUpdatedAt', '$arg0')
 potentially stale -> ('MS', 'contracts/lybra/pools/base/LybraPeUSDVaultBase.sol', 'LybraPeUSDVaultBase.borrowed', '$arg0'), ('MS', 'contracts/lybra/pools/base/LybraPeUSDVaultBase.sol', 'LybraPeUSDVaultBase.feeStored', '$arg0')
 reader witnesses  -> 8
 storage exposures -> 1
[MV-SI candidate a5e0c283ca694e580cd4] {borrowed[$arg0], depositedAsset[$arg0], feeStored[$arg0], feeUpdatedAt[$arg0]}
 writer root       -> contracts/lybra/pools/base/LybraPeUSDVaultBase.sol::LybraPeUSDVaultBase.depositAssetToMint(uint256,uint256)
 writer effect     -> contracts/lybra/pools/base/LybraPeUSDVaultBase.sol:179
 written member    -> ('MS', 'contracts/lybra/pools/base/LybraPeUSDVaultBase.sol', 'LybraPeUSDVaultBase.borrowed', '$arg0')
 potentially stale -> ('MS', 'contracts/lybra/pools/base/LybraPeUSDVaultBase.sol', 'LybraPeUSDVaultBase.depositedAsset', '$arg0'), ('MS', 'contracts/lybra/pools/base/LybraPeUSDVaultBase.sol', 'LybraPeUSDVaultBase.feeStored', '$arg0'), ('MS', 'contracts/lybra/pools/base/LybraPeUSDVaultBase.sol', 'LybraPeUSDVaultBase.feeUpdatedAt', '$arg0')
 reader witnesses  -> 15
 storage exposures -> 3
[MV-SI candidate a5f80c77cf50e4d8e045] {borrowed[$arg0], depositedAsset[$arg0]}
 writer root       -> contracts/lybra/pools/base/LybraEUSDVaultBase.sol::LybraEUSDVaultBase.rigidRedemption(address,uint256)
 writer effect     -> contracts/lybra/pools/base/LybraEUSDVaultBase.sol:240
 written member    -> ('MS', 'contracts/lybra/pools/base/LybraEUSDVaultBase.sol', 'LybraEUSDVaultBase.depositedAsset', '$arg0')
 potentially stale -> ('MS', 'contracts/lybra/pools/base/LybraEUSDVaultBase.sol', 'LybraEUSDVaultBase.borrowed', '$arg0')
 reader witnesses  -> 4
 storage exposures -> 1
[MV-SI candidate a63bdf534ff79553e982] {finishAt, rewardPerTokenStored, rewardRatio, totalSupply, updatedAt}
 writer root       -> contracts/lybra/miner/stakerewardV2pool.sol::StakingRewardsV2.getReward()
 writer effect     -> contracts/lybra/miner/stakerewardV2pool.sol:58
 written member    -> ('SV', 'contracts/lybra/miner/stakerewardV2pool.sol', 'StakingRewardsV2.updatedAt')
 potentially stale -> ('SV', 'contracts/lybra/miner/stakerewardV2pool.sol', 'StakingRewardsV2.finishAt'), ('SV', 'contracts/lybra/miner/stakerewardV2pool.sol', 'StakingRewardsV2.rewardPerTokenStored'), ('SV', 'contracts/lybra/miner/stakerewardV2pool.sol', 'StakingRewardsV2.rewardRatio'), ('SV', 'contracts/lybra/miner/stakerewardV2pool.sol', 'StakingRewardsV2.totalSupply')
 reader witnesses  -> 26
 storage exposures -> 1
[MV-SI candidate a80017f50cbe8ed64c1d] {balanceOf[$arg0], finishAt, rewardPerTokenStored, rewardRatio, rewards[$arg0], totalSupply, updatedAt, userRewardPerTokenPaid[$arg0]}
 writer root       -> contracts/lybra/miner/stakerewardV2pool.sol::StakingRewardsV2.stake(uint256)
 writer effect     -> contracts/lybra/miner/stakerewardV2pool.sol:62
 written member    -> ('MS', 'contracts/lybra/miner/stakerewardV2pool.sol', 'StakingRewardsV2.userRewardPerTokenPaid', '$arg0')
 potentially stale -> ('MS', 'contracts/lybra/miner/stakerewardV2pool.sol', 'StakingRewardsV2.balanceOf', '$arg0'), ('MS', 'contracts/lybra/miner/stakerewardV2pool.sol', 'StakingRewardsV2.rewards', '$arg0'), ('SV', 'contracts/lybra/miner/stakerewardV2pool.sol', 'StakingRewardsV2.finishAt'), ('SV', 'contracts/lybra/miner/stakerewardV2pool.sol', 'StakingRewardsV2.rewardPerTokenStored'), ('SV', 'contracts/lybra/miner/stakerewardV2pool.sol', 'StakingRewardsV2.rewardRatio'), ('SV', 'contracts/lybra/miner/stakerewardV2pool.sol', 'StakingRewardsV2.totalSupply'), ('SV', 'contracts/lybra/miner/stakerewardV2pool.sol', 'StakingRewardsV2.updatedAt')
 reader witnesses  -> 26
 storage exposures -> 1
[MV-SI candidate a8a5d9d6a639d283b317] {extraRatio, finishAt, peUSDExtraRatio, rewardPerTokenStored, rewardRatio, rewards[$arg0], updatedAt, userRewardPerTokenPaid[$arg0]}
 writer root       -> contracts/lybra/miner/EUSDMiningIncentives.sol::EUSDMiningIncentives.notifyRewardAmount(uint256)
 writer effect     -> contracts/lybra/miner/EUSDMiningIncentives.sol:231
 written member    -> ('SV', 'contracts/lybra/miner/EUSDMiningIncentives.sol', 'EUSDMiningIncentives.rewardRatio')
 potentially stale -> ('MS', 'contracts/lybra/miner/EUSDMiningIncentives.sol', 'EUSDMiningIncentives.rewards', '$arg0'), ('MS', 'contracts/lybra/miner/EUSDMiningIncentives.sol', 'EUSDMiningIncentives.userRewardPerTokenPaid', '$arg0'), ('SV', 'contracts/lybra/miner/EUSDMiningIncentives.sol', 'EUSDMiningIncentives.extraRatio'), ('SV', 'contracts/lybra/miner/EUSDMiningIncentives.sol', 'EUSDMiningIncentives.finishAt'), ('SV', 'contracts/lybra/miner/EUSDMiningIncentives.sol', 'EUSDMiningIncentives.peUSDExtraRatio'), ('SV', 'contracts/lybra/miner/EUSDMiningIncentives.sol', 'EUSDMiningIncentives.rewardPerTokenStored'), ('SV', 'contracts/lybra/miner/EUSDMiningIncentives.sol', 'EUSDMiningIncentives.updatedAt')
 reader witnesses  -> 32
 storage exposures -> 1
[MV-SI candidate a8d0161c03044d806653] {_totalSupply, maxSupply}
 writer root       -> contracts/lybra/token/esLBR.sol::esLBR.burn(address,uint256)
 writer effect     -> @openzeppelin/contracts/token/ERC20/ERC20.sol:287
 written member    -> ('SV', '@openzeppelin/contracts/token/ERC20/ERC20.sol', 'ERC20._totalSupply')
 potentially stale -> ('SV', 'contracts/lybra/token/esLBR.sol', 'esLBR.maxSupply')
 reader witnesses  -> 1
 storage exposures -> 1
[MV-SI candidate a8da36b8f0af2df186c2] {feeStored, lastReportTime, lidoRebaseTime, poolTotalEUSDCirculation, totalDepositedAsset}
 writer root       -> contracts/lybra/pools/LybraStETHVault.sol::LybraStETHDepositVault.excessIncomeDistribution(uint256)
 writer effect     -> contracts/lybra/pools/LybraStETHVault.sol:88
 written member    -> ('SV', 'contracts/lybra/pools/base/LybraEUSDVaultBase.sol', 'LybraEUSDVaultBase.feeStored')
 potentially stale -> ('SV', 'contracts/lybra/pools/LybraStETHVault.sol', 'LybraStETHDepositVault.lidoRebaseTime'), ('SV', 'contracts/lybra/pools/base/LybraEUSDVaultBase.sol', 'LybraEUSDVaultBase.lastReportTime'), ('SV', 'contracts/lybra/pools/base/LybraEUSDVaultBase.sol', 'LybraEUSDVaultBase.poolTotalEUSDCirculation'), ('SV', 'contracts/lybra/pools/base/LybraEUSDVaultBase.sol', 'LybraEUSDVaultBase.totalDepositedAsset')
 reader witnesses  -> 7
 storage exposures -> 1
[MV-SI candidate aa18a951e06b62d5dbfa] {finishAt, rewardPerTokenStored, rewardRatio, totalSupply, updatedAt}
 writer root       -> contracts/lybra/miner/stakerewardV2pool.sol::StakingRewardsV2.withdraw(uint256)
 writer effect     -> contracts/lybra/miner/stakerewardV2pool.sol:58
 written member    -> ('SV', 'contracts/lybra/miner/stakerewardV2pool.sol', 'StakingRewardsV2.updatedAt')
 potentially stale -> ('SV', 'contracts/lybra/miner/stakerewardV2pool.sol', 'StakingRewardsV2.finishAt'), ('SV', 'contracts/lybra/miner/stakerewardV2pool.sol', 'StakingRewardsV2.rewardPerTokenStored'), ('SV', 'contracts/lybra/miner/stakerewardV2pool.sol', 'StakingRewardsV2.rewardRatio'), ('SV', 'contracts/lybra/miner/stakerewardV2pool.sol', 'StakingRewardsV2.totalSupply')
 reader witnesses  -> 26
 storage exposures -> 1
[MV-SI candidate ae0470f4152c6a1c9ef0] {poolTotalEUSDCirculation, totalDepositedAsset}
 writer root       -> contracts/lybra/pools/LybraStETHVault.sol::LybraStETHDepositVault.depositEtherToMint(uint256)
 writer effect     -> contracts/lybra/pools/LybraStETHVault.sol:43
 written member    -> ('SV', 'contracts/lybra/pools/base/LybraEUSDVaultBase.sol', 'LybraEUSDVaultBase.totalDepositedAsset')
 potentially stale -> ('SV', 'contracts/lybra/pools/base/LybraEUSDVaultBase.sol', 'LybraEUSDVaultBase.poolTotalEUSDCirculation')
 reader witnesses  -> 4
 storage exposures -> 1
[MV-SI candidate af03d3c5728c7db3de09] {borrowed[$arg0], depositedAsset[$arg1], feeStored[$arg0], feeUpdatedAt[$arg0]}
 writer root       -> contracts/lybra/pools/LybraRETHVault.sol::LybraRETHVault.depositEtherToMint(uint256)
 writer effect     -> contracts/lybra/pools/base/LybraPeUSDVaultBase.sol:179
 written member    -> ('MS', 'contracts/lybra/pools/base/LybraPeUSDVaultBase.sol', 'LybraPeUSDVaultBase.borrowed', '$arg0')
 potentially stale -> ('MS', 'contracts/lybra/pools/base/LybraPeUSDVaultBase.sol', 'LybraPeUSDVaultBase.depositedAsset', '$arg1'), ('MS', 'contracts/lybra/pools/base/LybraPeUSDVaultBase.sol', 'LybraPeUSDVaultBase.feeStored', '$arg0'), ('MS', 'contracts/lybra/pools/base/LybraPeUSDVaultBase.sol', 'LybraPeUSDVaultBase.feeUpdatedAt', '$arg0')
 reader witnesses  -> 4
 storage exposures -> 1
[MV-SI candidate af0a3335391503e7e33d] {lastReportTime, poolTotalEUSDCirculation}
 writer root       -> contracts/lybra/pools/base/LybraEUSDVaultBase.sol::LybraEUSDVaultBase.rigidRedemption(address,uint256)
 writer effect     -> contracts/lybra/pools/base/LybraEUSDVaultBase.sol:297
 written member    -> ('SV', 'contracts/lybra/pools/base/LybraEUSDVaultBase.sol', 'LybraEUSDVaultBase.lastReportTime')
 potentially stale -> ('SV', 'contracts/lybra/pools/base/LybraEUSDVaultBase.sol', 'LybraEUSDVaultBase.poolTotalEUSDCirculation')
 reader witnesses  -> 4
 storage exposures -> 1
[MV-SI candidate afd5fac6c704845d49d5] {balanceOf[$arg0], finishAt, rewardPerTokenStored, rewardRatio, rewards[$arg0], totalSupply, updatedAt, userRewardPerTokenPaid[$arg0]}
 writer root       -> contracts/lybra/miner/stakerewardV2pool.sol::StakingRewardsV2.notifyRewardAmount(uint256)
 writer effect     -> contracts/lybra/miner/stakerewardV2pool.sol:58
 written member    -> ('SV', 'contracts/lybra/miner/stakerewardV2pool.sol', 'StakingRewardsV2.updatedAt')
 potentially stale -> ('MS', 'contracts/lybra/miner/stakerewardV2pool.sol', 'StakingRewardsV2.balanceOf', '$arg0'), ('MS', 'contracts/lybra/miner/stakerewardV2pool.sol', 'StakingRewardsV2.rewards', '$arg0'), ('MS', 'contracts/lybra/miner/stakerewardV2pool.sol', 'StakingRewardsV2.userRewardPerTokenPaid', '$arg0'), ('SV', 'contracts/lybra/miner/stakerewardV2pool.sol', 'StakingRewardsV2.finishAt'), ('SV', 'contracts/lybra/miner/stakerewardV2pool.sol', 'StakingRewardsV2.rewardPerTokenStored'), ('SV', 'contracts/lybra/miner/stakerewardV2pool.sol', 'StakingRewardsV2.rewardRatio'), ('SV', 'contracts/lybra/miner/stakerewardV2pool.sol', 'StakingRewardsV2.totalSupply')
 reader witnesses  -> 30
 storage exposures -> 1
[MV-SI candidate afee4e21a8b96ef7d9a6] {finishAt, rewardPerTokenStored, rewardRatio, updatedAt}
 writer root       -> contracts/lybra/miner/EUSDMiningIncentives.sol::EUSDMiningIncentives.getReward()
 writer effect     -> contracts/lybra/miner/EUSDMiningIncentives.sol:73
 written member    -> ('SV', 'contracts/lybra/miner/EUSDMiningIncentives.sol', 'EUSDMiningIncentives.rewardPerTokenStored')
 potentially stale -> ('SV', 'contracts/lybra/miner/EUSDMiningIncentives.sol', 'EUSDMiningIncentives.finishAt'), ('SV', 'contracts/lybra/miner/EUSDMiningIncentives.sol', 'EUSDMiningIncentives.rewardRatio'), ('SV', 'contracts/lybra/miner/EUSDMiningIncentives.sol', 'EUSDMiningIncentives.updatedAt')
 reader witnesses  -> 12
 storage exposures -> 1
[MV-SI candidate b04e9021b7c41128a24c] {borrowed[$arg0], depositedAsset[$arg1], feeStored[$arg0], feeUpdatedAt[$arg0]}
 writer root       -> contracts/lybra/pools/base/LybraPeUSDVaultBase.sol::LybraPeUSDVaultBase.depositAssetToMint(uint256,uint256)
 writer effect     -> contracts/lybra/pools/base/LybraPeUSDVaultBase.sol:233
 written member    -> ('MS', 'contracts/lybra/pools/base/LybraPeUSDVaultBase.sol', 'LybraPeUSDVaultBase.feeUpdatedAt', '$arg0')
 potentially stale -> ('MS', 'contracts/lybra/pools/base/LybraPeUSDVaultBase.sol', 'LybraPeUSDVaultBase.borrowed', '$arg0'), ('MS', 'contracts/lybra/pools/base/LybraPeUSDVaultBase.sol', 'LybraPeUSDVaultBase.depositedAsset', '$arg1'), ('MS', 'contracts/lybra/pools/base/LybraPeUSDVaultBase.sol', 'LybraPeUSDVaultBase.feeStored', '$arg0')
 reader witnesses  -> 12
 storage exposures -> 3
[MV-SI candidate b1349d8a3cbae8a3695e] {oracleFee, protocolFeeConfig}
 writer root       -> contracts/mocks/LZEndpointMock.sol::LZEndpointMock.setProtocolFee(uint256,uint256)
 writer effect     -> contracts/mocks/LZEndpointMock.sol:339
 written member    -> ('SV', 'contracts/mocks/LZEndpointMock.sol', 'LZEndpointMock.protocolFeeConfig')
 potentially stale -> ('SV', 'contracts/mocks/LZEndpointMock.sol', 'LZEndpointMock.oracleFee')
 reader witnesses  -> 2
 storage exposures -> 1
[MV-SI candidate b203252235aadf75cbf0] {lastReportTime, poolTotalEUSDCirculation}
 writer root       -> contracts/lybra/pools/LybraStETHVault.sol::LybraStETHDepositVault.depositEtherToMint(uint256)
 writer effect     -> contracts/lybra/pools/base/LybraEUSDVaultBase.sol:266
 written member    -> ('SV', 'contracts/lybra/pools/base/LybraEUSDVaultBase.sol', 'LybraEUSDVaultBase.poolTotalEUSDCirculation')
 potentially stale -> ('SV', 'contracts/lybra/pools/base/LybraEUSDVaultBase.sol', 'LybraEUSDVaultBase.lastReportTime')
 reader witnesses  -> 2
 storage exposures -> 1
[MV-SI candidate b407cd4fa2a3afc0535b] {lastReportTime, poolTotalEUSDCirculation}
 writer root       -> contracts/lybra/pools/base/LybraEUSDVaultBase.sol::LybraEUSDVaultBase.burn(address,uint256)
 writer effect     -> contracts/lybra/pools/base/LybraEUSDVaultBase.sol:297
 written member    -> ('SV', 'contracts/lybra/pools/base/LybraEUSDVaultBase.sol', 'LybraEUSDVaultBase.lastReportTime')
 potentially stale -> ('SV', 'contracts/lybra/pools/base/LybraEUSDVaultBase.sol', 'LybraEUSDVaultBase.poolTotalEUSDCirculation')
 reader witnesses  -> 4
 storage exposures -> 1
[MV-SI candidate b460221e317139f0f149] {oracleFee, protocolFeeConfig, relayerFeeConfig}
 writer root       -> contracts/mocks/LZEndpointMock.sol::LZEndpointMock.setRelayerPrice(uint128,uint128,uint128,uint64,uint64)
 writer effect     -> contracts/mocks/LZEndpointMock.sol:333
 written member    -> ('SV', 'contracts/mocks/LZEndpointMock.sol', 'LZEndpointMock.relayerFeeConfig')
 potentially stale -> ('SV', 'contracts/mocks/LZEndpointMock.sol', 'LZEndpointMock.oracleFee'), ('SV', 'contracts/mocks/LZEndpointMock.sol', 'LZEndpointMock.protocolFeeConfig')
 reader witnesses  -> 9
 storage exposures -> 1
[MV-SI candidate b5dc12c2c64d7ea3e099] {_totalSupply, maxSupply}
 writer root       -> contracts/lybra/token/LBR.sol::LBR.burn(address,uint256)
 writer effect     -> @openzeppelin/contracts/token/ERC20/ERC20.sol:287
 written member    -> ('SV', '@openzeppelin/contracts/token/ERC20/ERC20.sol', 'ERC20._totalSupply')
 potentially stale -> ('SV', 'contracts/lybra/token/LBR.sol', 'LBR.maxSupply')
 reader witnesses  -> 1
 storage exposures -> 1
[MV-SI candidate b76d965a860c7c4ec90c] {borrowed[$arg0], depositedAsset[$arg0], feeStored[$arg0], feeUpdatedAt[$arg0]}
 writer root       -> contracts/lybra/pools/LybraWbETHVault.sol::LybraWBETHVault.depositEtherToMint(uint256)
 writer effect     -> contracts/lybra/pools/base/LybraPeUSDVaultBase.sol:179
 written member    -> ('MS', 'contracts/lybra/pools/base/LybraPeUSDVaultBase.sol', 'LybraPeUSDVaultBase.borrowed', '$arg0')
 potentially stale -> ('MS', 'contracts/lybra/pools/base/LybraPeUSDVaultBase.sol', 'LybraPeUSDVaultBase.depositedAsset', '$arg0'), ('MS', 'contracts/lybra/pools/base/LybraPeUSDVaultBase.sol', 'LybraPeUSDVaultBase.feeStored', '$arg0'), ('MS', 'contracts/lybra/pools/base/LybraPeUSDVaultBase.sol', 'LybraPeUSDVaultBase.feeUpdatedAt', '$arg0')
 reader witnesses  -> 5
 storage exposures -> 1
[MV-SI candidate b9aa686610d30430fb8b] {balanceOf[$arg0], finishAt, rewardPerTokenStored, rewardRatio, rewards[$arg0], totalSupply, updatedAt, userRewardPerTokenPaid[$arg0]}
 writer root       -> contracts/lybra/miner/stakerewardV2pool.sol::StakingRewardsV2.stake(uint256)
 writer effect     -> contracts/lybra/miner/stakerewardV2pool.sol:61
 written member    -> ('MS', 'contracts/lybra/miner/stakerewardV2pool.sol', 'StakingRewardsV2.rewards', '$arg0')
 potentially stale -> ('MS', 'contracts/lybra/miner/stakerewardV2pool.sol', 'StakingRewardsV2.balanceOf', '$arg0'), ('MS', 'contracts/lybra/miner/stakerewardV2pool.sol', 'StakingRewardsV2.userRewardPerTokenPaid', '$arg0'), ('SV', 'contracts/lybra/miner/stakerewardV2pool.sol', 'StakingRewardsV2.finishAt'), ('SV', 'contracts/lybra/miner/stakerewardV2pool.sol', 'StakingRewardsV2.rewardPerTokenStored'), ('SV', 'contracts/lybra/miner/stakerewardV2pool.sol', 'StakingRewardsV2.rewardRatio'), ('SV', 'contracts/lybra/miner/stakerewardV2pool.sol', 'StakingRewardsV2.totalSupply'), ('SV', 'contracts/lybra/miner/stakerewardV2pool.sol', 'StakingRewardsV2.updatedAt')
 reader witnesses  -> 30
 storage exposures -> 1
[MV-SI candidate bc14f9a593b39a3cb2a6] {borrowed[$arg0], feeStored[$arg0], feeUpdatedAt[$arg0]}
 writer root       -> contracts/lybra/pools/LybraRETHVault.sol::LybraRETHVault.depositEtherToMint(uint256)
 writer effect     -> contracts/lybra/pools/base/LybraPeUSDVaultBase.sol:232
 written member    -> ('MS', 'contracts/lybra/pools/base/LybraPeUSDVaultBase.sol', 'LybraPeUSDVaultBase.feeStored', '$arg0')
 potentially stale -> ('MS', 'contracts/lybra/pools/base/LybraPeUSDVaultBase.sol', 'LybraPeUSDVaultBase.borrowed', '$arg0'), ('MS', 'contracts/lybra/pools/base/LybraPeUSDVaultBase.sol', 'LybraPeUSDVaultBase.feeUpdatedAt', '$arg0')
 reader witnesses  -> 8
 storage exposures -> 1
[MV-SI candidate bc76628fefbe6079f372] {finishAt, rewardPerTokenStored, rewardRatio, totalSupply, updatedAt}
 writer root       -> contracts/lybra/miner/stakerewardV2pool.sol::StakingRewardsV2.notifyRewardAmount(uint256)
 writer effect     -> contracts/lybra/miner/stakerewardV2pool.sol:142
 written member    -> ('SV', 'contracts/lybra/miner/stakerewardV2pool.sol', 'StakingRewardsV2.finishAt')
 potentially stale -> ('SV', 'contracts/lybra/miner/stakerewardV2pool.sol', 'StakingRewardsV2.rewardPerTokenStored'), ('SV', 'contracts/lybra/miner/stakerewardV2pool.sol', 'StakingRewardsV2.rewardRatio'), ('SV', 'contracts/lybra/miner/stakerewardV2pool.sol', 'StakingRewardsV2.totalSupply'), ('SV', 'contracts/lybra/miner/stakerewardV2pool.sol', 'StakingRewardsV2.updatedAt')
 reader witnesses  -> 20
 storage exposures -> 1
[MV-SI candidate bca5f73db117690e30ff] {feeStored, lastReportTime, lidoRebaseTime, poolTotalEUSDCirculation, totalDepositedAsset}
 writer root       -> contracts/lybra/pools/base/LybraEUSDVaultBase.sol::LybraEUSDVaultBase.rigidRedemption(address,uint256)
 writer effect     -> contracts/lybra/pools/base/LybraEUSDVaultBase.sol:296
 written member    -> ('SV', 'contracts/lybra/pools/base/LybraEUSDVaultBase.sol', 'LybraEUSDVaultBase.feeStored')
 potentially stale -> ('SV', 'contracts/lybra/pools/LybraStETHVault.sol', 'LybraStETHDepositVault.lidoRebaseTime'), ('SV', 'contracts/lybra/pools/base/LybraEUSDVaultBase.sol', 'LybraEUSDVaultBase.lastReportTime'), ('SV', 'contracts/lybra/pools/base/LybraEUSDVaultBase.sol', 'LybraEUSDVaultBase.poolTotalEUSDCirculation'), ('SV', 'contracts/lybra/pools/base/LybraEUSDVaultBase.sol', 'LybraEUSDVaultBase.totalDepositedAsset')
 reader witnesses  -> 7
 storage exposures -> 1
[MV-SI candidate be10b51d51b3fcd53a8f] {balanceOf[$arg0], finishAt, rewardPerTokenStored, rewardRatio, rewards[$arg0], totalSupply, updatedAt, userRewardPerTokenPaid[$arg0]}
 writer root       -> contracts/lybra/miner/stakerewardV2pool.sol::StakingRewardsV2.withdraw(uint256)
 writer effect     -> contracts/lybra/miner/stakerewardV2pool.sol:62
 written member    -> ('MS', 'contracts/lybra/miner/stakerewardV2pool.sol', 'StakingRewardsV2.userRewardPerTokenPaid', '$arg0')
 potentially stale -> ('MS', 'contracts/lybra/miner/stakerewardV2pool.sol', 'StakingRewardsV2.balanceOf', '$arg0'), ('MS', 'contracts/lybra/miner/stakerewardV2pool.sol', 'StakingRewardsV2.rewards', '$arg0'), ('SV', 'contracts/lybra/miner/stakerewardV2pool.sol', 'StakingRewardsV2.finishAt'), ('SV', 'contracts/lybra/miner/stakerewardV2pool.sol', 'StakingRewardsV2.rewardPerTokenStored'), ('SV', 'contracts/lybra/miner/stakerewardV2pool.sol', 'StakingRewardsV2.rewardRatio'), ('SV', 'contracts/lybra/miner/stakerewardV2pool.sol', 'StakingRewardsV2.totalSupply'), ('SV', 'contracts/lybra/miner/stakerewardV2pool.sol', 'StakingRewardsV2.updatedAt')
 reader witnesses  -> 26
 storage exposures -> 1
[MV-SI candidate c07a160d4f8c8982ba31] {borrowed[$arg0], feeStored[$arg0], feeUpdatedAt[$arg0]}
 writer root       -> contracts/lybra/pools/base/LybraPeUSDVaultBase.sol::LybraPeUSDVaultBase.mint(address,uint256)
 writer effect     -> contracts/lybra/pools/base/LybraPeUSDVaultBase.sol:179
 written member    -> ('MS', 'contracts/lybra/pools/base/LybraPeUSDVaultBase.sol', 'LybraPeUSDVaultBase.borrowed', '$arg0')
 potentially stale -> ('MS', 'contracts/lybra/pools/base/LybraPeUSDVaultBase.sol', 'LybraPeUSDVaultBase.feeStored', '$arg0'), ('MS', 'contracts/lybra/pools/base/LybraPeUSDVaultBase.sol', 'LybraPeUSDVaultBase.feeUpdatedAt', '$arg0')
 reader witnesses  -> 24
 storage exposures -> 3
[MV-SI candidate c156f7657af979741d76] {lastReportTime, poolTotalEUSDCirculation}
 writer root       -> contracts/lybra/pools/LybraStETHVault.sol::LybraStETHDepositVault.depositEtherToMint(uint256)
 writer effect     -> contracts/lybra/pools/base/LybraEUSDVaultBase.sol:297
 written member    -> ('SV', 'contracts/lybra/pools/base/LybraEUSDVaultBase.sol', 'LybraEUSDVaultBase.lastReportTime')
 potentially stale -> ('SV', 'contracts/lybra/pools/base/LybraEUSDVaultBase.sol', 'LybraEUSDVaultBase.poolTotalEUSDCirculation')
 reader witnesses  -> 4
 storage exposures -> 1
[MV-SI candidate c15bc0afc878e266219d] {finishAt, rewardPerTokenStored, rewardRatio, totalSupply, updatedAt}
 writer root       -> contracts/lybra/miner/stakerewardV2pool.sol::StakingRewardsV2.notifyRewardAmount(uint256)
 writer effect     -> contracts/lybra/miner/stakerewardV2pool.sol:134
 written member    -> ('SV', 'contracts/lybra/miner/stakerewardV2pool.sol', 'StakingRewardsV2.rewardRatio')
 potentially stale -> ('SV', 'contracts/lybra/miner/stakerewardV2pool.sol', 'StakingRewardsV2.finishAt'), ('SV', 'contracts/lybra/miner/stakerewardV2pool.sol', 'StakingRewardsV2.rewardPerTokenStored'), ('SV', 'contracts/lybra/miner/stakerewardV2pool.sol', 'StakingRewardsV2.totalSupply'), ('SV', 'contracts/lybra/miner/stakerewardV2pool.sol', 'StakingRewardsV2.updatedAt')
 reader witnesses  -> 25
 storage exposures -> 1
[MV-SI candidate c1d7187837e7d3392b10] {borrowed[$arg0], depositedAsset[$arg1], feeStored[$arg0], feeUpdatedAt[$arg0]}
 writer root       -> contracts/lybra/pools/LybraWstETHVault.sol::LybraWstETHVault.depositEtherToMint(uint256)
 writer effect     -> contracts/lybra/pools/base/LybraPeUSDVaultBase.sol:232
 written member    -> ('MS', 'contracts/lybra/pools/base/LybraPeUSDVaultBase.sol', 'LybraPeUSDVaultBase.feeStored', '$arg0')
 potentially stale -> ('MS', 'contracts/lybra/pools/base/LybraPeUSDVaultBase.sol', 'LybraPeUSDVaultBase.borrowed', '$arg0'), ('MS', 'contracts/lybra/pools/base/LybraPeUSDVaultBase.sol', 'LybraPeUSDVaultBase.depositedAsset', '$arg1'), ('MS', 'contracts/lybra/pools/base/LybraPeUSDVaultBase.sol', 'LybraPeUSDVaultBase.feeUpdatedAt', '$arg0')
 reader witnesses  -> 4
 storage exposures -> 1
[MV-SI candidate c1fa4899a6083e23bf91] {balanceOf[$arg0], finishAt, rewardPerTokenStored, rewardRatio, rewards[$arg0], totalSupply, updatedAt, userRewardPerTokenPaid[$arg0]}
 writer root       -> contracts/lybra/miner/stakerewardV2pool.sol::StakingRewardsV2.notifyRewardAmount(uint256)
 writer effect     -> contracts/lybra/miner/stakerewardV2pool.sol:137
 written member    -> ('SV', 'contracts/lybra/miner/stakerewardV2pool.sol', 'StakingRewardsV2.rewardRatio')
 potentially stale -> ('MS', 'contracts/lybra/miner/stakerewardV2pool.sol', 'StakingRewardsV2.balanceOf', '$arg0'), ('MS', 'contracts/lybra/miner/stakerewardV2pool.sol', 'StakingRewardsV2.rewards', '$arg0'), ('MS', 'contracts/lybra/miner/stakerewardV2pool.sol', 'StakingRewardsV2.userRewardPerTokenPaid', '$arg0'), ('SV', 'contracts/lybra/miner/stakerewardV2pool.sol', 'StakingRewardsV2.finishAt'), ('SV', 'contracts/lybra/miner/stakerewardV2pool.sol', 'StakingRewardsV2.rewardPerTokenStored'), ('SV', 'contracts/lybra/miner/stakerewardV2pool.sol', 'StakingRewardsV2.totalSupply'), ('SV', 'contracts/lybra/miner/stakerewardV2pool.sol', 'StakingRewardsV2.updatedAt')
 reader witnesses  -> 29
 storage exposures -> 1
[MV-SI candidate c2f42894da3cbecefae2] {extraRatio, finishAt, peUSDExtraRatio, rewardPerTokenStored, rewardRatio, rewards[$arg0], updatedAt, userRewardPerTokenPaid[$arg0]}
 writer root       -> contracts/lybra/miner/EUSDMiningIncentives.sol::EUSDMiningIncentives.notifyRewardAmount(uint256)
 writer effect     -> contracts/lybra/miner/EUSDMiningIncentives.sol:240
 written member    -> ('SV', 'contracts/lybra/miner/EUSDMiningIncentives.sol', 'EUSDMiningIncentives.updatedAt')
 potentially stale -> ('MS', 'contracts/lybra/miner/EUSDMiningIncentives.sol', 'EUSDMiningIncentives.rewards', '$arg0'), ('MS', 'contracts/lybra/miner/EUSDMiningIncentives.sol', 'EUSDMiningIncentives.userRewardPerTokenPaid', '$arg0'), ('SV', 'contracts/lybra/miner/EUSDMiningIncentives.sol', 'EUSDMiningIncentives.extraRatio'), ('SV', 'contracts/lybra/miner/EUSDMiningIncentives.sol', 'EUSDMiningIncentives.finishAt'), ('SV', 'contracts/lybra/miner/EUSDMiningIncentives.sol', 'EUSDMiningIncentives.peUSDExtraRatio'), ('SV', 'contracts/lybra/miner/EUSDMiningIncentives.sol', 'EUSDMiningIncentives.rewardPerTokenStored'), ('SV', 'contracts/lybra/miner/EUSDMiningIncentives.sol', 'EUSDMiningIncentives.rewardRatio')
 reader witnesses  -> 33
 storage exposures -> 1
[MV-SI candidate c33d81302ac72d0c3029] {balanceOf[$arg0], finishAt, rewardPerTokenStored, rewardRatio, rewards[$arg0], totalSupply, updatedAt, userRewardPerTokenPaid[$arg0]}
 writer root       -> contracts/lybra/miner/stakerewardV2pool.sol::StakingRewardsV2.notifyRewardAmount(uint256)
 writer effect     -> contracts/lybra/miner/stakerewardV2pool.sol:142
 written member    -> ('SV', 'contracts/lybra/miner/stakerewardV2pool.sol', 'StakingRewardsV2.finishAt')
 potentially stale -> ('MS', 'contracts/lybra/miner/stakerewardV2pool.sol', 'StakingRewardsV2.balanceOf', '$arg0'), ('MS', 'contracts/lybra/miner/stakerewardV2pool.sol', 'StakingRewardsV2.rewards', '$arg0'), ('MS', 'contracts/lybra/miner/stakerewardV2pool.sol', 'StakingRewardsV2.userRewardPerTokenPaid', '$arg0'), ('SV', 'contracts/lybra/miner/stakerewardV2pool.sol', 'StakingRewardsV2.rewardPerTokenStored'), ('SV', 'contracts/lybra/miner/stakerewardV2pool.sol', 'StakingRewardsV2.rewardRatio'), ('SV', 'contracts/lybra/miner/stakerewardV2pool.sol', 'StakingRewardsV2.totalSupply'), ('SV', 'contracts/lybra/miner/stakerewardV2pool.sol', 'StakingRewardsV2.updatedAt')
 reader witnesses  -> 24
 storage exposures -> 1
[MV-SI candidate c4c32d52643ce5635e88] {borrowed[$arg0], depositedAsset[$arg1], feeStored[$arg0], feeUpdatedAt[$arg0]}
 writer root       -> contracts/lybra/pools/base/LybraPeUSDVaultBase.sol::LybraPeUSDVaultBase.depositAssetToMint(uint256,uint256)
 writer effect     -> contracts/lybra/pools/base/LybraPeUSDVaultBase.sol:232
 written member    -> ('MS', 'contracts/lybra/pools/base/LybraPeUSDVaultBase.sol', 'LybraPeUSDVaultBase.feeStored', '$arg0')
 potentially stale -> ('MS', 'contracts/lybra/pools/base/LybraPeUSDVaultBase.sol', 'LybraPeUSDVaultBase.borrowed', '$arg0'), ('MS', 'contracts/lybra/pools/base/LybraPeUSDVaultBase.sol', 'LybraPeUSDVaultBase.depositedAsset', '$arg1'), ('MS', 'contracts/lybra/pools/base/LybraPeUSDVaultBase.sol', 'LybraPeUSDVaultBase.feeUpdatedAt', '$arg0')
 reader witnesses  -> 12
 storage exposures -> 3
[MV-SI candidate c5ff21910a62636bfa0d] {oracleFee, protocolFeeConfig, relayerFeeConfig}
 writer root       -> contracts/mocks/LZEndpointMock.sol::LZEndpointMock.setRelayerPrice(uint128,uint128,uint128,uint64,uint64)
 writer effect     -> contracts/mocks/LZEndpointMock.sol:331
 written member    -> ('SV', 'contracts/mocks/LZEndpointMock.sol', 'LZEndpointMock.relayerFeeConfig')
 potentially stale -> ('SV', 'contracts/mocks/LZEndpointMock.sol', 'LZEndpointMock.oracleFee'), ('SV', 'contracts/mocks/LZEndpointMock.sol', 'LZEndpointMock.protocolFeeConfig')
 reader witnesses  -> 9
 storage exposures -> 1
[MV-SI candidate c71569a571df2b5b2305] {poolTotalEUSDCirculation, totalDepositedAsset}
 writer root       -> contracts/lybra/pools/base/LybraEUSDVaultBase.sol::LybraEUSDVaultBase.superLiquidation(address,address,uint256)
 writer effect     -> contracts/lybra/pools/base/LybraEUSDVaultBase.sol:284
 written member    -> ('SV', 'contracts/lybra/pools/base/LybraEUSDVaultBase.sol', 'LybraEUSDVaultBase.poolTotalEUSDCirculation')
 potentially stale -> ('SV', 'contracts/lybra/pools/base/LybraEUSDVaultBase.sol', 'LybraEUSDVaultBase.totalDepositedAsset')
 reader witnesses  -> 2
 storage exposures -> 1
[MV-SI candidate c89d47cfaf3f1fccd114] {borrowed[$arg0], feeStored[$arg0], feeUpdatedAt[$arg0]}
 writer root       -> contracts/lybra/pools/base/LybraPeUSDVaultBase.sol::LybraPeUSDVaultBase.mint(address,uint256)
 writer effect     -> contracts/lybra/pools/base/LybraPeUSDVaultBase.sol:233
 written member    -> ('MS', 'contracts/lybra/pools/base/LybraPeUSDVaultBase.sol', 'LybraPeUSDVaultBase.feeUpdatedAt', '$arg0')
 potentially stale -> ('MS', 'contracts/lybra/pools/base/LybraPeUSDVaultBase.sol', 'LybraPeUSDVaultBase.borrowed', '$arg0'), ('MS', 'contracts/lybra/pools/base/LybraPeUSDVaultBase.sol', 'LybraPeUSDVaultBase.feeStored', '$arg0')
 reader witnesses  -> 24
 storage exposures -> 3
[MV-SI candidate c8cd0c9440b39ab6fd37] {balanceOf[$arg0], finishAt, rewardPerTokenStored, rewardRatio, rewards[$arg0], totalSupply, updatedAt, userRewardPerTokenPaid[$arg0]}
 writer root       -> contracts/lybra/miner/stakerewardV2pool.sol::StakingRewardsV2.withdraw(uint256)
 writer effect     -> contracts/lybra/miner/stakerewardV2pool.sol:96
 written member    -> ('SV', 'contracts/lybra/miner/stakerewardV2pool.sol', 'StakingRewardsV2.totalSupply')
 potentially stale -> ('MS', 'contracts/lybra/miner/stakerewardV2pool.sol', 'StakingRewardsV2.balanceOf', '$arg0'), ('MS', 'contracts/lybra/miner/stakerewardV2pool.sol', 'StakingRewardsV2.rewards', '$arg0'), ('MS', 'contracts/lybra/miner/stakerewardV2pool.sol', 'StakingRewardsV2.userRewardPerTokenPaid', '$arg0'), ('SV', 'contracts/lybra/miner/stakerewardV2pool.sol', 'StakingRewardsV2.finishAt'), ('SV', 'contracts/lybra/miner/stakerewardV2pool.sol', 'StakingRewardsV2.rewardPerTokenStored'), ('SV', 'contracts/lybra/miner/stakerewardV2pool.sol', 'StakingRewardsV2.rewardRatio'), ('SV', 'contracts/lybra/miner/stakerewardV2pool.sol', 'StakingRewardsV2.updatedAt')
 reader witnesses  -> 24
 storage exposures -> 1
[MV-SI candidate c95e8139da74b380f10f] {borrowed[$arg0], feeStored[$arg0], feeUpdatedAt[$arg0]}
 writer root       -> contracts/lybra/pools/base/LybraPeUSDVaultBase.sol::LybraPeUSDVaultBase.depositAssetToMint(uint256,uint256)
 writer effect     -> contracts/lybra/pools/base/LybraPeUSDVaultBase.sol:233
 written member    -> ('MS', 'contracts/lybra/pools/base/LybraPeUSDVaultBase.sol', 'LybraPeUSDVaultBase.feeUpdatedAt', '$arg0')
 potentially stale -> ('MS', 'contracts/lybra/pools/base/LybraPeUSDVaultBase.sol', 'LybraPeUSDVaultBase.borrowed', '$arg0'), ('MS', 'contracts/lybra/pools/base/LybraPeUSDVaultBase.sol', 'LybraPeUSDVaultBase.feeStored', '$arg0')
 reader witnesses  -> 24
 storage exposures -> 3
[MV-SI candidate ccb832bfb582fd167d4e] {borrowed[$arg0], feeUpdatedAt[$arg0]}
 writer root       -> contracts/lybra/pools/base/LybraPeUSDVaultBase.sol::LybraPeUSDVaultBase.liquidation(address,address,uint256)
 writer effect     -> contracts/lybra/pools/base/LybraPeUSDVaultBase.sol:233
 written member    -> ('MS', 'contracts/lybra/pools/base/LybraPeUSDVaultBase.sol', 'LybraPeUSDVaultBase.feeUpdatedAt', '$arg0')
 potentially stale -> ('MS', 'contracts/lybra/pools/base/LybraPeUSDVaultBase.sol', 'LybraPeUSDVaultBase.borrowed', '$arg0')
 reader witnesses  -> 9
 storage exposures -> 3
[MV-SI candidate cd96d226df75c45908fc] {oracleFee, protocolFeeConfig}
 writer root       -> contracts/mocks/LZEndpointMock.sol::LZEndpointMock.setOracleFee(uint256)
 writer effect     -> contracts/mocks/LZEndpointMock.sol:343
 written member    -> ('SV', 'contracts/mocks/LZEndpointMock.sol', 'LZEndpointMock.oracleFee')
 potentially stale -> ('SV', 'contracts/mocks/LZEndpointMock.sol', 'LZEndpointMock.protocolFeeConfig')
 reader witnesses  -> 4
 storage exposures -> 1
[MV-SI candidate cdfa293230aabf546fc1] {_totalSupply, maxSupply}
 writer root       -> contracts/lybra/token/LBR.sol::LBR.mint(address,uint256)
 writer effect     -> @openzeppelin/contracts/token/ERC20/ERC20.sol:256
 written member    -> ('SV', '@openzeppelin/contracts/token/ERC20/ERC20.sol', 'ERC20._totalSupply')
 potentially stale -> ('SV', 'contracts/lybra/token/LBR.sol', 'LBR.maxSupply')
 reader witnesses  -> 1
 storage exposures -> 1
[MV-SI candidate ce05d46db19dc9be8043] {finishAt, rewardPerTokenStored, rewardRatio, totalSupply, updatedAt}
 writer root       -> contracts/lybra/miner/stakerewardV2pool.sol::StakingRewardsV2.withdraw(uint256)
 writer effect     -> contracts/lybra/miner/stakerewardV2pool.sol:96
 written member    -> ('SV', 'contracts/lybra/miner/stakerewardV2pool.sol', 'StakingRewardsV2.totalSupply')
 potentially stale -> ('SV', 'contracts/lybra/miner/stakerewardV2pool.sol', 'StakingRewardsV2.finishAt'), ('SV', 'contracts/lybra/miner/stakerewardV2pool.sol', 'StakingRewardsV2.rewardPerTokenStored'), ('SV', 'contracts/lybra/miner/stakerewardV2pool.sol', 'StakingRewardsV2.rewardRatio'), ('SV', 'contracts/lybra/miner/stakerewardV2pool.sol', 'StakingRewardsV2.updatedAt')
 reader witnesses  -> 20
 storage exposures -> 1
[MV-SI candidate d1cd430460e5801a34a4] {borrowed[$arg0], depositedAsset[$arg0], feeStored[$arg0], feeUpdatedAt[$arg0]}
 writer root       -> contracts/lybra/pools/base/LybraPeUSDVaultBase.sol::LybraPeUSDVaultBase.liquidation(address,address,uint256)
 writer effect     -> contracts/lybra/pools/base/LybraPeUSDVaultBase.sol:233
 written member    -> ('MS', 'contracts/lybra/pools/base/LybraPeUSDVaultBase.sol', 'LybraPeUSDVaultBase.feeUpdatedAt', '$arg0')
 potentially stale -> ('MS', 'contracts/lybra/pools/base/LybraPeUSDVaultBase.sol', 'LybraPeUSDVaultBase.borrowed', '$arg0'), ('MS', 'contracts/lybra/pools/base/LybraPeUSDVaultBase.sol', 'LybraPeUSDVaultBase.depositedAsset', '$arg0'), ('MS', 'contracts/lybra/pools/base/LybraPeUSDVaultBase.sol', 'LybraPeUSDVaultBase.feeStored', '$arg0')
 reader witnesses  -> 15
 storage exposures -> 3
[MV-SI candidate d2a2475afe27c7df006c] {feeStored, lastReportTime, lidoRebaseTime, poolTotalEUSDCirculation, totalDepositedAsset}
 writer root       -> contracts/lybra/pools/LybraStETHVault.sol::LybraStETHDepositVault.depositEtherToMint(uint256)
 writer effect     -> contracts/lybra/pools/base/LybraEUSDVaultBase.sol:296
 written member    -> ('SV', 'contracts/lybra/pools/base/LybraEUSDVaultBase.sol', 'LybraEUSDVaultBase.feeStored')
 potentially stale -> ('SV', 'contracts/lybra/pools/LybraStETHVault.sol', 'LybraStETHDepositVault.lidoRebaseTime'), ('SV', 'contracts/lybra/pools/base/LybraEUSDVaultBase.sol', 'LybraEUSDVaultBase.lastReportTime'), ('SV', 'contracts/lybra/pools/base/LybraEUSDVaultBase.sol', 'LybraEUSDVaultBase.poolTotalEUSDCirculation'), ('SV', 'contracts/lybra/pools/base/LybraEUSDVaultBase.sol', 'LybraEUSDVaultBase.totalDepositedAsset')
 reader witnesses  -> 7
 storage exposures -> 1
[MV-SI candidate d31bd163abd627202f9e] {feeStored, lastReportTime, lidoRebaseTime, poolTotalEUSDCirculation, totalDepositedAsset}
 writer root       -> contracts/lybra/pools/base/LybraEUSDVaultBase.sol::LybraEUSDVaultBase.mint(address,uint256)
 writer effect     -> contracts/lybra/pools/base/LybraEUSDVaultBase.sol:297
 written member    -> ('SV', 'contracts/lybra/pools/base/LybraEUSDVaultBase.sol', 'LybraEUSDVaultBase.lastReportTime')
 potentially stale -> ('SV', 'contracts/lybra/pools/LybraStETHVault.sol', 'LybraStETHDepositVault.lidoRebaseTime'), ('SV', 'contracts/lybra/pools/base/LybraEUSDVaultBase.sol', 'LybraEUSDVaultBase.feeStored'), ('SV', 'contracts/lybra/pools/base/LybraEUSDVaultBase.sol', 'LybraEUSDVaultBase.poolTotalEUSDCirculation'), ('SV', 'contracts/lybra/pools/base/LybraEUSDVaultBase.sol', 'LybraEUSDVaultBase.totalDepositedAsset')
 reader witnesses  -> 9
 storage exposures -> 1
[MV-SI candidate d33061f71bbfca5f31a2] {borrowed[$arg0], feeStored[$arg0], feeUpdatedAt[$arg0]}
 writer root       -> contracts/lybra/pools/LybraRETHVault.sol::LybraRETHVault.depositEtherToMint(uint256)
 writer effect     -> contracts/lybra/pools/base/LybraPeUSDVaultBase.sol:233
 written member    -> ('MS', 'contracts/lybra/pools/base/LybraPeUSDVaultBase.sol', 'LybraPeUSDVaultBase.feeUpdatedAt', '$arg0')
 potentially stale -> ('MS', 'contracts/lybra/pools/base/LybraPeUSDVaultBase.sol', 'LybraPeUSDVaultBase.borrowed', '$arg0'), ('MS', 'contracts/lybra/pools/base/LybraPeUSDVaultBase.sol', 'LybraPeUSDVaultBase.feeStored', '$arg0')
 reader witnesses  -> 8
 storage exposures -> 1
[MV-SI candidate d3a42c2aea8e0a313c22] {borrowed[$arg0], depositedAsset[$arg0], feeStored[$arg0], feeUpdatedAt[$arg0]}
 writer root       -> contracts/lybra/pools/LybraWbETHVault.sol::LybraWBETHVault.depositEtherToMint(uint256)
 writer effect     -> contracts/lybra/pools/base/LybraPeUSDVaultBase.sol:232
 written member    -> ('MS', 'contracts/lybra/pools/base/LybraPeUSDVaultBase.sol', 'LybraPeUSDVaultBase.feeStored', '$arg0')
 potentially stale -> ('MS', 'contracts/lybra/pools/base/LybraPeUSDVaultBase.sol', 'LybraPeUSDVaultBase.borrowed', '$arg0'), ('MS', 'contracts/lybra/pools/base/LybraPeUSDVaultBase.sol', 'LybraPeUSDVaultBase.depositedAsset', '$arg0'), ('MS', 'contracts/lybra/pools/base/LybraPeUSDVaultBase.sol', 'LybraPeUSDVaultBase.feeUpdatedAt', '$arg0')
 reader witnesses  -> 5
 storage exposures -> 1
[MV-SI candidate d3e68c140faf472769d2] {feeStored, lastReportTime, lidoRebaseTime, poolTotalEUSDCirculation, totalDepositedAsset}
 writer root       -> contracts/lybra/pools/base/LybraEUSDVaultBase.sol::LybraEUSDVaultBase.liquidation(address,address,uint256)
 writer effect     -> contracts/lybra/pools/base/LybraEUSDVaultBase.sol:297
 written member    -> ('SV', 'contracts/lybra/pools/base/LybraEUSDVaultBase.sol', 'LybraEUSDVaultBase.lastReportTime')
 potentially stale -> ('SV', 'contracts/lybra/pools/LybraStETHVault.sol', 'LybraStETHDepositVault.lidoRebaseTime'), ('SV', 'contracts/lybra/pools/base/LybraEUSDVaultBase.sol', 'LybraEUSDVaultBase.feeStored'), ('SV', 'contracts/lybra/pools/base/LybraEUSDVaultBase.sol', 'LybraEUSDVaultBase.poolTotalEUSDCirculation'), ('SV', 'contracts/lybra/pools/base/LybraEUSDVaultBase.sol', 'LybraEUSDVaultBase.totalDepositedAsset')
 reader witnesses  -> 9
 storage exposures -> 1
[MV-SI candidate d578531c41a01aa9444e] {borrowed[$arg0], feeStored[$arg0], feeUpdatedAt[$arg0]}
 writer root       -> contracts/lybra/pools/LybraWstETHVault.sol::LybraWstETHVault.depositEtherToMint(uint256)
 writer effect     -> contracts/lybra/pools/base/LybraPeUSDVaultBase.sol:232
 written member    -> ('MS', 'contracts/lybra/pools/base/LybraPeUSDVaultBase.sol', 'LybraPeUSDVaultBase.feeStored', '$arg0')
 potentially stale -> ('MS', 'contracts/lybra/pools/base/LybraPeUSDVaultBase.sol', 'LybraPeUSDVaultBase.borrowed', '$arg0'), ('MS', 'contracts/lybra/pools/base/LybraPeUSDVaultBase.sol', 'LybraPeUSDVaultBase.feeUpdatedAt', '$arg0')
 reader witnesses  -> 8
 storage exposures -> 1
[MV-SI candidate d78a6f6bb51ebcc3b793] {lastWithdrawTime[$arg0], time2fullRedemption[$arg0], unstakeRatio[$arg0]}
 writer root       -> contracts/lybra/miner/ProtocolRewardsPool.sol::ProtocolRewardsPool.withdraw(address)
 writer effect     -> contracts/lybra/miner/ProtocolRewardsPool.sol:105
 written member    -> ('MS', 'contracts/lybra/miner/ProtocolRewardsPool.sol', 'ProtocolRewardsPool.lastWithdrawTime', '$arg0')
 potentially stale -> ('MS', 'contracts/lybra/miner/ProtocolRewardsPool.sol', 'ProtocolRewardsPool.time2fullRedemption', '$arg0'), ('MS', 'contracts/lybra/miner/ProtocolRewardsPool.sol', 'ProtocolRewardsPool.unstakeRatio', '$arg0')
 reader witnesses  -> 63
 storage exposures -> 1
[MV-SI candidate d87782c97095c01e31a1] {poolTotalEUSDCirculation, totalDepositedAsset}
 writer root       -> contracts/lybra/pools/base/LybraEUSDVaultBase.sol::LybraEUSDVaultBase.withdraw(address,uint256)
 writer effect     -> contracts/lybra/pools/base/LybraEUSDVaultBase.sol:102
 written member    -> ('SV', 'contracts/lybra/pools/base/LybraEUSDVaultBase.sol', 'LybraEUSDVaultBase.totalDepositedAsset')
 potentially stale -> ('SV', 'contracts/lybra/pools/base/LybraEUSDVaultBase.sol', 'LybraEUSDVaultBase.poolTotalEUSDCirculation')
 reader witnesses  -> 4
 storage exposures -> 1
[MV-SI candidate d8b56943c9c425c07729] {feeStored, lastReportTime, lidoRebaseTime, poolTotalEUSDCirculation, totalDepositedAsset}
 writer root       -> contracts/lybra/pools/base/LybraEUSDVaultBase.sol::LybraEUSDVaultBase.liquidation(address,address,uint256)
 writer effect     -> contracts/lybra/pools/base/LybraEUSDVaultBase.sol:296
 written member    -> ('SV', 'contracts/lybra/pools/base/LybraEUSDVaultBase.sol', 'LybraEUSDVaultBase.feeStored')
 potentially stale -> ('SV', 'contracts/lybra/pools/LybraStETHVault.sol', 'LybraStETHDepositVault.lidoRebaseTime'), ('SV', 'contracts/lybra/pools/base/LybraEUSDVaultBase.sol', 'LybraEUSDVaultBase.lastReportTime'), ('SV', 'contracts/lybra/pools/base/LybraEUSDVaultBase.sol', 'LybraEUSDVaultBase.poolTotalEUSDCirculation'), ('SV', 'contracts/lybra/pools/base/LybraEUSDVaultBase.sol', 'LybraEUSDVaultBase.totalDepositedAsset')
 reader witnesses  -> 7
 storage exposures -> 1
[MV-SI candidate d955b247379a0e0edf91] {borrowed[$arg0], feeStored[$arg0], feeUpdatedAt[$arg0]}
 writer root       -> contracts/lybra/pools/base/LybraPeUSDVaultBase.sol::LybraPeUSDVaultBase.depositAssetToMint(uint256,uint256)
 writer effect     -> contracts/lybra/pools/base/LybraPeUSDVaultBase.sol:179
 written member    -> ('MS', 'contracts/lybra/pools/base/LybraPeUSDVaultBase.sol', 'LybraPeUSDVaultBase.borrowed', '$arg0')
 potentially stale -> ('MS', 'contracts/lybra/pools/base/LybraPeUSDVaultBase.sol', 'LybraPeUSDVaultBase.feeStored', '$arg0'), ('MS', 'contracts/lybra/pools/base/LybraPeUSDVaultBase.sol', 'LybraPeUSDVaultBase.feeUpdatedAt', '$arg0')
 reader witnesses  -> 24
 storage exposures -> 3
[MV-SI candidate db2940ffae4ad1e982e0] {rewardPerTokenStored, rewards[$arg0], userRewardPerTokenPaid[$arg0]}
 writer root       -> contracts/lybra/miner/ProtocolRewardsPool.sol::ProtocolRewardsPool.notifyRewardAmount(uint256,uint256)
 writer effect     -> contracts/lybra/miner/ProtocolRewardsPool.sol:238
 written member    -> ('SV', 'contracts/lybra/miner/ProtocolRewardsPool.sol', 'ProtocolRewardsPool.rewardPerTokenStored')
 potentially stale -> ('MS', 'contracts/lybra/miner/ProtocolRewardsPool.sol', 'ProtocolRewardsPool.rewards', '$arg0'), ('MS', 'contracts/lybra/miner/ProtocolRewardsPool.sol', 'ProtocolRewardsPool.userRewardPerTokenPaid', '$arg0')
 reader witnesses  -> 2
 storage exposures -> 1
[MV-SI candidate dd045a54fd5d1ba2cea6] {borrowed[$arg0], depositedAsset[$arg1], feeStored[$arg0], feeUpdatedAt[$arg0]}
 writer root       -> contracts/lybra/pools/LybraWbETHVault.sol::LybraWBETHVault.depositEtherToMint(uint256)
 writer effect     -> contracts/lybra/pools/base/LybraPeUSDVaultBase.sol:233
 written member    -> ('MS', 'contracts/lybra/pools/base/LybraPeUSDVaultBase.sol', 'LybraPeUSDVaultBase.feeUpdatedAt', '$arg0')
 potentially stale -> ('MS', 'contracts/lybra/pools/base/LybraPeUSDVaultBase.sol', 'LybraPeUSDVaultBase.borrowed', '$arg0'), ('MS', 'contracts/lybra/pools/base/LybraPeUSDVaultBase.sol', 'LybraPeUSDVaultBase.depositedAsset', '$arg1'), ('MS', 'contracts/lybra/pools/base/LybraPeUSDVaultBase.sol', 'LybraPeUSDVaultBase.feeStored', '$arg0')
 reader witnesses  -> 4
 storage exposures -> 1
[MV-SI candidate de3b758c078a17972797] {balanceOf[$arg0], finishAt, rewardPerTokenStored, rewardRatio, rewards[$arg0], totalSupply, updatedAt, userRewardPerTokenPaid[$arg0]}
 writer root       -> contracts/lybra/miner/stakerewardV2pool.sol::StakingRewardsV2.getReward()
 writer effect     -> contracts/lybra/miner/stakerewardV2pool.sol:61
 written member    -> ('MS', 'contracts/lybra/miner/stakerewardV2pool.sol', 'StakingRewardsV2.rewards', '$arg0')
 potentially stale -> ('MS', 'contracts/lybra/miner/stakerewardV2pool.sol', 'StakingRewardsV2.balanceOf', '$arg0'), ('MS', 'contracts/lybra/miner/stakerewardV2pool.sol', 'StakingRewardsV2.userRewardPerTokenPaid', '$arg0'), ('SV', 'contracts/lybra/miner/stakerewardV2pool.sol', 'StakingRewardsV2.finishAt'), ('SV', 'contracts/lybra/miner/stakerewardV2pool.sol', 'StakingRewardsV2.rewardPerTokenStored'), ('SV', 'contracts/lybra/miner/stakerewardV2pool.sol', 'StakingRewardsV2.rewardRatio'), ('SV', 'contracts/lybra/miner/stakerewardV2pool.sol', 'StakingRewardsV2.totalSupply'), ('SV', 'contracts/lybra/miner/stakerewardV2pool.sol', 'StakingRewardsV2.updatedAt')
 reader witnesses  -> 30
 storage exposures -> 1
[MV-SI candidate de8a8ed2e1ba392d9940] {feeStored, lastReportTime, lidoRebaseTime, poolTotalEUSDCirculation, totalDepositedAsset}
 writer root       -> contracts/lybra/pools/LybraStETHVault.sol::LybraStETHDepositVault.setLidoRebaseTime(uint256)
 writer effect     -> contracts/lybra/pools/LybraStETHVault.sol:27
 written member    -> ('SV', 'contracts/lybra/pools/LybraStETHVault.sol', 'LybraStETHDepositVault.lidoRebaseTime')
 potentially stale -> ('SV', 'contracts/lybra/pools/base/LybraEUSDVaultBase.sol', 'LybraEUSDVaultBase.feeStored'), ('SV', 'contracts/lybra/pools/base/LybraEUSDVaultBase.sol', 'LybraEUSDVaultBase.lastReportTime'), ('SV', 'contracts/lybra/pools/base/LybraEUSDVaultBase.sol', 'LybraEUSDVaultBase.poolTotalEUSDCirculation'), ('SV', 'contracts/lybra/pools/base/LybraEUSDVaultBase.sol', 'LybraEUSDVaultBase.totalDepositedAsset')
 reader witnesses  -> 8
 storage exposures -> 1
[MV-SI candidate df6041b70a21ea75b480] {balanceOf[$arg0], finishAt, rewardPerTokenStored, rewardRatio, rewards[$arg0], totalSupply, updatedAt, userRewardPerTokenPaid[$arg0]}
 writer root       -> contracts/lybra/miner/stakerewardV2pool.sol::StakingRewardsV2.stake(uint256)
 writer effect     -> contracts/lybra/miner/stakerewardV2pool.sol:57
 written member    -> ('SV', 'contracts/lybra/miner/stakerewardV2pool.sol', 'StakingRewardsV2.rewardPerTokenStored')
 potentially stale -> ('MS', 'contracts/lybra/miner/stakerewardV2pool.sol', 'StakingRewardsV2.balanceOf', '$arg0'), ('MS', 'contracts/lybra/miner/stakerewardV2pool.sol', 'StakingRewardsV2.rewards', '$arg0'), ('MS', 'contracts/lybra/miner/stakerewardV2pool.sol', 'StakingRewardsV2.userRewardPerTokenPaid', '$arg0'), ('SV', 'contracts/lybra/miner/stakerewardV2pool.sol', 'StakingRewardsV2.finishAt'), ('SV', 'contracts/lybra/miner/stakerewardV2pool.sol', 'StakingRewardsV2.rewardRatio'), ('SV', 'contracts/lybra/miner/stakerewardV2pool.sol', 'StakingRewardsV2.totalSupply'), ('SV', 'contracts/lybra/miner/stakerewardV2pool.sol', 'StakingRewardsV2.updatedAt')
 reader witnesses  -> 22
 storage exposures -> 1
[MV-SI candidate e2fdaea8e524f812a348] {balanceOf[$arg0], finishAt, rewardPerTokenStored, rewardRatio, rewards[$arg0], totalSupply, updatedAt, userRewardPerTokenPaid[$arg0]}
 writer root       -> contracts/lybra/miner/stakerewardV2pool.sol::StakingRewardsV2.stake(uint256)
 writer effect     -> contracts/lybra/miner/stakerewardV2pool.sol:88
 written member    -> ('SV', 'contracts/lybra/miner/stakerewardV2pool.sol', 'StakingRewardsV2.totalSupply')
 potentially stale -> ('MS', 'contracts/lybra/miner/stakerewardV2pool.sol', 'StakingRewardsV2.balanceOf', '$arg0'), ('MS', 'contracts/lybra/miner/stakerewardV2pool.sol', 'StakingRewardsV2.rewards', '$arg0'), ('MS', 'contracts/lybra/miner/stakerewardV2pool.sol', 'StakingRewardsV2.userRewardPerTokenPaid', '$arg0'), ('SV', 'contracts/lybra/miner/stakerewardV2pool.sol', 'StakingRewardsV2.finishAt'), ('SV', 'contracts/lybra/miner/stakerewardV2pool.sol', 'StakingRewardsV2.rewardPerTokenStored'), ('SV', 'contracts/lybra/miner/stakerewardV2pool.sol', 'StakingRewardsV2.rewardRatio'), ('SV', 'contracts/lybra/miner/stakerewardV2pool.sol', 'StakingRewardsV2.updatedAt')
 reader witnesses  -> 24
 storage exposures -> 1
[MV-SI candidate e3132c3b4b5b2fa91d13] {borrowed[$arg0], feeStored[$arg0], feeUpdatedAt[$arg0]}
 writer root       -> contracts/lybra/pools/LybraWbETHVault.sol::LybraWBETHVault.depositEtherToMint(uint256)
 writer effect     -> contracts/lybra/pools/base/LybraPeUSDVaultBase.sol:179
 written member    -> ('MS', 'contracts/lybra/pools/base/LybraPeUSDVaultBase.sol', 'LybraPeUSDVaultBase.borrowed', '$arg0')
 potentially stale -> ('MS', 'contracts/lybra/pools/base/LybraPeUSDVaultBase.sol', 'LybraPeUSDVaultBase.feeStored', '$arg0'), ('MS', 'contracts/lybra/pools/base/LybraPeUSDVaultBase.sol', 'LybraPeUSDVaultBase.feeUpdatedAt', '$arg0')
 reader witnesses  -> 8
 storage exposures -> 1
[MV-SI candidate e40c03123df51971324d] {balanceOf[$arg0], finishAt, rewardPerTokenStored, rewardRatio, rewards[$arg0], totalSupply, updatedAt, userRewardPerTokenPaid[$arg0]}
 writer root       -> contracts/lybra/miner/stakerewardV2pool.sol::StakingRewardsV2.notifyRewardAmount(uint256)
 writer effect     -> contracts/lybra/miner/stakerewardV2pool.sol:57
 written member    -> ('SV', 'contracts/lybra/miner/stakerewardV2pool.sol', 'StakingRewardsV2.rewardPerTokenStored')
 potentially stale -> ('MS', 'contracts/lybra/miner/stakerewardV2pool.sol', 'StakingRewardsV2.balanceOf', '$arg0'), ('MS', 'contracts/lybra/miner/stakerewardV2pool.sol', 'StakingRewardsV2.rewards', '$arg0'), ('MS', 'contracts/lybra/miner/stakerewardV2pool.sol', 'StakingRewardsV2.userRewardPerTokenPaid', '$arg0'), ('SV', 'contracts/lybra/miner/stakerewardV2pool.sol', 'StakingRewardsV2.finishAt'), ('SV', 'contracts/lybra/miner/stakerewardV2pool.sol', 'StakingRewardsV2.rewardRatio'), ('SV', 'contracts/lybra/miner/stakerewardV2pool.sol', 'StakingRewardsV2.totalSupply'), ('SV', 'contracts/lybra/miner/stakerewardV2pool.sol', 'StakingRewardsV2.updatedAt')
 reader witnesses  -> 22
 storage exposures -> 1
[MV-SI candidate e4cb7240bfe2061d9d57] {borrowed[$arg0], feeUpdatedAt[$arg0]}
 writer root       -> contracts/lybra/pools/LybraWstETHVault.sol::LybraWstETHVault.depositEtherToMint(uint256)
 writer effect     -> contracts/lybra/pools/base/LybraPeUSDVaultBase.sol:179
 written member    -> ('MS', 'contracts/lybra/pools/base/LybraPeUSDVaultBase.sol', 'LybraPeUSDVaultBase.borrowed', '$arg0')
 potentially stale -> ('MS', 'contracts/lybra/pools/base/LybraPeUSDVaultBase.sol', 'LybraPeUSDVaultBase.feeUpdatedAt', '$arg0')
 reader witnesses  -> 2
 storage exposures -> 1
[MV-SI candidate e52763fe8ea789c1b58d] {lastReportTime, poolTotalEUSDCirculation}
 writer root       -> contracts/lybra/pools/base/LybraEUSDVaultBase.sol::LybraEUSDVaultBase.mint(address,uint256)
 writer effect     -> contracts/lybra/pools/base/LybraEUSDVaultBase.sol:266
 written member    -> ('SV', 'contracts/lybra/pools/base/LybraEUSDVaultBase.sol', 'LybraEUSDVaultBase.poolTotalEUSDCirculation')
 potentially stale -> ('SV', 'contracts/lybra/pools/base/LybraEUSDVaultBase.sol', 'LybraEUSDVaultBase.lastReportTime')
 reader witnesses  -> 2
 storage exposures -> 1
[MV-SI candidate e5896b8cbbe6c691ab96] {lastReportTime, poolTotalEUSDCirculation}
 writer root       -> contracts/lybra/pools/base/LybraEUSDVaultBase.sol::LybraEUSDVaultBase.depositAssetToMint(uint256,uint256)
 writer effect     -> contracts/lybra/pools/base/LybraEUSDVaultBase.sol:297
 written member    -> ('SV', 'contracts/lybra/pools/base/LybraEUSDVaultBase.sol', 'LybraEUSDVaultBase.lastReportTime')
 potentially stale -> ('SV', 'contracts/lybra/pools/base/LybraEUSDVaultBase.sol', 'LybraEUSDVaultBase.poolTotalEUSDCirculation')
 reader witnesses  -> 4
 storage exposures -> 1
[MV-SI candidate e612e0e6f905f145a9c8] {borrowed[$arg0], depositedAsset[$arg0]}
 writer root       -> contracts/lybra/pools/base/LybraPeUSDVaultBase.sol::LybraPeUSDVaultBase.rigidRedemption(address,uint256)
 writer effect     -> contracts/lybra/pools/base/LybraPeUSDVaultBase.sol:165
 written member    -> ('MS', 'contracts/lybra/pools/base/LybraPeUSDVaultBase.sol', 'LybraPeUSDVaultBase.depositedAsset', '$arg0')
 potentially stale -> ('MS', 'contracts/lybra/pools/base/LybraPeUSDVaultBase.sol', 'LybraPeUSDVaultBase.borrowed', '$arg0')
 reader witnesses  -> 9
 storage exposures -> 3
[MV-SI candidate e757bc082110745aa1c2] {extraRatio, finishAt, peUSDExtraRatio, rewardPerTokenStored, rewardRatio, rewards[$arg0], updatedAt, userRewardPerTokenPaid[$arg0]}
 writer root       -> contracts/lybra/miner/EUSDMiningIncentives.sol::EUSDMiningIncentives.getReward()
 writer effect     -> contracts/lybra/miner/EUSDMiningIncentives.sol:78
 written member    -> ('MS', 'contracts/lybra/miner/EUSDMiningIncentives.sol', 'EUSDMiningIncentives.userRewardPerTokenPaid', '$arg0')
 potentially stale -> ('MS', 'contracts/lybra/miner/EUSDMiningIncentives.sol', 'EUSDMiningIncentives.rewards', '$arg0'), ('SV', 'contracts/lybra/miner/EUSDMiningIncentives.sol', 'EUSDMiningIncentives.extraRatio'), ('SV', 'contracts/lybra/miner/EUSDMiningIncentives.sol', 'EUSDMiningIncentives.finishAt'), ('SV', 'contracts/lybra/miner/EUSDMiningIncentives.sol', 'EUSDMiningIncentives.peUSDExtraRatio'), ('SV', 'contracts/lybra/miner/EUSDMiningIncentives.sol', 'EUSDMiningIncentives.rewardPerTokenStored'), ('SV', 'contracts/lybra/miner/EUSDMiningIncentives.sol', 'EUSDMiningIncentives.rewardRatio'), ('SV', 'contracts/lybra/miner/EUSDMiningIncentives.sol', 'EUSDMiningIncentives.updatedAt')
 reader witnesses  -> 29
 storage exposures -> 1
[MV-SI candidate e791b795d6ce666ca982] {borrowed[$arg0], depositedAsset[$arg1], feeStored[$arg0], feeUpdatedAt[$arg0]}
 writer root       -> contracts/lybra/pools/LybraWstETHVault.sol::LybraWstETHVault.depositEtherToMint(uint256)
 writer effect     -> contracts/lybra/pools/base/LybraPeUSDVaultBase.sol:179
 written member    -> ('MS', 'contracts/lybra/pools/base/LybraPeUSDVaultBase.sol', 'LybraPeUSDVaultBase.borrowed', '$arg0')
 potentially stale -> ('MS', 'contracts/lybra/pools/base/LybraPeUSDVaultBase.sol', 'LybraPeUSDVaultBase.depositedAsset', '$arg1'), ('MS', 'contracts/lybra/pools/base/LybraPeUSDVaultBase.sol', 'LybraPeUSDVaultBase.feeStored', '$arg0'), ('MS', 'contracts/lybra/pools/base/LybraPeUSDVaultBase.sol', 'LybraPeUSDVaultBase.feeUpdatedAt', '$arg0')
 reader witnesses  -> 4
 storage exposures -> 1
[MV-SI candidate e9322f14923212d42c05] {borrowed[$arg0], depositedAsset[$arg1], feeStored[$arg0], feeUpdatedAt[$arg0]}
 writer root       -> contracts/lybra/pools/base/LybraPeUSDVaultBase.sol::LybraPeUSDVaultBase.rigidRedemption(address,uint256)
 writer effect     -> contracts/lybra/pools/base/LybraPeUSDVaultBase.sol:232
 written member    -> ('MS', 'contracts/lybra/pools/base/LybraPeUSDVaultBase.sol', 'LybraPeUSDVaultBase.feeStored', '$arg0')
 potentially stale -> ('MS', 'contracts/lybra/pools/base/LybraPeUSDVaultBase.sol', 'LybraPeUSDVaultBase.borrowed', '$arg0'), ('MS', 'contracts/lybra/pools/base/LybraPeUSDVaultBase.sol', 'LybraPeUSDVaultBase.depositedAsset', '$arg1'), ('MS', 'contracts/lybra/pools/base/LybraPeUSDVaultBase.sol', 'LybraPeUSDVaultBase.feeUpdatedAt', '$arg0')
 reader witnesses  -> 12
 storage exposures -> 3
[MV-SI candidate ebbf9c15c994b4079beb] {borrowed[$arg0], depositedAsset[$arg1], feeStored[$arg0], feeUpdatedAt[$arg0]}
 writer root       -> contracts/lybra/pools/base/LybraPeUSDVaultBase.sol::LybraPeUSDVaultBase.burn(address,uint256)
 writer effect     -> contracts/lybra/pools/base/LybraPeUSDVaultBase.sol:233
 written member    -> ('MS', 'contracts/lybra/pools/base/LybraPeUSDVaultBase.sol', 'LybraPeUSDVaultBase.feeUpdatedAt', '$arg0')
 potentially stale -> ('MS', 'contracts/lybra/pools/base/LybraPeUSDVaultBase.sol', 'LybraPeUSDVaultBase.borrowed', '$arg0'), ('MS', 'contracts/lybra/pools/base/LybraPeUSDVaultBase.sol', 'LybraPeUSDVaultBase.depositedAsset', '$arg1'), ('MS', 'contracts/lybra/pools/base/LybraPeUSDVaultBase.sol', 'LybraPeUSDVaultBase.feeStored', '$arg0')
 reader witnesses  -> 12
 storage exposures -> 3
[MV-SI candidate ec242ca719f90893ada3] {feeStored, lastReportTime, lidoRebaseTime, poolTotalEUSDCirculation, totalDepositedAsset}
 writer root       -> contracts/lybra/pools/base/LybraEUSDVaultBase.sol::LybraEUSDVaultBase.superLiquidation(address,address,uint256)
 writer effect     -> contracts/lybra/pools/base/LybraEUSDVaultBase.sol:296
 written member    -> ('SV', 'contracts/lybra/pools/base/LybraEUSDVaultBase.sol', 'LybraEUSDVaultBase.feeStored')
 potentially stale -> ('SV', 'contracts/lybra/pools/LybraStETHVault.sol', 'LybraStETHDepositVault.lidoRebaseTime'), ('SV', 'contracts/lybra/pools/base/LybraEUSDVaultBase.sol', 'LybraEUSDVaultBase.lastReportTime'), ('SV', 'contracts/lybra/pools/base/LybraEUSDVaultBase.sol', 'LybraEUSDVaultBase.poolTotalEUSDCirculation'), ('SV', 'contracts/lybra/pools/base/LybraEUSDVaultBase.sol', 'LybraEUSDVaultBase.totalDepositedAsset')
 reader witnesses  -> 7
 storage exposures -> 1
[MV-SI candidate edcbf09ba5db0f72a088] {lastWithdrawTime[$arg0], time2fullRedemption[$arg0], unstakeRatio[$arg0]}
 writer root       -> contracts/lybra/miner/ProtocolRewardsPool.sol::ProtocolRewardsPool.unstake(uint256)
 writer effect     -> contracts/lybra/miner/ProtocolRewardsPool.sol:105
 written member    -> ('MS', 'contracts/lybra/miner/ProtocolRewardsPool.sol', 'ProtocolRewardsPool.lastWithdrawTime', '$arg0')
 potentially stale -> ('MS', 'contracts/lybra/miner/ProtocolRewardsPool.sol', 'ProtocolRewardsPool.time2fullRedemption', '$arg0'), ('MS', 'contracts/lybra/miner/ProtocolRewardsPool.sol', 'ProtocolRewardsPool.unstakeRatio', '$arg0')
 reader witnesses  -> 63
 storage exposures -> 1
[MV-SI candidate ee4b59fcbe17cd17ba5e] {borrowed[$arg0], depositedAsset[$arg1], feeStored[$arg0], feeUpdatedAt[$arg0]}
 writer root       -> contracts/lybra/pools/base/LybraPeUSDVaultBase.sol::LybraPeUSDVaultBase.mint(address,uint256)
 writer effect     -> contracts/lybra/pools/base/LybraPeUSDVaultBase.sol:232
 written member    -> ('MS', 'contracts/lybra/pools/base/LybraPeUSDVaultBase.sol', 'LybraPeUSDVaultBase.feeStored', '$arg0')
 potentially stale -> ('MS', 'contracts/lybra/pools/base/LybraPeUSDVaultBase.sol', 'LybraPeUSDVaultBase.borrowed', '$arg0'), ('MS', 'contracts/lybra/pools/base/LybraPeUSDVaultBase.sol', 'LybraPeUSDVaultBase.depositedAsset', '$arg1'), ('MS', 'contracts/lybra/pools/base/LybraPeUSDVaultBase.sol', 'LybraPeUSDVaultBase.feeUpdatedAt', '$arg0')
 reader witnesses  -> 12
 storage exposures -> 3
[MV-SI candidate f13ebab286603d47f3e4] {extraRatio, finishAt, peUSDExtraRatio, rewardPerTokenStored, rewardRatio, rewards[$arg0], updatedAt, userRewardPerTokenPaid[$arg0]}
 writer root       -> contracts/lybra/miner/EUSDMiningIncentives.sol::EUSDMiningIncentives.refreshReward(address)
 writer effect     -> contracts/lybra/miner/EUSDMiningIncentives.sol:77
 written member    -> ('MS', 'contracts/lybra/miner/EUSDMiningIncentives.sol', 'EUSDMiningIncentives.rewards', '$arg0')
 potentially stale -> ('MS', 'contracts/lybra/miner/EUSDMiningIncentives.sol', 'EUSDMiningIncentives.userRewardPerTokenPaid', '$arg0'), ('SV', 'contracts/lybra/miner/EUSDMiningIncentives.sol', 'EUSDMiningIncentives.extraRatio'), ('SV', 'contracts/lybra/miner/EUSDMiningIncentives.sol', 'EUSDMiningIncentives.finishAt'), ('SV', 'contracts/lybra/miner/EUSDMiningIncentives.sol', 'EUSDMiningIncentives.peUSDExtraRatio'), ('SV', 'contracts/lybra/miner/EUSDMiningIncentives.sol', 'EUSDMiningIncentives.rewardPerTokenStored'), ('SV', 'contracts/lybra/miner/EUSDMiningIncentives.sol', 'EUSDMiningIncentives.rewardRatio'), ('SV', 'contracts/lybra/miner/EUSDMiningIncentives.sol', 'EUSDMiningIncentives.updatedAt')
 reader witnesses  -> 32
 storage exposures -> 1
[MV-SI candidate f161cbeb0f5028bd015f] {borrowed[$arg0], depositedAsset[$arg0], feeStored[$arg0], feeUpdatedAt[$arg0]}
 writer root       -> contracts/lybra/pools/base/LybraPeUSDVaultBase.sol::LybraPeUSDVaultBase.rigidRedemption(address,uint256)
 writer effect     -> contracts/lybra/pools/base/LybraPeUSDVaultBase.sol:165
 written member    -> ('MS', 'contracts/lybra/pools/base/LybraPeUSDVaultBase.sol', 'LybraPeUSDVaultBase.depositedAsset', '$arg0')
 potentially stale -> ('MS', 'contracts/lybra/pools/base/LybraPeUSDVaultBase.sol', 'LybraPeUSDVaultBase.borrowed', '$arg0'), ('MS', 'contracts/lybra/pools/base/LybraPeUSDVaultBase.sol', 'LybraPeUSDVaultBase.feeStored', '$arg0'), ('MS', 'contracts/lybra/pools/base/LybraPeUSDVaultBase.sol', 'LybraPeUSDVaultBase.feeUpdatedAt', '$arg0')
 reader witnesses  -> 15
 storage exposures -> 3
[MV-SI candidate f238b1c1c30837469b9b] {finishAt, rewardPerTokenStored, rewardRatio, totalSupply, updatedAt}
 writer root       -> contracts/lybra/miner/stakerewardV2pool.sol::StakingRewardsV2.getReward()
 writer effect     -> contracts/lybra/miner/stakerewardV2pool.sol:57
 written member    -> ('SV', 'contracts/lybra/miner/stakerewardV2pool.sol', 'StakingRewardsV2.rewardPerTokenStored')
 potentially stale -> ('SV', 'contracts/lybra/miner/stakerewardV2pool.sol', 'StakingRewardsV2.finishAt'), ('SV', 'contracts/lybra/miner/stakerewardV2pool.sol', 'StakingRewardsV2.rewardRatio'), ('SV', 'contracts/lybra/miner/stakerewardV2pool.sol', 'StakingRewardsV2.totalSupply'), ('SV', 'contracts/lybra/miner/stakerewardV2pool.sol', 'StakingRewardsV2.updatedAt')
 reader witnesses  -> 18
 storage exposures -> 1
[MV-SI candidate f2de16f2e5cac808b73b] {borrowed[$arg0], depositedAsset[$arg1], feeStored[$arg0], feeUpdatedAt[$arg0]}
 writer root       -> contracts/lybra/pools/LybraRETHVault.sol::LybraRETHVault.depositEtherToMint(uint256)
 writer effect     -> contracts/lybra/pools/base/LybraPeUSDVaultBase.sol:233
 written member    -> ('MS', 'contracts/lybra/pools/base/LybraPeUSDVaultBase.sol', 'LybraPeUSDVaultBase.feeUpdatedAt', '$arg0')
 potentially stale -> ('MS', 'contracts/lybra/pools/base/LybraPeUSDVaultBase.sol', 'LybraPeUSDVaultBase.borrowed', '$arg0'), ('MS', 'contracts/lybra/pools/base/LybraPeUSDVaultBase.sol', 'LybraPeUSDVaultBase.depositedAsset', '$arg1'), ('MS', 'contracts/lybra/pools/base/LybraPeUSDVaultBase.sol', 'LybraPeUSDVaultBase.feeStored', '$arg0')
 reader witnesses  -> 4
 storage exposures -> 1
[MV-SI candidate f37fcb947d6b612f03b4] {lastReportTime, poolTotalEUSDCirculation}
 writer root       -> contracts/lybra/pools/base/LybraEUSDVaultBase.sol::LybraEUSDVaultBase.depositAssetToMint(uint256,uint256)
 writer effect     -> contracts/lybra/pools/base/LybraEUSDVaultBase.sol:266
 written member    -> ('SV', 'contracts/lybra/pools/base/LybraEUSDVaultBase.sol', 'LybraEUSDVaultBase.poolTotalEUSDCirculation')
 potentially stale -> ('SV', 'contracts/lybra/pools/base/LybraEUSDVaultBase.sol', 'LybraEUSDVaultBase.lastReportTime')
 reader witnesses  -> 2
 storage exposures -> 1
[MV-SI candidate f3928b1b7ade2575066e] {poolTotalEUSDCirculation, totalDepositedAsset}
 writer root       -> contracts/lybra/pools/base/LybraEUSDVaultBase.sol::LybraEUSDVaultBase.liquidation(address,address,uint256)
 writer effect     -> contracts/lybra/pools/base/LybraEUSDVaultBase.sol:165
 written member    -> ('SV', 'contracts/lybra/pools/base/LybraEUSDVaultBase.sol', 'LybraEUSDVaultBase.totalDepositedAsset')
 potentially stale -> ('SV', 'contracts/lybra/pools/base/LybraEUSDVaultBase.sol', 'LybraEUSDVaultBase.poolTotalEUSDCirculation')
 reader witnesses  -> 4
 storage exposures -> 1
[MV-SI candidate f427b4ef00c786c75b99] {borrowed[$arg0], depositedAsset[$arg1], feeStored[$arg0], feeUpdatedAt[$arg0]}
 writer root       -> contracts/lybra/pools/base/LybraPeUSDVaultBase.sol::LybraPeUSDVaultBase.liquidation(address,address,uint256)
 writer effect     -> contracts/lybra/pools/base/LybraPeUSDVaultBase.sol:232
 written member    -> ('MS', 'contracts/lybra/pools/base/LybraPeUSDVaultBase.sol', 'LybraPeUSDVaultBase.feeStored', '$arg0')
 potentially stale -> ('MS', 'contracts/lybra/pools/base/LybraPeUSDVaultBase.sol', 'LybraPeUSDVaultBase.borrowed', '$arg0'), ('MS', 'contracts/lybra/pools/base/LybraPeUSDVaultBase.sol', 'LybraPeUSDVaultBase.depositedAsset', '$arg1'), ('MS', 'contracts/lybra/pools/base/LybraPeUSDVaultBase.sol', 'LybraPeUSDVaultBase.feeUpdatedAt', '$arg0')
 reader witnesses  -> 12
 storage exposures -> 3
[MV-SI candidate f48fd1d62fc2d602f562] {borrowed[$arg0], feeStored[$arg0], feeUpdatedAt[$arg0]}
 writer root       -> contracts/lybra/pools/base/LybraPeUSDVaultBase.sol::LybraPeUSDVaultBase.burn(address,uint256)
 writer effect     -> contracts/lybra/pools/base/LybraPeUSDVaultBase.sol:232
 written member    -> ('MS', 'contracts/lybra/pools/base/LybraPeUSDVaultBase.sol', 'LybraPeUSDVaultBase.feeStored', '$arg0')
 potentially stale -> ('MS', 'contracts/lybra/pools/base/LybraPeUSDVaultBase.sol', 'LybraPeUSDVaultBase.borrowed', '$arg0'), ('MS', 'contracts/lybra/pools/base/LybraPeUSDVaultBase.sol', 'LybraPeUSDVaultBase.feeUpdatedAt', '$arg0')
 reader witnesses  -> 24
 storage exposures -> 3
[MV-SI candidate f4a4e9bb42a560d926b2] {feeStored, lastReportTime, lidoRebaseTime, poolTotalEUSDCirculation, totalDepositedAsset}
 writer root       -> contracts/lybra/pools/LybraStETHVault.sol::LybraStETHDepositVault.excessIncomeDistribution(uint256)
 writer effect     -> contracts/lybra/pools/LybraStETHVault.sol:82
 written member    -> ('SV', 'contracts/lybra/pools/base/LybraEUSDVaultBase.sol', 'LybraEUSDVaultBase.feeStored')
 potentially stale -> ('SV', 'contracts/lybra/pools/LybraStETHVault.sol', 'LybraStETHDepositVault.lidoRebaseTime'), ('SV', 'contracts/lybra/pools/base/LybraEUSDVaultBase.sol', 'LybraEUSDVaultBase.lastReportTime'), ('SV', 'contracts/lybra/pools/base/LybraEUSDVaultBase.sol', 'LybraEUSDVaultBase.poolTotalEUSDCirculation'), ('SV', 'contracts/lybra/pools/base/LybraEUSDVaultBase.sol', 'LybraEUSDVaultBase.totalDepositedAsset')
 reader witnesses  -> 7
 storage exposures -> 1
[MV-SI candidate f85f5afbf30f6a2107f0] {borrowed[$arg0], depositedAsset[$arg0]}
 writer root       -> contracts/lybra/pools/LybraWstETHVault.sol::LybraWstETHVault.depositEtherToMint(uint256)
 writer effect     -> contracts/lybra/pools/base/LybraPeUSDVaultBase.sol:179
 written member    -> ('MS', 'contracts/lybra/pools/base/LybraPeUSDVaultBase.sol', 'LybraPeUSDVaultBase.borrowed', '$arg0')
 potentially stale -> ('MS', 'contracts/lybra/pools/base/LybraPeUSDVaultBase.sol', 'LybraPeUSDVaultBase.depositedAsset', '$arg0')
 reader witnesses  -> 1
 storage exposures -> 1
[MV-SI candidate f9476fa7c0f3362cb3ab] {extraRatio, finishAt, peUSDExtraRatio, rewardPerTokenStored, rewardRatio, rewards[$arg0], updatedAt, userRewardPerTokenPaid[$arg0]}
 writer root       -> contracts/lybra/miner/EUSDMiningIncentives.sol::EUSDMiningIncentives.refreshReward(address)
 writer effect     -> contracts/lybra/miner/EUSDMiningIncentives.sol:73
 written member    -> ('SV', 'contracts/lybra/miner/EUSDMiningIncentives.sol', 'EUSDMiningIncentives.rewardPerTokenStored')
 potentially stale -> ('MS', 'contracts/lybra/miner/EUSDMiningIncentives.sol', 'EUSDMiningIncentives.rewards', '$arg0'), ('MS', 'contracts/lybra/miner/EUSDMiningIncentives.sol', 'EUSDMiningIncentives.userRewardPerTokenPaid', '$arg0'), ('SV', 'contracts/lybra/miner/EUSDMiningIncentives.sol', 'EUSDMiningIncentives.extraRatio'), ('SV', 'contracts/lybra/miner/EUSDMiningIncentives.sol', 'EUSDMiningIncentives.finishAt'), ('SV', 'contracts/lybra/miner/EUSDMiningIncentives.sol', 'EUSDMiningIncentives.peUSDExtraRatio'), ('SV', 'contracts/lybra/miner/EUSDMiningIncentives.sol', 'EUSDMiningIncentives.rewardRatio'), ('SV', 'contracts/lybra/miner/EUSDMiningIncentives.sol', 'EUSDMiningIncentives.updatedAt')
 reader witnesses  -> 25
 storage exposures -> 1
[MV-SI candidate f998adac10d4fda841ce] {feeStored, lastReportTime, lidoRebaseTime, poolTotalEUSDCirculation, totalDepositedAsset}
 writer root       -> contracts/lybra/pools/base/LybraEUSDVaultBase.sol::LybraEUSDVaultBase.burn(address,uint256)
 writer effect     -> contracts/lybra/pools/base/LybraEUSDVaultBase.sol:284
 written member    -> ('SV', 'contracts/lybra/pools/base/LybraEUSDVaultBase.sol', 'LybraEUSDVaultBase.poolTotalEUSDCirculation')
 potentially stale -> ('SV', 'contracts/lybra/pools/LybraStETHVault.sol', 'LybraStETHDepositVault.lidoRebaseTime'), ('SV', 'contracts/lybra/pools/base/LybraEUSDVaultBase.sol', 'LybraEUSDVaultBase.feeStored'), ('SV', 'contracts/lybra/pools/base/LybraEUSDVaultBase.sol', 'LybraEUSDVaultBase.lastReportTime'), ('SV', 'contracts/lybra/pools/base/LybraEUSDVaultBase.sol', 'LybraEUSDVaultBase.totalDepositedAsset')
 reader witnesses  -> 7
 storage exposures -> 1
[MV-SI candidate fbfe6c6b72cad044aae8] {feeStored, lastReportTime, lidoRebaseTime, poolTotalEUSDCirculation, totalDepositedAsset}
 writer root       -> contracts/lybra/pools/LybraStETHVault.sol::LybraStETHDepositVault.depositEtherToMint(uint256)
 writer effect     -> contracts/lybra/pools/LybraStETHVault.sol:43
 written member    -> ('SV', 'contracts/lybra/pools/base/LybraEUSDVaultBase.sol', 'LybraEUSDVaultBase.totalDepositedAsset')
 potentially stale -> ('SV', 'contracts/lybra/pools/LybraStETHVault.sol', 'LybraStETHDepositVault.lidoRebaseTime'), ('SV', 'contracts/lybra/pools/base/LybraEUSDVaultBase.sol', 'LybraEUSDVaultBase.feeStored'), ('SV', 'contracts/lybra/pools/base/LybraEUSDVaultBase.sol', 'LybraEUSDVaultBase.lastReportTime'), ('SV', 'contracts/lybra/pools/base/LybraEUSDVaultBase.sol', 'LybraEUSDVaultBase.poolTotalEUSDCirculation')
 reader witnesses  -> 7
 storage exposures -> 1
[MV-SI candidate fd059202d5a14a46545f] {borrowed[$arg0], depositedAsset[$arg0], feeStored[$arg0], feeUpdatedAt[$arg0]}
 writer root       -> contracts/lybra/pools/base/LybraPeUSDVaultBase.sol::LybraPeUSDVaultBase.mint(address,uint256)
 writer effect     -> contracts/lybra/pools/base/LybraPeUSDVaultBase.sol:232
 written member    -> ('MS', 'contracts/lybra/pools/base/LybraPeUSDVaultBase.sol', 'LybraPeUSDVaultBase.feeStored', '$arg0')
 potentially stale -> ('MS', 'contracts/lybra/pools/base/LybraPeUSDVaultBase.sol', 'LybraPeUSDVaultBase.borrowed', '$arg0'), ('MS', 'contracts/lybra/pools/base/LybraPeUSDVaultBase.sol', 'LybraPeUSDVaultBase.depositedAsset', '$arg0'), ('MS', 'contracts/lybra/pools/base/LybraPeUSDVaultBase.sol', 'LybraPeUSDVaultBase.feeUpdatedAt', '$arg0')
 reader witnesses  -> 15
 storage exposures -> 3
[MV-SI candidate fdfdea4ad984c508eeea] {oracleFee, protocolFeeConfig, relayerFeeConfig}
 writer root       -> contracts/mocks/LZEndpointMock.sol::LZEndpointMock.setProtocolFee(uint256,uint256)
 writer effect     -> contracts/mocks/LZEndpointMock.sol:338
 written member    -> ('SV', 'contracts/mocks/LZEndpointMock.sol', 'LZEndpointMock.protocolFeeConfig')
 potentially stale -> ('SV', 'contracts/mocks/LZEndpointMock.sol', 'LZEndpointMock.oracleFee'), ('SV', 'contracts/mocks/LZEndpointMock.sol', 'LZEndpointMock.relayerFeeConfig')
 reader witnesses  -> 15
 storage exposures -> 1
[MV-SI candidate ff855bdb2186d84f3bdf] {feeStored, lastReportTime, lidoRebaseTime, poolTotalEUSDCirculation, totalDepositedAsset}
 writer root       -> contracts/lybra/pools/base/LybraEUSDVaultBase.sol::LybraEUSDVaultBase.superLiquidation(address,address,uint256)
 writer effect     -> contracts/lybra/pools/base/LybraEUSDVaultBase.sol:201
 written member    -> ('SV', 'contracts/lybra/pools/base/LybraEUSDVaultBase.sol', 'LybraEUSDVaultBase.totalDepositedAsset')
 potentially stale -> ('SV', 'contracts/lybra/pools/LybraStETHVault.sol', 'LybraStETHDepositVault.lidoRebaseTime'), ('SV', 'contracts/lybra/pools/base/LybraEUSDVaultBase.sol', 'LybraEUSDVaultBase.feeStored'), ('SV', 'contracts/lybra/pools/base/LybraEUSDVaultBase.sol', 'LybraEUSDVaultBase.lastReportTime'), ('SV', 'contracts/lybra/pools/base/LybraEUSDVaultBase.sol', 'LybraEUSDVaultBase.poolTotalEUSDCirculation')
 reader witnesses  -> 7
 storage exposures -> 1
[MV-SI candidate ffa7031a9bdb48f53c55] {borrowed[$arg0], depositedAsset[$arg1], feeStored[$arg0], feeUpdatedAt[$arg0]}
 writer root       -> contracts/lybra/pools/base/LybraPeUSDVaultBase.sol::LybraPeUSDVaultBase.liquidation(address,address,uint256)
 writer effect     -> contracts/lybra/pools/base/LybraPeUSDVaultBase.sol:136
 written member    -> ('MS', 'contracts/lybra/pools/base/LybraPeUSDVaultBase.sol', 'LybraPeUSDVaultBase.depositedAsset', '$arg1')
 potentially stale -> ('MS', 'contracts/lybra/pools/base/LybraPeUSDVaultBase.sol', 'LybraPeUSDVaultBase.borrowed', '$arg0'), ('MS', 'contracts/lybra/pools/base/LybraPeUSDVaultBase.sol', 'LybraPeUSDVaultBase.feeStored', '$arg0'), ('MS', 'contracts/lybra/pools/base/LybraPeUSDVaultBase.sol', 'LybraPeUSDVaultBase.feeUpdatedAt', '$arg0')
 reader witnesses  -> 15
 storage exposures -> 3
[MV-SI candidate ffe38a57a5c79d654641] {feeStored, lastReportTime, lidoRebaseTime, poolTotalEUSDCirculation, totalDepositedAsset}
 writer root       -> contracts/lybra/pools/LybraStETHVault.sol::LybraStETHDepositVault.depositEtherToMint(uint256)
 writer effect     -> contracts/lybra/pools/base/LybraEUSDVaultBase.sol:297
 written member    -> ('SV', 'contracts/lybra/pools/base/LybraEUSDVaultBase.sol', 'LybraEUSDVaultBase.lastReportTime')
 potentially stale -> ('SV', 'contracts/lybra/pools/LybraStETHVault.sol', 'LybraStETHDepositVault.lidoRebaseTime'), ('SV', 'contracts/lybra/pools/base/LybraEUSDVaultBase.sol', 'LybraEUSDVaultBase.feeStored'), ('SV', 'contracts/lybra/pools/base/LybraEUSDVaultBase.sol', 'LybraEUSDVaultBase.poolTotalEUSDCirculation'), ('SV', 'contracts/lybra/pools/base/LybraEUSDVaultBase.sol', 'LybraEUSDVaultBase.totalDepositedAsset')
 reader witnesses  -> 9
 storage exposures -> 1Reference: https://github.com/crytic/slither/wiki/Detector-Documentation
INFO:Slither:. analyzed (120 contracts with 1 detectors), 241 result(s) found
