'/tmp/.svm/0.8.17/solc-0.8.17 --version' running
'solc --standard-json --allow-paths /tmp/analysis-input' running
Warning: Warning: SPDX license identifier not provided in source file. Before publishing, consider adding a comment containing "SPDX-License-Identifier: <SPDX-License>" to each source file. Use "SPDX-License-Identifier: UNLICENSED" for non-open-source code. Please see https://spdx.org for more information.
--> sol-tests/proposals/DummyCallTarget.sol


Warning: Warning: This declaration shadows an existing declaration.
   --> sol-tests/crowdfund/AuctionCrowdfund.t.sol:146:9:
    |
146 |         ProposalStorage.ProposalEngineOpts memory proposalEngineOpts;
    |         ^^^^^^^^^^^^^^^^^^^^^^^^^^^^^^^^^^^^^^^^^^^^^^^^^^^^^^^^^^^^
Note: The shadowed declaration is here:
  --> sol-tests/crowdfund/AuctionCrowdfund.t.sol:57:5:
   |
57 |     ProposalStorage.ProposalEngineOpts proposalEngineOpts;
   |     ^^^^^^^^^^^^^^^^^^^^^^^^^^^^^^^^^^^^^^^^^^^^^^^^^^^^^


Warning: Warning: This declaration shadows an existing declaration.
   --> sol-tests/crowdfund/BuyCrowdfund.t.sol:139:9:
    |
139 |         ProposalStorage.ProposalEngineOpts memory proposalEngineOpts;
    |         ^^^^^^^^^^^^^^^^^^^^^^^^^^^^^^^^^^^^^^^^^^^^^^^^^^^^^^^^^^^^
Note: The shadowed declaration is here:
  --> sol-tests/crowdfund/BuyCrowdfund.t.sol:55:5:
   |
55 |     ProposalStorage.ProposalEngineOpts proposalEngineOpts;
   |     ^^^^^^^^^^^^^^^^^^^^^^^^^^^^^^^^^^^^^^^^^^^^^^^^^^^^^


Warning: Warning: This declaration shadows an existing declaration.
   --> sol-tests/crowdfund/Crowdfund.t.sol:184:9:
    |
184 |         Crowdfund.FixedGovernanceOpts memory govOpts = cf.getFixedGovernanceOpts();
    |         ^^^^^^^^^^^^^^^^^^^^^^^^^^^^^^^^^^^^^^^^^^^^
Note: The shadowed declaration is here:
  --> sol-tests/crowdfund/Crowdfund.t.sol:65:5:
   |
65 |     Crowdfund.FixedGovernanceOpts govOpts;
   |     ^^^^^^^^^^^^^^^^^^^^^^^^^^^^^^^^^^^^^


Warning: Warning: This contract has a payable fallback function, but no receive ether function. Consider adding a receive ether function.
 --> contracts/utils/Proxy.sol:8:1:
  |
8 | contract Proxy {
  | ^ (Relevant source part starts here and spans across multiple lines).
Note: The payable fallback function is defined here.
  --> contracts/utils/Proxy.sol:25:5:
   |
25 |     fallback() external payable {
   |     ^ (Relevant source part starts here and spans across multiple lines).


Warning: Warning: Return value of low-level calls not used.
  --> sol-tests/utils/Implementation.t.sol:24:9:
   |
24 |         address(this).call(abi.encodeCall(this.initialize, ()));
   |         ^^^^^^^^^^^^^^^^^^^^^^^^^^^^^^^^^^^^^^^^^^^^^^^^^^^^^^^


Warning: Warning: Unreachable code.
  --> contracts/crowdfund/CrowdfundNFT.sol:57:81:
   |
57 |     function transferFrom(address, address, uint256) external pure alwaysRevert {}
   |                                                                                 ^^


Warning: Warning: Unreachable code.
  --> contracts/crowdfund/CrowdfundNFT.sol:61:85:
   |
61 |     function safeTransferFrom(address, address, uint256) external pure alwaysRevert {}
   |                                                                                     ^^


Warning: Warning: Unreachable code.
  --> contracts/crowdfund/CrowdfundNFT.sol:70:34:
   |
70 |     ) external pure alwaysRevert {}
   |                                  ^^


Warning: Warning: Unreachable code.
  --> contracts/crowdfund/CrowdfundNFT.sol:74:67:
   |
74 |     function approve(address, uint256) external pure alwaysRevert {}
   |                                                                   ^^


Warning: Warning: Unreachable code.
  --> contracts/crowdfund/CrowdfundNFT.sol:78:74:
   |
78 |     function setApprovalForAll(address, bool) external pure alwaysRevert {}
   |                                                                          ^^


Warning: Warning: "this" used in constructor. Note that external functions of a contract cannot be called while it is being constructed.
  --> sol-tests/utils/Implementation.t.sol:24:43:
   |
24 |         address(this).call(abi.encodeCall(this.initialize, ()));
   |                                           ^^^^


Warning: Warning: Contract code size is 41097 bytes and exceeds 24576 bytes (a limit introduced in Spurious Dragon). This contract may not be deployable on Mainnet. Consider enabling the optimizer (with a low "runs" value!), turning off revert strings, or using libraries.
  --> contracts/party/PartyGovernanceNFT.sol:14:1:
   |
14 | contract PartyGovernanceNFT is PartyGovernance, ERC721, IERC2981 {
   | ^ (Relevant source part starts here and spans across multiple lines).


Warning: Warning: Contract code size is 45048 bytes and exceeds 24576 bytes (a limit introduced in Spurious Dragon). This contract may not be deployable on Mainnet. Consider enabling the optimizer (with a low "runs" value!), turning off revert strings, or using libraries.
  --> contracts/party/Party.sol:11:1:
   |
11 | contract Party is PartyGovernanceNFT {
   | ^ (Relevant source part starts here and spans across multiple lines).


Warning: Warning: Contract code size is 34386 bytes and exceeds 24576 bytes (a limit introduced in Spurious Dragon). This contract may not be deployable on Mainnet. Consider enabling the optimizer (with a low "runs" value!), turning off revert strings, or using libraries.
 --> contracts/crowdfund/AuctionCrowdfund.sol:8:1:
  |
8 | contract AuctionCrowdfund is AuctionCrowdfundBase {
  | ^ (Relevant source part starts here and spans across multiple lines).


Warning: Warning: Contract code size is 32143 bytes and exceeds 24576 bytes (a limit introduced in Spurious Dragon). This contract may not be deployable on Mainnet. Consider enabling the optimizer (with a low "runs" value!), turning off revert strings, or using libraries.
  --> contracts/crowdfund/BuyCrowdfund.sol:14:1:
   |
14 | contract BuyCrowdfund is BuyCrowdfundBase {
   | ^ (Relevant source part starts here and spans across multiple lines).


Warning: Warning: Contract code size is 34051 bytes and exceeds 24576 bytes (a limit introduced in Spurious Dragon). This contract may not be deployable on Mainnet. Consider enabling the optimizer (with a low "runs" value!), turning off revert strings, or using libraries.
  --> contracts/crowdfund/CollectionBatchBuyCrowdfund.sol:15:1:
   |
15 | contract CollectionBatchBuyCrowdfund is BuyCrowdfundBase {
   | ^ (Relevant source part starts here and spans across multiple lines).


Warning: Warning: Contract code size is 31652 bytes and exceeds 24576 bytes (a limit introduced in Spurious Dragon). This contract may not be deployable on Mainnet. Consider enabling the optimizer (with a low "runs" value!), turning off revert strings, or using libraries.
  --> contracts/crowdfund/CollectionBuyCrowdfund.sol:16:1:
   |
16 | contract CollectionBuyCrowdfund is BuyCrowdfundBase {
   | ^ (Relevant source part starts here and spans across multiple lines).


Warning: Warning: Contract code size is 36603 bytes and exceeds 24576 bytes (a limit introduced in Spurious Dragon). This contract may not be deployable on Mainnet. Consider enabling the optimizer (with a low "runs" value!), turning off revert strings, or using libraries.
  --> contracts/crowdfund/RollingAuctionCrowdfund.sol:12:1:
   |
12 | contract RollingAuctionCrowdfund is AuctionCrowdfundBase {
   | ^ (Relevant source part starts here and spans across multiple lines).


Warning: Warning: Contract code size is 27356 bytes and exceeds 24576 bytes (a limit introduced in Spurious Dragon). This contract may not be deployable on Mainnet. Consider enabling the optimizer (with a low "runs" value!), turning off revert strings, or using libraries.
  --> contracts/crowdfund/ReraiseETHCrowdfund.sol:15:1:
   |
15 | contract ReraiseETHCrowdfund is ETHCrowdfundBase, CrowdfundNFT {
   | ^ (Relevant source part starts here and spans across multiple lines).


Warning: Warning: Contract code size is 31627 bytes and exceeds 24576 bytes (a limit introduced in Spurious Dragon). This contract may not be deployable on Mainnet. Consider enabling the optimizer (with a low "runs" value!), turning off revert strings, or using libraries.
  --> contracts/proposals/ProposalExecutionEngine.sol:21:1:
   |
21 | contract ProposalExecutionEngine is
   | ^ (Relevant source part starts here and spans across multiple lines).


Warning: Warning: Contract code size is 32546 bytes and exceeds 24576 bytes (a limit introduced in Spurious Dragon). This contract may not be deployable on Mainnet. Consider enabling the optimizer (with a low "runs" value!), turning off revert strings, or using libraries.
  --> contracts/renderers/CrowdfundNFTRenderer.sol:11:1:
   |
11 | contract CrowdfundNFTRenderer is RendererBase {
   | ^ (Relevant source part starts here and spans across multiple lines).


Warning: Warning: Contract code size is 31047 bytes and exceeds 24576 bytes (a limit introduced in Spurious Dragon). This contract may not be deployable on Mainnet. Consider enabling the optimizer (with a low "runs" value!), turning off revert strings, or using libraries.
  --> contracts/renderers/PartyNFTRenderer.sol:13:1:
   |
13 | contract PartyNFTRenderer is RendererBase {
   | ^ (Relevant source part starts here and spans across multiple lines).


Warning: Warning: Contract code size is 51284 bytes and exceeds 24576 bytes (a limit introduced in Spurious Dragon). This contract may not be deployable on Mainnet. Consider enabling the optimizer (with a low "runs" value!), turning off revert strings, or using libraries.
  --> sol-tests/crowdfund/AuctionCrowdfund.t.sol:20:1:
   |
20 | contract AuctionCrowdfundTest is Test, TestUtils {
   | ^ (Relevant source part starts here and spans across multiple lines).


Warning: Warning: Contract code size is 41650 bytes and exceeds 24576 bytes (a limit introduced in Spurious Dragon). This contract may not be deployable on Mainnet. Consider enabling the optimizer (with a low "runs" value!), turning off revert strings, or using libraries.
  --> sol-tests/crowdfund/BuyCrowdfund.t.sol:19:1:
   |
19 | contract BuyCrowdfundTest is Test, TestUtils {
   | ^ (Relevant source part starts here and spans across multiple lines).


Warning: Warning: Contract code size is 78451 bytes and exceeds 24576 bytes (a limit introduced in Spurious Dragon). This contract may not be deployable on Mainnet. Consider enabling the optimizer (with a low "runs" value!), turning off revert strings, or using libraries.
  --> sol-tests/crowdfund/CollectionBatchBuyCrowdfund.t.sol:19:1:
   |
19 | contract CollectionBatchBuyCrowdfundTest is Test, TestUtils {
   | ^ (Relevant source part starts here and spans across multiple lines).


Warning: Warning: Contract code size is 30478 bytes and exceeds 24576 bytes (a limit introduced in Spurious Dragon). This contract may not be deployable on Mainnet. Consider enabling the optimizer (with a low "runs" value!), turning off revert strings, or using libraries.
 --> sol-tests/crowdfund/TestableCrowdfund.sol:6:1:
  |
6 | contract TestableCrowdfund is Crowdfund {
  | ^ (Relevant source part starts here and spans across multiple lines).


Warning: Warning: Contract code size is 118719 bytes and exceeds 24576 bytes (a limit introduced in Spurious Dragon). This contract may not be deployable on Mainnet. Consider enabling the optimizer (with a low "runs" value!), turning off revert strings, or using libraries.
  --> sol-tests/crowdfund/Crowdfund.t.sol:33:1:
   |
33 | contract CrowdfundTest is Test, TestUtils {
   | ^ (Relevant source part starts here and spans across multiple lines).


Warning: Warning: Contract code size is 56624 bytes and exceeds 24576 bytes (a limit introduced in Spurious Dragon). This contract may not be deployable on Mainnet. Consider enabling the optimizer (with a low "runs" value!), turning off revert strings, or using libraries.
  --> sol-tests/crowdfund/CrowdfundFactory.t.sol:20:1:
   |
20 | contract CrowdfundFactoryTest is Test, TestUtils {
   | ^ (Relevant source part starts here and spans across multiple lines).


Warning: Warning: Contract code size is 48584 bytes and exceeds 24576 bytes (a limit introduced in Spurious Dragon). This contract may not be deployable on Mainnet. Consider enabling the optimizer (with a low "runs" value!), turning off revert strings, or using libraries.
  --> sol-tests/crowdfund/InitialETHCrowdfund.t.sol:14:1:
   |
14 | contract InitialETHCrowdfundTest is Test, TestUtils, ERC721Receiver {
   | ^ (Relevant source part starts here and spans across multiple lines).


Warning: Warning: Contract code size is 64263 bytes and exceeds 24576 bytes (a limit introduced in Spurious Dragon). This contract may not be deployable on Mainnet. Consider enabling the optimizer (with a low "runs" value!), turning off revert strings, or using libraries.
  --> sol-tests/crowdfund/ReraiseETHCrowdfund.t.sol:14:1:
   |
14 | contract ReraiseETHCrowdfundTest is Test, TestUtils, ERC721Receiver {
   | ^ (Relevant source part starts here and spans across multiple lines).


Warning: Warning: Contract code size is 119119 bytes and exceeds 24576 bytes (a limit introduced in Spurious Dragon). This contract may not be deployable on Mainnet. Consider enabling the optimizer (with a low "runs" value!), turning off revert strings, or using libraries.
  --> sol-tests/crowdfund/RollingAuctionCrowdfund.t.sol:14:1:
   |
14 | contract RollingAuctionCrowdfundTest is TestUtils, ERC721Receiver {
   | ^ (Relevant source part starts here and spans across multiple lines).


Warning: Warning: Contract code size is 105774 bytes and exceeds 24576 bytes (a limit introduced in Spurious Dragon). This contract may not be deployable on Mainnet. Consider enabling the optimizer (with a low "runs" value!), turning off revert strings, or using libraries.
 --> sol-tests/crowdfund/RollingNounsCrowdfundForked.t.sol:8:1:
  |
8 | contract RollingNounsCrowdfundForkedTest is RollingAuctionCrowdfundTest {
  | ^ (Relevant source part starts here and spans across multiple lines).


Warning: Warning: Contract code size is 42426 bytes and exceeds 24576 bytes (a limit introduced in Spurious Dragon). This contract may not be deployable on Mainnet. Consider enabling the optimizer (with a low "runs" value!), turning off revert strings, or using libraries.
  --> sol-tests/distribution/TokenDistributor.t.sol:14:1:
   |
14 | contract TokenDistributorTest is Test, TestUtils {
   | ^ (Relevant source part starts here and spans across multiple lines).


Warning: Warning: Contract code size is 81021 bytes and exceeds 24576 bytes (a limit introduced in Spurious Dragon). This contract may not be deployable on Mainnet. Consider enabling the optimizer (with a low "runs" value!), turning off revert strings, or using libraries.
  --> sol-tests/distribution/TokenDistributorUnit.t.sol:70:1:
   |
70 | contract TokenDistributorUnitTest is Test, TestUtils {
   | ^ (Relevant source part starts here and spans across multiple lines).


Warning: Warning: Contract code size is 123321 bytes and exceeds 24576 bytes (a limit introduced in Spurious Dragon). This contract may not be deployable on Mainnet. Consider enabling the optimizer (with a low "runs" value!), turning off revert strings, or using libraries.
  --> sol-tests/party/PartyGovernance.t.sol:15:1:
   |
15 | contract PartyGovernanceTest is Test, TestUtils {
   | ^ (Relevant source part starts here and spans across multiple lines).


Warning: Warning: Contract code size is 27945 bytes and exceeds 24576 bytes (a limit introduced in Spurious Dragon). This contract may not be deployable on Mainnet. Consider enabling the optimizer (with a low "runs" value!), turning off revert strings, or using libraries.
  --> sol-tests/party/PartyGovernanceNFT.t.sol:21:1:
   |
21 | contract PartyGovernanceNFTTest is Test, TestUtils {
   | ^ (Relevant source part starts here and spans across multiple lines).


Warning: Warning: Contract code size is 42464 bytes and exceeds 24576 bytes (a limit introduced in Spurious Dragon). This contract may not be deployable on Mainnet. Consider enabling the optimizer (with a low "runs" value!), turning off revert strings, or using libraries.
  --> sol-tests/party/PartyGovernanceNFTUnit.sol:13:1:
   |
13 | contract TestablePartyGovernanceNFT is PartyGovernanceNFT {
   | ^ (Relevant source part starts here and spans across multiple lines).


Warning: Warning: Contract code size is 28933 bytes and exceeds 24576 bytes (a limit introduced in Spurious Dragon). This contract may not be deployable on Mainnet. Consider enabling the optimizer (with a low "runs" value!), turning off revert strings, or using libraries.
   --> sol-tests/party/PartyGovernanceUnit.t.sol:152:1:
    |
152 | contract TestablePartyGovernance is PartyGovernance {
    | ^ (Relevant source part starts here and spans across multiple lines).


Warning: Warning: Contract code size is 146228 bytes and exceeds 24576 bytes (a limit introduced in Spurious Dragon). This contract may not be deployable on Mainnet. Consider enabling the optimizer (with a low "runs" value!), turning off revert strings, or using libraries.
   --> sol-tests/party/PartyGovernanceUnit.t.sol:223:1:
    |
223 | contract PartyGovernanceUnitTest is Test, TestUtils {
    | ^ (Relevant source part starts here and spans across multiple lines).


Warning: Warning: Contract code size is 42132 bytes and exceeds 24576 bytes (a limit introduced in Spurious Dragon). This contract may not be deployable on Mainnet. Consider enabling the optimizer (with a low "runs" value!), turning off revert strings, or using libraries.
  --> sol-tests/proposals/ArbitraryCallsProposal.t.sol:56:1:
   |
56 | contract ArbitraryCallsProposalTest is
   | ^ (Relevant source part starts here and spans across multiple lines).


Warning: Warning: Contract code size is 78821 bytes and exceeds 24576 bytes (a limit introduced in Spurious Dragon). This contract may not be deployable on Mainnet. Consider enabling the optimizer (with a low "runs" value!), turning off revert strings, or using libraries.
  --> sol-tests/proposals/ListOnOpenseaProposalForked.t.sol:17:1:
   |
17 | contract ListOnOpenseaProposalForkedTest is Test, TestUtils, ZoraTestUtils, OpenseaTestUtils {
   | ^ (Relevant source part starts here and spans across multiple lines).


Warning: Warning: Contract code size is 146789 bytes and exceeds 24576 bytes (a limit introduced in Spurious Dragon). This contract may not be deployable on Mainnet. Consider enabling the optimizer (with a low "runs" value!), turning off revert strings, or using libraries.
  --> sol-tests/proposals/ListOnZoraProposalIntegration.t.sol:16:1:
   |
16 | contract ListOnZoraProposalIntegrationTest is Test, TestUtils, ZoraTestUtils {
   | ^ (Relevant source part starts here and spans across multiple lines).


Warning: Warning: Contract code size is 33067 bytes and exceeds 24576 bytes (a limit introduced in Spurious Dragon). This contract may not be deployable on Mainnet. Consider enabling the optimizer (with a low "runs" value!), turning off revert strings, or using libraries.
 --> sol-tests/proposals/TestableProposalExecutionEngine.sol:8:1:
  |
8 | contract TestableProposalExecutionEngine is ProposalExecutionEngine {
  | ^ (Relevant source part starts here and spans across multiple lines).


Warning: Warning: Contract code size is 56923 bytes and exceeds 24576 bytes (a limit introduced in Spurious Dragon). This contract may not be deployable on Mainnet. Consider enabling the optimizer (with a low "runs" value!), turning off revert strings, or using libraries.
  --> sol-tests/proposals/ProposalExecutionEngine.t.sol:15:1:
   |
15 | contract ProposalExecutionEngineTest is Test, TestUtils {
   | ^ (Relevant source part starts here and spans across multiple lines).


Warning: Warning: Contract code size is 49092 bytes and exceeds 24576 bytes (a limit introduced in Spurious Dragon). This contract may not be deployable on Mainnet. Consider enabling the optimizer (with a low "runs" value!), turning off revert strings, or using libraries.
  --> sol-tests/proposals/UpgradeProposalEngineForked.t.sol:13:1:
   |
13 | contract UpgradeProposalEngineForkedTest is Test, TestUtils {
   | ^ (Relevant source part starts here and spans across multiple lines).


Warning: Warning: Contract code size is 142990 bytes and exceeds 24576 bytes (a limit introduced in Spurious Dragon). This contract may not be deployable on Mainnet. Consider enabling the optimizer (with a low "runs" value!), turning off revert strings, or using libraries.
  --> sol-tests/utils/PartyGovernanceHelpers.t.sol:19:1:
   |
19 | contract PartyGovernanceHelpersTest is Test, TestUtils {
   | ^ (Relevant source part starts here and spans across multiple lines).



[mvscan-config] {"ATOMIC_GROUP": [], "DIVERGENCE_BUDGET": 1000, "ENABLE_BRANCH_GROUPS": true, "ENABLE_EXTERNAL_STATE": true, "ENABLE_MULTI_RETURN_GROUPS": true, "MAPPING_MODE": "precise", "MERGE_OVERLOADS": false, "MVSCAN_ABLATION": "full", "MVSCAN_CONTEXTUAL_KEYS": true, "MVSCAN_INCLUDE_SCALAR_WITNESSES": false, "MVSCAN_INTERFACE_DISPATCH": false, "MVSCAN_MAX_CONTEXTS_PER_OWNER_BLOCK": 128, "MVSCAN_MAX_DISPATCH_TARGETS": 16, "MVSCAN_REQUIRE_DISTINCT_OUTER_ROOTS": false, "MVSCAN_ROOT_CONTEXT_SINKS": false, "NOOP_WRITE_FILTER": true, "REQUIRE_SAME_SLOT_KEY": true, "SINK_TEST": "none", "USER_CALLABLE_ALWAYS": [], "USER_CALLABLE_DENY": []}
[mvscan-stage] icfg-built blocks=15270 vars=608
[mvscan-stage] root-seeding-done eligible_exposures=927 seeded=699 multi_exposure_entry_blocks=68 collapsed_contextual_aliases=228 excluded_dependency=0 excluded_interface=232 excluded_library=0 excluded_abstract=78 missing_entry_point=5 missing_entry_block=0
[mvscan-pairs] call_target_digest=60f9f76a435b37253667c6b4325b274e984ba4de10b10bae0fa99f5b9fd26064 candidate_count=660 candidate_digest=4a5cc5cfd393d0b52de522eb18ba93dc8f677644dfade10fb7d8d430c62d404d context_instance_count=89211 eligible_readers=207 eligible_writers=79 execution_context_digest=42d3208000d2b6951a115e4bd14fd0245bea08590486896458de79c14197fe94 insensitive_readers_filtered=1346 invalid_partial_write_filtered=0 must_full_relation_filtered=14932 omitted_member_evidence_filtered=0 omitted_member_not_sensitive_filtered=27536 owner_context_pairs=240028 owner_context_pairs_considered=1085295 raw_block_pairs=574 reader_witness_count=240028 relation_base_members_shadowed=38 relation_context_incompatible=403085 relation_digest=a1f058536ac7373f18f68ed35ecf1e6d35e56abc936e8aa47fb4955d0b65c7ff relation_members_raw=245 relation_origins_registered=30 relation_origins_rejected_unary_after_shadowing=145 relation_origins_rejected_unreachable=26 relation_origins_seen=175 relation_unbound_key_templates=88 root_context_sink_filtered=0 same_outer_root_filtered=0 same_static_block_filtered=12 scalar_variables_skipped=226 storage_context_mismatch=399714 variables_considered=256
INFO:Detectors:

[MV-SI candidate 003be10ac7199cbf1c2d] {maxTotalContributions, totalContributions}
 writer root       -> sol-tests/crowdfund/ReraiseETHCrowdfund.t.sol::ReraiseETHCrowdfundTest.test_finalize_belowMinTotalContributions()
 writer effect     -> contracts/crowdfund/ETHCrowdfundBase.sol:207
 written member    -> ('SV', 'contracts/crowdfund/ETHCrowdfundBase.sol', 'ETHCrowdfundBase.totalContributions')
 potentially stale -> ('SV', 'contracts/crowdfund/ETHCrowdfundBase.sol', 'ETHCrowdfundBase.maxTotalContributions')
 reader witnesses  -> 242
 storage exposures -> 1
[MV-SI candidate 0114a7ab9b7c1d7a7d08] {_governanceValues, mintedVotingPower}
 writer root       -> sol-tests/crowdfund/InitialETHCrowdfund.t.sol::InitialETHCrowdfundTest.test_contribute_mintNewCard()
 writer effect     -> contracts/party/PartyGovernanceNFT.sol:184
 written member    -> ('SV', 'contracts/party/PartyGovernanceNFT.sol', 'PartyGovernanceNFT.mintedVotingPower')
 potentially stale -> ('SV', 'contracts/party/PartyGovernance.sol', 'PartyGovernance._governanceValues')
 reader witnesses  -> 544
 storage exposures -> 1
[MV-SI candidate 0134c409f7d2871ba3ae] {_governanceValues, votingPowerByTokenId[$arg0]}
 writer root       -> contracts/crowdfund/ReraiseETHCrowdfund.sol::ReraiseETHCrowdfund.claim(uint256,address)
 writer effect     -> contracts/party/PartyGovernanceNFT.sol:185
 written member    -> ('MS', 'contracts/party/PartyGovernanceNFT.sol', 'PartyGovernanceNFT.votingPowerByTokenId', '$arg0')
 potentially stale -> ('SV', 'contracts/party/PartyGovernance.sol', 'PartyGovernance._governanceValues')
 reader witnesses  -> 272
 storage exposures -> 1
[MV-SI candidate 01672acfaa94c9c86ef2] {_governanceValues, mintedVotingPower}
 writer root       -> sol-tests/crowdfund/ReraiseETHCrowdfund.t.sol::ReraiseETHCrowdfundTest.test_claimMultiple_votingPowerOfCardBelowMin()
 writer effect     -> contracts/party/PartyGovernanceNFT.sol:196
 written member    -> ('SV', 'contracts/party/PartyGovernance.sol', 'PartyGovernance._governanceValues')
 potentially stale -> ('SV', 'contracts/party/PartyGovernanceNFT.sol', 'PartyGovernanceNFT.mintedVotingPower')
 reader witnesses  -> 766
 storage exposures -> 1
[MV-SI candidate 0258c2d4c0eb7b58a0ea] {minTotalContributions, totalContributions}
 writer root       -> sol-tests/crowdfund/InitialETHCrowdfund.t.sol::InitialETHCrowdfundTest.test_initialization_cannotReinitialize()
 writer effect     -> contracts/crowdfund/ETHCrowdfundBase.sol:221
 written member    -> ('SV', 'contracts/crowdfund/ETHCrowdfundBase.sol', 'ETHCrowdfundBase.totalContributions')
 potentially stale -> ('SV', 'contracts/crowdfund/ETHCrowdfundBase.sol', 'ETHCrowdfundBase.minTotalContributions')
 reader witnesses  -> 64
 storage exposures -> 1
[MV-SI candidate 028f2ff29fa4b32865db] {_governanceValues, votingPowerByTokenId[$arg0]}
 writer root       -> sol-tests/crowdfund/InitialETHCrowdfund.t.sol::InitialETHCrowdfundTest.test_finalize_onlyHostCanFinalizeEarlyWhenActive()
 writer effect     -> contracts/party/PartyGovernanceNFT.sol:196
 written member    -> ('SV', 'contracts/party/PartyGovernance.sol', 'PartyGovernance._governanceValues')
 potentially stale -> ('MS', 'contracts/party/PartyGovernanceNFT.sol', 'PartyGovernanceNFT.votingPowerByTokenId', '$arg0')
 reader witnesses  -> 62
 storage exposures -> 1
[MV-SI candidate 0378fcca2cf35d4a8a63] {_governanceValues, isAuthority[$sender]}
 writer root       -> sol-tests/crowdfund/InitialETHCrowdfund.t.sol::InitialETHCrowdfundTest.test_expiry_lost()
 writer effect     -> contracts/party/PartyGovernanceNFT.sol:196
 written member    -> ('SV', 'contracts/party/PartyGovernance.sol', 'PartyGovernance._governanceValues')
 potentially stale -> ('MS', 'contracts/party/PartyGovernanceNFT.sol', 'PartyGovernanceNFT.isAuthority', '$sender')
 reader witnesses  -> 139
 storage exposures -> 1
[MV-SI candidate 03cf0633f6d7db0eb7bb] {_governanceValues, votingPowerByTokenId[$arg0]}
 writer root       -> sol-tests/crowdfund/InitialETHCrowdfund.t.sol::InitialETHCrowdfundTest.test_contributeFor_works()
 writer effect     -> contracts/party/PartyGovernanceNFT.sol:185
 written member    -> ('MS', 'contracts/party/PartyGovernanceNFT.sol', 'PartyGovernanceNFT.votingPowerByTokenId', '$arg0')
 potentially stale -> ('SV', 'contracts/party/PartyGovernance.sol', 'PartyGovernance._governanceValues')
 reader witnesses  -> 272
 storage exposures -> 1
[MV-SI candidate 03d14fc062704a046ab3] {minTotalContributions, totalContributions}
 writer root       -> sol-tests/crowdfund/InitialETHCrowdfund.t.sol::InitialETHCrowdfundTest.test_contribute_aboveMaxContribution()
 writer effect     -> contracts/crowdfund/ETHCrowdfundBase.sol:207
 written member    -> ('SV', 'contracts/crowdfund/ETHCrowdfundBase.sol', 'ETHCrowdfundBase.totalContributions')
 potentially stale -> ('SV', 'contracts/crowdfund/ETHCrowdfundBase.sol', 'ETHCrowdfundBase.minTotalContributions')
 reader witnesses  -> 64
 storage exposures -> 1
[MV-SI candidate 0491b41a60adacd204b4] {_governanceValues, mintedVotingPower}
 writer root       -> sol-tests/crowdfund/ReraiseETHCrowdfund.t.sol::ReraiseETHCrowdfundTest.test_fundingSplit_contributionAndRefund()
 writer effect     -> contracts/party/PartyGovernanceNFT.sol:196
 written member    -> ('SV', 'contracts/party/PartyGovernance.sol', 'PartyGovernance._governanceValues')
 potentially stale -> ('SV', 'contracts/party/PartyGovernanceNFT.sol', 'PartyGovernanceNFT.mintedVotingPower')
 reader witnesses  -> 766
 storage exposures -> 1
[MV-SI candidate 049deaaf749977f8e3ca] {_governanceValues, votingPowerByTokenId[$arg0]}
 writer root       -> contracts/crowdfund/InitialETHCrowdfund.sol::InitialETHCrowdfund.contribute(address,bytes)
 writer effect     -> contracts/party/PartyGovernanceNFT.sol:196
 written member    -> ('SV', 'contracts/party/PartyGovernance.sol', 'PartyGovernance._governanceValues')
 potentially stale -> ('MS', 'contracts/party/PartyGovernanceNFT.sol', 'PartyGovernanceNFT.votingPowerByTokenId', '$arg0')
 reader witnesses  -> 31
 storage exposures -> 1
[MV-SI candidate 04bb35df61964ebed7ad] {_governanceValues, mintedVotingPower}
 writer root       -> sol-tests/crowdfund/InitialETHCrowdfund.t.sol::InitialETHCrowdfundTest.test_contribute_aboveMaxTotalContribution()
 writer effect     -> contracts/party/PartyGovernanceNFT.sol:184
 written member    -> ('SV', 'contracts/party/PartyGovernanceNFT.sol', 'PartyGovernanceNFT.mintedVotingPower')
 potentially stale -> ('SV', 'contracts/party/PartyGovernance.sol', 'PartyGovernance._governanceValues')
 reader witnesses  -> 544
 storage exposures -> 1
[MV-SI candidate 04bf2079ea472da98bc4] {minTotalContributions, totalContributions}
 writer root       -> sol-tests/crowdfund/ReraiseETHCrowdfund.t.sol::ReraiseETHCrowdfundTest.test_finalize_anyoneCanFinalizeWhenExpired()
 writer effect     -> contracts/crowdfund/ETHCrowdfundBase.sol:221
 written member    -> ('SV', 'contracts/crowdfund/ETHCrowdfundBase.sol', 'ETHCrowdfundBase.totalContributions')
 potentially stale -> ('SV', 'contracts/crowdfund/ETHCrowdfundBase.sol', 'ETHCrowdfundBase.minTotalContributions')
 reader witnesses  -> 88
 storage exposures -> 1
[MV-SI candidate 0535d9211b38d6628f90] {minTotalContributions, totalContributions}
 writer root       -> sol-tests/crowdfund/ReraiseETHCrowdfund.t.sol::ReraiseETHCrowdfundTest.test_batchContribute_works()
 writer effect     -> contracts/crowdfund/ETHCrowdfundBase.sol:221
 written member    -> ('SV', 'contracts/crowdfund/ETHCrowdfundBase.sol', 'ETHCrowdfundBase.totalContributions')
 potentially stale -> ('SV', 'contracts/crowdfund/ETHCrowdfundBase.sol', 'ETHCrowdfundBase.minTotalContributions')
 reader witnesses  -> 88
 storage exposures -> 1
[MV-SI candidate 0549f5e6ab6b3134ebd1] {_governanceValues, mintedVotingPower}
 writer root       -> sol-tests/crowdfund/Crowdfund.t.sol::CrowdfundTest.testWin_oneContributor_cannotBurnTwice()
 writer effect     -> contracts/party/PartyGovernanceNFT.sol:152
 written member    -> ('SV', 'contracts/party/PartyGovernanceNFT.sol', 'PartyGovernanceNFT.mintedVotingPower')
 potentially stale -> ('SV', 'contracts/party/PartyGovernance.sol', 'PartyGovernance._governanceValues')
 reader witnesses  -> 1088
 storage exposures -> 1
[MV-SI candidate 057ba040c34dbbd02c46] {minTotalContributions, totalContributions}
 writer root       -> sol-tests/crowdfund/ReraiseETHCrowdfund.t.sol::ReraiseETHCrowdfundTest.test_expiry_lost()
 writer effect     -> contracts/crowdfund/ETHCrowdfundBase.sol:221
 written member    -> ('SV', 'contracts/crowdfund/ETHCrowdfundBase.sol', 'ETHCrowdfundBase.totalContributions')
 potentially stale -> ('SV', 'contracts/crowdfund/ETHCrowdfundBase.sol', 'ETHCrowdfundBase.minTotalContributions')
 reader witnesses  -> 88
 storage exposures -> 1
[MV-SI candidate 058f1d323f4644bf452a] {minTotalContributions, totalContributions}
 writer root       -> sol-tests/crowdfund/InitialETHCrowdfund.t.sol::InitialETHCrowdfundTest.test_finalize_works()
 writer effect     -> contracts/crowdfund/ETHCrowdfundBase.sol:221
 written member    -> ('SV', 'contracts/crowdfund/ETHCrowdfundBase.sol', 'ETHCrowdfundBase.totalContributions')
 potentially stale -> ('SV', 'contracts/crowdfund/ETHCrowdfundBase.sol', 'ETHCrowdfundBase.minTotalContributions')
 reader witnesses  -> 64
 storage exposures -> 1
[MV-SI candidate 061651d0a289cb851a44] {_governanceValues, votingPowerByTokenId[$arg0]}
 writer root       -> contracts/crowdfund/ReraiseETHCrowdfund.sol::ReraiseETHCrowdfund.initialize(ETHCrowdfundBase.ETHCrowdfundOptions)
 writer effect     -> contracts/party/PartyGovernanceNFT.sol:196
 written member    -> ('SV', 'contracts/party/PartyGovernance.sol', 'PartyGovernance._governanceValues')
 potentially stale -> ('MS', 'contracts/party/PartyGovernanceNFT.sol', 'PartyGovernanceNFT.votingPowerByTokenId', '$arg0')
 reader witnesses  -> 31
 storage exposures -> 1
[MV-SI candidate 0617da5a9707fb9b9c72] {_governanceValues, mintedVotingPower}
 writer root       -> contracts/party/PartyGovernanceNFT.sol::PartyGovernanceNFT.addVotingPower(uint256,uint256)
 writer effect     -> contracts/party/PartyGovernanceNFT.sol:184
 written member    -> ('SV', 'contracts/party/PartyGovernanceNFT.sol', 'PartyGovernanceNFT.mintedVotingPower')
 potentially stale -> ('SV', 'contracts/party/PartyGovernance.sol', 'PartyGovernance._governanceValues')
 reader witnesses  -> 544
 storage exposures -> 1
[MV-SI candidate 078b485ef8e6a23b3af2] {_governanceValues, mintedVotingPower}
 writer root       -> sol-tests/crowdfund/InitialETHCrowdfund.t.sol::InitialETHCrowdfundTest.test_batchContribute_works()
 writer effect     -> contracts/party/PartyGovernanceNFT.sol:196
 written member    -> ('SV', 'contracts/party/PartyGovernance.sol', 'PartyGovernance._governanceValues')
 potentially stale -> ('SV', 'contracts/party/PartyGovernanceNFT.sol', 'PartyGovernanceNFT.mintedVotingPower')
 reader witnesses  -> 766
 storage exposures -> 1
[MV-SI candidate 079e0639f91b1e6c4f20] {_governanceValues, mintedVotingPower}
 writer root       -> sol-tests/crowdfund/AuctionCrowdfund.t.sol::AuctionCrowdfundTest.test_canRefundIfCrowdfundLosesWithBidsMade_finalized()
 writer effect     -> contracts/party/PartyGovernanceNFT.sol:152
 written member    -> ('SV', 'contracts/party/PartyGovernanceNFT.sol', 'PartyGovernanceNFT.mintedVotingPower')
 potentially stale -> ('SV', 'contracts/party/PartyGovernance.sol', 'PartyGovernance._governanceValues')
 reader witnesses  -> 1088
 storage exposures -> 1
[MV-SI candidate 07bbae51ea584e7d3b16] {_governanceValues, mintedVotingPower}
 writer root       -> sol-tests/crowdfund/ReraiseETHCrowdfund.t.sol::ReraiseETHCrowdfundTest.test_claim_aboveMax()
 writer effect     -> contracts/party/PartyGovernanceNFT.sol:152
 written member    -> ('SV', 'contracts/party/PartyGovernanceNFT.sol', 'PartyGovernanceNFT.mintedVotingPower')
 potentially stale -> ('SV', 'contracts/party/PartyGovernance.sol', 'PartyGovernance._governanceValues')
 reader witnesses  -> 544
 storage exposures -> 1
[MV-SI candidate 07e9d48a0fe17953547b] {_governanceValues, mintedVotingPower}
 writer root       -> sol-tests/crowdfund/InitialETHCrowdfund.t.sol::InitialETHCrowdfundTest.test_finalize_works()
 writer effect     -> contracts/party/PartyGovernanceNFT.sol:184
 written member    -> ('SV', 'contracts/party/PartyGovernanceNFT.sol', 'PartyGovernanceNFT.mintedVotingPower')
 potentially stale -> ('SV', 'contracts/party/PartyGovernance.sol', 'PartyGovernance._governanceValues')
 reader witnesses  -> 544
 storage exposures -> 1
[MV-SI candidate 07fef107b5cbe4ed9bf5] {_governanceValues, mintedVotingPower}
 writer root       -> sol-tests/utils/PartyGovernanceHelpers.t.sol::PartyGovernanceHelpersTest.testGetNftInfos()
 writer effect     -> contracts/party/PartyGovernanceNFT.sol:152
 written member    -> ('SV', 'contracts/party/PartyGovernanceNFT.sol', 'PartyGovernanceNFT.mintedVotingPower')
 potentially stale -> ('SV', 'contracts/party/PartyGovernance.sol', 'PartyGovernance._governanceValues')
 reader witnesses  -> 2176
 storage exposures -> 1
[MV-SI candidate 081d14f2867659f8a6e7] {minTotalContributions, totalContributions}
 writer root       -> sol-tests/crowdfund/ReraiseETHCrowdfund.t.sol::ReraiseETHCrowdfundTest.test_contribute_aboveMaxTotalContribution()
 writer effect     -> contracts/crowdfund/ETHCrowdfundBase.sol:207
 written member    -> ('SV', 'contracts/crowdfund/ETHCrowdfundBase.sol', 'ETHCrowdfundBase.totalContributions')
 potentially stale -> ('SV', 'contracts/crowdfund/ETHCrowdfundBase.sol', 'ETHCrowdfundBase.minTotalContributions')
 reader witnesses  -> 88
 storage exposures -> 1
[MV-SI candidate 084ef99ec69addf83e2e] {_governanceValues, votingPowerByTokenId[$arg0]}
 writer root       -> contracts/crowdfund/InitialETHCrowdfund.sol::InitialETHCrowdfund.initialize(InitialETHCrowdfund.InitialETHCrowdfundOptions,InitialETHCrowdfund.ETHPartyOptions)
 writer effect     -> contracts/party/PartyGovernanceNFT.sol:196
 written member    -> ('SV', 'contracts/party/PartyGovernance.sol', 'PartyGovernance._governanceValues')
 potentially stale -> ('MS', 'contracts/party/PartyGovernanceNFT.sol', 'PartyGovernanceNFT.votingPowerByTokenId', '$arg0')
 reader witnesses  -> 31
 storage exposures -> 1
[MV-SI candidate 0856a8bc557545fff34e] {maxTotalContributions, totalContributions}
 writer root       -> contracts/crowdfund/InitialETHCrowdfund.sol::InitialETHCrowdfund.initialize(InitialETHCrowdfund.InitialETHCrowdfundOptions,InitialETHCrowdfund.ETHPartyOptions)
 writer effect     -> contracts/crowdfund/ETHCrowdfundBase.sol:133
 written member    -> ('SV', 'contracts/crowdfund/ETHCrowdfundBase.sol', 'ETHCrowdfundBase.maxTotalContributions')
 potentially stale -> ('SV', 'contracts/crowdfund/ETHCrowdfundBase.sol', 'ETHCrowdfundBase.totalContributions')
 reader witnesses  -> 126
 storage exposures -> 1
[MV-SI candidate 08686f70bd9faef07bd6] {_governanceValues, mintedVotingPower}
 writer root       -> sol-tests/crowdfund/InitialETHCrowdfund.t.sol::InitialETHCrowdfundTest.test_finalize_works()
 writer effect     -> contracts/party/PartyGovernanceNFT.sol:152
 written member    -> ('SV', 'contracts/party/PartyGovernanceNFT.sol', 'PartyGovernanceNFT.mintedVotingPower')
 potentially stale -> ('SV', 'contracts/party/PartyGovernance.sol', 'PartyGovernance._governanceValues')
 reader witnesses  -> 544
 storage exposures -> 1
[MV-SI candidate 08f34f46b28b5ff82991] {minTotalContributions, totalContributions}
 writer root       -> sol-tests/crowdfund/ReraiseETHCrowdfund.t.sol::ReraiseETHCrowdfundTest.test_contribute_belowMinContribution()
 writer effect     -> contracts/crowdfund/ETHCrowdfundBase.sol:221
 written member    -> ('SV', 'contracts/crowdfund/ETHCrowdfundBase.sol', 'ETHCrowdfundBase.totalContributions')
 potentially stale -> ('SV', 'contracts/crowdfund/ETHCrowdfundBase.sol', 'ETHCrowdfundBase.minTotalContributions')
 reader witnesses  -> 88
 storage exposures -> 1
[MV-SI candidate 09abcd96c94f7c697892] {_governanceValues, votingPowerByTokenId[$arg0]}
 writer root       -> sol-tests/crowdfund/InitialETHCrowdfund.t.sol::InitialETHCrowdfundTest.test_contribute_afterLost()
 writer effect     -> contracts/party/PartyGovernanceNFT.sol:185
 written member    -> ('MS', 'contracts/party/PartyGovernanceNFT.sol', 'PartyGovernanceNFT.votingPowerByTokenId', '$arg0')
 potentially stale -> ('SV', 'contracts/party/PartyGovernance.sol', 'PartyGovernance._governanceValues')
 reader witnesses  -> 272
 storage exposures -> 1
[MV-SI candidate 09f6b172647bc570af01] {maxTotalContributions, totalContributions}
 writer root       -> sol-tests/crowdfund/ReraiseETHCrowdfund.t.sol::ReraiseETHCrowdfundTest.test_fundingSplit_contributionAndRefund()
 writer effect     -> contracts/crowdfund/ETHCrowdfundBase.sol:207
 written member    -> ('SV', 'contracts/crowdfund/ETHCrowdfundBase.sol', 'ETHCrowdfundBase.totalContributions')
 potentially stale -> ('SV', 'contracts/crowdfund/ETHCrowdfundBase.sol', 'ETHCrowdfundBase.maxTotalContributions')
 reader witnesses  -> 242
 storage exposures -> 1
[MV-SI candidate 0a2a405b342091833946] {minTotalContributions, totalContributions}
 writer root       -> sol-tests/crowdfund/InitialETHCrowdfund.t.sol::InitialETHCrowdfundTest.test_finalize_belowMinTotalContributions()
 writer effect     -> contracts/crowdfund/ETHCrowdfundBase.sol:221
 written member    -> ('SV', 'contracts/crowdfund/ETHCrowdfundBase.sol', 'ETHCrowdfundBase.totalContributions')
 potentially stale -> ('SV', 'contracts/crowdfund/ETHCrowdfundBase.sol', 'ETHCrowdfundBase.minTotalContributions')
 reader witnesses  -> 64
 storage exposures -> 1
[MV-SI candidate 0a3ea707fa45b3db5e5d] {_governanceValues, mintedVotingPower}
 writer root       -> sol-tests/crowdfund/InitialETHCrowdfund.t.sol::InitialETHCrowdfundTest.test_refund_works()
 writer effect     -> contracts/party/PartyGovernanceNFT.sol:196
 written member    -> ('SV', 'contracts/party/PartyGovernance.sol', 'PartyGovernance._governanceValues')
 potentially stale -> ('SV', 'contracts/party/PartyGovernanceNFT.sol', 'PartyGovernanceNFT.mintedVotingPower')
 reader witnesses  -> 766
 storage exposures -> 1
[MV-SI candidate 0a4340a37bf013fabf38] {_governanceValues, votingPowerByTokenId[$arg0]}
 writer root       -> sol-tests/crowdfund/InitialETHCrowdfund.t.sol::InitialETHCrowdfundTest.test_contribute_belowMinContribution()
 writer effect     -> contracts/party/PartyGovernanceNFT.sol:185
 written member    -> ('MS', 'contracts/party/PartyGovernanceNFT.sol', 'PartyGovernanceNFT.votingPowerByTokenId', '$arg0')
 potentially stale -> ('SV', 'contracts/party/PartyGovernance.sol', 'PartyGovernance._governanceValues')
 reader witnesses  -> 272
 storage exposures -> 1
[MV-SI candidate 0a4fc6759db4ac19b2d1] {minTotalContributions, totalContributions}
 writer root       -> sol-tests/crowdfund/ReraiseETHCrowdfund.t.sol::ReraiseETHCrowdfundTest.test_contribute_twiceDoesNotMintAnotherCrowdfundNFT()
 writer effect     -> contracts/crowdfund/ETHCrowdfundBase.sol:207
 written member    -> ('SV', 'contracts/crowdfund/ETHCrowdfundBase.sol', 'ETHCrowdfundBase.totalContributions')
 potentially stale -> ('SV', 'contracts/crowdfund/ETHCrowdfundBase.sol', 'ETHCrowdfundBase.minTotalContributions')
 reader witnesses  -> 88
 storage exposures -> 1
[MV-SI candidate 0ab63cd10d58d97144f7] {_governanceValues, mintedVotingPower}
 writer root       -> sol-tests/crowdfund/InitialETHCrowdfund.t.sol::InitialETHCrowdfundTest.test_contribute_addVotingPowerToExistingCard()
 writer effect     -> contracts/party/PartyGovernanceNFT.sol:184
 written member    -> ('SV', 'contracts/party/PartyGovernanceNFT.sol', 'PartyGovernanceNFT.mintedVotingPower')
 potentially stale -> ('SV', 'contracts/party/PartyGovernance.sol', 'PartyGovernance._governanceValues')
 reader witnesses  -> 1088
 storage exposures -> 1
[MV-SI candidate 0b55a9967f7b03a9c2db] {minTotalContributions, totalContributions}
 writer root       -> sol-tests/crowdfund/ReraiseETHCrowdfund.t.sol::ReraiseETHCrowdfundTest.test_refund_notLost()
 writer effect     -> contracts/crowdfund/ETHCrowdfundBase.sol:221
 written member    -> ('SV', 'contracts/crowdfund/ETHCrowdfundBase.sol', 'ETHCrowdfundBase.totalContributions')
 potentially stale -> ('SV', 'contracts/crowdfund/ETHCrowdfundBase.sol', 'ETHCrowdfundBase.minTotalContributions')
 reader witnesses  -> 88
 storage exposures -> 1
[MV-SI candidate 0bfc4bc41addd061c648] {_governanceValues, mintedVotingPower}
 writer root       -> sol-tests/crowdfund/InitialETHCrowdfund.t.sol::InitialETHCrowdfundTest.test_expiry_won()
 writer effect     -> contracts/party/PartyGovernanceNFT.sol:196
 written member    -> ('SV', 'contracts/party/PartyGovernance.sol', 'PartyGovernance._governanceValues')
 potentially stale -> ('SV', 'contracts/party/PartyGovernanceNFT.sol', 'PartyGovernanceNFT.mintedVotingPower')
 reader witnesses  -> 766
 storage exposures -> 1
[MV-SI candidate 0c5e9fc881e916ae92b8] {_governanceValues, votingPowerByTokenId[$arg0]}
 writer root       -> sol-tests/crowdfund/InitialETHCrowdfund.t.sol::InitialETHCrowdfundTest.test_contribute_mintNewCard()
 writer effect     -> contracts/party/PartyGovernanceNFT.sol:196
 written member    -> ('SV', 'contracts/party/PartyGovernance.sol', 'PartyGovernance._governanceValues')
 potentially stale -> ('MS', 'contracts/party/PartyGovernanceNFT.sol', 'PartyGovernanceNFT.votingPowerByTokenId', '$arg0')
 reader witnesses  -> 31
 storage exposures -> 1
[MV-SI candidate 0cb1a3d9e01c135e29c8] {minTotalContributions, totalContributions}
 writer root       -> sol-tests/crowdfund/InitialETHCrowdfund.t.sol::InitialETHCrowdfundTest.test_contributeFor_doesNotUpdateExistingDelegation()
 writer effect     -> contracts/crowdfund/ETHCrowdfundBase.sol:221
 written member    -> ('SV', 'contracts/crowdfund/ETHCrowdfundBase.sol', 'ETHCrowdfundBase.totalContributions')
 potentially stale -> ('SV', 'contracts/crowdfund/ETHCrowdfundBase.sol', 'ETHCrowdfundBase.minTotalContributions')
 reader witnesses  -> 128
 storage exposures -> 1
[MV-SI candidate 0dd238c4f870e72ccffa] {_governanceValues, votingPowerByTokenId[$arg0]}
 writer root       -> contracts/crowdfund/ReraiseETHCrowdfund.sol::ReraiseETHCrowdfund.claim(address)
 writer effect     -> contracts/party/PartyGovernanceNFT.sol:185
 written member    -> ('MS', 'contracts/party/PartyGovernanceNFT.sol', 'PartyGovernanceNFT.votingPowerByTokenId', '$arg0')
 potentially stale -> ('SV', 'contracts/party/PartyGovernance.sol', 'PartyGovernance._governanceValues')
 reader witnesses  -> 272
 storage exposures -> 1
[MV-SI candidate 0de0837b35400ea0ba6a] {maxTotalContributions, totalContributions}
 writer root       -> sol-tests/crowdfund/ReraiseETHCrowdfund.t.sol::ReraiseETHCrowdfundTest.test_batchClaimMultiple_works()
 writer effect     -> contracts/crowdfund/ETHCrowdfundBase.sol:207
 written member    -> ('SV', 'contracts/crowdfund/ETHCrowdfundBase.sol', 'ETHCrowdfundBase.totalContributions')
 potentially stale -> ('SV', 'contracts/crowdfund/ETHCrowdfundBase.sol', 'ETHCrowdfundBase.maxTotalContributions')
 reader witnesses  -> 242
 storage exposures -> 1
[MV-SI candidate 0e0328ef7045d0987849] {_governanceValues, mintedVotingPower}
 writer root       -> sol-tests/crowdfund/ReraiseETHCrowdfund.t.sol::ReraiseETHCrowdfundTest.test_contribute_belowMinContribution()
 writer effect     -> contracts/party/PartyGovernanceNFT.sol:196
 written member    -> ('SV', 'contracts/party/PartyGovernance.sol', 'PartyGovernance._governanceValues')
 potentially stale -> ('SV', 'contracts/party/PartyGovernanceNFT.sol', 'PartyGovernanceNFT.mintedVotingPower')
 reader witnesses  -> 766
 storage exposures -> 1
[MV-SI candidate 0e8688006690664d73bc] {minTotalContributions, totalContributions}
 writer root       -> sol-tests/crowdfund/ReraiseETHCrowdfund.t.sol::ReraiseETHCrowdfundTest.test_batchRefund_works()
 writer effect     -> contracts/crowdfund/ETHCrowdfundBase.sol:207
 written member    -> ('SV', 'contracts/crowdfund/ETHCrowdfundBase.sol', 'ETHCrowdfundBase.totalContributions')
 potentially stale -> ('SV', 'contracts/crowdfund/ETHCrowdfundBase.sol', 'ETHCrowdfundBase.minTotalContributions')
 reader witnesses  -> 88
 storage exposures -> 1
[MV-SI candidate 0e8a7d9b70f5e4b0eaca] {maxTotalContributions, totalContributions}
 writer root       -> contracts/crowdfund/ReraiseETHCrowdfund.sol::ReraiseETHCrowdfund.batchContribute(ReraiseETHCrowdfund.BatchContributeArgs)
 writer effect     -> contracts/crowdfund/ETHCrowdfundBase.sol:207
 written member    -> ('SV', 'contracts/crowdfund/ETHCrowdfundBase.sol', 'ETHCrowdfundBase.totalContributions')
 potentially stale -> ('SV', 'contracts/crowdfund/ETHCrowdfundBase.sol', 'ETHCrowdfundBase.maxTotalContributions')
 reader witnesses  -> 242
 storage exposures -> 1
[MV-SI candidate 0ea46f76a331ac244d06] {_governanceValues, votingPowerByTokenId[$arg0]}
 writer root       -> sol-tests/crowdfund/ReraiseETHCrowdfund.t.sol::ReraiseETHCrowdfundTest.test_contributeFor_works()
 writer effect     -> contracts/party/PartyGovernanceNFT.sol:196
 written member    -> ('SV', 'contracts/party/PartyGovernance.sol', 'PartyGovernance._governanceValues')
 potentially stale -> ('MS', 'contracts/party/PartyGovernanceNFT.sol', 'PartyGovernanceNFT.votingPowerByTokenId', '$arg0')
 reader witnesses  -> 31
 storage exposures -> 1
[MV-SI candidate 0f1f2b0508792dc82864] {maxTotalContributions, totalContributions}
 writer root       -> sol-tests/crowdfund/ReraiseETHCrowdfund.t.sol::ReraiseETHCrowdfundTest.test_initialization_cannotReinitialize()
 writer effect     -> contracts/crowdfund/ETHCrowdfundBase.sol:133
 written member    -> ('SV', 'contracts/crowdfund/ETHCrowdfundBase.sol', 'ETHCrowdfundBase.maxTotalContributions')
 potentially stale -> ('SV', 'contracts/crowdfund/ETHCrowdfundBase.sol', 'ETHCrowdfundBase.totalContributions')
 reader witnesses  -> 166
 storage exposures -> 1
[MV-SI candidate 0f9a8f818466d8177645] {minTotalContributions, totalContributions}
 writer root       -> sol-tests/crowdfund/ReraiseETHCrowdfund.t.sol::ReraiseETHCrowdfundTest.test_contributeFor_doesNotUpdateExistingDelegation()
 writer effect     -> contracts/crowdfund/ETHCrowdfundBase.sol:207
 written member    -> ('SV', 'contracts/crowdfund/ETHCrowdfundBase.sol', 'ETHCrowdfundBase.totalContributions')
 potentially stale -> ('SV', 'contracts/crowdfund/ETHCrowdfundBase.sol', 'ETHCrowdfundBase.minTotalContributions')
 reader witnesses  -> 176
 storage exposures -> 1
[MV-SI candidate 0fdf73ad3dfefccc1f09] {_governanceValues, mintedVotingPower}
 writer root       -> sol-tests/crowdfund/ReraiseETHCrowdfund.t.sol::ReraiseETHCrowdfundTest.test_batchRefund_works()
 writer effect     -> contracts/party/PartyGovernanceNFT.sol:196
 written member    -> ('SV', 'contracts/party/PartyGovernance.sol', 'PartyGovernance._governanceValues')
 potentially stale -> ('SV', 'contracts/party/PartyGovernanceNFT.sol', 'PartyGovernanceNFT.mintedVotingPower')
 reader witnesses  -> 766
 storage exposures -> 1
[MV-SI candidate 0ff0d4f1a6e3fc9a570e] {_governanceValues, mintedVotingPower}
 writer root       -> sol-tests/crowdfund/ReraiseETHCrowdfund.t.sol::ReraiseETHCrowdfundTest.test_contributeFor_doesNotUpdateExistingDelegation()
 writer effect     -> contracts/party/PartyGovernanceNFT.sol:196
 written member    -> ('SV', 'contracts/party/PartyGovernance.sol', 'PartyGovernance._governanceValues')
 potentially stale -> ('SV', 'contracts/party/PartyGovernanceNFT.sol', 'PartyGovernanceNFT.mintedVotingPower')
 reader witnesses  -> 766
 storage exposures -> 1
[MV-SI candidate 100ef403594157f850bc] {_governanceValues, isAuthority[$sender]}
 writer root       -> sol-tests/crowdfund/ReraiseETHCrowdfund.t.sol::ReraiseETHCrowdfundTest.test_claimMultiple_works()
 writer effect     -> contracts/party/PartyGovernanceNFT.sol:196
 written member    -> ('SV', 'contracts/party/PartyGovernance.sol', 'PartyGovernance._governanceValues')
 potentially stale -> ('MS', 'contracts/party/PartyGovernanceNFT.sol', 'PartyGovernanceNFT.isAuthority', '$sender')
 reader witnesses  -> 139
 storage exposures -> 1
[MV-SI candidate 10c21004a71ae78db5df] {_governanceValues, isAuthority[$sender]}
 writer root       -> sol-tests/crowdfund/ReraiseETHCrowdfund.t.sol::ReraiseETHCrowdfundTest.test_finalize_onlyHostCanFinalizeEarlyWhenActive()
 writer effect     -> contracts/party/PartyGovernanceNFT.sol:196
 written member    -> ('SV', 'contracts/party/PartyGovernance.sol', 'PartyGovernance._governanceValues')
 potentially stale -> ('MS', 'contracts/party/PartyGovernanceNFT.sol', 'PartyGovernanceNFT.isAuthority', '$sender')
 reader witnesses  -> 278
 storage exposures -> 1
[MV-SI candidate 11177e9171aeabb75f3c] {_governanceValues, mintedVotingPower}
 writer root       -> sol-tests/TestUsers.sol::PartyAdmin.mintGovNft(Party,address,uint256)
 writer effect     -> contracts/party/PartyGovernanceNFT.sol:152
 written member    -> ('SV', 'contracts/party/PartyGovernanceNFT.sol', 'PartyGovernanceNFT.mintedVotingPower')
 potentially stale -> ('SV', 'contracts/party/PartyGovernance.sol', 'PartyGovernance._governanceValues')
 reader witnesses  -> 544
 storage exposures -> 1
[MV-SI candidate 11361a9aba33122aeb88] {_governanceValues, isAuthority[$sender]}
 writer root       -> sol-tests/crowdfund/InitialETHCrowdfund.t.sol::InitialETHCrowdfundTest.test_fee_contributionAndRefund()
 writer effect     -> contracts/party/PartyGovernanceNFT.sol:196
 written member    -> ('SV', 'contracts/party/PartyGovernance.sol', 'PartyGovernance._governanceValues')
 potentially stale -> ('MS', 'contracts/party/PartyGovernanceNFT.sol', 'PartyGovernanceNFT.isAuthority', '$sender')
 reader witnesses  -> 139
 storage exposures -> 1
[MV-SI candidate 122d9bb34325950e8144] {_governanceValues, votingPowerByTokenId[$arg0]}
 writer root       -> sol-tests/crowdfund/InitialETHCrowdfund.t.sol::InitialETHCrowdfundTest.test_contribute_belowMinContribution()
 writer effect     -> contracts/party/PartyGovernanceNFT.sol:196
 written member    -> ('SV', 'contracts/party/PartyGovernance.sol', 'PartyGovernance._governanceValues')
 potentially stale -> ('MS', 'contracts/party/PartyGovernanceNFT.sol', 'PartyGovernanceNFT.votingPowerByTokenId', '$arg0')
 reader witnesses  -> 31
 storage exposures -> 1
[MV-SI candidate 127291e6d2ab431faa89] {maxTotalContributions, totalContributions}
 writer root       -> sol-tests/crowdfund/ReraiseETHCrowdfund.t.sol::ReraiseETHCrowdfundTest.test_contribute_noContribution()
 writer effect     -> contracts/crowdfund/ETHCrowdfundBase.sol:207
 written member    -> ('SV', 'contracts/crowdfund/ETHCrowdfundBase.sol', 'ETHCrowdfundBase.totalContributions')
 potentially stale -> ('SV', 'contracts/crowdfund/ETHCrowdfundBase.sol', 'ETHCrowdfundBase.maxTotalContributions')
 reader witnesses  -> 242
 storage exposures -> 1
[MV-SI candidate 12ec7ba4e7ce8e3cd977] {_governanceValues, mintedVotingPower}
 writer root       -> contracts/crowdfund/InitialETHCrowdfund.sol::InitialETHCrowdfund.contribute(uint256,address,bytes)
 writer effect     -> contracts/party/PartyGovernanceNFT.sol:184
 written member    -> ('SV', 'contracts/party/PartyGovernanceNFT.sol', 'PartyGovernanceNFT.mintedVotingPower')
 potentially stale -> ('SV', 'contracts/party/PartyGovernance.sol', 'PartyGovernance._governanceValues')
 reader witnesses  -> 544
 storage exposures -> 1
[MV-SI candidate 1373b4b10a9b6887ee7e] {_governanceValues, isAuthority[$sender]}
 writer root       -> sol-tests/crowdfund/InitialETHCrowdfund.t.sol::InitialETHCrowdfundTest.test_batchRefund_works()
 writer effect     -> contracts/party/PartyGovernanceNFT.sol:196
 written member    -> ('SV', 'contracts/party/PartyGovernance.sol', 'PartyGovernance._governanceValues')
 potentially stale -> ('MS', 'contracts/party/PartyGovernanceNFT.sol', 'PartyGovernanceNFT.isAuthority', '$sender')
 reader witnesses  -> 139
 storage exposures -> 1
[MV-SI candidate 14235673be8ee8339cbe] {_governanceValues, mintedVotingPower}
 writer root       -> sol-tests/crowdfund/InitialETHCrowdfund.t.sol::InitialETHCrowdfundTest.test_contribute_mintNewCard()
 writer effect     -> contracts/party/PartyGovernanceNFT.sol:196
 written member    -> ('SV', 'contracts/party/PartyGovernance.sol', 'PartyGovernance._governanceValues')
 potentially stale -> ('SV', 'contracts/party/PartyGovernanceNFT.sol', 'PartyGovernanceNFT.mintedVotingPower')
 reader witnesses  -> 766
 storage exposures -> 1
[MV-SI candidate 1471cf039aae68e3355e] {_governanceValues, mintedVotingPower}
 writer root       -> sol-tests/crowdfund/InitialETHCrowdfund.t.sol::InitialETHCrowdfundTest.test_contribute_belowMinContribution()
 writer effect     -> contracts/party/PartyGovernanceNFT.sol:196
 written member    -> ('SV', 'contracts/party/PartyGovernance.sol', 'PartyGovernance._governanceValues')
 potentially stale -> ('SV', 'contracts/party/PartyGovernanceNFT.sol', 'PartyGovernanceNFT.mintedVotingPower')
 reader witnesses  -> 766
 storage exposures -> 1
[MV-SI candidate 147be5aefeeab3357832] {_governanceValues, mintedVotingPower}
 writer root       -> sol-tests/crowdfund/InitialETHCrowdfund.t.sol::InitialETHCrowdfundTest.test_contribute_afterLost()
 writer effect     -> contracts/party/PartyGovernanceNFT.sol:184
 written member    -> ('SV', 'contracts/party/PartyGovernanceNFT.sol', 'PartyGovernanceNFT.mintedVotingPower')
 potentially stale -> ('SV', 'contracts/party/PartyGovernance.sol', 'PartyGovernance._governanceValues')
 reader witnesses  -> 544
 storage exposures -> 1
[MV-SI candidate 14ce1e77f4b2672679ad] {maxTotalContributions, totalContributions}
 writer root       -> sol-tests/crowdfund/ReraiseETHCrowdfund.t.sol::ReraiseETHCrowdfundTest.test_finalize_onlyHostCanFinalizeEarlyWhenActive()
 writer effect     -> contracts/crowdfund/ETHCrowdfundBase.sol:221
 written member    -> ('SV', 'contracts/crowdfund/ETHCrowdfundBase.sol', 'ETHCrowdfundBase.totalContributions')
 potentially stale -> ('SV', 'contracts/crowdfund/ETHCrowdfundBase.sol', 'ETHCrowdfundBase.maxTotalContributions')
 reader witnesses  -> 242
 storage exposures -> 1
[MV-SI candidate 151481f364e5113deb8f] {maxTotalContributions, totalContributions}
 writer root       -> sol-tests/crowdfund/ReraiseETHCrowdfund.t.sol::ReraiseETHCrowdfundTest.test_claim_mintNewCard()
 writer effect     -> contracts/crowdfund/ETHCrowdfundBase.sol:207
 written member    -> ('SV', 'contracts/crowdfund/ETHCrowdfundBase.sol', 'ETHCrowdfundBase.totalContributions')
 potentially stale -> ('SV', 'contracts/crowdfund/ETHCrowdfundBase.sol', 'ETHCrowdfundBase.maxTotalContributions')
 reader witnesses  -> 242
 storage exposures -> 1
[MV-SI candidate 1532889db088cd83c2f9] {minTotalContributions, totalContributions}
 writer root       -> sol-tests/crowdfund/InitialETHCrowdfund.t.sol::InitialETHCrowdfundTest.test_contribute_mintNewCard_withDisableContributingForExistingCard()
 writer effect     -> contracts/crowdfund/ETHCrowdfundBase.sol:221
 written member    -> ('SV', 'contracts/crowdfund/ETHCrowdfundBase.sol', 'ETHCrowdfundBase.totalContributions')
 potentially stale -> ('SV', 'contracts/crowdfund/ETHCrowdfundBase.sol', 'ETHCrowdfundBase.minTotalContributions')
 reader witnesses  -> 64
 storage exposures -> 1
[MV-SI candidate 169a395a5951d1a57a59] {minTotalContributions, totalContributions}
 writer root       -> sol-tests/crowdfund/ReraiseETHCrowdfund.t.sol::ReraiseETHCrowdfundTest.test_refund_notLost()
 writer effect     -> contracts/crowdfund/ETHCrowdfundBase.sol:207
 written member    -> ('SV', 'contracts/crowdfund/ETHCrowdfundBase.sol', 'ETHCrowdfundBase.totalContributions')
 potentially stale -> ('SV', 'contracts/crowdfund/ETHCrowdfundBase.sol', 'ETHCrowdfundBase.minTotalContributions')
 reader witnesses  -> 88
 storage exposures -> 1
[MV-SI candidate 16c4aacc7318b479c8a1] {_governanceValues, isAuthority[$sender]}
 writer root       -> sol-tests/crowdfund/ReraiseETHCrowdfund.t.sol::ReraiseETHCrowdfundTest.test_claimMultiple_cannotClaimMoreThanVotingPower()
 writer effect     -> contracts/party/PartyGovernanceNFT.sol:196
 written member    -> ('SV', 'contracts/party/PartyGovernance.sol', 'PartyGovernance._governanceValues')
 potentially stale -> ('MS', 'contracts/party/PartyGovernanceNFT.sol', 'PartyGovernanceNFT.isAuthority', '$sender')
 reader witnesses  -> 139
 storage exposures -> 1
[MV-SI candidate 16d222f3b88f600a9326] {_governanceValues, mintedVotingPower}
 writer root       -> sol-tests/crowdfund/ReraiseETHCrowdfund.t.sol::ReraiseETHCrowdfundTest.test_batchContribute_works()
 writer effect     -> contracts/party/PartyGovernanceNFT.sol:196
 written member    -> ('SV', 'contracts/party/PartyGovernance.sol', 'PartyGovernance._governanceValues')
 potentially stale -> ('SV', 'contracts/party/PartyGovernanceNFT.sol', 'PartyGovernanceNFT.mintedVotingPower')
 reader witnesses  -> 766
 storage exposures -> 1
[MV-SI candidate 17f8174de89c61620765] {maxTotalContributions, totalContributions}
 writer root       -> sol-tests/crowdfund/ReraiseETHCrowdfund.t.sol::ReraiseETHCrowdfundTest.test_claim_mintNewCard()
 writer effect     -> contracts/crowdfund/ETHCrowdfundBase.sol:221
 written member    -> ('SV', 'contracts/crowdfund/ETHCrowdfundBase.sol', 'ETHCrowdfundBase.totalContributions')
 potentially stale -> ('SV', 'contracts/crowdfund/ETHCrowdfundBase.sol', 'ETHCrowdfundBase.maxTotalContributions')
 reader witnesses  -> 242
 storage exposures -> 1
[MV-SI candidate 182e63346e4cc869c96a] {minTotalContributions, totalContributions}
 writer root       -> sol-tests/crowdfund/InitialETHCrowdfund.t.sol::InitialETHCrowdfundTest.test_initialization_cannotReinitialize()
 writer effect     -> contracts/crowdfund/ETHCrowdfundBase.sol:125
 written member    -> ('SV', 'contracts/crowdfund/ETHCrowdfundBase.sol', 'ETHCrowdfundBase.minTotalContributions')
 potentially stale -> ('SV', 'contracts/crowdfund/ETHCrowdfundBase.sol', 'ETHCrowdfundBase.totalContributions')
 reader witnesses  -> 126
 storage exposures -> 1
[MV-SI candidate 1843edf47da93f9b3d91] {_governanceValues, mintedVotingPower}
 writer root       -> sol-tests/crowdfund/InitialETHCrowdfund.t.sol::InitialETHCrowdfundTest.test_refund_notLost()
 writer effect     -> contracts/party/PartyGovernanceNFT.sol:218
 written member    -> ('SV', 'contracts/party/PartyGovernanceNFT.sol', 'PartyGovernanceNFT.mintedVotingPower')
 potentially stale -> ('SV', 'contracts/party/PartyGovernance.sol', 'PartyGovernance._governanceValues')
 reader witnesses  -> 544
 storage exposures -> 1
[MV-SI candidate 18b0c7d98b6f35184770] {_governanceValues, isAuthority[$sender]}
 writer root       -> sol-tests/crowdfund/ReraiseETHCrowdfund.t.sol::ReraiseETHCrowdfundTest.test_finalize_belowMinTotalContributions()
 writer effect     -> contracts/party/PartyGovernanceNFT.sol:196
 written member    -> ('SV', 'contracts/party/PartyGovernance.sol', 'PartyGovernance._governanceValues')
 potentially stale -> ('MS', 'contracts/party/PartyGovernanceNFT.sol', 'PartyGovernanceNFT.isAuthority', '$sender')
 reader witnesses  -> 278
 storage exposures -> 1
[MV-SI candidate 198e8a64acb718d8259c] {_governanceValues, isAuthority[$sender]}
 writer root       -> sol-tests/crowdfund/InitialETHCrowdfund.t.sol::InitialETHCrowdfundTest.test_expiry_won()
 writer effect     -> contracts/party/PartyGovernanceNFT.sol:196
 written member    -> ('SV', 'contracts/party/PartyGovernance.sol', 'PartyGovernance._governanceValues')
 potentially stale -> ('MS', 'contracts/party/PartyGovernanceNFT.sol', 'PartyGovernanceNFT.isAuthority', '$sender')
 reader witnesses  -> 139
 storage exposures -> 1
[MV-SI candidate 19db60b6e729df3df491] {maxTotalContributions, totalContributions}
 writer root       -> sol-tests/crowdfund/ReraiseETHCrowdfund.t.sol::ReraiseETHCrowdfundTest.test_contribute_noContribution()
 writer effect     -> contracts/crowdfund/ETHCrowdfundBase.sol:221
 written member    -> ('SV', 'contracts/crowdfund/ETHCrowdfundBase.sol', 'ETHCrowdfundBase.totalContributions')
 potentially stale -> ('SV', 'contracts/crowdfund/ETHCrowdfundBase.sol', 'ETHCrowdfundBase.maxTotalContributions')
 reader witnesses  -> 242
 storage exposures -> 1
[MV-SI candidate 19f039935ff1ca42a1dd] {maxTotalContributions, totalContributions}
 writer root       -> sol-tests/crowdfund/ReraiseETHCrowdfund.t.sol::ReraiseETHCrowdfundTest.test_fundingSplit_finalize()
 writer effect     -> contracts/crowdfund/ETHCrowdfundBase.sol:221
 written member    -> ('SV', 'contracts/crowdfund/ETHCrowdfundBase.sol', 'ETHCrowdfundBase.totalContributions')
 potentially stale -> ('SV', 'contracts/crowdfund/ETHCrowdfundBase.sol', 'ETHCrowdfundBase.maxTotalContributions')
 reader witnesses  -> 242
 storage exposures -> 1
[MV-SI candidate 1b191c22da9abe155990] {_governanceValues, votingPowerByTokenId[$arg0]}
 writer root       -> sol-tests/crowdfund/ReraiseETHCrowdfund.t.sol::ReraiseETHCrowdfundTest.test_claim_addVotingPowerToExistingCard()
 writer effect     -> contracts/party/PartyGovernanceNFT.sol:196
 written member    -> ('SV', 'contracts/party/PartyGovernance.sol', 'PartyGovernance._governanceValues')
 potentially stale -> ('MS', 'contracts/party/PartyGovernanceNFT.sol', 'PartyGovernanceNFT.votingPowerByTokenId', '$arg0')
 reader witnesses  -> 31
 storage exposures -> 1
[MV-SI candidate 1bd47317e139df56e1f2] {minTotalContributions, totalContributions}
 writer root       -> sol-tests/crowdfund/ReraiseETHCrowdfund.t.sol::ReraiseETHCrowdfundTest.test_refund_works()
 writer effect     -> contracts/crowdfund/ETHCrowdfundBase.sol:221
 written member    -> ('SV', 'contracts/crowdfund/ETHCrowdfundBase.sol', 'ETHCrowdfundBase.totalContributions')
 potentially stale -> ('SV', 'contracts/crowdfund/ETHCrowdfundBase.sol', 'ETHCrowdfundBase.minTotalContributions')
 reader witnesses  -> 88
 storage exposures -> 1
[MV-SI candidate 1c17466ced8d3eeb7c63] {maxTotalContributions, totalContributions}
 writer root       -> contracts/crowdfund/InitialETHCrowdfund.sol::InitialETHCrowdfund.batchContribute(InitialETHCrowdfund.BatchContributeArgs)
 writer effect     -> contracts/crowdfund/ETHCrowdfundBase.sol:207
 written member    -> ('SV', 'contracts/crowdfund/ETHCrowdfundBase.sol', 'ETHCrowdfundBase.totalContributions')
 potentially stale -> ('SV', 'contracts/crowdfund/ETHCrowdfundBase.sol', 'ETHCrowdfundBase.maxTotalContributions')
 reader witnesses  -> 186
 storage exposures -> 1
[MV-SI candidate 1c2d55488ad7fe4b41de] {minTotalContributions, totalContributions}
 writer root       -> contracts/crowdfund/InitialETHCrowdfund.sol::InitialETHCrowdfund.contribute(address,bytes)
 writer effect     -> contracts/crowdfund/ETHCrowdfundBase.sol:207
 written member    -> ('SV', 'contracts/crowdfund/ETHCrowdfundBase.sol', 'ETHCrowdfundBase.totalContributions')
 potentially stale -> ('SV', 'contracts/crowdfund/ETHCrowdfundBase.sol', 'ETHCrowdfundBase.minTotalContributions')
 reader witnesses  -> 64
 storage exposures -> 1
[MV-SI candidate 1c67c1fcbeb5ff0b8403] {_governanceValues, isAuthority[$sender]}
 writer root       -> contracts/crowdfund/ReraiseETHCrowdfund.sol::ReraiseETHCrowdfund.contributeFor(address,address,bytes)
 writer effect     -> contracts/party/PartyGovernanceNFT.sol:196
 written member    -> ('SV', 'contracts/party/PartyGovernance.sol', 'PartyGovernance._governanceValues')
 potentially stale -> ('MS', 'contracts/party/PartyGovernanceNFT.sol', 'PartyGovernanceNFT.isAuthority', '$sender')
 reader witnesses  -> 139
 storage exposures -> 1
[MV-SI candidate 1d429b86c269c683d153] {maxTotalContributions, totalContributions}
 writer root       -> sol-tests/crowdfund/ReraiseETHCrowdfund.t.sol::ReraiseETHCrowdfundTest.test_batchRefund_works()
 writer effect     -> contracts/crowdfund/ETHCrowdfundBase.sol:207
 written member    -> ('SV', 'contracts/crowdfund/ETHCrowdfundBase.sol', 'ETHCrowdfundBase.totalContributions')
 potentially stale -> ('SV', 'contracts/crowdfund/ETHCrowdfundBase.sol', 'ETHCrowdfundBase.maxTotalContributions')
 reader witnesses  -> 242
 storage exposures -> 1
[MV-SI candidate 1d63e919b44fa02929e7] {maxTotalContributions, totalContributions}
 writer root       -> sol-tests/crowdfund/InitialETHCrowdfund.t.sol::InitialETHCrowdfundTest.test_contribute_aboveMaxContribution()
 writer effect     -> contracts/crowdfund/ETHCrowdfundBase.sol:221
 written member    -> ('SV', 'contracts/crowdfund/ETHCrowdfundBase.sol', 'ETHCrowdfundBase.totalContributions')
 potentially stale -> ('SV', 'contracts/crowdfund/ETHCrowdfundBase.sol', 'ETHCrowdfundBase.maxTotalContributions')
 reader witnesses  -> 186
 storage exposures -> 1
[MV-SI candidate 1d857dbd6834a57712d2] {_governanceValues, isAuthority[$sender]}
 writer root       -> sol-tests/crowdfund/ReraiseETHCrowdfund.t.sol::ReraiseETHCrowdfundTest.test_expiry_won()
 writer effect     -> contracts/party/PartyGovernanceNFT.sol:196
 written member    -> ('SV', 'contracts/party/PartyGovernance.sol', 'PartyGovernance._governanceValues')
 potentially stale -> ('MS', 'contracts/party/PartyGovernanceNFT.sol', 'PartyGovernanceNFT.isAuthority', '$sender')
 reader witnesses  -> 139
 storage exposures -> 1
[MV-SI candidate 1df08c2d470de9c92bcc] {maxTotalContributions, totalContributions}
 writer root       -> sol-tests/crowdfund/ReraiseETHCrowdfund.t.sol::ReraiseETHCrowdfundTest.test_finalize_works()
 writer effect     -> contracts/crowdfund/ETHCrowdfundBase.sol:207
 written member    -> ('SV', 'contracts/crowdfund/ETHCrowdfundBase.sol', 'ETHCrowdfundBase.totalContributions')
 potentially stale -> ('SV', 'contracts/crowdfund/ETHCrowdfundBase.sol', 'ETHCrowdfundBase.maxTotalContributions')
 reader witnesses  -> 242
 storage exposures -> 1
[MV-SI candidate 1e06a1b2e681b7261837] {_governanceValues, votingPowerByTokenId[$arg0]}
 writer root       -> sol-tests/crowdfund/InitialETHCrowdfund.t.sol::InitialETHCrowdfundTest.test_refund_notLost()
 writer effect     -> contracts/party/PartyGovernanceNFT.sol:196
 written member    -> ('SV', 'contracts/party/PartyGovernance.sol', 'PartyGovernance._governanceValues')
 potentially stale -> ('MS', 'contracts/party/PartyGovernanceNFT.sol', 'PartyGovernanceNFT.votingPowerByTokenId', '$arg0')
 reader witnesses  -> 31
 storage exposures -> 1
[MV-SI candidate 1ebca3c4b795f5e3b8e1] {_governanceValues, mintedVotingPower}
 writer root       -> sol-tests/utils/PartyGovernanceHelpers.t.sol::PartyGovernanceHelpersTest.testGetVotingPowersAt()
 writer effect     -> contracts/party/PartyGovernanceNFT.sol:152
 written member    -> ('SV', 'contracts/party/PartyGovernanceNFT.sol', 'PartyGovernanceNFT.mintedVotingPower')
 potentially stale -> ('SV', 'contracts/party/PartyGovernance.sol', 'PartyGovernance._governanceValues')
 reader witnesses  -> 2176
 storage exposures -> 1
[MV-SI candidate 1fc289b9c68bee1b9312] {_governanceValues, mintedVotingPower}
 writer root       -> sol-tests/crowdfund/Crowdfund.t.sol::CrowdfundTest.testWin_oneContributor_zeroFinalPrice()
 writer effect     -> contracts/party/PartyGovernanceNFT.sol:152
 written member    -> ('SV', 'contracts/party/PartyGovernanceNFT.sol', 'PartyGovernanceNFT.mintedVotingPower')
 potentially stale -> ('SV', 'contracts/party/PartyGovernance.sol', 'PartyGovernance._governanceValues')
 reader witnesses  -> 1088
 storage exposures -> 1
[MV-SI candidate 21210702530a6211e183] {minTotalContributions, totalContributions}
 writer root       -> sol-tests/crowdfund/ReraiseETHCrowdfund.t.sol::ReraiseETHCrowdfundTest.test_claimMultiple_cannotHaveRemainingVotingPowerAfterClaim()
 writer effect     -> contracts/crowdfund/ETHCrowdfundBase.sol:221
 written member    -> ('SV', 'contracts/crowdfund/ETHCrowdfundBase.sol', 'ETHCrowdfundBase.totalContributions')
 potentially stale -> ('SV', 'contracts/crowdfund/ETHCrowdfundBase.sol', 'ETHCrowdfundBase.minTotalContributions')
 reader witnesses  -> 88
 storage exposures -> 1
[MV-SI candidate 21f58248e729aa97e913] {maxTotalContributions, totalContributions}
 writer root       -> contracts/crowdfund/ReraiseETHCrowdfund.sol::ReraiseETHCrowdfund.initialize(ETHCrowdfundBase.ETHCrowdfundOptions)
 writer effect     -> contracts/crowdfund/ETHCrowdfundBase.sol:133
 written member    -> ('SV', 'contracts/crowdfund/ETHCrowdfundBase.sol', 'ETHCrowdfundBase.maxTotalContributions')
 potentially stale -> ('SV', 'contracts/crowdfund/ETHCrowdfundBase.sol', 'ETHCrowdfundBase.totalContributions')
 reader witnesses  -> 166
 storage exposures -> 1
[MV-SI candidate 2213974ad3b7440d2d1b] {minTotalContributions, totalContributions}
 writer root       -> sol-tests/crowdfund/InitialETHCrowdfund.t.sol::InitialETHCrowdfundTest.test_batchRefund_works()
 writer effect     -> contracts/crowdfund/ETHCrowdfundBase.sol:221
 written member    -> ('SV', 'contracts/crowdfund/ETHCrowdfundBase.sol', 'ETHCrowdfundBase.totalContributions')
 potentially stale -> ('SV', 'contracts/crowdfund/ETHCrowdfundBase.sol', 'ETHCrowdfundBase.minTotalContributions')
 reader witnesses  -> 64
 storage exposures -> 1
[MV-SI candidate 223d42f65cf5cd8a610b] {minTotalContributions, totalContributions}
 writer root       -> sol-tests/crowdfund/ReraiseETHCrowdfund.t.sol::ReraiseETHCrowdfundTest.test_finalize_anyoneCanFinalizeWhenExpired()
 writer effect     -> contracts/crowdfund/ETHCrowdfundBase.sol:207
 written member    -> ('SV', 'contracts/crowdfund/ETHCrowdfundBase.sol', 'ETHCrowdfundBase.totalContributions')
 potentially stale -> ('SV', 'contracts/crowdfund/ETHCrowdfundBase.sol', 'ETHCrowdfundBase.minTotalContributions')
 reader witnesses  -> 88
 storage exposures -> 1
[MV-SI candidate 2282c0f10f256a6e3704] {_governanceValues, isAuthority[$sender]}
 writer root       -> sol-tests/crowdfund/InitialETHCrowdfund.t.sol::InitialETHCrowdfundTest.test_contribute_addVotingPowerToExistingCard()
 writer effect     -> contracts/party/PartyGovernanceNFT.sol:196
 written member    -> ('SV', 'contracts/party/PartyGovernance.sol', 'PartyGovernance._governanceValues')
 potentially stale -> ('MS', 'contracts/party/PartyGovernanceNFT.sol', 'PartyGovernanceNFT.isAuthority', '$sender')
 reader witnesses  -> 139
 storage exposures -> 1
[MV-SI candidate 229ce5bd8ac62d2509e7] {_governanceValues, isAuthority[$sender]}
 writer root       -> sol-tests/crowdfund/ReraiseETHCrowdfund.t.sol::ReraiseETHCrowdfundTest.test_refund_works()
 writer effect     -> contracts/party/PartyGovernanceNFT.sol:196
 written member    -> ('SV', 'contracts/party/PartyGovernance.sol', 'PartyGovernance._governanceValues')
 potentially stale -> ('MS', 'contracts/party/PartyGovernanceNFT.sol', 'PartyGovernanceNFT.isAuthority', '$sender')
 reader witnesses  -> 139
 storage exposures -> 1
[MV-SI candidate 22bed3ef37f0200ff37e] {minTotalContributions, totalContributions}
 writer root       -> sol-tests/crowdfund/InitialETHCrowdfund.t.sol::InitialETHCrowdfundTest.test_refund_twice()
 writer effect     -> contracts/crowdfund/ETHCrowdfundBase.sol:221
 written member    -> ('SV', 'contracts/crowdfund/ETHCrowdfundBase.sol', 'ETHCrowdfundBase.totalContributions')
 potentially stale -> ('SV', 'contracts/crowdfund/ETHCrowdfundBase.sol', 'ETHCrowdfundBase.minTotalContributions')
 reader witnesses  -> 64
 storage exposures -> 1
[MV-SI candidate 22c4dd5bda08a70c8972] {_governanceValues, mintedVotingPower}
 writer root       -> contracts/crowdfund/ReraiseETHCrowdfund.sol::ReraiseETHCrowdfund.claim(address)
 writer effect     -> contracts/party/PartyGovernanceNFT.sol:152
 written member    -> ('SV', 'contracts/party/PartyGovernanceNFT.sol', 'PartyGovernanceNFT.mintedVotingPower')
 potentially stale -> ('SV', 'contracts/party/PartyGovernance.sol', 'PartyGovernance._governanceValues')
 reader witnesses  -> 544
 storage exposures -> 1
[MV-SI candidate 238e1728674453007af3] {_governanceValues, isAuthority[$sender]}
 writer root       -> sol-tests/crowdfund/InitialETHCrowdfund.t.sol::InitialETHCrowdfundTest.test_finalize_onlyHostCanFinalizeEarlyWhenActive()
 writer effect     -> contracts/party/PartyGovernanceNFT.sol:196
 written member    -> ('SV', 'contracts/party/PartyGovernance.sol', 'PartyGovernance._governanceValues')
 potentially stale -> ('MS', 'contracts/party/PartyGovernanceNFT.sol', 'PartyGovernanceNFT.isAuthority', '$sender')
 reader witnesses  -> 278
 storage exposures -> 1
[MV-SI candidate 255159d97a6ad7d49ef9] {_governanceValues, isAuthority[$sender]}
 writer root       -> sol-tests/crowdfund/ReraiseETHCrowdfund.t.sol::ReraiseETHCrowdfundTest.test_contribute_works()
 writer effect     -> contracts/party/PartyGovernanceNFT.sol:196
 written member    -> ('SV', 'contracts/party/PartyGovernance.sol', 'PartyGovernance._governanceValues')
 potentially stale -> ('MS', 'contracts/party/PartyGovernanceNFT.sol', 'PartyGovernanceNFT.isAuthority', '$sender')
 reader witnesses  -> 139
 storage exposures -> 1
[MV-SI candidate 263cfd2a9b3b56587cb7] {_governanceValues, votingPowerByTokenId[$arg0]}
 writer root       -> sol-tests/crowdfund/ReraiseETHCrowdfund.t.sol::ReraiseETHCrowdfundTest.test_batchClaimMultiple_works()
 writer effect     -> contracts/party/PartyGovernanceNFT.sol:196
 written member    -> ('SV', 'contracts/party/PartyGovernance.sol', 'PartyGovernance._governanceValues')
 potentially stale -> ('MS', 'contracts/party/PartyGovernanceNFT.sol', 'PartyGovernanceNFT.votingPowerByTokenId', '$arg0')
 reader witnesses  -> 31
 storage exposures -> 1
[MV-SI candidate 2654e351425acd4e5bd6] {maxTotalContributions, totalContributions}
 writer root       -> sol-tests/crowdfund/ReraiseETHCrowdfund.t.sol::ReraiseETHCrowdfundTest.test_contributeFor_works()
 writer effect     -> contracts/crowdfund/ETHCrowdfundBase.sol:207
 written member    -> ('SV', 'contracts/crowdfund/ETHCrowdfundBase.sol', 'ETHCrowdfundBase.totalContributions')
 potentially stale -> ('SV', 'contracts/crowdfund/ETHCrowdfundBase.sol', 'ETHCrowdfundBase.maxTotalContributions')
 reader witnesses  -> 242
 storage exposures -> 1
[MV-SI candidate 2657c1d55e192765861c] {maxTotalContributions, totalContributions}
 writer root       -> sol-tests/crowdfund/ReraiseETHCrowdfund.t.sol::ReraiseETHCrowdfundTest.test_contributeFor_doesNotUpdateExistingDelegation()
 writer effect     -> contracts/crowdfund/ETHCrowdfundBase.sol:207
 written member    -> ('SV', 'contracts/crowdfund/ETHCrowdfundBase.sol', 'ETHCrowdfundBase.totalContributions')
 potentially stale -> ('SV', 'contracts/crowdfund/ETHCrowdfundBase.sol', 'ETHCrowdfundBase.maxTotalContributions')
 reader witnesses  -> 484
 storage exposures -> 1
[MV-SI candidate 2724cde4b4a6a72964ab] {minTotalContributions, totalContributions}
 writer root       -> contracts/crowdfund/InitialETHCrowdfund.sol::InitialETHCrowdfund.initialize(InitialETHCrowdfund.InitialETHCrowdfundOptions,InitialETHCrowdfund.ETHPartyOptions)
 writer effect     -> contracts/crowdfund/ETHCrowdfundBase.sol:207
 written member    -> ('SV', 'contracts/crowdfund/ETHCrowdfundBase.sol', 'ETHCrowdfundBase.totalContributions')
 potentially stale -> ('SV', 'contracts/crowdfund/ETHCrowdfundBase.sol', 'ETHCrowdfundBase.minTotalContributions')
 reader witnesses  -> 64
 storage exposures -> 1
[MV-SI candidate 275a0baa5c3c345fbfd0] {_governanceValues, mintedVotingPower}
 writer root       -> sol-tests/crowdfund/InitialETHCrowdfund.t.sol::InitialETHCrowdfundTest.test_contribute_afterLost()
 writer effect     -> contracts/party/PartyGovernanceNFT.sol:196
 written member    -> ('SV', 'contracts/party/PartyGovernance.sol', 'PartyGovernance._governanceValues')
 potentially stale -> ('SV', 'contracts/party/PartyGovernanceNFT.sol', 'PartyGovernanceNFT.mintedVotingPower')
 reader witnesses  -> 766
 storage exposures -> 1
[MV-SI candidate 27e6638c0461b4dcf770] {_governanceValues, votingPowerByTokenId[$arg0]}
 writer root       -> sol-tests/crowdfund/ReraiseETHCrowdfund.t.sol::ReraiseETHCrowdfundTest.test_refund_notLost()
 writer effect     -> contracts/party/PartyGovernanceNFT.sol:196
 written member    -> ('SV', 'contracts/party/PartyGovernance.sol', 'PartyGovernance._governanceValues')
 potentially stale -> ('MS', 'contracts/party/PartyGovernanceNFT.sol', 'PartyGovernanceNFT.votingPowerByTokenId', '$arg0')
 reader witnesses  -> 31
 storage exposures -> 1
[MV-SI candidate 2841055f7ecf8f596bf4] {_governanceValues, isAuthority[$sender]}
 writer root       -> sol-tests/crowdfund/ReraiseETHCrowdfund.t.sol::ReraiseETHCrowdfundTest.test_finalize_works()
 writer effect     -> contracts/party/PartyGovernanceNFT.sol:196
 written member    -> ('SV', 'contracts/party/PartyGovernance.sol', 'PartyGovernance._governanceValues')
 potentially stale -> ('MS', 'contracts/party/PartyGovernanceNFT.sol', 'PartyGovernanceNFT.isAuthority', '$sender')
 reader witnesses  -> 278
 storage exposures -> 1
[MV-SI candidate 28924f9f1ec93a04342f] {maxTotalContributions, totalContributions}
 writer root       -> sol-tests/crowdfund/InitialETHCrowdfund.t.sol::InitialETHCrowdfundTest.test_refund_notLost()
 writer effect     -> contracts/crowdfund/ETHCrowdfundBase.sol:207
 written member    -> ('SV', 'contracts/crowdfund/ETHCrowdfundBase.sol', 'ETHCrowdfundBase.totalContributions')
 potentially stale -> ('SV', 'contracts/crowdfund/ETHCrowdfundBase.sol', 'ETHCrowdfundBase.maxTotalContributions')
 reader witnesses  -> 186
 storage exposures -> 1
[MV-SI candidate 28a2c400aed939331aa0] {minTotalContributions, totalContributions}
 writer root       -> sol-tests/crowdfund/ReraiseETHCrowdfund.t.sol::ReraiseETHCrowdfundTest.test_claim_mintNewCard_withDisableContributingForExistingCard()
 writer effect     -> contracts/crowdfund/ETHCrowdfundBase.sol:207
 written member    -> ('SV', 'contracts/crowdfund/ETHCrowdfundBase.sol', 'ETHCrowdfundBase.totalContributions')
 potentially stale -> ('SV', 'contracts/crowdfund/ETHCrowdfundBase.sol', 'ETHCrowdfundBase.minTotalContributions')
 reader witnesses  -> 88
 storage exposures -> 1
[MV-SI candidate 2a4d5972e556e30b534f] {maxTotalContributions, totalContributions}
 writer root       -> sol-tests/crowdfund/ReraiseETHCrowdfund.t.sol::ReraiseETHCrowdfundTest.test_refund_notLost()
 writer effect     -> contracts/crowdfund/ETHCrowdfundBase.sol:207
 written member    -> ('SV', 'contracts/crowdfund/ETHCrowdfundBase.sol', 'ETHCrowdfundBase.totalContributions')
 potentially stale -> ('SV', 'contracts/crowdfund/ETHCrowdfundBase.sol', 'ETHCrowdfundBase.maxTotalContributions')
 reader witnesses  -> 242
 storage exposures -> 1
[MV-SI candidate 2aba70563487735d85c8] {minTotalContributions, totalContributions}
 writer root       -> sol-tests/crowdfund/ReraiseETHCrowdfund.t.sol::ReraiseETHCrowdfundTest.test_contribute_aboveMaxContribution()
 writer effect     -> contracts/crowdfund/ETHCrowdfundBase.sol:221
 written member    -> ('SV', 'contracts/crowdfund/ETHCrowdfundBase.sol', 'ETHCrowdfundBase.totalContributions')
 potentially stale -> ('SV', 'contracts/crowdfund/ETHCrowdfundBase.sol', 'ETHCrowdfundBase.minTotalContributions')
 reader witnesses  -> 88
 storage exposures -> 1
[MV-SI candidate 2acc371a0809561ed18d] {_governanceValues, mintedVotingPower}
 writer root       -> sol-tests/crowdfund/ReraiseETHCrowdfund.t.sol::ReraiseETHCrowdfundTest.test_claim_aboveMax()
 writer effect     -> contracts/party/PartyGovernanceNFT.sol:184
 written member    -> ('SV', 'contracts/party/PartyGovernanceNFT.sol', 'PartyGovernanceNFT.mintedVotingPower')
 potentially stale -> ('SV', 'contracts/party/PartyGovernance.sol', 'PartyGovernance._governanceValues')
 reader witnesses  -> 544
 storage exposures -> 1
[MV-SI candidate 2b2ec915d18c9798a0ac] {_governanceValues, mintedVotingPower}
 writer root       -> sol-tests/party/PartyGovernanceNFT.t.sol::PartyGovernanceNFTTest.testMint()
 writer effect     -> contracts/party/PartyGovernanceNFT.sol:152
 written member    -> ('SV', 'contracts/party/PartyGovernanceNFT.sol', 'PartyGovernanceNFT.mintedVotingPower')
 potentially stale -> ('SV', 'contracts/party/PartyGovernance.sol', 'PartyGovernance._governanceValues')
 reader witnesses  -> 544
 storage exposures -> 1
[MV-SI candidate 2bb1f9e70acee639f769] {_governanceValues, mintedVotingPower}
 writer root       -> contracts/crowdfund/ReraiseETHCrowdfund.sol::ReraiseETHCrowdfund.batchContribute(ReraiseETHCrowdfund.BatchContributeArgs)
 writer effect     -> contracts/party/PartyGovernanceNFT.sol:196
 written member    -> ('SV', 'contracts/party/PartyGovernance.sol', 'PartyGovernance._governanceValues')
 potentially stale -> ('SV', 'contracts/party/PartyGovernanceNFT.sol', 'PartyGovernanceNFT.mintedVotingPower')
 reader witnesses  -> 766
 storage exposures -> 1
[MV-SI candidate 2c0baacdadc4e8d40e1b] {minTotalContributions, totalContributions}
 writer root       -> sol-tests/crowdfund/ReraiseETHCrowdfund.t.sol::ReraiseETHCrowdfundTest.test_contribute_works()
 writer effect     -> contracts/crowdfund/ETHCrowdfundBase.sol:207
 written member    -> ('SV', 'contracts/crowdfund/ETHCrowdfundBase.sol', 'ETHCrowdfundBase.totalContributions')
 potentially stale -> ('SV', 'contracts/crowdfund/ETHCrowdfundBase.sol', 'ETHCrowdfundBase.minTotalContributions')
 reader witnesses  -> 88
 storage exposures -> 1
[MV-SI candidate 2c7392efeac3be50447c] {minTotalContributions, totalContributions}
 writer root       -> sol-tests/crowdfund/ReraiseETHCrowdfund.t.sol::ReraiseETHCrowdfundTest.test_claimMultiple_votingPowerOfCardAboveMax()
 writer effect     -> contracts/crowdfund/ETHCrowdfundBase.sol:221
 written member    -> ('SV', 'contracts/crowdfund/ETHCrowdfundBase.sol', 'ETHCrowdfundBase.totalContributions')
 potentially stale -> ('SV', 'contracts/crowdfund/ETHCrowdfundBase.sol', 'ETHCrowdfundBase.minTotalContributions')
 reader witnesses  -> 88
 storage exposures -> 1
[MV-SI candidate 2ce46013911997cd82d8] {_governanceValues, mintedVotingPower}
 writer root       -> sol-tests/crowdfund/InitialETHCrowdfund.t.sol::InitialETHCrowdfundTest.test_expiry_lost()
 writer effect     -> contracts/party/PartyGovernanceNFT.sol:152
 written member    -> ('SV', 'contracts/party/PartyGovernanceNFT.sol', 'PartyGovernanceNFT.mintedVotingPower')
 potentially stale -> ('SV', 'contracts/party/PartyGovernance.sol', 'PartyGovernance._governanceValues')
 reader witnesses  -> 544
 storage exposures -> 1
[MV-SI candidate 2da52b6a59558bef55f9] {_governanceValues, mintedVotingPower}
 writer root       -> sol-tests/crowdfund/ReraiseETHCrowdfund.t.sol::ReraiseETHCrowdfundTest.test_claimMultiple_cannotClaimMoreThanVotingPower()
 writer effect     -> contracts/party/PartyGovernanceNFT.sol:196
 written member    -> ('SV', 'contracts/party/PartyGovernance.sol', 'PartyGovernance._governanceValues')
 potentially stale -> ('SV', 'contracts/party/PartyGovernanceNFT.sol', 'PartyGovernanceNFT.mintedVotingPower')
 reader witnesses  -> 766
 storage exposures -> 1
[MV-SI candidate 2dc1517eafff11ef805d] {_governanceValues, mintedVotingPower}
 writer root       -> sol-tests/crowdfund/InitialETHCrowdfund.t.sol::InitialETHCrowdfundTest.test_batchContribute_works()
 writer effect     -> contracts/party/PartyGovernanceNFT.sol:184
 written member    -> ('SV', 'contracts/party/PartyGovernanceNFT.sol', 'PartyGovernanceNFT.mintedVotingPower')
 potentially stale -> ('SV', 'contracts/party/PartyGovernance.sol', 'PartyGovernance._governanceValues')
 reader witnesses  -> 544
 storage exposures -> 1
[MV-SI candidate 2def01ab4bd7371cd63b] {maxTotalContributions, totalContributions}
 writer root       -> sol-tests/crowdfund/ReraiseETHCrowdfund.t.sol::ReraiseETHCrowdfundTest.test_refund_works()
 writer effect     -> contracts/crowdfund/ETHCrowdfundBase.sol:207
 written member    -> ('SV', 'contracts/crowdfund/ETHCrowdfundBase.sol', 'ETHCrowdfundBase.totalContributions')
 potentially stale -> ('SV', 'contracts/crowdfund/ETHCrowdfundBase.sol', 'ETHCrowdfundBase.maxTotalContributions')
 reader witnesses  -> 242
 storage exposures -> 1
[MV-SI candidate 2e4b369328e63c8011ef] {minTotalContributions, totalContributions}
 writer root       -> sol-tests/crowdfund/InitialETHCrowdfund.t.sol::InitialETHCrowdfundTest.test_refund_twice()
 writer effect     -> contracts/crowdfund/ETHCrowdfundBase.sol:207
 written member    -> ('SV', 'contracts/crowdfund/ETHCrowdfundBase.sol', 'ETHCrowdfundBase.totalContributions')
 potentially stale -> ('SV', 'contracts/crowdfund/ETHCrowdfundBase.sol', 'ETHCrowdfundBase.minTotalContributions')
 reader witnesses  -> 64
 storage exposures -> 1
[MV-SI candidate 2e53ef71d04b20303f3d] {minTotalContributions, totalContributions}
 writer root       -> sol-tests/crowdfund/ReraiseETHCrowdfund.t.sol::ReraiseETHCrowdfundTest.test_claim_aboveMax()
 writer effect     -> contracts/crowdfund/ETHCrowdfundBase.sol:221
 written member    -> ('SV', 'contracts/crowdfund/ETHCrowdfundBase.sol', 'ETHCrowdfundBase.totalContributions')
 potentially stale -> ('SV', 'contracts/crowdfund/ETHCrowdfundBase.sol', 'ETHCrowdfundBase.minTotalContributions')
 reader witnesses  -> 88
 storage exposures -> 1
[MV-SI candidate 2e5dea85f37fbdbcd604] {_governanceValues, isAuthority[$sender]}
 writer root       -> sol-tests/crowdfund/InitialETHCrowdfund.t.sol::InitialETHCrowdfundTest.test_contributeFor_doesNotUpdateExistingDelegation()
 writer effect     -> contracts/party/PartyGovernanceNFT.sol:196
 written member    -> ('SV', 'contracts/party/PartyGovernance.sol', 'PartyGovernance._governanceValues')
 potentially stale -> ('MS', 'contracts/party/PartyGovernanceNFT.sol', 'PartyGovernanceNFT.isAuthority', '$sender')
 reader witnesses  -> 139
 storage exposures -> 1
[MV-SI candidate 2f10c23256bac1e79aef] {_governanceValues, mintedVotingPower}
 writer root       -> sol-tests/crowdfund/InitialETHCrowdfund.t.sol::InitialETHCrowdfundTest.test_refund_twice()
 writer effect     -> contracts/party/PartyGovernanceNFT.sol:184
 written member    -> ('SV', 'contracts/party/PartyGovernanceNFT.sol', 'PartyGovernanceNFT.mintedVotingPower')
 potentially stale -> ('SV', 'contracts/party/PartyGovernance.sol', 'PartyGovernance._governanceValues')
 reader witnesses  -> 544
 storage exposures -> 1
[MV-SI candidate 2f3188f09a2cad4c9663] {_governanceValues, mintedVotingPower}
 writer root       -> sol-tests/crowdfund/Crowdfund.t.sol::CrowdfundTest.testWin_batchBurnCanBurnBurnedAndUnburnedTokens()
 writer effect     -> contracts/party/PartyGovernanceNFT.sol:152
 written member    -> ('SV', 'contracts/party/PartyGovernanceNFT.sol', 'PartyGovernanceNFT.mintedVotingPower')
 potentially stale -> ('SV', 'contracts/party/PartyGovernance.sol', 'PartyGovernance._governanceValues')
 reader witnesses  -> 1088
 storage exposures -> 1
[MV-SI candidate 300f277a95eabe5af3a0] {_governanceValues, mintedVotingPower}
 writer root       -> sol-tests/crowdfund/InitialETHCrowdfund.t.sol::InitialETHCrowdfundTest.test_fee_finalize()
 writer effect     -> contracts/party/PartyGovernanceNFT.sol:184
 written member    -> ('SV', 'contracts/party/PartyGovernanceNFT.sol', 'PartyGovernanceNFT.mintedVotingPower')
 potentially stale -> ('SV', 'contracts/party/PartyGovernance.sol', 'PartyGovernance._governanceValues')
 reader witnesses  -> 544
 storage exposures -> 1
[MV-SI candidate 3037c0c697a66b6382bc] {maxTotalContributions, totalContributions}
 writer root       -> sol-tests/crowdfund/InitialETHCrowdfund.t.sol::InitialETHCrowdfundTest.test_refund_twice()
 writer effect     -> contracts/crowdfund/ETHCrowdfundBase.sol:207
 written member    -> ('SV', 'contracts/crowdfund/ETHCrowdfundBase.sol', 'ETHCrowdfundBase.totalContributions')
 potentially stale -> ('SV', 'contracts/crowdfund/ETHCrowdfundBase.sol', 'ETHCrowdfundBase.maxTotalContributions')
 reader witnesses  -> 186
 storage exposures -> 1
[MV-SI candidate 315f786e1175e0af90f4] {maxTotalContributions, totalContributions}
 writer root       -> sol-tests/crowdfund/InitialETHCrowdfund.t.sol::InitialETHCrowdfundTest.test_fee_contributionAndRefund()
 writer effect     -> contracts/crowdfund/ETHCrowdfundBase.sol:207
 written member    -> ('SV', 'contracts/crowdfund/ETHCrowdfundBase.sol', 'ETHCrowdfundBase.totalContributions')
 potentially stale -> ('SV', 'contracts/crowdfund/ETHCrowdfundBase.sol', 'ETHCrowdfundBase.maxTotalContributions')
 reader witnesses  -> 186
 storage exposures -> 1
[MV-SI candidate 319ff353ddc789e2cd0c] {maxTotalContributions, totalContributions}
 writer root       -> sol-tests/crowdfund/ReraiseETHCrowdfund.t.sol::ReraiseETHCrowdfundTest.test_expiry_won()
 writer effect     -> contracts/crowdfund/ETHCrowdfundBase.sol:207
 written member    -> ('SV', 'contracts/crowdfund/ETHCrowdfundBase.sol', 'ETHCrowdfundBase.totalContributions')
 potentially stale -> ('SV', 'contracts/crowdfund/ETHCrowdfundBase.sol', 'ETHCrowdfundBase.maxTotalContributions')
 reader witnesses  -> 242
 storage exposures -> 1
[MV-SI candidate 31ba6948ef41b2183f55] {_governanceValues, votingPowerByTokenId[$arg0]}
 writer root       -> sol-tests/crowdfund/InitialETHCrowdfund.t.sol::InitialETHCrowdfundTest.test_initialization_cannotReinitialize()
 writer effect     -> contracts/party/PartyGovernanceNFT.sol:185
 written member    -> ('MS', 'contracts/party/PartyGovernanceNFT.sol', 'PartyGovernanceNFT.votingPowerByTokenId', '$arg0')
 potentially stale -> ('SV', 'contracts/party/PartyGovernance.sol', 'PartyGovernance._governanceValues')
 reader witnesses  -> 272
 storage exposures -> 1
[MV-SI candidate 321ea698e009e098d290] {maxTotalContributions, totalContributions}
 writer root       -> sol-tests/crowdfund/ReraiseETHCrowdfund.t.sol::ReraiseETHCrowdfundTest.test_contribute_aboveMaxTotalContribution()
 writer effect     -> contracts/crowdfund/ETHCrowdfundBase.sol:221
 written member    -> ('SV', 'contracts/crowdfund/ETHCrowdfundBase.sol', 'ETHCrowdfundBase.totalContributions')
 potentially stale -> ('SV', 'contracts/crowdfund/ETHCrowdfundBase.sol', 'ETHCrowdfundBase.maxTotalContributions')
 reader witnesses  -> 242
 storage exposures -> 1
[MV-SI candidate 327f3cc37bb15edd91e9] {_governanceValues, mintedVotingPower}
 writer root       -> sol-tests/proposals/ListOnZoraProposalIntegration.t.sol::ListOnZoraProposalIntegrationTest.testForked_simpleZora()
 writer effect     -> contracts/party/PartyGovernanceNFT.sol:152
 written member    -> ('SV', 'contracts/party/PartyGovernanceNFT.sol', 'PartyGovernanceNFT.mintedVotingPower')
 potentially stale -> ('SV', 'contracts/party/PartyGovernance.sol', 'PartyGovernance._governanceValues')
 reader witnesses  -> 1632
 storage exposures -> 1
[MV-SI candidate 32cc2c84ab7f5ff30059] {_governanceValues, mintedVotingPower}
 writer root       -> sol-tests/crowdfund/InitialETHCrowdfund.t.sol::InitialETHCrowdfundTest.test_contributeFor_doesNotUpdateExistingDelegation()
 writer effect     -> contracts/party/PartyGovernanceNFT.sol:184
 written member    -> ('SV', 'contracts/party/PartyGovernanceNFT.sol', 'PartyGovernanceNFT.mintedVotingPower')
 potentially stale -> ('SV', 'contracts/party/PartyGovernance.sol', 'PartyGovernance._governanceValues')
 reader witnesses  -> 544
 storage exposures -> 1
[MV-SI candidate 32e288f11b128f14d208] {maxTotalContributions, totalContributions}
 writer root       -> sol-tests/crowdfund/ReraiseETHCrowdfund.t.sol::ReraiseETHCrowdfundTest.test_batchContribute_works()
 writer effect     -> contracts/crowdfund/ETHCrowdfundBase.sol:221
 written member    -> ('SV', 'contracts/crowdfund/ETHCrowdfundBase.sol', 'ETHCrowdfundBase.totalContributions')
 potentially stale -> ('SV', 'contracts/crowdfund/ETHCrowdfundBase.sol', 'ETHCrowdfundBase.maxTotalContributions')
 reader witnesses  -> 242
 storage exposures -> 1
[MV-SI candidate 32fd30bb1c7284f0d169] {_governanceValues, isAuthority[$sender]}
 writer root       -> sol-tests/crowdfund/ReraiseETHCrowdfund.t.sol::ReraiseETHCrowdfundTest.test_claimMultiple_votingPowerOfCardAboveMax()
 writer effect     -> contracts/party/PartyGovernanceNFT.sol:196
 written member    -> ('SV', 'contracts/party/PartyGovernance.sol', 'PartyGovernance._governanceValues')
 potentially stale -> ('MS', 'contracts/party/PartyGovernanceNFT.sol', 'PartyGovernanceNFT.isAuthority', '$sender')
 reader witnesses  -> 139
 storage exposures -> 1
[MV-SI candidate 338dddd312d483973768] {_governanceValues, votingPowerByTokenId[$arg0]}
 writer root       -> sol-tests/crowdfund/InitialETHCrowdfund.t.sol::InitialETHCrowdfundTest.test_fee_finalize()
 writer effect     -> contracts/party/PartyGovernanceNFT.sol:196
 written member    -> ('SV', 'contracts/party/PartyGovernance.sol', 'PartyGovernance._governanceValues')
 potentially stale -> ('MS', 'contracts/party/PartyGovernanceNFT.sol', 'PartyGovernanceNFT.votingPowerByTokenId', '$arg0')
 reader witnesses  -> 31
 storage exposures -> 1
[MV-SI candidate 33bd5d0df70ec9f8cd8a] {_governanceValues, isAuthority[$sender]}
 writer root       -> sol-tests/crowdfund/InitialETHCrowdfund.t.sol::InitialETHCrowdfundTest.test_contribute_aboveMaxTotalContribution()
 writer effect     -> contracts/party/PartyGovernanceNFT.sol:196
 written member    -> ('SV', 'contracts/party/PartyGovernance.sol', 'PartyGovernance._governanceValues')
 potentially stale -> ('MS', 'contracts/party/PartyGovernanceNFT.sol', 'PartyGovernanceNFT.isAuthority', '$sender')
 reader witnesses  -> 139
 storage exposures -> 1
[MV-SI candidate 3410c0d53c9590813d4b] {_governanceValues, votingPowerByTokenId[$arg0]}
 writer root       -> sol-tests/crowdfund/InitialETHCrowdfund.t.sol::InitialETHCrowdfundTest.test_contribute_noContribution()
 writer effect     -> contracts/party/PartyGovernanceNFT.sol:185
 written member    -> ('MS', 'contracts/party/PartyGovernanceNFT.sol', 'PartyGovernanceNFT.votingPowerByTokenId', '$arg0')
 potentially stale -> ('SV', 'contracts/party/PartyGovernance.sol', 'PartyGovernance._governanceValues')
 reader witnesses  -> 272
 storage exposures -> 1
[MV-SI candidate 3476c093cbdf023f23d0] {_governanceValues, mintedVotingPower}
 writer root       -> sol-tests/crowdfund/InitialETHCrowdfund.t.sol::InitialETHCrowdfundTest.test_contribute_aboveMaxContribution()
 writer effect     -> contracts/party/PartyGovernanceNFT.sol:184
 written member    -> ('SV', 'contracts/party/PartyGovernanceNFT.sol', 'PartyGovernanceNFT.mintedVotingPower')
 potentially stale -> ('SV', 'contracts/party/PartyGovernance.sol', 'PartyGovernance._governanceValues')
 reader witnesses  -> 544
 storage exposures -> 1
[MV-SI candidate 349053da160dbcde9614] {minTotalContributions, totalContributions}
 writer root       -> contracts/crowdfund/ReraiseETHCrowdfund.sol::ReraiseETHCrowdfund.contribute(address,bytes)
 writer effect     -> contracts/crowdfund/ETHCrowdfundBase.sol:207
 written member    -> ('SV', 'contracts/crowdfund/ETHCrowdfundBase.sol', 'ETHCrowdfundBase.totalContributions')
 potentially stale -> ('SV', 'contracts/crowdfund/ETHCrowdfundBase.sol', 'ETHCrowdfundBase.minTotalContributions')
 reader witnesses  -> 88
 storage exposures -> 1
[MV-SI candidate 34c0d05bb4a474f3cd5b] {maxTotalContributions, totalContributions}
 writer root       -> sol-tests/crowdfund/InitialETHCrowdfund.t.sol::InitialETHCrowdfundTest.test_expiry_lost()
 writer effect     -> contracts/crowdfund/ETHCrowdfundBase.sol:221
 written member    -> ('SV', 'contracts/crowdfund/ETHCrowdfundBase.sol', 'ETHCrowdfundBase.totalContributions')
 potentially stale -> ('SV', 'contracts/crowdfund/ETHCrowdfundBase.sol', 'ETHCrowdfundBase.maxTotalContributions')
 reader witnesses  -> 186
 storage exposures -> 1
[MV-SI candidate 34d152588f603d54034e] {_governanceValues, mintedVotingPower}
 writer root       -> sol-tests/crowdfund/InitialETHCrowdfund.t.sol::InitialETHCrowdfundTest.test_refund_twice()
 writer effect     -> contracts/party/PartyGovernanceNFT.sol:218
 written member    -> ('SV', 'contracts/party/PartyGovernanceNFT.sol', 'PartyGovernanceNFT.mintedVotingPower')
 potentially stale -> ('SV', 'contracts/party/PartyGovernance.sol', 'PartyGovernance._governanceValues')
 reader witnesses  -> 544
 storage exposures -> 1
[MV-SI candidate 352a6be686c7710aee20] {maxTotalContributions, totalContributions}
 writer root       -> sol-tests/crowdfund/ReraiseETHCrowdfund.t.sol::ReraiseETHCrowdfundTest.test_claimMultiple_votingPowerOfCardBelowMin()
 writer effect     -> contracts/crowdfund/ETHCrowdfundBase.sol:221
 written member    -> ('SV', 'contracts/crowdfund/ETHCrowdfundBase.sol', 'ETHCrowdfundBase.totalContributions')
 potentially stale -> ('SV', 'contracts/crowdfund/ETHCrowdfundBase.sol', 'ETHCrowdfundBase.maxTotalContributions')
 reader witnesses  -> 242
 storage exposures -> 1
[MV-SI candidate 364707159cc9f35b28cd] {_governanceValues, mintedVotingPower}
 writer root       -> sol-tests/party/PartyGovernance.t.sol::PartyGovernanceTest.testVeto()
 writer effect     -> contracts/party/PartyGovernanceNFT.sol:152
 written member    -> ('SV', 'contracts/party/PartyGovernanceNFT.sol', 'PartyGovernanceNFT.mintedVotingPower')
 potentially stale -> ('SV', 'contracts/party/PartyGovernance.sol', 'PartyGovernance._governanceValues')
 reader witnesses  -> 1632
 storage exposures -> 1
[MV-SI candidate 3647bd8f902b4d7f617f] {_governanceValues, isAuthority[$sender]}
 writer root       -> contracts/crowdfund/InitialETHCrowdfund.sol::InitialETHCrowdfund.batchContribute(InitialETHCrowdfund.BatchContributeArgs)
 writer effect     -> contracts/party/PartyGovernanceNFT.sol:196
 written member    -> ('SV', 'contracts/party/PartyGovernance.sol', 'PartyGovernance._governanceValues')
 potentially stale -> ('MS', 'contracts/party/PartyGovernanceNFT.sol', 'PartyGovernanceNFT.isAuthority', '$sender')
 reader witnesses  -> 139
 storage exposures -> 1
[MV-SI candidate 372e69aad03d8f450283] {minTotalContributions, totalContributions}
 writer root       -> sol-tests/crowdfund/InitialETHCrowdfund.t.sol::InitialETHCrowdfundTest.test_contribute_belowMinContribution()
 writer effect     -> contracts/crowdfund/ETHCrowdfundBase.sol:221
 written member    -> ('SV', 'contracts/crowdfund/ETHCrowdfundBase.sol', 'ETHCrowdfundBase.totalContributions')
 potentially stale -> ('SV', 'contracts/crowdfund/ETHCrowdfundBase.sol', 'ETHCrowdfundBase.minTotalContributions')
 reader witnesses  -> 64
 storage exposures -> 1
[MV-SI candidate 3769662a72ab8f36df52] {minTotalContributions, totalContributions}
 writer root       -> sol-tests/crowdfund/InitialETHCrowdfund.t.sol::InitialETHCrowdfundTest.test_contributeFor_works()
 writer effect     -> contracts/crowdfund/ETHCrowdfundBase.sol:221
 written member    -> ('SV', 'contracts/crowdfund/ETHCrowdfundBase.sol', 'ETHCrowdfundBase.totalContributions')
 potentially stale -> ('SV', 'contracts/crowdfund/ETHCrowdfundBase.sol', 'ETHCrowdfundBase.minTotalContributions')
 reader witnesses  -> 64
 storage exposures -> 1
[MV-SI candidate 37eb783c661a86c1b6e8] {_governanceValues, votingPowerByTokenId[$arg0]}
 writer root       -> sol-tests/crowdfund/ReraiseETHCrowdfund.t.sol::ReraiseETHCrowdfundTest.test_initialization_cannotReinitialize()
 writer effect     -> contracts/party/PartyGovernanceNFT.sol:196
 written member    -> ('SV', 'contracts/party/PartyGovernance.sol', 'PartyGovernance._governanceValues')
 potentially stale -> ('MS', 'contracts/party/PartyGovernanceNFT.sol', 'PartyGovernanceNFT.votingPowerByTokenId', '$arg0')
 reader witnesses  -> 31
 storage exposures -> 1
[MV-SI candidate 3868ef0aee71dded5352] {minTotalContributions, totalContributions}
 writer root       -> contracts/crowdfund/InitialETHCrowdfund.sol::InitialETHCrowdfund.batchContribute(InitialETHCrowdfund.BatchContributeArgs)
 writer effect     -> contracts/crowdfund/ETHCrowdfundBase.sol:207
 written member    -> ('SV', 'contracts/crowdfund/ETHCrowdfundBase.sol', 'ETHCrowdfundBase.totalContributions')
 potentially stale -> ('SV', 'contracts/crowdfund/ETHCrowdfundBase.sol', 'ETHCrowdfundBase.minTotalContributions')
 reader witnesses  -> 64
 storage exposures -> 1
[MV-SI candidate 38da435fb5dad6e6c2c3] {minTotalContributions, totalContributions}
 writer root       -> sol-tests/crowdfund/InitialETHCrowdfund.t.sol::InitialETHCrowdfundTest.test_contribute_mintNewCard()
 writer effect     -> contracts/crowdfund/ETHCrowdfundBase.sol:207
 written member    -> ('SV', 'contracts/crowdfund/ETHCrowdfundBase.sol', 'ETHCrowdfundBase.totalContributions')
 potentially stale -> ('SV', 'contracts/crowdfund/ETHCrowdfundBase.sol', 'ETHCrowdfundBase.minTotalContributions')
 reader witnesses  -> 64
 storage exposures -> 1
[MV-SI candidate 398d65aecb8b87bf2759] {_governanceValues, mintedVotingPower}
 writer root       -> sol-tests/crowdfund/InitialETHCrowdfund.t.sol::InitialETHCrowdfundTest.test_contribute_aboveMaxTotalContribution()
 writer effect     -> contracts/party/PartyGovernanceNFT.sol:152
 written member    -> ('SV', 'contracts/party/PartyGovernanceNFT.sol', 'PartyGovernanceNFT.mintedVotingPower')
 potentially stale -> ('SV', 'contracts/party/PartyGovernance.sol', 'PartyGovernance._governanceValues')
 reader witnesses  -> 544
 storage exposures -> 1
[MV-SI candidate 3a0e964fce2f368930ac] {_governanceValues, votingPowerByTokenId[$arg0]}
 writer root       -> sol-tests/crowdfund/ReraiseETHCrowdfund.t.sol::ReraiseETHCrowdfundTest.test_contribute_aboveMaxTotalContribution()
 writer effect     -> contracts/party/PartyGovernanceNFT.sol:196
 written member    -> ('SV', 'contracts/party/PartyGovernance.sol', 'PartyGovernance._governanceValues')
 potentially stale -> ('MS', 'contracts/party/PartyGovernanceNFT.sol', 'PartyGovernanceNFT.votingPowerByTokenId', '$arg0')
 reader witnesses  -> 31
 storage exposures -> 1
[MV-SI candidate 3a473183bade552f2596] {_ownerOf[$arg0], isApprovedForAll[@local::sol-tests/DummyERC721.sol::DummyERC721.onlyOwnedByOrIsApprovedForAll(uint256,address)::LocalVariable::owner_1][$arg1]}
 writer root       -> sol-tests/DummyERC721.sol::DummyERC721.safeTransferFrom(address,address,uint256)
 writer effect     -> sol-tests/DummyERC721.sol:106
 written member    -> ('MS', 'sol-tests/DummyERC721.sol', 'DummyERC721._ownerOf', '$arg0')
 potentially stale -> ('MS', 'sol-tests/DummyERC721.sol', 'DummyERC721.isApprovedForAll', '@local::sol-tests/DummyERC721.sol::DummyERC721.onlyOwnedByOrIsApprovedForAll(uint256,address)::LocalVariable::owner_1][$arg1')
 reader witnesses  -> 1
 storage exposures -> 1
[MV-SI candidate 3a50e129f0fadc9ef58f] {_governanceValues, mintedVotingPower}
 writer root       -> sol-tests/crowdfund/ReraiseETHCrowdfund.t.sol::ReraiseETHCrowdfundTest.test_refund_twice()
 writer effect     -> contracts/party/PartyGovernanceNFT.sol:196
 written member    -> ('SV', 'contracts/party/PartyGovernance.sol', 'PartyGovernance._governanceValues')
 potentially stale -> ('SV', 'contracts/party/PartyGovernanceNFT.sol', 'PartyGovernanceNFT.mintedVotingPower')
 reader witnesses  -> 766
 storage exposures -> 1
[MV-SI candidate 3abd771e9935723b313f] {_governanceValues, votingPowerByTokenId[$arg0]}
 writer root       -> sol-tests/crowdfund/InitialETHCrowdfund.t.sol::InitialETHCrowdfundTest.test_contribute_aboveMaxTotalContribution()
 writer effect     -> contracts/party/PartyGovernanceNFT.sol:185
 written member    -> ('MS', 'contracts/party/PartyGovernanceNFT.sol', 'PartyGovernanceNFT.votingPowerByTokenId', '$arg0')
 potentially stale -> ('SV', 'contracts/party/PartyGovernance.sol', 'PartyGovernance._governanceValues')
 reader witnesses  -> 272
 storage exposures -> 1
[MV-SI candidate 3adcf2c3b0673ba3ded9] {_governanceValues, mintedVotingPower}
 writer root       -> contracts/crowdfund/InitialETHCrowdfund.sol::InitialETHCrowdfund.contribute(address,bytes)
 writer effect     -> contracts/party/PartyGovernanceNFT.sol:184
 written member    -> ('SV', 'contracts/party/PartyGovernanceNFT.sol', 'PartyGovernanceNFT.mintedVotingPower')
 potentially stale -> ('SV', 'contracts/party/PartyGovernance.sol', 'PartyGovernance._governanceValues')
 reader witnesses  -> 544
 storage exposures -> 1
[MV-SI candidate 3b92302863dd1631f478] {minTotalContributions, totalContributions}
 writer root       -> sol-tests/crowdfund/ReraiseETHCrowdfund.t.sol::ReraiseETHCrowdfundTest.test_refund_works()
 writer effect     -> contracts/crowdfund/ETHCrowdfundBase.sol:207
 written member    -> ('SV', 'contracts/crowdfund/ETHCrowdfundBase.sol', 'ETHCrowdfundBase.totalContributions')
 potentially stale -> ('SV', 'contracts/crowdfund/ETHCrowdfundBase.sol', 'ETHCrowdfundBase.minTotalContributions')
 reader witnesses  -> 88
 storage exposures -> 1
[MV-SI candidate 3bf0e435d6c4a60e9129] {_governanceValues, votingPowerByTokenId[$arg0]}
 writer root       -> sol-tests/crowdfund/InitialETHCrowdfund.t.sol::InitialETHCrowdfundTest.test_contribute_addVotingPowerToExistingCard()
 writer effect     -> contracts/party/PartyGovernanceNFT.sol:185
 written member    -> ('MS', 'contracts/party/PartyGovernanceNFT.sol', 'PartyGovernanceNFT.votingPowerByTokenId', '$arg0')
 potentially stale -> ('SV', 'contracts/party/PartyGovernance.sol', 'PartyGovernance._governanceValues')
 reader witnesses  -> 272
 storage exposures -> 1
[MV-SI candidate 3c253d5b4a8581023915] {maxTotalContributions, totalContributions}
 writer root       -> sol-tests/crowdfund/ReraiseETHCrowdfund.t.sol::ReraiseETHCrowdfundTest.test_contributeFor_doesNotUpdateExistingDelegation()
 writer effect     -> contracts/crowdfund/ETHCrowdfundBase.sol:221
 written member    -> ('SV', 'contracts/crowdfund/ETHCrowdfundBase.sol', 'ETHCrowdfundBase.totalContributions')
 potentially stale -> ('SV', 'contracts/crowdfund/ETHCrowdfundBase.sol', 'ETHCrowdfundBase.maxTotalContributions')
 reader witnesses  -> 484
 storage exposures -> 1
[MV-SI candidate 3c4184fa3ff5aefd0e98] {_governanceValues, votingPowerByTokenId[$arg0]}
 writer root       -> sol-tests/crowdfund/InitialETHCrowdfund.t.sol::InitialETHCrowdfundTest.test_finalize_works()
 writer effect     -> contracts/party/PartyGovernanceNFT.sol:196
 written member    -> ('SV', 'contracts/party/PartyGovernance.sol', 'PartyGovernance._governanceValues')
 potentially stale -> ('MS', 'contracts/party/PartyGovernanceNFT.sol', 'PartyGovernanceNFT.votingPowerByTokenId', '$arg0')
 reader witnesses  -> 62
 storage exposures -> 1
[MV-SI candidate 3c9ef89797d2ceca668c] {maxTotalContributions, totalContributions}
 writer root       -> sol-tests/crowdfund/ReraiseETHCrowdfund.t.sol::ReraiseETHCrowdfundTest.test_claimMultiple_votingPowerOfCardAboveMax()
 writer effect     -> contracts/crowdfund/ETHCrowdfundBase.sol:207
 written member    -> ('SV', 'contracts/crowdfund/ETHCrowdfundBase.sol', 'ETHCrowdfundBase.totalContributions')
 potentially stale -> ('SV', 'contracts/crowdfund/ETHCrowdfundBase.sol', 'ETHCrowdfundBase.maxTotalContributions')
 reader witnesses  -> 242
 storage exposures -> 1
[MV-SI candidate 3d55388c62039ee5aeaf] {minTotalContributions, totalContributions}
 writer root       -> sol-tests/crowdfund/ReraiseETHCrowdfund.t.sol::ReraiseETHCrowdfundTest.test_batchRefund_works()
 writer effect     -> contracts/crowdfund/ETHCrowdfundBase.sol:221
 written member    -> ('SV', 'contracts/crowdfund/ETHCrowdfundBase.sol', 'ETHCrowdfundBase.totalContributions')
 potentially stale -> ('SV', 'contracts/crowdfund/ETHCrowdfundBase.sol', 'ETHCrowdfundBase.minTotalContributions')
 reader witnesses  -> 88
 storage exposures -> 1
[MV-SI candidate 3d7afcfe63945bf7b558] {_governanceValues, mintedVotingPower}
 writer root       -> sol-tests/crowdfund/ReraiseETHCrowdfund.t.sol::ReraiseETHCrowdfundTest.test_claim_mintNewCard_withDisableContributingForExistingCard()
 writer effect     -> contracts/party/PartyGovernanceNFT.sol:184
 written member    -> ('SV', 'contracts/party/PartyGovernanceNFT.sol', 'PartyGovernanceNFT.mintedVotingPower')
 potentially stale -> ('SV', 'contracts/party/PartyGovernance.sol', 'PartyGovernance._governanceValues')
 reader witnesses  -> 544
 storage exposures -> 1
[MV-SI candidate 3e0681f6ff7139851c5f] {_governanceValues, isAuthority[$sender]}
 writer root       -> contracts/crowdfund/InitialETHCrowdfund.sol::InitialETHCrowdfund.contribute(address,bytes)
 writer effect     -> contracts/party/PartyGovernanceNFT.sol:196
 written member    -> ('SV', 'contracts/party/PartyGovernance.sol', 'PartyGovernance._governanceValues')
 potentially stale -> ('MS', 'contracts/party/PartyGovernanceNFT.sol', 'PartyGovernanceNFT.isAuthority', '$sender')
 reader witnesses  -> 139
 storage exposures -> 1
[MV-SI candidate 3e689166e0a44c4b435b] {_governanceValues, votingPowerByTokenId[$arg0]}
 writer root       -> sol-tests/crowdfund/ReraiseETHCrowdfund.t.sol::ReraiseETHCrowdfundTest.test_contributeFor_doesNotUpdateExistingDelegation()
 writer effect     -> contracts/party/PartyGovernanceNFT.sol:196
 written member    -> ('SV', 'contracts/party/PartyGovernance.sol', 'PartyGovernance._governanceValues')
 potentially stale -> ('MS', 'contracts/party/PartyGovernanceNFT.sol', 'PartyGovernanceNFT.votingPowerByTokenId', '$arg0')
 reader witnesses  -> 31
 storage exposures -> 1
[MV-SI candidate 3ea12dfdbd278bf8e0f4] {_governanceValues, votingPowerByTokenId[$arg0]}
 writer root       -> sol-tests/crowdfund/InitialETHCrowdfund.t.sol::InitialETHCrowdfundTest.test_contribute_mintNewCard()
 writer effect     -> contracts/party/PartyGovernanceNFT.sol:185
 written member    -> ('MS', 'contracts/party/PartyGovernanceNFT.sol', 'PartyGovernanceNFT.votingPowerByTokenId', '$arg0')
 potentially stale -> ('SV', 'contracts/party/PartyGovernance.sol', 'PartyGovernance._governanceValues')
 reader witnesses  -> 272
 storage exposures -> 1
[MV-SI candidate 3eb327bc3c5363432bbf] {maxTotalContributions, totalContributions}
 writer root       -> sol-tests/crowdfund/ReraiseETHCrowdfund.t.sol::ReraiseETHCrowdfundTest.test_initialization_cannotReinitialize()
 writer effect     -> contracts/crowdfund/ETHCrowdfundBase.sol:207
 written member    -> ('SV', 'contracts/crowdfund/ETHCrowdfundBase.sol', 'ETHCrowdfundBase.totalContributions')
 potentially stale -> ('SV', 'contracts/crowdfund/ETHCrowdfundBase.sol', 'ETHCrowdfundBase.maxTotalContributions')
 reader witnesses  -> 242
 storage exposures -> 1
[MV-SI candidate 3f45b8fc05e268cf80fc] {_governanceValues, isAuthority[$sender]}
 writer root       -> contracts/crowdfund/InitialETHCrowdfund.sol::InitialETHCrowdfund.contribute(uint256,address,bytes)
 writer effect     -> contracts/party/PartyGovernanceNFT.sol:196
 written member    -> ('SV', 'contracts/party/PartyGovernance.sol', 'PartyGovernance._governanceValues')
 potentially stale -> ('MS', 'contracts/party/PartyGovernanceNFT.sol', 'PartyGovernanceNFT.isAuthority', '$sender')
 reader witnesses  -> 139
 storage exposures -> 1
[MV-SI candidate 3f8686f7919a51d28f45] {_governanceValues, mintedVotingPower}
 writer root       -> sol-tests/crowdfund/ReraiseETHCrowdfund.t.sol::ReraiseETHCrowdfundTest.test_claim_mintNewCard_withDisableContributingForExistingCard()
 writer effect     -> contracts/party/PartyGovernanceNFT.sol:196
 written member    -> ('SV', 'contracts/party/PartyGovernance.sol', 'PartyGovernance._governanceValues')
 potentially stale -> ('SV', 'contracts/party/PartyGovernanceNFT.sol', 'PartyGovernanceNFT.mintedVotingPower')
 reader witnesses  -> 766
 storage exposures -> 1
[MV-SI candidate 3fe686567ac6230c56ac] {_governanceValues, mintedVotingPower}
 writer root       -> contracts/crowdfund/ReraiseETHCrowdfund.sol::ReraiseETHCrowdfund.contributeFor(address,address,bytes)
 writer effect     -> contracts/party/PartyGovernanceNFT.sol:196
 written member    -> ('SV', 'contracts/party/PartyGovernance.sol', 'PartyGovernance._governanceValues')
 potentially stale -> ('SV', 'contracts/party/PartyGovernanceNFT.sol', 'PartyGovernanceNFT.mintedVotingPower')
 reader witnesses  -> 766
 storage exposures -> 1
[MV-SI candidate 40556302743b953fc6cb] {minTotalContributions, totalContributions}
 writer root       -> sol-tests/crowdfund/ReraiseETHCrowdfund.t.sol::ReraiseETHCrowdfundTest.test_claimMultiple_votingPowerOfCardAboveMax()
 writer effect     -> contracts/crowdfund/ETHCrowdfundBase.sol:207
 written member    -> ('SV', 'contracts/crowdfund/ETHCrowdfundBase.sol', 'ETHCrowdfundBase.totalContributions')
 potentially stale -> ('SV', 'contracts/crowdfund/ETHCrowdfundBase.sol', 'ETHCrowdfundBase.minTotalContributions')
 reader witnesses  -> 88
 storage exposures -> 1
[MV-SI candidate 40e5dec04e22b2514e18] {_governanceValues, votingPowerByTokenId[$arg0]}
 writer root       -> sol-tests/crowdfund/ReraiseETHCrowdfund.t.sol::ReraiseETHCrowdfundTest.test_finalize_works()
 writer effect     -> contracts/party/PartyGovernanceNFT.sol:196
 written member    -> ('SV', 'contracts/party/PartyGovernance.sol', 'PartyGovernance._governanceValues')
 potentially stale -> ('MS', 'contracts/party/PartyGovernanceNFT.sol', 'PartyGovernanceNFT.votingPowerByTokenId', '$arg0')
 reader witnesses  -> 62
 storage exposures -> 1
[MV-SI candidate 4180876a38c9d0d1855a] {_governanceValues, isAuthority[$sender]}
 writer root       -> contracts/crowdfund/ReraiseETHCrowdfund.sol::ReraiseETHCrowdfund.batchContribute(ReraiseETHCrowdfund.BatchContributeArgs)
 writer effect     -> contracts/party/PartyGovernanceNFT.sol:196
 written member    -> ('SV', 'contracts/party/PartyGovernance.sol', 'PartyGovernance._governanceValues')
 potentially stale -> ('MS', 'contracts/party/PartyGovernanceNFT.sol', 'PartyGovernanceNFT.isAuthority', '$sender')
 reader witnesses  -> 139
 storage exposures -> 1
[MV-SI candidate 420f21a2440ada39e5fa] {_governanceValues, mintedVotingPower}
 writer root       -> contracts/crowdfund/ReraiseETHCrowdfund.sol::ReraiseETHCrowdfund.claim(uint256,address)
 writer effect     -> contracts/party/PartyGovernanceNFT.sol:184
 written member    -> ('SV', 'contracts/party/PartyGovernanceNFT.sol', 'PartyGovernanceNFT.mintedVotingPower')
 potentially stale -> ('SV', 'contracts/party/PartyGovernance.sol', 'PartyGovernance._governanceValues')
 reader witnesses  -> 544
 storage exposures -> 1
[MV-SI candidate 421d6f1bd3b2048eee6a] {_governanceValues, mintedVotingPower}
 writer root       -> sol-tests/crowdfund/ReraiseETHCrowdfund.t.sol::ReraiseETHCrowdfundTest.test_claimMultiple_works()
 writer effect     -> contracts/party/PartyGovernanceNFT.sol:152
 written member    -> ('SV', 'contracts/party/PartyGovernanceNFT.sol', 'PartyGovernanceNFT.mintedVotingPower')
 potentially stale -> ('SV', 'contracts/party/PartyGovernance.sol', 'PartyGovernance._governanceValues')
 reader witnesses  -> 544
 storage exposures -> 1
[MV-SI candidate 4245ea4de300a055e0b3] {minTotalContributions, totalContributions}
 writer root       -> sol-tests/crowdfund/ReraiseETHCrowdfund.t.sol::ReraiseETHCrowdfundTest.test_contribute_noContribution()
 writer effect     -> contracts/crowdfund/ETHCrowdfundBase.sol:207
 written member    -> ('SV', 'contracts/crowdfund/ETHCrowdfundBase.sol', 'ETHCrowdfundBase.totalContributions')
 potentially stale -> ('SV', 'contracts/crowdfund/ETHCrowdfundBase.sol', 'ETHCrowdfundBase.minTotalContributions')
 reader witnesses  -> 88
 storage exposures -> 1
[MV-SI candidate 42baf6cbc82490ecb4f2] {_governanceValues, mintedVotingPower}
 writer root       -> sol-tests/crowdfund/ReraiseETHCrowdfund.t.sol::ReraiseETHCrowdfundTest.test_refund_notLost()
 writer effect     -> contracts/party/PartyGovernanceNFT.sol:196
 written member    -> ('SV', 'contracts/party/PartyGovernance.sol', 'PartyGovernance._governanceValues')
 potentially stale -> ('SV', 'contracts/party/PartyGovernanceNFT.sol', 'PartyGovernanceNFT.mintedVotingPower')
 reader witnesses  -> 766
 storage exposures -> 1
[MV-SI candidate 42f1716c152a79f49107] {_governanceValues, isAuthority[$sender]}
 writer root       -> sol-tests/crowdfund/InitialETHCrowdfund.t.sol::InitialETHCrowdfundTest.test_contribute_mintNewCard_withDisableContributingForExistingCard()
 writer effect     -> contracts/party/PartyGovernanceNFT.sol:196
 written member    -> ('SV', 'contracts/party/PartyGovernance.sol', 'PartyGovernance._governanceValues')
 potentially stale -> ('MS', 'contracts/party/PartyGovernanceNFT.sol', 'PartyGovernanceNFT.isAuthority', '$sender')
 reader witnesses  -> 139
 storage exposures -> 1
[MV-SI candidate 4303ee27e91a084b7766] {maxTotalContributions, totalContributions}
 writer root       -> sol-tests/crowdfund/ReraiseETHCrowdfund.t.sol::ReraiseETHCrowdfundTest.test_claim_addVotingPowerToExistingCard()
 writer effect     -> contracts/crowdfund/ETHCrowdfundBase.sol:221
 written member    -> ('SV', 'contracts/crowdfund/ETHCrowdfundBase.sol', 'ETHCrowdfundBase.totalContributions')
 potentially stale -> ('SV', 'contracts/crowdfund/ETHCrowdfundBase.sol', 'ETHCrowdfundBase.maxTotalContributions')
 reader witnesses  -> 242
 storage exposures -> 1
[MV-SI candidate 43133cf02aefc703c27f] {maxTotalContributions, totalContributions}
 writer root       -> contracts/crowdfund/InitialETHCrowdfund.sol::InitialETHCrowdfund.contribute(address,bytes)
 writer effect     -> contracts/crowdfund/ETHCrowdfundBase.sol:207
 written member    -> ('SV', 'contracts/crowdfund/ETHCrowdfundBase.sol', 'ETHCrowdfundBase.totalContributions')
 potentially stale -> ('SV', 'contracts/crowdfund/ETHCrowdfundBase.sol', 'ETHCrowdfundBase.maxTotalContributions')
 reader witnesses  -> 186
 storage exposures -> 1
[MV-SI candidate 44c20ae85479c08fe2b4] {maxTotalContributions, totalContributions}
 writer root       -> contracts/crowdfund/InitialETHCrowdfund.sol::InitialETHCrowdfund.contribute(address,bytes)
 writer effect     -> contracts/crowdfund/ETHCrowdfundBase.sol:221
 written member    -> ('SV', 'contracts/crowdfund/ETHCrowdfundBase.sol', 'ETHCrowdfundBase.totalContributions')
 potentially stale -> ('SV', 'contracts/crowdfund/ETHCrowdfundBase.sol', 'ETHCrowdfundBase.maxTotalContributions')
 reader witnesses  -> 186
 storage exposures -> 1
[MV-SI candidate 45347f734e8e4095fc53] {_governanceValues, mintedVotingPower}
 writer root       -> sol-tests/crowdfund/InitialETHCrowdfund.t.sol::InitialETHCrowdfundTest.test_contribute_mintNewCard_withDisableContributingForExistingCard()
 writer effect     -> contracts/party/PartyGovernanceNFT.sol:184
 written member    -> ('SV', 'contracts/party/PartyGovernanceNFT.sol', 'PartyGovernanceNFT.mintedVotingPower')
 potentially stale -> ('SV', 'contracts/party/PartyGovernance.sol', 'PartyGovernance._governanceValues')
 reader witnesses  -> 544
 storage exposures -> 1
[MV-SI candidate 45de53b3702f6ce1b3f5] {minTotalContributions, totalContributions}
 writer root       -> contracts/crowdfund/InitialETHCrowdfund.sol::InitialETHCrowdfund.contribute(uint256,address,bytes)
 writer effect     -> contracts/crowdfund/ETHCrowdfundBase.sol:207
 written member    -> ('SV', 'contracts/crowdfund/ETHCrowdfundBase.sol', 'ETHCrowdfundBase.totalContributions')
 potentially stale -> ('SV', 'contracts/crowdfund/ETHCrowdfundBase.sol', 'ETHCrowdfundBase.minTotalContributions')
 reader witnesses  -> 64
 storage exposures -> 1
[MV-SI candidate 47474c42bcbacc431f59] {minTotalContributions, totalContributions}
 writer root       -> sol-tests/crowdfund/InitialETHCrowdfund.t.sol::InitialETHCrowdfundTest.test_batchRefund_works()
 writer effect     -> contracts/crowdfund/ETHCrowdfundBase.sol:207
 written member    -> ('SV', 'contracts/crowdfund/ETHCrowdfundBase.sol', 'ETHCrowdfundBase.totalContributions')
 potentially stale -> ('SV', 'contracts/crowdfund/ETHCrowdfundBase.sol', 'ETHCrowdfundBase.minTotalContributions')
 reader witnesses  -> 64
 storage exposures -> 1
[MV-SI candidate 476729470603e69b5b51] {_governanceValues, mintedVotingPower}
 writer root       -> sol-tests/crowdfund/AuctionCrowdfund.t.sol::AuctionCrowdfundTest.test_canWinEvenIfExpiredIfAlsoTopBidder()
 writer effect     -> contracts/party/PartyGovernanceNFT.sol:152
 written member    -> ('SV', 'contracts/party/PartyGovernanceNFT.sol', 'PartyGovernanceNFT.mintedVotingPower')
 potentially stale -> ('SV', 'contracts/party/PartyGovernance.sol', 'PartyGovernance._governanceValues')
 reader witnesses  -> 1088
 storage exposures -> 1
[MV-SI candidate 47dcbf1c4b9336bfc8a8] {minTotalContributions, totalContributions}
 writer root       -> sol-tests/crowdfund/ReraiseETHCrowdfund.t.sol::ReraiseETHCrowdfundTest.test_claim_mintNewCard()
 writer effect     -> contracts/crowdfund/ETHCrowdfundBase.sol:221
 written member    -> ('SV', 'contracts/crowdfund/ETHCrowdfundBase.sol', 'ETHCrowdfundBase.totalContributions')
 potentially stale -> ('SV', 'contracts/crowdfund/ETHCrowdfundBase.sol', 'ETHCrowdfundBase.minTotalContributions')
 reader witnesses  -> 88
 storage exposures -> 1
[MV-SI candidate 483c28a1506c0fb56009] {minTotalContributions, totalContributions}
 writer root       -> contracts/crowdfund/InitialETHCrowdfund.sol::InitialETHCrowdfund.contribute(address,bytes)
 writer effect     -> contracts/crowdfund/ETHCrowdfundBase.sol:221
 written member    -> ('SV', 'contracts/crowdfund/ETHCrowdfundBase.sol', 'ETHCrowdfundBase.totalContributions')
 potentially stale -> ('SV', 'contracts/crowdfund/ETHCrowdfundBase.sol', 'ETHCrowdfundBase.minTotalContributions')
 reader witnesses  -> 64
 storage exposures -> 1
[MV-SI candidate 48b0a400e3a1c6921ab9] {_governanceValues, isAuthority[$sender]}
 writer root       -> sol-tests/crowdfund/InitialETHCrowdfund.t.sol::InitialETHCrowdfundTest.test_fee_finalize()
 writer effect     -> contracts/party/PartyGovernanceNFT.sol:196
 written member    -> ('SV', 'contracts/party/PartyGovernance.sol', 'PartyGovernance._governanceValues')
 potentially stale -> ('MS', 'contracts/party/PartyGovernanceNFT.sol', 'PartyGovernanceNFT.isAuthority', '$sender')
 reader witnesses  -> 139
 storage exposures -> 1
[MV-SI candidate 4921cefafe183f0cc99d] {maxTotalContributions, totalContributions}
 writer root       -> contracts/crowdfund/ReraiseETHCrowdfund.sol::ReraiseETHCrowdfund.initialize(ETHCrowdfundBase.ETHCrowdfundOptions)
 writer effect     -> contracts/crowdfund/ETHCrowdfundBase.sol:207
 written member    -> ('SV', 'contracts/crowdfund/ETHCrowdfundBase.sol', 'ETHCrowdfundBase.totalContributions')
 potentially stale -> ('SV', 'contracts/crowdfund/ETHCrowdfundBase.sol', 'ETHCrowdfundBase.maxTotalContributions')
 reader witnesses  -> 242
 storage exposures -> 1
[MV-SI candidate 492b4b376b2ffe3f76d7] {minTotalContributions, totalContributions}
 writer root       -> sol-tests/crowdfund/InitialETHCrowdfund.t.sol::InitialETHCrowdfundTest.test_batchContribute_works()
 writer effect     -> contracts/crowdfund/ETHCrowdfundBase.sol:221
 written member    -> ('SV', 'contracts/crowdfund/ETHCrowdfundBase.sol', 'ETHCrowdfundBase.totalContributions')
 potentially stale -> ('SV', 'contracts/crowdfund/ETHCrowdfundBase.sol', 'ETHCrowdfundBase.minTotalContributions')
 reader witnesses  -> 64
 storage exposures -> 1
[MV-SI candidate 49316c29b4d1396fbc90] {maxTotalContributions, totalContributions}
 writer root       -> sol-tests/crowdfund/ReraiseETHCrowdfund.t.sol::ReraiseETHCrowdfundTest.test_fundingSplit_finalize()
 writer effect     -> contracts/crowdfund/ETHCrowdfundBase.sol:207
 written member    -> ('SV', 'contracts/crowdfund/ETHCrowdfundBase.sol', 'ETHCrowdfundBase.totalContributions')
 potentially stale -> ('SV', 'contracts/crowdfund/ETHCrowdfundBase.sol', 'ETHCrowdfundBase.maxTotalContributions')
 reader witnesses  -> 242
 storage exposures -> 1
[MV-SI candidate 497265a7403832342a82] {maxTotalContributions, totalContributions}
 writer root       -> sol-tests/crowdfund/InitialETHCrowdfund.t.sol::InitialETHCrowdfundTest.test_expiry_won()
 writer effect     -> contracts/crowdfund/ETHCrowdfundBase.sol:221
 written member    -> ('SV', 'contracts/crowdfund/ETHCrowdfundBase.sol', 'ETHCrowdfundBase.totalContributions')
 potentially stale -> ('SV', 'contracts/crowdfund/ETHCrowdfundBase.sol', 'ETHCrowdfundBase.maxTotalContributions')
 reader witnesses  -> 186
 storage exposures -> 1
[MV-SI candidate 4973a0dd795d4d51c5bf] {_governanceValues, mintedVotingPower}
 writer root       -> sol-tests/party/PartyGovernance.t.sol::PartyGovernanceTest.testExpiresWithoutPassing()
 writer effect     -> contracts/party/PartyGovernanceNFT.sol:152
 written member    -> ('SV', 'contracts/party/PartyGovernanceNFT.sol', 'PartyGovernanceNFT.mintedVotingPower')
 potentially stale -> ('SV', 'contracts/party/PartyGovernance.sol', 'PartyGovernance._governanceValues')
 reader witnesses  -> 1088
 storage exposures -> 1
[MV-SI candidate 49ed3347e6159f3622d3] {_governanceValues, mintedVotingPower}
 writer root       -> sol-tests/crowdfund/ReraiseETHCrowdfund.t.sol::ReraiseETHCrowdfundTest.test_claimMultiple_works()
 writer effect     -> contracts/party/PartyGovernanceNFT.sol:196
 written member    -> ('SV', 'contracts/party/PartyGovernance.sol', 'PartyGovernance._governanceValues')
 potentially stale -> ('SV', 'contracts/party/PartyGovernanceNFT.sol', 'PartyGovernanceNFT.mintedVotingPower')
 reader witnesses  -> 766
 storage exposures -> 1
[MV-SI candidate 4a585e12db908b70caf9] {_governanceValues, votingPowerByTokenId[$arg0]}
 writer root       -> sol-tests/crowdfund/InitialETHCrowdfund.t.sol::InitialETHCrowdfundTest.test_batchRefund_works()
 writer effect     -> contracts/party/PartyGovernanceNFT.sol:185
 written member    -> ('MS', 'contracts/party/PartyGovernanceNFT.sol', 'PartyGovernanceNFT.votingPowerByTokenId', '$arg0')
 potentially stale -> ('SV', 'contracts/party/PartyGovernance.sol', 'PartyGovernance._governanceValues')
 reader witnesses  -> 272
 storage exposures -> 1
[MV-SI candidate 4a7a0f9a3e288c1bd48f] {_governanceValues, isAuthority[$sender]}
 writer root       -> sol-tests/crowdfund/InitialETHCrowdfund.t.sol::InitialETHCrowdfundTest.test_contribute_afterLost()
 writer effect     -> contracts/party/PartyGovernanceNFT.sol:196
 written member    -> ('SV', 'contracts/party/PartyGovernance.sol', 'PartyGovernance._governanceValues')
 potentially stale -> ('MS', 'contracts/party/PartyGovernanceNFT.sol', 'PartyGovernanceNFT.isAuthority', '$sender')
 reader witnesses  -> 139
 storage exposures -> 1
[MV-SI candidate 4ad167f3f3c10e1cce0c] {maxTotalContributions, totalContributions}
 writer root       -> contracts/crowdfund/InitialETHCrowdfund.sol::InitialETHCrowdfund.initialize(InitialETHCrowdfund.InitialETHCrowdfundOptions,InitialETHCrowdfund.ETHPartyOptions)
 writer effect     -> contracts/crowdfund/ETHCrowdfundBase.sol:221
 written member    -> ('SV', 'contracts/crowdfund/ETHCrowdfundBase.sol', 'ETHCrowdfundBase.totalContributions')
 potentially stale -> ('SV', 'contracts/crowdfund/ETHCrowdfundBase.sol', 'ETHCrowdfundBase.maxTotalContributions')
 reader witnesses  -> 186
 storage exposures -> 1
[MV-SI candidate 4b51c5ecfd270f2f6868] {minTotalContributions, totalContributions}
 writer root       -> sol-tests/crowdfund/InitialETHCrowdfund.t.sol::InitialETHCrowdfundTest.test_finalize_anyoneCanFinalizeWhenExpired()
 writer effect     -> contracts/crowdfund/ETHCrowdfundBase.sol:207
 written member    -> ('SV', 'contracts/crowdfund/ETHCrowdfundBase.sol', 'ETHCrowdfundBase.totalContributions')
 potentially stale -> ('SV', 'contracts/crowdfund/ETHCrowdfundBase.sol', 'ETHCrowdfundBase.minTotalContributions')
 reader witnesses  -> 64
 storage exposures -> 1
[MV-SI candidate 4b7a80111e6fbf162a77] {_governanceValues, votingPowerByTokenId[$arg0]}
 writer root       -> contracts/crowdfund/ETHCrowdfundBase.sol::ETHCrowdfundBase.finalize()
 writer effect     -> contracts/party/PartyGovernanceNFT.sol:196
 written member    -> ('SV', 'contracts/party/PartyGovernance.sol', 'PartyGovernance._governanceValues')
 potentially stale -> ('MS', 'contracts/party/PartyGovernanceNFT.sol', 'PartyGovernanceNFT.votingPowerByTokenId', '$arg0')
 reader witnesses  -> 93
 storage exposures -> 1
[MV-SI candidate 4b9429bcfe691090ba4c] {_governanceValues, mintedVotingPower}
 writer root       -> sol-tests/crowdfund/InitialETHCrowdfund.t.sol::InitialETHCrowdfundTest.test_fee_contributionAndRefund()
 writer effect     -> contracts/party/PartyGovernanceNFT.sol:196
 written member    -> ('SV', 'contracts/party/PartyGovernance.sol', 'PartyGovernance._governanceValues')
 potentially stale -> ('SV', 'contracts/party/PartyGovernanceNFT.sol', 'PartyGovernanceNFT.mintedVotingPower')
 reader witnesses  -> 766
 storage exposures -> 1
[MV-SI candidate 4bef6a78cd4e58d1356b] {maxTotalContributions, totalContributions}
 writer root       -> contracts/crowdfund/ReraiseETHCrowdfund.sol::ReraiseETHCrowdfund.contributeFor(address,address,bytes)
 writer effect     -> contracts/crowdfund/ETHCrowdfundBase.sol:207
 written member    -> ('SV', 'contracts/crowdfund/ETHCrowdfundBase.sol', 'ETHCrowdfundBase.totalContributions')
 potentially stale -> ('SV', 'contracts/crowdfund/ETHCrowdfundBase.sol', 'ETHCrowdfundBase.maxTotalContributions')
 reader witnesses  -> 242
 storage exposures -> 1
[MV-SI candidate 4bf9a25e18095f04e010] {maxTotalContributions, totalContributions}
 writer root       -> sol-tests/crowdfund/InitialETHCrowdfund.t.sol::InitialETHCrowdfundTest.test_contribute_addVotingPowerToExistingCard()
 writer effect     -> contracts/crowdfund/ETHCrowdfundBase.sol:207
 written member    -> ('SV', 'contracts/crowdfund/ETHCrowdfundBase.sol', 'ETHCrowdfundBase.totalContributions')
 potentially stale -> ('SV', 'contracts/crowdfund/ETHCrowdfundBase.sol', 'ETHCrowdfundBase.maxTotalContributions')
 reader witnesses  -> 372
 storage exposures -> 1
[MV-SI candidate 4ced988847c71142826a] {_governanceValues, isAuthority[$sender]}
 writer root       -> sol-tests/crowdfund/ReraiseETHCrowdfund.t.sol::ReraiseETHCrowdfundTest.test_contribute_twiceDoesNotMintAnotherCrowdfundNFT()
 writer effect     -> contracts/party/PartyGovernanceNFT.sol:196
 written member    -> ('SV', 'contracts/party/PartyGovernance.sol', 'PartyGovernance._governanceValues')
 potentially stale -> ('MS', 'contracts/party/PartyGovernanceNFT.sol', 'PartyGovernanceNFT.isAuthority', '$sender')
 reader witnesses  -> 139
 storage exposures -> 1
[MV-SI candidate 4d80585a1625696b77f7] {_governanceValues, mintedVotingPower}
 writer root       -> sol-tests/crowdfund/InitialETHCrowdfund.t.sol::InitialETHCrowdfundTest.test_contribute_noContribution()
 writer effect     -> contracts/party/PartyGovernanceNFT.sol:152
 written member    -> ('SV', 'contracts/party/PartyGovernanceNFT.sol', 'PartyGovernanceNFT.mintedVotingPower')
 potentially stale -> ('SV', 'contracts/party/PartyGovernance.sol', 'PartyGovernance._governanceValues')
 reader witnesses  -> 544
 storage exposures -> 1
[MV-SI candidate 4da5c6552eda466d0a7c] {minTotalContributions, totalContributions}
 writer root       -> sol-tests/crowdfund/ReraiseETHCrowdfund.t.sol::ReraiseETHCrowdfundTest.test_claimMultiple_cannotClaimMoreThanVotingPower()
 writer effect     -> contracts/crowdfund/ETHCrowdfundBase.sol:207
 written member    -> ('SV', 'contracts/crowdfund/ETHCrowdfundBase.sol', 'ETHCrowdfundBase.totalContributions')
 potentially stale -> ('SV', 'contracts/crowdfund/ETHCrowdfundBase.sol', 'ETHCrowdfundBase.minTotalContributions')
 reader witnesses  -> 88
 storage exposures -> 1
[MV-SI candidate 4df44a2e42ba2b896058] {_governanceValues, mintedVotingPower}
 writer root       -> sol-tests/crowdfund/InitialETHCrowdfund.t.sol::InitialETHCrowdfundTest.test_contribute_mintNewCard()
 writer effect     -> contracts/party/PartyGovernanceNFT.sol:152
 written member    -> ('SV', 'contracts/party/PartyGovernanceNFT.sol', 'PartyGovernanceNFT.mintedVotingPower')
 potentially stale -> ('SV', 'contracts/party/PartyGovernance.sol', 'PartyGovernance._governanceValues')
 reader witnesses  -> 544
 storage exposures -> 1
[MV-SI candidate 4f808e5dd48d55d56e25] {_governanceValues, mintedVotingPower}
 writer root       -> sol-tests/TestUsers.sol::PartyAdmin.mintGovNft(Party,address,uint256,address)
 writer effect     -> contracts/party/PartyGovernanceNFT.sol:152
 written member    -> ('SV', 'contracts/party/PartyGovernanceNFT.sol', 'PartyGovernanceNFT.mintedVotingPower')
 potentially stale -> ('SV', 'contracts/party/PartyGovernance.sol', 'PartyGovernance._governanceValues')
 reader witnesses  -> 544
 storage exposures -> 1
[MV-SI candidate 5005c4bf0c5e7bb46d57] {maxTotalContributions, totalContributions}
 writer root       -> sol-tests/crowdfund/InitialETHCrowdfund.t.sol::InitialETHCrowdfundTest.test_initialization_cannotReinitialize()
 writer effect     -> contracts/crowdfund/ETHCrowdfundBase.sol:221
 written member    -> ('SV', 'contracts/crowdfund/ETHCrowdfundBase.sol', 'ETHCrowdfundBase.totalContributions')
 potentially stale -> ('SV', 'contracts/crowdfund/ETHCrowdfundBase.sol', 'ETHCrowdfundBase.maxTotalContributions')
 reader witnesses  -> 186
 storage exposures -> 1
[MV-SI candidate 5071cc819404e18b4b64] {minTotalContributions, totalContributions}
 writer root       -> sol-tests/crowdfund/ReraiseETHCrowdfund.t.sol::ReraiseETHCrowdfundTest.test_claim_addVotingPowerToExistingCard()
 writer effect     -> contracts/crowdfund/ETHCrowdfundBase.sol:207
 written member    -> ('SV', 'contracts/crowdfund/ETHCrowdfundBase.sol', 'ETHCrowdfundBase.totalContributions')
 potentially stale -> ('SV', 'contracts/crowdfund/ETHCrowdfundBase.sol', 'ETHCrowdfundBase.minTotalContributions')
 reader witnesses  -> 88
 storage exposures -> 1
[MV-SI candidate 511586b5cf38b5af2d7e] {maxTotalContributions, totalContributions}
 writer root       -> sol-tests/crowdfund/InitialETHCrowdfund.t.sol::InitialETHCrowdfundTest.test_expiry_won()
 writer effect     -> contracts/crowdfund/ETHCrowdfundBase.sol:207
 written member    -> ('SV', 'contracts/crowdfund/ETHCrowdfundBase.sol', 'ETHCrowdfundBase.totalContributions')
 potentially stale -> ('SV', 'contracts/crowdfund/ETHCrowdfundBase.sol', 'ETHCrowdfundBase.maxTotalContributions')
 reader witnesses  -> 186
 storage exposures -> 1
[MV-SI candidate 511b2c7d77526528d29a] {minTotalContributions, totalContributions}
 writer root       -> contracts/crowdfund/InitialETHCrowdfund.sol::InitialETHCrowdfund.contribute(uint256,address,bytes)
 writer effect     -> contracts/crowdfund/ETHCrowdfundBase.sol:221
 written member    -> ('SV', 'contracts/crowdfund/ETHCrowdfundBase.sol', 'ETHCrowdfundBase.totalContributions')
 potentially stale -> ('SV', 'contracts/crowdfund/ETHCrowdfundBase.sol', 'ETHCrowdfundBase.minTotalContributions')
 reader witnesses  -> 64
 storage exposures -> 1
[MV-SI candidate 514e175a3b5896e0bfd0] {maxTotalContributions, totalContributions}
 writer root       -> sol-tests/crowdfund/InitialETHCrowdfund.t.sol::InitialETHCrowdfundTest.test_contributeFor_doesNotUpdateExistingDelegation()
 writer effect     -> contracts/crowdfund/ETHCrowdfundBase.sol:207
 written member    -> ('SV', 'contracts/crowdfund/ETHCrowdfundBase.sol', 'ETHCrowdfundBase.totalContributions')
 potentially stale -> ('SV', 'contracts/crowdfund/ETHCrowdfundBase.sol', 'ETHCrowdfundBase.maxTotalContributions')
 reader witnesses  -> 372
 storage exposures -> 1
[MV-SI candidate 518fa6fd5ecfde825f56] {minTotalContributions, totalContributions}
 writer root       -> sol-tests/crowdfund/InitialETHCrowdfund.t.sol::InitialETHCrowdfundTest.test_contribute_aboveMaxTotalContribution()
 writer effect     -> contracts/crowdfund/ETHCrowdfundBase.sol:221
 written member    -> ('SV', 'contracts/crowdfund/ETHCrowdfundBase.sol', 'ETHCrowdfundBase.totalContributions')
 potentially stale -> ('SV', 'contracts/crowdfund/ETHCrowdfundBase.sol', 'ETHCrowdfundBase.minTotalContributions')
 reader witnesses  -> 64
 storage exposures -> 1
[MV-SI candidate 51d453ac98673b7eb0d1] {maxTotalContributions, totalContributions}
 writer root       -> contracts/crowdfund/InitialETHCrowdfund.sol::InitialETHCrowdfund.initialize(InitialETHCrowdfund.InitialETHCrowdfundOptions,InitialETHCrowdfund.ETHPartyOptions)
 writer effect     -> contracts/crowdfund/ETHCrowdfundBase.sol:207
 written member    -> ('SV', 'contracts/crowdfund/ETHCrowdfundBase.sol', 'ETHCrowdfundBase.totalContributions')
 potentially stale -> ('SV', 'contracts/crowdfund/ETHCrowdfundBase.sol', 'ETHCrowdfundBase.maxTotalContributions')
 reader witnesses  -> 186
 storage exposures -> 1
[MV-SI candidate 51e3329175cbd86f9527] {_governanceValues, mintedVotingPower}
 writer root       -> sol-tests/crowdfund/InitialETHCrowdfund.t.sol::InitialETHCrowdfundTest.test_contributeFor_works()
 writer effect     -> contracts/party/PartyGovernanceNFT.sol:184
 written member    -> ('SV', 'contracts/party/PartyGovernanceNFT.sol', 'PartyGovernanceNFT.mintedVotingPower')
 potentially stale -> ('SV', 'contracts/party/PartyGovernance.sol', 'PartyGovernance._governanceValues')
 reader witnesses  -> 544
 storage exposures -> 1
[MV-SI candidate 5306517ea07cd6233fd6] {_governanceValues, isAuthority[$sender]}
 writer root       -> sol-tests/crowdfund/InitialETHCrowdfund.t.sol::InitialETHCrowdfundTest.test_batchContribute_works()
 writer effect     -> contracts/party/PartyGovernanceNFT.sol:196
 written member    -> ('SV', 'contracts/party/PartyGovernance.sol', 'PartyGovernance._governanceValues')
 potentially stale -> ('MS', 'contracts/party/PartyGovernanceNFT.sol', 'PartyGovernanceNFT.isAuthority', '$sender')
 reader witnesses  -> 139
 storage exposures -> 1
[MV-SI candidate 532d0ae2b9e11889e496] {maxTotalContributions, totalContributions}
 writer root       -> sol-tests/crowdfund/InitialETHCrowdfund.t.sol::InitialETHCrowdfundTest.test_finalize_onlyHostCanFinalizeEarlyWhenActive()
 writer effect     -> contracts/crowdfund/ETHCrowdfundBase.sol:207
 written member    -> ('SV', 'contracts/crowdfund/ETHCrowdfundBase.sol', 'ETHCrowdfundBase.totalContributions')
 potentially stale -> ('SV', 'contracts/crowdfund/ETHCrowdfundBase.sol', 'ETHCrowdfundBase.maxTotalContributions')
 reader witnesses  -> 186
 storage exposures -> 1
[MV-SI candidate 534c6e4706e96167b47f] {_governanceValues, votingPowerByTokenId[$arg0]}
 writer root       -> sol-tests/crowdfund/ReraiseETHCrowdfund.t.sol::ReraiseETHCrowdfundTest.test_refund_twice()
 writer effect     -> contracts/party/PartyGovernanceNFT.sol:196
 written member    -> ('SV', 'contracts/party/PartyGovernance.sol', 'PartyGovernance._governanceValues')
 potentially stale -> ('MS', 'contracts/party/PartyGovernanceNFT.sol', 'PartyGovernanceNFT.votingPowerByTokenId', '$arg0')
 reader witnesses  -> 31
 storage exposures -> 1
[MV-SI candidate 539d83d4fa8c87394a2a] {maxTotalContributions, totalContributions}
 writer root       -> sol-tests/crowdfund/ReraiseETHCrowdfund.t.sol::ReraiseETHCrowdfundTest.test_claimMultiple_cannotHaveRemainingVotingPowerAfterClaim()
 writer effect     -> contracts/crowdfund/ETHCrowdfundBase.sol:221
 written member    -> ('SV', 'contracts/crowdfund/ETHCrowdfundBase.sol', 'ETHCrowdfundBase.totalContributions')
 potentially stale -> ('SV', 'contracts/crowdfund/ETHCrowdfundBase.sol', 'ETHCrowdfundBase.maxTotalContributions')
 reader witnesses  -> 242
 storage exposures -> 1
[MV-SI candidate 540e35740f42684c99dd] {_governanceValues, votingPowerByTokenId[$arg0]}
 writer root       -> sol-tests/crowdfund/ReraiseETHCrowdfund.t.sol::ReraiseETHCrowdfundTest.test_batchContribute_works()
 writer effect     -> contracts/party/PartyGovernanceNFT.sol:196
 written member    -> ('SV', 'contracts/party/PartyGovernance.sol', 'PartyGovernance._governanceValues')
 potentially stale -> ('MS', 'contracts/party/PartyGovernanceNFT.sol', 'PartyGovernanceNFT.votingPowerByTokenId', '$arg0')
 reader witnesses  -> 31
 storage exposures -> 1
[MV-SI candidate 5431f397a13506536b4f] {maxTotalContributions, totalContributions}
 writer root       -> sol-tests/crowdfund/InitialETHCrowdfund.t.sol::InitialETHCrowdfundTest.test_finalize_belowMinTotalContributions()
 writer effect     -> contracts/crowdfund/ETHCrowdfundBase.sol:207
 written member    -> ('SV', 'contracts/crowdfund/ETHCrowdfundBase.sol', 'ETHCrowdfundBase.totalContributions')
 potentially stale -> ('SV', 'contracts/crowdfund/ETHCrowdfundBase.sol', 'ETHCrowdfundBase.maxTotalContributions')
 reader witnesses  -> 186
 storage exposures -> 1
[MV-SI candidate 54a70038520f17b4231b] {_governanceValues, votingPowerByTokenId[$arg0]}
 writer root       -> sol-tests/crowdfund/ReraiseETHCrowdfund.t.sol::ReraiseETHCrowdfundTest.test_contribute_belowMinContribution()
 writer effect     -> contracts/party/PartyGovernanceNFT.sol:196
 written member    -> ('SV', 'contracts/party/PartyGovernance.sol', 'PartyGovernance._governanceValues')
 potentially stale -> ('MS', 'contracts/party/PartyGovernanceNFT.sol', 'PartyGovernanceNFT.votingPowerByTokenId', '$arg0')
 reader witnesses  -> 31
 storage exposures -> 1
[MV-SI candidate 54b9b77eec3f5a75e0a2] {_governanceValues, mintedVotingPower}
 writer root       -> sol-tests/crowdfund/AuctionCrowdfund.t.sol::AuctionCrowdfundTest.test_canRefundIfCrowdfundLosesAndNoBidsMade()
 writer effect     -> contracts/party/PartyGovernanceNFT.sol:152
 written member    -> ('SV', 'contracts/party/PartyGovernanceNFT.sol', 'PartyGovernanceNFT.mintedVotingPower')
 potentially stale -> ('SV', 'contracts/party/PartyGovernance.sol', 'PartyGovernance._governanceValues')
 reader witnesses  -> 1088
 storage exposures -> 1
[MV-SI candidate 565709776b8692a225e2] {_governanceValues, votingPowerByTokenId[$arg0]}
 writer root       -> contracts/crowdfund/InitialETHCrowdfund.sol::InitialETHCrowdfund.contribute(uint256,address,bytes)
 writer effect     -> contracts/party/PartyGovernanceNFT.sol:185
 written member    -> ('MS', 'contracts/party/PartyGovernanceNFT.sol', 'PartyGovernanceNFT.votingPowerByTokenId', '$arg0')
 potentially stale -> ('SV', 'contracts/party/PartyGovernance.sol', 'PartyGovernance._governanceValues')
 reader witnesses  -> 272
 storage exposures -> 1
[MV-SI candidate 565f77f22aff8a0903f9] {_governanceValues, mintedVotingPower}
 writer root       -> sol-tests/crowdfund/InitialETHCrowdfund.t.sol::InitialETHCrowdfundTest.test_finalize_anyoneCanFinalizeWhenExpired()
 writer effect     -> contracts/party/PartyGovernanceNFT.sol:152
 written member    -> ('SV', 'contracts/party/PartyGovernanceNFT.sol', 'PartyGovernanceNFT.mintedVotingPower')
 potentially stale -> ('SV', 'contracts/party/PartyGovernance.sol', 'PartyGovernance._governanceValues')
 reader witnesses  -> 544
 storage exposures -> 1
[MV-SI candidate 56830294360c379220f3] {_governanceValues, mintedVotingPower}
 writer root       -> sol-tests/crowdfund/AuctionCrowdfund.t.sol::AuctionCrowdfundTest.test_canRefundIfCrowdfundLosesWithBidsMade_notFinalized()
 writer effect     -> contracts/party/PartyGovernanceNFT.sol:152
 written member    -> ('SV', 'contracts/party/PartyGovernanceNFT.sol', 'PartyGovernanceNFT.mintedVotingPower')
 potentially stale -> ('SV', 'contracts/party/PartyGovernance.sol', 'PartyGovernance._governanceValues')
 reader witnesses  -> 1088
 storage exposures -> 1
[MV-SI candidate 56fb0ac0972ea690c80e] {_ownerOf[$arg0], getApproved[$arg0], isApprovedForAll[@local::contracts/party/PartyGovernanceNFT.sol::PartyGovernanceNFT.burn(uint256)::LocalVariable::owner_1][$sender]}
 writer root       -> contracts/party/PartyGovernanceNFT.sol::PartyGovernanceNFT.transferFrom(address,address,uint256)
 writer effect     -> contracts/vendor/solmate/ERC721.sol:99
 written member    -> ('MS', 'contracts/vendor/solmate/ERC721.sol', 'ERC721._ownerOf', '$arg0')
 potentially stale -> ('MS', 'contracts/vendor/solmate/ERC721.sol', 'ERC721.getApproved', '$arg0'), ('MS', 'contracts/vendor/solmate/ERC721.sol', 'ERC721.isApprovedForAll', '@local::contracts/party/PartyGovernanceNFT.sol::PartyGovernanceNFT.burn(uint256)::LocalVariable::owner_1][$sender')
 reader witnesses  -> 6
 storage exposures -> 1
[MV-SI candidate 587bc5e7368a3d894c56] {_governanceValues, votingPowerByTokenId[$arg0]}
 writer root       -> sol-tests/crowdfund/InitialETHCrowdfund.t.sol::InitialETHCrowdfundTest.test_fee_contributionAndRefund()
 writer effect     -> contracts/party/PartyGovernanceNFT.sol:185
 written member    -> ('MS', 'contracts/party/PartyGovernanceNFT.sol', 'PartyGovernanceNFT.votingPowerByTokenId', '$arg0')
 potentially stale -> ('SV', 'contracts/party/PartyGovernance.sol', 'PartyGovernance._governanceValues')
 reader witnesses  -> 272
 storage exposures -> 1
[MV-SI candidate 595dae73314aa0c28c54] {maxTotalContributions, totalContributions}
 writer root       -> sol-tests/crowdfund/InitialETHCrowdfund.t.sol::InitialETHCrowdfundTest.test_batchContribute_works()
 writer effect     -> contracts/crowdfund/ETHCrowdfundBase.sol:221
 written member    -> ('SV', 'contracts/crowdfund/ETHCrowdfundBase.sol', 'ETHCrowdfundBase.totalContributions')
 potentially stale -> ('SV', 'contracts/crowdfund/ETHCrowdfundBase.sol', 'ETHCrowdfundBase.maxTotalContributions')
 reader witnesses  -> 186
 storage exposures -> 1
[MV-SI candidate 59a3c66bdee20dcac2e8] {_governanceValues, mintedVotingPower}
 writer root       -> contracts/crowdfund/InitialETHCrowdfund.sol::InitialETHCrowdfund.contributeFor(uint256,address,address,bytes)
 writer effect     -> contracts/party/PartyGovernanceNFT.sol:152
 written member    -> ('SV', 'contracts/party/PartyGovernanceNFT.sol', 'PartyGovernanceNFT.mintedVotingPower')
 potentially stale -> ('SV', 'contracts/party/PartyGovernance.sol', 'PartyGovernance._governanceValues')
 reader witnesses  -> 544
 storage exposures -> 1
[MV-SI candidate 59f8256a5ca8d8f98bce] {minTotalContributions, totalContributions}
 writer root       -> sol-tests/crowdfund/InitialETHCrowdfund.t.sol::InitialETHCrowdfundTest.test_contribute_mintNewCard_withDisableContributingForExistingCard()
 writer effect     -> contracts/crowdfund/ETHCrowdfundBase.sol:207
 written member    -> ('SV', 'contracts/crowdfund/ETHCrowdfundBase.sol', 'ETHCrowdfundBase.totalContributions')
 potentially stale -> ('SV', 'contracts/crowdfund/ETHCrowdfundBase.sol', 'ETHCrowdfundBase.minTotalContributions')
 reader witnesses  -> 64
 storage exposures -> 1
[MV-SI candidate 5a40f3ea4d27fb62a63d] {maxTotalContributions, totalContributions}
 writer root       -> sol-tests/crowdfund/InitialETHCrowdfund.t.sol::InitialETHCrowdfundTest.test_finalize_onlyHostCanFinalizeEarlyWhenActive()
 writer effect     -> contracts/crowdfund/ETHCrowdfundBase.sol:221
 written member    -> ('SV', 'contracts/crowdfund/ETHCrowdfundBase.sol', 'ETHCrowdfundBase.totalContributions')
 potentially stale -> ('SV', 'contracts/crowdfund/ETHCrowdfundBase.sol', 'ETHCrowdfundBase.maxTotalContributions')
 reader witnesses  -> 186
 storage exposures -> 1
[MV-SI candidate 5a88e4bc7242f8e6bfe5] {_governanceValues, votingPowerByTokenId[$arg0]}
 writer root       -> sol-tests/crowdfund/InitialETHCrowdfund.t.sol::InitialETHCrowdfundTest.test_expiry_won()
 writer effect     -> contracts/party/PartyGovernanceNFT.sol:185
 written member    -> ('MS', 'contracts/party/PartyGovernanceNFT.sol', 'PartyGovernanceNFT.votingPowerByTokenId', '$arg0')
 potentially stale -> ('SV', 'contracts/party/PartyGovernance.sol', 'PartyGovernance._governanceValues')
 reader witnesses  -> 272
 storage exposures -> 1
[MV-SI candidate 5a95426ee4edd932a271] {maxTotalContributions, totalContributions}
 writer root       -> sol-tests/crowdfund/InitialETHCrowdfund.t.sol::InitialETHCrowdfundTest.test_contribute_aboveMaxTotalContribution()
 writer effect     -> contracts/crowdfund/ETHCrowdfundBase.sol:221
 written member    -> ('SV', 'contracts/crowdfund/ETHCrowdfundBase.sol', 'ETHCrowdfundBase.totalContributions')
 potentially stale -> ('SV', 'contracts/crowdfund/ETHCrowdfundBase.sol', 'ETHCrowdfundBase.maxTotalContributions')
 reader witnesses  -> 186
 storage exposures -> 1
[MV-SI candidate 5a9ee3051f376f691095] {_governanceValues, isAuthority[$sender]}
 writer root       -> sol-tests/crowdfund/InitialETHCrowdfund.t.sol::InitialETHCrowdfundTest.test_contributeFor_works()
 writer effect     -> contracts/party/PartyGovernanceNFT.sol:196
 written member    -> ('SV', 'contracts/party/PartyGovernance.sol', 'PartyGovernance._governanceValues')
 potentially stale -> ('MS', 'contracts/party/PartyGovernanceNFT.sol', 'PartyGovernanceNFT.isAuthority', '$sender')
 reader witnesses  -> 139
 storage exposures -> 1
[MV-SI candidate 5b473fd753f31ec95290] {maxTotalContributions, totalContributions}
 writer root       -> sol-tests/crowdfund/ReraiseETHCrowdfund.t.sol::ReraiseETHCrowdfundTest.test_contribute_aboveMaxTotalContribution()
 writer effect     -> contracts/crowdfund/ETHCrowdfundBase.sol:207
 written member    -> ('SV', 'contracts/crowdfund/ETHCrowdfundBase.sol', 'ETHCrowdfundBase.totalContributions')
 potentially stale -> ('SV', 'contracts/crowdfund/ETHCrowdfundBase.sol', 'ETHCrowdfundBase.maxTotalContributions')
 reader witnesses  -> 242
 storage exposures -> 1
[MV-SI candidate 5c5710bc1bff2f79f52a] {_governanceValues, mintedVotingPower}
 writer root       -> sol-tests/party/PartyGovernanceNFT.t.sol::PartyGovernanceNFTTest.testMint_onlyAuthority()
 writer effect     -> contracts/party/PartyGovernanceNFT.sol:152
 written member    -> ('SV', 'contracts/party/PartyGovernanceNFT.sol', 'PartyGovernanceNFT.mintedVotingPower')
 potentially stale -> ('SV', 'contracts/party/PartyGovernance.sol', 'PartyGovernance._governanceValues')
 reader witnesses  -> 544
 storage exposures -> 1
[MV-SI candidate 5c6cdecd391cf5c901f8] {_governanceValues, votingPowerByTokenId[$arg0]}
 writer root       -> sol-tests/crowdfund/InitialETHCrowdfund.t.sol::InitialETHCrowdfundTest.test_refund_notLost()
 writer effect     -> contracts/party/PartyGovernanceNFT.sol:185
 written member    -> ('MS', 'contracts/party/PartyGovernanceNFT.sol', 'PartyGovernanceNFT.votingPowerByTokenId', '$arg0')
 potentially stale -> ('SV', 'contracts/party/PartyGovernance.sol', 'PartyGovernance._governanceValues')
 reader witnesses  -> 272
 storage exposures -> 1
[MV-SI candidate 5d4b7604e6ecd1fdba81] {_governanceValues, mintedVotingPower}
 writer root       -> contracts/crowdfund/InitialETHCrowdfund.sol::InitialETHCrowdfund.initialize(InitialETHCrowdfund.InitialETHCrowdfundOptions,InitialETHCrowdfund.ETHPartyOptions)
 writer effect     -> contracts/party/PartyGovernanceNFT.sol:152
 written member    -> ('SV', 'contracts/party/PartyGovernanceNFT.sol', 'PartyGovernanceNFT.mintedVotingPower')
 potentially stale -> ('SV', 'contracts/party/PartyGovernance.sol', 'PartyGovernance._governanceValues')
 reader witnesses  -> 544
 storage exposures -> 1
[MV-SI candidate 5da0727d35ea1b24981d] {_governanceValues, mintedVotingPower}
 writer root       -> contracts/crowdfund/InitialETHCrowdfund.sol::InitialETHCrowdfund.batchContribute(InitialETHCrowdfund.BatchContributeArgs)
 writer effect     -> contracts/party/PartyGovernanceNFT.sol:152
 written member    -> ('SV', 'contracts/party/PartyGovernanceNFT.sol', 'PartyGovernanceNFT.mintedVotingPower')
 potentially stale -> ('SV', 'contracts/party/PartyGovernance.sol', 'PartyGovernance._governanceValues')
 reader witnesses  -> 544
 storage exposures -> 1
[MV-SI candidate 5e0083ee0689d827aa10] {_governanceValues, isAuthority[$sender]}
 writer root       -> contracts/party/PartyGovernanceNFT.sol::PartyGovernanceNFT.increaseTotalVotingPower(uint96)
 writer effect     -> contracts/party/PartyGovernanceNFT.sol:196
 written member    -> ('SV', 'contracts/party/PartyGovernance.sol', 'PartyGovernance._governanceValues')
 potentially stale -> ('MS', 'contracts/party/PartyGovernanceNFT.sol', 'PartyGovernanceNFT.isAuthority', '$sender')
 reader witnesses  -> 139
 storage exposures -> 1
[MV-SI candidate 5e1e2c648d9b4f7f7444] {_governanceValues, isAuthority[$sender]}
 writer root       -> sol-tests/crowdfund/ReraiseETHCrowdfund.t.sol::ReraiseETHCrowdfundTest.test_contributeFor_works()
 writer effect     -> contracts/party/PartyGovernanceNFT.sol:196
 written member    -> ('SV', 'contracts/party/PartyGovernance.sol', 'PartyGovernance._governanceValues')
 potentially stale -> ('MS', 'contracts/party/PartyGovernanceNFT.sol', 'PartyGovernanceNFT.isAuthority', '$sender')
 reader witnesses  -> 139
 storage exposures -> 1
[MV-SI candidate 5e57d9e32244b8d30208] {minTotalContributions, totalContributions}
 writer root       -> sol-tests/crowdfund/ReraiseETHCrowdfund.t.sol::ReraiseETHCrowdfundTest.test_claim_addVotingPowerToExistingCard()
 writer effect     -> contracts/crowdfund/ETHCrowdfundBase.sol:221
 written member    -> ('SV', 'contracts/crowdfund/ETHCrowdfundBase.sol', 'ETHCrowdfundBase.totalContributions')
 potentially stale -> ('SV', 'contracts/crowdfund/ETHCrowdfundBase.sol', 'ETHCrowdfundBase.minTotalContributions')
 reader witnesses  -> 88
 storage exposures -> 1
[MV-SI candidate 5e7ba6aed5c60172522b] {minTotalContributions, totalContributions}
 writer root       -> sol-tests/crowdfund/ReraiseETHCrowdfund.t.sol::ReraiseETHCrowdfundTest.test_finalize_belowMinTotalContributions()
 writer effect     -> contracts/crowdfund/ETHCrowdfundBase.sol:221
 written member    -> ('SV', 'contracts/crowdfund/ETHCrowdfundBase.sol', 'ETHCrowdfundBase.totalContributions')
 potentially stale -> ('SV', 'contracts/crowdfund/ETHCrowdfundBase.sol', 'ETHCrowdfundBase.minTotalContributions')
 reader witnesses  -> 88
 storage exposures -> 1
[MV-SI candidate 5ec7f4c4ae226bc014fd] {maxTotalContributions, totalContributions}
 writer root       -> sol-tests/crowdfund/ReraiseETHCrowdfund.t.sol::ReraiseETHCrowdfundTest.test_finalize_onlyHostCanFinalizeEarlyWhenActive()
 writer effect     -> contracts/crowdfund/ETHCrowdfundBase.sol:207
 written member    -> ('SV', 'contracts/crowdfund/ETHCrowdfundBase.sol', 'ETHCrowdfundBase.totalContributions')
 potentially stale -> ('SV', 'contracts/crowdfund/ETHCrowdfundBase.sol', 'ETHCrowdfundBase.maxTotalContributions')
 reader witnesses  -> 242
 storage exposures -> 1
[MV-SI candidate 5ef1c979804b9ac42fe4] {_governanceValues, votingPowerByTokenId[$arg0]}
 writer root       -> contracts/crowdfund/InitialETHCrowdfund.sol::InitialETHCrowdfund.contribute(address,bytes)
 writer effect     -> contracts/party/PartyGovernanceNFT.sol:185
 written member    -> ('MS', 'contracts/party/PartyGovernanceNFT.sol', 'PartyGovernanceNFT.votingPowerByTokenId', '$arg0')
 potentially stale -> ('SV', 'contracts/party/PartyGovernance.sol', 'PartyGovernance._governanceValues')
 reader witnesses  -> 272
 storage exposures -> 1
[MV-SI candidate 5f8a194dfbb5730f474e] {_governanceValues, mintedVotingPower}
 writer root       -> sol-tests/crowdfund/InitialETHCrowdfund.t.sol::InitialETHCrowdfundTest.test_fee_contributionAndRefund()
 writer effect     -> contracts/party/PartyGovernanceNFT.sol:184
 written member    -> ('SV', 'contracts/party/PartyGovernanceNFT.sol', 'PartyGovernanceNFT.mintedVotingPower')
 potentially stale -> ('SV', 'contracts/party/PartyGovernance.sol', 'PartyGovernance._governanceValues')
 reader witnesses  -> 544
 storage exposures -> 1
[MV-SI candidate 5f981bc393f10eef57e2] {_governanceValues, isAuthority[$sender]}
 writer root       -> sol-tests/crowdfund/ReraiseETHCrowdfund.t.sol::ReraiseETHCrowdfundTest.test_fundingSplit_contributionAndRefund()
 writer effect     -> contracts/party/PartyGovernanceNFT.sol:196
 written member    -> ('SV', 'contracts/party/PartyGovernance.sol', 'PartyGovernance._governanceValues')
 potentially stale -> ('MS', 'contracts/party/PartyGovernanceNFT.sol', 'PartyGovernanceNFT.isAuthority', '$sender')
 reader witnesses  -> 139
 storage exposures -> 1
[MV-SI candidate 5ffaad9a33129dd308b4] {_governanceValues, mintedVotingPower}
 writer root       -> sol-tests/crowdfund/InitialETHCrowdfund.t.sol::InitialETHCrowdfundTest.test_initialization_cannotReinitialize()
 writer effect     -> contracts/party/PartyGovernanceNFT.sol:184
 written member    -> ('SV', 'contracts/party/PartyGovernanceNFT.sol', 'PartyGovernanceNFT.mintedVotingPower')
 potentially stale -> ('SV', 'contracts/party/PartyGovernance.sol', 'PartyGovernance._governanceValues')
 reader witnesses  -> 544
 storage exposures -> 1
[MV-SI candidate 6029ff75a4778b087c09] {_governanceValues, mintedVotingPower}
 writer root       -> sol-tests/crowdfund/InitialETHCrowdfund.t.sol::InitialETHCrowdfundTest.test_refund_notLost()
 writer effect     -> contracts/party/PartyGovernanceNFT.sol:152
 written member    -> ('SV', 'contracts/party/PartyGovernanceNFT.sol', 'PartyGovernanceNFT.mintedVotingPower')
 potentially stale -> ('SV', 'contracts/party/PartyGovernance.sol', 'PartyGovernance._governanceValues')
 reader witnesses  -> 544
 storage exposures -> 1
[MV-SI candidate 60862859908639fbe40b] {maxTotalContributions, totalContributions}
 writer root       -> sol-tests/crowdfund/InitialETHCrowdfund.t.sol::InitialETHCrowdfundTest.test_batchRefund_works()
 writer effect     -> contracts/crowdfund/ETHCrowdfundBase.sol:207
 written member    -> ('SV', 'contracts/crowdfund/ETHCrowdfundBase.sol', 'ETHCrowdfundBase.totalContributions')
 potentially stale -> ('SV', 'contracts/crowdfund/ETHCrowdfundBase.sol', 'ETHCrowdfundBase.maxTotalContributions')
 reader witnesses  -> 186
 storage exposures -> 1
[MV-SI candidate 60b62386aa30424d44da] {_governanceValues, mintedVotingPower}
 writer root       -> contracts/party/PartyGovernanceNFT.sol::PartyGovernanceNFT.increaseTotalVotingPower(uint96)
 writer effect     -> contracts/party/PartyGovernanceNFT.sol:196
 written member    -> ('SV', 'contracts/party/PartyGovernance.sol', 'PartyGovernance._governanceValues')
 potentially stale -> ('SV', 'contracts/party/PartyGovernanceNFT.sol', 'PartyGovernanceNFT.mintedVotingPower')
 reader witnesses  -> 766
 storage exposures -> 1
[MV-SI candidate 617eb78c3b47ea6d5d15] {exchangeRateBps, maxContribution, pendingVotingPower[$arg1]}
 writer root       -> contracts/crowdfund/ReraiseETHCrowdfund.sol::ReraiseETHCrowdfund.contributeFor(address,address,bytes)
 writer effect     -> contracts/crowdfund/ReraiseETHCrowdfund.sol:235
 written member    -> ('MS', 'contracts/crowdfund/ReraiseETHCrowdfund.sol', 'ReraiseETHCrowdfund.pendingVotingPower', '$arg1')
 potentially stale -> ('SV', 'contracts/crowdfund/ETHCrowdfundBase.sol', 'ETHCrowdfundBase.exchangeRateBps'), ('SV', 'contracts/crowdfund/ETHCrowdfundBase.sol', 'ETHCrowdfundBase.maxContribution')
 reader witnesses  -> 146
 storage exposures -> 1
[MV-SI candidate 61cd3b8954c982e0c95e] {maxTotalContributions, totalContributions}
 writer root       -> sol-tests/crowdfund/ReraiseETHCrowdfund.t.sol::ReraiseETHCrowdfundTest.test_initialization_cannotReinitialize()
 writer effect     -> contracts/crowdfund/ETHCrowdfundBase.sol:221
 written member    -> ('SV', 'contracts/crowdfund/ETHCrowdfundBase.sol', 'ETHCrowdfundBase.totalContributions')
 potentially stale -> ('SV', 'contracts/crowdfund/ETHCrowdfundBase.sol', 'ETHCrowdfundBase.maxTotalContributions')
 reader witnesses  -> 242
 storage exposures -> 1
[MV-SI candidate 6208fc145eb2292d425d] {_governanceValues, mintedVotingPower}
 writer root       -> sol-tests/crowdfund/ReraiseETHCrowdfund.t.sol::ReraiseETHCrowdfundTest.test_contribute_noContribution()
 writer effect     -> contracts/party/PartyGovernanceNFT.sol:196
 written member    -> ('SV', 'contracts/party/PartyGovernance.sol', 'PartyGovernance._governanceValues')
 potentially stale -> ('SV', 'contracts/party/PartyGovernanceNFT.sol', 'PartyGovernanceNFT.mintedVotingPower')
 reader witnesses  -> 766
 storage exposures -> 1
[MV-SI candidate 623445807e0dbd41a88f] {_governanceValues, mintedVotingPower}
 writer root       -> sol-tests/crowdfund/InitialETHCrowdfund.t.sol::InitialETHCrowdfundTest.test_finalize_belowMinTotalContributions()
 writer effect     -> contracts/party/PartyGovernanceNFT.sol:152
 written member    -> ('SV', 'contracts/party/PartyGovernanceNFT.sol', 'PartyGovernanceNFT.mintedVotingPower')
 potentially stale -> ('SV', 'contracts/party/PartyGovernance.sol', 'PartyGovernance._governanceValues')
 reader witnesses  -> 544
 storage exposures -> 1
[MV-SI candidate 6239affe422080016283] {minTotalContributions, totalContributions}
 writer root       -> sol-tests/crowdfund/ReraiseETHCrowdfund.t.sol::ReraiseETHCrowdfundTest.test_claim_mintNewCard_withDisableContributingForExistingCard()
 writer effect     -> contracts/crowdfund/ETHCrowdfundBase.sol:221
 written member    -> ('SV', 'contracts/crowdfund/ETHCrowdfundBase.sol', 'ETHCrowdfundBase.totalContributions')
 potentially stale -> ('SV', 'contracts/crowdfund/ETHCrowdfundBase.sol', 'ETHCrowdfundBase.minTotalContributions')
 reader witnesses  -> 88
 storage exposures -> 1
[MV-SI candidate 626b68927deef9c4d769] {maxTotalContributions, totalContributions}
 writer root       -> sol-tests/crowdfund/ReraiseETHCrowdfund.t.sol::ReraiseETHCrowdfundTest.test_claimMultiple_cannotClaimMoreThanVotingPower()
 writer effect     -> contracts/crowdfund/ETHCrowdfundBase.sol:221
 written member    -> ('SV', 'contracts/crowdfund/ETHCrowdfundBase.sol', 'ETHCrowdfundBase.totalContributions')
 potentially stale -> ('SV', 'contracts/crowdfund/ETHCrowdfundBase.sol', 'ETHCrowdfundBase.maxTotalContributions')
 reader witnesses  -> 242
 storage exposures -> 1
[MV-SI candidate 626e68edf2119ca6ec04] {_governanceValues, votingPowerByTokenId[$arg0]}
 writer root       -> contracts/crowdfund/ReraiseETHCrowdfund.sol::ReraiseETHCrowdfund.contributeFor(address,address,bytes)
 writer effect     -> contracts/party/PartyGovernanceNFT.sol:196
 written member    -> ('SV', 'contracts/party/PartyGovernance.sol', 'PartyGovernance._governanceValues')
 potentially stale -> ('MS', 'contracts/party/PartyGovernanceNFT.sol', 'PartyGovernanceNFT.votingPowerByTokenId', '$arg0')
 reader witnesses  -> 31
 storage exposures -> 1
[MV-SI candidate 62e96fe7a3551c801b73] {_governanceValues, votingPowerByTokenId[$arg0]}
 writer root       -> sol-tests/crowdfund/ReraiseETHCrowdfund.t.sol::ReraiseETHCrowdfundTest.test_batchRefund_works()
 writer effect     -> contracts/party/PartyGovernanceNFT.sol:196
 written member    -> ('SV', 'contracts/party/PartyGovernance.sol', 'PartyGovernance._governanceValues')
 potentially stale -> ('MS', 'contracts/party/PartyGovernanceNFT.sol', 'PartyGovernanceNFT.votingPowerByTokenId', '$arg0')
 reader witnesses  -> 31
 storage exposures -> 1
[MV-SI candidate 635970fa569026cc33da] {maxTotalContributions, totalContributions}
 writer root       -> sol-tests/crowdfund/InitialETHCrowdfund.t.sol::InitialETHCrowdfundTest.test_contributeFor_works()
 writer effect     -> contracts/crowdfund/ETHCrowdfundBase.sol:221
 written member    -> ('SV', 'contracts/crowdfund/ETHCrowdfundBase.sol', 'ETHCrowdfundBase.totalContributions')
 potentially stale -> ('SV', 'contracts/crowdfund/ETHCrowdfundBase.sol', 'ETHCrowdfundBase.maxTotalContributions')
 reader witnesses  -> 186
 storage exposures -> 1
[MV-SI candidate 636ac49163d621786625] {_governanceValues, mintedVotingPower}
 writer root       -> sol-tests/crowdfund/ReraiseETHCrowdfund.t.sol::ReraiseETHCrowdfundTest.test_claim_addVotingPowerToExistingCard()
 writer effect     -> contracts/party/PartyGovernanceNFT.sol:196
 written member    -> ('SV', 'contracts/party/PartyGovernance.sol', 'PartyGovernance._governanceValues')
 potentially stale -> ('SV', 'contracts/party/PartyGovernanceNFT.sol', 'PartyGovernanceNFT.mintedVotingPower')
 reader witnesses  -> 766
 storage exposures -> 1
[MV-SI candidate 63d45fb302e2c4e4fbd6] {maxTotalContributions, totalContributions}
 writer root       -> sol-tests/crowdfund/InitialETHCrowdfund.t.sol::InitialETHCrowdfundTest.test_finalize_anyoneCanFinalizeWhenExpired()
 writer effect     -> contracts/crowdfund/ETHCrowdfundBase.sol:207
 written member    -> ('SV', 'contracts/crowdfund/ETHCrowdfundBase.sol', 'ETHCrowdfundBase.totalContributions')
 potentially stale -> ('SV', 'contracts/crowdfund/ETHCrowdfundBase.sol', 'ETHCrowdfundBase.maxTotalContributions')
 reader witnesses  -> 186
 storage exposures -> 1
[MV-SI candidate 65c4c6ed489f496cb349] {maxTotalContributions, totalContributions}
 writer root       -> sol-tests/crowdfund/InitialETHCrowdfund.t.sol::InitialETHCrowdfundTest.test_contribute_addVotingPowerToExistingCard()
 writer effect     -> contracts/crowdfund/ETHCrowdfundBase.sol:221
 written member    -> ('SV', 'contracts/crowdfund/ETHCrowdfundBase.sol', 'ETHCrowdfundBase.totalContributions')
 potentially stale -> ('SV', 'contracts/crowdfund/ETHCrowdfundBase.sol', 'ETHCrowdfundBase.maxTotalContributions')
 reader witnesses  -> 372
 storage exposures -> 1
[MV-SI candidate 65e188cc9ad250635aad] {_governanceValues, mintedVotingPower}
 writer root       -> sol-tests/crowdfund/InitialETHCrowdfund.t.sol::InitialETHCrowdfundTest.test_contribute_aboveMaxTotalContribution()
 writer effect     -> contracts/party/PartyGovernanceNFT.sol:196
 written member    -> ('SV', 'contracts/party/PartyGovernance.sol', 'PartyGovernance._governanceValues')
 potentially stale -> ('SV', 'contracts/party/PartyGovernanceNFT.sol', 'PartyGovernanceNFT.mintedVotingPower')
 reader witnesses  -> 766
 storage exposures -> 1
[MV-SI candidate 6610c441ed7f0ed7076a] {_governanceValues, isAuthority[$sender]}
 writer root       -> sol-tests/crowdfund/ReraiseETHCrowdfund.t.sol::ReraiseETHCrowdfundTest.test_claimMultiple_votingPowerOfCardBelowMin()
 writer effect     -> contracts/party/PartyGovernanceNFT.sol:196
 written member    -> ('SV', 'contracts/party/PartyGovernance.sol', 'PartyGovernance._governanceValues')
 potentially stale -> ('MS', 'contracts/party/PartyGovernanceNFT.sol', 'PartyGovernanceNFT.isAuthority', '$sender')
 reader witnesses  -> 139
 storage exposures -> 1
[MV-SI candidate 66424ce05c8598c786fd] {maxTotalContributions, totalContributions}
 writer root       -> sol-tests/crowdfund/ReraiseETHCrowdfund.t.sol::ReraiseETHCrowdfundTest.test_contribute_aboveMaxContribution()
 writer effect     -> contracts/crowdfund/ETHCrowdfundBase.sol:221
 written member    -> ('SV', 'contracts/crowdfund/ETHCrowdfundBase.sol', 'ETHCrowdfundBase.totalContributions')
 potentially stale -> ('SV', 'contracts/crowdfund/ETHCrowdfundBase.sol', 'ETHCrowdfundBase.maxTotalContributions')
 reader witnesses  -> 242
 storage exposures -> 1
[MV-SI candidate 6672a0d38d014dc58bab] {_governanceValues, isAuthority[$sender]}
 writer root       -> sol-tests/crowdfund/ReraiseETHCrowdfund.t.sol::ReraiseETHCrowdfundTest.test_initialization_cannotReinitialize()
 writer effect     -> contracts/party/PartyGovernanceNFT.sol:196
 written member    -> ('SV', 'contracts/party/PartyGovernance.sol', 'PartyGovernance._governanceValues')
 potentially stale -> ('MS', 'contracts/party/PartyGovernanceNFT.sol', 'PartyGovernanceNFT.isAuthority', '$sender')
 reader witnesses  -> 139
 storage exposures -> 1
[MV-SI candidate 66bf8a14715144b88ef1] {maxTotalContributions, totalContributions}
 writer root       -> sol-tests/crowdfund/InitialETHCrowdfund.t.sol::InitialETHCrowdfundTest.test_finalize_works()
 writer effect     -> contracts/crowdfund/ETHCrowdfundBase.sol:207
 written member    -> ('SV', 'contracts/crowdfund/ETHCrowdfundBase.sol', 'ETHCrowdfundBase.totalContributions')
 potentially stale -> ('SV', 'contracts/crowdfund/ETHCrowdfundBase.sol', 'ETHCrowdfundBase.maxTotalContributions')
 reader witnesses  -> 186
 storage exposures -> 1
[MV-SI candidate 66df20aeade4be95cf56] {_governanceValues, votingPowerByTokenId[$arg0]}
 writer root       -> sol-tests/crowdfund/InitialETHCrowdfund.t.sol::InitialETHCrowdfundTest.test_fee_finalize()
 writer effect     -> contracts/party/PartyGovernanceNFT.sol:185
 written member    -> ('MS', 'contracts/party/PartyGovernanceNFT.sol', 'PartyGovernanceNFT.votingPowerByTokenId', '$arg0')
 potentially stale -> ('SV', 'contracts/party/PartyGovernance.sol', 'PartyGovernance._governanceValues')
 reader witnesses  -> 272
 storage exposures -> 1
[MV-SI candidate 672dceb1c2c52eb25f2a] {_governanceValues, votingPowerByTokenId[$arg0]}
 writer root       -> sol-tests/crowdfund/InitialETHCrowdfund.t.sol::InitialETHCrowdfundTest.test_expiry_lost()
 writer effect     -> contracts/party/PartyGovernanceNFT.sol:185
 written member    -> ('MS', 'contracts/party/PartyGovernanceNFT.sol', 'PartyGovernanceNFT.votingPowerByTokenId', '$arg0')
 potentially stale -> ('SV', 'contracts/party/PartyGovernance.sol', 'PartyGovernance._governanceValues')
 reader witnesses  -> 272
 storage exposures -> 1
[MV-SI candidate 678703f3d356e8c2530b] {minTotalContributions, totalContributions}
 writer root       -> sol-tests/crowdfund/ReraiseETHCrowdfund.t.sol::ReraiseETHCrowdfundTest.test_claim_mintNewCard()
 writer effect     -> contracts/crowdfund/ETHCrowdfundBase.sol:207
 written member    -> ('SV', 'contracts/crowdfund/ETHCrowdfundBase.sol', 'ETHCrowdfundBase.totalContributions')
 potentially stale -> ('SV', 'contracts/crowdfund/ETHCrowdfundBase.sol', 'ETHCrowdfundBase.minTotalContributions')
 reader witnesses  -> 88
 storage exposures -> 1
[MV-SI candidate 67c787f33c84d82586f4] {maxTotalContributions, totalContributions}
 writer root       -> sol-tests/crowdfund/InitialETHCrowdfund.t.sol::InitialETHCrowdfundTest.test_contribute_mintNewCard()
 writer effect     -> contracts/crowdfund/ETHCrowdfundBase.sol:221
 written member    -> ('SV', 'contracts/crowdfund/ETHCrowdfundBase.sol', 'ETHCrowdfundBase.totalContributions')
 potentially stale -> ('SV', 'contracts/crowdfund/ETHCrowdfundBase.sol', 'ETHCrowdfundBase.maxTotalContributions')
 reader witnesses  -> 186
 storage exposures -> 1
[MV-SI candidate 6803a7b2a00676fa199c] {maxTotalContributions, totalContributions}
 writer root       -> sol-tests/crowdfund/InitialETHCrowdfund.t.sol::InitialETHCrowdfundTest.test_contribute_aboveMaxTotalContribution()
 writer effect     -> contracts/crowdfund/ETHCrowdfundBase.sol:207
 written member    -> ('SV', 'contracts/crowdfund/ETHCrowdfundBase.sol', 'ETHCrowdfundBase.totalContributions')
 potentially stale -> ('SV', 'contracts/crowdfund/ETHCrowdfundBase.sol', 'ETHCrowdfundBase.maxTotalContributions')
 reader witnesses  -> 186
 storage exposures -> 1
[MV-SI candidate 680e52e9d2dc8250e5bd] {minTotalContributions, totalContributions}
 writer root       -> contracts/crowdfund/InitialETHCrowdfund.sol::InitialETHCrowdfund.batchContribute(InitialETHCrowdfund.BatchContributeArgs)
 writer effect     -> contracts/crowdfund/ETHCrowdfundBase.sol:221
 written member    -> ('SV', 'contracts/crowdfund/ETHCrowdfundBase.sol', 'ETHCrowdfundBase.totalContributions')
 potentially stale -> ('SV', 'contracts/crowdfund/ETHCrowdfundBase.sol', 'ETHCrowdfundBase.minTotalContributions')
 reader witnesses  -> 64
 storage exposures -> 1
[MV-SI candidate 6848d74bcd61f631e741] {_governanceValues, mintedVotingPower}
 writer root       -> sol-tests/crowdfund/ReraiseETHCrowdfund.t.sol::ReraiseETHCrowdfundTest.test_claim_mintNewCard()
 writer effect     -> contracts/party/PartyGovernanceNFT.sol:152
 written member    -> ('SV', 'contracts/party/PartyGovernanceNFT.sol', 'PartyGovernanceNFT.mintedVotingPower')
 potentially stale -> ('SV', 'contracts/party/PartyGovernance.sol', 'PartyGovernance._governanceValues')
 reader witnesses  -> 544
 storage exposures -> 1
[MV-SI candidate 684d3394172babbe4a33] {_governanceValues, isAuthority[$sender]}
 writer root       -> sol-tests/crowdfund/InitialETHCrowdfund.t.sol::InitialETHCrowdfundTest.test_refund_works()
 writer effect     -> contracts/party/PartyGovernanceNFT.sol:196
 written member    -> ('SV', 'contracts/party/PartyGovernance.sol', 'PartyGovernance._governanceValues')
 potentially stale -> ('MS', 'contracts/party/PartyGovernanceNFT.sol', 'PartyGovernanceNFT.isAuthority', '$sender')
 reader witnesses  -> 139
 storage exposures -> 1
[MV-SI candidate 6949bbfc186e8b49a647] {_governanceValues, votingPowerByTokenId[$arg0]}
 writer root       -> sol-tests/crowdfund/InitialETHCrowdfund.t.sol::InitialETHCrowdfundTest.test_contributeFor_doesNotUpdateExistingDelegation()
 writer effect     -> contracts/party/PartyGovernanceNFT.sol:185
 written member    -> ('MS', 'contracts/party/PartyGovernanceNFT.sol', 'PartyGovernanceNFT.votingPowerByTokenId', '$arg0')
 potentially stale -> ('SV', 'contracts/party/PartyGovernance.sol', 'PartyGovernance._governanceValues')
 reader witnesses  -> 272
 storage exposures -> 1
[MV-SI candidate 699144cfb407a8c04df0] {exchangeRateBps, maxContribution, pendingVotingPower[$arg1]}
 writer root       -> sol-tests/crowdfund/ReraiseETHCrowdfund.t.sol::ReraiseETHCrowdfundTest.test_initialization_cannotReinitialize()
 writer effect     -> contracts/crowdfund/ETHCrowdfundBase.sol:120
 written member    -> ('SV', 'contracts/crowdfund/ETHCrowdfundBase.sol', 'ETHCrowdfundBase.maxContribution')
 potentially stale -> ('MS', 'contracts/crowdfund/ReraiseETHCrowdfund.sol', 'ReraiseETHCrowdfund.pendingVotingPower', '$arg1'), ('SV', 'contracts/crowdfund/ETHCrowdfundBase.sol', 'ETHCrowdfundBase.exchangeRateBps')
 reader witnesses  -> 101
 storage exposures -> 1
[MV-SI candidate 69f0e570058b57f48fed] {_governanceValues, votingPowerByTokenId[$arg0]}
 writer root       -> sol-tests/crowdfund/ReraiseETHCrowdfund.t.sol::ReraiseETHCrowdfundTest.test_contribute_aboveMaxContribution()
 writer effect     -> contracts/party/PartyGovernanceNFT.sol:196
 written member    -> ('SV', 'contracts/party/PartyGovernance.sol', 'PartyGovernance._governanceValues')
 potentially stale -> ('MS', 'contracts/party/PartyGovernanceNFT.sol', 'PartyGovernanceNFT.votingPowerByTokenId', '$arg0')
 reader witnesses  -> 31
 storage exposures -> 1
[MV-SI candidate 6b2ca3e387c5fa2af1ab] {minTotalContributions, totalContributions}
 writer root       -> sol-tests/crowdfund/InitialETHCrowdfund.t.sol::InitialETHCrowdfundTest.test_expiry_won()
 writer effect     -> contracts/crowdfund/ETHCrowdfundBase.sol:207
 written member    -> ('SV', 'contracts/crowdfund/ETHCrowdfundBase.sol', 'ETHCrowdfundBase.totalContributions')
 potentially stale -> ('SV', 'contracts/crowdfund/ETHCrowdfundBase.sol', 'ETHCrowdfundBase.minTotalContributions')
 reader witnesses  -> 64
 storage exposures -> 1
[MV-SI candidate 6b6b37882da304b64e51] {_governanceValues, votingPowerByTokenId[$arg0]}
 writer root       -> sol-tests/crowdfund/ReraiseETHCrowdfund.t.sol::ReraiseETHCrowdfundTest.test_claim_aboveMax()
 writer effect     -> contracts/party/PartyGovernanceNFT.sol:185
 written member    -> ('MS', 'contracts/party/PartyGovernanceNFT.sol', 'PartyGovernanceNFT.votingPowerByTokenId', '$arg0')
 potentially stale -> ('SV', 'contracts/party/PartyGovernance.sol', 'PartyGovernance._governanceValues')
 reader witnesses  -> 272
 storage exposures -> 1
[MV-SI candidate 6c70078c5acce367962c] {maxTotalContributions, totalContributions}
 writer root       -> sol-tests/crowdfund/ReraiseETHCrowdfund.t.sol::ReraiseETHCrowdfundTest.test_contribute_belowMinContribution()
 writer effect     -> contracts/crowdfund/ETHCrowdfundBase.sol:207
 written member    -> ('SV', 'contracts/crowdfund/ETHCrowdfundBase.sol', 'ETHCrowdfundBase.totalContributions')
 potentially stale -> ('SV', 'contracts/crowdfund/ETHCrowdfundBase.sol', 'ETHCrowdfundBase.maxTotalContributions')
 reader witnesses  -> 242
 storage exposures -> 1
[MV-SI candidate 6c91f5045d8b2e4180c1] {minTotalContributions, totalContributions}
 writer root       -> sol-tests/crowdfund/InitialETHCrowdfund.t.sol::InitialETHCrowdfundTest.test_fee_contributionAndRefund()
 writer effect     -> contracts/crowdfund/ETHCrowdfundBase.sol:207
 written member    -> ('SV', 'contracts/crowdfund/ETHCrowdfundBase.sol', 'ETHCrowdfundBase.totalContributions')
 potentially stale -> ('SV', 'contracts/crowdfund/ETHCrowdfundBase.sol', 'ETHCrowdfundBase.minTotalContributions')
 reader witnesses  -> 64
 storage exposures -> 1
[MV-SI candidate 6cc3d57ec8d1ebd9342c] {minTotalContributions, totalContributions}
 writer root       -> sol-tests/crowdfund/InitialETHCrowdfund.t.sol::InitialETHCrowdfundTest.test_contributeFor_works()
 writer effect     -> contracts/crowdfund/ETHCrowdfundBase.sol:207
 written member    -> ('SV', 'contracts/crowdfund/ETHCrowdfundBase.sol', 'ETHCrowdfundBase.totalContributions')
 potentially stale -> ('SV', 'contracts/crowdfund/ETHCrowdfundBase.sol', 'ETHCrowdfundBase.minTotalContributions')
 reader witnesses  -> 64
 storage exposures -> 1
[MV-SI candidate 6cc682b8479a6677b447] {maxTotalContributions, totalContributions}
 writer root       -> contracts/crowdfund/ReraiseETHCrowdfund.sol::ReraiseETHCrowdfund.contribute(address,bytes)
 writer effect     -> contracts/crowdfund/ETHCrowdfundBase.sol:207
 written member    -> ('SV', 'contracts/crowdfund/ETHCrowdfundBase.sol', 'ETHCrowdfundBase.totalContributions')
 potentially stale -> ('SV', 'contracts/crowdfund/ETHCrowdfundBase.sol', 'ETHCrowdfundBase.maxTotalContributions')
 reader witnesses  -> 242
 storage exposures -> 1
[MV-SI candidate 6ccbeaa0ef02bf1b5c9d] {_governanceValues, votingPowerByTokenId[$arg0]}
 writer root       -> sol-tests/crowdfund/InitialETHCrowdfund.t.sol::InitialETHCrowdfundTest.test_contribute_afterLost()
 writer effect     -> contracts/party/PartyGovernanceNFT.sol:196
 written member    -> ('SV', 'contracts/party/PartyGovernance.sol', 'PartyGovernance._governanceValues')
 potentially stale -> ('MS', 'contracts/party/PartyGovernanceNFT.sol', 'PartyGovernanceNFT.votingPowerByTokenId', '$arg0')
 reader witnesses  -> 31
 storage exposures -> 1
[MV-SI candidate 6dfb552251196c61fb0e] {_governanceValues, mintedVotingPower}
 writer root       -> sol-tests/crowdfund/ReraiseETHCrowdfund.t.sol::ReraiseETHCrowdfundTest.test_claim_mintNewCard()
 writer effect     -> contracts/party/PartyGovernanceNFT.sol:196
 written member    -> ('SV', 'contracts/party/PartyGovernance.sol', 'PartyGovernance._governanceValues')
 potentially stale -> ('SV', 'contracts/party/PartyGovernanceNFT.sol', 'PartyGovernanceNFT.mintedVotingPower')
 reader witnesses  -> 766
 storage exposures -> 1
[MV-SI candidate 6efd70a75054bb01bddb] {_governanceValues, mintedVotingPower}
 writer root       -> sol-tests/crowdfund/ReraiseETHCrowdfund.t.sol::ReraiseETHCrowdfundTest.test_initialization_cannotReinitialize()
 writer effect     -> contracts/party/PartyGovernanceNFT.sol:196
 written member    -> ('SV', 'contracts/party/PartyGovernance.sol', 'PartyGovernance._governanceValues')
 potentially stale -> ('SV', 'contracts/party/PartyGovernanceNFT.sol', 'PartyGovernanceNFT.mintedVotingPower')
 reader witnesses  -> 766
 storage exposures -> 1
[MV-SI candidate 6f5954c5a5ed2fa61ea1] {_governanceValues, votingPowerByTokenId[$arg0]}
 writer root       -> sol-tests/crowdfund/ReraiseETHCrowdfund.t.sol::ReraiseETHCrowdfundTest.test_claim_mintNewCard()
 writer effect     -> contracts/party/PartyGovernanceNFT.sol:185
 written member    -> ('MS', 'contracts/party/PartyGovernanceNFT.sol', 'PartyGovernanceNFT.votingPowerByTokenId', '$arg0')
 potentially stale -> ('SV', 'contracts/party/PartyGovernance.sol', 'PartyGovernance._governanceValues')
 reader witnesses  -> 272
 storage exposures -> 1
[MV-SI candidate 70979e39ea949b73fb31] {maxTotalContributions, totalContributions}
 writer root       -> sol-tests/crowdfund/ReraiseETHCrowdfund.t.sol::ReraiseETHCrowdfundTest.test_batchContribute_works()
 writer effect     -> contracts/crowdfund/ETHCrowdfundBase.sol:207
 written member    -> ('SV', 'contracts/crowdfund/ETHCrowdfundBase.sol', 'ETHCrowdfundBase.totalContributions')
 potentially stale -> ('SV', 'contracts/crowdfund/ETHCrowdfundBase.sol', 'ETHCrowdfundBase.maxTotalContributions')
 reader witnesses  -> 242
 storage exposures -> 1
[MV-SI candidate 70eb7654973da3a5b9ca] {minTotalContributions, totalContributions}
 writer root       -> sol-tests/crowdfund/ReraiseETHCrowdfund.t.sol::ReraiseETHCrowdfundTest.test_batchClaimMultiple_works()
 writer effect     -> contracts/crowdfund/ETHCrowdfundBase.sol:207
 written member    -> ('SV', 'contracts/crowdfund/ETHCrowdfundBase.sol', 'ETHCrowdfundBase.totalContributions')
 potentially stale -> ('SV', 'contracts/crowdfund/ETHCrowdfundBase.sol', 'ETHCrowdfundBase.minTotalContributions')
 reader witnesses  -> 88
 storage exposures -> 1
[MV-SI candidate 71412b02715926979aae] {_governanceValues, mintedVotingPower}
 writer root       -> sol-tests/crowdfund/InitialETHCrowdfund.t.sol::InitialETHCrowdfundTest.test_contribute_mintNewCard_withDisableContributingForExistingCard()
 writer effect     -> contracts/party/PartyGovernanceNFT.sol:152
 written member    -> ('SV', 'contracts/party/PartyGovernanceNFT.sol', 'PartyGovernanceNFT.mintedVotingPower')
 potentially stale -> ('SV', 'contracts/party/PartyGovernance.sol', 'PartyGovernance._governanceValues')
 reader witnesses  -> 544
 storage exposures -> 1
[MV-SI candidate 71e4d12c9f9491461d14] {_governanceValues, isAuthority[$sender]}
 writer root       -> contracts/party/PartyGovernanceNFT.sol::PartyGovernanceNFT.addAuthority(address)
 writer effect     -> contracts/party/PartyGovernanceNFT.sol:264
 written member    -> ('MS', 'contracts/party/PartyGovernanceNFT.sol', 'PartyGovernanceNFT.isAuthority', '$sender')
 potentially stale -> ('SV', 'contracts/party/PartyGovernance.sol', 'PartyGovernance._governanceValues')
 reader witnesses  -> 272
 storage exposures -> 1
[MV-SI candidate 71fd5a46b1069fa52473] {_governanceValues, isAuthority[$sender]}
 writer root       -> sol-tests/crowdfund/ReraiseETHCrowdfund.t.sol::ReraiseETHCrowdfundTest.test_finalize_anyoneCanFinalizeWhenExpired()
 writer effect     -> contracts/party/PartyGovernanceNFT.sol:196
 written member    -> ('SV', 'contracts/party/PartyGovernance.sol', 'PartyGovernance._governanceValues')
 potentially stale -> ('MS', 'contracts/party/PartyGovernanceNFT.sol', 'PartyGovernanceNFT.isAuthority', '$sender')
 reader witnesses  -> 278
 storage exposures -> 1
[MV-SI candidate 723b52161c1b0a3dc449] {_governanceValues, isAuthority[$sender]}
 writer root       -> sol-tests/crowdfund/InitialETHCrowdfund.t.sol::InitialETHCrowdfundTest.test_finalize_works()
 writer effect     -> contracts/party/PartyGovernanceNFT.sol:196
 written member    -> ('SV', 'contracts/party/PartyGovernance.sol', 'PartyGovernance._governanceValues')
 potentially stale -> ('MS', 'contracts/party/PartyGovernanceNFT.sol', 'PartyGovernanceNFT.isAuthority', '$sender')
 reader witnesses  -> 278
 storage exposures -> 1
[MV-SI candidate 725e34bba4b2a394a0d3] {_governanceValues, votingPowerByTokenId[$arg0]}
 writer root       -> sol-tests/crowdfund/InitialETHCrowdfund.t.sol::InitialETHCrowdfundTest.test_batchRefund_works()
 writer effect     -> contracts/party/PartyGovernanceNFT.sol:196
 written member    -> ('SV', 'contracts/party/PartyGovernance.sol', 'PartyGovernance._governanceValues')
 potentially stale -> ('MS', 'contracts/party/PartyGovernanceNFT.sol', 'PartyGovernanceNFT.votingPowerByTokenId', '$arg0')
 reader witnesses  -> 31
 storage exposures -> 1
[MV-SI candidate 73727d6164eca6edc57b] {minTotalContributions, totalContributions}
 writer root       -> sol-tests/crowdfund/InitialETHCrowdfund.t.sol::InitialETHCrowdfundTest.test_fee_finalize()
 writer effect     -> contracts/crowdfund/ETHCrowdfundBase.sol:207
 written member    -> ('SV', 'contracts/crowdfund/ETHCrowdfundBase.sol', 'ETHCrowdfundBase.totalContributions')
 potentially stale -> ('SV', 'contracts/crowdfund/ETHCrowdfundBase.sol', 'ETHCrowdfundBase.minTotalContributions')
 reader witnesses  -> 64
 storage exposures -> 1
[MV-SI candidate 73c0e1adea535057e126] {maxTotalContributions, totalContributions}
 writer root       -> sol-tests/crowdfund/InitialETHCrowdfund.t.sol::InitialETHCrowdfundTest.test_finalize_belowMinTotalContributions()
 writer effect     -> contracts/crowdfund/ETHCrowdfundBase.sol:221
 written member    -> ('SV', 'contracts/crowdfund/ETHCrowdfundBase.sol', 'ETHCrowdfundBase.totalContributions')
 potentially stale -> ('SV', 'contracts/crowdfund/ETHCrowdfundBase.sol', 'ETHCrowdfundBase.maxTotalContributions')
 reader witnesses  -> 186
 storage exposures -> 1
[MV-SI candidate 7405405662fd24f351bc] {minTotalContributions, totalContributions}
 writer root       -> sol-tests/crowdfund/InitialETHCrowdfund.t.sol::InitialETHCrowdfundTest.test_batchContribute_works()
 writer effect     -> contracts/crowdfund/ETHCrowdfundBase.sol:207
 written member    -> ('SV', 'contracts/crowdfund/ETHCrowdfundBase.sol', 'ETHCrowdfundBase.totalContributions')
 potentially stale -> ('SV', 'contracts/crowdfund/ETHCrowdfundBase.sol', 'ETHCrowdfundBase.minTotalContributions')
 reader witnesses  -> 64
 storage exposures -> 1
[MV-SI candidate 74306b060b053479903c] {maxTotalContributions, totalContributions}
 writer root       -> sol-tests/crowdfund/InitialETHCrowdfund.t.sol::InitialETHCrowdfundTest.test_contribute_mintNewCard_withDisableContributingForExistingCard()
 writer effect     -> contracts/crowdfund/ETHCrowdfundBase.sol:207
 written member    -> ('SV', 'contracts/crowdfund/ETHCrowdfundBase.sol', 'ETHCrowdfundBase.totalContributions')
 potentially stale -> ('SV', 'contracts/crowdfund/ETHCrowdfundBase.sol', 'ETHCrowdfundBase.maxTotalContributions')
 reader witnesses  -> 186
 storage exposures -> 1
[MV-SI candidate 7481279a5180647b63f2] {minTotalContributions, totalContributions}
 writer root       -> sol-tests/crowdfund/ReraiseETHCrowdfund.t.sol::ReraiseETHCrowdfundTest.test_refund_twice()
 writer effect     -> contracts/crowdfund/ETHCrowdfundBase.sol:207
 written member    -> ('SV', 'contracts/crowdfund/ETHCrowdfundBase.sol', 'ETHCrowdfundBase.totalContributions')
 potentially stale -> ('SV', 'contracts/crowdfund/ETHCrowdfundBase.sol', 'ETHCrowdfundBase.minTotalContributions')
 reader witnesses  -> 88
 storage exposures -> 1
[MV-SI candidate 750ec8d943e9580ff960] {minTotalContributions, totalContributions}
 writer root       -> sol-tests/crowdfund/InitialETHCrowdfund.t.sol::InitialETHCrowdfundTest.test_contribute_aboveMaxContribution()
 writer effect     -> contracts/crowdfund/ETHCrowdfundBase.sol:221
 written member    -> ('SV', 'contracts/crowdfund/ETHCrowdfundBase.sol', 'ETHCrowdfundBase.totalContributions')
 potentially stale -> ('SV', 'contracts/crowdfund/ETHCrowdfundBase.sol', 'ETHCrowdfundBase.minTotalContributions')
 reader witnesses  -> 64
 storage exposures -> 1
[MV-SI candidate 7566c8cd892a61a5067e] {minTotalContributions, totalContributions}
 writer root       -> contracts/crowdfund/ReraiseETHCrowdfund.sol::ReraiseETHCrowdfund.contributeFor(address,address,bytes)
 writer effect     -> contracts/crowdfund/ETHCrowdfundBase.sol:221
 written member    -> ('SV', 'contracts/crowdfund/ETHCrowdfundBase.sol', 'ETHCrowdfundBase.totalContributions')
 potentially stale -> ('SV', 'contracts/crowdfund/ETHCrowdfundBase.sol', 'ETHCrowdfundBase.minTotalContributions')
 reader witnesses  -> 88
 storage exposures -> 1
[MV-SI candidate 75f4e05f80c3ba9bd97f] {_governanceValues, mintedVotingPower}
 writer root       -> sol-tests/crowdfund/InitialETHCrowdfund.t.sol::InitialETHCrowdfundTest.test_contribute_belowMinContribution()
 writer effect     -> contracts/party/PartyGovernanceNFT.sol:184
 written member    -> ('SV', 'contracts/party/PartyGovernanceNFT.sol', 'PartyGovernanceNFT.mintedVotingPower')
 potentially stale -> ('SV', 'contracts/party/PartyGovernance.sol', 'PartyGovernance._governanceValues')
 reader witnesses  -> 544
 storage exposures -> 1
[MV-SI candidate 7772c2ddcd4cf147dcb7] {minTotalContributions, totalContributions}
 writer root       -> sol-tests/crowdfund/ReraiseETHCrowdfund.t.sol::ReraiseETHCrowdfundTest.test_contribute_noContribution()
 writer effect     -> contracts/crowdfund/ETHCrowdfundBase.sol:221
 written member    -> ('SV', 'contracts/crowdfund/ETHCrowdfundBase.sol', 'ETHCrowdfundBase.totalContributions')
 potentially stale -> ('SV', 'contracts/crowdfund/ETHCrowdfundBase.sol', 'ETHCrowdfundBase.minTotalContributions')
 reader witnesses  -> 88
 storage exposures -> 1
[MV-SI candidate 77d7c8ab77bfdcb3411a] {maxTotalContributions, totalContributions}
 writer root       -> sol-tests/crowdfund/InitialETHCrowdfund.t.sol::InitialETHCrowdfundTest.test_expiry_lost()
 writer effect     -> contracts/crowdfund/ETHCrowdfundBase.sol:207
 written member    -> ('SV', 'contracts/crowdfund/ETHCrowdfundBase.sol', 'ETHCrowdfundBase.totalContributions')
 potentially stale -> ('SV', 'contracts/crowdfund/ETHCrowdfundBase.sol', 'ETHCrowdfundBase.maxTotalContributions')
 reader witnesses  -> 186
 storage exposures -> 1
[MV-SI candidate 78ac9080597105b627ec] {minTotalContributions, totalContributions}
 writer root       -> sol-tests/crowdfund/InitialETHCrowdfund.t.sol::InitialETHCrowdfundTest.test_contribute_addVotingPowerToExistingCard()
 writer effect     -> contracts/crowdfund/ETHCrowdfundBase.sol:207
 written member    -> ('SV', 'contracts/crowdfund/ETHCrowdfundBase.sol', 'ETHCrowdfundBase.totalContributions')
 potentially stale -> ('SV', 'contracts/crowdfund/ETHCrowdfundBase.sol', 'ETHCrowdfundBase.minTotalContributions')
 reader witnesses  -> 128
 storage exposures -> 1
[MV-SI candidate 797f3da5d0a8f1984823] {maxTotalContributions, totalContributions}
 writer root       -> sol-tests/crowdfund/InitialETHCrowdfund.t.sol::InitialETHCrowdfundTest.test_contribute_belowMinContribution()
 writer effect     -> contracts/crowdfund/ETHCrowdfundBase.sol:221
 written member    -> ('SV', 'contracts/crowdfund/ETHCrowdfundBase.sol', 'ETHCrowdfundBase.totalContributions')
 potentially stale -> ('SV', 'contracts/crowdfund/ETHCrowdfundBase.sol', 'ETHCrowdfundBase.maxTotalContributions')
 reader witnesses  -> 186
 storage exposures -> 1
[MV-SI candidate 798862e1dc450bb0afae] {maxTotalContributions, totalContributions}
 writer root       -> sol-tests/crowdfund/InitialETHCrowdfund.t.sol::InitialETHCrowdfundTest.test_batchRefund_works()
 writer effect     -> contracts/crowdfund/ETHCrowdfundBase.sol:221
 written member    -> ('SV', 'contracts/crowdfund/ETHCrowdfundBase.sol', 'ETHCrowdfundBase.totalContributions')
 potentially stale -> ('SV', 'contracts/crowdfund/ETHCrowdfundBase.sol', 'ETHCrowdfundBase.maxTotalContributions')
 reader witnesses  -> 186
 storage exposures -> 1
[MV-SI candidate 79c2be57c20911c4758b] {_governanceValues, isAuthority[$sender]}
 writer root       -> sol-tests/crowdfund/ReraiseETHCrowdfund.t.sol::ReraiseETHCrowdfundTest.test_contribute_noContribution()
 writer effect     -> contracts/party/PartyGovernanceNFT.sol:196
 written member    -> ('SV', 'contracts/party/PartyGovernance.sol', 'PartyGovernance._governanceValues')
 potentially stale -> ('MS', 'contracts/party/PartyGovernanceNFT.sol', 'PartyGovernanceNFT.isAuthority', '$sender')
 reader witnesses  -> 139
 storage exposures -> 1
[MV-SI candidate 7a1b80b641f12b3c57b5] {_governanceValues, mintedVotingPower}
 writer root       -> sol-tests/crowdfund/InitialETHCrowdfund.t.sol::InitialETHCrowdfundTest.test_finalize_works()
 writer effect     -> contracts/party/PartyGovernanceNFT.sol:196
 written member    -> ('SV', 'contracts/party/PartyGovernance.sol', 'PartyGovernance._governanceValues')
 potentially stale -> ('SV', 'contracts/party/PartyGovernanceNFT.sol', 'PartyGovernanceNFT.mintedVotingPower')
 reader witnesses  -> 1532
 storage exposures -> 1
[MV-SI candidate 7a8c262523abe441db71] {_governanceValues, votingPowerByTokenId[$arg0]}
 writer root       -> sol-tests/crowdfund/ReraiseETHCrowdfund.t.sol::ReraiseETHCrowdfundTest.test_claim_mintNewCard_withDisableContributingForExistingCard()
 writer effect     -> contracts/party/PartyGovernanceNFT.sol:196
 written member    -> ('SV', 'contracts/party/PartyGovernance.sol', 'PartyGovernance._governanceValues')
 potentially stale -> ('MS', 'contracts/party/PartyGovernanceNFT.sol', 'PartyGovernanceNFT.votingPowerByTokenId', '$arg0')
 reader witnesses  -> 31
 storage exposures -> 1
[MV-SI candidate 7ad11f21c9a071c78b37] {maxTotalContributions, totalContributions}
 writer root       -> sol-tests/crowdfund/ReraiseETHCrowdfund.t.sol::ReraiseETHCrowdfundTest.test_batchClaim_works()
 writer effect     -> contracts/crowdfund/ETHCrowdfundBase.sol:221
 written member    -> ('SV', 'contracts/crowdfund/ETHCrowdfundBase.sol', 'ETHCrowdfundBase.totalContributions')
 potentially stale -> ('SV', 'contracts/crowdfund/ETHCrowdfundBase.sol', 'ETHCrowdfundBase.maxTotalContributions')
 reader witnesses  -> 242
 storage exposures -> 1
[MV-SI candidate 7b174490e492865597c0] {minTotalContributions, totalContributions}
 writer root       -> sol-tests/crowdfund/InitialETHCrowdfund.t.sol::InitialETHCrowdfundTest.test_fee_finalize()
 writer effect     -> contracts/crowdfund/ETHCrowdfundBase.sol:221
 written member    -> ('SV', 'contracts/crowdfund/ETHCrowdfundBase.sol', 'ETHCrowdfundBase.totalContributions')
 potentially stale -> ('SV', 'contracts/crowdfund/ETHCrowdfundBase.sol', 'ETHCrowdfundBase.minTotalContributions')
 reader witnesses  -> 64
 storage exposures -> 1
[MV-SI candidate 7b2f57e4219293bd5fe7] {_governanceValues, isAuthority[$sender]}
 writer root       -> contracts/crowdfund/ETHCrowdfundBase.sol::ETHCrowdfundBase.finalize()
 writer effect     -> contracts/party/PartyGovernanceNFT.sol:196
 written member    -> ('SV', 'contracts/party/PartyGovernance.sol', 'PartyGovernance._governanceValues')
 potentially stale -> ('MS', 'contracts/party/PartyGovernanceNFT.sol', 'PartyGovernanceNFT.isAuthority', '$sender')
 reader witnesses  -> 417
 storage exposures -> 1
[MV-SI candidate 7b80f48d8adb78ee3380] {_governanceValues, mintedVotingPower}
 writer root       -> sol-tests/crowdfund/InitialETHCrowdfund.t.sol::InitialETHCrowdfundTest.test_contribute_addVotingPowerToExistingCard()
 writer effect     -> contracts/party/PartyGovernanceNFT.sol:152
 written member    -> ('SV', 'contracts/party/PartyGovernanceNFT.sol', 'PartyGovernanceNFT.mintedVotingPower')
 potentially stale -> ('SV', 'contracts/party/PartyGovernance.sol', 'PartyGovernance._governanceValues')
 reader witnesses  -> 1088
 storage exposures -> 1
[MV-SI candidate 7bdd0b8cc09512e18ff9] {_governanceValues, mintedVotingPower}
 writer root       -> contracts/party/PartyGovernanceNFT.sol::PartyGovernanceNFT.burn(uint256)
 writer effect     -> contracts/party/PartyGovernanceNFT.sol:218
 written member    -> ('SV', 'contracts/party/PartyGovernanceNFT.sol', 'PartyGovernanceNFT.mintedVotingPower')
 potentially stale -> ('SV', 'contracts/party/PartyGovernance.sol', 'PartyGovernance._governanceValues')
 reader witnesses  -> 544
 storage exposures -> 1
[MV-SI candidate 7c3334337ded3655d422] {_governanceValues, mintedVotingPower}
 writer root       -> sol-tests/crowdfund/ReraiseETHCrowdfund.t.sol::ReraiseETHCrowdfundTest.test_contribute_aboveMaxContribution()
 writer effect     -> contracts/party/PartyGovernanceNFT.sol:196
 written member    -> ('SV', 'contracts/party/PartyGovernance.sol', 'PartyGovernance._governanceValues')
 potentially stale -> ('SV', 'contracts/party/PartyGovernanceNFT.sol', 'PartyGovernanceNFT.mintedVotingPower')
 reader witnesses  -> 766
 storage exposures -> 1
[MV-SI candidate 7c3b943bc9456ed9f43f] {_governanceValues, votingPowerByTokenId[$arg0]}
 writer root       -> sol-tests/crowdfund/ReraiseETHCrowdfund.t.sol::ReraiseETHCrowdfundTest.test_finalize_anyoneCanFinalizeWhenExpired()
 writer effect     -> contracts/party/PartyGovernanceNFT.sol:196
 written member    -> ('SV', 'contracts/party/PartyGovernance.sol', 'PartyGovernance._governanceValues')
 potentially stale -> ('MS', 'contracts/party/PartyGovernanceNFT.sol', 'PartyGovernanceNFT.votingPowerByTokenId', '$arg0')
 reader witnesses  -> 62
 storage exposures -> 1
[MV-SI candidate 7c5a2640b13c898ef6b2] {_governanceValues, mintedVotingPower}
 writer root       -> sol-tests/crowdfund/InitialETHCrowdfund.t.sol::InitialETHCrowdfundTest.test_batchContribute_works()
 writer effect     -> contracts/party/PartyGovernanceNFT.sol:152
 written member    -> ('SV', 'contracts/party/PartyGovernanceNFT.sol', 'PartyGovernanceNFT.mintedVotingPower')
 potentially stale -> ('SV', 'contracts/party/PartyGovernance.sol', 'PartyGovernance._governanceValues')
 reader witnesses  -> 544
 storage exposures -> 1
[MV-SI candidate 7d073431b489202c164a] {minTotalContributions, totalContributions}
 writer root       -> contracts/crowdfund/InitialETHCrowdfund.sol::InitialETHCrowdfund.contributeFor(uint256,address,address,bytes)
 writer effect     -> contracts/crowdfund/ETHCrowdfundBase.sol:221
 written member    -> ('SV', 'contracts/crowdfund/ETHCrowdfundBase.sol', 'ETHCrowdfundBase.totalContributions')
 potentially stale -> ('SV', 'contracts/crowdfund/ETHCrowdfundBase.sol', 'ETHCrowdfundBase.minTotalContributions')
 reader witnesses  -> 64
 storage exposures -> 1
[MV-SI candidate 7d22e176b336e03be291] {maxTotalContributions, totalContributions}
 writer root       -> sol-tests/crowdfund/InitialETHCrowdfund.t.sol::InitialETHCrowdfundTest.test_contribute_belowMinContribution()
 writer effect     -> contracts/crowdfund/ETHCrowdfundBase.sol:207
 written member    -> ('SV', 'contracts/crowdfund/ETHCrowdfundBase.sol', 'ETHCrowdfundBase.totalContributions')
 potentially stale -> ('SV', 'contracts/crowdfund/ETHCrowdfundBase.sol', 'ETHCrowdfundBase.maxTotalContributions')
 reader witnesses  -> 186
 storage exposures -> 1
[MV-SI candidate 7d6daeaa0b929c00a0b4] {_governanceValues, isAuthority[$sender]}
 writer root       -> contracts/crowdfund/InitialETHCrowdfund.sol::InitialETHCrowdfund.initialize(InitialETHCrowdfund.InitialETHCrowdfundOptions,InitialETHCrowdfund.ETHPartyOptions)
 writer effect     -> contracts/party/PartyGovernanceNFT.sol:196
 written member    -> ('SV', 'contracts/party/PartyGovernance.sol', 'PartyGovernance._governanceValues')
 potentially stale -> ('MS', 'contracts/party/PartyGovernanceNFT.sol', 'PartyGovernanceNFT.isAuthority', '$sender')
 reader witnesses  -> 139
 storage exposures -> 1
[MV-SI candidate 80248dda1153bf3bbc36] {_governanceValues, mintedVotingPower}
 writer root       -> sol-tests/crowdfund/InitialETHCrowdfund.t.sol::InitialETHCrowdfundTest.test_contribute_addVotingPowerToExistingCard()
 writer effect     -> contracts/party/PartyGovernanceNFT.sol:196
 written member    -> ('SV', 'contracts/party/PartyGovernance.sol', 'PartyGovernance._governanceValues')
 potentially stale -> ('SV', 'contracts/party/PartyGovernanceNFT.sol', 'PartyGovernanceNFT.mintedVotingPower')
 reader witnesses  -> 766
 storage exposures -> 1
[MV-SI candidate 80261a83d213e2da5372] {_governanceValues, mintedVotingPower}
 writer root       -> sol-tests/crowdfund/ReraiseETHCrowdfund.t.sol::ReraiseETHCrowdfundTest.test_claimMultiple_votingPowerOfCardAboveMax()
 writer effect     -> contracts/party/PartyGovernanceNFT.sol:152
 written member    -> ('SV', 'contracts/party/PartyGovernanceNFT.sol', 'PartyGovernanceNFT.mintedVotingPower')
 potentially stale -> ('SV', 'contracts/party/PartyGovernance.sol', 'PartyGovernance._governanceValues')
 reader witnesses  -> 544
 storage exposures -> 1
[MV-SI candidate 8044b8348acfe6269425] {minTotalContributions, totalContributions}
 writer root       -> sol-tests/crowdfund/ReraiseETHCrowdfund.t.sol::ReraiseETHCrowdfundTest.test_claim_aboveMax()
 writer effect     -> contracts/crowdfund/ETHCrowdfundBase.sol:207
 written member    -> ('SV', 'contracts/crowdfund/ETHCrowdfundBase.sol', 'ETHCrowdfundBase.totalContributions')
 potentially stale -> ('SV', 'contracts/crowdfund/ETHCrowdfundBase.sol', 'ETHCrowdfundBase.minTotalContributions')
 reader witnesses  -> 88
 storage exposures -> 1
[MV-SI candidate 807508f42e2e615c94f7] {_governanceValues, mintedVotingPower}
 writer root       -> sol-tests/crowdfund/InitialETHCrowdfund.t.sol::InitialETHCrowdfundTest.test_contribute_afterLost()
 writer effect     -> contracts/party/PartyGovernanceNFT.sol:152
 written member    -> ('SV', 'contracts/party/PartyGovernanceNFT.sol', 'PartyGovernanceNFT.mintedVotingPower')
 potentially stale -> ('SV', 'contracts/party/PartyGovernance.sol', 'PartyGovernance._governanceValues')
 reader witnesses  -> 544
 storage exposures -> 1
[MV-SI candidate 81375dedbb39971a538d] {_governanceValues, mintedVotingPower}
 writer root       -> sol-tests/crowdfund/ReraiseETHCrowdfund.t.sol::ReraiseETHCrowdfundTest.test_fundingSplit_finalize()
 writer effect     -> contracts/party/PartyGovernanceNFT.sol:196
 written member    -> ('SV', 'contracts/party/PartyGovernance.sol', 'PartyGovernance._governanceValues')
 potentially stale -> ('SV', 'contracts/party/PartyGovernanceNFT.sol', 'PartyGovernanceNFT.mintedVotingPower')
 reader witnesses  -> 766
 storage exposures -> 1
[MV-SI candidate 816e6cbe78b9871ccbbf] {minTotalContributions, totalContributions}
 writer root       -> sol-tests/crowdfund/InitialETHCrowdfund.t.sol::InitialETHCrowdfundTest.test_contribute_addVotingPowerToExistingCard()
 writer effect     -> contracts/crowdfund/ETHCrowdfundBase.sol:221
 written member    -> ('SV', 'contracts/crowdfund/ETHCrowdfundBase.sol', 'ETHCrowdfundBase.totalContributions')
 potentially stale -> ('SV', 'contracts/crowdfund/ETHCrowdfundBase.sol', 'ETHCrowdfundBase.minTotalContributions')
 reader witnesses  -> 128
 storage exposures -> 1
[MV-SI candidate 81961929f1d907fa5327] {_governanceValues, mintedVotingPower}
 writer root       -> sol-tests/crowdfund/Crowdfund.t.sol::CrowdfundTest.testBurn_failRefundingETH()
 writer effect     -> contracts/party/PartyGovernanceNFT.sol:152
 written member    -> ('SV', 'contracts/party/PartyGovernanceNFT.sol', 'PartyGovernanceNFT.mintedVotingPower')
 potentially stale -> ('SV', 'contracts/party/PartyGovernance.sol', 'PartyGovernance._governanceValues')
 reader witnesses  -> 1088
 storage exposures -> 1
[MV-SI candidate 81a0dbf366f3363f85c0] {_governanceValues, mintedVotingPower}
 writer root       -> contracts/crowdfund/InitialETHCrowdfund.sol::InitialETHCrowdfund.contribute(uint256,address,bytes)
 writer effect     -> contracts/party/PartyGovernanceNFT.sol:196
 written member    -> ('SV', 'contracts/party/PartyGovernance.sol', 'PartyGovernance._governanceValues')
 potentially stale -> ('SV', 'contracts/party/PartyGovernanceNFT.sol', 'PartyGovernanceNFT.mintedVotingPower')
 reader witnesses  -> 766
 storage exposures -> 1
[MV-SI candidate 81b99c79bfc6bf740063] {_governanceValues, votingPowerByTokenId[$arg0]}
 writer root       -> sol-tests/crowdfund/ReraiseETHCrowdfund.t.sol::ReraiseETHCrowdfundTest.test_claimMultiple_cannotHaveRemainingVotingPowerAfterClaim()
 writer effect     -> contracts/party/PartyGovernanceNFT.sol:196
 written member    -> ('SV', 'contracts/party/PartyGovernance.sol', 'PartyGovernance._governanceValues')
 potentially stale -> ('MS', 'contracts/party/PartyGovernanceNFT.sol', 'PartyGovernanceNFT.votingPowerByTokenId', '$arg0')
 reader witnesses  -> 31
 storage exposures -> 1
[MV-SI candidate 8392ad21afe0b46b61b2] {minTotalContributions, totalContributions}
 writer root       -> sol-tests/crowdfund/ReraiseETHCrowdfund.t.sol::ReraiseETHCrowdfundTest.test_initialization_cannotReinitialize()
 writer effect     -> contracts/crowdfund/ETHCrowdfundBase.sol:125
 written member    -> ('SV', 'contracts/crowdfund/ETHCrowdfundBase.sol', 'ETHCrowdfundBase.minTotalContributions')
 potentially stale -> ('SV', 'contracts/crowdfund/ETHCrowdfundBase.sol', 'ETHCrowdfundBase.totalContributions')
 reader witnesses  -> 166
 storage exposures -> 1
[MV-SI candidate 844412aeefd470849021] {minTotalContributions, totalContributions}
 writer root       -> sol-tests/crowdfund/InitialETHCrowdfund.t.sol::InitialETHCrowdfundTest.test_expiry_lost()
 writer effect     -> contracts/crowdfund/ETHCrowdfundBase.sol:221
 written member    -> ('SV', 'contracts/crowdfund/ETHCrowdfundBase.sol', 'ETHCrowdfundBase.totalContributions')
 potentially stale -> ('SV', 'contracts/crowdfund/ETHCrowdfundBase.sol', 'ETHCrowdfundBase.minTotalContributions')
 reader witnesses  -> 64
 storage exposures -> 1
[MV-SI candidate 850499ada579ee22d15e] {minTotalContributions, totalContributions}
 writer root       -> sol-tests/crowdfund/ReraiseETHCrowdfund.t.sol::ReraiseETHCrowdfundTest.test_expiry_won()
 writer effect     -> contracts/crowdfund/ETHCrowdfundBase.sol:221
 written member    -> ('SV', 'contracts/crowdfund/ETHCrowdfundBase.sol', 'ETHCrowdfundBase.totalContributions')
 potentially stale -> ('SV', 'contracts/crowdfund/ETHCrowdfundBase.sol', 'ETHCrowdfundBase.minTotalContributions')
 reader witnesses  -> 88
 storage exposures -> 1
[MV-SI candidate 859de5206b7fc76a7785] {_governanceValues, isAuthority[$sender]}
 writer root       -> sol-tests/crowdfund/ReraiseETHCrowdfund.t.sol::ReraiseETHCrowdfundTest.test_batchContribute_works()
 writer effect     -> contracts/party/PartyGovernanceNFT.sol:196
 written member    -> ('SV', 'contracts/party/PartyGovernance.sol', 'PartyGovernance._governanceValues')
 potentially stale -> ('MS', 'contracts/party/PartyGovernanceNFT.sol', 'PartyGovernanceNFT.isAuthority', '$sender')
 reader witnesses  -> 139
 storage exposures -> 1
[MV-SI candidate 85a929a2ff1ae8f1d77f] {_governanceValues, isAuthority[$sender]}
 writer root       -> contracts/crowdfund/ReraiseETHCrowdfund.sol::ReraiseETHCrowdfund.contribute(address,bytes)
 writer effect     -> contracts/party/PartyGovernanceNFT.sol:196
 written member    -> ('SV', 'contracts/party/PartyGovernance.sol', 'PartyGovernance._governanceValues')
 potentially stale -> ('MS', 'contracts/party/PartyGovernanceNFT.sol', 'PartyGovernanceNFT.isAuthority', '$sender')
 reader witnesses  -> 139
 storage exposures -> 1
[MV-SI candidate 86d2e17f8dbd54f409d6] {_governanceValues, mintedVotingPower}
 writer root       -> sol-tests/crowdfund/Crowdfund.t.sol::CrowdfundTest.testBurn_failMintingGovNFT()
 writer effect     -> contracts/party/PartyGovernanceNFT.sol:152
 written member    -> ('SV', 'contracts/party/PartyGovernanceNFT.sol', 'PartyGovernanceNFT.mintedVotingPower')
 potentially stale -> ('SV', 'contracts/party/PartyGovernance.sol', 'PartyGovernance._governanceValues')
 reader witnesses  -> 1088
 storage exposures -> 1
[MV-SI candidate 87189ef627ecd0c5c3ff] {_governanceValues, votingPowerByTokenId[$arg0]}
 writer root       -> sol-tests/crowdfund/InitialETHCrowdfund.t.sol::InitialETHCrowdfundTest.test_contribute_aboveMaxTotalContribution()
 writer effect     -> contracts/party/PartyGovernanceNFT.sol:196
 written member    -> ('SV', 'contracts/party/PartyGovernance.sol', 'PartyGovernance._governanceValues')
 potentially stale -> ('MS', 'contracts/party/PartyGovernanceNFT.sol', 'PartyGovernanceNFT.votingPowerByTokenId', '$arg0')
 reader witnesses  -> 31
 storage exposures -> 1
[MV-SI candidate 87baf545fc64228c6993] {_governanceValues, mintedVotingPower}
 writer root       -> sol-tests/crowdfund/InitialETHCrowdfund.t.sol::InitialETHCrowdfundTest.test_contributeFor_doesNotUpdateExistingDelegation()
 writer effect     -> contracts/party/PartyGovernanceNFT.sol:152
 written member    -> ('SV', 'contracts/party/PartyGovernanceNFT.sol', 'PartyGovernanceNFT.mintedVotingPower')
 potentially stale -> ('SV', 'contracts/party/PartyGovernance.sol', 'PartyGovernance._governanceValues')
 reader witnesses  -> 1088
 storage exposures -> 1
[MV-SI candidate 880a8f9eeabd66564ea1] {_governanceValues, mintedVotingPower}
 writer root       -> sol-tests/crowdfund/ReraiseETHCrowdfund.t.sol::ReraiseETHCrowdfundTest.test_contribute_works()
 writer effect     -> contracts/party/PartyGovernanceNFT.sol:196
 written member    -> ('SV', 'contracts/party/PartyGovernance.sol', 'PartyGovernance._governanceValues')
 potentially stale -> ('SV', 'contracts/party/PartyGovernanceNFT.sol', 'PartyGovernanceNFT.mintedVotingPower')
 reader witnesses  -> 766
 storage exposures -> 1
[MV-SI candidate 88a08a19a27e36fa1f97] {_governanceValues, votingPowerByTokenId[$arg0]}
 writer root       -> sol-tests/crowdfund/InitialETHCrowdfund.t.sol::InitialETHCrowdfundTest.test_refund_twice()
 writer effect     -> contracts/party/PartyGovernanceNFT.sol:185
 written member    -> ('MS', 'contracts/party/PartyGovernanceNFT.sol', 'PartyGovernanceNFT.votingPowerByTokenId', '$arg0')
 potentially stale -> ('SV', 'contracts/party/PartyGovernance.sol', 'PartyGovernance._governanceValues')
 reader witnesses  -> 272
 storage exposures -> 1
[MV-SI candidate 88c26eeacf7916a96a53] {_governanceValues, mintedVotingPower}
 writer root       -> sol-tests/crowdfund/InitialETHCrowdfund.t.sol::InitialETHCrowdfundTest.test_finalize_belowMinTotalContributions()
 writer effect     -> contracts/party/PartyGovernanceNFT.sol:184
 written member    -> ('SV', 'contracts/party/PartyGovernanceNFT.sol', 'PartyGovernanceNFT.mintedVotingPower')
 potentially stale -> ('SV', 'contracts/party/PartyGovernance.sol', 'PartyGovernance._governanceValues')
 reader witnesses  -> 544
 storage exposures -> 1
[MV-SI candidate 88cf821385ae1c77ad0a] {_governanceValues, mintedVotingPower}
 writer root       -> sol-tests/crowdfund/InitialETHCrowdfund.t.sol::InitialETHCrowdfundTest.test_refund_works()
 writer effect     -> contracts/party/PartyGovernanceNFT.sol:184
 written member    -> ('SV', 'contracts/party/PartyGovernanceNFT.sol', 'PartyGovernanceNFT.mintedVotingPower')
 potentially stale -> ('SV', 'contracts/party/PartyGovernance.sol', 'PartyGovernance._governanceValues')
 reader witnesses  -> 544
 storage exposures -> 1
[MV-SI candidate 88d10098a9bae6a799f3] {_governanceValues, mintedVotingPower}
 writer root       -> sol-tests/crowdfund/InitialETHCrowdfund.t.sol::InitialETHCrowdfundTest.test_contributeFor_doesNotUpdateExistingDelegation()
 writer effect     -> contracts/party/PartyGovernanceNFT.sol:196
 written member    -> ('SV', 'contracts/party/PartyGovernance.sol', 'PartyGovernance._governanceValues')
 potentially stale -> ('SV', 'contracts/party/PartyGovernanceNFT.sol', 'PartyGovernanceNFT.mintedVotingPower')
 reader witnesses  -> 766
 storage exposures -> 1
[MV-SI candidate 8911d1b67ecf9f2b4047] {_governanceValues, votingPowerByTokenId[$arg0]}
 writer root       -> sol-tests/crowdfund/ReraiseETHCrowdfund.t.sol::ReraiseETHCrowdfundTest.test_batchClaim_works()
 writer effect     -> contracts/party/PartyGovernanceNFT.sol:196
 written member    -> ('SV', 'contracts/party/PartyGovernance.sol', 'PartyGovernance._governanceValues')
 potentially stale -> ('MS', 'contracts/party/PartyGovernanceNFT.sol', 'PartyGovernanceNFT.votingPowerByTokenId', '$arg0')
 reader witnesses  -> 31
 storage exposures -> 1
[MV-SI candidate 894e9799021d1e8ea101] {_governanceValues, mintedVotingPower}
 writer root       -> sol-tests/crowdfund/ReraiseETHCrowdfund.t.sol::ReraiseETHCrowdfundTest.test_finalize_works()
 writer effect     -> contracts/party/PartyGovernanceNFT.sol:196
 written member    -> ('SV', 'contracts/party/PartyGovernance.sol', 'PartyGovernance._governanceValues')
 potentially stale -> ('SV', 'contracts/party/PartyGovernanceNFT.sol', 'PartyGovernanceNFT.mintedVotingPower')
 reader witnesses  -> 1532
 storage exposures -> 1
[MV-SI candidate 89b549a195b11a3ea626] {_governanceValues, votingPowerByTokenId[$arg0]}
 writer root       -> contracts/party/PartyGovernanceNFT.sol::PartyGovernanceNFT.addVotingPower(uint256,uint256)
 writer effect     -> contracts/party/PartyGovernanceNFT.sol:185
 written member    -> ('MS', 'contracts/party/PartyGovernanceNFT.sol', 'PartyGovernanceNFT.votingPowerByTokenId', '$arg0')
 potentially stale -> ('SV', 'contracts/party/PartyGovernance.sol', 'PartyGovernance._governanceValues')
 reader witnesses  -> 272
 storage exposures -> 1
[MV-SI candidate 8a2f659dc9297f43e877] {_governanceValues, mintedVotingPower}
 writer root       -> sol-tests/party/PartyGovernance.t.sol::PartyGovernanceTest.testExpiresWithPassing()
 writer effect     -> contracts/party/PartyGovernanceNFT.sol:152
 written member    -> ('SV', 'contracts/party/PartyGovernanceNFT.sol', 'PartyGovernanceNFT.mintedVotingPower')
 potentially stale -> ('SV', 'contracts/party/PartyGovernance.sol', 'PartyGovernance._governanceValues')
 reader witnesses  -> 1632
 storage exposures -> 1
[MV-SI candidate 8aa374d709f6cc082219] {maxTotalContributions, totalContributions}
 writer root       -> contracts/crowdfund/InitialETHCrowdfund.sol::InitialETHCrowdfund.contributeFor(uint256,address,address,bytes)
 writer effect     -> contracts/crowdfund/ETHCrowdfundBase.sol:207
 written member    -> ('SV', 'contracts/crowdfund/ETHCrowdfundBase.sol', 'ETHCrowdfundBase.totalContributions')
 potentially stale -> ('SV', 'contracts/crowdfund/ETHCrowdfundBase.sol', 'ETHCrowdfundBase.maxTotalContributions')
 reader witnesses  -> 186
 storage exposures -> 1
[MV-SI candidate 8b842fb168030d88131b] {minTotalContributions, totalContributions}
 writer root       -> sol-tests/crowdfund/InitialETHCrowdfund.t.sol::InitialETHCrowdfundTest.test_contribute_noContribution()
 writer effect     -> contracts/crowdfund/ETHCrowdfundBase.sol:207
 written member    -> ('SV', 'contracts/crowdfund/ETHCrowdfundBase.sol', 'ETHCrowdfundBase.totalContributions')
 potentially stale -> ('SV', 'contracts/crowdfund/ETHCrowdfundBase.sol', 'ETHCrowdfundBase.minTotalContributions')
 reader witnesses  -> 64
 storage exposures -> 1
[MV-SI candidate 8bdaf63d15e17be14022] {_governanceValues, mintedVotingPower}
 writer root       -> contracts/crowdfund/ETHCrowdfundBase.sol::ETHCrowdfundBase.finalize()
 writer effect     -> contracts/party/PartyGovernanceNFT.sol:196
 written member    -> ('SV', 'contracts/party/PartyGovernance.sol', 'PartyGovernance._governanceValues')
 potentially stale -> ('SV', 'contracts/party/PartyGovernanceNFT.sol', 'PartyGovernanceNFT.mintedVotingPower')
 reader witnesses  -> 2298
 storage exposures -> 1
[MV-SI candidate 8c4d414f924384eb0ad4] {minTotalContributions, totalContributions}
 writer root       -> sol-tests/crowdfund/InitialETHCrowdfund.t.sol::InitialETHCrowdfundTest.test_contribute_mintNewCard()
 writer effect     -> contracts/crowdfund/ETHCrowdfundBase.sol:221
 written member    -> ('SV', 'contracts/crowdfund/ETHCrowdfundBase.sol', 'ETHCrowdfundBase.totalContributions')
 potentially stale -> ('SV', 'contracts/crowdfund/ETHCrowdfundBase.sol', 'ETHCrowdfundBase.minTotalContributions')
 reader witnesses  -> 64
 storage exposures -> 1
[MV-SI candidate 8c927ba2a2c02780a60b] {maxTotalContributions, totalContributions}
 writer root       -> sol-tests/crowdfund/ReraiseETHCrowdfund.t.sol::ReraiseETHCrowdfundTest.test_contribute_twiceDoesNotMintAnotherCrowdfundNFT()
 writer effect     -> contracts/crowdfund/ETHCrowdfundBase.sol:221
 written member    -> ('SV', 'contracts/crowdfund/ETHCrowdfundBase.sol', 'ETHCrowdfundBase.totalContributions')
 potentially stale -> ('SV', 'contracts/crowdfund/ETHCrowdfundBase.sol', 'ETHCrowdfundBase.maxTotalContributions')
 reader witnesses  -> 242
 storage exposures -> 1
[MV-SI candidate 8ca8d96e5b08e977043a] {maxTotalContributions, totalContributions}
 writer root       -> sol-tests/crowdfund/ReraiseETHCrowdfund.t.sol::ReraiseETHCrowdfundTest.test_claimMultiple_works()
 writer effect     -> contracts/crowdfund/ETHCrowdfundBase.sol:207
 written member    -> ('SV', 'contracts/crowdfund/ETHCrowdfundBase.sol', 'ETHCrowdfundBase.totalContributions')
 potentially stale -> ('SV', 'contracts/crowdfund/ETHCrowdfundBase.sol', 'ETHCrowdfundBase.maxTotalContributions')
 reader witnesses  -> 242
 storage exposures -> 1
[MV-SI candidate 8cc8b77764c360fac9d8] {_governanceValues, votingPowerByTokenId[$arg0]}
 writer root       -> sol-tests/crowdfund/InitialETHCrowdfund.t.sol::InitialETHCrowdfundTest.test_expiry_won()
 writer effect     -> contracts/party/PartyGovernanceNFT.sol:196
 written member    -> ('SV', 'contracts/party/PartyGovernance.sol', 'PartyGovernance._governanceValues')
 potentially stale -> ('MS', 'contracts/party/PartyGovernanceNFT.sol', 'PartyGovernanceNFT.votingPowerByTokenId', '$arg0')
 reader witnesses  -> 31
 storage exposures -> 1
[MV-SI candidate 8ccf19df80a6df58a7b5] {_governanceValues, mintedVotingPower}
 writer root       -> sol-tests/crowdfund/InitialETHCrowdfund.t.sol::InitialETHCrowdfundTest.test_finalize_onlyHostCanFinalizeEarlyWhenActive()
 writer effect     -> contracts/party/PartyGovernanceNFT.sol:152
 written member    -> ('SV', 'contracts/party/PartyGovernanceNFT.sol', 'PartyGovernanceNFT.mintedVotingPower')
 potentially stale -> ('SV', 'contracts/party/PartyGovernance.sol', 'PartyGovernance._governanceValues')
 reader witnesses  -> 544
 storage exposures -> 1
[MV-SI candidate 8cfa2442f5a4ef38048c] {_governanceValues, mintedVotingPower}
 writer root       -> sol-tests/crowdfund/ReraiseETHCrowdfund.t.sol::ReraiseETHCrowdfundTest.test_expiry_won()
 writer effect     -> contracts/party/PartyGovernanceNFT.sol:196
 written member    -> ('SV', 'contracts/party/PartyGovernance.sol', 'PartyGovernance._governanceValues')
 potentially stale -> ('SV', 'contracts/party/PartyGovernanceNFT.sol', 'PartyGovernanceNFT.mintedVotingPower')
 reader witnesses  -> 766
 storage exposures -> 1
[MV-SI candidate 8d16d6087acef077c673] {_governanceValues, votingPowerByTokenId[$arg0]}
 writer root       -> sol-tests/crowdfund/ReraiseETHCrowdfund.t.sol::ReraiseETHCrowdfundTest.test_fundingSplit_contributionAndRefund()
 writer effect     -> contracts/party/PartyGovernanceNFT.sol:196
 written member    -> ('SV', 'contracts/party/PartyGovernance.sol', 'PartyGovernance._governanceValues')
 potentially stale -> ('MS', 'contracts/party/PartyGovernanceNFT.sol', 'PartyGovernanceNFT.votingPowerByTokenId', '$arg0')
 reader witnesses  -> 31
 storage exposures -> 1
[MV-SI candidate 8d31f050c7d6317b1480] {minTotalContributions, totalContributions}
 writer root       -> contracts/crowdfund/InitialETHCrowdfund.sol::InitialETHCrowdfund.initialize(InitialETHCrowdfund.InitialETHCrowdfundOptions,InitialETHCrowdfund.ETHPartyOptions)
 writer effect     -> contracts/crowdfund/ETHCrowdfundBase.sol:221
 written member    -> ('SV', 'contracts/crowdfund/ETHCrowdfundBase.sol', 'ETHCrowdfundBase.totalContributions')
 potentially stale -> ('SV', 'contracts/crowdfund/ETHCrowdfundBase.sol', 'ETHCrowdfundBase.minTotalContributions')
 reader witnesses  -> 64
 storage exposures -> 1
[MV-SI candidate 8d39350d05494698eb0b] {_governanceValues, votingPowerByTokenId[$arg0]}
 writer root       -> contracts/crowdfund/ReraiseETHCrowdfund.sol::ReraiseETHCrowdfund.batchContribute(ReraiseETHCrowdfund.BatchContributeArgs)
 writer effect     -> contracts/party/PartyGovernanceNFT.sol:196
 written member    -> ('SV', 'contracts/party/PartyGovernance.sol', 'PartyGovernance._governanceValues')
 potentially stale -> ('MS', 'contracts/party/PartyGovernanceNFT.sol', 'PartyGovernanceNFT.votingPowerByTokenId', '$arg0')
 reader witnesses  -> 31
 storage exposures -> 1
[MV-SI candidate 8e2f09873aee8f133638] {_governanceValues, mintedVotingPower}
 writer root       -> sol-tests/crowdfund/InitialETHCrowdfund.t.sol::InitialETHCrowdfundTest.test_contributeFor_works()
 writer effect     -> contracts/party/PartyGovernanceNFT.sol:152
 written member    -> ('SV', 'contracts/party/PartyGovernanceNFT.sol', 'PartyGovernanceNFT.mintedVotingPower')
 potentially stale -> ('SV', 'contracts/party/PartyGovernance.sol', 'PartyGovernance._governanceValues')
 reader witnesses  -> 544
 storage exposures -> 1
[MV-SI candidate 8e9e074937e6655ff381] {_governanceValues, mintedVotingPower}
 writer root       -> sol-tests/crowdfund/ReraiseETHCrowdfund.t.sol::ReraiseETHCrowdfundTest.test_contribute_twiceDoesNotMintAnotherCrowdfundNFT()
 writer effect     -> contracts/party/PartyGovernanceNFT.sol:196
 written member    -> ('SV', 'contracts/party/PartyGovernance.sol', 'PartyGovernance._governanceValues')
 potentially stale -> ('SV', 'contracts/party/PartyGovernanceNFT.sol', 'PartyGovernanceNFT.mintedVotingPower')
 reader witnesses  -> 766
 storage exposures -> 1
[MV-SI candidate 8f21af2e2cf10d9d4649] {maxTotalContributions, totalContributions}
 writer root       -> sol-tests/crowdfund/InitialETHCrowdfund.t.sol::InitialETHCrowdfundTest.test_refund_notLost()
 writer effect     -> contracts/crowdfund/ETHCrowdfundBase.sol:221
 written member    -> ('SV', 'contracts/crowdfund/ETHCrowdfundBase.sol', 'ETHCrowdfundBase.totalContributions')
 potentially stale -> ('SV', 'contracts/crowdfund/ETHCrowdfundBase.sol', 'ETHCrowdfundBase.maxTotalContributions')
 reader witnesses  -> 186
 storage exposures -> 1
[MV-SI candidate 8fb4f5c1917345ff5c34] {_governanceValues, mintedVotingPower}
 writer root       -> sol-tests/crowdfund/InitialETHCrowdfund.t.sol::InitialETHCrowdfundTest.test_expiry_won()
 writer effect     -> contracts/party/PartyGovernanceNFT.sol:184
 written member    -> ('SV', 'contracts/party/PartyGovernanceNFT.sol', 'PartyGovernanceNFT.mintedVotingPower')
 potentially stale -> ('SV', 'contracts/party/PartyGovernance.sol', 'PartyGovernance._governanceValues')
 reader witnesses  -> 544
 storage exposures -> 1
[MV-SI candidate 9076c7bdfe83253d18ce] {maxTotalContributions, totalContributions}
 writer root       -> contracts/crowdfund/InitialETHCrowdfund.sol::InitialETHCrowdfund.contributeFor(uint256,address,address,bytes)
 writer effect     -> contracts/crowdfund/ETHCrowdfundBase.sol:221
 written member    -> ('SV', 'contracts/crowdfund/ETHCrowdfundBase.sol', 'ETHCrowdfundBase.totalContributions')
 potentially stale -> ('SV', 'contracts/crowdfund/ETHCrowdfundBase.sol', 'ETHCrowdfundBase.maxTotalContributions')
 reader witnesses  -> 186
 storage exposures -> 1
[MV-SI candidate 90eb014bb6dd5ef060d6] {_governanceValues, isAuthority[$sender]}
 writer root       -> contracts/crowdfund/ReraiseETHCrowdfund.sol::ReraiseETHCrowdfund.initialize(ETHCrowdfundBase.ETHCrowdfundOptions)
 writer effect     -> contracts/party/PartyGovernanceNFT.sol:196
 written member    -> ('SV', 'contracts/party/PartyGovernance.sol', 'PartyGovernance._governanceValues')
 potentially stale -> ('MS', 'contracts/party/PartyGovernanceNFT.sol', 'PartyGovernanceNFT.isAuthority', '$sender')
 reader witnesses  -> 139
 storage exposures -> 1
[MV-SI candidate 90fa09d1b37396f55077] {_governanceValues, mintedVotingPower}
 writer root       -> sol-tests/crowdfund/InitialETHCrowdfund.t.sol::InitialETHCrowdfundTest.test_finalize_onlyHostCanFinalizeEarlyWhenActive()
 writer effect     -> contracts/party/PartyGovernanceNFT.sol:184
 written member    -> ('SV', 'contracts/party/PartyGovernanceNFT.sol', 'PartyGovernanceNFT.mintedVotingPower')
 potentially stale -> ('SV', 'contracts/party/PartyGovernance.sol', 'PartyGovernance._governanceValues')
 reader witnesses  -> 544
 storage exposures -> 1
[MV-SI candidate 911137c8f28637d97bd1] {minTotalContributions, totalContributions}
 writer root       -> sol-tests/crowdfund/ReraiseETHCrowdfund.t.sol::ReraiseETHCrowdfundTest.test_contribute_works()
 writer effect     -> contracts/crowdfund/ETHCrowdfundBase.sol:221
 written member    -> ('SV', 'contracts/crowdfund/ETHCrowdfundBase.sol', 'ETHCrowdfundBase.totalContributions')
 potentially stale -> ('SV', 'contracts/crowdfund/ETHCrowdfundBase.sol', 'ETHCrowdfundBase.minTotalContributions')
 reader witnesses  -> 88
 storage exposures -> 1
[MV-SI candidate 9136322407157ac1c2bb] {minTotalContributions, totalContributions}
 writer root       -> sol-tests/crowdfund/InitialETHCrowdfund.t.sol::InitialETHCrowdfundTest.test_contribute_afterLost()
 writer effect     -> contracts/crowdfund/ETHCrowdfundBase.sol:221
 written member    -> ('SV', 'contracts/crowdfund/ETHCrowdfundBase.sol', 'ETHCrowdfundBase.totalContributions')
 potentially stale -> ('SV', 'contracts/crowdfund/ETHCrowdfundBase.sol', 'ETHCrowdfundBase.minTotalContributions')
 reader witnesses  -> 64
 storage exposures -> 1
[MV-SI candidate 926dd1801d92126ec410] {_governanceValues, isAuthority[$sender]}
 writer root       -> sol-tests/crowdfund/InitialETHCrowdfund.t.sol::InitialETHCrowdfundTest.test_finalize_belowMinTotalContributions()
 writer effect     -> contracts/party/PartyGovernanceNFT.sol:196
 written member    -> ('SV', 'contracts/party/PartyGovernance.sol', 'PartyGovernance._governanceValues')
 potentially stale -> ('MS', 'contracts/party/PartyGovernanceNFT.sol', 'PartyGovernanceNFT.isAuthority', '$sender')
 reader witnesses  -> 278
 storage exposures -> 1
[MV-SI candidate 92d8ec418ba0f5c1f852] {maxTotalContributions, totalContributions}
 writer root       -> sol-tests/crowdfund/InitialETHCrowdfund.t.sol::InitialETHCrowdfundTest.test_batchContribute_works()
 writer effect     -> contracts/crowdfund/ETHCrowdfundBase.sol:207
 written member    -> ('SV', 'contracts/crowdfund/ETHCrowdfundBase.sol', 'ETHCrowdfundBase.totalContributions')
 potentially stale -> ('SV', 'contracts/crowdfund/ETHCrowdfundBase.sol', 'ETHCrowdfundBase.maxTotalContributions')
 reader witnesses  -> 186
 storage exposures -> 1
[MV-SI candidate 9308a51456288838ff83] {maxTotalContributions, totalContributions}
 writer root       -> sol-tests/crowdfund/InitialETHCrowdfund.t.sol::InitialETHCrowdfundTest.test_fee_contributionAndRefund()
 writer effect     -> contracts/crowdfund/ETHCrowdfundBase.sol:221
 written member    -> ('SV', 'contracts/crowdfund/ETHCrowdfundBase.sol', 'ETHCrowdfundBase.totalContributions')
 potentially stale -> ('SV', 'contracts/crowdfund/ETHCrowdfundBase.sol', 'ETHCrowdfundBase.maxTotalContributions')
 reader witnesses  -> 186
 storage exposures -> 1
[MV-SI candidate 9368b89c4be98fd8602e] {minTotalContributions, totalContributions}
 writer root       -> sol-tests/crowdfund/ReraiseETHCrowdfund.t.sol::ReraiseETHCrowdfundTest.test_fundingSplit_contributionAndRefund()
 writer effect     -> contracts/crowdfund/ETHCrowdfundBase.sol:207
 written member    -> ('SV', 'contracts/crowdfund/ETHCrowdfundBase.sol', 'ETHCrowdfundBase.totalContributions')
 potentially stale -> ('SV', 'contracts/crowdfund/ETHCrowdfundBase.sol', 'ETHCrowdfundBase.minTotalContributions')
 reader witnesses  -> 88
 storage exposures -> 1
[MV-SI candidate 943a99109bdd5df2af92] {_governanceValues, votingPowerByTokenId[$arg0]}
 writer root       -> sol-tests/crowdfund/InitialETHCrowdfund.t.sol::InitialETHCrowdfundTest.test_finalize_works()
 writer effect     -> contracts/party/PartyGovernanceNFT.sol:185
 written member    -> ('MS', 'contracts/party/PartyGovernanceNFT.sol', 'PartyGovernanceNFT.votingPowerByTokenId', '$arg0')
 potentially stale -> ('SV', 'contracts/party/PartyGovernance.sol', 'PartyGovernance._governanceValues')
 reader witnesses  -> 272
 storage exposures -> 1
[MV-SI candidate 9468aa58aac4c67d5099] {maxTotalContributions, totalContributions}
 writer root       -> sol-tests/crowdfund/ReraiseETHCrowdfund.t.sol::ReraiseETHCrowdfundTest.test_expiry_lost()
 writer effect     -> contracts/crowdfund/ETHCrowdfundBase.sol:207
 written member    -> ('SV', 'contracts/crowdfund/ETHCrowdfundBase.sol', 'ETHCrowdfundBase.totalContributions')
 potentially stale -> ('SV', 'contracts/crowdfund/ETHCrowdfundBase.sol', 'ETHCrowdfundBase.maxTotalContributions')
 reader witnesses  -> 242
 storage exposures -> 1
[MV-SI candidate 95b1148ea188af070455] {_governanceValues, mintedVotingPower}
 writer root       -> sol-tests/crowdfund/InitialETHCrowdfund.t.sol::InitialETHCrowdfundTest.test_contribute_aboveMaxContribution()
 writer effect     -> contracts/party/PartyGovernanceNFT.sol:152
 written member    -> ('SV', 'contracts/party/PartyGovernanceNFT.sol', 'PartyGovernanceNFT.mintedVotingPower')
 potentially stale -> ('SV', 'contracts/party/PartyGovernance.sol', 'PartyGovernance._governanceValues')
 reader witnesses  -> 544
 storage exposures -> 1
[MV-SI candidate 95c16aae2f5f628e3314] {_governanceValues, mintedVotingPower}
 writer root       -> sol-tests/crowdfund/ReraiseETHCrowdfund.t.sol::ReraiseETHCrowdfundTest.test_finalize_anyoneCanFinalizeWhenExpired()
 writer effect     -> contracts/party/PartyGovernanceNFT.sol:196
 written member    -> ('SV', 'contracts/party/PartyGovernance.sol', 'PartyGovernance._governanceValues')
 potentially stale -> ('SV', 'contracts/party/PartyGovernanceNFT.sol', 'PartyGovernanceNFT.mintedVotingPower')
 reader witnesses  -> 1532
 storage exposures -> 1
[MV-SI candidate 95ebf143c482b75d18d5] {_governanceValues, votingPowerByTokenId[$arg0]}
 writer root       -> sol-tests/crowdfund/ReraiseETHCrowdfund.t.sol::ReraiseETHCrowdfundTest.test_claimMultiple_votingPowerOfCardAboveMax()
 writer effect     -> contracts/party/PartyGovernanceNFT.sol:196
 written member    -> ('SV', 'contracts/party/PartyGovernance.sol', 'PartyGovernance._governanceValues')
 potentially stale -> ('MS', 'contracts/party/PartyGovernanceNFT.sol', 'PartyGovernanceNFT.votingPowerByTokenId', '$arg0')
 reader witnesses  -> 31
 storage exposures -> 1
[MV-SI candidate 95f565362933ee3bef71] {_governanceValues, isAuthority[$sender]}
 writer root       -> sol-tests/crowdfund/ReraiseETHCrowdfund.t.sol::ReraiseETHCrowdfundTest.test_batchClaimMultiple_works()
 writer effect     -> contracts/party/PartyGovernanceNFT.sol:196
 written member    -> ('SV', 'contracts/party/PartyGovernance.sol', 'PartyGovernance._governanceValues')
 potentially stale -> ('MS', 'contracts/party/PartyGovernanceNFT.sol', 'PartyGovernanceNFT.isAuthority', '$sender')
 reader witnesses  -> 139
 storage exposures -> 1
[MV-SI candidate 963d8d187e24570c2712] {_ownerOf[$arg0], isApprovedForAll[@local::sol-tests/DummyERC721.sol::DummyERC721.onlyOwnedByOrIsApprovedForAll(uint256,address)::LocalVariable::owner_1][$arg1]}
 writer root       -> sol-tests/party/PartyGovernance.t.sol::PartyGovernanceTest.testEmergencyExecute()
 writer effect     -> sol-tests/DummyERC721.sol:106
 written member    -> ('MS', 'sol-tests/DummyERC721.sol', 'DummyERC721._ownerOf', '$arg0')
 potentially stale -> ('MS', 'sol-tests/DummyERC721.sol', 'DummyERC721.isApprovedForAll', '@local::sol-tests/DummyERC721.sol::DummyERC721.onlyOwnedByOrIsApprovedForAll(uint256,address)::LocalVariable::owner_1][$arg1')
 reader witnesses  -> 1
 storage exposures -> 1
[MV-SI candidate 96b9e980e3f793eb06d9] {_governanceValues, mintedVotingPower}
 writer root       -> contracts/crowdfund/InitialETHCrowdfund.sol::InitialETHCrowdfund.batchContribute(InitialETHCrowdfund.BatchContributeArgs)
 writer effect     -> contracts/party/PartyGovernanceNFT.sol:184
 written member    -> ('SV', 'contracts/party/PartyGovernanceNFT.sol', 'PartyGovernanceNFT.mintedVotingPower')
 potentially stale -> ('SV', 'contracts/party/PartyGovernance.sol', 'PartyGovernance._governanceValues')
 reader witnesses  -> 544
 storage exposures -> 1
[MV-SI candidate 96fc8016deaec0896a5f] {_governanceValues, mintedVotingPower}
 writer root       -> sol-tests/crowdfund/InitialETHCrowdfund.t.sol::InitialETHCrowdfundTest.test_finalize_anyoneCanFinalizeWhenExpired()
 writer effect     -> contracts/party/PartyGovernanceNFT.sol:184
 written member    -> ('SV', 'contracts/party/PartyGovernanceNFT.sol', 'PartyGovernanceNFT.mintedVotingPower')
 potentially stale -> ('SV', 'contracts/party/PartyGovernance.sol', 'PartyGovernance._governanceValues')
 reader witnesses  -> 544
 storage exposures -> 1
[MV-SI candidate 971eaa16443d06dea7c2] {_governanceValues, mintedVotingPower}
 writer root       -> sol-tests/crowdfund/Crowdfund.t.sol::CrowdfundTest.testWin_twoContributors_partialContributionUsed()
 writer effect     -> contracts/party/PartyGovernanceNFT.sol:152
 written member    -> ('SV', 'contracts/party/PartyGovernanceNFT.sol', 'PartyGovernanceNFT.mintedVotingPower')
 potentially stale -> ('SV', 'contracts/party/PartyGovernance.sol', 'PartyGovernance._governanceValues')
 reader witnesses  -> 2176
 storage exposures -> 1
[MV-SI candidate 97bbddead4e79e942c6a] {_governanceValues, mintedVotingPower}
 writer root       -> sol-tests/crowdfund/ReraiseETHCrowdfund.t.sol::ReraiseETHCrowdfundTest.test_claimMultiple_cannotHaveRemainingVotingPowerAfterClaim()
 writer effect     -> contracts/party/PartyGovernanceNFT.sol:152
 written member    -> ('SV', 'contracts/party/PartyGovernanceNFT.sol', 'PartyGovernanceNFT.mintedVotingPower')
 potentially stale -> ('SV', 'contracts/party/PartyGovernance.sol', 'PartyGovernance._governanceValues')
 reader witnesses  -> 544
 storage exposures -> 1
[MV-SI candidate 9807cae6afe388fd3a7c] {_governanceValues, isAuthority[$sender]}
 writer root       -> sol-tests/crowdfund/ReraiseETHCrowdfund.t.sol::ReraiseETHCrowdfundTest.test_contribute_aboveMaxTotalContribution()
 writer effect     -> contracts/party/PartyGovernanceNFT.sol:196
 written member    -> ('SV', 'contracts/party/PartyGovernance.sol', 'PartyGovernance._governanceValues')
 potentially stale -> ('MS', 'contracts/party/PartyGovernanceNFT.sol', 'PartyGovernanceNFT.isAuthority', '$sender')
 reader witnesses  -> 139
 storage exposures -> 1
[MV-SI candidate 984650d6000ba876fa28] {_ownerOf[$arg0], getApproved[$arg0], isApprovedForAll[@local::contracts/party/PartyGovernanceNFT.sol::PartyGovernanceNFT.burn(uint256)::LocalVariable::owner_1][$sender]}
 writer root       -> sol-tests/TestUsers.sol::PartyParticipant.transferVotingCard(Party,PartyParticipant,uint256)
 writer effect     -> contracts/vendor/solmate/ERC721.sol:99
 written member    -> ('MS', 'contracts/vendor/solmate/ERC721.sol', 'ERC721._ownerOf', '$arg0')
 potentially stale -> ('MS', 'contracts/vendor/solmate/ERC721.sol', 'ERC721.getApproved', '$arg0'), ('MS', 'contracts/vendor/solmate/ERC721.sol', 'ERC721.isApprovedForAll', '@local::contracts/party/PartyGovernanceNFT.sol::PartyGovernanceNFT.burn(uint256)::LocalVariable::owner_1][$sender')
 reader witnesses  -> 6
 storage exposures -> 1
[MV-SI candidate 98a13e2dc1b905714a85] {minTotalContributions, totalContributions}
 writer root       -> contracts/crowdfund/ReraiseETHCrowdfund.sol::ReraiseETHCrowdfund.initialize(ETHCrowdfundBase.ETHCrowdfundOptions)
 writer effect     -> contracts/crowdfund/ETHCrowdfundBase.sol:125
 written member    -> ('SV', 'contracts/crowdfund/ETHCrowdfundBase.sol', 'ETHCrowdfundBase.minTotalContributions')
 potentially stale -> ('SV', 'contracts/crowdfund/ETHCrowdfundBase.sol', 'ETHCrowdfundBase.totalContributions')
 reader witnesses  -> 166
 storage exposures -> 1
[MV-SI candidate 9900594c43a8711c1261] {maxTotalContributions, totalContributions}
 writer root       -> sol-tests/crowdfund/ReraiseETHCrowdfund.t.sol::ReraiseETHCrowdfundTest.test_refund_twice()
 writer effect     -> contracts/crowdfund/ETHCrowdfundBase.sol:207
 written member    -> ('SV', 'contracts/crowdfund/ETHCrowdfundBase.sol', 'ETHCrowdfundBase.totalContributions')
 potentially stale -> ('SV', 'contracts/crowdfund/ETHCrowdfundBase.sol', 'ETHCrowdfundBase.maxTotalContributions')
 reader witnesses  -> 242
 storage exposures -> 1
[MV-SI candidate 9907156f0fe446ff79e6] {minTotalContributions, totalContributions}
 writer root       -> sol-tests/crowdfund/InitialETHCrowdfund.t.sol::InitialETHCrowdfundTest.test_expiry_won()
 writer effect     -> contracts/crowdfund/ETHCrowdfundBase.sol:221
 written member    -> ('SV', 'contracts/crowdfund/ETHCrowdfundBase.sol', 'ETHCrowdfundBase.totalContributions')
 potentially stale -> ('SV', 'contracts/crowdfund/ETHCrowdfundBase.sol', 'ETHCrowdfundBase.minTotalContributions')
 reader witnesses  -> 64
 storage exposures -> 1
[MV-SI candidate 991a910dd0840a5c28f6] {_governanceValues, isAuthority[$sender]}
 writer root       -> sol-tests/crowdfund/InitialETHCrowdfund.t.sol::InitialETHCrowdfundTest.test_contribute_aboveMaxContribution()
 writer effect     -> contracts/party/PartyGovernanceNFT.sol:196
 written member    -> ('SV', 'contracts/party/PartyGovernance.sol', 'PartyGovernance._governanceValues')
 potentially stale -> ('MS', 'contracts/party/PartyGovernanceNFT.sol', 'PartyGovernanceNFT.isAuthority', '$sender')
 reader witnesses  -> 139
 storage exposures -> 1
[MV-SI candidate 9972171668f125f17805] {minTotalContributions, totalContributions}
 writer root       -> sol-tests/crowdfund/InitialETHCrowdfund.t.sol::InitialETHCrowdfundTest.test_contributeFor_doesNotUpdateExistingDelegation()
 writer effect     -> contracts/crowdfund/ETHCrowdfundBase.sol:207
 written member    -> ('SV', 'contracts/crowdfund/ETHCrowdfundBase.sol', 'ETHCrowdfundBase.totalContributions')
 potentially stale -> ('SV', 'contracts/crowdfund/ETHCrowdfundBase.sol', 'ETHCrowdfundBase.minTotalContributions')
 reader witnesses  -> 128
 storage exposures -> 1
[MV-SI candidate 9984c6f9b34b8da9a5ae] {minTotalContributions, totalContributions}
 writer root       -> sol-tests/crowdfund/ReraiseETHCrowdfund.t.sol::ReraiseETHCrowdfundTest.test_fundingSplit_contributionAndRefund()
 writer effect     -> contracts/crowdfund/ETHCrowdfundBase.sol:221
 written member    -> ('SV', 'contracts/crowdfund/ETHCrowdfundBase.sol', 'ETHCrowdfundBase.totalContributions')
 potentially stale -> ('SV', 'contracts/crowdfund/ETHCrowdfundBase.sol', 'ETHCrowdfundBase.minTotalContributions')
 reader witnesses  -> 88
 storage exposures -> 1
[MV-SI candidate 99d3392223846287d779] {minTotalContributions, totalContributions}
 writer root       -> contracts/crowdfund/InitialETHCrowdfund.sol::InitialETHCrowdfund.initialize(InitialETHCrowdfund.InitialETHCrowdfundOptions,InitialETHCrowdfund.ETHPartyOptions)
 writer effect     -> contracts/crowdfund/ETHCrowdfundBase.sol:125
 written member    -> ('SV', 'contracts/crowdfund/ETHCrowdfundBase.sol', 'ETHCrowdfundBase.minTotalContributions')
 potentially stale -> ('SV', 'contracts/crowdfund/ETHCrowdfundBase.sol', 'ETHCrowdfundBase.totalContributions')
 reader witnesses  -> 126
 storage exposures -> 1
[MV-SI candidate 99e35848167ff7005d2c] {maxTotalContributions, totalContributions}
 writer root       -> sol-tests/crowdfund/ReraiseETHCrowdfund.t.sol::ReraiseETHCrowdfundTest.test_claim_mintNewCard_withDisableContributingForExistingCard()
 writer effect     -> contracts/crowdfund/ETHCrowdfundBase.sol:207
 written member    -> ('SV', 'contracts/crowdfund/ETHCrowdfundBase.sol', 'ETHCrowdfundBase.totalContributions')
 potentially stale -> ('SV', 'contracts/crowdfund/ETHCrowdfundBase.sol', 'ETHCrowdfundBase.maxTotalContributions')
 reader witnesses  -> 242
 storage exposures -> 1
[MV-SI candidate 9ada60bd8f601242e0e0] {minTotalContributions, totalContributions}
 writer root       -> sol-tests/crowdfund/InitialETHCrowdfund.t.sol::InitialETHCrowdfundTest.test_finalize_onlyHostCanFinalizeEarlyWhenActive()
 writer effect     -> contracts/crowdfund/ETHCrowdfundBase.sol:221
 written member    -> ('SV', 'contracts/crowdfund/ETHCrowdfundBase.sol', 'ETHCrowdfundBase.totalContributions')
 potentially stale -> ('SV', 'contracts/crowdfund/ETHCrowdfundBase.sol', 'ETHCrowdfundBase.minTotalContributions')
 reader witnesses  -> 64
 storage exposures -> 1
[MV-SI candidate 9afecb02e95d4cc936ab] {_governanceValues, isAuthority[$sender]}
 writer root       -> sol-tests/crowdfund/InitialETHCrowdfund.t.sol::InitialETHCrowdfundTest.test_contribute_noContribution()
 writer effect     -> contracts/party/PartyGovernanceNFT.sol:196
 written member    -> ('SV', 'contracts/party/PartyGovernance.sol', 'PartyGovernance._governanceValues')
 potentially stale -> ('MS', 'contracts/party/PartyGovernanceNFT.sol', 'PartyGovernanceNFT.isAuthority', '$sender')
 reader witnesses  -> 139
 storage exposures -> 1
[MV-SI candidate 9bc9a99fddb3dbff111c] {_governanceValues, mintedVotingPower}
 writer root       -> contracts/crowdfund/Crowdfund.sol::Crowdfund.burn(address)
 writer effect     -> contracts/party/PartyGovernanceNFT.sol:152
 written member    -> ('SV', 'contracts/party/PartyGovernanceNFT.sol', 'PartyGovernanceNFT.mintedVotingPower')
 potentially stale -> ('SV', 'contracts/party/PartyGovernance.sol', 'PartyGovernance._governanceValues')
 reader witnesses  -> 6528
 storage exposures -> 1
[MV-SI candidate 9c15d641d2494ce475fb] {_governanceValues, votingPowerByTokenId[$arg0]}
 writer root       -> sol-tests/crowdfund/InitialETHCrowdfund.t.sol::InitialETHCrowdfundTest.test_contribute_aboveMaxContribution()
 writer effect     -> contracts/party/PartyGovernanceNFT.sol:185
 written member    -> ('MS', 'contracts/party/PartyGovernanceNFT.sol', 'PartyGovernanceNFT.votingPowerByTokenId', '$arg0')
 potentially stale -> ('SV', 'contracts/party/PartyGovernance.sol', 'PartyGovernance._governanceValues')
 reader witnesses  -> 272
 storage exposures -> 1
[MV-SI candidate 9c3b07995e681ef61a79] {_governanceValues, mintedVotingPower}
 writer root       -> sol-tests/crowdfund/InitialETHCrowdfund.t.sol::InitialETHCrowdfundTest.test_expiry_won()
 writer effect     -> contracts/party/PartyGovernanceNFT.sol:152
 written member    -> ('SV', 'contracts/party/PartyGovernanceNFT.sol', 'PartyGovernanceNFT.mintedVotingPower')
 potentially stale -> ('SV', 'contracts/party/PartyGovernance.sol', 'PartyGovernance._governanceValues')
 reader witnesses  -> 544
 storage exposures -> 1
[MV-SI candidate 9da697cb2af6d4c27b37] {minTotalContributions, totalContributions}
 writer root       -> sol-tests/crowdfund/InitialETHCrowdfund.t.sol::InitialETHCrowdfundTest.test_refund_notLost()
 writer effect     -> contracts/crowdfund/ETHCrowdfundBase.sol:207
 written member    -> ('SV', 'contracts/crowdfund/ETHCrowdfundBase.sol', 'ETHCrowdfundBase.totalContributions')
 potentially stale -> ('SV', 'contracts/crowdfund/ETHCrowdfundBase.sol', 'ETHCrowdfundBase.minTotalContributions')
 reader witnesses  -> 64
 storage exposures -> 1
[MV-SI candidate 9dad1e72668c6dfe20bb] {maxTotalContributions, totalContributions}
 writer root       -> sol-tests/crowdfund/InitialETHCrowdfund.t.sol::InitialETHCrowdfundTest.test_refund_works()
 writer effect     -> contracts/crowdfund/ETHCrowdfundBase.sol:221
 written member    -> ('SV', 'contracts/crowdfund/ETHCrowdfundBase.sol', 'ETHCrowdfundBase.totalContributions')
 potentially stale -> ('SV', 'contracts/crowdfund/ETHCrowdfundBase.sol', 'ETHCrowdfundBase.maxTotalContributions')
 reader witnesses  -> 186
 storage exposures -> 1
[MV-SI candidate 9dc5e02908bf17e5aad9] {maxTotalContributions, totalContributions}
 writer root       -> sol-tests/crowdfund/ReraiseETHCrowdfund.t.sol::ReraiseETHCrowdfundTest.test_refund_notLost()
 writer effect     -> contracts/crowdfund/ETHCrowdfundBase.sol:221
 written member    -> ('SV', 'contracts/crowdfund/ETHCrowdfundBase.sol', 'ETHCrowdfundBase.totalContributions')
 potentially stale -> ('SV', 'contracts/crowdfund/ETHCrowdfundBase.sol', 'ETHCrowdfundBase.maxTotalContributions')
 reader witnesses  -> 242
 storage exposures -> 1
[MV-SI candidate 9dd48551ea82aafea363] {exchangeRateBps, maxContribution, pendingVotingPower[$arg1]}
 writer root       -> contracts/crowdfund/ReraiseETHCrowdfund.sol::ReraiseETHCrowdfund.initialize(ETHCrowdfundBase.ETHCrowdfundOptions)
 writer effect     -> contracts/crowdfund/ETHCrowdfundBase.sol:139
 written member    -> ('SV', 'contracts/crowdfund/ETHCrowdfundBase.sol', 'ETHCrowdfundBase.exchangeRateBps')
 potentially stale -> ('MS', 'contracts/crowdfund/ReraiseETHCrowdfund.sol', 'ReraiseETHCrowdfund.pendingVotingPower', '$arg1'), ('SV', 'contracts/crowdfund/ETHCrowdfundBase.sol', 'ETHCrowdfundBase.maxContribution')
 reader witnesses  -> 57
 storage exposures -> 1
[MV-SI candidate 9ea10e4587439a923996] {_governanceValues, votingPowerByTokenId[$arg0]}
 writer root       -> sol-tests/crowdfund/ReraiseETHCrowdfund.t.sol::ReraiseETHCrowdfundTest.test_contribute_afterLost()
 writer effect     -> contracts/party/PartyGovernanceNFT.sol:196
 written member    -> ('SV', 'contracts/party/PartyGovernance.sol', 'PartyGovernance._governanceValues')
 potentially stale -> ('MS', 'contracts/party/PartyGovernanceNFT.sol', 'PartyGovernanceNFT.votingPowerByTokenId', '$arg0')
 reader witnesses  -> 31
 storage exposures -> 1
[MV-SI candidate 9ecdad0586b626fa4e64] {minTotalContributions, totalContributions}
 writer root       -> sol-tests/crowdfund/ReraiseETHCrowdfund.t.sol::ReraiseETHCrowdfundTest.test_contribute_twiceDoesNotMintAnotherCrowdfundNFT()
 writer effect     -> contracts/crowdfund/ETHCrowdfundBase.sol:221
 written member    -> ('SV', 'contracts/crowdfund/ETHCrowdfundBase.sol', 'ETHCrowdfundBase.totalContributions')
 potentially stale -> ('SV', 'contracts/crowdfund/ETHCrowdfundBase.sol', 'ETHCrowdfundBase.minTotalContributions')
 reader witnesses  -> 88
 storage exposures -> 1
[MV-SI candidate 9fb1af682adc0779a3db] {_governanceValues, votingPowerByTokenId[$arg0]}
 writer root       -> sol-tests/crowdfund/ReraiseETHCrowdfund.t.sol::ReraiseETHCrowdfundTest.test_refund_works()
 writer effect     -> contracts/party/PartyGovernanceNFT.sol:196
 written member    -> ('SV', 'contracts/party/PartyGovernance.sol', 'PartyGovernance._governanceValues')
 potentially stale -> ('MS', 'contracts/party/PartyGovernanceNFT.sol', 'PartyGovernanceNFT.votingPowerByTokenId', '$arg0')
 reader witnesses  -> 31
 storage exposures -> 1
[MV-SI candidate a071047f979d5a4712de] {minTotalContributions, totalContributions}
 writer root       -> sol-tests/crowdfund/ReraiseETHCrowdfund.t.sol::ReraiseETHCrowdfundTest.test_finalize_onlyHostCanFinalizeEarlyWhenActive()
 writer effect     -> contracts/crowdfund/ETHCrowdfundBase.sol:221
 written member    -> ('SV', 'contracts/crowdfund/ETHCrowdfundBase.sol', 'ETHCrowdfundBase.totalContributions')
 potentially stale -> ('SV', 'contracts/crowdfund/ETHCrowdfundBase.sol', 'ETHCrowdfundBase.minTotalContributions')
 reader witnesses  -> 88
 storage exposures -> 1
[MV-SI candidate a096e6238a745153612b] {_governanceValues, votingPowerByTokenId[$arg0]}
 writer root       -> contracts/crowdfund/InitialETHCrowdfund.sol::InitialETHCrowdfund.contributeFor(uint256,address,address,bytes)
 writer effect     -> contracts/party/PartyGovernanceNFT.sol:196
 written member    -> ('SV', 'contracts/party/PartyGovernance.sol', 'PartyGovernance._governanceValues')
 potentially stale -> ('MS', 'contracts/party/PartyGovernanceNFT.sol', 'PartyGovernanceNFT.votingPowerByTokenId', '$arg0')
 reader witnesses  -> 31
 storage exposures -> 1
[MV-SI candidate a0ebcd6a78249ae94101] {_governanceValues, votingPowerByTokenId[$arg0]}
 writer root       -> sol-tests/crowdfund/ReraiseETHCrowdfund.t.sol::ReraiseETHCrowdfundTest.test_finalize_belowMinTotalContributions()
 writer effect     -> contracts/party/PartyGovernanceNFT.sol:196
 written member    -> ('SV', 'contracts/party/PartyGovernance.sol', 'PartyGovernance._governanceValues')
 potentially stale -> ('MS', 'contracts/party/PartyGovernanceNFT.sol', 'PartyGovernanceNFT.votingPowerByTokenId', '$arg0')
 reader witnesses  -> 62
 storage exposures -> 1
[MV-SI candidate a0fb90b0954f4982b22c] {_governanceValues, mintedVotingPower}
 writer root       -> sol-tests/crowdfund/InitialETHCrowdfund.t.sol::InitialETHCrowdfundTest.test_finalize_onlyHostCanFinalizeEarlyWhenActive()
 writer effect     -> contracts/party/PartyGovernanceNFT.sol:196
 written member    -> ('SV', 'contracts/party/PartyGovernance.sol', 'PartyGovernance._governanceValues')
 potentially stale -> ('SV', 'contracts/party/PartyGovernanceNFT.sol', 'PartyGovernanceNFT.mintedVotingPower')
 reader witnesses  -> 1532
 storage exposures -> 1
[MV-SI candidate a1024cf3705597969a59] {_governanceValues, mintedVotingPower}
 writer root       -> sol-tests/crowdfund/InitialETHCrowdfund.t.sol::InitialETHCrowdfundTest.test_contribute_aboveMaxContribution()
 writer effect     -> contracts/party/PartyGovernanceNFT.sol:196
 written member    -> ('SV', 'contracts/party/PartyGovernance.sol', 'PartyGovernance._governanceValues')
 potentially stale -> ('SV', 'contracts/party/PartyGovernanceNFT.sol', 'PartyGovernanceNFT.mintedVotingPower')
 reader witnesses  -> 766
 storage exposures -> 1
[MV-SI candidate a12e3cdc516a82201a4c] {_governanceValues, mintedVotingPower}
 writer root       -> sol-tests/crowdfund/BuyCrowdfund.t.sol::BuyCrowdfundTest.testHappyPath()
 writer effect     -> contracts/party/PartyGovernanceNFT.sol:152
 written member    -> ('SV', 'contracts/party/PartyGovernanceNFT.sol', 'PartyGovernanceNFT.mintedVotingPower')
 potentially stale -> ('SV', 'contracts/party/PartyGovernance.sol', 'PartyGovernance._governanceValues')
 reader witnesses  -> 1088
 storage exposures -> 1
[MV-SI candidate a1698356c9af65f0b945] {minTotalContributions, totalContributions}
 writer root       -> sol-tests/crowdfund/ReraiseETHCrowdfund.t.sol::ReraiseETHCrowdfundTest.test_fundingSplit_finalize()
 writer effect     -> contracts/crowdfund/ETHCrowdfundBase.sol:207
 written member    -> ('SV', 'contracts/crowdfund/ETHCrowdfundBase.sol', 'ETHCrowdfundBase.totalContributions')
 potentially stale -> ('SV', 'contracts/crowdfund/ETHCrowdfundBase.sol', 'ETHCrowdfundBase.minTotalContributions')
 reader witnesses  -> 88
 storage exposures -> 1
[MV-SI candidate a16aefc55a3af78c4570] {minTotalContributions, totalContributions}
 writer root       -> sol-tests/crowdfund/ReraiseETHCrowdfund.t.sol::ReraiseETHCrowdfundTest.test_claimMultiple_cannotHaveRemainingVotingPowerAfterClaim()
 writer effect     -> contracts/crowdfund/ETHCrowdfundBase.sol:207
 written member    -> ('SV', 'contracts/crowdfund/ETHCrowdfundBase.sol', 'ETHCrowdfundBase.totalContributions')
 potentially stale -> ('SV', 'contracts/crowdfund/ETHCrowdfundBase.sol', 'ETHCrowdfundBase.minTotalContributions')
 reader witnesses  -> 88
 storage exposures -> 1
[MV-SI candidate a24d31747af444328d6e] {_governanceValues, mintedVotingPower}
 writer root       -> contracts/crowdfund/ReraiseETHCrowdfund.sol::ReraiseETHCrowdfund.contribute(address,bytes)
 writer effect     -> contracts/party/PartyGovernanceNFT.sol:196
 written member    -> ('SV', 'contracts/party/PartyGovernance.sol', 'PartyGovernance._governanceValues')
 potentially stale -> ('SV', 'contracts/party/PartyGovernanceNFT.sol', 'PartyGovernanceNFT.mintedVotingPower')
 reader witnesses  -> 766
 storage exposures -> 1
[MV-SI candidate a2f08ddc96fea201e36e] {minTotalContributions, totalContributions}
 writer root       -> sol-tests/crowdfund/InitialETHCrowdfund.t.sol::InitialETHCrowdfundTest.test_contribute_belowMinContribution()
 writer effect     -> contracts/crowdfund/ETHCrowdfundBase.sol:207
 written member    -> ('SV', 'contracts/crowdfund/ETHCrowdfundBase.sol', 'ETHCrowdfundBase.totalContributions')
 potentially stale -> ('SV', 'contracts/crowdfund/ETHCrowdfundBase.sol', 'ETHCrowdfundBase.minTotalContributions')
 reader witnesses  -> 64
 storage exposures -> 1
[MV-SI candidate a32b6d83fda089741eaa] {minTotalContributions, totalContributions}
 writer root       -> sol-tests/crowdfund/ReraiseETHCrowdfund.t.sol::ReraiseETHCrowdfundTest.test_contribute_aboveMaxContribution()
 writer effect     -> contracts/crowdfund/ETHCrowdfundBase.sol:207
 written member    -> ('SV', 'contracts/crowdfund/ETHCrowdfundBase.sol', 'ETHCrowdfundBase.totalContributions')
 potentially stale -> ('SV', 'contracts/crowdfund/ETHCrowdfundBase.sol', 'ETHCrowdfundBase.minTotalContributions')
 reader witnesses  -> 88
 storage exposures -> 1
[MV-SI candidate a3a57a5bebcc667999c2] {_governanceValues, mintedVotingPower}
 writer root       -> contracts/crowdfund/ReraiseETHCrowdfund.sol::ReraiseETHCrowdfund.claim(uint256,address)
 writer effect     -> contracts/party/PartyGovernanceNFT.sol:152
 written member    -> ('SV', 'contracts/party/PartyGovernanceNFT.sol', 'PartyGovernanceNFT.mintedVotingPower')
 potentially stale -> ('SV', 'contracts/party/PartyGovernance.sol', 'PartyGovernance._governanceValues')
 reader witnesses  -> 544
 storage exposures -> 1
[MV-SI candidate a3fa68a991668e917fa5] {maxTotalContributions, totalContributions}
 writer root       -> sol-tests/crowdfund/ReraiseETHCrowdfund.t.sol::ReraiseETHCrowdfundTest.test_finalize_anyoneCanFinalizeWhenExpired()
 writer effect     -> contracts/crowdfund/ETHCrowdfundBase.sol:207
 written member    -> ('SV', 'contracts/crowdfund/ETHCrowdfundBase.sol', 'ETHCrowdfundBase.totalContributions')
 potentially stale -> ('SV', 'contracts/crowdfund/ETHCrowdfundBase.sol', 'ETHCrowdfundBase.maxTotalContributions')
 reader witnesses  -> 242
 storage exposures -> 1
[MV-SI candidate a4017a012081fff8d9a2] {_governanceValues, isAuthority[$sender]}
 writer root       -> sol-tests/crowdfund/ReraiseETHCrowdfund.t.sol::ReraiseETHCrowdfundTest.test_batchClaim_works()
 writer effect     -> contracts/party/PartyGovernanceNFT.sol:196
 written member    -> ('SV', 'contracts/party/PartyGovernance.sol', 'PartyGovernance._governanceValues')
 potentially stale -> ('MS', 'contracts/party/PartyGovernanceNFT.sol', 'PartyGovernanceNFT.isAuthority', '$sender')
 reader witnesses  -> 139
 storage exposures -> 1
[MV-SI candidate a496783257fd800ba9f4] {_governanceValues, votingPowerByTokenId[$arg0]}
 writer root       -> sol-tests/crowdfund/ReraiseETHCrowdfund.t.sol::ReraiseETHCrowdfundTest.test_claimMultiple_votingPowerOfCardBelowMin()
 writer effect     -> contracts/party/PartyGovernanceNFT.sol:196
 written member    -> ('SV', 'contracts/party/PartyGovernance.sol', 'PartyGovernance._governanceValues')
 potentially stale -> ('MS', 'contracts/party/PartyGovernanceNFT.sol', 'PartyGovernanceNFT.votingPowerByTokenId', '$arg0')
 reader witnesses  -> 31
 storage exposures -> 1
[MV-SI candidate a50a9bc0e23b7396b938] {_governanceValues, isAuthority[$sender]}
 writer root       -> sol-tests/crowdfund/InitialETHCrowdfund.t.sol::InitialETHCrowdfundTest.test_finalize_anyoneCanFinalizeWhenExpired()
 writer effect     -> contracts/party/PartyGovernanceNFT.sol:196
 written member    -> ('SV', 'contracts/party/PartyGovernance.sol', 'PartyGovernance._governanceValues')
 potentially stale -> ('MS', 'contracts/party/PartyGovernanceNFT.sol', 'PartyGovernanceNFT.isAuthority', '$sender')
 reader witnesses  -> 278
 storage exposures -> 1
[MV-SI candidate a523715ba7450736c7ce] {_governanceValues, votingPowerByTokenId[$arg0]}
 writer root       -> sol-tests/crowdfund/InitialETHCrowdfund.t.sol::InitialETHCrowdfundTest.test_contribute_aboveMaxContribution()
 writer effect     -> contracts/party/PartyGovernanceNFT.sol:196
 written member    -> ('SV', 'contracts/party/PartyGovernance.sol', 'PartyGovernance._governanceValues')
 potentially stale -> ('MS', 'contracts/party/PartyGovernanceNFT.sol', 'PartyGovernanceNFT.votingPowerByTokenId', '$arg0')
 reader witnesses  -> 31
 storage exposures -> 1
[MV-SI candidate a609676e312199463509] {_governanceValues, mintedVotingPower}
 writer root       -> sol-tests/crowdfund/InitialETHCrowdfund.t.sol::InitialETHCrowdfundTest.test_refund_notLost()
 writer effect     -> contracts/party/PartyGovernanceNFT.sol:196
 written member    -> ('SV', 'contracts/party/PartyGovernance.sol', 'PartyGovernance._governanceValues')
 potentially stale -> ('SV', 'contracts/party/PartyGovernanceNFT.sol', 'PartyGovernanceNFT.mintedVotingPower')
 reader witnesses  -> 766
 storage exposures -> 1
[MV-SI candidate a63014fb97d55901f11d] {minTotalContributions, totalContributions}
 writer root       -> sol-tests/crowdfund/InitialETHCrowdfund.t.sol::InitialETHCrowdfundTest.test_contribute_aboveMaxTotalContribution()
 writer effect     -> contracts/crowdfund/ETHCrowdfundBase.sol:207
 written member    -> ('SV', 'contracts/crowdfund/ETHCrowdfundBase.sol', 'ETHCrowdfundBase.totalContributions')
 potentially stale -> ('SV', 'contracts/crowdfund/ETHCrowdfundBase.sol', 'ETHCrowdfundBase.minTotalContributions')
 reader witnesses  -> 64
 storage exposures -> 1
[MV-SI candidate a63f86c58d58717df294] {exchangeRateBps, maxContribution, pendingVotingPower[$arg1]}
 writer root       -> sol-tests/crowdfund/ReraiseETHCrowdfund.t.sol::ReraiseETHCrowdfundTest.test_initialization_cannotReinitialize()
 writer effect     -> contracts/crowdfund/ETHCrowdfundBase.sol:139
 written member    -> ('SV', 'contracts/crowdfund/ETHCrowdfundBase.sol', 'ETHCrowdfundBase.exchangeRateBps')
 potentially stale -> ('MS', 'contracts/crowdfund/ReraiseETHCrowdfund.sol', 'ReraiseETHCrowdfund.pendingVotingPower', '$arg1'), ('SV', 'contracts/crowdfund/ETHCrowdfundBase.sol', 'ETHCrowdfundBase.maxContribution')
 reader witnesses  -> 57
 storage exposures -> 1
[MV-SI candidate a641ca09e4a77f47f8d3] {_ownerOf[$arg0], getApproved[$arg0], isApprovedForAll[@local::contracts/party/PartyGovernanceNFT.sol::PartyGovernanceNFT.burn(uint256)::LocalVariable::owner_1][$sender]}
 writer root       -> contracts/party/PartyGovernanceNFT.sol::PartyGovernanceNFT.safeTransferFrom(address,address,uint256,bytes)
 writer effect     -> contracts/vendor/solmate/ERC721.sol:99
 written member    -> ('MS', 'contracts/vendor/solmate/ERC721.sol', 'ERC721._ownerOf', '$arg0')
 potentially stale -> ('MS', 'contracts/vendor/solmate/ERC721.sol', 'ERC721.getApproved', '$arg0'), ('MS', 'contracts/vendor/solmate/ERC721.sol', 'ERC721.isApprovedForAll', '@local::contracts/party/PartyGovernanceNFT.sol::PartyGovernanceNFT.burn(uint256)::LocalVariable::owner_1][$sender')
 reader witnesses  -> 6
 storage exposures -> 1
[MV-SI candidate a6855ca906e4b55aad1e] {maxTotalContributions, totalContributions}
 writer root       -> sol-tests/crowdfund/InitialETHCrowdfund.t.sol::InitialETHCrowdfundTest.test_contribute_noContribution()
 writer effect     -> contracts/crowdfund/ETHCrowdfundBase.sol:221
 written member    -> ('SV', 'contracts/crowdfund/ETHCrowdfundBase.sol', 'ETHCrowdfundBase.totalContributions')
 potentially stale -> ('SV', 'contracts/crowdfund/ETHCrowdfundBase.sol', 'ETHCrowdfundBase.maxTotalContributions')
 reader witnesses  -> 186
 storage exposures -> 1
[MV-SI candidate a7071bb0e618775ba1d4] {_governanceValues, mintedVotingPower}
 writer root       -> sol-tests/crowdfund/Crowdfund.t.sol::CrowdfundTest.testBusy_oneContributor_cannotBurn()
 writer effect     -> contracts/party/PartyGovernanceNFT.sol:152
 written member    -> ('SV', 'contracts/party/PartyGovernanceNFT.sol', 'PartyGovernanceNFT.mintedVotingPower')
 potentially stale -> ('SV', 'contracts/party/PartyGovernance.sol', 'PartyGovernance._governanceValues')
 reader witnesses  -> 1088
 storage exposures -> 1
[MV-SI candidate a74b75d0be93234a7273] {maxTotalContributions, totalContributions}
 writer root       -> sol-tests/crowdfund/InitialETHCrowdfund.t.sol::InitialETHCrowdfundTest.test_finalize_anyoneCanFinalizeWhenExpired()
 writer effect     -> contracts/crowdfund/ETHCrowdfundBase.sol:221
 written member    -> ('SV', 'contracts/crowdfund/ETHCrowdfundBase.sol', 'ETHCrowdfundBase.totalContributions')
 potentially stale -> ('SV', 'contracts/crowdfund/ETHCrowdfundBase.sol', 'ETHCrowdfundBase.maxTotalContributions')
 reader witnesses  -> 186
 storage exposures -> 1
[MV-SI candidate a78a2b5d5f370eb92e06] {minTotalContributions, totalContributions}
 writer root       -> sol-tests/crowdfund/ReraiseETHCrowdfund.t.sol::ReraiseETHCrowdfundTest.test_fundingSplit_finalize()
 writer effect     -> contracts/crowdfund/ETHCrowdfundBase.sol:221
 written member    -> ('SV', 'contracts/crowdfund/ETHCrowdfundBase.sol', 'ETHCrowdfundBase.totalContributions')
 potentially stale -> ('SV', 'contracts/crowdfund/ETHCrowdfundBase.sol', 'ETHCrowdfundBase.minTotalContributions')
 reader witnesses  -> 88
 storage exposures -> 1
[MV-SI candidate a78d2951debd141aa0ff] {maxTotalContributions, totalContributions}
 writer root       -> sol-tests/crowdfund/ReraiseETHCrowdfund.t.sol::ReraiseETHCrowdfundTest.test_claimMultiple_works()
 writer effect     -> contracts/crowdfund/ETHCrowdfundBase.sol:221
 written member    -> ('SV', 'contracts/crowdfund/ETHCrowdfundBase.sol', 'ETHCrowdfundBase.totalContributions')
 potentially stale -> ('SV', 'contracts/crowdfund/ETHCrowdfundBase.sol', 'ETHCrowdfundBase.maxTotalContributions')
 reader witnesses  -> 242
 storage exposures -> 1
[MV-SI candidate a79b47500fd923222899] {_governanceValues, votingPowerByTokenId[$arg0]}
 writer root       -> sol-tests/crowdfund/InitialETHCrowdfund.t.sol::InitialETHCrowdfundTest.test_batchContribute_works()
 writer effect     -> contracts/party/PartyGovernanceNFT.sol:196
 written member    -> ('SV', 'contracts/party/PartyGovernance.sol', 'PartyGovernance._governanceValues')
 potentially stale -> ('MS', 'contracts/party/PartyGovernanceNFT.sol', 'PartyGovernanceNFT.votingPowerByTokenId', '$arg0')
 reader witnesses  -> 31
 storage exposures -> 1
[MV-SI candidate a8557e194b73a1d0e6e3] {exchangeRateBps, maxContribution, pendingVotingPower[$arg1]}
 writer root       -> contracts/crowdfund/ReraiseETHCrowdfund.sol::ReraiseETHCrowdfund.initialize(ETHCrowdfundBase.ETHCrowdfundOptions)
 writer effect     -> contracts/crowdfund/ETHCrowdfundBase.sol:120
 written member    -> ('SV', 'contracts/crowdfund/ETHCrowdfundBase.sol', 'ETHCrowdfundBase.maxContribution')
 potentially stale -> ('MS', 'contracts/crowdfund/ReraiseETHCrowdfund.sol', 'ReraiseETHCrowdfund.pendingVotingPower', '$arg1'), ('SV', 'contracts/crowdfund/ETHCrowdfundBase.sol', 'ETHCrowdfundBase.exchangeRateBps')
 reader witnesses  -> 101
 storage exposures -> 1
[MV-SI candidate a8bd244e07099253007b] {_governanceValues, mintedVotingPower}
 writer root       -> sol-tests/party/PartyGovernance.t.sol::PartyGovernanceTest.testPartyMemberCannotVoteTwice()
 writer effect     -> contracts/party/PartyGovernanceNFT.sol:152
 written member    -> ('SV', 'contracts/party/PartyGovernanceNFT.sol', 'PartyGovernanceNFT.mintedVotingPower')
 potentially stale -> ('SV', 'contracts/party/PartyGovernance.sol', 'PartyGovernance._governanceValues')
 reader witnesses  -> 1088
 storage exposures -> 1
[MV-SI candidate a9400f368b5cb75c6e0a] {_governanceValues, votingPowerByTokenId[$arg0]}
 writer root       -> sol-tests/crowdfund/InitialETHCrowdfund.t.sol::InitialETHCrowdfundTest.test_contributeFor_works()
 writer effect     -> contracts/party/PartyGovernanceNFT.sol:196
 written member    -> ('SV', 'contracts/party/PartyGovernance.sol', 'PartyGovernance._governanceValues')
 potentially stale -> ('MS', 'contracts/party/PartyGovernanceNFT.sol', 'PartyGovernanceNFT.votingPowerByTokenId', '$arg0')
 reader witnesses  -> 31
 storage exposures -> 1
[MV-SI candidate a954f4824e671a2d3357] {maxTotalContributions, totalContributions}
 writer root       -> sol-tests/crowdfund/InitialETHCrowdfund.t.sol::InitialETHCrowdfundTest.test_finalize_works()
 writer effect     -> contracts/crowdfund/ETHCrowdfundBase.sol:221
 written member    -> ('SV', 'contracts/crowdfund/ETHCrowdfundBase.sol', 'ETHCrowdfundBase.totalContributions')
 potentially stale -> ('SV', 'contracts/crowdfund/ETHCrowdfundBase.sol', 'ETHCrowdfundBase.maxTotalContributions')
 reader witnesses  -> 186
 storage exposures -> 1
[MV-SI candidate a9bb2fa8aaf44b2aa5c9] {_governanceValues, mintedVotingPower}
 writer root       -> contracts/crowdfund/Crowdfund.sol::Crowdfund.activateOrRefund(address)
 writer effect     -> contracts/party/PartyGovernanceNFT.sol:152
 written member    -> ('SV', 'contracts/party/PartyGovernanceNFT.sol', 'PartyGovernanceNFT.mintedVotingPower')
 potentially stale -> ('SV', 'contracts/party/PartyGovernance.sol', 'PartyGovernance._governanceValues')
 reader witnesses  -> 6528
 storage exposures -> 1
[MV-SI candidate aa91b1e7ff9436ac78e3] {minTotalContributions, totalContributions}
 writer root       -> sol-tests/crowdfund/ReraiseETHCrowdfund.t.sol::ReraiseETHCrowdfundTest.test_contributeFor_doesNotUpdateExistingDelegation()
 writer effect     -> contracts/crowdfund/ETHCrowdfundBase.sol:221
 written member    -> ('SV', 'contracts/crowdfund/ETHCrowdfundBase.sol', 'ETHCrowdfundBase.totalContributions')
 potentially stale -> ('SV', 'contracts/crowdfund/ETHCrowdfundBase.sol', 'ETHCrowdfundBase.minTotalContributions')
 reader witnesses  -> 176
 storage exposures -> 1
[MV-SI candidate aaafef5b7a321524d98b] {minTotalContributions, totalContributions}
 writer root       -> sol-tests/crowdfund/ReraiseETHCrowdfund.t.sol::ReraiseETHCrowdfundTest.test_batchContribute_works()
 writer effect     -> contracts/crowdfund/ETHCrowdfundBase.sol:207
 written member    -> ('SV', 'contracts/crowdfund/ETHCrowdfundBase.sol', 'ETHCrowdfundBase.totalContributions')
 potentially stale -> ('SV', 'contracts/crowdfund/ETHCrowdfundBase.sol', 'ETHCrowdfundBase.minTotalContributions')
 reader witnesses  -> 88
 storage exposures -> 1
[MV-SI candidate ab456c85303079f2901a] {minTotalContributions, totalContributions}
 writer root       -> contracts/crowdfund/ReraiseETHCrowdfund.sol::ReraiseETHCrowdfund.batchContribute(ReraiseETHCrowdfund.BatchContributeArgs)
 writer effect     -> contracts/crowdfund/ETHCrowdfundBase.sol:207
 written member    -> ('SV', 'contracts/crowdfund/ETHCrowdfundBase.sol', 'ETHCrowdfundBase.totalContributions')
 potentially stale -> ('SV', 'contracts/crowdfund/ETHCrowdfundBase.sol', 'ETHCrowdfundBase.minTotalContributions')
 reader witnesses  -> 88
 storage exposures -> 1
[MV-SI candidate abfdd1527be393dbb16b] {_governanceValues, isAuthority[$sender]}
 writer root       -> contracts/crowdfund/InitialETHCrowdfund.sol::InitialETHCrowdfund.contributeFor(uint256,address,address,bytes)
 writer effect     -> contracts/party/PartyGovernanceNFT.sol:196
 written member    -> ('SV', 'contracts/party/PartyGovernance.sol', 'PartyGovernance._governanceValues')
 potentially stale -> ('MS', 'contracts/party/PartyGovernanceNFT.sol', 'PartyGovernanceNFT.isAuthority', '$sender')
 reader witnesses  -> 139
 storage exposures -> 1
[MV-SI candidate acb605312877d7e7edc1] {_governanceValues, mintedVotingPower}
 writer root       -> sol-tests/crowdfund/InitialETHCrowdfund.t.sol::InitialETHCrowdfundTest.test_expiry_lost()
 writer effect     -> contracts/party/PartyGovernanceNFT.sol:196
 written member    -> ('SV', 'contracts/party/PartyGovernance.sol', 'PartyGovernance._governanceValues')
 potentially stale -> ('SV', 'contracts/party/PartyGovernanceNFT.sol', 'PartyGovernanceNFT.mintedVotingPower')
 reader witnesses  -> 766
 storage exposures -> 1
[MV-SI candidate acf4ef5603965083a781] {_governanceValues, votingPowerByTokenId[$arg0]}
 writer root       -> sol-tests/crowdfund/InitialETHCrowdfund.t.sol::InitialETHCrowdfundTest.test_contribute_addVotingPowerToExistingCard()
 writer effect     -> contracts/party/PartyGovernanceNFT.sol:196
 written member    -> ('SV', 'contracts/party/PartyGovernance.sol', 'PartyGovernance._governanceValues')
 potentially stale -> ('MS', 'contracts/party/PartyGovernanceNFT.sol', 'PartyGovernanceNFT.votingPowerByTokenId', '$arg0')
 reader witnesses  -> 31
 storage exposures -> 1
[MV-SI candidate ad0140213bb024aa7a4e] {minTotalContributions, totalContributions}
 writer root       -> sol-tests/crowdfund/ReraiseETHCrowdfund.t.sol::ReraiseETHCrowdfundTest.test_batchClaim_works()
 writer effect     -> contracts/crowdfund/ETHCrowdfundBase.sol:221
 written member    -> ('SV', 'contracts/crowdfund/ETHCrowdfundBase.sol', 'ETHCrowdfundBase.totalContributions')
 potentially stale -> ('SV', 'contracts/crowdfund/ETHCrowdfundBase.sol', 'ETHCrowdfundBase.minTotalContributions')
 reader witnesses  -> 88
 storage exposures -> 1
[MV-SI candidate adcdb93c4d28d770932c] {maxTotalContributions, totalContributions}
 writer root       -> sol-tests/crowdfund/InitialETHCrowdfund.t.sol::InitialETHCrowdfundTest.test_fee_finalize()
 writer effect     -> contracts/crowdfund/ETHCrowdfundBase.sol:221
 written member    -> ('SV', 'contracts/crowdfund/ETHCrowdfundBase.sol', 'ETHCrowdfundBase.totalContributions')
 potentially stale -> ('SV', 'contracts/crowdfund/ETHCrowdfundBase.sol', 'ETHCrowdfundBase.maxTotalContributions')
 reader witnesses  -> 186
 storage exposures -> 1
[MV-SI candidate ae25542ddc7effce3d5a] {maxTotalContributions, totalContributions}
 writer root       -> sol-tests/crowdfund/ReraiseETHCrowdfund.t.sol::ReraiseETHCrowdfundTest.test_batchRefund_works()
 writer effect     -> contracts/crowdfund/ETHCrowdfundBase.sol:221
 written member    -> ('SV', 'contracts/crowdfund/ETHCrowdfundBase.sol', 'ETHCrowdfundBase.totalContributions')
 potentially stale -> ('SV', 'contracts/crowdfund/ETHCrowdfundBase.sol', 'ETHCrowdfundBase.maxTotalContributions')
 reader witnesses  -> 242
 storage exposures -> 1
[MV-SI candidate af32c4236af4bd5ebd33] {_governanceValues, mintedVotingPower}
 writer root       -> sol-tests/crowdfund/Crowdfund.t.sol::CrowdfundTest.testLoss_twoContributors()
 writer effect     -> contracts/party/PartyGovernanceNFT.sol:152
 written member    -> ('SV', 'contracts/party/PartyGovernanceNFT.sol', 'PartyGovernanceNFT.mintedVotingPower')
 potentially stale -> ('SV', 'contracts/party/PartyGovernance.sol', 'PartyGovernance._governanceValues')
 reader witnesses  -> 2176
 storage exposures -> 1
[MV-SI candidate af571a2a7e81ca090474] {_governanceValues, isAuthority[$sender]}
 writer root       -> sol-tests/crowdfund/ReraiseETHCrowdfund.t.sol::ReraiseETHCrowdfundTest.test_contribute_aboveMaxContribution()
 writer effect     -> contracts/party/PartyGovernanceNFT.sol:196
 written member    -> ('SV', 'contracts/party/PartyGovernance.sol', 'PartyGovernance._governanceValues')
 potentially stale -> ('MS', 'contracts/party/PartyGovernanceNFT.sol', 'PartyGovernanceNFT.isAuthority', '$sender')
 reader witnesses  -> 139
 storage exposures -> 1
[MV-SI candidate af7f306cb595120802ea] {maxTotalContributions, totalContributions}
 writer root       -> contracts/crowdfund/InitialETHCrowdfund.sol::InitialETHCrowdfund.contribute(uint256,address,bytes)
 writer effect     -> contracts/crowdfund/ETHCrowdfundBase.sol:207
 written member    -> ('SV', 'contracts/crowdfund/ETHCrowdfundBase.sol', 'ETHCrowdfundBase.totalContributions')
 potentially stale -> ('SV', 'contracts/crowdfund/ETHCrowdfundBase.sol', 'ETHCrowdfundBase.maxTotalContributions')
 reader witnesses  -> 186
 storage exposures -> 1
[MV-SI candidate afa38d4838f6ac5e896e] {maxTotalContributions, totalContributions}
 writer root       -> sol-tests/crowdfund/ReraiseETHCrowdfund.t.sol::ReraiseETHCrowdfundTest.test_expiry_won()
 writer effect     -> contracts/crowdfund/ETHCrowdfundBase.sol:221
 written member    -> ('SV', 'contracts/crowdfund/ETHCrowdfundBase.sol', 'ETHCrowdfundBase.totalContributions')
 potentially stale -> ('SV', 'contracts/crowdfund/ETHCrowdfundBase.sol', 'ETHCrowdfundBase.maxTotalContributions')
 reader witnesses  -> 242
 storage exposures -> 1
[MV-SI candidate afd7d02ec64fb7b2b3df] {_governanceValues, mintedVotingPower}
 writer root       -> sol-tests/crowdfund/Crowdfund.t.sol::CrowdfundTest.testWin_participatingSplitRecipient_splitRecipientContributionNotUsed()
 writer effect     -> contracts/party/PartyGovernanceNFT.sol:152
 written member    -> ('SV', 'contracts/party/PartyGovernanceNFT.sol', 'PartyGovernanceNFT.mintedVotingPower')
 potentially stale -> ('SV', 'contracts/party/PartyGovernance.sol', 'PartyGovernance._governanceValues')
 reader witnesses  -> 2176
 storage exposures -> 1
[MV-SI candidate b0846e5a7014b682c399] {_governanceValues, mintedVotingPower}
 writer root       -> sol-tests/crowdfund/InitialETHCrowdfund.t.sol::InitialETHCrowdfundTest.test_initialization_cannotReinitialize()
 writer effect     -> contracts/party/PartyGovernanceNFT.sol:152
 written member    -> ('SV', 'contracts/party/PartyGovernanceNFT.sol', 'PartyGovernanceNFT.mintedVotingPower')
 potentially stale -> ('SV', 'contracts/party/PartyGovernance.sol', 'PartyGovernance._governanceValues')
 reader witnesses  -> 544
 storage exposures -> 1
[MV-SI candidate b1176952bf03ce1b1470] {maxTotalContributions, totalContributions}
 writer root       -> sol-tests/crowdfund/ReraiseETHCrowdfund.t.sol::ReraiseETHCrowdfundTest.test_contribute_works()
 writer effect     -> contracts/crowdfund/ETHCrowdfundBase.sol:221
 written member    -> ('SV', 'contracts/crowdfund/ETHCrowdfundBase.sol', 'ETHCrowdfundBase.totalContributions')
 potentially stale -> ('SV', 'contracts/crowdfund/ETHCrowdfundBase.sol', 'ETHCrowdfundBase.maxTotalContributions')
 reader witnesses  -> 242
 storage exposures -> 1
[MV-SI candidate b18219eddf60d96c17b2] {minTotalContributions, totalContributions}
 writer root       -> sol-tests/crowdfund/ReraiseETHCrowdfund.t.sol::ReraiseETHCrowdfundTest.test_contribute_afterLost()
 writer effect     -> contracts/crowdfund/ETHCrowdfundBase.sol:207
 written member    -> ('SV', 'contracts/crowdfund/ETHCrowdfundBase.sol', 'ETHCrowdfundBase.totalContributions')
 potentially stale -> ('SV', 'contracts/crowdfund/ETHCrowdfundBase.sol', 'ETHCrowdfundBase.minTotalContributions')
 reader witnesses  -> 88
 storage exposures -> 1
[MV-SI candidate b188393b4eef59bb2a61] {maxTotalContributions, totalContributions}
 writer root       -> sol-tests/crowdfund/ReraiseETHCrowdfund.t.sol::ReraiseETHCrowdfundTest.test_claimMultiple_votingPowerOfCardBelowMin()
 writer effect     -> contracts/crowdfund/ETHCrowdfundBase.sol:207
 written member    -> ('SV', 'contracts/crowdfund/ETHCrowdfundBase.sol', 'ETHCrowdfundBase.totalContributions')
 potentially stale -> ('SV', 'contracts/crowdfund/ETHCrowdfundBase.sol', 'ETHCrowdfundBase.maxTotalContributions')
 reader witnesses  -> 242
 storage exposures -> 1
[MV-SI candidate b243fc0f04fd762fbe75] {maxTotalContributions, totalContributions}
 writer root       -> sol-tests/crowdfund/InitialETHCrowdfund.t.sol::InitialETHCrowdfundTest.test_contribute_mintNewCard_withDisableContributingForExistingCard()
 writer effect     -> contracts/crowdfund/ETHCrowdfundBase.sol:221
 written member    -> ('SV', 'contracts/crowdfund/ETHCrowdfundBase.sol', 'ETHCrowdfundBase.totalContributions')
 potentially stale -> ('SV', 'contracts/crowdfund/ETHCrowdfundBase.sol', 'ETHCrowdfundBase.maxTotalContributions')
 reader witnesses  -> 186
 storage exposures -> 1
[MV-SI candidate b2645998d12b111e6103] {_governanceValues, mintedVotingPower}
 writer root       -> sol-tests/crowdfund/ReraiseETHCrowdfund.t.sol::ReraiseETHCrowdfundTest.test_claimMultiple_cannotClaimMoreThanVotingPower()
 writer effect     -> contracts/party/PartyGovernanceNFT.sol:152
 written member    -> ('SV', 'contracts/party/PartyGovernanceNFT.sol', 'PartyGovernanceNFT.mintedVotingPower')
 potentially stale -> ('SV', 'contracts/party/PartyGovernance.sol', 'PartyGovernance._governanceValues')
 reader witnesses  -> 544
 storage exposures -> 1
[MV-SI candidate b2b150e79b09c1398536] {_governanceValues, votingPowerByTokenId[$arg0]}
 writer root       -> sol-tests/crowdfund/InitialETHCrowdfund.t.sol::InitialETHCrowdfundTest.test_contributeFor_doesNotUpdateExistingDelegation()
 writer effect     -> contracts/party/PartyGovernanceNFT.sol:196
 written member    -> ('SV', 'contracts/party/PartyGovernance.sol', 'PartyGovernance._governanceValues')
 potentially stale -> ('MS', 'contracts/party/PartyGovernanceNFT.sol', 'PartyGovernanceNFT.votingPowerByTokenId', '$arg0')
 reader witnesses  -> 31
 storage exposures -> 1
[MV-SI candidate b2c7aafd36f3ba27e389] {_governanceValues, mintedVotingPower}
 writer root       -> sol-tests/party/PartyGovernance.t.sol::PartyGovernanceTest.testSimpleGovernance()
 writer effect     -> contracts/party/PartyGovernanceNFT.sol:152
 written member    -> ('SV', 'contracts/party/PartyGovernanceNFT.sol', 'PartyGovernanceNFT.mintedVotingPower')
 potentially stale -> ('SV', 'contracts/party/PartyGovernance.sol', 'PartyGovernance._governanceValues')
 reader witnesses  -> 1088
 storage exposures -> 1
[MV-SI candidate b2dd19fa2f0de4cb3329] {maxTotalContributions, totalContributions}
 writer root       -> sol-tests/crowdfund/ReraiseETHCrowdfund.t.sol::ReraiseETHCrowdfundTest.test_fundingSplit_contributionAndRefund()
 writer effect     -> contracts/crowdfund/ETHCrowdfundBase.sol:221
 written member    -> ('SV', 'contracts/crowdfund/ETHCrowdfundBase.sol', 'ETHCrowdfundBase.totalContributions')
 potentially stale -> ('SV', 'contracts/crowdfund/ETHCrowdfundBase.sol', 'ETHCrowdfundBase.maxTotalContributions')
 reader witnesses  -> 242
 storage exposures -> 1
[MV-SI candidate b356d1a7218bc8afd5ca] {minTotalContributions, totalContributions}
 writer root       -> sol-tests/crowdfund/ReraiseETHCrowdfund.t.sol::ReraiseETHCrowdfundTest.test_contribute_belowMinContribution()
 writer effect     -> contracts/crowdfund/ETHCrowdfundBase.sol:207
 written member    -> ('SV', 'contracts/crowdfund/ETHCrowdfundBase.sol', 'ETHCrowdfundBase.totalContributions')
 potentially stale -> ('SV', 'contracts/crowdfund/ETHCrowdfundBase.sol', 'ETHCrowdfundBase.minTotalContributions')
 reader witnesses  -> 88
 storage exposures -> 1
[MV-SI candidate b3ca4e0ed5ccc102d5cd] {_governanceValues, mintedVotingPower}
 writer root       -> sol-tests/party/PartyGovernance.t.sol::PartyGovernanceTest.testSimpleGovernanceUnanimous()
 writer effect     -> contracts/party/PartyGovernanceNFT.sol:152
 written member    -> ('SV', 'contracts/party/PartyGovernanceNFT.sol', 'PartyGovernanceNFT.mintedVotingPower')
 potentially stale -> ('SV', 'contracts/party/PartyGovernance.sol', 'PartyGovernance._governanceValues')
 reader witnesses  -> 2176
 storage exposures -> 1
[MV-SI candidate b3e77e44f31f3571a2af] {_governanceValues, isAuthority[$sender]}
 writer root       -> sol-tests/crowdfund/ReraiseETHCrowdfund.t.sol::ReraiseETHCrowdfundTest.test_fundingSplit_finalize()
 writer effect     -> contracts/party/PartyGovernanceNFT.sol:196
 written member    -> ('SV', 'contracts/party/PartyGovernance.sol', 'PartyGovernance._governanceValues')
 potentially stale -> ('MS', 'contracts/party/PartyGovernanceNFT.sol', 'PartyGovernanceNFT.isAuthority', '$sender')
 reader witnesses  -> 139
 storage exposures -> 1
[MV-SI candidate b3f71012f671a2142867] {_governanceValues, isAuthority[$sender]}
 writer root       -> sol-tests/crowdfund/ReraiseETHCrowdfund.t.sol::ReraiseETHCrowdfundTest.test_claim_aboveMax()
 writer effect     -> contracts/party/PartyGovernanceNFT.sol:196
 written member    -> ('SV', 'contracts/party/PartyGovernance.sol', 'PartyGovernance._governanceValues')
 potentially stale -> ('MS', 'contracts/party/PartyGovernanceNFT.sol', 'PartyGovernanceNFT.isAuthority', '$sender')
 reader witnesses  -> 139
 storage exposures -> 1
[MV-SI candidate b41f59b8df43842d5e3e] {maxTotalContributions, totalContributions}
 writer root       -> sol-tests/crowdfund/InitialETHCrowdfund.t.sol::InitialETHCrowdfundTest.test_fee_finalize()
 writer effect     -> contracts/crowdfund/ETHCrowdfundBase.sol:207
 written member    -> ('SV', 'contracts/crowdfund/ETHCrowdfundBase.sol', 'ETHCrowdfundBase.totalContributions')
 potentially stale -> ('SV', 'contracts/crowdfund/ETHCrowdfundBase.sol', 'ETHCrowdfundBase.maxTotalContributions')
 reader witnesses  -> 186
 storage exposures -> 1
[MV-SI candidate b4a6b67dba1df3f2f8b9] {_governanceValues, mintedVotingPower}
 writer root       -> sol-tests/party/PartyGovernanceNFT.t.sol::PartyGovernanceNFTTest.testMint_cannotMintBeyondTotalVotingPower()
 writer effect     -> contracts/party/PartyGovernanceNFT.sol:152
 written member    -> ('SV', 'contracts/party/PartyGovernanceNFT.sol', 'PartyGovernanceNFT.mintedVotingPower')
 potentially stale -> ('SV', 'contracts/party/PartyGovernance.sol', 'PartyGovernance._governanceValues')
 reader witnesses  -> 544
 storage exposures -> 1
[MV-SI candidate b52cbbed010823d75ef3] {_governanceValues, mintedVotingPower}
 writer root       -> sol-tests/crowdfund/ReraiseETHCrowdfund.t.sol::ReraiseETHCrowdfundTest.test_claim_addVotingPowerToExistingCard()
 writer effect     -> contracts/party/PartyGovernanceNFT.sol:184
 written member    -> ('SV', 'contracts/party/PartyGovernanceNFT.sol', 'PartyGovernanceNFT.mintedVotingPower')
 potentially stale -> ('SV', 'contracts/party/PartyGovernance.sol', 'PartyGovernance._governanceValues')
 reader witnesses  -> 544
 storage exposures -> 1
[MV-SI candidate b5431bfc6900de8ed912] {minTotalContributions, totalContributions}
 writer root       -> sol-tests/crowdfund/InitialETHCrowdfund.t.sol::InitialETHCrowdfundTest.test_contribute_noContribution()
 writer effect     -> contracts/crowdfund/ETHCrowdfundBase.sol:221
 written member    -> ('SV', 'contracts/crowdfund/ETHCrowdfundBase.sol', 'ETHCrowdfundBase.totalContributions')
 potentially stale -> ('SV', 'contracts/crowdfund/ETHCrowdfundBase.sol', 'ETHCrowdfundBase.minTotalContributions')
 reader witnesses  -> 64
 storage exposures -> 1
[MV-SI candidate b57ac522dd5878275dd8] {_governanceValues, votingPowerByTokenId[$arg0]}
 writer root       -> sol-tests/crowdfund/InitialETHCrowdfund.t.sol::InitialETHCrowdfundTest.test_finalize_onlyHostCanFinalizeEarlyWhenActive()
 writer effect     -> contracts/party/PartyGovernanceNFT.sol:185
 written member    -> ('MS', 'contracts/party/PartyGovernanceNFT.sol', 'PartyGovernanceNFT.votingPowerByTokenId', '$arg0')
 potentially stale -> ('SV', 'contracts/party/PartyGovernance.sol', 'PartyGovernance._governanceValues')
 reader witnesses  -> 272
 storage exposures -> 1
[MV-SI candidate b5ecb14d12d00e288718] {_governanceValues, mintedVotingPower}
 writer root       -> sol-tests/crowdfund/InitialETHCrowdfund.t.sol::InitialETHCrowdfundTest.test_refund_twice()
 writer effect     -> contracts/party/PartyGovernanceNFT.sol:152
 written member    -> ('SV', 'contracts/party/PartyGovernanceNFT.sol', 'PartyGovernanceNFT.mintedVotingPower')
 potentially stale -> ('SV', 'contracts/party/PartyGovernance.sol', 'PartyGovernance._governanceValues')
 reader witnesses  -> 544
 storage exposures -> 1
[MV-SI candidate b66b9cb54e171fec1c9e] {_governanceValues, mintedVotingPower}
 writer root       -> contracts/crowdfund/InitialETHCrowdfund.sol::InitialETHCrowdfund.batchContribute(InitialETHCrowdfund.BatchContributeArgs)
 writer effect     -> contracts/party/PartyGovernanceNFT.sol:196
 written member    -> ('SV', 'contracts/party/PartyGovernance.sol', 'PartyGovernance._governanceValues')
 potentially stale -> ('SV', 'contracts/party/PartyGovernanceNFT.sol', 'PartyGovernanceNFT.mintedVotingPower')
 reader witnesses  -> 766
 storage exposures -> 1
[MV-SI candidate b67a5e4809230bec39ac] {_governanceValues, votingPowerByTokenId[$arg0]}
 writer root       -> sol-tests/crowdfund/InitialETHCrowdfund.t.sol::InitialETHCrowdfundTest.test_refund_twice()
 writer effect     -> contracts/party/PartyGovernanceNFT.sol:196
 written member    -> ('SV', 'contracts/party/PartyGovernance.sol', 'PartyGovernance._governanceValues')
 potentially stale -> ('MS', 'contracts/party/PartyGovernanceNFT.sol', 'PartyGovernanceNFT.votingPowerByTokenId', '$arg0')
 reader witnesses  -> 31
 storage exposures -> 1
[MV-SI candidate b82e618b782d79443611] {_governanceValues, isAuthority[$sender]}
 writer root       -> sol-tests/crowdfund/ReraiseETHCrowdfund.t.sol::ReraiseETHCrowdfundTest.test_expiry_lost()
 writer effect     -> contracts/party/PartyGovernanceNFT.sol:196
 written member    -> ('SV', 'contracts/party/PartyGovernance.sol', 'PartyGovernance._governanceValues')
 potentially stale -> ('MS', 'contracts/party/PartyGovernanceNFT.sol', 'PartyGovernanceNFT.isAuthority', '$sender')
 reader witnesses  -> 139
 storage exposures -> 1
[MV-SI candidate b8ef35628370c1f0517d] {_governanceValues, votingPowerByTokenId[$arg0]}
 writer root       -> sol-tests/crowdfund/ReraiseETHCrowdfund.t.sol::ReraiseETHCrowdfundTest.test_contribute_noContribution()
 writer effect     -> contracts/party/PartyGovernanceNFT.sol:196
 written member    -> ('SV', 'contracts/party/PartyGovernance.sol', 'PartyGovernance._governanceValues')
 potentially stale -> ('MS', 'contracts/party/PartyGovernanceNFT.sol', 'PartyGovernanceNFT.votingPowerByTokenId', '$arg0')
 reader witnesses  -> 31
 storage exposures -> 1
[MV-SI candidate b97594e3d6bdf46d5cf1] {minTotalContributions, totalContributions}
 writer root       -> sol-tests/crowdfund/InitialETHCrowdfund.t.sol::InitialETHCrowdfundTest.test_refund_works()
 writer effect     -> contracts/crowdfund/ETHCrowdfundBase.sol:207
 written member    -> ('SV', 'contracts/crowdfund/ETHCrowdfundBase.sol', 'ETHCrowdfundBase.totalContributions')
 potentially stale -> ('SV', 'contracts/crowdfund/ETHCrowdfundBase.sol', 'ETHCrowdfundBase.minTotalContributions')
 reader witnesses  -> 64
 storage exposures -> 1
[MV-SI candidate b9b35145e551a69e39c5] {minTotalContributions, totalContributions}
 writer root       -> sol-tests/crowdfund/InitialETHCrowdfund.t.sol::InitialETHCrowdfundTest.test_finalize_works()
 writer effect     -> contracts/crowdfund/ETHCrowdfundBase.sol:207
 written member    -> ('SV', 'contracts/crowdfund/ETHCrowdfundBase.sol', 'ETHCrowdfundBase.totalContributions')
 potentially stale -> ('SV', 'contracts/crowdfund/ETHCrowdfundBase.sol', 'ETHCrowdfundBase.minTotalContributions')
 reader witnesses  -> 64
 storage exposures -> 1
[MV-SI candidate baacecde0cb7ac9b4315] {_governanceValues, isAuthority[$sender]}
 writer root       -> sol-tests/crowdfund/InitialETHCrowdfund.t.sol::InitialETHCrowdfundTest.test_contribute_mintNewCard()
 writer effect     -> contracts/party/PartyGovernanceNFT.sol:196
 written member    -> ('SV', 'contracts/party/PartyGovernance.sol', 'PartyGovernance._governanceValues')
 potentially stale -> ('MS', 'contracts/party/PartyGovernanceNFT.sol', 'PartyGovernanceNFT.isAuthority', '$sender')
 reader witnesses  -> 139
 storage exposures -> 1
[MV-SI candidate bae0ddfe4c5dbdc32089] {minTotalContributions, totalContributions}
 writer root       -> sol-tests/crowdfund/InitialETHCrowdfund.t.sol::InitialETHCrowdfundTest.test_expiry_lost()
 writer effect     -> contracts/crowdfund/ETHCrowdfundBase.sol:207
 written member    -> ('SV', 'contracts/crowdfund/ETHCrowdfundBase.sol', 'ETHCrowdfundBase.totalContributions')
 potentially stale -> ('SV', 'contracts/crowdfund/ETHCrowdfundBase.sol', 'ETHCrowdfundBase.minTotalContributions')
 reader witnesses  -> 64
 storage exposures -> 1
[MV-SI candidate bb9a92defe0188922139] {minTotalContributions, totalContributions}
 writer root       -> contracts/crowdfund/ReraiseETHCrowdfund.sol::ReraiseETHCrowdfund.contributeFor(address,address,bytes)
 writer effect     -> contracts/crowdfund/ETHCrowdfundBase.sol:207
 written member    -> ('SV', 'contracts/crowdfund/ETHCrowdfundBase.sol', 'ETHCrowdfundBase.totalContributions')
 potentially stale -> ('SV', 'contracts/crowdfund/ETHCrowdfundBase.sol', 'ETHCrowdfundBase.minTotalContributions')
 reader witnesses  -> 88
 storage exposures -> 1
[MV-SI candidate bb9bb198fc7d23ec6c3b] {minTotalContributions, totalContributions}
 writer root       -> contracts/crowdfund/ReraiseETHCrowdfund.sol::ReraiseETHCrowdfund.batchContribute(ReraiseETHCrowdfund.BatchContributeArgs)
 writer effect     -> contracts/crowdfund/ETHCrowdfundBase.sol:221
 written member    -> ('SV', 'contracts/crowdfund/ETHCrowdfundBase.sol', 'ETHCrowdfundBase.totalContributions')
 potentially stale -> ('SV', 'contracts/crowdfund/ETHCrowdfundBase.sol', 'ETHCrowdfundBase.minTotalContributions')
 reader witnesses  -> 88
 storage exposures -> 1
[MV-SI candidate bbc6d549d831950264bf] {_governanceValues, votingPowerByTokenId[$arg0]}
 writer root       -> sol-tests/crowdfund/InitialETHCrowdfund.t.sol::InitialETHCrowdfundTest.test_initialization_cannotReinitialize()
 writer effect     -> contracts/party/PartyGovernanceNFT.sol:196
 written member    -> ('SV', 'contracts/party/PartyGovernance.sol', 'PartyGovernance._governanceValues')
 potentially stale -> ('MS', 'contracts/party/PartyGovernanceNFT.sol', 'PartyGovernanceNFT.votingPowerByTokenId', '$arg0')
 reader witnesses  -> 31
 storage exposures -> 1
[MV-SI candidate bc49b33b05bf1ed87596] {_governanceValues, mintedVotingPower}
 writer root       -> sol-tests/crowdfund/ReraiseETHCrowdfund.t.sol::ReraiseETHCrowdfundTest.test_finalize_belowMinTotalContributions()
 writer effect     -> contracts/party/PartyGovernanceNFT.sol:196
 written member    -> ('SV', 'contracts/party/PartyGovernance.sol', 'PartyGovernance._governanceValues')
 potentially stale -> ('SV', 'contracts/party/PartyGovernanceNFT.sol', 'PartyGovernanceNFT.mintedVotingPower')
 reader witnesses  -> 1532
 storage exposures -> 1
[MV-SI candidate bc80cd8fdbd28cf8b0d0] {_governanceValues, mintedVotingPower}
 writer root       -> sol-tests/crowdfund/ReraiseETHCrowdfund.t.sol::ReraiseETHCrowdfundTest.test_contribute_aboveMaxTotalContribution()
 writer effect     -> contracts/party/PartyGovernanceNFT.sol:196
 written member    -> ('SV', 'contracts/party/PartyGovernance.sol', 'PartyGovernance._governanceValues')
 potentially stale -> ('SV', 'contracts/party/PartyGovernanceNFT.sol', 'PartyGovernanceNFT.mintedVotingPower')
 reader witnesses  -> 766
 storage exposures -> 1
[MV-SI candidate bc8747fec8a8542e2a01] {maxTotalContributions, totalContributions}
 writer root       -> sol-tests/crowdfund/ReraiseETHCrowdfund.t.sol::ReraiseETHCrowdfundTest.test_claim_addVotingPowerToExistingCard()
 writer effect     -> contracts/crowdfund/ETHCrowdfundBase.sol:207
 written member    -> ('SV', 'contracts/crowdfund/ETHCrowdfundBase.sol', 'ETHCrowdfundBase.totalContributions')
 potentially stale -> ('SV', 'contracts/crowdfund/ETHCrowdfundBase.sol', 'ETHCrowdfundBase.maxTotalContributions')
 reader witnesses  -> 242
 storage exposures -> 1
[MV-SI candidate bde27ccab604fb672172] {minTotalContributions, totalContributions}
 writer root       -> sol-tests/crowdfund/ReraiseETHCrowdfund.t.sol::ReraiseETHCrowdfundTest.test_initialization_cannotReinitialize()
 writer effect     -> contracts/crowdfund/ETHCrowdfundBase.sol:221
 written member    -> ('SV', 'contracts/crowdfund/ETHCrowdfundBase.sol', 'ETHCrowdfundBase.totalContributions')
 potentially stale -> ('SV', 'contracts/crowdfund/ETHCrowdfundBase.sol', 'ETHCrowdfundBase.minTotalContributions')
 reader witnesses  -> 88
 storage exposures -> 1
[MV-SI candidate bdebfbca61690b76b624] {_governanceValues, mintedVotingPower}
 writer root       -> sol-tests/crowdfund/InitialETHCrowdfund.t.sol::InitialETHCrowdfundTest.test_batchRefund_works()
 writer effect     -> contracts/party/PartyGovernanceNFT.sol:196
 written member    -> ('SV', 'contracts/party/PartyGovernance.sol', 'PartyGovernance._governanceValues')
 potentially stale -> ('SV', 'contracts/party/PartyGovernanceNFT.sol', 'PartyGovernanceNFT.mintedVotingPower')
 reader witnesses  -> 766
 storage exposures -> 1
[MV-SI candidate be80ca49b60f48839a4f] {_governanceValues, votingPowerByTokenId[$arg0]}
 writer root       -> contracts/crowdfund/InitialETHCrowdfund.sol::InitialETHCrowdfund.batchContribute(InitialETHCrowdfund.BatchContributeArgs)
 writer effect     -> contracts/party/PartyGovernanceNFT.sol:196
 written member    -> ('SV', 'contracts/party/PartyGovernance.sol', 'PartyGovernance._governanceValues')
 potentially stale -> ('MS', 'contracts/party/PartyGovernanceNFT.sol', 'PartyGovernanceNFT.votingPowerByTokenId', '$arg0')
 reader witnesses  -> 31
 storage exposures -> 1
[MV-SI candidate bf72539306ccc701fe6a] {_governanceValues, votingPowerByTokenId[$arg0]}
 writer root       -> contracts/crowdfund/InitialETHCrowdfund.sol::InitialETHCrowdfund.contribute(uint256,address,bytes)
 writer effect     -> contracts/party/PartyGovernanceNFT.sol:196
 written member    -> ('SV', 'contracts/party/PartyGovernance.sol', 'PartyGovernance._governanceValues')
 potentially stale -> ('MS', 'contracts/party/PartyGovernanceNFT.sol', 'PartyGovernanceNFT.votingPowerByTokenId', '$arg0')
 reader witnesses  -> 31
 storage exposures -> 1
[MV-SI candidate bfab7cf313b3ff376b03] {_governanceValues, mintedVotingPower}
 writer root       -> sol-tests/crowdfund/AuctionCrowdfund.t.sol::AuctionCrowdfundTest.test_happyPath()
 writer effect     -> contracts/party/PartyGovernanceNFT.sol:152
 written member    -> ('SV', 'contracts/party/PartyGovernanceNFT.sol', 'PartyGovernanceNFT.mintedVotingPower')
 potentially stale -> ('SV', 'contracts/party/PartyGovernance.sol', 'PartyGovernance._governanceValues')
 reader witnesses  -> 1088
 storage exposures -> 1
[MV-SI candidate bfb51f16a2f0ef64def9] {_governanceValues, mintedVotingPower}
 writer root       -> sol-tests/crowdfund/InitialETHCrowdfund.t.sol::InitialETHCrowdfundTest.test_fee_finalize()
 writer effect     -> contracts/party/PartyGovernanceNFT.sol:152
 written member    -> ('SV', 'contracts/party/PartyGovernanceNFT.sol', 'PartyGovernanceNFT.mintedVotingPower')
 potentially stale -> ('SV', 'contracts/party/PartyGovernance.sol', 'PartyGovernance._governanceValues')
 reader witnesses  -> 544
 storage exposures -> 1
[MV-SI candidate c113e992b9671d65ffdf] {_governanceValues, mintedVotingPower}
 writer root       -> sol-tests/crowdfund/ReraiseETHCrowdfund.t.sol::ReraiseETHCrowdfundTest.test_claim_addVotingPowerToExistingCard()
 writer effect     -> contracts/party/PartyGovernanceNFT.sol:152
 written member    -> ('SV', 'contracts/party/PartyGovernanceNFT.sol', 'PartyGovernanceNFT.mintedVotingPower')
 potentially stale -> ('SV', 'contracts/party/PartyGovernance.sol', 'PartyGovernance._governanceValues')
 reader witnesses  -> 1088
 storage exposures -> 1
[MV-SI candidate c132ed10a8d5ee317eaf] {_governanceValues, mintedVotingPower}
 writer root       -> sol-tests/crowdfund/InitialETHCrowdfund.t.sol::InitialETHCrowdfundTest.test_expiry_lost()
 writer effect     -> contracts/party/PartyGovernanceNFT.sol:184
 written member    -> ('SV', 'contracts/party/PartyGovernanceNFT.sol', 'PartyGovernanceNFT.mintedVotingPower')
 potentially stale -> ('SV', 'contracts/party/PartyGovernance.sol', 'PartyGovernance._governanceValues')
 reader witnesses  -> 544
 storage exposures -> 1
[MV-SI candidate c1a17181e962b7682d98] {maxTotalContributions, totalContributions}
 writer root       -> sol-tests/crowdfund/InitialETHCrowdfund.t.sol::InitialETHCrowdfundTest.test_contributeFor_doesNotUpdateExistingDelegation()
 writer effect     -> contracts/crowdfund/ETHCrowdfundBase.sol:221
 written member    -> ('SV', 'contracts/crowdfund/ETHCrowdfundBase.sol', 'ETHCrowdfundBase.totalContributions')
 potentially stale -> ('SV', 'contracts/crowdfund/ETHCrowdfundBase.sol', 'ETHCrowdfundBase.maxTotalContributions')
 reader witnesses  -> 372
 storage exposures -> 1
[MV-SI candidate c248d8ad46df1ab3eb33] {_governanceValues, isAuthority[$sender]}
 writer root       -> sol-tests/crowdfund/ReraiseETHCrowdfund.t.sol::ReraiseETHCrowdfundTest.test_contribute_afterLost()
 writer effect     -> contracts/party/PartyGovernanceNFT.sol:196
 written member    -> ('SV', 'contracts/party/PartyGovernance.sol', 'PartyGovernance._governanceValues')
 potentially stale -> ('MS', 'contracts/party/PartyGovernanceNFT.sol', 'PartyGovernanceNFT.isAuthority', '$sender')
 reader witnesses  -> 139
 storage exposures -> 1
[MV-SI candidate c25e6bb94bac8bc1b0c1] {_governanceValues, mintedVotingPower}
 writer root       -> sol-tests/crowdfund/ReraiseETHCrowdfund.t.sol::ReraiseETHCrowdfundTest.test_claim_aboveMax()
 writer effect     -> contracts/party/PartyGovernanceNFT.sol:196
 written member    -> ('SV', 'contracts/party/PartyGovernance.sol', 'PartyGovernance._governanceValues')
 potentially stale -> ('SV', 'contracts/party/PartyGovernanceNFT.sol', 'PartyGovernanceNFT.mintedVotingPower')
 reader witnesses  -> 766
 storage exposures -> 1
[MV-SI candidate c26056892b1ff63cdd8d] {_governanceValues, mintedVotingPower}
 writer root       -> sol-tests/crowdfund/ReraiseETHCrowdfund.t.sol::ReraiseETHCrowdfundTest.test_claim_mintNewCard()
 writer effect     -> contracts/party/PartyGovernanceNFT.sol:184
 written member    -> ('SV', 'contracts/party/PartyGovernanceNFT.sol', 'PartyGovernanceNFT.mintedVotingPower')
 potentially stale -> ('SV', 'contracts/party/PartyGovernance.sol', 'PartyGovernance._governanceValues')
 reader witnesses  -> 544
 storage exposures -> 1
[MV-SI candidate c27a377cef8aa5c55176] {_governanceValues, votingPowerByTokenId[$arg0]}
 writer root       -> contracts/crowdfund/InitialETHCrowdfund.sol::InitialETHCrowdfund.initialize(InitialETHCrowdfund.InitialETHCrowdfundOptions,InitialETHCrowdfund.ETHPartyOptions)
 writer effect     -> contracts/party/PartyGovernanceNFT.sol:185
 written member    -> ('MS', 'contracts/party/PartyGovernanceNFT.sol', 'PartyGovernanceNFT.votingPowerByTokenId', '$arg0')
 potentially stale -> ('SV', 'contracts/party/PartyGovernance.sol', 'PartyGovernance._governanceValues')
 reader witnesses  -> 272
 storage exposures -> 1
[MV-SI candidate c31d8c8477dd819f32fc] {minTotalContributions, totalContributions}
 writer root       -> sol-tests/crowdfund/ReraiseETHCrowdfund.t.sol::ReraiseETHCrowdfundTest.test_contribute_aboveMaxTotalContribution()
 writer effect     -> contracts/crowdfund/ETHCrowdfundBase.sol:221
 written member    -> ('SV', 'contracts/crowdfund/ETHCrowdfundBase.sol', 'ETHCrowdfundBase.totalContributions')
 potentially stale -> ('SV', 'contracts/crowdfund/ETHCrowdfundBase.sol', 'ETHCrowdfundBase.minTotalContributions')
 reader witnesses  -> 88
 storage exposures -> 1
[MV-SI candidate c325c8be2c302e88d8cc] {_governanceValues, mintedVotingPower}
 writer root       -> sol-tests/crowdfund/Crowdfund.t.sol::CrowdfundTest.testLoss_oneContributor_cannotBurnTwice()
 writer effect     -> contracts/party/PartyGovernanceNFT.sol:152
 written member    -> ('SV', 'contracts/party/PartyGovernanceNFT.sol', 'PartyGovernanceNFT.mintedVotingPower')
 potentially stale -> ('SV', 'contracts/party/PartyGovernance.sol', 'PartyGovernance._governanceValues')
 reader witnesses  -> 1088
 storage exposures -> 1
[MV-SI candidate c3757a6044ee8aa2c243] {_governanceValues, votingPowerByTokenId[$arg0]}
 writer root       -> sol-tests/crowdfund/ReraiseETHCrowdfund.t.sol::ReraiseETHCrowdfundTest.test_claim_mintNewCard()
 writer effect     -> contracts/party/PartyGovernanceNFT.sol:196
 written member    -> ('SV', 'contracts/party/PartyGovernance.sol', 'PartyGovernance._governanceValues')
 potentially stale -> ('MS', 'contracts/party/PartyGovernanceNFT.sol', 'PartyGovernanceNFT.votingPowerByTokenId', '$arg0')
 reader witnesses  -> 31
 storage exposures -> 1
[MV-SI candidate c46c87c2b11f90ae45b3] {_governanceValues, mintedVotingPower}
 writer root       -> contracts/party/PartyGovernanceNFT.sol::PartyGovernanceNFT.mint(address,uint256,address)
 writer effect     -> contracts/party/PartyGovernanceNFT.sol:152
 written member    -> ('SV', 'contracts/party/PartyGovernanceNFT.sol', 'PartyGovernanceNFT.mintedVotingPower')
 potentially stale -> ('SV', 'contracts/party/PartyGovernance.sol', 'PartyGovernance._governanceValues')
 reader witnesses  -> 544
 storage exposures -> 1
[MV-SI candidate c4b8b24e3e17e09a82b5] {_governanceValues, mintedVotingPower}
 writer root       -> sol-tests/crowdfund/ReraiseETHCrowdfund.t.sol::ReraiseETHCrowdfundTest.test_finalize_onlyHostCanFinalizeEarlyWhenActive()
 writer effect     -> contracts/party/PartyGovernanceNFT.sol:196
 written member    -> ('SV', 'contracts/party/PartyGovernance.sol', 'PartyGovernance._governanceValues')
 potentially stale -> ('SV', 'contracts/party/PartyGovernanceNFT.sol', 'PartyGovernanceNFT.mintedVotingPower')
 reader witnesses  -> 1532
 storage exposures -> 1
[MV-SI candidate c50ce30b96d3e473f371] {maxTotalContributions, totalContributions}
 writer root       -> contracts/crowdfund/ReraiseETHCrowdfund.sol::ReraiseETHCrowdfund.batchContribute(ReraiseETHCrowdfund.BatchContributeArgs)
 writer effect     -> contracts/crowdfund/ETHCrowdfundBase.sol:221
 written member    -> ('SV', 'contracts/crowdfund/ETHCrowdfundBase.sol', 'ETHCrowdfundBase.totalContributions')
 potentially stale -> ('SV', 'contracts/crowdfund/ETHCrowdfundBase.sol', 'ETHCrowdfundBase.maxTotalContributions')
 reader witnesses  -> 242
 storage exposures -> 1
[MV-SI candidate c50eccbcd83e3af8531a] {_governanceValues, votingPowerByTokenId[$arg0]}
 writer root       -> sol-tests/crowdfund/ReraiseETHCrowdfund.t.sol::ReraiseETHCrowdfundTest.test_expiry_won()
 writer effect     -> contracts/party/PartyGovernanceNFT.sol:196
 written member    -> ('SV', 'contracts/party/PartyGovernance.sol', 'PartyGovernance._governanceValues')
 potentially stale -> ('MS', 'contracts/party/PartyGovernanceNFT.sol', 'PartyGovernanceNFT.votingPowerByTokenId', '$arg0')
 reader witnesses  -> 31
 storage exposures -> 1
[MV-SI candidate c543472f1d243fac65fd] {minTotalContributions, totalContributions}
 writer root       -> sol-tests/crowdfund/InitialETHCrowdfund.t.sol::InitialETHCrowdfundTest.test_finalize_onlyHostCanFinalizeEarlyWhenActive()
 writer effect     -> contracts/crowdfund/ETHCrowdfundBase.sol:207
 written member    -> ('SV', 'contracts/crowdfund/ETHCrowdfundBase.sol', 'ETHCrowdfundBase.totalContributions')
 potentially stale -> ('SV', 'contracts/crowdfund/ETHCrowdfundBase.sol', 'ETHCrowdfundBase.minTotalContributions')
 reader witnesses  -> 64
 storage exposures -> 1
[MV-SI candidate c5539b77856cd28dbc54] {maxTotalContributions, totalContributions}
 writer root       -> sol-tests/crowdfund/ReraiseETHCrowdfund.t.sol::ReraiseETHCrowdfundTest.test_contribute_afterLost()
 writer effect     -> contracts/crowdfund/ETHCrowdfundBase.sol:207
 written member    -> ('SV', 'contracts/crowdfund/ETHCrowdfundBase.sol', 'ETHCrowdfundBase.totalContributions')
 potentially stale -> ('SV', 'contracts/crowdfund/ETHCrowdfundBase.sol', 'ETHCrowdfundBase.maxTotalContributions')
 reader witnesses  -> 242
 storage exposures -> 1
[MV-SI candidate c5667157a56b7cfbc3e9] {minTotalContributions, totalContributions}
 writer root       -> sol-tests/crowdfund/ReraiseETHCrowdfund.t.sol::ReraiseETHCrowdfundTest.test_finalize_belowMinTotalContributions()
 writer effect     -> contracts/crowdfund/ETHCrowdfundBase.sol:207
 written member    -> ('SV', 'contracts/crowdfund/ETHCrowdfundBase.sol', 'ETHCrowdfundBase.totalContributions')
 potentially stale -> ('SV', 'contracts/crowdfund/ETHCrowdfundBase.sol', 'ETHCrowdfundBase.minTotalContributions')
 reader witnesses  -> 88
 storage exposures -> 1
[MV-SI candidate c5cc43aef77a5ac5a736] {maxTotalContributions, totalContributions}
 writer root       -> sol-tests/crowdfund/InitialETHCrowdfund.t.sol::InitialETHCrowdfundTest.test_contribute_mintNewCard()
 writer effect     -> contracts/crowdfund/ETHCrowdfundBase.sol:207
 written member    -> ('SV', 'contracts/crowdfund/ETHCrowdfundBase.sol', 'ETHCrowdfundBase.totalContributions')
 potentially stale -> ('SV', 'contracts/crowdfund/ETHCrowdfundBase.sol', 'ETHCrowdfundBase.maxTotalContributions')
 reader witnesses  -> 186
 storage exposures -> 1
[MV-SI candidate c5ce9b6b39db8dbda7cb] {_governanceValues, votingPowerByTokenId[$arg0]}
 writer root       -> contracts/crowdfund/InitialETHCrowdfund.sol::InitialETHCrowdfund.contributeFor(uint256,address,address,bytes)
 writer effect     -> contracts/party/PartyGovernanceNFT.sol:185
 written member    -> ('MS', 'contracts/party/PartyGovernanceNFT.sol', 'PartyGovernanceNFT.votingPowerByTokenId', '$arg0')
 potentially stale -> ('SV', 'contracts/party/PartyGovernance.sol', 'PartyGovernance._governanceValues')
 reader witnesses  -> 272
 storage exposures -> 1
[MV-SI candidate c676fa4f39aa9c649302] {maxTotalContributions, totalContributions}
 writer root       -> contracts/crowdfund/ReraiseETHCrowdfund.sol::ReraiseETHCrowdfund.initialize(ETHCrowdfundBase.ETHCrowdfundOptions)
 writer effect     -> contracts/crowdfund/ETHCrowdfundBase.sol:221
 written member    -> ('SV', 'contracts/crowdfund/ETHCrowdfundBase.sol', 'ETHCrowdfundBase.totalContributions')
 potentially stale -> ('SV', 'contracts/crowdfund/ETHCrowdfundBase.sol', 'ETHCrowdfundBase.maxTotalContributions')
 reader witnesses  -> 242
 storage exposures -> 1
[MV-SI candidate c6824b9ab233bb811f82] {_governanceValues, votingPowerByTokenId[$arg0]}
 writer root       -> sol-tests/crowdfund/ReraiseETHCrowdfund.t.sol::ReraiseETHCrowdfundTest.test_expiry_lost()
 writer effect     -> contracts/party/PartyGovernanceNFT.sol:196
 written member    -> ('SV', 'contracts/party/PartyGovernance.sol', 'PartyGovernance._governanceValues')
 potentially stale -> ('MS', 'contracts/party/PartyGovernanceNFT.sol', 'PartyGovernanceNFT.votingPowerByTokenId', '$arg0')
 reader witnesses  -> 31
 storage exposures -> 1
[MV-SI candidate c698e6dcd2e458f8f7b0] {minTotalContributions, totalContributions}
 writer root       -> contracts/crowdfund/ReraiseETHCrowdfund.sol::ReraiseETHCrowdfund.contribute(address,bytes)
 writer effect     -> contracts/crowdfund/ETHCrowdfundBase.sol:221
 written member    -> ('SV', 'contracts/crowdfund/ETHCrowdfundBase.sol', 'ETHCrowdfundBase.totalContributions')
 potentially stale -> ('SV', 'contracts/crowdfund/ETHCrowdfundBase.sol', 'ETHCrowdfundBase.minTotalContributions')
 reader witnesses  -> 88
 storage exposures -> 1
[MV-SI candidate c74e12b361ad11849ec5] {_governanceValues, votingPowerByTokenId[$arg0]}
 writer root       -> sol-tests/crowdfund/InitialETHCrowdfund.t.sol::InitialETHCrowdfundTest.test_finalize_anyoneCanFinalizeWhenExpired()
 writer effect     -> contracts/party/PartyGovernanceNFT.sol:196
 written member    -> ('SV', 'contracts/party/PartyGovernance.sol', 'PartyGovernance._governanceValues')
 potentially stale -> ('MS', 'contracts/party/PartyGovernanceNFT.sol', 'PartyGovernanceNFT.votingPowerByTokenId', '$arg0')
 reader witnesses  -> 62
 storage exposures -> 1
[MV-SI candidate c74edefb5fd29b74f5b2] {_ownerOf[$arg0], getApproved[$arg0], isApprovedForAll[@local::contracts/party/PartyGovernanceNFT.sol::PartyGovernanceNFT.burn(uint256)::LocalVariable::owner_1][$sender]}
 writer root       -> contracts/vendor/solmate/ERC721.sol::ERC721.approve(address,uint256)
 writer effect     -> contracts/vendor/solmate/ERC721.sol:68
 written member    -> ('MS', 'contracts/vendor/solmate/ERC721.sol', 'ERC721.getApproved', '$arg0')
 potentially stale -> ('MS', 'contracts/vendor/solmate/ERC721.sol', 'ERC721._ownerOf', '$arg0'), ('MS', 'contracts/vendor/solmate/ERC721.sol', 'ERC721.isApprovedForAll', '@local::contracts/party/PartyGovernanceNFT.sol::PartyGovernanceNFT.burn(uint256)::LocalVariable::owner_1][$sender')
 reader witnesses  -> 45
 storage exposures -> 1
[MV-SI candidate c793d11ed8265ef1deca] {minTotalContributions, totalContributions}
 writer root       -> sol-tests/crowdfund/InitialETHCrowdfund.t.sol::InitialETHCrowdfundTest.test_finalize_belowMinTotalContributions()
 writer effect     -> contracts/crowdfund/ETHCrowdfundBase.sol:207
 written member    -> ('SV', 'contracts/crowdfund/ETHCrowdfundBase.sol', 'ETHCrowdfundBase.totalContributions')
 potentially stale -> ('SV', 'contracts/crowdfund/ETHCrowdfundBase.sol', 'ETHCrowdfundBase.minTotalContributions')
 reader witnesses  -> 64
 storage exposures -> 1
[MV-SI candidate c7cd751c7e56ef761df1] {maxTotalContributions, totalContributions}
 writer root       -> sol-tests/crowdfund/ReraiseETHCrowdfund.t.sol::ReraiseETHCrowdfundTest.test_claimMultiple_cannotClaimMoreThanVotingPower()
 writer effect     -> contracts/crowdfund/ETHCrowdfundBase.sol:207
 written member    -> ('SV', 'contracts/crowdfund/ETHCrowdfundBase.sol', 'ETHCrowdfundBase.totalContributions')
 potentially stale -> ('SV', 'contracts/crowdfund/ETHCrowdfundBase.sol', 'ETHCrowdfundBase.maxTotalContributions')
 reader witnesses  -> 242
 storage exposures -> 1
[MV-SI candidate c7cde6bf6078ee621115] {_ownerOf[$arg0], isApprovedForAll[@local::sol-tests/DummyERC721.sol::DummyERC721.onlyOwnedByOrIsApprovedForAll(uint256,address)::LocalVariable::owner_1][$arg1]}
 writer root       -> sol-tests/DummyERC721.sol::DummyERC721.transferFrom(address,address,uint256)
 writer effect     -> sol-tests/DummyERC721.sol:106
 written member    -> ('MS', 'sol-tests/DummyERC721.sol', 'DummyERC721._ownerOf', '$arg0')
 potentially stale -> ('MS', 'sol-tests/DummyERC721.sol', 'DummyERC721.isApprovedForAll', '@local::sol-tests/DummyERC721.sol::DummyERC721.onlyOwnedByOrIsApprovedForAll(uint256,address)::LocalVariable::owner_1][$arg1')
 reader witnesses  -> 1
 storage exposures -> 1
[MV-SI candidate c91ce1f6ce2f141c5469] {_governanceValues, mintedVotingPower}
 writer root       -> sol-tests/crowdfund/InitialETHCrowdfund.t.sol::InitialETHCrowdfundTest.test_fee_contributionAndRefund()
 writer effect     -> contracts/party/PartyGovernanceNFT.sol:218
 written member    -> ('SV', 'contracts/party/PartyGovernanceNFT.sol', 'PartyGovernanceNFT.mintedVotingPower')
 potentially stale -> ('SV', 'contracts/party/PartyGovernance.sol', 'PartyGovernance._governanceValues')
 reader witnesses  -> 544
 storage exposures -> 1
[MV-SI candidate cb132a40a718dfead0e3] {exchangeRateBps, maxContribution, pendingVotingPower[$arg1]}
 writer root       -> sol-tests/crowdfund/InitialETHCrowdfund.t.sol::InitialETHCrowdfundTest.test_initialization_cannotReinitialize()
 writer effect     -> contracts/crowdfund/ETHCrowdfundBase.sol:120
 written member    -> ('SV', 'contracts/crowdfund/ETHCrowdfundBase.sol', 'ETHCrowdfundBase.maxContribution')
 potentially stale -> ('MS', 'contracts/crowdfund/ReraiseETHCrowdfund.sol', 'ReraiseETHCrowdfund.pendingVotingPower', '$arg1'), ('SV', 'contracts/crowdfund/ETHCrowdfundBase.sol', 'ETHCrowdfundBase.exchangeRateBps')
 reader witnesses  -> 66
 storage exposures -> 1
[MV-SI candidate cb4b3f2c64408444a01b] {exchangeRateBps, maxContribution, pendingVotingPower[$arg1]}
 writer root       -> contracts/crowdfund/InitialETHCrowdfund.sol::InitialETHCrowdfund.initialize(InitialETHCrowdfund.InitialETHCrowdfundOptions,InitialETHCrowdfund.ETHPartyOptions)
 writer effect     -> contracts/crowdfund/ETHCrowdfundBase.sol:139
 written member    -> ('SV', 'contracts/crowdfund/ETHCrowdfundBase.sol', 'ETHCrowdfundBase.exchangeRateBps')
 potentially stale -> ('MS', 'contracts/crowdfund/ReraiseETHCrowdfund.sol', 'ReraiseETHCrowdfund.pendingVotingPower', '$arg1'), ('SV', 'contracts/crowdfund/ETHCrowdfundBase.sol', 'ETHCrowdfundBase.maxContribution')
 reader witnesses  -> 31
 storage exposures -> 1
[MV-SI candidate cbb3bad47195e0b6f4ad] {_governanceValues, mintedVotingPower}
 writer root       -> sol-tests/crowdfund/ReraiseETHCrowdfund.t.sol::ReraiseETHCrowdfundTest.test_batchClaim_works()
 writer effect     -> contracts/party/PartyGovernanceNFT.sol:196
 written member    -> ('SV', 'contracts/party/PartyGovernance.sol', 'PartyGovernance._governanceValues')
 potentially stale -> ('SV', 'contracts/party/PartyGovernanceNFT.sol', 'PartyGovernanceNFT.mintedVotingPower')
 reader witnesses  -> 766
 storage exposures -> 1
[MV-SI candidate cbf6a977be01413254a1] {_governanceValues, mintedVotingPower}
 writer root       -> sol-tests/crowdfund/InitialETHCrowdfund.t.sol::InitialETHCrowdfundTest.test_contributeFor_works()
 writer effect     -> contracts/party/PartyGovernanceNFT.sol:196
 written member    -> ('SV', 'contracts/party/PartyGovernance.sol', 'PartyGovernance._governanceValues')
 potentially stale -> ('SV', 'contracts/party/PartyGovernanceNFT.sol', 'PartyGovernanceNFT.mintedVotingPower')
 reader witnesses  -> 766
 storage exposures -> 1
[MV-SI candidate cc4a81e205ab630e6726] {_governanceValues, mintedVotingPower}
 writer root       -> sol-tests/crowdfund/ReraiseETHCrowdfund.t.sol::ReraiseETHCrowdfundTest.test_claimMultiple_votingPowerOfCardAboveMax()
 writer effect     -> contracts/party/PartyGovernanceNFT.sol:196
 written member    -> ('SV', 'contracts/party/PartyGovernance.sol', 'PartyGovernance._governanceValues')
 potentially stale -> ('SV', 'contracts/party/PartyGovernanceNFT.sol', 'PartyGovernanceNFT.mintedVotingPower')
 reader witnesses  -> 766
 storage exposures -> 1
[MV-SI candidate cc6d04b92231c5ce9f4c] {minTotalContributions, totalContributions}
 writer root       -> sol-tests/crowdfund/ReraiseETHCrowdfund.t.sol::ReraiseETHCrowdfundTest.test_finalize_works()
 writer effect     -> contracts/crowdfund/ETHCrowdfundBase.sol:221
 written member    -> ('SV', 'contracts/crowdfund/ETHCrowdfundBase.sol', 'ETHCrowdfundBase.totalContributions')
 potentially stale -> ('SV', 'contracts/crowdfund/ETHCrowdfundBase.sol', 'ETHCrowdfundBase.minTotalContributions')
 reader witnesses  -> 88
 storage exposures -> 1
[MV-SI candidate cc7020ced0b02e542143] {maxTotalContributions, totalContributions}
 writer root       -> sol-tests/crowdfund/ReraiseETHCrowdfund.t.sol::ReraiseETHCrowdfundTest.test_claimMultiple_cannotHaveRemainingVotingPowerAfterClaim()
 writer effect     -> contracts/crowdfund/ETHCrowdfundBase.sol:207
 written member    -> ('SV', 'contracts/crowdfund/ETHCrowdfundBase.sol', 'ETHCrowdfundBase.totalContributions')
 potentially stale -> ('SV', 'contracts/crowdfund/ETHCrowdfundBase.sol', 'ETHCrowdfundBase.maxTotalContributions')
 reader witnesses  -> 242
 storage exposures -> 1
[MV-SI candidate cc9396b648a1f65e5dc7] {_governanceValues, mintedVotingPower}
 writer root       -> sol-tests/crowdfund/ReraiseETHCrowdfund.t.sol::ReraiseETHCrowdfundTest.test_expiry_lost()
 writer effect     -> contracts/party/PartyGovernanceNFT.sol:196
 written member    -> ('SV', 'contracts/party/PartyGovernance.sol', 'PartyGovernance._governanceValues')
 potentially stale -> ('SV', 'contracts/party/PartyGovernanceNFT.sol', 'PartyGovernanceNFT.mintedVotingPower')
 reader witnesses  -> 766
 storage exposures -> 1
[MV-SI candidate cd1596d73567e4b2b9b4] {_governanceValues, votingPowerByTokenId[$arg0]}
 writer root       -> sol-tests/crowdfund/InitialETHCrowdfund.t.sol::InitialETHCrowdfundTest.test_expiry_lost()
 writer effect     -> contracts/party/PartyGovernanceNFT.sol:196
 written member    -> ('SV', 'contracts/party/PartyGovernance.sol', 'PartyGovernance._governanceValues')
 potentially stale -> ('MS', 'contracts/party/PartyGovernanceNFT.sol', 'PartyGovernanceNFT.votingPowerByTokenId', '$arg0')
 reader witnesses  -> 31
 storage exposures -> 1
[MV-SI candidate cd6652d05d77c8251df2] {exchangeRateBps, maxContribution, pendingVotingPower[$arg1]}
 writer root       -> sol-tests/crowdfund/InitialETHCrowdfund.t.sol::InitialETHCrowdfundTest.test_initialization_cannotReinitialize()
 writer effect     -> contracts/crowdfund/ETHCrowdfundBase.sol:139
 written member    -> ('SV', 'contracts/crowdfund/ETHCrowdfundBase.sol', 'ETHCrowdfundBase.exchangeRateBps')
 potentially stale -> ('MS', 'contracts/crowdfund/ReraiseETHCrowdfund.sol', 'ReraiseETHCrowdfund.pendingVotingPower', '$arg1'), ('SV', 'contracts/crowdfund/ETHCrowdfundBase.sol', 'ETHCrowdfundBase.maxContribution')
 reader witnesses  -> 31
 storage exposures -> 1
[MV-SI candidate cd7c8c3937a5e5405e5b] {_governanceValues, mintedVotingPower}
 writer root       -> sol-tests/utils/PartyGovernanceHelpers.t.sol::PartyGovernanceHelpersTest.testGetCurrDelegates()
 writer effect     -> contracts/party/PartyGovernanceNFT.sol:152
 written member    -> ('SV', 'contracts/party/PartyGovernanceNFT.sol', 'PartyGovernanceNFT.mintedVotingPower')
 potentially stale -> ('SV', 'contracts/party/PartyGovernance.sol', 'PartyGovernance._governanceValues')
 reader witnesses  -> 2176
 storage exposures -> 1
[MV-SI candidate cdfe62682734323bf5db] {maxTotalContributions, totalContributions}
 writer root       -> sol-tests/crowdfund/InitialETHCrowdfund.t.sol::InitialETHCrowdfundTest.test_refund_twice()
 writer effect     -> contracts/crowdfund/ETHCrowdfundBase.sol:221
 written member    -> ('SV', 'contracts/crowdfund/ETHCrowdfundBase.sol', 'ETHCrowdfundBase.totalContributions')
 potentially stale -> ('SV', 'contracts/crowdfund/ETHCrowdfundBase.sol', 'ETHCrowdfundBase.maxTotalContributions')
 reader witnesses  -> 186
 storage exposures -> 1
[MV-SI candidate cf59d77f4020ea35c31f] {minTotalContributions, totalContributions}
 writer root       -> sol-tests/crowdfund/ReraiseETHCrowdfund.t.sol::ReraiseETHCrowdfundTest.test_claimMultiple_votingPowerOfCardBelowMin()
 writer effect     -> contracts/crowdfund/ETHCrowdfundBase.sol:221
 written member    -> ('SV', 'contracts/crowdfund/ETHCrowdfundBase.sol', 'ETHCrowdfundBase.totalContributions')
 potentially stale -> ('SV', 'contracts/crowdfund/ETHCrowdfundBase.sol', 'ETHCrowdfundBase.minTotalContributions')
 reader witnesses  -> 88
 storage exposures -> 1
[MV-SI candidate cfd95354221c1491f417] {minTotalContributions, totalContributions}
 writer root       -> sol-tests/crowdfund/ReraiseETHCrowdfund.t.sol::ReraiseETHCrowdfundTest.test_batchClaim_works()
 writer effect     -> contracts/crowdfund/ETHCrowdfundBase.sol:207
 written member    -> ('SV', 'contracts/crowdfund/ETHCrowdfundBase.sol', 'ETHCrowdfundBase.totalContributions')
 potentially stale -> ('SV', 'contracts/crowdfund/ETHCrowdfundBase.sol', 'ETHCrowdfundBase.minTotalContributions')
 reader witnesses  -> 88
 storage exposures -> 1
[MV-SI candidate cffd7c11cb1874b0a4d2] {_governanceValues, mintedVotingPower}
 writer root       -> sol-tests/crowdfund/InitialETHCrowdfund.t.sol::InitialETHCrowdfundTest.test_refund_works()
 writer effect     -> contracts/party/PartyGovernanceNFT.sol:218
 written member    -> ('SV', 'contracts/party/PartyGovernanceNFT.sol', 'PartyGovernanceNFT.mintedVotingPower')
 potentially stale -> ('SV', 'contracts/party/PartyGovernance.sol', 'PartyGovernance._governanceValues')
 reader witnesses  -> 544
 storage exposures -> 1
[MV-SI candidate cffff50d38261e9a70df] {_governanceValues, mintedVotingPower}
 writer root       -> sol-tests/crowdfund/Crowdfund.t.sol::CrowdfundTest.testWin_participatingSplitRecipient_splitRecipientContributionPartiallyUsed()
 writer effect     -> contracts/party/PartyGovernanceNFT.sol:152
 written member    -> ('SV', 'contracts/party/PartyGovernanceNFT.sol', 'PartyGovernanceNFT.mintedVotingPower')
 potentially stale -> ('SV', 'contracts/party/PartyGovernance.sol', 'PartyGovernance._governanceValues')
 reader witnesses  -> 2176
 storage exposures -> 1
[MV-SI candidate d0a88ae1fb557766c45e] {minTotalContributions, totalContributions}
 writer root       -> sol-tests/crowdfund/InitialETHCrowdfund.t.sol::InitialETHCrowdfundTest.test_finalize_anyoneCanFinalizeWhenExpired()
 writer effect     -> contracts/crowdfund/ETHCrowdfundBase.sol:221
 written member    -> ('SV', 'contracts/crowdfund/ETHCrowdfundBase.sol', 'ETHCrowdfundBase.totalContributions')
 potentially stale -> ('SV', 'contracts/crowdfund/ETHCrowdfundBase.sol', 'ETHCrowdfundBase.minTotalContributions')
 reader witnesses  -> 64
 storage exposures -> 1
[MV-SI candidate d0e764e4eb6a186a52dd] {minTotalContributions, totalContributions}
 writer root       -> sol-tests/crowdfund/ReraiseETHCrowdfund.t.sol::ReraiseETHCrowdfundTest.test_claimMultiple_works()
 writer effect     -> contracts/crowdfund/ETHCrowdfundBase.sol:221
 written member    -> ('SV', 'contracts/crowdfund/ETHCrowdfundBase.sol', 'ETHCrowdfundBase.totalContributions')
 potentially stale -> ('SV', 'contracts/crowdfund/ETHCrowdfundBase.sol', 'ETHCrowdfundBase.minTotalContributions')
 reader witnesses  -> 88
 storage exposures -> 1
[MV-SI candidate d14b317ac7e2baf28f85] {maxTotalContributions, totalContributions}
 writer root       -> sol-tests/crowdfund/InitialETHCrowdfund.t.sol::InitialETHCrowdfundTest.test_initialization_cannotReinitialize()
 writer effect     -> contracts/crowdfund/ETHCrowdfundBase.sol:133
 written member    -> ('SV', 'contracts/crowdfund/ETHCrowdfundBase.sol', 'ETHCrowdfundBase.maxTotalContributions')
 potentially stale -> ('SV', 'contracts/crowdfund/ETHCrowdfundBase.sol', 'ETHCrowdfundBase.totalContributions')
 reader witnesses  -> 126
 storage exposures -> 1
[MV-SI candidate d28a10f88a3c29b92e20] {minTotalContributions, totalContributions}
 writer root       -> sol-tests/crowdfund/ReraiseETHCrowdfund.t.sol::ReraiseETHCrowdfundTest.test_expiry_lost()
 writer effect     -> contracts/crowdfund/ETHCrowdfundBase.sol:207
 written member    -> ('SV', 'contracts/crowdfund/ETHCrowdfundBase.sol', 'ETHCrowdfundBase.totalContributions')
 potentially stale -> ('SV', 'contracts/crowdfund/ETHCrowdfundBase.sol', 'ETHCrowdfundBase.minTotalContributions')
 reader witnesses  -> 88
 storage exposures -> 1
[MV-SI candidate d29be41bfceea548898a] {_ownerOf[$arg0], isApprovedForAll[@local::sol-tests/DummyERC721.sol::DummyERC721.onlyOwnedByOrIsApprovedForAll(uint256,address)::LocalVariable::owner_1][$arg1]}
 writer root       -> sol-tests/crowdfund/TestERC721Vault.sol::TestERC721Vault.claim(uint256)
 writer effect     -> sol-tests/DummyERC721.sol:106
 written member    -> ('MS', 'sol-tests/DummyERC721.sol', 'DummyERC721._ownerOf', '$arg0')
 potentially stale -> ('MS', 'sol-tests/DummyERC721.sol', 'DummyERC721.isApprovedForAll', '@local::sol-tests/DummyERC721.sol::DummyERC721.onlyOwnedByOrIsApprovedForAll(uint256,address)::LocalVariable::owner_1][$arg1')
 reader witnesses  -> 1
 storage exposures -> 1
[MV-SI candidate d31fbe3eca9ffe9c702c] {_governanceValues, mintedVotingPower}
 writer root       -> sol-tests/crowdfund/InitialETHCrowdfund.t.sol::InitialETHCrowdfundTest.test_contribute_noContribution()
 writer effect     -> contracts/party/PartyGovernanceNFT.sol:196
 written member    -> ('SV', 'contracts/party/PartyGovernance.sol', 'PartyGovernance._governanceValues')
 potentially stale -> ('SV', 'contracts/party/PartyGovernanceNFT.sol', 'PartyGovernanceNFT.mintedVotingPower')
 reader witnesses  -> 766
 storage exposures -> 1
[MV-SI candidate d382ba3d4689aecc9828] {_governanceValues, mintedVotingPower}
 writer root       -> contracts/crowdfund/InitialETHCrowdfund.sol::InitialETHCrowdfund.initialize(InitialETHCrowdfund.InitialETHCrowdfundOptions,InitialETHCrowdfund.ETHPartyOptions)
 writer effect     -> contracts/party/PartyGovernanceNFT.sol:196
 written member    -> ('SV', 'contracts/party/PartyGovernance.sol', 'PartyGovernance._governanceValues')
 potentially stale -> ('SV', 'contracts/party/PartyGovernanceNFT.sol', 'PartyGovernanceNFT.mintedVotingPower')
 reader witnesses  -> 766
 storage exposures -> 1
[MV-SI candidate d385eeddff6a62fee5fc] {maxTotalContributions, totalContributions}
 writer root       -> sol-tests/crowdfund/ReraiseETHCrowdfund.t.sol::ReraiseETHCrowdfundTest.test_contributeFor_works()
 writer effect     -> contracts/crowdfund/ETHCrowdfundBase.sol:221
 written member    -> ('SV', 'contracts/crowdfund/ETHCrowdfundBase.sol', 'ETHCrowdfundBase.totalContributions')
 potentially stale -> ('SV', 'contracts/crowdfund/ETHCrowdfundBase.sol', 'ETHCrowdfundBase.maxTotalContributions')
 reader witnesses  -> 242
 storage exposures -> 1
[MV-SI candidate d38be7d08ef3dc268fea] {minTotalContributions, totalContributions}
 writer root       -> sol-tests/crowdfund/InitialETHCrowdfund.t.sol::InitialETHCrowdfundTest.test_refund_notLost()
 writer effect     -> contracts/crowdfund/ETHCrowdfundBase.sol:221
 written member    -> ('SV', 'contracts/crowdfund/ETHCrowdfundBase.sol', 'ETHCrowdfundBase.totalContributions')
 potentially stale -> ('SV', 'contracts/crowdfund/ETHCrowdfundBase.sol', 'ETHCrowdfundBase.minTotalContributions')
 reader witnesses  -> 64
 storage exposures -> 1
[MV-SI candidate d38dd3610b738bc7ef27] {_governanceValues, votingPowerByTokenId[$arg0]}
 writer root       -> contracts/crowdfund/ReraiseETHCrowdfund.sol::ReraiseETHCrowdfund.contribute(address,bytes)
 writer effect     -> contracts/party/PartyGovernanceNFT.sol:196
 written member    -> ('SV', 'contracts/party/PartyGovernance.sol', 'PartyGovernance._governanceValues')
 potentially stale -> ('MS', 'contracts/party/PartyGovernanceNFT.sol', 'PartyGovernanceNFT.votingPowerByTokenId', '$arg0')
 reader witnesses  -> 31
 storage exposures -> 1
[MV-SI candidate d3923e62735492454e2a] {_governanceValues, votingPowerByTokenId[$arg0]}
 writer root       -> sol-tests/crowdfund/InitialETHCrowdfund.t.sol::InitialETHCrowdfundTest.test_finalize_belowMinTotalContributions()
 writer effect     -> contracts/party/PartyGovernanceNFT.sol:185
 written member    -> ('MS', 'contracts/party/PartyGovernanceNFT.sol', 'PartyGovernanceNFT.votingPowerByTokenId', '$arg0')
 potentially stale -> ('SV', 'contracts/party/PartyGovernance.sol', 'PartyGovernance._governanceValues')
 reader witnesses  -> 272
 storage exposures -> 1
[MV-SI candidate d449520565e6eeaa8495] {_ownerOf[$arg0], getApproved[$arg0], isApprovedForAll[@local::contracts/party/PartyGovernanceNFT.sol::PartyGovernanceNFT.burn(uint256)::LocalVariable::owner_1][$sender]}
 writer root       -> contracts/party/PartyGovernanceNFT.sol::PartyGovernanceNFT.safeTransferFrom(address,address,uint256)
 writer effect     -> contracts/vendor/solmate/ERC721.sol:99
 written member    -> ('MS', 'contracts/vendor/solmate/ERC721.sol', 'ERC721._ownerOf', '$arg0')
 potentially stale -> ('MS', 'contracts/vendor/solmate/ERC721.sol', 'ERC721.getApproved', '$arg0'), ('MS', 'contracts/vendor/solmate/ERC721.sol', 'ERC721.isApprovedForAll', '@local::contracts/party/PartyGovernanceNFT.sol::PartyGovernanceNFT.burn(uint256)::LocalVariable::owner_1][$sender')
 reader witnesses  -> 6
 storage exposures -> 1
[MV-SI candidate d476e574ea84f4ece378] {_governanceValues, mintedVotingPower}
 writer root       -> sol-tests/crowdfund/InitialETHCrowdfund.t.sol::InitialETHCrowdfundTest.test_fee_finalize()
 writer effect     -> contracts/party/PartyGovernanceNFT.sol:196
 written member    -> ('SV', 'contracts/party/PartyGovernance.sol', 'PartyGovernance._governanceValues')
 potentially stale -> ('SV', 'contracts/party/PartyGovernanceNFT.sol', 'PartyGovernanceNFT.mintedVotingPower')
 reader witnesses  -> 766
 storage exposures -> 1
[MV-SI candidate d488c6e805fa67024a97] {_governanceValues, isAuthority[$sender]}
 writer root       -> sol-tests/crowdfund/ReraiseETHCrowdfund.t.sol::ReraiseETHCrowdfundTest.test_contribute_belowMinContribution()
 writer effect     -> contracts/party/PartyGovernanceNFT.sol:196
 written member    -> ('SV', 'contracts/party/PartyGovernance.sol', 'PartyGovernance._governanceValues')
 potentially stale -> ('MS', 'contracts/party/PartyGovernanceNFT.sol', 'PartyGovernanceNFT.isAuthority', '$sender')
 reader witnesses  -> 139
 storage exposures -> 1
[MV-SI candidate d495cb23cce4018a68b2] {_governanceValues, mintedVotingPower}
 writer root       -> sol-tests/crowdfund/Crowdfund.t.sol::CrowdfundTest.testWin_oneContributor()
 writer effect     -> contracts/party/PartyGovernanceNFT.sol:152
 written member    -> ('SV', 'contracts/party/PartyGovernanceNFT.sol', 'PartyGovernanceNFT.mintedVotingPower')
 potentially stale -> ('SV', 'contracts/party/PartyGovernance.sol', 'PartyGovernance._governanceValues')
 reader witnesses  -> 1088
 storage exposures -> 1
[MV-SI candidate d49ed5a5a4526210ddd6] {_governanceValues, mintedVotingPower}
 writer root       -> sol-tests/crowdfund/ReraiseETHCrowdfund.t.sol::ReraiseETHCrowdfundTest.test_refund_works()
 writer effect     -> contracts/party/PartyGovernanceNFT.sol:196
 written member    -> ('SV', 'contracts/party/PartyGovernance.sol', 'PartyGovernance._governanceValues')
 potentially stale -> ('SV', 'contracts/party/PartyGovernanceNFT.sol', 'PartyGovernanceNFT.mintedVotingPower')
 reader witnesses  -> 766
 storage exposures -> 1
[MV-SI candidate d4d5098946bdce9a049c] {minTotalContributions, totalContributions}
 writer root       -> sol-tests/crowdfund/InitialETHCrowdfund.t.sol::InitialETHCrowdfundTest.test_fee_contributionAndRefund()
 writer effect     -> contracts/crowdfund/ETHCrowdfundBase.sol:221
 written member    -> ('SV', 'contracts/crowdfund/ETHCrowdfundBase.sol', 'ETHCrowdfundBase.totalContributions')
 potentially stale -> ('SV', 'contracts/crowdfund/ETHCrowdfundBase.sol', 'ETHCrowdfundBase.minTotalContributions')
 reader witnesses  -> 64
 storage exposures -> 1
[MV-SI candidate d5b0c71fd4f40cedc223] {minTotalContributions, totalContributions}
 writer root       -> sol-tests/crowdfund/InitialETHCrowdfund.t.sol::InitialETHCrowdfundTest.test_initialization_cannotReinitialize()
 writer effect     -> contracts/crowdfund/ETHCrowdfundBase.sol:207
 written member    -> ('SV', 'contracts/crowdfund/ETHCrowdfundBase.sol', 'ETHCrowdfundBase.totalContributions')
 potentially stale -> ('SV', 'contracts/crowdfund/ETHCrowdfundBase.sol', 'ETHCrowdfundBase.minTotalContributions')
 reader witnesses  -> 64
 storage exposures -> 1
[MV-SI candidate d5cdb7ecd18c4936d82e] {minTotalContributions, totalContributions}
 writer root       -> sol-tests/crowdfund/ReraiseETHCrowdfund.t.sol::ReraiseETHCrowdfundTest.test_expiry_won()
 writer effect     -> contracts/crowdfund/ETHCrowdfundBase.sol:207
 written member    -> ('SV', 'contracts/crowdfund/ETHCrowdfundBase.sol', 'ETHCrowdfundBase.totalContributions')
 potentially stale -> ('SV', 'contracts/crowdfund/ETHCrowdfundBase.sol', 'ETHCrowdfundBase.minTotalContributions')
 reader witnesses  -> 88
 storage exposures -> 1
[MV-SI candidate d5d164ba7d47dd6a5fda] {_governanceValues, mintedVotingPower}
 writer root       -> sol-tests/crowdfund/Crowdfund.t.sol::CrowdfundTest.testWin_nonParticipatingSplitRecipient()
 writer effect     -> contracts/party/PartyGovernanceNFT.sol:152
 written member    -> ('SV', 'contracts/party/PartyGovernanceNFT.sol', 'PartyGovernanceNFT.mintedVotingPower')
 potentially stale -> ('SV', 'contracts/party/PartyGovernance.sol', 'PartyGovernance._governanceValues')
 reader witnesses  -> 2176
 storage exposures -> 1
[MV-SI candidate d6946419197cb5be5f29] {minTotalContributions, totalContributions}
 writer root       -> sol-tests/crowdfund/ReraiseETHCrowdfund.t.sol::ReraiseETHCrowdfundTest.test_contributeFor_works()
 writer effect     -> contracts/crowdfund/ETHCrowdfundBase.sol:207
 written member    -> ('SV', 'contracts/crowdfund/ETHCrowdfundBase.sol', 'ETHCrowdfundBase.totalContributions')
 potentially stale -> ('SV', 'contracts/crowdfund/ETHCrowdfundBase.sol', 'ETHCrowdfundBase.minTotalContributions')
 reader witnesses  -> 88
 storage exposures -> 1
[MV-SI candidate d69ad69520e9f3de21d1] {_governanceValues, isAuthority[$sender]}
 writer root       -> sol-tests/crowdfund/ReraiseETHCrowdfund.t.sol::ReraiseETHCrowdfundTest.test_refund_twice()
 writer effect     -> contracts/party/PartyGovernanceNFT.sol:196
 written member    -> ('SV', 'contracts/party/PartyGovernance.sol', 'PartyGovernance._governanceValues')
 potentially stale -> ('MS', 'contracts/party/PartyGovernanceNFT.sol', 'PartyGovernanceNFT.isAuthority', '$sender')
 reader witnesses  -> 139
 storage exposures -> 1
[MV-SI candidate d6d02368936dd2720d87] {maxTotalContributions, totalContributions}
 writer root       -> sol-tests/crowdfund/ReraiseETHCrowdfund.t.sol::ReraiseETHCrowdfundTest.test_contribute_afterLost()
 writer effect     -> contracts/crowdfund/ETHCrowdfundBase.sol:221
 written member    -> ('SV', 'contracts/crowdfund/ETHCrowdfundBase.sol', 'ETHCrowdfundBase.totalContributions')
 potentially stale -> ('SV', 'contracts/crowdfund/ETHCrowdfundBase.sol', 'ETHCrowdfundBase.maxTotalContributions')
 reader witnesses  -> 242
 storage exposures -> 1
[MV-SI candidate d6f3fb49ab4dfbbb2ac0] {_governanceValues, isAuthority[$sender]}
 writer root       -> sol-tests/crowdfund/ReraiseETHCrowdfund.t.sol::ReraiseETHCrowdfundTest.test_contributeFor_doesNotUpdateExistingDelegation()
 writer effect     -> contracts/party/PartyGovernanceNFT.sol:196
 written member    -> ('SV', 'contracts/party/PartyGovernance.sol', 'PartyGovernance._governanceValues')
 potentially stale -> ('MS', 'contracts/party/PartyGovernanceNFT.sol', 'PartyGovernanceNFT.isAuthority', '$sender')
 reader witnesses  -> 139
 storage exposures -> 1
[MV-SI candidate d7003b7ada45c0b3db54] {minTotalContributions, totalContributions}
 writer root       -> sol-tests/crowdfund/ReraiseETHCrowdfund.t.sol::ReraiseETHCrowdfundTest.test_claimMultiple_works()
 writer effect     -> contracts/crowdfund/ETHCrowdfundBase.sol:207
 written member    -> ('SV', 'contracts/crowdfund/ETHCrowdfundBase.sol', 'ETHCrowdfundBase.totalContributions')
 potentially stale -> ('SV', 'contracts/crowdfund/ETHCrowdfundBase.sol', 'ETHCrowdfundBase.minTotalContributions')
 reader witnesses  -> 88
 storage exposures -> 1
[MV-SI candidate d825aa796cc70d81523d] {_governanceValues, votingPowerByTokenId[$arg0]}
 writer root       -> sol-tests/crowdfund/ReraiseETHCrowdfund.t.sol::ReraiseETHCrowdfundTest.test_claim_aboveMax()
 writer effect     -> contracts/party/PartyGovernanceNFT.sol:196
 written member    -> ('SV', 'contracts/party/PartyGovernance.sol', 'PartyGovernance._governanceValues')
 potentially stale -> ('MS', 'contracts/party/PartyGovernanceNFT.sol', 'PartyGovernanceNFT.votingPowerByTokenId', '$arg0')
 reader witnesses  -> 31
 storage exposures -> 1
[MV-SI candidate d82dab6b004e7b4b1ac6] {minTotalContributions, totalContributions}
 writer root       -> contracts/crowdfund/ReraiseETHCrowdfund.sol::ReraiseETHCrowdfund.initialize(ETHCrowdfundBase.ETHCrowdfundOptions)
 writer effect     -> contracts/crowdfund/ETHCrowdfundBase.sol:221
 written member    -> ('SV', 'contracts/crowdfund/ETHCrowdfundBase.sol', 'ETHCrowdfundBase.totalContributions')
 potentially stale -> ('SV', 'contracts/crowdfund/ETHCrowdfundBase.sol', 'ETHCrowdfundBase.minTotalContributions')
 reader witnesses  -> 88
 storage exposures -> 1
[MV-SI candidate d94ae08d29d8fc46f1a1] {maxTotalContributions, totalContributions}
 writer root       -> sol-tests/crowdfund/ReraiseETHCrowdfund.t.sol::ReraiseETHCrowdfundTest.test_refund_works()
 writer effect     -> contracts/crowdfund/ETHCrowdfundBase.sol:221
 written member    -> ('SV', 'contracts/crowdfund/ETHCrowdfundBase.sol', 'ETHCrowdfundBase.totalContributions')
 potentially stale -> ('SV', 'contracts/crowdfund/ETHCrowdfundBase.sol', 'ETHCrowdfundBase.maxTotalContributions')
 reader witnesses  -> 242
 storage exposures -> 1
[MV-SI candidate da2463515312fcf3a94f] {_governanceValues, mintedVotingPower}
 writer root       -> sol-tests/crowdfund/ReraiseETHCrowdfund.t.sol::ReraiseETHCrowdfundTest.test_claimMultiple_votingPowerOfCardBelowMin()
 writer effect     -> contracts/party/PartyGovernanceNFT.sol:152
 written member    -> ('SV', 'contracts/party/PartyGovernanceNFT.sol', 'PartyGovernanceNFT.mintedVotingPower')
 potentially stale -> ('SV', 'contracts/party/PartyGovernance.sol', 'PartyGovernance._governanceValues')
 reader witnesses  -> 544
 storage exposures -> 1
[MV-SI candidate dac6012d37abea89b0c6] {_governanceValues, isAuthority[$sender]}
 writer root       -> sol-tests/crowdfund/ReraiseETHCrowdfund.t.sol::ReraiseETHCrowdfundTest.test_claimMultiple_cannotHaveRemainingVotingPowerAfterClaim()
 writer effect     -> contracts/party/PartyGovernanceNFT.sol:196
 written member    -> ('SV', 'contracts/party/PartyGovernance.sol', 'PartyGovernance._governanceValues')
 potentially stale -> ('MS', 'contracts/party/PartyGovernanceNFT.sol', 'PartyGovernanceNFT.isAuthority', '$sender')
 reader witnesses  -> 139
 storage exposures -> 1
[MV-SI candidate dafc426a871e611d4685] {minTotalContributions, totalContributions}
 writer root       -> sol-tests/crowdfund/ReraiseETHCrowdfund.t.sol::ReraiseETHCrowdfundTest.test_contribute_afterLost()
 writer effect     -> contracts/crowdfund/ETHCrowdfundBase.sol:221
 written member    -> ('SV', 'contracts/crowdfund/ETHCrowdfundBase.sol', 'ETHCrowdfundBase.totalContributions')
 potentially stale -> ('SV', 'contracts/crowdfund/ETHCrowdfundBase.sol', 'ETHCrowdfundBase.minTotalContributions')
 reader witnesses  -> 88
 storage exposures -> 1
[MV-SI candidate db1a040c32b275ca4261] {_governanceValues, mintedVotingPower}
 writer root       -> sol-tests/crowdfund/Crowdfund.t.sol::CrowdfundTest.testWin_oneContributor_partialContributionUsed_cannotBurnTwice()
 writer effect     -> contracts/party/PartyGovernanceNFT.sol:152
 written member    -> ('SV', 'contracts/party/PartyGovernanceNFT.sol', 'PartyGovernanceNFT.mintedVotingPower')
 potentially stale -> ('SV', 'contracts/party/PartyGovernance.sol', 'PartyGovernance._governanceValues')
 reader witnesses  -> 1088
 storage exposures -> 1
[MV-SI candidate db504d9e85a9e8e47fbc] {_governanceValues, votingPowerByTokenId[$arg0]}
 writer root       -> sol-tests/crowdfund/InitialETHCrowdfund.t.sol::InitialETHCrowdfundTest.test_finalize_belowMinTotalContributions()
 writer effect     -> contracts/party/PartyGovernanceNFT.sol:196
 written member    -> ('SV', 'contracts/party/PartyGovernance.sol', 'PartyGovernance._governanceValues')
 potentially stale -> ('MS', 'contracts/party/PartyGovernanceNFT.sol', 'PartyGovernanceNFT.votingPowerByTokenId', '$arg0')
 reader witnesses  -> 62
 storage exposures -> 1
[MV-SI candidate db67086662e1f2064d10] {_governanceValues, isAuthority[$sender]}
 writer root       -> sol-tests/crowdfund/ReraiseETHCrowdfund.t.sol::ReraiseETHCrowdfundTest.test_refund_notLost()
 writer effect     -> contracts/party/PartyGovernanceNFT.sol:196
 written member    -> ('SV', 'contracts/party/PartyGovernance.sol', 'PartyGovernance._governanceValues')
 potentially stale -> ('MS', 'contracts/party/PartyGovernanceNFT.sol', 'PartyGovernanceNFT.isAuthority', '$sender')
 reader witnesses  -> 139
 storage exposures -> 1
[MV-SI candidate dbc3e53f6f4f810b5fde] {_governanceValues, mintedVotingPower}
 writer root       -> sol-tests/crowdfund/ReraiseETHCrowdfund.t.sol::ReraiseETHCrowdfundTest.test_claim_mintNewCard_withDisableContributingForExistingCard()
 writer effect     -> contracts/party/PartyGovernanceNFT.sol:152
 written member    -> ('SV', 'contracts/party/PartyGovernanceNFT.sol', 'PartyGovernanceNFT.mintedVotingPower')
 potentially stale -> ('SV', 'contracts/party/PartyGovernance.sol', 'PartyGovernance._governanceValues')
 reader witnesses  -> 544
 storage exposures -> 1
[MV-SI candidate dbddc041682fd3d39997] {_governanceValues, mintedVotingPower}
 writer root       -> sol-tests/crowdfund/CollectionBuyCrowdfund.t.sol::CollectionBuyCrowdfundTest.testHappyPath()
 writer effect     -> contracts/party/PartyGovernanceNFT.sol:152
 written member    -> ('SV', 'contracts/party/PartyGovernanceNFT.sol', 'PartyGovernanceNFT.mintedVotingPower')
 potentially stale -> ('SV', 'contracts/party/PartyGovernance.sol', 'PartyGovernance._governanceValues')
 reader witnesses  -> 1088
 storage exposures -> 1
[MV-SI candidate dc314bf910125c784d6b] {maxTotalContributions, totalContributions}
 writer root       -> contracts/crowdfund/ReraiseETHCrowdfund.sol::ReraiseETHCrowdfund.contributeFor(address,address,bytes)
 writer effect     -> contracts/crowdfund/ETHCrowdfundBase.sol:221
 written member    -> ('SV', 'contracts/crowdfund/ETHCrowdfundBase.sol', 'ETHCrowdfundBase.totalContributions')
 potentially stale -> ('SV', 'contracts/crowdfund/ETHCrowdfundBase.sol', 'ETHCrowdfundBase.maxTotalContributions')
 reader witnesses  -> 242
 storage exposures -> 1
[MV-SI candidate dc939841b5007deb353b] {maxTotalContributions, totalContributions}
 writer root       -> sol-tests/crowdfund/ReraiseETHCrowdfund.t.sol::ReraiseETHCrowdfundTest.test_contribute_aboveMaxContribution()
 writer effect     -> contracts/crowdfund/ETHCrowdfundBase.sol:207
 written member    -> ('SV', 'contracts/crowdfund/ETHCrowdfundBase.sol', 'ETHCrowdfundBase.totalContributions')
 potentially stale -> ('SV', 'contracts/crowdfund/ETHCrowdfundBase.sol', 'ETHCrowdfundBase.maxTotalContributions')
 reader witnesses  -> 242
 storage exposures -> 1
[MV-SI candidate dd421d458d65690b2657] {minTotalContributions, totalContributions}
 writer root       -> sol-tests/crowdfund/ReraiseETHCrowdfund.t.sol::ReraiseETHCrowdfundTest.test_finalize_works()
 writer effect     -> contracts/crowdfund/ETHCrowdfundBase.sol:207
 written member    -> ('SV', 'contracts/crowdfund/ETHCrowdfundBase.sol', 'ETHCrowdfundBase.totalContributions')
 potentially stale -> ('SV', 'contracts/crowdfund/ETHCrowdfundBase.sol', 'ETHCrowdfundBase.minTotalContributions')
 reader witnesses  -> 88
 storage exposures -> 1
[MV-SI candidate dd6647486e62abdfdeb4] {minTotalContributions, totalContributions}
 writer root       -> sol-tests/crowdfund/ReraiseETHCrowdfund.t.sol::ReraiseETHCrowdfundTest.test_finalize_onlyHostCanFinalizeEarlyWhenActive()
 writer effect     -> contracts/crowdfund/ETHCrowdfundBase.sol:207
 written member    -> ('SV', 'contracts/crowdfund/ETHCrowdfundBase.sol', 'ETHCrowdfundBase.totalContributions')
 potentially stale -> ('SV', 'contracts/crowdfund/ETHCrowdfundBase.sol', 'ETHCrowdfundBase.minTotalContributions')
 reader witnesses  -> 88
 storage exposures -> 1
[MV-SI candidate dd7d1ec536535af3b359] {_governanceValues, votingPowerByTokenId[$arg0]}
 writer root       -> sol-tests/crowdfund/ReraiseETHCrowdfund.t.sol::ReraiseETHCrowdfundTest.test_fundingSplit_finalize()
 writer effect     -> contracts/party/PartyGovernanceNFT.sol:196
 written member    -> ('SV', 'contracts/party/PartyGovernance.sol', 'PartyGovernance._governanceValues')
 potentially stale -> ('MS', 'contracts/party/PartyGovernanceNFT.sol', 'PartyGovernanceNFT.votingPowerByTokenId', '$arg0')
 reader witnesses  -> 31
 storage exposures -> 1
[MV-SI candidate dd980d607a657f000e5e] {_governanceValues, mintedVotingPower}
 writer root       -> contracts/crowdfund/InitialETHCrowdfund.sol::InitialETHCrowdfund.contribute(uint256,address,bytes)
 writer effect     -> contracts/party/PartyGovernanceNFT.sol:152
 written member    -> ('SV', 'contracts/party/PartyGovernanceNFT.sol', 'PartyGovernanceNFT.mintedVotingPower')
 potentially stale -> ('SV', 'contracts/party/PartyGovernance.sol', 'PartyGovernance._governanceValues')
 reader witnesses  -> 544
 storage exposures -> 1
[MV-SI candidate dde502d23e2916165421] {maxTotalContributions, totalContributions}
 writer root       -> sol-tests/crowdfund/ReraiseETHCrowdfund.t.sol::ReraiseETHCrowdfundTest.test_claim_mintNewCard_withDisableContributingForExistingCard()
 writer effect     -> contracts/crowdfund/ETHCrowdfundBase.sol:221
 written member    -> ('SV', 'contracts/crowdfund/ETHCrowdfundBase.sol', 'ETHCrowdfundBase.totalContributions')
 potentially stale -> ('SV', 'contracts/crowdfund/ETHCrowdfundBase.sol', 'ETHCrowdfundBase.maxTotalContributions')
 reader witnesses  -> 242
 storage exposures -> 1
[MV-SI candidate de0387bcdb9658db4842] {_governanceValues, votingPowerByTokenId[$arg0]}
 writer root       -> sol-tests/crowdfund/ReraiseETHCrowdfund.t.sol::ReraiseETHCrowdfundTest.test_contribute_works()
 writer effect     -> contracts/party/PartyGovernanceNFT.sol:196
 written member    -> ('SV', 'contracts/party/PartyGovernance.sol', 'PartyGovernance._governanceValues')
 potentially stale -> ('MS', 'contracts/party/PartyGovernanceNFT.sol', 'PartyGovernanceNFT.votingPowerByTokenId', '$arg0')
 reader witnesses  -> 31
 storage exposures -> 1
[MV-SI candidate de098d5df984cbf97fd2] {maxTotalContributions, totalContributions}
 writer root       -> sol-tests/crowdfund/ReraiseETHCrowdfund.t.sol::ReraiseETHCrowdfundTest.test_expiry_lost()
 writer effect     -> contracts/crowdfund/ETHCrowdfundBase.sol:221
 written member    -> ('SV', 'contracts/crowdfund/ETHCrowdfundBase.sol', 'ETHCrowdfundBase.totalContributions')
 potentially stale -> ('SV', 'contracts/crowdfund/ETHCrowdfundBase.sol', 'ETHCrowdfundBase.maxTotalContributions')
 reader witnesses  -> 242
 storage exposures -> 1
[MV-SI candidate de74eb4e420faa3a4795] {maxTotalContributions, totalContributions}
 writer root       -> sol-tests/crowdfund/InitialETHCrowdfund.t.sol::InitialETHCrowdfundTest.test_initialization_cannotReinitialize()
 writer effect     -> contracts/crowdfund/ETHCrowdfundBase.sol:207
 written member    -> ('SV', 'contracts/crowdfund/ETHCrowdfundBase.sol', 'ETHCrowdfundBase.totalContributions')
 potentially stale -> ('SV', 'contracts/crowdfund/ETHCrowdfundBase.sol', 'ETHCrowdfundBase.maxTotalContributions')
 reader witnesses  -> 186
 storage exposures -> 1
[MV-SI candidate de87863e02c42c7fa97d] {maxTotalContributions, totalContributions}
 writer root       -> sol-tests/crowdfund/ReraiseETHCrowdfund.t.sol::ReraiseETHCrowdfundTest.test_contribute_works()
 writer effect     -> contracts/crowdfund/ETHCrowdfundBase.sol:207
 written member    -> ('SV', 'contracts/crowdfund/ETHCrowdfundBase.sol', 'ETHCrowdfundBase.totalContributions')
 potentially stale -> ('SV', 'contracts/crowdfund/ETHCrowdfundBase.sol', 'ETHCrowdfundBase.maxTotalContributions')
 reader witnesses  -> 242
 storage exposures -> 1
[MV-SI candidate dec1983819aa4b316171] {_governanceValues, mintedVotingPower}
 writer root       -> contracts/crowdfund/InitialETHCrowdfund.sol::InitialETHCrowdfund.contributeFor(uint256,address,address,bytes)
 writer effect     -> contracts/party/PartyGovernanceNFT.sol:184
 written member    -> ('SV', 'contracts/party/PartyGovernanceNFT.sol', 'PartyGovernanceNFT.mintedVotingPower')
 potentially stale -> ('SV', 'contracts/party/PartyGovernance.sol', 'PartyGovernance._governanceValues')
 reader witnesses  -> 544
 storage exposures -> 1
[MV-SI candidate df832442078bd0a740cd] {_governanceValues, mintedVotingPower}
 writer root       -> contracts/crowdfund/InitialETHCrowdfund.sol::InitialETHCrowdfund.refund(uint256)
 writer effect     -> contracts/party/PartyGovernanceNFT.sol:218
 written member    -> ('SV', 'contracts/party/PartyGovernanceNFT.sol', 'PartyGovernanceNFT.mintedVotingPower')
 potentially stale -> ('SV', 'contracts/party/PartyGovernance.sol', 'PartyGovernance._governanceValues')
 reader witnesses  -> 544
 storage exposures -> 1
[MV-SI candidate dfcb553f55d0d0062cac] {maxTotalContributions, totalContributions}
 writer root       -> sol-tests/crowdfund/InitialETHCrowdfund.t.sol::InitialETHCrowdfundTest.test_contributeFor_works()
 writer effect     -> contracts/crowdfund/ETHCrowdfundBase.sol:207
 written member    -> ('SV', 'contracts/crowdfund/ETHCrowdfundBase.sol', 'ETHCrowdfundBase.totalContributions')
 potentially stale -> ('SV', 'contracts/crowdfund/ETHCrowdfundBase.sol', 'ETHCrowdfundBase.maxTotalContributions')
 reader witnesses  -> 186
 storage exposures -> 1
[MV-SI candidate e0459d34528870118888] {_governanceValues, mintedVotingPower}
 writer root       -> sol-tests/crowdfund/InitialETHCrowdfund.t.sol::InitialETHCrowdfundTest.test_fee_contributionAndRefund()
 writer effect     -> contracts/party/PartyGovernanceNFT.sol:152
 written member    -> ('SV', 'contracts/party/PartyGovernanceNFT.sol', 'PartyGovernanceNFT.mintedVotingPower')
 potentially stale -> ('SV', 'contracts/party/PartyGovernance.sol', 'PartyGovernance._governanceValues')
 reader witnesses  -> 544
 storage exposures -> 1
[MV-SI candidate e08424053dfe7b598d7a] {_governanceValues, isAuthority[$sender]}
 writer root       -> sol-tests/crowdfund/InitialETHCrowdfund.t.sol::InitialETHCrowdfundTest.test_refund_notLost()
 writer effect     -> contracts/party/PartyGovernanceNFT.sol:196
 written member    -> ('SV', 'contracts/party/PartyGovernance.sol', 'PartyGovernance._governanceValues')
 potentially stale -> ('MS', 'contracts/party/PartyGovernanceNFT.sol', 'PartyGovernanceNFT.isAuthority', '$sender')
 reader witnesses  -> 139
 storage exposures -> 1
[MV-SI candidate e109f0827e7b84d561be] {_governanceValues, mintedVotingPower}
 writer root       -> contracts/crowdfund/InitialETHCrowdfund.sol::InitialETHCrowdfund.contribute(address,bytes)
 writer effect     -> contracts/party/PartyGovernanceNFT.sol:152
 written member    -> ('SV', 'contracts/party/PartyGovernanceNFT.sol', 'PartyGovernanceNFT.mintedVotingPower')
 potentially stale -> ('SV', 'contracts/party/PartyGovernance.sol', 'PartyGovernance._governanceValues')
 reader witnesses  -> 544
 storage exposures -> 1
[MV-SI candidate e11b192ade058352841f] {minTotalContributions, totalContributions}
 writer root       -> contracts/crowdfund/ReraiseETHCrowdfund.sol::ReraiseETHCrowdfund.initialize(ETHCrowdfundBase.ETHCrowdfundOptions)
 writer effect     -> contracts/crowdfund/ETHCrowdfundBase.sol:207
 written member    -> ('SV', 'contracts/crowdfund/ETHCrowdfundBase.sol', 'ETHCrowdfundBase.totalContributions')
 potentially stale -> ('SV', 'contracts/crowdfund/ETHCrowdfundBase.sol', 'ETHCrowdfundBase.minTotalContributions')
 reader witnesses  -> 88
 storage exposures -> 1
[MV-SI candidate e1318bd049d8c348ce65] {_governanceValues, votingPowerByTokenId[$arg0]}
 writer root       -> contracts/party/PartyGovernanceNFT.sol::PartyGovernanceNFT.increaseTotalVotingPower(uint96)
 writer effect     -> contracts/party/PartyGovernanceNFT.sol:196
 written member    -> ('SV', 'contracts/party/PartyGovernance.sol', 'PartyGovernance._governanceValues')
 potentially stale -> ('MS', 'contracts/party/PartyGovernanceNFT.sol', 'PartyGovernanceNFT.votingPowerByTokenId', '$arg0')
 reader witnesses  -> 31
 storage exposures -> 1
[MV-SI candidate e17719db2354a2e4344d] {maxTotalContributions, totalContributions}
 writer root       -> sol-tests/crowdfund/ReraiseETHCrowdfund.t.sol::ReraiseETHCrowdfundTest.test_batchClaim_works()
 writer effect     -> contracts/crowdfund/ETHCrowdfundBase.sol:207
 written member    -> ('SV', 'contracts/crowdfund/ETHCrowdfundBase.sol', 'ETHCrowdfundBase.totalContributions')
 potentially stale -> ('SV', 'contracts/crowdfund/ETHCrowdfundBase.sol', 'ETHCrowdfundBase.maxTotalContributions')
 reader witnesses  -> 242
 storage exposures -> 1
[MV-SI candidate e195125099fb45a993cf] {minTotalContributions, totalContributions}
 writer root       -> sol-tests/crowdfund/ReraiseETHCrowdfund.t.sol::ReraiseETHCrowdfundTest.test_contributeFor_works()
 writer effect     -> contracts/crowdfund/ETHCrowdfundBase.sol:221
 written member    -> ('SV', 'contracts/crowdfund/ETHCrowdfundBase.sol', 'ETHCrowdfundBase.totalContributions')
 potentially stale -> ('SV', 'contracts/crowdfund/ETHCrowdfundBase.sol', 'ETHCrowdfundBase.minTotalContributions')
 reader witnesses  -> 88
 storage exposures -> 1
[MV-SI candidate e1ca7b4d4b4c2393389f] {_governanceValues, mintedVotingPower}
 writer root       -> sol-tests/crowdfund/ReraiseETHCrowdfund.t.sol::ReraiseETHCrowdfundTest.test_claimMultiple_cannotHaveRemainingVotingPowerAfterClaim()
 writer effect     -> contracts/party/PartyGovernanceNFT.sol:196
 written member    -> ('SV', 'contracts/party/PartyGovernance.sol', 'PartyGovernance._governanceValues')
 potentially stale -> ('SV', 'contracts/party/PartyGovernanceNFT.sol', 'PartyGovernanceNFT.mintedVotingPower')
 reader witnesses  -> 766
 storage exposures -> 1
[MV-SI candidate e21b5b86deb3c7460bae] {_governanceValues, mintedVotingPower}
 writer root       -> contracts/crowdfund/InitialETHCrowdfund.sol::InitialETHCrowdfund.contributeFor(uint256,address,address,bytes)
 writer effect     -> contracts/party/PartyGovernanceNFT.sol:196
 written member    -> ('SV', 'contracts/party/PartyGovernance.sol', 'PartyGovernance._governanceValues')
 potentially stale -> ('SV', 'contracts/party/PartyGovernanceNFT.sol', 'PartyGovernanceNFT.mintedVotingPower')
 reader witnesses  -> 766
 storage exposures -> 1
[MV-SI candidate e27ddfdfac42963e385f] {maxTotalContributions, totalContributions}
 writer root       -> sol-tests/crowdfund/ReraiseETHCrowdfund.t.sol::ReraiseETHCrowdfundTest.test_finalize_belowMinTotalContributions()
 writer effect     -> contracts/crowdfund/ETHCrowdfundBase.sol:221
 written member    -> ('SV', 'contracts/crowdfund/ETHCrowdfundBase.sol', 'ETHCrowdfundBase.totalContributions')
 potentially stale -> ('SV', 'contracts/crowdfund/ETHCrowdfundBase.sol', 'ETHCrowdfundBase.maxTotalContributions')
 reader witnesses  -> 242
 storage exposures -> 1
[MV-SI candidate e29e9075df76d76d46f0] {_governanceValues, mintedVotingPower}
 writer root       -> sol-tests/crowdfund/InitialETHCrowdfund.t.sol::InitialETHCrowdfundTest.test_contribute_belowMinContribution()
 writer effect     -> contracts/party/PartyGovernanceNFT.sol:152
 written member    -> ('SV', 'contracts/party/PartyGovernanceNFT.sol', 'PartyGovernanceNFT.mintedVotingPower')
 potentially stale -> ('SV', 'contracts/party/PartyGovernance.sol', 'PartyGovernance._governanceValues')
 reader witnesses  -> 544
 storage exposures -> 1
[MV-SI candidate e33629a0bebff162260b] {maxTotalContributions, totalContributions}
 writer root       -> sol-tests/crowdfund/ReraiseETHCrowdfund.t.sol::ReraiseETHCrowdfundTest.test_refund_twice()
 writer effect     -> contracts/crowdfund/ETHCrowdfundBase.sol:221
 written member    -> ('SV', 'contracts/crowdfund/ETHCrowdfundBase.sol', 'ETHCrowdfundBase.totalContributions')
 potentially stale -> ('SV', 'contracts/crowdfund/ETHCrowdfundBase.sol', 'ETHCrowdfundBase.maxTotalContributions')
 reader witnesses  -> 242
 storage exposures -> 1
[MV-SI candidate e35a9b77e0c22964a511] {minTotalContributions, totalContributions}
 writer root       -> sol-tests/crowdfund/ReraiseETHCrowdfund.t.sol::ReraiseETHCrowdfundTest.test_batchClaimMultiple_works()
 writer effect     -> contracts/crowdfund/ETHCrowdfundBase.sol:221
 written member    -> ('SV', 'contracts/crowdfund/ETHCrowdfundBase.sol', 'ETHCrowdfundBase.totalContributions')
 potentially stale -> ('SV', 'contracts/crowdfund/ETHCrowdfundBase.sol', 'ETHCrowdfundBase.minTotalContributions')
 reader witnesses  -> 88
 storage exposures -> 1
[MV-SI candidate e372940326214fef9695] {maxTotalContributions, totalContributions}
 writer root       -> sol-tests/crowdfund/ReraiseETHCrowdfund.t.sol::ReraiseETHCrowdfundTest.test_claim_aboveMax()
 writer effect     -> contracts/crowdfund/ETHCrowdfundBase.sol:221
 written member    -> ('SV', 'contracts/crowdfund/ETHCrowdfundBase.sol', 'ETHCrowdfundBase.totalContributions')
 potentially stale -> ('SV', 'contracts/crowdfund/ETHCrowdfundBase.sol', 'ETHCrowdfundBase.maxTotalContributions')
 reader witnesses  -> 242
 storage exposures -> 1
[MV-SI candidate e3a3b5c78bc2e475505c] {_governanceValues, mintedVotingPower}
 writer root       -> sol-tests/crowdfund/InitialETHCrowdfund.t.sol::InitialETHCrowdfundTest.test_contribute_mintNewCard_withDisableContributingForExistingCard()
 writer effect     -> contracts/party/PartyGovernanceNFT.sol:196
 written member    -> ('SV', 'contracts/party/PartyGovernance.sol', 'PartyGovernance._governanceValues')
 potentially stale -> ('SV', 'contracts/party/PartyGovernanceNFT.sol', 'PartyGovernanceNFT.mintedVotingPower')
 reader witnesses  -> 766
 storage exposures -> 1
[MV-SI candidate e3e38602576a583b5374] {_governanceValues, isAuthority[$sender]}
 writer root       -> sol-tests/crowdfund/ReraiseETHCrowdfund.t.sol::ReraiseETHCrowdfundTest.test_claim_mintNewCard()
 writer effect     -> contracts/party/PartyGovernanceNFT.sol:196
 written member    -> ('SV', 'contracts/party/PartyGovernance.sol', 'PartyGovernance._governanceValues')
 potentially stale -> ('MS', 'contracts/party/PartyGovernanceNFT.sol', 'PartyGovernanceNFT.isAuthority', '$sender')
 reader witnesses  -> 139
 storage exposures -> 1
[MV-SI candidate e558a9e644dd6bfee50c] {_governanceValues, isAuthority[$sender]}
 writer root       -> sol-tests/crowdfund/ReraiseETHCrowdfund.t.sol::ReraiseETHCrowdfundTest.test_batchRefund_works()
 writer effect     -> contracts/party/PartyGovernanceNFT.sol:196
 written member    -> ('SV', 'contracts/party/PartyGovernance.sol', 'PartyGovernance._governanceValues')
 potentially stale -> ('MS', 'contracts/party/PartyGovernanceNFT.sol', 'PartyGovernanceNFT.isAuthority', '$sender')
 reader witnesses  -> 139
 storage exposures -> 1
[MV-SI candidate e572b576eec420715caa] {minTotalContributions, totalContributions}
 writer root       -> sol-tests/crowdfund/InitialETHCrowdfund.t.sol::InitialETHCrowdfundTest.test_refund_works()
 writer effect     -> contracts/crowdfund/ETHCrowdfundBase.sol:221
 written member    -> ('SV', 'contracts/crowdfund/ETHCrowdfundBase.sol', 'ETHCrowdfundBase.totalContributions')
 potentially stale -> ('SV', 'contracts/crowdfund/ETHCrowdfundBase.sol', 'ETHCrowdfundBase.minTotalContributions')
 reader witnesses  -> 64
 storage exposures -> 1
[MV-SI candidate e668c167aa540dd30d24] {maxTotalContributions, totalContributions}
 writer root       -> contracts/crowdfund/ReraiseETHCrowdfund.sol::ReraiseETHCrowdfund.contribute(address,bytes)
 writer effect     -> contracts/crowdfund/ETHCrowdfundBase.sol:221
 written member    -> ('SV', 'contracts/crowdfund/ETHCrowdfundBase.sol', 'ETHCrowdfundBase.totalContributions')
 potentially stale -> ('SV', 'contracts/crowdfund/ETHCrowdfundBase.sol', 'ETHCrowdfundBase.maxTotalContributions')
 reader witnesses  -> 242
 storage exposures -> 1
[MV-SI candidate e6ca5d2b4e777541ca8e] {_governanceValues, mintedVotingPower}
 writer root       -> sol-tests/crowdfund/InitialETHCrowdfund.t.sol::InitialETHCrowdfundTest.test_finalize_belowMinTotalContributions()
 writer effect     -> contracts/party/PartyGovernanceNFT.sol:196
 written member    -> ('SV', 'contracts/party/PartyGovernance.sol', 'PartyGovernance._governanceValues')
 potentially stale -> ('SV', 'contracts/party/PartyGovernanceNFT.sol', 'PartyGovernanceNFT.mintedVotingPower')
 reader witnesses  -> 1532
 storage exposures -> 1
[MV-SI candidate e6d7acf6210645fab957] {_governanceValues, mintedVotingPower}
 writer root       -> contracts/crowdfund/ReraiseETHCrowdfund.sol::ReraiseETHCrowdfund.claimMultiple(uint96[],address)
 writer effect     -> contracts/party/PartyGovernanceNFT.sol:152
 written member    -> ('SV', 'contracts/party/PartyGovernanceNFT.sol', 'PartyGovernanceNFT.mintedVotingPower')
 potentially stale -> ('SV', 'contracts/party/PartyGovernance.sol', 'PartyGovernance._governanceValues')
 reader witnesses  -> 544
 storage exposures -> 1
[MV-SI candidate e783864fa8cc2e4bdc0a] {_governanceValues, isAuthority[$sender]}
 writer root       -> sol-tests/crowdfund/InitialETHCrowdfund.t.sol::InitialETHCrowdfundTest.test_initialization_cannotReinitialize()
 writer effect     -> contracts/party/PartyGovernanceNFT.sol:196
 written member    -> ('SV', 'contracts/party/PartyGovernance.sol', 'PartyGovernance._governanceValues')
 potentially stale -> ('MS', 'contracts/party/PartyGovernanceNFT.sol', 'PartyGovernanceNFT.isAuthority', '$sender')
 reader witnesses  -> 139
 storage exposures -> 1
[MV-SI candidate e810c24c00ecdef67fae] {_governanceValues, mintedVotingPower}
 writer root       -> contracts/crowdfund/InitialETHCrowdfund.sol::InitialETHCrowdfund.initialize(InitialETHCrowdfund.InitialETHCrowdfundOptions,InitialETHCrowdfund.ETHPartyOptions)
 writer effect     -> contracts/party/PartyGovernanceNFT.sol:184
 written member    -> ('SV', 'contracts/party/PartyGovernanceNFT.sol', 'PartyGovernanceNFT.mintedVotingPower')
 potentially stale -> ('SV', 'contracts/party/PartyGovernance.sol', 'PartyGovernance._governanceValues')
 reader witnesses  -> 544
 storage exposures -> 1
[MV-SI candidate e8148cb9c22968344e3a] {_governanceValues, mintedVotingPower}
 writer root       -> contracts/crowdfund/ReraiseETHCrowdfund.sol::ReraiseETHCrowdfund.claim(address)
 writer effect     -> contracts/party/PartyGovernanceNFT.sol:184
 written member    -> ('SV', 'contracts/party/PartyGovernanceNFT.sol', 'PartyGovernanceNFT.mintedVotingPower')
 potentially stale -> ('SV', 'contracts/party/PartyGovernance.sol', 'PartyGovernance._governanceValues')
 reader witnesses  -> 544
 storage exposures -> 1
[MV-SI candidate e8bf0db7e16a229e7a8e] {_governanceValues, mintedVotingPower}
 writer root       -> sol-tests/crowdfund/ReraiseETHCrowdfund.t.sol::ReraiseETHCrowdfundTest.test_contribute_afterLost()
 writer effect     -> contracts/party/PartyGovernanceNFT.sol:196
 written member    -> ('SV', 'contracts/party/PartyGovernance.sol', 'PartyGovernance._governanceValues')
 potentially stale -> ('SV', 'contracts/party/PartyGovernanceNFT.sol', 'PartyGovernanceNFT.mintedVotingPower')
 reader witnesses  -> 766
 storage exposures -> 1
[MV-SI candidate e8fe9f80e25084be0e35] {_governanceValues, votingPowerByTokenId[$arg0]}
 writer root       -> sol-tests/crowdfund/ReraiseETHCrowdfund.t.sol::ReraiseETHCrowdfundTest.test_claimMultiple_cannotClaimMoreThanVotingPower()
 writer effect     -> contracts/party/PartyGovernanceNFT.sol:196
 written member    -> ('SV', 'contracts/party/PartyGovernance.sol', 'PartyGovernance._governanceValues')
 potentially stale -> ('MS', 'contracts/party/PartyGovernanceNFT.sol', 'PartyGovernanceNFT.votingPowerByTokenId', '$arg0')
 reader witnesses  -> 31
 storage exposures -> 1
[MV-SI candidate e9e5648bfe60d232cd07] {minTotalContributions, totalContributions}
 writer root       -> sol-tests/crowdfund/InitialETHCrowdfund.t.sol::InitialETHCrowdfundTest.test_contribute_afterLost()
 writer effect     -> contracts/crowdfund/ETHCrowdfundBase.sol:207
 written member    -> ('SV', 'contracts/crowdfund/ETHCrowdfundBase.sol', 'ETHCrowdfundBase.totalContributions')
 potentially stale -> ('SV', 'contracts/crowdfund/ETHCrowdfundBase.sol', 'ETHCrowdfundBase.minTotalContributions')
 reader witnesses  -> 64
 storage exposures -> 1
[MV-SI candidate ea483255aefc4e804d0d] {minTotalContributions, totalContributions}
 writer root       -> sol-tests/crowdfund/ReraiseETHCrowdfund.t.sol::ReraiseETHCrowdfundTest.test_claimMultiple_cannotClaimMoreThanVotingPower()
 writer effect     -> contracts/crowdfund/ETHCrowdfundBase.sol:221
 written member    -> ('SV', 'contracts/crowdfund/ETHCrowdfundBase.sol', 'ETHCrowdfundBase.totalContributions')
 potentially stale -> ('SV', 'contracts/crowdfund/ETHCrowdfundBase.sol', 'ETHCrowdfundBase.minTotalContributions')
 reader witnesses  -> 88
 storage exposures -> 1
[MV-SI candidate ead86a3de619c58193be] {maxTotalContributions, totalContributions}
 writer root       -> sol-tests/crowdfund/InitialETHCrowdfund.t.sol::InitialETHCrowdfundTest.test_contribute_noContribution()
 writer effect     -> contracts/crowdfund/ETHCrowdfundBase.sol:207
 written member    -> ('SV', 'contracts/crowdfund/ETHCrowdfundBase.sol', 'ETHCrowdfundBase.totalContributions')
 potentially stale -> ('SV', 'contracts/crowdfund/ETHCrowdfundBase.sol', 'ETHCrowdfundBase.maxTotalContributions')
 reader witnesses  -> 186
 storage exposures -> 1
[MV-SI candidate ec1435b03b6863037e42] {maxTotalContributions, totalContributions}
 writer root       -> sol-tests/crowdfund/InitialETHCrowdfund.t.sol::InitialETHCrowdfundTest.test_contribute_afterLost()
 writer effect     -> contracts/crowdfund/ETHCrowdfundBase.sol:221
 written member    -> ('SV', 'contracts/crowdfund/ETHCrowdfundBase.sol', 'ETHCrowdfundBase.totalContributions')
 potentially stale -> ('SV', 'contracts/crowdfund/ETHCrowdfundBase.sol', 'ETHCrowdfundBase.maxTotalContributions')
 reader witnesses  -> 186
 storage exposures -> 1
[MV-SI candidate ee13d24357453d460ebf] {_governanceValues, mintedVotingPower}
 writer root       -> contracts/crowdfund/ReraiseETHCrowdfund.sol::ReraiseETHCrowdfund.initialize(ETHCrowdfundBase.ETHCrowdfundOptions)
 writer effect     -> contracts/party/PartyGovernanceNFT.sol:196
 written member    -> ('SV', 'contracts/party/PartyGovernance.sol', 'PartyGovernance._governanceValues')
 potentially stale -> ('SV', 'contracts/party/PartyGovernanceNFT.sol', 'PartyGovernanceNFT.mintedVotingPower')
 reader witnesses  -> 766
 storage exposures -> 1
[MV-SI candidate ee7bce650fc0abc2d848] {_governanceValues, mintedVotingPower}
 writer root       -> sol-tests/crowdfund/Crowdfund.t.sol::CrowdfundTest.testWin_twoContributors()
 writer effect     -> contracts/party/PartyGovernanceNFT.sol:152
 written member    -> ('SV', 'contracts/party/PartyGovernanceNFT.sol', 'PartyGovernanceNFT.mintedVotingPower')
 potentially stale -> ('SV', 'contracts/party/PartyGovernance.sol', 'PartyGovernance._governanceValues')
 reader witnesses  -> 2176
 storage exposures -> 1
[MV-SI candidate ee7c21d2e46b5d888b3d] {_governanceValues, votingPowerByTokenId[$arg0]}
 writer root       -> sol-tests/crowdfund/InitialETHCrowdfund.t.sol::InitialETHCrowdfundTest.test_fee_contributionAndRefund()
 writer effect     -> contracts/party/PartyGovernanceNFT.sol:196
 written member    -> ('SV', 'contracts/party/PartyGovernance.sol', 'PartyGovernance._governanceValues')
 potentially stale -> ('MS', 'contracts/party/PartyGovernanceNFT.sol', 'PartyGovernanceNFT.votingPowerByTokenId', '$arg0')
 reader witnesses  -> 31
 storage exposures -> 1
[MV-SI candidate eea36dee14f3eff7f529] {maxTotalContributions, totalContributions}
 writer root       -> sol-tests/crowdfund/ReraiseETHCrowdfund.t.sol::ReraiseETHCrowdfundTest.test_claimMultiple_votingPowerOfCardAboveMax()
 writer effect     -> contracts/crowdfund/ETHCrowdfundBase.sol:221
 written member    -> ('SV', 'contracts/crowdfund/ETHCrowdfundBase.sol', 'ETHCrowdfundBase.totalContributions')
 potentially stale -> ('SV', 'contracts/crowdfund/ETHCrowdfundBase.sol', 'ETHCrowdfundBase.maxTotalContributions')
 reader witnesses  -> 242
 storage exposures -> 1
[MV-SI candidate ef684f9e4e63fda031db] {minTotalContributions, totalContributions}
 writer root       -> sol-tests/crowdfund/ReraiseETHCrowdfund.t.sol::ReraiseETHCrowdfundTest.test_refund_twice()
 writer effect     -> contracts/crowdfund/ETHCrowdfundBase.sol:221
 written member    -> ('SV', 'contracts/crowdfund/ETHCrowdfundBase.sol', 'ETHCrowdfundBase.totalContributions')
 potentially stale -> ('SV', 'contracts/crowdfund/ETHCrowdfundBase.sol', 'ETHCrowdfundBase.minTotalContributions')
 reader witnesses  -> 88
 storage exposures -> 1
[MV-SI candidate f063861a64dbeaadd866] {_governanceValues, mintedVotingPower}
 writer root       -> sol-tests/crowdfund/InitialETHCrowdfund.t.sol::InitialETHCrowdfundTest.test_refund_works()
 writer effect     -> contracts/party/PartyGovernanceNFT.sol:152
 written member    -> ('SV', 'contracts/party/PartyGovernanceNFT.sol', 'PartyGovernanceNFT.mintedVotingPower')
 potentially stale -> ('SV', 'contracts/party/PartyGovernance.sol', 'PartyGovernance._governanceValues')
 reader witnesses  -> 544
 storage exposures -> 1
[MV-SI candidate f0bdf8e241877acfb82b] {_governanceValues, mintedVotingPower}
 writer root       -> sol-tests/crowdfund/Crowdfund.t.sol::CrowdfundTest.testWin_twoContributorsSandiwched_partialContributionUsed()
 writer effect     -> contracts/party/PartyGovernanceNFT.sol:152
 written member    -> ('SV', 'contracts/party/PartyGovernanceNFT.sol', 'PartyGovernanceNFT.mintedVotingPower')
 potentially stale -> ('SV', 'contracts/party/PartyGovernance.sol', 'PartyGovernance._governanceValues')
 reader witnesses  -> 2176
 storage exposures -> 1
[MV-SI candidate f10f37e49fae7d8eda77] {maxTotalContributions, totalContributions}
 writer root       -> sol-tests/crowdfund/InitialETHCrowdfund.t.sol::InitialETHCrowdfundTest.test_contribute_aboveMaxContribution()
 writer effect     -> contracts/crowdfund/ETHCrowdfundBase.sol:207
 written member    -> ('SV', 'contracts/crowdfund/ETHCrowdfundBase.sol', 'ETHCrowdfundBase.totalContributions')
 potentially stale -> ('SV', 'contracts/crowdfund/ETHCrowdfundBase.sol', 'ETHCrowdfundBase.maxTotalContributions')
 reader witnesses  -> 186
 storage exposures -> 1
[MV-SI candidate f14a20a14b7e47e9d537] {_governanceValues, isAuthority[$sender]}
 writer root       -> sol-tests/crowdfund/ReraiseETHCrowdfund.t.sol::ReraiseETHCrowdfundTest.test_claim_addVotingPowerToExistingCard()
 writer effect     -> contracts/party/PartyGovernanceNFT.sol:196
 written member    -> ('SV', 'contracts/party/PartyGovernance.sol', 'PartyGovernance._governanceValues')
 potentially stale -> ('MS', 'contracts/party/PartyGovernanceNFT.sol', 'PartyGovernanceNFT.isAuthority', '$sender')
 reader witnesses  -> 139
 storage exposures -> 1
[MV-SI candidate f176be158e458f7c7654] {_governanceValues, votingPowerByTokenId[$arg0]}
 writer root       -> sol-tests/crowdfund/InitialETHCrowdfund.t.sol::InitialETHCrowdfundTest.test_finalize_anyoneCanFinalizeWhenExpired()
 writer effect     -> contracts/party/PartyGovernanceNFT.sol:185
 written member    -> ('MS', 'contracts/party/PartyGovernanceNFT.sol', 'PartyGovernanceNFT.votingPowerByTokenId', '$arg0')
 potentially stale -> ('SV', 'contracts/party/PartyGovernance.sol', 'PartyGovernance._governanceValues')
 reader witnesses  -> 272
 storage exposures -> 1
[MV-SI candidate f1775d43bd374f0e1c20] {_governanceValues, mintedVotingPower}
 writer root       -> sol-tests/crowdfund/ReraiseETHCrowdfund.t.sol::ReraiseETHCrowdfundTest.test_contributeFor_works()
 writer effect     -> contracts/party/PartyGovernanceNFT.sol:196
 written member    -> ('SV', 'contracts/party/PartyGovernance.sol', 'PartyGovernance._governanceValues')
 potentially stale -> ('SV', 'contracts/party/PartyGovernanceNFT.sol', 'PartyGovernanceNFT.mintedVotingPower')
 reader witnesses  -> 766
 storage exposures -> 1
[MV-SI candidate f1a4d0136fcd210d4729] {minTotalContributions, totalContributions}
 writer root       -> sol-tests/crowdfund/ReraiseETHCrowdfund.t.sol::ReraiseETHCrowdfundTest.test_initialization_cannotReinitialize()
 writer effect     -> contracts/crowdfund/ETHCrowdfundBase.sol:207
 written member    -> ('SV', 'contracts/crowdfund/ETHCrowdfundBase.sol', 'ETHCrowdfundBase.totalContributions')
 potentially stale -> ('SV', 'contracts/crowdfund/ETHCrowdfundBase.sol', 'ETHCrowdfundBase.minTotalContributions')
 reader witnesses  -> 88
 storage exposures -> 1
[MV-SI candidate f1ea4357a9491a1962ca] {minTotalContributions, totalContributions}
 writer root       -> contracts/crowdfund/InitialETHCrowdfund.sol::InitialETHCrowdfund.contributeFor(uint256,address,address,bytes)
 writer effect     -> contracts/crowdfund/ETHCrowdfundBase.sol:207
 written member    -> ('SV', 'contracts/crowdfund/ETHCrowdfundBase.sol', 'ETHCrowdfundBase.totalContributions')
 potentially stale -> ('SV', 'contracts/crowdfund/ETHCrowdfundBase.sol', 'ETHCrowdfundBase.minTotalContributions')
 reader witnesses  -> 64
 storage exposures -> 1
[MV-SI candidate f252ee3fcbb365f8315a] {_governanceValues, mintedVotingPower}
 writer root       -> sol-tests/party/PartyGovernanceNFT.t.sol::PartyGovernanceNFTTest.testMint_cannotMintBeyondTotalVotingPower_twoMints()
 writer effect     -> contracts/party/PartyGovernanceNFT.sol:152
 written member    -> ('SV', 'contracts/party/PartyGovernanceNFT.sol', 'PartyGovernanceNFT.mintedVotingPower')
 potentially stale -> ('SV', 'contracts/party/PartyGovernance.sol', 'PartyGovernance._governanceValues')
 reader witnesses  -> 1088
 storage exposures -> 1
[MV-SI candidate f35a1742c55d30a62964] {_governanceValues, mintedVotingPower}
 writer root       -> sol-tests/crowdfund/InitialETHCrowdfund.t.sol::InitialETHCrowdfundTest.test_refund_twice()
 writer effect     -> contracts/party/PartyGovernanceNFT.sol:196
 written member    -> ('SV', 'contracts/party/PartyGovernance.sol', 'PartyGovernance._governanceValues')
 potentially stale -> ('SV', 'contracts/party/PartyGovernanceNFT.sol', 'PartyGovernanceNFT.mintedVotingPower')
 reader witnesses  -> 766
 storage exposures -> 1
[MV-SI candidate f3b806f3b67c342c9162] {maxTotalContributions, totalContributions}
 writer root       -> contracts/crowdfund/InitialETHCrowdfund.sol::InitialETHCrowdfund.contribute(uint256,address,bytes)
 writer effect     -> contracts/crowdfund/ETHCrowdfundBase.sol:221
 written member    -> ('SV', 'contracts/crowdfund/ETHCrowdfundBase.sol', 'ETHCrowdfundBase.totalContributions')
 potentially stale -> ('SV', 'contracts/crowdfund/ETHCrowdfundBase.sol', 'ETHCrowdfundBase.maxTotalContributions')
 reader witnesses  -> 186
 storage exposures -> 1
[MV-SI candidate f4666ea08c05bab919f6] {_governanceValues, mintedVotingPower}
 writer root       -> sol-tests/crowdfund/InitialETHCrowdfund.t.sol::InitialETHCrowdfundTest.test_refund_notLost()
 writer effect     -> contracts/party/PartyGovernanceNFT.sol:184
 written member    -> ('SV', 'contracts/party/PartyGovernanceNFT.sol', 'PartyGovernanceNFT.mintedVotingPower')
 potentially stale -> ('SV', 'contracts/party/PartyGovernance.sol', 'PartyGovernance._governanceValues')
 reader witnesses  -> 544
 storage exposures -> 1
[MV-SI candidate f4825a659212109d5736] {_governanceValues, mintedVotingPower}
 writer root       -> sol-tests/crowdfund/ReraiseETHCrowdfund.t.sol::ReraiseETHCrowdfundTest.test_batchClaimMultiple_works()
 writer effect     -> contracts/party/PartyGovernanceNFT.sol:196
 written member    -> ('SV', 'contracts/party/PartyGovernance.sol', 'PartyGovernance._governanceValues')
 potentially stale -> ('SV', 'contracts/party/PartyGovernanceNFT.sol', 'PartyGovernanceNFT.mintedVotingPower')
 reader witnesses  -> 766
 storage exposures -> 1
[MV-SI candidate f522bba0a8a533b70705] {_governanceValues, isAuthority[$sender]}
 writer root       -> sol-tests/crowdfund/InitialETHCrowdfund.t.sol::InitialETHCrowdfundTest.test_contribute_belowMinContribution()
 writer effect     -> contracts/party/PartyGovernanceNFT.sol:196
 written member    -> ('SV', 'contracts/party/PartyGovernance.sol', 'PartyGovernance._governanceValues')
 potentially stale -> ('MS', 'contracts/party/PartyGovernanceNFT.sol', 'PartyGovernanceNFT.isAuthority', '$sender')
 reader witnesses  -> 139
 storage exposures -> 1
[MV-SI candidate f57539beabe9c993cd11] {_governanceValues, mintedVotingPower}
 writer root       -> sol-tests/crowdfund/InitialETHCrowdfund.t.sol::InitialETHCrowdfundTest.test_batchRefund_works()
 writer effect     -> contracts/party/PartyGovernanceNFT.sol:184
 written member    -> ('SV', 'contracts/party/PartyGovernanceNFT.sol', 'PartyGovernanceNFT.mintedVotingPower')
 potentially stale -> ('SV', 'contracts/party/PartyGovernance.sol', 'PartyGovernance._governanceValues')
 reader witnesses  -> 544
 storage exposures -> 1
[MV-SI candidate f5972cda59d6f45a3c74] {_ownerOf[$arg0], isApprovedForAll[@local::sol-tests/DummyERC721.sol::DummyERC721.onlyOwnedByOrIsApprovedForAll(uint256,address)::LocalVariable::owner_1][$arg1]}
 writer root       -> sol-tests/DummyERC721.sol::DummyERC721.safeTransferFrom(address,address,uint256,bytes)
 writer effect     -> sol-tests/DummyERC721.sol:106
 written member    -> ('MS', 'sol-tests/DummyERC721.sol', 'DummyERC721._ownerOf', '$arg0')
 potentially stale -> ('MS', 'sol-tests/DummyERC721.sol', 'DummyERC721.isApprovedForAll', '@local::sol-tests/DummyERC721.sol::DummyERC721.onlyOwnedByOrIsApprovedForAll(uint256,address)::LocalVariable::owner_1][$arg1')
 reader witnesses  -> 1
 storage exposures -> 1
[MV-SI candidate f5b9b03516d0c6efd23d] {maxTotalContributions, totalContributions}
 writer root       -> contracts/crowdfund/InitialETHCrowdfund.sol::InitialETHCrowdfund.batchContribute(InitialETHCrowdfund.BatchContributeArgs)
 writer effect     -> contracts/crowdfund/ETHCrowdfundBase.sol:221
 written member    -> ('SV', 'contracts/crowdfund/ETHCrowdfundBase.sol', 'ETHCrowdfundBase.totalContributions')
 potentially stale -> ('SV', 'contracts/crowdfund/ETHCrowdfundBase.sol', 'ETHCrowdfundBase.maxTotalContributions')
 reader witnesses  -> 186
 storage exposures -> 1
[MV-SI candidate f5d01f57168d0fd0d0a6] {_governanceValues, mintedVotingPower}
 writer root       -> sol-tests/crowdfund/InitialETHCrowdfund.t.sol::InitialETHCrowdfundTest.test_finalize_anyoneCanFinalizeWhenExpired()
 writer effect     -> contracts/party/PartyGovernanceNFT.sol:196
 written member    -> ('SV', 'contracts/party/PartyGovernance.sol', 'PartyGovernance._governanceValues')
 potentially stale -> ('SV', 'contracts/party/PartyGovernanceNFT.sol', 'PartyGovernanceNFT.mintedVotingPower')
 reader witnesses  -> 1532
 storage exposures -> 1
[MV-SI candidate f5eb1987168087007cfb] {minTotalContributions, totalContributions}
 writer root       -> sol-tests/crowdfund/ReraiseETHCrowdfund.t.sol::ReraiseETHCrowdfundTest.test_claimMultiple_votingPowerOfCardBelowMin()
 writer effect     -> contracts/crowdfund/ETHCrowdfundBase.sol:207
 written member    -> ('SV', 'contracts/crowdfund/ETHCrowdfundBase.sol', 'ETHCrowdfundBase.totalContributions')
 potentially stale -> ('SV', 'contracts/crowdfund/ETHCrowdfundBase.sol', 'ETHCrowdfundBase.minTotalContributions')
 reader witnesses  -> 88
 storage exposures -> 1
[MV-SI candidate f65e31e9dfb3b3bd87f2] {maxTotalContributions, totalContributions}
 writer root       -> sol-tests/crowdfund/ReraiseETHCrowdfund.t.sol::ReraiseETHCrowdfundTest.test_contribute_twiceDoesNotMintAnotherCrowdfundNFT()
 writer effect     -> contracts/crowdfund/ETHCrowdfundBase.sol:207
 written member    -> ('SV', 'contracts/crowdfund/ETHCrowdfundBase.sol', 'ETHCrowdfundBase.totalContributions')
 potentially stale -> ('SV', 'contracts/crowdfund/ETHCrowdfundBase.sol', 'ETHCrowdfundBase.maxTotalContributions')
 reader witnesses  -> 242
 storage exposures -> 1
[MV-SI candidate f6e532c46c573e66e2a7] {_governanceValues, mintedVotingPower}
 writer root       -> sol-tests/crowdfund/InitialETHCrowdfund.t.sol::InitialETHCrowdfundTest.test_contribute_noContribution()
 writer effect     -> contracts/party/PartyGovernanceNFT.sol:184
 written member    -> ('SV', 'contracts/party/PartyGovernanceNFT.sol', 'PartyGovernanceNFT.mintedVotingPower')
 potentially stale -> ('SV', 'contracts/party/PartyGovernance.sol', 'PartyGovernance._governanceValues')
 reader witnesses  -> 544
 storage exposures -> 1
[MV-SI candidate f6e930c34abe0a88bd27] {_governanceValues, votingPowerByTokenId[$arg0]}
 writer root       -> sol-tests/crowdfund/ReraiseETHCrowdfund.t.sol::ReraiseETHCrowdfundTest.test_claimMultiple_works()
 writer effect     -> contracts/party/PartyGovernanceNFT.sol:196
 written member    -> ('SV', 'contracts/party/PartyGovernance.sol', 'PartyGovernance._governanceValues')
 potentially stale -> ('MS', 'contracts/party/PartyGovernanceNFT.sol', 'PartyGovernanceNFT.votingPowerByTokenId', '$arg0')
 reader witnesses  -> 31
 storage exposures -> 1
[MV-SI candidate f6ebb837604393cf0e5f] {_governanceValues, isAuthority[$sender]}
 writer root       -> sol-tests/crowdfund/InitialETHCrowdfund.t.sol::InitialETHCrowdfundTest.test_refund_twice()
 writer effect     -> contracts/party/PartyGovernanceNFT.sol:196
 written member    -> ('SV', 'contracts/party/PartyGovernance.sol', 'PartyGovernance._governanceValues')
 potentially stale -> ('MS', 'contracts/party/PartyGovernanceNFT.sol', 'PartyGovernanceNFT.isAuthority', '$sender')
 reader witnesses  -> 139
 storage exposures -> 1
[MV-SI candidate f704deac955ec19ef74a] {getApproved[$arg2], isApprovedForAll[$arg0][$sender]}
 writer root       -> contracts/vendor/solmate/ERC721.sol::ERC721.setApprovalForAll(address,bool)
 writer effect     -> contracts/vendor/solmate/ERC721.sol:74
 written member    -> ('MS', 'contracts/vendor/solmate/ERC721.sol', 'ERC721.isApprovedForAll', '$arg0][$sender')
 potentially stale -> ('MS', 'contracts/vendor/solmate/ERC721.sol', 'ERC721.getApproved', '$arg2')
 reader witnesses  -> 2
 storage exposures -> 1
[MV-SI candidate f721a036a1f85199ba76] {_governanceValues, mintedVotingPower}
 writer root       -> sol-tests/crowdfund/InitialETHCrowdfund.t.sol::InitialETHCrowdfundTest.test_batchRefund_works()
 writer effect     -> contracts/party/PartyGovernanceNFT.sol:152
 written member    -> ('SV', 'contracts/party/PartyGovernanceNFT.sol', 'PartyGovernanceNFT.mintedVotingPower')
 potentially stale -> ('SV', 'contracts/party/PartyGovernance.sol', 'PartyGovernance._governanceValues')
 reader witnesses  -> 544
 storage exposures -> 1
[MV-SI candidate f7dfa35a758a30b77b77] {_governanceValues, votingPowerByTokenId[$arg0]}
 writer root       -> sol-tests/crowdfund/ReraiseETHCrowdfund.t.sol::ReraiseETHCrowdfundTest.test_contribute_twiceDoesNotMintAnotherCrowdfundNFT()
 writer effect     -> contracts/party/PartyGovernanceNFT.sol:196
 written member    -> ('SV', 'contracts/party/PartyGovernance.sol', 'PartyGovernance._governanceValues')
 potentially stale -> ('MS', 'contracts/party/PartyGovernanceNFT.sol', 'PartyGovernanceNFT.votingPowerByTokenId', '$arg0')
 reader witnesses  -> 31
 storage exposures -> 1
[MV-SI candidate f83a79a7387737f10210] {_governanceValues, votingPowerByTokenId[$arg0]}
 writer root       -> sol-tests/crowdfund/InitialETHCrowdfund.t.sol::InitialETHCrowdfundTest.test_contribute_noContribution()
 writer effect     -> contracts/party/PartyGovernanceNFT.sol:196
 written member    -> ('SV', 'contracts/party/PartyGovernance.sol', 'PartyGovernance._governanceValues')
 potentially stale -> ('MS', 'contracts/party/PartyGovernanceNFT.sol', 'PartyGovernanceNFT.votingPowerByTokenId', '$arg0')
 reader witnesses  -> 31
 storage exposures -> 1
[MV-SI candidate f86b18c28733de23143c] {_governanceValues, votingPowerByTokenId[$arg0]}
 writer root       -> sol-tests/crowdfund/InitialETHCrowdfund.t.sol::InitialETHCrowdfundTest.test_contribute_mintNewCard_withDisableContributingForExistingCard()
 writer effect     -> contracts/party/PartyGovernanceNFT.sol:196
 written member    -> ('SV', 'contracts/party/PartyGovernance.sol', 'PartyGovernance._governanceValues')
 potentially stale -> ('MS', 'contracts/party/PartyGovernanceNFT.sol', 'PartyGovernanceNFT.votingPowerByTokenId', '$arg0')
 reader witnesses  -> 31
 storage exposures -> 1
[MV-SI candidate f8bc91ffdf5fd903f512] {maxTotalContributions, totalContributions}
 writer root       -> sol-tests/crowdfund/InitialETHCrowdfund.t.sol::InitialETHCrowdfundTest.test_refund_works()
 writer effect     -> contracts/crowdfund/ETHCrowdfundBase.sol:207
 written member    -> ('SV', 'contracts/crowdfund/ETHCrowdfundBase.sol', 'ETHCrowdfundBase.totalContributions')
 potentially stale -> ('SV', 'contracts/crowdfund/ETHCrowdfundBase.sol', 'ETHCrowdfundBase.maxTotalContributions')
 reader witnesses  -> 186
 storage exposures -> 1
[MV-SI candidate f8e277b433b207af7fd6] {maxTotalContributions, totalContributions}
 writer root       -> sol-tests/crowdfund/ReraiseETHCrowdfund.t.sol::ReraiseETHCrowdfundTest.test_batchClaimMultiple_works()
 writer effect     -> contracts/crowdfund/ETHCrowdfundBase.sol:221
 written member    -> ('SV', 'contracts/crowdfund/ETHCrowdfundBase.sol', 'ETHCrowdfundBase.totalContributions')
 potentially stale -> ('SV', 'contracts/crowdfund/ETHCrowdfundBase.sol', 'ETHCrowdfundBase.maxTotalContributions')
 reader witnesses  -> 242
 storage exposures -> 1
[MV-SI candidate f8fc8c1b35b6c0e73ba7] {maxTotalContributions, totalContributions}
 writer root       -> sol-tests/crowdfund/InitialETHCrowdfund.t.sol::InitialETHCrowdfundTest.test_contribute_afterLost()
 writer effect     -> contracts/crowdfund/ETHCrowdfundBase.sol:207
 written member    -> ('SV', 'contracts/crowdfund/ETHCrowdfundBase.sol', 'ETHCrowdfundBase.totalContributions')
 potentially stale -> ('SV', 'contracts/crowdfund/ETHCrowdfundBase.sol', 'ETHCrowdfundBase.maxTotalContributions')
 reader witnesses  -> 186
 storage exposures -> 1
[MV-SI candidate fa112f27d3bcaa757794] {_governanceValues, votingPowerByTokenId[$arg0]}
 writer root       -> sol-tests/crowdfund/InitialETHCrowdfund.t.sol::InitialETHCrowdfundTest.test_refund_works()
 writer effect     -> contracts/party/PartyGovernanceNFT.sol:185
 written member    -> ('MS', 'contracts/party/PartyGovernanceNFT.sol', 'PartyGovernanceNFT.votingPowerByTokenId', '$arg0')
 potentially stale -> ('SV', 'contracts/party/PartyGovernance.sol', 'PartyGovernance._governanceValues')
 reader witnesses  -> 272
 storage exposures -> 1
[MV-SI candidate fad8dd693e681349189d] {_governanceValues, mintedVotingPower}
 writer root       -> sol-tests/crowdfund/InitialETHCrowdfund.t.sol::InitialETHCrowdfundTest.test_initialization_cannotReinitialize()
 writer effect     -> contracts/party/PartyGovernanceNFT.sol:196
 written member    -> ('SV', 'contracts/party/PartyGovernance.sol', 'PartyGovernance._governanceValues')
 potentially stale -> ('SV', 'contracts/party/PartyGovernanceNFT.sol', 'PartyGovernanceNFT.mintedVotingPower')
 reader witnesses  -> 766
 storage exposures -> 1
[MV-SI candidate fb4be2d9d35c8a630b92] {_governanceValues, isAuthority[$sender]}
 writer root       -> sol-tests/crowdfund/ReraiseETHCrowdfund.t.sol::ReraiseETHCrowdfundTest.test_claim_mintNewCard_withDisableContributingForExistingCard()
 writer effect     -> contracts/party/PartyGovernanceNFT.sol:196
 written member    -> ('SV', 'contracts/party/PartyGovernance.sol', 'PartyGovernance._governanceValues')
 potentially stale -> ('MS', 'contracts/party/PartyGovernanceNFT.sol', 'PartyGovernanceNFT.isAuthority', '$sender')
 reader witnesses  -> 139
 storage exposures -> 1
[MV-SI candidate fb5f994c795f584f1c1d] {_governanceValues, votingPowerByTokenId[$arg0]}
 writer root       -> sol-tests/crowdfund/ReraiseETHCrowdfund.t.sol::ReraiseETHCrowdfundTest.test_finalize_onlyHostCanFinalizeEarlyWhenActive()
 writer effect     -> contracts/party/PartyGovernanceNFT.sol:196
 written member    -> ('SV', 'contracts/party/PartyGovernance.sol', 'PartyGovernance._governanceValues')
 potentially stale -> ('MS', 'contracts/party/PartyGovernanceNFT.sol', 'PartyGovernanceNFT.votingPowerByTokenId', '$arg0')
 reader witnesses  -> 62
 storage exposures -> 1
[MV-SI candidate fc4c4f0724ed77cbb872] {_governanceValues, mintedVotingPower}
 writer root       -> contracts/crowdfund/InitialETHCrowdfund.sol::InitialETHCrowdfund.contribute(address,bytes)
 writer effect     -> contracts/party/PartyGovernanceNFT.sol:196
 written member    -> ('SV', 'contracts/party/PartyGovernance.sol', 'PartyGovernance._governanceValues')
 potentially stale -> ('SV', 'contracts/party/PartyGovernanceNFT.sol', 'PartyGovernanceNFT.mintedVotingPower')
 reader witnesses  -> 766
 storage exposures -> 1
[MV-SI candidate fca84d2fa5bb27a3fe1e] {maxTotalContributions, totalContributions}
 writer root       -> sol-tests/crowdfund/ReraiseETHCrowdfund.t.sol::ReraiseETHCrowdfundTest.test_finalize_anyoneCanFinalizeWhenExpired()
 writer effect     -> contracts/crowdfund/ETHCrowdfundBase.sol:221
 written member    -> ('SV', 'contracts/crowdfund/ETHCrowdfundBase.sol', 'ETHCrowdfundBase.totalContributions')
 potentially stale -> ('SV', 'contracts/crowdfund/ETHCrowdfundBase.sol', 'ETHCrowdfundBase.maxTotalContributions')
 reader witnesses  -> 242
 storage exposures -> 1
[MV-SI candidate fd68cd6beec31e544834] {exchangeRateBps, maxContribution, pendingVotingPower[$arg1]}
 writer root       -> contracts/crowdfund/InitialETHCrowdfund.sol::InitialETHCrowdfund.initialize(InitialETHCrowdfund.InitialETHCrowdfundOptions,InitialETHCrowdfund.ETHPartyOptions)
 writer effect     -> contracts/crowdfund/ETHCrowdfundBase.sol:120
 written member    -> ('SV', 'contracts/crowdfund/ETHCrowdfundBase.sol', 'ETHCrowdfundBase.maxContribution')
 potentially stale -> ('MS', 'contracts/crowdfund/ReraiseETHCrowdfund.sol', 'ReraiseETHCrowdfund.pendingVotingPower', '$arg1'), ('SV', 'contracts/crowdfund/ETHCrowdfundBase.sol', 'ETHCrowdfundBase.exchangeRateBps')
 reader witnesses  -> 66
 storage exposures -> 1
[MV-SI candidate feb77c0eb4a5dd5ba326] {maxTotalContributions, totalContributions}
 writer root       -> sol-tests/crowdfund/ReraiseETHCrowdfund.t.sol::ReraiseETHCrowdfundTest.test_contribute_belowMinContribution()
 writer effect     -> contracts/crowdfund/ETHCrowdfundBase.sol:221
 written member    -> ('SV', 'contracts/crowdfund/ETHCrowdfundBase.sol', 'ETHCrowdfundBase.totalContributions')
 potentially stale -> ('SV', 'contracts/crowdfund/ETHCrowdfundBase.sol', 'ETHCrowdfundBase.maxTotalContributions')
 reader witnesses  -> 242
 storage exposures -> 1
[MV-SI candidate ff015c42ae18cac27203] {maxTotalContributions, totalContributions}
 writer root       -> sol-tests/crowdfund/ReraiseETHCrowdfund.t.sol::ReraiseETHCrowdfundTest.test_claim_aboveMax()
 writer effect     -> contracts/crowdfund/ETHCrowdfundBase.sol:207
 written member    -> ('SV', 'contracts/crowdfund/ETHCrowdfundBase.sol', 'ETHCrowdfundBase.totalContributions')
 potentially stale -> ('SV', 'contracts/crowdfund/ETHCrowdfundBase.sol', 'ETHCrowdfundBase.maxTotalContributions')
 reader witnesses  -> 242
 storage exposures -> 1
[MV-SI candidate ff7511b1e0a36d20c20e] {_governanceValues, votingPowerByTokenId[$arg0]}
 writer root       -> sol-tests/crowdfund/InitialETHCrowdfund.t.sol::InitialETHCrowdfundTest.test_refund_works()
 writer effect     -> contracts/party/PartyGovernanceNFT.sol:196
 written member    -> ('SV', 'contracts/party/PartyGovernance.sol', 'PartyGovernance._governanceValues')
 potentially stale -> ('MS', 'contracts/party/PartyGovernanceNFT.sol', 'PartyGovernanceNFT.votingPowerByTokenId', '$arg0')
 reader witnesses  -> 31
 storage exposures -> 1
[MV-SI candidate ffe793a260bf71aea36b] {maxTotalContributions, totalContributions}
 writer root       -> sol-tests/crowdfund/ReraiseETHCrowdfund.t.sol::ReraiseETHCrowdfundTest.test_finalize_works()
 writer effect     -> contracts/crowdfund/ETHCrowdfundBase.sol:221
 written member    -> ('SV', 'contracts/crowdfund/ETHCrowdfundBase.sol', 'ETHCrowdfundBase.totalContributions')
 potentially stale -> ('SV', 'contracts/crowdfund/ETHCrowdfundBase.sol', 'ETHCrowdfundBase.maxTotalContributions')
 reader witnesses  -> 242
 storage exposures -> 1Reference: https://github.com/crytic/slither/wiki/Detector-Documentation
INFO:Slither:mvscan-standard-input.json analyzed (219 contracts with 1 detectors), 660 result(s) found
