Problem executing hardhat to fetch configuration, using defaults: [Errno 2] No such file or directory: 'hardhat'
[mvscan-config] {"ATOMIC_GROUP": [], "DIVERGENCE_BUDGET": 1000, "ENABLE_BRANCH_GROUPS": true, "ENABLE_EXTERNAL_STATE": true, "ENABLE_MULTI_RETURN_GROUPS": true, "MAPPING_MODE": "base_collapsed", "MERGE_OVERLOADS": false, "MVSCAN_ABLATION": "mapping_insensitive", "MVSCAN_CONTEXTUAL_KEYS": true, "MVSCAN_INCLUDE_SCALAR_WITNESSES": false, "MVSCAN_INTERFACE_DISPATCH": false, "MVSCAN_MAX_CONTEXTS_PER_OWNER_BLOCK": 128, "MVSCAN_MAX_DISPATCH_TARGETS": 16, "MVSCAN_REQUIRE_DISTINCT_OUTER_ROOTS": false, "MVSCAN_ROOT_CONTEXT_SINKS": false, "NOOP_WRITE_FILTER": true, "REQUIRE_SAME_SLOT_KEY": false, "SINK_TEST": "none", "USER_CALLABLE_ALWAYS": [], "USER_CALLABLE_DENY": []}
[mvscan-stage] icfg-built blocks=4106 vars=217
[mvscan-stage] root-seeding-done eligible_exposures=320 seeded=197 multi_exposure_entry_blocks=48 collapsed_contextual_aliases=123 excluded_dependency=0 excluded_interface=84 excluded_library=0 excluded_abstract=144 missing_entry_point=0 missing_entry_block=0
[mvscan-pairs] call_target_digest=801f7e5b8442930c47742cf75908ea00f5c79f1eb432bcd6235417a256f191dd candidate_count=294 candidate_digest=df05ceba1cb8434eb2d408cf12996c50c68cc3a7a077251adaf0408313410a12 context_instance_count=3584 eligible_readers=456 eligible_writers=276 execution_context_digest=f33a0e882a1973c5c15a6ae0ba6cdff7b679784a755104b45815dd9b16a4eb6f insensitive_readers_filtered=144 invalid_partial_write_filtered=0 must_full_relation_filtered=632 omitted_member_evidence_filtered=0 omitted_member_not_sensitive_filtered=17297 owner_context_pairs=4955 owner_context_pairs_considered=71058 raw_block_pairs=3642 reader_witness_count=4955 relation_base_members_shadowed=0 relation_context_incompatible=5653 relation_digest=b2395f84339d9453c15caf8e590bbb4c8dc0ce756e5934ee00a4d6fd6a7a945e relation_members_raw=254 relation_origins_registered=43 relation_origins_rejected_unary_after_shadowing=135 relation_origins_rejected_unreachable=72 relation_origins_seen=178 root_context_sink_filtered=0 same_outer_root_filtered=0 same_static_block_filtered=137 scalar_variables_skipped=125 storage_context_mismatch=42521 variables_considered=168
INFO:Detectors:

[MV-SI candidate 00793f458749016e0545] {borrowed, feeUpdatedAt}
 writer root       -> contracts/lybra/pools/base/LybraPeUSDVaultBase.sol::LybraPeUSDVaultBase.rigidRedemption(address,uint256)
 writer effect     -> contracts/lybra/pools/base/LybraPeUSDVaultBase.sol:233
 written member    -> ('SV', 'contracts/lybra/pools/base/LybraPeUSDVaultBase.sol', 'LybraPeUSDVaultBase.feeUpdatedAt')
 potentially stale -> ('SV', 'contracts/lybra/pools/base/LybraPeUSDVaultBase.sol', 'LybraPeUSDVaultBase.borrowed')
 reader witnesses  -> 9
 storage exposures -> 3
[MV-SI candidate 047e9c2ede69e754d68c] {borrowed, feeUpdatedAt}
 writer root       -> contracts/lybra/pools/base/LybraPeUSDVaultBase.sol::LybraPeUSDVaultBase.burn(address,uint256)
 writer effect     -> contracts/lybra/pools/base/LybraPeUSDVaultBase.sol:233
 written member    -> ('SV', 'contracts/lybra/pools/base/LybraPeUSDVaultBase.sol', 'LybraPeUSDVaultBase.feeUpdatedAt')
 potentially stale -> ('SV', 'contracts/lybra/pools/base/LybraPeUSDVaultBase.sol', 'LybraPeUSDVaultBase.borrowed')
 reader witnesses  -> 9
 storage exposures -> 3
[MV-SI candidate 04897e03f1fd5040849a] {finishAt, rewardPerTokenStored, rewardRatio, totalSupply, updatedAt}
 writer root       -> contracts/lybra/miner/stakerewardV2pool.sol::StakingRewardsV2.stake(uint256)
 writer effect     -> contracts/lybra/miner/stakerewardV2pool.sol:58
 written member    -> ('SV', 'contracts/lybra/miner/stakerewardV2pool.sol', 'StakingRewardsV2.updatedAt')
 potentially stale -> ('SV', 'contracts/lybra/miner/stakerewardV2pool.sol', 'StakingRewardsV2.finishAt'), ('SV', 'contracts/lybra/miner/stakerewardV2pool.sol', 'StakingRewardsV2.rewardPerTokenStored'), ('SV', 'contracts/lybra/miner/stakerewardV2pool.sol', 'StakingRewardsV2.rewardRatio'), ('SV', 'contracts/lybra/miner/stakerewardV2pool.sol', 'StakingRewardsV2.totalSupply')
 reader witnesses  -> 26
 storage exposures -> 1
[MV-SI candidate 048d1aa8c5536ce40595] {balanceOf, finishAt, rewardPerTokenStored, rewardRatio, rewards, totalSupply, updatedAt, userRewardPerTokenPaid}
 writer root       -> contracts/lybra/miner/stakerewardV2pool.sol::StakingRewardsV2.stake(uint256)
 writer effect     -> contracts/lybra/miner/stakerewardV2pool.sol:87
 written member    -> ('SV', 'contracts/lybra/miner/stakerewardV2pool.sol', 'StakingRewardsV2.balanceOf')
 potentially stale -> ('SV', 'contracts/lybra/miner/stakerewardV2pool.sol', 'StakingRewardsV2.finishAt'), ('SV', 'contracts/lybra/miner/stakerewardV2pool.sol', 'StakingRewardsV2.rewardPerTokenStored'), ('SV', 'contracts/lybra/miner/stakerewardV2pool.sol', 'StakingRewardsV2.rewardRatio'), ('SV', 'contracts/lybra/miner/stakerewardV2pool.sol', 'StakingRewardsV2.rewards'), ('SV', 'contracts/lybra/miner/stakerewardV2pool.sol', 'StakingRewardsV2.totalSupply'), ('SV', 'contracts/lybra/miner/stakerewardV2pool.sol', 'StakingRewardsV2.updatedAt'), ('SV', 'contracts/lybra/miner/stakerewardV2pool.sol', 'StakingRewardsV2.userRewardPerTokenPaid')
 reader witnesses  -> 31
 storage exposures -> 1
[MV-SI candidate 04e9ec969dd4107db518] {extraRatio, finishAt, peUSDExtraRatio, rewardPerTokenStored, rewardRatio, rewards, updatedAt, userRewardPerTokenPaid}
 writer root       -> contracts/lybra/miner/EUSDMiningIncentives.sol::EUSDMiningIncentives.refreshReward(address)
 writer effect     -> contracts/lybra/miner/EUSDMiningIncentives.sol:78
 written member    -> ('SV', 'contracts/lybra/miner/EUSDMiningIncentives.sol', 'EUSDMiningIncentives.userRewardPerTokenPaid')
 potentially stale -> ('SV', 'contracts/lybra/miner/EUSDMiningIncentives.sol', 'EUSDMiningIncentives.extraRatio'), ('SV', 'contracts/lybra/miner/EUSDMiningIncentives.sol', 'EUSDMiningIncentives.finishAt'), ('SV', 'contracts/lybra/miner/EUSDMiningIncentives.sol', 'EUSDMiningIncentives.peUSDExtraRatio'), ('SV', 'contracts/lybra/miner/EUSDMiningIncentives.sol', 'EUSDMiningIncentives.rewardPerTokenStored'), ('SV', 'contracts/lybra/miner/EUSDMiningIncentives.sol', 'EUSDMiningIncentives.rewardRatio'), ('SV', 'contracts/lybra/miner/EUSDMiningIncentives.sol', 'EUSDMiningIncentives.rewards'), ('SV', 'contracts/lybra/miner/EUSDMiningIncentives.sol', 'EUSDMiningIncentives.updatedAt')
 reader witnesses  -> 30
 storage exposures -> 1
[MV-SI candidate 066123ea6f7553bda02f] {borrowed, depositedAsset}
 writer root       -> contracts/lybra/pools/base/LybraPeUSDVaultBase.sol::LybraPeUSDVaultBase.withdraw(address,uint256)
 writer effect     -> contracts/lybra/pools/base/LybraPeUSDVaultBase.sol:214
 written member    -> ('SV', 'contracts/lybra/pools/base/LybraPeUSDVaultBase.sol', 'LybraPeUSDVaultBase.depositedAsset')
 potentially stale -> ('SV', 'contracts/lybra/pools/base/LybraPeUSDVaultBase.sol', 'LybraPeUSDVaultBase.borrowed')
 reader witnesses  -> 9
 storage exposures -> 3
[MV-SI candidate 07ab992b7b75f0f3e0ac] {feeStored, lastReportTime, lidoRebaseTime, poolTotalEUSDCirculation, totalDepositedAsset}
 writer root       -> contracts/lybra/pools/base/LybraEUSDVaultBase.sol::LybraEUSDVaultBase.liquidation(address,address,uint256)
 writer effect     -> contracts/lybra/pools/base/LybraEUSDVaultBase.sol:165
 written member    -> ('SV', 'contracts/lybra/pools/base/LybraEUSDVaultBase.sol', 'LybraEUSDVaultBase.totalDepositedAsset')
 potentially stale -> ('SV', 'contracts/lybra/pools/LybraStETHVault.sol', 'LybraStETHDepositVault.lidoRebaseTime'), ('SV', 'contracts/lybra/pools/base/LybraEUSDVaultBase.sol', 'LybraEUSDVaultBase.feeStored'), ('SV', 'contracts/lybra/pools/base/LybraEUSDVaultBase.sol', 'LybraEUSDVaultBase.lastReportTime'), ('SV', 'contracts/lybra/pools/base/LybraEUSDVaultBase.sol', 'LybraEUSDVaultBase.poolTotalEUSDCirculation')
 reader witnesses  -> 7
 storage exposures -> 1
[MV-SI candidate 083fb48cc36c2bce7795] {finishAt, rewardPerTokenStored, rewardRatio, updatedAt}
 writer root       -> contracts/lybra/miner/EUSDMiningIncentives.sol::EUSDMiningIncentives.purchaseOtherEarnings(address,bool)
 writer effect     -> contracts/lybra/miner/EUSDMiningIncentives.sol:73
 written member    -> ('SV', 'contracts/lybra/miner/EUSDMiningIncentives.sol', 'EUSDMiningIncentives.rewardPerTokenStored')
 potentially stale -> ('SV', 'contracts/lybra/miner/EUSDMiningIncentives.sol', 'EUSDMiningIncentives.finishAt'), ('SV', 'contracts/lybra/miner/EUSDMiningIncentives.sol', 'EUSDMiningIncentives.rewardRatio'), ('SV', 'contracts/lybra/miner/EUSDMiningIncentives.sol', 'EUSDMiningIncentives.updatedAt')
 reader witnesses  -> 12
 storage exposures -> 1
[MV-SI candidate 090311934c37ed521ece] {feeStored, lastReportTime, lidoRebaseTime, poolTotalEUSDCirculation, totalDepositedAsset}
 writer root       -> contracts/lybra/pools/LybraStETHVault.sol::LybraStETHDepositVault.depositEtherToMint(uint256)
 writer effect     -> contracts/lybra/pools/base/LybraEUSDVaultBase.sol:266
 written member    -> ('SV', 'contracts/lybra/pools/base/LybraEUSDVaultBase.sol', 'LybraEUSDVaultBase.poolTotalEUSDCirculation')
 potentially stale -> ('SV', 'contracts/lybra/pools/LybraStETHVault.sol', 'LybraStETHDepositVault.lidoRebaseTime'), ('SV', 'contracts/lybra/pools/base/LybraEUSDVaultBase.sol', 'LybraEUSDVaultBase.feeStored'), ('SV', 'contracts/lybra/pools/base/LybraEUSDVaultBase.sol', 'LybraEUSDVaultBase.lastReportTime'), ('SV', 'contracts/lybra/pools/base/LybraEUSDVaultBase.sol', 'LybraEUSDVaultBase.totalDepositedAsset')
 reader witnesses  -> 7
 storage exposures -> 1
[MV-SI candidate 091664dc0250904f7273] {feeStored, lastReportTime, lidoRebaseTime, poolTotalEUSDCirculation, totalDepositedAsset}
 writer root       -> contracts/lybra/pools/base/LybraEUSDVaultBase.sol::LybraEUSDVaultBase.mint(address,uint256)
 writer effect     -> contracts/lybra/pools/base/LybraEUSDVaultBase.sol:266
 written member    -> ('SV', 'contracts/lybra/pools/base/LybraEUSDVaultBase.sol', 'LybraEUSDVaultBase.poolTotalEUSDCirculation')
 potentially stale -> ('SV', 'contracts/lybra/pools/LybraStETHVault.sol', 'LybraStETHDepositVault.lidoRebaseTime'), ('SV', 'contracts/lybra/pools/base/LybraEUSDVaultBase.sol', 'LybraEUSDVaultBase.feeStored'), ('SV', 'contracts/lybra/pools/base/LybraEUSDVaultBase.sol', 'LybraEUSDVaultBase.lastReportTime'), ('SV', 'contracts/lybra/pools/base/LybraEUSDVaultBase.sol', 'LybraEUSDVaultBase.totalDepositedAsset')
 reader witnesses  -> 7
 storage exposures -> 1
[MV-SI candidate 09d90c63c8de9638080b] {borrowed, depositedAsset, feeStored, feeUpdatedAt}
 writer root       -> contracts/lybra/pools/base/LybraPeUSDVaultBase.sol::LybraPeUSDVaultBase.burn(address,uint256)
 writer effect     -> contracts/lybra/pools/base/LybraPeUSDVaultBase.sol:202
 written member    -> ('SV', 'contracts/lybra/pools/base/LybraPeUSDVaultBase.sol', 'LybraPeUSDVaultBase.feeStored')
 potentially stale -> ('SV', 'contracts/lybra/pools/base/LybraPeUSDVaultBase.sol', 'LybraPeUSDVaultBase.borrowed'), ('SV', 'contracts/lybra/pools/base/LybraPeUSDVaultBase.sol', 'LybraPeUSDVaultBase.depositedAsset'), ('SV', 'contracts/lybra/pools/base/LybraPeUSDVaultBase.sol', 'LybraPeUSDVaultBase.feeUpdatedAt')
 reader witnesses  -> 36
 storage exposures -> 3
[MV-SI candidate 0a9d9ad053bf1a3f5e52] {borrowed, depositedAsset, feeStored, feeUpdatedAt}
 writer root       -> contracts/lybra/pools/LybraWbETHVault.sol::LybraWBETHVault.depositEtherToMint(uint256)
 writer effect     -> contracts/lybra/pools/base/LybraPeUSDVaultBase.sol:232
 written member    -> ('SV', 'contracts/lybra/pools/base/LybraPeUSDVaultBase.sol', 'LybraPeUSDVaultBase.feeStored')
 potentially stale -> ('SV', 'contracts/lybra/pools/base/LybraPeUSDVaultBase.sol', 'LybraPeUSDVaultBase.borrowed'), ('SV', 'contracts/lybra/pools/base/LybraPeUSDVaultBase.sol', 'LybraPeUSDVaultBase.depositedAsset'), ('SV', 'contracts/lybra/pools/base/LybraPeUSDVaultBase.sol', 'LybraPeUSDVaultBase.feeUpdatedAt')
 reader witnesses  -> 12
 storage exposures -> 1
[MV-SI candidate 0b89ad5ff453a1e0d939] {borrowed, depositedAsset}
 writer root       -> contracts/lybra/pools/LybraRETHVault.sol::LybraRETHVault.depositEtherToMint(uint256)
 writer effect     -> contracts/lybra/pools/base/LybraPeUSDVaultBase.sol:179
 written member    -> ('SV', 'contracts/lybra/pools/base/LybraPeUSDVaultBase.sol', 'LybraPeUSDVaultBase.borrowed')
 potentially stale -> ('SV', 'contracts/lybra/pools/base/LybraPeUSDVaultBase.sol', 'LybraPeUSDVaultBase.depositedAsset')
 reader witnesses  -> 2
 storage exposures -> 1
[MV-SI candidate 0ba16e4022148c979d8f] {borrowed, feeStored}
 writer root       -> contracts/lybra/pools/LybraWstETHVault.sol::LybraWstETHVault.depositEtherToMint(uint256)
 writer effect     -> contracts/lybra/pools/base/LybraPeUSDVaultBase.sol:179
 written member    -> ('SV', 'contracts/lybra/pools/base/LybraPeUSDVaultBase.sol', 'LybraPeUSDVaultBase.borrowed')
 potentially stale -> ('SV', 'contracts/lybra/pools/base/LybraPeUSDVaultBase.sol', 'LybraPeUSDVaultBase.feeStored')
 reader witnesses  -> 4
 storage exposures -> 1
[MV-SI candidate 0bcc16715bfc106470c4] {borrowed, feeStored, feeUpdatedAt}
 writer root       -> contracts/lybra/pools/LybraWbETHVault.sol::LybraWBETHVault.depositEtherToMint(uint256)
 writer effect     -> contracts/lybra/pools/base/LybraPeUSDVaultBase.sol:179
 written member    -> ('SV', 'contracts/lybra/pools/base/LybraPeUSDVaultBase.sol', 'LybraPeUSDVaultBase.borrowed')
 potentially stale -> ('SV', 'contracts/lybra/pools/base/LybraPeUSDVaultBase.sol', 'LybraPeUSDVaultBase.feeStored'), ('SV', 'contracts/lybra/pools/base/LybraPeUSDVaultBase.sol', 'LybraPeUSDVaultBase.feeUpdatedAt')
 reader witnesses  -> 8
 storage exposures -> 1
[MV-SI candidate 0c0845a76a5b3f6330c1] {borrowed, depositedAsset}
 writer root       -> contracts/lybra/pools/base/LybraPeUSDVaultBase.sol::LybraPeUSDVaultBase.burn(address,uint256)
 writer effect     -> contracts/lybra/pools/base/LybraPeUSDVaultBase.sol:206
 written member    -> ('SV', 'contracts/lybra/pools/base/LybraPeUSDVaultBase.sol', 'LybraPeUSDVaultBase.borrowed')
 potentially stale -> ('SV', 'contracts/lybra/pools/base/LybraPeUSDVaultBase.sol', 'LybraPeUSDVaultBase.depositedAsset')
 reader witnesses  -> 6
 storage exposures -> 3
[MV-SI candidate 0e3db5254f9a5c0d75cf] {lastWithdrawTime, time2fullRedemption, unstakeRatio}
 writer root       -> contracts/lybra/miner/ProtocolRewardsPool.sol::ProtocolRewardsPool.reStake()
 writer effect     -> contracts/lybra/miner/ProtocolRewardsPool.sol:145
 written member    -> ('SV', 'contracts/lybra/miner/ProtocolRewardsPool.sol', 'ProtocolRewardsPool.time2fullRedemption')
 potentially stale -> ('SV', 'contracts/lybra/miner/ProtocolRewardsPool.sol', 'ProtocolRewardsPool.lastWithdrawTime'), ('SV', 'contracts/lybra/miner/ProtocolRewardsPool.sol', 'ProtocolRewardsPool.unstakeRatio')
 reader witnesses  -> 45
 storage exposures -> 1
[MV-SI candidate 0e505f57714509b15ecc] {borrowed, depositedAsset, feeStored, feeUpdatedAt}
 writer root       -> contracts/lybra/pools/LybraWbETHVault.sol::LybraWBETHVault.depositEtherToMint(uint256)
 writer effect     -> contracts/lybra/pools/base/LybraPeUSDVaultBase.sol:179
 written member    -> ('SV', 'contracts/lybra/pools/base/LybraPeUSDVaultBase.sol', 'LybraPeUSDVaultBase.borrowed')
 potentially stale -> ('SV', 'contracts/lybra/pools/base/LybraPeUSDVaultBase.sol', 'LybraPeUSDVaultBase.depositedAsset'), ('SV', 'contracts/lybra/pools/base/LybraPeUSDVaultBase.sol', 'LybraPeUSDVaultBase.feeStored'), ('SV', 'contracts/lybra/pools/base/LybraPeUSDVaultBase.sol', 'LybraPeUSDVaultBase.feeUpdatedAt')
 reader witnesses  -> 12
 storage exposures -> 1
[MV-SI candidate 10d0088dc52f44045dcd] {feeStored, lastReportTime, lidoRebaseTime, poolTotalEUSDCirculation, totalDepositedAsset}
 writer root       -> contracts/lybra/pools/base/LybraEUSDVaultBase.sol::LybraEUSDVaultBase.rigidRedemption(address,uint256)
 writer effect     -> contracts/lybra/pools/base/LybraEUSDVaultBase.sol:297
 written member    -> ('SV', 'contracts/lybra/pools/base/LybraEUSDVaultBase.sol', 'LybraEUSDVaultBase.lastReportTime')
 potentially stale -> ('SV', 'contracts/lybra/pools/LybraStETHVault.sol', 'LybraStETHDepositVault.lidoRebaseTime'), ('SV', 'contracts/lybra/pools/base/LybraEUSDVaultBase.sol', 'LybraEUSDVaultBase.feeStored'), ('SV', 'contracts/lybra/pools/base/LybraEUSDVaultBase.sol', 'LybraEUSDVaultBase.poolTotalEUSDCirculation'), ('SV', 'contracts/lybra/pools/base/LybraEUSDVaultBase.sol', 'LybraEUSDVaultBase.totalDepositedAsset')
 reader witnesses  -> 9
 storage exposures -> 1
[MV-SI candidate 114f6440137ed5071d14] {feeStored, lastReportTime, lidoRebaseTime, poolTotalEUSDCirculation, totalDepositedAsset}
 writer root       -> contracts/lybra/pools/base/LybraEUSDVaultBase.sol::LybraEUSDVaultBase.superLiquidation(address,address,uint256)
 writer effect     -> contracts/lybra/pools/base/LybraEUSDVaultBase.sol:284
 written member    -> ('SV', 'contracts/lybra/pools/base/LybraEUSDVaultBase.sol', 'LybraEUSDVaultBase.poolTotalEUSDCirculation')
 potentially stale -> ('SV', 'contracts/lybra/pools/LybraStETHVault.sol', 'LybraStETHDepositVault.lidoRebaseTime'), ('SV', 'contracts/lybra/pools/base/LybraEUSDVaultBase.sol', 'LybraEUSDVaultBase.feeStored'), ('SV', 'contracts/lybra/pools/base/LybraEUSDVaultBase.sol', 'LybraEUSDVaultBase.lastReportTime'), ('SV', 'contracts/lybra/pools/base/LybraEUSDVaultBase.sol', 'LybraEUSDVaultBase.totalDepositedAsset')
 reader witnesses  -> 7
 storage exposures -> 1
[MV-SI candidate 1293b2dbf546aa02a881] {balanceOf, finishAt, rewardPerTokenStored, rewardRatio, rewards, totalSupply, updatedAt, userRewardPerTokenPaid}
 writer root       -> contracts/lybra/miner/stakerewardV2pool.sol::StakingRewardsV2.withdraw(uint256)
 writer effect     -> contracts/lybra/miner/stakerewardV2pool.sol:96
 written member    -> ('SV', 'contracts/lybra/miner/stakerewardV2pool.sol', 'StakingRewardsV2.totalSupply')
 potentially stale -> ('SV', 'contracts/lybra/miner/stakerewardV2pool.sol', 'StakingRewardsV2.balanceOf'), ('SV', 'contracts/lybra/miner/stakerewardV2pool.sol', 'StakingRewardsV2.finishAt'), ('SV', 'contracts/lybra/miner/stakerewardV2pool.sol', 'StakingRewardsV2.rewardPerTokenStored'), ('SV', 'contracts/lybra/miner/stakerewardV2pool.sol', 'StakingRewardsV2.rewardRatio'), ('SV', 'contracts/lybra/miner/stakerewardV2pool.sol', 'StakingRewardsV2.rewards'), ('SV', 'contracts/lybra/miner/stakerewardV2pool.sol', 'StakingRewardsV2.updatedAt'), ('SV', 'contracts/lybra/miner/stakerewardV2pool.sol', 'StakingRewardsV2.userRewardPerTokenPaid')
 reader witnesses  -> 27
 storage exposures -> 1
[MV-SI candidate 1458ebaeeeece739c143] {feeStored, lastReportTime, lidoRebaseTime, poolTotalEUSDCirculation, totalDepositedAsset}
 writer root       -> contracts/lybra/pools/base/LybraEUSDVaultBase.sol::LybraEUSDVaultBase.withdraw(address,uint256)
 writer effect     -> contracts/lybra/pools/base/LybraEUSDVaultBase.sol:102
 written member    -> ('SV', 'contracts/lybra/pools/base/LybraEUSDVaultBase.sol', 'LybraEUSDVaultBase.totalDepositedAsset')
 potentially stale -> ('SV', 'contracts/lybra/pools/LybraStETHVault.sol', 'LybraStETHDepositVault.lidoRebaseTime'), ('SV', 'contracts/lybra/pools/base/LybraEUSDVaultBase.sol', 'LybraEUSDVaultBase.feeStored'), ('SV', 'contracts/lybra/pools/base/LybraEUSDVaultBase.sol', 'LybraEUSDVaultBase.lastReportTime'), ('SV', 'contracts/lybra/pools/base/LybraEUSDVaultBase.sol', 'LybraEUSDVaultBase.poolTotalEUSDCirculation')
 reader witnesses  -> 7
 storage exposures -> 1
[MV-SI candidate 14e7fcb64374c2bb94be] {borrowed, depositedAsset, feeStored, feeUpdatedAt}
 writer root       -> contracts/lybra/pools/base/LybraPeUSDVaultBase.sol::LybraPeUSDVaultBase.rigidRedemption(address,uint256)
 writer effect     -> contracts/lybra/pools/base/LybraPeUSDVaultBase.sol:206
 written member    -> ('SV', 'contracts/lybra/pools/base/LybraPeUSDVaultBase.sol', 'LybraPeUSDVaultBase.borrowed')
 potentially stale -> ('SV', 'contracts/lybra/pools/base/LybraPeUSDVaultBase.sol', 'LybraPeUSDVaultBase.depositedAsset'), ('SV', 'contracts/lybra/pools/base/LybraPeUSDVaultBase.sol', 'LybraPeUSDVaultBase.feeStored'), ('SV', 'contracts/lybra/pools/base/LybraPeUSDVaultBase.sol', 'LybraPeUSDVaultBase.feeUpdatedAt')
 reader witnesses  -> 36
 storage exposures -> 3
[MV-SI candidate 18042691b60a0e4bec61] {finishAt, rewardPerTokenStored, rewardRatio, totalSupply, updatedAt}
 writer root       -> contracts/lybra/miner/stakerewardV2pool.sol::StakingRewardsV2.notifyRewardAmount(uint256)
 writer effect     -> contracts/lybra/miner/stakerewardV2pool.sol:58
 written member    -> ('SV', 'contracts/lybra/miner/stakerewardV2pool.sol', 'StakingRewardsV2.updatedAt')
 potentially stale -> ('SV', 'contracts/lybra/miner/stakerewardV2pool.sol', 'StakingRewardsV2.finishAt'), ('SV', 'contracts/lybra/miner/stakerewardV2pool.sol', 'StakingRewardsV2.rewardPerTokenStored'), ('SV', 'contracts/lybra/miner/stakerewardV2pool.sol', 'StakingRewardsV2.rewardRatio'), ('SV', 'contracts/lybra/miner/stakerewardV2pool.sol', 'StakingRewardsV2.totalSupply')
 reader witnesses  -> 26
 storage exposures -> 1
[MV-SI candidate 18a6e307e3e847153e6c] {balanceOf, finishAt, rewardPerTokenStored, rewardRatio, rewards, totalSupply, updatedAt, userRewardPerTokenPaid}
 writer root       -> contracts/lybra/miner/stakerewardV2pool.sol::StakingRewardsV2.getReward()
 writer effect     -> contracts/lybra/miner/stakerewardV2pool.sol:58
 written member    -> ('SV', 'contracts/lybra/miner/stakerewardV2pool.sol', 'StakingRewardsV2.updatedAt')
 potentially stale -> ('SV', 'contracts/lybra/miner/stakerewardV2pool.sol', 'StakingRewardsV2.balanceOf'), ('SV', 'contracts/lybra/miner/stakerewardV2pool.sol', 'StakingRewardsV2.finishAt'), ('SV', 'contracts/lybra/miner/stakerewardV2pool.sol', 'StakingRewardsV2.rewardPerTokenStored'), ('SV', 'contracts/lybra/miner/stakerewardV2pool.sol', 'StakingRewardsV2.rewardRatio'), ('SV', 'contracts/lybra/miner/stakerewardV2pool.sol', 'StakingRewardsV2.rewards'), ('SV', 'contracts/lybra/miner/stakerewardV2pool.sol', 'StakingRewardsV2.totalSupply'), ('SV', 'contracts/lybra/miner/stakerewardV2pool.sol', 'StakingRewardsV2.userRewardPerTokenPaid')
 reader witnesses  -> 33
 storage exposures -> 1
[MV-SI candidate 19a95e1c4e6f29ff7560] {rewardPerTokenStored, rewards, userRewardPerTokenPaid}
 writer root       -> contracts/lybra/miner/ProtocolRewardsPool.sol::ProtocolRewardsPool.getReward()
 writer effect     -> contracts/lybra/miner/ProtocolRewardsPool.sol:179
 written member    -> ('SV', 'contracts/lybra/miner/ProtocolRewardsPool.sol', 'ProtocolRewardsPool.rewards')
 potentially stale -> ('SV', 'contracts/lybra/miner/ProtocolRewardsPool.sol', 'ProtocolRewardsPool.rewardPerTokenStored'), ('SV', 'contracts/lybra/miner/ProtocolRewardsPool.sol', 'ProtocolRewardsPool.userRewardPerTokenPaid')
 reader witnesses  -> 7
 storage exposures -> 1
[MV-SI candidate 1a962d7558af9d886f4d] {feeStored, lastReportTime, lidoRebaseTime, poolTotalEUSDCirculation, totalDepositedAsset}
 writer root       -> contracts/lybra/pools/base/LybraEUSDVaultBase.sol::LybraEUSDVaultBase.depositAssetToMint(uint256,uint256)
 writer effect     -> contracts/lybra/pools/base/LybraEUSDVaultBase.sol:297
 written member    -> ('SV', 'contracts/lybra/pools/base/LybraEUSDVaultBase.sol', 'LybraEUSDVaultBase.lastReportTime')
 potentially stale -> ('SV', 'contracts/lybra/pools/LybraStETHVault.sol', 'LybraStETHDepositVault.lidoRebaseTime'), ('SV', 'contracts/lybra/pools/base/LybraEUSDVaultBase.sol', 'LybraEUSDVaultBase.feeStored'), ('SV', 'contracts/lybra/pools/base/LybraEUSDVaultBase.sol', 'LybraEUSDVaultBase.poolTotalEUSDCirculation'), ('SV', 'contracts/lybra/pools/base/LybraEUSDVaultBase.sol', 'LybraEUSDVaultBase.totalDepositedAsset')
 reader witnesses  -> 9
 storage exposures -> 1
[MV-SI candidate 1ac9112bebe31f9a8f5f] {lastWithdrawTime, time2fullRedemption}
 writer root       -> contracts/lybra/miner/ProtocolRewardsPool.sol::ProtocolRewardsPool.reStake()
 writer effect     -> contracts/lybra/miner/ProtocolRewardsPool.sol:145
 written member    -> ('SV', 'contracts/lybra/miner/ProtocolRewardsPool.sol', 'ProtocolRewardsPool.time2fullRedemption')
 potentially stale -> ('SV', 'contracts/lybra/miner/ProtocolRewardsPool.sol', 'ProtocolRewardsPool.lastWithdrawTime')
 reader witnesses  -> 12
 storage exposures -> 1
[MV-SI candidate 1b9bff71a969e3501717] {borrowed, feeUpdatedAt}
 writer root       -> contracts/lybra/pools/base/LybraPeUSDVaultBase.sol::LybraPeUSDVaultBase.liquidation(address,address,uint256)
 writer effect     -> contracts/lybra/pools/base/LybraPeUSDVaultBase.sol:206
 written member    -> ('SV', 'contracts/lybra/pools/base/LybraPeUSDVaultBase.sol', 'LybraPeUSDVaultBase.borrowed')
 potentially stale -> ('SV', 'contracts/lybra/pools/base/LybraPeUSDVaultBase.sol', 'LybraPeUSDVaultBase.feeUpdatedAt')
 reader witnesses  -> 6
 storage exposures -> 3
[MV-SI candidate 1c9d70d153c61137c421] {balanceOf, finishAt, rewardPerTokenStored, rewardRatio, rewards, totalSupply, updatedAt, userRewardPerTokenPaid}
 writer root       -> contracts/lybra/miner/stakerewardV2pool.sol::StakingRewardsV2.withdraw(uint256)
 writer effect     -> contracts/lybra/miner/stakerewardV2pool.sol:61
 written member    -> ('SV', 'contracts/lybra/miner/stakerewardV2pool.sol', 'StakingRewardsV2.rewards')
 potentially stale -> ('SV', 'contracts/lybra/miner/stakerewardV2pool.sol', 'StakingRewardsV2.balanceOf'), ('SV', 'contracts/lybra/miner/stakerewardV2pool.sol', 'StakingRewardsV2.finishAt'), ('SV', 'contracts/lybra/miner/stakerewardV2pool.sol', 'StakingRewardsV2.rewardPerTokenStored'), ('SV', 'contracts/lybra/miner/stakerewardV2pool.sol', 'StakingRewardsV2.rewardRatio'), ('SV', 'contracts/lybra/miner/stakerewardV2pool.sol', 'StakingRewardsV2.totalSupply'), ('SV', 'contracts/lybra/miner/stakerewardV2pool.sol', 'StakingRewardsV2.updatedAt'), ('SV', 'contracts/lybra/miner/stakerewardV2pool.sol', 'StakingRewardsV2.userRewardPerTokenPaid')
 reader witnesses  -> 32
 storage exposures -> 1
[MV-SI candidate 1da91d9edb858caf705a] {poolTotalEUSDCirculation, totalDepositedAsset}
 writer root       -> contracts/lybra/pools/base/LybraEUSDVaultBase.sol::LybraEUSDVaultBase.mint(address,uint256)
 writer effect     -> contracts/lybra/pools/base/LybraEUSDVaultBase.sol:266
 written member    -> ('SV', 'contracts/lybra/pools/base/LybraEUSDVaultBase.sol', 'LybraEUSDVaultBase.poolTotalEUSDCirculation')
 potentially stale -> ('SV', 'contracts/lybra/pools/base/LybraEUSDVaultBase.sol', 'LybraEUSDVaultBase.totalDepositedAsset')
 reader witnesses  -> 2
 storage exposures -> 1
[MV-SI candidate 1fc71ed5a8934f4dfbeb] {borrowed, feeStored, feeUpdatedAt}
 writer root       -> contracts/lybra/pools/base/LybraPeUSDVaultBase.sol::LybraPeUSDVaultBase.depositAssetToMint(uint256,uint256)
 writer effect     -> contracts/lybra/pools/base/LybraPeUSDVaultBase.sol:179
 written member    -> ('SV', 'contracts/lybra/pools/base/LybraPeUSDVaultBase.sol', 'LybraPeUSDVaultBase.borrowed')
 potentially stale -> ('SV', 'contracts/lybra/pools/base/LybraPeUSDVaultBase.sol', 'LybraPeUSDVaultBase.feeStored'), ('SV', 'contracts/lybra/pools/base/LybraPeUSDVaultBase.sol', 'LybraPeUSDVaultBase.feeUpdatedAt')
 reader witnesses  -> 24
 storage exposures -> 3
[MV-SI candidate 202faeb16a5e4ea23f41] {balanceOf, finishAt, rewardPerTokenStored, rewardRatio, rewards, totalSupply, updatedAt, userRewardPerTokenPaid}
 writer root       -> contracts/lybra/miner/stakerewardV2pool.sol::StakingRewardsV2.notifyRewardAmount(uint256)
 writer effect     -> contracts/lybra/miner/stakerewardV2pool.sol:61
 written member    -> ('SV', 'contracts/lybra/miner/stakerewardV2pool.sol', 'StakingRewardsV2.rewards')
 potentially stale -> ('SV', 'contracts/lybra/miner/stakerewardV2pool.sol', 'StakingRewardsV2.balanceOf'), ('SV', 'contracts/lybra/miner/stakerewardV2pool.sol', 'StakingRewardsV2.finishAt'), ('SV', 'contracts/lybra/miner/stakerewardV2pool.sol', 'StakingRewardsV2.rewardPerTokenStored'), ('SV', 'contracts/lybra/miner/stakerewardV2pool.sol', 'StakingRewardsV2.rewardRatio'), ('SV', 'contracts/lybra/miner/stakerewardV2pool.sol', 'StakingRewardsV2.totalSupply'), ('SV', 'contracts/lybra/miner/stakerewardV2pool.sol', 'StakingRewardsV2.updatedAt'), ('SV', 'contracts/lybra/miner/stakerewardV2pool.sol', 'StakingRewardsV2.userRewardPerTokenPaid')
 reader witnesses  -> 32
 storage exposures -> 1
[MV-SI candidate 212b04ad5cd54c565b37] {borrowed, depositedAsset, feeStored, feeUpdatedAt}
 writer root       -> contracts/lybra/pools/base/LybraPeUSDVaultBase.sol::LybraPeUSDVaultBase.liquidation(address,address,uint256)
 writer effect     -> contracts/lybra/pools/base/LybraPeUSDVaultBase.sol:232
 written member    -> ('SV', 'contracts/lybra/pools/base/LybraPeUSDVaultBase.sol', 'LybraPeUSDVaultBase.feeStored')
 potentially stale -> ('SV', 'contracts/lybra/pools/base/LybraPeUSDVaultBase.sol', 'LybraPeUSDVaultBase.borrowed'), ('SV', 'contracts/lybra/pools/base/LybraPeUSDVaultBase.sol', 'LybraPeUSDVaultBase.depositedAsset'), ('SV', 'contracts/lybra/pools/base/LybraPeUSDVaultBase.sol', 'LybraPeUSDVaultBase.feeUpdatedAt')
 reader witnesses  -> 36
 storage exposures -> 3
[MV-SI candidate 213ae9334fdf1246afe2] {borrowed, depositedAsset}
 writer root       -> contracts/lybra/pools/base/LybraEUSDVaultBase.sol::LybraEUSDVaultBase.liquidation(address,address,uint256)
 writer effect     -> contracts/lybra/pools/base/LybraEUSDVaultBase.sol:166
 written member    -> ('SV', 'contracts/lybra/pools/base/LybraEUSDVaultBase.sol', 'LybraEUSDVaultBase.depositedAsset')
 potentially stale -> ('SV', 'contracts/lybra/pools/base/LybraEUSDVaultBase.sol', 'LybraEUSDVaultBase.borrowed')
 reader witnesses  -> 14
 storage exposures -> 1
[MV-SI candidate 21b8bab983f5448102a0] {feeStored, lastReportTime, lidoRebaseTime, poolTotalEUSDCirculation, totalDepositedAsset}
 writer root       -> contracts/lybra/pools/base/LybraEUSDVaultBase.sol::LybraEUSDVaultBase.superLiquidation(address,address,uint256)
 writer effect     -> contracts/lybra/pools/base/LybraEUSDVaultBase.sol:297
 written member    -> ('SV', 'contracts/lybra/pools/base/LybraEUSDVaultBase.sol', 'LybraEUSDVaultBase.lastReportTime')
 potentially stale -> ('SV', 'contracts/lybra/pools/LybraStETHVault.sol', 'LybraStETHDepositVault.lidoRebaseTime'), ('SV', 'contracts/lybra/pools/base/LybraEUSDVaultBase.sol', 'LybraEUSDVaultBase.feeStored'), ('SV', 'contracts/lybra/pools/base/LybraEUSDVaultBase.sol', 'LybraEUSDVaultBase.poolTotalEUSDCirculation'), ('SV', 'contracts/lybra/pools/base/LybraEUSDVaultBase.sol', 'LybraEUSDVaultBase.totalDepositedAsset')
 reader witnesses  -> 9
 storage exposures -> 1
[MV-SI candidate 22bef9769eb644ce262c] {extraRatio, finishAt, peUSDExtraRatio, rewardPerTokenStored, rewardRatio, rewards, updatedAt, userRewardPerTokenPaid}
 writer root       -> contracts/lybra/miner/EUSDMiningIncentives.sol::EUSDMiningIncentives.purchaseOtherEarnings(address,bool)
 writer effect     -> contracts/lybra/miner/EUSDMiningIncentives.sol:73
 written member    -> ('SV', 'contracts/lybra/miner/EUSDMiningIncentives.sol', 'EUSDMiningIncentives.rewardPerTokenStored')
 potentially stale -> ('SV', 'contracts/lybra/miner/EUSDMiningIncentives.sol', 'EUSDMiningIncentives.extraRatio'), ('SV', 'contracts/lybra/miner/EUSDMiningIncentives.sol', 'EUSDMiningIncentives.finishAt'), ('SV', 'contracts/lybra/miner/EUSDMiningIncentives.sol', 'EUSDMiningIncentives.peUSDExtraRatio'), ('SV', 'contracts/lybra/miner/EUSDMiningIncentives.sol', 'EUSDMiningIncentives.rewardRatio'), ('SV', 'contracts/lybra/miner/EUSDMiningIncentives.sol', 'EUSDMiningIncentives.rewards'), ('SV', 'contracts/lybra/miner/EUSDMiningIncentives.sol', 'EUSDMiningIncentives.updatedAt'), ('SV', 'contracts/lybra/miner/EUSDMiningIncentives.sol', 'EUSDMiningIncentives.userRewardPerTokenPaid')
 reader witnesses  -> 26
 storage exposures -> 1
[MV-SI candidate 254c8455ab2a24dcfb00] {finishAt, rewardPerTokenStored, rewardRatio, totalSupply, updatedAt}
 writer root       -> contracts/lybra/miner/stakerewardV2pool.sol::StakingRewardsV2.withdraw(uint256)
 writer effect     -> contracts/lybra/miner/stakerewardV2pool.sol:57
 written member    -> ('SV', 'contracts/lybra/miner/stakerewardV2pool.sol', 'StakingRewardsV2.rewardPerTokenStored')
 potentially stale -> ('SV', 'contracts/lybra/miner/stakerewardV2pool.sol', 'StakingRewardsV2.finishAt'), ('SV', 'contracts/lybra/miner/stakerewardV2pool.sol', 'StakingRewardsV2.rewardRatio'), ('SV', 'contracts/lybra/miner/stakerewardV2pool.sol', 'StakingRewardsV2.totalSupply'), ('SV', 'contracts/lybra/miner/stakerewardV2pool.sol', 'StakingRewardsV2.updatedAt')
 reader witnesses  -> 18
 storage exposures -> 1
[MV-SI candidate 2564a9d2f4256815241e] {balanceOf, finishAt, rewardPerTokenStored, rewardRatio, rewards, totalSupply, updatedAt, userRewardPerTokenPaid}
 writer root       -> contracts/lybra/miner/stakerewardV2pool.sol::StakingRewardsV2.notifyRewardAmount(uint256)
 writer effect     -> contracts/lybra/miner/stakerewardV2pool.sol:137
 written member    -> ('SV', 'contracts/lybra/miner/stakerewardV2pool.sol', 'StakingRewardsV2.rewardRatio')
 potentially stale -> ('SV', 'contracts/lybra/miner/stakerewardV2pool.sol', 'StakingRewardsV2.balanceOf'), ('SV', 'contracts/lybra/miner/stakerewardV2pool.sol', 'StakingRewardsV2.finishAt'), ('SV', 'contracts/lybra/miner/stakerewardV2pool.sol', 'StakingRewardsV2.rewardPerTokenStored'), ('SV', 'contracts/lybra/miner/stakerewardV2pool.sol', 'StakingRewardsV2.rewards'), ('SV', 'contracts/lybra/miner/stakerewardV2pool.sol', 'StakingRewardsV2.totalSupply'), ('SV', 'contracts/lybra/miner/stakerewardV2pool.sol', 'StakingRewardsV2.updatedAt'), ('SV', 'contracts/lybra/miner/stakerewardV2pool.sol', 'StakingRewardsV2.userRewardPerTokenPaid')
 reader witnesses  -> 32
 storage exposures -> 1
[MV-SI candidate 26b5bbba46cd7006b8f0] {feeStored, lastReportTime, lidoRebaseTime, poolTotalEUSDCirculation, totalDepositedAsset}
 writer root       -> contracts/lybra/pools/base/LybraEUSDVaultBase.sol::LybraEUSDVaultBase.burn(address,uint256)
 writer effect     -> contracts/lybra/pools/base/LybraEUSDVaultBase.sol:296
 written member    -> ('SV', 'contracts/lybra/pools/base/LybraEUSDVaultBase.sol', 'LybraEUSDVaultBase.feeStored')
 potentially stale -> ('SV', 'contracts/lybra/pools/LybraStETHVault.sol', 'LybraStETHDepositVault.lidoRebaseTime'), ('SV', 'contracts/lybra/pools/base/LybraEUSDVaultBase.sol', 'LybraEUSDVaultBase.lastReportTime'), ('SV', 'contracts/lybra/pools/base/LybraEUSDVaultBase.sol', 'LybraEUSDVaultBase.poolTotalEUSDCirculation'), ('SV', 'contracts/lybra/pools/base/LybraEUSDVaultBase.sol', 'LybraEUSDVaultBase.totalDepositedAsset')
 reader witnesses  -> 7
 storage exposures -> 1
[MV-SI candidate 2743b0d0708cbcca2778] {borrowed, feeStored, feeUpdatedAt}
 writer root       -> contracts/lybra/pools/base/LybraPeUSDVaultBase.sol::LybraPeUSDVaultBase.burn(address,uint256)
 writer effect     -> contracts/lybra/pools/base/LybraPeUSDVaultBase.sol:232
 written member    -> ('SV', 'contracts/lybra/pools/base/LybraPeUSDVaultBase.sol', 'LybraPeUSDVaultBase.feeStored')
 potentially stale -> ('SV', 'contracts/lybra/pools/base/LybraPeUSDVaultBase.sol', 'LybraPeUSDVaultBase.borrowed'), ('SV', 'contracts/lybra/pools/base/LybraPeUSDVaultBase.sol', 'LybraPeUSDVaultBase.feeUpdatedAt')
 reader witnesses  -> 24
 storage exposures -> 3
[MV-SI candidate 27580fcfc1930bb629cb] {poolTotalEUSDCirculation, totalDepositedAsset}
 writer root       -> contracts/lybra/pools/base/LybraEUSDVaultBase.sol::LybraEUSDVaultBase.superLiquidation(address,address,uint256)
 writer effect     -> contracts/lybra/pools/base/LybraEUSDVaultBase.sol:201
 written member    -> ('SV', 'contracts/lybra/pools/base/LybraEUSDVaultBase.sol', 'LybraEUSDVaultBase.totalDepositedAsset')
 potentially stale -> ('SV', 'contracts/lybra/pools/base/LybraEUSDVaultBase.sol', 'LybraEUSDVaultBase.poolTotalEUSDCirculation')
 reader witnesses  -> 4
 storage exposures -> 1
[MV-SI candidate 27b94dc44f522bd5b6ce] {oracleFee, protocolFeeConfig, relayerFeeConfig}
 writer root       -> contracts/mocks/LZEndpointMock.sol::LZEndpointMock.setRelayerPrice(uint128,uint128,uint128,uint64,uint64)
 writer effect     -> contracts/mocks/LZEndpointMock.sol:330
 written member    -> ('SV', 'contracts/mocks/LZEndpointMock.sol', 'LZEndpointMock.relayerFeeConfig')
 potentially stale -> ('SV', 'contracts/mocks/LZEndpointMock.sol', 'LZEndpointMock.oracleFee'), ('SV', 'contracts/mocks/LZEndpointMock.sol', 'LZEndpointMock.protocolFeeConfig')
 reader witnesses  -> 9
 storage exposures -> 1
[MV-SI candidate 27dc251efd1702fcf6bd] {borrowed, depositedAsset}
 writer root       -> contracts/lybra/pools/base/LybraEUSDVaultBase.sol::LybraEUSDVaultBase.depositAssetToMint(uint256,uint256)
 writer effect     -> contracts/lybra/pools/base/LybraEUSDVaultBase.sol:262
 written member    -> ('SV', 'contracts/lybra/pools/base/LybraEUSDVaultBase.sol', 'LybraEUSDVaultBase.borrowed')
 potentially stale -> ('SV', 'contracts/lybra/pools/base/LybraEUSDVaultBase.sol', 'LybraEUSDVaultBase.depositedAsset')
 reader witnesses  -> 14
 storage exposures -> 1
[MV-SI candidate 2905ae12aa1b6c8f1b16] {balanceOf, finishAt, rewardPerTokenStored, rewardRatio, rewards, totalSupply, updatedAt, userRewardPerTokenPaid}
 writer root       -> contracts/lybra/miner/stakerewardV2pool.sol::StakingRewardsV2.notifyRewardAmount(uint256)
 writer effect     -> contracts/lybra/miner/stakerewardV2pool.sol:134
 written member    -> ('SV', 'contracts/lybra/miner/stakerewardV2pool.sol', 'StakingRewardsV2.rewardRatio')
 potentially stale -> ('SV', 'contracts/lybra/miner/stakerewardV2pool.sol', 'StakingRewardsV2.balanceOf'), ('SV', 'contracts/lybra/miner/stakerewardV2pool.sol', 'StakingRewardsV2.finishAt'), ('SV', 'contracts/lybra/miner/stakerewardV2pool.sol', 'StakingRewardsV2.rewardPerTokenStored'), ('SV', 'contracts/lybra/miner/stakerewardV2pool.sol', 'StakingRewardsV2.rewards'), ('SV', 'contracts/lybra/miner/stakerewardV2pool.sol', 'StakingRewardsV2.totalSupply'), ('SV', 'contracts/lybra/miner/stakerewardV2pool.sol', 'StakingRewardsV2.updatedAt'), ('SV', 'contracts/lybra/miner/stakerewardV2pool.sol', 'StakingRewardsV2.userRewardPerTokenPaid')
 reader witnesses  -> 32
 storage exposures -> 1
[MV-SI candidate 2a1945fbb48a06573034] {finishAt, rewardPerTokenStored, rewardRatio, updatedAt}
 writer root       -> contracts/lybra/miner/EUSDMiningIncentives.sol::EUSDMiningIncentives.getReward()
 writer effect     -> contracts/lybra/miner/EUSDMiningIncentives.sol:74
 written member    -> ('SV', 'contracts/lybra/miner/EUSDMiningIncentives.sol', 'EUSDMiningIncentives.updatedAt')
 potentially stale -> ('SV', 'contracts/lybra/miner/EUSDMiningIncentives.sol', 'EUSDMiningIncentives.finishAt'), ('SV', 'contracts/lybra/miner/EUSDMiningIncentives.sol', 'EUSDMiningIncentives.rewardPerTokenStored'), ('SV', 'contracts/lybra/miner/EUSDMiningIncentives.sol', 'EUSDMiningIncentives.rewardRatio')
 reader witnesses  -> 20
 storage exposures -> 1
[MV-SI candidate 2c15d16bb81b51aaa029] {borrowed, depositedAsset, feeStored, feeUpdatedAt}
 writer root       -> contracts/lybra/pools/base/LybraPeUSDVaultBase.sol::LybraPeUSDVaultBase.burn(address,uint256)
 writer effect     -> contracts/lybra/pools/base/LybraPeUSDVaultBase.sol:206
 written member    -> ('SV', 'contracts/lybra/pools/base/LybraPeUSDVaultBase.sol', 'LybraPeUSDVaultBase.borrowed')
 potentially stale -> ('SV', 'contracts/lybra/pools/base/LybraPeUSDVaultBase.sol', 'LybraPeUSDVaultBase.depositedAsset'), ('SV', 'contracts/lybra/pools/base/LybraPeUSDVaultBase.sol', 'LybraPeUSDVaultBase.feeStored'), ('SV', 'contracts/lybra/pools/base/LybraPeUSDVaultBase.sol', 'LybraPeUSDVaultBase.feeUpdatedAt')
 reader witnesses  -> 36
 storage exposures -> 3
[MV-SI candidate 30005332d60c2840103d] {borrowed, feeStored, feeUpdatedAt}
 writer root       -> contracts/lybra/pools/base/LybraPeUSDVaultBase.sol::LybraPeUSDVaultBase.depositAssetToMint(uint256,uint256)
 writer effect     -> contracts/lybra/pools/base/LybraPeUSDVaultBase.sol:233
 written member    -> ('SV', 'contracts/lybra/pools/base/LybraPeUSDVaultBase.sol', 'LybraPeUSDVaultBase.feeUpdatedAt')
 potentially stale -> ('SV', 'contracts/lybra/pools/base/LybraPeUSDVaultBase.sol', 'LybraPeUSDVaultBase.borrowed'), ('SV', 'contracts/lybra/pools/base/LybraPeUSDVaultBase.sol', 'LybraPeUSDVaultBase.feeStored')
 reader witnesses  -> 24
 storage exposures -> 3
[MV-SI candidate 327d129a0abdfab84d60] {borrowed, depositedAsset, feeStored, feeUpdatedAt}
 writer root       -> contracts/lybra/pools/base/LybraPeUSDVaultBase.sol::LybraPeUSDVaultBase.depositAssetToMint(uint256,uint256)
 writer effect     -> contracts/lybra/pools/base/LybraPeUSDVaultBase.sol:232
 written member    -> ('SV', 'contracts/lybra/pools/base/LybraPeUSDVaultBase.sol', 'LybraPeUSDVaultBase.feeStored')
 potentially stale -> ('SV', 'contracts/lybra/pools/base/LybraPeUSDVaultBase.sol', 'LybraPeUSDVaultBase.borrowed'), ('SV', 'contracts/lybra/pools/base/LybraPeUSDVaultBase.sol', 'LybraPeUSDVaultBase.depositedAsset'), ('SV', 'contracts/lybra/pools/base/LybraPeUSDVaultBase.sol', 'LybraPeUSDVaultBase.feeUpdatedAt')
 reader witnesses  -> 36
 storage exposures -> 3
[MV-SI candidate 339447a71e87a0c47926] {borrowed, depositedAsset, feeStored, feeUpdatedAt}
 writer root       -> contracts/lybra/pools/base/LybraPeUSDVaultBase.sol::LybraPeUSDVaultBase.mint(address,uint256)
 writer effect     -> contracts/lybra/pools/base/LybraPeUSDVaultBase.sol:232
 written member    -> ('SV', 'contracts/lybra/pools/base/LybraPeUSDVaultBase.sol', 'LybraPeUSDVaultBase.feeStored')
 potentially stale -> ('SV', 'contracts/lybra/pools/base/LybraPeUSDVaultBase.sol', 'LybraPeUSDVaultBase.borrowed'), ('SV', 'contracts/lybra/pools/base/LybraPeUSDVaultBase.sol', 'LybraPeUSDVaultBase.depositedAsset'), ('SV', 'contracts/lybra/pools/base/LybraPeUSDVaultBase.sol', 'LybraPeUSDVaultBase.feeUpdatedAt')
 reader witnesses  -> 36
 storage exposures -> 3
[MV-SI candidate 37541ecc69755eb6d773] {borrowed, feeStored, feeUpdatedAt}
 writer root       -> contracts/lybra/pools/LybraRETHVault.sol::LybraRETHVault.depositEtherToMint(uint256)
 writer effect     -> contracts/lybra/pools/base/LybraPeUSDVaultBase.sol:233
 written member    -> ('SV', 'contracts/lybra/pools/base/LybraPeUSDVaultBase.sol', 'LybraPeUSDVaultBase.feeUpdatedAt')
 potentially stale -> ('SV', 'contracts/lybra/pools/base/LybraPeUSDVaultBase.sol', 'LybraPeUSDVaultBase.borrowed'), ('SV', 'contracts/lybra/pools/base/LybraPeUSDVaultBase.sol', 'LybraPeUSDVaultBase.feeStored')
 reader witnesses  -> 8
 storage exposures -> 1
[MV-SI candidate 38a4a1a6f58035ed16c5] {finishAt, rewardPerTokenStored, rewardRatio, updatedAt}
 writer root       -> contracts/lybra/miner/EUSDMiningIncentives.sol::EUSDMiningIncentives.refreshReward(address)
 writer effect     -> contracts/lybra/miner/EUSDMiningIncentives.sol:73
 written member    -> ('SV', 'contracts/lybra/miner/EUSDMiningIncentives.sol', 'EUSDMiningIncentives.rewardPerTokenStored')
 potentially stale -> ('SV', 'contracts/lybra/miner/EUSDMiningIncentives.sol', 'EUSDMiningIncentives.finishAt'), ('SV', 'contracts/lybra/miner/EUSDMiningIncentives.sol', 'EUSDMiningIncentives.rewardRatio'), ('SV', 'contracts/lybra/miner/EUSDMiningIncentives.sol', 'EUSDMiningIncentives.updatedAt')
 reader witnesses  -> 12
 storage exposures -> 1
[MV-SI candidate 38b59057dd33a260c05e] {borrowed, feeUpdatedAt}
 writer root       -> contracts/lybra/pools/base/LybraPeUSDVaultBase.sol::LybraPeUSDVaultBase.burn(address,uint256)
 writer effect     -> contracts/lybra/pools/base/LybraPeUSDVaultBase.sol:206
 written member    -> ('SV', 'contracts/lybra/pools/base/LybraPeUSDVaultBase.sol', 'LybraPeUSDVaultBase.borrowed')
 potentially stale -> ('SV', 'contracts/lybra/pools/base/LybraPeUSDVaultBase.sol', 'LybraPeUSDVaultBase.feeUpdatedAt')
 reader witnesses  -> 6
 storage exposures -> 3
[MV-SI candidate 3d31848c19c04974306c] {extraRatio, finishAt, peUSDExtraRatio, rewardPerTokenStored, rewardRatio, rewards, updatedAt, userRewardPerTokenPaid}
 writer root       -> contracts/lybra/miner/EUSDMiningIncentives.sol::EUSDMiningIncentives.getReward()
 writer effect     -> contracts/lybra/miner/EUSDMiningIncentives.sol:74
 written member    -> ('SV', 'contracts/lybra/miner/EUSDMiningIncentives.sol', 'EUSDMiningIncentives.updatedAt')
 potentially stale -> ('SV', 'contracts/lybra/miner/EUSDMiningIncentives.sol', 'EUSDMiningIncentives.extraRatio'), ('SV', 'contracts/lybra/miner/EUSDMiningIncentives.sol', 'EUSDMiningIncentives.finishAt'), ('SV', 'contracts/lybra/miner/EUSDMiningIncentives.sol', 'EUSDMiningIncentives.peUSDExtraRatio'), ('SV', 'contracts/lybra/miner/EUSDMiningIncentives.sol', 'EUSDMiningIncentives.rewardPerTokenStored'), ('SV', 'contracts/lybra/miner/EUSDMiningIncentives.sol', 'EUSDMiningIncentives.rewardRatio'), ('SV', 'contracts/lybra/miner/EUSDMiningIncentives.sol', 'EUSDMiningIncentives.rewards'), ('SV', 'contracts/lybra/miner/EUSDMiningIncentives.sol', 'EUSDMiningIncentives.userRewardPerTokenPaid')
 reader witnesses  -> 34
 storage exposures -> 1
[MV-SI candidate 3fb1d1fe8e77d3de293f] {lastReportTime, poolTotalEUSDCirculation}
 writer root       -> contracts/lybra/pools/base/LybraEUSDVaultBase.sol::LybraEUSDVaultBase.rigidRedemption(address,uint256)
 writer effect     -> contracts/lybra/pools/base/LybraEUSDVaultBase.sol:284
 written member    -> ('SV', 'contracts/lybra/pools/base/LybraEUSDVaultBase.sol', 'LybraEUSDVaultBase.poolTotalEUSDCirculation')
 potentially stale -> ('SV', 'contracts/lybra/pools/base/LybraEUSDVaultBase.sol', 'LybraEUSDVaultBase.lastReportTime')
 reader witnesses  -> 2
 storage exposures -> 1
[MV-SI candidate 4036cf0f825e55709dd9] {extraRatio, finishAt, peUSDExtraRatio, rewardPerTokenStored, rewardRatio, rewards, updatedAt, userRewardPerTokenPaid}
 writer root       -> contracts/lybra/miner/EUSDMiningIncentives.sol::EUSDMiningIncentives.notifyRewardAmount(uint256)
 writer effect     -> contracts/lybra/miner/EUSDMiningIncentives.sol:78
 written member    -> ('SV', 'contracts/lybra/miner/EUSDMiningIncentives.sol', 'EUSDMiningIncentives.userRewardPerTokenPaid')
 potentially stale -> ('SV', 'contracts/lybra/miner/EUSDMiningIncentives.sol', 'EUSDMiningIncentives.extraRatio'), ('SV', 'contracts/lybra/miner/EUSDMiningIncentives.sol', 'EUSDMiningIncentives.finishAt'), ('SV', 'contracts/lybra/miner/EUSDMiningIncentives.sol', 'EUSDMiningIncentives.peUSDExtraRatio'), ('SV', 'contracts/lybra/miner/EUSDMiningIncentives.sol', 'EUSDMiningIncentives.rewardPerTokenStored'), ('SV', 'contracts/lybra/miner/EUSDMiningIncentives.sol', 'EUSDMiningIncentives.rewardRatio'), ('SV', 'contracts/lybra/miner/EUSDMiningIncentives.sol', 'EUSDMiningIncentives.rewards'), ('SV', 'contracts/lybra/miner/EUSDMiningIncentives.sol', 'EUSDMiningIncentives.updatedAt')
 reader witnesses  -> 30
 storage exposures -> 1
[MV-SI candidate 40cc23bdaa8b93797449] {balanceOf, finishAt, rewardPerTokenStored, rewardRatio, rewards, totalSupply, updatedAt, userRewardPerTokenPaid}
 writer root       -> contracts/lybra/miner/stakerewardV2pool.sol::StakingRewardsV2.getReward()
 writer effect     -> contracts/lybra/miner/stakerewardV2pool.sol:57
 written member    -> ('SV', 'contracts/lybra/miner/stakerewardV2pool.sol', 'StakingRewardsV2.rewardPerTokenStored')
 potentially stale -> ('SV', 'contracts/lybra/miner/stakerewardV2pool.sol', 'StakingRewardsV2.balanceOf'), ('SV', 'contracts/lybra/miner/stakerewardV2pool.sol', 'StakingRewardsV2.finishAt'), ('SV', 'contracts/lybra/miner/stakerewardV2pool.sol', 'StakingRewardsV2.rewardRatio'), ('SV', 'contracts/lybra/miner/stakerewardV2pool.sol', 'StakingRewardsV2.rewards'), ('SV', 'contracts/lybra/miner/stakerewardV2pool.sol', 'StakingRewardsV2.totalSupply'), ('SV', 'contracts/lybra/miner/stakerewardV2pool.sol', 'StakingRewardsV2.updatedAt'), ('SV', 'contracts/lybra/miner/stakerewardV2pool.sol', 'StakingRewardsV2.userRewardPerTokenPaid')
 reader witnesses  -> 25
 storage exposures -> 1
[MV-SI candidate 4184dbd951fa972f3831] {borrowed, feeStored}
 writer root       -> contracts/lybra/pools/base/LybraPeUSDVaultBase.sol::LybraPeUSDVaultBase.rigidRedemption(address,uint256)
 writer effect     -> contracts/lybra/pools/base/LybraPeUSDVaultBase.sol:198
 written member    -> ('SV', 'contracts/lybra/pools/base/LybraPeUSDVaultBase.sol', 'LybraPeUSDVaultBase.feeStored')
 potentially stale -> ('SV', 'contracts/lybra/pools/base/LybraPeUSDVaultBase.sol', 'LybraPeUSDVaultBase.borrowed')
 reader witnesses  -> 18
 storage exposures -> 3
[MV-SI candidate 41960606758bcc28425c] {extraRatio, finishAt, peUSDExtraRatio, rewardPerTokenStored, rewardRatio, rewards, updatedAt, userRewardPerTokenPaid}
 writer root       -> contracts/lybra/miner/EUSDMiningIncentives.sol::EUSDMiningIncentives.purchaseOtherEarnings(address,bool)
 writer effect     -> contracts/lybra/miner/EUSDMiningIncentives.sol:74
 written member    -> ('SV', 'contracts/lybra/miner/EUSDMiningIncentives.sol', 'EUSDMiningIncentives.updatedAt')
 potentially stale -> ('SV', 'contracts/lybra/miner/EUSDMiningIncentives.sol', 'EUSDMiningIncentives.extraRatio'), ('SV', 'contracts/lybra/miner/EUSDMiningIncentives.sol', 'EUSDMiningIncentives.finishAt'), ('SV', 'contracts/lybra/miner/EUSDMiningIncentives.sol', 'EUSDMiningIncentives.peUSDExtraRatio'), ('SV', 'contracts/lybra/miner/EUSDMiningIncentives.sol', 'EUSDMiningIncentives.rewardPerTokenStored'), ('SV', 'contracts/lybra/miner/EUSDMiningIncentives.sol', 'EUSDMiningIncentives.rewardRatio'), ('SV', 'contracts/lybra/miner/EUSDMiningIncentives.sol', 'EUSDMiningIncentives.rewards'), ('SV', 'contracts/lybra/miner/EUSDMiningIncentives.sol', 'EUSDMiningIncentives.userRewardPerTokenPaid')
 reader witnesses  -> 34
 storage exposures -> 1
[MV-SI candidate 42b91b134d44120cbc03] {borrowed, feeStored}
 writer root       -> contracts/lybra/pools/base/LybraPeUSDVaultBase.sol::LybraPeUSDVaultBase.rigidRedemption(address,uint256)
 writer effect     -> contracts/lybra/pools/base/LybraPeUSDVaultBase.sol:232
 written member    -> ('SV', 'contracts/lybra/pools/base/LybraPeUSDVaultBase.sol', 'LybraPeUSDVaultBase.feeStored')
 potentially stale -> ('SV', 'contracts/lybra/pools/base/LybraPeUSDVaultBase.sol', 'LybraPeUSDVaultBase.borrowed')
 reader witnesses  -> 18
 storage exposures -> 3
[MV-SI candidate 42ba6c6fa649ef986187] {poolTotalEUSDCirculation, totalDepositedAsset}
 writer root       -> contracts/lybra/pools/base/LybraEUSDVaultBase.sol::LybraEUSDVaultBase.burn(address,uint256)
 writer effect     -> contracts/lybra/pools/base/LybraEUSDVaultBase.sol:284
 written member    -> ('SV', 'contracts/lybra/pools/base/LybraEUSDVaultBase.sol', 'LybraEUSDVaultBase.poolTotalEUSDCirculation')
 potentially stale -> ('SV', 'contracts/lybra/pools/base/LybraEUSDVaultBase.sol', 'LybraEUSDVaultBase.totalDepositedAsset')
 reader witnesses  -> 2
 storage exposures -> 1
[MV-SI candidate 44627d1a64faf3e41902] {feeStored, lastReportTime, lidoRebaseTime, poolTotalEUSDCirculation, totalDepositedAsset}
 writer root       -> contracts/lybra/pools/base/LybraEUSDVaultBase.sol::LybraEUSDVaultBase.depositAssetToMint(uint256,uint256)
 writer effect     -> contracts/lybra/pools/base/LybraEUSDVaultBase.sol:78
 written member    -> ('SV', 'contracts/lybra/pools/base/LybraEUSDVaultBase.sol', 'LybraEUSDVaultBase.totalDepositedAsset')
 potentially stale -> ('SV', 'contracts/lybra/pools/LybraStETHVault.sol', 'LybraStETHDepositVault.lidoRebaseTime'), ('SV', 'contracts/lybra/pools/base/LybraEUSDVaultBase.sol', 'LybraEUSDVaultBase.feeStored'), ('SV', 'contracts/lybra/pools/base/LybraEUSDVaultBase.sol', 'LybraEUSDVaultBase.lastReportTime'), ('SV', 'contracts/lybra/pools/base/LybraEUSDVaultBase.sol', 'LybraEUSDVaultBase.poolTotalEUSDCirculation')
 reader witnesses  -> 7
 storage exposures -> 1
[MV-SI candidate 44a1341d2a0df4c7a6b7] {borrowed, depositedAsset, feeStored, feeUpdatedAt}
 writer root       -> contracts/lybra/pools/base/LybraPeUSDVaultBase.sol::LybraPeUSDVaultBase.burn(address,uint256)
 writer effect     -> contracts/lybra/pools/base/LybraPeUSDVaultBase.sol:198
 written member    -> ('SV', 'contracts/lybra/pools/base/LybraPeUSDVaultBase.sol', 'LybraPeUSDVaultBase.feeStored')
 potentially stale -> ('SV', 'contracts/lybra/pools/base/LybraPeUSDVaultBase.sol', 'LybraPeUSDVaultBase.borrowed'), ('SV', 'contracts/lybra/pools/base/LybraPeUSDVaultBase.sol', 'LybraPeUSDVaultBase.depositedAsset'), ('SV', 'contracts/lybra/pools/base/LybraPeUSDVaultBase.sol', 'LybraPeUSDVaultBase.feeUpdatedAt')
 reader witnesses  -> 36
 storage exposures -> 3
[MV-SI candidate 44dbf250450757b42f6b] {extraRatio, finishAt, peUSDExtraRatio, rewardPerTokenStored, rewardRatio, rewards, updatedAt, userRewardPerTokenPaid}
 writer root       -> contracts/lybra/miner/EUSDMiningIncentives.sol::EUSDMiningIncentives.setPeUSDExtraRatio(uint256)
 writer effect     -> contracts/lybra/miner/EUSDMiningIncentives.sol:112
 written member    -> ('SV', 'contracts/lybra/miner/EUSDMiningIncentives.sol', 'EUSDMiningIncentives.peUSDExtraRatio')
 potentially stale -> ('SV', 'contracts/lybra/miner/EUSDMiningIncentives.sol', 'EUSDMiningIncentives.extraRatio'), ('SV', 'contracts/lybra/miner/EUSDMiningIncentives.sol', 'EUSDMiningIncentives.finishAt'), ('SV', 'contracts/lybra/miner/EUSDMiningIncentives.sol', 'EUSDMiningIncentives.rewardPerTokenStored'), ('SV', 'contracts/lybra/miner/EUSDMiningIncentives.sol', 'EUSDMiningIncentives.rewardRatio'), ('SV', 'contracts/lybra/miner/EUSDMiningIncentives.sol', 'EUSDMiningIncentives.rewards'), ('SV', 'contracts/lybra/miner/EUSDMiningIncentives.sol', 'EUSDMiningIncentives.updatedAt'), ('SV', 'contracts/lybra/miner/EUSDMiningIncentives.sol', 'EUSDMiningIncentives.userRewardPerTokenPaid')
 reader witnesses  -> 30
 storage exposures -> 1
[MV-SI candidate 465597487c059b02c357] {balanceOf, finishAt, rewardPerTokenStored, rewardRatio, rewards, totalSupply, updatedAt, userRewardPerTokenPaid}
 writer root       -> contracts/lybra/miner/stakerewardV2pool.sol::StakingRewardsV2.notifyRewardAmount(uint256)
 writer effect     -> contracts/lybra/miner/stakerewardV2pool.sol:57
 written member    -> ('SV', 'contracts/lybra/miner/stakerewardV2pool.sol', 'StakingRewardsV2.rewardPerTokenStored')
 potentially stale -> ('SV', 'contracts/lybra/miner/stakerewardV2pool.sol', 'StakingRewardsV2.balanceOf'), ('SV', 'contracts/lybra/miner/stakerewardV2pool.sol', 'StakingRewardsV2.finishAt'), ('SV', 'contracts/lybra/miner/stakerewardV2pool.sol', 'StakingRewardsV2.rewardRatio'), ('SV', 'contracts/lybra/miner/stakerewardV2pool.sol', 'StakingRewardsV2.rewards'), ('SV', 'contracts/lybra/miner/stakerewardV2pool.sol', 'StakingRewardsV2.totalSupply'), ('SV', 'contracts/lybra/miner/stakerewardV2pool.sol', 'StakingRewardsV2.updatedAt'), ('SV', 'contracts/lybra/miner/stakerewardV2pool.sol', 'StakingRewardsV2.userRewardPerTokenPaid')
 reader witnesses  -> 25
 storage exposures -> 1
[MV-SI candidate 49d60dec16941307a586] {borrowed, depositedAsset}
 writer root       -> contracts/lybra/pools/base/LybraPeUSDVaultBase.sol::LybraPeUSDVaultBase.liquidation(address,address,uint256)
 writer effect     -> contracts/lybra/pools/base/LybraPeUSDVaultBase.sol:206
 written member    -> ('SV', 'contracts/lybra/pools/base/LybraPeUSDVaultBase.sol', 'LybraPeUSDVaultBase.borrowed')
 potentially stale -> ('SV', 'contracts/lybra/pools/base/LybraPeUSDVaultBase.sol', 'LybraPeUSDVaultBase.depositedAsset')
 reader witnesses  -> 6
 storage exposures -> 3
[MV-SI candidate 4c1e07ff454126e92019] {rewardPerTokenStored, rewards, userRewardPerTokenPaid}
 writer root       -> contracts/lybra/miner/ProtocolRewardsPool.sol::ProtocolRewardsPool.notifyRewardAmount(uint256,uint256)
 writer effect     -> contracts/lybra/miner/ProtocolRewardsPool.sol:236
 written member    -> ('SV', 'contracts/lybra/miner/ProtocolRewardsPool.sol', 'ProtocolRewardsPool.rewardPerTokenStored')
 potentially stale -> ('SV', 'contracts/lybra/miner/ProtocolRewardsPool.sol', 'ProtocolRewardsPool.rewards'), ('SV', 'contracts/lybra/miner/ProtocolRewardsPool.sol', 'ProtocolRewardsPool.userRewardPerTokenPaid')
 reader witnesses  -> 3
 storage exposures -> 1
[MV-SI candidate 4c27888b65bc95a56474] {borrowed, feeStored, feeUpdatedAt}
 writer root       -> contracts/lybra/pools/LybraWstETHVault.sol::LybraWstETHVault.depositEtherToMint(uint256)
 writer effect     -> contracts/lybra/pools/base/LybraPeUSDVaultBase.sol:179
 written member    -> ('SV', 'contracts/lybra/pools/base/LybraPeUSDVaultBase.sol', 'LybraPeUSDVaultBase.borrowed')
 potentially stale -> ('SV', 'contracts/lybra/pools/base/LybraPeUSDVaultBase.sol', 'LybraPeUSDVaultBase.feeStored'), ('SV', 'contracts/lybra/pools/base/LybraPeUSDVaultBase.sol', 'LybraPeUSDVaultBase.feeUpdatedAt')
 reader witnesses  -> 8
 storage exposures -> 1
[MV-SI candidate 4ca25924e4c6368b94c3] {balanceOf, finishAt, rewardPerTokenStored, rewardRatio, rewards, totalSupply, updatedAt, userRewardPerTokenPaid}
 writer root       -> contracts/lybra/miner/stakerewardV2pool.sol::StakingRewardsV2.withdraw(uint256)
 writer effect     -> contracts/lybra/miner/stakerewardV2pool.sol:57
 written member    -> ('SV', 'contracts/lybra/miner/stakerewardV2pool.sol', 'StakingRewardsV2.rewardPerTokenStored')
 potentially stale -> ('SV', 'contracts/lybra/miner/stakerewardV2pool.sol', 'StakingRewardsV2.balanceOf'), ('SV', 'contracts/lybra/miner/stakerewardV2pool.sol', 'StakingRewardsV2.finishAt'), ('SV', 'contracts/lybra/miner/stakerewardV2pool.sol', 'StakingRewardsV2.rewardRatio'), ('SV', 'contracts/lybra/miner/stakerewardV2pool.sol', 'StakingRewardsV2.rewards'), ('SV', 'contracts/lybra/miner/stakerewardV2pool.sol', 'StakingRewardsV2.totalSupply'), ('SV', 'contracts/lybra/miner/stakerewardV2pool.sol', 'StakingRewardsV2.updatedAt'), ('SV', 'contracts/lybra/miner/stakerewardV2pool.sol', 'StakingRewardsV2.userRewardPerTokenPaid')
 reader witnesses  -> 25
 storage exposures -> 1
[MV-SI candidate 4cb173b93854495c897f] {poolTotalEUSDCirculation, totalDepositedAsset}
 writer root       -> contracts/lybra/pools/base/LybraEUSDVaultBase.sol::LybraEUSDVaultBase.liquidation(address,address,uint256)
 writer effect     -> contracts/lybra/pools/base/LybraEUSDVaultBase.sol:284
 written member    -> ('SV', 'contracts/lybra/pools/base/LybraEUSDVaultBase.sol', 'LybraEUSDVaultBase.poolTotalEUSDCirculation')
 potentially stale -> ('SV', 'contracts/lybra/pools/base/LybraEUSDVaultBase.sol', 'LybraEUSDVaultBase.totalDepositedAsset')
 reader witnesses  -> 2
 storage exposures -> 1
[MV-SI candidate 4ce1cb3c499a56e8b0a5] {poolTotalEUSDCirculation, totalDepositedAsset}
 writer root       -> contracts/lybra/pools/base/LybraEUSDVaultBase.sol::LybraEUSDVaultBase.rigidRedemption(address,uint256)
 writer effect     -> contracts/lybra/pools/base/LybraEUSDVaultBase.sol:284
 written member    -> ('SV', 'contracts/lybra/pools/base/LybraEUSDVaultBase.sol', 'LybraEUSDVaultBase.poolTotalEUSDCirculation')
 potentially stale -> ('SV', 'contracts/lybra/pools/base/LybraEUSDVaultBase.sol', 'LybraEUSDVaultBase.totalDepositedAsset')
 reader witnesses  -> 2
 storage exposures -> 1
[MV-SI candidate 4cf282c65a295d53cd35] {lastReportTime, poolTotalEUSDCirculation}
 writer root       -> contracts/lybra/pools/base/LybraEUSDVaultBase.sol::LybraEUSDVaultBase.liquidation(address,address,uint256)
 writer effect     -> contracts/lybra/pools/base/LybraEUSDVaultBase.sol:297
 written member    -> ('SV', 'contracts/lybra/pools/base/LybraEUSDVaultBase.sol', 'LybraEUSDVaultBase.lastReportTime')
 potentially stale -> ('SV', 'contracts/lybra/pools/base/LybraEUSDVaultBase.sol', 'LybraEUSDVaultBase.poolTotalEUSDCirculation')
 reader witnesses  -> 4
 storage exposures -> 1
[MV-SI candidate 4fd70dfdfdabbd13c123] {borrowed, feeStored, feeUpdatedAt}
 writer root       -> contracts/lybra/pools/LybraWstETHVault.sol::LybraWstETHVault.depositEtherToMint(uint256)
 writer effect     -> contracts/lybra/pools/base/LybraPeUSDVaultBase.sol:232
 written member    -> ('SV', 'contracts/lybra/pools/base/LybraPeUSDVaultBase.sol', 'LybraPeUSDVaultBase.feeStored')
 potentially stale -> ('SV', 'contracts/lybra/pools/base/LybraPeUSDVaultBase.sol', 'LybraPeUSDVaultBase.borrowed'), ('SV', 'contracts/lybra/pools/base/LybraPeUSDVaultBase.sol', 'LybraPeUSDVaultBase.feeUpdatedAt')
 reader witnesses  -> 8
 storage exposures -> 1
[MV-SI candidate 51ba98f9204a2eaf025d] {borrowed, depositedAsset, feeStored, feeUpdatedAt}
 writer root       -> contracts/lybra/pools/LybraRETHVault.sol::LybraRETHVault.depositEtherToMint(uint256)
 writer effect     -> contracts/lybra/pools/LybraRETHVault.sol:32
 written member    -> ('SV', 'contracts/lybra/pools/base/LybraPeUSDVaultBase.sol', 'LybraPeUSDVaultBase.depositedAsset')
 potentially stale -> ('SV', 'contracts/lybra/pools/base/LybraPeUSDVaultBase.sol', 'LybraPeUSDVaultBase.borrowed'), ('SV', 'contracts/lybra/pools/base/LybraPeUSDVaultBase.sol', 'LybraPeUSDVaultBase.feeStored'), ('SV', 'contracts/lybra/pools/base/LybraPeUSDVaultBase.sol', 'LybraPeUSDVaultBase.feeUpdatedAt')
 reader witnesses  -> 10
 storage exposures -> 1
[MV-SI candidate 52f12b1ddbdd9ddba5df] {extraRatio, finishAt, peUSDExtraRatio, rewardPerTokenStored, rewardRatio, rewards, updatedAt, userRewardPerTokenPaid}
 writer root       -> contracts/lybra/miner/EUSDMiningIncentives.sol::EUSDMiningIncentives.setExtraRatio(uint256)
 writer effect     -> contracts/lybra/miner/EUSDMiningIncentives.sol:107
 written member    -> ('SV', 'contracts/lybra/miner/EUSDMiningIncentives.sol', 'EUSDMiningIncentives.extraRatio')
 potentially stale -> ('SV', 'contracts/lybra/miner/EUSDMiningIncentives.sol', 'EUSDMiningIncentives.finishAt'), ('SV', 'contracts/lybra/miner/EUSDMiningIncentives.sol', 'EUSDMiningIncentives.peUSDExtraRatio'), ('SV', 'contracts/lybra/miner/EUSDMiningIncentives.sol', 'EUSDMiningIncentives.rewardPerTokenStored'), ('SV', 'contracts/lybra/miner/EUSDMiningIncentives.sol', 'EUSDMiningIncentives.rewardRatio'), ('SV', 'contracts/lybra/miner/EUSDMiningIncentives.sol', 'EUSDMiningIncentives.rewards'), ('SV', 'contracts/lybra/miner/EUSDMiningIncentives.sol', 'EUSDMiningIncentives.updatedAt'), ('SV', 'contracts/lybra/miner/EUSDMiningIncentives.sol', 'EUSDMiningIncentives.userRewardPerTokenPaid')
 reader witnesses  -> 30
 storage exposures -> 1
[MV-SI candidate 5533af5c0a5908b914dc] {borrowed, feeStored, feeUpdatedAt}
 writer root       -> contracts/lybra/pools/LybraWstETHVault.sol::LybraWstETHVault.depositEtherToMint(uint256)
 writer effect     -> contracts/lybra/pools/base/LybraPeUSDVaultBase.sol:233
 written member    -> ('SV', 'contracts/lybra/pools/base/LybraPeUSDVaultBase.sol', 'LybraPeUSDVaultBase.feeUpdatedAt')
 potentially stale -> ('SV', 'contracts/lybra/pools/base/LybraPeUSDVaultBase.sol', 'LybraPeUSDVaultBase.borrowed'), ('SV', 'contracts/lybra/pools/base/LybraPeUSDVaultBase.sol', 'LybraPeUSDVaultBase.feeStored')
 reader witnesses  -> 8
 storage exposures -> 1
[MV-SI candidate 55926f5a8e5420796bc6] {finishAt, rewardPerTokenStored, rewardRatio, updatedAt}
 writer root       -> contracts/lybra/miner/EUSDMiningIncentives.sol::EUSDMiningIncentives.purchaseOtherEarnings(address,bool)
 writer effect     -> contracts/lybra/miner/EUSDMiningIncentives.sol:74
 written member    -> ('SV', 'contracts/lybra/miner/EUSDMiningIncentives.sol', 'EUSDMiningIncentives.updatedAt')
 potentially stale -> ('SV', 'contracts/lybra/miner/EUSDMiningIncentives.sol', 'EUSDMiningIncentives.finishAt'), ('SV', 'contracts/lybra/miner/EUSDMiningIncentives.sol', 'EUSDMiningIncentives.rewardPerTokenStored'), ('SV', 'contracts/lybra/miner/EUSDMiningIncentives.sol', 'EUSDMiningIncentives.rewardRatio')
 reader witnesses  -> 20
 storage exposures -> 1
[MV-SI candidate 56b3cd246592b5555dae] {balanceOf, finishAt, rewardPerTokenStored, rewardRatio, rewards, totalSupply, updatedAt, userRewardPerTokenPaid}
 writer root       -> contracts/lybra/miner/stakerewardV2pool.sol::StakingRewardsV2.getReward()
 writer effect     -> contracts/lybra/miner/stakerewardV2pool.sol:114
 written member    -> ('SV', 'contracts/lybra/miner/stakerewardV2pool.sol', 'StakingRewardsV2.rewards')
 potentially stale -> ('SV', 'contracts/lybra/miner/stakerewardV2pool.sol', 'StakingRewardsV2.balanceOf'), ('SV', 'contracts/lybra/miner/stakerewardV2pool.sol', 'StakingRewardsV2.finishAt'), ('SV', 'contracts/lybra/miner/stakerewardV2pool.sol', 'StakingRewardsV2.rewardPerTokenStored'), ('SV', 'contracts/lybra/miner/stakerewardV2pool.sol', 'StakingRewardsV2.rewardRatio'), ('SV', 'contracts/lybra/miner/stakerewardV2pool.sol', 'StakingRewardsV2.totalSupply'), ('SV', 'contracts/lybra/miner/stakerewardV2pool.sol', 'StakingRewardsV2.updatedAt'), ('SV', 'contracts/lybra/miner/stakerewardV2pool.sol', 'StakingRewardsV2.userRewardPerTokenPaid')
 reader witnesses  -> 32
 storage exposures -> 1
[MV-SI candidate 57edb5975d538c35b837] {borrowed, depositedAsset, feeStored, feeUpdatedAt}
 writer root       -> contracts/lybra/pools/LybraWbETHVault.sol::LybraWBETHVault.depositEtherToMint(uint256)
 writer effect     -> contracts/lybra/pools/base/LybraPeUSDVaultBase.sol:233
 written member    -> ('SV', 'contracts/lybra/pools/base/LybraPeUSDVaultBase.sol', 'LybraPeUSDVaultBase.feeUpdatedAt')
 potentially stale -> ('SV', 'contracts/lybra/pools/base/LybraPeUSDVaultBase.sol', 'LybraPeUSDVaultBase.borrowed'), ('SV', 'contracts/lybra/pools/base/LybraPeUSDVaultBase.sol', 'LybraPeUSDVaultBase.depositedAsset'), ('SV', 'contracts/lybra/pools/base/LybraPeUSDVaultBase.sol', 'LybraPeUSDVaultBase.feeStored')
 reader witnesses  -> 12
 storage exposures -> 1
[MV-SI candidate 59126b506018521e7f9a] {borrowed, feeStored, feeUpdatedAt}
 writer root       -> contracts/lybra/pools/base/LybraPeUSDVaultBase.sol::LybraPeUSDVaultBase.liquidation(address,address,uint256)
 writer effect     -> contracts/lybra/pools/base/LybraPeUSDVaultBase.sol:202
 written member    -> ('SV', 'contracts/lybra/pools/base/LybraPeUSDVaultBase.sol', 'LybraPeUSDVaultBase.feeStored')
 potentially stale -> ('SV', 'contracts/lybra/pools/base/LybraPeUSDVaultBase.sol', 'LybraPeUSDVaultBase.borrowed'), ('SV', 'contracts/lybra/pools/base/LybraPeUSDVaultBase.sol', 'LybraPeUSDVaultBase.feeUpdatedAt')
 reader witnesses  -> 24
 storage exposures -> 3
[MV-SI candidate 594a7ad46468c93031b4] {extraRatio, finishAt, peUSDExtraRatio, rewardPerTokenStored, rewardRatio, rewards, updatedAt, userRewardPerTokenPaid}
 writer root       -> contracts/lybra/miner/EUSDMiningIncentives.sol::EUSDMiningIncentives.purchaseOtherEarnings(address,bool)
 writer effect     -> contracts/lybra/miner/EUSDMiningIncentives.sol:209
 written member    -> ('SV', 'contracts/lybra/miner/EUSDMiningIncentives.sol', 'EUSDMiningIncentives.rewards')
 potentially stale -> ('SV', 'contracts/lybra/miner/EUSDMiningIncentives.sol', 'EUSDMiningIncentives.extraRatio'), ('SV', 'contracts/lybra/miner/EUSDMiningIncentives.sol', 'EUSDMiningIncentives.finishAt'), ('SV', 'contracts/lybra/miner/EUSDMiningIncentives.sol', 'EUSDMiningIncentives.peUSDExtraRatio'), ('SV', 'contracts/lybra/miner/EUSDMiningIncentives.sol', 'EUSDMiningIncentives.rewardPerTokenStored'), ('SV', 'contracts/lybra/miner/EUSDMiningIncentives.sol', 'EUSDMiningIncentives.rewardRatio'), ('SV', 'contracts/lybra/miner/EUSDMiningIncentives.sol', 'EUSDMiningIncentives.updatedAt'), ('SV', 'contracts/lybra/miner/EUSDMiningIncentives.sol', 'EUSDMiningIncentives.userRewardPerTokenPaid')
 reader witnesses  -> 32
 storage exposures -> 1
[MV-SI candidate 59f0463f8819e2db8f1b] {borrowed, depositedAsset, feeStored, feeUpdatedAt}
 writer root       -> contracts/lybra/pools/LybraWstETHVault.sol::LybraWstETHVault.depositEtherToMint(uint256)
 writer effect     -> contracts/lybra/pools/base/LybraPeUSDVaultBase.sol:233
 written member    -> ('SV', 'contracts/lybra/pools/base/LybraPeUSDVaultBase.sol', 'LybraPeUSDVaultBase.feeUpdatedAt')
 potentially stale -> ('SV', 'contracts/lybra/pools/base/LybraPeUSDVaultBase.sol', 'LybraPeUSDVaultBase.borrowed'), ('SV', 'contracts/lybra/pools/base/LybraPeUSDVaultBase.sol', 'LybraPeUSDVaultBase.depositedAsset'), ('SV', 'contracts/lybra/pools/base/LybraPeUSDVaultBase.sol', 'LybraPeUSDVaultBase.feeStored')
 reader witnesses  -> 12
 storage exposures -> 1
[MV-SI candidate 5a3d02d557bce0a4497f] {borrowed, depositedAsset, feeStored, feeUpdatedAt}
 writer root       -> contracts/lybra/pools/LybraWstETHVault.sol::LybraWstETHVault.depositEtherToMint(uint256)
 writer effect     -> contracts/lybra/pools/base/LybraPeUSDVaultBase.sol:179
 written member    -> ('SV', 'contracts/lybra/pools/base/LybraPeUSDVaultBase.sol', 'LybraPeUSDVaultBase.borrowed')
 potentially stale -> ('SV', 'contracts/lybra/pools/base/LybraPeUSDVaultBase.sol', 'LybraPeUSDVaultBase.depositedAsset'), ('SV', 'contracts/lybra/pools/base/LybraPeUSDVaultBase.sol', 'LybraPeUSDVaultBase.feeStored'), ('SV', 'contracts/lybra/pools/base/LybraPeUSDVaultBase.sol', 'LybraPeUSDVaultBase.feeUpdatedAt')
 reader witnesses  -> 12
 storage exposures -> 1
[MV-SI candidate 5a8f8f6149670b14f0f8] {borrowed, depositedAsset}
 writer root       -> contracts/lybra/pools/base/LybraPeUSDVaultBase.sol::LybraPeUSDVaultBase.liquidation(address,address,uint256)
 writer effect     -> contracts/lybra/pools/base/LybraPeUSDVaultBase.sol:136
 written member    -> ('SV', 'contracts/lybra/pools/base/LybraPeUSDVaultBase.sol', 'LybraPeUSDVaultBase.depositedAsset')
 potentially stale -> ('SV', 'contracts/lybra/pools/base/LybraPeUSDVaultBase.sol', 'LybraPeUSDVaultBase.borrowed')
 reader witnesses  -> 9
 storage exposures -> 3
[MV-SI candidate 5aaca771d0865285bf54] {poolTotalEUSDCirculation, totalDepositedAsset}
 writer root       -> contracts/lybra/pools/LybraStETHVault.sol::LybraStETHDepositVault.depositEtherToMint(uint256)
 writer effect     -> contracts/lybra/pools/base/LybraEUSDVaultBase.sol:266
 written member    -> ('SV', 'contracts/lybra/pools/base/LybraEUSDVaultBase.sol', 'LybraEUSDVaultBase.poolTotalEUSDCirculation')
 potentially stale -> ('SV', 'contracts/lybra/pools/base/LybraEUSDVaultBase.sol', 'LybraEUSDVaultBase.totalDepositedAsset')
 reader witnesses  -> 2
 storage exposures -> 1
[MV-SI candidate 5b52198c142b363bc2e6] {lastReportTime, poolTotalEUSDCirculation}
 writer root       -> contracts/lybra/pools/LybraStETHVault.sol::LybraStETHDepositVault.excessIncomeDistribution(uint256)
 writer effect     -> contracts/lybra/pools/LybraStETHVault.sol:92
 written member    -> ('SV', 'contracts/lybra/pools/base/LybraEUSDVaultBase.sol', 'LybraEUSDVaultBase.lastReportTime')
 potentially stale -> ('SV', 'contracts/lybra/pools/base/LybraEUSDVaultBase.sol', 'LybraEUSDVaultBase.poolTotalEUSDCirculation')
 reader witnesses  -> 4
 storage exposures -> 1
[MV-SI candidate 5d5366783f0969837d56] {borrowed, feeStored, feeUpdatedAt}
 writer root       -> contracts/lybra/pools/base/LybraPeUSDVaultBase.sol::LybraPeUSDVaultBase.rigidRedemption(address,uint256)
 writer effect     -> contracts/lybra/pools/base/LybraPeUSDVaultBase.sol:233
 written member    -> ('SV', 'contracts/lybra/pools/base/LybraPeUSDVaultBase.sol', 'LybraPeUSDVaultBase.feeUpdatedAt')
 potentially stale -> ('SV', 'contracts/lybra/pools/base/LybraPeUSDVaultBase.sol', 'LybraPeUSDVaultBase.borrowed'), ('SV', 'contracts/lybra/pools/base/LybraPeUSDVaultBase.sol', 'LybraPeUSDVaultBase.feeStored')
 reader witnesses  -> 24
 storage exposures -> 3
[MV-SI candidate 5e025614c8cc4ac44e16] {borrowed, depositedAsset, feeStored, feeUpdatedAt}
 writer root       -> contracts/lybra/pools/base/LybraPeUSDVaultBase.sol::LybraPeUSDVaultBase.rigidRedemption(address,uint256)
 writer effect     -> contracts/lybra/pools/base/LybraPeUSDVaultBase.sol:233
 written member    -> ('SV', 'contracts/lybra/pools/base/LybraPeUSDVaultBase.sol', 'LybraPeUSDVaultBase.feeUpdatedAt')
 potentially stale -> ('SV', 'contracts/lybra/pools/base/LybraPeUSDVaultBase.sol', 'LybraPeUSDVaultBase.borrowed'), ('SV', 'contracts/lybra/pools/base/LybraPeUSDVaultBase.sol', 'LybraPeUSDVaultBase.depositedAsset'), ('SV', 'contracts/lybra/pools/base/LybraPeUSDVaultBase.sol', 'LybraPeUSDVaultBase.feeStored')
 reader witnesses  -> 36
 storage exposures -> 3
[MV-SI candidate 5e7286dcd1b0ef87bf74] {borrowed, feeStored}
 writer root       -> contracts/lybra/pools/base/LybraPeUSDVaultBase.sol::LybraPeUSDVaultBase.rigidRedemption(address,uint256)
 writer effect     -> contracts/lybra/pools/base/LybraPeUSDVaultBase.sol:206
 written member    -> ('SV', 'contracts/lybra/pools/base/LybraPeUSDVaultBase.sol', 'LybraPeUSDVaultBase.borrowed')
 potentially stale -> ('SV', 'contracts/lybra/pools/base/LybraPeUSDVaultBase.sol', 'LybraPeUSDVaultBase.feeStored')
 reader witnesses  -> 12
 storage exposures -> 3
[MV-SI candidate 61192b1eed659818148e] {borrowed, depositedAsset}
 writer root       -> contracts/lybra/pools/LybraStETHVault.sol::LybraStETHDepositVault.depositEtherToMint(uint256)
 writer effect     -> contracts/lybra/pools/LybraStETHVault.sol:44
 written member    -> ('SV', 'contracts/lybra/pools/base/LybraEUSDVaultBase.sol', 'LybraEUSDVaultBase.depositedAsset')
 potentially stale -> ('SV', 'contracts/lybra/pools/base/LybraEUSDVaultBase.sol', 'LybraEUSDVaultBase.borrowed')
 reader witnesses  -> 14
 storage exposures -> 1
[MV-SI candidate 61803ec5fe9a6858dc08] {balanceOf, finishAt, rewardPerTokenStored, rewardRatio, rewards, totalSupply, updatedAt, userRewardPerTokenPaid}
 writer root       -> contracts/lybra/miner/stakerewardV2pool.sol::StakingRewardsV2.stake(uint256)
 writer effect     -> contracts/lybra/miner/stakerewardV2pool.sol:88
 written member    -> ('SV', 'contracts/lybra/miner/stakerewardV2pool.sol', 'StakingRewardsV2.totalSupply')
 potentially stale -> ('SV', 'contracts/lybra/miner/stakerewardV2pool.sol', 'StakingRewardsV2.balanceOf'), ('SV', 'contracts/lybra/miner/stakerewardV2pool.sol', 'StakingRewardsV2.finishAt'), ('SV', 'contracts/lybra/miner/stakerewardV2pool.sol', 'StakingRewardsV2.rewardPerTokenStored'), ('SV', 'contracts/lybra/miner/stakerewardV2pool.sol', 'StakingRewardsV2.rewardRatio'), ('SV', 'contracts/lybra/miner/stakerewardV2pool.sol', 'StakingRewardsV2.rewards'), ('SV', 'contracts/lybra/miner/stakerewardV2pool.sol', 'StakingRewardsV2.updatedAt'), ('SV', 'contracts/lybra/miner/stakerewardV2pool.sol', 'StakingRewardsV2.userRewardPerTokenPaid')
 reader witnesses  -> 27
 storage exposures -> 1
[MV-SI candidate 61ee0f9dd6fe5f7e8acd] {borrowed, feeStored}
 writer root       -> contracts/lybra/pools/LybraWbETHVault.sol::LybraWBETHVault.depositEtherToMint(uint256)
 writer effect     -> contracts/lybra/pools/base/LybraPeUSDVaultBase.sol:232
 written member    -> ('SV', 'contracts/lybra/pools/base/LybraPeUSDVaultBase.sol', 'LybraPeUSDVaultBase.feeStored')
 potentially stale -> ('SV', 'contracts/lybra/pools/base/LybraPeUSDVaultBase.sol', 'LybraPeUSDVaultBase.borrowed')
 reader witnesses  -> 6
 storage exposures -> 1
[MV-SI candidate 63a9f690cef15003fd61] {borrowed, depositedAsset}
 writer root       -> contracts/lybra/pools/base/LybraEUSDVaultBase.sol::LybraEUSDVaultBase.superLiquidation(address,address,uint256)
 writer effect     -> contracts/lybra/pools/base/LybraEUSDVaultBase.sol:282
 written member    -> ('SV', 'contracts/lybra/pools/base/LybraEUSDVaultBase.sol', 'LybraEUSDVaultBase.borrowed')
 potentially stale -> ('SV', 'contracts/lybra/pools/base/LybraEUSDVaultBase.sol', 'LybraEUSDVaultBase.depositedAsset')
 reader witnesses  -> 14
 storage exposures -> 1
[MV-SI candidate 63db115d0c367e405564] {borrowed, feeStored}
 writer root       -> contracts/lybra/pools/LybraWstETHVault.sol::LybraWstETHVault.depositEtherToMint(uint256)
 writer effect     -> contracts/lybra/pools/base/LybraPeUSDVaultBase.sol:232
 written member    -> ('SV', 'contracts/lybra/pools/base/LybraPeUSDVaultBase.sol', 'LybraPeUSDVaultBase.feeStored')
 potentially stale -> ('SV', 'contracts/lybra/pools/base/LybraPeUSDVaultBase.sol', 'LybraPeUSDVaultBase.borrowed')
 reader witnesses  -> 6
 storage exposures -> 1
[MV-SI candidate 63f02245d391d3d1a7fa] {poolTotalEUSDCirculation, totalDepositedAsset}
 writer root       -> contracts/lybra/pools/base/LybraEUSDVaultBase.sol::LybraEUSDVaultBase.rigidRedemption(address,uint256)
 writer effect     -> contracts/lybra/pools/base/LybraEUSDVaultBase.sol:241
 written member    -> ('SV', 'contracts/lybra/pools/base/LybraEUSDVaultBase.sol', 'LybraEUSDVaultBase.totalDepositedAsset')
 potentially stale -> ('SV', 'contracts/lybra/pools/base/LybraEUSDVaultBase.sol', 'LybraEUSDVaultBase.poolTotalEUSDCirculation')
 reader witnesses  -> 4
 storage exposures -> 1
[MV-SI candidate 65da3ad226b5afcaf3d7] {borrowed, depositedAsset}
 writer root       -> contracts/lybra/pools/base/LybraPeUSDVaultBase.sol::LybraPeUSDVaultBase.rigidRedemption(address,uint256)
 writer effect     -> contracts/lybra/pools/base/LybraPeUSDVaultBase.sol:165
 written member    -> ('SV', 'contracts/lybra/pools/base/LybraPeUSDVaultBase.sol', 'LybraPeUSDVaultBase.depositedAsset')
 potentially stale -> ('SV', 'contracts/lybra/pools/base/LybraPeUSDVaultBase.sol', 'LybraPeUSDVaultBase.borrowed')
 reader witnesses  -> 9
 storage exposures -> 3
[MV-SI candidate 668940a4db074129c93d] {feeStored, lastReportTime, lidoRebaseTime, poolTotalEUSDCirculation, totalDepositedAsset}
 writer root       -> contracts/lybra/pools/LybraStETHVault.sol::LybraStETHDepositVault.excessIncomeDistribution(uint256)
 writer effect     -> contracts/lybra/pools/LybraStETHVault.sol:92
 written member    -> ('SV', 'contracts/lybra/pools/base/LybraEUSDVaultBase.sol', 'LybraEUSDVaultBase.lastReportTime')
 potentially stale -> ('SV', 'contracts/lybra/pools/LybraStETHVault.sol', 'LybraStETHDepositVault.lidoRebaseTime'), ('SV', 'contracts/lybra/pools/base/LybraEUSDVaultBase.sol', 'LybraEUSDVaultBase.feeStored'), ('SV', 'contracts/lybra/pools/base/LybraEUSDVaultBase.sol', 'LybraEUSDVaultBase.poolTotalEUSDCirculation'), ('SV', 'contracts/lybra/pools/base/LybraEUSDVaultBase.sol', 'LybraEUSDVaultBase.totalDepositedAsset')
 reader witnesses  -> 9
 storage exposures -> 1
[MV-SI candidate 66a446812b94e3b5ece5] {borrowed, depositedAsset}
 writer root       -> contracts/lybra/pools/base/LybraEUSDVaultBase.sol::LybraEUSDVaultBase.withdraw(address,uint256)
 writer effect     -> contracts/lybra/pools/base/LybraEUSDVaultBase.sol:103
 written member    -> ('SV', 'contracts/lybra/pools/base/LybraEUSDVaultBase.sol', 'LybraEUSDVaultBase.depositedAsset')
 potentially stale -> ('SV', 'contracts/lybra/pools/base/LybraEUSDVaultBase.sol', 'LybraEUSDVaultBase.borrowed')
 reader witnesses  -> 14
 storage exposures -> 1
[MV-SI candidate 6826c96e79f9fa580af5] {borrowed, feeStored, feeUpdatedAt}
 writer root       -> contracts/lybra/pools/base/LybraPeUSDVaultBase.sol::LybraPeUSDVaultBase.rigidRedemption(address,uint256)
 writer effect     -> contracts/lybra/pools/base/LybraPeUSDVaultBase.sol:206
 written member    -> ('SV', 'contracts/lybra/pools/base/LybraPeUSDVaultBase.sol', 'LybraPeUSDVaultBase.borrowed')
 potentially stale -> ('SV', 'contracts/lybra/pools/base/LybraPeUSDVaultBase.sol', 'LybraPeUSDVaultBase.feeStored'), ('SV', 'contracts/lybra/pools/base/LybraPeUSDVaultBase.sol', 'LybraPeUSDVaultBase.feeUpdatedAt')
 reader witnesses  -> 24
 storage exposures -> 3
[MV-SI candidate 691195b0fec892902295] {borrowed, depositedAsset, feeStored, feeUpdatedAt}
 writer root       -> contracts/lybra/pools/base/LybraPeUSDVaultBase.sol::LybraPeUSDVaultBase.mint(address,uint256)
 writer effect     -> contracts/lybra/pools/base/LybraPeUSDVaultBase.sol:233
 written member    -> ('SV', 'contracts/lybra/pools/base/LybraPeUSDVaultBase.sol', 'LybraPeUSDVaultBase.feeUpdatedAt')
 potentially stale -> ('SV', 'contracts/lybra/pools/base/LybraPeUSDVaultBase.sol', 'LybraPeUSDVaultBase.borrowed'), ('SV', 'contracts/lybra/pools/base/LybraPeUSDVaultBase.sol', 'LybraPeUSDVaultBase.depositedAsset'), ('SV', 'contracts/lybra/pools/base/LybraPeUSDVaultBase.sol', 'LybraPeUSDVaultBase.feeStored')
 reader witnesses  -> 36
 storage exposures -> 3
[MV-SI candidate 69ef41aa1359a20327ee] {finishAt, rewardPerTokenStored, rewardRatio, totalSupply, updatedAt}
 writer root       -> contracts/lybra/miner/stakerewardV2pool.sol::StakingRewardsV2.stake(uint256)
 writer effect     -> contracts/lybra/miner/stakerewardV2pool.sol:57
 written member    -> ('SV', 'contracts/lybra/miner/stakerewardV2pool.sol', 'StakingRewardsV2.rewardPerTokenStored')
 potentially stale -> ('SV', 'contracts/lybra/miner/stakerewardV2pool.sol', 'StakingRewardsV2.finishAt'), ('SV', 'contracts/lybra/miner/stakerewardV2pool.sol', 'StakingRewardsV2.rewardRatio'), ('SV', 'contracts/lybra/miner/stakerewardV2pool.sol', 'StakingRewardsV2.totalSupply'), ('SV', 'contracts/lybra/miner/stakerewardV2pool.sol', 'StakingRewardsV2.updatedAt')
 reader witnesses  -> 18
 storage exposures -> 1
[MV-SI candidate 6b336a7046fbed54675d] {rewardPerTokenStored, rewards, userRewardPerTokenPaid}
 writer root       -> contracts/lybra/miner/ProtocolRewardsPool.sol::ProtocolRewardsPool.notifyRewardAmount(uint256,uint256)
 writer effect     -> contracts/lybra/miner/ProtocolRewardsPool.sol:233
 written member    -> ('SV', 'contracts/lybra/miner/ProtocolRewardsPool.sol', 'ProtocolRewardsPool.rewardPerTokenStored')
 potentially stale -> ('SV', 'contracts/lybra/miner/ProtocolRewardsPool.sol', 'ProtocolRewardsPool.rewards'), ('SV', 'contracts/lybra/miner/ProtocolRewardsPool.sol', 'ProtocolRewardsPool.userRewardPerTokenPaid')
 reader witnesses  -> 3
 storage exposures -> 1
[MV-SI candidate 6b66749292058ffa8fb0] {finishAt, rewardPerTokenStored, rewardRatio, updatedAt}
 writer root       -> contracts/lybra/miner/EUSDMiningIncentives.sol::EUSDMiningIncentives.refreshReward(address)
 writer effect     -> contracts/lybra/miner/EUSDMiningIncentives.sol:74
 written member    -> ('SV', 'contracts/lybra/miner/EUSDMiningIncentives.sol', 'EUSDMiningIncentives.updatedAt')
 potentially stale -> ('SV', 'contracts/lybra/miner/EUSDMiningIncentives.sol', 'EUSDMiningIncentives.finishAt'), ('SV', 'contracts/lybra/miner/EUSDMiningIncentives.sol', 'EUSDMiningIncentives.rewardPerTokenStored'), ('SV', 'contracts/lybra/miner/EUSDMiningIncentives.sol', 'EUSDMiningIncentives.rewardRatio')
 reader witnesses  -> 20
 storage exposures -> 1
[MV-SI candidate 6bb2827a64ced0b1a38b] {balanceOf, finishAt, rewardPerTokenStored, rewardRatio, rewards, totalSupply, updatedAt, userRewardPerTokenPaid}
 writer root       -> contracts/lybra/miner/stakerewardV2pool.sol::StakingRewardsV2.notifyRewardAmount(uint256)
 writer effect     -> contracts/lybra/miner/stakerewardV2pool.sol:143
 written member    -> ('SV', 'contracts/lybra/miner/stakerewardV2pool.sol', 'StakingRewardsV2.updatedAt')
 potentially stale -> ('SV', 'contracts/lybra/miner/stakerewardV2pool.sol', 'StakingRewardsV2.balanceOf'), ('SV', 'contracts/lybra/miner/stakerewardV2pool.sol', 'StakingRewardsV2.finishAt'), ('SV', 'contracts/lybra/miner/stakerewardV2pool.sol', 'StakingRewardsV2.rewardPerTokenStored'), ('SV', 'contracts/lybra/miner/stakerewardV2pool.sol', 'StakingRewardsV2.rewardRatio'), ('SV', 'contracts/lybra/miner/stakerewardV2pool.sol', 'StakingRewardsV2.rewards'), ('SV', 'contracts/lybra/miner/stakerewardV2pool.sol', 'StakingRewardsV2.totalSupply'), ('SV', 'contracts/lybra/miner/stakerewardV2pool.sol', 'StakingRewardsV2.userRewardPerTokenPaid')
 reader witnesses  -> 33
 storage exposures -> 1
[MV-SI candidate 6bb84b0a1c5348e9705b] {borrowed, feeStored}
 writer root       -> contracts/lybra/pools/base/LybraPeUSDVaultBase.sol::LybraPeUSDVaultBase.liquidation(address,address,uint256)
 writer effect     -> contracts/lybra/pools/base/LybraPeUSDVaultBase.sol:206
 written member    -> ('SV', 'contracts/lybra/pools/base/LybraPeUSDVaultBase.sol', 'LybraPeUSDVaultBase.borrowed')
 potentially stale -> ('SV', 'contracts/lybra/pools/base/LybraPeUSDVaultBase.sol', 'LybraPeUSDVaultBase.feeStored')
 reader witnesses  -> 12
 storage exposures -> 3
[MV-SI candidate 6c0f43df18d430284bc9] {borrowed, feeStored, feeUpdatedAt}
 writer root       -> contracts/lybra/pools/base/LybraPeUSDVaultBase.sol::LybraPeUSDVaultBase.mint(address,uint256)
 writer effect     -> contracts/lybra/pools/base/LybraPeUSDVaultBase.sol:233
 written member    -> ('SV', 'contracts/lybra/pools/base/LybraPeUSDVaultBase.sol', 'LybraPeUSDVaultBase.feeUpdatedAt')
 potentially stale -> ('SV', 'contracts/lybra/pools/base/LybraPeUSDVaultBase.sol', 'LybraPeUSDVaultBase.borrowed'), ('SV', 'contracts/lybra/pools/base/LybraPeUSDVaultBase.sol', 'LybraPeUSDVaultBase.feeStored')
 reader witnesses  -> 24
 storage exposures -> 3
[MV-SI candidate 6d38533d0f0e539298ed] {extraRatio, finishAt, peUSDExtraRatio, rewardPerTokenStored, rewardRatio, rewards, updatedAt, userRewardPerTokenPaid}
 writer root       -> contracts/lybra/miner/EUSDMiningIncentives.sol::EUSDMiningIncentives.notifyRewardAmount(uint256)
 writer effect     -> contracts/lybra/miner/EUSDMiningIncentives.sol:234
 written member    -> ('SV', 'contracts/lybra/miner/EUSDMiningIncentives.sol', 'EUSDMiningIncentives.rewardRatio')
 potentially stale -> ('SV', 'contracts/lybra/miner/EUSDMiningIncentives.sol', 'EUSDMiningIncentives.extraRatio'), ('SV', 'contracts/lybra/miner/EUSDMiningIncentives.sol', 'EUSDMiningIncentives.finishAt'), ('SV', 'contracts/lybra/miner/EUSDMiningIncentives.sol', 'EUSDMiningIncentives.peUSDExtraRatio'), ('SV', 'contracts/lybra/miner/EUSDMiningIncentives.sol', 'EUSDMiningIncentives.rewardPerTokenStored'), ('SV', 'contracts/lybra/miner/EUSDMiningIncentives.sol', 'EUSDMiningIncentives.rewards'), ('SV', 'contracts/lybra/miner/EUSDMiningIncentives.sol', 'EUSDMiningIncentives.updatedAt'), ('SV', 'contracts/lybra/miner/EUSDMiningIncentives.sol', 'EUSDMiningIncentives.userRewardPerTokenPaid')
 reader witnesses  -> 33
 storage exposures -> 1
[MV-SI candidate 6ead0f60ae335c6e85a7] {borrowed, feeStored, feeUpdatedAt}
 writer root       -> contracts/lybra/pools/LybraRETHVault.sol::LybraRETHVault.depositEtherToMint(uint256)
 writer effect     -> contracts/lybra/pools/base/LybraPeUSDVaultBase.sol:179
 written member    -> ('SV', 'contracts/lybra/pools/base/LybraPeUSDVaultBase.sol', 'LybraPeUSDVaultBase.borrowed')
 potentially stale -> ('SV', 'contracts/lybra/pools/base/LybraPeUSDVaultBase.sol', 'LybraPeUSDVaultBase.feeStored'), ('SV', 'contracts/lybra/pools/base/LybraPeUSDVaultBase.sol', 'LybraPeUSDVaultBase.feeUpdatedAt')
 reader witnesses  -> 8
 storage exposures -> 1
[MV-SI candidate 700122736c37760f67eb] {poolTotalEUSDCirculation, totalDepositedAsset}
 writer root       -> contracts/lybra/pools/base/LybraEUSDVaultBase.sol::LybraEUSDVaultBase.depositAssetToMint(uint256,uint256)
 writer effect     -> contracts/lybra/pools/base/LybraEUSDVaultBase.sol:266
 written member    -> ('SV', 'contracts/lybra/pools/base/LybraEUSDVaultBase.sol', 'LybraEUSDVaultBase.poolTotalEUSDCirculation')
 potentially stale -> ('SV', 'contracts/lybra/pools/base/LybraEUSDVaultBase.sol', 'LybraEUSDVaultBase.totalDepositedAsset')
 reader witnesses  -> 2
 storage exposures -> 1
[MV-SI candidate 715c9148348df40a0770] {lastReportTime, poolTotalEUSDCirculation}
 writer root       -> contracts/lybra/pools/base/LybraEUSDVaultBase.sol::LybraEUSDVaultBase.superLiquidation(address,address,uint256)
 writer effect     -> contracts/lybra/pools/base/LybraEUSDVaultBase.sol:297
 written member    -> ('SV', 'contracts/lybra/pools/base/LybraEUSDVaultBase.sol', 'LybraEUSDVaultBase.lastReportTime')
 potentially stale -> ('SV', 'contracts/lybra/pools/base/LybraEUSDVaultBase.sol', 'LybraEUSDVaultBase.poolTotalEUSDCirculation')
 reader witnesses  -> 4
 storage exposures -> 1
[MV-SI candidate 717b218d5b21776f7b69] {borrowed, depositedAsset, feeStored, feeUpdatedAt}
 writer root       -> contracts/lybra/pools/LybraRETHVault.sol::LybraRETHVault.depositEtherToMint(uint256)
 writer effect     -> contracts/lybra/pools/base/LybraPeUSDVaultBase.sol:179
 written member    -> ('SV', 'contracts/lybra/pools/base/LybraPeUSDVaultBase.sol', 'LybraPeUSDVaultBase.borrowed')
 potentially stale -> ('SV', 'contracts/lybra/pools/base/LybraPeUSDVaultBase.sol', 'LybraPeUSDVaultBase.depositedAsset'), ('SV', 'contracts/lybra/pools/base/LybraPeUSDVaultBase.sol', 'LybraPeUSDVaultBase.feeStored'), ('SV', 'contracts/lybra/pools/base/LybraPeUSDVaultBase.sol', 'LybraPeUSDVaultBase.feeUpdatedAt')
 reader witnesses  -> 12
 storage exposures -> 1
[MV-SI candidate 72470635a9c3f5b4c160] {feeStored, lastReportTime, lidoRebaseTime, poolTotalEUSDCirculation, totalDepositedAsset}
 writer root       -> contracts/lybra/pools/base/LybraEUSDVaultBase.sol::LybraEUSDVaultBase.burn(address,uint256)
 writer effect     -> contracts/lybra/pools/base/LybraEUSDVaultBase.sol:297
 written member    -> ('SV', 'contracts/lybra/pools/base/LybraEUSDVaultBase.sol', 'LybraEUSDVaultBase.lastReportTime')
 potentially stale -> ('SV', 'contracts/lybra/pools/LybraStETHVault.sol', 'LybraStETHDepositVault.lidoRebaseTime'), ('SV', 'contracts/lybra/pools/base/LybraEUSDVaultBase.sol', 'LybraEUSDVaultBase.feeStored'), ('SV', 'contracts/lybra/pools/base/LybraEUSDVaultBase.sol', 'LybraEUSDVaultBase.poolTotalEUSDCirculation'), ('SV', 'contracts/lybra/pools/base/LybraEUSDVaultBase.sol', 'LybraEUSDVaultBase.totalDepositedAsset')
 reader witnesses  -> 9
 storage exposures -> 1
[MV-SI candidate 726d12c3ccf6b6a8d3db] {borrowed, depositedAsset}
 writer root       -> contracts/lybra/pools/LybraRETHVault.sol::LybraRETHVault.depositEtherToMint(uint256)
 writer effect     -> contracts/lybra/pools/LybraRETHVault.sol:32
 written member    -> ('SV', 'contracts/lybra/pools/base/LybraPeUSDVaultBase.sol', 'LybraPeUSDVaultBase.depositedAsset')
 potentially stale -> ('SV', 'contracts/lybra/pools/base/LybraPeUSDVaultBase.sol', 'LybraPeUSDVaultBase.borrowed')
 reader witnesses  -> 3
 storage exposures -> 1
[MV-SI candidate 7390082005f5a053fb1a] {borrowed, feeStored, feeUpdatedAt}
 writer root       -> contracts/lybra/pools/base/LybraPeUSDVaultBase.sol::LybraPeUSDVaultBase.mint(address,uint256)
 writer effect     -> contracts/lybra/pools/base/LybraPeUSDVaultBase.sol:179
 written member    -> ('SV', 'contracts/lybra/pools/base/LybraPeUSDVaultBase.sol', 'LybraPeUSDVaultBase.borrowed')
 potentially stale -> ('SV', 'contracts/lybra/pools/base/LybraPeUSDVaultBase.sol', 'LybraPeUSDVaultBase.feeStored'), ('SV', 'contracts/lybra/pools/base/LybraPeUSDVaultBase.sol', 'LybraPeUSDVaultBase.feeUpdatedAt')
 reader witnesses  -> 24
 storage exposures -> 3
[MV-SI candidate 73b0982246b786956114] {borrowed, depositedAsset}
 writer root       -> contracts/lybra/pools/base/LybraPeUSDVaultBase.sol::LybraPeUSDVaultBase.depositAssetToMint(uint256,uint256)
 writer effect     -> contracts/lybra/pools/base/LybraPeUSDVaultBase.sol:64
 written member    -> ('SV', 'contracts/lybra/pools/base/LybraPeUSDVaultBase.sol', 'LybraPeUSDVaultBase.depositedAsset')
 potentially stale -> ('SV', 'contracts/lybra/pools/base/LybraPeUSDVaultBase.sol', 'LybraPeUSDVaultBase.borrowed')
 reader witnesses  -> 9
 storage exposures -> 3
[MV-SI candidate 73f7dc7ec3c66de5ba23] {finishAt, rewardPerTokenStored, rewardRatio, totalSupply, updatedAt}
 writer root       -> contracts/lybra/miner/stakerewardV2pool.sol::StakingRewardsV2.stake(uint256)
 writer effect     -> contracts/lybra/miner/stakerewardV2pool.sol:88
 written member    -> ('SV', 'contracts/lybra/miner/stakerewardV2pool.sol', 'StakingRewardsV2.totalSupply')
 potentially stale -> ('SV', 'contracts/lybra/miner/stakerewardV2pool.sol', 'StakingRewardsV2.finishAt'), ('SV', 'contracts/lybra/miner/stakerewardV2pool.sol', 'StakingRewardsV2.rewardPerTokenStored'), ('SV', 'contracts/lybra/miner/stakerewardV2pool.sol', 'StakingRewardsV2.rewardRatio'), ('SV', 'contracts/lybra/miner/stakerewardV2pool.sol', 'StakingRewardsV2.updatedAt')
 reader witnesses  -> 20
 storage exposures -> 1
[MV-SI candidate 74d8895849b208554f5d] {extraRatio, finishAt, peUSDExtraRatio, rewardPerTokenStored, rewardRatio, rewards, updatedAt, userRewardPerTokenPaid}
 writer root       -> contracts/lybra/miner/EUSDMiningIncentives.sol::EUSDMiningIncentives.getReward()
 writer effect     -> contracts/lybra/miner/EUSDMiningIncentives.sol:73
 written member    -> ('SV', 'contracts/lybra/miner/EUSDMiningIncentives.sol', 'EUSDMiningIncentives.rewardPerTokenStored')
 potentially stale -> ('SV', 'contracts/lybra/miner/EUSDMiningIncentives.sol', 'EUSDMiningIncentives.extraRatio'), ('SV', 'contracts/lybra/miner/EUSDMiningIncentives.sol', 'EUSDMiningIncentives.finishAt'), ('SV', 'contracts/lybra/miner/EUSDMiningIncentives.sol', 'EUSDMiningIncentives.peUSDExtraRatio'), ('SV', 'contracts/lybra/miner/EUSDMiningIncentives.sol', 'EUSDMiningIncentives.rewardRatio'), ('SV', 'contracts/lybra/miner/EUSDMiningIncentives.sol', 'EUSDMiningIncentives.rewards'), ('SV', 'contracts/lybra/miner/EUSDMiningIncentives.sol', 'EUSDMiningIncentives.updatedAt'), ('SV', 'contracts/lybra/miner/EUSDMiningIncentives.sol', 'EUSDMiningIncentives.userRewardPerTokenPaid')
 reader witnesses  -> 26
 storage exposures -> 1
[MV-SI candidate 753fb2bcc7a167df4c8f] {feeStored, lastReportTime, lidoRebaseTime, poolTotalEUSDCirculation, totalDepositedAsset}
 writer root       -> contracts/lybra/pools/base/LybraEUSDVaultBase.sol::LybraEUSDVaultBase.rigidRedemption(address,uint256)
 writer effect     -> contracts/lybra/pools/base/LybraEUSDVaultBase.sol:241
 written member    -> ('SV', 'contracts/lybra/pools/base/LybraEUSDVaultBase.sol', 'LybraEUSDVaultBase.totalDepositedAsset')
 potentially stale -> ('SV', 'contracts/lybra/pools/LybraStETHVault.sol', 'LybraStETHDepositVault.lidoRebaseTime'), ('SV', 'contracts/lybra/pools/base/LybraEUSDVaultBase.sol', 'LybraEUSDVaultBase.feeStored'), ('SV', 'contracts/lybra/pools/base/LybraEUSDVaultBase.sol', 'LybraEUSDVaultBase.lastReportTime'), ('SV', 'contracts/lybra/pools/base/LybraEUSDVaultBase.sol', 'LybraEUSDVaultBase.poolTotalEUSDCirculation')
 reader witnesses  -> 7
 storage exposures -> 1
[MV-SI candidate 76f20c25cd9c65007d6b] {lastReportTime, poolTotalEUSDCirculation}
 writer root       -> contracts/lybra/pools/base/LybraEUSDVaultBase.sol::LybraEUSDVaultBase.burn(address,uint256)
 writer effect     -> contracts/lybra/pools/base/LybraEUSDVaultBase.sol:284
 written member    -> ('SV', 'contracts/lybra/pools/base/LybraEUSDVaultBase.sol', 'LybraEUSDVaultBase.poolTotalEUSDCirculation')
 potentially stale -> ('SV', 'contracts/lybra/pools/base/LybraEUSDVaultBase.sol', 'LybraEUSDVaultBase.lastReportTime')
 reader witnesses  -> 2
 storage exposures -> 1
[MV-SI candidate 777769a2c5986042bb19] {balanceOf, finishAt, rewardPerTokenStored, rewardRatio, rewards, totalSupply, updatedAt, userRewardPerTokenPaid}
 writer root       -> contracts/lybra/miner/stakerewardV2pool.sol::StakingRewardsV2.stake(uint256)
 writer effect     -> contracts/lybra/miner/stakerewardV2pool.sol:57
 written member    -> ('SV', 'contracts/lybra/miner/stakerewardV2pool.sol', 'StakingRewardsV2.rewardPerTokenStored')
 potentially stale -> ('SV', 'contracts/lybra/miner/stakerewardV2pool.sol', 'StakingRewardsV2.balanceOf'), ('SV', 'contracts/lybra/miner/stakerewardV2pool.sol', 'StakingRewardsV2.finishAt'), ('SV', 'contracts/lybra/miner/stakerewardV2pool.sol', 'StakingRewardsV2.rewardRatio'), ('SV', 'contracts/lybra/miner/stakerewardV2pool.sol', 'StakingRewardsV2.rewards'), ('SV', 'contracts/lybra/miner/stakerewardV2pool.sol', 'StakingRewardsV2.totalSupply'), ('SV', 'contracts/lybra/miner/stakerewardV2pool.sol', 'StakingRewardsV2.updatedAt'), ('SV', 'contracts/lybra/miner/stakerewardV2pool.sol', 'StakingRewardsV2.userRewardPerTokenPaid')
 reader witnesses  -> 25
 storage exposures -> 1
[MV-SI candidate 7827fee1c6e3a5c66ca3] {balanceOf, finishAt, rewardPerTokenStored, rewardRatio, rewards, totalSupply, updatedAt, userRewardPerTokenPaid}
 writer root       -> contracts/lybra/miner/stakerewardV2pool.sol::StakingRewardsV2.withdraw(uint256)
 writer effect     -> contracts/lybra/miner/stakerewardV2pool.sol:95
 written member    -> ('SV', 'contracts/lybra/miner/stakerewardV2pool.sol', 'StakingRewardsV2.balanceOf')
 potentially stale -> ('SV', 'contracts/lybra/miner/stakerewardV2pool.sol', 'StakingRewardsV2.finishAt'), ('SV', 'contracts/lybra/miner/stakerewardV2pool.sol', 'StakingRewardsV2.rewardPerTokenStored'), ('SV', 'contracts/lybra/miner/stakerewardV2pool.sol', 'StakingRewardsV2.rewardRatio'), ('SV', 'contracts/lybra/miner/stakerewardV2pool.sol', 'StakingRewardsV2.rewards'), ('SV', 'contracts/lybra/miner/stakerewardV2pool.sol', 'StakingRewardsV2.totalSupply'), ('SV', 'contracts/lybra/miner/stakerewardV2pool.sol', 'StakingRewardsV2.updatedAt'), ('SV', 'contracts/lybra/miner/stakerewardV2pool.sol', 'StakingRewardsV2.userRewardPerTokenPaid')
 reader witnesses  -> 31
 storage exposures -> 1
[MV-SI candidate 78c80c799e68583151dd] {borrowed, feeStored}
 writer root       -> contracts/lybra/pools/base/LybraPeUSDVaultBase.sol::LybraPeUSDVaultBase.liquidation(address,address,uint256)
 writer effect     -> contracts/lybra/pools/base/LybraPeUSDVaultBase.sol:198
 written member    -> ('SV', 'contracts/lybra/pools/base/LybraPeUSDVaultBase.sol', 'LybraPeUSDVaultBase.feeStored')
 potentially stale -> ('SV', 'contracts/lybra/pools/base/LybraPeUSDVaultBase.sol', 'LybraPeUSDVaultBase.borrowed')
 reader witnesses  -> 18
 storage exposures -> 3
[MV-SI candidate 78db5eecdc07a26e9483] {lastReportTime, poolTotalEUSDCirculation}
 writer root       -> contracts/lybra/pools/base/LybraEUSDVaultBase.sol::LybraEUSDVaultBase.superLiquidation(address,address,uint256)
 writer effect     -> contracts/lybra/pools/base/LybraEUSDVaultBase.sol:284
 written member    -> ('SV', 'contracts/lybra/pools/base/LybraEUSDVaultBase.sol', 'LybraEUSDVaultBase.poolTotalEUSDCirculation')
 potentially stale -> ('SV', 'contracts/lybra/pools/base/LybraEUSDVaultBase.sol', 'LybraEUSDVaultBase.lastReportTime')
 reader witnesses  -> 2
 storage exposures -> 1
[MV-SI candidate 79bbe7af8686eac10463] {feeStored, lastReportTime, lidoRebaseTime, poolTotalEUSDCirculation, totalDepositedAsset}
 writer root       -> contracts/lybra/pools/base/LybraEUSDVaultBase.sol::LybraEUSDVaultBase.depositAssetToMint(uint256,uint256)
 writer effect     -> contracts/lybra/pools/base/LybraEUSDVaultBase.sol:266
 written member    -> ('SV', 'contracts/lybra/pools/base/LybraEUSDVaultBase.sol', 'LybraEUSDVaultBase.poolTotalEUSDCirculation')
 potentially stale -> ('SV', 'contracts/lybra/pools/LybraStETHVault.sol', 'LybraStETHDepositVault.lidoRebaseTime'), ('SV', 'contracts/lybra/pools/base/LybraEUSDVaultBase.sol', 'LybraEUSDVaultBase.feeStored'), ('SV', 'contracts/lybra/pools/base/LybraEUSDVaultBase.sol', 'LybraEUSDVaultBase.lastReportTime'), ('SV', 'contracts/lybra/pools/base/LybraEUSDVaultBase.sol', 'LybraEUSDVaultBase.totalDepositedAsset')
 reader witnesses  -> 7
 storage exposures -> 1
[MV-SI candidate 7da20afec91920c6948f] {finishAt, rewardPerTokenStored, rewardRatio, totalSupply, updatedAt}
 writer root       -> contracts/lybra/miner/stakerewardV2pool.sol::StakingRewardsV2.notifyRewardAmount(uint256)
 writer effect     -> contracts/lybra/miner/stakerewardV2pool.sol:57
 written member    -> ('SV', 'contracts/lybra/miner/stakerewardV2pool.sol', 'StakingRewardsV2.rewardPerTokenStored')
 potentially stale -> ('SV', 'contracts/lybra/miner/stakerewardV2pool.sol', 'StakingRewardsV2.finishAt'), ('SV', 'contracts/lybra/miner/stakerewardV2pool.sol', 'StakingRewardsV2.rewardRatio'), ('SV', 'contracts/lybra/miner/stakerewardV2pool.sol', 'StakingRewardsV2.totalSupply'), ('SV', 'contracts/lybra/miner/stakerewardV2pool.sol', 'StakingRewardsV2.updatedAt')
 reader witnesses  -> 18
 storage exposures -> 1
[MV-SI candidate 7f35c30020de8f86a00d] {extraRatio, finishAt, peUSDExtraRatio, rewardPerTokenStored, rewardRatio, rewards, updatedAt, userRewardPerTokenPaid}
 writer root       -> contracts/lybra/miner/EUSDMiningIncentives.sol::EUSDMiningIncentives.refreshReward(address)
 writer effect     -> contracts/lybra/miner/EUSDMiningIncentives.sol:74
 written member    -> ('SV', 'contracts/lybra/miner/EUSDMiningIncentives.sol', 'EUSDMiningIncentives.updatedAt')
 potentially stale -> ('SV', 'contracts/lybra/miner/EUSDMiningIncentives.sol', 'EUSDMiningIncentives.extraRatio'), ('SV', 'contracts/lybra/miner/EUSDMiningIncentives.sol', 'EUSDMiningIncentives.finishAt'), ('SV', 'contracts/lybra/miner/EUSDMiningIncentives.sol', 'EUSDMiningIncentives.peUSDExtraRatio'), ('SV', 'contracts/lybra/miner/EUSDMiningIncentives.sol', 'EUSDMiningIncentives.rewardPerTokenStored'), ('SV', 'contracts/lybra/miner/EUSDMiningIncentives.sol', 'EUSDMiningIncentives.rewardRatio'), ('SV', 'contracts/lybra/miner/EUSDMiningIncentives.sol', 'EUSDMiningIncentives.rewards'), ('SV', 'contracts/lybra/miner/EUSDMiningIncentives.sol', 'EUSDMiningIncentives.userRewardPerTokenPaid')
 reader witnesses  -> 34
 storage exposures -> 1
[MV-SI candidate 7f48c86d096bb879ce12] {borrowed, feeStored, feeUpdatedAt}
 writer root       -> contracts/lybra/pools/base/LybraPeUSDVaultBase.sol::LybraPeUSDVaultBase.rigidRedemption(address,uint256)
 writer effect     -> contracts/lybra/pools/base/LybraPeUSDVaultBase.sol:232
 written member    -> ('SV', 'contracts/lybra/pools/base/LybraPeUSDVaultBase.sol', 'LybraPeUSDVaultBase.feeStored')
 potentially stale -> ('SV', 'contracts/lybra/pools/base/LybraPeUSDVaultBase.sol', 'LybraPeUSDVaultBase.borrowed'), ('SV', 'contracts/lybra/pools/base/LybraPeUSDVaultBase.sol', 'LybraPeUSDVaultBase.feeUpdatedAt')
 reader witnesses  -> 24
 storage exposures -> 3
[MV-SI candidate 7fe8fb2295467b6bc54f] {borrowed, feeUpdatedAt}
 writer root       -> contracts/lybra/pools/LybraWbETHVault.sol::LybraWBETHVault.depositEtherToMint(uint256)
 writer effect     -> contracts/lybra/pools/base/LybraPeUSDVaultBase.sol:233
 written member    -> ('SV', 'contracts/lybra/pools/base/LybraPeUSDVaultBase.sol', 'LybraPeUSDVaultBase.feeUpdatedAt')
 potentially stale -> ('SV', 'contracts/lybra/pools/base/LybraPeUSDVaultBase.sol', 'LybraPeUSDVaultBase.borrowed')
 reader witnesses  -> 3
 storage exposures -> 1
[MV-SI candidate 80d34f9f92b6b0eca217] {rewardPerTokenStored, rewards, userRewardPerTokenPaid}
 writer root       -> contracts/lybra/miner/ProtocolRewardsPool.sol::ProtocolRewardsPool.getReward()
 writer effect     -> contracts/lybra/miner/ProtocolRewardsPool.sol:180
 written member    -> ('SV', 'contracts/lybra/miner/ProtocolRewardsPool.sol', 'ProtocolRewardsPool.userRewardPerTokenPaid')
 potentially stale -> ('SV', 'contracts/lybra/miner/ProtocolRewardsPool.sol', 'ProtocolRewardsPool.rewardPerTokenStored'), ('SV', 'contracts/lybra/miner/ProtocolRewardsPool.sol', 'ProtocolRewardsPool.rewards')
 reader witnesses  -> 6
 storage exposures -> 1
[MV-SI candidate 81e2ec310a2ddd7dbeb5] {lastWithdrawTime, time2fullRedemption}
 writer root       -> contracts/lybra/miner/ProtocolRewardsPool.sol::ProtocolRewardsPool.unlockPrematurely()
 writer effect     -> contracts/lybra/miner/ProtocolRewardsPool.sol:121
 written member    -> ('SV', 'contracts/lybra/miner/ProtocolRewardsPool.sol', 'ProtocolRewardsPool.time2fullRedemption')
 potentially stale -> ('SV', 'contracts/lybra/miner/ProtocolRewardsPool.sol', 'ProtocolRewardsPool.lastWithdrawTime')
 reader witnesses  -> 12
 storage exposures -> 1
[MV-SI candidate 828d69d58d34fcdbd520] {borrowed, depositedAsset}
 writer root       -> contracts/lybra/pools/base/LybraEUSDVaultBase.sol::LybraEUSDVaultBase.mint(address,uint256)
 writer effect     -> contracts/lybra/pools/base/LybraEUSDVaultBase.sol:262
 written member    -> ('SV', 'contracts/lybra/pools/base/LybraEUSDVaultBase.sol', 'LybraEUSDVaultBase.borrowed')
 potentially stale -> ('SV', 'contracts/lybra/pools/base/LybraEUSDVaultBase.sol', 'LybraEUSDVaultBase.depositedAsset')
 reader witnesses  -> 14
 storage exposures -> 1
[MV-SI candidate 829f2d18b800d958d19c] {balanceOf, finishAt, rewardPerTokenStored, rewardRatio, rewards, totalSupply, updatedAt, userRewardPerTokenPaid}
 writer root       -> contracts/lybra/miner/stakerewardV2pool.sol::StakingRewardsV2.notifyRewardAmount(uint256)
 writer effect     -> contracts/lybra/miner/stakerewardV2pool.sol:62
 written member    -> ('SV', 'contracts/lybra/miner/stakerewardV2pool.sol', 'StakingRewardsV2.userRewardPerTokenPaid')
 potentially stale -> ('SV', 'contracts/lybra/miner/stakerewardV2pool.sol', 'StakingRewardsV2.balanceOf'), ('SV', 'contracts/lybra/miner/stakerewardV2pool.sol', 'StakingRewardsV2.finishAt'), ('SV', 'contracts/lybra/miner/stakerewardV2pool.sol', 'StakingRewardsV2.rewardPerTokenStored'), ('SV', 'contracts/lybra/miner/stakerewardV2pool.sol', 'StakingRewardsV2.rewardRatio'), ('SV', 'contracts/lybra/miner/stakerewardV2pool.sol', 'StakingRewardsV2.rewards'), ('SV', 'contracts/lybra/miner/stakerewardV2pool.sol', 'StakingRewardsV2.totalSupply'), ('SV', 'contracts/lybra/miner/stakerewardV2pool.sol', 'StakingRewardsV2.updatedAt')
 reader witnesses  -> 29
 storage exposures -> 1
[MV-SI candidate 82d54f386215cbae4800] {borrowed, depositedAsset}
 writer root       -> contracts/lybra/pools/LybraWbETHVault.sol::LybraWBETHVault.depositEtherToMint(uint256)
 writer effect     -> contracts/lybra/pools/base/LybraPeUSDVaultBase.sol:179
 written member    -> ('SV', 'contracts/lybra/pools/base/LybraPeUSDVaultBase.sol', 'LybraPeUSDVaultBase.borrowed')
 potentially stale -> ('SV', 'contracts/lybra/pools/base/LybraPeUSDVaultBase.sol', 'LybraPeUSDVaultBase.depositedAsset')
 reader witnesses  -> 2
 storage exposures -> 1
[MV-SI candidate 8387832d1a8634349d27] {extraRatio, finishAt, peUSDExtraRatio, rewardPerTokenStored, rewardRatio, rewards, updatedAt, userRewardPerTokenPaid}
 writer root       -> contracts/lybra/miner/EUSDMiningIncentives.sol::EUSDMiningIncentives.purchaseOtherEarnings(address,bool)
 writer effect     -> contracts/lybra/miner/EUSDMiningIncentives.sol:78
 written member    -> ('SV', 'contracts/lybra/miner/EUSDMiningIncentives.sol', 'EUSDMiningIncentives.userRewardPerTokenPaid')
 potentially stale -> ('SV', 'contracts/lybra/miner/EUSDMiningIncentives.sol', 'EUSDMiningIncentives.extraRatio'), ('SV', 'contracts/lybra/miner/EUSDMiningIncentives.sol', 'EUSDMiningIncentives.finishAt'), ('SV', 'contracts/lybra/miner/EUSDMiningIncentives.sol', 'EUSDMiningIncentives.peUSDExtraRatio'), ('SV', 'contracts/lybra/miner/EUSDMiningIncentives.sol', 'EUSDMiningIncentives.rewardPerTokenStored'), ('SV', 'contracts/lybra/miner/EUSDMiningIncentives.sol', 'EUSDMiningIncentives.rewardRatio'), ('SV', 'contracts/lybra/miner/EUSDMiningIncentives.sol', 'EUSDMiningIncentives.rewards'), ('SV', 'contracts/lybra/miner/EUSDMiningIncentives.sol', 'EUSDMiningIncentives.updatedAt')
 reader witnesses  -> 30
 storage exposures -> 1
[MV-SI candidate 83fc02206e55e27d43cf] {lastReportTime, poolTotalEUSDCirculation}
 writer root       -> contracts/lybra/pools/base/LybraEUSDVaultBase.sol::LybraEUSDVaultBase.liquidation(address,address,uint256)
 writer effect     -> contracts/lybra/pools/base/LybraEUSDVaultBase.sol:284
 written member    -> ('SV', 'contracts/lybra/pools/base/LybraEUSDVaultBase.sol', 'LybraEUSDVaultBase.poolTotalEUSDCirculation')
 potentially stale -> ('SV', 'contracts/lybra/pools/base/LybraEUSDVaultBase.sol', 'LybraEUSDVaultBase.lastReportTime')
 reader witnesses  -> 2
 storage exposures -> 1
[MV-SI candidate 859182a71436bb93cf22] {borrowed, feeUpdatedAt}
 writer root       -> contracts/lybra/pools/base/LybraPeUSDVaultBase.sol::LybraPeUSDVaultBase.mint(address,uint256)
 writer effect     -> contracts/lybra/pools/base/LybraPeUSDVaultBase.sol:233
 written member    -> ('SV', 'contracts/lybra/pools/base/LybraPeUSDVaultBase.sol', 'LybraPeUSDVaultBase.feeUpdatedAt')
 potentially stale -> ('SV', 'contracts/lybra/pools/base/LybraPeUSDVaultBase.sol', 'LybraPeUSDVaultBase.borrowed')
 reader witnesses  -> 9
 storage exposures -> 3
[MV-SI candidate 85d220c516559e4a8ff9] {oracleFee, protocolFeeConfig, relayerFeeConfig}
 writer root       -> contracts/mocks/LZEndpointMock.sol::LZEndpointMock.setRelayerPrice(uint128,uint128,uint128,uint64,uint64)
 writer effect     -> contracts/mocks/LZEndpointMock.sol:332
 written member    -> ('SV', 'contracts/mocks/LZEndpointMock.sol', 'LZEndpointMock.relayerFeeConfig')
 potentially stale -> ('SV', 'contracts/mocks/LZEndpointMock.sol', 'LZEndpointMock.oracleFee'), ('SV', 'contracts/mocks/LZEndpointMock.sol', 'LZEndpointMock.protocolFeeConfig')
 reader witnesses  -> 9
 storage exposures -> 1
[MV-SI candidate 877ed51a11097947a192] {oracleFee, protocolFeeConfig, relayerFeeConfig}
 writer root       -> contracts/mocks/LZEndpointMock.sol::LZEndpointMock.setRelayerPrice(uint128,uint128,uint128,uint64,uint64)
 writer effect     -> contracts/mocks/LZEndpointMock.sol:334
 written member    -> ('SV', 'contracts/mocks/LZEndpointMock.sol', 'LZEndpointMock.relayerFeeConfig')
 potentially stale -> ('SV', 'contracts/mocks/LZEndpointMock.sol', 'LZEndpointMock.oracleFee'), ('SV', 'contracts/mocks/LZEndpointMock.sol', 'LZEndpointMock.protocolFeeConfig')
 reader witnesses  -> 9
 storage exposures -> 1
[MV-SI candidate 878de16e318b1d9cc274] {rewardPerTokenStored, rewards, userRewardPerTokenPaid}
 writer root       -> contracts/lybra/miner/ProtocolRewardsPool.sol::ProtocolRewardsPool.getReward()
 writer effect     -> contracts/lybra/miner/ProtocolRewardsPool.sol:193
 written member    -> ('SV', 'contracts/lybra/miner/ProtocolRewardsPool.sol', 'ProtocolRewardsPool.rewards')
 potentially stale -> ('SV', 'contracts/lybra/miner/ProtocolRewardsPool.sol', 'ProtocolRewardsPool.rewardPerTokenStored'), ('SV', 'contracts/lybra/miner/ProtocolRewardsPool.sol', 'ProtocolRewardsPool.userRewardPerTokenPaid')
 reader witnesses  -> 7
 storage exposures -> 1
[MV-SI candidate 879e0216fb8d6b7e144f] {borrowed, feeStored}
 writer root       -> contracts/lybra/pools/base/LybraPeUSDVaultBase.sol::LybraPeUSDVaultBase.liquidation(address,address,uint256)
 writer effect     -> contracts/lybra/pools/base/LybraPeUSDVaultBase.sol:232
 written member    -> ('SV', 'contracts/lybra/pools/base/LybraPeUSDVaultBase.sol', 'LybraPeUSDVaultBase.feeStored')
 potentially stale -> ('SV', 'contracts/lybra/pools/base/LybraPeUSDVaultBase.sol', 'LybraPeUSDVaultBase.borrowed')
 reader witnesses  -> 18
 storage exposures -> 3
[MV-SI candidate 87d6db7c4879401d245f] {borrowed, feeStored}
 writer root       -> contracts/lybra/pools/base/LybraPeUSDVaultBase.sol::LybraPeUSDVaultBase.depositAssetToMint(uint256,uint256)
 writer effect     -> contracts/lybra/pools/base/LybraPeUSDVaultBase.sol:232
 written member    -> ('SV', 'contracts/lybra/pools/base/LybraPeUSDVaultBase.sol', 'LybraPeUSDVaultBase.feeStored')
 potentially stale -> ('SV', 'contracts/lybra/pools/base/LybraPeUSDVaultBase.sol', 'LybraPeUSDVaultBase.borrowed')
 reader witnesses  -> 18
 storage exposures -> 3
[MV-SI candidate 897cb3c1c3f7a15de950] {_totalSupply, maxSupply}
 writer root       -> contracts/lybra/token/esLBR.sol::esLBR.mint(address,uint256)
 writer effect     -> @openzeppelin/contracts/token/ERC20/ERC20.sol:256
 written member    -> ('SV', '@openzeppelin/contracts/token/ERC20/ERC20.sol', 'ERC20._totalSupply')
 potentially stale -> ('SV', 'contracts/lybra/token/esLBR.sol', 'esLBR.maxSupply')
 reader witnesses  -> 1
 storage exposures -> 1
[MV-SI candidate 89b9d3085a807e9c8699] {borrowed, feeStored, feeUpdatedAt}
 writer root       -> contracts/lybra/pools/LybraWbETHVault.sol::LybraWBETHVault.depositEtherToMint(uint256)
 writer effect     -> contracts/lybra/pools/base/LybraPeUSDVaultBase.sol:233
 written member    -> ('SV', 'contracts/lybra/pools/base/LybraPeUSDVaultBase.sol', 'LybraPeUSDVaultBase.feeUpdatedAt')
 potentially stale -> ('SV', 'contracts/lybra/pools/base/LybraPeUSDVaultBase.sol', 'LybraPeUSDVaultBase.borrowed'), ('SV', 'contracts/lybra/pools/base/LybraPeUSDVaultBase.sol', 'LybraPeUSDVaultBase.feeStored')
 reader witnesses  -> 8
 storage exposures -> 1
[MV-SI candidate 89bcddd820f0adc3f4bb] {borrowed, depositedAsset, feeStored, feeUpdatedAt}
 writer root       -> contracts/lybra/pools/base/LybraPeUSDVaultBase.sol::LybraPeUSDVaultBase.depositAssetToMint(uint256,uint256)
 writer effect     -> contracts/lybra/pools/base/LybraPeUSDVaultBase.sol:179
 written member    -> ('SV', 'contracts/lybra/pools/base/LybraPeUSDVaultBase.sol', 'LybraPeUSDVaultBase.borrowed')
 potentially stale -> ('SV', 'contracts/lybra/pools/base/LybraPeUSDVaultBase.sol', 'LybraPeUSDVaultBase.depositedAsset'), ('SV', 'contracts/lybra/pools/base/LybraPeUSDVaultBase.sol', 'LybraPeUSDVaultBase.feeStored'), ('SV', 'contracts/lybra/pools/base/LybraPeUSDVaultBase.sol', 'LybraPeUSDVaultBase.feeUpdatedAt')
 reader witnesses  -> 36
 storage exposures -> 3
[MV-SI candidate 8a5f3402f4994f78938f] {finishAt, rewardPerTokenStored, rewardRatio, totalSupply, updatedAt}
 writer root       -> contracts/lybra/miner/stakerewardV2pool.sol::StakingRewardsV2.notifyRewardAmount(uint256)
 writer effect     -> contracts/lybra/miner/stakerewardV2pool.sol:137
 written member    -> ('SV', 'contracts/lybra/miner/stakerewardV2pool.sol', 'StakingRewardsV2.rewardRatio')
 potentially stale -> ('SV', 'contracts/lybra/miner/stakerewardV2pool.sol', 'StakingRewardsV2.finishAt'), ('SV', 'contracts/lybra/miner/stakerewardV2pool.sol', 'StakingRewardsV2.rewardPerTokenStored'), ('SV', 'contracts/lybra/miner/stakerewardV2pool.sol', 'StakingRewardsV2.totalSupply'), ('SV', 'contracts/lybra/miner/stakerewardV2pool.sol', 'StakingRewardsV2.updatedAt')
 reader witnesses  -> 25
 storage exposures -> 1
[MV-SI candidate 8c2ae52dabd2134f7435] {borrowed, depositedAsset, feeStored, feeUpdatedAt}
 writer root       -> contracts/lybra/pools/LybraRETHVault.sol::LybraRETHVault.depositEtherToMint(uint256)
 writer effect     -> contracts/lybra/pools/base/LybraPeUSDVaultBase.sol:233
 written member    -> ('SV', 'contracts/lybra/pools/base/LybraPeUSDVaultBase.sol', 'LybraPeUSDVaultBase.feeUpdatedAt')
 potentially stale -> ('SV', 'contracts/lybra/pools/base/LybraPeUSDVaultBase.sol', 'LybraPeUSDVaultBase.borrowed'), ('SV', 'contracts/lybra/pools/base/LybraPeUSDVaultBase.sol', 'LybraPeUSDVaultBase.depositedAsset'), ('SV', 'contracts/lybra/pools/base/LybraPeUSDVaultBase.sol', 'LybraPeUSDVaultBase.feeStored')
 reader witnesses  -> 12
 storage exposures -> 1
[MV-SI candidate 8c7993d7b1f033f02d32] {borrowed, feeStored}
 writer root       -> contracts/lybra/pools/base/LybraPeUSDVaultBase.sol::LybraPeUSDVaultBase.rigidRedemption(address,uint256)
 writer effect     -> contracts/lybra/pools/base/LybraPeUSDVaultBase.sol:202
 written member    -> ('SV', 'contracts/lybra/pools/base/LybraPeUSDVaultBase.sol', 'LybraPeUSDVaultBase.feeStored')
 potentially stale -> ('SV', 'contracts/lybra/pools/base/LybraPeUSDVaultBase.sol', 'LybraPeUSDVaultBase.borrowed')
 reader witnesses  -> 18
 storage exposures -> 3
[MV-SI candidate 8d769e6c6841e289b596] {feeStored, lastReportTime, lidoRebaseTime, poolTotalEUSDCirculation, totalDepositedAsset}
 writer root       -> contracts/lybra/pools/base/LybraEUSDVaultBase.sol::LybraEUSDVaultBase.liquidation(address,address,uint256)
 writer effect     -> contracts/lybra/pools/base/LybraEUSDVaultBase.sol:284
 written member    -> ('SV', 'contracts/lybra/pools/base/LybraEUSDVaultBase.sol', 'LybraEUSDVaultBase.poolTotalEUSDCirculation')
 potentially stale -> ('SV', 'contracts/lybra/pools/LybraStETHVault.sol', 'LybraStETHDepositVault.lidoRebaseTime'), ('SV', 'contracts/lybra/pools/base/LybraEUSDVaultBase.sol', 'LybraEUSDVaultBase.feeStored'), ('SV', 'contracts/lybra/pools/base/LybraEUSDVaultBase.sol', 'LybraEUSDVaultBase.lastReportTime'), ('SV', 'contracts/lybra/pools/base/LybraEUSDVaultBase.sol', 'LybraEUSDVaultBase.totalDepositedAsset')
 reader witnesses  -> 7
 storage exposures -> 1
[MV-SI candidate 8d931ffaa2819ed0054b] {borrowed, feeStored}
 writer root       -> contracts/lybra/pools/base/LybraPeUSDVaultBase.sol::LybraPeUSDVaultBase.depositAssetToMint(uint256,uint256)
 writer effect     -> contracts/lybra/pools/base/LybraPeUSDVaultBase.sol:179
 written member    -> ('SV', 'contracts/lybra/pools/base/LybraPeUSDVaultBase.sol', 'LybraPeUSDVaultBase.borrowed')
 potentially stale -> ('SV', 'contracts/lybra/pools/base/LybraPeUSDVaultBase.sol', 'LybraPeUSDVaultBase.feeStored')
 reader witnesses  -> 12
 storage exposures -> 3
[MV-SI candidate 8f7f4144cf787fb7c592] {borrowed, depositedAsset, feeStored, feeUpdatedAt}
 writer root       -> contracts/lybra/pools/base/LybraPeUSDVaultBase.sol::LybraPeUSDVaultBase.rigidRedemption(address,uint256)
 writer effect     -> contracts/lybra/pools/base/LybraPeUSDVaultBase.sol:202
 written member    -> ('SV', 'contracts/lybra/pools/base/LybraPeUSDVaultBase.sol', 'LybraPeUSDVaultBase.feeStored')
 potentially stale -> ('SV', 'contracts/lybra/pools/base/LybraPeUSDVaultBase.sol', 'LybraPeUSDVaultBase.borrowed'), ('SV', 'contracts/lybra/pools/base/LybraPeUSDVaultBase.sol', 'LybraPeUSDVaultBase.depositedAsset'), ('SV', 'contracts/lybra/pools/base/LybraPeUSDVaultBase.sol', 'LybraPeUSDVaultBase.feeUpdatedAt')
 reader witnesses  -> 36
 storage exposures -> 3
[MV-SI candidate 8f92c233df8aa894ef49] {esLBRLockSettings, userLockStatus}
 writer root       -> contracts/lybra/miner/esLBRBoost.sol::esLBRBoost.addLockSetting(esLBRBoost.esLBRLockSetting)
 writer effect     -> contracts/lybra/miner/esLBRBoost.sol:34
 written member    -> ('SV', 'contracts/lybra/miner/esLBRBoost.sol', 'esLBRBoost.esLBRLockSettings')
 potentially stale -> ('SV', 'contracts/lybra/miner/esLBRBoost.sol', 'esLBRBoost.userLockStatus')
 reader witnesses  -> 1
 storage exposures -> 1
[MV-SI candidate 8faaf98ee02d7f294de0] {feeStored, lastReportTime, lidoRebaseTime, poolTotalEUSDCirculation, totalDepositedAsset}
 writer root       -> contracts/lybra/pools/base/LybraEUSDVaultBase.sol::LybraEUSDVaultBase.mint(address,uint256)
 writer effect     -> contracts/lybra/pools/base/LybraEUSDVaultBase.sol:296
 written member    -> ('SV', 'contracts/lybra/pools/base/LybraEUSDVaultBase.sol', 'LybraEUSDVaultBase.feeStored')
 potentially stale -> ('SV', 'contracts/lybra/pools/LybraStETHVault.sol', 'LybraStETHDepositVault.lidoRebaseTime'), ('SV', 'contracts/lybra/pools/base/LybraEUSDVaultBase.sol', 'LybraEUSDVaultBase.lastReportTime'), ('SV', 'contracts/lybra/pools/base/LybraEUSDVaultBase.sol', 'LybraEUSDVaultBase.poolTotalEUSDCirculation'), ('SV', 'contracts/lybra/pools/base/LybraEUSDVaultBase.sol', 'LybraEUSDVaultBase.totalDepositedAsset')
 reader witnesses  -> 7
 storage exposures -> 1
[MV-SI candidate 91913a14460261e34d77] {borrowed, depositedAsset, feeStored, feeUpdatedAt}
 writer root       -> contracts/lybra/pools/base/LybraPeUSDVaultBase.sol::LybraPeUSDVaultBase.depositAssetToMint(uint256,uint256)
 writer effect     -> contracts/lybra/pools/base/LybraPeUSDVaultBase.sol:233
 written member    -> ('SV', 'contracts/lybra/pools/base/LybraPeUSDVaultBase.sol', 'LybraPeUSDVaultBase.feeUpdatedAt')
 potentially stale -> ('SV', 'contracts/lybra/pools/base/LybraPeUSDVaultBase.sol', 'LybraPeUSDVaultBase.borrowed'), ('SV', 'contracts/lybra/pools/base/LybraPeUSDVaultBase.sol', 'LybraPeUSDVaultBase.depositedAsset'), ('SV', 'contracts/lybra/pools/base/LybraPeUSDVaultBase.sol', 'LybraPeUSDVaultBase.feeStored')
 reader witnesses  -> 36
 storage exposures -> 3
[MV-SI candidate 922cf18c8f93a6a97b54] {finishAt, rewardPerTokenStored, rewardRatio, totalSupply, updatedAt}
 writer root       -> contracts/lybra/miner/stakerewardV2pool.sol::StakingRewardsV2.notifyRewardAmount(uint256)
 writer effect     -> contracts/lybra/miner/stakerewardV2pool.sol:143
 written member    -> ('SV', 'contracts/lybra/miner/stakerewardV2pool.sol', 'StakingRewardsV2.updatedAt')
 potentially stale -> ('SV', 'contracts/lybra/miner/stakerewardV2pool.sol', 'StakingRewardsV2.finishAt'), ('SV', 'contracts/lybra/miner/stakerewardV2pool.sol', 'StakingRewardsV2.rewardPerTokenStored'), ('SV', 'contracts/lybra/miner/stakerewardV2pool.sol', 'StakingRewardsV2.rewardRatio'), ('SV', 'contracts/lybra/miner/stakerewardV2pool.sol', 'StakingRewardsV2.totalSupply')
 reader witnesses  -> 26
 storage exposures -> 1
[MV-SI candidate 947eaab91bb32e152599] {borrowed, depositedAsset, feeStored, feeUpdatedAt}
 writer root       -> contracts/lybra/pools/base/LybraPeUSDVaultBase.sol::LybraPeUSDVaultBase.liquidation(address,address,uint256)
 writer effect     -> contracts/lybra/pools/base/LybraPeUSDVaultBase.sol:136
 written member    -> ('SV', 'contracts/lybra/pools/base/LybraPeUSDVaultBase.sol', 'LybraPeUSDVaultBase.depositedAsset')
 potentially stale -> ('SV', 'contracts/lybra/pools/base/LybraPeUSDVaultBase.sol', 'LybraPeUSDVaultBase.borrowed'), ('SV', 'contracts/lybra/pools/base/LybraPeUSDVaultBase.sol', 'LybraPeUSDVaultBase.feeStored'), ('SV', 'contracts/lybra/pools/base/LybraPeUSDVaultBase.sol', 'LybraPeUSDVaultBase.feeUpdatedAt')
 reader witnesses  -> 30
 storage exposures -> 3
[MV-SI candidate 95259db99e346e8a32e7] {esLBRLockSettings, userLockStatus}
 writer root       -> contracts/lybra/miner/esLBRBoost.sol::esLBRBoost.setLockStatus(uint256)
 writer effect     -> contracts/lybra/miner/esLBRBoost.sol:44
 written member    -> ('SV', 'contracts/lybra/miner/esLBRBoost.sol', 'esLBRBoost.userLockStatus')
 potentially stale -> ('SV', 'contracts/lybra/miner/esLBRBoost.sol', 'esLBRBoost.esLBRLockSettings')
 reader witnesses  -> 2
 storage exposures -> 1
[MV-SI candidate 95849be79d4e3de4d970] {borrowed, feeStored, feeUpdatedAt}
 writer root       -> contracts/lybra/pools/LybraRETHVault.sol::LybraRETHVault.depositEtherToMint(uint256)
 writer effect     -> contracts/lybra/pools/base/LybraPeUSDVaultBase.sol:232
 written member    -> ('SV', 'contracts/lybra/pools/base/LybraPeUSDVaultBase.sol', 'LybraPeUSDVaultBase.feeStored')
 potentially stale -> ('SV', 'contracts/lybra/pools/base/LybraPeUSDVaultBase.sol', 'LybraPeUSDVaultBase.borrowed'), ('SV', 'contracts/lybra/pools/base/LybraPeUSDVaultBase.sol', 'LybraPeUSDVaultBase.feeUpdatedAt')
 reader witnesses  -> 8
 storage exposures -> 1
[MV-SI candidate 96c5eaa19fdd6735387f] {extraRatio, finishAt, peUSDExtraRatio, rewardPerTokenStored, rewardRatio, rewards, updatedAt, userRewardPerTokenPaid}
 writer root       -> contracts/lybra/miner/EUSDMiningIncentives.sol::EUSDMiningIncentives.getReward()
 writer effect     -> contracts/lybra/miner/EUSDMiningIncentives.sol:77
 written member    -> ('SV', 'contracts/lybra/miner/EUSDMiningIncentives.sol', 'EUSDMiningIncentives.rewards')
 potentially stale -> ('SV', 'contracts/lybra/miner/EUSDMiningIncentives.sol', 'EUSDMiningIncentives.extraRatio'), ('SV', 'contracts/lybra/miner/EUSDMiningIncentives.sol', 'EUSDMiningIncentives.finishAt'), ('SV', 'contracts/lybra/miner/EUSDMiningIncentives.sol', 'EUSDMiningIncentives.peUSDExtraRatio'), ('SV', 'contracts/lybra/miner/EUSDMiningIncentives.sol', 'EUSDMiningIncentives.rewardPerTokenStored'), ('SV', 'contracts/lybra/miner/EUSDMiningIncentives.sol', 'EUSDMiningIncentives.rewardRatio'), ('SV', 'contracts/lybra/miner/EUSDMiningIncentives.sol', 'EUSDMiningIncentives.updatedAt'), ('SV', 'contracts/lybra/miner/EUSDMiningIncentives.sol', 'EUSDMiningIncentives.userRewardPerTokenPaid')
 reader witnesses  -> 32
 storage exposures -> 1
[MV-SI candidate 96d1a472e173348fed10] {extraRatio, finishAt, peUSDExtraRatio, rewardPerTokenStored, rewardRatio, rewards, updatedAt, userRewardPerTokenPaid}
 writer root       -> contracts/lybra/miner/EUSDMiningIncentives.sol::EUSDMiningIncentives.notifyRewardAmount(uint256)
 writer effect     -> contracts/lybra/miner/EUSDMiningIncentives.sol:240
 written member    -> ('SV', 'contracts/lybra/miner/EUSDMiningIncentives.sol', 'EUSDMiningIncentives.updatedAt')
 potentially stale -> ('SV', 'contracts/lybra/miner/EUSDMiningIncentives.sol', 'EUSDMiningIncentives.extraRatio'), ('SV', 'contracts/lybra/miner/EUSDMiningIncentives.sol', 'EUSDMiningIncentives.finishAt'), ('SV', 'contracts/lybra/miner/EUSDMiningIncentives.sol', 'EUSDMiningIncentives.peUSDExtraRatio'), ('SV', 'contracts/lybra/miner/EUSDMiningIncentives.sol', 'EUSDMiningIncentives.rewardPerTokenStored'), ('SV', 'contracts/lybra/miner/EUSDMiningIncentives.sol', 'EUSDMiningIncentives.rewardRatio'), ('SV', 'contracts/lybra/miner/EUSDMiningIncentives.sol', 'EUSDMiningIncentives.rewards'), ('SV', 'contracts/lybra/miner/EUSDMiningIncentives.sol', 'EUSDMiningIncentives.userRewardPerTokenPaid')
 reader witnesses  -> 34
 storage exposures -> 1
[MV-SI candidate 96e046815c12cd71f87d] {feeStored, lastReportTime, lidoRebaseTime, poolTotalEUSDCirculation, totalDepositedAsset}
 writer root       -> contracts/lybra/pools/base/LybraEUSDVaultBase.sol::LybraEUSDVaultBase.rigidRedemption(address,uint256)
 writer effect     -> contracts/lybra/pools/base/LybraEUSDVaultBase.sol:284
 written member    -> ('SV', 'contracts/lybra/pools/base/LybraEUSDVaultBase.sol', 'LybraEUSDVaultBase.poolTotalEUSDCirculation')
 potentially stale -> ('SV', 'contracts/lybra/pools/LybraStETHVault.sol', 'LybraStETHDepositVault.lidoRebaseTime'), ('SV', 'contracts/lybra/pools/base/LybraEUSDVaultBase.sol', 'LybraEUSDVaultBase.feeStored'), ('SV', 'contracts/lybra/pools/base/LybraEUSDVaultBase.sol', 'LybraEUSDVaultBase.lastReportTime'), ('SV', 'contracts/lybra/pools/base/LybraEUSDVaultBase.sol', 'LybraEUSDVaultBase.totalDepositedAsset')
 reader witnesses  -> 7
 storage exposures -> 1
[MV-SI candidate 97eb82b55bbb1152cf60] {oracleFee, protocolFeeConfig, relayerFeeConfig}
 writer root       -> contracts/mocks/LZEndpointMock.sol::LZEndpointMock.setProtocolFee(uint256,uint256)
 writer effect     -> contracts/mocks/LZEndpointMock.sol:339
 written member    -> ('SV', 'contracts/mocks/LZEndpointMock.sol', 'LZEndpointMock.protocolFeeConfig')
 potentially stale -> ('SV', 'contracts/mocks/LZEndpointMock.sol', 'LZEndpointMock.oracleFee'), ('SV', 'contracts/mocks/LZEndpointMock.sol', 'LZEndpointMock.relayerFeeConfig')
 reader witnesses  -> 15
 storage exposures -> 1
[MV-SI candidate 983217936abbd2792163] {borrowed, feeUpdatedAt}
 writer root       -> contracts/lybra/pools/base/LybraPeUSDVaultBase.sol::LybraPeUSDVaultBase.mint(address,uint256)
 writer effect     -> contracts/lybra/pools/base/LybraPeUSDVaultBase.sol:179
 written member    -> ('SV', 'contracts/lybra/pools/base/LybraPeUSDVaultBase.sol', 'LybraPeUSDVaultBase.borrowed')
 potentially stale -> ('SV', 'contracts/lybra/pools/base/LybraPeUSDVaultBase.sol', 'LybraPeUSDVaultBase.feeUpdatedAt')
 reader witnesses  -> 6
 storage exposures -> 3
[MV-SI candidate 9b0250d6c16d988d4843] {borrowed, feeStored}
 writer root       -> contracts/lybra/pools/base/LybraPeUSDVaultBase.sol::LybraPeUSDVaultBase.burn(address,uint256)
 writer effect     -> contracts/lybra/pools/base/LybraPeUSDVaultBase.sol:232
 written member    -> ('SV', 'contracts/lybra/pools/base/LybraPeUSDVaultBase.sol', 'LybraPeUSDVaultBase.feeStored')
 potentially stale -> ('SV', 'contracts/lybra/pools/base/LybraPeUSDVaultBase.sol', 'LybraPeUSDVaultBase.borrowed')
 reader witnesses  -> 18
 storage exposures -> 3
[MV-SI candidate 9ba50940cafcd7803f5a] {lastReportTime, poolTotalEUSDCirculation}
 writer root       -> contracts/lybra/pools/base/LybraEUSDVaultBase.sol::LybraEUSDVaultBase.mint(address,uint256)
 writer effect     -> contracts/lybra/pools/base/LybraEUSDVaultBase.sol:297
 written member    -> ('SV', 'contracts/lybra/pools/base/LybraEUSDVaultBase.sol', 'LybraEUSDVaultBase.lastReportTime')
 potentially stale -> ('SV', 'contracts/lybra/pools/base/LybraEUSDVaultBase.sol', 'LybraEUSDVaultBase.poolTotalEUSDCirculation')
 reader witnesses  -> 4
 storage exposures -> 1
[MV-SI candidate 9bf93d70df106cfeb193] {poolTotalEUSDCirculation, totalDepositedAsset}
 writer root       -> contracts/lybra/pools/base/LybraEUSDVaultBase.sol::LybraEUSDVaultBase.depositAssetToMint(uint256,uint256)
 writer effect     -> contracts/lybra/pools/base/LybraEUSDVaultBase.sol:78
 written member    -> ('SV', 'contracts/lybra/pools/base/LybraEUSDVaultBase.sol', 'LybraEUSDVaultBase.totalDepositedAsset')
 potentially stale -> ('SV', 'contracts/lybra/pools/base/LybraEUSDVaultBase.sol', 'LybraEUSDVaultBase.poolTotalEUSDCirculation')
 reader witnesses  -> 4
 storage exposures -> 1
[MV-SI candidate 9c06e257fc1fbbcb7e76] {borrowed, feeStored}
 writer root       -> contracts/lybra/pools/LybraWbETHVault.sol::LybraWBETHVault.depositEtherToMint(uint256)
 writer effect     -> contracts/lybra/pools/base/LybraPeUSDVaultBase.sol:179
 written member    -> ('SV', 'contracts/lybra/pools/base/LybraPeUSDVaultBase.sol', 'LybraPeUSDVaultBase.borrowed')
 potentially stale -> ('SV', 'contracts/lybra/pools/base/LybraPeUSDVaultBase.sol', 'LybraPeUSDVaultBase.feeStored')
 reader witnesses  -> 4
 storage exposures -> 1
[MV-SI candidate 9c15aeeb405cb5ca77b3] {borrowed, depositedAsset, feeStored, feeUpdatedAt}
 writer root       -> contracts/lybra/pools/base/LybraPeUSDVaultBase.sol::LybraPeUSDVaultBase.rigidRedemption(address,uint256)
 writer effect     -> contracts/lybra/pools/base/LybraPeUSDVaultBase.sol:198
 written member    -> ('SV', 'contracts/lybra/pools/base/LybraPeUSDVaultBase.sol', 'LybraPeUSDVaultBase.feeStored')
 potentially stale -> ('SV', 'contracts/lybra/pools/base/LybraPeUSDVaultBase.sol', 'LybraPeUSDVaultBase.borrowed'), ('SV', 'contracts/lybra/pools/base/LybraPeUSDVaultBase.sol', 'LybraPeUSDVaultBase.depositedAsset'), ('SV', 'contracts/lybra/pools/base/LybraPeUSDVaultBase.sol', 'LybraPeUSDVaultBase.feeUpdatedAt')
 reader witnesses  -> 36
 storage exposures -> 3
[MV-SI candidate 9ccc620eef1a80099842] {oracleFee, protocolFeeConfig}
 writer root       -> contracts/mocks/LZEndpointMock.sol::LZEndpointMock.setProtocolFee(uint256,uint256)
 writer effect     -> contracts/mocks/LZEndpointMock.sol:338
 written member    -> ('SV', 'contracts/mocks/LZEndpointMock.sol', 'LZEndpointMock.protocolFeeConfig')
 potentially stale -> ('SV', 'contracts/mocks/LZEndpointMock.sol', 'LZEndpointMock.oracleFee')
 reader witnesses  -> 2
 storage exposures -> 1
[MV-SI candidate 9ce74d767e8173d0f648] {borrowed, depositedAsset, feeStored, feeUpdatedAt}
 writer root       -> contracts/lybra/pools/LybraWbETHVault.sol::LybraWBETHVault.depositEtherToMint(uint256)
 writer effect     -> contracts/lybra/pools/LybraWbETHVault.sol:25
 written member    -> ('SV', 'contracts/lybra/pools/base/LybraPeUSDVaultBase.sol', 'LybraPeUSDVaultBase.depositedAsset')
 potentially stale -> ('SV', 'contracts/lybra/pools/base/LybraPeUSDVaultBase.sol', 'LybraPeUSDVaultBase.borrowed'), ('SV', 'contracts/lybra/pools/base/LybraPeUSDVaultBase.sol', 'LybraPeUSDVaultBase.feeStored'), ('SV', 'contracts/lybra/pools/base/LybraPeUSDVaultBase.sol', 'LybraPeUSDVaultBase.feeUpdatedAt')
 reader witnesses  -> 10
 storage exposures -> 1
[MV-SI candidate 9d8d8b97e8e34d85a1fe] {borrowed, feeStored, feeUpdatedAt}
 writer root       -> contracts/lybra/pools/base/LybraPeUSDVaultBase.sol::LybraPeUSDVaultBase.liquidation(address,address,uint256)
 writer effect     -> contracts/lybra/pools/base/LybraPeUSDVaultBase.sol:232
 written member    -> ('SV', 'contracts/lybra/pools/base/LybraPeUSDVaultBase.sol', 'LybraPeUSDVaultBase.feeStored')
 potentially stale -> ('SV', 'contracts/lybra/pools/base/LybraPeUSDVaultBase.sol', 'LybraPeUSDVaultBase.borrowed'), ('SV', 'contracts/lybra/pools/base/LybraPeUSDVaultBase.sol', 'LybraPeUSDVaultBase.feeUpdatedAt')
 reader witnesses  -> 24
 storage exposures -> 3
[MV-SI candidate 9dfe801a49854199a22d] {feeStored, lastReportTime, lidoRebaseTime, poolTotalEUSDCirculation, totalDepositedAsset}
 writer root       -> contracts/lybra/pools/base/LybraEUSDVaultBase.sol::LybraEUSDVaultBase.depositAssetToMint(uint256,uint256)
 writer effect     -> contracts/lybra/pools/base/LybraEUSDVaultBase.sol:296
 written member    -> ('SV', 'contracts/lybra/pools/base/LybraEUSDVaultBase.sol', 'LybraEUSDVaultBase.feeStored')
 potentially stale -> ('SV', 'contracts/lybra/pools/LybraStETHVault.sol', 'LybraStETHDepositVault.lidoRebaseTime'), ('SV', 'contracts/lybra/pools/base/LybraEUSDVaultBase.sol', 'LybraEUSDVaultBase.lastReportTime'), ('SV', 'contracts/lybra/pools/base/LybraEUSDVaultBase.sol', 'LybraEUSDVaultBase.poolTotalEUSDCirculation'), ('SV', 'contracts/lybra/pools/base/LybraEUSDVaultBase.sol', 'LybraEUSDVaultBase.totalDepositedAsset')
 reader witnesses  -> 7
 storage exposures -> 1
[MV-SI candidate a0453a7b0d3091bcba29] {borrowed, feeUpdatedAt}
 writer root       -> contracts/lybra/pools/LybraWbETHVault.sol::LybraWBETHVault.depositEtherToMint(uint256)
 writer effect     -> contracts/lybra/pools/base/LybraPeUSDVaultBase.sol:179
 written member    -> ('SV', 'contracts/lybra/pools/base/LybraPeUSDVaultBase.sol', 'LybraPeUSDVaultBase.borrowed')
 potentially stale -> ('SV', 'contracts/lybra/pools/base/LybraPeUSDVaultBase.sol', 'LybraPeUSDVaultBase.feeUpdatedAt')
 reader witnesses  -> 2
 storage exposures -> 1
[MV-SI candidate a086c1e3848aa8932718] {oracleFee, protocolFeeConfig, relayerFeeConfig}
 writer root       -> contracts/mocks/LZEndpointMock.sol::LZEndpointMock.setOracleFee(uint256)
 writer effect     -> contracts/mocks/LZEndpointMock.sol:343
 written member    -> ('SV', 'contracts/mocks/LZEndpointMock.sol', 'LZEndpointMock.oracleFee')
 potentially stale -> ('SV', 'contracts/mocks/LZEndpointMock.sol', 'LZEndpointMock.protocolFeeConfig'), ('SV', 'contracts/mocks/LZEndpointMock.sol', 'LZEndpointMock.relayerFeeConfig')
 reader witnesses  -> 18
 storage exposures -> 1
[MV-SI candidate a43f810fcf4efe563604] {borrowed, feeStored, feeUpdatedAt}
 writer root       -> contracts/lybra/pools/base/LybraPeUSDVaultBase.sol::LybraPeUSDVaultBase.rigidRedemption(address,uint256)
 writer effect     -> contracts/lybra/pools/base/LybraPeUSDVaultBase.sol:202
 written member    -> ('SV', 'contracts/lybra/pools/base/LybraPeUSDVaultBase.sol', 'LybraPeUSDVaultBase.feeStored')
 potentially stale -> ('SV', 'contracts/lybra/pools/base/LybraPeUSDVaultBase.sol', 'LybraPeUSDVaultBase.borrowed'), ('SV', 'contracts/lybra/pools/base/LybraPeUSDVaultBase.sol', 'LybraPeUSDVaultBase.feeUpdatedAt')
 reader witnesses  -> 24
 storage exposures -> 3
[MV-SI candidate a4a225a03cf0ed120d95] {borrowed, depositedAsset}
 writer root       -> contracts/lybra/pools/base/LybraEUSDVaultBase.sol::LybraEUSDVaultBase.rigidRedemption(address,uint256)
 writer effect     -> contracts/lybra/pools/base/LybraEUSDVaultBase.sol:240
 written member    -> ('SV', 'contracts/lybra/pools/base/LybraEUSDVaultBase.sol', 'LybraEUSDVaultBase.depositedAsset')
 potentially stale -> ('SV', 'contracts/lybra/pools/base/LybraEUSDVaultBase.sol', 'LybraEUSDVaultBase.borrowed')
 reader witnesses  -> 14
 storage exposures -> 1
[MV-SI candidate a5387278da1c62947fc3] {extraRatio, finishAt, peUSDExtraRatio, rewardPerTokenStored, rewardRatio, rewards, updatedAt, userRewardPerTokenPaid}
 writer root       -> contracts/lybra/miner/EUSDMiningIncentives.sol::EUSDMiningIncentives.getReward()
 writer effect     -> contracts/lybra/miner/EUSDMiningIncentives.sol:196
 written member    -> ('SV', 'contracts/lybra/miner/EUSDMiningIncentives.sol', 'EUSDMiningIncentives.rewards')
 potentially stale -> ('SV', 'contracts/lybra/miner/EUSDMiningIncentives.sol', 'EUSDMiningIncentives.extraRatio'), ('SV', 'contracts/lybra/miner/EUSDMiningIncentives.sol', 'EUSDMiningIncentives.finishAt'), ('SV', 'contracts/lybra/miner/EUSDMiningIncentives.sol', 'EUSDMiningIncentives.peUSDExtraRatio'), ('SV', 'contracts/lybra/miner/EUSDMiningIncentives.sol', 'EUSDMiningIncentives.rewardPerTokenStored'), ('SV', 'contracts/lybra/miner/EUSDMiningIncentives.sol', 'EUSDMiningIncentives.rewardRatio'), ('SV', 'contracts/lybra/miner/EUSDMiningIncentives.sol', 'EUSDMiningIncentives.updatedAt'), ('SV', 'contracts/lybra/miner/EUSDMiningIncentives.sol', 'EUSDMiningIncentives.userRewardPerTokenPaid')
 reader witnesses  -> 32
 storage exposures -> 1
[MV-SI candidate a59ea32adc3f8a698e2c] {borrowed, feeUpdatedAt}
 writer root       -> contracts/lybra/pools/base/LybraPeUSDVaultBase.sol::LybraPeUSDVaultBase.depositAssetToMint(uint256,uint256)
 writer effect     -> contracts/lybra/pools/base/LybraPeUSDVaultBase.sol:179
 written member    -> ('SV', 'contracts/lybra/pools/base/LybraPeUSDVaultBase.sol', 'LybraPeUSDVaultBase.borrowed')
 potentially stale -> ('SV', 'contracts/lybra/pools/base/LybraPeUSDVaultBase.sol', 'LybraPeUSDVaultBase.feeUpdatedAt')
 reader witnesses  -> 6
 storage exposures -> 3
[MV-SI candidate a63bdf534ff79553e982] {finishAt, rewardPerTokenStored, rewardRatio, totalSupply, updatedAt}
 writer root       -> contracts/lybra/miner/stakerewardV2pool.sol::StakingRewardsV2.getReward()
 writer effect     -> contracts/lybra/miner/stakerewardV2pool.sol:58
 written member    -> ('SV', 'contracts/lybra/miner/stakerewardV2pool.sol', 'StakingRewardsV2.updatedAt')
 potentially stale -> ('SV', 'contracts/lybra/miner/stakerewardV2pool.sol', 'StakingRewardsV2.finishAt'), ('SV', 'contracts/lybra/miner/stakerewardV2pool.sol', 'StakingRewardsV2.rewardPerTokenStored'), ('SV', 'contracts/lybra/miner/stakerewardV2pool.sol', 'StakingRewardsV2.rewardRatio'), ('SV', 'contracts/lybra/miner/stakerewardV2pool.sol', 'StakingRewardsV2.totalSupply')
 reader witnesses  -> 26
 storage exposures -> 1
[MV-SI candidate a7f8061a9125e6e67655] {balanceOf, finishAt, rewardPerTokenStored, rewardRatio, rewards, totalSupply, updatedAt, userRewardPerTokenPaid}
 writer root       -> contracts/lybra/miner/stakerewardV2pool.sol::StakingRewardsV2.withdraw(uint256)
 writer effect     -> contracts/lybra/miner/stakerewardV2pool.sol:58
 written member    -> ('SV', 'contracts/lybra/miner/stakerewardV2pool.sol', 'StakingRewardsV2.updatedAt')
 potentially stale -> ('SV', 'contracts/lybra/miner/stakerewardV2pool.sol', 'StakingRewardsV2.balanceOf'), ('SV', 'contracts/lybra/miner/stakerewardV2pool.sol', 'StakingRewardsV2.finishAt'), ('SV', 'contracts/lybra/miner/stakerewardV2pool.sol', 'StakingRewardsV2.rewardPerTokenStored'), ('SV', 'contracts/lybra/miner/stakerewardV2pool.sol', 'StakingRewardsV2.rewardRatio'), ('SV', 'contracts/lybra/miner/stakerewardV2pool.sol', 'StakingRewardsV2.rewards'), ('SV', 'contracts/lybra/miner/stakerewardV2pool.sol', 'StakingRewardsV2.totalSupply'), ('SV', 'contracts/lybra/miner/stakerewardV2pool.sol', 'StakingRewardsV2.userRewardPerTokenPaid')
 reader witnesses  -> 33
 storage exposures -> 1
[MV-SI candidate a8d0161c03044d806653] {_totalSupply, maxSupply}
 writer root       -> contracts/lybra/token/esLBR.sol::esLBR.burn(address,uint256)
 writer effect     -> @openzeppelin/contracts/token/ERC20/ERC20.sol:287
 written member    -> ('SV', '@openzeppelin/contracts/token/ERC20/ERC20.sol', 'ERC20._totalSupply')
 potentially stale -> ('SV', 'contracts/lybra/token/esLBR.sol', 'esLBR.maxSupply')
 reader witnesses  -> 1
 storage exposures -> 1
[MV-SI candidate a8da36b8f0af2df186c2] {feeStored, lastReportTime, lidoRebaseTime, poolTotalEUSDCirculation, totalDepositedAsset}
 writer root       -> contracts/lybra/pools/LybraStETHVault.sol::LybraStETHDepositVault.excessIncomeDistribution(uint256)
 writer effect     -> contracts/lybra/pools/LybraStETHVault.sol:88
 written member    -> ('SV', 'contracts/lybra/pools/base/LybraEUSDVaultBase.sol', 'LybraEUSDVaultBase.feeStored')
 potentially stale -> ('SV', 'contracts/lybra/pools/LybraStETHVault.sol', 'LybraStETHDepositVault.lidoRebaseTime'), ('SV', 'contracts/lybra/pools/base/LybraEUSDVaultBase.sol', 'LybraEUSDVaultBase.lastReportTime'), ('SV', 'contracts/lybra/pools/base/LybraEUSDVaultBase.sol', 'LybraEUSDVaultBase.poolTotalEUSDCirculation'), ('SV', 'contracts/lybra/pools/base/LybraEUSDVaultBase.sol', 'LybraEUSDVaultBase.totalDepositedAsset')
 reader witnesses  -> 7
 storage exposures -> 1
[MV-SI candidate a8ddfb0db3f264e9b6a2] {borrowed, depositedAsset, feeStored, feeUpdatedAt}
 writer root       -> contracts/lybra/pools/base/LybraPeUSDVaultBase.sol::LybraPeUSDVaultBase.mint(address,uint256)
 writer effect     -> contracts/lybra/pools/base/LybraPeUSDVaultBase.sol:179
 written member    -> ('SV', 'contracts/lybra/pools/base/LybraPeUSDVaultBase.sol', 'LybraPeUSDVaultBase.borrowed')
 potentially stale -> ('SV', 'contracts/lybra/pools/base/LybraPeUSDVaultBase.sol', 'LybraPeUSDVaultBase.depositedAsset'), ('SV', 'contracts/lybra/pools/base/LybraPeUSDVaultBase.sol', 'LybraPeUSDVaultBase.feeStored'), ('SV', 'contracts/lybra/pools/base/LybraPeUSDVaultBase.sol', 'LybraPeUSDVaultBase.feeUpdatedAt')
 reader witnesses  -> 36
 storage exposures -> 3
[MV-SI candidate aa18a951e06b62d5dbfa] {finishAt, rewardPerTokenStored, rewardRatio, totalSupply, updatedAt}
 writer root       -> contracts/lybra/miner/stakerewardV2pool.sol::StakingRewardsV2.withdraw(uint256)
 writer effect     -> contracts/lybra/miner/stakerewardV2pool.sol:58
 written member    -> ('SV', 'contracts/lybra/miner/stakerewardV2pool.sol', 'StakingRewardsV2.updatedAt')
 potentially stale -> ('SV', 'contracts/lybra/miner/stakerewardV2pool.sol', 'StakingRewardsV2.finishAt'), ('SV', 'contracts/lybra/miner/stakerewardV2pool.sol', 'StakingRewardsV2.rewardPerTokenStored'), ('SV', 'contracts/lybra/miner/stakerewardV2pool.sol', 'StakingRewardsV2.rewardRatio'), ('SV', 'contracts/lybra/miner/stakerewardV2pool.sol', 'StakingRewardsV2.totalSupply')
 reader witnesses  -> 26
 storage exposures -> 1
[MV-SI candidate aa195400d0cb76b33f08] {borrowed, feeStored, feeUpdatedAt}
 writer root       -> contracts/lybra/pools/base/LybraPeUSDVaultBase.sol::LybraPeUSDVaultBase.burn(address,uint256)
 writer effect     -> contracts/lybra/pools/base/LybraPeUSDVaultBase.sol:202
 written member    -> ('SV', 'contracts/lybra/pools/base/LybraPeUSDVaultBase.sol', 'LybraPeUSDVaultBase.feeStored')
 potentially stale -> ('SV', 'contracts/lybra/pools/base/LybraPeUSDVaultBase.sol', 'LybraPeUSDVaultBase.borrowed'), ('SV', 'contracts/lybra/pools/base/LybraPeUSDVaultBase.sol', 'LybraPeUSDVaultBase.feeUpdatedAt')
 reader witnesses  -> 24
 storage exposures -> 3
[MV-SI candidate ab041501ccc66b6dc9ef] {extraRatio, finishAt, peUSDExtraRatio, rewardPerTokenStored, rewardRatio, rewards, updatedAt, userRewardPerTokenPaid}
 writer root       -> contracts/lybra/miner/EUSDMiningIncentives.sol::EUSDMiningIncentives.purchaseOtherEarnings(address,bool)
 writer effect     -> contracts/lybra/miner/EUSDMiningIncentives.sol:77
 written member    -> ('SV', 'contracts/lybra/miner/EUSDMiningIncentives.sol', 'EUSDMiningIncentives.rewards')
 potentially stale -> ('SV', 'contracts/lybra/miner/EUSDMiningIncentives.sol', 'EUSDMiningIncentives.extraRatio'), ('SV', 'contracts/lybra/miner/EUSDMiningIncentives.sol', 'EUSDMiningIncentives.finishAt'), ('SV', 'contracts/lybra/miner/EUSDMiningIncentives.sol', 'EUSDMiningIncentives.peUSDExtraRatio'), ('SV', 'contracts/lybra/miner/EUSDMiningIncentives.sol', 'EUSDMiningIncentives.rewardPerTokenStored'), ('SV', 'contracts/lybra/miner/EUSDMiningIncentives.sol', 'EUSDMiningIncentives.rewardRatio'), ('SV', 'contracts/lybra/miner/EUSDMiningIncentives.sol', 'EUSDMiningIncentives.updatedAt'), ('SV', 'contracts/lybra/miner/EUSDMiningIncentives.sol', 'EUSDMiningIncentives.userRewardPerTokenPaid')
 reader witnesses  -> 32
 storage exposures -> 1
[MV-SI candidate ad90c21f8a419f7c1d71] {borrowed, depositedAsset, feeStored, feeUpdatedAt}
 writer root       -> contracts/lybra/pools/base/LybraPeUSDVaultBase.sol::LybraPeUSDVaultBase.rigidRedemption(address,uint256)
 writer effect     -> contracts/lybra/pools/base/LybraPeUSDVaultBase.sol:165
 written member    -> ('SV', 'contracts/lybra/pools/base/LybraPeUSDVaultBase.sol', 'LybraPeUSDVaultBase.depositedAsset')
 potentially stale -> ('SV', 'contracts/lybra/pools/base/LybraPeUSDVaultBase.sol', 'LybraPeUSDVaultBase.borrowed'), ('SV', 'contracts/lybra/pools/base/LybraPeUSDVaultBase.sol', 'LybraPeUSDVaultBase.feeStored'), ('SV', 'contracts/lybra/pools/base/LybraPeUSDVaultBase.sol', 'LybraPeUSDVaultBase.feeUpdatedAt')
 reader witnesses  -> 30
 storage exposures -> 3
[MV-SI candidate adf041f169b25c7c299c] {balanceOf, finishAt, rewardPerTokenStored, rewardRatio, rewards, totalSupply, updatedAt, userRewardPerTokenPaid}
 writer root       -> contracts/lybra/miner/stakerewardV2pool.sol::StakingRewardsV2.getReward()
 writer effect     -> contracts/lybra/miner/stakerewardV2pool.sol:62
 written member    -> ('SV', 'contracts/lybra/miner/stakerewardV2pool.sol', 'StakingRewardsV2.userRewardPerTokenPaid')
 potentially stale -> ('SV', 'contracts/lybra/miner/stakerewardV2pool.sol', 'StakingRewardsV2.balanceOf'), ('SV', 'contracts/lybra/miner/stakerewardV2pool.sol', 'StakingRewardsV2.finishAt'), ('SV', 'contracts/lybra/miner/stakerewardV2pool.sol', 'StakingRewardsV2.rewardPerTokenStored'), ('SV', 'contracts/lybra/miner/stakerewardV2pool.sol', 'StakingRewardsV2.rewardRatio'), ('SV', 'contracts/lybra/miner/stakerewardV2pool.sol', 'StakingRewardsV2.rewards'), ('SV', 'contracts/lybra/miner/stakerewardV2pool.sol', 'StakingRewardsV2.totalSupply'), ('SV', 'contracts/lybra/miner/stakerewardV2pool.sol', 'StakingRewardsV2.updatedAt')
 reader witnesses  -> 29
 storage exposures -> 1
[MV-SI candidate ae0470f4152c6a1c9ef0] {poolTotalEUSDCirculation, totalDepositedAsset}
 writer root       -> contracts/lybra/pools/LybraStETHVault.sol::LybraStETHDepositVault.depositEtherToMint(uint256)
 writer effect     -> contracts/lybra/pools/LybraStETHVault.sol:43
 written member    -> ('SV', 'contracts/lybra/pools/base/LybraEUSDVaultBase.sol', 'LybraEUSDVaultBase.totalDepositedAsset')
 potentially stale -> ('SV', 'contracts/lybra/pools/base/LybraEUSDVaultBase.sol', 'LybraEUSDVaultBase.poolTotalEUSDCirculation')
 reader witnesses  -> 4
 storage exposures -> 1
[MV-SI candidate ae1f09962dbac543faa3] {borrowed, feeStored}
 writer root       -> contracts/lybra/pools/LybraRETHVault.sol::LybraRETHVault.depositEtherToMint(uint256)
 writer effect     -> contracts/lybra/pools/base/LybraPeUSDVaultBase.sol:179
 written member    -> ('SV', 'contracts/lybra/pools/base/LybraPeUSDVaultBase.sol', 'LybraPeUSDVaultBase.borrowed')
 potentially stale -> ('SV', 'contracts/lybra/pools/base/LybraPeUSDVaultBase.sol', 'LybraPeUSDVaultBase.feeStored')
 reader witnesses  -> 4
 storage exposures -> 1
[MV-SI candidate af0a3335391503e7e33d] {lastReportTime, poolTotalEUSDCirculation}
 writer root       -> contracts/lybra/pools/base/LybraEUSDVaultBase.sol::LybraEUSDVaultBase.rigidRedemption(address,uint256)
 writer effect     -> contracts/lybra/pools/base/LybraEUSDVaultBase.sol:297
 written member    -> ('SV', 'contracts/lybra/pools/base/LybraEUSDVaultBase.sol', 'LybraEUSDVaultBase.lastReportTime')
 potentially stale -> ('SV', 'contracts/lybra/pools/base/LybraEUSDVaultBase.sol', 'LybraEUSDVaultBase.poolTotalEUSDCirculation')
 reader witnesses  -> 4
 storage exposures -> 1
[MV-SI candidate afee4e21a8b96ef7d9a6] {finishAt, rewardPerTokenStored, rewardRatio, updatedAt}
 writer root       -> contracts/lybra/miner/EUSDMiningIncentives.sol::EUSDMiningIncentives.getReward()
 writer effect     -> contracts/lybra/miner/EUSDMiningIncentives.sol:73
 written member    -> ('SV', 'contracts/lybra/miner/EUSDMiningIncentives.sol', 'EUSDMiningIncentives.rewardPerTokenStored')
 potentially stale -> ('SV', 'contracts/lybra/miner/EUSDMiningIncentives.sol', 'EUSDMiningIncentives.finishAt'), ('SV', 'contracts/lybra/miner/EUSDMiningIncentives.sol', 'EUSDMiningIncentives.rewardRatio'), ('SV', 'contracts/lybra/miner/EUSDMiningIncentives.sol', 'EUSDMiningIncentives.updatedAt')
 reader witnesses  -> 12
 storage exposures -> 1
[MV-SI candidate b03ddc16f8fb2d4d9dbb] {borrowed, feeStored}
 writer root       -> contracts/lybra/pools/base/LybraPeUSDVaultBase.sol::LybraPeUSDVaultBase.burn(address,uint256)
 writer effect     -> contracts/lybra/pools/base/LybraPeUSDVaultBase.sol:206
 written member    -> ('SV', 'contracts/lybra/pools/base/LybraPeUSDVaultBase.sol', 'LybraPeUSDVaultBase.borrowed')
 potentially stale -> ('SV', 'contracts/lybra/pools/base/LybraPeUSDVaultBase.sol', 'LybraPeUSDVaultBase.feeStored')
 reader witnesses  -> 12
 storage exposures -> 3
[MV-SI candidate b083b5580463658f1b07] {lastWithdrawTime, time2fullRedemption, unstakeRatio}
 writer root       -> contracts/lybra/miner/ProtocolRewardsPool.sol::ProtocolRewardsPool.unlockPrematurely()
 writer effect     -> contracts/lybra/miner/ProtocolRewardsPool.sol:121
 written member    -> ('SV', 'contracts/lybra/miner/ProtocolRewardsPool.sol', 'ProtocolRewardsPool.time2fullRedemption')
 potentially stale -> ('SV', 'contracts/lybra/miner/ProtocolRewardsPool.sol', 'ProtocolRewardsPool.lastWithdrawTime'), ('SV', 'contracts/lybra/miner/ProtocolRewardsPool.sol', 'ProtocolRewardsPool.unstakeRatio')
 reader witnesses  -> 45
 storage exposures -> 1
[MV-SI candidate b1349d8a3cbae8a3695e] {oracleFee, protocolFeeConfig}
 writer root       -> contracts/mocks/LZEndpointMock.sol::LZEndpointMock.setProtocolFee(uint256,uint256)
 writer effect     -> contracts/mocks/LZEndpointMock.sol:339
 written member    -> ('SV', 'contracts/mocks/LZEndpointMock.sol', 'LZEndpointMock.protocolFeeConfig')
 potentially stale -> ('SV', 'contracts/mocks/LZEndpointMock.sol', 'LZEndpointMock.oracleFee')
 reader witnesses  -> 2
 storage exposures -> 1
[MV-SI candidate b203252235aadf75cbf0] {lastReportTime, poolTotalEUSDCirculation}
 writer root       -> contracts/lybra/pools/LybraStETHVault.sol::LybraStETHDepositVault.depositEtherToMint(uint256)
 writer effect     -> contracts/lybra/pools/base/LybraEUSDVaultBase.sol:266
 written member    -> ('SV', 'contracts/lybra/pools/base/LybraEUSDVaultBase.sol', 'LybraEUSDVaultBase.poolTotalEUSDCirculation')
 potentially stale -> ('SV', 'contracts/lybra/pools/base/LybraEUSDVaultBase.sol', 'LybraEUSDVaultBase.lastReportTime')
 reader witnesses  -> 2
 storage exposures -> 1
[MV-SI candidate b23411924a95b3032f96] {borrowed, feeUpdatedAt}
 writer root       -> contracts/lybra/pools/base/LybraPeUSDVaultBase.sol::LybraPeUSDVaultBase.liquidation(address,address,uint256)
 writer effect     -> contracts/lybra/pools/base/LybraPeUSDVaultBase.sol:233
 written member    -> ('SV', 'contracts/lybra/pools/base/LybraPeUSDVaultBase.sol', 'LybraPeUSDVaultBase.feeUpdatedAt')
 potentially stale -> ('SV', 'contracts/lybra/pools/base/LybraPeUSDVaultBase.sol', 'LybraPeUSDVaultBase.borrowed')
 reader witnesses  -> 9
 storage exposures -> 3
[MV-SI candidate b2ab39bbd1157caab8a1] {extraRatio, finishAt, peUSDExtraRatio, rewardPerTokenStored, rewardRatio, rewards, updatedAt, userRewardPerTokenPaid}
 writer root       -> contracts/lybra/miner/EUSDMiningIncentives.sol::EUSDMiningIncentives.notifyRewardAmount(uint256)
 writer effect     -> contracts/lybra/miner/EUSDMiningIncentives.sol:74
 written member    -> ('SV', 'contracts/lybra/miner/EUSDMiningIncentives.sol', 'EUSDMiningIncentives.updatedAt')
 potentially stale -> ('SV', 'contracts/lybra/miner/EUSDMiningIncentives.sol', 'EUSDMiningIncentives.extraRatio'), ('SV', 'contracts/lybra/miner/EUSDMiningIncentives.sol', 'EUSDMiningIncentives.finishAt'), ('SV', 'contracts/lybra/miner/EUSDMiningIncentives.sol', 'EUSDMiningIncentives.peUSDExtraRatio'), ('SV', 'contracts/lybra/miner/EUSDMiningIncentives.sol', 'EUSDMiningIncentives.rewardPerTokenStored'), ('SV', 'contracts/lybra/miner/EUSDMiningIncentives.sol', 'EUSDMiningIncentives.rewardRatio'), ('SV', 'contracts/lybra/miner/EUSDMiningIncentives.sol', 'EUSDMiningIncentives.rewards'), ('SV', 'contracts/lybra/miner/EUSDMiningIncentives.sol', 'EUSDMiningIncentives.userRewardPerTokenPaid')
 reader witnesses  -> 34
 storage exposures -> 1
[MV-SI candidate b36c3b20c24b2d595a1a] {rewardPerTokenStored, rewards, userRewardPerTokenPaid}
 writer root       -> contracts/lybra/miner/ProtocolRewardsPool.sol::ProtocolRewardsPool.notifyRewardAmount(uint256,uint256)
 writer effect     -> contracts/lybra/miner/ProtocolRewardsPool.sol:238
 written member    -> ('SV', 'contracts/lybra/miner/ProtocolRewardsPool.sol', 'ProtocolRewardsPool.rewardPerTokenStored')
 potentially stale -> ('SV', 'contracts/lybra/miner/ProtocolRewardsPool.sol', 'ProtocolRewardsPool.rewards'), ('SV', 'contracts/lybra/miner/ProtocolRewardsPool.sol', 'ProtocolRewardsPool.userRewardPerTokenPaid')
 reader witnesses  -> 3
 storage exposures -> 1
[MV-SI candidate b407cd4fa2a3afc0535b] {lastReportTime, poolTotalEUSDCirculation}
 writer root       -> contracts/lybra/pools/base/LybraEUSDVaultBase.sol::LybraEUSDVaultBase.burn(address,uint256)
 writer effect     -> contracts/lybra/pools/base/LybraEUSDVaultBase.sol:297
 written member    -> ('SV', 'contracts/lybra/pools/base/LybraEUSDVaultBase.sol', 'LybraEUSDVaultBase.lastReportTime')
 potentially stale -> ('SV', 'contracts/lybra/pools/base/LybraEUSDVaultBase.sol', 'LybraEUSDVaultBase.poolTotalEUSDCirculation')
 reader witnesses  -> 4
 storage exposures -> 1
[MV-SI candidate b45eaa5b01cdb0582639] {extraRatio, finishAt, peUSDExtraRatio, rewardPerTokenStored, rewardRatio, rewards, updatedAt, userRewardPerTokenPaid}
 writer root       -> contracts/lybra/miner/EUSDMiningIncentives.sol::EUSDMiningIncentives.refreshReward(address)
 writer effect     -> contracts/lybra/miner/EUSDMiningIncentives.sol:77
 written member    -> ('SV', 'contracts/lybra/miner/EUSDMiningIncentives.sol', 'EUSDMiningIncentives.rewards')
 potentially stale -> ('SV', 'contracts/lybra/miner/EUSDMiningIncentives.sol', 'EUSDMiningIncentives.extraRatio'), ('SV', 'contracts/lybra/miner/EUSDMiningIncentives.sol', 'EUSDMiningIncentives.finishAt'), ('SV', 'contracts/lybra/miner/EUSDMiningIncentives.sol', 'EUSDMiningIncentives.peUSDExtraRatio'), ('SV', 'contracts/lybra/miner/EUSDMiningIncentives.sol', 'EUSDMiningIncentives.rewardPerTokenStored'), ('SV', 'contracts/lybra/miner/EUSDMiningIncentives.sol', 'EUSDMiningIncentives.rewardRatio'), ('SV', 'contracts/lybra/miner/EUSDMiningIncentives.sol', 'EUSDMiningIncentives.updatedAt'), ('SV', 'contracts/lybra/miner/EUSDMiningIncentives.sol', 'EUSDMiningIncentives.userRewardPerTokenPaid')
 reader witnesses  -> 32
 storage exposures -> 1
[MV-SI candidate b460221e317139f0f149] {oracleFee, protocolFeeConfig, relayerFeeConfig}
 writer root       -> contracts/mocks/LZEndpointMock.sol::LZEndpointMock.setRelayerPrice(uint128,uint128,uint128,uint64,uint64)
 writer effect     -> contracts/mocks/LZEndpointMock.sol:333
 written member    -> ('SV', 'contracts/mocks/LZEndpointMock.sol', 'LZEndpointMock.relayerFeeConfig')
 potentially stale -> ('SV', 'contracts/mocks/LZEndpointMock.sol', 'LZEndpointMock.oracleFee'), ('SV', 'contracts/mocks/LZEndpointMock.sol', 'LZEndpointMock.protocolFeeConfig')
 reader witnesses  -> 9
 storage exposures -> 1
[MV-SI candidate b512306fa157e9f04a1b] {borrowed, depositedAsset}
 writer root       -> contracts/lybra/pools/LybraWstETHVault.sol::LybraWstETHVault.depositEtherToMint(uint256)
 writer effect     -> contracts/lybra/pools/LybraWstETHVault.sol:39
 written member    -> ('SV', 'contracts/lybra/pools/base/LybraPeUSDVaultBase.sol', 'LybraPeUSDVaultBase.depositedAsset')
 potentially stale -> ('SV', 'contracts/lybra/pools/base/LybraPeUSDVaultBase.sol', 'LybraPeUSDVaultBase.borrowed')
 reader witnesses  -> 3
 storage exposures -> 1
[MV-SI candidate b5a2d5f2db95e6fa85e5] {lastWithdrawTime, time2fullRedemption, unstakeRatio}
 writer root       -> contracts/lybra/miner/ProtocolRewardsPool.sol::ProtocolRewardsPool.unlockPrematurely()
 writer effect     -> contracts/lybra/miner/ProtocolRewardsPool.sol:120
 written member    -> ('SV', 'contracts/lybra/miner/ProtocolRewardsPool.sol', 'ProtocolRewardsPool.unstakeRatio')
 potentially stale -> ('SV', 'contracts/lybra/miner/ProtocolRewardsPool.sol', 'ProtocolRewardsPool.lastWithdrawTime'), ('SV', 'contracts/lybra/miner/ProtocolRewardsPool.sol', 'ProtocolRewardsPool.time2fullRedemption')
 reader witnesses  -> 75
 storage exposures -> 1
[MV-SI candidate b5dc12c2c64d7ea3e099] {_totalSupply, maxSupply}
 writer root       -> contracts/lybra/token/LBR.sol::LBR.burn(address,uint256)
 writer effect     -> @openzeppelin/contracts/token/ERC20/ERC20.sol:287
 written member    -> ('SV', '@openzeppelin/contracts/token/ERC20/ERC20.sol', 'ERC20._totalSupply')
 potentially stale -> ('SV', 'contracts/lybra/token/LBR.sol', 'LBR.maxSupply')
 reader witnesses  -> 1
 storage exposures -> 1
[MV-SI candidate b680aa788ab5eae49936] {borrowed, feeStored, feeUpdatedAt}
 writer root       -> contracts/lybra/pools/base/LybraPeUSDVaultBase.sol::LybraPeUSDVaultBase.burn(address,uint256)
 writer effect     -> contracts/lybra/pools/base/LybraPeUSDVaultBase.sol:198
 written member    -> ('SV', 'contracts/lybra/pools/base/LybraPeUSDVaultBase.sol', 'LybraPeUSDVaultBase.feeStored')
 potentially stale -> ('SV', 'contracts/lybra/pools/base/LybraPeUSDVaultBase.sol', 'LybraPeUSDVaultBase.borrowed'), ('SV', 'contracts/lybra/pools/base/LybraPeUSDVaultBase.sol', 'LybraPeUSDVaultBase.feeUpdatedAt')
 reader witnesses  -> 24
 storage exposures -> 3
[MV-SI candidate b722685ad69a2aefe0b9] {borrowed, feeStored}
 writer root       -> contracts/lybra/pools/base/LybraPeUSDVaultBase.sol::LybraPeUSDVaultBase.burn(address,uint256)
 writer effect     -> contracts/lybra/pools/base/LybraPeUSDVaultBase.sol:202
 written member    -> ('SV', 'contracts/lybra/pools/base/LybraPeUSDVaultBase.sol', 'LybraPeUSDVaultBase.feeStored')
 potentially stale -> ('SV', 'contracts/lybra/pools/base/LybraPeUSDVaultBase.sol', 'LybraPeUSDVaultBase.borrowed')
 reader witnesses  -> 18
 storage exposures -> 3
[MV-SI candidate b768c8207de169252b63] {borrowed, depositedAsset, feeStored, feeUpdatedAt}
 writer root       -> contracts/lybra/pools/base/LybraPeUSDVaultBase.sol::LybraPeUSDVaultBase.depositAssetToMint(uint256,uint256)
 writer effect     -> contracts/lybra/pools/base/LybraPeUSDVaultBase.sol:64
 written member    -> ('SV', 'contracts/lybra/pools/base/LybraPeUSDVaultBase.sol', 'LybraPeUSDVaultBase.depositedAsset')
 potentially stale -> ('SV', 'contracts/lybra/pools/base/LybraPeUSDVaultBase.sol', 'LybraPeUSDVaultBase.borrowed'), ('SV', 'contracts/lybra/pools/base/LybraPeUSDVaultBase.sol', 'LybraPeUSDVaultBase.feeStored'), ('SV', 'contracts/lybra/pools/base/LybraPeUSDVaultBase.sol', 'LybraPeUSDVaultBase.feeUpdatedAt')
 reader witnesses  -> 30
 storage exposures -> 3
[MV-SI candidate b7795ac88952d02627d0] {lastWithdrawTime, time2fullRedemption}
 writer root       -> contracts/lybra/miner/ProtocolRewardsPool.sol::ProtocolRewardsPool.withdraw(address)
 writer effect     -> contracts/lybra/miner/ProtocolRewardsPool.sol:105
 written member    -> ('SV', 'contracts/lybra/miner/ProtocolRewardsPool.sol', 'ProtocolRewardsPool.lastWithdrawTime')
 potentially stale -> ('SV', 'contracts/lybra/miner/ProtocolRewardsPool.sol', 'ProtocolRewardsPool.time2fullRedemption')
 reader witnesses  -> 21
 storage exposures -> 1
[MV-SI candidate b89c5bceea9e51d8e9b8] {borrowed, depositedAsset}
 writer root       -> contracts/lybra/pools/LybraStETHVault.sol::LybraStETHDepositVault.depositEtherToMint(uint256)
 writer effect     -> contracts/lybra/pools/base/LybraEUSDVaultBase.sol:262
 written member    -> ('SV', 'contracts/lybra/pools/base/LybraEUSDVaultBase.sol', 'LybraEUSDVaultBase.borrowed')
 potentially stale -> ('SV', 'contracts/lybra/pools/base/LybraEUSDVaultBase.sol', 'LybraEUSDVaultBase.depositedAsset')
 reader witnesses  -> 14
 storage exposures -> 1
[MV-SI candidate b9893e16b34f75bf5f2e] {borrowed, feeStored}
 writer root       -> contracts/lybra/pools/base/LybraPeUSDVaultBase.sol::LybraPeUSDVaultBase.burn(address,uint256)
 writer effect     -> contracts/lybra/pools/base/LybraPeUSDVaultBase.sol:198
 written member    -> ('SV', 'contracts/lybra/pools/base/LybraPeUSDVaultBase.sol', 'LybraPeUSDVaultBase.feeStored')
 potentially stale -> ('SV', 'contracts/lybra/pools/base/LybraPeUSDVaultBase.sol', 'LybraPeUSDVaultBase.borrowed')
 reader witnesses  -> 18
 storage exposures -> 3
[MV-SI candidate ba73c05c0c0dce9394f1] {extraRatio, finishAt, peUSDExtraRatio, rewardPerTokenStored, rewardRatio, rewards, updatedAt, userRewardPerTokenPaid}
 writer root       -> contracts/lybra/miner/EUSDMiningIncentives.sol::EUSDMiningIncentives.notifyRewardAmount(uint256)
 writer effect     -> contracts/lybra/miner/EUSDMiningIncentives.sol:239
 written member    -> ('SV', 'contracts/lybra/miner/EUSDMiningIncentives.sol', 'EUSDMiningIncentives.finishAt')
 potentially stale -> ('SV', 'contracts/lybra/miner/EUSDMiningIncentives.sol', 'EUSDMiningIncentives.extraRatio'), ('SV', 'contracts/lybra/miner/EUSDMiningIncentives.sol', 'EUSDMiningIncentives.peUSDExtraRatio'), ('SV', 'contracts/lybra/miner/EUSDMiningIncentives.sol', 'EUSDMiningIncentives.rewardPerTokenStored'), ('SV', 'contracts/lybra/miner/EUSDMiningIncentives.sol', 'EUSDMiningIncentives.rewardRatio'), ('SV', 'contracts/lybra/miner/EUSDMiningIncentives.sol', 'EUSDMiningIncentives.rewards'), ('SV', 'contracts/lybra/miner/EUSDMiningIncentives.sol', 'EUSDMiningIncentives.updatedAt'), ('SV', 'contracts/lybra/miner/EUSDMiningIncentives.sol', 'EUSDMiningIncentives.userRewardPerTokenPaid')
 reader witnesses  -> 28
 storage exposures -> 1
[MV-SI candidate baa10c7e0477a3bfbafd] {balanceOf, finishAt, rewardPerTokenStored, rewardRatio, rewards, totalSupply, updatedAt, userRewardPerTokenPaid}
 writer root       -> contracts/lybra/miner/stakerewardV2pool.sol::StakingRewardsV2.stake(uint256)
 writer effect     -> contracts/lybra/miner/stakerewardV2pool.sol:58
 written member    -> ('SV', 'contracts/lybra/miner/stakerewardV2pool.sol', 'StakingRewardsV2.updatedAt')
 potentially stale -> ('SV', 'contracts/lybra/miner/stakerewardV2pool.sol', 'StakingRewardsV2.balanceOf'), ('SV', 'contracts/lybra/miner/stakerewardV2pool.sol', 'StakingRewardsV2.finishAt'), ('SV', 'contracts/lybra/miner/stakerewardV2pool.sol', 'StakingRewardsV2.rewardPerTokenStored'), ('SV', 'contracts/lybra/miner/stakerewardV2pool.sol', 'StakingRewardsV2.rewardRatio'), ('SV', 'contracts/lybra/miner/stakerewardV2pool.sol', 'StakingRewardsV2.rewards'), ('SV', 'contracts/lybra/miner/stakerewardV2pool.sol', 'StakingRewardsV2.totalSupply'), ('SV', 'contracts/lybra/miner/stakerewardV2pool.sol', 'StakingRewardsV2.userRewardPerTokenPaid')
 reader witnesses  -> 33
 storage exposures -> 1
[MV-SI candidate bb8ca4d7670f0a97c9b0] {borrowed, depositedAsset}
 writer root       -> contracts/lybra/pools/base/LybraEUSDVaultBase.sol::LybraEUSDVaultBase.superLiquidation(address,address,uint256)
 writer effect     -> contracts/lybra/pools/base/LybraEUSDVaultBase.sol:202
 written member    -> ('SV', 'contracts/lybra/pools/base/LybraEUSDVaultBase.sol', 'LybraEUSDVaultBase.depositedAsset')
 potentially stale -> ('SV', 'contracts/lybra/pools/base/LybraEUSDVaultBase.sol', 'LybraEUSDVaultBase.borrowed')
 reader witnesses  -> 14
 storage exposures -> 1
[MV-SI candidate bc76628fefbe6079f372] {finishAt, rewardPerTokenStored, rewardRatio, totalSupply, updatedAt}
 writer root       -> contracts/lybra/miner/stakerewardV2pool.sol::StakingRewardsV2.notifyRewardAmount(uint256)
 writer effect     -> contracts/lybra/miner/stakerewardV2pool.sol:142
 written member    -> ('SV', 'contracts/lybra/miner/stakerewardV2pool.sol', 'StakingRewardsV2.finishAt')
 potentially stale -> ('SV', 'contracts/lybra/miner/stakerewardV2pool.sol', 'StakingRewardsV2.rewardPerTokenStored'), ('SV', 'contracts/lybra/miner/stakerewardV2pool.sol', 'StakingRewardsV2.rewardRatio'), ('SV', 'contracts/lybra/miner/stakerewardV2pool.sol', 'StakingRewardsV2.totalSupply'), ('SV', 'contracts/lybra/miner/stakerewardV2pool.sol', 'StakingRewardsV2.updatedAt')
 reader witnesses  -> 20
 storage exposures -> 1
[MV-SI candidate bca5f73db117690e30ff] {feeStored, lastReportTime, lidoRebaseTime, poolTotalEUSDCirculation, totalDepositedAsset}
 writer root       -> contracts/lybra/pools/base/LybraEUSDVaultBase.sol::LybraEUSDVaultBase.rigidRedemption(address,uint256)
 writer effect     -> contracts/lybra/pools/base/LybraEUSDVaultBase.sol:296
 written member    -> ('SV', 'contracts/lybra/pools/base/LybraEUSDVaultBase.sol', 'LybraEUSDVaultBase.feeStored')
 potentially stale -> ('SV', 'contracts/lybra/pools/LybraStETHVault.sol', 'LybraStETHDepositVault.lidoRebaseTime'), ('SV', 'contracts/lybra/pools/base/LybraEUSDVaultBase.sol', 'LybraEUSDVaultBase.lastReportTime'), ('SV', 'contracts/lybra/pools/base/LybraEUSDVaultBase.sol', 'LybraEUSDVaultBase.poolTotalEUSDCirculation'), ('SV', 'contracts/lybra/pools/base/LybraEUSDVaultBase.sol', 'LybraEUSDVaultBase.totalDepositedAsset')
 reader witnesses  -> 7
 storage exposures -> 1
[MV-SI candidate bd1b696018262a837241] {lastWithdrawTime, time2fullRedemption, unstakeRatio}
 writer root       -> contracts/lybra/miner/ProtocolRewardsPool.sol::ProtocolRewardsPool.reStake()
 writer effect     -> contracts/lybra/miner/ProtocolRewardsPool.sol:144
 written member    -> ('SV', 'contracts/lybra/miner/ProtocolRewardsPool.sol', 'ProtocolRewardsPool.unstakeRatio')
 potentially stale -> ('SV', 'contracts/lybra/miner/ProtocolRewardsPool.sol', 'ProtocolRewardsPool.lastWithdrawTime'), ('SV', 'contracts/lybra/miner/ProtocolRewardsPool.sol', 'ProtocolRewardsPool.time2fullRedemption')
 reader witnesses  -> 75
 storage exposures -> 1
[MV-SI candidate bd6bcfd77e0b8735ae5d] {borrowed, depositedAsset}
 writer root       -> contracts/lybra/pools/base/LybraPeUSDVaultBase.sol::LybraPeUSDVaultBase.depositAssetToMint(uint256,uint256)
 writer effect     -> contracts/lybra/pools/base/LybraPeUSDVaultBase.sol:179
 written member    -> ('SV', 'contracts/lybra/pools/base/LybraPeUSDVaultBase.sol', 'LybraPeUSDVaultBase.borrowed')
 potentially stale -> ('SV', 'contracts/lybra/pools/base/LybraPeUSDVaultBase.sol', 'LybraPeUSDVaultBase.depositedAsset')
 reader witnesses  -> 6
 storage exposures -> 3
[MV-SI candidate beb07f78e83d4d7b082f] {borrowed, depositedAsset, feeStored, feeUpdatedAt}
 writer root       -> contracts/lybra/pools/base/LybraPeUSDVaultBase.sol::LybraPeUSDVaultBase.liquidation(address,address,uint256)
 writer effect     -> contracts/lybra/pools/base/LybraPeUSDVaultBase.sol:233
 written member    -> ('SV', 'contracts/lybra/pools/base/LybraPeUSDVaultBase.sol', 'LybraPeUSDVaultBase.feeUpdatedAt')
 potentially stale -> ('SV', 'contracts/lybra/pools/base/LybraPeUSDVaultBase.sol', 'LybraPeUSDVaultBase.borrowed'), ('SV', 'contracts/lybra/pools/base/LybraPeUSDVaultBase.sol', 'LybraPeUSDVaultBase.depositedAsset'), ('SV', 'contracts/lybra/pools/base/LybraPeUSDVaultBase.sol', 'LybraPeUSDVaultBase.feeStored')
 reader witnesses  -> 36
 storage exposures -> 3
[MV-SI candidate bf30cc630f172a161a1c] {balanceOf, finishAt, rewardPerTokenStored, rewardRatio, rewards, totalSupply, updatedAt, userRewardPerTokenPaid}
 writer root       -> contracts/lybra/miner/stakerewardV2pool.sol::StakingRewardsV2.withdraw(uint256)
 writer effect     -> contracts/lybra/miner/stakerewardV2pool.sol:62
 written member    -> ('SV', 'contracts/lybra/miner/stakerewardV2pool.sol', 'StakingRewardsV2.userRewardPerTokenPaid')
 potentially stale -> ('SV', 'contracts/lybra/miner/stakerewardV2pool.sol', 'StakingRewardsV2.balanceOf'), ('SV', 'contracts/lybra/miner/stakerewardV2pool.sol', 'StakingRewardsV2.finishAt'), ('SV', 'contracts/lybra/miner/stakerewardV2pool.sol', 'StakingRewardsV2.rewardPerTokenStored'), ('SV', 'contracts/lybra/miner/stakerewardV2pool.sol', 'StakingRewardsV2.rewardRatio'), ('SV', 'contracts/lybra/miner/stakerewardV2pool.sol', 'StakingRewardsV2.rewards'), ('SV', 'contracts/lybra/miner/stakerewardV2pool.sol', 'StakingRewardsV2.totalSupply'), ('SV', 'contracts/lybra/miner/stakerewardV2pool.sol', 'StakingRewardsV2.updatedAt')
 reader witnesses  -> 29
 storage exposures -> 1
[MV-SI candidate bf45c5906465f69a36e5] {borrowed, depositedAsset, feeStored, feeUpdatedAt}
 writer root       -> contracts/lybra/pools/base/LybraPeUSDVaultBase.sol::LybraPeUSDVaultBase.liquidation(address,address,uint256)
 writer effect     -> contracts/lybra/pools/base/LybraPeUSDVaultBase.sol:202
 written member    -> ('SV', 'contracts/lybra/pools/base/LybraPeUSDVaultBase.sol', 'LybraPeUSDVaultBase.feeStored')
 potentially stale -> ('SV', 'contracts/lybra/pools/base/LybraPeUSDVaultBase.sol', 'LybraPeUSDVaultBase.borrowed'), ('SV', 'contracts/lybra/pools/base/LybraPeUSDVaultBase.sol', 'LybraPeUSDVaultBase.depositedAsset'), ('SV', 'contracts/lybra/pools/base/LybraPeUSDVaultBase.sol', 'LybraPeUSDVaultBase.feeUpdatedAt')
 reader witnesses  -> 36
 storage exposures -> 3
[MV-SI candidate c0835699673846c62e20] {rewardPerTokenStored, rewards, userRewardPerTokenPaid}
 writer root       -> contracts/lybra/miner/ProtocolRewardsPool.sol::ProtocolRewardsPool.refreshReward(address)
 writer effect     -> contracts/lybra/miner/ProtocolRewardsPool.sol:179
 written member    -> ('SV', 'contracts/lybra/miner/ProtocolRewardsPool.sol', 'ProtocolRewardsPool.rewards')
 potentially stale -> ('SV', 'contracts/lybra/miner/ProtocolRewardsPool.sol', 'ProtocolRewardsPool.rewardPerTokenStored'), ('SV', 'contracts/lybra/miner/ProtocolRewardsPool.sol', 'ProtocolRewardsPool.userRewardPerTokenPaid')
 reader witnesses  -> 7
 storage exposures -> 1
[MV-SI candidate c10eb80c6139a8a29b48] {borrowed, depositedAsset, feeStored, feeUpdatedAt}
 writer root       -> contracts/lybra/pools/LybraWstETHVault.sol::LybraWstETHVault.depositEtherToMint(uint256)
 writer effect     -> contracts/lybra/pools/base/LybraPeUSDVaultBase.sol:232
 written member    -> ('SV', 'contracts/lybra/pools/base/LybraPeUSDVaultBase.sol', 'LybraPeUSDVaultBase.feeStored')
 potentially stale -> ('SV', 'contracts/lybra/pools/base/LybraPeUSDVaultBase.sol', 'LybraPeUSDVaultBase.borrowed'), ('SV', 'contracts/lybra/pools/base/LybraPeUSDVaultBase.sol', 'LybraPeUSDVaultBase.depositedAsset'), ('SV', 'contracts/lybra/pools/base/LybraPeUSDVaultBase.sol', 'LybraPeUSDVaultBase.feeUpdatedAt')
 reader witnesses  -> 12
 storage exposures -> 1
[MV-SI candidate c156f7657af979741d76] {lastReportTime, poolTotalEUSDCirculation}
 writer root       -> contracts/lybra/pools/LybraStETHVault.sol::LybraStETHDepositVault.depositEtherToMint(uint256)
 writer effect     -> contracts/lybra/pools/base/LybraEUSDVaultBase.sol:297
 written member    -> ('SV', 'contracts/lybra/pools/base/LybraEUSDVaultBase.sol', 'LybraEUSDVaultBase.lastReportTime')
 potentially stale -> ('SV', 'contracts/lybra/pools/base/LybraEUSDVaultBase.sol', 'LybraEUSDVaultBase.poolTotalEUSDCirculation')
 reader witnesses  -> 4
 storage exposures -> 1
[MV-SI candidate c15bc0afc878e266219d] {finishAt, rewardPerTokenStored, rewardRatio, totalSupply, updatedAt}
 writer root       -> contracts/lybra/miner/stakerewardV2pool.sol::StakingRewardsV2.notifyRewardAmount(uint256)
 writer effect     -> contracts/lybra/miner/stakerewardV2pool.sol:134
 written member    -> ('SV', 'contracts/lybra/miner/stakerewardV2pool.sol', 'StakingRewardsV2.rewardRatio')
 potentially stale -> ('SV', 'contracts/lybra/miner/stakerewardV2pool.sol', 'StakingRewardsV2.finishAt'), ('SV', 'contracts/lybra/miner/stakerewardV2pool.sol', 'StakingRewardsV2.rewardPerTokenStored'), ('SV', 'contracts/lybra/miner/stakerewardV2pool.sol', 'StakingRewardsV2.totalSupply'), ('SV', 'contracts/lybra/miner/stakerewardV2pool.sol', 'StakingRewardsV2.updatedAt')
 reader witnesses  -> 25
 storage exposures -> 1
[MV-SI candidate c3b5203e42b787abe507] {borrowed, feeUpdatedAt}
 writer root       -> contracts/lybra/pools/base/LybraPeUSDVaultBase.sol::LybraPeUSDVaultBase.depositAssetToMint(uint256,uint256)
 writer effect     -> contracts/lybra/pools/base/LybraPeUSDVaultBase.sol:233
 written member    -> ('SV', 'contracts/lybra/pools/base/LybraPeUSDVaultBase.sol', 'LybraPeUSDVaultBase.feeUpdatedAt')
 potentially stale -> ('SV', 'contracts/lybra/pools/base/LybraPeUSDVaultBase.sol', 'LybraPeUSDVaultBase.borrowed')
 reader witnesses  -> 9
 storage exposures -> 3
[MV-SI candidate c407bccda636e8ed4aa4] {borrowed, feeStored}
 writer root       -> contracts/lybra/pools/base/LybraPeUSDVaultBase.sol::LybraPeUSDVaultBase.mint(address,uint256)
 writer effect     -> contracts/lybra/pools/base/LybraPeUSDVaultBase.sol:232
 written member    -> ('SV', 'contracts/lybra/pools/base/LybraPeUSDVaultBase.sol', 'LybraPeUSDVaultBase.feeStored')
 potentially stale -> ('SV', 'contracts/lybra/pools/base/LybraPeUSDVaultBase.sol', 'LybraPeUSDVaultBase.borrowed')
 reader witnesses  -> 18
 storage exposures -> 3
[MV-SI candidate c46c3f04a7c011e19982] {borrowed, depositedAsset, feeStored, feeUpdatedAt}
 writer root       -> contracts/lybra/pools/LybraRETHVault.sol::LybraRETHVault.depositEtherToMint(uint256)
 writer effect     -> contracts/lybra/pools/base/LybraPeUSDVaultBase.sol:232
 written member    -> ('SV', 'contracts/lybra/pools/base/LybraPeUSDVaultBase.sol', 'LybraPeUSDVaultBase.feeStored')
 potentially stale -> ('SV', 'contracts/lybra/pools/base/LybraPeUSDVaultBase.sol', 'LybraPeUSDVaultBase.borrowed'), ('SV', 'contracts/lybra/pools/base/LybraPeUSDVaultBase.sol', 'LybraPeUSDVaultBase.depositedAsset'), ('SV', 'contracts/lybra/pools/base/LybraPeUSDVaultBase.sol', 'LybraPeUSDVaultBase.feeUpdatedAt')
 reader witnesses  -> 12
 storage exposures -> 1
[MV-SI candidate c5ff21910a62636bfa0d] {oracleFee, protocolFeeConfig, relayerFeeConfig}
 writer root       -> contracts/mocks/LZEndpointMock.sol::LZEndpointMock.setRelayerPrice(uint128,uint128,uint128,uint64,uint64)
 writer effect     -> contracts/mocks/LZEndpointMock.sol:331
 written member    -> ('SV', 'contracts/mocks/LZEndpointMock.sol', 'LZEndpointMock.relayerFeeConfig')
 potentially stale -> ('SV', 'contracts/mocks/LZEndpointMock.sol', 'LZEndpointMock.oracleFee'), ('SV', 'contracts/mocks/LZEndpointMock.sol', 'LZEndpointMock.protocolFeeConfig')
 reader witnesses  -> 9
 storage exposures -> 1
[MV-SI candidate c6a009791dedabda9f4b] {borrowed, depositedAsset}
 writer root       -> contracts/lybra/pools/base/LybraPeUSDVaultBase.sol::LybraPeUSDVaultBase.rigidRedemption(address,uint256)
 writer effect     -> contracts/lybra/pools/base/LybraPeUSDVaultBase.sol:206
 written member    -> ('SV', 'contracts/lybra/pools/base/LybraPeUSDVaultBase.sol', 'LybraPeUSDVaultBase.borrowed')
 potentially stale -> ('SV', 'contracts/lybra/pools/base/LybraPeUSDVaultBase.sol', 'LybraPeUSDVaultBase.depositedAsset')
 reader witnesses  -> 6
 storage exposures -> 3
[MV-SI candidate c71569a571df2b5b2305] {poolTotalEUSDCirculation, totalDepositedAsset}
 writer root       -> contracts/lybra/pools/base/LybraEUSDVaultBase.sol::LybraEUSDVaultBase.superLiquidation(address,address,uint256)
 writer effect     -> contracts/lybra/pools/base/LybraEUSDVaultBase.sol:284
 written member    -> ('SV', 'contracts/lybra/pools/base/LybraEUSDVaultBase.sol', 'LybraEUSDVaultBase.poolTotalEUSDCirculation')
 potentially stale -> ('SV', 'contracts/lybra/pools/base/LybraEUSDVaultBase.sol', 'LybraEUSDVaultBase.totalDepositedAsset')
 reader witnesses  -> 2
 storage exposures -> 1
[MV-SI candidate c89fe63d8d98d2f8a354] {borrowed, depositedAsset}
 writer root       -> contracts/lybra/pools/LybraWbETHVault.sol::LybraWBETHVault.depositEtherToMint(uint256)
 writer effect     -> contracts/lybra/pools/LybraWbETHVault.sol:25
 written member    -> ('SV', 'contracts/lybra/pools/base/LybraPeUSDVaultBase.sol', 'LybraPeUSDVaultBase.depositedAsset')
 potentially stale -> ('SV', 'contracts/lybra/pools/base/LybraPeUSDVaultBase.sol', 'LybraPeUSDVaultBase.borrowed')
 reader witnesses  -> 3
 storage exposures -> 1
[MV-SI candidate c9b31d8deb49cd0faa1f] {borrowed, depositedAsset}
 writer root       -> contracts/lybra/pools/base/LybraEUSDVaultBase.sol::LybraEUSDVaultBase.depositAssetToMint(uint256,uint256)
 writer effect     -> contracts/lybra/pools/base/LybraEUSDVaultBase.sol:79
 written member    -> ('SV', 'contracts/lybra/pools/base/LybraEUSDVaultBase.sol', 'LybraEUSDVaultBase.depositedAsset')
 potentially stale -> ('SV', 'contracts/lybra/pools/base/LybraEUSDVaultBase.sol', 'LybraEUSDVaultBase.borrowed')
 reader witnesses  -> 14
 storage exposures -> 1
[MV-SI candidate cbea197ce5e0f1d4c8ac] {borrowed, depositedAsset, feeStored, feeUpdatedAt}
 writer root       -> contracts/lybra/pools/base/LybraPeUSDVaultBase.sol::LybraPeUSDVaultBase.rigidRedemption(address,uint256)
 writer effect     -> contracts/lybra/pools/base/LybraPeUSDVaultBase.sol:232
 written member    -> ('SV', 'contracts/lybra/pools/base/LybraPeUSDVaultBase.sol', 'LybraPeUSDVaultBase.feeStored')
 potentially stale -> ('SV', 'contracts/lybra/pools/base/LybraPeUSDVaultBase.sol', 'LybraPeUSDVaultBase.borrowed'), ('SV', 'contracts/lybra/pools/base/LybraPeUSDVaultBase.sol', 'LybraPeUSDVaultBase.depositedAsset'), ('SV', 'contracts/lybra/pools/base/LybraPeUSDVaultBase.sol', 'LybraPeUSDVaultBase.feeUpdatedAt')
 reader witnesses  -> 36
 storage exposures -> 3
[MV-SI candidate cc670e7eb4761065c4e3] {balanceOf, finishAt, rewardPerTokenStored, rewardRatio, rewards, totalSupply, updatedAt, userRewardPerTokenPaid}
 writer root       -> contracts/lybra/miner/stakerewardV2pool.sol::StakingRewardsV2.notifyRewardAmount(uint256)
 writer effect     -> contracts/lybra/miner/stakerewardV2pool.sol:142
 written member    -> ('SV', 'contracts/lybra/miner/stakerewardV2pool.sol', 'StakingRewardsV2.finishAt')
 potentially stale -> ('SV', 'contracts/lybra/miner/stakerewardV2pool.sol', 'StakingRewardsV2.balanceOf'), ('SV', 'contracts/lybra/miner/stakerewardV2pool.sol', 'StakingRewardsV2.rewardPerTokenStored'), ('SV', 'contracts/lybra/miner/stakerewardV2pool.sol', 'StakingRewardsV2.rewardRatio'), ('SV', 'contracts/lybra/miner/stakerewardV2pool.sol', 'StakingRewardsV2.rewards'), ('SV', 'contracts/lybra/miner/stakerewardV2pool.sol', 'StakingRewardsV2.totalSupply'), ('SV', 'contracts/lybra/miner/stakerewardV2pool.sol', 'StakingRewardsV2.updatedAt'), ('SV', 'contracts/lybra/miner/stakerewardV2pool.sol', 'StakingRewardsV2.userRewardPerTokenPaid')
 reader witnesses  -> 27
 storage exposures -> 1
[MV-SI candidate ccde075005e591424f1e] {lastWithdrawTime, time2fullRedemption, unstakeRatio}
 writer root       -> contracts/lybra/miner/ProtocolRewardsPool.sol::ProtocolRewardsPool.withdraw(address)
 writer effect     -> contracts/lybra/miner/ProtocolRewardsPool.sol:105
 written member    -> ('SV', 'contracts/lybra/miner/ProtocolRewardsPool.sol', 'ProtocolRewardsPool.lastWithdrawTime')
 potentially stale -> ('SV', 'contracts/lybra/miner/ProtocolRewardsPool.sol', 'ProtocolRewardsPool.time2fullRedemption'), ('SV', 'contracts/lybra/miner/ProtocolRewardsPool.sol', 'ProtocolRewardsPool.unstakeRatio')
 reader witnesses  -> 75
 storage exposures -> 1
[MV-SI candidate cd96d226df75c45908fc] {oracleFee, protocolFeeConfig}
 writer root       -> contracts/mocks/LZEndpointMock.sol::LZEndpointMock.setOracleFee(uint256)
 writer effect     -> contracts/mocks/LZEndpointMock.sol:343
 written member    -> ('SV', 'contracts/mocks/LZEndpointMock.sol', 'LZEndpointMock.oracleFee')
 potentially stale -> ('SV', 'contracts/mocks/LZEndpointMock.sol', 'LZEndpointMock.protocolFeeConfig')
 reader witnesses  -> 4
 storage exposures -> 1
[MV-SI candidate cda567cbde8b909964dd] {borrowed, feeStored, feeUpdatedAt}
 writer root       -> contracts/lybra/pools/base/LybraPeUSDVaultBase.sol::LybraPeUSDVaultBase.rigidRedemption(address,uint256)
 writer effect     -> contracts/lybra/pools/base/LybraPeUSDVaultBase.sol:198
 written member    -> ('SV', 'contracts/lybra/pools/base/LybraPeUSDVaultBase.sol', 'LybraPeUSDVaultBase.feeStored')
 potentially stale -> ('SV', 'contracts/lybra/pools/base/LybraPeUSDVaultBase.sol', 'LybraPeUSDVaultBase.borrowed'), ('SV', 'contracts/lybra/pools/base/LybraPeUSDVaultBase.sol', 'LybraPeUSDVaultBase.feeUpdatedAt')
 reader witnesses  -> 24
 storage exposures -> 3
[MV-SI candidate cddf76499fc87ebda3ab] {borrowed, depositedAsset, feeStored, feeUpdatedAt}
 writer root       -> contracts/lybra/pools/base/LybraPeUSDVaultBase.sol::LybraPeUSDVaultBase.liquidation(address,address,uint256)
 writer effect     -> contracts/lybra/pools/base/LybraPeUSDVaultBase.sol:198
 written member    -> ('SV', 'contracts/lybra/pools/base/LybraPeUSDVaultBase.sol', 'LybraPeUSDVaultBase.feeStored')
 potentially stale -> ('SV', 'contracts/lybra/pools/base/LybraPeUSDVaultBase.sol', 'LybraPeUSDVaultBase.borrowed'), ('SV', 'contracts/lybra/pools/base/LybraPeUSDVaultBase.sol', 'LybraPeUSDVaultBase.depositedAsset'), ('SV', 'contracts/lybra/pools/base/LybraPeUSDVaultBase.sol', 'LybraPeUSDVaultBase.feeUpdatedAt')
 reader witnesses  -> 36
 storage exposures -> 3
[MV-SI candidate cdfa293230aabf546fc1] {_totalSupply, maxSupply}
 writer root       -> contracts/lybra/token/LBR.sol::LBR.mint(address,uint256)
 writer effect     -> @openzeppelin/contracts/token/ERC20/ERC20.sol:256
 written member    -> ('SV', '@openzeppelin/contracts/token/ERC20/ERC20.sol', 'ERC20._totalSupply')
 potentially stale -> ('SV', 'contracts/lybra/token/LBR.sol', 'LBR.maxSupply')
 reader witnesses  -> 1
 storage exposures -> 1
[MV-SI candidate ce05d46db19dc9be8043] {finishAt, rewardPerTokenStored, rewardRatio, totalSupply, updatedAt}
 writer root       -> contracts/lybra/miner/stakerewardV2pool.sol::StakingRewardsV2.withdraw(uint256)
 writer effect     -> contracts/lybra/miner/stakerewardV2pool.sol:96
 written member    -> ('SV', 'contracts/lybra/miner/stakerewardV2pool.sol', 'StakingRewardsV2.totalSupply')
 potentially stale -> ('SV', 'contracts/lybra/miner/stakerewardV2pool.sol', 'StakingRewardsV2.finishAt'), ('SV', 'contracts/lybra/miner/stakerewardV2pool.sol', 'StakingRewardsV2.rewardPerTokenStored'), ('SV', 'contracts/lybra/miner/stakerewardV2pool.sol', 'StakingRewardsV2.rewardRatio'), ('SV', 'contracts/lybra/miner/stakerewardV2pool.sol', 'StakingRewardsV2.updatedAt')
 reader witnesses  -> 20
 storage exposures -> 1
[MV-SI candidate cf5e0e696482ee17e0c2] {borrowed, depositedAsset}
 writer root       -> contracts/lybra/pools/base/LybraEUSDVaultBase.sol::LybraEUSDVaultBase.liquidation(address,address,uint256)
 writer effect     -> contracts/lybra/pools/base/LybraEUSDVaultBase.sol:282
 written member    -> ('SV', 'contracts/lybra/pools/base/LybraEUSDVaultBase.sol', 'LybraEUSDVaultBase.borrowed')
 potentially stale -> ('SV', 'contracts/lybra/pools/base/LybraEUSDVaultBase.sol', 'LybraEUSDVaultBase.depositedAsset')
 reader witnesses  -> 14
 storage exposures -> 1
[MV-SI candidate d2a2475afe27c7df006c] {feeStored, lastReportTime, lidoRebaseTime, poolTotalEUSDCirculation, totalDepositedAsset}
 writer root       -> contracts/lybra/pools/LybraStETHVault.sol::LybraStETHDepositVault.depositEtherToMint(uint256)
 writer effect     -> contracts/lybra/pools/base/LybraEUSDVaultBase.sol:296
 written member    -> ('SV', 'contracts/lybra/pools/base/LybraEUSDVaultBase.sol', 'LybraEUSDVaultBase.feeStored')
 potentially stale -> ('SV', 'contracts/lybra/pools/LybraStETHVault.sol', 'LybraStETHDepositVault.lidoRebaseTime'), ('SV', 'contracts/lybra/pools/base/LybraEUSDVaultBase.sol', 'LybraEUSDVaultBase.lastReportTime'), ('SV', 'contracts/lybra/pools/base/LybraEUSDVaultBase.sol', 'LybraEUSDVaultBase.poolTotalEUSDCirculation'), ('SV', 'contracts/lybra/pools/base/LybraEUSDVaultBase.sol', 'LybraEUSDVaultBase.totalDepositedAsset')
 reader witnesses  -> 7
 storage exposures -> 1
[MV-SI candidate d2c74d260de2a9d3b5d1] {borrowed, feeUpdatedAt}
 writer root       -> contracts/lybra/pools/LybraRETHVault.sol::LybraRETHVault.depositEtherToMint(uint256)
 writer effect     -> contracts/lybra/pools/base/LybraPeUSDVaultBase.sol:179
 written member    -> ('SV', 'contracts/lybra/pools/base/LybraPeUSDVaultBase.sol', 'LybraPeUSDVaultBase.borrowed')
 potentially stale -> ('SV', 'contracts/lybra/pools/base/LybraPeUSDVaultBase.sol', 'LybraPeUSDVaultBase.feeUpdatedAt')
 reader witnesses  -> 2
 storage exposures -> 1
[MV-SI candidate d2d19e29d70b5493d7d6] {borrowed, feeUpdatedAt}
 writer root       -> contracts/lybra/pools/base/LybraPeUSDVaultBase.sol::LybraPeUSDVaultBase.rigidRedemption(address,uint256)
 writer effect     -> contracts/lybra/pools/base/LybraPeUSDVaultBase.sol:206
 written member    -> ('SV', 'contracts/lybra/pools/base/LybraPeUSDVaultBase.sol', 'LybraPeUSDVaultBase.borrowed')
 potentially stale -> ('SV', 'contracts/lybra/pools/base/LybraPeUSDVaultBase.sol', 'LybraPeUSDVaultBase.feeUpdatedAt')
 reader witnesses  -> 6
 storage exposures -> 3
[MV-SI candidate d2dd27dd0197c37597ed] {borrowed, feeStored, feeUpdatedAt}
 writer root       -> contracts/lybra/pools/base/LybraPeUSDVaultBase.sol::LybraPeUSDVaultBase.mint(address,uint256)
 writer effect     -> contracts/lybra/pools/base/LybraPeUSDVaultBase.sol:232
 written member    -> ('SV', 'contracts/lybra/pools/base/LybraPeUSDVaultBase.sol', 'LybraPeUSDVaultBase.feeStored')
 potentially stale -> ('SV', 'contracts/lybra/pools/base/LybraPeUSDVaultBase.sol', 'LybraPeUSDVaultBase.borrowed'), ('SV', 'contracts/lybra/pools/base/LybraPeUSDVaultBase.sol', 'LybraPeUSDVaultBase.feeUpdatedAt')
 reader witnesses  -> 24
 storage exposures -> 3
[MV-SI candidate d31bd163abd627202f9e] {feeStored, lastReportTime, lidoRebaseTime, poolTotalEUSDCirculation, totalDepositedAsset}
 writer root       -> contracts/lybra/pools/base/LybraEUSDVaultBase.sol::LybraEUSDVaultBase.mint(address,uint256)
 writer effect     -> contracts/lybra/pools/base/LybraEUSDVaultBase.sol:297
 written member    -> ('SV', 'contracts/lybra/pools/base/LybraEUSDVaultBase.sol', 'LybraEUSDVaultBase.lastReportTime')
 potentially stale -> ('SV', 'contracts/lybra/pools/LybraStETHVault.sol', 'LybraStETHDepositVault.lidoRebaseTime'), ('SV', 'contracts/lybra/pools/base/LybraEUSDVaultBase.sol', 'LybraEUSDVaultBase.feeStored'), ('SV', 'contracts/lybra/pools/base/LybraEUSDVaultBase.sol', 'LybraEUSDVaultBase.poolTotalEUSDCirculation'), ('SV', 'contracts/lybra/pools/base/LybraEUSDVaultBase.sol', 'LybraEUSDVaultBase.totalDepositedAsset')
 reader witnesses  -> 9
 storage exposures -> 1
[MV-SI candidate d3e68c140faf472769d2] {feeStored, lastReportTime, lidoRebaseTime, poolTotalEUSDCirculation, totalDepositedAsset}
 writer root       -> contracts/lybra/pools/base/LybraEUSDVaultBase.sol::LybraEUSDVaultBase.liquidation(address,address,uint256)
 writer effect     -> contracts/lybra/pools/base/LybraEUSDVaultBase.sol:297
 written member    -> ('SV', 'contracts/lybra/pools/base/LybraEUSDVaultBase.sol', 'LybraEUSDVaultBase.lastReportTime')
 potentially stale -> ('SV', 'contracts/lybra/pools/LybraStETHVault.sol', 'LybraStETHDepositVault.lidoRebaseTime'), ('SV', 'contracts/lybra/pools/base/LybraEUSDVaultBase.sol', 'LybraEUSDVaultBase.feeStored'), ('SV', 'contracts/lybra/pools/base/LybraEUSDVaultBase.sol', 'LybraEUSDVaultBase.poolTotalEUSDCirculation'), ('SV', 'contracts/lybra/pools/base/LybraEUSDVaultBase.sol', 'LybraEUSDVaultBase.totalDepositedAsset')
 reader witnesses  -> 9
 storage exposures -> 1
[MV-SI candidate d87782c97095c01e31a1] {poolTotalEUSDCirculation, totalDepositedAsset}
 writer root       -> contracts/lybra/pools/base/LybraEUSDVaultBase.sol::LybraEUSDVaultBase.withdraw(address,uint256)
 writer effect     -> contracts/lybra/pools/base/LybraEUSDVaultBase.sol:102
 written member    -> ('SV', 'contracts/lybra/pools/base/LybraEUSDVaultBase.sol', 'LybraEUSDVaultBase.totalDepositedAsset')
 potentially stale -> ('SV', 'contracts/lybra/pools/base/LybraEUSDVaultBase.sol', 'LybraEUSDVaultBase.poolTotalEUSDCirculation')
 reader witnesses  -> 4
 storage exposures -> 1
[MV-SI candidate d8b56943c9c425c07729] {feeStored, lastReportTime, lidoRebaseTime, poolTotalEUSDCirculation, totalDepositedAsset}
 writer root       -> contracts/lybra/pools/base/LybraEUSDVaultBase.sol::LybraEUSDVaultBase.liquidation(address,address,uint256)
 writer effect     -> contracts/lybra/pools/base/LybraEUSDVaultBase.sol:296
 written member    -> ('SV', 'contracts/lybra/pools/base/LybraEUSDVaultBase.sol', 'LybraEUSDVaultBase.feeStored')
 potentially stale -> ('SV', 'contracts/lybra/pools/LybraStETHVault.sol', 'LybraStETHDepositVault.lidoRebaseTime'), ('SV', 'contracts/lybra/pools/base/LybraEUSDVaultBase.sol', 'LybraEUSDVaultBase.lastReportTime'), ('SV', 'contracts/lybra/pools/base/LybraEUSDVaultBase.sol', 'LybraEUSDVaultBase.poolTotalEUSDCirculation'), ('SV', 'contracts/lybra/pools/base/LybraEUSDVaultBase.sol', 'LybraEUSDVaultBase.totalDepositedAsset')
 reader witnesses  -> 7
 storage exposures -> 1
[MV-SI candidate d8ecb9dfd33f111ed1bc] {borrowed, depositedAsset, feeStored, feeUpdatedAt}
 writer root       -> contracts/lybra/pools/base/LybraPeUSDVaultBase.sol::LybraPeUSDVaultBase.withdraw(address,uint256)
 writer effect     -> contracts/lybra/pools/base/LybraPeUSDVaultBase.sol:214
 written member    -> ('SV', 'contracts/lybra/pools/base/LybraPeUSDVaultBase.sol', 'LybraPeUSDVaultBase.depositedAsset')
 potentially stale -> ('SV', 'contracts/lybra/pools/base/LybraPeUSDVaultBase.sol', 'LybraPeUSDVaultBase.borrowed'), ('SV', 'contracts/lybra/pools/base/LybraPeUSDVaultBase.sol', 'LybraPeUSDVaultBase.feeStored'), ('SV', 'contracts/lybra/pools/base/LybraPeUSDVaultBase.sol', 'LybraPeUSDVaultBase.feeUpdatedAt')
 reader witnesses  -> 30
 storage exposures -> 3
[MV-SI candidate dce87044c0ddfacf06fb] {extraRatio, finishAt, peUSDExtraRatio, rewardPerTokenStored, rewardRatio, rewards, updatedAt, userRewardPerTokenPaid}
 writer root       -> contracts/lybra/miner/EUSDMiningIncentives.sol::EUSDMiningIncentives.notifyRewardAmount(uint256)
 writer effect     -> contracts/lybra/miner/EUSDMiningIncentives.sol:231
 written member    -> ('SV', 'contracts/lybra/miner/EUSDMiningIncentives.sol', 'EUSDMiningIncentives.rewardRatio')
 potentially stale -> ('SV', 'contracts/lybra/miner/EUSDMiningIncentives.sol', 'EUSDMiningIncentives.extraRatio'), ('SV', 'contracts/lybra/miner/EUSDMiningIncentives.sol', 'EUSDMiningIncentives.finishAt'), ('SV', 'contracts/lybra/miner/EUSDMiningIncentives.sol', 'EUSDMiningIncentives.peUSDExtraRatio'), ('SV', 'contracts/lybra/miner/EUSDMiningIncentives.sol', 'EUSDMiningIncentives.rewardPerTokenStored'), ('SV', 'contracts/lybra/miner/EUSDMiningIncentives.sol', 'EUSDMiningIncentives.rewards'), ('SV', 'contracts/lybra/miner/EUSDMiningIncentives.sol', 'EUSDMiningIncentives.updatedAt'), ('SV', 'contracts/lybra/miner/EUSDMiningIncentives.sol', 'EUSDMiningIncentives.userRewardPerTokenPaid')
 reader witnesses  -> 33
 storage exposures -> 1
[MV-SI candidate dd8f3da3e4f617f0a2b8] {borrowed, feeUpdatedAt}
 writer root       -> contracts/lybra/pools/LybraWstETHVault.sol::LybraWstETHVault.depositEtherToMint(uint256)
 writer effect     -> contracts/lybra/pools/base/LybraPeUSDVaultBase.sol:233
 written member    -> ('SV', 'contracts/lybra/pools/base/LybraPeUSDVaultBase.sol', 'LybraPeUSDVaultBase.feeUpdatedAt')
 potentially stale -> ('SV', 'contracts/lybra/pools/base/LybraPeUSDVaultBase.sol', 'LybraPeUSDVaultBase.borrowed')
 reader witnesses  -> 3
 storage exposures -> 1
[MV-SI candidate de8a8ed2e1ba392d9940] {feeStored, lastReportTime, lidoRebaseTime, poolTotalEUSDCirculation, totalDepositedAsset}
 writer root       -> contracts/lybra/pools/LybraStETHVault.sol::LybraStETHDepositVault.setLidoRebaseTime(uint256)
 writer effect     -> contracts/lybra/pools/LybraStETHVault.sol:27
 written member    -> ('SV', 'contracts/lybra/pools/LybraStETHVault.sol', 'LybraStETHDepositVault.lidoRebaseTime')
 potentially stale -> ('SV', 'contracts/lybra/pools/base/LybraEUSDVaultBase.sol', 'LybraEUSDVaultBase.feeStored'), ('SV', 'contracts/lybra/pools/base/LybraEUSDVaultBase.sol', 'LybraEUSDVaultBase.lastReportTime'), ('SV', 'contracts/lybra/pools/base/LybraEUSDVaultBase.sol', 'LybraEUSDVaultBase.poolTotalEUSDCirculation'), ('SV', 'contracts/lybra/pools/base/LybraEUSDVaultBase.sol', 'LybraEUSDVaultBase.totalDepositedAsset')
 reader witnesses  -> 8
 storage exposures -> 1
[MV-SI candidate decb374f16bd6f6b612b] {extraRatio, finishAt, peUSDExtraRatio, rewardPerTokenStored, rewardRatio, rewards, updatedAt, userRewardPerTokenPaid}
 writer root       -> contracts/lybra/miner/EUSDMiningIncentives.sol::EUSDMiningIncentives.notifyRewardAmount(uint256)
 writer effect     -> contracts/lybra/miner/EUSDMiningIncentives.sol:73
 written member    -> ('SV', 'contracts/lybra/miner/EUSDMiningIncentives.sol', 'EUSDMiningIncentives.rewardPerTokenStored')
 potentially stale -> ('SV', 'contracts/lybra/miner/EUSDMiningIncentives.sol', 'EUSDMiningIncentives.extraRatio'), ('SV', 'contracts/lybra/miner/EUSDMiningIncentives.sol', 'EUSDMiningIncentives.finishAt'), ('SV', 'contracts/lybra/miner/EUSDMiningIncentives.sol', 'EUSDMiningIncentives.peUSDExtraRatio'), ('SV', 'contracts/lybra/miner/EUSDMiningIncentives.sol', 'EUSDMiningIncentives.rewardRatio'), ('SV', 'contracts/lybra/miner/EUSDMiningIncentives.sol', 'EUSDMiningIncentives.rewards'), ('SV', 'contracts/lybra/miner/EUSDMiningIncentives.sol', 'EUSDMiningIncentives.updatedAt'), ('SV', 'contracts/lybra/miner/EUSDMiningIncentives.sol', 'EUSDMiningIncentives.userRewardPerTokenPaid')
 reader witnesses  -> 26
 storage exposures -> 1
[MV-SI candidate e0f040087e9ee8cb062f] {borrowed, feeStored}
 writer root       -> contracts/lybra/pools/base/LybraPeUSDVaultBase.sol::LybraPeUSDVaultBase.mint(address,uint256)
 writer effect     -> contracts/lybra/pools/base/LybraPeUSDVaultBase.sol:179
 written member    -> ('SV', 'contracts/lybra/pools/base/LybraPeUSDVaultBase.sol', 'LybraPeUSDVaultBase.borrowed')
 potentially stale -> ('SV', 'contracts/lybra/pools/base/LybraPeUSDVaultBase.sol', 'LybraPeUSDVaultBase.feeStored')
 reader witnesses  -> 12
 storage exposures -> 3
[MV-SI candidate e26d10470ade5720a071] {balanceOf, finishAt, rewardPerTokenStored, rewardRatio, rewards, totalSupply, updatedAt, userRewardPerTokenPaid}
 writer root       -> contracts/lybra/miner/stakerewardV2pool.sol::StakingRewardsV2.stake(uint256)
 writer effect     -> contracts/lybra/miner/stakerewardV2pool.sol:62
 written member    -> ('SV', 'contracts/lybra/miner/stakerewardV2pool.sol', 'StakingRewardsV2.userRewardPerTokenPaid')
 potentially stale -> ('SV', 'contracts/lybra/miner/stakerewardV2pool.sol', 'StakingRewardsV2.balanceOf'), ('SV', 'contracts/lybra/miner/stakerewardV2pool.sol', 'StakingRewardsV2.finishAt'), ('SV', 'contracts/lybra/miner/stakerewardV2pool.sol', 'StakingRewardsV2.rewardPerTokenStored'), ('SV', 'contracts/lybra/miner/stakerewardV2pool.sol', 'StakingRewardsV2.rewardRatio'), ('SV', 'contracts/lybra/miner/stakerewardV2pool.sol', 'StakingRewardsV2.rewards'), ('SV', 'contracts/lybra/miner/stakerewardV2pool.sol', 'StakingRewardsV2.totalSupply'), ('SV', 'contracts/lybra/miner/stakerewardV2pool.sol', 'StakingRewardsV2.updatedAt')
 reader witnesses  -> 29
 storage exposures -> 1
[MV-SI candidate e27d7f74e2ea45e36851] {borrowed, depositedAsset, feeStored, feeUpdatedAt}
 writer root       -> contracts/lybra/pools/LybraWstETHVault.sol::LybraWstETHVault.depositEtherToMint(uint256)
 writer effect     -> contracts/lybra/pools/LybraWstETHVault.sol:39
 written member    -> ('SV', 'contracts/lybra/pools/base/LybraPeUSDVaultBase.sol', 'LybraPeUSDVaultBase.depositedAsset')
 potentially stale -> ('SV', 'contracts/lybra/pools/base/LybraPeUSDVaultBase.sol', 'LybraPeUSDVaultBase.borrowed'), ('SV', 'contracts/lybra/pools/base/LybraPeUSDVaultBase.sol', 'LybraPeUSDVaultBase.feeStored'), ('SV', 'contracts/lybra/pools/base/LybraPeUSDVaultBase.sol', 'LybraPeUSDVaultBase.feeUpdatedAt')
 reader witnesses  -> 10
 storage exposures -> 1
[MV-SI candidate e3ce27472601edc13ecf] {borrowed, depositedAsset}
 writer root       -> contracts/lybra/pools/base/LybraEUSDVaultBase.sol::LybraEUSDVaultBase.burn(address,uint256)
 writer effect     -> contracts/lybra/pools/base/LybraEUSDVaultBase.sol:282
 written member    -> ('SV', 'contracts/lybra/pools/base/LybraEUSDVaultBase.sol', 'LybraEUSDVaultBase.borrowed')
 potentially stale -> ('SV', 'contracts/lybra/pools/base/LybraEUSDVaultBase.sol', 'LybraEUSDVaultBase.depositedAsset')
 reader witnesses  -> 14
 storage exposures -> 1
[MV-SI candidate e42a7715fd1e4352b9a7] {borrowed, feeStored, feeUpdatedAt}
 writer root       -> contracts/lybra/pools/LybraWbETHVault.sol::LybraWBETHVault.depositEtherToMint(uint256)
 writer effect     -> contracts/lybra/pools/base/LybraPeUSDVaultBase.sol:232
 written member    -> ('SV', 'contracts/lybra/pools/base/LybraPeUSDVaultBase.sol', 'LybraPeUSDVaultBase.feeStored')
 potentially stale -> ('SV', 'contracts/lybra/pools/base/LybraPeUSDVaultBase.sol', 'LybraPeUSDVaultBase.borrowed'), ('SV', 'contracts/lybra/pools/base/LybraPeUSDVaultBase.sol', 'LybraPeUSDVaultBase.feeUpdatedAt')
 reader witnesses  -> 8
 storage exposures -> 1
[MV-SI candidate e4aef24456e72068dd8a] {borrowed, feeStored, feeUpdatedAt}
 writer root       -> contracts/lybra/pools/base/LybraPeUSDVaultBase.sol::LybraPeUSDVaultBase.burn(address,uint256)
 writer effect     -> contracts/lybra/pools/base/LybraPeUSDVaultBase.sol:233
 written member    -> ('SV', 'contracts/lybra/pools/base/LybraPeUSDVaultBase.sol', 'LybraPeUSDVaultBase.feeUpdatedAt')
 potentially stale -> ('SV', 'contracts/lybra/pools/base/LybraPeUSDVaultBase.sol', 'LybraPeUSDVaultBase.borrowed'), ('SV', 'contracts/lybra/pools/base/LybraPeUSDVaultBase.sol', 'LybraPeUSDVaultBase.feeStored')
 reader witnesses  -> 24
 storage exposures -> 3
[MV-SI candidate e4cc7a682dd4ab0cfc3d] {borrowed, feeStored, feeUpdatedAt}
 writer root       -> contracts/lybra/pools/base/LybraPeUSDVaultBase.sol::LybraPeUSDVaultBase.liquidation(address,address,uint256)
 writer effect     -> contracts/lybra/pools/base/LybraPeUSDVaultBase.sol:233
 written member    -> ('SV', 'contracts/lybra/pools/base/LybraPeUSDVaultBase.sol', 'LybraPeUSDVaultBase.feeUpdatedAt')
 potentially stale -> ('SV', 'contracts/lybra/pools/base/LybraPeUSDVaultBase.sol', 'LybraPeUSDVaultBase.borrowed'), ('SV', 'contracts/lybra/pools/base/LybraPeUSDVaultBase.sol', 'LybraPeUSDVaultBase.feeStored')
 reader witnesses  -> 24
 storage exposures -> 3
[MV-SI candidate e50685549c988351d11d] {balanceOf, finishAt, rewardPerTokenStored, rewardRatio, rewards, totalSupply, updatedAt, userRewardPerTokenPaid}
 writer root       -> contracts/lybra/miner/stakerewardV2pool.sol::StakingRewardsV2.getReward()
 writer effect     -> contracts/lybra/miner/stakerewardV2pool.sol:61
 written member    -> ('SV', 'contracts/lybra/miner/stakerewardV2pool.sol', 'StakingRewardsV2.rewards')
 potentially stale -> ('SV', 'contracts/lybra/miner/stakerewardV2pool.sol', 'StakingRewardsV2.balanceOf'), ('SV', 'contracts/lybra/miner/stakerewardV2pool.sol', 'StakingRewardsV2.finishAt'), ('SV', 'contracts/lybra/miner/stakerewardV2pool.sol', 'StakingRewardsV2.rewardPerTokenStored'), ('SV', 'contracts/lybra/miner/stakerewardV2pool.sol', 'StakingRewardsV2.rewardRatio'), ('SV', 'contracts/lybra/miner/stakerewardV2pool.sol', 'StakingRewardsV2.totalSupply'), ('SV', 'contracts/lybra/miner/stakerewardV2pool.sol', 'StakingRewardsV2.updatedAt'), ('SV', 'contracts/lybra/miner/stakerewardV2pool.sol', 'StakingRewardsV2.userRewardPerTokenPaid')
 reader witnesses  -> 32
 storage exposures -> 1
[MV-SI candidate e52763fe8ea789c1b58d] {lastReportTime, poolTotalEUSDCirculation}
 writer root       -> contracts/lybra/pools/base/LybraEUSDVaultBase.sol::LybraEUSDVaultBase.mint(address,uint256)
 writer effect     -> contracts/lybra/pools/base/LybraEUSDVaultBase.sol:266
 written member    -> ('SV', 'contracts/lybra/pools/base/LybraEUSDVaultBase.sol', 'LybraEUSDVaultBase.poolTotalEUSDCirculation')
 potentially stale -> ('SV', 'contracts/lybra/pools/base/LybraEUSDVaultBase.sol', 'LybraEUSDVaultBase.lastReportTime')
 reader witnesses  -> 2
 storage exposures -> 1
[MV-SI candidate e5672e8db5134e56a025] {borrowed, feeUpdatedAt}
 writer root       -> contracts/lybra/pools/LybraWstETHVault.sol::LybraWstETHVault.depositEtherToMint(uint256)
 writer effect     -> contracts/lybra/pools/base/LybraPeUSDVaultBase.sol:179
 written member    -> ('SV', 'contracts/lybra/pools/base/LybraPeUSDVaultBase.sol', 'LybraPeUSDVaultBase.borrowed')
 potentially stale -> ('SV', 'contracts/lybra/pools/base/LybraPeUSDVaultBase.sol', 'LybraPeUSDVaultBase.feeUpdatedAt')
 reader witnesses  -> 2
 storage exposures -> 1
[MV-SI candidate e5896b8cbbe6c691ab96] {lastReportTime, poolTotalEUSDCirculation}
 writer root       -> contracts/lybra/pools/base/LybraEUSDVaultBase.sol::LybraEUSDVaultBase.depositAssetToMint(uint256,uint256)
 writer effect     -> contracts/lybra/pools/base/LybraEUSDVaultBase.sol:297
 written member    -> ('SV', 'contracts/lybra/pools/base/LybraEUSDVaultBase.sol', 'LybraEUSDVaultBase.lastReportTime')
 potentially stale -> ('SV', 'contracts/lybra/pools/base/LybraEUSDVaultBase.sol', 'LybraEUSDVaultBase.poolTotalEUSDCirculation')
 reader witnesses  -> 4
 storage exposures -> 1
[MV-SI candidate e6520ebd85e3c589a615] {borrowed, feeStored, feeUpdatedAt}
 writer root       -> contracts/lybra/pools/base/LybraPeUSDVaultBase.sol::LybraPeUSDVaultBase.liquidation(address,address,uint256)
 writer effect     -> contracts/lybra/pools/base/LybraPeUSDVaultBase.sol:206
 written member    -> ('SV', 'contracts/lybra/pools/base/LybraPeUSDVaultBase.sol', 'LybraPeUSDVaultBase.borrowed')
 potentially stale -> ('SV', 'contracts/lybra/pools/base/LybraPeUSDVaultBase.sol', 'LybraPeUSDVaultBase.feeStored'), ('SV', 'contracts/lybra/pools/base/LybraPeUSDVaultBase.sol', 'LybraPeUSDVaultBase.feeUpdatedAt')
 reader witnesses  -> 24
 storage exposures -> 3
[MV-SI candidate e87799af9e62f514514a] {borrowed, depositedAsset}
 writer root       -> contracts/lybra/pools/base/LybraPeUSDVaultBase.sol::LybraPeUSDVaultBase.mint(address,uint256)
 writer effect     -> contracts/lybra/pools/base/LybraPeUSDVaultBase.sol:179
 written member    -> ('SV', 'contracts/lybra/pools/base/LybraPeUSDVaultBase.sol', 'LybraPeUSDVaultBase.borrowed')
 potentially stale -> ('SV', 'contracts/lybra/pools/base/LybraPeUSDVaultBase.sol', 'LybraPeUSDVaultBase.depositedAsset')
 reader witnesses  -> 6
 storage exposures -> 3
[MV-SI candidate eacf30878fdd394bd41a] {balanceOf, finishAt, rewardPerTokenStored, rewardRatio, rewards, totalSupply, updatedAt, userRewardPerTokenPaid}
 writer root       -> contracts/lybra/miner/stakerewardV2pool.sol::StakingRewardsV2.notifyRewardAmount(uint256)
 writer effect     -> contracts/lybra/miner/stakerewardV2pool.sol:58
 written member    -> ('SV', 'contracts/lybra/miner/stakerewardV2pool.sol', 'StakingRewardsV2.updatedAt')
 potentially stale -> ('SV', 'contracts/lybra/miner/stakerewardV2pool.sol', 'StakingRewardsV2.balanceOf'), ('SV', 'contracts/lybra/miner/stakerewardV2pool.sol', 'StakingRewardsV2.finishAt'), ('SV', 'contracts/lybra/miner/stakerewardV2pool.sol', 'StakingRewardsV2.rewardPerTokenStored'), ('SV', 'contracts/lybra/miner/stakerewardV2pool.sol', 'StakingRewardsV2.rewardRatio'), ('SV', 'contracts/lybra/miner/stakerewardV2pool.sol', 'StakingRewardsV2.rewards'), ('SV', 'contracts/lybra/miner/stakerewardV2pool.sol', 'StakingRewardsV2.totalSupply'), ('SV', 'contracts/lybra/miner/stakerewardV2pool.sol', 'StakingRewardsV2.userRewardPerTokenPaid')
 reader witnesses  -> 33
 storage exposures -> 1
[MV-SI candidate eb184953041ecf120681] {borrowed, feeStored, feeUpdatedAt}
 writer root       -> contracts/lybra/pools/base/LybraPeUSDVaultBase.sol::LybraPeUSDVaultBase.burn(address,uint256)
 writer effect     -> contracts/lybra/pools/base/LybraPeUSDVaultBase.sol:206
 written member    -> ('SV', 'contracts/lybra/pools/base/LybraPeUSDVaultBase.sol', 'LybraPeUSDVaultBase.borrowed')
 potentially stale -> ('SV', 'contracts/lybra/pools/base/LybraPeUSDVaultBase.sol', 'LybraPeUSDVaultBase.feeStored'), ('SV', 'contracts/lybra/pools/base/LybraPeUSDVaultBase.sol', 'LybraPeUSDVaultBase.feeUpdatedAt')
 reader witnesses  -> 24
 storage exposures -> 3
[MV-SI candidate ec242ca719f90893ada3] {feeStored, lastReportTime, lidoRebaseTime, poolTotalEUSDCirculation, totalDepositedAsset}
 writer root       -> contracts/lybra/pools/base/LybraEUSDVaultBase.sol::LybraEUSDVaultBase.superLiquidation(address,address,uint256)
 writer effect     -> contracts/lybra/pools/base/LybraEUSDVaultBase.sol:296
 written member    -> ('SV', 'contracts/lybra/pools/base/LybraEUSDVaultBase.sol', 'LybraEUSDVaultBase.feeStored')
 potentially stale -> ('SV', 'contracts/lybra/pools/LybraStETHVault.sol', 'LybraStETHDepositVault.lidoRebaseTime'), ('SV', 'contracts/lybra/pools/base/LybraEUSDVaultBase.sol', 'LybraEUSDVaultBase.lastReportTime'), ('SV', 'contracts/lybra/pools/base/LybraEUSDVaultBase.sol', 'LybraEUSDVaultBase.poolTotalEUSDCirculation'), ('SV', 'contracts/lybra/pools/base/LybraEUSDVaultBase.sol', 'LybraEUSDVaultBase.totalDepositedAsset')
 reader witnesses  -> 7
 storage exposures -> 1
[MV-SI candidate ecd68c1d9978ef78309d] {balanceOf, finishAt, rewardPerTokenStored, rewardRatio, rewards, totalSupply, updatedAt, userRewardPerTokenPaid}
 writer root       -> contracts/lybra/miner/stakerewardV2pool.sol::StakingRewardsV2.stake(uint256)
 writer effect     -> contracts/lybra/miner/stakerewardV2pool.sol:61
 written member    -> ('SV', 'contracts/lybra/miner/stakerewardV2pool.sol', 'StakingRewardsV2.rewards')
 potentially stale -> ('SV', 'contracts/lybra/miner/stakerewardV2pool.sol', 'StakingRewardsV2.balanceOf'), ('SV', 'contracts/lybra/miner/stakerewardV2pool.sol', 'StakingRewardsV2.finishAt'), ('SV', 'contracts/lybra/miner/stakerewardV2pool.sol', 'StakingRewardsV2.rewardPerTokenStored'), ('SV', 'contracts/lybra/miner/stakerewardV2pool.sol', 'StakingRewardsV2.rewardRatio'), ('SV', 'contracts/lybra/miner/stakerewardV2pool.sol', 'StakingRewardsV2.totalSupply'), ('SV', 'contracts/lybra/miner/stakerewardV2pool.sol', 'StakingRewardsV2.updatedAt'), ('SV', 'contracts/lybra/miner/stakerewardV2pool.sol', 'StakingRewardsV2.userRewardPerTokenPaid')
 reader witnesses  -> 32
 storage exposures -> 1
[MV-SI candidate eda41dcae2fa11a05ed1] {borrowed, feeStored, feeUpdatedAt}
 writer root       -> contracts/lybra/pools/base/LybraPeUSDVaultBase.sol::LybraPeUSDVaultBase.liquidation(address,address,uint256)
 writer effect     -> contracts/lybra/pools/base/LybraPeUSDVaultBase.sol:198
 written member    -> ('SV', 'contracts/lybra/pools/base/LybraPeUSDVaultBase.sol', 'LybraPeUSDVaultBase.feeStored')
 potentially stale -> ('SV', 'contracts/lybra/pools/base/LybraPeUSDVaultBase.sol', 'LybraPeUSDVaultBase.borrowed'), ('SV', 'contracts/lybra/pools/base/LybraPeUSDVaultBase.sol', 'LybraPeUSDVaultBase.feeUpdatedAt')
 reader witnesses  -> 24
 storage exposures -> 3
[MV-SI candidate ee3450c6340ee1e0a80c] {borrowed, depositedAsset, feeStored, feeUpdatedAt}
 writer root       -> contracts/lybra/pools/base/LybraPeUSDVaultBase.sol::LybraPeUSDVaultBase.burn(address,uint256)
 writer effect     -> contracts/lybra/pools/base/LybraPeUSDVaultBase.sol:233
 written member    -> ('SV', 'contracts/lybra/pools/base/LybraPeUSDVaultBase.sol', 'LybraPeUSDVaultBase.feeUpdatedAt')
 potentially stale -> ('SV', 'contracts/lybra/pools/base/LybraPeUSDVaultBase.sol', 'LybraPeUSDVaultBase.borrowed'), ('SV', 'contracts/lybra/pools/base/LybraPeUSDVaultBase.sol', 'LybraPeUSDVaultBase.depositedAsset'), ('SV', 'contracts/lybra/pools/base/LybraPeUSDVaultBase.sol', 'LybraPeUSDVaultBase.feeStored')
 reader witnesses  -> 36
 storage exposures -> 3
[MV-SI candidate ee82ac82727a7afb9adb] {borrowed, feeUpdatedAt}
 writer root       -> contracts/lybra/pools/LybraRETHVault.sol::LybraRETHVault.depositEtherToMint(uint256)
 writer effect     -> contracts/lybra/pools/base/LybraPeUSDVaultBase.sol:233
 written member    -> ('SV', 'contracts/lybra/pools/base/LybraPeUSDVaultBase.sol', 'LybraPeUSDVaultBase.feeUpdatedAt')
 potentially stale -> ('SV', 'contracts/lybra/pools/base/LybraPeUSDVaultBase.sol', 'LybraPeUSDVaultBase.borrowed')
 reader witnesses  -> 3
 storage exposures -> 1
[MV-SI candidate ef1a1d0e54721ce89139] {extraRatio, finishAt, peUSDExtraRatio, rewardPerTokenStored, rewardRatio, rewards, updatedAt, userRewardPerTokenPaid}
 writer root       -> contracts/lybra/miner/EUSDMiningIncentives.sol::EUSDMiningIncentives.getReward()
 writer effect     -> contracts/lybra/miner/EUSDMiningIncentives.sol:78
 written member    -> ('SV', 'contracts/lybra/miner/EUSDMiningIncentives.sol', 'EUSDMiningIncentives.userRewardPerTokenPaid')
 potentially stale -> ('SV', 'contracts/lybra/miner/EUSDMiningIncentives.sol', 'EUSDMiningIncentives.extraRatio'), ('SV', 'contracts/lybra/miner/EUSDMiningIncentives.sol', 'EUSDMiningIncentives.finishAt'), ('SV', 'contracts/lybra/miner/EUSDMiningIncentives.sol', 'EUSDMiningIncentives.peUSDExtraRatio'), ('SV', 'contracts/lybra/miner/EUSDMiningIncentives.sol', 'EUSDMiningIncentives.rewardPerTokenStored'), ('SV', 'contracts/lybra/miner/EUSDMiningIncentives.sol', 'EUSDMiningIncentives.rewardRatio'), ('SV', 'contracts/lybra/miner/EUSDMiningIncentives.sol', 'EUSDMiningIncentives.rewards'), ('SV', 'contracts/lybra/miner/EUSDMiningIncentives.sol', 'EUSDMiningIncentives.updatedAt')
 reader witnesses  -> 30
 storage exposures -> 1
[MV-SI candidate f0d50a0fa2547f64693f] {borrowed, feeStored}
 writer root       -> contracts/lybra/pools/LybraRETHVault.sol::LybraRETHVault.depositEtherToMint(uint256)
 writer effect     -> contracts/lybra/pools/base/LybraPeUSDVaultBase.sol:232
 written member    -> ('SV', 'contracts/lybra/pools/base/LybraPeUSDVaultBase.sol', 'LybraPeUSDVaultBase.feeStored')
 potentially stale -> ('SV', 'contracts/lybra/pools/base/LybraPeUSDVaultBase.sol', 'LybraPeUSDVaultBase.borrowed')
 reader witnesses  -> 6
 storage exposures -> 1
[MV-SI candidate f111f4296115a70978b5] {borrowed, depositedAsset, feeStored, feeUpdatedAt}
 writer root       -> contracts/lybra/pools/base/LybraPeUSDVaultBase.sol::LybraPeUSDVaultBase.liquidation(address,address,uint256)
 writer effect     -> contracts/lybra/pools/base/LybraPeUSDVaultBase.sol:206
 written member    -> ('SV', 'contracts/lybra/pools/base/LybraPeUSDVaultBase.sol', 'LybraPeUSDVaultBase.borrowed')
 potentially stale -> ('SV', 'contracts/lybra/pools/base/LybraPeUSDVaultBase.sol', 'LybraPeUSDVaultBase.depositedAsset'), ('SV', 'contracts/lybra/pools/base/LybraPeUSDVaultBase.sol', 'LybraPeUSDVaultBase.feeStored'), ('SV', 'contracts/lybra/pools/base/LybraPeUSDVaultBase.sol', 'LybraPeUSDVaultBase.feeUpdatedAt')
 reader witnesses  -> 36
 storage exposures -> 3
[MV-SI candidate f138fefd64eb892a3391] {extraRatio, finishAt, peUSDExtraRatio, rewardPerTokenStored, rewardRatio, rewards, updatedAt, userRewardPerTokenPaid}
 writer root       -> contracts/lybra/miner/EUSDMiningIncentives.sol::EUSDMiningIncentives.notifyRewardAmount(uint256)
 writer effect     -> contracts/lybra/miner/EUSDMiningIncentives.sol:77
 written member    -> ('SV', 'contracts/lybra/miner/EUSDMiningIncentives.sol', 'EUSDMiningIncentives.rewards')
 potentially stale -> ('SV', 'contracts/lybra/miner/EUSDMiningIncentives.sol', 'EUSDMiningIncentives.extraRatio'), ('SV', 'contracts/lybra/miner/EUSDMiningIncentives.sol', 'EUSDMiningIncentives.finishAt'), ('SV', 'contracts/lybra/miner/EUSDMiningIncentives.sol', 'EUSDMiningIncentives.peUSDExtraRatio'), ('SV', 'contracts/lybra/miner/EUSDMiningIncentives.sol', 'EUSDMiningIncentives.rewardPerTokenStored'), ('SV', 'contracts/lybra/miner/EUSDMiningIncentives.sol', 'EUSDMiningIncentives.rewardRatio'), ('SV', 'contracts/lybra/miner/EUSDMiningIncentives.sol', 'EUSDMiningIncentives.updatedAt'), ('SV', 'contracts/lybra/miner/EUSDMiningIncentives.sol', 'EUSDMiningIncentives.userRewardPerTokenPaid')
 reader witnesses  -> 32
 storage exposures -> 1
[MV-SI candidate f238b1c1c30837469b9b] {finishAt, rewardPerTokenStored, rewardRatio, totalSupply, updatedAt}
 writer root       -> contracts/lybra/miner/stakerewardV2pool.sol::StakingRewardsV2.getReward()
 writer effect     -> contracts/lybra/miner/stakerewardV2pool.sol:57
 written member    -> ('SV', 'contracts/lybra/miner/stakerewardV2pool.sol', 'StakingRewardsV2.rewardPerTokenStored')
 potentially stale -> ('SV', 'contracts/lybra/miner/stakerewardV2pool.sol', 'StakingRewardsV2.finishAt'), ('SV', 'contracts/lybra/miner/stakerewardV2pool.sol', 'StakingRewardsV2.rewardRatio'), ('SV', 'contracts/lybra/miner/stakerewardV2pool.sol', 'StakingRewardsV2.totalSupply'), ('SV', 'contracts/lybra/miner/stakerewardV2pool.sol', 'StakingRewardsV2.updatedAt')
 reader witnesses  -> 18
 storage exposures -> 1
[MV-SI candidate f31abe78b4f4e98e858d] {borrowed, depositedAsset}
 writer root       -> contracts/lybra/pools/LybraWstETHVault.sol::LybraWstETHVault.depositEtherToMint(uint256)
 writer effect     -> contracts/lybra/pools/base/LybraPeUSDVaultBase.sol:179
 written member    -> ('SV', 'contracts/lybra/pools/base/LybraPeUSDVaultBase.sol', 'LybraPeUSDVaultBase.borrowed')
 potentially stale -> ('SV', 'contracts/lybra/pools/base/LybraPeUSDVaultBase.sol', 'LybraPeUSDVaultBase.depositedAsset')
 reader witnesses  -> 2
 storage exposures -> 1
[MV-SI candidate f37fcb947d6b612f03b4] {lastReportTime, poolTotalEUSDCirculation}
 writer root       -> contracts/lybra/pools/base/LybraEUSDVaultBase.sol::LybraEUSDVaultBase.depositAssetToMint(uint256,uint256)
 writer effect     -> contracts/lybra/pools/base/LybraEUSDVaultBase.sol:266
 written member    -> ('SV', 'contracts/lybra/pools/base/LybraEUSDVaultBase.sol', 'LybraEUSDVaultBase.poolTotalEUSDCirculation')
 potentially stale -> ('SV', 'contracts/lybra/pools/base/LybraEUSDVaultBase.sol', 'LybraEUSDVaultBase.lastReportTime')
 reader witnesses  -> 2
 storage exposures -> 1
[MV-SI candidate f3928b1b7ade2575066e] {poolTotalEUSDCirculation, totalDepositedAsset}
 writer root       -> contracts/lybra/pools/base/LybraEUSDVaultBase.sol::LybraEUSDVaultBase.liquidation(address,address,uint256)
 writer effect     -> contracts/lybra/pools/base/LybraEUSDVaultBase.sol:165
 written member    -> ('SV', 'contracts/lybra/pools/base/LybraEUSDVaultBase.sol', 'LybraEUSDVaultBase.totalDepositedAsset')
 potentially stale -> ('SV', 'contracts/lybra/pools/base/LybraEUSDVaultBase.sol', 'LybraEUSDVaultBase.poolTotalEUSDCirculation')
 reader witnesses  -> 4
 storage exposures -> 1
[MV-SI candidate f3e576388de0ef770913] {extraRatio, finishAt, peUSDExtraRatio, rewardPerTokenStored, rewardRatio, rewards, updatedAt, userRewardPerTokenPaid}
 writer root       -> contracts/lybra/miner/EUSDMiningIncentives.sol::EUSDMiningIncentives.refreshReward(address)
 writer effect     -> contracts/lybra/miner/EUSDMiningIncentives.sol:73
 written member    -> ('SV', 'contracts/lybra/miner/EUSDMiningIncentives.sol', 'EUSDMiningIncentives.rewardPerTokenStored')
 potentially stale -> ('SV', 'contracts/lybra/miner/EUSDMiningIncentives.sol', 'EUSDMiningIncentives.extraRatio'), ('SV', 'contracts/lybra/miner/EUSDMiningIncentives.sol', 'EUSDMiningIncentives.finishAt'), ('SV', 'contracts/lybra/miner/EUSDMiningIncentives.sol', 'EUSDMiningIncentives.peUSDExtraRatio'), ('SV', 'contracts/lybra/miner/EUSDMiningIncentives.sol', 'EUSDMiningIncentives.rewardRatio'), ('SV', 'contracts/lybra/miner/EUSDMiningIncentives.sol', 'EUSDMiningIncentives.rewards'), ('SV', 'contracts/lybra/miner/EUSDMiningIncentives.sol', 'EUSDMiningIncentives.updatedAt'), ('SV', 'contracts/lybra/miner/EUSDMiningIncentives.sol', 'EUSDMiningIncentives.userRewardPerTokenPaid')
 reader witnesses  -> 26
 storage exposures -> 1
[MV-SI candidate f411ee53ae41ee107bea] {borrowed, feeStored, feeUpdatedAt}
 writer root       -> contracts/lybra/pools/base/LybraPeUSDVaultBase.sol::LybraPeUSDVaultBase.depositAssetToMint(uint256,uint256)
 writer effect     -> contracts/lybra/pools/base/LybraPeUSDVaultBase.sol:232
 written member    -> ('SV', 'contracts/lybra/pools/base/LybraPeUSDVaultBase.sol', 'LybraPeUSDVaultBase.feeStored')
 potentially stale -> ('SV', 'contracts/lybra/pools/base/LybraPeUSDVaultBase.sol', 'LybraPeUSDVaultBase.borrowed'), ('SV', 'contracts/lybra/pools/base/LybraPeUSDVaultBase.sol', 'LybraPeUSDVaultBase.feeUpdatedAt')
 reader witnesses  -> 24
 storage exposures -> 3
[MV-SI candidate f4a4e9bb42a560d926b2] {feeStored, lastReportTime, lidoRebaseTime, poolTotalEUSDCirculation, totalDepositedAsset}
 writer root       -> contracts/lybra/pools/LybraStETHVault.sol::LybraStETHDepositVault.excessIncomeDistribution(uint256)
 writer effect     -> contracts/lybra/pools/LybraStETHVault.sol:82
 written member    -> ('SV', 'contracts/lybra/pools/base/LybraEUSDVaultBase.sol', 'LybraEUSDVaultBase.feeStored')
 potentially stale -> ('SV', 'contracts/lybra/pools/LybraStETHVault.sol', 'LybraStETHDepositVault.lidoRebaseTime'), ('SV', 'contracts/lybra/pools/base/LybraEUSDVaultBase.sol', 'LybraEUSDVaultBase.lastReportTime'), ('SV', 'contracts/lybra/pools/base/LybraEUSDVaultBase.sol', 'LybraEUSDVaultBase.poolTotalEUSDCirculation'), ('SV', 'contracts/lybra/pools/base/LybraEUSDVaultBase.sol', 'LybraEUSDVaultBase.totalDepositedAsset')
 reader witnesses  -> 7
 storage exposures -> 1
[MV-SI candidate f5d514af34c3d9d25f40] {borrowed, depositedAsset}
 writer root       -> contracts/lybra/pools/base/LybraEUSDVaultBase.sol::LybraEUSDVaultBase.rigidRedemption(address,uint256)
 writer effect     -> contracts/lybra/pools/base/LybraEUSDVaultBase.sol:282
 written member    -> ('SV', 'contracts/lybra/pools/base/LybraEUSDVaultBase.sol', 'LybraEUSDVaultBase.borrowed')
 potentially stale -> ('SV', 'contracts/lybra/pools/base/LybraEUSDVaultBase.sol', 'LybraEUSDVaultBase.depositedAsset')
 reader witnesses  -> 14
 storage exposures -> 1
[MV-SI candidate f64d04dbf9d3e53f2202] {rewardPerTokenStored, rewards, userRewardPerTokenPaid}
 writer root       -> contracts/lybra/miner/ProtocolRewardsPool.sol::ProtocolRewardsPool.refreshReward(address)
 writer effect     -> contracts/lybra/miner/ProtocolRewardsPool.sol:180
 written member    -> ('SV', 'contracts/lybra/miner/ProtocolRewardsPool.sol', 'ProtocolRewardsPool.userRewardPerTokenPaid')
 potentially stale -> ('SV', 'contracts/lybra/miner/ProtocolRewardsPool.sol', 'ProtocolRewardsPool.rewardPerTokenStored'), ('SV', 'contracts/lybra/miner/ProtocolRewardsPool.sol', 'ProtocolRewardsPool.rewards')
 reader witnesses  -> 6
 storage exposures -> 1
[MV-SI candidate f8a3ac4e65ee68592bab] {borrowed, feeStored}
 writer root       -> contracts/lybra/pools/base/LybraPeUSDVaultBase.sol::LybraPeUSDVaultBase.liquidation(address,address,uint256)
 writer effect     -> contracts/lybra/pools/base/LybraPeUSDVaultBase.sol:202
 written member    -> ('SV', 'contracts/lybra/pools/base/LybraPeUSDVaultBase.sol', 'LybraPeUSDVaultBase.feeStored')
 potentially stale -> ('SV', 'contracts/lybra/pools/base/LybraPeUSDVaultBase.sol', 'LybraPeUSDVaultBase.borrowed')
 reader witnesses  -> 18
 storage exposures -> 3
[MV-SI candidate f998adac10d4fda841ce] {feeStored, lastReportTime, lidoRebaseTime, poolTotalEUSDCirculation, totalDepositedAsset}
 writer root       -> contracts/lybra/pools/base/LybraEUSDVaultBase.sol::LybraEUSDVaultBase.burn(address,uint256)
 writer effect     -> contracts/lybra/pools/base/LybraEUSDVaultBase.sol:284
 written member    -> ('SV', 'contracts/lybra/pools/base/LybraEUSDVaultBase.sol', 'LybraEUSDVaultBase.poolTotalEUSDCirculation')
 potentially stale -> ('SV', 'contracts/lybra/pools/LybraStETHVault.sol', 'LybraStETHDepositVault.lidoRebaseTime'), ('SV', 'contracts/lybra/pools/base/LybraEUSDVaultBase.sol', 'LybraEUSDVaultBase.feeStored'), ('SV', 'contracts/lybra/pools/base/LybraEUSDVaultBase.sol', 'LybraEUSDVaultBase.lastReportTime'), ('SV', 'contracts/lybra/pools/base/LybraEUSDVaultBase.sol', 'LybraEUSDVaultBase.totalDepositedAsset')
 reader witnesses  -> 7
 storage exposures -> 1
[MV-SI candidate fbfe6c6b72cad044aae8] {feeStored, lastReportTime, lidoRebaseTime, poolTotalEUSDCirculation, totalDepositedAsset}
 writer root       -> contracts/lybra/pools/LybraStETHVault.sol::LybraStETHDepositVault.depositEtherToMint(uint256)
 writer effect     -> contracts/lybra/pools/LybraStETHVault.sol:43
 written member    -> ('SV', 'contracts/lybra/pools/base/LybraEUSDVaultBase.sol', 'LybraEUSDVaultBase.totalDepositedAsset')
 potentially stale -> ('SV', 'contracts/lybra/pools/LybraStETHVault.sol', 'LybraStETHDepositVault.lidoRebaseTime'), ('SV', 'contracts/lybra/pools/base/LybraEUSDVaultBase.sol', 'LybraEUSDVaultBase.feeStored'), ('SV', 'contracts/lybra/pools/base/LybraEUSDVaultBase.sol', 'LybraEUSDVaultBase.lastReportTime'), ('SV', 'contracts/lybra/pools/base/LybraEUSDVaultBase.sol', 'LybraEUSDVaultBase.poolTotalEUSDCirculation')
 reader witnesses  -> 7
 storage exposures -> 1
[MV-SI candidate fd088392a991e0812c89] {borrowed, depositedAsset, feeStored, feeUpdatedAt}
 writer root       -> contracts/lybra/pools/base/LybraPeUSDVaultBase.sol::LybraPeUSDVaultBase.burn(address,uint256)
 writer effect     -> contracts/lybra/pools/base/LybraPeUSDVaultBase.sol:232
 written member    -> ('SV', 'contracts/lybra/pools/base/LybraPeUSDVaultBase.sol', 'LybraPeUSDVaultBase.feeStored')
 potentially stale -> ('SV', 'contracts/lybra/pools/base/LybraPeUSDVaultBase.sol', 'LybraPeUSDVaultBase.borrowed'), ('SV', 'contracts/lybra/pools/base/LybraPeUSDVaultBase.sol', 'LybraPeUSDVaultBase.depositedAsset'), ('SV', 'contracts/lybra/pools/base/LybraPeUSDVaultBase.sol', 'LybraPeUSDVaultBase.feeUpdatedAt')
 reader witnesses  -> 36
 storage exposures -> 3
[MV-SI candidate fdfdea4ad984c508eeea] {oracleFee, protocolFeeConfig, relayerFeeConfig}
 writer root       -> contracts/mocks/LZEndpointMock.sol::LZEndpointMock.setProtocolFee(uint256,uint256)
 writer effect     -> contracts/mocks/LZEndpointMock.sol:338
 written member    -> ('SV', 'contracts/mocks/LZEndpointMock.sol', 'LZEndpointMock.protocolFeeConfig')
 potentially stale -> ('SV', 'contracts/mocks/LZEndpointMock.sol', 'LZEndpointMock.oracleFee'), ('SV', 'contracts/mocks/LZEndpointMock.sol', 'LZEndpointMock.relayerFeeConfig')
 reader witnesses  -> 15
 storage exposures -> 1
[MV-SI candidate ff855bdb2186d84f3bdf] {feeStored, lastReportTime, lidoRebaseTime, poolTotalEUSDCirculation, totalDepositedAsset}
 writer root       -> contracts/lybra/pools/base/LybraEUSDVaultBase.sol::LybraEUSDVaultBase.superLiquidation(address,address,uint256)
 writer effect     -> contracts/lybra/pools/base/LybraEUSDVaultBase.sol:201
 written member    -> ('SV', 'contracts/lybra/pools/base/LybraEUSDVaultBase.sol', 'LybraEUSDVaultBase.totalDepositedAsset')
 potentially stale -> ('SV', 'contracts/lybra/pools/LybraStETHVault.sol', 'LybraStETHDepositVault.lidoRebaseTime'), ('SV', 'contracts/lybra/pools/base/LybraEUSDVaultBase.sol', 'LybraEUSDVaultBase.feeStored'), ('SV', 'contracts/lybra/pools/base/LybraEUSDVaultBase.sol', 'LybraEUSDVaultBase.lastReportTime'), ('SV', 'contracts/lybra/pools/base/LybraEUSDVaultBase.sol', 'LybraEUSDVaultBase.poolTotalEUSDCirculation')
 reader witnesses  -> 7
 storage exposures -> 1
[MV-SI candidate ffe38a57a5c79d654641] {feeStored, lastReportTime, lidoRebaseTime, poolTotalEUSDCirculation, totalDepositedAsset}
 writer root       -> contracts/lybra/pools/LybraStETHVault.sol::LybraStETHDepositVault.depositEtherToMint(uint256)
 writer effect     -> contracts/lybra/pools/base/LybraEUSDVaultBase.sol:297
 written member    -> ('SV', 'contracts/lybra/pools/base/LybraEUSDVaultBase.sol', 'LybraEUSDVaultBase.lastReportTime')
 potentially stale -> ('SV', 'contracts/lybra/pools/LybraStETHVault.sol', 'LybraStETHDepositVault.lidoRebaseTime'), ('SV', 'contracts/lybra/pools/base/LybraEUSDVaultBase.sol', 'LybraEUSDVaultBase.feeStored'), ('SV', 'contracts/lybra/pools/base/LybraEUSDVaultBase.sol', 'LybraEUSDVaultBase.poolTotalEUSDCirculation'), ('SV', 'contracts/lybra/pools/base/LybraEUSDVaultBase.sol', 'LybraEUSDVaultBase.totalDepositedAsset')
 reader witnesses  -> 9
 storage exposures -> 1Reference: https://github.com/crytic/slither/wiki/Detector-Documentation
INFO:Slither:. analyzed (120 contracts with 1 detectors), 294 result(s) found
