attempt_id,snapshot_id,started_at,duration_seconds,dependency_command,dependency_exit_code,build_command,build_exit_code,terminal_status,node_profile,node_version,source_files_checked,source_mutations,artifact_files,artifact_sha256,manifest_path
web3bugs-5-best-effort-20260814T181732Z-85318aff729b4a219d23a2655578a781,5,2026-08-14T18:17:32.099480+00:00,68.70288,"[""/home/vau3677/liu_coop/anonymized_repo_TOSEM/environment/toolchains/node/16.20.2/bin/npm"", ""install"", ""--no-audit"", ""--no-fund"", ""--legacy-peer-deps""]",0,npx hardhat compile,0,SUCCESS_NO_ARTIFACTS,node16-npm8,16.20.2,42,0,0,,benchmarks/web3bugs/best_effort_build_runs/5/web3bugs-5-best-effort-20260814T181732Z-85318aff729b4a219d23a2655578a781/attempt_manifest.json
web3bugs-5-best-effort-20260814T182016Z-1f443fe786f84c709176a601c5946e42,5,2026-08-14T18:20:16.444603+00:00,69.983084,"[""/home/vau3677/liu_coop/anonymized_repo_TOSEM/environment/toolchains/node/16.20.2/bin/npm"", ""install"", ""--no-audit"", ""--no-fund"", ""--legacy-peer-deps""]",0,npx hardhat compile,0,SUCCESS,node16-npm8,16.20.2,42,0,49,f6eab3938e3e270d8484e6a2612c42bf983d8ecf420fb9dd4e3730324a245147,benchmarks/web3bugs/best_effort_build_runs/5/web3bugs-5-best-effort-20260814T182016Z-1f443fe786f84c709176a601c5946e42/attempt_manifest.json
web3bugs-23-best-effort-20260814T182156Z-deacb8bee6934679887d1c20f119f33a,23,2026-08-14T18:21:56.490370+00:00,0.136659,,,brownie compile,,BUILD_FAILURE,node16-npm8,16.20.2,242,0,0,,benchmarks/web3bugs/best_effort_build_runs/23/web3bugs-23-best-effort-20260814T182156Z-deacb8bee6934679887d1c20f119f33a/attempt_manifest.json
web3bugs-191-best-effort-20260814T182156Z-041833023c044085ac990d8e659e084f,191,2026-08-14T18:21:56.489848+00:00,0.67788,,,forge build,1,BUILD_FAILURE,node16-yarn1,16.20.2,20,0,0,,benchmarks/web3bugs/best_effort_build_runs/191/web3bugs-191-best-effort-20260814T182156Z-041833023c044085ac990d8e659e084f/attempt_manifest.json
web3bugs-26-best-effort-20260814T182156Z-0c159f1c46894c3abc8273ea6fb8a7ef,26,2026-08-14T18:21:56.489396+00:00,43.649346,"[""/home/vau3677/liu_coop/anonymized_repo_TOSEM/environment/toolchains/node/16.20.2/bin/npm"", ""ci"", ""--no-audit"", ""--no-fund"", ""--legacy-peer-deps""]",0,npm run compile,0,SUCCESS_NO_ARTIFACTS,node16-npm8,16.20.2,73,0,0,,benchmarks/web3bugs/best_effort_build_runs/26/web3bugs-26-best-effort-20260814T182156Z-0c159f1c46894c3abc8273ea6fb8a7ef/attempt_manifest.json
web3bugs-12-best-effort-20260814T182156Z-3fe2e4ce4bf5461ab83f078e0e3f0e34,12,2026-08-14T18:21:56.490223+00:00,54.592914,"[""/home/vau3677/liu_coop/anonymized_repo_TOSEM/environment/toolchains/node/16.20.2/bin/node"", ""/home/vau3677/liu_coop/anonymized_repo_TOSEM/environment/toolchains/yarn/1.22.22/bin/yarn.js"", ""install"", ""--non-interactive"", ""--frozen-lockfile""]",0,yarn build,0,SUCCESS,node16-yarn1,16.20.2,93,0,163,c4fe968999e5d18690c6e90f25bbca315444b875058beb100d37b6797066ddc3,benchmarks/web3bugs/best_effort_build_runs/12/web3bugs-12-best-effort-20260814T182156Z-3fe2e4ce4bf5461ab83f078e0e3f0e34/attempt_manifest.json
web3bugs-191-best-effort-20260814T182939Z-e787b5a60f594cc1ade2f554438b0fa0,191,2026-08-14T18:29:39.723236+00:00,5.995479,"[""/home/vau3677/liu_coop/anonymized_repo_TOSEM/environment/toolchains/node/16.20.2/bin/node"", ""/home/vau3677/liu_coop/anonymized_repo_TOSEM/environment/toolchains/yarn/1.22.22/bin/yarn.js"", ""install"", ""--non-interactive"", ""--frozen-lockfile""]",0,forge build,0,SUCCESS,node16-yarn1,16.20.2,20,0,77,a55d13d902b22a117cfbd02e4b9932cb321e8e519847d4213e84bb813c731523,benchmarks/web3bugs/best_effort_build_runs/191/web3bugs-191-best-effort-20260814T182939Z-e787b5a60f594cc1ade2f554438b0fa0/attempt_manifest.json
web3bugs-26-best-effort-20260814T182918Z-27adcaada4054e05994a6dceb04a3c87,26,2026-08-14T18:29:18.412458+00:00,43.662165,"[""/home/vau3677/liu_coop/anonymized_repo_TOSEM/environment/toolchains/node/16.20.2/bin/npm"", ""ci"", ""--no-audit"", ""--no-fund"", ""--legacy-peer-deps""]",0,npm run compile,0,SUCCESS,node16-npm8,16.20.2,73,0,103,0f4fb1fcfb7f139c031224064c84373b8fd39592165a3eaab9e70eed2adcd6f9,benchmarks/web3bugs/best_effort_build_runs/26/web3bugs-26-best-effort-20260814T182918Z-27adcaada4054e05994a6dceb04a3c87/attempt_manifest.json
web3bugs-23-best-effort-20260814T182942Z-c2e3ed5c1aed4f7fb6cb3297910ec96a,23,2026-08-14T18:29:42.800786+00:00,20.504427,,,brownie compile,1,BUILD_FAILURE,node16-npm8,16.20.2,242,0,18,f0f6dcf089b696078734ee9aeb04ef696793a3456e39e925c6492c33ceb96b61,benchmarks/web3bugs/best_effort_build_runs/23/web3bugs-23-best-effort-20260814T182942Z-c2e3ed5c1aed4f7fb6cb3297910ec96a/attempt_manifest.json
web3bugs-13-best-effort-20260814T183123Z-2b56fe5b3b764bdebc23e54d17baddfa,13,2026-08-14T18:31:23.431898+00:00,4.010752,"[""/home/vau3677/liu_coop/anonymized_repo_TOSEM/environment/toolchains/node/16.20.2/bin/node"", ""/home/vau3677/liu_coop/anonymized_repo_TOSEM/environment/toolchains/yarn/1.22.22/bin/yarn.js"", ""install"", ""--non-interactive"", ""--frozen-lockfile""]",1,yarn compile,,DEPENDENCY_FAILURE,node16-yarn1,16.20.2,47,0,0,,benchmarks/web3bugs/best_effort_build_runs/13/web3bugs-13-best-effort-20260814T183123Z-2b56fe5b3b764bdebc23e54d17baddfa/attempt_manifest.json
web3bugs-17-best-effort-20260814T183123Z-2f28dd031c1647a2ab6a7ebe4aa98ba2,17,2026-08-14T18:31:23.434969+00:00,34.967354,"[""/home/vau3677/liu_coop/anonymized_repo_TOSEM/environment/toolchains/node/16.20.2/bin/node"", ""/home/vau3677/liu_coop/anonymized_repo_TOSEM/environment/toolchains/yarn/1.22.22/bin/yarn.js"", ""install"", ""--non-interactive"", ""--frozen-lockfile""]",0,npx hardhat compile,1,BUILD_FAILURE,node16-yarn1,16.20.2,86,0,0,,benchmarks/web3bugs/best_effort_build_runs/17/web3bugs-17-best-effort-20260814T183123Z-2f28dd031c1647a2ab6a7ebe4aa98ba2/attempt_manifest.json
web3bugs-30-best-effort-20260814T183127Z-4d87003b8efc40a98f0489c7887e75a6,30,2026-08-14T18:31:27.564222+00:00,39.209715,"[""/home/vau3677/liu_coop/anonymized_repo_TOSEM/environment/toolchains/node/16.20.2/bin/node"", ""/home/vau3677/liu_coop/anonymized_repo_TOSEM/environment/toolchains/yarn/1.22.22/bin/yarn.js"", ""install"", ""--non-interactive"", ""--frozen-lockfile""]",0,yarn compile,1,BUILD_FAILURE,node16-yarn1,16.20.2,395,0,252,c88e92d7f9ac60329c32aa9d501da8d64c4af72399623d3af7ffd92013ab6fed,benchmarks/web3bugs/best_effort_build_runs/30/web3bugs-30-best-effort-20260814T183127Z-4d87003b8efc40a98f0489c7887e75a6/attempt_manifest.json
web3bugs-43-best-effort-20260814T183206Z-dba02db024bc481bb95e2ca151e361a5,43,2026-08-14T18:32:06.905770+00:00,1.546452,"[""/home/vau3677/liu_coop/anonymized_repo_TOSEM/environment/toolchains/node/16.20.2/bin/npm"", ""ci"", ""--no-audit"", ""--no-fund"", ""--legacy-peer-deps""]",1,npx hardhat compile,,DEPENDENCY_FAILURE,node16-npm8,16.20.2,35,0,1,bb4e4b77002068c829cfa32901fbc707294efcd882e5fb45a3cd831a607b8b99,benchmarks/web3bugs/best_effort_build_runs/43/web3bugs-43-best-effort-20260814T183206Z-dba02db024bc481bb95e2ca151e361a5/attempt_manifest.json
web3bugs-37-best-effort-20260814T183158Z-36cc3e1372a74c9b9363bad32bd9d04c,37,2026-08-14T18:31:58.604073+00:00,23.325812,"[""/home/vau3677/liu_coop/anonymized_repo_TOSEM/environment/toolchains/node/16.20.2/bin/node"", ""/home/vau3677/liu_coop/anonymized_repo_TOSEM/environment/toolchains/yarn/1.22.22/bin/yarn.js"", ""install"", ""--non-interactive"", ""--frozen-lockfile""]",1,yarn build,,DEPENDENCY_FAILURE,node16-yarn1,16.20.2,90,0,0,,benchmarks/web3bugs/best_effort_build_runs/37/web3bugs-37-best-effort-20260814T183158Z-36cc3e1372a74c9b9363bad32bd9d04c/attempt_manifest.json
web3bugs-25-best-effort-20260814T183123Z-fe3a462af7d44eeaac70553cb3ef5573,25,2026-08-14T18:31:23.438882+00:00,66.618513,"[""/home/vau3677/liu_coop/anonymized_repo_TOSEM/environment/toolchains/node/16.20.2/bin/node"", ""/home/vau3677/liu_coop/anonymized_repo_TOSEM/environment/toolchains/yarn/1.22.22/bin/yarn.js"", ""install"", ""--non-interactive"", ""--frozen-lockfile""]",0,yarn build,0,SUCCESS,node16-yarn1,16.20.2,83,0,155,fa428b39c933d4664acdeda9de9fd2535bcfb3707be1ce685d56d98ea46c9105,benchmarks/web3bugs/best_effort_build_runs/25/web3bugs-25-best-effort-20260814T183123Z-fe3a462af7d44eeaac70553cb3ef5573/attempt_manifest.json
web3bugs-44-best-effort-20260814T183208Z-9f7d715235b346a3b3bcbd8af89eb1e5,44,2026-08-14T18:32:08.541862+00:00,34.997952,"[""/home/vau3677/liu_coop/anonymized_repo_TOSEM/environment/toolchains/node/16.20.2/bin/node"", ""/home/vau3677/liu_coop/anonymized_repo_TOSEM/environment/toolchains/yarn/1.22.22/bin/yarn.js"", ""install"", ""--non-interactive"", ""--frozen-lockfile""]",0,yarn build,0,SUCCESS,node16-yarn1,16.20.2,31,0,35,b01c6d63fad65bd0d7c5badd4514717a0fe45043f014217ef36fc3961979cda0,benchmarks/web3bugs/best_effort_build_runs/44/web3bugs-44-best-effort-20260814T183208Z-9f7d715235b346a3b3bcbd8af89eb1e5/attempt_manifest.json
web3bugs-47-best-effort-20260814T183230Z-dc9d9488d21a4029bc757c267a96f577,47,2026-08-14T18:32:30.252619+00:00,22.234867,"[""/home/vau3677/liu_coop/anonymized_repo_TOSEM/environment/toolchains/node/16.20.2/bin/node"", ""/home/vau3677/liu_coop/anonymized_repo_TOSEM/environment/toolchains/yarn/1.22.22/bin/yarn.js"", ""install"", ""--non-interactive"", ""--frozen-lockfile""]",0,npx hardhat compile,0,SUCCESS,node16-yarn1,16.20.2,137,0,21,2213046b3b2b10065d539d8bd7780b9ba5055a8d916f4c4ae78e62de11d84201,benchmarks/web3bugs/best_effort_build_runs/47/web3bugs-47-best-effort-20260814T183230Z-dc9d9488d21a4029bc757c267a96f577/attempt_manifest.json
web3bugs-49-best-effort-20260814T183243Z-e8bb6006c8784db2967f65694278cfde,49,2026-08-14T18:32:43.715907+00:00,9.889663,,,brownie compile,0,SUCCESS,node16-npm8,16.20.2,106,0,76,3d043d56031dd41966b610dd8e573e562f7762593a99d3ab366b5cca549756ee,benchmarks/web3bugs/best_effort_build_runs/49/web3bugs-49-best-effort-20260814T183243Z-e8bb6006c8784db2967f65694278cfde/attempt_manifest.json
web3bugs-45-best-effort-20260814T183222Z-660390a2abd044e2bfbf26b647539be3,45,2026-08-14T18:32:22.077111+00:00,42.593666,"[""/home/vau3677/liu_coop/anonymized_repo_TOSEM/environment/toolchains/node/16.20.2/bin/node"", ""/home/vau3677/liu_coop/anonymized_repo_TOSEM/environment/toolchains/yarn/1.22.22/bin/yarn.js"", ""install"", ""--non-interactive"", ""--frozen-lockfile""]",0,yarn compile,1,BUILD_FAILURE,node16-yarn1,16.20.2,146,0,0,,benchmarks/web3bugs/best_effort_build_runs/45/web3bugs-45-best-effort-20260814T183222Z-660390a2abd044e2bfbf26b647539be3/attempt_manifest.json
web3bugs-21-best-effort-20260814T183123Z-5ec610ce488848ef878621e2e28713f7,21,2026-08-14T18:31:23.438658+00:00,131.691243,"[""/home/vau3677/liu_coop/anonymized_repo_TOSEM/environment/toolchains/node/16.20.2/bin/node"", ""/home/vau3677/liu_coop/anonymized_repo_TOSEM/environment/toolchains/yarn/1.22.22/bin/yarn.js"", ""install"", ""--non-interactive"", ""--frozen-lockfile""]",128,npx hardhat compile,,DEPENDENCY_FAILURE,node16-yarn1,16.20.2,107,0,0,,benchmarks/web3bugs/best_effort_build_runs/21/web3bugs-21-best-effort-20260814T183123Z-5ec610ce488848ef878621e2e28713f7/attempt_manifest.json
web3bugs-53-best-effort-20260814T183253Z-109dcb8c4a9f4278a16710edb32e88e7,53,2026-08-14T18:32:53.737727+00:00,50.491441,"[""/home/vau3677/liu_coop/anonymized_repo_TOSEM/environment/toolchains/node/12.22.12/bin/node"", ""/home/vau3677/liu_coop/anonymized_repo_TOSEM/environment/toolchains/yarn/1.22.22/bin/yarn.js"", ""install"", ""--non-interactive"", ""--frozen-lockfile""]",0,yarn build,1,BUILD_FAILURE,node12-yarn1,12.22.12,68,0,0,,benchmarks/web3bugs/best_effort_build_runs/53/web3bugs-53-best-effort-20260814T183253Z-109dcb8c4a9f4278a16710edb32e88e7/attempt_manifest.json
web3bugs-56-best-effort-20260814T183304Z-8da763a56562459ea3297aa82b30e842,56,2026-08-14T18:33:04.754473+00:00,48.953179,"[""/home/vau3677/liu_coop/anonymized_repo_TOSEM/environment/toolchains/node/16.20.2/bin/node"", ""/home/vau3677/liu_coop/anonymized_repo_TOSEM/environment/toolchains/yarn/1.22.22/bin/yarn.js"", ""install"", ""--non-interactive"", ""--frozen-lockfile""]",0,yarn compile,1,BUILD_FAILURE,node16-yarn1,16.20.2,227,0,329,8c83114866f7462706ed12f4cde00da8eebe496c6169a5e4af6170168c272ccc,benchmarks/web3bugs/best_effort_build_runs/56/web3bugs-56-best-effort-20260814T183304Z-8da763a56562459ea3297aa82b30e842/attempt_manifest.json
web3bugs-70-best-effort-20260814T183353Z-6cd304a24c5b49769cb27f2e425ad5fb,70,2026-08-14T18:33:53.788990+00:00,15.595089,"[""/home/vau3677/liu_coop/anonymized_repo_TOSEM/environment/toolchains/node/16.20.2/bin/npm"", ""ci"", ""--no-audit"", ""--no-fund"", ""--legacy-peer-deps""]",0,npm run compile,127,BUILD_FAILURE,node16-npm8,16.20.2,156,0,0,,benchmarks/web3bugs/best_effort_build_runs/70/web3bugs-70-best-effort-20260814T183353Z-6cd304a24c5b49769cb27f2e425ad5fb/attempt_manifest.json
web3bugs-52-best-effort-20260814T183252Z-883c8485336e48f39808d0329b7700ec,52,2026-08-14T18:32:52.685540+00:00,87.125555,"[""/home/vau3677/liu_coop/anonymized_repo_TOSEM/environment/toolchains/node/16.20.2/bin/npm"", ""install"", ""--no-audit"", ""--no-fund"", ""--legacy-peer-deps""]",0,npx truffle compile,0,SUCCESS,node16-npm8,16.20.2,98,0,108,bbc6334abbeed4cd369999a2e73f3a76f5677d19fd1f5ac106d0b6f6784fdf32,benchmarks/web3bugs/best_effort_build_runs/52/web3bugs-52-best-effort-20260814T183252Z-883c8485336e48f39808d0329b7700ec/attempt_manifest.json
web3bugs-66-best-effort-20260814T183335Z-f8d523221d1544a685c8b6be5091359d,66,2026-08-14T18:33:35.220743+00:00,65.981766,"[""/home/vau3677/liu_coop/anonymized_repo_TOSEM/environment/toolchains/node/16.20.2/bin/node"", ""/home/vau3677/liu_coop/anonymized_repo_TOSEM/environment/toolchains/yarn/1.22.22/bin/yarn.js"", ""install"", ""--non-interactive"", ""--frozen-lockfile""]",1,yarn build,,DEPENDENCY_FAILURE,node16-yarn1,16.20.2,340,0,354,21b90ff13ea91949556090d4de7ebf3c02367c4ed203c539d94155afbfe5f68c,benchmarks/web3bugs/best_effort_build_runs/66/web3bugs-66-best-effort-20260814T183335Z-f8d523221d1544a685c8b6be5091359d/attempt_manifest.json
web3bugs-71-best-effort-20260814T183409Z-4d36eea5e1f74a89a35a783e113af62a,71,2026-08-14T18:34:09.517235+00:00,51.571533,"[""/home/vau3677/liu_coop/anonymized_repo_TOSEM/environment/toolchains/node/16.20.2/bin/npm"", ""install"", ""--no-audit"", ""--no-fund"", ""--legacy-peer-deps""]",0,npx hardhat compile,1,BUILD_FAILURE,node16-npm8,16.20.2,49,0,0,,benchmarks/web3bugs/best_effort_build_runs/71/web3bugs-71-best-effort-20260814T183409Z-4d36eea5e1f74a89a35a783e113af62a/attempt_manifest.json
web3bugs-76-best-effort-20260814T183419Z-e8c1512b56ac41e390b92b4e5fcbb62a,76,2026-08-14T18:34:19.961312+00:00,48.00273,"[""/home/vau3677/liu_coop/anonymized_repo_TOSEM/environment/toolchains/node/16.20.2/bin/node"", ""/home/vau3677/liu_coop/anonymized_repo_TOSEM/environment/toolchains/yarn/1.22.22/bin/yarn.js"", ""install"", ""--non-interactive"", ""--frozen-lockfile""]",0,npx hardhat compile,0,SUCCESS,node16-yarn1,16.20.2,101,0,144,1f7480301cdc45fb0daa5637812f439d9fcc129a1aec1ad8ea90d3767fe2dc9c,benchmarks/web3bugs/best_effort_build_runs/76/web3bugs-76-best-effort-20260814T183419Z-e8c1512b56ac41e390b92b4e5fcbb62a/attempt_manifest.json
web3bugs-92-best-effort-20260814T183508Z-f75a9223baf14a55b1ee56248bfa1d43,92,2026-08-14T18:35:08.104062+00:00,1.208347,"[""/home/vau3677/liu_coop/anonymized_repo_TOSEM/environment/toolchains/node/16.20.2/bin/npm"", ""ci"", ""--no-audit"", ""--no-fund"", ""--legacy-peer-deps""]",0,make,2,BUILD_FAILURE,node16-npm8,16.20.2,35,0,0,,benchmarks/web3bugs/best_effort_build_runs/92/web3bugs-92-best-effort-20260814T183508Z-f75a9223baf14a55b1ee56248bfa1d43/attempt_manifest.json
web3bugs-78-best-effort-20260814T183441Z-b27f5353128d4d07b7004e31663a3015,78,2026-08-14T18:34:41.497500+00:00,47.917074,"[""/home/vau3677/liu_coop/anonymized_repo_TOSEM/environment/toolchains/node/16.20.2/bin/node"", ""/home/vau3677/liu_coop/anonymized_repo_TOSEM/environment/toolchains/yarn/1.22.22/bin/yarn.js"", ""install"", ""--non-interactive"", ""--frozen-lockfile""]",0,npx hardhat compile,0,SUCCESS,node16-yarn1,16.20.2,137,0,257,8299d6b8bfe616d7e4101217db821cc753760c6fddfdd6bc7643fa5231850e74,benchmarks/web3bugs/best_effort_build_runs/78/web3bugs-78-best-effort-20260814T183441Z-b27f5353128d4d07b7004e31663a3015/attempt_manifest.json
web3bugs-68-best-effort-20260814T183344Z-0b0613b9ed8343c581bd2d0861568450,68,2026-08-14T18:33:44.359952+00:00,105.396371,"[""/home/vau3677/liu_coop/anonymized_repo_TOSEM/environment/toolchains/node/16.20.2/bin/node"", ""/home/vau3677/liu_coop/anonymized_repo_TOSEM/environment/toolchains/yarn/1.22.22/bin/yarn.js"", ""install"", ""--non-interactive"", ""--frozen-lockfile""]",0,yarn compile,1,BUILD_FAILURE,node16-npm8,16.20.2,89,0,131,587c9611637745097e7ed8b4d59079d99f4d5ddbdb37d603bb52268b5d677c71,benchmarks/web3bugs/best_effort_build_runs/68/web3bugs-68-best-effort-20260814T183344Z-0b0613b9ed8343c581bd2d0861568450/attempt_manifest.json
web3bugs-83-best-effort-20260814T183501Z-041223db962145cfa37e4babc470ce40,83,2026-08-14T18:35:01.261175+00:00,48.236397,"[""/home/vau3677/liu_coop/anonymized_repo_TOSEM/environment/toolchains/node/16.20.2/bin/npm"", ""install"", ""--no-audit"", ""--no-fund"", ""--legacy-peer-deps""]",0,npx hardhat compile,1,BUILD_FAILURE,node16-npm8,16.20.2,20,0,0,,benchmarks/web3bugs/best_effort_build_runs/83/web3bugs-83-best-effort-20260814T183501Z-041223db962145cfa37e4babc470ce40/attempt_manifest.json
web3bugs-102-best-effort-20260814T183549Z-fe369a30b8f44685a829929543fe1c59,102,2026-08-14T18:35:49.672011+00:00,2.065223,"[""/home/vau3677/liu_coop/anonymized_repo_TOSEM/environment/toolchains/node/16.20.2/bin/npm"", ""ci"", ""--no-audit"", ""--no-fund"", ""--legacy-peer-deps""]",1,npm run compile,,DEPENDENCY_FAILURE,node16-npm8,16.20.2,86,0,0,,benchmarks/web3bugs/best_effort_build_runs/102/web3bugs-102-best-effort-20260814T183549Z-fe369a30b8f44685a829929543fe1c59/attempt_manifest.json
web3bugs-97-best-effort-20260814T183529Z-0a02015c35c14733a80b5cebf67c1da9,97,2026-08-14T18:35:29.511840+00:00,22.413447,"[""/home/vau3677/liu_coop/anonymized_repo_TOSEM/environment/toolchains/node/16.20.2/bin/node"", ""/home/vau3677/liu_coop/anonymized_repo_TOSEM/environment/toolchains/yarn/1.22.22/bin/yarn.js"", ""install"", ""--non-interactive"", ""--frozen-lockfile""]",1,yarn compile,,DEPENDENCY_FAILURE,node16-yarn1,16.20.2,65,0,0,,benchmarks/web3bugs/best_effort_build_runs/97/web3bugs-97-best-effort-20260814T183529Z-0a02015c35c14733a80b5cebf67c1da9/attempt_manifest.json
web3bugs-94-best-effort-20260814T183509Z-c597d8eb6d9048dfb2fbe162aa1b9d78,94,2026-08-14T18:35:09.387327+00:00,56.151003,"[""/home/vau3677/liu_coop/anonymized_repo_TOSEM/environment/toolchains/node/16.20.2/bin/node"", ""/home/vau3677/liu_coop/anonymized_repo_TOSEM/environment/toolchains/yarn/1.22.22/bin/yarn.js"", ""install"", ""--non-interactive"", ""--frozen-lockfile""]",0,yarn build,0,SUCCESS,node16-yarn1,16.20.2,104,0,110,8b15e732f54f35eaefe327921e7f1eea134730e4f3ecad2cd04d1ec4d3610fa3,benchmarks/web3bugs/best_effort_build_runs/94/web3bugs-94-best-effort-20260814T183509Z-c597d8eb6d9048dfb2fbe162aa1b9d78/attempt_manifest.json
web3bugs-100-best-effort-20260814T183529Z-8de82b5ba69f4cbfa4376336ec4fca81,100,2026-08-14T18:35:29.828039+00:00,67.691139,"[""/home/vau3677/liu_coop/anonymized_repo_TOSEM/environment/toolchains/node/16.20.2/bin/node"", ""/home/vau3677/liu_coop/anonymized_repo_TOSEM/environment/toolchains/yarn/1.22.22/bin/yarn.js"", ""install"", ""--non-interactive"", ""--frozen-lockfile""]",0,npx hardhat compile,0,SUCCESS,node16-yarn1,16.20.2,116,0,85,5f9cac654eab18c2bff87da7dda81c1479022c243c0f0afb3c0675db295945a8,benchmarks/web3bugs/best_effort_build_runs/100/web3bugs-100-best-effort-20260814T183529Z-8de82b5ba69f4cbfa4376336ec4fca81/attempt_manifest.json
web3bugs-109-best-effort-20260814T183605Z-caafb57fe1a34bc7b90fe7cef8671e45,109,2026-08-14T18:36:05.729766+00:00,37.827299,"[""/home/vau3677/liu_coop/anonymized_repo_TOSEM/environment/toolchains/node/16.20.2/bin/npm"", ""ci"", ""--no-audit"", ""--no-fund"", ""--legacy-peer-deps""]",0,npm run build,1,BUILD_FAILURE,node16-npm8,16.20.2,35,0,0,,benchmarks/web3bugs/best_effort_build_runs/109/web3bugs-109-best-effort-20260814T183605Z-caafb57fe1a34bc7b90fe7cef8671e45/attempt_manifest.json
web3bugs-113-best-effort-20260814T183643Z-11f01738cb0a467f9150b71e8f5731a5,113,2026-08-14T18:36:43.654737+00:00,1.212983,"[""/home/vau3677/liu_coop/anonymized_repo_TOSEM/environment/toolchains/node/12.22.12/bin/node"", ""/home/vau3677/liu_coop/anonymized_repo_TOSEM/environment/toolchains/yarn/1.22.22/bin/yarn.js"", ""install"", ""--non-interactive"", ""--frozen-lockfile""]",1,yarn build,,DEPENDENCY_FAILURE,node12-yarn1,12.22.12,62,0,0,,benchmarks/web3bugs/best_effort_build_runs/113/web3bugs-113-best-effort-20260814T183643Z-11f01738cb0a467f9150b71e8f5731a5/attempt_manifest.json
web3bugs-110-best-effort-20260814T183637Z-bd000f5eb28a4abdacc22e5987a5c127,110,2026-08-14T18:36:37.586049+00:00,21.489458,"[""/home/vau3677/liu_coop/anonymized_repo_TOSEM/environment/toolchains/node/14.21.3/bin/npm"", ""ci"", ""--no-audit"", ""--no-fund""]",0,forge build,0,SUCCESS,node14-npm6,14.21.3,1095,0,78,face3583fc82477a16ee00f250d9449c7120963539baf4caa363571036e0c121,benchmarks/web3bugs/best_effort_build_runs/110/web3bugs-110-best-effort-20260814T183637Z-bd000f5eb28a4abdacc22e5987a5c127/attempt_manifest.json
web3bugs-107-best-effort-20260814T183551Z-11350d36c8d04403ad21b706634c3146,107,2026-08-14T18:35:51.988573+00:00,71.905217,"[""/home/vau3677/liu_coop/anonymized_repo_TOSEM/environment/toolchains/node/16.20.2/bin/node"", ""/home/vau3677/liu_coop/anonymized_repo_TOSEM/environment/toolchains/yarn/1.22.22/bin/yarn.js"", ""install"", ""--non-interactive"", ""--frozen-lockfile""]",0,yarn compile,0,SUCCESS,node16-yarn1,16.20.2,63,0,207,ec85c6837dab132de21cc6df1da74c1020ee9c5bf648d8746e8a7930b496729c,benchmarks/web3bugs/best_effort_build_runs/107/web3bugs-107-best-effort-20260814T183551Z-11350d36c8d04403ad21b706634c3146/attempt_manifest.json
web3bugs-103-best-effort-20260814T183551Z-6669200ce4254baa96e43b171cb195c8,103,2026-08-14T18:35:51.836777+00:00,75.104695,"[""/home/vau3677/liu_coop/anonymized_repo_TOSEM/environment/toolchains/node/14.21.3/bin/node"", ""/home/vau3677/liu_coop/anonymized_repo_TOSEM/environment/toolchains/yarn/1.22.22/bin/yarn.js"", ""install"", ""--non-interactive"", ""--frozen-lockfile""]",0,yarn compile,0,SUCCESS,node14-yarn1,14.21.3,98,0,61,de5c5c9021b78cd01abb9f7c033c71d8aec6a66cb56c38d6fb6de498659bc271,benchmarks/web3bugs/best_effort_build_runs/103/web3bugs-103-best-effort-20260814T183551Z-6669200ce4254baa96e43b171cb195c8/attempt_manifest.json
web3bugs-193-best-effort-20260814T183707Z-d04405de68174c5aaa3f36bcd82707b7,193,2026-08-14T18:37:07.081779+00:00,4.210598,"[""/home/vau3677/liu_coop/anonymized_repo_TOSEM/environment/toolchains/node/16.20.2/bin/node"", ""/home/vau3677/liu_coop/anonymized_repo_TOSEM/environment/toolchains/yarn/1.22.22/bin/yarn.js"", ""install"", ""--non-interactive"", ""--frozen-lockfile""]",0,forge build,1,BUILD_FAILURE,node16-yarn1,16.20.2,130,0,0,,benchmarks/web3bugs/best_effort_build_runs/193/web3bugs-193-best-effort-20260814T183707Z-d04405de68174c5aaa3f36bcd82707b7/attempt_manifest.json
web3bugs-192-best-effort-20260814T183704Z-87f45ab078574447b5619b68702cdcc4,192,2026-08-14T18:37:04.016716+00:00,33.542495,"[""/home/vau3677/liu_coop/anonymized_repo_TOSEM/environment/toolchains/node/16.20.2/bin/npm"", ""ci"", ""--no-audit"", ""--no-fund"", ""--legacy-peer-deps""]",0,npx hardhat compile,0,SUCCESS,node16-npm8,16.20.2,159,0,164,389d1113f9c39bd70c2b67fefa7f43ce1081bf3bb0d3cfa88779f22607a6ea09,benchmarks/web3bugs/best_effort_build_runs/192/web3bugs-192-best-effort-20260814T183704Z-87f45ab078574447b5619b68702cdcc4/attempt_manifest.json
web3bugs-123-best-effort-20260814T183644Z-ae129aa349ef4dbea39e68e7de5e6485,123,2026-08-14T18:36:44.957115+00:00,76.307164,"[""/home/vau3677/liu_coop/anonymized_repo_TOSEM/environment/toolchains/node/16.20.2/bin/node"", ""/home/vau3677/liu_coop/anonymized_repo_TOSEM/environment/toolchains/yarn/1.22.22/bin/yarn.js"", ""install"", ""--non-interactive"", ""--frozen-lockfile""]",0,yarn compile,0,SUCCESS,node16-yarn1,16.20.2,121,0,247,3f27033bebf04135bd983d44e706b42fbe86f639ae2bf17a9463b8c6c1cb9c37,benchmarks/web3bugs/best_effort_build_runs/123/web3bugs-123-best-effort-20260814T183644Z-ae129aa349ef4dbea39e68e7de5e6485/attempt_manifest.json
web3bugs-145-best-effort-20260814T183659Z-55d147de6d51486aa321837518f58bf0,145,2026-08-14T18:36:59.160461+00:00,75.062989,"[""/home/vau3677/liu_coop/anonymized_repo_TOSEM/environment/toolchains/node/16.20.2/bin/node"", ""/home/vau3677/liu_coop/anonymized_repo_TOSEM/environment/toolchains/yarn/1.22.22/bin/yarn.js"", ""install"", ""--non-interactive"", ""--frozen-lockfile""]",0,yarn build,0,SUCCESS,node16-yarn1,16.20.2,244,0,330,3d040f554ce409e5b46881d66edbef94077a621a8583b39cabdb710d88297ade,benchmarks/web3bugs/best_effort_build_runs/145/web3bugs-145-best-effort-20260814T183659Z-55d147de6d51486aa321837518f58bf0/attempt_manifest.json
web3bugs-8-best-effort-20260814T184030Z-09e970780fff45fab753a7d918c6265b,8,2026-08-14T18:40:30.187430+00:00,33.106885,"[""/home/vau3677/liu_coop/anonymized_repo_TOSEM/environment/toolchains/node/16.20.2/bin/node"", ""/home/vau3677/liu_coop/anonymized_repo_TOSEM/environment/toolchains/yarn/1.22.22/bin/yarn.js"", ""install"", ""--non-interactive"", ""--frozen-lockfile""]",0,npx hardhat compile,1,BUILD_FAILURE,node16-npm8,16.20.2,90,0,0,,benchmarks/web3bugs/best_effort_build_runs/8/web3bugs-8-best-effort-20260814T184030Z-09e970780fff45fab753a7d918c6265b/attempt_manifest.json
web3bugs-10-best-effort-20260814T184030Z-fb0576f124a44b9b9ea309df171eb002,10,2026-08-14T18:40:30.190833+00:00,39.550033,"[""/home/vau3677/liu_coop/anonymized_repo_TOSEM/environment/toolchains/node/16.20.2/bin/npm"", ""install"", ""--no-audit"", ""--no-fund"", ""--legacy-peer-deps""]",0,npm run compile,0,SUCCESS,node16-npm8,16.20.2,37,0,110,2ceeb5eaca29d4d90a38250d82a2edef7bc8f4d153e4c6d17a752a43363c01b2,benchmarks/web3bugs/best_effort_build_runs/10/web3bugs-10-best-effort-20260814T184030Z-fb0576f124a44b9b9ea309df171eb002/attempt_manifest.json
web3bugs-24-best-effort-20260814T184109Z-f610017a4237441cb2e2e367a458fd7e,24,2026-08-14T18:41:09.880499+00:00,0.569855,"[""/home/vau3677/liu_coop/anonymized_repo_TOSEM/environment/toolchains/node/16.20.2/bin/node"", ""/home/vau3677/liu_coop/anonymized_repo_TOSEM/environment/toolchains/yarn/1.22.22/bin/yarn.js"", ""install"", ""--non-interactive"", ""--frozen-lockfile""]",1,yarn compile,,DEPENDENCY_FAILURE,node16-npm8,16.20.2,53,0,0,,benchmarks/web3bugs/best_effort_build_runs/24/web3bugs-24-best-effort-20260814T184109Z-f610017a4237441cb2e2e367a458fd7e/attempt_manifest.json
web3bugs-16-best-effort-20260814T184030Z-e9e607ac191546c28688f38a70dcd360,16,2026-08-14T18:40:30.194048+00:00,95.500258,"[""/home/vau3677/liu_coop/anonymized_repo_TOSEM/environment/toolchains/node/16.20.2/bin/npm"", ""install"", ""--no-audit"", ""--no-fund"", ""--legacy-peer-deps""]",0,npm run compile,0,SUCCESS,node16-npm8,16.20.2,62,0,113,eaafaa2b353cdc3d17b0e382f002e6b8bd75b3db363afb864075553c9ce3efc6,benchmarks/web3bugs/best_effort_build_runs/16/web3bugs-16-best-effort-20260814T184030Z-e9e607ac191546c28688f38a70dcd360/attempt_manifest.json
web3bugs-24-best-effort-20260814T184103Z-43bdd6067f8940e3b4331c8644b8884e,24,2026-08-14T18:41:03.319334+00:00,65.25605,"[""/home/vau3677/liu_coop/anonymized_repo_TOSEM/environment/toolchains/node/16.20.2/bin/node"", ""/home/vau3677/liu_coop/anonymized_repo_TOSEM/environment/toolchains/yarn/1.22.22/bin/yarn.js"", ""install"", ""--non-interactive"", ""--frozen-lockfile""]",0,yarn compile,0,SUCCESS,node16-npm8,16.20.2,53,0,17,f2d2d68624ce2097456d67218b3ea1f676c58d95722c509b9df4d4ab73a44ee2,benchmarks/web3bugs/best_effort_build_runs/24/web3bugs-24-best-effort-20260814T184103Z-43bdd6067f8940e3b4331c8644b8884e/attempt_manifest.json
web3bugs-22-best-effort-20260814T184030Z-cf3918b2314d4058bf0ec8d3089c5808,22,2026-08-14T18:40:30.195420+00:00,103.052306,"[""/home/vau3677/liu_coop/anonymized_repo_TOSEM/environment/toolchains/node/16.20.2/bin/node"", ""/home/vau3677/liu_coop/anonymized_repo_TOSEM/environment/toolchains/yarn/1.22.22/bin/yarn.js"", ""install"", ""--non-interactive"", ""--frozen-lockfile""]",0,yarn compile,0,SUCCESS,node16-npm8,16.20.2,264,0,160,0b151734c9472a9d9957b42ba08f59a139f9bc6f6fecfa938fc2370ff6089c11,benchmarks/web3bugs/best_effort_build_runs/22/web3bugs-22-best-effort-20260814T184030Z-cf3918b2314d4058bf0ec8d3089c5808/attempt_manifest.json
web3bugs-27-best-effort-20260814T184110Z-fd5fd9190ea945d68702d68efbc76849,27,2026-08-14T18:41:10.512572+00:00,65.294535,"[""/home/vau3677/liu_coop/anonymized_repo_TOSEM/environment/toolchains/node/16.20.2/bin/npm"", ""ci"", ""--no-audit"", ""--no-fund"", ""--legacy-peer-deps""]",0,npx hardhat compile,1,BUILD_FAILURE,node16-npm8,16.20.2,288,0,0,,benchmarks/web3bugs/best_effort_build_runs/27/web3bugs-27-best-effort-20260814T184110Z-fd5fd9190ea945d68702d68efbc76849/attempt_manifest.json
web3bugs-31-best-effort-20260814T184213Z-727ab182d4d240e08381f5640f61c582,31,2026-08-14T18:42:13.329282+00:00,13.909582,"[""/home/vau3677/liu_coop/anonymized_repo_TOSEM/environment/toolchains/node/16.20.2/bin/node"", ""/home/vau3677/liu_coop/anonymized_repo_TOSEM/environment/toolchains/yarn/1.22.22/bin/yarn.js"", ""install"", ""--non-interactive"", ""--frozen-lockfile""]",0,brownie compile,0,SUCCESS,node16-npm8,16.20.2,293,0,93,c1b6569c01d5a5bb939cb5b0b6417530dd55b5c45f02a66dde01c672499a8ccd,benchmarks/web3bugs/best_effort_build_runs/31/web3bugs-31-best-effort-20260814T184213Z-727ab182d4d240e08381f5640f61c582/attempt_manifest.json
web3bugs-29-best-effort-20260814T184208Z-20c354cd3307452b8644bb52254c7c66,29,2026-08-14T18:42:08.620293+00:00,39.388688,"[""/home/vau3677/liu_coop/anonymized_repo_TOSEM/environment/toolchains/node/16.20.2/bin/node"", ""/home/vau3677/liu_coop/anonymized_repo_TOSEM/environment/toolchains/yarn/1.22.22/bin/yarn.js"", ""install"", ""--non-interactive"", ""--frozen-lockfile""]",1,yarn build,,DEPENDENCY_FAILURE,node16-npm8,16.20.2,83,0,0,,benchmarks/web3bugs/best_effort_build_runs/29/web3bugs-29-best-effort-20260814T184208Z-20c354cd3307452b8644bb52254c7c66/attempt_manifest.json
web3bugs-3-best-effort-20260814T184250Z-2ac771a58ac6426e8435106a3c2ac3ff,3,2026-08-14T18:42:50.953825+00:00,0.197917,,,/usr/bin/python3 /home/vau3677/liu_coop/anonymized_repo_TOSEM/runners/direct_solc_build.py --version 0.8.17,1,BUILD_FAILURE,node16-npm8,16.20.2,23,0,3,f29bb435462265d402073d32eafc35cd9bae3faaf5b4e06d12f29011ffa5c25b,benchmarks/web3bugs/best_effort_build_runs/3/web3bugs-3-best-effort-20260814T184250Z-2ac771a58ac6426e8435106a3c2ac3ff/attempt_manifest.json
web3bugs-7-best-effort-20260814T184250Z-28843795438e4709b1ee35aee646e4ea,7,2026-08-14T18:42:50.958152+00:00,0.205149,,,/usr/bin/python3 /home/vau3677/liu_coop/anonymized_repo_TOSEM/runners/direct_solc_build.py --version 0.6.12,1,BUILD_FAILURE,node16-npm8,16.20.2,32,0,3,ee12550598c133df4eeeb707c6e727515a9884bfad1f25bf6472af905c975d4a,benchmarks/web3bugs/best_effort_build_runs/7/web3bugs-7-best-effort-20260814T184250Z-28843795438e4709b1ee35aee646e4ea/attempt_manifest.json
web3bugs-6-best-effort-20260814T184250Z-36547743cb7845c092268e3299f5c154,6,2026-08-14T18:42:50.955733+00:00,0.433763,,,/usr/bin/python3 /home/vau3677/liu_coop/anonymized_repo_TOSEM/runners/direct_solc_build.py --version 0.7.6,0,SUCCESS,node16-npm8,16.20.2,2,0,3,a035af271d09abffb87609d15ad33904bec2546e43d8efd95fdb275563c62a2f,benchmarks/web3bugs/best_effort_build_runs/6/web3bugs-6-best-effort-20260814T184250Z-36547743cb7845c092268e3299f5c154/attempt_manifest.json
web3bugs-19-best-effort-20260814T184251Z-4e68445386de448fa2688d2a05deda3f,19,2026-08-14T18:42:51.257473+00:00,0.225432,,,/usr/bin/python3 /home/vau3677/liu_coop/anonymized_repo_TOSEM/runners/direct_solc_build.py --version 0.8.4,1,BUILD_FAILURE,node16-npm8,16.20.2,7,0,3,6a05f91d6a4de7c86ce75741d458c2988d0281e0ed65923166c14b53355ba364,benchmarks/web3bugs/best_effort_build_runs/19/web3bugs-19-best-effort-20260814T184251Z-4e68445386de448fa2688d2a05deda3f/attempt_manifest.json
web3bugs-20-best-effort-20260814T184251Z-0ffae0b893cd485e9c74a4a4799779ac,20,2026-08-14T18:42:51.306648+00:00,0.198387,,,/usr/bin/python3 /home/vau3677/liu_coop/anonymized_repo_TOSEM/runners/direct_solc_build.py --version 0.8.3,1,BUILD_FAILURE,node16-npm8,16.20.2,31,0,3,49808ad773a127b8636268b2b002809af529fb44373ed946138cebc820fabe42,benchmarks/web3bugs/best_effort_build_runs/20/web3bugs-20-best-effort-20260814T184251Z-0ffae0b893cd485e9c74a4a4799779ac/attempt_manifest.json
web3bugs-38-best-effort-20260814T184251Z-8d92b00052b14f19ad5e680556abd221,38,2026-08-14T18:42:51.413654+00:00,0.194424,,,/usr/bin/python3 /home/vau3677/liu_coop/anonymized_repo_TOSEM/runners/direct_solc_build.py --version 0.8.7,1,BUILD_FAILURE,node16-npm8,16.20.2,23,0,3,8f2165cfb4c2066bd58d3891a795fd650a1822e92c27189fef5497d7dcee75e0,benchmarks/web3bugs/best_effort_build_runs/38/web3bugs-38-best-effort-20260814T184251Z-8d92b00052b14f19ad5e680556abd221/attempt_manifest.json
web3bugs-55-best-effort-20260814T184251Z-32bb859fc2774acdb1c010cad18b3766,55,2026-08-14T18:42:51.514268+00:00,0.196762,,,/usr/bin/python3 /home/vau3677/liu_coop/anonymized_repo_TOSEM/runners/direct_solc_build.py --version 0.8.7,1,BUILD_FAILURE,node16-npm8,16.20.2,25,0,3,69e7118d8399494b2ff0fb3c80607018d2a22c4e83e628f655d553269d7ad94f,benchmarks/web3bugs/best_effort_build_runs/55/web3bugs-55-best-effort-20260814T184251Z-32bb859fc2774acdb1c010cad18b3766/attempt_manifest.json
web3bugs-80-best-effort-20260814T184251Z-1fb89655c80046f699748fa3862cba2f,80,2026-08-14T18:42:51.725757+00:00,0.228008,,,/usr/bin/python3 /home/vau3677/liu_coop/anonymized_repo_TOSEM/runners/direct_solc_build.py --version 0.8.6,1,BUILD_FAILURE,node16-npm8,16.20.2,51,0,3,452aa4a2c260664856d3b63e7b7d34106fc0975bdb342d4229520392c402bcac,benchmarks/web3bugs/best_effort_build_runs/80/web3bugs-80-best-effort-20260814T184251Z-1fb89655c80046f699748fa3862cba2f/attempt_manifest.json
web3bugs-62-best-effort-20260814T184251Z-5b7157da1b7e4af192dc2a2fa3a236b6,62,2026-08-14T18:42:51.626257+00:00,0.406141,,,/usr/bin/python3 /home/vau3677/liu_coop/anonymized_repo_TOSEM/runners/direct_solc_build.py --version 0.8.10,1,BUILD_FAILURE,node16-npm8,16.20.2,92,0,4,8849a244682a54dfa38c6369a9c6e3ebc3942a02ed2b3b9774bc23a59b1463fb,benchmarks/web3bugs/best_effort_build_runs/62/web3bugs-62-best-effort-20260814T184251Z-5b7157da1b7e4af192dc2a2fa3a236b6/attempt_manifest.json
web3bugs-18-best-effort-20260814T184250Z-3f58dfacfaf042449c2de99d9a8a2671,18,2026-08-14T18:42:50.960537+00:00,1.179445,,,/usr/bin/python3 /home/vau3677/liu_coop/anonymized_repo_TOSEM/runners/direct_solc_build.py --version 0.8.17,0,SUCCESS,node16-npm8,16.20.2,31,0,3,05bd110bdc7d3db4d1f3afc952d6b7a1b4e5432588d6aede4995763f9ee21e0c,benchmarks/web3bugs/best_effort_build_runs/18/web3bugs-18-best-effort-20260814T184250Z-3f58dfacfaf042449c2de99d9a8a2671/attempt_manifest.json
web3bugs-125-best-effort-20260814T184252Z-23152484a769464fa6b9f19334d02c59,125,2026-08-14T18:42:52.037833+00:00,0.220526,,,/usr/bin/python3 /home/vau3677/liu_coop/anonymized_repo_TOSEM/runners/direct_solc_build.py --version 0.6.12,1,BUILD_FAILURE,node16-npm8,16.20.2,6,0,3,26deeb847c11337d3201c5ad7c50d1993c20391a6953e14622c2bba637703f43,benchmarks/web3bugs/best_effort_build_runs/125/web3bugs-125-best-effort-20260814T184252Z-23152484a769464fa6b9f19334d02c59/attempt_manifest.json
web3bugs-90-best-effort-20260814T184251Z-b7bb7451467b4bb4bef7fcb32df8c94b,90,2026-08-14T18:42:51.971483+00:00,0.354073,,,/usr/bin/python3 /home/vau3677/liu_coop/anonymized_repo_TOSEM/runners/direct_solc_build.py --version 0.8.17,1,BUILD_FAILURE,node16-npm8,16.20.2,48,0,3,380fd8bd9dca208b88d80ba8a964385111bc166f555999f280d5f7922d210295,benchmarks/web3bugs/best_effort_build_runs/90/web3bugs-90-best-effort-20260814T184251Z-b7bb7451467b4bb4bef7fcb32df8c94b/attempt_manifest.json
web3bugs-39-best-effort-20260814T184251Z-7ac3b408d50b4b0885ea010ba7a97920,39,2026-08-14T18:42:51.498422+00:00,1.308216,,,/usr/bin/python3 /home/vau3677/liu_coop/anonymized_repo_TOSEM/runners/direct_solc_build.py --version 0.8.4,0,SUCCESS,node16-npm8,16.20.2,228,0,53,64fe98e81a9e78ff431e1545c19ba4e043d7cb3a7bf663b115755fabcc71fed0,benchmarks/web3bugs/best_effort_build_runs/39/web3bugs-39-best-effort-20260814T184251Z-7ac3b408d50b4b0885ea010ba7a97920/attempt_manifest.json
web3bugs-28-best-effort-20260814T184205Z-1e127ffedd784c6e8dce03654f3b02ee,28,2026-08-14T18:42:05.751961+00:00,65.022506,"[""/home/vau3677/liu_coop/anonymized_repo_TOSEM/environment/toolchains/node/16.20.2/bin/npm"", ""install"", ""--no-audit"", ""--no-fund"", ""--legacy-peer-deps""]",0,npm run build,1,BUILD_FAILURE,node16-npm8,16.20.2,283,0,0,,benchmarks/web3bugs/best_effort_build_runs/28/web3bugs-28-best-effort-20260814T184205Z-1e127ffedd784c6e8dce03654f3b02ee/attempt_manifest.json
web3bugs-34-best-effort-20260814T184215Z-0fbdf9064a8a49809cf5cf5c722606da,34,2026-08-14T18:42:15.887713+00:00,59.298007,"[""/home/vau3677/liu_coop/anonymized_repo_TOSEM/environment/toolchains/node/16.20.2/bin/node"", ""/home/vau3677/liu_coop/anonymized_repo_TOSEM/environment/toolchains/yarn/1.22.22/bin/yarn.js"", ""install"", ""--non-interactive"", ""--frozen-lockfile""]",0,yarn compile,0,SUCCESS,node16-npm8,16.20.2,166,0,157,ab7bc0e0ff2a434150c4dbcb46e5af6cd16040f9541b8fc14b3e1b19dab7478c,benchmarks/web3bugs/best_effort_build_runs/34/web3bugs-34-best-effort-20260814T184215Z-0fbdf9064a8a49809cf5cf5c722606da/attempt_manifest.json
web3bugs-34-best-effort-20260814T184227Z-47d78ad4eaea445488a742c79c3dd675,34,2026-08-14T18:42:27.410135+00:00,51.485808,"[""/home/vau3677/liu_coop/anonymized_repo_TOSEM/environment/toolchains/node/16.20.2/bin/node"", ""/home/vau3677/liu_coop/anonymized_repo_TOSEM/environment/toolchains/yarn/1.22.22/bin/yarn.js"", ""install"", ""--non-interactive"", ""--frozen-lockfile""]",0,yarn compile,0,SUCCESS,node16-npm8,16.20.2,166,0,55,9b5e8a165fa14bc6ec596c325397707b0e229390ab8be8d9fc8b246be6ef3cdf,benchmarks/web3bugs/best_effort_build_runs/34/web3bugs-34-best-effort-20260814T184227Z-47d78ad4eaea445488a742c79c3dd675/attempt_manifest.json
web3bugs-34-best-effort-20260814T184248Z-63427add3d184477ba7e62e024cd1721,34,2026-08-14T18:42:48.120743+00:00,54.560822,"[""/home/vau3677/liu_coop/anonymized_repo_TOSEM/environment/toolchains/node/16.20.2/bin/node"", ""/home/vau3677/liu_coop/anonymized_repo_TOSEM/environment/toolchains/yarn/1.22.22/bin/yarn.js"", ""install"", ""--non-interactive"", ""--frozen-lockfile""]",0,yarn compile,0,SUCCESS,node16-npm8,16.20.2,166,0,53,8b6b2be9819e72c7b5a7e4af933f1ab13d0feea5495a1c7f007eccfffc830929,benchmarks/web3bugs/best_effort_build_runs/34/web3bugs-34-best-effort-20260814T184248Z-63427add3d184477ba7e62e024cd1721/attempt_manifest.json
web3bugs-35-best-effort-20260814T184310Z-1606296ddce549dd930069b4e6a9948a,35,2026-08-14T18:43:10.837068+00:00,44.028599,"[""/home/vau3677/liu_coop/anonymized_repo_TOSEM/environment/toolchains/node/16.20.2/bin/node"", ""/home/vau3677/liu_coop/anonymized_repo_TOSEM/environment/toolchains/yarn/1.22.22/bin/yarn.js"", ""install"", ""--non-interactive"", ""--frozen-lockfile""]",1,yarn build,,DEPENDENCY_FAILURE,node16-npm8,16.20.2,147,0,0,,benchmarks/web3bugs/best_effort_build_runs/35/web3bugs-35-best-effort-20260814T184310Z-1606296ddce549dd930069b4e6a9948a/attempt_manifest.json
web3bugs-36-best-effort-20260814T184315Z-6b9b17e00ed94f4cb25641895e6bd115,36,2026-08-14T18:43:15.373912+00:00,41.823557,"[""/home/vau3677/liu_coop/anonymized_repo_TOSEM/environment/toolchains/node/16.20.2/bin/npm"", ""install"", ""--no-audit"", ""--no-fund"", ""--legacy-peer-deps""]",0,npx hardhat compile,0,SUCCESS,node16-npm8,16.20.2,16,0,45,cd0dbb45093eefe50bd13fb445f0aac4ed52333e537d434c76781ed720f40db1,benchmarks/web3bugs/best_effort_build_runs/36/web3bugs-36-best-effort-20260814T184315Z-6b9b17e00ed94f4cb25641895e6bd115/attempt_manifest.json
web3bugs-41-best-effort-20260814T184319Z-c0ff15dda48c4e4395acf25c549997d9,41,2026-08-14T18:43:19.040160+00:00,39.586615,"[""/home/vau3677/liu_coop/anonymized_repo_TOSEM/environment/toolchains/node/16.20.2/bin/npm"", ""install"", ""--no-audit"", ""--no-fund"", ""--legacy-peer-deps""]",0,npx hardhat compile,0,SUCCESS,node16-npm8,16.20.2,16,0,47,6ff8e50d61c68b839b1447bfdb3403affd911d0758cb29ddec822bc823ee76de,benchmarks/web3bugs/best_effort_build_runs/41/web3bugs-41-best-effort-20260814T184319Z-c0ff15dda48c4e4395acf25c549997d9/attempt_manifest.json
web3bugs-42-best-effort-20260814T184342Z-8af9887857dd4da5a1cbc3441cad96d4,42,2026-08-14T18:43:42.839847+00:00,55.228552,"[""/home/vau3677/liu_coop/anonymized_repo_TOSEM/environment/toolchains/node/16.20.2/bin/npm"", ""install"", ""--no-audit"", ""--no-fund"", ""--legacy-peer-deps""]",1,npm run compile,,DEPENDENCY_FAILURE,node16-npm8,16.20.2,430,0,0,,benchmarks/web3bugs/best_effort_build_runs/42/web3bugs-42-best-effort-20260814T184342Z-8af9887857dd4da5a1cbc3441cad96d4/attempt_manifest.json
web3bugs-51-best-effort-20260814T184438Z-7ebf23b0329f4babbeb43aedd2854350,51,2026-08-14T18:44:38.252924+00:00,2.939574,"[""/home/vau3677/liu_coop/anonymized_repo_TOSEM/environment/toolchains/node/16.20.2/bin/node"", ""/home/vau3677/liu_coop/anonymized_repo_TOSEM/environment/toolchains/yarn/1.22.22/bin/yarn.js"", ""install"", ""--non-interactive"", ""--frozen-lockfile""]",1,npx truffle compile,,DEPENDENCY_FAILURE,node16-npm8,16.20.2,278,0,42,d27a08e3e91cc97270337399f057a7290d3e07b17e089f6e0d79f39d3908bbff,benchmarks/web3bugs/best_effort_build_runs/51/web3bugs-51-best-effort-20260814T184438Z-7ebf23b0329f4babbeb43aedd2854350/attempt_manifest.json
web3bugs-42-best-effort-20260814T184354Z-935c71a5e5a748a3aa850a3bda997fc7,42,2026-08-14T18:43:54.924144+00:00,52.307435,"[""/home/vau3677/liu_coop/anonymized_repo_TOSEM/environment/toolchains/node/16.20.2/bin/npm"", ""install"", ""--no-audit"", ""--no-fund"", ""--legacy-peer-deps""]",1,npm run compile,,DEPENDENCY_FAILURE,node16-npm8,16.20.2,430,0,0,,benchmarks/web3bugs/best_effort_build_runs/42/web3bugs-42-best-effort-20260814T184354Z-935c71a5e5a748a3aa850a3bda997fc7/attempt_manifest.json
web3bugs-42-best-effort-20260814T184357Z-265d1b9409674a4fa46cdcae01da0e2d,42,2026-08-14T18:43:57.237235+00:00,50.532172,"[""/home/vau3677/liu_coop/anonymized_repo_TOSEM/environment/toolchains/node/16.20.2/bin/npm"", ""install"", ""--no-audit"", ""--no-fund"", ""--legacy-peer-deps""]",0,npm run compile,1,BUILD_FAILURE,node16-npm8,16.20.2,430,0,0,,benchmarks/web3bugs/best_effort_build_runs/42/web3bugs-42-best-effort-20260814T184357Z-265d1b9409674a4fa46cdcae01da0e2d/attempt_manifest.json
web3bugs-57-best-effort-20260814T184447Z-8ac0b7ab34ec4f2fb8b7b74fb7aca422,57,2026-08-14T18:44:47.812701+00:00,2.222776,"[""/home/vau3677/liu_coop/anonymized_repo_TOSEM/environment/toolchains/node/16.20.2/bin/npm"", ""ci"", ""--no-audit"", ""--no-fund"", ""--legacy-peer-deps""]",1,npm run compile,,DEPENDENCY_FAILURE,node16-npm8,16.20.2,49,0,0,,benchmarks/web3bugs/best_effort_build_runs/57/web3bugs-57-best-effort-20260814T184447Z-8ac0b7ab34ec4f2fb8b7b74fb7aca422/attempt_manifest.json
web3bugs-51-best-effort-20260814T184358Z-7d6f3bb91943464eb4f42ddd68e7603c,51,2026-08-14T18:43:58.678562+00:00,65.92722,"[""/home/vau3677/liu_coop/anonymized_repo_TOSEM/environment/toolchains/node/16.20.2/bin/npm"", ""ci"", ""--no-audit"", ""--no-fund"", ""--legacy-peer-deps""]",1,npm run build,,DEPENDENCY_FAILURE,node16-npm8,16.20.2,278,0,42,d27a08e3e91cc97270337399f057a7290d3e07b17e089f6e0d79f39d3908bbff,benchmarks/web3bugs/best_effort_build_runs/51/web3bugs-51-best-effort-20260814T184358Z-7d6f3bb91943464eb4f42ddd68e7603c/attempt_manifest.json
web3bugs-51-best-effort-20260814T184441Z-7e61f807c48546f19050653eff0bd261,51,2026-08-14T18:44:41.271567+00:00,38.956269,"[""/home/vau3677/liu_coop/anonymized_repo_TOSEM/environment/toolchains/node/16.20.2/bin/npm"", ""install"", ""--no-audit"", ""--no-fund"", ""--legacy-peer-deps""]",0,npm run compile,0,SUCCESS,node16-npm8,16.20.2,278,0,101,85b52cef906d5b2660cb63da871ed6c7a0eb48935049b4522d0bb3095df289f4,benchmarks/web3bugs/best_effort_build_runs/51/web3bugs-51-best-effort-20260814T184441Z-7e61f807c48546f19050653eff0bd261/attempt_manifest.json
web3bugs-58-best-effort-20260814T184504Z-d09fc6bf72824718a41fac23d2861d4b,58,2026-08-14T18:45:04.927853+00:00,15.525332,,,brownie compile,1,BUILD_FAILURE,node16-npm8,16.20.2,278,0,0,,benchmarks/web3bugs/best_effort_build_runs/58/web3bugs-58-best-effort-20260814T184504Z-d09fc6bf72824718a41fac23d2861d4b/attempt_manifest.json
web3bugs-58-best-effort-20260814T184450Z-2c9a5292db224abc9289f740a4ab8683,58,2026-08-14T18:44:50.108495+00:00,47.935553,"[""/home/vau3677/liu_coop/anonymized_repo_TOSEM/environment/toolchains/node/16.20.2/bin/npm"", ""install"", ""--no-audit"", ""--no-fund"", ""--legacy-peer-deps""]",0,npm run compile,1,BUILD_FAILURE,node16-npm8,16.20.2,278,0,0,,benchmarks/web3bugs/best_effort_build_runs/58/web3bugs-58-best-effort-20260814T184450Z-2c9a5292db224abc9289f740a4ab8683/attempt_manifest.json
web3bugs-59-best-effort-20260814T184520Z-14194840eaf64c948bd42a51af2ff75a,59,2026-08-14T18:45:20.441805+00:00,49.477305,"[""/home/vau3677/liu_coop/anonymized_repo_TOSEM/environment/toolchains/node/16.20.2/bin/node"", ""/home/vau3677/liu_coop/anonymized_repo_TOSEM/environment/toolchains/yarn/1.22.22/bin/yarn.js"", ""install"", ""--non-interactive"", ""--frozen-lockfile""]",0,npx hardhat compile,1,BUILD_FAILURE,node16-npm8,16.20.2,180,0,0,,benchmarks/web3bugs/best_effort_build_runs/59/web3bugs-59-best-effort-20260814T184520Z-14194840eaf64c948bd42a51af2ff75a/attempt_manifest.json
web3bugs-54-best-effort-20260814T184447Z-afef722657cd412ebad149267e5d926c,54,2026-08-14T18:44:47.338056+00:00,88.356143,"[""/home/vau3677/liu_coop/anonymized_repo_TOSEM/environment/toolchains/node/16.20.2/bin/node"", ""/home/vau3677/liu_coop/anonymized_repo_TOSEM/environment/toolchains/yarn/1.22.22/bin/yarn.js"", ""install"", ""--non-interactive"", ""--frozen-lockfile""]",0,yarn build,0,SUCCESS,node16-npm8,16.20.2,233,0,234,4b72c28c00e2a18f962c2bccf9edab1300c5dd4cef405f3e57d4a1b8c17d0473,benchmarks/web3bugs/best_effort_build_runs/54/web3bugs-54-best-effort-20260814T184447Z-afef722657cd412ebad149267e5d926c/attempt_manifest.json
web3bugs-60-best-effort-20260814T184520Z-c72943250bdb4867874dfb2f1a33d1f3,60,2026-08-14T18:45:20.472670+00:00,58.272756,"[""/home/vau3677/liu_coop/anonymized_repo_TOSEM/environment/toolchains/node/16.20.2/bin/node"", ""/home/vau3677/liu_coop/anonymized_repo_TOSEM/environment/toolchains/yarn/1.22.22/bin/yarn.js"", ""install"", ""--non-interactive"", ""--frozen-lockfile""]",1,yarn compile,,DEPENDENCY_FAILURE,node16-npm8,16.20.2,71,0,93,eb2cf4f2f80222819281d2072d33d42bec1cceee7a1a0dc7bf220c9141227add,benchmarks/web3bugs/best_effort_build_runs/60/web3bugs-60-best-effort-20260814T184520Z-c72943250bdb4867874dfb2f1a33d1f3/attempt_manifest.json
web3bugs-65-best-effort-20260814T184618Z-dab80f8560204039a3c705bcb3801399,65,2026-08-14T18:46:18.932072+00:00,7.424173,,,npx hardhat compile,1,BUILD_FAILURE,node16-npm8,16.20.2,41,0,0,,benchmarks/web3bugs/best_effort_build_runs/65/web3bugs-65-best-effort-20260814T184618Z-dab80f8560204039a3c705bcb3801399/attempt_manifest.json
web3bugs-61-best-effort-20260814T184538Z-447d583976c2486caba1d78960cecd33,61,2026-08-14T18:45:38.171044+00:00,71.115411,"[""/home/vau3677/liu_coop/anonymized_repo_TOSEM/environment/toolchains/node/14.21.3/bin/npm"", ""ci"", ""--no-audit"", ""--no-fund""]",0,npm run compile,0,SUCCESS,node14-npm6,14.21.3,133,0,175,0a41856748bf2ed3452261bbd25dc1379b18cf0fba274db48d23550580fb1320,benchmarks/web3bugs/best_effort_build_runs/61/web3bugs-61-best-effort-20260814T184538Z-447d583976c2486caba1d78960cecd33/attempt_manifest.json
web3bugs-69-best-effort-20260814T184649Z-4758cbcfe49f47fba11ee91679e91d8a,69,2026-08-14T18:46:49.341634+00:00,3.66517,"[""/home/vau3677/liu_coop/anonymized_repo_TOSEM/environment/toolchains/node/16.20.2/bin/node"", ""/home/vau3677/liu_coop/anonymized_repo_TOSEM/environment/toolchains/yarn/1.22.22/bin/yarn.js"", ""install"", ""--non-interactive"", ""--frozen-lockfile""]",1,npx hardhat compile,,DEPENDENCY_FAILURE,node16-npm8,16.20.2,162,0,0,,benchmarks/web3bugs/best_effort_build_runs/69/web3bugs-69-best-effort-20260814T184649Z-4758cbcfe49f47fba11ee91679e91d8a/attempt_manifest.json
web3bugs-64-best-effort-20260814T184609Z-3653412ca4c74ce4b0af626784d37dcf,64,2026-08-14T18:46:09.970958+00:00,57.764131,"[""/home/vau3677/liu_coop/anonymized_repo_TOSEM/environment/toolchains/node/16.20.2/bin/node"", ""/home/vau3677/liu_coop/anonymized_repo_TOSEM/environment/toolchains/yarn/1.22.22/bin/yarn.js"", ""install"", ""--non-interactive"", ""--frozen-lockfile""]",0,yarn compile,0,SUCCESS,node16-npm8,16.20.2,170,0,161,33b25277b6a1d5c1352d8ed65ceab195e69083d79fb16bc66075e2806f73617d,benchmarks/web3bugs/best_effort_build_runs/64/web3bugs-64-best-effort-20260814T184609Z-3653412ca4c74ce4b0af626784d37dcf/attempt_manifest.json
web3bugs-64-best-effort-20260814T184615Z-f46b5e5fc0cc402c8491c484a88344ac,64,2026-08-14T18:46:15.937027+00:00,55.384671,"[""/home/vau3677/liu_coop/anonymized_repo_TOSEM/environment/toolchains/node/16.20.2/bin/node"", ""/home/vau3677/liu_coop/anonymized_repo_TOSEM/environment/toolchains/yarn/1.22.22/bin/yarn.js"", ""install"", ""--non-interactive"", ""--frozen-lockfile""]",0,yarn compile,0,SUCCESS,node16-npm8,16.20.2,170,0,145,7258fd60a98bdccda9994f4b65e6024b2e01f2f406fe45328973a0c435f3bc92,benchmarks/web3bugs/best_effort_build_runs/64/web3bugs-64-best-effort-20260814T184615Z-f46b5e5fc0cc402c8491c484a88344ac/attempt_manifest.json
web3bugs-67-best-effort-20260814T184626Z-b394abaa34d2437cbadf3d5b3a96288f,67,2026-08-14T18:46:26.562936+00:00,66.835481,"[""/home/vau3677/liu_coop/anonymized_repo_TOSEM/environment/toolchains/node/16.20.2/bin/node"", ""/home/vau3677/liu_coop/anonymized_repo_TOSEM/environment/toolchains/yarn/1.22.22/bin/yarn.js"", ""install"", ""--non-interactive"", ""--frozen-lockfile""]",0,yarn compile,0,SUCCESS,node16-npm8,16.20.2,83,0,85,d19bd10509c23273417af53c30aec8d6948488c7e1ec818080d0816866413498,benchmarks/web3bugs/best_effort_build_runs/67/web3bugs-67-best-effort-20260814T184626Z-b394abaa34d2437cbadf3d5b3a96288f/attempt_manifest.json
web3bugs-72-best-effort-20260814T184653Z-98e7d52465814259916a408df9f54f8f,72,2026-08-14T18:46:53.202806+00:00,41.951048,"[""/home/vau3677/liu_coop/anonymized_repo_TOSEM/environment/toolchains/node/16.20.2/bin/npm"", ""ci"", ""--no-audit"", ""--no-fund"", ""--legacy-peer-deps""]",0,npx truffle compile,1,BUILD_FAILURE,node16-npm8,16.20.2,140,0,0,,benchmarks/web3bugs/best_effort_build_runs/72/web3bugs-72-best-effort-20260814T184653Z-98e7d52465814259916a408df9f54f8f/attempt_manifest.json
web3bugs-74-best-effort-20260814T184733Z-da3558558bbe4e9bba034771e972c0a4,74,2026-08-14T18:47:33.506281+00:00,22.817786,"[""/home/vau3677/liu_coop/anonymized_repo_TOSEM/environment/toolchains/node/16.20.2/bin/node"", ""/home/vau3677/liu_coop/anonymized_repo_TOSEM/environment/toolchains/yarn/1.22.22/bin/yarn.js"", ""install"", ""--non-interactive"", ""--frozen-lockfile""]",1,yarn compile,,DEPENDENCY_FAILURE,node16-npm8,16.20.2,224,0,0,,benchmarks/web3bugs/best_effort_build_runs/74/web3bugs-74-best-effort-20260814T184733Z-da3558558bbe4e9bba034771e972c0a4/attempt_manifest.json
web3bugs-73-best-effort-20260814T184707Z-e0f79db8c04c4ddb933e8f432791666e,73,2026-08-14T18:47:07.903072+00:00,53.646567,"[""/home/vau3677/liu_coop/anonymized_repo_TOSEM/environment/toolchains/node/16.20.2/bin/node"", ""/home/vau3677/liu_coop/anonymized_repo_TOSEM/environment/toolchains/yarn/1.22.22/bin/yarn.js"", ""install"", ""--non-interactive"", ""--frozen-lockfile""]",1,yarn compile,,DEPENDENCY_FAILURE,node16-npm8,16.20.2,260,0,0,,benchmarks/web3bugs/best_effort_build_runs/73/web3bugs-73-best-effort-20260814T184707Z-e0f79db8c04c4ddb933e8f432791666e/attempt_manifest.json
web3bugs-73-best-effort-20260814T184711Z-3b1f8785d034492a8f6c1a1d892397e7,73,2026-08-14T18:47:11.417436+00:00,54.510752,"[""/home/vau3677/liu_coop/anonymized_repo_TOSEM/environment/toolchains/node/16.20.2/bin/node"", ""/home/vau3677/liu_coop/anonymized_repo_TOSEM/environment/toolchains/yarn/1.22.22/bin/yarn.js"", ""install"", ""--non-interactive"", ""--frozen-lockfile""]",1,yarn compile,,DEPENDENCY_FAILURE,node16-npm8,16.20.2,260,0,0,,benchmarks/web3bugs/best_effort_build_runs/73/web3bugs-73-best-effort-20260814T184711Z-3b1f8785d034492a8f6c1a1d892397e7/attempt_manifest.json
web3bugs-74-best-effort-20260814T184735Z-48402f06a0fb42ad944e26b4a84dcdb3,74,2026-08-14T18:47:35.281292+00:00,34.412533,"[""/home/vau3677/liu_coop/anonymized_repo_TOSEM/environment/toolchains/node/16.20.2/bin/node"", ""/home/vau3677/liu_coop/anonymized_repo_TOSEM/environment/toolchains/yarn/1.22.22/bin/yarn.js"", ""install"", ""--non-interactive"", ""--frozen-lockfile""]",1,yarn compile,,DEPENDENCY_FAILURE,node16-npm8,16.20.2,224,0,0,,benchmarks/web3bugs/best_effort_build_runs/74/web3bugs-74-best-effort-20260814T184735Z-48402f06a0fb42ad944e26b4a84dcdb3/attempt_manifest.json
web3bugs-81-best-effort-20260814T184809Z-7af44fce6b764b7bb60dd9da5227252d,81,2026-08-14T18:48:09.771910+00:00,13.114921,"[""/home/vau3677/liu_coop/anonymized_repo_TOSEM/environment/toolchains/node/16.20.2/bin/node"", ""/home/vau3677/liu_coop/anonymized_repo_TOSEM/environment/toolchains/yarn/1.22.22/bin/yarn.js"", ""install"", ""--non-interactive"", ""--frozen-lockfile""]",0,npx hardhat compile,1,BUILD_FAILURE,node16-yarn1,16.20.2,63,0,0,,benchmarks/web3bugs/best_effort_build_runs/81/web3bugs-81-best-effort-20260814T184809Z-7af44fce6b764b7bb60dd9da5227252d/attempt_manifest.json
web3bugs-75-best-effort-20260814T184756Z-9c290296ee88495c846c7b653336fce7,75,2026-08-14T18:47:56.429689+00:00,43.262873,"[""/home/vau3677/liu_coop/anonymized_repo_TOSEM/environment/toolchains/node/16.20.2/bin/npm"", ""install"", ""--no-audit"", ""--no-fund"", ""--legacy-peer-deps""]",0,npm run compile,1,BUILD_FAILURE,node16-npm8,16.20.2,36,0,0,,benchmarks/web3bugs/best_effort_build_runs/75/web3bugs-75-best-effort-20260814T184756Z-9c290296ee88495c846c7b653336fce7/attempt_manifest.json
web3bugs-79-best-effort-20260814T184806Z-577a4a26b8fc49a6ba05f7ffd1b24083,79,2026-08-14T18:48:06.071321+00:00,35.866995,"[""/home/vau3677/liu_coop/anonymized_repo_TOSEM/environment/toolchains/node/16.20.2/bin/node"", ""/home/vau3677/liu_coop/anonymized_repo_TOSEM/environment/toolchains/yarn/1.22.22/bin/yarn.js"", ""install"", ""--non-interactive"", ""--frozen-lockfile""]",0,npx hardhat compile,0,SUCCESS,node16-yarn1,16.20.2,60,0,53,de64403156d632f514c4e92527bd62323d61baac292e6a9ae83a05b12b352bef,benchmarks/web3bugs/best_effort_build_runs/79/web3bugs-79-best-effort-20260814T184806Z-577a4a26b8fc49a6ba05f7ffd1b24083/attempt_manifest.json
web3bugs-77-best-effort-20260814T184801Z-f12249b3cd024b52ba1848dbe237147a,77,2026-08-14T18:48:01.580870+00:00,48.133213,"[""/home/vau3677/liu_coop/anonymized_repo_TOSEM/environment/toolchains/node/16.20.2/bin/node"", ""/home/vau3677/liu_coop/anonymized_repo_TOSEM/environment/toolchains/yarn/1.22.22/bin/yarn.js"", ""install"", ""--non-interactive"", ""--frozen-lockfile""]",0,yarn compile,0,SUCCESS,node16-npm8,16.20.2,51,0,33,270e9c547432cf18a12b2c631e198edfe59f1f2ce9c095dc212f98074c03171c,benchmarks/web3bugs/best_effort_build_runs/77/web3bugs-77-best-effort-20260814T184801Z-f12249b3cd024b52ba1848dbe237147a/attempt_manifest.json
web3bugs-96-best-effort-20260814T184839Z-b862acff099347f3952ec387ae3c9df0,96,2026-08-14T18:48:39.757137+00:00,21.746536,"[""/home/vau3677/liu_coop/anonymized_repo_TOSEM/environment/toolchains/node/16.20.2/bin/node"", ""/home/vau3677/liu_coop/anonymized_repo_TOSEM/environment/toolchains/yarn/1.22.22/bin/yarn.js"", ""install"", ""--non-interactive"", ""--frozen-lockfile""]",1,yarn compile,,DEPENDENCY_FAILURE,node16-npm8,16.20.2,282,0,4,6130c9389567a0f5f6af3b913954552a972ab8c5c017b234aafed3f38a9151c0,benchmarks/web3bugs/best_effort_build_runs/96/web3bugs-96-best-effort-20260814T184839Z-b862acff099347f3952ec387ae3c9df0/attempt_manifest.json
web3bugs-89-best-effort-20260814T184823Z-a87c3776ca144b5d8617339f647c927a,89,2026-08-14T18:48:23.059489+00:00,46.642592,"[""/home/vau3677/liu_coop/anonymized_repo_TOSEM/environment/toolchains/node/16.20.2/bin/npm"", ""ci"", ""--no-audit"", ""--no-fund"", ""--legacy-peer-deps""]",0,npm run compile,0,SUCCESS,node16-npm8,16.20.2,30,0,169,b046ba41ba4046bd65809d6d7e103b0603e7a316e9284d35c5b1d2da0af536f0,benchmarks/web3bugs/best_effort_build_runs/89/web3bugs-89-best-effort-20260814T184823Z-a87c3776ca144b5d8617339f647c927a/attempt_manifest.json
web3bugs-104-best-effort-20260814T184909Z-db861a1da0674c038a1a7278e12143b5,104,2026-08-14T18:49:09.847777+00:00,3.166029,"[""/home/vau3677/liu_coop/anonymized_repo_TOSEM/environment/toolchains/node/16.20.2/bin/node"", ""/home/vau3677/liu_coop/anonymized_repo_TOSEM/environment/toolchains/yarn/1.22.22/bin/yarn.js"", ""install"", ""--non-interactive"", ""--frozen-lockfile""]",1,npx hardhat compile,,DEPENDENCY_FAILURE,node16-npm8,16.20.2,82,0,0,,benchmarks/web3bugs/best_effort_build_runs/104/web3bugs-104-best-effort-20260814T184909Z-db861a1da0674c038a1a7278e12143b5/attempt_manifest.json
web3bugs-96-best-effort-20260814T184842Z-b06dbdb3d6684234bf7b984f8afb5cd9,96,2026-08-14T18:48:42.002602+00:00,35.977156,"[""/home/vau3677/liu_coop/anonymized_repo_TOSEM/environment/toolchains/node/16.20.2/bin/node"", ""/home/vau3677/liu_coop/anonymized_repo_TOSEM/environment/toolchains/yarn/1.22.22/bin/yarn.js"", ""install"", ""--non-interactive"", ""--frozen-lockfile""]",1,yarn compile,,DEPENDENCY_FAILURE,node16-npm8,16.20.2,282,0,4,6130c9389567a0f5f6af3b913954552a972ab8c5c017b234aafed3f38a9151c0,benchmarks/web3bugs/best_effort_build_runs/96/web3bugs-96-best-effort-20260814T184842Z-b06dbdb3d6684234bf7b984f8afb5cd9/attempt_manifest.json
web3bugs-104-best-effort-20260814T184918Z-00f3cb29846c40ebb209d3b1d495d3b6,104,2026-08-14T18:49:18.162916+00:00,2.262227,"[""/home/vau3677/liu_coop/anonymized_repo_TOSEM/environment/toolchains/node/16.20.2/bin/node"", ""/home/vau3677/liu_coop/anonymized_repo_TOSEM/environment/toolchains/yarn/1.22.22/bin/yarn.js"", ""install"", ""--non-interactive"", ""--frozen-lockfile""]",1,npx hardhat compile,,DEPENDENCY_FAILURE,node16-npm8,16.20.2,82,0,0,,benchmarks/web3bugs/best_effort_build_runs/104/web3bugs-104-best-effort-20260814T184918Z-00f3cb29846c40ebb209d3b1d495d3b6/attempt_manifest.json
web3bugs-101-best-effort-20260814T184901Z-32c23791bc374933afa57f08f2e6cd83,101,2026-08-14T18:49:01.661912+00:00,42.464224,"[""/home/vau3677/liu_coop/anonymized_repo_TOSEM/environment/toolchains/node/16.20.2/bin/npm"", ""ci"", ""--no-audit"", ""--no-fund"", ""--legacy-peer-deps""]",1,npm run compile,,DEPENDENCY_FAILURE,node16-npm8,16.20.2,231,0,0,,benchmarks/web3bugs/best_effort_build_runs/101/web3bugs-101-best-effort-20260814T184901Z-32c23791bc374933afa57f08f2e6cd83/attempt_manifest.json
web3bugs-104-best-effort-20260814T184913Z-4d6c750e270c4adb9dfef42daa777b54,104,2026-08-14T18:49:13.172605+00:00,36.131804,"[""/home/vau3677/liu_coop/anonymized_repo_TOSEM/environment/toolchains/node/16.20.2/bin/npm"", ""ci"", ""--no-audit"", ""--no-fund"", ""--legacy-peer-deps""]",0,npx hardhat compile,0,SUCCESS,node16-npm8,16.20.2,82,0,31,cdc0d12d8dea4c449e9fabfe49b1c6aa918e798acd1adb14ffc9955340d70274,benchmarks/web3bugs/best_effort_build_runs/104/web3bugs-104-best-effort-20260814T184913Z-4d6c750e270c4adb9dfef42daa777b54/attempt_manifest.json
web3bugs-98-best-effort-20260814T184849Z-1bbab1b5c1d74646ae0b7f58aab3cb24,98,2026-08-14T18:48:49.857526+00:00,70.004036,"[""/home/vau3677/liu_coop/anonymized_repo_TOSEM/environment/toolchains/node/16.20.2/bin/node"", ""/home/vau3677/liu_coop/anonymized_repo_TOSEM/environment/toolchains/yarn/1.22.22/bin/yarn.js"", ""install"", ""--non-interactive"", ""--frozen-lockfile""]",0,yarn build,0,SUCCESS,node16-npm8,16.20.2,91,0,174,dd9f015a6b8a21ebb13a542f2e8bd41a17b6c83af88af9a048e11d932e09a8f8,benchmarks/web3bugs/best_effort_build_runs/98/web3bugs-98-best-effort-20260814T184849Z-1bbab1b5c1d74646ae0b7f58aab3cb24/attempt_manifest.json
web3bugs-105-best-effort-20260814T184920Z-dbdc61b5a14b44d4a442e011761e7d88,105,2026-08-14T18:49:20.573348+00:00,46.879228,"[""/home/vau3677/liu_coop/anonymized_repo_TOSEM/environment/toolchains/node/16.20.2/bin/npm"", ""ci"", ""--no-audit"", ""--no-fund"", ""--legacy-peer-deps""]",0,npm run compile,1,BUILD_FAILURE,node16-npm8,16.20.2,64,0,0,,benchmarks/web3bugs/best_effort_build_runs/105/web3bugs-105-best-effort-20260814T184920Z-dbdc61b5a14b44d4a442e011761e7d88/attempt_manifest.json
web3bugs-106-best-effort-20260814T184944Z-8f9046934b934b958deb38ade35fe98f,106,2026-08-14T18:49:44.158990+00:00,36.237717,"[""/home/vau3677/liu_coop/anonymized_repo_TOSEM/environment/toolchains/node/16.20.2/bin/node"", ""/home/vau3677/liu_coop/anonymized_repo_TOSEM/environment/toolchains/yarn/1.22.22/bin/yarn.js"", ""install"", ""--non-interactive"", ""--frozen-lockfile""]",0,forge build,0,SUCCESS,node16-yarn1,16.20.2,72,0,49,f3bca5a18f375ce9d4f5cfdf2f7ea437b844a54219de78649a1e65a9ed524306,benchmarks/web3bugs/best_effort_build_runs/106/web3bugs-106-best-effort-20260814T184944Z-8f9046934b934b958deb38ade35fe98f/attempt_manifest.json
web3bugs-112-best-effort-20260814T184949Z-8ef908d8fc624d2f8186d7a5b02c798e,112,2026-08-14T18:49:49.330049+00:00,44.361048,"[""/home/vau3677/liu_coop/anonymized_repo_TOSEM/environment/toolchains/node/16.20.2/bin/node"", ""/home/vau3677/liu_coop/anonymized_repo_TOSEM/environment/toolchains/yarn/1.22.22/bin/yarn.js"", ""install"", ""--non-interactive"", ""--frozen-lockfile""]",0,npx hardhat compile,0,SUCCESS,node16-npm8,16.20.2,368,0,422,03370fd2509210ab5de957661494b135c7874a2a81caec83507b1e05fd9bf65b,benchmarks/web3bugs/best_effort_build_runs/112/web3bugs-112-best-effort-20260814T184949Z-8ef908d8fc624d2f8186d7a5b02c798e/attempt_manifest.json
web3bugs-122-best-effort-20260814T185033Z-a7ca0f18f87943c69003abea77b7024b,122,2026-08-14T18:50:33.748222+00:00,9.834894,"[""/home/vau3677/liu_coop/anonymized_repo_TOSEM/environment/toolchains/node/16.20.2/bin/npm"", ""ci"", ""--no-audit"", ""--no-fund"", ""--legacy-peer-deps""]",0,forge build,0,SUCCESS,node16-npm8,16.20.2,607,0,35,0d189423a1773083c0d94c2b506064e6caefe8904fbc0861416ee90112357d98,benchmarks/web3bugs/best_effort_build_runs/122/web3bugs-122-best-effort-20260814T185033Z-a7ca0f18f87943c69003abea77b7024b/attempt_manifest.json
web3bugs-114-best-effort-20260814T184959Z-57dd3436c55a4ac892117e342875c97e,114,2026-08-14T18:49:59.884994+00:00,68.491565,"[""/home/vau3677/liu_coop/anonymized_repo_TOSEM/environment/toolchains/node/16.20.2/bin/node"", ""/home/vau3677/liu_coop/anonymized_repo_TOSEM/environment/toolchains/yarn/1.22.22/bin/yarn.js"", ""install"", ""--non-interactive"", ""--frozen-lockfile""]",0,yarn compile,0,SUCCESS,node16-npm8,16.20.2,34,0,73,02048291e9a1013bb21727894147b8dd501955ff6e1d691bfaca5778718b4a47,benchmarks/web3bugs/best_effort_build_runs/114/web3bugs-114-best-effort-20260814T184959Z-57dd3436c55a4ac892117e342875c97e/attempt_manifest.json
web3bugs-122-best-effort-20260814T185108Z-d8d62db9301a4002be905b0e48dc5cc4,122,2026-08-14T18:51:08.563075+00:00,10.7907,"[""/home/vau3677/liu_coop/anonymized_repo_TOSEM/environment/toolchains/node/16.20.2/bin/npm"", ""ci"", ""--no-audit"", ""--no-fund"", ""--legacy-peer-deps""]",0,forge build,0,SUCCESS,node16-npm8,16.20.2,607,0,67,e4133a5d0e4c4f40039bd992aa41ef54d6f6cbd318afe849f7d1c7d68b2ff507,benchmarks/web3bugs/best_effort_build_runs/122/web3bugs-122-best-effort-20260814T185108Z-d8d62db9301a4002be905b0e48dc5cc4/attempt_manifest.json
web3bugs-115-best-effort-20260814T185007Z-7b5451e1d16647edb2a8dec15f7e69fe,115,2026-08-14T18:50:07.583677+00:00,73.542504,"[""/home/vau3677/liu_coop/anonymized_repo_TOSEM/environment/toolchains/node/16.20.2/bin/node"", ""/home/vau3677/liu_coop/anonymized_repo_TOSEM/environment/toolchains/yarn/1.22.22/bin/yarn.js"", ""install"", ""--non-interactive"", ""--frozen-lockfile""]",1,yarn compile,,DEPENDENCY_FAILURE,node16-npm8,16.20.2,312,0,0,,benchmarks/web3bugs/best_effort_build_runs/115/web3bugs-115-best-effort-20260814T185007Z-7b5451e1d16647edb2a8dec15f7e69fe/attempt_manifest.json
web3bugs-115-best-effort-20260814T185020Z-e81244318db44a7daeb2b6e6189d8f54,115,2026-08-14T18:50:20.451792+00:00,64.464642,"[""/home/vau3677/liu_coop/anonymized_repo_TOSEM/environment/toolchains/node/16.20.2/bin/node"", ""/home/vau3677/liu_coop/anonymized_repo_TOSEM/environment/toolchains/yarn/1.22.22/bin/yarn.js"", ""install"", ""--non-interactive"", ""--frozen-lockfile""]",0,yarn compile,0,SUCCESS,node16-npm8,16.20.2,312,0,55,7a58cbfc84c4e743ff44d0a03030d5891dbcc4c46baf6f44ebeb395d0892ed2c,benchmarks/web3bugs/best_effort_build_runs/115/web3bugs-115-best-effort-20260814T185020Z-e81244318db44a7daeb2b6e6189d8f54/attempt_manifest.json
web3bugs-124-best-effort-20260814T185121Z-754272f6c2f249dc83ade90122a14edf,124,2026-08-14T18:51:21.144749+00:00,11.525129,"[""/home/vau3677/liu_coop/anonymized_repo_TOSEM/environment/toolchains/node/16.20.2/bin/node"", ""/home/vau3677/liu_coop/anonymized_repo_TOSEM/environment/toolchains/yarn/1.22.22/bin/yarn.js"", ""install"", ""--non-interactive"", ""--frozen-lockfile""]",0,npx hardhat compile,1,BUILD_FAILURE,node16-npm8,16.20.2,515,0,1,385f5e4a910caff1f068d30e06181694d762e9ed590917816ce9056c1d28a6a1,benchmarks/web3bugs/best_effort_build_runs/124/web3bugs-124-best-effort-20260814T185121Z-754272f6c2f249dc83ade90122a14edf/attempt_manifest.json
web3bugs-131-best-effort-20260814T185124Z-ba6d59cf79254f9991319ce6a1e3b6cd,131,2026-08-14T18:51:24.939546+00:00,25.891015,"[""/home/vau3677/liu_coop/anonymized_repo_TOSEM/environment/toolchains/node/16.20.2/bin/node"", ""/home/vau3677/liu_coop/anonymized_repo_TOSEM/environment/toolchains/yarn/1.22.22/bin/yarn.js"", ""install"", ""--non-interactive"", ""--frozen-lockfile""]",0,npx hardhat compile,1,BUILD_FAILURE,node16-npm8,16.20.2,364,0,0,,benchmarks/web3bugs/best_effort_build_runs/131/web3bugs-131-best-effort-20260814T185124Z-ba6d59cf79254f9991319ce6a1e3b6cd/attempt_manifest.json
web3bugs-122-best-effort-20260814T185043Z-52ecf015fa5f47a0b8c56e869fd7d7fd,122,2026-08-14T18:50:43.768247+00:00,67.719091,"[""/home/vau3677/liu_coop/anonymized_repo_TOSEM/environment/toolchains/node/16.20.2/bin/npm"", ""ci"", ""--no-audit"", ""--no-fund"", ""--legacy-peer-deps""]",0,npm run compile,0,SUCCESS,node16-npm8,16.20.2,607,0,574,db127b35d453641696b6032ff7f50f8de40dc9b4f3fd8b800f21bc016ca54693,benchmarks/web3bugs/best_effort_build_runs/122/web3bugs-122-best-effort-20260814T185043Z-52ecf015fa5f47a0b8c56e869fd7d7fd/attempt_manifest.json
web3bugs-190-best-effort-20260814T185151Z-4d51d7e906234d6cb7188cc7cdd52b5a,190,2026-08-14T18:51:51.494269+00:00,1.80328,"[""/home/vau3677/liu_coop/anonymized_repo_TOSEM/environment/toolchains/node/16.20.2/bin/npm"", ""install"", ""--no-audit"", ""--no-fund"", ""--legacy-peer-deps""]",1,npm run compile,,DEPENDENCY_FAILURE,node16-npm8,16.20.2,1675,0,0,,benchmarks/web3bugs/best_effort_build_runs/190/web3bugs-190-best-effort-20260814T185151Z-4d51d7e906234d6cb7188cc7cdd52b5a/attempt_manifest.json
web3bugs-190-best-effort-20260814T185153Z-65c8a40de9a74446b259b8e01ad95a75,190,2026-08-14T18:51:53.306867+00:00,1.511897,"[""/home/vau3677/liu_coop/anonymized_repo_TOSEM/environment/toolchains/node/16.20.2/bin/npm"", ""install"", ""--no-audit"", ""--no-fund"", ""--legacy-peer-deps""]",1,npm run compile,,DEPENDENCY_FAILURE,node16-npm8,16.20.2,1675,0,0,,benchmarks/web3bugs/best_effort_build_runs/190/web3bugs-190-best-effort-20260814T185153Z-65c8a40de9a74446b259b8e01ad95a75/attempt_manifest.json
web3bugs-190-best-effort-20260814T185154Z-49a5791a8fed4957a84817895b3a2677,190,2026-08-14T18:51:54.836639+00:00,1.642929,"[""/home/vau3677/liu_coop/anonymized_repo_TOSEM/environment/toolchains/node/16.20.2/bin/npm"", ""install"", ""--no-audit"", ""--no-fund"", ""--legacy-peer-deps""]",1,npm run compile,,DEPENDENCY_FAILURE,node16-npm8,16.20.2,1675,0,0,,benchmarks/web3bugs/best_effort_build_runs/190/web3bugs-190-best-effort-20260814T185154Z-49a5791a8fed4957a84817895b3a2677/attempt_manifest.json
web3bugs-143-best-effort-20260814T185132Z-f3a41b508bca405597750912588ed40b,143,2026-08-14T18:51:32.746819+00:00,67.854147,"[""/home/vau3677/liu_coop/anonymized_repo_TOSEM/environment/toolchains/node/16.20.2/bin/node"", ""/home/vau3677/liu_coop/anonymized_repo_TOSEM/environment/toolchains/yarn/1.22.22/bin/yarn.js"", ""install"", ""--non-interactive"", ""--frozen-lockfile""]",0,yarn compile,0,SUCCESS,node16-npm8,16.20.2,253,0,211,9d9d324c7316c48d7c13c2841ae941ff2fb04825b8a9149c42395cff108368dc,benchmarks/web3bugs/best_effort_build_runs/143/web3bugs-143-best-effort-20260814T185132Z-f3a41b508bca405597750912588ed40b/attempt_manifest.json
web3bugs-190-best-effort-20260814T185150Z-9beaf42f348848e59eb0a84065505548,190,2026-08-14T18:51:50.844334+00:00,61.174284,"[""/home/vau3677/liu_coop/anonymized_repo_TOSEM/environment/toolchains/node/16.20.2/bin/node"", ""/home/vau3677/liu_coop/anonymized_repo_TOSEM/environment/toolchains/yarn/1.22.22/bin/yarn.js"", ""install"", ""--non-interactive"", ""--frozen-lockfile""]",128,yarn compile,,DEPENDENCY_FAILURE,node16-npm8,16.20.2,1675,0,0,,benchmarks/web3bugs/best_effort_build_runs/190/web3bugs-190-best-effort-20260814T185150Z-9beaf42f348848e59eb0a84065505548/attempt_manifest.json
web3bugs-124-best-effort-20260814T185119Z-db047cb0473c4af3b7c46041ce24077c,124,2026-08-14T18:51:19.374402+00:00,121.55557,"[""/home/vau3677/liu_coop/anonymized_repo_TOSEM/environment/toolchains/node/16.20.2/bin/node"", ""/home/vau3677/liu_coop/anonymized_repo_TOSEM/environment/toolchains/yarn/1.22.22/bin/yarn.js"", ""install"", ""--non-interactive"", ""--frozen-lockfile""]",0,yarn compile,0,SUCCESS,node16-npm8,16.20.2,515,0,623,c785f09bf325fb247a51e0ee22984bd44e712b0cd21c9b56ae856e5b0e34e488,benchmarks/web3bugs/best_effort_build_runs/124/web3bugs-124-best-effort-20260814T185119Z-db047cb0473c4af3b7c46041ce24077c/attempt_manifest.json
web3bugs-102-best-effort-20260814T185637Z-fbf9d2ca4aa44996b00632c0d63f8b31,102,2026-08-14T18:56:37.294668+00:00,1.98207,"[""/home/vau3677/liu_coop/anonymized_repo_TOSEM/environment/toolchains/node/16.20.2/bin/npm"", ""ci"", ""--no-audit"", ""--no-fund"", ""--ignore-scripts"", ""--legacy-peer-deps""]",1,npm run compile,,DEPENDENCY_FAILURE,node16-npm8,16.20.2,86,0,0,,benchmarks/web3bugs/best_effort_build_runs/102/web3bugs-102-best-effort-20260814T185637Z-fbf9d2ca4aa44996b00632c0d63f8b31/attempt_manifest.json
web3bugs-113-best-effort-20260814T185639Z-15bbab25f4844712ac79815d690402bb,113,2026-08-14T18:56:39.349166+00:00,1.182869,"[""/home/vau3677/liu_coop/anonymized_repo_TOSEM/environment/toolchains/node/12.22.12/bin/node"", ""/home/vau3677/liu_coop/anonymized_repo_TOSEM/environment/toolchains/yarn/1.22.22/bin/yarn.js"", ""install"", ""--non-interactive"", ""--ignore-scripts"", ""--frozen-lockfile""]",1,yarn build,,DEPENDENCY_FAILURE,node12-yarn1,12.22.12,62,0,0,,benchmarks/web3bugs/best_effort_build_runs/113/web3bugs-113-best-effort-20260814T185639Z-15bbab25f4844712ac79815d690402bb/attempt_manifest.json
web3bugs-104-best-effort-20260814T185637Z-f775ad46d50d41d0b34d13a90ad51436,104,2026-08-14T18:56:37.297854+00:00,3.793267,"[""/home/vau3677/liu_coop/anonymized_repo_TOSEM/environment/toolchains/node/16.20.2/bin/node"", ""/home/vau3677/liu_coop/anonymized_repo_TOSEM/environment/toolchains/yarn/1.22.22/bin/yarn.js"", ""install"", ""--non-interactive"", ""--ignore-scripts"", ""--frozen-lockfile""]",1,npx hardhat compile,,DEPENDENCY_FAILURE,node16-npm8,16.20.2,82,0,0,,benchmarks/web3bugs/best_effort_build_runs/104/web3bugs-104-best-effort-20260814T185637Z-f775ad46d50d41d0b34d13a90ad51436/attempt_manifest.json
web3bugs-104-best-effort-20260814T185637Z-9642f4e7963b42679e3f14ccfbe806d1,104,2026-08-14T18:56:37.295618+00:00,4.325351,"[""/home/vau3677/liu_coop/anonymized_repo_TOSEM/environment/toolchains/node/16.20.2/bin/node"", ""/home/vau3677/liu_coop/anonymized_repo_TOSEM/environment/toolchains/yarn/1.22.22/bin/yarn.js"", ""install"", ""--non-interactive"", ""--ignore-scripts"", ""--frozen-lockfile""]",1,npx hardhat compile,,DEPENDENCY_FAILURE,node16-npm8,16.20.2,82,0,0,,benchmarks/web3bugs/best_effort_build_runs/104/web3bugs-104-best-effort-20260814T185637Z-9642f4e7963b42679e3f14ccfbe806d1/attempt_manifest.json
web3bugs-13-best-effort-20260814T185641Z-ead8a92e2bfa4c988d5183fc8697371d,13,2026-08-14T18:56:41.178256+00:00,3.393534,"[""/home/vau3677/liu_coop/anonymized_repo_TOSEM/environment/toolchains/node/16.20.2/bin/node"", ""/home/vau3677/liu_coop/anonymized_repo_TOSEM/environment/toolchains/yarn/1.22.22/bin/yarn.js"", ""install"", ""--non-interactive"", ""--ignore-scripts"", ""--frozen-lockfile""]",1,yarn compile,,DEPENDENCY_FAILURE,node16-yarn1,16.20.2,47,0,0,,benchmarks/web3bugs/best_effort_build_runs/13/web3bugs-13-best-effort-20260814T185641Z-ead8a92e2bfa4c988d5183fc8697371d/attempt_manifest.json
web3bugs-190-best-effort-20260814T185644Z-0c139a092bf447129f9abfe5158c9b5b,190,2026-08-14T18:56:44.708446+00:00,2.025506,"[""/home/vau3677/liu_coop/anonymized_repo_TOSEM/environment/toolchains/node/16.20.2/bin/npm"", ""install"", ""--no-audit"", ""--no-fund"", ""--ignore-scripts"", ""--legacy-peer-deps""]",1,npm run compile,,DEPENDENCY_FAILURE,node16-npm8,16.20.2,1675,0,0,,benchmarks/web3bugs/best_effort_build_runs/190/web3bugs-190-best-effort-20260814T185644Z-0c139a092bf447129f9abfe5158c9b5b/attempt_manifest.json
web3bugs-190-best-effort-20260814T185646Z-30c41c665af1492c8459a759d78a9366,190,2026-08-14T18:56:46.837659+00:00,1.722263,"[""/home/vau3677/liu_coop/anonymized_repo_TOSEM/environment/toolchains/node/16.20.2/bin/npm"", ""install"", ""--no-audit"", ""--no-fund"", ""--ignore-scripts"", ""--legacy-peer-deps""]",1,npm run compile,,DEPENDENCY_FAILURE,node16-npm8,16.20.2,1675,0,0,,benchmarks/web3bugs/best_effort_build_runs/190/web3bugs-190-best-effort-20260814T185646Z-30c41c665af1492c8459a759d78a9366/attempt_manifest.json
web3bugs-190-best-effort-20260814T185648Z-d0429d3783f645008f706b82b7701772,190,2026-08-14T18:56:48.614345+00:00,1.62037,"[""/home/vau3677/liu_coop/anonymized_repo_TOSEM/environment/toolchains/node/16.20.2/bin/npm"", ""install"", ""--no-audit"", ""--no-fund"", ""--ignore-scripts"", ""--legacy-peer-deps""]",1,npm run compile,,DEPENDENCY_FAILURE,node16-npm8,16.20.2,1675,0,0,,benchmarks/web3bugs/best_effort_build_runs/190/web3bugs-190-best-effort-20260814T185648Z-d0429d3783f645008f706b82b7701772/attempt_manifest.json
web3bugs-101-best-effort-20260814T185637Z-0c6b1d168b144716a4a1802d9f82fd70,101,2026-08-14T18:56:37.291832+00:00,39.161026,"[""/home/vau3677/liu_coop/anonymized_repo_TOSEM/environment/toolchains/node/16.20.2/bin/npm"", ""ci"", ""--no-audit"", ""--no-fund"", ""--ignore-scripts"", ""--legacy-peer-deps""]",0,npm run compile,1,BUILD_FAILURE,node16-npm8,16.20.2,231,0,0,,benchmarks/web3bugs/best_effort_build_runs/101/web3bugs-101-best-effort-20260814T185637Z-0c6b1d168b144716a4a1802d9f82fd70/attempt_manifest.json
web3bugs-24-best-effort-20260814T185716Z-5dd0847ae92847baa85efc04df7487c2,24,2026-08-14T18:57:16.634416+00:00,0.523619,"[""/home/vau3677/liu_coop/anonymized_repo_TOSEM/environment/toolchains/node/16.20.2/bin/node"", ""/home/vau3677/liu_coop/anonymized_repo_TOSEM/environment/toolchains/yarn/1.22.22/bin/yarn.js"", ""install"", ""--non-interactive"", ""--ignore-scripts"", ""--frozen-lockfile""]",1,yarn compile,,DEPENDENCY_FAILURE,node16-npm8,16.20.2,53,0,0,,benchmarks/web3bugs/best_effort_build_runs/24/web3bugs-24-best-effort-20260814T185716Z-5dd0847ae92847baa85efc04df7487c2/attempt_manifest.json
web3bugs-115-best-effort-20260814T185640Z-241cf2a93d4b4a6aa54b1a3a36102e6b,115,2026-08-14T18:56:40.694629+00:00,64.394653,"[""/home/vau3677/liu_coop/anonymized_repo_TOSEM/environment/toolchains/node/16.20.2/bin/node"", ""/home/vau3677/liu_coop/anonymized_repo_TOSEM/environment/toolchains/yarn/1.22.22/bin/yarn.js"", ""install"", ""--non-interactive"", ""--ignore-scripts"", ""--frozen-lockfile""]",0,yarn compile,1,BUILD_FAILURE,node16-npm8,16.20.2,312,0,0,,benchmarks/web3bugs/best_effort_build_runs/115/web3bugs-115-best-effort-20260814T185640Z-241cf2a93d4b4a6aa54b1a3a36102e6b/attempt_manifest.json
web3bugs-21-best-effort-20260814T185650Z-b0c799d162eb475c8922703bb149fe4d,21,2026-08-14T18:56:50.298506+00:00,62.170054,"[""/home/vau3677/liu_coop/anonymized_repo_TOSEM/environment/toolchains/node/16.20.2/bin/node"", ""/home/vau3677/liu_coop/anonymized_repo_TOSEM/environment/toolchains/yarn/1.22.22/bin/yarn.js"", ""install"", ""--non-interactive"", ""--ignore-scripts"", ""--frozen-lockfile""]",0,npx hardhat compile,0,SUCCESS,node16-yarn1,16.20.2,107,0,141,a5d2bae4d1c8357c4fcf3f925bd10f10754c338608e3fba8814fc12d13732efe,benchmarks/web3bugs/best_effort_build_runs/21/web3bugs-21-best-effort-20260814T185650Z-b0c799d162eb475c8922703bb149fe4d/attempt_manifest.json
web3bugs-190-best-effort-20260814T185641Z-afadb7047e4741638304e1bbbcb427bd,190,2026-08-14T18:56:41.720084+00:00,83.823474,"[""/home/vau3677/liu_coop/anonymized_repo_TOSEM/environment/toolchains/node/16.20.2/bin/node"", ""/home/vau3677/liu_coop/anonymized_repo_TOSEM/environment/toolchains/yarn/1.22.22/bin/yarn.js"", ""install"", ""--non-interactive"", ""--ignore-scripts"", ""--frozen-lockfile""]",128,yarn compile,,DEPENDENCY_FAILURE,node16-npm8,16.20.2,1675,0,0,,benchmarks/web3bugs/best_effort_build_runs/190/web3bugs-190-best-effort-20260814T185641Z-afadb7047e4741638304e1bbbcb427bd/attempt_manifest.json
web3bugs-29-best-effort-20260814T185717Z-f6feeea336c04dd6891813c53cfcd75e,29,2026-08-14T18:57:17.263009+00:00,52.869327,"[""/home/vau3677/liu_coop/anonymized_repo_TOSEM/environment/toolchains/node/16.20.2/bin/node"", ""/home/vau3677/liu_coop/anonymized_repo_TOSEM/environment/toolchains/yarn/1.22.22/bin/yarn.js"", ""install"", ""--non-interactive"", ""--ignore-scripts"", ""--frozen-lockfile""]",0,yarn build,0,SUCCESS,node16-npm8,16.20.2,83,0,118,c9b950405a253e3fd1bd7b796c547907c10e8ba2771ef7e3a23546ff14618aad,benchmarks/web3bugs/best_effort_build_runs/29/web3bugs-29-best-effort-20260814T185717Z-f6feeea336c04dd6891813c53cfcd75e/attempt_manifest.json
web3bugs-37-best-effort-20260814T185752Z-0399bdd649c04e0297125c223eed5230,37,2026-08-14T18:57:52.772003+00:00,26.100141,"[""/home/vau3677/liu_coop/anonymized_repo_TOSEM/environment/toolchains/node/16.20.2/bin/node"", ""/home/vau3677/liu_coop/anonymized_repo_TOSEM/environment/toolchains/yarn/1.22.22/bin/yarn.js"", ""install"", ""--non-interactive"", ""--ignore-scripts"", ""--frozen-lockfile""]",1,yarn build,,DEPENDENCY_FAILURE,node16-yarn1,16.20.2,90,0,0,,benchmarks/web3bugs/best_effort_build_runs/37/web3bugs-37-best-effort-20260814T185752Z-0399bdd649c04e0297125c223eed5230/attempt_manifest.json
web3bugs-43-best-effort-20260814T185819Z-a20b046ebbdd48dbb2cf45943f1ac963,43,2026-08-14T18:58:19.044637+00:00,1.208413,"[""/home/vau3677/liu_coop/anonymized_repo_TOSEM/environment/toolchains/node/16.20.2/bin/npm"", ""ci"", ""--no-audit"", ""--no-fund"", ""--ignore-scripts"", ""--legacy-peer-deps""]",1,npx hardhat compile,,DEPENDENCY_FAILURE,node16-npm8,16.20.2,35,0,1,bb4e4b77002068c829cfa32901fbc707294efcd882e5fb45a3cd831a607b8b99,benchmarks/web3bugs/best_effort_build_runs/43/web3bugs-43-best-effort-20260814T185819Z-a20b046ebbdd48dbb2cf45943f1ac963/attempt_manifest.json
web3bugs-35-best-effort-20260814T185745Z-395deab83bce46dd86c7400906d67a46,35,2026-08-14T18:57:45.210956+00:00,54.809896,"[""/home/vau3677/liu_coop/anonymized_repo_TOSEM/environment/toolchains/node/16.20.2/bin/node"", ""/home/vau3677/liu_coop/anonymized_repo_TOSEM/environment/toolchains/yarn/1.22.22/bin/yarn.js"", ""install"", ""--non-interactive"", ""--ignore-scripts"", ""--frozen-lockfile""]",0,yarn build,0,SUCCESS,node16-npm8,16.20.2,147,0,152,fbe2c86254479d464b613cb4beca806feb5e3126c04c22c864daeeeb0138e80e,benchmarks/web3bugs/best_effort_build_runs/35/web3bugs-35-best-effort-20260814T185745Z-395deab83bce46dd86c7400906d67a46/attempt_manifest.json
web3bugs-51-best-effort-20260814T185840Z-1ca824c30aa049508db9b07bcf101f26,51,2026-08-14T18:58:40.213312+00:00,3.133954,"[""/home/vau3677/liu_coop/anonymized_repo_TOSEM/environment/toolchains/node/16.20.2/bin/node"", ""/home/vau3677/liu_coop/anonymized_repo_TOSEM/environment/toolchains/yarn/1.22.22/bin/yarn.js"", ""install"", ""--non-interactive"", ""--ignore-scripts"", ""--frozen-lockfile""]",1,npx truffle compile,,DEPENDENCY_FAILURE,node16-npm8,16.20.2,278,0,42,d27a08e3e91cc97270337399f057a7290d3e07b17e089f6e0d79f39d3908bbff,benchmarks/web3bugs/best_effort_build_runs/51/web3bugs-51-best-effort-20260814T185840Z-1ca824c30aa049508db9b07bcf101f26/attempt_manifest.json
web3bugs-57-best-effort-20260814T185843Z-3a2f33e8f9ab45269517e44ae0e60447,57,2026-08-14T18:58:43.472092+00:00,2.258745,"[""/home/vau3677/liu_coop/anonymized_repo_TOSEM/environment/toolchains/node/16.20.2/bin/npm"", ""ci"", ""--no-audit"", ""--no-fund"", ""--ignore-scripts"", ""--legacy-peer-deps""]",1,npm run compile,,DEPENDENCY_FAILURE,node16-npm8,16.20.2,49,0,0,,benchmarks/web3bugs/best_effort_build_runs/57/web3bugs-57-best-effort-20260814T185843Z-3a2f33e8f9ab45269517e44ae0e60447/attempt_manifest.json
web3bugs-42-best-effort-20260814T185805Z-2f895a1bcffd43bab2c7163ced76daab,42,2026-08-14T18:58:05.601962+00:00,49.098216,"[""/home/vau3677/liu_coop/anonymized_repo_TOSEM/environment/toolchains/node/16.20.2/bin/npm"", ""install"", ""--no-audit"", ""--no-fund"", ""--ignore-scripts"", ""--legacy-peer-deps""]",0,npm run compile,1,BUILD_FAILURE,node16-npm8,16.20.2,430,0,0,,benchmarks/web3bugs/best_effort_build_runs/42/web3bugs-42-best-effort-20260814T185805Z-2f895a1bcffd43bab2c7163ced76daab/attempt_manifest.json
web3bugs-42-best-effort-20260814T185810Z-e2a86a525750473b8c2a46f82d6cb6ab,42,2026-08-14T18:58:10.318281+00:00,46.242399,"[""/home/vau3677/liu_coop/anonymized_repo_TOSEM/environment/toolchains/node/16.20.2/bin/npm"", ""install"", ""--no-audit"", ""--no-fund"", ""--ignore-scripts"", ""--legacy-peer-deps""]",0,npm run compile,1,BUILD_FAILURE,node16-npm8,16.20.2,430,0,0,,benchmarks/web3bugs/best_effort_build_runs/42/web3bugs-42-best-effort-20260814T185810Z-e2a86a525750473b8c2a46f82d6cb6ab/attempt_manifest.json
web3bugs-69-best-effort-20260814T185856Z-4bc64cb6cadb45fbad8ce413b0356113,69,2026-08-14T18:58:56.585321+00:00,2.913717,"[""/home/vau3677/liu_coop/anonymized_repo_TOSEM/environment/toolchains/node/16.20.2/bin/node"", ""/home/vau3677/liu_coop/anonymized_repo_TOSEM/environment/toolchains/yarn/1.22.22/bin/yarn.js"", ""install"", ""--non-interactive"", ""--ignore-scripts"", ""--frozen-lockfile""]",1,npx hardhat compile,,DEPENDENCY_FAILURE,node16-npm8,16.20.2,162,0,0,,benchmarks/web3bugs/best_effort_build_runs/69/web3bugs-69-best-effort-20260814T185856Z-4bc64cb6cadb45fbad8ce413b0356113/attempt_manifest.json
web3bugs-51-best-effort-20260814T185820Z-5f9e63cf58a34f2485be5a0eda95fd25,51,2026-08-14T18:58:20.290288+00:00,50.455873,"[""/home/vau3677/liu_coop/anonymized_repo_TOSEM/environment/toolchains/node/16.20.2/bin/npm"", ""ci"", ""--no-audit"", ""--no-fund"", ""--ignore-scripts"", ""--legacy-peer-deps""]",0,npm run build,1,BUILD_FAILURE,node16-npm8,16.20.2,278,0,42,d27a08e3e91cc97270337399f057a7290d3e07b17e089f6e0d79f39d3908bbff,benchmarks/web3bugs/best_effort_build_runs/51/web3bugs-51-best-effort-20260814T185820Z-5f9e63cf58a34f2485be5a0eda95fd25/attempt_manifest.json
web3bugs-66-best-effort-20260814T185854Z-acad31297a894cdf9892b9c40c4ef6dd,66,2026-08-14T18:58:54.832550+00:00,38.058742,"[""/home/vau3677/liu_coop/anonymized_repo_TOSEM/environment/toolchains/node/16.20.2/bin/node"", ""/home/vau3677/liu_coop/anonymized_repo_TOSEM/environment/toolchains/yarn/1.22.22/bin/yarn.js"", ""install"", ""--non-interactive"", ""--ignore-scripts"", ""--frozen-lockfile""]",0,yarn build,1,BUILD_FAILURE,node16-yarn1,16.20.2,340,0,0,,benchmarks/web3bugs/best_effort_build_runs/66/web3bugs-66-best-effort-20260814T185854Z-acad31297a894cdf9892b9c40c4ef6dd/attempt_manifest.json
web3bugs-60-best-effort-20260814T185845Z-b9e85c6da40e4a4ca0ea231a43fa3ce1,60,2026-08-14T18:58:45.847165+00:00,48.248548,"[""/home/vau3677/liu_coop/anonymized_repo_TOSEM/environment/toolchains/node/16.20.2/bin/node"", ""/home/vau3677/liu_coop/anonymized_repo_TOSEM/environment/toolchains/yarn/1.22.22/bin/yarn.js"", ""install"", ""--non-interactive"", ""--ignore-scripts"", ""--frozen-lockfile""]",0,yarn compile,0,SUCCESS,node16-npm8,16.20.2,71,0,93,eb2cf4f2f80222819281d2072d33d42bec1cceee7a1a0dc7bf220c9141227add,benchmarks/web3bugs/best_effort_build_runs/60/web3bugs-60-best-effort-20260814T185845Z-b9e85c6da40e4a4ca0ea231a43fa3ce1/attempt_manifest.json
web3bugs-73-best-effort-20260814T185859Z-c416ff66cd3a4d6ead400c9cb7ba9193,73,2026-08-14T18:58:59.614957+00:00,53.267692,"[""/home/vau3677/liu_coop/anonymized_repo_TOSEM/environment/toolchains/node/16.20.2/bin/node"", ""/home/vau3677/liu_coop/anonymized_repo_TOSEM/environment/toolchains/yarn/1.22.22/bin/yarn.js"", ""install"", ""--non-interactive"", ""--ignore-scripts"", ""--frozen-lockfile""]",0,yarn compile,0,SUCCESS,node16-npm8,16.20.2,260,0,121,975a66e3f8595a90a7c0c06bfd6125986995fd8d5c768577edbd2a37c52ab370,benchmarks/web3bugs/best_effort_build_runs/73/web3bugs-73-best-effort-20260814T185859Z-c416ff66cd3a4d6ead400c9cb7ba9193/attempt_manifest.json
web3bugs-74-best-effort-20260814T185933Z-e789e52f186f40628055ad3510751087,74,2026-08-14T18:59:33.021033+00:00,22.276562,"[""/home/vau3677/liu_coop/anonymized_repo_TOSEM/environment/toolchains/node/16.20.2/bin/node"", ""/home/vau3677/liu_coop/anonymized_repo_TOSEM/environment/toolchains/yarn/1.22.22/bin/yarn.js"", ""install"", ""--non-interactive"", ""--ignore-scripts"", ""--frozen-lockfile""]",1,yarn compile,,DEPENDENCY_FAILURE,node16-npm8,16.20.2,224,0,0,,benchmarks/web3bugs/best_effort_build_runs/74/web3bugs-74-best-effort-20260814T185933Z-e789e52f186f40628055ad3510751087/attempt_manifest.json
web3bugs-74-best-effort-20260814T185934Z-765504a0b1c84b5aaa9244a058898bc0,74,2026-08-14T18:59:34.283420+00:00,34.410396,"[""/home/vau3677/liu_coop/anonymized_repo_TOSEM/environment/toolchains/node/16.20.2/bin/node"", ""/home/vau3677/liu_coop/anonymized_repo_TOSEM/environment/toolchains/yarn/1.22.22/bin/yarn.js"", ""install"", ""--non-interactive"", ""--ignore-scripts"", ""--frozen-lockfile""]",0,yarn compile,1,BUILD_FAILURE,node16-npm8,16.20.2,224,0,0,,benchmarks/web3bugs/best_effort_build_runs/74/web3bugs-74-best-effort-20260814T185934Z-765504a0b1c84b5aaa9244a058898bc0/attempt_manifest.json
web3bugs-96-best-effort-20260814T185952Z-bdc2e3a0683541f3be1a05b5df066065,96,2026-08-14T18:59:52.939935+00:00,22.402343,"[""/home/vau3677/liu_coop/anonymized_repo_TOSEM/environment/toolchains/node/16.20.2/bin/node"", ""/home/vau3677/liu_coop/anonymized_repo_TOSEM/environment/toolchains/yarn/1.22.22/bin/yarn.js"", ""install"", ""--non-interactive"", ""--ignore-scripts"", ""--frozen-lockfile""]",1,yarn compile,,DEPENDENCY_FAILURE,node16-npm8,16.20.2,282,0,4,6130c9389567a0f5f6af3b913954552a972ab8c5c017b234aafed3f38a9151c0,benchmarks/web3bugs/best_effort_build_runs/96/web3bugs-96-best-effort-20260814T185952Z-bdc2e3a0683541f3be1a05b5df066065/attempt_manifest.json
web3bugs-73-best-effort-20260814T185910Z-7d71c4e01854439c945dd4b423c1599d,73,2026-08-14T18:59:10.891463+00:00,65.331003,"[""/home/vau3677/liu_coop/anonymized_repo_TOSEM/environment/toolchains/node/16.20.2/bin/node"", ""/home/vau3677/liu_coop/anonymized_repo_TOSEM/environment/toolchains/yarn/1.22.22/bin/yarn.js"", ""install"", ""--non-interactive"", ""--ignore-scripts"", ""--frozen-lockfile""]",0,yarn compile,0,SUCCESS,node16-npm8,16.20.2,260,0,192,240ffd604fcc2d2aef45f0054435064541e095a07e48488933610640fb7efd91,benchmarks/web3bugs/best_effort_build_runs/73/web3bugs-73-best-effort-20260814T185910Z-7d71c4e01854439c945dd4b423c1599d/attempt_manifest.json
web3bugs-97-best-effort-20260814T190009Z-416b00f7480b4f03a9bfe18b8fd25624,97,2026-08-14T19:00:09.081250+00:00,16.702158,"[""/home/vau3677/liu_coop/anonymized_repo_TOSEM/environment/toolchains/node/16.20.2/bin/node"", ""/home/vau3677/liu_coop/anonymized_repo_TOSEM/environment/toolchains/yarn/1.22.22/bin/yarn.js"", ""install"", ""--non-interactive"", ""--ignore-scripts"", ""--frozen-lockfile""]",1,yarn compile,,DEPENDENCY_FAILURE,node16-yarn1,16.20.2,65,0,0,,benchmarks/web3bugs/best_effort_build_runs/97/web3bugs-97-best-effort-20260814T190009Z-416b00f7480b4f03a9bfe18b8fd25624/attempt_manifest.json
web3bugs-96-best-effort-20260814T185955Z-7bebf584c368416294324e08f692c6ef,96,2026-08-14T18:59:55.528235+00:00,31.857494,"[""/home/vau3677/liu_coop/anonymized_repo_TOSEM/environment/toolchains/node/16.20.2/bin/node"", ""/home/vau3677/liu_coop/anonymized_repo_TOSEM/environment/toolchains/yarn/1.22.22/bin/yarn.js"", ""install"", ""--non-interactive"", ""--ignore-scripts"", ""--frozen-lockfile""]",0,yarn compile,1,BUILD_FAILURE,node16-npm8,16.20.2,282,0,4,6130c9389567a0f5f6af3b913954552a972ab8c5c017b234aafed3f38a9151c0,benchmarks/web3bugs/best_effort_build_runs/96/web3bugs-96-best-effort-20260814T185955Z-7bebf584c368416294324e08f692c6ef/attempt_manifest.json
web3bugs-68-best-effort-20260814T191754Z-755b6d946df24234a02f8594482e93ee,68,2026-08-14T19:17:54.623446+00:00,46.690141,"[""/home/vau3677/liu_coop/anonymized_repo_TOSEM/environment/toolchains/node/16.20.2/bin/node"", ""/home/vau3677/liu_coop/anonymized_repo_TOSEM/environment/toolchains/yarn/1.22.22/bin/yarn.js"", ""install"", ""--non-interactive"", ""--ignore-scripts"", ""--frozen-lockfile""]",0,npx hardhat compile --config hardhat.compile.config.ts,0,SUCCESS,node16-npm8,16.20.2,89,0,131,587c9611637745097e7ed8b4d59079d99f4d5ddbdb37d603bb52268b5d677c71,benchmarks/web3bugs/best_effort_build_runs/68/web3bugs-68-best-effort-20260814T191754Z-755b6d946df24234a02f8594482e93ee/attempt_manifest.json
web3bugs-56-best-effort-20260814T191836Z-5b37816170d54fe68a0241c153f770d3,56,2026-08-14T19:18:36.181041+00:00,19.68868,"[""/home/vau3677/liu_coop/anonymized_repo_TOSEM/environment/toolchains/node/16.20.2/bin/node"", ""/home/vau3677/liu_coop/anonymized_repo_TOSEM/environment/toolchains/yarn/1.22.22/bin/yarn.js"", ""install"", ""--non-interactive"", ""--ignore-scripts"", ""--frozen-lockfile""]",0,npx hardhat compile:solidity,1,BUILD_FAILURE,node16-yarn1,16.20.2,227,0,0,,benchmarks/web3bugs/best_effort_build_runs/56/web3bugs-56-best-effort-20260814T191836Z-5b37816170d54fe68a0241c153f770d3/attempt_manifest.json
web3bugs-70-best-effort-20260814T191923Z-7fba40f9eb924da3af762b9fdac1a688,70,2026-08-14T19:19:23.486855+00:00,13.685643,"[""/home/vau3677/liu_coop/anonymized_repo_TOSEM/environment/toolchains/node/16.20.2/bin/npm"", ""ci"", ""--no-audit"", ""--no-fund"", ""--ignore-scripts"", ""--legacy-peer-deps""]",0,/usr/bin/python3 /home/vau3677/liu_coop/anonymized_repo_TOSEM/runners/direct_solc_build.py --version 0.8.9 --source-dir contracts --include-path node_modules,0,SUCCESS,node16-npm8,16.20.2,156,0,3,104328cd0072f5ea8266720e92c65c031bc407964c804de49be48e39509553cd,benchmarks/web3bugs/best_effort_build_runs/70/web3bugs-70-best-effort-20260814T191923Z-7fba40f9eb924da3af762b9fdac1a688/attempt_manifest.json
web3bugs-43-best-effort-20260814T192353Z-c15a7bf0509348d0b1cf6a38b0f60ea4,43,2026-08-14T19:23:53.639773+00:00,4.942496,"[""/home/vau3677/liu_coop/anonymized_repo_TOSEM/environment/toolchains/node/16.20.2/bin/npm"", ""ci"", ""--no-audit"", ""--no-fund"", ""--ignore-scripts"", ""--force""]",1,npx hardhat compile,,DEPENDENCY_FAILURE,node16-npm8,16.20.2,35,0,1,bb4e4b77002068c829cfa32901fbc707294efcd882e5fb45a3cd831a607b8b99,benchmarks/web3bugs/best_effort_build_runs/43/web3bugs-43-best-effort-20260814T192353Z-c15a7bf0509348d0b1cf6a38b0f60ea4/attempt_manifest.json
web3bugs-57-best-effort-20260814T192353Z-465e77fdb07e45c889d57ad6d690ff88,57,2026-08-14T19:23:53.641998+00:00,8.221613,"[""/home/vau3677/liu_coop/anonymized_repo_TOSEM/environment/toolchains/node/16.20.2/bin/npm"", ""ci"", ""--no-audit"", ""--no-fund"", ""--ignore-scripts"", ""--force""]",1,npm run compile,,DEPENDENCY_FAILURE,node16-npm8,16.20.2,49,0,0,,benchmarks/web3bugs/best_effort_build_runs/57/web3bugs-57-best-effort-20260814T192353Z-465e77fdb07e45c889d57ad6d690ff88/attempt_manifest.json
web3bugs-37-best-effort-20260814T192353Z-f65f2347e15e41728b99259eabdde61e,37,2026-08-14T19:23:53.637374+00:00,40.682599,"[""/home/vau3677/liu_coop/anonymized_repo_TOSEM/environment/toolchains/node/16.20.2/bin/node"", ""/home/vau3677/liu_coop/anonymized_repo_TOSEM/environment/toolchains/yarn/1.22.22/bin/yarn.js"", ""install"", ""--non-interactive"", ""--ignore-scripts"", ""--frozen-lockfile""]",1,yarn build,,DEPENDENCY_FAILURE,node16-yarn1,16.20.2,90,0,0,,benchmarks/web3bugs/best_effort_build_runs/37/web3bugs-37-best-effort-20260814T192353Z-f65f2347e15e41728b99259eabdde61e/attempt_manifest.json
web3bugs-74-best-effort-20260814T192401Z-039d13c9142b4390b0a547b73fef39cc,74,2026-08-14T19:24:01.938835+00:00,34.957224,"[""/home/vau3677/liu_coop/anonymized_repo_TOSEM/environment/toolchains/node/16.20.2/bin/node"", ""/home/vau3677/liu_coop/anonymized_repo_TOSEM/environment/toolchains/yarn/1.22.22/bin/yarn.js"", ""install"", ""--non-interactive"", ""--ignore-scripts"", ""--frozen-lockfile""]",1,yarn compile,,DEPENDENCY_FAILURE,node16-npm8,16.20.2,224,0,0,,benchmarks/web3bugs/best_effort_build_runs/74/web3bugs-74-best-effort-20260814T192401Z-039d13c9142b4390b0a547b73fef39cc/attempt_manifest.json
web3bugs-69-best-effort-20260814T192358Z-56d515bd15964ce8bbe5147b555dca56,69,2026-08-14T19:23:58.641588+00:00,49.644382,"[""/home/vau3677/liu_coop/anonymized_repo_TOSEM/environment/toolchains/node/16.20.2/bin/npm"", ""ci"", ""--no-audit"", ""--no-fund"", ""--ignore-scripts"", ""--legacy-peer-deps""]",0,npx hardhat compile,1,BUILD_FAILURE,node16-npm8,16.20.2,162,1,0,,benchmarks/web3bugs/best_effort_build_runs/69/web3bugs-69-best-effort-20260814T192358Z-56d515bd15964ce8bbe5147b555dca56/attempt_manifest.json
web3bugs-102-best-effort-20260814T192448Z-5c85a564b3e646018301a94d11a91b5a,102,2026-08-14T19:24:48.342093+00:00,2.452609,"[""/home/vau3677/liu_coop/anonymized_repo_TOSEM/environment/toolchains/node/16.20.2/bin/npm"", ""ci"", ""--no-audit"", ""--no-fund"", ""--ignore-scripts"", ""--force""]",1,npm run compile,,DEPENDENCY_FAILURE,node16-npm8,16.20.2,86,0,0,,benchmarks/web3bugs/best_effort_build_runs/102/web3bugs-102-best-effort-20260814T192448Z-5c85a564b3e646018301a94d11a91b5a/attempt_manifest.json
web3bugs-96-best-effort-20260814T192434Z-67b9327a791b4877a889f200f859594a,96,2026-08-14T19:24:34.473715+00:00,25.137091,"[""/home/vau3677/liu_coop/anonymized_repo_TOSEM/environment/toolchains/node/16.20.2/bin/node"", ""/home/vau3677/liu_coop/anonymized_repo_TOSEM/environment/toolchains/yarn/1.22.22/bin/yarn.js"", ""install"", ""--non-interactive"", ""--ignore-scripts"", ""--frozen-lockfile""]",1,yarn compile,,DEPENDENCY_FAILURE,node16-npm8,16.20.2,282,0,4,6130c9389567a0f5f6af3b913954552a972ab8c5c017b234aafed3f38a9151c0,benchmarks/web3bugs/best_effort_build_runs/96/web3bugs-96-best-effort-20260814T192434Z-67b9327a791b4877a889f200f859594a/attempt_manifest.json
web3bugs-97-best-effort-20260814T192437Z-0c7a792cae7741eebee566b469602384,97,2026-08-14T19:24:37.047331+00:00,23.898765,"[""/home/vau3677/liu_coop/anonymized_repo_TOSEM/environment/toolchains/node/16.20.2/bin/node"", ""/home/vau3677/liu_coop/anonymized_repo_TOSEM/environment/toolchains/yarn/1.22.22/bin/yarn.js"", ""install"", ""--non-interactive"", ""--ignore-scripts"", ""--frozen-lockfile""]",1,yarn compile,,DEPENDENCY_FAILURE,node16-yarn1,16.20.2,65,0,0,,benchmarks/web3bugs/best_effort_build_runs/97/web3bugs-97-best-effort-20260814T192437Z-0c7a792cae7741eebee566b469602384/attempt_manifest.json
web3bugs-13-best-effort-20260814T192353Z-9d269df283d54364ab0a06bb61fdec56,13,2026-08-14T19:23:53.635303+00:00,84.72798,"[""/home/vau3677/liu_coop/anonymized_repo_TOSEM/environment/toolchains/node/16.20.2/bin/npm"", ""ci"", ""--no-audit"", ""--no-fund"", ""--ignore-scripts"", ""--legacy-peer-deps""]",0,yarn compile,0,PROHIBITED_EDIT,node16-yarn1,16.20.2,47,1,93,604fba7f31b7c760055f6263c01ca460bb85260dc9e863ed2097f96c8118bcfb,benchmarks/web3bugs/best_effort_build_runs/13/web3bugs-13-best-effort-20260814T192353Z-9d269df283d54364ab0a06bb61fdec56/attempt_manifest.json
web3bugs-113-best-effort-20260814T192450Z-d1a383ebe343407d824ff206799e54fa,113,2026-08-14T19:24:50.961558+00:00,46.08585,"[""/home/vau3677/liu_coop/anonymized_repo_TOSEM/environment/toolchains/node/12.22.12/bin/node"", ""/home/vau3677/liu_coop/anonymized_repo_TOSEM/environment/toolchains/yarn/1.22.22/bin/yarn.js"", ""install"", ""--non-interactive"", ""--ignore-scripts"", ""--pure-lockfile""]",0,yarn build,0,SUCCESS,node12-yarn1,12.22.12,62,0,156,44e8944b2f4c0d603efff66e0990af7a67763ba0d1b07676c6f5ff5a5005bb58,benchmarks/web3bugs/best_effort_build_runs/113/web3bugs-113-best-effort-20260814T192450Z-d1a383ebe343407d824ff206799e54fa/attempt_manifest.json
web3bugs-96-best-effort-20260814T193548Z-bf67e2d312af4aa89069f255f22def06,96,2026-08-14T19:35:48.685143+00:00,18.744409,"[""/home/vau3677/liu_coop/anonymized_repo_TOSEM/environment/toolchains/node/16.20.2/bin/node"", ""/home/vau3677/liu_coop/anonymized_repo_TOSEM/environment/toolchains/yarn/1.22.22/bin/yarn.js"", ""install"", ""--non-interactive"", ""--ignore-scripts"", ""--frozen-lockfile""]",1,npx hardhat compile,,DEPENDENCY_FAILURE,node16-npm8,16.20.2,282,0,4,6130c9389567a0f5f6af3b913954552a972ab8c5c017b234aafed3f38a9151c0,benchmarks/web3bugs/best_effort_build_runs/96/web3bugs-96-best-effort-20260814T193548Z-bf67e2d312af4aa89069f255f22def06/attempt_manifest.json
web3bugs-69-best-effort-20260814T193548Z-2f96a12dbbac4f6cb92f242b2bf75dc3,69,2026-08-14T19:35:48.684962+00:00,46.038677,"[""/home/vau3677/liu_coop/anonymized_repo_TOSEM/environment/toolchains/node/16.20.2/bin/npm"", ""ci"", ""--no-audit"", ""--no-fund"", ""--ignore-scripts"", ""--legacy-peer-deps""]",0,npx hardhat compile,0,PROHIBITED_EDIT,node16-npm8,16.20.2,162,1,271,7cff7f41eff7b5d47278be478309cfe67a32bb3a92a507e64cf25ae37fd208e9,benchmarks/web3bugs/best_effort_build_runs/69/web3bugs-69-best-effort-20260814T193548Z-2f96a12dbbac4f6cb92f242b2bf75dc3/attempt_manifest.json
web3bugs-13-best-effort-20260814T193548Z-0349bb1925584c63ab6d1cb024787487,13,2026-08-14T19:35:48.684513+00:00,57.112243,"[""/home/vau3677/liu_coop/anonymized_repo_TOSEM/environment/toolchains/node/16.20.2/bin/npm"", ""ci"", ""--no-audit"", ""--no-fund"", ""--ignore-scripts"", ""--legacy-peer-deps""]",0,npx hardhat compile,0,PROHIBITED_EDIT,node16-yarn1,16.20.2,47,1,93,604fba7f31b7c760055f6263c01ca460bb85260dc9e863ed2097f96c8118bcfb,benchmarks/web3bugs/best_effort_build_runs/13/web3bugs-13-best-effort-20260814T193548Z-0349bb1925584c63ab6d1cb024787487/attempt_manifest.json
web3bugs-69-best-effort-20260814T195822Z-e35f62f92083475a83290318e956c85c,69,2026-08-14T19:58:22.788590+00:00,50.084904,"[""/home/vau3677/liu_coop/anonymized_repo_TOSEM/environment/toolchains/node/16.20.2/bin/npm"", ""ci"", ""--no-audit"", ""--no-fund"", ""--ignore-scripts"", ""--legacy-peer-deps""]",0,./node_modules/.bin/hardhat compile,0,PROHIBITED_EDIT,node16-npm8,16.20.2,162,1,271,7cff7f41eff7b5d47278be478309cfe67a32bb3a92a507e64cf25ae37fd208e9,benchmarks/web3bugs/best_effort_build_runs/69/web3bugs-69-best-effort-20260814T195822Z-e35f62f92083475a83290318e956c85c/attempt_manifest.json
web3bugs-13-best-effort-20260814T195822Z-256545b5ac6e4b3cb8ff5c3c067c0087,13,2026-08-14T19:58:22.630121+00:00,60.173071,"[""/home/vau3677/liu_coop/anonymized_repo_TOSEM/environment/toolchains/node/16.20.2/bin/npm"", ""ci"", ""--no-audit"", ""--no-fund"", ""--ignore-scripts"", ""--legacy-peer-deps""]",0,./node_modules/.bin/hardhat compile,0,PROHIBITED_EDIT,node16-yarn1,16.20.2,47,1,93,604fba7f31b7c760055f6263c01ca460bb85260dc9e863ed2097f96c8118bcfb,benchmarks/web3bugs/best_effort_build_runs/13/web3bugs-13-best-effort-20260814T195822Z-256545b5ac6e4b3cb8ff5c3c067c0087/attempt_manifest.json
web3bugs-13-best-effort-20260814T200332Z-9a33df4c442247c5b66259396a326588,13,2026-08-14T20:03:32.222854+00:00,17.306135,"[""/home/vau3677/liu_coop/anonymized_repo_TOSEM/environment/toolchains/node/16.20.2/bin/node"", ""/home/vau3677/liu_coop/anonymized_repo_TOSEM/environment/toolchains/yarn/1.22.22/bin/yarn.js"", ""install"", ""--non-interactive"", ""--ignore-scripts"", ""--pure-lockfile""]",1,./node_modules/.bin/hardhat compile,,DEPENDENCY_FAILURE,node16-yarn1,16.20.2,47,0,0,,benchmarks/web3bugs/best_effort_build_runs/13/web3bugs-13-best-effort-20260814T200332Z-9a33df4c442247c5b66259396a326588/attempt_manifest.json
web3bugs-69-best-effort-20260814T200349Z-ad6f8ff67c444cf7a4d3b0897977a21d,69,2026-08-14T20:03:49.623399+00:00,14.060608,"[""/home/vau3677/liu_coop/anonymized_repo_TOSEM/environment/toolchains/node/16.20.2/bin/node"", ""/home/vau3677/liu_coop/anonymized_repo_TOSEM/environment/toolchains/yarn/1.22.22/bin/yarn.js"", ""install"", ""--non-interactive"", ""--ignore-scripts"", ""--pure-lockfile""]",1,./node_modules/.bin/hardhat compile,,DEPENDENCY_FAILURE,node16-npm8,16.20.2,162,0,0,,benchmarks/web3bugs/best_effort_build_runs/69/web3bugs-69-best-effort-20260814T200349Z-ad6f8ff67c444cf7a4d3b0897977a21d/attempt_manifest.json
web3bugs-43-best-effort-20260817T185209Z-c5bf0e64a7ca4d69940e740a11c71b24,43,2026-08-17T18:52:09.792996+00:00,1.648914,"[""/home/vau3677/liu_coop/anonymized_repo_TOSEM/environment/toolchains/node/16.20.2/bin/npm"", ""ci"", ""--no-audit"", ""--no-fund"", ""--ignore-scripts"", ""--force""]",1,npx hardhat compile,,DEPENDENCY_FAILURE,node16-npm8,16.20.2,35,0,1,bb4e4b77002068c829cfa32901fbc707294efcd882e5fb45a3cd831a607b8b99,benchmarks/web3bugs/best_effort_build_runs/43/web3bugs-43-best-effort-20260817T185209Z-c5bf0e64a7ca4d69940e740a11c71b24/attempt_manifest.json
web3bugs-57-best-effort-20260817T185209Z-42105209be524e68880a6c6aa7fbde30,57,2026-08-17T18:52:09.795686+00:00,3.477747,"[""/home/vau3677/liu_coop/anonymized_repo_TOSEM/environment/toolchains/node/16.20.2/bin/npm"", ""ci"", ""--no-audit"", ""--no-fund"", ""--ignore-scripts"", ""--force""]",1,npm run compile,,DEPENDENCY_FAILURE,node16-npm8,16.20.2,49,0,0,,benchmarks/web3bugs/best_effort_build_runs/57/web3bugs-57-best-effort-20260817T185209Z-42105209be524e68880a6c6aa7fbde30/attempt_manifest.json
web3bugs-74-best-effort-20260817T185213Z-a09de00280bc4e6ca948427a704af178,74,2026-08-17T18:52:13.298520+00:00,25.329479,"[""/home/vau3677/liu_coop/anonymized_repo_TOSEM/environment/toolchains/node/16.20.2/bin/node"", ""/home/vau3677/liu_coop/anonymized_repo_TOSEM/environment/toolchains/yarn/1.22.22/bin/yarn.js"", ""install"", ""--non-interactive"", ""--ignore-scripts"", ""--frozen-lockfile""]",1,yarn compile,,DEPENDENCY_FAILURE,node16-npm8,16.20.2,224,0,0,,benchmarks/web3bugs/best_effort_build_runs/74/web3bugs-74-best-effort-20260817T185213Z-a09de00280bc4e6ca948427a704af178/attempt_manifest.json
web3bugs-37-best-effort-20260817T185209Z-afeb14f63bf1498993039d824f5b4d58,37,2026-08-17T18:52:09.789736+00:00,30.597768,"[""/home/vau3677/liu_coop/anonymized_repo_TOSEM/environment/toolchains/node/16.20.2/bin/node"", ""/home/vau3677/liu_coop/anonymized_repo_TOSEM/environment/toolchains/yarn/1.22.22/bin/yarn.js"", ""install"", ""--non-interactive"", ""--ignore-scripts"", ""--frozen-lockfile""]",1,yarn build,,DEPENDENCY_FAILURE,node16-yarn1,16.20.2,90,0,0,,benchmarks/web3bugs/best_effort_build_runs/37/web3bugs-37-best-effort-20260817T185209Z-afeb14f63bf1498993039d824f5b4d58/attempt_manifest.json
web3bugs-69-best-effort-20260817T185211Z-da82a9a4fd974aa1a809f8e898681eb4,69,2026-08-17T18:52:11.454285+00:00,35.736846,"[""/home/vau3677/liu_coop/anonymized_repo_TOSEM/environment/toolchains/node/16.20.2/bin/npm"", ""ci"", ""--no-audit"", ""--no-fund"", ""--ignore-scripts"", ""--legacy-peer-deps""]",0,npx hardhat compile,1,BUILD_FAILURE,node16-npm8,16.20.2,162,1,0,,benchmarks/web3bugs/best_effort_build_runs/69/web3bugs-69-best-effort-20260817T185211Z-da82a9a4fd974aa1a809f8e898681eb4/attempt_manifest.json
web3bugs-102-best-effort-20260817T185247Z-8eee9953d92e4990aca23f492f0820f3,102,2026-08-17T18:52:47.271756+00:00,3.600473,"[""/home/vau3677/liu_coop/anonymized_repo_TOSEM/environment/toolchains/node/16.20.2/bin/npm"", ""ci"", ""--no-audit"", ""--no-fund"", ""--ignore-scripts"", ""--force""]",1,npm run compile,,DEPENDENCY_FAILURE,node16-npm8,16.20.2,86,0,0,,benchmarks/web3bugs/best_effort_build_runs/102/web3bugs-102-best-effort-20260817T185247Z-8eee9953d92e4990aca23f492f0820f3/attempt_manifest.json
web3bugs-96-best-effort-20260817T185238Z-cf2d3abafe9b4300b0a8e988f02d99cc,96,2026-08-17T18:52:38.655056+00:00,24.614656,"[""/home/vau3677/liu_coop/anonymized_repo_TOSEM/environment/toolchains/node/16.20.2/bin/node"", ""/home/vau3677/liu_coop/anonymized_repo_TOSEM/environment/toolchains/yarn/1.22.22/bin/yarn.js"", ""install"", ""--non-interactive"", ""--ignore-scripts"", ""--frozen-lockfile""]",1,yarn compile,,DEPENDENCY_FAILURE,node16-npm8,16.20.2,282,0,4,6130c9389567a0f5f6af3b913954552a972ab8c5c017b234aafed3f38a9151c0,benchmarks/web3bugs/best_effort_build_runs/96/web3bugs-96-best-effort-20260817T185238Z-cf2d3abafe9b4300b0a8e988f02d99cc/attempt_manifest.json
web3bugs-97-best-effort-20260817T185240Z-22cf58a739684d6b8bf749596350181a,97,2026-08-17T18:52:40.433978+00:00,24.627042,"[""/home/vau3677/liu_coop/anonymized_repo_TOSEM/environment/toolchains/node/16.20.2/bin/node"", ""/home/vau3677/liu_coop/anonymized_repo_TOSEM/environment/toolchains/yarn/1.22.22/bin/yarn.js"", ""install"", ""--non-interactive"", ""--ignore-scripts"", ""--frozen-lockfile""]",1,yarn compile,,DEPENDENCY_FAILURE,node16-yarn1,16.20.2,65,0,0,,benchmarks/web3bugs/best_effort_build_runs/97/web3bugs-97-best-effort-20260817T185240Z-22cf58a739684d6b8bf749596350181a/attempt_manifest.json
web3bugs-13-best-effort-20260817T185209Z-a98951526aca4757bfc45923b8b85faa,13,2026-08-17T18:52:09.791160+00:00,71.793273,"[""/home/vau3677/liu_coop/anonymized_repo_TOSEM/environment/toolchains/node/16.20.2/bin/npm"", ""ci"", ""--no-audit"", ""--no-fund"", ""--ignore-scripts"", ""--legacy-peer-deps""]",0,yarn compile,0,PROHIBITED_EDIT,node16-yarn1,16.20.2,47,1,93,604fba7f31b7c760055f6263c01ca460bb85260dc9e863ed2097f96c8118bcfb,benchmarks/web3bugs/best_effort_build_runs/13/web3bugs-13-best-effort-20260817T185209Z-a98951526aca4757bfc45923b8b85faa/attempt_manifest.json
web3bugs-113-best-effort-20260817T185250Z-a46e37a5c57645feba7a364cd28a7305,113,2026-08-17T18:52:50.968800+00:00,51.790285,"[""/home/vau3677/liu_coop/anonymized_repo_TOSEM/environment/toolchains/node/12.22.12/bin/node"", ""/home/vau3677/liu_coop/anonymized_repo_TOSEM/environment/toolchains/yarn/1.22.22/bin/yarn.js"", ""install"", ""--non-interactive"", ""--ignore-scripts"", ""--pure-lockfile""]",0,yarn build,0,SUCCESS,node12-yarn1,12.22.12,62,0,156,44e8944b2f4c0d603efff66e0990af7a67763ba0d1b07676c6f5ff5a5005bb58,benchmarks/web3bugs/best_effort_build_runs/113/web3bugs-113-best-effort-20260817T185250Z-a46e37a5c57645feba7a364cd28a7305/attempt_manifest.json
web3bugs-8-best-effort-20260817T185452Z-53ff9e7b111246968b4773bf0de19c6c,8,2026-08-17T18:54:52.937550+00:00,26.8483,"[""/home/vau3677/liu_coop/anonymized_repo_TOSEM/environment/toolchains/node/16.20.2/bin/node"", ""/home/vau3677/liu_coop/anonymized_repo_TOSEM/environment/toolchains/yarn/1.22.22/bin/yarn.js"", ""install"", ""--non-interactive"", ""--ignore-scripts"", ""--frozen-lockfile""]",0,npx hardhat compile,1,BUILD_FAILURE,node16-npm8,16.20.2,90,0,0,,benchmarks/web3bugs/best_effort_build_runs/8/web3bugs-8-best-effort-20260817T185452Z-53ff9e7b111246968b4773bf0de19c6c/attempt_manifest.json
web3bugs-42-best-effort-20260817T185452Z-4cd1da539bfc4bc883fdd81eeb0d8055,42,2026-08-17T18:54:52.943361+00:00,55.194191,"[""/home/vau3677/liu_coop/anonymized_repo_TOSEM/environment/toolchains/node/16.20.2/bin/npm"", ""install"", ""--no-audit"", ""--no-fund"", ""--ignore-scripts"", ""--legacy-peer-deps""]",0,npm run compile,1,BUILD_FAILURE,node16-npm8,16.20.2,430,0,0,,benchmarks/web3bugs/best_effort_build_runs/42/web3bugs-42-best-effort-20260817T185452Z-4cd1da539bfc4bc883fdd81eeb0d8055/attempt_manifest.json
web3bugs-27-best-effort-20260817T185452Z-075d44ccafa84442aba9e628f29994ca,27,2026-08-17T18:54:52.939308+00:00,59.423456,"[""/home/vau3677/liu_coop/anonymized_repo_TOSEM/environment/toolchains/node/16.20.2/bin/npm"", ""ci"", ""--no-audit"", ""--no-fund"", ""--ignore-scripts"", ""--legacy-peer-deps""]",0,npx hardhat compile,1,BUILD_FAILURE,node16-npm8,16.20.2,288,0,0,,benchmarks/web3bugs/best_effort_build_runs/27/web3bugs-27-best-effort-20260817T185452Z-075d44ccafa84442aba9e628f29994ca/attempt_manifest.json
web3bugs-28-best-effort-20260817T185452Z-fa6b5223c4f545269a09807b209a5db9,28,2026-08-17T18:54:52.942037+00:00,65.684883,"[""/home/vau3677/liu_coop/anonymized_repo_TOSEM/environment/toolchains/node/16.20.2/bin/npm"", ""install"", ""--no-audit"", ""--no-fund"", ""--ignore-scripts"", ""--legacy-peer-deps""]",0,npm run build,1,BUILD_FAILURE,node16-npm8,16.20.2,283,0,0,,benchmarks/web3bugs/best_effort_build_runs/28/web3bugs-28-best-effort-20260817T185452Z-fa6b5223c4f545269a09807b209a5db9/attempt_manifest.json
web3bugs-42-best-effort-20260817T185519Z-be032017170044bdac837f932bb11725,42,2026-08-17T18:55:19.906697+00:00,49.838922,"[""/home/vau3677/liu_coop/anonymized_repo_TOSEM/environment/toolchains/node/16.20.2/bin/npm"", ""install"", ""--no-audit"", ""--no-fund"", ""--ignore-scripts"", ""--legacy-peer-deps""]",0,npm run compile,1,BUILD_FAILURE,node16-npm8,16.20.2,430,0,0,,benchmarks/web3bugs/best_effort_build_runs/42/web3bugs-42-best-effort-20260817T185519Z-be032017170044bdac837f932bb11725/attempt_manifest.json
web3bugs-72-best-effort-20260817T185558Z-d5662fb6a9a541acbd55fd2a18463bce,72,2026-08-17T18:55:58.692334+00:00,40.119974,"[""/home/vau3677/liu_coop/anonymized_repo_TOSEM/environment/toolchains/node/16.20.2/bin/npm"", ""ci"", ""--no-audit"", ""--no-fund"", ""--ignore-scripts"", ""--legacy-peer-deps""]",0,npx truffle compile,1,BUILD_FAILURE,node16-npm8,16.20.2,140,0,0,,benchmarks/web3bugs/best_effort_build_runs/72/web3bugs-72-best-effort-20260817T185558Z-d5662fb6a9a541acbd55fd2a18463bce/attempt_manifest.json
web3bugs-42-best-effort-20260817T185548Z-6e5a538b64e943e88c43047e4b5efd63,42,2026-08-17T18:55:48.251465+00:00,53.732317,"[""/home/vau3677/liu_coop/anonymized_repo_TOSEM/environment/toolchains/node/16.20.2/bin/npm"", ""install"", ""--no-audit"", ""--no-fund"", ""--ignore-scripts"", ""--legacy-peer-deps""]",0,npm run compile,1,BUILD_FAILURE,node16-npm8,16.20.2,430,0,0,,benchmarks/web3bugs/best_effort_build_runs/42/web3bugs-42-best-effort-20260817T185548Z-6e5a538b64e943e88c43047e4b5efd63/attempt_manifest.json
web3bugs-58-best-effort-20260817T185552Z-2fca46ebb0b64845ac7f73f64da5dac7,58,2026-08-17T18:55:52.506618+00:00,52.984558,"[""/home/vau3677/liu_coop/anonymized_repo_TOSEM/environment/toolchains/node/16.20.2/bin/npm"", ""install"", ""--no-audit"", ""--no-fund"", ""--ignore-scripts"", ""--legacy-peer-deps""]",0,npm run compile,1,BUILD_FAILURE,node16-npm8,16.20.2,278,0,0,,benchmarks/web3bugs/best_effort_build_runs/58/web3bugs-58-best-effort-20260817T185552Z-2fca46ebb0b64845ac7f73f64da5dac7/attempt_manifest.json
web3bugs-109-best-effort-20260817T185609Z-6b71cb2a4b3c4228acd733a661e07a87,109,2026-08-17T18:56:09.832419+00:00,38.095429,"[""/home/vau3677/liu_coop/anonymized_repo_TOSEM/environment/toolchains/node/16.20.2/bin/npm"", ""ci"", ""--no-audit"", ""--no-fund"", ""--ignore-scripts"", ""--legacy-peer-deps""]",0,npm run build,1,BUILD_FAILURE,node16-npm8,16.20.2,35,0,0,,benchmarks/web3bugs/best_effort_build_runs/109/web3bugs-109-best-effort-20260817T185609Z-6b71cb2a4b3c4228acd733a661e07a87/attempt_manifest.json
web3bugs-17-best-effort-20260817T185743Z-ba7f24bfd9b84df3ba3ae3cb0aeb8e40,17,2026-08-17T18:57:43.765576+00:00,38.526435,"[""/home/vau3677/liu_coop/anonymized_repo_TOSEM/environment/toolchains/node/16.20.2/bin/node"", ""/home/vau3677/liu_coop/anonymized_repo_TOSEM/environment/toolchains/yarn/1.22.22/bin/yarn.js"", ""install"", ""--non-interactive"", ""--ignore-scripts"", ""--frozen-lockfile""]",0,npx hardhat compile,1,BUILD_FAILURE,node16-yarn1,16.20.2,86,0,0,,benchmarks/web3bugs/best_effort_build_runs/17/web3bugs-17-best-effort-20260817T185743Z-ba7f24bfd9b84df3ba3ae3cb0aeb8e40/attempt_manifest.json
web3bugs-105-best-effort-20260817T185743Z-22567f2b51724d7ea1e6a779538ce5dc,105,2026-08-17T18:57:43.772484+00:00,52.577029,"[""/home/vau3677/liu_coop/anonymized_repo_TOSEM/environment/toolchains/node/16.20.2/bin/npm"", ""ci"", ""--no-audit"", ""--no-fund"", ""--ignore-scripts"", ""--legacy-peer-deps""]",0,npm run compile,0,SUCCESS,node16-npm8,16.20.2,64,0,45,f20de957ced61c65c69e3fa2b1b07071473f06a8fa377257754825179398651a,benchmarks/web3bugs/best_effort_build_runs/105/web3bugs-105-best-effort-20260817T185743Z-22567f2b51724d7ea1e6a779538ce5dc/attempt_manifest.json
web3bugs-45-best-effort-20260817T185743Z-b0ac3489236841ce9cfdba4929388e1e,45,2026-08-17T18:57:43.768779+00:00,73.029703,"[""/home/vau3677/liu_coop/anonymized_repo_TOSEM/environment/toolchains/node/16.20.2/bin/node"", ""/home/vau3677/liu_coop/anonymized_repo_TOSEM/environment/toolchains/yarn/1.22.22/bin/yarn.js"", ""install"", ""--non-interactive"", ""--ignore-scripts"", ""--frozen-lockfile""]",0,yarn compile,0,SUCCESS,node16-yarn1,16.20.2,146,0,210,73aa9bb102ea237a718fda9fb0bea080fc32d31c5f1e53fe778b6c98779a81a7,benchmarks/web3bugs/best_effort_build_runs/45/web3bugs-45-best-effort-20260817T185743Z-b0ac3489236841ce9cfdba4929388e1e/attempt_manifest.json
web3bugs-53-best-effort-20260817T185743Z-1971dabb0c0546f3aff75eb542361a53,53,2026-08-17T18:57:43.770376+00:00,76.168435,"[""/home/vau3677/liu_coop/anonymized_repo_TOSEM/environment/toolchains/node/12.22.12/bin/node"", ""/home/vau3677/liu_coop/anonymized_repo_TOSEM/environment/toolchains/yarn/1.22.22/bin/yarn.js"", ""install"", ""--non-interactive"", ""--ignore-scripts"", ""--frozen-lockfile""]",0,yarn build,0,SUCCESS,node12-yarn1,12.22.12,68,0,99,029749c73b1ae5c58b83b59e99979e837ff39bb9ab304750bd79df4fe45ba753,benchmarks/web3bugs/best_effort_build_runs/53/web3bugs-53-best-effort-20260817T185743Z-1971dabb0c0546f3aff75eb542361a53/attempt_manifest.json
web3bugs-66-best-effort-20260817T190247Z-ba9523b4c2be4e78b18ef59701a5f0be,66,2026-08-17T19:02:47.568831+00:00,45.464544,"[""/home/vau3677/liu_coop/anonymized_repo_TOSEM/environment/toolchains/node/16.20.2/bin/npm"", ""install"", ""--no-audit"", ""--no-fund"", ""--ignore-scripts"", ""--legacy-peer-deps""]",0,npx hardhat compile,0,PROHIBITED_EDIT,node16-yarn1,16.20.2,340,1,352,9bf27f008ba3ebbea416bacb185c00e68744e833187ac39784c2a59a05ea097a,benchmarks/web3bugs/best_effort_build_runs/66/web3bugs-66-best-effort-20260817T190247Z-ba9523b4c2be4e78b18ef59701a5f0be/attempt_manifest.json
web3bugs-66-best-effort-20260817T190409Z-a9d3de83c8dc4ab0907db1c05db2563a,66,2026-08-17T19:04:09.304685+00:00,42.839728,"[""/home/vau3677/liu_coop/anonymized_repo_TOSEM/environment/toolchains/node/16.20.2/bin/node"", ""/home/vau3677/liu_coop/anonymized_repo_TOSEM/environment/toolchains/yarn/1.22.22/bin/yarn.js"", ""install"", ""--non-interactive"", ""--ignore-scripts"", ""--pure-lockfile""]",0,npx hardhat compile,0,SUCCESS,node16-yarn1,16.20.2,340,0,353,f84fd5dc5644e1438ee66584f4dc44d1592678e126326d23ef8d8d7676805c19,benchmarks/web3bugs/best_effort_build_runs/66/web3bugs-66-best-effort-20260817T190409Z-a9d3de83c8dc4ab0907db1c05db2563a/attempt_manifest.json
web3bugs-96-best-effort-20260817T190534Z-5a7f03f41f2948f89e33d4498ad6337e,96,2026-08-17T19:05:34.196464+00:00,14.824385,"[""/home/vau3677/liu_coop/anonymized_repo_TOSEM/environment/toolchains/node/16.20.2/bin/node"", ""/home/vau3677/liu_coop/anonymized_repo_TOSEM/environment/toolchains/yarn/1.22.22/bin/yarn.js"", ""install"", ""--non-interactive"", ""--ignore-scripts"", ""--pure-lockfile""]",1,yarn compile,,DEPENDENCY_FAILURE,node16-npm8,16.20.2,282,0,4,6130c9389567a0f5f6af3b913954552a972ab8c5c017b234aafed3f38a9151c0,benchmarks/web3bugs/best_effort_build_runs/96/web3bugs-96-best-effort-20260817T190534Z-5a7f03f41f2948f89e33d4498ad6337e/attempt_manifest.json
web3bugs-96-best-effort-20260817T190534Z-ba60593bc80442f98ace3f1aa07a789c,96,2026-08-17T19:05:34.197906+00:00,24.310027,"[""/home/vau3677/liu_coop/anonymized_repo_TOSEM/environment/toolchains/node/16.20.2/bin/node"", ""/home/vau3677/liu_coop/anonymized_repo_TOSEM/environment/toolchains/yarn/1.22.22/bin/yarn.js"", ""install"", ""--non-interactive"", ""--ignore-scripts"", ""--pure-lockfile""]",0,yarn compile,1,BUILD_FAILURE,node16-npm8,16.20.2,282,0,4,6130c9389567a0f5f6af3b913954552a972ab8c5c017b234aafed3f38a9151c0,benchmarks/web3bugs/best_effort_build_runs/96/web3bugs-96-best-effort-20260817T190534Z-ba60593bc80442f98ace3f1aa07a789c/attempt_manifest.json
web3bugs-43-best-effort-20260817T190711Z-0c121b82c2ad41ce9bfc6c3b798ab68d,43,2026-08-17T19:07:11.345917+00:00,37.029834,"[""/home/vau3677/liu_coop/anonymized_repo_TOSEM/environment/toolchains/node/16.20.2/bin/npm"", ""install"", ""--no-audit"", ""--no-fund"", ""--ignore-scripts"", ""--package-lock=false"", ""--legacy-peer-deps""]",0,npx hardhat compile,1,BUILD_FAILURE,node16-npm8,16.20.2,35,0,1,bb4e4b77002068c829cfa32901fbc707294efcd882e5fb45a3cd831a607b8b99,benchmarks/web3bugs/best_effort_build_runs/43/web3bugs-43-best-effort-20260817T190711Z-0c121b82c2ad41ce9bfc6c3b798ab68d/attempt_manifest.json
web3bugs-57-best-effort-20260817T190711Z-4f34fb2678344e23b2523d38ab5d6e15,57,2026-08-17T19:07:11.350402+00:00,46.080096,"[""/home/vau3677/liu_coop/anonymized_repo_TOSEM/environment/toolchains/node/16.20.2/bin/npm"", ""install"", ""--no-audit"", ""--no-fund"", ""--ignore-scripts"", ""--package-lock=false"", ""--legacy-peer-deps""]",0,npm run compile,0,SUCCESS,node16-npm8,16.20.2,49,0,107,8adcc82ab64dfee0391170204dbc01d4a7d70151b102ef15a28b0788fd9311f1,benchmarks/web3bugs/best_effort_build_runs/57/web3bugs-57-best-effort-20260817T190711Z-4f34fb2678344e23b2523d38ab5d6e15/attempt_manifest.json
web3bugs-102-best-effort-20260817T190711Z-9cac8dfa2f4e4b5fa947a544b3922370,102,2026-08-17T19:07:11.349040+00:00,55.359638,"[""/home/vau3677/liu_coop/anonymized_repo_TOSEM/environment/toolchains/node/16.20.2/bin/npm"", ""install"", ""--no-audit"", ""--no-fund"", ""--ignore-scripts"", ""--package-lock=false"", ""--legacy-peer-deps""]",0,npm run compile,0,SUCCESS,node16-npm8,16.20.2,86,0,103,0e1345c38661b41cf9a51736f08e58a81fcd0755e6e165f6ecb770534f14085c,benchmarks/web3bugs/best_effort_build_runs/102/web3bugs-102-best-effort-20260817T190711Z-9cac8dfa2f4e4b5fa947a544b3922370/attempt_manifest.json
web3bugs-69-best-effort-20260817T190825Z-e1563d6b55f24f33a7398040f71dc66f,69,2026-08-17T19:08:25.036400+00:00,34.799078,"[""/home/vau3677/liu_coop/anonymized_repo_TOSEM/environment/toolchains/node/16.20.2/bin/npm"", ""install"", ""--no-audit"", ""--no-fund"", ""--ignore-scripts"", ""--package-lock=false"", ""--legacy-peer-deps""]",0,npx hardhat compile,1,BUILD_FAILURE,node16-npm8,16.20.2,162,0,0,,benchmarks/web3bugs/best_effort_build_runs/69/web3bugs-69-best-effort-20260817T190825Z-e1563d6b55f24f33a7398040f71dc66f/attempt_manifest.json
web3bugs-13-best-effort-20260817T190825Z-8e452412b1ed4b2d952327037671156d,13,2026-08-17T19:08:25.035029+00:00,53.044716,"[""/home/vau3677/liu_coop/anonymized_repo_TOSEM/environment/toolchains/node/16.20.2/bin/npm"", ""install"", ""--no-audit"", ""--no-fund"", ""--ignore-scripts"", ""--package-lock=false"", ""--legacy-peer-deps""]",0,yarn compile,1,BUILD_FAILURE,node16-yarn1,16.20.2,47,0,0,,benchmarks/web3bugs/best_effort_build_runs/13/web3bugs-13-best-effort-20260817T190825Z-8e452412b1ed4b2d952327037671156d/attempt_manifest.json
web3bugs-69-best-effort-20260817T190951Z-477b1fd7fb6a45c2a579bc425c97f9eb,69,2026-08-17T19:09:51.584389+00:00,41.297222,"[""/home/vau3677/liu_coop/anonymized_repo_TOSEM/environment/toolchains/node/16.20.2/bin/npm"", ""install"", ""--no-audit"", ""--no-fund"", ""--ignore-scripts"", ""--package-lock=false"", ""--legacy-peer-deps""]",0,npx hardhat compile,1,BUILD_FAILURE,node16-npm8,16.20.2,162,0,0,,benchmarks/web3bugs/best_effort_build_runs/69/web3bugs-69-best-effort-20260817T190951Z-477b1fd7fb6a45c2a579bc425c97f9eb/attempt_manifest.json
web3bugs-59-best-effort-20260817T191142Z-7dc476582e9045d4a797ed49293ee7ae,59,2026-08-17T19:11:42.375824+00:00,22.497682,"[""/home/vau3677/liu_coop/anonymized_repo_TOSEM/environment/toolchains/node/16.20.2/bin/node"", ""/home/vau3677/liu_coop/anonymized_repo_TOSEM/environment/toolchains/yarn/1.22.22/bin/yarn.js"", ""install"", ""--non-interactive"", ""--ignore-scripts"", ""--frozen-lockfile""]",0,npx hardhat compile,1,BUILD_FAILURE,node16-npm8,16.20.2,180,0,0,,benchmarks/web3bugs/best_effort_build_runs/59/web3bugs-59-best-effort-20260817T191142Z-7dc476582e9045d4a797ed49293ee7ae/attempt_manifest.json
web3bugs-131-best-effort-20260817T191319Z-beefc750b47f45fcbdafcbfcacecb0fe,131,2026-08-17T19:13:19.933030+00:00,15.106523,"[""/home/vau3677/liu_coop/anonymized_repo_TOSEM/environment/toolchains/node/16.20.2/bin/node"", ""/home/vau3677/liu_coop/anonymized_repo_TOSEM/environment/toolchains/yarn/1.22.22/bin/yarn.js"", ""install"", ""--non-interactive"", ""--ignore-scripts"", ""--frozen-lockfile""]",0,brownie compile,1,BUILD_FAILURE,node16-npm8,16.20.2,364,0,0,,benchmarks/web3bugs/best_effort_build_runs/131/web3bugs-131-best-effort-20260817T191319Z-beefc750b47f45fcbdafcbfcacecb0fe/attempt_manifest.json
web3bugs-131-best-effort-20260817T191432Z-29deb20328484a5d9d238b67671c8374,131,2026-08-17T19:14:32.451028+00:00,13.082425,"[""/home/vau3677/liu_coop/anonymized_repo_TOSEM/environment/toolchains/node/16.20.2/bin/npm"", ""install"", ""--no-audit"", ""--no-fund"", ""--ignore-scripts"", ""--package-lock=false"", ""--legacy-peer-deps"", ""@chainlink/contracts@0.4.0""]",0,npx hardhat compile,1,BUILD_FAILURE,node16-npm8,16.20.2,364,1,0,,benchmarks/web3bugs/best_effort_build_runs/131/web3bugs-131-best-effort-20260817T191432Z-29deb20328484a5d9d238b67671c8374/attempt_manifest.json
web3bugs-131-best-effort-20260817T191555Z-c63cd6d0469246bc88b5f17f88537959,131,2026-08-17T19:15:55.020233+00:00,53.066384,"[""/home/vau3677/liu_coop/anonymized_repo_TOSEM/environment/toolchains/node/16.20.2/bin/node"", ""/home/vau3677/liu_coop/anonymized_repo_TOSEM/environment/toolchains/yarn/1.22.22/bin/yarn.js"", ""install"", ""--non-interactive"", ""--ignore-scripts"", ""--frozen-lockfile""]",0,brownie compile,0,SUCCESS,node16-npm8,16.20.2,364,0,214,0b36de0014cf00314f6c251f783acb025498586948adf154cc07c6d6372a2430,benchmarks/web3bugs/best_effort_build_runs/131/web3bugs-131-best-effort-20260817T191555Z-c63cd6d0469246bc88b5f17f88537959/attempt_manifest.json
web3bugs-8-best-effort-20260817T192058Z-7ecb3737d9b54f8bbd3f953b9efe829c,8,2026-08-17T19:20:58.369094+00:00,19.721115,"[""/home/vau3677/liu_coop/anonymized_repo_TOSEM/environment/toolchains/node/16.20.2/bin/node"", ""/home/vau3677/liu_coop/anonymized_repo_TOSEM/environment/toolchains/yarn/1.22.22/bin/yarn.js"", ""install"", ""--non-interactive"", ""--ignore-scripts"", ""--pure-lockfile""]",0,npx hardhat compile,1,BUILD_FAILURE,node16-npm8,16.20.2,90,0,0,,benchmarks/web3bugs/best_effort_build_runs/8/web3bugs-8-best-effort-20260817T192058Z-7ecb3737d9b54f8bbd3f953b9efe829c/attempt_manifest.json
web3bugs-27-best-effort-20260817T192118Z-a4e1ee751d624782be917894aa88b6a2,27,2026-08-17T19:21:18.097347+00:00,26.133474,"[""/home/vau3677/liu_coop/anonymized_repo_TOSEM/environment/toolchains/node/16.20.2/bin/node"", ""/home/vau3677/liu_coop/anonymized_repo_TOSEM/environment/toolchains/yarn/1.22.22/bin/yarn.js"", ""install"", ""--non-interactive"", ""--ignore-scripts"", ""--pure-lockfile""]",1,npx hardhat compile,,DEPENDENCY_FAILURE,node16-npm8,16.20.2,288,0,0,,benchmarks/web3bugs/best_effort_build_runs/27/web3bugs-27-best-effort-20260817T192118Z-a4e1ee751d624782be917894aa88b6a2/attempt_manifest.json
web3bugs-72-best-effort-20260817T192144Z-eb51a7f192ba40a998b4cdb7c910bf93,72,2026-08-17T19:21:44.262605+00:00,1.847561,,,brownie compile,1,BUILD_FAILURE,node16-npm8,16.20.2,140,0,0,,benchmarks/web3bugs/best_effort_build_runs/72/web3bugs-72-best-effort-20260817T192144Z-eb51a7f192ba40a998b4cdb7c910bf93/attempt_manifest.json
web3bugs-81-best-effort-20260817T192343Z-054f34bf19ef4d9385aaae41b4f1dc45,81,2026-08-17T19:23:43.363244+00:00,7.18086,,,brownie compile,0,SUCCESS,node16-yarn1,16.20.2,63,0,65,54a6d056478e11c818d48e442a06cedd2f8b3fff95c1c606038640b30b12f664,benchmarks/web3bugs/best_effort_build_runs/81/web3bugs-81-best-effort-20260817T192343Z-054f34bf19ef4d9385aaae41b4f1dc45/attempt_manifest.json
web3bugs-28-best-effort-20260817T192501Z-ca3f0e7a47804ddfa7fe4039dcc607a5,28,2026-08-17T19:25:01.912617+00:00,17.971702,,,brownie compile,0,SUCCESS,node16-npm8,16.20.2,283,0,129,195ee282c8a61cfc210a84f4832e2cec1f06a37174f7069803a4a92ec7db2ab1,benchmarks/web3bugs/best_effort_build_runs/28/web3bugs-28-best-effort-20260817T192501Z-ca3f0e7a47804ddfa7fe4039dcc607a5/attempt_manifest.json
web3bugs-23-best-effort-20260817T192519Z-71316284a81b46bfba7c1fa39dc2748e,23,2026-08-17T19:25:19.888822+00:00,3.908674,,,brownie compile,1,BUILD_FAILURE,node16-npm8,16.20.2,242,0,18,f0f6dcf089b696078734ee9aeb04ef696793a3456e39e925c6492c33ceb96b61,benchmarks/web3bugs/best_effort_build_runs/23/web3bugs-23-best-effort-20260817T192519Z-71316284a81b46bfba7c1fa39dc2748e/attempt_manifest.json
web3bugs-62-best-effort-20260817T192625Z-8a08cde6b5654d65a77d8a0add42848b,62,2026-08-17T19:26:25.332358+00:00,0.23958,,,forge build --skip test --skip script,0,SUCCESS,node16-npm8,16.20.2,92,0,1,5c79d1a1ef579751e53ca819c2a19275f909ec8b6aaf6e6e3a22342cc9b52904,benchmarks/web3bugs/best_effort_build_runs/62/web3bugs-62-best-effort-20260817T192625Z-8a08cde6b5654d65a77d8a0add42848b/attempt_manifest.json
web3bugs-193-best-effort-20260817T192625Z-44605fab88bb46acafd9d42b2e9a6452,193,2026-08-17T19:26:25.577175+00:00,0.764153,,,forge build --skip test --skip script,1,BUILD_FAILURE,node16-yarn1,16.20.2,130,0,0,,benchmarks/web3bugs/best_effort_build_runs/193/web3bugs-193-best-effort-20260817T192625Z-44605fab88bb46acafd9d42b2e9a6452/attempt_manifest.json
web3bugs-56-best-effort-20260817T192711Z-94c9629e748c4eb7b5e00f89051da2ae,56,2026-08-17T19:27:11.800885+00:00,22.035068,"[""/home/vau3677/liu_coop/anonymized_repo_TOSEM/environment/toolchains/node/16.20.2/bin/node"", ""/home/vau3677/liu_coop/anonymized_repo_TOSEM/environment/toolchains/yarn/1.22.22/bin/yarn.js"", ""install"", ""--non-interactive"", ""--ignore-scripts"", ""--pure-lockfile""]",0,npx hardhat compile:solidity,1,BUILD_FAILURE,node16-yarn1,16.20.2,227,0,0,,benchmarks/web3bugs/best_effort_build_runs/56/web3bugs-56-best-effort-20260817T192711Z-94c9629e748c4eb7b5e00f89051da2ae/attempt_manifest.json
web3bugs-190-best-effort-20260817T192844Z-167e285330e94b5baf276a998c66bb74,190,2026-08-17T19:28:44.389896+00:00,47.106917,"[""/home/vau3677/liu_coop/anonymized_repo_TOSEM/environment/toolchains/node/16.20.2/bin/node"", ""/home/vau3677/liu_coop/anonymized_repo_TOSEM/environment/toolchains/yarn/1.22.22/bin/yarn.js"", ""install"", ""--non-interactive"", ""--ignore-scripts"", ""--pure-lockfile""]",128,npx hardhat compile,,DEPENDENCY_FAILURE,node16-npm8,16.20.2,1675,0,0,,benchmarks/web3bugs/best_effort_build_runs/190/web3bugs-190-best-effort-20260817T192844Z-167e285330e94b5baf276a998c66bb74/attempt_manifest.json
web3bugs-190-best-effort-20260817T192931Z-6d0b678b9ba548079b4311b99a01afea,190,2026-08-17T19:29:31.501913+00:00,43.050013,"[""/home/vau3677/liu_coop/anonymized_repo_TOSEM/environment/toolchains/node/16.20.2/bin/node"", ""/home/vau3677/liu_coop/anonymized_repo_TOSEM/environment/toolchains/yarn/1.22.22/bin/yarn.js"", ""install"", ""--non-interactive"", ""--ignore-scripts"", ""--pure-lockfile""]",128,npx hardhat compile,,DEPENDENCY_FAILURE,node16-npm8,16.20.2,1675,0,0,,benchmarks/web3bugs/best_effort_build_runs/190/web3bugs-190-best-effort-20260817T192931Z-6d0b678b9ba548079b4311b99a01afea/attempt_manifest.json
web3bugs-190-best-effort-20260817T193014Z-f82f9acb886a4b219c90f8cf5fc5fb59,190,2026-08-17T19:30:14.563188+00:00,44.531056,"[""/home/vau3677/liu_coop/anonymized_repo_TOSEM/environment/toolchains/node/16.20.2/bin/node"", ""/home/vau3677/liu_coop/anonymized_repo_TOSEM/environment/toolchains/yarn/1.22.22/bin/yarn.js"", ""install"", ""--non-interactive"", ""--ignore-scripts"", ""--pure-lockfile""]",128,npx hardhat compile,,DEPENDENCY_FAILURE,node16-npm8,16.20.2,1675,0,0,,benchmarks/web3bugs/best_effort_build_runs/190/web3bugs-190-best-effort-20260817T193014Z-f82f9acb886a4b219c90f8cf5fc5fb59/attempt_manifest.json
