'/tmp/.svm/0.8.20/solc-0.8.20 --version' running
'solc --standard-json --allow-paths /tmp/analysis-input' running
Warning: Warning: SPDX license identifier not provided in source file. Before publishing, consider adding a comment containing "SPDX-License-Identifier: <SPDX-License>" to each source file. Use "SPDX-License-Identifier: UNLICENSED" for non-open-source code. Please see https://spdx.org for more information.
--> sol-tests/proposals/DummyCallTarget.sol


Warning: Warning: This declaration shadows an existing declaration.
   --> sol-tests/crowdfund/AuctionCrowdfund.t.sol:145:9:
    |
145 |         ProposalStorage.ProposalEngineOpts memory proposalEngineOpts;
    |         ^^^^^^^^^^^^^^^^^^^^^^^^^^^^^^^^^^^^^^^^^^^^^^^^^^^^^^^^^^^^
Note: The shadowed declaration is here:
  --> sol-tests/crowdfund/AuctionCrowdfund.t.sol:57:5:
   |
57 |     ProposalStorage.ProposalEngineOpts proposalEngineOpts;
   |     ^^^^^^^^^^^^^^^^^^^^^^^^^^^^^^^^^^^^^^^^^^^^^^^^^^^^^


Warning: Warning: This declaration shadows an existing declaration.
   --> sol-tests/crowdfund/BuyCrowdfund.t.sol:138:9:
    |
138 |         ProposalStorage.ProposalEngineOpts memory proposalEngineOpts;
    |         ^^^^^^^^^^^^^^^^^^^^^^^^^^^^^^^^^^^^^^^^^^^^^^^^^^^^^^^^^^^^
Note: The shadowed declaration is here:
  --> sol-tests/crowdfund/BuyCrowdfund.t.sol:55:5:
   |
55 |     ProposalStorage.ProposalEngineOpts proposalEngineOpts;
   |     ^^^^^^^^^^^^^^^^^^^^^^^^^^^^^^^^^^^^^^^^^^^^^^^^^^^^^


Warning: Warning: This declaration shadows an existing declaration.
   --> sol-tests/crowdfund/Crowdfund.t.sol:183:9:
    |
183 |         Crowdfund.FixedGovernanceOpts memory govOpts = cf.getFixedGovernanceOpts();
    |         ^^^^^^^^^^^^^^^^^^^^^^^^^^^^^^^^^^^^^^^^^^^^
Note: The shadowed declaration is here:
  --> sol-tests/crowdfund/Crowdfund.t.sol:65:5:
   |
65 |     Crowdfund.FixedGovernanceOpts govOpts;
   |     ^^^^^^^^^^^^^^^^^^^^^^^^^^^^^^^^^^^^^


Warning: Warning: This declaration shadows an existing declaration.
   --> sol-tests/crowdfund/ReraiseETHCrowdfund.t.sol:544:9:
    |
544 |         Party party = crowdfund.party();
    |         ^^^^^^^^^^^
Note: The shadowed declaration is here:
  --> sol-tests/crowdfund/ReraiseETHCrowdfund.t.sol:30:5:
   |
30 |     Party party;
   |     ^^^^^^^^^^^


Warning: Warning: This declaration shadows an existing declaration.
   --> sol-tests/crowdfund/ReraiseETHCrowdfund.t.sol:669:9:
    |
669 |         Party party = crowdfund.party();
    |         ^^^^^^^^^^^
Note: The shadowed declaration is here:
  --> sol-tests/crowdfund/ReraiseETHCrowdfund.t.sol:30:5:
   |
30 |     Party party;
   |     ^^^^^^^^^^^


Warning: Warning: This declaration shadows an existing declaration.
   --> sol-tests/crowdfund/ReraiseETHCrowdfund.t.sol:907:9:
    |
907 |         Party party = crowdfund.party();
    |         ^^^^^^^^^^^
Note: The shadowed declaration is here:
  --> sol-tests/crowdfund/ReraiseETHCrowdfund.t.sol:30:5:
   |
30 |     Party party;
   |     ^^^^^^^^^^^


Warning: Warning: This declaration shadows an existing declaration.
    --> sol-tests/crowdfund/ReraiseETHCrowdfund.t.sol:1115:9:
     |
1115 |         Party party = crowdfund.party();
     |         ^^^^^^^^^^^
Note: The shadowed declaration is here:
  --> sol-tests/crowdfund/ReraiseETHCrowdfund.t.sol:30:5:
   |
30 |     Party party;
   |     ^^^^^^^^^^^


Warning: Warning: This contract has a payable fallback function, but no receive ether function. Consider adding a receive ether function.
 --> contracts/utils/Proxy.sol:8:1:
  |
8 | contract Proxy {
  | ^ (Relevant source part starts here and spans across multiple lines).
Note: The payable fallback function is defined here.
  --> contracts/utils/Proxy.sol:25:5:
   |
25 |     fallback() external payable {
   |     ^ (Relevant source part starts here and spans across multiple lines).


Warning: Warning: Return value of low-level calls not used.
  --> sol-tests/utils/Implementation.t.sol:24:9:
   |
24 |         address(this).call(abi.encodeCall(this.initialize, ()));
   |         ^^^^^^^^^^^^^^^^^^^^^^^^^^^^^^^^^^^^^^^^^^^^^^^^^^^^^^^


Warning: Warning: Unreachable code.
  --> contracts/crowdfund/CrowdfundNFT.sol:57:81:
   |
57 |     function transferFrom(address, address, uint256) external pure alwaysRevert {}
   |                                                                                 ^^


Warning: Warning: Unreachable code.
  --> contracts/crowdfund/CrowdfundNFT.sol:61:85:
   |
61 |     function safeTransferFrom(address, address, uint256) external pure alwaysRevert {}
   |                                                                                     ^^


Warning: Warning: Unreachable code.
  --> contracts/crowdfund/CrowdfundNFT.sol:70:34:
   |
70 |     ) external pure alwaysRevert {}
   |                                  ^^


Warning: Warning: Unreachable code.
  --> contracts/crowdfund/CrowdfundNFT.sol:74:67:
   |
74 |     function approve(address, uint256) external pure alwaysRevert {}
   |                                                                   ^^


Warning: Warning: Unreachable code.
  --> contracts/crowdfund/CrowdfundNFT.sol:78:74:
   |
78 |     function setApprovalForAll(address, bool) external pure alwaysRevert {}
   |                                                                          ^^


Warning: Warning: Unused local variable.
   --> sol-tests/crowdfund/InitialETHCrowdfund.t.sol:588:9:
    |
588 |         Party party = crowdfund.party();
    |         ^^^^^^^^^^^


Warning: Warning: Unused local variable.
   --> sol-tests/crowdfund/InitialETHCrowdfund.t.sol:708:9:
    |
708 |         Party party = crowdfund.party();
    |         ^^^^^^^^^^^


Warning: Warning: Unused local variable.
    --> sol-tests/crowdfund/InitialETHCrowdfund.t.sol:1637:9:
     |
1637 |         address payable fundingSplitRecipient = payable(_randomAddress());
     |         ^^^^^^^^^^^^^^^^^^^^^^^^^^^^^^^^^^^^^


Warning: Warning: Unused local variable.
   --> sol-tests/crowdfund/ReraiseETHCrowdfund.t.sol:544:9:
    |
544 |         Party party = crowdfund.party();
    |         ^^^^^^^^^^^


Warning: Warning: Unused local variable.
   --> sol-tests/crowdfund/ReraiseETHCrowdfund.t.sol:669:9:
    |
669 |         Party party = crowdfund.party();
    |         ^^^^^^^^^^^


Warning: Warning: Unused local variable.
   --> sol-tests/crowdfund/ReraiseETHCrowdfund.t.sol:907:9:
    |
907 |         Party party = crowdfund.party();
    |         ^^^^^^^^^^^


Warning: Warning: Unused function parameter. Remove or comment out the variable name to silence this warning.
  --> sol-tests/proposals/OperatorProposal.t.sol:25:9:
   |
25 |         address executor,
   |         ^^^^^^^^^^^^^^^^


Warning: Warning: Unused function parameter. Remove or comment out the variable name to silence this warning.
  --> sol-tests/proposals/OperatorProposal.t.sol:26:9:
   |
26 |         bool allowOperatorsToSpendPartyEth
   |         ^^^^^^^^^^^^^^^^^^^^^^^^^^^^^^^^^^


Warning: Warning: "this" used in constructor. Note that external functions of a contract cannot be called while it is being constructed.
  --> sol-tests/utils/Implementation.t.sol:24:43:
   |
24 |         address(this).call(abi.encodeCall(this.initialize, ()));
   |                                           ^^^^


Warning: Warning: Function state mutability can be restricted to pure
    --> sol-tests/party/PartyGovernanceNFT.t.sol:1376:5:
     |
1376 |     function balanceOf(address) external returns (uint256) {
     |     ^ (Relevant source part starts here and spans across multiple lines).


Warning: Warning: Contract code size is 43520 bytes and exceeds 24576 bytes (a limit introduced in Spurious Dragon). This contract may not be deployable on Mainnet. Consider enabling the optimizer (with a low "runs" value!), turning off revert strings, or using libraries.
  --> contracts/party/PartyGovernanceNFT.sol:15:1:
   |
15 | contract PartyGovernanceNFT is PartyGovernance, ERC721, IERC2981 {
   | ^ (Relevant source part starts here and spans across multiple lines).


Warning: Warning: Contract code size is 47439 bytes and exceeds 24576 bytes (a limit introduced in Spurious Dragon). This contract may not be deployable on Mainnet. Consider enabling the optimizer (with a low "runs" value!), turning off revert strings, or using libraries.
  --> contracts/party/Party.sol:11:1:
   |
11 | contract Party is PartyGovernanceNFT {
   | ^ (Relevant source part starts here and spans across multiple lines).


Warning: Warning: Contract code size is 33673 bytes and exceeds 24576 bytes (a limit introduced in Spurious Dragon). This contract may not be deployable on Mainnet. Consider enabling the optimizer (with a low "runs" value!), turning off revert strings, or using libraries.
 --> contracts/crowdfund/AuctionCrowdfund.sol:8:1:
  |
8 | contract AuctionCrowdfund is AuctionCrowdfundBase {
  | ^ (Relevant source part starts here and spans across multiple lines).


Warning: Warning: Contract code size is 31468 bytes and exceeds 24576 bytes (a limit introduced in Spurious Dragon). This contract may not be deployable on Mainnet. Consider enabling the optimizer (with a low "runs" value!), turning off revert strings, or using libraries.
  --> contracts/crowdfund/BuyCrowdfund.sol:14:1:
   |
14 | contract BuyCrowdfund is BuyCrowdfundBase {
   | ^ (Relevant source part starts here and spans across multiple lines).


Warning: Warning: Contract code size is 33335 bytes and exceeds 24576 bytes (a limit introduced in Spurious Dragon). This contract may not be deployable on Mainnet. Consider enabling the optimizer (with a low "runs" value!), turning off revert strings, or using libraries.
  --> contracts/crowdfund/CollectionBatchBuyCrowdfund.sol:15:1:
   |
15 | contract CollectionBatchBuyCrowdfund is BuyCrowdfundBase {
   | ^ (Relevant source part starts here and spans across multiple lines).


Warning: Warning: Contract code size is 30984 bytes and exceeds 24576 bytes (a limit introduced in Spurious Dragon). This contract may not be deployable on Mainnet. Consider enabling the optimizer (with a low "runs" value!), turning off revert strings, or using libraries.
  --> contracts/crowdfund/CollectionBuyCrowdfund.sol:16:1:
   |
16 | contract CollectionBuyCrowdfund is BuyCrowdfundBase {
   | ^ (Relevant source part starts here and spans across multiple lines).


Warning: Warning: Contract code size is 35844 bytes and exceeds 24576 bytes (a limit introduced in Spurious Dragon). This contract may not be deployable on Mainnet. Consider enabling the optimizer (with a low "runs" value!), turning off revert strings, or using libraries.
  --> contracts/crowdfund/RollingAuctionCrowdfund.sol:12:1:
   |
12 | contract RollingAuctionCrowdfund is AuctionCrowdfundBase {
   | ^ (Relevant source part starts here and spans across multiple lines).


Warning: Warning: Contract code size is 28695 bytes and exceeds 24576 bytes (a limit introduced in Spurious Dragon). This contract may not be deployable on Mainnet. Consider enabling the optimizer (with a low "runs" value!), turning off revert strings, or using libraries.
  --> contracts/crowdfund/ReraiseETHCrowdfund.sol:15:1:
   |
15 | contract ReraiseETHCrowdfund is ETHCrowdfundBase, CrowdfundNFT {
   | ^ (Relevant source part starts here and spans across multiple lines).


Warning: Warning: Contract code size is 30906 bytes and exceeds 24576 bytes (a limit introduced in Spurious Dragon). This contract may not be deployable on Mainnet. Consider enabling the optimizer (with a low "runs" value!), turning off revert strings, or using libraries.
  --> contracts/proposals/ProposalExecutionEngine.sol:21:1:
   |
21 | contract ProposalExecutionEngine is
   | ^ (Relevant source part starts here and spans across multiple lines).


Warning: Warning: Contract code size is 33706 bytes and exceeds 24576 bytes (a limit introduced in Spurious Dragon). This contract may not be deployable on Mainnet. Consider enabling the optimizer (with a low "runs" value!), turning off revert strings, or using libraries.
  --> contracts/renderers/CrowdfundNFTRenderer.sol:13:1:
   |
13 | contract CrowdfundNFTRenderer is RendererBase {
   | ^ (Relevant source part starts here and spans across multiple lines).


Warning: Warning: Contract code size is 32840 bytes and exceeds 24576 bytes (a limit introduced in Spurious Dragon). This contract may not be deployable on Mainnet. Consider enabling the optimizer (with a low "runs" value!), turning off revert strings, or using libraries.
  --> contracts/renderers/PartyNFTRenderer.sol:14:1:
   |
14 | contract PartyNFTRenderer is RendererBase {
   | ^ (Relevant source part starts here and spans across multiple lines).


Warning: Warning: Contract code size is 518783 bytes and exceeds 24576 bytes (a limit introduced in Spurious Dragon). This contract may not be deployable on Mainnet. Consider enabling the optimizer (with a low "runs" value!), turning off revert strings, or using libraries.
   --> deploy/Deploy.s.sol:552:1:
    |
552 | contract DeployFork is Deploy {
    | ^ (Relevant source part starts here and spans across multiple lines).


Warning: Warning: Contract initcode size is 518814 bytes and exceeds 49152 bytes (a limit introduced in Shanghai). This contract may not be deployable on Mainnet. Consider enabling the optimizer (with a low "runs" value!), turning off revert strings, or using libraries.
   --> deploy/Deploy.s.sol:552:1:
    |
552 | contract DeployFork is Deploy {
    | ^ (Relevant source part starts here and spans across multiple lines).


Warning: Warning: Contract code size is 527634 bytes and exceeds 24576 bytes (a limit introduced in Spurious Dragon). This contract may not be deployable on Mainnet. Consider enabling the optimizer (with a low "runs" value!), turning off revert strings, or using libraries.
   --> deploy/Deploy.s.sol:562:1:
    |
562 | contract DeployScript is Script, Deploy {
    | ^ (Relevant source part starts here and spans across multiple lines).


Warning: Warning: Contract initcode size is 527692 bytes and exceeds 49152 bytes (a limit introduced in Shanghai). This contract may not be deployable on Mainnet. Consider enabling the optimizer (with a low "runs" value!), turning off revert strings, or using libraries.
   --> deploy/Deploy.s.sol:562:1:
    |
562 | contract DeployScript is Script, Deploy {
    | ^ (Relevant source part starts here and spans across multiple lines).


Warning: Warning: Contract code size is 528937 bytes and exceeds 24576 bytes (a limit introduced in Spurious Dragon). This contract may not be deployable on Mainnet. Consider enabling the optimizer (with a low "runs" value!), turning off revert strings, or using libraries.
 --> deploy/Goerli.s.sol:7:1:
  |
7 | contract GoerliDeploy is DeployScript {
  | ^ (Relevant source part starts here and spans across multiple lines).


Warning: Warning: Contract initcode size is 528995 bytes and exceeds 49152 bytes (a limit introduced in Shanghai). This contract may not be deployable on Mainnet. Consider enabling the optimizer (with a low "runs" value!), turning off revert strings, or using libraries.
 --> deploy/Goerli.s.sol:7:1:
  |
7 | contract GoerliDeploy is DeployScript {
  | ^ (Relevant source part starts here and spans across multiple lines).


Warning: Warning: Contract code size is 528911 bytes and exceeds 24576 bytes (a limit introduced in Spurious Dragon). This contract may not be deployable on Mainnet. Consider enabling the optimizer (with a low "runs" value!), turning off revert strings, or using libraries.
 --> deploy/Mainnet.s.sol:7:1:
  |
7 | contract MainnetDeploy is DeployScript {
  | ^ (Relevant source part starts here and spans across multiple lines).


Warning: Warning: Contract initcode size is 529586 bytes and exceeds 49152 bytes (a limit introduced in Shanghai). This contract may not be deployable on Mainnet. Consider enabling the optimizer (with a low "runs" value!), turning off revert strings, or using libraries.
 --> deploy/Mainnet.s.sol:7:1:
  |
7 | contract MainnetDeploy is DeployScript {
  | ^ (Relevant source part starts here and spans across multiple lines).


Warning: Warning: Contract code size is 49724 bytes and exceeds 24576 bytes (a limit introduced in Spurious Dragon). This contract may not be deployable on Mainnet. Consider enabling the optimizer (with a low "runs" value!), turning off revert strings, or using libraries.
  --> sol-tests/crowdfund/AuctionCrowdfund.t.sol:20:1:
   |
20 | contract AuctionCrowdfundTest is Test, TestUtils {
   | ^ (Relevant source part starts here and spans across multiple lines).


Warning: Warning: Contract initcode size is 141088 bytes and exceeds 49152 bytes (a limit introduced in Shanghai). This contract may not be deployable on Mainnet. Consider enabling the optimizer (with a low "runs" value!), turning off revert strings, or using libraries.
  --> sol-tests/crowdfund/AuctionCrowdfund.t.sol:20:1:
   |
20 | contract AuctionCrowdfundTest is Test, TestUtils {
   | ^ (Relevant source part starts here and spans across multiple lines).


Warning: Warning: Contract code size is 40425 bytes and exceeds 24576 bytes (a limit introduced in Spurious Dragon). This contract may not be deployable on Mainnet. Consider enabling the optimizer (with a low "runs" value!), turning off revert strings, or using libraries.
  --> sol-tests/crowdfund/BuyCrowdfund.t.sol:19:1:
   |
19 | contract BuyCrowdfundTest is Test, TestUtils {
   | ^ (Relevant source part starts here and spans across multiple lines).


Warning: Warning: Contract initcode size is 122768 bytes and exceeds 49152 bytes (a limit introduced in Shanghai). This contract may not be deployable on Mainnet. Consider enabling the optimizer (with a low "runs" value!), turning off revert strings, or using libraries.
  --> sol-tests/crowdfund/BuyCrowdfund.t.sol:19:1:
   |
19 | contract BuyCrowdfundTest is Test, TestUtils {
   | ^ (Relevant source part starts here and spans across multiple lines).


Warning: Warning: Contract code size is 76720 bytes and exceeds 24576 bytes (a limit introduced in Spurious Dragon). This contract may not be deployable on Mainnet. Consider enabling the optimizer (with a low "runs" value!), turning off revert strings, or using libraries.
  --> sol-tests/crowdfund/CollectionBatchBuyCrowdfund.t.sol:19:1:
   |
19 | contract CollectionBatchBuyCrowdfundTest is Test, TestUtils {
   | ^ (Relevant source part starts here and spans across multiple lines).


Warning: Warning: Contract initcode size is 123797 bytes and exceeds 49152 bytes (a limit introduced in Shanghai). This contract may not be deployable on Mainnet. Consider enabling the optimizer (with a low "runs" value!), turning off revert strings, or using libraries.
  --> sol-tests/crowdfund/CollectionBatchBuyCrowdfund.t.sol:19:1:
   |
19 | contract CollectionBatchBuyCrowdfundTest is Test, TestUtils {
   | ^ (Relevant source part starts here and spans across multiple lines).


Warning: Warning: Contract initcode size is 102210 bytes and exceeds 49152 bytes (a limit introduced in Shanghai). This contract may not be deployable on Mainnet. Consider enabling the optimizer (with a low "runs" value!), turning off revert strings, or using libraries.
  --> sol-tests/crowdfund/CollectionBuyCrowdfund.t.sol:19:1:
   |
19 | contract CollectionBuyCrowdfundTest is Test, TestUtils {
   | ^ (Relevant source part starts here and spans across multiple lines).


Warning: Warning: Contract code size is 29800 bytes and exceeds 24576 bytes (a limit introduced in Spurious Dragon). This contract may not be deployable on Mainnet. Consider enabling the optimizer (with a low "runs" value!), turning off revert strings, or using libraries.
 --> sol-tests/crowdfund/TestableCrowdfund.sol:6:1:
  |
6 | contract TestableCrowdfund is Crowdfund {
  | ^ (Relevant source part starts here and spans across multiple lines).


Warning: Warning: Contract code size is 115299 bytes and exceeds 24576 bytes (a limit introduced in Spurious Dragon). This contract may not be deployable on Mainnet. Consider enabling the optimizer (with a low "runs" value!), turning off revert strings, or using libraries.
  --> sol-tests/crowdfund/Crowdfund.t.sol:33:1:
   |
33 | contract CrowdfundTest is Test, TestUtils {
   | ^ (Relevant source part starts here and spans across multiple lines).


Warning: Warning: Contract initcode size is 230271 bytes and exceeds 49152 bytes (a limit introduced in Shanghai). This contract may not be deployable on Mainnet. Consider enabling the optimizer (with a low "runs" value!), turning off revert strings, or using libraries.
  --> sol-tests/crowdfund/Crowdfund.t.sol:33:1:
   |
33 | contract CrowdfundTest is Test, TestUtils {
   | ^ (Relevant source part starts here and spans across multiple lines).


Warning: Warning: Contract code size is 55982 bytes and exceeds 24576 bytes (a limit introduced in Spurious Dragon). This contract may not be deployable on Mainnet. Consider enabling the optimizer (with a low "runs" value!), turning off revert strings, or using libraries.
  --> sol-tests/crowdfund/CrowdfundFactory.t.sol:20:1:
   |
20 | contract CrowdfundFactoryTest is Test, TestUtils {
   | ^ (Relevant source part starts here and spans across multiple lines).


Warning: Warning: Contract initcode size is 374459 bytes and exceeds 49152 bytes (a limit introduced in Shanghai). This contract may not be deployable on Mainnet. Consider enabling the optimizer (with a low "runs" value!), turning off revert strings, or using libraries.
  --> sol-tests/crowdfund/CrowdfundFactory.t.sol:20:1:
   |
20 | contract CrowdfundFactoryTest is Test, TestUtils {
   | ^ (Relevant source part starts here and spans across multiple lines).


Warning: Warning: Contract initcode size is 99527 bytes and exceeds 49152 bytes (a limit introduced in Shanghai). This contract may not be deployable on Mainnet. Consider enabling the optimizer (with a low "runs" value!), turning off revert strings, or using libraries.
  --> sol-tests/crowdfund/FoundationCrowdfundForked.t.sol:20:1:
   |
20 | contract FoundationCrowdfundForkedTest is TestUtils {
   | ^ (Relevant source part starts here and spans across multiple lines).


Warning: Warning: Contract code size is 79393 bytes and exceeds 24576 bytes (a limit introduced in Spurious Dragon). This contract may not be deployable on Mainnet. Consider enabling the optimizer (with a low "runs" value!), turning off revert strings, or using libraries.
  --> sol-tests/crowdfund/InitialETHCrowdfund.t.sol:19:1:
   |
19 | contract InitialETHCrowdfundTest is Test, TestUtils, ERC721Receiver {
   | ^ (Relevant source part starts here and spans across multiple lines).


Warning: Warning: Contract initcode size is 267482 bytes and exceeds 49152 bytes (a limit introduced in Shanghai). This contract may not be deployable on Mainnet. Consider enabling the optimizer (with a low "runs" value!), turning off revert strings, or using libraries.
  --> sol-tests/crowdfund/InitialETHCrowdfund.t.sol:19:1:
   |
19 | contract InitialETHCrowdfundTest is Test, TestUtils, ERC721Receiver {
   | ^ (Relevant source part starts here and spans across multiple lines).


Warning: Warning: Contract initcode size is 91375 bytes and exceeds 49152 bytes (a limit introduced in Shanghai). This contract may not be deployable on Mainnet. Consider enabling the optimizer (with a low "runs" value!), turning off revert strings, or using libraries.
  --> sol-tests/crowdfund/NounsCrowdfundForked.t.sol:19:1:
   |
19 | contract NounsCrowdfundForkedTest is TestUtils {
   | ^ (Relevant source part starts here and spans across multiple lines).


Warning: Warning: Contract initcode size is 96550 bytes and exceeds 49152 bytes (a limit introduced in Shanghai). This contract may not be deployable on Mainnet. Consider enabling the optimizer (with a low "runs" value!), turning off revert strings, or using libraries.
  --> sol-tests/crowdfund/OpenseaForked.t.sol:16:1:
   |
16 | contract OpenseaFulfillOrderTest is Test, TestUtils, OpenseaTestUtils {
   | ^ (Relevant source part starts here and spans across multiple lines).


Warning: Warning: Contract code size is 98080 bytes and exceeds 24576 bytes (a limit introduced in Spurious Dragon). This contract may not be deployable on Mainnet. Consider enabling the optimizer (with a low "runs" value!), turning off revert strings, or using libraries.
  --> sol-tests/crowdfund/ReraiseETHCrowdfund.t.sol:19:1:
   |
19 | contract ReraiseETHCrowdfundTest is Test, TestUtils, ERC721Receiver {
   | ^ (Relevant source part starts here and spans across multiple lines).


Warning: Warning: Contract initcode size is 292140 bytes and exceeds 49152 bytes (a limit introduced in Shanghai). This contract may not be deployable on Mainnet. Consider enabling the optimizer (with a low "runs" value!), turning off revert strings, or using libraries.
  --> sol-tests/crowdfund/ReraiseETHCrowdfund.t.sol:19:1:
   |
19 | contract ReraiseETHCrowdfundTest is Test, TestUtils, ERC721Receiver {
   | ^ (Relevant source part starts here and spans across multiple lines).


Warning: Warning: Contract code size is 116302 bytes and exceeds 24576 bytes (a limit introduced in Spurious Dragon). This contract may not be deployable on Mainnet. Consider enabling the optimizer (with a low "runs" value!), turning off revert strings, or using libraries.
  --> sol-tests/crowdfund/RollingAuctionCrowdfund.t.sol:14:1:
   |
14 | contract RollingAuctionCrowdfundTest is TestUtils, ERC721Receiver {
   | ^ (Relevant source part starts here and spans across multiple lines).


Warning: Warning: Contract initcode size is 116678 bytes and exceeds 49152 bytes (a limit introduced in Shanghai). This contract may not be deployable on Mainnet. Consider enabling the optimizer (with a low "runs" value!), turning off revert strings, or using libraries.
  --> sol-tests/crowdfund/RollingAuctionCrowdfund.t.sol:14:1:
   |
14 | contract RollingAuctionCrowdfundTest is TestUtils, ERC721Receiver {
   | ^ (Relevant source part starts here and spans across multiple lines).


Warning: Warning: Contract code size is 103363 bytes and exceeds 24576 bytes (a limit introduced in Spurious Dragon). This contract may not be deployable on Mainnet. Consider enabling the optimizer (with a low "runs" value!), turning off revert strings, or using libraries.
 --> sol-tests/crowdfund/RollingNounsCrowdfundForked.t.sol:8:1:
  |
8 | contract RollingNounsCrowdfundForkedTest is RollingAuctionCrowdfundTest {
  | ^ (Relevant source part starts here and spans across multiple lines).


Warning: Warning: Contract initcode size is 103765 bytes and exceeds 49152 bytes (a limit introduced in Shanghai). This contract may not be deployable on Mainnet. Consider enabling the optimizer (with a low "runs" value!), turning off revert strings, or using libraries.
 --> sol-tests/crowdfund/RollingNounsCrowdfundForked.t.sol:8:1:
  |
8 | contract RollingNounsCrowdfundForkedTest is RollingAuctionCrowdfundTest {
  | ^ (Relevant source part starts here and spans across multiple lines).


Warning: Warning: Contract initcode size is 100211 bytes and exceeds 49152 bytes (a limit introduced in Shanghai). This contract may not be deployable on Mainnet. Consider enabling the optimizer (with a low "runs" value!), turning off revert strings, or using libraries.
  --> sol-tests/crowdfund/ZoraCrowdfundForked.t.sol:20:1:
   |
20 | contract ZoraCrowdfundForkedTest is TestUtils, ERC721Receiver {
   | ^ (Relevant source part starts here and spans across multiple lines).


Warning: Warning: Contract code size is 41224 bytes and exceeds 24576 bytes (a limit introduced in Spurious Dragon). This contract may not be deployable on Mainnet. Consider enabling the optimizer (with a low "runs" value!), turning off revert strings, or using libraries.
  --> sol-tests/distribution/TokenDistributor.t.sol:14:1:
   |
14 | contract TokenDistributorTest is Test, TestUtils {
   | ^ (Relevant source part starts here and spans across multiple lines).


Warning: Warning: Contract initcode size is 50412 bytes and exceeds 49152 bytes (a limit introduced in Shanghai). This contract may not be deployable on Mainnet. Consider enabling the optimizer (with a low "runs" value!), turning off revert strings, or using libraries.
  --> sol-tests/distribution/TokenDistributor.t.sol:14:1:
   |
14 | contract TokenDistributorTest is Test, TestUtils {
   | ^ (Relevant source part starts here and spans across multiple lines).


Warning: Warning: Contract code size is 78767 bytes and exceeds 24576 bytes (a limit introduced in Spurious Dragon). This contract may not be deployable on Mainnet. Consider enabling the optimizer (with a low "runs" value!), turning off revert strings, or using libraries.
  --> sol-tests/distribution/TokenDistributorUnit.t.sol:70:1:
   |
70 | contract TokenDistributorUnitTest is Test, TestUtils {
   | ^ (Relevant source part starts here and spans across multiple lines).


Warning: Warning: Contract initcode size is 113592 bytes and exceeds 49152 bytes (a limit introduced in Shanghai). This contract may not be deployable on Mainnet. Consider enabling the optimizer (with a low "runs" value!), turning off revert strings, or using libraries.
  --> sol-tests/distribution/TokenDistributorUnit.t.sol:70:1:
   |
70 | contract TokenDistributorUnitTest is Test, TestUtils {
   | ^ (Relevant source part starts here and spans across multiple lines).


Warning: Warning: Contract initcode size is 60210 bytes and exceeds 49152 bytes (a limit introduced in Shanghai). This contract may not be deployable on Mainnet. Consider enabling the optimizer (with a low "runs" value!), turning off revert strings, or using libraries.
  --> sol-tests/party/Party.t.sol:14:1:
   |
14 | contract PartyTest is Test, TestUtils {
   | ^ (Relevant source part starts here and spans across multiple lines).


Warning: Warning: Contract initcode size is 109107 bytes and exceeds 49152 bytes (a limit introduced in Shanghai). This contract may not be deployable on Mainnet. Consider enabling the optimizer (with a low "runs" value!), turning off revert strings, or using libraries.
  --> sol-tests/party/PartyFactory.t.sol:11:1:
   |
11 | contract PartyFactoryTest is Test, TestUtils {
   | ^ (Relevant source part starts here and spans across multiple lines).


Warning: Warning: Contract code size is 123445 bytes and exceeds 24576 bytes (a limit introduced in Spurious Dragon). This contract may not be deployable on Mainnet. Consider enabling the optimizer (with a low "runs" value!), turning off revert strings, or using libraries.
  --> sol-tests/party/PartyGovernance.t.sol:15:1:
   |
15 | contract PartyGovernanceTest is Test, TestUtils {
   | ^ (Relevant source part starts here and spans across multiple lines).


Warning: Warning: Contract initcode size is 123884 bytes and exceeds 49152 bytes (a limit introduced in Shanghai). This contract may not be deployable on Mainnet. Consider enabling the optimizer (with a low "runs" value!), turning off revert strings, or using libraries.
  --> sol-tests/party/PartyGovernance.t.sol:15:1:
   |
15 | contract PartyGovernanceTest is Test, TestUtils {
   | ^ (Relevant source part starts here and spans across multiple lines).


Warning: Warning: Contract code size is 83824 bytes and exceeds 24576 bytes (a limit introduced in Spurious Dragon). This contract may not be deployable on Mainnet. Consider enabling the optimizer (with a low "runs" value!), turning off revert strings, or using libraries.
  --> sol-tests/party/PartyGovernanceNFT.t.sol:22:1:
   |
22 | contract PartyGovernanceNFTTest is Test, TestUtils {
   | ^ (Relevant source part starts here and spans across multiple lines).


Warning: Warning: Contract initcode size is 265417 bytes and exceeds 49152 bytes (a limit introduced in Shanghai). This contract may not be deployable on Mainnet. Consider enabling the optimizer (with a low "runs" value!), turning off revert strings, or using libraries.
  --> sol-tests/party/PartyGovernanceNFT.t.sol:22:1:
   |
22 | contract PartyGovernanceNFTTest is Test, TestUtils {
   | ^ (Relevant source part starts here and spans across multiple lines).


Warning: Warning: Contract code size is 44854 bytes and exceeds 24576 bytes (a limit introduced in Spurious Dragon). This contract may not be deployable on Mainnet. Consider enabling the optimizer (with a low "runs" value!), turning off revert strings, or using libraries.
  --> sol-tests/party/PartyGovernanceNFTUnit.sol:13:1:
   |
13 | contract TestablePartyGovernanceNFT is PartyGovernanceNFT {
   | ^ (Relevant source part starts here and spans across multiple lines).


Warning: Warning: Contract initcode size is 51647 bytes and exceeds 49152 bytes (a limit introduced in Shanghai). This contract may not be deployable on Mainnet. Consider enabling the optimizer (with a low "runs" value!), turning off revert strings, or using libraries.
  --> sol-tests/party/PartyGovernanceNFTUnit.sol:13:1:
   |
13 | contract TestablePartyGovernanceNFT is PartyGovernanceNFT {
   | ^ (Relevant source part starts here and spans across multiple lines).


Warning: Warning: Contract initcode size is 66859 bytes and exceeds 49152 bytes (a limit introduced in Shanghai). This contract may not be deployable on Mainnet. Consider enabling the optimizer (with a low "runs" value!), turning off revert strings, or using libraries.
  --> sol-tests/party/PartyGovernanceNFTUnit.sol:49:1:
   |
49 | contract PartyGovernanceNFTUnitTest is TestUtils {
   | ^ (Relevant source part starts here and spans across multiple lines).


Warning: Warning: Contract code size is 29313 bytes and exceeds 24576 bytes (a limit introduced in Spurious Dragon). This contract may not be deployable on Mainnet. Consider enabling the optimizer (with a low "runs" value!), turning off revert strings, or using libraries.
   --> sol-tests/party/PartyGovernanceUnit.t.sol:152:1:
    |
152 | contract TestablePartyGovernance is PartyGovernance {
    | ^ (Relevant source part starts here and spans across multiple lines).


Warning: Warning: Contract code size is 145275 bytes and exceeds 24576 bytes (a limit introduced in Spurious Dragon). This contract may not be deployable on Mainnet. Consider enabling the optimizer (with a low "runs" value!), turning off revert strings, or using libraries.
   --> sol-tests/party/PartyGovernanceUnit.t.sol:238:1:
    |
238 | contract PartyGovernanceUnitTest is Test, TestUtils {
    | ^ (Relevant source part starts here and spans across multiple lines).


Warning: Warning: Contract initcode size is 161444 bytes and exceeds 49152 bytes (a limit introduced in Shanghai). This contract may not be deployable on Mainnet. Consider enabling the optimizer (with a low "runs" value!), turning off revert strings, or using libraries.
   --> sol-tests/party/PartyGovernanceUnit.t.sol:238:1:
    |
238 | contract PartyGovernanceUnitTest is Test, TestUtils {
    | ^ (Relevant source part starts here and spans across multiple lines).


Warning: Warning: Contract code size is 40905 bytes and exceeds 24576 bytes (a limit introduced in Spurious Dragon). This contract may not be deployable on Mainnet. Consider enabling the optimizer (with a low "runs" value!), turning off revert strings, or using libraries.
  --> sol-tests/proposals/ArbitraryCallsProposal.t.sol:56:1:
   |
56 | contract ArbitraryCallsProposalTest is
   | ^ (Relevant source part starts here and spans across multiple lines).


Warning: Warning: Contract initcode size is 58592 bytes and exceeds 49152 bytes (a limit introduced in Shanghai). This contract may not be deployable on Mainnet. Consider enabling the optimizer (with a low "runs" value!), turning off revert strings, or using libraries.
  --> sol-tests/proposals/ArbitraryCallsProposal.t.sol:56:1:
   |
56 | contract ArbitraryCallsProposalTest is
   | ^ (Relevant source part starts here and spans across multiple lines).


Warning: Warning: Contract code size is 76360 bytes and exceeds 24576 bytes (a limit introduced in Spurious Dragon). This contract may not be deployable on Mainnet. Consider enabling the optimizer (with a low "runs" value!), turning off revert strings, or using libraries.
  --> sol-tests/proposals/ListOnOpenseaProposalForked.t.sol:17:1:
   |
17 | contract ListOnOpenseaProposalForkedTest is Test, TestUtils, ZoraTestUtils, OpenseaTestUtils {
   | ^ (Relevant source part starts here and spans across multiple lines).


Warning: Warning: Contract initcode size is 77222 bytes and exceeds 49152 bytes (a limit introduced in Shanghai). This contract may not be deployable on Mainnet. Consider enabling the optimizer (with a low "runs" value!), turning off revert strings, or using libraries.
  --> sol-tests/proposals/ListOnOpenseaProposalForked.t.sol:17:1:
   |
17 | contract ListOnOpenseaProposalForkedTest is Test, TestUtils, ZoraTestUtils, OpenseaTestUtils {
   | ^ (Relevant source part starts here and spans across multiple lines).


Warning: Warning: Contract code size is 146315 bytes and exceeds 24576 bytes (a limit introduced in Spurious Dragon). This contract may not be deployable on Mainnet. Consider enabling the optimizer (with a low "runs" value!), turning off revert strings, or using libraries.
  --> sol-tests/proposals/ListOnZoraProposalIntegration.t.sol:16:1:
   |
16 | contract ListOnZoraProposalIntegrationTest is Test, TestUtils, ZoraTestUtils {
   | ^ (Relevant source part starts here and spans across multiple lines).


Warning: Warning: Contract initcode size is 146868 bytes and exceeds 49152 bytes (a limit introduced in Shanghai). This contract may not be deployable on Mainnet. Consider enabling the optimizer (with a low "runs" value!), turning off revert strings, or using libraries.
  --> sol-tests/proposals/ListOnZoraProposalIntegration.t.sol:16:1:
   |
16 | contract ListOnZoraProposalIntegrationTest is Test, TestUtils, ZoraTestUtils {
   | ^ (Relevant source part starts here and spans across multiple lines).


Warning: Warning: Contract code size is 32300 bytes and exceeds 24576 bytes (a limit introduced in Spurious Dragon). This contract may not be deployable on Mainnet. Consider enabling the optimizer (with a low "runs" value!), turning off revert strings, or using libraries.
 --> sol-tests/proposals/TestableProposalExecutionEngine.sol:8:1:
  |
8 | contract TestableProposalExecutionEngine is ProposalExecutionEngine {
  | ^ (Relevant source part starts here and spans across multiple lines).


Warning: Warning: Contract code size is 55508 bytes and exceeds 24576 bytes (a limit introduced in Spurious Dragon). This contract may not be deployable on Mainnet. Consider enabling the optimizer (with a low "runs" value!), turning off revert strings, or using libraries.
  --> sol-tests/proposals/ProposalExecutionEngine.t.sol:15:1:
   |
15 | contract ProposalExecutionEngineTest is Test, TestUtils {
   | ^ (Relevant source part starts here and spans across multiple lines).


Warning: Warning: Contract initcode size is 55882 bytes and exceeds 49152 bytes (a limit introduced in Shanghai). This contract may not be deployable on Mainnet. Consider enabling the optimizer (with a low "runs" value!), turning off revert strings, or using libraries.
  --> sol-tests/proposals/ProposalExecutionEngine.t.sol:15:1:
   |
15 | contract ProposalExecutionEngineTest is Test, TestUtils {
   | ^ (Relevant source part starts here and spans across multiple lines).


Warning: Warning: Contract code size is 143350 bytes and exceeds 24576 bytes (a limit introduced in Spurious Dragon). This contract may not be deployable on Mainnet. Consider enabling the optimizer (with a low "runs" value!), turning off revert strings, or using libraries.
  --> sol-tests/utils/PartyGovernanceHelpers.t.sol:19:1:
   |
19 | contract PartyGovernanceHelpersTest is Test, TestUtils {
   | ^ (Relevant source part starts here and spans across multiple lines).


Warning: Warning: Contract initcode size is 143789 bytes and exceeds 49152 bytes (a limit introduced in Shanghai). This contract may not be deployable on Mainnet. Consider enabling the optimizer (with a low "runs" value!), turning off revert strings, or using libraries.
  --> sol-tests/utils/PartyGovernanceHelpers.t.sol:19:1:
   |
19 | contract PartyGovernanceHelpersTest is Test, TestUtils {
   | ^ (Relevant source part starts here and spans across multiple lines).



[mvscan-config] {"ATOMIC_GROUP": [], "DIVERGENCE_BUDGET": 1000, "ENABLE_BRANCH_GROUPS": false, "ENABLE_EXTERNAL_STATE": true, "ENABLE_MULTI_RETURN_GROUPS": true, "MAPPING_MODE": "precise", "MERGE_OVERLOADS": false, "MVSCAN_ABLATION": "no_branch_groups", "MVSCAN_CONTEXTUAL_KEYS": true, "MVSCAN_INCLUDE_SCALAR_WITNESSES": false, "MVSCAN_INTERFACE_DISPATCH": false, "MVSCAN_MAX_CONTEXTS_PER_OWNER_BLOCK": 128, "MVSCAN_MAX_DISPATCH_TARGETS": 16, "MVSCAN_REQUIRE_DISTINCT_OUTER_ROOTS": false, "MVSCAN_ROOT_CONTEXT_SINKS": false, "NOOP_WRITE_FILTER": true, "REQUIRE_SAME_SLOT_KEY": true, "SINK_TEST": "none", "USER_CALLABLE_ALWAYS": [], "USER_CALLABLE_DENY": []}
[mvscan-stage] icfg-built blocks=16512 vars=622
[mvscan-stage] root-seeding-done eligible_exposures=977 seeded=741 multi_exposure_entry_blocks=73 collapsed_contextual_aliases=236 excluded_dependency=0 excluded_interface=232 excluded_library=0 excluded_abstract=79 missing_entry_point=5 missing_entry_block=0
[mvscan-pairs] call_target_digest=50ef18b8b3856d650a3648fb8e51190dcad5fa8b167fb3e18a973c8f799a75fc candidate_count=163 candidate_digest=9e0730f3591b2183b2922f9b25b6024111c8d1a374200a3072372b3d5eb73137 context_instance_count=19800 eligible_readers=69 eligible_writers=22 execution_context_digest=80de92bc28d124b73542ebf14add94eb9fe75499106e200721088848304f8a65 insensitive_readers_filtered=908 invalid_partial_write_filtered=0 must_full_relation_filtered=7040 omitted_member_evidence_filtered=0 omitted_member_not_sensitive_filtered=2767 owner_context_pairs=23085 owner_context_pairs_considered=321247 raw_block_pairs=190 reader_witness_count=23085 relation_base_members_shadowed=0 relation_context_incompatible=170500 relation_digest=c3949efa7f8bf760c999470dec09039e5ee280462d9ab75b9278e7f84bb0a227 relation_members_raw=58 relation_origins_registered=9 relation_origins_rejected_unary_after_shadowing=40 relation_origins_rejected_unreachable=27 relation_origins_seen=49 relation_unbound_key_templates=3 root_context_sink_filtered=0 same_outer_root_filtered=0 same_static_block_filtered=3 scalar_variables_skipped=251 storage_context_mismatch=117855 variables_considered=260
INFO:Detectors:

[MV-SI candidate 002d8acacf5e7188d874] {_governanceValues, votingPowerByTokenId[$arg0]}
 writer root       -> sol-tests/party/PartyGovernanceNFT.t.sol::PartyGovernanceNFTTest.testRageQuit_revertsIfNotOwner()
 writer effect     -> contracts/party/PartyGovernanceNFT.sol:258
 written member    -> ('SV', 'contracts/party/PartyGovernance.sol', 'PartyGovernance._governanceValues')
 potentially stale -> ('MS', 'contracts/party/PartyGovernanceNFT.sol', 'PartyGovernanceNFT.votingPowerByTokenId', '$arg0')
 reader witnesses  -> 45
 storage exposures -> 1
[MV-SI candidate 0134c409f7d2871ba3ae] {_governanceValues, votingPowerByTokenId[$arg0]}
 writer root       -> contracts/crowdfund/ReraiseETHCrowdfund.sol::ReraiseETHCrowdfund.claim(uint256,address)
 writer effect     -> contracts/party/PartyGovernanceNFT.sol:219
 written member    -> ('MS', 'contracts/party/PartyGovernanceNFT.sol', 'PartyGovernanceNFT.votingPowerByTokenId', '$arg0')
 potentially stale -> ('SV', 'contracts/party/PartyGovernance.sol', 'PartyGovernance._governanceValues')
 reader witnesses  -> 383
 storage exposures -> 1
[MV-SI candidate 0193b4565a28dd2c6474] {_governanceValues, votingPowerByTokenId[$arg0]}
 writer root       -> sol-tests/crowdfund/InitialETHCrowdfund.t.sol::InitialETHCrowdfundTest.test_partyCardTokenURI_whileCrowdfundActive()
 writer effect     -> contracts/party/PartyGovernanceNFT.sol:219
 written member    -> ('MS', 'contracts/party/PartyGovernanceNFT.sol', 'PartyGovernanceNFT.votingPowerByTokenId', '$arg0')
 potentially stale -> ('SV', 'contracts/party/PartyGovernance.sol', 'PartyGovernance._governanceValues')
 reader witnesses  -> 383
 storage exposures -> 1
[MV-SI candidate 028f2ff29fa4b32865db] {_governanceValues, votingPowerByTokenId[$arg0]}
 writer root       -> sol-tests/crowdfund/InitialETHCrowdfund.t.sol::InitialETHCrowdfundTest.test_finalize_onlyHostCanFinalizeEarlyWhenActive()
 writer effect     -> contracts/party/PartyGovernanceNFT.sol:230
 written member    -> ('SV', 'contracts/party/PartyGovernance.sol', 'PartyGovernance._governanceValues')
 potentially stale -> ('MS', 'contracts/party/PartyGovernanceNFT.sol', 'PartyGovernanceNFT.votingPowerByTokenId', '$arg0')
 reader witnesses  -> 90
 storage exposures -> 1
[MV-SI candidate 03cf0633f6d7db0eb7bb] {_governanceValues, votingPowerByTokenId[$arg0]}
 writer root       -> sol-tests/crowdfund/InitialETHCrowdfund.t.sol::InitialETHCrowdfundTest.test_contributeFor_works()
 writer effect     -> contracts/party/PartyGovernanceNFT.sol:219
 written member    -> ('MS', 'contracts/party/PartyGovernanceNFT.sol', 'PartyGovernanceNFT.votingPowerByTokenId', '$arg0')
 potentially stale -> ('SV', 'contracts/party/PartyGovernance.sol', 'PartyGovernance._governanceValues')
 reader witnesses  -> 383
 storage exposures -> 1
[MV-SI candidate 049deaaf749977f8e3ca] {_governanceValues, votingPowerByTokenId[$arg0]}
 writer root       -> contracts/crowdfund/InitialETHCrowdfund.sol::InitialETHCrowdfund.contribute(address,bytes)
 writer effect     -> contracts/party/PartyGovernanceNFT.sol:230
 written member    -> ('SV', 'contracts/party/PartyGovernance.sol', 'PartyGovernance._governanceValues')
 potentially stale -> ('MS', 'contracts/party/PartyGovernanceNFT.sol', 'PartyGovernanceNFT.votingPowerByTokenId', '$arg0')
 reader witnesses  -> 45
 storage exposures -> 1
[MV-SI candidate 061651d0a289cb851a44] {_governanceValues, votingPowerByTokenId[$arg0]}
 writer root       -> contracts/crowdfund/ReraiseETHCrowdfund.sol::ReraiseETHCrowdfund.initialize(ETHCrowdfundBase.ETHCrowdfundOptions)
 writer effect     -> contracts/party/PartyGovernanceNFT.sol:230
 written member    -> ('SV', 'contracts/party/PartyGovernance.sol', 'PartyGovernance._governanceValues')
 potentially stale -> ('MS', 'contracts/party/PartyGovernanceNFT.sol', 'PartyGovernanceNFT.votingPowerByTokenId', '$arg0')
 reader witnesses  -> 45
 storage exposures -> 1
[MV-SI candidate 084ef99ec69addf83e2e] {_governanceValues, votingPowerByTokenId[$arg0]}
 writer root       -> contracts/crowdfund/InitialETHCrowdfund.sol::InitialETHCrowdfund.initialize(InitialETHCrowdfund.InitialETHCrowdfundOptions,InitialETHCrowdfund.ETHPartyOptions)
 writer effect     -> contracts/party/PartyGovernanceNFT.sol:230
 written member    -> ('SV', 'contracts/party/PartyGovernance.sol', 'PartyGovernance._governanceValues')
 potentially stale -> ('MS', 'contracts/party/PartyGovernanceNFT.sol', 'PartyGovernanceNFT.votingPowerByTokenId', '$arg0')
 reader witnesses  -> 45
 storage exposures -> 1
[MV-SI candidate 0886b2921d209569d73a] {_governanceValues, votingPowerByTokenId[$arg0]}
 writer root       -> sol-tests/crowdfund/InitialETHCrowdfund.t.sol::InitialETHCrowdfundTest.test_partyCardTokenURI_whileCrowdfundWon()
 writer effect     -> contracts/party/PartyGovernanceNFT.sol:230
 written member    -> ('SV', 'contracts/party/PartyGovernance.sol', 'PartyGovernance._governanceValues')
 potentially stale -> ('MS', 'contracts/party/PartyGovernanceNFT.sol', 'PartyGovernanceNFT.votingPowerByTokenId', '$arg0')
 reader witnesses  -> 45
 storage exposures -> 1
[MV-SI candidate 09abcd96c94f7c697892] {_governanceValues, votingPowerByTokenId[$arg0]}
 writer root       -> sol-tests/crowdfund/InitialETHCrowdfund.t.sol::InitialETHCrowdfundTest.test_contribute_afterLost()
 writer effect     -> contracts/party/PartyGovernanceNFT.sol:219
 written member    -> ('MS', 'contracts/party/PartyGovernanceNFT.sol', 'PartyGovernanceNFT.votingPowerByTokenId', '$arg0')
 potentially stale -> ('SV', 'contracts/party/PartyGovernance.sol', 'PartyGovernance._governanceValues')
 reader witnesses  -> 383
 storage exposures -> 1
[MV-SI candidate 0a4340a37bf013fabf38] {_governanceValues, votingPowerByTokenId[$arg0]}
 writer root       -> sol-tests/crowdfund/InitialETHCrowdfund.t.sol::InitialETHCrowdfundTest.test_contribute_belowMinContribution()
 writer effect     -> contracts/party/PartyGovernanceNFT.sol:219
 written member    -> ('MS', 'contracts/party/PartyGovernanceNFT.sol', 'PartyGovernanceNFT.votingPowerByTokenId', '$arg0')
 potentially stale -> ('SV', 'contracts/party/PartyGovernance.sol', 'PartyGovernance._governanceValues')
 reader witnesses  -> 383
 storage exposures -> 1
[MV-SI candidate 0b6ade3f3f8864682350] {_governanceValues, votingPowerByTokenId[$arg0]}
 writer root       -> sol-tests/crowdfund/InitialETHCrowdfund.t.sol::InitialETHCrowdfundTest.test_sendFundingSplit_cannotSendIfNoFundingSplit()
 writer effect     -> contracts/party/PartyGovernanceNFT.sol:219
 written member    -> ('MS', 'contracts/party/PartyGovernanceNFT.sol', 'PartyGovernanceNFT.votingPowerByTokenId', '$arg0')
 potentially stale -> ('SV', 'contracts/party/PartyGovernance.sol', 'PartyGovernance._governanceValues')
 reader witnesses  -> 383
 storage exposures -> 1
[MV-SI candidate 0c5e9fc881e916ae92b8] {_governanceValues, votingPowerByTokenId[$arg0]}
 writer root       -> sol-tests/crowdfund/InitialETHCrowdfund.t.sol::InitialETHCrowdfundTest.test_contribute_mintNewCard()
 writer effect     -> contracts/party/PartyGovernanceNFT.sol:230
 written member    -> ('SV', 'contracts/party/PartyGovernance.sol', 'PartyGovernance._governanceValues')
 potentially stale -> ('MS', 'contracts/party/PartyGovernanceNFT.sol', 'PartyGovernanceNFT.votingPowerByTokenId', '$arg0')
 reader witnesses  -> 45
 storage exposures -> 1
[MV-SI candidate 0dd238c4f870e72ccffa] {_governanceValues, votingPowerByTokenId[$arg0]}
 writer root       -> contracts/crowdfund/ReraiseETHCrowdfund.sol::ReraiseETHCrowdfund.claim(address)
 writer effect     -> contracts/party/PartyGovernanceNFT.sol:219
 written member    -> ('MS', 'contracts/party/PartyGovernanceNFT.sol', 'PartyGovernanceNFT.votingPowerByTokenId', '$arg0')
 potentially stale -> ('SV', 'contracts/party/PartyGovernance.sol', 'PartyGovernance._governanceValues')
 reader witnesses  -> 383
 storage exposures -> 1
[MV-SI candidate 0ea46f76a331ac244d06] {_governanceValues, votingPowerByTokenId[$arg0]}
 writer root       -> sol-tests/crowdfund/ReraiseETHCrowdfund.t.sol::ReraiseETHCrowdfundTest.test_contributeFor_works()
 writer effect     -> contracts/party/PartyGovernanceNFT.sol:230
 written member    -> ('SV', 'contracts/party/PartyGovernance.sol', 'PartyGovernance._governanceValues')
 potentially stale -> ('MS', 'contracts/party/PartyGovernanceNFT.sol', 'PartyGovernanceNFT.votingPowerByTokenId', '$arg0')
 reader witnesses  -> 45
 storage exposures -> 1
[MV-SI candidate 0ff109c6ed1f09082935] {_governanceValues, votingPowerByTokenId[$arg0]}
 writer root       -> sol-tests/party/PartyGovernanceNFT.t.sol::PartyGovernanceNFTTest.testRageQuit_cannotReenter()
 writer effect     -> contracts/party/PartyGovernanceNFT.sol:258
 written member    -> ('SV', 'contracts/party/PartyGovernance.sol', 'PartyGovernance._governanceValues')
 potentially stale -> ('MS', 'contracts/party/PartyGovernanceNFT.sol', 'PartyGovernanceNFT.votingPowerByTokenId', '$arg0')
 reader witnesses  -> 45
 storage exposures -> 1
[MV-SI candidate 113a9db8cf72183a0039] {_governanceValues, votingPowerByTokenId[$arg0]}
 writer root       -> sol-tests/party/PartyGovernanceNFT.t.sol::PartyGovernanceNFTTest.testRageQuit()
 writer effect     -> contracts/party/PartyGovernanceNFT.sol:258
 written member    -> ('SV', 'contracts/party/PartyGovernance.sol', 'PartyGovernance._governanceValues')
 potentially stale -> ('MS', 'contracts/party/PartyGovernanceNFT.sol', 'PartyGovernanceNFT.votingPowerByTokenId', '$arg0')
 reader witnesses  -> 45
 storage exposures -> 1
[MV-SI candidate 11e44aa152679c99802b] {_governanceValues, votingPowerByTokenId[$arg0]}
 writer root       -> sol-tests/crowdfund/InitialETHCrowdfund.t.sol::InitialETHCrowdfundTest.test_sendFundingSplit_cannotSendTwice()
 writer effect     -> contracts/party/PartyGovernanceNFT.sol:219
 written member    -> ('MS', 'contracts/party/PartyGovernanceNFT.sol', 'PartyGovernanceNFT.votingPowerByTokenId', '$arg0')
 potentially stale -> ('SV', 'contracts/party/PartyGovernance.sol', 'PartyGovernance._governanceValues')
 reader witnesses  -> 383
 storage exposures -> 1
[MV-SI candidate 122d9bb34325950e8144] {_governanceValues, votingPowerByTokenId[$arg0]}
 writer root       -> sol-tests/crowdfund/InitialETHCrowdfund.t.sol::InitialETHCrowdfundTest.test_contribute_belowMinContribution()
 writer effect     -> contracts/party/PartyGovernanceNFT.sol:230
 written member    -> ('SV', 'contracts/party/PartyGovernance.sol', 'PartyGovernance._governanceValues')
 potentially stale -> ('MS', 'contracts/party/PartyGovernanceNFT.sol', 'PartyGovernanceNFT.votingPowerByTokenId', '$arg0')
 reader witnesses  -> 45
 storage exposures -> 1
[MV-SI candidate 1620159235c4f8c99878] {_governanceValues, votingPowerByTokenId[$arg0]}
 writer root       -> sol-tests/crowdfund/InitialETHCrowdfund.t.sol::InitialETHCrowdfundTest.test_contribute_gatekeeperChecksSender()
 writer effect     -> contracts/party/PartyGovernanceNFT.sol:219
 written member    -> ('MS', 'contracts/party/PartyGovernanceNFT.sol', 'PartyGovernanceNFT.votingPowerByTokenId', '$arg0')
 potentially stale -> ('SV', 'contracts/party/PartyGovernance.sol', 'PartyGovernance._governanceValues')
 reader witnesses  -> 383
 storage exposures -> 1
[MV-SI candidate 1b191c22da9abe155990] {_governanceValues, votingPowerByTokenId[$arg0]}
 writer root       -> sol-tests/crowdfund/ReraiseETHCrowdfund.t.sol::ReraiseETHCrowdfundTest.test_claim_addVotingPowerToExistingCard()
 writer effect     -> contracts/party/PartyGovernanceNFT.sol:230
 written member    -> ('SV', 'contracts/party/PartyGovernance.sol', 'PartyGovernance._governanceValues')
 potentially stale -> ('MS', 'contracts/party/PartyGovernanceNFT.sol', 'PartyGovernanceNFT.votingPowerByTokenId', '$arg0')
 reader witnesses  -> 45
 storage exposures -> 1
[MV-SI candidate 1e06a1b2e681b7261837] {_governanceValues, votingPowerByTokenId[$arg0]}
 writer root       -> sol-tests/crowdfund/InitialETHCrowdfund.t.sol::InitialETHCrowdfundTest.test_refund_notLost()
 writer effect     -> contracts/party/PartyGovernanceNFT.sol:230
 written member    -> ('SV', 'contracts/party/PartyGovernance.sol', 'PartyGovernance._governanceValues')
 potentially stale -> ('MS', 'contracts/party/PartyGovernanceNFT.sol', 'PartyGovernanceNFT.votingPowerByTokenId', '$arg0')
 reader witnesses  -> 45
 storage exposures -> 1
[MV-SI candidate 263cbcb12993bf53735a] {_governanceValues, votingPowerByTokenId[$arg0]}
 writer root       -> sol-tests/crowdfund/InitialETHCrowdfund.t.sol::InitialETHCrowdfundTest.test_partyCardTokenURI_whileCrowdfundFinalized()
 writer effect     -> contracts/party/PartyGovernanceNFT.sol:219
 written member    -> ('MS', 'contracts/party/PartyGovernanceNFT.sol', 'PartyGovernanceNFT.votingPowerByTokenId', '$arg0')
 potentially stale -> ('SV', 'contracts/party/PartyGovernance.sol', 'PartyGovernance._governanceValues')
 reader witnesses  -> 383
 storage exposures -> 1
[MV-SI candidate 263cfd2a9b3b56587cb7] {_governanceValues, votingPowerByTokenId[$arg0]}
 writer root       -> sol-tests/crowdfund/ReraiseETHCrowdfund.t.sol::ReraiseETHCrowdfundTest.test_batchClaimMultiple_works()
 writer effect     -> contracts/party/PartyGovernanceNFT.sol:230
 written member    -> ('SV', 'contracts/party/PartyGovernance.sol', 'PartyGovernance._governanceValues')
 potentially stale -> ('MS', 'contracts/party/PartyGovernanceNFT.sol', 'PartyGovernanceNFT.votingPowerByTokenId', '$arg0')
 reader witnesses  -> 45
 storage exposures -> 1
[MV-SI candidate 2790cfd73dffbee8e7ed] {_governanceValues, votingPowerByTokenId[$arg0]}
 writer root       -> sol-tests/crowdfund/InitialETHCrowdfund.t.sol::InitialETHCrowdfundTest.test_sendFundingSplit_canOnlySendWhenFinalized()
 writer effect     -> contracts/party/PartyGovernanceNFT.sol:219
 written member    -> ('MS', 'contracts/party/PartyGovernanceNFT.sol', 'PartyGovernanceNFT.votingPowerByTokenId', '$arg0')
 potentially stale -> ('SV', 'contracts/party/PartyGovernance.sol', 'PartyGovernance._governanceValues')
 reader witnesses  -> 383
 storage exposures -> 1
[MV-SI candidate 27e6638c0461b4dcf770] {_governanceValues, votingPowerByTokenId[$arg0]}
 writer root       -> sol-tests/crowdfund/ReraiseETHCrowdfund.t.sol::ReraiseETHCrowdfundTest.test_refund_notLost()
 writer effect     -> contracts/party/PartyGovernanceNFT.sol:230
 written member    -> ('SV', 'contracts/party/PartyGovernance.sol', 'PartyGovernance._governanceValues')
 potentially stale -> ('MS', 'contracts/party/PartyGovernanceNFT.sol', 'PartyGovernanceNFT.votingPowerByTokenId', '$arg0')
 reader witnesses  -> 45
 storage exposures -> 1
[MV-SI candidate 2c48694a2256377a03a0] {_governanceValues, votingPowerByTokenId[$arg0]}
 writer root       -> sol-tests/crowdfund/InitialETHCrowdfund.t.sol::InitialETHCrowdfundTest.test_fundingSplit_contributionAndRefund()
 writer effect     -> contracts/party/PartyGovernanceNFT.sol:258
 written member    -> ('SV', 'contracts/party/PartyGovernance.sol', 'PartyGovernance._governanceValues')
 potentially stale -> ('MS', 'contracts/party/PartyGovernanceNFT.sol', 'PartyGovernanceNFT.votingPowerByTokenId', '$arg0')
 reader witnesses  -> 45
 storage exposures -> 1
[MV-SI candidate 2f61bdd30fbcb8eed508] {_governanceValues, votingPowerByTokenId[$arg0]}
 writer root       -> sol-tests/party/PartyGovernanceNFT.t.sol::PartyGovernanceNFTTest.testRageQuit_revertIfDuplicateTokens()
 writer effect     -> contracts/party/PartyGovernanceNFT.sol:258
 written member    -> ('SV', 'contracts/party/PartyGovernance.sol', 'PartyGovernance._governanceValues')
 potentially stale -> ('MS', 'contracts/party/PartyGovernanceNFT.sol', 'PartyGovernanceNFT.votingPowerByTokenId', '$arg0')
 reader witnesses  -> 45
 storage exposures -> 1
[MV-SI candidate 2fa27e3383b9b3389f17] {_governanceValues, votingPowerByTokenId[$arg0]}
 writer root       -> sol-tests/crowdfund/ReraiseETHCrowdfund.t.sol::ReraiseETHCrowdfundTest.test_crowdfundCardTokenURI_whileCrowdfundActive()
 writer effect     -> contracts/party/PartyGovernanceNFT.sol:230
 written member    -> ('SV', 'contracts/party/PartyGovernance.sol', 'PartyGovernance._governanceValues')
 potentially stale -> ('MS', 'contracts/party/PartyGovernanceNFT.sol', 'PartyGovernanceNFT.votingPowerByTokenId', '$arg0')
 reader witnesses  -> 45
 storage exposures -> 1
[MV-SI candidate 30510e9be7ac71d117c0] {_governanceValues, votingPowerByTokenId[$arg0]}
 writer root       -> sol-tests/crowdfund/InitialETHCrowdfund.t.sol::InitialETHCrowdfundTest.test_partyCardTokenURI_whileCrowdfundActive()
 writer effect     -> contracts/party/PartyGovernanceNFT.sol:230
 written member    -> ('SV', 'contracts/party/PartyGovernance.sol', 'PartyGovernance._governanceValues')
 potentially stale -> ('MS', 'contracts/party/PartyGovernanceNFT.sol', 'PartyGovernanceNFT.votingPowerByTokenId', '$arg0')
 reader witnesses  -> 45
 storage exposures -> 1
[MV-SI candidate 31ba6948ef41b2183f55] {_governanceValues, votingPowerByTokenId[$arg0]}
 writer root       -> sol-tests/crowdfund/InitialETHCrowdfund.t.sol::InitialETHCrowdfundTest.test_initialization_cannotReinitialize()
 writer effect     -> contracts/party/PartyGovernanceNFT.sol:219
 written member    -> ('MS', 'contracts/party/PartyGovernanceNFT.sol', 'PartyGovernanceNFT.votingPowerByTokenId', '$arg0')
 potentially stale -> ('SV', 'contracts/party/PartyGovernance.sol', 'PartyGovernance._governanceValues')
 reader witnesses  -> 383
 storage exposures -> 1
[MV-SI candidate 3410c0d53c9590813d4b] {_governanceValues, votingPowerByTokenId[$arg0]}
 writer root       -> sol-tests/crowdfund/InitialETHCrowdfund.t.sol::InitialETHCrowdfundTest.test_contribute_noContribution()
 writer effect     -> contracts/party/PartyGovernanceNFT.sol:219
 written member    -> ('MS', 'contracts/party/PartyGovernanceNFT.sol', 'PartyGovernanceNFT.votingPowerByTokenId', '$arg0')
 potentially stale -> ('SV', 'contracts/party/PartyGovernance.sol', 'PartyGovernance._governanceValues')
 reader witnesses  -> 383
 storage exposures -> 1
[MV-SI candidate 35b4dacc776be6819792] {_governanceValues, votingPowerByTokenId[$arg0]}
 writer root       -> sol-tests/crowdfund/ReraiseETHCrowdfund.t.sol::ReraiseETHCrowdfundTest.test_sendFundingSplit_works()
 writer effect     -> contracts/party/PartyGovernanceNFT.sol:230
 written member    -> ('SV', 'contracts/party/PartyGovernance.sol', 'PartyGovernance._governanceValues')
 potentially stale -> ('MS', 'contracts/party/PartyGovernanceNFT.sol', 'PartyGovernanceNFT.votingPowerByTokenId', '$arg0')
 reader witnesses  -> 45
 storage exposures -> 1
[MV-SI candidate 37eb783c661a86c1b6e8] {_governanceValues, votingPowerByTokenId[$arg0]}
 writer root       -> sol-tests/crowdfund/ReraiseETHCrowdfund.t.sol::ReraiseETHCrowdfundTest.test_initialization_cannotReinitialize()
 writer effect     -> contracts/party/PartyGovernanceNFT.sol:230
 written member    -> ('SV', 'contracts/party/PartyGovernance.sol', 'PartyGovernance._governanceValues')
 potentially stale -> ('MS', 'contracts/party/PartyGovernanceNFT.sol', 'PartyGovernanceNFT.votingPowerByTokenId', '$arg0')
 reader witnesses  -> 45
 storage exposures -> 1
[MV-SI candidate 3939ee644c9644a5fca7] {_governanceValues, votingPowerByTokenId[$arg0]}
 writer root       -> sol-tests/crowdfund/InitialETHCrowdfund.t.sol::InitialETHCrowdfundTest.test_contribute_cannotDelegateToZeroAddress()
 writer effect     -> contracts/party/PartyGovernanceNFT.sol:219
 written member    -> ('MS', 'contracts/party/PartyGovernanceNFT.sol', 'PartyGovernanceNFT.votingPowerByTokenId', '$arg0')
 potentially stale -> ('SV', 'contracts/party/PartyGovernance.sol', 'PartyGovernance._governanceValues')
 reader witnesses  -> 383
 storage exposures -> 1
[MV-SI candidate 3a0e964fce2f368930ac] {_governanceValues, votingPowerByTokenId[$arg0]}
 writer root       -> sol-tests/crowdfund/ReraiseETHCrowdfund.t.sol::ReraiseETHCrowdfundTest.test_contribute_aboveMaxTotalContribution()
 writer effect     -> contracts/party/PartyGovernanceNFT.sol:230
 written member    -> ('SV', 'contracts/party/PartyGovernance.sol', 'PartyGovernance._governanceValues')
 potentially stale -> ('MS', 'contracts/party/PartyGovernanceNFT.sol', 'PartyGovernanceNFT.votingPowerByTokenId', '$arg0')
 reader witnesses  -> 45
 storage exposures -> 1
[MV-SI candidate 3abd771e9935723b313f] {_governanceValues, votingPowerByTokenId[$arg0]}
 writer root       -> sol-tests/crowdfund/InitialETHCrowdfund.t.sol::InitialETHCrowdfundTest.test_contribute_aboveMaxTotalContribution()
 writer effect     -> contracts/party/PartyGovernanceNFT.sol:219
 written member    -> ('MS', 'contracts/party/PartyGovernanceNFT.sol', 'PartyGovernanceNFT.votingPowerByTokenId', '$arg0')
 potentially stale -> ('SV', 'contracts/party/PartyGovernance.sol', 'PartyGovernance._governanceValues')
 reader witnesses  -> 383
 storage exposures -> 1
[MV-SI candidate 3b327e031d7b0fb3f9e5] {_governanceValues, votingPowerByTokenId[$arg0]}
 writer root       -> sol-tests/crowdfund/InitialETHCrowdfund.t.sol::InitialETHCrowdfundTest.test_sendFundingSplit_cannotSendTwice()
 writer effect     -> contracts/party/PartyGovernanceNFT.sol:230
 written member    -> ('SV', 'contracts/party/PartyGovernance.sol', 'PartyGovernance._governanceValues')
 potentially stale -> ('MS', 'contracts/party/PartyGovernanceNFT.sol', 'PartyGovernanceNFT.votingPowerByTokenId', '$arg0')
 reader witnesses  -> 45
 storage exposures -> 1
[MV-SI candidate 3bf0e435d6c4a60e9129] {_governanceValues, votingPowerByTokenId[$arg0]}
 writer root       -> sol-tests/crowdfund/InitialETHCrowdfund.t.sol::InitialETHCrowdfundTest.test_contribute_addVotingPowerToExistingCard()
 writer effect     -> contracts/party/PartyGovernanceNFT.sol:219
 written member    -> ('MS', 'contracts/party/PartyGovernanceNFT.sol', 'PartyGovernanceNFT.votingPowerByTokenId', '$arg0')
 potentially stale -> ('SV', 'contracts/party/PartyGovernance.sol', 'PartyGovernance._governanceValues')
 reader witnesses  -> 383
 storage exposures -> 1
[MV-SI candidate 3c4184fa3ff5aefd0e98] {_governanceValues, votingPowerByTokenId[$arg0]}
 writer root       -> sol-tests/crowdfund/InitialETHCrowdfund.t.sol::InitialETHCrowdfundTest.test_finalize_works()
 writer effect     -> contracts/party/PartyGovernanceNFT.sol:230
 written member    -> ('SV', 'contracts/party/PartyGovernance.sol', 'PartyGovernance._governanceValues')
 potentially stale -> ('MS', 'contracts/party/PartyGovernanceNFT.sol', 'PartyGovernanceNFT.votingPowerByTokenId', '$arg0')
 reader witnesses  -> 90
 storage exposures -> 1
[MV-SI candidate 3e689166e0a44c4b435b] {_governanceValues, votingPowerByTokenId[$arg0]}
 writer root       -> sol-tests/crowdfund/ReraiseETHCrowdfund.t.sol::ReraiseETHCrowdfundTest.test_contributeFor_doesNotUpdateExistingDelegation()
 writer effect     -> contracts/party/PartyGovernanceNFT.sol:230
 written member    -> ('SV', 'contracts/party/PartyGovernance.sol', 'PartyGovernance._governanceValues')
 potentially stale -> ('MS', 'contracts/party/PartyGovernanceNFT.sol', 'PartyGovernanceNFT.votingPowerByTokenId', '$arg0')
 reader witnesses  -> 45
 storage exposures -> 1
[MV-SI candidate 3ea12dfdbd278bf8e0f4] {_governanceValues, votingPowerByTokenId[$arg0]}
 writer root       -> sol-tests/crowdfund/InitialETHCrowdfund.t.sol::InitialETHCrowdfundTest.test_contribute_mintNewCard()
 writer effect     -> contracts/party/PartyGovernanceNFT.sol:219
 written member    -> ('MS', 'contracts/party/PartyGovernanceNFT.sol', 'PartyGovernanceNFT.votingPowerByTokenId', '$arg0')
 potentially stale -> ('SV', 'contracts/party/PartyGovernance.sol', 'PartyGovernance._governanceValues')
 reader witnesses  -> 383
 storage exposures -> 1
[MV-SI candidate 3eba13e29464da7a30a2] {_governanceValues, votingPowerByTokenId[$arg0]}
 writer root       -> sol-tests/party/PartyGovernanceNFT.t.sol::ReenteringContract.transfer(address,uint256)
 writer effect     -> contracts/party/PartyGovernanceNFT.sol:258
 written member    -> ('SV', 'contracts/party/PartyGovernance.sol', 'PartyGovernance._governanceValues')
 potentially stale -> ('MS', 'contracts/party/PartyGovernanceNFT.sol', 'PartyGovernanceNFT.votingPowerByTokenId', '$arg0')
 reader witnesses  -> 45
 storage exposures -> 1
[MV-SI candidate 40e5dec04e22b2514e18] {_governanceValues, votingPowerByTokenId[$arg0]}
 writer root       -> sol-tests/crowdfund/ReraiseETHCrowdfund.t.sol::ReraiseETHCrowdfundTest.test_finalize_works()
 writer effect     -> contracts/party/PartyGovernanceNFT.sol:230
 written member    -> ('SV', 'contracts/party/PartyGovernance.sol', 'PartyGovernance._governanceValues')
 potentially stale -> ('MS', 'contracts/party/PartyGovernanceNFT.sol', 'PartyGovernanceNFT.votingPowerByTokenId', '$arg0')
 reader witnesses  -> 90
 storage exposures -> 1
[MV-SI candidate 40f3bdff4e914cdb8de5] {_governanceValues, votingPowerByTokenId[$arg0]}
 writer root       -> sol-tests/crowdfund/ReraiseETHCrowdfund.t.sol::ReraiseETHCrowdfundTest.test_sendFundingSplit_cannotSendIfNoFundingSplit()
 writer effect     -> contracts/party/PartyGovernanceNFT.sol:230
 written member    -> ('SV', 'contracts/party/PartyGovernance.sol', 'PartyGovernance._governanceValues')
 potentially stale -> ('MS', 'contracts/party/PartyGovernanceNFT.sol', 'PartyGovernanceNFT.votingPowerByTokenId', '$arg0')
 reader witnesses  -> 45
 storage exposures -> 1
[MV-SI candidate 445d0573ce9abec23a14] {_governanceValues, votingPowerByTokenId[$arg0]}
 writer root       -> sol-tests/party/PartyGovernanceNFT.t.sol::PartyGovernanceNFTTest.testBurn_revertsIfCalledByOwnerBeforePartyStarted()
 writer effect     -> contracts/party/PartyGovernanceNFT.sol:258
 written member    -> ('SV', 'contracts/party/PartyGovernance.sol', 'PartyGovernance._governanceValues')
 potentially stale -> ('MS', 'contracts/party/PartyGovernanceNFT.sol', 'PartyGovernanceNFT.votingPowerByTokenId', '$arg0')
 reader witnesses  -> 45
 storage exposures -> 1
[MV-SI candidate 45f7a64da846642dc0ae] {_governanceValues, votingPowerByTokenId[$arg0]}
 writer root       -> contracts/crowdfund/InitialETHCrowdfund.sol::InitialETHCrowdfund.refund(uint256)
 writer effect     -> contracts/party/PartyGovernanceNFT.sol:258
 written member    -> ('SV', 'contracts/party/PartyGovernance.sol', 'PartyGovernance._governanceValues')
 potentially stale -> ('MS', 'contracts/party/PartyGovernanceNFT.sol', 'PartyGovernanceNFT.votingPowerByTokenId', '$arg0')
 reader witnesses  -> 45
 storage exposures -> 1
[MV-SI candidate 49517fca8f0c57a68033] {_governanceValues, votingPowerByTokenId[$arg0]}
 writer root       -> sol-tests/crowdfund/InitialETHCrowdfund.t.sol::InitialETHCrowdfundTest.test_partyCardTokenURI_whileCrowdfundLost()
 writer effect     -> contracts/party/PartyGovernanceNFT.sol:219
 written member    -> ('MS', 'contracts/party/PartyGovernanceNFT.sol', 'PartyGovernanceNFT.votingPowerByTokenId', '$arg0')
 potentially stale -> ('SV', 'contracts/party/PartyGovernance.sol', 'PartyGovernance._governanceValues')
 reader witnesses  -> 383
 storage exposures -> 1
[MV-SI candidate 49671551412a35784a58] {_governanceValues, votingPowerByTokenId[$arg0]}
 writer root       -> sol-tests/crowdfund/InitialETHCrowdfund.t.sol::InitialETHCrowdfundTest.test_refund_twice()
 writer effect     -> contracts/party/PartyGovernanceNFT.sol:258
 written member    -> ('SV', 'contracts/party/PartyGovernance.sol', 'PartyGovernance._governanceValues')
 potentially stale -> ('MS', 'contracts/party/PartyGovernanceNFT.sol', 'PartyGovernanceNFT.votingPowerByTokenId', '$arg0')
 reader witnesses  -> 45
 storage exposures -> 1
[MV-SI candidate 4a585e12db908b70caf9] {_governanceValues, votingPowerByTokenId[$arg0]}
 writer root       -> sol-tests/crowdfund/InitialETHCrowdfund.t.sol::InitialETHCrowdfundTest.test_batchRefund_works()
 writer effect     -> contracts/party/PartyGovernanceNFT.sol:219
 written member    -> ('MS', 'contracts/party/PartyGovernanceNFT.sol', 'PartyGovernanceNFT.votingPowerByTokenId', '$arg0')
 potentially stale -> ('SV', 'contracts/party/PartyGovernance.sol', 'PartyGovernance._governanceValues')
 reader witnesses  -> 383
 storage exposures -> 1
[MV-SI candidate 4b241e91b46ad61969bc] {_governanceValues, votingPowerByTokenId[$arg0]}
 writer root       -> sol-tests/crowdfund/InitialETHCrowdfund.t.sol::InitialETHCrowdfundTest.test_finalize_withFundingSplit()
 writer effect     -> contracts/party/PartyGovernanceNFT.sol:230
 written member    -> ('SV', 'contracts/party/PartyGovernance.sol', 'PartyGovernance._governanceValues')
 potentially stale -> ('MS', 'contracts/party/PartyGovernanceNFT.sol', 'PartyGovernanceNFT.votingPowerByTokenId', '$arg0')
 reader witnesses  -> 90
 storage exposures -> 1
[MV-SI candidate 4b7a80111e6fbf162a77] {_governanceValues, votingPowerByTokenId[$arg0]}
 writer root       -> contracts/crowdfund/ETHCrowdfundBase.sol::ETHCrowdfundBase.finalize()
 writer effect     -> contracts/party/PartyGovernanceNFT.sol:230
 written member    -> ('SV', 'contracts/party/PartyGovernance.sol', 'PartyGovernance._governanceValues')
 potentially stale -> ('MS', 'contracts/party/PartyGovernanceNFT.sol', 'PartyGovernanceNFT.votingPowerByTokenId', '$arg0')
 reader witnesses  -> 135
 storage exposures -> 1
[MV-SI candidate 534c6e4706e96167b47f] {_governanceValues, votingPowerByTokenId[$arg0]}
 writer root       -> sol-tests/crowdfund/ReraiseETHCrowdfund.t.sol::ReraiseETHCrowdfundTest.test_refund_twice()
 writer effect     -> contracts/party/PartyGovernanceNFT.sol:230
 written member    -> ('SV', 'contracts/party/PartyGovernance.sol', 'PartyGovernance._governanceValues')
 potentially stale -> ('MS', 'contracts/party/PartyGovernanceNFT.sol', 'PartyGovernanceNFT.votingPowerByTokenId', '$arg0')
 reader witnesses  -> 45
 storage exposures -> 1
[MV-SI candidate 53db8171206033f93663] {_governanceValues, votingPowerByTokenId[$arg0]}
 writer root       -> sol-tests/crowdfund/ReraiseETHCrowdfund.t.sol::ReraiseETHCrowdfundTest.test_crowdfundCardTokenURI_whileCrowdfundLost()
 writer effect     -> contracts/party/PartyGovernanceNFT.sol:230
 written member    -> ('SV', 'contracts/party/PartyGovernance.sol', 'PartyGovernance._governanceValues')
 potentially stale -> ('MS', 'contracts/party/PartyGovernanceNFT.sol', 'PartyGovernanceNFT.votingPowerByTokenId', '$arg0')
 reader witnesses  -> 45
 storage exposures -> 1
[MV-SI candidate 540e35740f42684c99dd] {_governanceValues, votingPowerByTokenId[$arg0]}
 writer root       -> sol-tests/crowdfund/ReraiseETHCrowdfund.t.sol::ReraiseETHCrowdfundTest.test_batchContribute_works()
 writer effect     -> contracts/party/PartyGovernanceNFT.sol:230
 written member    -> ('SV', 'contracts/party/PartyGovernance.sol', 'PartyGovernance._governanceValues')
 potentially stale -> ('MS', 'contracts/party/PartyGovernanceNFT.sol', 'PartyGovernanceNFT.votingPowerByTokenId', '$arg0')
 reader witnesses  -> 45
 storage exposures -> 1
[MV-SI candidate 54a70038520f17b4231b] {_governanceValues, votingPowerByTokenId[$arg0]}
 writer root       -> sol-tests/crowdfund/ReraiseETHCrowdfund.t.sol::ReraiseETHCrowdfundTest.test_contribute_belowMinContribution()
 writer effect     -> contracts/party/PartyGovernanceNFT.sol:230
 written member    -> ('SV', 'contracts/party/PartyGovernance.sol', 'PartyGovernance._governanceValues')
 potentially stale -> ('MS', 'contracts/party/PartyGovernanceNFT.sol', 'PartyGovernanceNFT.votingPowerByTokenId', '$arg0')
 reader witnesses  -> 45
 storage exposures -> 1
[MV-SI candidate 54b408e32cdfa4c2d025] {_governanceValues, votingPowerByTokenId[$arg0]}
 writer root       -> sol-tests/crowdfund/ReraiseETHCrowdfund.t.sol::ReraiseETHCrowdfundTest.test_contribute_cannotDelegateToZeroAddress()
 writer effect     -> contracts/party/PartyGovernanceNFT.sol:230
 written member    -> ('SV', 'contracts/party/PartyGovernance.sol', 'PartyGovernance._governanceValues')
 potentially stale -> ('MS', 'contracts/party/PartyGovernanceNFT.sol', 'PartyGovernanceNFT.votingPowerByTokenId', '$arg0')
 reader witnesses  -> 45
 storage exposures -> 1
[MV-SI candidate 54d513e5c16f49d0102b] {_governanceValues, votingPowerByTokenId[$arg0]}
 writer root       -> sol-tests/crowdfund/InitialETHCrowdfund.t.sol::InitialETHCrowdfundTest.test_contribute_gatekeeperChecksSender()
 writer effect     -> contracts/party/PartyGovernanceNFT.sol:230
 written member    -> ('SV', 'contracts/party/PartyGovernance.sol', 'PartyGovernance._governanceValues')
 potentially stale -> ('MS', 'contracts/party/PartyGovernanceNFT.sol', 'PartyGovernanceNFT.votingPowerByTokenId', '$arg0')
 reader witnesses  -> 45
 storage exposures -> 1
[MV-SI candidate 565709776b8692a225e2] {_governanceValues, votingPowerByTokenId[$arg0]}
 writer root       -> contracts/crowdfund/InitialETHCrowdfund.sol::InitialETHCrowdfund.contribute(uint256,address,bytes)
 writer effect     -> contracts/party/PartyGovernanceNFT.sol:219
 written member    -> ('MS', 'contracts/party/PartyGovernanceNFT.sol', 'PartyGovernanceNFT.votingPowerByTokenId', '$arg0')
 potentially stale -> ('SV', 'contracts/party/PartyGovernance.sol', 'PartyGovernance._governanceValues')
 reader witnesses  -> 383
 storage exposures -> 1
[MV-SI candidate 586ac290356ae4329b9b] {_governanceValues, votingPowerByTokenId[$arg0]}
 writer root       -> sol-tests/crowdfund/InitialETHCrowdfund.t.sol::InitialETHCrowdfundTest.test_contribute_smallAmountWithFundingSplit()
 writer effect     -> contracts/party/PartyGovernanceNFT.sol:230
 written member    -> ('SV', 'contracts/party/PartyGovernance.sol', 'PartyGovernance._governanceValues')
 potentially stale -> ('MS', 'contracts/party/PartyGovernanceNFT.sol', 'PartyGovernanceNFT.votingPowerByTokenId', '$arg0')
 reader witnesses  -> 45
 storage exposures -> 1
[MV-SI candidate 5a2f101d7a15d554faf2] {_governanceValues, votingPowerByTokenId[$arg0]}
 writer root       -> sol-tests/crowdfund/InitialETHCrowdfund.t.sol::InitialETHCrowdfundTest.test_contribute_cannotDelegateToZeroAddress()
 writer effect     -> contracts/party/PartyGovernanceNFT.sol:230
 written member    -> ('SV', 'contracts/party/PartyGovernance.sol', 'PartyGovernance._governanceValues')
 potentially stale -> ('MS', 'contracts/party/PartyGovernanceNFT.sol', 'PartyGovernanceNFT.votingPowerByTokenId', '$arg0')
 reader witnesses  -> 45
 storage exposures -> 1
[MV-SI candidate 5a88e4bc7242f8e6bfe5] {_governanceValues, votingPowerByTokenId[$arg0]}
 writer root       -> sol-tests/crowdfund/InitialETHCrowdfund.t.sol::InitialETHCrowdfundTest.test_expiry_won()
 writer effect     -> contracts/party/PartyGovernanceNFT.sol:219
 written member    -> ('MS', 'contracts/party/PartyGovernanceNFT.sol', 'PartyGovernanceNFT.votingPowerByTokenId', '$arg0')
 potentially stale -> ('SV', 'contracts/party/PartyGovernance.sol', 'PartyGovernance._governanceValues')
 reader witnesses  -> 383
 storage exposures -> 1
[MV-SI candidate 5b002967665cfcefae5f] {_governanceValues, votingPowerByTokenId[$arg0]}
 writer root       -> sol-tests/party/PartyGovernanceNFT.t.sol::PartyGovernanceNFTTest.testRageQuit_multiple()
 writer effect     -> contracts/party/PartyGovernanceNFT.sol:258
 written member    -> ('SV', 'contracts/party/PartyGovernance.sol', 'PartyGovernance._governanceValues')
 potentially stale -> ('MS', 'contracts/party/PartyGovernanceNFT.sol', 'PartyGovernanceNFT.votingPowerByTokenId', '$arg0')
 reader witnesses  -> 45
 storage exposures -> 1
[MV-SI candidate 5b6b6e8370d10aa6e9e9] {_governanceValues, votingPowerByTokenId[$arg0]}
 writer root       -> sol-tests/crowdfund/InitialETHCrowdfund.t.sol::InitialETHCrowdfundTest.test_sendFundingSplit_cannotSendIfNoFundingSplit()
 writer effect     -> contracts/party/PartyGovernanceNFT.sol:230
 written member    -> ('SV', 'contracts/party/PartyGovernance.sol', 'PartyGovernance._governanceValues')
 potentially stale -> ('MS', 'contracts/party/PartyGovernanceNFT.sol', 'PartyGovernanceNFT.votingPowerByTokenId', '$arg0')
 reader witnesses  -> 45
 storage exposures -> 1
[MV-SI candidate 5c6cdecd391cf5c901f8] {_governanceValues, votingPowerByTokenId[$arg0]}
 writer root       -> sol-tests/crowdfund/InitialETHCrowdfund.t.sol::InitialETHCrowdfundTest.test_refund_notLost()
 writer effect     -> contracts/party/PartyGovernanceNFT.sol:219
 written member    -> ('MS', 'contracts/party/PartyGovernanceNFT.sol', 'PartyGovernanceNFT.votingPowerByTokenId', '$arg0')
 potentially stale -> ('SV', 'contracts/party/PartyGovernance.sol', 'PartyGovernance._governanceValues')
 reader witnesses  -> 383
 storage exposures -> 1
[MV-SI candidate 5ea0016e2162c61006a8] {_governanceValues, votingPowerByTokenId[$arg0]}
 writer root       -> sol-tests/crowdfund/InitialETHCrowdfund.t.sol::InitialETHCrowdfundTest.test_partyCardTokenURI_whileCrowdfundLost()
 writer effect     -> contracts/party/PartyGovernanceNFT.sol:230
 written member    -> ('SV', 'contracts/party/PartyGovernance.sol', 'PartyGovernance._governanceValues')
 potentially stale -> ('MS', 'contracts/party/PartyGovernanceNFT.sol', 'PartyGovernanceNFT.votingPowerByTokenId', '$arg0')
 reader witnesses  -> 45
 storage exposures -> 1
[MV-SI candidate 5ef1c979804b9ac42fe4] {_governanceValues, votingPowerByTokenId[$arg0]}
 writer root       -> contracts/crowdfund/InitialETHCrowdfund.sol::InitialETHCrowdfund.contribute(address,bytes)
 writer effect     -> contracts/party/PartyGovernanceNFT.sol:219
 written member    -> ('MS', 'contracts/party/PartyGovernanceNFT.sol', 'PartyGovernanceNFT.votingPowerByTokenId', '$arg0')
 potentially stale -> ('SV', 'contracts/party/PartyGovernance.sol', 'PartyGovernance._governanceValues')
 reader witnesses  -> 383
 storage exposures -> 1
[MV-SI candidate 626e68edf2119ca6ec04] {_governanceValues, votingPowerByTokenId[$arg0]}
 writer root       -> contracts/crowdfund/ReraiseETHCrowdfund.sol::ReraiseETHCrowdfund.contributeFor(address,address,bytes)
 writer effect     -> contracts/party/PartyGovernanceNFT.sol:230
 written member    -> ('SV', 'contracts/party/PartyGovernance.sol', 'PartyGovernance._governanceValues')
 potentially stale -> ('MS', 'contracts/party/PartyGovernanceNFT.sol', 'PartyGovernanceNFT.votingPowerByTokenId', '$arg0')
 reader witnesses  -> 45
 storage exposures -> 1
[MV-SI candidate 62e96fe7a3551c801b73] {_governanceValues, votingPowerByTokenId[$arg0]}
 writer root       -> sol-tests/crowdfund/ReraiseETHCrowdfund.t.sol::ReraiseETHCrowdfundTest.test_batchRefund_works()
 writer effect     -> contracts/party/PartyGovernanceNFT.sol:230
 written member    -> ('SV', 'contracts/party/PartyGovernance.sol', 'PartyGovernance._governanceValues')
 potentially stale -> ('MS', 'contracts/party/PartyGovernanceNFT.sol', 'PartyGovernanceNFT.votingPowerByTokenId', '$arg0')
 reader witnesses  -> 45
 storage exposures -> 1
[MV-SI candidate 672dceb1c2c52eb25f2a] {_governanceValues, votingPowerByTokenId[$arg0]}
 writer root       -> sol-tests/crowdfund/InitialETHCrowdfund.t.sol::InitialETHCrowdfundTest.test_expiry_lost()
 writer effect     -> contracts/party/PartyGovernanceNFT.sol:219
 written member    -> ('MS', 'contracts/party/PartyGovernanceNFT.sol', 'PartyGovernanceNFT.votingPowerByTokenId', '$arg0')
 potentially stale -> ('SV', 'contracts/party/PartyGovernance.sol', 'PartyGovernance._governanceValues')
 reader witnesses  -> 383
 storage exposures -> 1
[MV-SI candidate 6949bbfc186e8b49a647] {_governanceValues, votingPowerByTokenId[$arg0]}
 writer root       -> sol-tests/crowdfund/InitialETHCrowdfund.t.sol::InitialETHCrowdfundTest.test_contributeFor_doesNotUpdateExistingDelegation()
 writer effect     -> contracts/party/PartyGovernanceNFT.sol:219
 written member    -> ('MS', 'contracts/party/PartyGovernanceNFT.sol', 'PartyGovernanceNFT.votingPowerByTokenId', '$arg0')
 potentially stale -> ('SV', 'contracts/party/PartyGovernance.sol', 'PartyGovernance._governanceValues')
 reader witnesses  -> 383
 storage exposures -> 1
[MV-SI candidate 69f0e570058b57f48fed] {_governanceValues, votingPowerByTokenId[$arg0]}
 writer root       -> sol-tests/crowdfund/ReraiseETHCrowdfund.t.sol::ReraiseETHCrowdfundTest.test_contribute_aboveMaxContribution()
 writer effect     -> contracts/party/PartyGovernanceNFT.sol:230
 written member    -> ('SV', 'contracts/party/PartyGovernance.sol', 'PartyGovernance._governanceValues')
 potentially stale -> ('MS', 'contracts/party/PartyGovernanceNFT.sol', 'PartyGovernanceNFT.votingPowerByTokenId', '$arg0')
 reader witnesses  -> 45
 storage exposures -> 1
[MV-SI candidate 6a1324c93caa87a2f245] {_governanceValues, votingPowerByTokenId[$arg0]}
 writer root       -> sol-tests/crowdfund/InitialETHCrowdfund.t.sol::InitialETHCrowdfundTest.test_contribute_aboveMaxTotalContributionWhenWhenContributionBelowMinContributionAfterRefund()
 writer effect     -> contracts/party/PartyGovernanceNFT.sol:230
 written member    -> ('SV', 'contracts/party/PartyGovernance.sol', 'PartyGovernance._governanceValues')
 potentially stale -> ('MS', 'contracts/party/PartyGovernanceNFT.sol', 'PartyGovernanceNFT.votingPowerByTokenId', '$arg0')
 reader witnesses  -> 45
 storage exposures -> 1
[MV-SI candidate 6b6b37882da304b64e51] {_governanceValues, votingPowerByTokenId[$arg0]}
 writer root       -> sol-tests/crowdfund/ReraiseETHCrowdfund.t.sol::ReraiseETHCrowdfundTest.test_claim_aboveMax()
 writer effect     -> contracts/party/PartyGovernanceNFT.sol:219
 written member    -> ('MS', 'contracts/party/PartyGovernanceNFT.sol', 'PartyGovernanceNFT.votingPowerByTokenId', '$arg0')
 potentially stale -> ('SV', 'contracts/party/PartyGovernance.sol', 'PartyGovernance._governanceValues')
 reader witnesses  -> 383
 storage exposures -> 1
[MV-SI candidate 6ccbeaa0ef02bf1b5c9d] {_governanceValues, votingPowerByTokenId[$arg0]}
 writer root       -> sol-tests/crowdfund/InitialETHCrowdfund.t.sol::InitialETHCrowdfundTest.test_contribute_afterLost()
 writer effect     -> contracts/party/PartyGovernanceNFT.sol:230
 written member    -> ('SV', 'contracts/party/PartyGovernance.sol', 'PartyGovernance._governanceValues')
 potentially stale -> ('MS', 'contracts/party/PartyGovernanceNFT.sol', 'PartyGovernanceNFT.votingPowerByTokenId', '$arg0')
 reader witnesses  -> 45
 storage exposures -> 1
[MV-SI candidate 6ebec0c32f7e41d7f846] {_governanceValues, votingPowerByTokenId[$arg0]}
 writer root       -> sol-tests/party/PartyGovernanceNFT.t.sol::PartyGovernanceNFTTest.testBurn_cannotBurnAndAcceptInSameBlock()
 writer effect     -> contracts/party/PartyGovernanceNFT.sol:258
 written member    -> ('SV', 'contracts/party/PartyGovernance.sol', 'PartyGovernance._governanceValues')
 potentially stale -> ('MS', 'contracts/party/PartyGovernanceNFT.sol', 'PartyGovernanceNFT.votingPowerByTokenId', '$arg0')
 reader witnesses  -> 45
 storage exposures -> 1
[MV-SI candidate 6f5954c5a5ed2fa61ea1] {_governanceValues, votingPowerByTokenId[$arg0]}
 writer root       -> sol-tests/crowdfund/ReraiseETHCrowdfund.t.sol::ReraiseETHCrowdfundTest.test_claim_mintNewCard()
 writer effect     -> contracts/party/PartyGovernanceNFT.sol:219
 written member    -> ('MS', 'contracts/party/PartyGovernanceNFT.sol', 'PartyGovernanceNFT.votingPowerByTokenId', '$arg0')
 potentially stale -> ('SV', 'contracts/party/PartyGovernance.sol', 'PartyGovernance._governanceValues')
 reader witnesses  -> 383
 storage exposures -> 1
[MV-SI candidate 725e34bba4b2a394a0d3] {_governanceValues, votingPowerByTokenId[$arg0]}
 writer root       -> sol-tests/crowdfund/InitialETHCrowdfund.t.sol::InitialETHCrowdfundTest.test_batchRefund_works()
 writer effect     -> contracts/party/PartyGovernanceNFT.sol:230
 written member    -> ('SV', 'contracts/party/PartyGovernance.sol', 'PartyGovernance._governanceValues')
 potentially stale -> ('MS', 'contracts/party/PartyGovernanceNFT.sol', 'PartyGovernanceNFT.votingPowerByTokenId', '$arg0')
 reader witnesses  -> 45
 storage exposures -> 1
[MV-SI candidate 72e615c1260cf7bbf3fe] {_governanceValues, votingPowerByTokenId[$arg0]}
 writer root       -> sol-tests/crowdfund/InitialETHCrowdfund.t.sol::InitialETHCrowdfundTest.test_contribute_noVotingPower()
 writer effect     -> contracts/party/PartyGovernanceNFT.sol:230
 written member    -> ('SV', 'contracts/party/PartyGovernance.sol', 'PartyGovernance._governanceValues')
 potentially stale -> ('MS', 'contracts/party/PartyGovernanceNFT.sol', 'PartyGovernanceNFT.votingPowerByTokenId', '$arg0')
 reader witnesses  -> 45
 storage exposures -> 1
[MV-SI candidate 76992b605c86d380abca] {_governanceValues, votingPowerByTokenId[$arg0]}
 writer root       -> sol-tests/crowdfund/ReraiseETHCrowdfund.t.sol::ReraiseETHCrowdfundTest.test_contribute_aboveMaxTotalContributionWhenWhenContributionBelowMinContributionAfterRefund()
 writer effect     -> contracts/party/PartyGovernanceNFT.sol:230
 written member    -> ('SV', 'contracts/party/PartyGovernance.sol', 'PartyGovernance._governanceValues')
 potentially stale -> ('MS', 'contracts/party/PartyGovernanceNFT.sol', 'PartyGovernanceNFT.votingPowerByTokenId', '$arg0')
 reader witnesses  -> 45
 storage exposures -> 1
[MV-SI candidate 77af59fd835ff7b5d270] {_governanceValues, votingPowerByTokenId[$arg0]}
 writer root       -> sol-tests/crowdfund/InitialETHCrowdfund.t.sol::InitialETHCrowdfundTest.test_contribute_noVotingPower()
 writer effect     -> contracts/party/PartyGovernanceNFT.sol:219
 written member    -> ('MS', 'contracts/party/PartyGovernanceNFT.sol', 'PartyGovernanceNFT.votingPowerByTokenId', '$arg0')
 potentially stale -> ('SV', 'contracts/party/PartyGovernance.sol', 'PartyGovernance._governanceValues')
 reader witnesses  -> 383
 storage exposures -> 1
[MV-SI candidate 7a8c262523abe441db71] {_governanceValues, votingPowerByTokenId[$arg0]}
 writer root       -> sol-tests/crowdfund/ReraiseETHCrowdfund.t.sol::ReraiseETHCrowdfundTest.test_claim_mintNewCard_withDisableContributingForExistingCard()
 writer effect     -> contracts/party/PartyGovernanceNFT.sol:230
 written member    -> ('SV', 'contracts/party/PartyGovernance.sol', 'PartyGovernance._governanceValues')
 potentially stale -> ('MS', 'contracts/party/PartyGovernanceNFT.sol', 'PartyGovernanceNFT.votingPowerByTokenId', '$arg0')
 reader witnesses  -> 45
 storage exposures -> 1
[MV-SI candidate 7c1595aa57a863e6ff82] {_governanceValues, votingPowerByTokenId[$arg0]}
 writer root       -> sol-tests/crowdfund/ReraiseETHCrowdfund.t.sol::ReraiseETHCrowdfundTest.test_sendFundingSplit_cannotSendTwice()
 writer effect     -> contracts/party/PartyGovernanceNFT.sol:230
 written member    -> ('SV', 'contracts/party/PartyGovernance.sol', 'PartyGovernance._governanceValues')
 potentially stale -> ('MS', 'contracts/party/PartyGovernanceNFT.sol', 'PartyGovernanceNFT.votingPowerByTokenId', '$arg0')
 reader witnesses  -> 45
 storage exposures -> 1
[MV-SI candidate 7c3b943bc9456ed9f43f] {_governanceValues, votingPowerByTokenId[$arg0]}
 writer root       -> sol-tests/crowdfund/ReraiseETHCrowdfund.t.sol::ReraiseETHCrowdfundTest.test_finalize_anyoneCanFinalizeWhenExpired()
 writer effect     -> contracts/party/PartyGovernanceNFT.sol:230
 written member    -> ('SV', 'contracts/party/PartyGovernance.sol', 'PartyGovernance._governanceValues')
 potentially stale -> ('MS', 'contracts/party/PartyGovernanceNFT.sol', 'PartyGovernanceNFT.votingPowerByTokenId', '$arg0')
 reader witnesses  -> 90
 storage exposures -> 1
[MV-SI candidate 80d576693f34b340f706] {_governanceValues, votingPowerByTokenId[$arg0]}
 writer root       -> sol-tests/party/PartyGovernanceNFT.t.sol::PartyGovernanceNFTTest.testRageQuit_disableRageQuit()
 writer effect     -> contracts/party/PartyGovernanceNFT.sol:258
 written member    -> ('SV', 'contracts/party/PartyGovernance.sol', 'PartyGovernance._governanceValues')
 potentially stale -> ('MS', 'contracts/party/PartyGovernanceNFT.sol', 'PartyGovernanceNFT.votingPowerByTokenId', '$arg0')
 reader witnesses  -> 45
 storage exposures -> 1
[MV-SI candidate 8191c162ae4730401b72] {_governanceValues, votingPowerByTokenId[$arg0]}
 writer root       -> contracts/party/PartyGovernanceNFT.sol::PartyGovernanceNFT.rageQuit(uint256[],IERC20[],address)
 writer effect     -> contracts/party/PartyGovernanceNFT.sol:258
 written member    -> ('SV', 'contracts/party/PartyGovernance.sol', 'PartyGovernance._governanceValues')
 potentially stale -> ('MS', 'contracts/party/PartyGovernanceNFT.sol', 'PartyGovernanceNFT.votingPowerByTokenId', '$arg0')
 reader witnesses  -> 45
 storage exposures -> 1
[MV-SI candidate 81b99c79bfc6bf740063] {_governanceValues, votingPowerByTokenId[$arg0]}
 writer root       -> sol-tests/crowdfund/ReraiseETHCrowdfund.t.sol::ReraiseETHCrowdfundTest.test_claimMultiple_cannotHaveRemainingVotingPowerAfterClaim()
 writer effect     -> contracts/party/PartyGovernanceNFT.sol:230
 written member    -> ('SV', 'contracts/party/PartyGovernance.sol', 'PartyGovernance._governanceValues')
 potentially stale -> ('MS', 'contracts/party/PartyGovernanceNFT.sol', 'PartyGovernanceNFT.votingPowerByTokenId', '$arg0')
 reader witnesses  -> 45
 storage exposures -> 1
[MV-SI candidate 82aa32c027905f453681] {_governanceValues, votingPowerByTokenId[$arg0]}
 writer root       -> sol-tests/crowdfund/ReraiseETHCrowdfund.t.sol::ReraiseETHCrowdfundTest.test_contribute_withFundingSplit()
 writer effect     -> contracts/party/PartyGovernanceNFT.sol:230
 written member    -> ('SV', 'contracts/party/PartyGovernance.sol', 'PartyGovernance._governanceValues')
 potentially stale -> ('MS', 'contracts/party/PartyGovernanceNFT.sol', 'PartyGovernanceNFT.votingPowerByTokenId', '$arg0')
 reader witnesses  -> 45
 storage exposures -> 1
[MV-SI candidate 85300607eff39a9c9a2e] {_governanceValues, votingPowerByTokenId[$arg0]}
 writer root       -> sol-tests/party/PartyGovernanceNFT.t.sol::PartyGovernanceNFTTest.testRageQuit_expiredRageQuitTimestamp()
 writer effect     -> contracts/party/PartyGovernanceNFT.sol:258
 written member    -> ('SV', 'contracts/party/PartyGovernance.sol', 'PartyGovernance._governanceValues')
 potentially stale -> ('MS', 'contracts/party/PartyGovernanceNFT.sol', 'PartyGovernanceNFT.votingPowerByTokenId', '$arg0')
 reader witnesses  -> 45
 storage exposures -> 1
[MV-SI candidate 86f6aa398ae6ab5805be] {_governanceValues, votingPowerByTokenId[$arg0]}
 writer root       -> sol-tests/crowdfund/ReraiseETHCrowdfund.t.sol::ReraiseETHCrowdfundTest.test_finalize_withFundingSplit()
 writer effect     -> contracts/party/PartyGovernanceNFT.sol:230
 written member    -> ('SV', 'contracts/party/PartyGovernance.sol', 'PartyGovernance._governanceValues')
 potentially stale -> ('MS', 'contracts/party/PartyGovernanceNFT.sol', 'PartyGovernanceNFT.votingPowerByTokenId', '$arg0')
 reader witnesses  -> 90
 storage exposures -> 1
[MV-SI candidate 87189ef627ecd0c5c3ff] {_governanceValues, votingPowerByTokenId[$arg0]}
 writer root       -> sol-tests/crowdfund/InitialETHCrowdfund.t.sol::InitialETHCrowdfundTest.test_contribute_aboveMaxTotalContribution()
 writer effect     -> contracts/party/PartyGovernanceNFT.sol:230
 written member    -> ('SV', 'contracts/party/PartyGovernance.sol', 'PartyGovernance._governanceValues')
 potentially stale -> ('MS', 'contracts/party/PartyGovernanceNFT.sol', 'PartyGovernanceNFT.votingPowerByTokenId', '$arg0')
 reader witnesses  -> 45
 storage exposures -> 1
[MV-SI candidate 8733945650e31ac23bd3] {_governanceValues, votingPowerByTokenId[$arg0]}
 writer root       -> sol-tests/party/PartyGovernanceNFT.t.sol::PartyGovernanceNFTTest.testBurn_withApproval()
 writer effect     -> contracts/party/PartyGovernanceNFT.sol:258
 written member    -> ('SV', 'contracts/party/PartyGovernance.sol', 'PartyGovernance._governanceValues')
 potentially stale -> ('MS', 'contracts/party/PartyGovernanceNFT.sol', 'PartyGovernanceNFT.votingPowerByTokenId', '$arg0')
 reader witnesses  -> 45
 storage exposures -> 1
[MV-SI candidate 88a08a19a27e36fa1f97] {_governanceValues, votingPowerByTokenId[$arg0]}
 writer root       -> sol-tests/crowdfund/InitialETHCrowdfund.t.sol::InitialETHCrowdfundTest.test_refund_twice()
 writer effect     -> contracts/party/PartyGovernanceNFT.sol:219
 written member    -> ('MS', 'contracts/party/PartyGovernanceNFT.sol', 'PartyGovernanceNFT.votingPowerByTokenId', '$arg0')
 potentially stale -> ('SV', 'contracts/party/PartyGovernance.sol', 'PartyGovernance._governanceValues')
 reader witnesses  -> 383
 storage exposures -> 1
[MV-SI candidate 8911d1b67ecf9f2b4047] {_governanceValues, votingPowerByTokenId[$arg0]}
 writer root       -> sol-tests/crowdfund/ReraiseETHCrowdfund.t.sol::ReraiseETHCrowdfundTest.test_batchClaim_works()
 writer effect     -> contracts/party/PartyGovernanceNFT.sol:230
 written member    -> ('SV', 'contracts/party/PartyGovernance.sol', 'PartyGovernance._governanceValues')
 potentially stale -> ('MS', 'contracts/party/PartyGovernanceNFT.sol', 'PartyGovernanceNFT.votingPowerByTokenId', '$arg0')
 reader witnesses  -> 45
 storage exposures -> 1
[MV-SI candidate 89b549a195b11a3ea626] {_governanceValues, votingPowerByTokenId[$arg0]}
 writer root       -> contracts/party/PartyGovernanceNFT.sol::PartyGovernanceNFT.addVotingPower(uint256,uint256)
 writer effect     -> contracts/party/PartyGovernanceNFT.sol:219
 written member    -> ('MS', 'contracts/party/PartyGovernanceNFT.sol', 'PartyGovernanceNFT.votingPowerByTokenId', '$arg0')
 potentially stale -> ('SV', 'contracts/party/PartyGovernance.sol', 'PartyGovernance._governanceValues')
 reader witnesses  -> 383
 storage exposures -> 1
[MV-SI candidate 89d578ca29dd21293e7c] {_governanceValues, votingPowerByTokenId[$arg0]}
 writer root       -> sol-tests/crowdfund/ReraiseETHCrowdfund.t.sol::ReraiseETHCrowdfundTest.test_crowdfundCardTokenURI_whileCrowdfundFinalized()
 writer effect     -> contracts/party/PartyGovernanceNFT.sol:230
 written member    -> ('SV', 'contracts/party/PartyGovernance.sol', 'PartyGovernance._governanceValues')
 potentially stale -> ('MS', 'contracts/party/PartyGovernanceNFT.sol', 'PartyGovernanceNFT.votingPowerByTokenId', '$arg0')
 reader witnesses  -> 45
 storage exposures -> 1
[MV-SI candidate 8cc8b77764c360fac9d8] {_governanceValues, votingPowerByTokenId[$arg0]}
 writer root       -> sol-tests/crowdfund/InitialETHCrowdfund.t.sol::InitialETHCrowdfundTest.test_expiry_won()
 writer effect     -> contracts/party/PartyGovernanceNFT.sol:230
 written member    -> ('SV', 'contracts/party/PartyGovernance.sol', 'PartyGovernance._governanceValues')
 potentially stale -> ('MS', 'contracts/party/PartyGovernanceNFT.sol', 'PartyGovernanceNFT.votingPowerByTokenId', '$arg0')
 reader witnesses  -> 45
 storage exposures -> 1
[MV-SI candidate 8d16d6087acef077c673] {_governanceValues, votingPowerByTokenId[$arg0]}
 writer root       -> sol-tests/crowdfund/ReraiseETHCrowdfund.t.sol::ReraiseETHCrowdfundTest.test_fundingSplit_contributionAndRefund()
 writer effect     -> contracts/party/PartyGovernanceNFT.sol:230
 written member    -> ('SV', 'contracts/party/PartyGovernance.sol', 'PartyGovernance._governanceValues')
 potentially stale -> ('MS', 'contracts/party/PartyGovernanceNFT.sol', 'PartyGovernanceNFT.votingPowerByTokenId', '$arg0')
 reader witnesses  -> 45
 storage exposures -> 1
[MV-SI candidate 8d39350d05494698eb0b] {_governanceValues, votingPowerByTokenId[$arg0]}
 writer root       -> contracts/crowdfund/ReraiseETHCrowdfund.sol::ReraiseETHCrowdfund.batchContribute(ReraiseETHCrowdfund.BatchContributeArgs)
 writer effect     -> contracts/party/PartyGovernanceNFT.sol:230
 written member    -> ('SV', 'contracts/party/PartyGovernance.sol', 'PartyGovernance._governanceValues')
 potentially stale -> ('MS', 'contracts/party/PartyGovernanceNFT.sol', 'PartyGovernanceNFT.votingPowerByTokenId', '$arg0')
 reader witnesses  -> 45
 storage exposures -> 1
[MV-SI candidate 943a99109bdd5df2af92] {_governanceValues, votingPowerByTokenId[$arg0]}
 writer root       -> sol-tests/crowdfund/InitialETHCrowdfund.t.sol::InitialETHCrowdfundTest.test_finalize_works()
 writer effect     -> contracts/party/PartyGovernanceNFT.sol:219
 written member    -> ('MS', 'contracts/party/PartyGovernanceNFT.sol', 'PartyGovernanceNFT.votingPowerByTokenId', '$arg0')
 potentially stale -> ('SV', 'contracts/party/PartyGovernance.sol', 'PartyGovernance._governanceValues')
 reader witnesses  -> 383
 storage exposures -> 1
[MV-SI candidate 95ebf143c482b75d18d5] {_governanceValues, votingPowerByTokenId[$arg0]}
 writer root       -> sol-tests/crowdfund/ReraiseETHCrowdfund.t.sol::ReraiseETHCrowdfundTest.test_claimMultiple_votingPowerOfCardAboveMax()
 writer effect     -> contracts/party/PartyGovernanceNFT.sol:230
 written member    -> ('SV', 'contracts/party/PartyGovernance.sol', 'PartyGovernance._governanceValues')
 potentially stale -> ('MS', 'contracts/party/PartyGovernanceNFT.sol', 'PartyGovernanceNFT.votingPowerByTokenId', '$arg0')
 reader witnesses  -> 45
 storage exposures -> 1
[MV-SI candidate 9c15d641d2494ce475fb] {_governanceValues, votingPowerByTokenId[$arg0]}
 writer root       -> sol-tests/crowdfund/InitialETHCrowdfund.t.sol::InitialETHCrowdfundTest.test_contribute_aboveMaxContribution()
 writer effect     -> contracts/party/PartyGovernanceNFT.sol:219
 written member    -> ('MS', 'contracts/party/PartyGovernanceNFT.sol', 'PartyGovernanceNFT.votingPowerByTokenId', '$arg0')
 potentially stale -> ('SV', 'contracts/party/PartyGovernance.sol', 'PartyGovernance._governanceValues')
 reader witnesses  -> 383
 storage exposures -> 1
[MV-SI candidate 9ea10e4587439a923996] {_governanceValues, votingPowerByTokenId[$arg0]}
 writer root       -> sol-tests/crowdfund/ReraiseETHCrowdfund.t.sol::ReraiseETHCrowdfundTest.test_contribute_afterLost()
 writer effect     -> contracts/party/PartyGovernanceNFT.sol:230
 written member    -> ('SV', 'contracts/party/PartyGovernance.sol', 'PartyGovernance._governanceValues')
 potentially stale -> ('MS', 'contracts/party/PartyGovernanceNFT.sol', 'PartyGovernanceNFT.votingPowerByTokenId', '$arg0')
 reader witnesses  -> 45
 storage exposures -> 1
[MV-SI candidate 9ea4651c466618281a17] {_governanceValues, votingPowerByTokenId[$arg0]}
 writer root       -> sol-tests/crowdfund/InitialETHCrowdfund.t.sol::InitialETHCrowdfundTest.test_finalize_withFundingSplit()
 writer effect     -> contracts/party/PartyGovernanceNFT.sol:219
 written member    -> ('MS', 'contracts/party/PartyGovernanceNFT.sol', 'PartyGovernanceNFT.votingPowerByTokenId', '$arg0')
 potentially stale -> ('SV', 'contracts/party/PartyGovernance.sol', 'PartyGovernance._governanceValues')
 reader witnesses  -> 383
 storage exposures -> 1
[MV-SI candidate 9f21f0f60c8ac4c956e2] {_governanceValues, votingPowerByTokenId[$arg0]}
 writer root       -> sol-tests/crowdfund/InitialETHCrowdfund.t.sol::InitialETHCrowdfundTest.test_contribute_withFundingSplit()
 writer effect     -> contracts/party/PartyGovernanceNFT.sol:219
 written member    -> ('MS', 'contracts/party/PartyGovernanceNFT.sol', 'PartyGovernanceNFT.votingPowerByTokenId', '$arg0')
 potentially stale -> ('SV', 'contracts/party/PartyGovernance.sol', 'PartyGovernance._governanceValues')
 reader witnesses  -> 383
 storage exposures -> 1
[MV-SI candidate 9fb1af682adc0779a3db] {_governanceValues, votingPowerByTokenId[$arg0]}
 writer root       -> sol-tests/crowdfund/ReraiseETHCrowdfund.t.sol::ReraiseETHCrowdfundTest.test_refund_works()
 writer effect     -> contracts/party/PartyGovernanceNFT.sol:230
 written member    -> ('SV', 'contracts/party/PartyGovernance.sol', 'PartyGovernance._governanceValues')
 potentially stale -> ('MS', 'contracts/party/PartyGovernanceNFT.sol', 'PartyGovernanceNFT.votingPowerByTokenId', '$arg0')
 reader witnesses  -> 45
 storage exposures -> 1
[MV-SI candidate a096e6238a745153612b] {_governanceValues, votingPowerByTokenId[$arg0]}
 writer root       -> contracts/crowdfund/InitialETHCrowdfund.sol::InitialETHCrowdfund.contributeFor(uint256,address,address,bytes)
 writer effect     -> contracts/party/PartyGovernanceNFT.sol:230
 written member    -> ('SV', 'contracts/party/PartyGovernance.sol', 'PartyGovernance._governanceValues')
 potentially stale -> ('MS', 'contracts/party/PartyGovernanceNFT.sol', 'PartyGovernanceNFT.votingPowerByTokenId', '$arg0')
 reader witnesses  -> 45
 storage exposures -> 1
[MV-SI candidate a0ebcd6a78249ae94101] {_governanceValues, votingPowerByTokenId[$arg0]}
 writer root       -> sol-tests/crowdfund/ReraiseETHCrowdfund.t.sol::ReraiseETHCrowdfundTest.test_finalize_belowMinTotalContributions()
 writer effect     -> contracts/party/PartyGovernanceNFT.sol:230
 written member    -> ('SV', 'contracts/party/PartyGovernance.sol', 'PartyGovernance._governanceValues')
 potentially stale -> ('MS', 'contracts/party/PartyGovernanceNFT.sol', 'PartyGovernanceNFT.votingPowerByTokenId', '$arg0')
 reader witnesses  -> 90
 storage exposures -> 1
[MV-SI candidate a496783257fd800ba9f4] {_governanceValues, votingPowerByTokenId[$arg0]}
 writer root       -> sol-tests/crowdfund/ReraiseETHCrowdfund.t.sol::ReraiseETHCrowdfundTest.test_claimMultiple_votingPowerOfCardBelowMin()
 writer effect     -> contracts/party/PartyGovernanceNFT.sol:230
 written member    -> ('SV', 'contracts/party/PartyGovernance.sol', 'PartyGovernance._governanceValues')
 potentially stale -> ('MS', 'contracts/party/PartyGovernanceNFT.sol', 'PartyGovernanceNFT.votingPowerByTokenId', '$arg0')
 reader witnesses  -> 45
 storage exposures -> 1
[MV-SI candidate a523715ba7450736c7ce] {_governanceValues, votingPowerByTokenId[$arg0]}
 writer root       -> sol-tests/crowdfund/InitialETHCrowdfund.t.sol::InitialETHCrowdfundTest.test_contribute_aboveMaxContribution()
 writer effect     -> contracts/party/PartyGovernanceNFT.sol:230
 written member    -> ('SV', 'contracts/party/PartyGovernance.sol', 'PartyGovernance._governanceValues')
 potentially stale -> ('MS', 'contracts/party/PartyGovernanceNFT.sol', 'PartyGovernanceNFT.votingPowerByTokenId', '$arg0')
 reader witnesses  -> 45
 storage exposures -> 1
[MV-SI candidate a79b47500fd923222899] {_governanceValues, votingPowerByTokenId[$arg0]}
 writer root       -> sol-tests/crowdfund/InitialETHCrowdfund.t.sol::InitialETHCrowdfundTest.test_batchContribute_works()
 writer effect     -> contracts/party/PartyGovernanceNFT.sol:230
 written member    -> ('SV', 'contracts/party/PartyGovernance.sol', 'PartyGovernance._governanceValues')
 potentially stale -> ('MS', 'contracts/party/PartyGovernanceNFT.sol', 'PartyGovernanceNFT.votingPowerByTokenId', '$arg0')
 reader witnesses  -> 45
 storage exposures -> 1
[MV-SI candidate a9400f368b5cb75c6e0a] {_governanceValues, votingPowerByTokenId[$arg0]}
 writer root       -> sol-tests/crowdfund/InitialETHCrowdfund.t.sol::InitialETHCrowdfundTest.test_contributeFor_works()
 writer effect     -> contracts/party/PartyGovernanceNFT.sol:230
 written member    -> ('SV', 'contracts/party/PartyGovernance.sol', 'PartyGovernance._governanceValues')
 potentially stale -> ('MS', 'contracts/party/PartyGovernanceNFT.sol', 'PartyGovernanceNFT.votingPowerByTokenId', '$arg0')
 reader witnesses  -> 45
 storage exposures -> 1
[MV-SI candidate ac22a357d4701f2b1ff4] {_governanceValues, votingPowerByTokenId[$arg0]}
 writer root       -> sol-tests/crowdfund/InitialETHCrowdfund.t.sol::InitialETHCrowdfundTest.test_contribute_aboveMaxTotalContributionWhenWhenContributionBelowMinContributionAfterRefund()
 writer effect     -> contracts/party/PartyGovernanceNFT.sol:219
 written member    -> ('MS', 'contracts/party/PartyGovernanceNFT.sol', 'PartyGovernanceNFT.votingPowerByTokenId', '$arg0')
 potentially stale -> ('SV', 'contracts/party/PartyGovernance.sol', 'PartyGovernance._governanceValues')
 reader witnesses  -> 383
 storage exposures -> 1
[MV-SI candidate acf4ef5603965083a781] {_governanceValues, votingPowerByTokenId[$arg0]}
 writer root       -> sol-tests/crowdfund/InitialETHCrowdfund.t.sol::InitialETHCrowdfundTest.test_contribute_addVotingPowerToExistingCard()
 writer effect     -> contracts/party/PartyGovernanceNFT.sol:230
 written member    -> ('SV', 'contracts/party/PartyGovernance.sol', 'PartyGovernance._governanceValues')
 potentially stale -> ('MS', 'contracts/party/PartyGovernanceNFT.sol', 'PartyGovernanceNFT.votingPowerByTokenId', '$arg0')
 reader witnesses  -> 45
 storage exposures -> 1
[MV-SI candidate b021c3298840725edb38] {_governanceValues, votingPowerByTokenId[$arg0]}
 writer root       -> sol-tests/crowdfund/InitialETHCrowdfund.t.sol::InitialETHCrowdfundTest.test_fundingSplit_contributionAndRefund()
 writer effect     -> contracts/party/PartyGovernanceNFT.sol:230
 written member    -> ('SV', 'contracts/party/PartyGovernance.sol', 'PartyGovernance._governanceValues')
 potentially stale -> ('MS', 'contracts/party/PartyGovernanceNFT.sol', 'PartyGovernanceNFT.votingPowerByTokenId', '$arg0')
 reader witnesses  -> 45
 storage exposures -> 1
[MV-SI candidate b2b150e79b09c1398536] {_governanceValues, votingPowerByTokenId[$arg0]}
 writer root       -> sol-tests/crowdfund/InitialETHCrowdfund.t.sol::InitialETHCrowdfundTest.test_contributeFor_doesNotUpdateExistingDelegation()
 writer effect     -> contracts/party/PartyGovernanceNFT.sol:230
 written member    -> ('SV', 'contracts/party/PartyGovernance.sol', 'PartyGovernance._governanceValues')
 potentially stale -> ('MS', 'contracts/party/PartyGovernanceNFT.sol', 'PartyGovernanceNFT.votingPowerByTokenId', '$arg0')
 reader witnesses  -> 45
 storage exposures -> 1
[MV-SI candidate b2caeca26abe618e2ae8] {_governanceValues, votingPowerByTokenId[$arg0]}
 writer root       -> sol-tests/crowdfund/InitialETHCrowdfund.t.sol::InitialETHCrowdfundTest.test_contribute_withFundingSplit()
 writer effect     -> contracts/party/PartyGovernanceNFT.sol:230
 written member    -> ('SV', 'contracts/party/PartyGovernance.sol', 'PartyGovernance._governanceValues')
 potentially stale -> ('MS', 'contracts/party/PartyGovernanceNFT.sol', 'PartyGovernanceNFT.votingPowerByTokenId', '$arg0')
 reader witnesses  -> 45
 storage exposures -> 1
[MV-SI candidate b402dc00b8fc76f5f88b] {_governanceValues, votingPowerByTokenId[$arg0]}
 writer root       -> contracts/party/PartyGovernanceNFT.sol::PartyGovernanceNFT.burn(uint256)
 writer effect     -> contracts/party/PartyGovernanceNFT.sol:258
 written member    -> ('SV', 'contracts/party/PartyGovernance.sol', 'PartyGovernance._governanceValues')
 potentially stale -> ('MS', 'contracts/party/PartyGovernanceNFT.sol', 'PartyGovernanceNFT.votingPowerByTokenId', '$arg0')
 reader witnesses  -> 45
 storage exposures -> 1
[MV-SI candidate b57ac522dd5878275dd8] {_governanceValues, votingPowerByTokenId[$arg0]}
 writer root       -> sol-tests/crowdfund/InitialETHCrowdfund.t.sol::InitialETHCrowdfundTest.test_finalize_onlyHostCanFinalizeEarlyWhenActive()
 writer effect     -> contracts/party/PartyGovernanceNFT.sol:219
 written member    -> ('MS', 'contracts/party/PartyGovernanceNFT.sol', 'PartyGovernanceNFT.votingPowerByTokenId', '$arg0')
 potentially stale -> ('SV', 'contracts/party/PartyGovernance.sol', 'PartyGovernance._governanceValues')
 reader witnesses  -> 383
 storage exposures -> 1
[MV-SI candidate b62407f78d9dfa14433e] {_governanceValues, votingPowerByTokenId[$arg0]}
 writer root       -> sol-tests/crowdfund/ReraiseETHCrowdfund.t.sol::ReraiseETHCrowdfundTest.test_contribute_smallAmountWithFundingSplit()
 writer effect     -> contracts/party/PartyGovernanceNFT.sol:230
 written member    -> ('SV', 'contracts/party/PartyGovernance.sol', 'PartyGovernance._governanceValues')
 potentially stale -> ('MS', 'contracts/party/PartyGovernanceNFT.sol', 'PartyGovernanceNFT.votingPowerByTokenId', '$arg0')
 reader witnesses  -> 45
 storage exposures -> 1
[MV-SI candidate b67a5e4809230bec39ac] {_governanceValues, votingPowerByTokenId[$arg0]}
 writer root       -> sol-tests/crowdfund/InitialETHCrowdfund.t.sol::InitialETHCrowdfundTest.test_refund_twice()
 writer effect     -> contracts/party/PartyGovernanceNFT.sol:230
 written member    -> ('SV', 'contracts/party/PartyGovernance.sol', 'PartyGovernance._governanceValues')
 potentially stale -> ('MS', 'contracts/party/PartyGovernanceNFT.sol', 'PartyGovernanceNFT.votingPowerByTokenId', '$arg0')
 reader witnesses  -> 45
 storage exposures -> 1
[MV-SI candidate b8ef35628370c1f0517d] {_governanceValues, votingPowerByTokenId[$arg0]}
 writer root       -> sol-tests/crowdfund/ReraiseETHCrowdfund.t.sol::ReraiseETHCrowdfundTest.test_contribute_noContribution()
 writer effect     -> contracts/party/PartyGovernanceNFT.sol:230
 written member    -> ('SV', 'contracts/party/PartyGovernance.sol', 'PartyGovernance._governanceValues')
 potentially stale -> ('MS', 'contracts/party/PartyGovernanceNFT.sol', 'PartyGovernanceNFT.votingPowerByTokenId', '$arg0')
 reader witnesses  -> 45
 storage exposures -> 1
[MV-SI candidate bbc6d549d831950264bf] {_governanceValues, votingPowerByTokenId[$arg0]}
 writer root       -> sol-tests/crowdfund/InitialETHCrowdfund.t.sol::InitialETHCrowdfundTest.test_initialization_cannotReinitialize()
 writer effect     -> contracts/party/PartyGovernanceNFT.sol:230
 written member    -> ('SV', 'contracts/party/PartyGovernance.sol', 'PartyGovernance._governanceValues')
 potentially stale -> ('MS', 'contracts/party/PartyGovernanceNFT.sol', 'PartyGovernanceNFT.votingPowerByTokenId', '$arg0')
 reader witnesses  -> 45
 storage exposures -> 1
[MV-SI candidate be80ca49b60f48839a4f] {_governanceValues, votingPowerByTokenId[$arg0]}
 writer root       -> contracts/crowdfund/InitialETHCrowdfund.sol::InitialETHCrowdfund.batchContribute(InitialETHCrowdfund.BatchContributeArgs)
 writer effect     -> contracts/party/PartyGovernanceNFT.sol:230
 written member    -> ('SV', 'contracts/party/PartyGovernance.sol', 'PartyGovernance._governanceValues')
 potentially stale -> ('MS', 'contracts/party/PartyGovernanceNFT.sol', 'PartyGovernanceNFT.votingPowerByTokenId', '$arg0')
 reader witnesses  -> 45
 storage exposures -> 1
[MV-SI candidate bedd66b6d00b1836d7e0] {_governanceValues, votingPowerByTokenId[$arg0]}
 writer root       -> sol-tests/crowdfund/InitialETHCrowdfund.t.sol::InitialETHCrowdfundTest.test_refund_works()
 writer effect     -> contracts/party/PartyGovernanceNFT.sol:258
 written member    -> ('SV', 'contracts/party/PartyGovernance.sol', 'PartyGovernance._governanceValues')
 potentially stale -> ('MS', 'contracts/party/PartyGovernanceNFT.sol', 'PartyGovernanceNFT.votingPowerByTokenId', '$arg0')
 reader witnesses  -> 45
 storage exposures -> 1
[MV-SI candidate bf72539306ccc701fe6a] {_governanceValues, votingPowerByTokenId[$arg0]}
 writer root       -> contracts/crowdfund/InitialETHCrowdfund.sol::InitialETHCrowdfund.contribute(uint256,address,bytes)
 writer effect     -> contracts/party/PartyGovernanceNFT.sol:230
 written member    -> ('SV', 'contracts/party/PartyGovernance.sol', 'PartyGovernance._governanceValues')
 potentially stale -> ('MS', 'contracts/party/PartyGovernanceNFT.sol', 'PartyGovernanceNFT.votingPowerByTokenId', '$arg0')
 reader witnesses  -> 45
 storage exposures -> 1
[MV-SI candidate c1c72bd564c075dc3f79] {_governanceValues, votingPowerByTokenId[$arg0]}
 writer root       -> sol-tests/crowdfund/InitialETHCrowdfund.t.sol::InitialETHCrowdfundTest.test_sendFundingSplit_works()
 writer effect     -> contracts/party/PartyGovernanceNFT.sol:230
 written member    -> ('SV', 'contracts/party/PartyGovernance.sol', 'PartyGovernance._governanceValues')
 potentially stale -> ('MS', 'contracts/party/PartyGovernanceNFT.sol', 'PartyGovernanceNFT.votingPowerByTokenId', '$arg0')
 reader witnesses  -> 45
 storage exposures -> 1
[MV-SI candidate c27a377cef8aa5c55176] {_governanceValues, votingPowerByTokenId[$arg0]}
 writer root       -> contracts/crowdfund/InitialETHCrowdfund.sol::InitialETHCrowdfund.initialize(InitialETHCrowdfund.InitialETHCrowdfundOptions,InitialETHCrowdfund.ETHPartyOptions)
 writer effect     -> contracts/party/PartyGovernanceNFT.sol:219
 written member    -> ('MS', 'contracts/party/PartyGovernanceNFT.sol', 'PartyGovernanceNFT.votingPowerByTokenId', '$arg0')
 potentially stale -> ('SV', 'contracts/party/PartyGovernance.sol', 'PartyGovernance._governanceValues')
 reader witnesses  -> 383
 storage exposures -> 1
[MV-SI candidate c3757a6044ee8aa2c243] {_governanceValues, votingPowerByTokenId[$arg0]}
 writer root       -> sol-tests/crowdfund/ReraiseETHCrowdfund.t.sol::ReraiseETHCrowdfundTest.test_claim_mintNewCard()
 writer effect     -> contracts/party/PartyGovernanceNFT.sol:230
 written member    -> ('SV', 'contracts/party/PartyGovernance.sol', 'PartyGovernance._governanceValues')
 potentially stale -> ('MS', 'contracts/party/PartyGovernanceNFT.sol', 'PartyGovernanceNFT.votingPowerByTokenId', '$arg0')
 reader witnesses  -> 45
 storage exposures -> 1
[MV-SI candidate c42d0531636eb71ec370] {_governanceValues, votingPowerByTokenId[$arg0]}
 writer root       -> sol-tests/crowdfund/ReraiseETHCrowdfund.t.sol::ReraiseETHCrowdfundTest.test_crowdfundCardTokenURI_whileCrowdfundWon()
 writer effect     -> contracts/party/PartyGovernanceNFT.sol:230
 written member    -> ('SV', 'contracts/party/PartyGovernance.sol', 'PartyGovernance._governanceValues')
 potentially stale -> ('MS', 'contracts/party/PartyGovernanceNFT.sol', 'PartyGovernanceNFT.votingPowerByTokenId', '$arg0')
 reader witnesses  -> 45
 storage exposures -> 1
[MV-SI candidate c50eccbcd83e3af8531a] {_governanceValues, votingPowerByTokenId[$arg0]}
 writer root       -> sol-tests/crowdfund/ReraiseETHCrowdfund.t.sol::ReraiseETHCrowdfundTest.test_expiry_won()
 writer effect     -> contracts/party/PartyGovernanceNFT.sol:230
 written member    -> ('SV', 'contracts/party/PartyGovernance.sol', 'PartyGovernance._governanceValues')
 potentially stale -> ('MS', 'contracts/party/PartyGovernanceNFT.sol', 'PartyGovernanceNFT.votingPowerByTokenId', '$arg0')
 reader witnesses  -> 45
 storage exposures -> 1
[MV-SI candidate c5ce9b6b39db8dbda7cb] {_governanceValues, votingPowerByTokenId[$arg0]}
 writer root       -> contracts/crowdfund/InitialETHCrowdfund.sol::InitialETHCrowdfund.contributeFor(uint256,address,address,bytes)
 writer effect     -> contracts/party/PartyGovernanceNFT.sol:219
 written member    -> ('MS', 'contracts/party/PartyGovernanceNFT.sol', 'PartyGovernanceNFT.votingPowerByTokenId', '$arg0')
 potentially stale -> ('SV', 'contracts/party/PartyGovernance.sol', 'PartyGovernance._governanceValues')
 reader witnesses  -> 383
 storage exposures -> 1
[MV-SI candidate c6824b9ab233bb811f82] {_governanceValues, votingPowerByTokenId[$arg0]}
 writer root       -> sol-tests/crowdfund/ReraiseETHCrowdfund.t.sol::ReraiseETHCrowdfundTest.test_expiry_lost()
 writer effect     -> contracts/party/PartyGovernanceNFT.sol:230
 written member    -> ('SV', 'contracts/party/PartyGovernance.sol', 'PartyGovernance._governanceValues')
 potentially stale -> ('MS', 'contracts/party/PartyGovernanceNFT.sol', 'PartyGovernanceNFT.votingPowerByTokenId', '$arg0')
 reader witnesses  -> 45
 storage exposures -> 1
[MV-SI candidate c74e12b361ad11849ec5] {_governanceValues, votingPowerByTokenId[$arg0]}
 writer root       -> sol-tests/crowdfund/InitialETHCrowdfund.t.sol::InitialETHCrowdfundTest.test_finalize_anyoneCanFinalizeWhenExpired()
 writer effect     -> contracts/party/PartyGovernanceNFT.sol:230
 written member    -> ('SV', 'contracts/party/PartyGovernance.sol', 'PartyGovernance._governanceValues')
 potentially stale -> ('MS', 'contracts/party/PartyGovernanceNFT.sol', 'PartyGovernanceNFT.votingPowerByTokenId', '$arg0')
 reader witnesses  -> 90
 storage exposures -> 1
[MV-SI candidate c919dad6901dc152978b] {_governanceValues, votingPowerByTokenId[$arg0]}
 writer root       -> sol-tests/crowdfund/ReraiseETHCrowdfund.t.sol::ReraiseETHCrowdfundTest.test_sendFundingSplit_canOnlySendWhenFinalized()
 writer effect     -> contracts/party/PartyGovernanceNFT.sol:230
 written member    -> ('SV', 'contracts/party/PartyGovernance.sol', 'PartyGovernance._governanceValues')
 potentially stale -> ('MS', 'contracts/party/PartyGovernanceNFT.sol', 'PartyGovernanceNFT.votingPowerByTokenId', '$arg0')
 reader witnesses  -> 45
 storage exposures -> 1
[MV-SI candidate ca71aa131d5d05c0f883] {_governanceValues, votingPowerByTokenId[$arg0]}
 writer root       -> sol-tests/crowdfund/InitialETHCrowdfund.t.sol::InitialETHCrowdfundTest.test_fundingSplit_contributionAndRefund()
 writer effect     -> contracts/party/PartyGovernanceNFT.sol:219
 written member    -> ('MS', 'contracts/party/PartyGovernanceNFT.sol', 'PartyGovernanceNFT.votingPowerByTokenId', '$arg0')
 potentially stale -> ('SV', 'contracts/party/PartyGovernance.sol', 'PartyGovernance._governanceValues')
 reader witnesses  -> 383
 storage exposures -> 1
[MV-SI candidate cd1596d73567e4b2b9b4] {_governanceValues, votingPowerByTokenId[$arg0]}
 writer root       -> sol-tests/crowdfund/InitialETHCrowdfund.t.sol::InitialETHCrowdfundTest.test_expiry_lost()
 writer effect     -> contracts/party/PartyGovernanceNFT.sol:230
 written member    -> ('SV', 'contracts/party/PartyGovernance.sol', 'PartyGovernance._governanceValues')
 potentially stale -> ('MS', 'contracts/party/PartyGovernanceNFT.sol', 'PartyGovernanceNFT.votingPowerByTokenId', '$arg0')
 reader witnesses  -> 45
 storage exposures -> 1
[MV-SI candidate cf0e3fa26fd80608b0a2] {_governanceValues, votingPowerByTokenId[$arg0]}
 writer root       -> sol-tests/party/PartyGovernanceNFT.t.sol::PartyGovernanceNFTTest.testRageQuit_enableRageQuit()
 writer effect     -> contracts/party/PartyGovernanceNFT.sol:258
 written member    -> ('SV', 'contracts/party/PartyGovernance.sol', 'PartyGovernance._governanceValues')
 potentially stale -> ('MS', 'contracts/party/PartyGovernanceNFT.sol', 'PartyGovernanceNFT.votingPowerByTokenId', '$arg0')
 reader witnesses  -> 45
 storage exposures -> 1
[MV-SI candidate d38dd3610b738bc7ef27] {_governanceValues, votingPowerByTokenId[$arg0]}
 writer root       -> contracts/crowdfund/ReraiseETHCrowdfund.sol::ReraiseETHCrowdfund.contribute(address,bytes)
 writer effect     -> contracts/party/PartyGovernanceNFT.sol:230
 written member    -> ('SV', 'contracts/party/PartyGovernance.sol', 'PartyGovernance._governanceValues')
 potentially stale -> ('MS', 'contracts/party/PartyGovernanceNFT.sol', 'PartyGovernanceNFT.votingPowerByTokenId', '$arg0')
 reader witnesses  -> 45
 storage exposures -> 1
[MV-SI candidate d3923e62735492454e2a] {_governanceValues, votingPowerByTokenId[$arg0]}
 writer root       -> sol-tests/crowdfund/InitialETHCrowdfund.t.sol::InitialETHCrowdfundTest.test_finalize_belowMinTotalContributions()
 writer effect     -> contracts/party/PartyGovernanceNFT.sol:219
 written member    -> ('MS', 'contracts/party/PartyGovernanceNFT.sol', 'PartyGovernanceNFT.votingPowerByTokenId', '$arg0')
 potentially stale -> ('SV', 'contracts/party/PartyGovernance.sol', 'PartyGovernance._governanceValues')
 reader witnesses  -> 383
 storage exposures -> 1
[MV-SI candidate d5ca65242b221a934cf0] {_governanceValues, votingPowerByTokenId[$arg0]}
 writer root       -> sol-tests/crowdfund/ReraiseETHCrowdfund.t.sol::ReraiseETHCrowdfundTest.test_contribute_noVotingPower()
 writer effect     -> contracts/party/PartyGovernanceNFT.sol:230
 written member    -> ('SV', 'contracts/party/PartyGovernance.sol', 'PartyGovernance._governanceValues')
 potentially stale -> ('MS', 'contracts/party/PartyGovernanceNFT.sol', 'PartyGovernanceNFT.votingPowerByTokenId', '$arg0')
 reader witnesses  -> 45
 storage exposures -> 1
[MV-SI candidate d5f0d04b7275ec52e4d4] {_governanceValues, votingPowerByTokenId[$arg0]}
 writer root       -> sol-tests/crowdfund/InitialETHCrowdfund.t.sol::InitialETHCrowdfundTest.test_partyCardTokenURI_whileCrowdfundFinalized()
 writer effect     -> contracts/party/PartyGovernanceNFT.sol:230
 written member    -> ('SV', 'contracts/party/PartyGovernance.sol', 'PartyGovernance._governanceValues')
 potentially stale -> ('MS', 'contracts/party/PartyGovernanceNFT.sol', 'PartyGovernanceNFT.votingPowerByTokenId', '$arg0')
 reader witnesses  -> 45
 storage exposures -> 1
[MV-SI candidate d7eee98dfc920c3a0cca] {_governanceValues, votingPowerByTokenId[$arg0]}
 writer root       -> sol-tests/crowdfund/InitialETHCrowdfund.t.sol::InitialETHCrowdfundTest.test_sendFundingSplit_canOnlySendWhenFinalized()
 writer effect     -> contracts/party/PartyGovernanceNFT.sol:230
 written member    -> ('SV', 'contracts/party/PartyGovernance.sol', 'PartyGovernance._governanceValues')
 potentially stale -> ('MS', 'contracts/party/PartyGovernanceNFT.sol', 'PartyGovernanceNFT.votingPowerByTokenId', '$arg0')
 reader witnesses  -> 45
 storage exposures -> 1
[MV-SI candidate d825aa796cc70d81523d] {_governanceValues, votingPowerByTokenId[$arg0]}
 writer root       -> sol-tests/crowdfund/ReraiseETHCrowdfund.t.sol::ReraiseETHCrowdfundTest.test_claim_aboveMax()
 writer effect     -> contracts/party/PartyGovernanceNFT.sol:230
 written member    -> ('SV', 'contracts/party/PartyGovernance.sol', 'PartyGovernance._governanceValues')
 potentially stale -> ('MS', 'contracts/party/PartyGovernanceNFT.sol', 'PartyGovernanceNFT.votingPowerByTokenId', '$arg0')
 reader witnesses  -> 45
 storage exposures -> 1
[MV-SI candidate d95d917a6868b20cf7b7] {_governanceValues, votingPowerByTokenId[$arg0]}
 writer root       -> sol-tests/crowdfund/InitialETHCrowdfund.t.sol::InitialETHCrowdfundTest.test_contribute_smallAmountWithFundingSplit()
 writer effect     -> contracts/party/PartyGovernanceNFT.sol:219
 written member    -> ('MS', 'contracts/party/PartyGovernanceNFT.sol', 'PartyGovernanceNFT.votingPowerByTokenId', '$arg0')
 potentially stale -> ('SV', 'contracts/party/PartyGovernance.sol', 'PartyGovernance._governanceValues')
 reader witnesses  -> 383
 storage exposures -> 1
[MV-SI candidate db504d9e85a9e8e47fbc] {_governanceValues, votingPowerByTokenId[$arg0]}
 writer root       -> sol-tests/crowdfund/InitialETHCrowdfund.t.sol::InitialETHCrowdfundTest.test_finalize_belowMinTotalContributions()
 writer effect     -> contracts/party/PartyGovernanceNFT.sol:230
 written member    -> ('SV', 'contracts/party/PartyGovernance.sol', 'PartyGovernance._governanceValues')
 potentially stale -> ('MS', 'contracts/party/PartyGovernanceNFT.sol', 'PartyGovernanceNFT.votingPowerByTokenId', '$arg0')
 reader witnesses  -> 90
 storage exposures -> 1
[MV-SI candidate de0387bcdb9658db4842] {_governanceValues, votingPowerByTokenId[$arg0]}
 writer root       -> sol-tests/crowdfund/ReraiseETHCrowdfund.t.sol::ReraiseETHCrowdfundTest.test_contribute_works()
 writer effect     -> contracts/party/PartyGovernanceNFT.sol:230
 written member    -> ('SV', 'contracts/party/PartyGovernance.sol', 'PartyGovernance._governanceValues')
 potentially stale -> ('MS', 'contracts/party/PartyGovernanceNFT.sol', 'PartyGovernanceNFT.votingPowerByTokenId', '$arg0')
 reader witnesses  -> 45
 storage exposures -> 1
[MV-SI candidate e1318bd049d8c348ce65] {_governanceValues, votingPowerByTokenId[$arg0]}
 writer root       -> contracts/party/PartyGovernanceNFT.sol::PartyGovernanceNFT.increaseTotalVotingPower(uint96)
 writer effect     -> contracts/party/PartyGovernanceNFT.sol:230
 written member    -> ('SV', 'contracts/party/PartyGovernance.sol', 'PartyGovernance._governanceValues')
 potentially stale -> ('MS', 'contracts/party/PartyGovernanceNFT.sol', 'PartyGovernanceNFT.votingPowerByTokenId', '$arg0')
 reader witnesses  -> 45
 storage exposures -> 1
[MV-SI candidate e17393641fb028211dd7] {_governanceValues, votingPowerByTokenId[$arg0]}
 writer root       -> sol-tests/crowdfund/ReraiseETHCrowdfund.t.sol::ReraiseETHCrowdfundTest.test_contribute_gatekeeperChecksSender()
 writer effect     -> contracts/party/PartyGovernanceNFT.sol:230
 written member    -> ('SV', 'contracts/party/PartyGovernance.sol', 'PartyGovernance._governanceValues')
 potentially stale -> ('MS', 'contracts/party/PartyGovernanceNFT.sol', 'PartyGovernanceNFT.votingPowerByTokenId', '$arg0')
 reader witnesses  -> 45
 storage exposures -> 1
[MV-SI candidate e32fb377bbf40f7ca783] {_governanceValues, votingPowerByTokenId[$arg0]}
 writer root       -> sol-tests/party/PartyGovernanceNFT.t.sol::PartyGovernanceNFTTest.testBurn()
 writer effect     -> contracts/party/PartyGovernanceNFT.sol:258
 written member    -> ('SV', 'contracts/party/PartyGovernance.sol', 'PartyGovernance._governanceValues')
 potentially stale -> ('MS', 'contracts/party/PartyGovernanceNFT.sol', 'PartyGovernanceNFT.votingPowerByTokenId', '$arg0')
 reader witnesses  -> 45
 storage exposures -> 1
[MV-SI candidate e76a6447e69a71dec4da] {_governanceValues, votingPowerByTokenId[$arg0]}
 writer root       -> sol-tests/crowdfund/InitialETHCrowdfund.t.sol::InitialETHCrowdfundTest.test_sendFundingSplit_works()
 writer effect     -> contracts/party/PartyGovernanceNFT.sol:219
 written member    -> ('MS', 'contracts/party/PartyGovernanceNFT.sol', 'PartyGovernanceNFT.votingPowerByTokenId', '$arg0')
 potentially stale -> ('SV', 'contracts/party/PartyGovernance.sol', 'PartyGovernance._governanceValues')
 reader witnesses  -> 383
 storage exposures -> 1
[MV-SI candidate e8fe9f80e25084be0e35] {_governanceValues, votingPowerByTokenId[$arg0]}
 writer root       -> sol-tests/crowdfund/ReraiseETHCrowdfund.t.sol::ReraiseETHCrowdfundTest.test_claimMultiple_cannotClaimMoreThanVotingPower()
 writer effect     -> contracts/party/PartyGovernanceNFT.sol:230
 written member    -> ('SV', 'contracts/party/PartyGovernance.sol', 'PartyGovernance._governanceValues')
 potentially stale -> ('MS', 'contracts/party/PartyGovernanceNFT.sol', 'PartyGovernanceNFT.votingPowerByTokenId', '$arg0')
 reader witnesses  -> 45
 storage exposures -> 1
[MV-SI candidate f176be158e458f7c7654] {_governanceValues, votingPowerByTokenId[$arg0]}
 writer root       -> sol-tests/crowdfund/InitialETHCrowdfund.t.sol::InitialETHCrowdfundTest.test_finalize_anyoneCanFinalizeWhenExpired()
 writer effect     -> contracts/party/PartyGovernanceNFT.sol:219
 written member    -> ('MS', 'contracts/party/PartyGovernanceNFT.sol', 'PartyGovernanceNFT.votingPowerByTokenId', '$arg0')
 potentially stale -> ('SV', 'contracts/party/PartyGovernance.sol', 'PartyGovernance._governanceValues')
 reader witnesses  -> 383
 storage exposures -> 1
[MV-SI candidate f4a9a9304ad11cc29346] {_governanceValues, votingPowerByTokenId[$arg0]}
 writer root       -> sol-tests/crowdfund/InitialETHCrowdfund.t.sol::InitialETHCrowdfundTest.test_refund_notLost()
 writer effect     -> contracts/party/PartyGovernanceNFT.sol:258
 written member    -> ('SV', 'contracts/party/PartyGovernance.sol', 'PartyGovernance._governanceValues')
 potentially stale -> ('MS', 'contracts/party/PartyGovernanceNFT.sol', 'PartyGovernanceNFT.votingPowerByTokenId', '$arg0')
 reader witnesses  -> 45
 storage exposures -> 1
[MV-SI candidate f6e930c34abe0a88bd27] {_governanceValues, votingPowerByTokenId[$arg0]}
 writer root       -> sol-tests/crowdfund/ReraiseETHCrowdfund.t.sol::ReraiseETHCrowdfundTest.test_claimMultiple_works()
 writer effect     -> contracts/party/PartyGovernanceNFT.sol:230
 written member    -> ('SV', 'contracts/party/PartyGovernance.sol', 'PartyGovernance._governanceValues')
 potentially stale -> ('MS', 'contracts/party/PartyGovernanceNFT.sol', 'PartyGovernanceNFT.votingPowerByTokenId', '$arg0')
 reader witnesses  -> 45
 storage exposures -> 1
[MV-SI candidate f7dfa35a758a30b77b77] {_governanceValues, votingPowerByTokenId[$arg0]}
 writer root       -> sol-tests/crowdfund/ReraiseETHCrowdfund.t.sol::ReraiseETHCrowdfundTest.test_contribute_twiceDoesNotMintAnotherCrowdfundNFT()
 writer effect     -> contracts/party/PartyGovernanceNFT.sol:230
 written member    -> ('SV', 'contracts/party/PartyGovernance.sol', 'PartyGovernance._governanceValues')
 potentially stale -> ('MS', 'contracts/party/PartyGovernanceNFT.sol', 'PartyGovernanceNFT.votingPowerByTokenId', '$arg0')
 reader witnesses  -> 45
 storage exposures -> 1
[MV-SI candidate f83a79a7387737f10210] {_governanceValues, votingPowerByTokenId[$arg0]}
 writer root       -> sol-tests/crowdfund/InitialETHCrowdfund.t.sol::InitialETHCrowdfundTest.test_contribute_noContribution()
 writer effect     -> contracts/party/PartyGovernanceNFT.sol:230
 written member    -> ('SV', 'contracts/party/PartyGovernance.sol', 'PartyGovernance._governanceValues')
 potentially stale -> ('MS', 'contracts/party/PartyGovernanceNFT.sol', 'PartyGovernanceNFT.votingPowerByTokenId', '$arg0')
 reader witnesses  -> 45
 storage exposures -> 1
[MV-SI candidate f86b18c28733de23143c] {_governanceValues, votingPowerByTokenId[$arg0]}
 writer root       -> sol-tests/crowdfund/InitialETHCrowdfund.t.sol::InitialETHCrowdfundTest.test_contribute_mintNewCard_withDisableContributingForExistingCard()
 writer effect     -> contracts/party/PartyGovernanceNFT.sol:230
 written member    -> ('SV', 'contracts/party/PartyGovernance.sol', 'PartyGovernance._governanceValues')
 potentially stale -> ('MS', 'contracts/party/PartyGovernanceNFT.sol', 'PartyGovernanceNFT.votingPowerByTokenId', '$arg0')
 reader witnesses  -> 45
 storage exposures -> 1
[MV-SI candidate f92ff90478ee4e7be1d9] {_governanceValues, votingPowerByTokenId[$arg0]}
 writer root       -> sol-tests/party/PartyGovernanceNFT.t.sol::PartyGovernanceNFTTest.testBurn_revertsIfNotCalledByOwnerOrApproved()
 writer effect     -> contracts/party/PartyGovernanceNFT.sol:258
 written member    -> ('SV', 'contracts/party/PartyGovernance.sol', 'PartyGovernance._governanceValues')
 potentially stale -> ('MS', 'contracts/party/PartyGovernanceNFT.sol', 'PartyGovernanceNFT.votingPowerByTokenId', '$arg0')
 reader witnesses  -> 45
 storage exposures -> 1
[MV-SI candidate f99445160139b0639d76] {_governanceValues, votingPowerByTokenId[$arg0]}
 writer root       -> sol-tests/crowdfund/InitialETHCrowdfund.t.sol::InitialETHCrowdfundTest.test_partyCardTokenURI_whileCrowdfundWon()
 writer effect     -> contracts/party/PartyGovernanceNFT.sol:219
 written member    -> ('MS', 'contracts/party/PartyGovernanceNFT.sol', 'PartyGovernanceNFT.votingPowerByTokenId', '$arg0')
 potentially stale -> ('SV', 'contracts/party/PartyGovernance.sol', 'PartyGovernance._governanceValues')
 reader witnesses  -> 383
 storage exposures -> 1
[MV-SI candidate fa112f27d3bcaa757794] {_governanceValues, votingPowerByTokenId[$arg0]}
 writer root       -> sol-tests/crowdfund/InitialETHCrowdfund.t.sol::InitialETHCrowdfundTest.test_refund_works()
 writer effect     -> contracts/party/PartyGovernanceNFT.sol:219
 written member    -> ('MS', 'contracts/party/PartyGovernanceNFT.sol', 'PartyGovernanceNFT.votingPowerByTokenId', '$arg0')
 potentially stale -> ('SV', 'contracts/party/PartyGovernance.sol', 'PartyGovernance._governanceValues')
 reader witnesses  -> 383
 storage exposures -> 1
[MV-SI candidate fb5f994c795f584f1c1d] {_governanceValues, votingPowerByTokenId[$arg0]}
 writer root       -> sol-tests/crowdfund/ReraiseETHCrowdfund.t.sol::ReraiseETHCrowdfundTest.test_finalize_onlyHostCanFinalizeEarlyWhenActive()
 writer effect     -> contracts/party/PartyGovernanceNFT.sol:230
 written member    -> ('SV', 'contracts/party/PartyGovernance.sol', 'PartyGovernance._governanceValues')
 potentially stale -> ('MS', 'contracts/party/PartyGovernanceNFT.sol', 'PartyGovernanceNFT.votingPowerByTokenId', '$arg0')
 reader witnesses  -> 90
 storage exposures -> 1
[MV-SI candidate ff7511b1e0a36d20c20e] {_governanceValues, votingPowerByTokenId[$arg0]}
 writer root       -> sol-tests/crowdfund/InitialETHCrowdfund.t.sol::InitialETHCrowdfundTest.test_refund_works()
 writer effect     -> contracts/party/PartyGovernanceNFT.sol:230
 written member    -> ('SV', 'contracts/party/PartyGovernance.sol', 'PartyGovernance._governanceValues')
 potentially stale -> ('MS', 'contracts/party/PartyGovernanceNFT.sol', 'PartyGovernanceNFT.votingPowerByTokenId', '$arg0')
 reader witnesses  -> 45
 storage exposures -> 1Reference: https://github.com/crytic/slither/wiki/Detector-Documentation
INFO:Slither:mvscan-standard-input.json analyzed (222 contracts with 1 detectors), 163 result(s) found
