'/tmp/.svm/0.8.20/solc-0.8.20 --version' running
'solc --standard-json --allow-paths /tmp/analysis-input' running
Warning: Warning: SPDX license identifier not provided in source file. Before publishing, consider adding a comment containing "SPDX-License-Identifier: <SPDX-License>" to each source file. Use "SPDX-License-Identifier: UNLICENSED" for non-open-source code. Please see https://spdx.org for more information.
--> sol-tests/proposals/DummyCallTarget.sol


Warning: Warning: This declaration shadows an existing declaration.
   --> sol-tests/crowdfund/AuctionCrowdfund.t.sol:145:9:
    |
145 |         ProposalStorage.ProposalEngineOpts memory proposalEngineOpts;
    |         ^^^^^^^^^^^^^^^^^^^^^^^^^^^^^^^^^^^^^^^^^^^^^^^^^^^^^^^^^^^^
Note: The shadowed declaration is here:
  --> sol-tests/crowdfund/AuctionCrowdfund.t.sol:57:5:
   |
57 |     ProposalStorage.ProposalEngineOpts proposalEngineOpts;
   |     ^^^^^^^^^^^^^^^^^^^^^^^^^^^^^^^^^^^^^^^^^^^^^^^^^^^^^


Warning: Warning: This declaration shadows an existing declaration.
   --> sol-tests/crowdfund/BuyCrowdfund.t.sol:138:9:
    |
138 |         ProposalStorage.ProposalEngineOpts memory proposalEngineOpts;
    |         ^^^^^^^^^^^^^^^^^^^^^^^^^^^^^^^^^^^^^^^^^^^^^^^^^^^^^^^^^^^^
Note: The shadowed declaration is here:
  --> sol-tests/crowdfund/BuyCrowdfund.t.sol:55:5:
   |
55 |     ProposalStorage.ProposalEngineOpts proposalEngineOpts;
   |     ^^^^^^^^^^^^^^^^^^^^^^^^^^^^^^^^^^^^^^^^^^^^^^^^^^^^^


Warning: Warning: This declaration shadows an existing declaration.
   --> sol-tests/crowdfund/Crowdfund.t.sol:183:9:
    |
183 |         Crowdfund.FixedGovernanceOpts memory govOpts = cf.getFixedGovernanceOpts();
    |         ^^^^^^^^^^^^^^^^^^^^^^^^^^^^^^^^^^^^^^^^^^^^
Note: The shadowed declaration is here:
  --> sol-tests/crowdfund/Crowdfund.t.sol:65:5:
   |
65 |     Crowdfund.FixedGovernanceOpts govOpts;
   |     ^^^^^^^^^^^^^^^^^^^^^^^^^^^^^^^^^^^^^


Warning: Warning: This declaration shadows an existing declaration.
   --> sol-tests/crowdfund/ReraiseETHCrowdfund.t.sol:544:9:
    |
544 |         Party party = crowdfund.party();
    |         ^^^^^^^^^^^
Note: The shadowed declaration is here:
  --> sol-tests/crowdfund/ReraiseETHCrowdfund.t.sol:30:5:
   |
30 |     Party party;
   |     ^^^^^^^^^^^


Warning: Warning: This declaration shadows an existing declaration.
   --> sol-tests/crowdfund/ReraiseETHCrowdfund.t.sol:669:9:
    |
669 |         Party party = crowdfund.party();
    |         ^^^^^^^^^^^
Note: The shadowed declaration is here:
  --> sol-tests/crowdfund/ReraiseETHCrowdfund.t.sol:30:5:
   |
30 |     Party party;
   |     ^^^^^^^^^^^


Warning: Warning: This declaration shadows an existing declaration.
   --> sol-tests/crowdfund/ReraiseETHCrowdfund.t.sol:907:9:
    |
907 |         Party party = crowdfund.party();
    |         ^^^^^^^^^^^
Note: The shadowed declaration is here:
  --> sol-tests/crowdfund/ReraiseETHCrowdfund.t.sol:30:5:
   |
30 |     Party party;
   |     ^^^^^^^^^^^


Warning: Warning: This declaration shadows an existing declaration.
    --> sol-tests/crowdfund/ReraiseETHCrowdfund.t.sol:1115:9:
     |
1115 |         Party party = crowdfund.party();
     |         ^^^^^^^^^^^
Note: The shadowed declaration is here:
  --> sol-tests/crowdfund/ReraiseETHCrowdfund.t.sol:30:5:
   |
30 |     Party party;
   |     ^^^^^^^^^^^


Warning: Warning: This contract has a payable fallback function, but no receive ether function. Consider adding a receive ether function.
 --> contracts/utils/Proxy.sol:8:1:
  |
8 | contract Proxy {
  | ^ (Relevant source part starts here and spans across multiple lines).
Note: The payable fallback function is defined here.
  --> contracts/utils/Proxy.sol:25:5:
   |
25 |     fallback() external payable {
   |     ^ (Relevant source part starts here and spans across multiple lines).


Warning: Warning: Return value of low-level calls not used.
  --> sol-tests/utils/Implementation.t.sol:24:9:
   |
24 |         address(this).call(abi.encodeCall(this.initialize, ()));
   |         ^^^^^^^^^^^^^^^^^^^^^^^^^^^^^^^^^^^^^^^^^^^^^^^^^^^^^^^


Warning: Warning: Unreachable code.
  --> contracts/crowdfund/CrowdfundNFT.sol:57:81:
   |
57 |     function transferFrom(address, address, uint256) external pure alwaysRevert {}
   |                                                                                 ^^


Warning: Warning: Unreachable code.
  --> contracts/crowdfund/CrowdfundNFT.sol:61:85:
   |
61 |     function safeTransferFrom(address, address, uint256) external pure alwaysRevert {}
   |                                                                                     ^^


Warning: Warning: Unreachable code.
  --> contracts/crowdfund/CrowdfundNFT.sol:70:34:
   |
70 |     ) external pure alwaysRevert {}
   |                                  ^^


Warning: Warning: Unreachable code.
  --> contracts/crowdfund/CrowdfundNFT.sol:74:67:
   |
74 |     function approve(address, uint256) external pure alwaysRevert {}
   |                                                                   ^^


Warning: Warning: Unreachable code.
  --> contracts/crowdfund/CrowdfundNFT.sol:78:74:
   |
78 |     function setApprovalForAll(address, bool) external pure alwaysRevert {}
   |                                                                          ^^


Warning: Warning: Unused local variable.
   --> sol-tests/crowdfund/InitialETHCrowdfund.t.sol:588:9:
    |
588 |         Party party = crowdfund.party();
    |         ^^^^^^^^^^^


Warning: Warning: Unused local variable.
   --> sol-tests/crowdfund/InitialETHCrowdfund.t.sol:708:9:
    |
708 |         Party party = crowdfund.party();
    |         ^^^^^^^^^^^


Warning: Warning: Unused local variable.
    --> sol-tests/crowdfund/InitialETHCrowdfund.t.sol:1637:9:
     |
1637 |         address payable fundingSplitRecipient = payable(_randomAddress());
     |         ^^^^^^^^^^^^^^^^^^^^^^^^^^^^^^^^^^^^^


Warning: Warning: Unused local variable.
   --> sol-tests/crowdfund/ReraiseETHCrowdfund.t.sol:544:9:
    |
544 |         Party party = crowdfund.party();
    |         ^^^^^^^^^^^


Warning: Warning: Unused local variable.
   --> sol-tests/crowdfund/ReraiseETHCrowdfund.t.sol:669:9:
    |
669 |         Party party = crowdfund.party();
    |         ^^^^^^^^^^^


Warning: Warning: Unused local variable.
   --> sol-tests/crowdfund/ReraiseETHCrowdfund.t.sol:907:9:
    |
907 |         Party party = crowdfund.party();
    |         ^^^^^^^^^^^


Warning: Warning: Unused function parameter. Remove or comment out the variable name to silence this warning.
  --> sol-tests/proposals/OperatorProposal.t.sol:25:9:
   |
25 |         address executor,
   |         ^^^^^^^^^^^^^^^^


Warning: Warning: Unused function parameter. Remove or comment out the variable name to silence this warning.
  --> sol-tests/proposals/OperatorProposal.t.sol:26:9:
   |
26 |         bool allowOperatorsToSpendPartyEth
   |         ^^^^^^^^^^^^^^^^^^^^^^^^^^^^^^^^^^


Warning: Warning: "this" used in constructor. Note that external functions of a contract cannot be called while it is being constructed.
  --> sol-tests/utils/Implementation.t.sol:24:43:
   |
24 |         address(this).call(abi.encodeCall(this.initialize, ()));
   |                                           ^^^^


Warning: Warning: Function state mutability can be restricted to pure
    --> sol-tests/party/PartyGovernanceNFT.t.sol:1376:5:
     |
1376 |     function balanceOf(address) external returns (uint256) {
     |     ^ (Relevant source part starts here and spans across multiple lines).


Warning: Warning: Contract code size is 43520 bytes and exceeds 24576 bytes (a limit introduced in Spurious Dragon). This contract may not be deployable on Mainnet. Consider enabling the optimizer (with a low "runs" value!), turning off revert strings, or using libraries.
  --> contracts/party/PartyGovernanceNFT.sol:15:1:
   |
15 | contract PartyGovernanceNFT is PartyGovernance, ERC721, IERC2981 {
   | ^ (Relevant source part starts here and spans across multiple lines).


Warning: Warning: Contract code size is 47439 bytes and exceeds 24576 bytes (a limit introduced in Spurious Dragon). This contract may not be deployable on Mainnet. Consider enabling the optimizer (with a low "runs" value!), turning off revert strings, or using libraries.
  --> contracts/party/Party.sol:11:1:
   |
11 | contract Party is PartyGovernanceNFT {
   | ^ (Relevant source part starts here and spans across multiple lines).


Warning: Warning: Contract code size is 33673 bytes and exceeds 24576 bytes (a limit introduced in Spurious Dragon). This contract may not be deployable on Mainnet. Consider enabling the optimizer (with a low "runs" value!), turning off revert strings, or using libraries.
 --> contracts/crowdfund/AuctionCrowdfund.sol:8:1:
  |
8 | contract AuctionCrowdfund is AuctionCrowdfundBase {
  | ^ (Relevant source part starts here and spans across multiple lines).


Warning: Warning: Contract code size is 31468 bytes and exceeds 24576 bytes (a limit introduced in Spurious Dragon). This contract may not be deployable on Mainnet. Consider enabling the optimizer (with a low "runs" value!), turning off revert strings, or using libraries.
  --> contracts/crowdfund/BuyCrowdfund.sol:14:1:
   |
14 | contract BuyCrowdfund is BuyCrowdfundBase {
   | ^ (Relevant source part starts here and spans across multiple lines).


Warning: Warning: Contract code size is 33335 bytes and exceeds 24576 bytes (a limit introduced in Spurious Dragon). This contract may not be deployable on Mainnet. Consider enabling the optimizer (with a low "runs" value!), turning off revert strings, or using libraries.
  --> contracts/crowdfund/CollectionBatchBuyCrowdfund.sol:15:1:
   |
15 | contract CollectionBatchBuyCrowdfund is BuyCrowdfundBase {
   | ^ (Relevant source part starts here and spans across multiple lines).


Warning: Warning: Contract code size is 30984 bytes and exceeds 24576 bytes (a limit introduced in Spurious Dragon). This contract may not be deployable on Mainnet. Consider enabling the optimizer (with a low "runs" value!), turning off revert strings, or using libraries.
  --> contracts/crowdfund/CollectionBuyCrowdfund.sol:16:1:
   |
16 | contract CollectionBuyCrowdfund is BuyCrowdfundBase {
   | ^ (Relevant source part starts here and spans across multiple lines).


Warning: Warning: Contract code size is 35844 bytes and exceeds 24576 bytes (a limit introduced in Spurious Dragon). This contract may not be deployable on Mainnet. Consider enabling the optimizer (with a low "runs" value!), turning off revert strings, or using libraries.
  --> contracts/crowdfund/RollingAuctionCrowdfund.sol:12:1:
   |
12 | contract RollingAuctionCrowdfund is AuctionCrowdfundBase {
   | ^ (Relevant source part starts here and spans across multiple lines).


Warning: Warning: Contract code size is 28695 bytes and exceeds 24576 bytes (a limit introduced in Spurious Dragon). This contract may not be deployable on Mainnet. Consider enabling the optimizer (with a low "runs" value!), turning off revert strings, or using libraries.
  --> contracts/crowdfund/ReraiseETHCrowdfund.sol:15:1:
   |
15 | contract ReraiseETHCrowdfund is ETHCrowdfundBase, CrowdfundNFT {
   | ^ (Relevant source part starts here and spans across multiple lines).


Warning: Warning: Contract code size is 30906 bytes and exceeds 24576 bytes (a limit introduced in Spurious Dragon). This contract may not be deployable on Mainnet. Consider enabling the optimizer (with a low "runs" value!), turning off revert strings, or using libraries.
  --> contracts/proposals/ProposalExecutionEngine.sol:21:1:
   |
21 | contract ProposalExecutionEngine is
   | ^ (Relevant source part starts here and spans across multiple lines).


Warning: Warning: Contract code size is 33706 bytes and exceeds 24576 bytes (a limit introduced in Spurious Dragon). This contract may not be deployable on Mainnet. Consider enabling the optimizer (with a low "runs" value!), turning off revert strings, or using libraries.
  --> contracts/renderers/CrowdfundNFTRenderer.sol:13:1:
   |
13 | contract CrowdfundNFTRenderer is RendererBase {
   | ^ (Relevant source part starts here and spans across multiple lines).


Warning: Warning: Contract code size is 32840 bytes and exceeds 24576 bytes (a limit introduced in Spurious Dragon). This contract may not be deployable on Mainnet. Consider enabling the optimizer (with a low "runs" value!), turning off revert strings, or using libraries.
  --> contracts/renderers/PartyNFTRenderer.sol:14:1:
   |
14 | contract PartyNFTRenderer is RendererBase {
   | ^ (Relevant source part starts here and spans across multiple lines).


Warning: Warning: Contract code size is 518783 bytes and exceeds 24576 bytes (a limit introduced in Spurious Dragon). This contract may not be deployable on Mainnet. Consider enabling the optimizer (with a low "runs" value!), turning off revert strings, or using libraries.
   --> deploy/Deploy.s.sol:552:1:
    |
552 | contract DeployFork is Deploy {
    | ^ (Relevant source part starts here and spans across multiple lines).


Warning: Warning: Contract initcode size is 518814 bytes and exceeds 49152 bytes (a limit introduced in Shanghai). This contract may not be deployable on Mainnet. Consider enabling the optimizer (with a low "runs" value!), turning off revert strings, or using libraries.
   --> deploy/Deploy.s.sol:552:1:
    |
552 | contract DeployFork is Deploy {
    | ^ (Relevant source part starts here and spans across multiple lines).


Warning: Warning: Contract code size is 527634 bytes and exceeds 24576 bytes (a limit introduced in Spurious Dragon). This contract may not be deployable on Mainnet. Consider enabling the optimizer (with a low "runs" value!), turning off revert strings, or using libraries.
   --> deploy/Deploy.s.sol:562:1:
    |
562 | contract DeployScript is Script, Deploy {
    | ^ (Relevant source part starts here and spans across multiple lines).


Warning: Warning: Contract initcode size is 527692 bytes and exceeds 49152 bytes (a limit introduced in Shanghai). This contract may not be deployable on Mainnet. Consider enabling the optimizer (with a low "runs" value!), turning off revert strings, or using libraries.
   --> deploy/Deploy.s.sol:562:1:
    |
562 | contract DeployScript is Script, Deploy {
    | ^ (Relevant source part starts here and spans across multiple lines).


Warning: Warning: Contract code size is 528937 bytes and exceeds 24576 bytes (a limit introduced in Spurious Dragon). This contract may not be deployable on Mainnet. Consider enabling the optimizer (with a low "runs" value!), turning off revert strings, or using libraries.
 --> deploy/Goerli.s.sol:7:1:
  |
7 | contract GoerliDeploy is DeployScript {
  | ^ (Relevant source part starts here and spans across multiple lines).


Warning: Warning: Contract initcode size is 528995 bytes and exceeds 49152 bytes (a limit introduced in Shanghai). This contract may not be deployable on Mainnet. Consider enabling the optimizer (with a low "runs" value!), turning off revert strings, or using libraries.
 --> deploy/Goerli.s.sol:7:1:
  |
7 | contract GoerliDeploy is DeployScript {
  | ^ (Relevant source part starts here and spans across multiple lines).


Warning: Warning: Contract code size is 528911 bytes and exceeds 24576 bytes (a limit introduced in Spurious Dragon). This contract may not be deployable on Mainnet. Consider enabling the optimizer (with a low "runs" value!), turning off revert strings, or using libraries.
 --> deploy/Mainnet.s.sol:7:1:
  |
7 | contract MainnetDeploy is DeployScript {
  | ^ (Relevant source part starts here and spans across multiple lines).


Warning: Warning: Contract initcode size is 529586 bytes and exceeds 49152 bytes (a limit introduced in Shanghai). This contract may not be deployable on Mainnet. Consider enabling the optimizer (with a low "runs" value!), turning off revert strings, or using libraries.
 --> deploy/Mainnet.s.sol:7:1:
  |
7 | contract MainnetDeploy is DeployScript {
  | ^ (Relevant source part starts here and spans across multiple lines).


Warning: Warning: Contract code size is 49724 bytes and exceeds 24576 bytes (a limit introduced in Spurious Dragon). This contract may not be deployable on Mainnet. Consider enabling the optimizer (with a low "runs" value!), turning off revert strings, or using libraries.
  --> sol-tests/crowdfund/AuctionCrowdfund.t.sol:20:1:
   |
20 | contract AuctionCrowdfundTest is Test, TestUtils {
   | ^ (Relevant source part starts here and spans across multiple lines).


Warning: Warning: Contract initcode size is 141088 bytes and exceeds 49152 bytes (a limit introduced in Shanghai). This contract may not be deployable on Mainnet. Consider enabling the optimizer (with a low "runs" value!), turning off revert strings, or using libraries.
  --> sol-tests/crowdfund/AuctionCrowdfund.t.sol:20:1:
   |
20 | contract AuctionCrowdfundTest is Test, TestUtils {
   | ^ (Relevant source part starts here and spans across multiple lines).


Warning: Warning: Contract code size is 40425 bytes and exceeds 24576 bytes (a limit introduced in Spurious Dragon). This contract may not be deployable on Mainnet. Consider enabling the optimizer (with a low "runs" value!), turning off revert strings, or using libraries.
  --> sol-tests/crowdfund/BuyCrowdfund.t.sol:19:1:
   |
19 | contract BuyCrowdfundTest is Test, TestUtils {
   | ^ (Relevant source part starts here and spans across multiple lines).


Warning: Warning: Contract initcode size is 122768 bytes and exceeds 49152 bytes (a limit introduced in Shanghai). This contract may not be deployable on Mainnet. Consider enabling the optimizer (with a low "runs" value!), turning off revert strings, or using libraries.
  --> sol-tests/crowdfund/BuyCrowdfund.t.sol:19:1:
   |
19 | contract BuyCrowdfundTest is Test, TestUtils {
   | ^ (Relevant source part starts here and spans across multiple lines).


Warning: Warning: Contract code size is 76720 bytes and exceeds 24576 bytes (a limit introduced in Spurious Dragon). This contract may not be deployable on Mainnet. Consider enabling the optimizer (with a low "runs" value!), turning off revert strings, or using libraries.
  --> sol-tests/crowdfund/CollectionBatchBuyCrowdfund.t.sol:19:1:
   |
19 | contract CollectionBatchBuyCrowdfundTest is Test, TestUtils {
   | ^ (Relevant source part starts here and spans across multiple lines).


Warning: Warning: Contract initcode size is 123797 bytes and exceeds 49152 bytes (a limit introduced in Shanghai). This contract may not be deployable on Mainnet. Consider enabling the optimizer (with a low "runs" value!), turning off revert strings, or using libraries.
  --> sol-tests/crowdfund/CollectionBatchBuyCrowdfund.t.sol:19:1:
   |
19 | contract CollectionBatchBuyCrowdfundTest is Test, TestUtils {
   | ^ (Relevant source part starts here and spans across multiple lines).


Warning: Warning: Contract initcode size is 102210 bytes and exceeds 49152 bytes (a limit introduced in Shanghai). This contract may not be deployable on Mainnet. Consider enabling the optimizer (with a low "runs" value!), turning off revert strings, or using libraries.
  --> sol-tests/crowdfund/CollectionBuyCrowdfund.t.sol:19:1:
   |
19 | contract CollectionBuyCrowdfundTest is Test, TestUtils {
   | ^ (Relevant source part starts here and spans across multiple lines).


Warning: Warning: Contract code size is 29800 bytes and exceeds 24576 bytes (a limit introduced in Spurious Dragon). This contract may not be deployable on Mainnet. Consider enabling the optimizer (with a low "runs" value!), turning off revert strings, or using libraries.
 --> sol-tests/crowdfund/TestableCrowdfund.sol:6:1:
  |
6 | contract TestableCrowdfund is Crowdfund {
  | ^ (Relevant source part starts here and spans across multiple lines).


Warning: Warning: Contract code size is 115299 bytes and exceeds 24576 bytes (a limit introduced in Spurious Dragon). This contract may not be deployable on Mainnet. Consider enabling the optimizer (with a low "runs" value!), turning off revert strings, or using libraries.
  --> sol-tests/crowdfund/Crowdfund.t.sol:33:1:
   |
33 | contract CrowdfundTest is Test, TestUtils {
   | ^ (Relevant source part starts here and spans across multiple lines).


Warning: Warning: Contract initcode size is 230271 bytes and exceeds 49152 bytes (a limit introduced in Shanghai). This contract may not be deployable on Mainnet. Consider enabling the optimizer (with a low "runs" value!), turning off revert strings, or using libraries.
  --> sol-tests/crowdfund/Crowdfund.t.sol:33:1:
   |
33 | contract CrowdfundTest is Test, TestUtils {
   | ^ (Relevant source part starts here and spans across multiple lines).


Warning: Warning: Contract code size is 55982 bytes and exceeds 24576 bytes (a limit introduced in Spurious Dragon). This contract may not be deployable on Mainnet. Consider enabling the optimizer (with a low "runs" value!), turning off revert strings, or using libraries.
  --> sol-tests/crowdfund/CrowdfundFactory.t.sol:20:1:
   |
20 | contract CrowdfundFactoryTest is Test, TestUtils {
   | ^ (Relevant source part starts here and spans across multiple lines).


Warning: Warning: Contract initcode size is 374459 bytes and exceeds 49152 bytes (a limit introduced in Shanghai). This contract may not be deployable on Mainnet. Consider enabling the optimizer (with a low "runs" value!), turning off revert strings, or using libraries.
  --> sol-tests/crowdfund/CrowdfundFactory.t.sol:20:1:
   |
20 | contract CrowdfundFactoryTest is Test, TestUtils {
   | ^ (Relevant source part starts here and spans across multiple lines).


Warning: Warning: Contract initcode size is 99527 bytes and exceeds 49152 bytes (a limit introduced in Shanghai). This contract may not be deployable on Mainnet. Consider enabling the optimizer (with a low "runs" value!), turning off revert strings, or using libraries.
  --> sol-tests/crowdfund/FoundationCrowdfundForked.t.sol:20:1:
   |
20 | contract FoundationCrowdfundForkedTest is TestUtils {
   | ^ (Relevant source part starts here and spans across multiple lines).


Warning: Warning: Contract code size is 79393 bytes and exceeds 24576 bytes (a limit introduced in Spurious Dragon). This contract may not be deployable on Mainnet. Consider enabling the optimizer (with a low "runs" value!), turning off revert strings, or using libraries.
  --> sol-tests/crowdfund/InitialETHCrowdfund.t.sol:19:1:
   |
19 | contract InitialETHCrowdfundTest is Test, TestUtils, ERC721Receiver {
   | ^ (Relevant source part starts here and spans across multiple lines).


Warning: Warning: Contract initcode size is 267482 bytes and exceeds 49152 bytes (a limit introduced in Shanghai). This contract may not be deployable on Mainnet. Consider enabling the optimizer (with a low "runs" value!), turning off revert strings, or using libraries.
  --> sol-tests/crowdfund/InitialETHCrowdfund.t.sol:19:1:
   |
19 | contract InitialETHCrowdfundTest is Test, TestUtils, ERC721Receiver {
   | ^ (Relevant source part starts here and spans across multiple lines).


Warning: Warning: Contract initcode size is 91375 bytes and exceeds 49152 bytes (a limit introduced in Shanghai). This contract may not be deployable on Mainnet. Consider enabling the optimizer (with a low "runs" value!), turning off revert strings, or using libraries.
  --> sol-tests/crowdfund/NounsCrowdfundForked.t.sol:19:1:
   |
19 | contract NounsCrowdfundForkedTest is TestUtils {
   | ^ (Relevant source part starts here and spans across multiple lines).


Warning: Warning: Contract initcode size is 96550 bytes and exceeds 49152 bytes (a limit introduced in Shanghai). This contract may not be deployable on Mainnet. Consider enabling the optimizer (with a low "runs" value!), turning off revert strings, or using libraries.
  --> sol-tests/crowdfund/OpenseaForked.t.sol:16:1:
   |
16 | contract OpenseaFulfillOrderTest is Test, TestUtils, OpenseaTestUtils {
   | ^ (Relevant source part starts here and spans across multiple lines).


Warning: Warning: Contract code size is 98080 bytes and exceeds 24576 bytes (a limit introduced in Spurious Dragon). This contract may not be deployable on Mainnet. Consider enabling the optimizer (with a low "runs" value!), turning off revert strings, or using libraries.
  --> sol-tests/crowdfund/ReraiseETHCrowdfund.t.sol:19:1:
   |
19 | contract ReraiseETHCrowdfundTest is Test, TestUtils, ERC721Receiver {
   | ^ (Relevant source part starts here and spans across multiple lines).


Warning: Warning: Contract initcode size is 292140 bytes and exceeds 49152 bytes (a limit introduced in Shanghai). This contract may not be deployable on Mainnet. Consider enabling the optimizer (with a low "runs" value!), turning off revert strings, or using libraries.
  --> sol-tests/crowdfund/ReraiseETHCrowdfund.t.sol:19:1:
   |
19 | contract ReraiseETHCrowdfundTest is Test, TestUtils, ERC721Receiver {
   | ^ (Relevant source part starts here and spans across multiple lines).


Warning: Warning: Contract code size is 116302 bytes and exceeds 24576 bytes (a limit introduced in Spurious Dragon). This contract may not be deployable on Mainnet. Consider enabling the optimizer (with a low "runs" value!), turning off revert strings, or using libraries.
  --> sol-tests/crowdfund/RollingAuctionCrowdfund.t.sol:14:1:
   |
14 | contract RollingAuctionCrowdfundTest is TestUtils, ERC721Receiver {
   | ^ (Relevant source part starts here and spans across multiple lines).


Warning: Warning: Contract initcode size is 116678 bytes and exceeds 49152 bytes (a limit introduced in Shanghai). This contract may not be deployable on Mainnet. Consider enabling the optimizer (with a low "runs" value!), turning off revert strings, or using libraries.
  --> sol-tests/crowdfund/RollingAuctionCrowdfund.t.sol:14:1:
   |
14 | contract RollingAuctionCrowdfundTest is TestUtils, ERC721Receiver {
   | ^ (Relevant source part starts here and spans across multiple lines).


Warning: Warning: Contract code size is 103363 bytes and exceeds 24576 bytes (a limit introduced in Spurious Dragon). This contract may not be deployable on Mainnet. Consider enabling the optimizer (with a low "runs" value!), turning off revert strings, or using libraries.
 --> sol-tests/crowdfund/RollingNounsCrowdfundForked.t.sol:8:1:
  |
8 | contract RollingNounsCrowdfundForkedTest is RollingAuctionCrowdfundTest {
  | ^ (Relevant source part starts here and spans across multiple lines).


Warning: Warning: Contract initcode size is 103765 bytes and exceeds 49152 bytes (a limit introduced in Shanghai). This contract may not be deployable on Mainnet. Consider enabling the optimizer (with a low "runs" value!), turning off revert strings, or using libraries.
 --> sol-tests/crowdfund/RollingNounsCrowdfundForked.t.sol:8:1:
  |
8 | contract RollingNounsCrowdfundForkedTest is RollingAuctionCrowdfundTest {
  | ^ (Relevant source part starts here and spans across multiple lines).


Warning: Warning: Contract initcode size is 100211 bytes and exceeds 49152 bytes (a limit introduced in Shanghai). This contract may not be deployable on Mainnet. Consider enabling the optimizer (with a low "runs" value!), turning off revert strings, or using libraries.
  --> sol-tests/crowdfund/ZoraCrowdfundForked.t.sol:20:1:
   |
20 | contract ZoraCrowdfundForkedTest is TestUtils, ERC721Receiver {
   | ^ (Relevant source part starts here and spans across multiple lines).


Warning: Warning: Contract code size is 41224 bytes and exceeds 24576 bytes (a limit introduced in Spurious Dragon). This contract may not be deployable on Mainnet. Consider enabling the optimizer (with a low "runs" value!), turning off revert strings, or using libraries.
  --> sol-tests/distribution/TokenDistributor.t.sol:14:1:
   |
14 | contract TokenDistributorTest is Test, TestUtils {
   | ^ (Relevant source part starts here and spans across multiple lines).


Warning: Warning: Contract initcode size is 50412 bytes and exceeds 49152 bytes (a limit introduced in Shanghai). This contract may not be deployable on Mainnet. Consider enabling the optimizer (with a low "runs" value!), turning off revert strings, or using libraries.
  --> sol-tests/distribution/TokenDistributor.t.sol:14:1:
   |
14 | contract TokenDistributorTest is Test, TestUtils {
   | ^ (Relevant source part starts here and spans across multiple lines).


Warning: Warning: Contract code size is 78767 bytes and exceeds 24576 bytes (a limit introduced in Spurious Dragon). This contract may not be deployable on Mainnet. Consider enabling the optimizer (with a low "runs" value!), turning off revert strings, or using libraries.
  --> sol-tests/distribution/TokenDistributorUnit.t.sol:70:1:
   |
70 | contract TokenDistributorUnitTest is Test, TestUtils {
   | ^ (Relevant source part starts here and spans across multiple lines).


Warning: Warning: Contract initcode size is 113592 bytes and exceeds 49152 bytes (a limit introduced in Shanghai). This contract may not be deployable on Mainnet. Consider enabling the optimizer (with a low "runs" value!), turning off revert strings, or using libraries.
  --> sol-tests/distribution/TokenDistributorUnit.t.sol:70:1:
   |
70 | contract TokenDistributorUnitTest is Test, TestUtils {
   | ^ (Relevant source part starts here and spans across multiple lines).


Warning: Warning: Contract initcode size is 60210 bytes and exceeds 49152 bytes (a limit introduced in Shanghai). This contract may not be deployable on Mainnet. Consider enabling the optimizer (with a low "runs" value!), turning off revert strings, or using libraries.
  --> sol-tests/party/Party.t.sol:14:1:
   |
14 | contract PartyTest is Test, TestUtils {
   | ^ (Relevant source part starts here and spans across multiple lines).


Warning: Warning: Contract initcode size is 109107 bytes and exceeds 49152 bytes (a limit introduced in Shanghai). This contract may not be deployable on Mainnet. Consider enabling the optimizer (with a low "runs" value!), turning off revert strings, or using libraries.
  --> sol-tests/party/PartyFactory.t.sol:11:1:
   |
11 | contract PartyFactoryTest is Test, TestUtils {
   | ^ (Relevant source part starts here and spans across multiple lines).


Warning: Warning: Contract code size is 123445 bytes and exceeds 24576 bytes (a limit introduced in Spurious Dragon). This contract may not be deployable on Mainnet. Consider enabling the optimizer (with a low "runs" value!), turning off revert strings, or using libraries.
  --> sol-tests/party/PartyGovernance.t.sol:15:1:
   |
15 | contract PartyGovernanceTest is Test, TestUtils {
   | ^ (Relevant source part starts here and spans across multiple lines).


Warning: Warning: Contract initcode size is 123884 bytes and exceeds 49152 bytes (a limit introduced in Shanghai). This contract may not be deployable on Mainnet. Consider enabling the optimizer (with a low "runs" value!), turning off revert strings, or using libraries.
  --> sol-tests/party/PartyGovernance.t.sol:15:1:
   |
15 | contract PartyGovernanceTest is Test, TestUtils {
   | ^ (Relevant source part starts here and spans across multiple lines).


Warning: Warning: Contract code size is 83824 bytes and exceeds 24576 bytes (a limit introduced in Spurious Dragon). This contract may not be deployable on Mainnet. Consider enabling the optimizer (with a low "runs" value!), turning off revert strings, or using libraries.
  --> sol-tests/party/PartyGovernanceNFT.t.sol:22:1:
   |
22 | contract PartyGovernanceNFTTest is Test, TestUtils {
   | ^ (Relevant source part starts here and spans across multiple lines).


Warning: Warning: Contract initcode size is 265417 bytes and exceeds 49152 bytes (a limit introduced in Shanghai). This contract may not be deployable on Mainnet. Consider enabling the optimizer (with a low "runs" value!), turning off revert strings, or using libraries.
  --> sol-tests/party/PartyGovernanceNFT.t.sol:22:1:
   |
22 | contract PartyGovernanceNFTTest is Test, TestUtils {
   | ^ (Relevant source part starts here and spans across multiple lines).


Warning: Warning: Contract code size is 44854 bytes and exceeds 24576 bytes (a limit introduced in Spurious Dragon). This contract may not be deployable on Mainnet. Consider enabling the optimizer (with a low "runs" value!), turning off revert strings, or using libraries.
  --> sol-tests/party/PartyGovernanceNFTUnit.sol:13:1:
   |
13 | contract TestablePartyGovernanceNFT is PartyGovernanceNFT {
   | ^ (Relevant source part starts here and spans across multiple lines).


Warning: Warning: Contract initcode size is 51647 bytes and exceeds 49152 bytes (a limit introduced in Shanghai). This contract may not be deployable on Mainnet. Consider enabling the optimizer (with a low "runs" value!), turning off revert strings, or using libraries.
  --> sol-tests/party/PartyGovernanceNFTUnit.sol:13:1:
   |
13 | contract TestablePartyGovernanceNFT is PartyGovernanceNFT {
   | ^ (Relevant source part starts here and spans across multiple lines).


Warning: Warning: Contract initcode size is 66859 bytes and exceeds 49152 bytes (a limit introduced in Shanghai). This contract may not be deployable on Mainnet. Consider enabling the optimizer (with a low "runs" value!), turning off revert strings, or using libraries.
  --> sol-tests/party/PartyGovernanceNFTUnit.sol:49:1:
   |
49 | contract PartyGovernanceNFTUnitTest is TestUtils {
   | ^ (Relevant source part starts here and spans across multiple lines).


Warning: Warning: Contract code size is 29313 bytes and exceeds 24576 bytes (a limit introduced in Spurious Dragon). This contract may not be deployable on Mainnet. Consider enabling the optimizer (with a low "runs" value!), turning off revert strings, or using libraries.
   --> sol-tests/party/PartyGovernanceUnit.t.sol:152:1:
    |
152 | contract TestablePartyGovernance is PartyGovernance {
    | ^ (Relevant source part starts here and spans across multiple lines).


Warning: Warning: Contract code size is 145275 bytes and exceeds 24576 bytes (a limit introduced in Spurious Dragon). This contract may not be deployable on Mainnet. Consider enabling the optimizer (with a low "runs" value!), turning off revert strings, or using libraries.
   --> sol-tests/party/PartyGovernanceUnit.t.sol:238:1:
    |
238 | contract PartyGovernanceUnitTest is Test, TestUtils {
    | ^ (Relevant source part starts here and spans across multiple lines).


Warning: Warning: Contract initcode size is 161444 bytes and exceeds 49152 bytes (a limit introduced in Shanghai). This contract may not be deployable on Mainnet. Consider enabling the optimizer (with a low "runs" value!), turning off revert strings, or using libraries.
   --> sol-tests/party/PartyGovernanceUnit.t.sol:238:1:
    |
238 | contract PartyGovernanceUnitTest is Test, TestUtils {
    | ^ (Relevant source part starts here and spans across multiple lines).


Warning: Warning: Contract code size is 40905 bytes and exceeds 24576 bytes (a limit introduced in Spurious Dragon). This contract may not be deployable on Mainnet. Consider enabling the optimizer (with a low "runs" value!), turning off revert strings, or using libraries.
  --> sol-tests/proposals/ArbitraryCallsProposal.t.sol:56:1:
   |
56 | contract ArbitraryCallsProposalTest is
   | ^ (Relevant source part starts here and spans across multiple lines).


Warning: Warning: Contract initcode size is 58592 bytes and exceeds 49152 bytes (a limit introduced in Shanghai). This contract may not be deployable on Mainnet. Consider enabling the optimizer (with a low "runs" value!), turning off revert strings, or using libraries.
  --> sol-tests/proposals/ArbitraryCallsProposal.t.sol:56:1:
   |
56 | contract ArbitraryCallsProposalTest is
   | ^ (Relevant source part starts here and spans across multiple lines).


Warning: Warning: Contract code size is 76360 bytes and exceeds 24576 bytes (a limit introduced in Spurious Dragon). This contract may not be deployable on Mainnet. Consider enabling the optimizer (with a low "runs" value!), turning off revert strings, or using libraries.
  --> sol-tests/proposals/ListOnOpenseaProposalForked.t.sol:17:1:
   |
17 | contract ListOnOpenseaProposalForkedTest is Test, TestUtils, ZoraTestUtils, OpenseaTestUtils {
   | ^ (Relevant source part starts here and spans across multiple lines).


Warning: Warning: Contract initcode size is 77222 bytes and exceeds 49152 bytes (a limit introduced in Shanghai). This contract may not be deployable on Mainnet. Consider enabling the optimizer (with a low "runs" value!), turning off revert strings, or using libraries.
  --> sol-tests/proposals/ListOnOpenseaProposalForked.t.sol:17:1:
   |
17 | contract ListOnOpenseaProposalForkedTest is Test, TestUtils, ZoraTestUtils, OpenseaTestUtils {
   | ^ (Relevant source part starts here and spans across multiple lines).


Warning: Warning: Contract code size is 146315 bytes and exceeds 24576 bytes (a limit introduced in Spurious Dragon). This contract may not be deployable on Mainnet. Consider enabling the optimizer (with a low "runs" value!), turning off revert strings, or using libraries.
  --> sol-tests/proposals/ListOnZoraProposalIntegration.t.sol:16:1:
   |
16 | contract ListOnZoraProposalIntegrationTest is Test, TestUtils, ZoraTestUtils {
   | ^ (Relevant source part starts here and spans across multiple lines).


Warning: Warning: Contract initcode size is 146868 bytes and exceeds 49152 bytes (a limit introduced in Shanghai). This contract may not be deployable on Mainnet. Consider enabling the optimizer (with a low "runs" value!), turning off revert strings, or using libraries.
  --> sol-tests/proposals/ListOnZoraProposalIntegration.t.sol:16:1:
   |
16 | contract ListOnZoraProposalIntegrationTest is Test, TestUtils, ZoraTestUtils {
   | ^ (Relevant source part starts here and spans across multiple lines).


Warning: Warning: Contract code size is 32300 bytes and exceeds 24576 bytes (a limit introduced in Spurious Dragon). This contract may not be deployable on Mainnet. Consider enabling the optimizer (with a low "runs" value!), turning off revert strings, or using libraries.
 --> sol-tests/proposals/TestableProposalExecutionEngine.sol:8:1:
  |
8 | contract TestableProposalExecutionEngine is ProposalExecutionEngine {
  | ^ (Relevant source part starts here and spans across multiple lines).


Warning: Warning: Contract code size is 55508 bytes and exceeds 24576 bytes (a limit introduced in Spurious Dragon). This contract may not be deployable on Mainnet. Consider enabling the optimizer (with a low "runs" value!), turning off revert strings, or using libraries.
  --> sol-tests/proposals/ProposalExecutionEngine.t.sol:15:1:
   |
15 | contract ProposalExecutionEngineTest is Test, TestUtils {
   | ^ (Relevant source part starts here and spans across multiple lines).


Warning: Warning: Contract initcode size is 55882 bytes and exceeds 49152 bytes (a limit introduced in Shanghai). This contract may not be deployable on Mainnet. Consider enabling the optimizer (with a low "runs" value!), turning off revert strings, or using libraries.
  --> sol-tests/proposals/ProposalExecutionEngine.t.sol:15:1:
   |
15 | contract ProposalExecutionEngineTest is Test, TestUtils {
   | ^ (Relevant source part starts here and spans across multiple lines).


Warning: Warning: Contract code size is 143350 bytes and exceeds 24576 bytes (a limit introduced in Spurious Dragon). This contract may not be deployable on Mainnet. Consider enabling the optimizer (with a low "runs" value!), turning off revert strings, or using libraries.
  --> sol-tests/utils/PartyGovernanceHelpers.t.sol:19:1:
   |
19 | contract PartyGovernanceHelpersTest is Test, TestUtils {
   | ^ (Relevant source part starts here and spans across multiple lines).


Warning: Warning: Contract initcode size is 143789 bytes and exceeds 49152 bytes (a limit introduced in Shanghai). This contract may not be deployable on Mainnet. Consider enabling the optimizer (with a low "runs" value!), turning off revert strings, or using libraries.
  --> sol-tests/utils/PartyGovernanceHelpers.t.sol:19:1:
   |
19 | contract PartyGovernanceHelpersTest is Test, TestUtils {
   | ^ (Relevant source part starts here and spans across multiple lines).



[mvscan-config] {"ATOMIC_GROUP": [], "DIVERGENCE_BUDGET": 1000, "ENABLE_BRANCH_GROUPS": true, "ENABLE_EXTERNAL_STATE": true, "ENABLE_MULTI_RETURN_GROUPS": true, "MAPPING_MODE": "precise", "MERGE_OVERLOADS": false, "MVSCAN_ABLATION": "full", "MVSCAN_CONTEXTUAL_KEYS": false, "MVSCAN_INCLUDE_SCALAR_WITNESSES": false, "MVSCAN_INTERFACE_DISPATCH": false, "MVSCAN_MAX_CONTEXTS_PER_OWNER_BLOCK": 128, "MVSCAN_MAX_DISPATCH_TARGETS": 16, "MVSCAN_REQUIRE_DISTINCT_OUTER_ROOTS": false, "MVSCAN_ROOT_CONTEXT_SINKS": false, "NOOP_WRITE_FILTER": true, "REQUIRE_SAME_SLOT_KEY": true, "SINK_TEST": "none", "USER_CALLABLE_ALWAYS": [], "USER_CALLABLE_DENY": []}
[mvscan-stage] icfg-built blocks=16512 vars=622
[mvscan-stage] root-seeding-done eligible_exposures=977 seeded=741 multi_exposure_entry_blocks=73 collapsed_contextual_aliases=236 excluded_dependency=0 excluded_interface=232 excluded_library=0 excluded_abstract=79 missing_entry_point=5 missing_entry_block=0
[mvscan-pairs] call_target_digest=50ef18b8b3856d650a3648fb8e51190dcad5fa8b167fb3e18a973c8f799a75fc candidate_count=1385 candidate_digest=152f1631ee9fe5bdb03fd011192763c88ca732e7dd8634636e76872a9ac557a5 context_instance_count=298555 eligible_readers=298 eligible_writers=112 execution_context_digest=14855a5f0bec83924ab9a8515906e1a82af7838d0942911d09aa6754c03b2f06 insensitive_readers_filtered=2654 invalid_partial_write_filtered=0 must_full_relation_filtered=18662 omitted_member_evidence_filtered=0 omitted_member_not_sensitive_filtered=14934 owner_context_pairs=930878 owner_context_pairs_considered=1933080 raw_block_pairs=1219 reader_witness_count=930878 relation_base_members_shadowed=40 relation_context_incompatible=0 relation_digest=7a49d42010bdfee1344617e7b7fb154492f13cb540cef20428657ff7f6bf6fa2 relation_evidence_edges=695 relation_incompatible=502 relation_members_raw=281 relation_origins_registered=35 relation_origins_rejected_unary_after_shadowing=152 relation_origins_rejected_unreachable=27 relation_origins_seen=187 root_context_sink_filtered=0 same_outer_root_filtered=0 same_static_block_filtered=22 scalar_variables_skipped=251 storage_context_mismatch=968606 variables_considered=283
INFO:Detectors:

[MV-SI candidate 002d8acacf5e7188d874] {_governanceValues, votingPowerByTokenId[$arg0]}
 writer root       -> sol-tests/party/PartyGovernanceNFT.t.sol::PartyGovernanceNFTTest.testRageQuit_revertsIfNotOwner()
 writer effect     -> contracts/party/PartyGovernanceNFT.sol:258
 written member    -> ('SV', 'contracts/party/PartyGovernance.sol', 'PartyGovernance._governanceValues')
 potentially stale -> ('MS', 'contracts/party/PartyGovernanceNFT.sol', 'PartyGovernanceNFT.votingPowerByTokenId', '$arg0')
 reader witnesses  -> 249
 storage exposures -> 1
[MV-SI candidate 0071c4c01d5e6186024d] {maxTotalContributions, minContribution, totalContributions}
 writer root       -> sol-tests/crowdfund/ReraiseETHCrowdfund.t.sol::ReraiseETHCrowdfundTest.test_claimMultiple_votingPowerOfCardAboveMax()
 writer effect     -> contracts/crowdfund/ETHCrowdfundBase.sol:212
 written member    -> ('SV', 'contracts/crowdfund/ETHCrowdfundBase.sol', 'ETHCrowdfundBase.totalContributions')
 potentially stale -> ('SV', 'contracts/crowdfund/ETHCrowdfundBase.sol', 'ETHCrowdfundBase.maxTotalContributions'), ('SV', 'contracts/crowdfund/ETHCrowdfundBase.sol', 'ETHCrowdfundBase.minContribution')
 reader witnesses  -> 220
 storage exposures -> 1
[MV-SI candidate 0072b6426115dac3a3cd] {minTotalContributions, totalContributions}
 writer root       -> sol-tests/crowdfund/InitialETHCrowdfund.t.sol::InitialETHCrowdfundTest.test_finalize_anyoneCanFinalizeWhenExpired()
 writer effect     -> contracts/crowdfund/ETHCrowdfundBase.sol:212
 written member    -> ('SV', 'contracts/crowdfund/ETHCrowdfundBase.sol', 'ETHCrowdfundBase.totalContributions')
 potentially stale -> ('SV', 'contracts/crowdfund/ETHCrowdfundBase.sol', 'ETHCrowdfundBase.minTotalContributions')
 reader witnesses  -> 94
 storage exposures -> 1
[MV-SI candidate 0095ec4fba985d3c7d44] {_governanceValues, mintedVotingPower}
 writer root       -> sol-tests/crowdfund/ReraiseETHCrowdfund.t.sol::ReraiseETHCrowdfundTest.test_contribute_smallAmountWithFundingSplit()
 writer effect     -> contracts/party/PartyGovernanceNFT.sol:230
 written member    -> ('SV', 'contracts/party/PartyGovernance.sol', 'PartyGovernance._governanceValues')
 potentially stale -> ('SV', 'contracts/party/PartyGovernanceNFT.sol', 'PartyGovernanceNFT.mintedVotingPower')
 reader witnesses  -> 722
 storage exposures -> 1
[MV-SI candidate 00fb9794849b8fd85fbe] {minTotalContributions, totalContributions}
 writer root       -> sol-tests/crowdfund/ReraiseETHCrowdfund.t.sol::ReraiseETHCrowdfundTest.test_fundingSplit_contributionAndRefund()
 writer effect     -> contracts/crowdfund/ETHCrowdfundBase.sol:226
 written member    -> ('SV', 'contracts/crowdfund/ETHCrowdfundBase.sol', 'ETHCrowdfundBase.totalContributions')
 potentially stale -> ('SV', 'contracts/crowdfund/ETHCrowdfundBase.sol', 'ETHCrowdfundBase.minTotalContributions')
 reader witnesses  -> 118
 storage exposures -> 1
[MV-SI candidate 0104fb6408eac5291c25] {maxTotalContributions, minContribution, totalContributions}
 writer root       -> sol-tests/crowdfund/ReraiseETHCrowdfund.t.sol::ReraiseETHCrowdfundTest.test_claimMultiple_votingPowerOfCardBelowMin()
 writer effect     -> contracts/crowdfund/ETHCrowdfundBase.sol:212
 written member    -> ('SV', 'contracts/crowdfund/ETHCrowdfundBase.sol', 'ETHCrowdfundBase.totalContributions')
 potentially stale -> ('SV', 'contracts/crowdfund/ETHCrowdfundBase.sol', 'ETHCrowdfundBase.maxTotalContributions'), ('SV', 'contracts/crowdfund/ETHCrowdfundBase.sol', 'ETHCrowdfundBase.minContribution')
 reader witnesses  -> 220
 storage exposures -> 1
[MV-SI candidate 0114a7ab9b7c1d7a7d08] {_governanceValues, mintedVotingPower}
 writer root       -> sol-tests/crowdfund/InitialETHCrowdfund.t.sol::InitialETHCrowdfundTest.test_contribute_mintNewCard()
 writer effect     -> contracts/party/PartyGovernanceNFT.sol:218
 written member    -> ('SV', 'contracts/party/PartyGovernanceNFT.sol', 'PartyGovernanceNFT.mintedVotingPower')
 potentially stale -> ('SV', 'contracts/party/PartyGovernance.sol', 'PartyGovernance._governanceValues')
 reader witnesses  -> 594
 storage exposures -> 1
[MV-SI candidate 0134c409f7d2871ba3ae] {_governanceValues, votingPowerByTokenId[$arg0]}
 writer root       -> contracts/crowdfund/ReraiseETHCrowdfund.sol::ReraiseETHCrowdfund.claim(uint256,address)
 writer effect     -> contracts/party/PartyGovernanceNFT.sol:219
 written member    -> ('MS', 'contracts/party/PartyGovernanceNFT.sol', 'PartyGovernanceNFT.votingPowerByTokenId', '$arg0')
 potentially stale -> ('SV', 'contracts/party/PartyGovernance.sol', 'PartyGovernance._governanceValues')
 reader witnesses  -> 891
 storage exposures -> 1
[MV-SI candidate 015c31507f395ca0f632] {_governanceValues, mintedVotingPower}
 writer root       -> sol-tests/crowdfund/InitialETHCrowdfund.t.sol::InitialETHCrowdfundTest.test_sendFundingSplit_works()
 writer effect     -> contracts/party/PartyGovernanceNFT.sol:230
 written member    -> ('SV', 'contracts/party/PartyGovernance.sol', 'PartyGovernance._governanceValues')
 potentially stale -> ('SV', 'contracts/party/PartyGovernanceNFT.sol', 'PartyGovernanceNFT.mintedVotingPower')
 reader witnesses  -> 722
 storage exposures -> 1
[MV-SI candidate 01672acfaa94c9c86ef2] {_governanceValues, mintedVotingPower}
 writer root       -> sol-tests/crowdfund/ReraiseETHCrowdfund.t.sol::ReraiseETHCrowdfundTest.test_claimMultiple_votingPowerOfCardBelowMin()
 writer effect     -> contracts/party/PartyGovernanceNFT.sol:230
 written member    -> ('SV', 'contracts/party/PartyGovernance.sol', 'PartyGovernance._governanceValues')
 potentially stale -> ('SV', 'contracts/party/PartyGovernanceNFT.sol', 'PartyGovernanceNFT.mintedVotingPower')
 reader witnesses  -> 722
 storage exposures -> 1
[MV-SI candidate 0193b4565a28dd2c6474] {_governanceValues, votingPowerByTokenId[$arg0]}
 writer root       -> sol-tests/crowdfund/InitialETHCrowdfund.t.sol::InitialETHCrowdfundTest.test_partyCardTokenURI_whileCrowdfundActive()
 writer effect     -> contracts/party/PartyGovernanceNFT.sol:219
 written member    -> ('MS', 'contracts/party/PartyGovernanceNFT.sol', 'PartyGovernanceNFT.votingPowerByTokenId', '$arg0')
 potentially stale -> ('SV', 'contracts/party/PartyGovernance.sol', 'PartyGovernance._governanceValues')
 reader witnesses  -> 891
 storage exposures -> 1
[MV-SI candidate 01a111e4119ee620e9c6] {maxTotalContributions, totalContributions}
 writer root       -> sol-tests/crowdfund/ReraiseETHCrowdfund.t.sol::ReraiseETHCrowdfundTest.test_claimMultiple_cannotClaimMoreThanVotingPower()
 writer effect     -> contracts/crowdfund/ETHCrowdfundBase.sol:226
 written member    -> ('SV', 'contracts/crowdfund/ETHCrowdfundBase.sol', 'ETHCrowdfundBase.totalContributions')
 potentially stale -> ('SV', 'contracts/crowdfund/ETHCrowdfundBase.sol', 'ETHCrowdfundBase.maxTotalContributions')
 reader witnesses  -> 324
 storage exposures -> 1
[MV-SI candidate 01acc14bd487e00dbaa9] {maxTotalContributions, totalContributions}
 writer root       -> sol-tests/crowdfund/ReraiseETHCrowdfund.t.sol::ReraiseETHCrowdfundTest.test_finalize_belowMinTotalContributions()
 writer effect     -> contracts/crowdfund/ETHCrowdfundBase.sol:226
 written member    -> ('SV', 'contracts/crowdfund/ETHCrowdfundBase.sol', 'ETHCrowdfundBase.totalContributions')
 potentially stale -> ('SV', 'contracts/crowdfund/ETHCrowdfundBase.sol', 'ETHCrowdfundBase.maxTotalContributions')
 reader witnesses  -> 324
 storage exposures -> 1
[MV-SI candidate 01b86507525d5cff92b9] {minTotalContributions, totalContributions}
 writer root       -> contracts/crowdfund/InitialETHCrowdfund.sol::InitialETHCrowdfund.batchContribute(InitialETHCrowdfund.BatchContributeArgs)
 writer effect     -> contracts/crowdfund/ETHCrowdfundBase.sol:226
 written member    -> ('SV', 'contracts/crowdfund/ETHCrowdfundBase.sol', 'ETHCrowdfundBase.totalContributions')
 potentially stale -> ('SV', 'contracts/crowdfund/ETHCrowdfundBase.sol', 'ETHCrowdfundBase.minTotalContributions')
 reader witnesses  -> 94
 storage exposures -> 1
[MV-SI candidate 01d0ef441ddb1c5f0164] {maxTotalContributions, minContribution, totalContributions}
 writer root       -> sol-tests/crowdfund/InitialETHCrowdfund.t.sol::InitialETHCrowdfundTest.test_contribute_noVotingPower()
 writer effect     -> contracts/crowdfund/ETHCrowdfundBase.sol:226
 written member    -> ('SV', 'contracts/crowdfund/ETHCrowdfundBase.sol', 'ETHCrowdfundBase.totalContributions')
 potentially stale -> ('SV', 'contracts/crowdfund/ETHCrowdfundBase.sol', 'ETHCrowdfundBase.maxTotalContributions'), ('SV', 'contracts/crowdfund/ETHCrowdfundBase.sol', 'ETHCrowdfundBase.minContribution')
 reader witnesses  -> 175
 storage exposures -> 1
[MV-SI candidate 020a90d131a2fa048480] {_governanceValues, mintedVotingPower}
 writer root       -> contracts/crowdfund/ReraiseETHCrowdfund.sol::ReraiseETHCrowdfund.claim(uint256,address)
 writer effect     -> contracts/party/PartyGovernanceNFT.sol:186
 written member    -> ('SV', 'contracts/party/PartyGovernanceNFT.sol', 'PartyGovernanceNFT.mintedVotingPower')
 potentially stale -> ('SV', 'contracts/party/PartyGovernance.sol', 'PartyGovernance._governanceValues')
 reader witnesses  -> 594
 storage exposures -> 1
[MV-SI candidate 0247be3f2c817e2d995b] {minTotalContributions, totalContributions}
 writer root       -> sol-tests/crowdfund/InitialETHCrowdfund.t.sol::InitialETHCrowdfundTest.test_contribute_belowMinContribution()
 writer effect     -> contracts/crowdfund/ETHCrowdfundBase.sol:212
 written member    -> ('SV', 'contracts/crowdfund/ETHCrowdfundBase.sol', 'ETHCrowdfundBase.totalContributions')
 potentially stale -> ('SV', 'contracts/crowdfund/ETHCrowdfundBase.sol', 'ETHCrowdfundBase.minTotalContributions')
 reader witnesses  -> 94
 storage exposures -> 1
[MV-SI candidate 028f2ff29fa4b32865db] {_governanceValues, votingPowerByTokenId[$arg0]}
 writer root       -> sol-tests/crowdfund/InitialETHCrowdfund.t.sol::InitialETHCrowdfundTest.test_finalize_onlyHostCanFinalizeEarlyWhenActive()
 writer effect     -> contracts/party/PartyGovernanceNFT.sol:230
 written member    -> ('SV', 'contracts/party/PartyGovernance.sol', 'PartyGovernance._governanceValues')
 potentially stale -> ('MS', 'contracts/party/PartyGovernanceNFT.sol', 'PartyGovernanceNFT.votingPowerByTokenId', '$arg0')
 reader witnesses  -> 249
 storage exposures -> 1
[MV-SI candidate 0296e88c44e7eaa93725] {exchangeRateBps, fundingSplitBps, maxTotalContributions, totalContributions}
 writer root       -> sol-tests/crowdfund/ReraiseETHCrowdfund.t.sol::ReraiseETHCrowdfundTest.test_contribute_aboveMaxTotalContribution()
 writer effect     -> contracts/crowdfund/ETHCrowdfundBase.sol:212
 written member    -> ('SV', 'contracts/crowdfund/ETHCrowdfundBase.sol', 'ETHCrowdfundBase.totalContributions')
 potentially stale -> ('SV', 'contracts/crowdfund/ETHCrowdfundBase.sol', 'ETHCrowdfundBase.exchangeRateBps'), ('SV', 'contracts/crowdfund/ETHCrowdfundBase.sol', 'ETHCrowdfundBase.fundingSplitBps'), ('SV', 'contracts/crowdfund/ETHCrowdfundBase.sol', 'ETHCrowdfundBase.maxTotalContributions')
 reader witnesses  -> 2849
 storage exposures -> 1
[MV-SI candidate 02d87f1aa1e560e5e950] {exchangeRateBps, fundingSplitBps, maxTotalContributions, totalContributions}
 writer root       -> sol-tests/crowdfund/ReraiseETHCrowdfund.t.sol::ReraiseETHCrowdfundTest.test_claimMultiple_votingPowerOfCardBelowMin()
 writer effect     -> contracts/crowdfund/ETHCrowdfundBase.sol:226
 written member    -> ('SV', 'contracts/crowdfund/ETHCrowdfundBase.sol', 'ETHCrowdfundBase.totalContributions')
 potentially stale -> ('SV', 'contracts/crowdfund/ETHCrowdfundBase.sol', 'ETHCrowdfundBase.exchangeRateBps'), ('SV', 'contracts/crowdfund/ETHCrowdfundBase.sol', 'ETHCrowdfundBase.fundingSplitBps'), ('SV', 'contracts/crowdfund/ETHCrowdfundBase.sol', 'ETHCrowdfundBase.maxTotalContributions')
 reader witnesses  -> 2849
 storage exposures -> 1
[MV-SI candidate 03432690e0577a90809e] {maxTotalContributions, minContribution, totalContributions}
 writer root       -> sol-tests/crowdfund/InitialETHCrowdfund.t.sol::InitialETHCrowdfundTest.test_contribute_gatekeeperChecksSender()
 writer effect     -> contracts/crowdfund/ETHCrowdfundBase.sol:226
 written member    -> ('SV', 'contracts/crowdfund/ETHCrowdfundBase.sol', 'ETHCrowdfundBase.totalContributions')
 potentially stale -> ('SV', 'contracts/crowdfund/ETHCrowdfundBase.sol', 'ETHCrowdfundBase.maxTotalContributions'), ('SV', 'contracts/crowdfund/ETHCrowdfundBase.sol', 'ETHCrowdfundBase.minContribution')
 reader witnesses  -> 175
 storage exposures -> 1
[MV-SI candidate 0349bdc3ccd1b811491d] {exchangeRateBps, fundingSplitBps, maxTotalContributions, totalContributions}
 writer root       -> sol-tests/crowdfund/ReraiseETHCrowdfund.t.sol::ReraiseETHCrowdfundTest.test_initialization_cannotReinitialize()
 writer effect     -> contracts/crowdfund/ETHCrowdfundBase.sol:141
 written member    -> ('SV', 'contracts/crowdfund/ETHCrowdfundBase.sol', 'ETHCrowdfundBase.maxTotalContributions')
 potentially stale -> ('SV', 'contracts/crowdfund/ETHCrowdfundBase.sol', 'ETHCrowdfundBase.exchangeRateBps'), ('SV', 'contracts/crowdfund/ETHCrowdfundBase.sol', 'ETHCrowdfundBase.fundingSplitBps'), ('SV', 'contracts/crowdfund/ETHCrowdfundBase.sol', 'ETHCrowdfundBase.totalContributions')
 reader witnesses  -> 2492
 storage exposures -> 1
[MV-SI candidate 034fc2fe1a04d5c0e41c] {maxTotalContributions, minContribution, totalContributions}
 writer root       -> sol-tests/crowdfund/ReraiseETHCrowdfund.t.sol::ReraiseETHCrowdfundTest.test_contribute_aboveMaxTotalContributionWhenWhenContributionBelowMinContributionAfterRefund()
 writer effect     -> contracts/crowdfund/ETHCrowdfundBase.sol:226
 written member    -> ('SV', 'contracts/crowdfund/ETHCrowdfundBase.sol', 'ETHCrowdfundBase.totalContributions')
 potentially stale -> ('SV', 'contracts/crowdfund/ETHCrowdfundBase.sol', 'ETHCrowdfundBase.maxTotalContributions'), ('SV', 'contracts/crowdfund/ETHCrowdfundBase.sol', 'ETHCrowdfundBase.minContribution')
 reader witnesses  -> 220
 storage exposures -> 1
[MV-SI candidate 0365cc4ac2133690d5ac] {_governanceValues, mintedVotingPower}
 writer root       -> sol-tests/party/PartyGovernanceNFT.t.sol::ReenteringContract.transfer(address,uint256)
 writer effect     -> contracts/party/PartyGovernanceNFT.sol:254
 written member    -> ('SV', 'contracts/party/PartyGovernanceNFT.sol', 'PartyGovernanceNFT.mintedVotingPower')
 potentially stale -> ('SV', 'contracts/party/PartyGovernance.sol', 'PartyGovernance._governanceValues')
 reader witnesses  -> 594
 storage exposures -> 1
[MV-SI candidate 0378fcca2cf35d4a8a63] {_governanceValues, isAuthority[$sender]}
 writer root       -> sol-tests/crowdfund/InitialETHCrowdfund.t.sol::InitialETHCrowdfundTest.test_expiry_lost()
 writer effect     -> contracts/party/PartyGovernanceNFT.sol:230
 written member    -> ('SV', 'contracts/party/PartyGovernance.sol', 'PartyGovernance._governanceValues')
 potentially stale -> ('MS', 'contracts/party/PartyGovernanceNFT.sol', 'PartyGovernanceNFT.isAuthority', '$sender')
 reader witnesses  -> 183
 storage exposures -> 1
[MV-SI candidate 038cfd6dc05996c6b86d] {_governanceValues, mintedVotingPower}
 writer root       -> sol-tests/crowdfund/AuctionCrowdfund.t.sol::AuctionCrowdfundTest.test_canRefundIfCrowdfundLosesWithBidsMade_finalized()
 writer effect     -> contracts/party/PartyGovernanceNFT.sol:186
 written member    -> ('SV', 'contracts/party/PartyGovernanceNFT.sol', 'PartyGovernanceNFT.mintedVotingPower')
 potentially stale -> ('SV', 'contracts/party/PartyGovernance.sol', 'PartyGovernance._governanceValues')
 reader witnesses  -> 594
 storage exposures -> 1
[MV-SI candidate 0395739e599085b67bb2] {maxTotalContributions, minContribution, totalContributions}
 writer root       -> sol-tests/crowdfund/InitialETHCrowdfund.t.sol::InitialETHCrowdfundTest.test_finalize_withFundingSplit()
 writer effect     -> contracts/crowdfund/ETHCrowdfundBase.sol:226
 written member    -> ('SV', 'contracts/crowdfund/ETHCrowdfundBase.sol', 'ETHCrowdfundBase.totalContributions')
 potentially stale -> ('SV', 'contracts/crowdfund/ETHCrowdfundBase.sol', 'ETHCrowdfundBase.maxTotalContributions'), ('SV', 'contracts/crowdfund/ETHCrowdfundBase.sol', 'ETHCrowdfundBase.minContribution')
 reader witnesses  -> 175
 storage exposures -> 1
[MV-SI candidate 03bdfeeffa1eacaa724a] {maxTotalContributions, totalContributions}
 writer root       -> sol-tests/crowdfund/ReraiseETHCrowdfund.t.sol::ReraiseETHCrowdfundTest.test_contribute_belowMinContribution()
 writer effect     -> contracts/crowdfund/ETHCrowdfundBase.sol:226
 written member    -> ('SV', 'contracts/crowdfund/ETHCrowdfundBase.sol', 'ETHCrowdfundBase.totalContributions')
 potentially stale -> ('SV', 'contracts/crowdfund/ETHCrowdfundBase.sol', 'ETHCrowdfundBase.maxTotalContributions')
 reader witnesses  -> 324
 storage exposures -> 1
[MV-SI candidate 03cf0633f6d7db0eb7bb] {_governanceValues, votingPowerByTokenId[$arg0]}
 writer root       -> sol-tests/crowdfund/InitialETHCrowdfund.t.sol::InitialETHCrowdfundTest.test_contributeFor_works()
 writer effect     -> contracts/party/PartyGovernanceNFT.sol:219
 written member    -> ('MS', 'contracts/party/PartyGovernanceNFT.sol', 'PartyGovernanceNFT.votingPowerByTokenId', '$arg0')
 potentially stale -> ('SV', 'contracts/party/PartyGovernance.sol', 'PartyGovernance._governanceValues')
 reader witnesses  -> 891
 storage exposures -> 1
[MV-SI candidate 03d51c9962f8dddd158c] {exchangeRateBps, fundingSplitBps, maxTotalContributions, totalContributions}
 writer root       -> sol-tests/crowdfund/InitialETHCrowdfund.t.sol::InitialETHCrowdfundTest.test_finalize_onlyHostCanFinalizeEarlyWhenActive()
 writer effect     -> contracts/crowdfund/ETHCrowdfundBase.sol:226
 written member    -> ('SV', 'contracts/crowdfund/ETHCrowdfundBase.sol', 'ETHCrowdfundBase.totalContributions')
 potentially stale -> ('SV', 'contracts/crowdfund/ETHCrowdfundBase.sol', 'ETHCrowdfundBase.exchangeRateBps'), ('SV', 'contracts/crowdfund/ETHCrowdfundBase.sol', 'ETHCrowdfundBase.fundingSplitBps'), ('SV', 'contracts/crowdfund/ETHCrowdfundBase.sol', 'ETHCrowdfundBase.maxTotalContributions')
 reader witnesses  -> 2219
 storage exposures -> 1
[MV-SI candidate 03ed61a8fbeb29c0616d] {_governanceValues, mintedVotingPower}
 writer root       -> sol-tests/utils/PartyGovernanceHelpers.t.sol::PartyGovernanceHelpersTest.testGetVotingPowersAt()
 writer effect     -> contracts/party/PartyGovernanceNFT.sol:186
 written member    -> ('SV', 'contracts/party/PartyGovernanceNFT.sol', 'PartyGovernanceNFT.mintedVotingPower')
 potentially stale -> ('SV', 'contracts/party/PartyGovernance.sol', 'PartyGovernance._governanceValues')
 reader witnesses  -> 594
 storage exposures -> 1
[MV-SI candidate 041b143d31d719918fa5] {minTotalContributions, totalContributions}
 writer root       -> sol-tests/crowdfund/ReraiseETHCrowdfund.t.sol::ReraiseETHCrowdfundTest.test_contributeFor_doesNotUpdateExistingDelegation()
 writer effect     -> contracts/crowdfund/ETHCrowdfundBase.sol:226
 written member    -> ('SV', 'contracts/crowdfund/ETHCrowdfundBase.sol', 'ETHCrowdfundBase.totalContributions')
 potentially stale -> ('SV', 'contracts/crowdfund/ETHCrowdfundBase.sol', 'ETHCrowdfundBase.minTotalContributions')
 reader witnesses  -> 118
 storage exposures -> 1
[MV-SI candidate 0491b41a60adacd204b4] {_governanceValues, mintedVotingPower}
 writer root       -> sol-tests/crowdfund/ReraiseETHCrowdfund.t.sol::ReraiseETHCrowdfundTest.test_fundingSplit_contributionAndRefund()
 writer effect     -> contracts/party/PartyGovernanceNFT.sol:230
 written member    -> ('SV', 'contracts/party/PartyGovernance.sol', 'PartyGovernance._governanceValues')
 potentially stale -> ('SV', 'contracts/party/PartyGovernanceNFT.sol', 'PartyGovernanceNFT.mintedVotingPower')
 reader witnesses  -> 722
 storage exposures -> 1
[MV-SI candidate 049deaaf749977f8e3ca] {_governanceValues, votingPowerByTokenId[$arg0]}
 writer root       -> contracts/crowdfund/InitialETHCrowdfund.sol::InitialETHCrowdfund.contribute(address,bytes)
 writer effect     -> contracts/party/PartyGovernanceNFT.sol:230
 written member    -> ('SV', 'contracts/party/PartyGovernance.sol', 'PartyGovernance._governanceValues')
 potentially stale -> ('MS', 'contracts/party/PartyGovernanceNFT.sol', 'PartyGovernanceNFT.votingPowerByTokenId', '$arg0')
 reader witnesses  -> 249
 storage exposures -> 1
[MV-SI candidate 04bb35df61964ebed7ad] {_governanceValues, mintedVotingPower}
 writer root       -> sol-tests/crowdfund/InitialETHCrowdfund.t.sol::InitialETHCrowdfundTest.test_contribute_aboveMaxTotalContribution()
 writer effect     -> contracts/party/PartyGovernanceNFT.sol:218
 written member    -> ('SV', 'contracts/party/PartyGovernanceNFT.sol', 'PartyGovernanceNFT.mintedVotingPower')
 potentially stale -> ('SV', 'contracts/party/PartyGovernance.sol', 'PartyGovernance._governanceValues')
 reader witnesses  -> 594
 storage exposures -> 1
[MV-SI candidate 04cdc49be78120634de9] {maxTotalContributions, totalContributions}
 writer root       -> sol-tests/crowdfund/ReraiseETHCrowdfund.t.sol::ReraiseETHCrowdfundTest.test_finalize_works()
 writer effect     -> contracts/crowdfund/ETHCrowdfundBase.sol:212
 written member    -> ('SV', 'contracts/crowdfund/ETHCrowdfundBase.sol', 'ETHCrowdfundBase.totalContributions')
 potentially stale -> ('SV', 'contracts/crowdfund/ETHCrowdfundBase.sol', 'ETHCrowdfundBase.maxTotalContributions')
 reader witnesses  -> 324
 storage exposures -> 1
[MV-SI candidate 04f8da7fc6e7c027d846] {maxTotalContributions, totalContributions}
 writer root       -> sol-tests/crowdfund/ReraiseETHCrowdfund.t.sol::ReraiseETHCrowdfundTest.test_claim_mintNewCard_withDisableContributingForExistingCard()
 writer effect     -> contracts/crowdfund/ETHCrowdfundBase.sol:226
 written member    -> ('SV', 'contracts/crowdfund/ETHCrowdfundBase.sol', 'ETHCrowdfundBase.totalContributions')
 potentially stale -> ('SV', 'contracts/crowdfund/ETHCrowdfundBase.sol', 'ETHCrowdfundBase.maxTotalContributions')
 reader witnesses  -> 324
 storage exposures -> 1
[MV-SI candidate 051e020ed66c4e21b457] {_governanceValues, mintedVotingPower}
 writer root       -> sol-tests/crowdfund/ReraiseETHCrowdfund.t.sol::ReraiseETHCrowdfundTest.test_claimMultiple_cannotClaimMoreThanVotingPower()
 writer effect     -> contracts/party/PartyGovernanceNFT.sol:186
 written member    -> ('SV', 'contracts/party/PartyGovernanceNFT.sol', 'PartyGovernanceNFT.mintedVotingPower')
 potentially stale -> ('SV', 'contracts/party/PartyGovernance.sol', 'PartyGovernance._governanceValues')
 reader witnesses  -> 594
 storage exposures -> 1
[MV-SI candidate 054db7b56e08334ae06d] {maxTotalContributions, minContribution, totalContributions}
 writer root       -> sol-tests/crowdfund/ReraiseETHCrowdfund.t.sol::ReraiseETHCrowdfundTest.test_claimMultiple_works()
 writer effect     -> contracts/crowdfund/ETHCrowdfundBase.sol:212
 written member    -> ('SV', 'contracts/crowdfund/ETHCrowdfundBase.sol', 'ETHCrowdfundBase.totalContributions')
 potentially stale -> ('SV', 'contracts/crowdfund/ETHCrowdfundBase.sol', 'ETHCrowdfundBase.maxTotalContributions'), ('SV', 'contracts/crowdfund/ETHCrowdfundBase.sol', 'ETHCrowdfundBase.minContribution')
 reader witnesses  -> 220
 storage exposures -> 1
[MV-SI candidate 0569ce883c1e3b00d6d9] {maxTotalContributions, totalContributions}
 writer root       -> sol-tests/crowdfund/InitialETHCrowdfund.t.sol::InitialETHCrowdfundTest.test_fundingSplit_contributionAndRefund()
 writer effect     -> contracts/crowdfund/ETHCrowdfundBase.sol:226
 written member    -> ('SV', 'contracts/crowdfund/ETHCrowdfundBase.sol', 'ETHCrowdfundBase.totalContributions')
 potentially stale -> ('SV', 'contracts/crowdfund/ETHCrowdfundBase.sol', 'ETHCrowdfundBase.maxTotalContributions')
 reader witnesses  -> 264
 storage exposures -> 1
[MV-SI candidate 05729144b44594583d10] {_governanceValues, mintedVotingPower}
 writer root       -> sol-tests/crowdfund/InitialETHCrowdfund.t.sol::InitialETHCrowdfundTest.test_finalize_anyoneCanFinalizeWhenExpired()
 writer effect     -> contracts/party/PartyGovernanceNFT.sol:186
 written member    -> ('SV', 'contracts/party/PartyGovernanceNFT.sol', 'PartyGovernanceNFT.mintedVotingPower')
 potentially stale -> ('SV', 'contracts/party/PartyGovernance.sol', 'PartyGovernance._governanceValues')
 reader witnesses  -> 594
 storage exposures -> 1
[MV-SI candidate 05ea0088c9598f27947b] {minTotalContributions, totalContributions}
 writer root       -> sol-tests/crowdfund/InitialETHCrowdfund.t.sol::InitialETHCrowdfundTest.test_sendFundingSplit_cannotSendTwice()
 writer effect     -> contracts/crowdfund/ETHCrowdfundBase.sol:212
 written member    -> ('SV', 'contracts/crowdfund/ETHCrowdfundBase.sol', 'ETHCrowdfundBase.totalContributions')
 potentially stale -> ('SV', 'contracts/crowdfund/ETHCrowdfundBase.sol', 'ETHCrowdfundBase.minTotalContributions')
 reader witnesses  -> 94
 storage exposures -> 1
[MV-SI candidate 061651d0a289cb851a44] {_governanceValues, votingPowerByTokenId[$arg0]}
 writer root       -> contracts/crowdfund/ReraiseETHCrowdfund.sol::ReraiseETHCrowdfund.initialize(ETHCrowdfundBase.ETHCrowdfundOptions)
 writer effect     -> contracts/party/PartyGovernanceNFT.sol:230
 written member    -> ('SV', 'contracts/party/PartyGovernance.sol', 'PartyGovernance._governanceValues')
 potentially stale -> ('MS', 'contracts/party/PartyGovernanceNFT.sol', 'PartyGovernanceNFT.votingPowerByTokenId', '$arg0')
 reader witnesses  -> 249
 storage exposures -> 1
[MV-SI candidate 0617da5a9707fb9b9c72] {_governanceValues, mintedVotingPower}
 writer root       -> contracts/party/PartyGovernanceNFT.sol::PartyGovernanceNFT.addVotingPower(uint256,uint256)
 writer effect     -> contracts/party/PartyGovernanceNFT.sol:218
 written member    -> ('SV', 'contracts/party/PartyGovernanceNFT.sol', 'PartyGovernanceNFT.mintedVotingPower')
 potentially stale -> ('SV', 'contracts/party/PartyGovernance.sol', 'PartyGovernance._governanceValues')
 reader witnesses  -> 594
 storage exposures -> 1
[MV-SI candidate 0635fecb1c295c078a61] {_governanceValues, mintedVotingPower}
 writer root       -> sol-tests/crowdfund/InitialETHCrowdfund.t.sol::InitialETHCrowdfundTest.test_partyCardTokenURI_whileCrowdfundWon()
 writer effect     -> contracts/party/PartyGovernanceNFT.sol:218
 written member    -> ('SV', 'contracts/party/PartyGovernanceNFT.sol', 'PartyGovernanceNFT.mintedVotingPower')
 potentially stale -> ('SV', 'contracts/party/PartyGovernance.sol', 'PartyGovernance._governanceValues')
 reader witnesses  -> 594
 storage exposures -> 1
[MV-SI candidate 06362203ae30b6e32447] {exchangeRateBps, fundingSplitBps, maxTotalContributions, totalContributions}
 writer root       -> sol-tests/crowdfund/InitialETHCrowdfund.t.sol::InitialETHCrowdfundTest.test_contribute_withFundingSplit()
 writer effect     -> contracts/crowdfund/ETHCrowdfundBase.sol:212
 written member    -> ('SV', 'contracts/crowdfund/ETHCrowdfundBase.sol', 'ETHCrowdfundBase.totalContributions')
 potentially stale -> ('SV', 'contracts/crowdfund/ETHCrowdfundBase.sol', 'ETHCrowdfundBase.exchangeRateBps'), ('SV', 'contracts/crowdfund/ETHCrowdfundBase.sol', 'ETHCrowdfundBase.fundingSplitBps'), ('SV', 'contracts/crowdfund/ETHCrowdfundBase.sol', 'ETHCrowdfundBase.maxTotalContributions')
 reader witnesses  -> 2219
 storage exposures -> 1
[MV-SI candidate 063835a0d08e25edb583] {_governanceValues, mintedVotingPower}
 writer root       -> sol-tests/crowdfund/InitialETHCrowdfund.t.sol::InitialETHCrowdfundTest.test_partyCardTokenURI_whileCrowdfundFinalized()
 writer effect     -> contracts/party/PartyGovernanceNFT.sol:230
 written member    -> ('SV', 'contracts/party/PartyGovernance.sol', 'PartyGovernance._governanceValues')
 potentially stale -> ('SV', 'contracts/party/PartyGovernanceNFT.sol', 'PartyGovernanceNFT.mintedVotingPower')
 reader witnesses  -> 722
 storage exposures -> 1
[MV-SI candidate 06925c8b10cd105afcef] {_governanceValues, mintedVotingPower}
 writer root       -> sol-tests/crowdfund/InitialETHCrowdfund.t.sol::InitialETHCrowdfundTest.test_contribute_smallAmountWithFundingSplit()
 writer effect     -> contracts/party/PartyGovernanceNFT.sol:218
 written member    -> ('SV', 'contracts/party/PartyGovernanceNFT.sol', 'PartyGovernanceNFT.mintedVotingPower')
 potentially stale -> ('SV', 'contracts/party/PartyGovernance.sol', 'PartyGovernance._governanceValues')
 reader witnesses  -> 594
 storage exposures -> 1
[MV-SI candidate 0692d26a346c4d85643a] {minTotalContributions, totalContributions}
 writer root       -> sol-tests/crowdfund/InitialETHCrowdfund.t.sol::InitialETHCrowdfundTest.test_contribute_noContribution()
 writer effect     -> contracts/crowdfund/ETHCrowdfundBase.sol:226
 written member    -> ('SV', 'contracts/crowdfund/ETHCrowdfundBase.sol', 'ETHCrowdfundBase.totalContributions')
 potentially stale -> ('SV', 'contracts/crowdfund/ETHCrowdfundBase.sol', 'ETHCrowdfundBase.minTotalContributions')
 reader witnesses  -> 94
 storage exposures -> 1
[MV-SI candidate 06946f6e8f68da0d235e] {_governanceValues, mintedVotingPower}
 writer root       -> sol-tests/crowdfund/Crowdfund.t.sol::CrowdfundTest.testWin_oneContributor_cannotBurnTwice()
 writer effect     -> contracts/party/PartyGovernanceNFT.sol:186
 written member    -> ('SV', 'contracts/party/PartyGovernanceNFT.sol', 'PartyGovernanceNFT.mintedVotingPower')
 potentially stale -> ('SV', 'contracts/party/PartyGovernance.sol', 'PartyGovernance._governanceValues')
 reader witnesses  -> 594
 storage exposures -> 1
[MV-SI candidate 06af15f1f6c7498908e5] {exchangeRateBps, fundingSplitBps, maxTotalContributions, totalContributions}
 writer root       -> sol-tests/crowdfund/ReraiseETHCrowdfund.t.sol::ReraiseETHCrowdfundTest.test_batchClaimMultiple_works()
 writer effect     -> contracts/crowdfund/ETHCrowdfundBase.sol:226
 written member    -> ('SV', 'contracts/crowdfund/ETHCrowdfundBase.sol', 'ETHCrowdfundBase.totalContributions')
 potentially stale -> ('SV', 'contracts/crowdfund/ETHCrowdfundBase.sol', 'ETHCrowdfundBase.exchangeRateBps'), ('SV', 'contracts/crowdfund/ETHCrowdfundBase.sol', 'ETHCrowdfundBase.fundingSplitBps'), ('SV', 'contracts/crowdfund/ETHCrowdfundBase.sol', 'ETHCrowdfundBase.maxTotalContributions')
 reader witnesses  -> 2849
 storage exposures -> 1
[MV-SI candidate 06b4194ea939a385ff6b] {minTotalContributions, totalContributions}
 writer root       -> sol-tests/crowdfund/ReraiseETHCrowdfund.t.sol::ReraiseETHCrowdfundTest.test_claim_mintNewCard()
 writer effect     -> contracts/crowdfund/ETHCrowdfundBase.sol:212
 written member    -> ('SV', 'contracts/crowdfund/ETHCrowdfundBase.sol', 'ETHCrowdfundBase.totalContributions')
 potentially stale -> ('SV', 'contracts/crowdfund/ETHCrowdfundBase.sol', 'ETHCrowdfundBase.minTotalContributions')
 reader witnesses  -> 118
 storage exposures -> 1
[MV-SI candidate 06e7fcfd8030fa0c707d] {_governanceValues, mintedVotingPower}
 writer root       -> sol-tests/crowdfund/InitialETHCrowdfund.t.sol::InitialETHCrowdfundTest.test_partyCardTokenURI_whileCrowdfundLost()
 writer effect     -> contracts/party/PartyGovernanceNFT.sol:230
 written member    -> ('SV', 'contracts/party/PartyGovernance.sol', 'PartyGovernance._governanceValues')
 potentially stale -> ('SV', 'contracts/party/PartyGovernanceNFT.sol', 'PartyGovernanceNFT.mintedVotingPower')
 reader witnesses  -> 722
 storage exposures -> 1
[MV-SI candidate 071aad7f7e5752a9306c] {_governanceValues, mintedVotingPower}
 writer root       -> sol-tests/crowdfund/Crowdfund.t.sol::CrowdfundTest.testWin_twoContributors_partialContributionUsed()
 writer effect     -> contracts/party/PartyGovernanceNFT.sol:186
 written member    -> ('SV', 'contracts/party/PartyGovernanceNFT.sol', 'PartyGovernanceNFT.mintedVotingPower')
 potentially stale -> ('SV', 'contracts/party/PartyGovernance.sol', 'PartyGovernance._governanceValues')
 reader witnesses  -> 594
 storage exposures -> 1
[MV-SI candidate 072f57bb82452dfa94b9] {_governanceValues, mintedVotingPower}
 writer root       -> sol-tests/party/PartyGovernanceNFT.t.sol::PartyGovernanceNFTTest.testRageQuit_expiredRageQuitTimestamp()
 writer effect     -> contracts/party/PartyGovernanceNFT.sol:186
 written member    -> ('SV', 'contracts/party/PartyGovernanceNFT.sol', 'PartyGovernanceNFT.mintedVotingPower')
 potentially stale -> ('SV', 'contracts/party/PartyGovernance.sol', 'PartyGovernance._governanceValues')
 reader witnesses  -> 594
 storage exposures -> 1
[MV-SI candidate 07674542482e3741edff] {maxTotalContributions, totalContributions}
 writer root       -> contracts/crowdfund/InitialETHCrowdfund.sol::InitialETHCrowdfund.contribute(uint256,address,bytes)
 writer effect     -> contracts/crowdfund/ETHCrowdfundBase.sol:226
 written member    -> ('SV', 'contracts/crowdfund/ETHCrowdfundBase.sol', 'ETHCrowdfundBase.totalContributions')
 potentially stale -> ('SV', 'contracts/crowdfund/ETHCrowdfundBase.sol', 'ETHCrowdfundBase.maxTotalContributions')
 reader witnesses  -> 264
 storage exposures -> 1
[MV-SI candidate 078b485ef8e6a23b3af2] {_governanceValues, mintedVotingPower}
 writer root       -> sol-tests/crowdfund/InitialETHCrowdfund.t.sol::InitialETHCrowdfundTest.test_batchContribute_works()
 writer effect     -> contracts/party/PartyGovernanceNFT.sol:230
 written member    -> ('SV', 'contracts/party/PartyGovernance.sol', 'PartyGovernance._governanceValues')
 potentially stale -> ('SV', 'contracts/party/PartyGovernanceNFT.sol', 'PartyGovernanceNFT.mintedVotingPower')
 reader witnesses  -> 722
 storage exposures -> 1
[MV-SI candidate 07a5a68e8782dc414af8] {minTotalContributions, totalContributions}
 writer root       -> sol-tests/crowdfund/InitialETHCrowdfund.t.sol::InitialETHCrowdfundTest.test_contributeFor_works()
 writer effect     -> contracts/crowdfund/ETHCrowdfundBase.sol:212
 written member    -> ('SV', 'contracts/crowdfund/ETHCrowdfundBase.sol', 'ETHCrowdfundBase.totalContributions')
 potentially stale -> ('SV', 'contracts/crowdfund/ETHCrowdfundBase.sol', 'ETHCrowdfundBase.minTotalContributions')
 reader witnesses  -> 94
 storage exposures -> 1
[MV-SI candidate 07aa27b8cc65ba6630d1] {minTotalContributions, totalContributions}
 writer root       -> sol-tests/crowdfund/ReraiseETHCrowdfund.t.sol::ReraiseETHCrowdfundTest.test_crowdfundCardTokenURI_whileCrowdfundLost()
 writer effect     -> contracts/crowdfund/ETHCrowdfundBase.sol:212
 written member    -> ('SV', 'contracts/crowdfund/ETHCrowdfundBase.sol', 'ETHCrowdfundBase.totalContributions')
 potentially stale -> ('SV', 'contracts/crowdfund/ETHCrowdfundBase.sol', 'ETHCrowdfundBase.minTotalContributions')
 reader witnesses  -> 118
 storage exposures -> 1
[MV-SI candidate 07e9d48a0fe17953547b] {_governanceValues, mintedVotingPower}
 writer root       -> sol-tests/crowdfund/InitialETHCrowdfund.t.sol::InitialETHCrowdfundTest.test_finalize_works()
 writer effect     -> contracts/party/PartyGovernanceNFT.sol:218
 written member    -> ('SV', 'contracts/party/PartyGovernanceNFT.sol', 'PartyGovernanceNFT.mintedVotingPower')
 potentially stale -> ('SV', 'contracts/party/PartyGovernance.sol', 'PartyGovernance._governanceValues')
 reader witnesses  -> 594
 storage exposures -> 1
[MV-SI candidate 08170e14aad09e88aa05] {maxTotalContributions, minContribution, totalContributions}
 writer root       -> sol-tests/crowdfund/ReraiseETHCrowdfund.t.sol::ReraiseETHCrowdfundTest.test_contribute_noContribution()
 writer effect     -> contracts/crowdfund/ETHCrowdfundBase.sol:212
 written member    -> ('SV', 'contracts/crowdfund/ETHCrowdfundBase.sol', 'ETHCrowdfundBase.totalContributions')
 potentially stale -> ('SV', 'contracts/crowdfund/ETHCrowdfundBase.sol', 'ETHCrowdfundBase.maxTotalContributions'), ('SV', 'contracts/crowdfund/ETHCrowdfundBase.sol', 'ETHCrowdfundBase.minContribution')
 reader witnesses  -> 220
 storage exposures -> 1
[MV-SI candidate 082ee6592ba2a3c32c81] {maxTotalContributions, totalContributions}
 writer root       -> sol-tests/crowdfund/InitialETHCrowdfund.t.sol::InitialETHCrowdfundTest.test_finalize_anyoneCanFinalizeWhenExpired()
 writer effect     -> contracts/crowdfund/ETHCrowdfundBase.sol:212
 written member    -> ('SV', 'contracts/crowdfund/ETHCrowdfundBase.sol', 'ETHCrowdfundBase.totalContributions')
 potentially stale -> ('SV', 'contracts/crowdfund/ETHCrowdfundBase.sol', 'ETHCrowdfundBase.maxTotalContributions')
 reader witnesses  -> 264
 storage exposures -> 1
[MV-SI candidate 083fc9e9b006ac6caf89] {minTotalContributions, totalContributions}
 writer root       -> sol-tests/crowdfund/ReraiseETHCrowdfund.t.sol::ReraiseETHCrowdfundTest.test_claimMultiple_cannotHaveRemainingVotingPowerAfterClaim()
 writer effect     -> contracts/crowdfund/ETHCrowdfundBase.sol:226
 written member    -> ('SV', 'contracts/crowdfund/ETHCrowdfundBase.sol', 'ETHCrowdfundBase.totalContributions')
 potentially stale -> ('SV', 'contracts/crowdfund/ETHCrowdfundBase.sol', 'ETHCrowdfundBase.minTotalContributions')
 reader witnesses  -> 118
 storage exposures -> 1
[MV-SI candidate 084ef99ec69addf83e2e] {_governanceValues, votingPowerByTokenId[$arg0]}
 writer root       -> contracts/crowdfund/InitialETHCrowdfund.sol::InitialETHCrowdfund.initialize(InitialETHCrowdfund.InitialETHCrowdfundOptions,InitialETHCrowdfund.ETHPartyOptions)
 writer effect     -> contracts/party/PartyGovernanceNFT.sol:230
 written member    -> ('SV', 'contracts/party/PartyGovernance.sol', 'PartyGovernance._governanceValues')
 potentially stale -> ('MS', 'contracts/party/PartyGovernanceNFT.sol', 'PartyGovernanceNFT.votingPowerByTokenId', '$arg0')
 reader witnesses  -> 249
 storage exposures -> 1
[MV-SI candidate 0851c67ffe65da326fb8] {_governanceValues, mintedVotingPower}
 writer root       -> sol-tests/crowdfund/Crowdfund.t.sol::CrowdfundTest.testBurn_failRefundingETH()
 writer effect     -> contracts/party/PartyGovernanceNFT.sol:186
 written member    -> ('SV', 'contracts/party/PartyGovernanceNFT.sol', 'PartyGovernanceNFT.mintedVotingPower')
 potentially stale -> ('SV', 'contracts/party/PartyGovernance.sol', 'PartyGovernance._governanceValues')
 reader witnesses  -> 594
 storage exposures -> 1
[MV-SI candidate 0856a8bc557545fff34e] {maxTotalContributions, totalContributions}
 writer root       -> contracts/crowdfund/InitialETHCrowdfund.sol::InitialETHCrowdfund.initialize(InitialETHCrowdfund.InitialETHCrowdfundOptions,InitialETHCrowdfund.ETHPartyOptions)
 writer effect     -> contracts/crowdfund/ETHCrowdfundBase.sol:141
 written member    -> ('SV', 'contracts/crowdfund/ETHCrowdfundBase.sol', 'ETHCrowdfundBase.maxTotalContributions')
 potentially stale -> ('SV', 'contracts/crowdfund/ETHCrowdfundBase.sol', 'ETHCrowdfundBase.totalContributions')
 reader witnesses  -> 180
 storage exposures -> 1
[MV-SI candidate 086adc0053ac3e78851a] {minTotalContributions, totalContributions}
 writer root       -> sol-tests/crowdfund/InitialETHCrowdfund.t.sol::InitialETHCrowdfundTest.test_contributeFor_doesNotUpdateExistingDelegation()
 writer effect     -> contracts/crowdfund/ETHCrowdfundBase.sol:226
 written member    -> ('SV', 'contracts/crowdfund/ETHCrowdfundBase.sol', 'ETHCrowdfundBase.totalContributions')
 potentially stale -> ('SV', 'contracts/crowdfund/ETHCrowdfundBase.sol', 'ETHCrowdfundBase.minTotalContributions')
 reader witnesses  -> 94
 storage exposures -> 1
[MV-SI candidate 0886b2921d209569d73a] {_governanceValues, votingPowerByTokenId[$arg0]}
 writer root       -> sol-tests/crowdfund/InitialETHCrowdfund.t.sol::InitialETHCrowdfundTest.test_partyCardTokenURI_whileCrowdfundWon()
 writer effect     -> contracts/party/PartyGovernanceNFT.sol:230
 written member    -> ('SV', 'contracts/party/PartyGovernance.sol', 'PartyGovernance._governanceValues')
 potentially stale -> ('MS', 'contracts/party/PartyGovernanceNFT.sol', 'PartyGovernanceNFT.votingPowerByTokenId', '$arg0')
 reader witnesses  -> 249
 storage exposures -> 1
[MV-SI candidate 08a3379f633ddd34fe82] {maxTotalContributions, minContribution, totalContributions}
 writer root       -> contracts/crowdfund/InitialETHCrowdfund.sol::InitialETHCrowdfund.contributeFor(uint256,address,address,bytes)
 writer effect     -> contracts/crowdfund/ETHCrowdfundBase.sol:212
 written member    -> ('SV', 'contracts/crowdfund/ETHCrowdfundBase.sol', 'ETHCrowdfundBase.totalContributions')
 potentially stale -> ('SV', 'contracts/crowdfund/ETHCrowdfundBase.sol', 'ETHCrowdfundBase.maxTotalContributions'), ('SV', 'contracts/crowdfund/ETHCrowdfundBase.sol', 'ETHCrowdfundBase.minContribution')
 reader witnesses  -> 175
 storage exposures -> 1
[MV-SI candidate 08ac6ee96aa2028ddc7b] {maxTotalContributions, totalContributions}
 writer root       -> sol-tests/crowdfund/ReraiseETHCrowdfund.t.sol::ReraiseETHCrowdfundTest.test_refund_notLost()
 writer effect     -> contracts/crowdfund/ETHCrowdfundBase.sol:212
 written member    -> ('SV', 'contracts/crowdfund/ETHCrowdfundBase.sol', 'ETHCrowdfundBase.totalContributions')
 potentially stale -> ('SV', 'contracts/crowdfund/ETHCrowdfundBase.sol', 'ETHCrowdfundBase.maxTotalContributions')
 reader witnesses  -> 324
 storage exposures -> 1
[MV-SI candidate 08ad737230e2686ec40b] {exchangeRateBps, fundingSplitBps, maxTotalContributions, totalContributions}
 writer root       -> sol-tests/crowdfund/InitialETHCrowdfund.t.sol::InitialETHCrowdfundTest.test_sendFundingSplit_works()
 writer effect     -> contracts/crowdfund/ETHCrowdfundBase.sol:212
 written member    -> ('SV', 'contracts/crowdfund/ETHCrowdfundBase.sol', 'ETHCrowdfundBase.totalContributions')
 potentially stale -> ('SV', 'contracts/crowdfund/ETHCrowdfundBase.sol', 'ETHCrowdfundBase.exchangeRateBps'), ('SV', 'contracts/crowdfund/ETHCrowdfundBase.sol', 'ETHCrowdfundBase.fundingSplitBps'), ('SV', 'contracts/crowdfund/ETHCrowdfundBase.sol', 'ETHCrowdfundBase.maxTotalContributions')
 reader witnesses  -> 2219
 storage exposures -> 1
[MV-SI candidate 08bec1529d67f163b9cc] {maxTotalContributions, totalContributions}
 writer root       -> sol-tests/crowdfund/InitialETHCrowdfund.t.sol::InitialETHCrowdfundTest.test_sendFundingSplit_cannotSendIfNoFundingSplit()
 writer effect     -> contracts/crowdfund/ETHCrowdfundBase.sol:226
 written member    -> ('SV', 'contracts/crowdfund/ETHCrowdfundBase.sol', 'ETHCrowdfundBase.totalContributions')
 potentially stale -> ('SV', 'contracts/crowdfund/ETHCrowdfundBase.sol', 'ETHCrowdfundBase.maxTotalContributions')
 reader witnesses  -> 264
 storage exposures -> 1
[MV-SI candidate 08ff3573768b47fbb1a4] {_governanceValues, votingPowerByTokenId[$arg0]}
 writer root       -> contracts/crowdfund/InitialETHCrowdfund.sol::InitialETHCrowdfund.batchContribute(InitialETHCrowdfund.BatchContributeArgs)
 writer effect     -> contracts/party/PartyGovernanceNFT.sol:219
 written member    -> ('MS', 'contracts/party/PartyGovernanceNFT.sol', 'PartyGovernanceNFT.votingPowerByTokenId', '$arg0')
 potentially stale -> ('SV', 'contracts/party/PartyGovernance.sol', 'PartyGovernance._governanceValues')
 reader witnesses  -> 891
 storage exposures -> 1
[MV-SI candidate 090ebc337c421d8565c5] {maxTotalContributions, minContribution, totalContributions}
 writer root       -> sol-tests/crowdfund/ReraiseETHCrowdfund.t.sol::ReraiseETHCrowdfundTest.test_claim_addVotingPowerToExistingCard()
 writer effect     -> contracts/crowdfund/ETHCrowdfundBase.sol:212
 written member    -> ('SV', 'contracts/crowdfund/ETHCrowdfundBase.sol', 'ETHCrowdfundBase.totalContributions')
 potentially stale -> ('SV', 'contracts/crowdfund/ETHCrowdfundBase.sol', 'ETHCrowdfundBase.maxTotalContributions'), ('SV', 'contracts/crowdfund/ETHCrowdfundBase.sol', 'ETHCrowdfundBase.minContribution')
 reader witnesses  -> 220
 storage exposures -> 1
[MV-SI candidate 096a564ba713fd21de21] {maxTotalContributions, totalContributions}
 writer root       -> sol-tests/crowdfund/ReraiseETHCrowdfund.t.sol::ReraiseETHCrowdfundTest.test_finalize_withFundingSplit()
 writer effect     -> contracts/crowdfund/ETHCrowdfundBase.sol:212
 written member    -> ('SV', 'contracts/crowdfund/ETHCrowdfundBase.sol', 'ETHCrowdfundBase.totalContributions')
 potentially stale -> ('SV', 'contracts/crowdfund/ETHCrowdfundBase.sol', 'ETHCrowdfundBase.maxTotalContributions')
 reader witnesses  -> 324
 storage exposures -> 1
[MV-SI candidate 096c32f8c251b85e3836] {maxTotalContributions, minContribution, totalContributions}
 writer root       -> sol-tests/crowdfund/InitialETHCrowdfund.t.sol::InitialETHCrowdfundTest.test_contribute_noVotingPower()
 writer effect     -> contracts/crowdfund/ETHCrowdfundBase.sol:212
 written member    -> ('SV', 'contracts/crowdfund/ETHCrowdfundBase.sol', 'ETHCrowdfundBase.totalContributions')
 potentially stale -> ('SV', 'contracts/crowdfund/ETHCrowdfundBase.sol', 'ETHCrowdfundBase.maxTotalContributions'), ('SV', 'contracts/crowdfund/ETHCrowdfundBase.sol', 'ETHCrowdfundBase.minContribution')
 reader witnesses  -> 175
 storage exposures -> 1
[MV-SI candidate 09856bcf7af6b80fe1ef] {_governanceValues, mintedVotingPower}
 writer root       -> contracts/party/PartyGovernanceNFT.sol::PartyGovernanceNFT.rageQuit(uint256[],IERC20[],address)
 writer effect     -> contracts/party/PartyGovernanceNFT.sol:258
 written member    -> ('SV', 'contracts/party/PartyGovernance.sol', 'PartyGovernance._governanceValues')
 potentially stale -> ('SV', 'contracts/party/PartyGovernanceNFT.sol', 'PartyGovernanceNFT.mintedVotingPower')
 reader witnesses  -> 722
 storage exposures -> 1
[MV-SI candidate 09abcd96c94f7c697892] {_governanceValues, votingPowerByTokenId[$arg0]}
 writer root       -> sol-tests/crowdfund/InitialETHCrowdfund.t.sol::InitialETHCrowdfundTest.test_contribute_afterLost()
 writer effect     -> contracts/party/PartyGovernanceNFT.sol:219
 written member    -> ('MS', 'contracts/party/PartyGovernanceNFT.sol', 'PartyGovernanceNFT.votingPowerByTokenId', '$arg0')
 potentially stale -> ('SV', 'contracts/party/PartyGovernance.sol', 'PartyGovernance._governanceValues')
 reader witnesses  -> 891
 storage exposures -> 1
[MV-SI candidate 0a02623daed40d734d1f] {exchangeRateBps, fundingSplitBps, maxTotalContributions, totalContributions}
 writer root       -> contracts/crowdfund/InitialETHCrowdfund.sol::InitialETHCrowdfund.contribute(uint256,address,bytes)
 writer effect     -> contracts/crowdfund/ETHCrowdfundBase.sol:226
 written member    -> ('SV', 'contracts/crowdfund/ETHCrowdfundBase.sol', 'ETHCrowdfundBase.totalContributions')
 potentially stale -> ('SV', 'contracts/crowdfund/ETHCrowdfundBase.sol', 'ETHCrowdfundBase.exchangeRateBps'), ('SV', 'contracts/crowdfund/ETHCrowdfundBase.sol', 'ETHCrowdfundBase.fundingSplitBps'), ('SV', 'contracts/crowdfund/ETHCrowdfundBase.sol', 'ETHCrowdfundBase.maxTotalContributions')
 reader witnesses  -> 2219
 storage exposures -> 1
[MV-SI candidate 0a3ea707fa45b3db5e5d] {_governanceValues, mintedVotingPower}
 writer root       -> sol-tests/crowdfund/InitialETHCrowdfund.t.sol::InitialETHCrowdfundTest.test_refund_works()
 writer effect     -> contracts/party/PartyGovernanceNFT.sol:230
 written member    -> ('SV', 'contracts/party/PartyGovernance.sol', 'PartyGovernance._governanceValues')
 potentially stale -> ('SV', 'contracts/party/PartyGovernanceNFT.sol', 'PartyGovernanceNFT.mintedVotingPower')
 reader witnesses  -> 722
 storage exposures -> 1
[MV-SI candidate 0a4340a37bf013fabf38] {_governanceValues, votingPowerByTokenId[$arg0]}
 writer root       -> sol-tests/crowdfund/InitialETHCrowdfund.t.sol::InitialETHCrowdfundTest.test_contribute_belowMinContribution()
 writer effect     -> contracts/party/PartyGovernanceNFT.sol:219
 written member    -> ('MS', 'contracts/party/PartyGovernanceNFT.sol', 'PartyGovernanceNFT.votingPowerByTokenId', '$arg0')
 potentially stale -> ('SV', 'contracts/party/PartyGovernance.sol', 'PartyGovernance._governanceValues')
 reader witnesses  -> 891
 storage exposures -> 1
[MV-SI candidate 0a90f80d1afaa7f8a6af] {maxTotalContributions, totalContributions}
 writer root       -> sol-tests/crowdfund/InitialETHCrowdfund.t.sol::InitialETHCrowdfundTest.test_contribute_afterLost()
 writer effect     -> contracts/crowdfund/ETHCrowdfundBase.sol:226
 written member    -> ('SV', 'contracts/crowdfund/ETHCrowdfundBase.sol', 'ETHCrowdfundBase.totalContributions')
 potentially stale -> ('SV', 'contracts/crowdfund/ETHCrowdfundBase.sol', 'ETHCrowdfundBase.maxTotalContributions')
 reader witnesses  -> 264
 storage exposures -> 1
[MV-SI candidate 0ab63cd10d58d97144f7] {_governanceValues, mintedVotingPower}
 writer root       -> sol-tests/crowdfund/InitialETHCrowdfund.t.sol::InitialETHCrowdfundTest.test_contribute_addVotingPowerToExistingCard()
 writer effect     -> contracts/party/PartyGovernanceNFT.sol:218
 written member    -> ('SV', 'contracts/party/PartyGovernanceNFT.sol', 'PartyGovernanceNFT.mintedVotingPower')
 potentially stale -> ('SV', 'contracts/party/PartyGovernance.sol', 'PartyGovernance._governanceValues')
 reader witnesses  -> 594
 storage exposures -> 1
[MV-SI candidate 0adde1839c913d865b51] {maxTotalContributions, totalContributions}
 writer root       -> sol-tests/crowdfund/InitialETHCrowdfund.t.sol::InitialETHCrowdfundTest.test_sendFundingSplit_works()
 writer effect     -> contracts/crowdfund/ETHCrowdfundBase.sol:226
 written member    -> ('SV', 'contracts/crowdfund/ETHCrowdfundBase.sol', 'ETHCrowdfundBase.totalContributions')
 potentially stale -> ('SV', 'contracts/crowdfund/ETHCrowdfundBase.sol', 'ETHCrowdfundBase.maxTotalContributions')
 reader witnesses  -> 264
 storage exposures -> 1
[MV-SI candidate 0b447930726c9b04a8cb] {exchangeRateBps, fundingSplitBps, maxTotalContributions, totalContributions}
 writer root       -> sol-tests/crowdfund/InitialETHCrowdfund.t.sol::InitialETHCrowdfundTest.test_sendFundingSplit_cannotSendIfNoFundingSplit()
 writer effect     -> contracts/crowdfund/ETHCrowdfundBase.sol:226
 written member    -> ('SV', 'contracts/crowdfund/ETHCrowdfundBase.sol', 'ETHCrowdfundBase.totalContributions')
 potentially stale -> ('SV', 'contracts/crowdfund/ETHCrowdfundBase.sol', 'ETHCrowdfundBase.exchangeRateBps'), ('SV', 'contracts/crowdfund/ETHCrowdfundBase.sol', 'ETHCrowdfundBase.fundingSplitBps'), ('SV', 'contracts/crowdfund/ETHCrowdfundBase.sol', 'ETHCrowdfundBase.maxTotalContributions')
 reader witnesses  -> 2219
 storage exposures -> 1
[MV-SI candidate 0b6ade3f3f8864682350] {_governanceValues, votingPowerByTokenId[$arg0]}
 writer root       -> sol-tests/crowdfund/InitialETHCrowdfund.t.sol::InitialETHCrowdfundTest.test_sendFundingSplit_cannotSendIfNoFundingSplit()
 writer effect     -> contracts/party/PartyGovernanceNFT.sol:219
 written member    -> ('MS', 'contracts/party/PartyGovernanceNFT.sol', 'PartyGovernanceNFT.votingPowerByTokenId', '$arg0')
 potentially stale -> ('SV', 'contracts/party/PartyGovernance.sol', 'PartyGovernance._governanceValues')
 reader witnesses  -> 891
 storage exposures -> 1
[MV-SI candidate 0b81d77ac4e3b1390a77] {_governanceValues, mintedVotingPower}
 writer root       -> contracts/crowdfund/InitialETHCrowdfund.sol::InitialETHCrowdfund.refund(uint256)
 writer effect     -> contracts/party/PartyGovernanceNFT.sol:254
 written member    -> ('SV', 'contracts/party/PartyGovernanceNFT.sol', 'PartyGovernanceNFT.mintedVotingPower')
 potentially stale -> ('SV', 'contracts/party/PartyGovernance.sol', 'PartyGovernance._governanceValues')
 reader witnesses  -> 594
 storage exposures -> 1
[MV-SI candidate 0b88424820908f4e8bda] {maxTotalContributions, totalContributions}
 writer root       -> sol-tests/crowdfund/InitialETHCrowdfund.t.sol::InitialETHCrowdfundTest.test_partyCardTokenURI_whileCrowdfundFinalized()
 writer effect     -> contracts/crowdfund/ETHCrowdfundBase.sol:212
 written member    -> ('SV', 'contracts/crowdfund/ETHCrowdfundBase.sol', 'ETHCrowdfundBase.totalContributions')
 potentially stale -> ('SV', 'contracts/crowdfund/ETHCrowdfundBase.sol', 'ETHCrowdfundBase.maxTotalContributions')
 reader witnesses  -> 264
 storage exposures -> 1
[MV-SI candidate 0ba5752ae83b60673900] {minTotalContributions, totalContributions}
 writer root       -> sol-tests/crowdfund/ReraiseETHCrowdfund.t.sol::ReraiseETHCrowdfundTest.test_claimMultiple_cannotHaveRemainingVotingPowerAfterClaim()
 writer effect     -> contracts/crowdfund/ETHCrowdfundBase.sol:212
 written member    -> ('SV', 'contracts/crowdfund/ETHCrowdfundBase.sol', 'ETHCrowdfundBase.totalContributions')
 potentially stale -> ('SV', 'contracts/crowdfund/ETHCrowdfundBase.sol', 'ETHCrowdfundBase.minTotalContributions')
 reader witnesses  -> 118
 storage exposures -> 1
[MV-SI candidate 0bb9e014ec13a4d2cf5a] {_governanceValues, mintedVotingPower}
 writer root       -> sol-tests/party/PartyGovernanceNFT.t.sol::ReenteringContract.transfer(address,uint256)
 writer effect     -> contracts/party/PartyGovernanceNFT.sol:258
 written member    -> ('SV', 'contracts/party/PartyGovernance.sol', 'PartyGovernance._governanceValues')
 potentially stale -> ('SV', 'contracts/party/PartyGovernanceNFT.sol', 'PartyGovernanceNFT.mintedVotingPower')
 reader witnesses  -> 722
 storage exposures -> 1
[MV-SI candidate 0be36bb15d07d74dd5f8] {maxTotalContributions, minContribution, totalContributions}
 writer root       -> sol-tests/crowdfund/ReraiseETHCrowdfund.t.sol::ReraiseETHCrowdfundTest.test_sendFundingSplit_canOnlySendWhenFinalized()
 writer effect     -> contracts/crowdfund/ETHCrowdfundBase.sol:226
 written member    -> ('SV', 'contracts/crowdfund/ETHCrowdfundBase.sol', 'ETHCrowdfundBase.totalContributions')
 potentially stale -> ('SV', 'contracts/crowdfund/ETHCrowdfundBase.sol', 'ETHCrowdfundBase.maxTotalContributions'), ('SV', 'contracts/crowdfund/ETHCrowdfundBase.sol', 'ETHCrowdfundBase.minContribution')
 reader witnesses  -> 220
 storage exposures -> 1
[MV-SI candidate 0bfc4bc41addd061c648] {_governanceValues, mintedVotingPower}
 writer root       -> sol-tests/crowdfund/InitialETHCrowdfund.t.sol::InitialETHCrowdfundTest.test_expiry_won()
 writer effect     -> contracts/party/PartyGovernanceNFT.sol:230
 written member    -> ('SV', 'contracts/party/PartyGovernance.sol', 'PartyGovernance._governanceValues')
 potentially stale -> ('SV', 'contracts/party/PartyGovernanceNFT.sol', 'PartyGovernanceNFT.mintedVotingPower')
 reader witnesses  -> 722
 storage exposures -> 1
[MV-SI candidate 0c5e9fc881e916ae92b8] {_governanceValues, votingPowerByTokenId[$arg0]}
 writer root       -> sol-tests/crowdfund/InitialETHCrowdfund.t.sol::InitialETHCrowdfundTest.test_contribute_mintNewCard()
 writer effect     -> contracts/party/PartyGovernanceNFT.sol:230
 written member    -> ('SV', 'contracts/party/PartyGovernance.sol', 'PartyGovernance._governanceValues')
 potentially stale -> ('MS', 'contracts/party/PartyGovernanceNFT.sol', 'PartyGovernanceNFT.votingPowerByTokenId', '$arg0')
 reader witnesses  -> 249
 storage exposures -> 1
[MV-SI candidate 0cd3a52a1f6cc6b493f7] {maxTotalContributions, minContribution, totalContributions}
 writer root       -> sol-tests/crowdfund/InitialETHCrowdfund.t.sol::InitialETHCrowdfundTest.test_expiry_won()
 writer effect     -> contracts/crowdfund/ETHCrowdfundBase.sol:226
 written member    -> ('SV', 'contracts/crowdfund/ETHCrowdfundBase.sol', 'ETHCrowdfundBase.totalContributions')
 potentially stale -> ('SV', 'contracts/crowdfund/ETHCrowdfundBase.sol', 'ETHCrowdfundBase.maxTotalContributions'), ('SV', 'contracts/crowdfund/ETHCrowdfundBase.sol', 'ETHCrowdfundBase.minContribution')
 reader witnesses  -> 175
 storage exposures -> 1
[MV-SI candidate 0cff815a9c7e02420b9a] {exchangeRateBps, fundingSplitBps, maxTotalContributions, totalContributions}
 writer root       -> sol-tests/crowdfund/ReraiseETHCrowdfund.t.sol::ReraiseETHCrowdfundTest.test_claimMultiple_cannotClaimMoreThanVotingPower()
 writer effect     -> contracts/crowdfund/ETHCrowdfundBase.sol:212
 written member    -> ('SV', 'contracts/crowdfund/ETHCrowdfundBase.sol', 'ETHCrowdfundBase.totalContributions')
 potentially stale -> ('SV', 'contracts/crowdfund/ETHCrowdfundBase.sol', 'ETHCrowdfundBase.exchangeRateBps'), ('SV', 'contracts/crowdfund/ETHCrowdfundBase.sol', 'ETHCrowdfundBase.fundingSplitBps'), ('SV', 'contracts/crowdfund/ETHCrowdfundBase.sol', 'ETHCrowdfundBase.maxTotalContributions')
 reader witnesses  -> 2849
 storage exposures -> 1
[MV-SI candidate 0d32ac6eb9a8b37913bf] {maxTotalContributions, minContribution, totalContributions}
 writer root       -> sol-tests/crowdfund/InitialETHCrowdfund.t.sol::InitialETHCrowdfundTest.test_contribute_smallAmountWithFundingSplit()
 writer effect     -> contracts/crowdfund/ETHCrowdfundBase.sol:226
 written member    -> ('SV', 'contracts/crowdfund/ETHCrowdfundBase.sol', 'ETHCrowdfundBase.totalContributions')
 potentially stale -> ('SV', 'contracts/crowdfund/ETHCrowdfundBase.sol', 'ETHCrowdfundBase.maxTotalContributions'), ('SV', 'contracts/crowdfund/ETHCrowdfundBase.sol', 'ETHCrowdfundBase.minContribution')
 reader witnesses  -> 175
 storage exposures -> 1
[MV-SI candidate 0d3ae702a548d166735d] {_governanceValues, mintedVotingPower}
 writer root       -> sol-tests/crowdfund/InitialETHCrowdfund.t.sol::InitialETHCrowdfundTest.test_partyCardTokenURI_whileCrowdfundFinalized()
 writer effect     -> contracts/party/PartyGovernanceNFT.sol:186
 written member    -> ('SV', 'contracts/party/PartyGovernanceNFT.sol', 'PartyGovernanceNFT.mintedVotingPower')
 potentially stale -> ('SV', 'contracts/party/PartyGovernance.sol', 'PartyGovernance._governanceValues')
 reader witnesses  -> 594
 storage exposures -> 1
[MV-SI candidate 0d3d5644c708f663d046] {_governanceValues, mintedVotingPower}
 writer root       -> sol-tests/crowdfund/InitialETHCrowdfund.t.sol::InitialETHCrowdfundTest.test_sendFundingSplit_works()
 writer effect     -> contracts/party/PartyGovernanceNFT.sol:186
 written member    -> ('SV', 'contracts/party/PartyGovernanceNFT.sol', 'PartyGovernanceNFT.mintedVotingPower')
 potentially stale -> ('SV', 'contracts/party/PartyGovernance.sol', 'PartyGovernance._governanceValues')
 reader witnesses  -> 594
 storage exposures -> 1
[MV-SI candidate 0d3f64d42f0b7a565e0d] {_governanceValues, isAuthority[$sender]}
 writer root       -> sol-tests/crowdfund/InitialETHCrowdfund.t.sol::InitialETHCrowdfundTest.test_contribute_aboveMaxTotalContributionWhenWhenContributionBelowMinContributionAfterRefund()
 writer effect     -> contracts/party/PartyGovernanceNFT.sol:230
 written member    -> ('SV', 'contracts/party/PartyGovernance.sol', 'PartyGovernance._governanceValues')
 potentially stale -> ('MS', 'contracts/party/PartyGovernanceNFT.sol', 'PartyGovernanceNFT.isAuthority', '$sender')
 reader witnesses  -> 183
 storage exposures -> 1
[MV-SI candidate 0d6b030036b9c365b416] {_governanceValues, mintedVotingPower}
 writer root       -> sol-tests/crowdfund/InitialETHCrowdfund.t.sol::InitialETHCrowdfundTest.test_contribute_aboveMaxTotalContributionWhenWhenContributionBelowMinContributionAfterRefund()
 writer effect     -> contracts/party/PartyGovernanceNFT.sol:186
 written member    -> ('SV', 'contracts/party/PartyGovernanceNFT.sol', 'PartyGovernanceNFT.mintedVotingPower')
 potentially stale -> ('SV', 'contracts/party/PartyGovernance.sol', 'PartyGovernance._governanceValues')
 reader witnesses  -> 594
 storage exposures -> 1
[MV-SI candidate 0d8f31a4356e0b4e46b6] {minTotalContributions, totalContributions}
 writer root       -> sol-tests/crowdfund/ReraiseETHCrowdfund.t.sol::ReraiseETHCrowdfundTest.test_contribute_smallAmountWithFundingSplit()
 writer effect     -> contracts/crowdfund/ETHCrowdfundBase.sol:226
 written member    -> ('SV', 'contracts/crowdfund/ETHCrowdfundBase.sol', 'ETHCrowdfundBase.totalContributions')
 potentially stale -> ('SV', 'contracts/crowdfund/ETHCrowdfundBase.sol', 'ETHCrowdfundBase.minTotalContributions')
 reader witnesses  -> 118
 storage exposures -> 1
[MV-SI candidate 0dbfc0c32d060f199fb1] {minTotalContributions, totalContributions}
 writer root       -> sol-tests/crowdfund/ReraiseETHCrowdfund.t.sol::ReraiseETHCrowdfundTest.test_contribute_gatekeeperChecksSender()
 writer effect     -> contracts/crowdfund/ETHCrowdfundBase.sol:226
 written member    -> ('SV', 'contracts/crowdfund/ETHCrowdfundBase.sol', 'ETHCrowdfundBase.totalContributions')
 potentially stale -> ('SV', 'contracts/crowdfund/ETHCrowdfundBase.sol', 'ETHCrowdfundBase.minTotalContributions')
 reader witnesses  -> 118
 storage exposures -> 1
[MV-SI candidate 0dc59646c722913a74a9] {minTotalContributions, totalContributions}
 writer root       -> contracts/crowdfund/InitialETHCrowdfund.sol::InitialETHCrowdfund.contribute(address,bytes)
 writer effect     -> contracts/crowdfund/ETHCrowdfundBase.sol:212
 written member    -> ('SV', 'contracts/crowdfund/ETHCrowdfundBase.sol', 'ETHCrowdfundBase.totalContributions')
 potentially stale -> ('SV', 'contracts/crowdfund/ETHCrowdfundBase.sol', 'ETHCrowdfundBase.minTotalContributions')
 reader witnesses  -> 94
 storage exposures -> 1
[MV-SI candidate 0dd238c4f870e72ccffa] {_governanceValues, votingPowerByTokenId[$arg0]}
 writer root       -> contracts/crowdfund/ReraiseETHCrowdfund.sol::ReraiseETHCrowdfund.claim(address)
 writer effect     -> contracts/party/PartyGovernanceNFT.sol:219
 written member    -> ('MS', 'contracts/party/PartyGovernanceNFT.sol', 'PartyGovernanceNFT.votingPowerByTokenId', '$arg0')
 potentially stale -> ('SV', 'contracts/party/PartyGovernance.sol', 'PartyGovernance._governanceValues')
 reader witnesses  -> 891
 storage exposures -> 1
[MV-SI candidate 0de250cb24141bacdf8c] {exchangeRateBps, fundingSplitBps, maxTotalContributions, totalContributions}
 writer root       -> sol-tests/crowdfund/ReraiseETHCrowdfund.t.sol::ReraiseETHCrowdfundTest.test_batchClaim_works()
 writer effect     -> contracts/crowdfund/ETHCrowdfundBase.sol:226
 written member    -> ('SV', 'contracts/crowdfund/ETHCrowdfundBase.sol', 'ETHCrowdfundBase.totalContributions')
 potentially stale -> ('SV', 'contracts/crowdfund/ETHCrowdfundBase.sol', 'ETHCrowdfundBase.exchangeRateBps'), ('SV', 'contracts/crowdfund/ETHCrowdfundBase.sol', 'ETHCrowdfundBase.fundingSplitBps'), ('SV', 'contracts/crowdfund/ETHCrowdfundBase.sol', 'ETHCrowdfundBase.maxTotalContributions')
 reader witnesses  -> 2849
 storage exposures -> 1
[MV-SI candidate 0e0328ef7045d0987849] {_governanceValues, mintedVotingPower}
 writer root       -> sol-tests/crowdfund/ReraiseETHCrowdfund.t.sol::ReraiseETHCrowdfundTest.test_contribute_belowMinContribution()
 writer effect     -> contracts/party/PartyGovernanceNFT.sol:230
 written member    -> ('SV', 'contracts/party/PartyGovernance.sol', 'PartyGovernance._governanceValues')
 potentially stale -> ('SV', 'contracts/party/PartyGovernanceNFT.sol', 'PartyGovernanceNFT.mintedVotingPower')
 reader witnesses  -> 722
 storage exposures -> 1
[MV-SI candidate 0e04f0206227154be9c6] {maxTotalContributions, totalContributions}
 writer root       -> sol-tests/crowdfund/InitialETHCrowdfund.t.sol::InitialETHCrowdfundTest.test_partyCardTokenURI_whileCrowdfundFinalized()
 writer effect     -> contracts/crowdfund/ETHCrowdfundBase.sol:226
 written member    -> ('SV', 'contracts/crowdfund/ETHCrowdfundBase.sol', 'ETHCrowdfundBase.totalContributions')
 potentially stale -> ('SV', 'contracts/crowdfund/ETHCrowdfundBase.sol', 'ETHCrowdfundBase.maxTotalContributions')
 reader witnesses  -> 264
 storage exposures -> 1
[MV-SI candidate 0e44a8187f75120d16fb] {maxTotalContributions, minContribution, totalContributions}
 writer root       -> sol-tests/crowdfund/ReraiseETHCrowdfund.t.sol::ReraiseETHCrowdfundTest.test_batchClaim_works()
 writer effect     -> contracts/crowdfund/ETHCrowdfundBase.sol:226
 written member    -> ('SV', 'contracts/crowdfund/ETHCrowdfundBase.sol', 'ETHCrowdfundBase.totalContributions')
 potentially stale -> ('SV', 'contracts/crowdfund/ETHCrowdfundBase.sol', 'ETHCrowdfundBase.maxTotalContributions'), ('SV', 'contracts/crowdfund/ETHCrowdfundBase.sol', 'ETHCrowdfundBase.minContribution')
 reader witnesses  -> 220
 storage exposures -> 1
[MV-SI candidate 0e57c2a28606792b8ca2] {exchangeRateBps, fundingSplitBps, maxTotalContributions, totalContributions}
 writer root       -> sol-tests/crowdfund/InitialETHCrowdfund.t.sol::InitialETHCrowdfundTest.test_refund_twice()
 writer effect     -> contracts/crowdfund/ETHCrowdfundBase.sol:212
 written member    -> ('SV', 'contracts/crowdfund/ETHCrowdfundBase.sol', 'ETHCrowdfundBase.totalContributions')
 potentially stale -> ('SV', 'contracts/crowdfund/ETHCrowdfundBase.sol', 'ETHCrowdfundBase.exchangeRateBps'), ('SV', 'contracts/crowdfund/ETHCrowdfundBase.sol', 'ETHCrowdfundBase.fundingSplitBps'), ('SV', 'contracts/crowdfund/ETHCrowdfundBase.sol', 'ETHCrowdfundBase.maxTotalContributions')
 reader witnesses  -> 2219
 storage exposures -> 1
[MV-SI candidate 0e77906f034184373580] {minTotalContributions, totalContributions}
 writer root       -> sol-tests/crowdfund/ReraiseETHCrowdfund.t.sol::ReraiseETHCrowdfundTest.test_claimMultiple_cannotClaimMoreThanVotingPower()
 writer effect     -> contracts/crowdfund/ETHCrowdfundBase.sol:212
 written member    -> ('SV', 'contracts/crowdfund/ETHCrowdfundBase.sol', 'ETHCrowdfundBase.totalContributions')
 potentially stale -> ('SV', 'contracts/crowdfund/ETHCrowdfundBase.sol', 'ETHCrowdfundBase.minTotalContributions')
 reader witnesses  -> 118
 storage exposures -> 1
[MV-SI candidate 0e7e1ff02f71652c6eba] {minTotalContributions, totalContributions}
 writer root       -> sol-tests/crowdfund/InitialETHCrowdfund.t.sol::InitialETHCrowdfundTest.test_batchContribute_works()
 writer effect     -> contracts/crowdfund/ETHCrowdfundBase.sol:226
 written member    -> ('SV', 'contracts/crowdfund/ETHCrowdfundBase.sol', 'ETHCrowdfundBase.totalContributions')
 potentially stale -> ('SV', 'contracts/crowdfund/ETHCrowdfundBase.sol', 'ETHCrowdfundBase.minTotalContributions')
 reader witnesses  -> 94
 storage exposures -> 1
[MV-SI candidate 0ea46f76a331ac244d06] {_governanceValues, votingPowerByTokenId[$arg0]}
 writer root       -> sol-tests/crowdfund/ReraiseETHCrowdfund.t.sol::ReraiseETHCrowdfundTest.test_contributeFor_works()
 writer effect     -> contracts/party/PartyGovernanceNFT.sol:230
 written member    -> ('SV', 'contracts/party/PartyGovernance.sol', 'PartyGovernance._governanceValues')
 potentially stale -> ('MS', 'contracts/party/PartyGovernanceNFT.sol', 'PartyGovernanceNFT.votingPowerByTokenId', '$arg0')
 reader witnesses  -> 249
 storage exposures -> 1
[MV-SI candidate 0f15df49e7d28b106920] {maxTotalContributions, totalContributions}
 writer root       -> contracts/crowdfund/ReraiseETHCrowdfund.sol::ReraiseETHCrowdfund.contribute(address,bytes)
 writer effect     -> contracts/crowdfund/ETHCrowdfundBase.sol:226
 written member    -> ('SV', 'contracts/crowdfund/ETHCrowdfundBase.sol', 'ETHCrowdfundBase.totalContributions')
 potentially stale -> ('SV', 'contracts/crowdfund/ETHCrowdfundBase.sol', 'ETHCrowdfundBase.maxTotalContributions')
 reader witnesses  -> 324
 storage exposures -> 1
[MV-SI candidate 0f1f2b0508792dc82864] {maxTotalContributions, totalContributions}
 writer root       -> sol-tests/crowdfund/ReraiseETHCrowdfund.t.sol::ReraiseETHCrowdfundTest.test_initialization_cannotReinitialize()
 writer effect     -> contracts/crowdfund/ETHCrowdfundBase.sol:141
 written member    -> ('SV', 'contracts/crowdfund/ETHCrowdfundBase.sol', 'ETHCrowdfundBase.maxTotalContributions')
 potentially stale -> ('SV', 'contracts/crowdfund/ETHCrowdfundBase.sol', 'ETHCrowdfundBase.totalContributions')
 reader witnesses  -> 222
 storage exposures -> 1
[MV-SI candidate 0f27fb70e629cbff3df6] {exchangeRateBps, fundingSplitBps, maxTotalContributions, totalContributions}
 writer root       -> contracts/crowdfund/InitialETHCrowdfund.sol::InitialETHCrowdfund.initialize(InitialETHCrowdfund.InitialETHCrowdfundOptions,InitialETHCrowdfund.ETHPartyOptions)
 writer effect     -> contracts/crowdfund/ETHCrowdfundBase.sol:212
 written member    -> ('SV', 'contracts/crowdfund/ETHCrowdfundBase.sol', 'ETHCrowdfundBase.totalContributions')
 potentially stale -> ('SV', 'contracts/crowdfund/ETHCrowdfundBase.sol', 'ETHCrowdfundBase.exchangeRateBps'), ('SV', 'contracts/crowdfund/ETHCrowdfundBase.sol', 'ETHCrowdfundBase.fundingSplitBps'), ('SV', 'contracts/crowdfund/ETHCrowdfundBase.sol', 'ETHCrowdfundBase.maxTotalContributions')
 reader witnesses  -> 2219
 storage exposures -> 1
[MV-SI candidate 0f400db570a462611a1a] {maxTotalContributions, totalContributions}
 writer root       -> sol-tests/crowdfund/ReraiseETHCrowdfund.t.sol::ReraiseETHCrowdfundTest.test_sendFundingSplit_cannotSendTwice()
 writer effect     -> contracts/crowdfund/ETHCrowdfundBase.sol:226
 written member    -> ('SV', 'contracts/crowdfund/ETHCrowdfundBase.sol', 'ETHCrowdfundBase.totalContributions')
 potentially stale -> ('SV', 'contracts/crowdfund/ETHCrowdfundBase.sol', 'ETHCrowdfundBase.maxTotalContributions')
 reader witnesses  -> 324
 storage exposures -> 1
[MV-SI candidate 0f49dba9ce033aeff9f2] {maxTotalContributions, totalContributions}
 writer root       -> sol-tests/crowdfund/InitialETHCrowdfund.t.sol::InitialETHCrowdfundTest.test_refund_works()
 writer effect     -> contracts/crowdfund/ETHCrowdfundBase.sol:212
 written member    -> ('SV', 'contracts/crowdfund/ETHCrowdfundBase.sol', 'ETHCrowdfundBase.totalContributions')
 potentially stale -> ('SV', 'contracts/crowdfund/ETHCrowdfundBase.sol', 'ETHCrowdfundBase.maxTotalContributions')
 reader witnesses  -> 264
 storage exposures -> 1
[MV-SI candidate 0f574b288078780e85f7] {exchangeRateBps, fundingSplitBps, maxTotalContributions, totalContributions}
 writer root       -> sol-tests/crowdfund/InitialETHCrowdfund.t.sol::InitialETHCrowdfundTest.test_batchRefund_works()
 writer effect     -> contracts/crowdfund/ETHCrowdfundBase.sol:212
 written member    -> ('SV', 'contracts/crowdfund/ETHCrowdfundBase.sol', 'ETHCrowdfundBase.totalContributions')
 potentially stale -> ('SV', 'contracts/crowdfund/ETHCrowdfundBase.sol', 'ETHCrowdfundBase.exchangeRateBps'), ('SV', 'contracts/crowdfund/ETHCrowdfundBase.sol', 'ETHCrowdfundBase.fundingSplitBps'), ('SV', 'contracts/crowdfund/ETHCrowdfundBase.sol', 'ETHCrowdfundBase.maxTotalContributions')
 reader witnesses  -> 2219
 storage exposures -> 1
[MV-SI candidate 0fdf73ad3dfefccc1f09] {_governanceValues, mintedVotingPower}
 writer root       -> sol-tests/crowdfund/ReraiseETHCrowdfund.t.sol::ReraiseETHCrowdfundTest.test_batchRefund_works()
 writer effect     -> contracts/party/PartyGovernanceNFT.sol:230
 written member    -> ('SV', 'contracts/party/PartyGovernance.sol', 'PartyGovernance._governanceValues')
 potentially stale -> ('SV', 'contracts/party/PartyGovernanceNFT.sol', 'PartyGovernanceNFT.mintedVotingPower')
 reader witnesses  -> 722
 storage exposures -> 1
[MV-SI candidate 0ff0d4f1a6e3fc9a570e] {_governanceValues, mintedVotingPower}
 writer root       -> sol-tests/crowdfund/ReraiseETHCrowdfund.t.sol::ReraiseETHCrowdfundTest.test_contributeFor_doesNotUpdateExistingDelegation()
 writer effect     -> contracts/party/PartyGovernanceNFT.sol:230
 written member    -> ('SV', 'contracts/party/PartyGovernance.sol', 'PartyGovernance._governanceValues')
 potentially stale -> ('SV', 'contracts/party/PartyGovernanceNFT.sol', 'PartyGovernanceNFT.mintedVotingPower')
 reader witnesses  -> 722
 storage exposures -> 1
[MV-SI candidate 0ff109c6ed1f09082935] {_governanceValues, votingPowerByTokenId[$arg0]}
 writer root       -> sol-tests/party/PartyGovernanceNFT.t.sol::PartyGovernanceNFTTest.testRageQuit_cannotReenter()
 writer effect     -> contracts/party/PartyGovernanceNFT.sol:258
 written member    -> ('SV', 'contracts/party/PartyGovernance.sol', 'PartyGovernance._governanceValues')
 potentially stale -> ('MS', 'contracts/party/PartyGovernanceNFT.sol', 'PartyGovernanceNFT.votingPowerByTokenId', '$arg0')
 reader witnesses  -> 249
 storage exposures -> 1
[MV-SI candidate 0ffa6e5500fcabcc97e5] {exchangeRateBps, fundingSplitBps, maxTotalContributions, totalContributions}
 writer root       -> sol-tests/crowdfund/ReraiseETHCrowdfund.t.sol::ReraiseETHCrowdfundTest.test_refund_notLost()
 writer effect     -> contracts/crowdfund/ETHCrowdfundBase.sol:226
 written member    -> ('SV', 'contracts/crowdfund/ETHCrowdfundBase.sol', 'ETHCrowdfundBase.totalContributions')
 potentially stale -> ('SV', 'contracts/crowdfund/ETHCrowdfundBase.sol', 'ETHCrowdfundBase.exchangeRateBps'), ('SV', 'contracts/crowdfund/ETHCrowdfundBase.sol', 'ETHCrowdfundBase.fundingSplitBps'), ('SV', 'contracts/crowdfund/ETHCrowdfundBase.sol', 'ETHCrowdfundBase.maxTotalContributions')
 reader witnesses  -> 2849
 storage exposures -> 1
[MV-SI candidate 100ef403594157f850bc] {_governanceValues, isAuthority[$sender]}
 writer root       -> sol-tests/crowdfund/ReraiseETHCrowdfund.t.sol::ReraiseETHCrowdfundTest.test_claimMultiple_works()
 writer effect     -> contracts/party/PartyGovernanceNFT.sol:230
 written member    -> ('SV', 'contracts/party/PartyGovernance.sol', 'PartyGovernance._governanceValues')
 potentially stale -> ('MS', 'contracts/party/PartyGovernanceNFT.sol', 'PartyGovernanceNFT.isAuthority', '$sender')
 reader witnesses  -> 183
 storage exposures -> 1
[MV-SI candidate 108354137a934ed584ff] {maxTotalContributions, minContribution, totalContributions}
 writer root       -> sol-tests/crowdfund/InitialETHCrowdfund.t.sol::InitialETHCrowdfundTest.test_expiry_lost()
 writer effect     -> contracts/crowdfund/ETHCrowdfundBase.sol:212
 written member    -> ('SV', 'contracts/crowdfund/ETHCrowdfundBase.sol', 'ETHCrowdfundBase.totalContributions')
 potentially stale -> ('SV', 'contracts/crowdfund/ETHCrowdfundBase.sol', 'ETHCrowdfundBase.maxTotalContributions'), ('SV', 'contracts/crowdfund/ETHCrowdfundBase.sol', 'ETHCrowdfundBase.minContribution')
 reader witnesses  -> 175
 storage exposures -> 1
[MV-SI candidate 10c21004a71ae78db5df] {_governanceValues, isAuthority[$sender]}
 writer root       -> sol-tests/crowdfund/ReraiseETHCrowdfund.t.sol::ReraiseETHCrowdfundTest.test_finalize_onlyHostCanFinalizeEarlyWhenActive()
 writer effect     -> contracts/party/PartyGovernanceNFT.sol:230
 written member    -> ('SV', 'contracts/party/PartyGovernance.sol', 'PartyGovernance._governanceValues')
 potentially stale -> ('MS', 'contracts/party/PartyGovernanceNFT.sol', 'PartyGovernanceNFT.isAuthority', '$sender')
 reader witnesses  -> 183
 storage exposures -> 1
[MV-SI candidate 113a9db8cf72183a0039] {_governanceValues, votingPowerByTokenId[$arg0]}
 writer root       -> sol-tests/party/PartyGovernanceNFT.t.sol::PartyGovernanceNFTTest.testRageQuit()
 writer effect     -> contracts/party/PartyGovernanceNFT.sol:258
 written member    -> ('SV', 'contracts/party/PartyGovernance.sol', 'PartyGovernance._governanceValues')
 potentially stale -> ('MS', 'contracts/party/PartyGovernanceNFT.sol', 'PartyGovernanceNFT.votingPowerByTokenId', '$arg0')
 reader witnesses  -> 249
 storage exposures -> 1
[MV-SI candidate 115dd16573f153c87c26] {exchangeRateBps, fundingSplitBps, maxTotalContributions, totalContributions}
 writer root       -> sol-tests/crowdfund/ReraiseETHCrowdfund.t.sol::ReraiseETHCrowdfundTest.test_claim_mintNewCard()
 writer effect     -> contracts/crowdfund/ETHCrowdfundBase.sol:226
 written member    -> ('SV', 'contracts/crowdfund/ETHCrowdfundBase.sol', 'ETHCrowdfundBase.totalContributions')
 potentially stale -> ('SV', 'contracts/crowdfund/ETHCrowdfundBase.sol', 'ETHCrowdfundBase.exchangeRateBps'), ('SV', 'contracts/crowdfund/ETHCrowdfundBase.sol', 'ETHCrowdfundBase.fundingSplitBps'), ('SV', 'contracts/crowdfund/ETHCrowdfundBase.sol', 'ETHCrowdfundBase.maxTotalContributions')
 reader witnesses  -> 2849
 storage exposures -> 1
[MV-SI candidate 11936320e913284d89ac] {maxTotalContributions, minContribution, totalContributions}
 writer root       -> sol-tests/crowdfund/InitialETHCrowdfund.t.sol::InitialETHCrowdfundTest.test_refund_works()
 writer effect     -> contracts/crowdfund/ETHCrowdfundBase.sol:212
 written member    -> ('SV', 'contracts/crowdfund/ETHCrowdfundBase.sol', 'ETHCrowdfundBase.totalContributions')
 potentially stale -> ('SV', 'contracts/crowdfund/ETHCrowdfundBase.sol', 'ETHCrowdfundBase.maxTotalContributions'), ('SV', 'contracts/crowdfund/ETHCrowdfundBase.sol', 'ETHCrowdfundBase.minContribution')
 reader witnesses  -> 175
 storage exposures -> 1
[MV-SI candidate 11b4c75df2d60898b966] {exchangeRateBps, fundingSplitBps, maxTotalContributions, totalContributions}
 writer root       -> sol-tests/crowdfund/InitialETHCrowdfund.t.sol::InitialETHCrowdfundTest.test_expiry_won()
 writer effect     -> contracts/crowdfund/ETHCrowdfundBase.sol:212
 written member    -> ('SV', 'contracts/crowdfund/ETHCrowdfundBase.sol', 'ETHCrowdfundBase.totalContributions')
 potentially stale -> ('SV', 'contracts/crowdfund/ETHCrowdfundBase.sol', 'ETHCrowdfundBase.exchangeRateBps'), ('SV', 'contracts/crowdfund/ETHCrowdfundBase.sol', 'ETHCrowdfundBase.fundingSplitBps'), ('SV', 'contracts/crowdfund/ETHCrowdfundBase.sol', 'ETHCrowdfundBase.maxTotalContributions')
 reader witnesses  -> 2219
 storage exposures -> 1
[MV-SI candidate 11c5b1f84b628cfc270e] {maxTotalContributions, totalContributions}
 writer root       -> sol-tests/crowdfund/ReraiseETHCrowdfund.t.sol::ReraiseETHCrowdfundTest.test_contribute_gatekeeperChecksSender()
 writer effect     -> contracts/crowdfund/ETHCrowdfundBase.sol:212
 written member    -> ('SV', 'contracts/crowdfund/ETHCrowdfundBase.sol', 'ETHCrowdfundBase.totalContributions')
 potentially stale -> ('SV', 'contracts/crowdfund/ETHCrowdfundBase.sol', 'ETHCrowdfundBase.maxTotalContributions')
 reader witnesses  -> 324
 storage exposures -> 1
[MV-SI candidate 11e44aa152679c99802b] {_governanceValues, votingPowerByTokenId[$arg0]}
 writer root       -> sol-tests/crowdfund/InitialETHCrowdfund.t.sol::InitialETHCrowdfundTest.test_sendFundingSplit_cannotSendTwice()
 writer effect     -> contracts/party/PartyGovernanceNFT.sol:219
 written member    -> ('MS', 'contracts/party/PartyGovernanceNFT.sol', 'PartyGovernanceNFT.votingPowerByTokenId', '$arg0')
 potentially stale -> ('SV', 'contracts/party/PartyGovernance.sol', 'PartyGovernance._governanceValues')
 reader witnesses  -> 891
 storage exposures -> 1
[MV-SI candidate 1203cb631406560cc92c] {exchangeRateBps, fundingSplitBps, maxTotalContributions, totalContributions}
 writer root       -> contracts/crowdfund/InitialETHCrowdfund.sol::InitialETHCrowdfund.initialize(InitialETHCrowdfund.InitialETHCrowdfundOptions,InitialETHCrowdfund.ETHPartyOptions)
 writer effect     -> contracts/crowdfund/ETHCrowdfundBase.sol:150
 written member    -> ('SV', 'contracts/crowdfund/ETHCrowdfundBase.sol', 'ETHCrowdfundBase.fundingSplitBps')
 potentially stale -> ('SV', 'contracts/crowdfund/ETHCrowdfundBase.sol', 'ETHCrowdfundBase.exchangeRateBps'), ('SV', 'contracts/crowdfund/ETHCrowdfundBase.sol', 'ETHCrowdfundBase.maxTotalContributions'), ('SV', 'contracts/crowdfund/ETHCrowdfundBase.sol', 'ETHCrowdfundBase.totalContributions')
 reader witnesses  -> 2198
 storage exposures -> 1
[MV-SI candidate 120d73bc5fc6185412a6] {maxTotalContributions, minContribution, totalContributions}
 writer root       -> sol-tests/crowdfund/ReraiseETHCrowdfund.t.sol::ReraiseETHCrowdfundTest.test_sendFundingSplit_works()
 writer effect     -> contracts/crowdfund/ETHCrowdfundBase.sol:226
 written member    -> ('SV', 'contracts/crowdfund/ETHCrowdfundBase.sol', 'ETHCrowdfundBase.totalContributions')
 potentially stale -> ('SV', 'contracts/crowdfund/ETHCrowdfundBase.sol', 'ETHCrowdfundBase.maxTotalContributions'), ('SV', 'contracts/crowdfund/ETHCrowdfundBase.sol', 'ETHCrowdfundBase.minContribution')
 reader witnesses  -> 220
 storage exposures -> 1
[MV-SI candidate 122d9bb34325950e8144] {_governanceValues, votingPowerByTokenId[$arg0]}
 writer root       -> sol-tests/crowdfund/InitialETHCrowdfund.t.sol::InitialETHCrowdfundTest.test_contribute_belowMinContribution()
 writer effect     -> contracts/party/PartyGovernanceNFT.sol:230
 written member    -> ('SV', 'contracts/party/PartyGovernance.sol', 'PartyGovernance._governanceValues')
 potentially stale -> ('MS', 'contracts/party/PartyGovernanceNFT.sol', 'PartyGovernanceNFT.votingPowerByTokenId', '$arg0')
 reader witnesses  -> 249
 storage exposures -> 1
[MV-SI candidate 128b9f4d7660f1036f00] {maxTotalContributions, totalContributions}
 writer root       -> sol-tests/crowdfund/InitialETHCrowdfund.t.sol::InitialETHCrowdfundTest.test_partyCardTokenURI_whileCrowdfundWon()
 writer effect     -> contracts/crowdfund/ETHCrowdfundBase.sol:212
 written member    -> ('SV', 'contracts/crowdfund/ETHCrowdfundBase.sol', 'ETHCrowdfundBase.totalContributions')
 potentially stale -> ('SV', 'contracts/crowdfund/ETHCrowdfundBase.sol', 'ETHCrowdfundBase.maxTotalContributions')
 reader witnesses  -> 264
 storage exposures -> 1
[MV-SI candidate 128e7b0c63312a005347] {_governanceValues, mintedVotingPower}
 writer root       -> sol-tests/crowdfund/InitialETHCrowdfund.t.sol::InitialETHCrowdfundTest.test_contribute_noVotingPower()
 writer effect     -> contracts/party/PartyGovernanceNFT.sol:218
 written member    -> ('SV', 'contracts/party/PartyGovernanceNFT.sol', 'PartyGovernanceNFT.mintedVotingPower')
 potentially stale -> ('SV', 'contracts/party/PartyGovernance.sol', 'PartyGovernance._governanceValues')
 reader witnesses  -> 594
 storage exposures -> 1
[MV-SI candidate 12ec7ba4e7ce8e3cd977] {_governanceValues, mintedVotingPower}
 writer root       -> contracts/crowdfund/InitialETHCrowdfund.sol::InitialETHCrowdfund.contribute(uint256,address,bytes)
 writer effect     -> contracts/party/PartyGovernanceNFT.sol:218
 written member    -> ('SV', 'contracts/party/PartyGovernanceNFT.sol', 'PartyGovernanceNFT.mintedVotingPower')
 potentially stale -> ('SV', 'contracts/party/PartyGovernance.sol', 'PartyGovernance._governanceValues')
 reader witnesses  -> 594
 storage exposures -> 1
[MV-SI candidate 1373b4b10a9b6887ee7e] {_governanceValues, isAuthority[$sender]}
 writer root       -> sol-tests/crowdfund/InitialETHCrowdfund.t.sol::InitialETHCrowdfundTest.test_batchRefund_works()
 writer effect     -> contracts/party/PartyGovernanceNFT.sol:230
 written member    -> ('SV', 'contracts/party/PartyGovernance.sol', 'PartyGovernance._governanceValues')
 potentially stale -> ('MS', 'contracts/party/PartyGovernanceNFT.sol', 'PartyGovernanceNFT.isAuthority', '$sender')
 reader witnesses  -> 183
 storage exposures -> 1
[MV-SI candidate 1387da7675417e87987e] {maxTotalContributions, totalContributions}
 writer root       -> sol-tests/crowdfund/ReraiseETHCrowdfund.t.sol::ReraiseETHCrowdfundTest.test_crowdfundCardTokenURI_whileCrowdfundFinalized()
 writer effect     -> contracts/crowdfund/ETHCrowdfundBase.sol:226
 written member    -> ('SV', 'contracts/crowdfund/ETHCrowdfundBase.sol', 'ETHCrowdfundBase.totalContributions')
 potentially stale -> ('SV', 'contracts/crowdfund/ETHCrowdfundBase.sol', 'ETHCrowdfundBase.maxTotalContributions')
 reader witnesses  -> 324
 storage exposures -> 1
[MV-SI candidate 1389b4e418ca05916af8] {_governanceValues, mintedVotingPower}
 writer root       -> sol-tests/crowdfund/ReraiseETHCrowdfund.t.sol::ReraiseETHCrowdfundTest.test_crowdfundCardTokenURI_whileCrowdfundWon()
 writer effect     -> contracts/party/PartyGovernanceNFT.sol:230
 written member    -> ('SV', 'contracts/party/PartyGovernance.sol', 'PartyGovernance._governanceValues')
 potentially stale -> ('SV', 'contracts/party/PartyGovernanceNFT.sol', 'PartyGovernanceNFT.mintedVotingPower')
 reader witnesses  -> 722
 storage exposures -> 1
[MV-SI candidate 138e4ad5157b66802a40] {_governanceValues, votingPowerByTokenId[$arg0]}
 writer root       -> sol-tests/crowdfund/InitialETHCrowdfund.t.sol::InitialETHCrowdfundTest.test_batchContribute_works()
 writer effect     -> contracts/party/PartyGovernanceNFT.sol:219
 written member    -> ('MS', 'contracts/party/PartyGovernanceNFT.sol', 'PartyGovernanceNFT.votingPowerByTokenId', '$arg0')
 potentially stale -> ('SV', 'contracts/party/PartyGovernance.sol', 'PartyGovernance._governanceValues')
 reader witnesses  -> 891
 storage exposures -> 1
[MV-SI candidate 13b2d4e65ee70b9141e4] {minTotalContributions, totalContributions}
 writer root       -> sol-tests/crowdfund/ReraiseETHCrowdfund.t.sol::ReraiseETHCrowdfundTest.test_claim_mintNewCard_withDisableContributingForExistingCard()
 writer effect     -> contracts/crowdfund/ETHCrowdfundBase.sol:212
 written member    -> ('SV', 'contracts/crowdfund/ETHCrowdfundBase.sol', 'ETHCrowdfundBase.totalContributions')
 potentially stale -> ('SV', 'contracts/crowdfund/ETHCrowdfundBase.sol', 'ETHCrowdfundBase.minTotalContributions')
 reader witnesses  -> 118
 storage exposures -> 1
[MV-SI candidate 13ebedfcc230f7085c60] {maxTotalContributions, totalContributions}
 writer root       -> sol-tests/crowdfund/ReraiseETHCrowdfund.t.sol::ReraiseETHCrowdfundTest.test_sendFundingSplit_works()
 writer effect     -> contracts/crowdfund/ETHCrowdfundBase.sol:212
 written member    -> ('SV', 'contracts/crowdfund/ETHCrowdfundBase.sol', 'ETHCrowdfundBase.totalContributions')
 potentially stale -> ('SV', 'contracts/crowdfund/ETHCrowdfundBase.sol', 'ETHCrowdfundBase.maxTotalContributions')
 reader witnesses  -> 324
 storage exposures -> 1
[MV-SI candidate 140beceacbc0cbee1b47] {exchangeRateBps, fundingSplitBps, maxTotalContributions, totalContributions}
 writer root       -> sol-tests/crowdfund/InitialETHCrowdfund.t.sol::InitialETHCrowdfundTest.test_contribute_afterLost()
 writer effect     -> contracts/crowdfund/ETHCrowdfundBase.sol:226
 written member    -> ('SV', 'contracts/crowdfund/ETHCrowdfundBase.sol', 'ETHCrowdfundBase.totalContributions')
 potentially stale -> ('SV', 'contracts/crowdfund/ETHCrowdfundBase.sol', 'ETHCrowdfundBase.exchangeRateBps'), ('SV', 'contracts/crowdfund/ETHCrowdfundBase.sol', 'ETHCrowdfundBase.fundingSplitBps'), ('SV', 'contracts/crowdfund/ETHCrowdfundBase.sol', 'ETHCrowdfundBase.maxTotalContributions')
 reader witnesses  -> 2219
 storage exposures -> 1
[MV-SI candidate 14235673be8ee8339cbe] {_governanceValues, mintedVotingPower}
 writer root       -> sol-tests/crowdfund/InitialETHCrowdfund.t.sol::InitialETHCrowdfundTest.test_contribute_mintNewCard()
 writer effect     -> contracts/party/PartyGovernanceNFT.sol:230
 written member    -> ('SV', 'contracts/party/PartyGovernance.sol', 'PartyGovernance._governanceValues')
 potentially stale -> ('SV', 'contracts/party/PartyGovernanceNFT.sol', 'PartyGovernanceNFT.mintedVotingPower')
 reader witnesses  -> 722
 storage exposures -> 1
[MV-SI candidate 144c24ef3ee3ef348c72] {exchangeRateBps, fundingSplitBps, maxTotalContributions, totalContributions}
 writer root       -> sol-tests/crowdfund/ReraiseETHCrowdfund.t.sol::ReraiseETHCrowdfundTest.test_finalize_works()
 writer effect     -> contracts/crowdfund/ETHCrowdfundBase.sol:212
 written member    -> ('SV', 'contracts/crowdfund/ETHCrowdfundBase.sol', 'ETHCrowdfundBase.totalContributions')
 potentially stale -> ('SV', 'contracts/crowdfund/ETHCrowdfundBase.sol', 'ETHCrowdfundBase.exchangeRateBps'), ('SV', 'contracts/crowdfund/ETHCrowdfundBase.sol', 'ETHCrowdfundBase.fundingSplitBps'), ('SV', 'contracts/crowdfund/ETHCrowdfundBase.sol', 'ETHCrowdfundBase.maxTotalContributions')
 reader witnesses  -> 2849
 storage exposures -> 1
[MV-SI candidate 146bb83b7cfba9c3fd67] {minTotalContributions, totalContributions}
 writer root       -> sol-tests/crowdfund/ReraiseETHCrowdfund.t.sol::ReraiseETHCrowdfundTest.test_claimMultiple_works()
 writer effect     -> contracts/crowdfund/ETHCrowdfundBase.sol:226
 written member    -> ('SV', 'contracts/crowdfund/ETHCrowdfundBase.sol', 'ETHCrowdfundBase.totalContributions')
 potentially stale -> ('SV', 'contracts/crowdfund/ETHCrowdfundBase.sol', 'ETHCrowdfundBase.minTotalContributions')
 reader witnesses  -> 118
 storage exposures -> 1
[MV-SI candidate 1471cf039aae68e3355e] {_governanceValues, mintedVotingPower}
 writer root       -> sol-tests/crowdfund/InitialETHCrowdfund.t.sol::InitialETHCrowdfundTest.test_contribute_belowMinContribution()
 writer effect     -> contracts/party/PartyGovernanceNFT.sol:230
 written member    -> ('SV', 'contracts/party/PartyGovernance.sol', 'PartyGovernance._governanceValues')
 potentially stale -> ('SV', 'contracts/party/PartyGovernanceNFT.sol', 'PartyGovernanceNFT.mintedVotingPower')
 reader witnesses  -> 722
 storage exposures -> 1
[MV-SI candidate 147be5aefeeab3357832] {_governanceValues, mintedVotingPower}
 writer root       -> sol-tests/crowdfund/InitialETHCrowdfund.t.sol::InitialETHCrowdfundTest.test_contribute_afterLost()
 writer effect     -> contracts/party/PartyGovernanceNFT.sol:218
 written member    -> ('SV', 'contracts/party/PartyGovernanceNFT.sol', 'PartyGovernanceNFT.mintedVotingPower')
 potentially stale -> ('SV', 'contracts/party/PartyGovernance.sol', 'PartyGovernance._governanceValues')
 reader witnesses  -> 594
 storage exposures -> 1
[MV-SI candidate 14ae15d3b56aab35ab3a] {maxTotalContributions, totalContributions}
 writer root       -> sol-tests/crowdfund/ReraiseETHCrowdfund.t.sol::ReraiseETHCrowdfundTest.test_claimMultiple_works()
 writer effect     -> contracts/crowdfund/ETHCrowdfundBase.sol:212
 written member    -> ('SV', 'contracts/crowdfund/ETHCrowdfundBase.sol', 'ETHCrowdfundBase.totalContributions')
 potentially stale -> ('SV', 'contracts/crowdfund/ETHCrowdfundBase.sol', 'ETHCrowdfundBase.maxTotalContributions')
 reader witnesses  -> 324
 storage exposures -> 1
[MV-SI candidate 14dd8325098c8b87163a] {maxTotalContributions, totalContributions}
 writer root       -> sol-tests/crowdfund/InitialETHCrowdfund.t.sol::InitialETHCrowdfundTest.test_contribute_noVotingPower()
 writer effect     -> contracts/crowdfund/ETHCrowdfundBase.sol:226
 written member    -> ('SV', 'contracts/crowdfund/ETHCrowdfundBase.sol', 'ETHCrowdfundBase.totalContributions')
 potentially stale -> ('SV', 'contracts/crowdfund/ETHCrowdfundBase.sol', 'ETHCrowdfundBase.maxTotalContributions')
 reader witnesses  -> 264
 storage exposures -> 1
[MV-SI candidate 158fc755ba2f9dc2d1bf] {_governanceValues, mintedVotingPower}
 writer root       -> sol-tests/party/PartyGovernanceNFT.t.sol::PartyGovernanceNFTTest.testMint_cannotMintBeyondTotalVotingPower()
 writer effect     -> contracts/party/PartyGovernanceNFT.sol:186
 written member    -> ('SV', 'contracts/party/PartyGovernanceNFT.sol', 'PartyGovernanceNFT.mintedVotingPower')
 potentially stale -> ('SV', 'contracts/party/PartyGovernance.sol', 'PartyGovernance._governanceValues')
 reader witnesses  -> 594
 storage exposures -> 1
[MV-SI candidate 15cb0de6e9fd69ebac67] {exchangeRateBps, fundingSplitBps, maxTotalContributions, totalContributions}
 writer root       -> sol-tests/crowdfund/ReraiseETHCrowdfund.t.sol::ReraiseETHCrowdfundTest.test_claim_addVotingPowerToExistingCard()
 writer effect     -> contracts/crowdfund/ETHCrowdfundBase.sol:212
 written member    -> ('SV', 'contracts/crowdfund/ETHCrowdfundBase.sol', 'ETHCrowdfundBase.totalContributions')
 potentially stale -> ('SV', 'contracts/crowdfund/ETHCrowdfundBase.sol', 'ETHCrowdfundBase.exchangeRateBps'), ('SV', 'contracts/crowdfund/ETHCrowdfundBase.sol', 'ETHCrowdfundBase.fundingSplitBps'), ('SV', 'contracts/crowdfund/ETHCrowdfundBase.sol', 'ETHCrowdfundBase.maxTotalContributions')
 reader witnesses  -> 2849
 storage exposures -> 1
[MV-SI candidate 161ea45bae112fa2a223] {maxTotalContributions, minContribution, totalContributions}
 writer root       -> sol-tests/crowdfund/ReraiseETHCrowdfund.t.sol::ReraiseETHCrowdfundTest.test_claimMultiple_votingPowerOfCardAboveMax()
 writer effect     -> contracts/crowdfund/ETHCrowdfundBase.sol:226
 written member    -> ('SV', 'contracts/crowdfund/ETHCrowdfundBase.sol', 'ETHCrowdfundBase.totalContributions')
 potentially stale -> ('SV', 'contracts/crowdfund/ETHCrowdfundBase.sol', 'ETHCrowdfundBase.maxTotalContributions'), ('SV', 'contracts/crowdfund/ETHCrowdfundBase.sol', 'ETHCrowdfundBase.minContribution')
 reader witnesses  -> 220
 storage exposures -> 1
[MV-SI candidate 1620159235c4f8c99878] {_governanceValues, votingPowerByTokenId[$arg0]}
 writer root       -> sol-tests/crowdfund/InitialETHCrowdfund.t.sol::InitialETHCrowdfundTest.test_contribute_gatekeeperChecksSender()
 writer effect     -> contracts/party/PartyGovernanceNFT.sol:219
 written member    -> ('MS', 'contracts/party/PartyGovernanceNFT.sol', 'PartyGovernanceNFT.votingPowerByTokenId', '$arg0')
 potentially stale -> ('SV', 'contracts/party/PartyGovernance.sol', 'PartyGovernance._governanceValues')
 reader witnesses  -> 891
 storage exposures -> 1
[MV-SI candidate 164213604c5e162e6261] {minTotalContributions, totalContributions}
 writer root       -> sol-tests/crowdfund/InitialETHCrowdfund.t.sol::InitialETHCrowdfundTest.test_refund_works()
 writer effect     -> contracts/crowdfund/ETHCrowdfundBase.sol:226
 written member    -> ('SV', 'contracts/crowdfund/ETHCrowdfundBase.sol', 'ETHCrowdfundBase.totalContributions')
 potentially stale -> ('SV', 'contracts/crowdfund/ETHCrowdfundBase.sol', 'ETHCrowdfundBase.minTotalContributions')
 reader witnesses  -> 94
 storage exposures -> 1
[MV-SI candidate 1647a17b0a334de60a7e] {exchangeRateBps, fundingSplitBps, maxTotalContributions, totalContributions}
 writer root       -> sol-tests/crowdfund/ReraiseETHCrowdfund.t.sol::ReraiseETHCrowdfundTest.test_contribute_aboveMaxTotalContributionWhenWhenContributionBelowMinContributionAfterRefund()
 writer effect     -> contracts/crowdfund/ETHCrowdfundBase.sol:212
 written member    -> ('SV', 'contracts/crowdfund/ETHCrowdfundBase.sol', 'ETHCrowdfundBase.totalContributions')
 potentially stale -> ('SV', 'contracts/crowdfund/ETHCrowdfundBase.sol', 'ETHCrowdfundBase.exchangeRateBps'), ('SV', 'contracts/crowdfund/ETHCrowdfundBase.sol', 'ETHCrowdfundBase.fundingSplitBps'), ('SV', 'contracts/crowdfund/ETHCrowdfundBase.sol', 'ETHCrowdfundBase.maxTotalContributions')
 reader witnesses  -> 2849
 storage exposures -> 1
[MV-SI candidate 16c4aacc7318b479c8a1] {_governanceValues, isAuthority[$sender]}
 writer root       -> sol-tests/crowdfund/ReraiseETHCrowdfund.t.sol::ReraiseETHCrowdfundTest.test_claimMultiple_cannotClaimMoreThanVotingPower()
 writer effect     -> contracts/party/PartyGovernanceNFT.sol:230
 written member    -> ('SV', 'contracts/party/PartyGovernance.sol', 'PartyGovernance._governanceValues')
 potentially stale -> ('MS', 'contracts/party/PartyGovernanceNFT.sol', 'PartyGovernanceNFT.isAuthority', '$sender')
 reader witnesses  -> 183
 storage exposures -> 1
[MV-SI candidate 16c592e4057f9e3b92c2] {exchangeRateBps, fundingSplitBps, maxTotalContributions, totalContributions}
 writer root       -> sol-tests/crowdfund/InitialETHCrowdfund.t.sol::InitialETHCrowdfundTest.test_finalize_withFundingSplit()
 writer effect     -> contracts/crowdfund/ETHCrowdfundBase.sol:226
 written member    -> ('SV', 'contracts/crowdfund/ETHCrowdfundBase.sol', 'ETHCrowdfundBase.totalContributions')
 potentially stale -> ('SV', 'contracts/crowdfund/ETHCrowdfundBase.sol', 'ETHCrowdfundBase.exchangeRateBps'), ('SV', 'contracts/crowdfund/ETHCrowdfundBase.sol', 'ETHCrowdfundBase.fundingSplitBps'), ('SV', 'contracts/crowdfund/ETHCrowdfundBase.sol', 'ETHCrowdfundBase.maxTotalContributions')
 reader witnesses  -> 2219
 storage exposures -> 1
[MV-SI candidate 16d2146ba74c11a288fb] {maxTotalContributions, totalContributions}
 writer root       -> sol-tests/crowdfund/ReraiseETHCrowdfund.t.sol::ReraiseETHCrowdfundTest.test_claimMultiple_votingPowerOfCardBelowMin()
 writer effect     -> contracts/crowdfund/ETHCrowdfundBase.sol:212
 written member    -> ('SV', 'contracts/crowdfund/ETHCrowdfundBase.sol', 'ETHCrowdfundBase.totalContributions')
 potentially stale -> ('SV', 'contracts/crowdfund/ETHCrowdfundBase.sol', 'ETHCrowdfundBase.maxTotalContributions')
 reader witnesses  -> 324
 storage exposures -> 1
[MV-SI candidate 16d222f3b88f600a9326] {_governanceValues, mintedVotingPower}
 writer root       -> sol-tests/crowdfund/ReraiseETHCrowdfund.t.sol::ReraiseETHCrowdfundTest.test_batchContribute_works()
 writer effect     -> contracts/party/PartyGovernanceNFT.sol:230
 written member    -> ('SV', 'contracts/party/PartyGovernance.sol', 'PartyGovernance._governanceValues')
 potentially stale -> ('SV', 'contracts/party/PartyGovernanceNFT.sol', 'PartyGovernanceNFT.mintedVotingPower')
 reader witnesses  -> 722
 storage exposures -> 1
[MV-SI candidate 17992de0899be97e8ce3] {_governanceValues, mintedVotingPower}
 writer root       -> sol-tests/crowdfund/InitialETHCrowdfund.t.sol::InitialETHCrowdfundTest.test_sendFundingSplit_canOnlySendWhenFinalized()
 writer effect     -> contracts/party/PartyGovernanceNFT.sol:218
 written member    -> ('SV', 'contracts/party/PartyGovernanceNFT.sol', 'PartyGovernanceNFT.mintedVotingPower')
 potentially stale -> ('SV', 'contracts/party/PartyGovernance.sol', 'PartyGovernance._governanceValues')
 reader witnesses  -> 594
 storage exposures -> 1
[MV-SI candidate 182e63346e4cc869c96a] {minTotalContributions, totalContributions}
 writer root       -> sol-tests/crowdfund/InitialETHCrowdfund.t.sol::InitialETHCrowdfundTest.test_initialization_cannotReinitialize()
 writer effect     -> contracts/crowdfund/ETHCrowdfundBase.sol:133
 written member    -> ('SV', 'contracts/crowdfund/ETHCrowdfundBase.sol', 'ETHCrowdfundBase.minTotalContributions')
 potentially stale -> ('SV', 'contracts/crowdfund/ETHCrowdfundBase.sol', 'ETHCrowdfundBase.totalContributions')
 reader witnesses  -> 180
 storage exposures -> 1
[MV-SI candidate 184cf83e98e8a25982c1] {maxTotalContributions, totalContributions}
 writer root       -> sol-tests/crowdfund/InitialETHCrowdfund.t.sol::InitialETHCrowdfundTest.test_contribute_mintNewCard()
 writer effect     -> contracts/crowdfund/ETHCrowdfundBase.sol:212
 written member    -> ('SV', 'contracts/crowdfund/ETHCrowdfundBase.sol', 'ETHCrowdfundBase.totalContributions')
 potentially stale -> ('SV', 'contracts/crowdfund/ETHCrowdfundBase.sol', 'ETHCrowdfundBase.maxTotalContributions')
 reader witnesses  -> 264
 storage exposures -> 1
[MV-SI candidate 185e4223c9db08b13551] {minTotalContributions, totalContributions}
 writer root       -> sol-tests/crowdfund/InitialETHCrowdfund.t.sol::InitialETHCrowdfundTest.test_sendFundingSplit_canOnlySendWhenFinalized()
 writer effect     -> contracts/crowdfund/ETHCrowdfundBase.sol:226
 written member    -> ('SV', 'contracts/crowdfund/ETHCrowdfundBase.sol', 'ETHCrowdfundBase.totalContributions')
 potentially stale -> ('SV', 'contracts/crowdfund/ETHCrowdfundBase.sol', 'ETHCrowdfundBase.minTotalContributions')
 reader witnesses  -> 94
 storage exposures -> 1
[MV-SI candidate 18b0c7d98b6f35184770] {_governanceValues, isAuthority[$sender]}
 writer root       -> sol-tests/crowdfund/ReraiseETHCrowdfund.t.sol::ReraiseETHCrowdfundTest.test_finalize_belowMinTotalContributions()
 writer effect     -> contracts/party/PartyGovernanceNFT.sol:230
 written member    -> ('SV', 'contracts/party/PartyGovernance.sol', 'PartyGovernance._governanceValues')
 potentially stale -> ('MS', 'contracts/party/PartyGovernanceNFT.sol', 'PartyGovernanceNFT.isAuthority', '$sender')
 reader witnesses  -> 183
 storage exposures -> 1
[MV-SI candidate 18bba29fff492c5881ec] {exchangeRateBps, fundingSplitBps, maxTotalContributions, totalContributions}
 writer root       -> sol-tests/crowdfund/ReraiseETHCrowdfund.t.sol::ReraiseETHCrowdfundTest.test_crowdfundCardTokenURI_whileCrowdfundWon()
 writer effect     -> contracts/crowdfund/ETHCrowdfundBase.sol:226
 written member    -> ('SV', 'contracts/crowdfund/ETHCrowdfundBase.sol', 'ETHCrowdfundBase.totalContributions')
 potentially stale -> ('SV', 'contracts/crowdfund/ETHCrowdfundBase.sol', 'ETHCrowdfundBase.exchangeRateBps'), ('SV', 'contracts/crowdfund/ETHCrowdfundBase.sol', 'ETHCrowdfundBase.fundingSplitBps'), ('SV', 'contracts/crowdfund/ETHCrowdfundBase.sol', 'ETHCrowdfundBase.maxTotalContributions')
 reader witnesses  -> 2849
 storage exposures -> 1
[MV-SI candidate 18fb8f007025e65ea43d] {maxTotalContributions, minContribution, totalContributions}
 writer root       -> sol-tests/crowdfund/InitialETHCrowdfund.t.sol::InitialETHCrowdfundTest.test_contribute_noContribution()
 writer effect     -> contracts/crowdfund/ETHCrowdfundBase.sol:226
 written member    -> ('SV', 'contracts/crowdfund/ETHCrowdfundBase.sol', 'ETHCrowdfundBase.totalContributions')
 potentially stale -> ('SV', 'contracts/crowdfund/ETHCrowdfundBase.sol', 'ETHCrowdfundBase.maxTotalContributions'), ('SV', 'contracts/crowdfund/ETHCrowdfundBase.sol', 'ETHCrowdfundBase.minContribution')
 reader witnesses  -> 175
 storage exposures -> 1
[MV-SI candidate 1912878d6b4e543f691f] {maxTotalContributions, totalContributions}
 writer root       -> sol-tests/crowdfund/InitialETHCrowdfund.t.sol::InitialETHCrowdfundTest.test_batchRefund_works()
 writer effect     -> contracts/crowdfund/ETHCrowdfundBase.sol:212
 written member    -> ('SV', 'contracts/crowdfund/ETHCrowdfundBase.sol', 'ETHCrowdfundBase.totalContributions')
 potentially stale -> ('SV', 'contracts/crowdfund/ETHCrowdfundBase.sol', 'ETHCrowdfundBase.maxTotalContributions')
 reader witnesses  -> 264
 storage exposures -> 1
[MV-SI candidate 1926cea49dce88e48ab9] {maxTotalContributions, totalContributions}
 writer root       -> sol-tests/crowdfund/InitialETHCrowdfund.t.sol::InitialETHCrowdfundTest.test_contribute_gatekeeperChecksSender()
 writer effect     -> contracts/crowdfund/ETHCrowdfundBase.sol:212
 written member    -> ('SV', 'contracts/crowdfund/ETHCrowdfundBase.sol', 'ETHCrowdfundBase.totalContributions')
 potentially stale -> ('SV', 'contracts/crowdfund/ETHCrowdfundBase.sol', 'ETHCrowdfundBase.maxTotalContributions')
 reader witnesses  -> 264
 storage exposures -> 1
[MV-SI candidate 19344191a2e79d1ffa47] {minTotalContributions, totalContributions}
 writer root       -> sol-tests/crowdfund/ReraiseETHCrowdfund.t.sol::ReraiseETHCrowdfundTest.test_initialization_cannotReinitialize()
 writer effect     -> contracts/crowdfund/ETHCrowdfundBase.sol:226
 written member    -> ('SV', 'contracts/crowdfund/ETHCrowdfundBase.sol', 'ETHCrowdfundBase.totalContributions')
 potentially stale -> ('SV', 'contracts/crowdfund/ETHCrowdfundBase.sol', 'ETHCrowdfundBase.minTotalContributions')
 reader witnesses  -> 118
 storage exposures -> 1
[MV-SI candidate 198e8a64acb718d8259c] {_governanceValues, isAuthority[$sender]}
 writer root       -> sol-tests/crowdfund/InitialETHCrowdfund.t.sol::InitialETHCrowdfundTest.test_expiry_won()
 writer effect     -> contracts/party/PartyGovernanceNFT.sol:230
 written member    -> ('SV', 'contracts/party/PartyGovernance.sol', 'PartyGovernance._governanceValues')
 potentially stale -> ('MS', 'contracts/party/PartyGovernanceNFT.sol', 'PartyGovernanceNFT.isAuthority', '$sender')
 reader witnesses  -> 183
 storage exposures -> 1
[MV-SI candidate 19f1635a96da5a385f1b] {maxTotalContributions, minContribution, totalContributions}
 writer root       -> contracts/crowdfund/ReraiseETHCrowdfund.sol::ReraiseETHCrowdfund.batchContribute(ReraiseETHCrowdfund.BatchContributeArgs)
 writer effect     -> contracts/crowdfund/ETHCrowdfundBase.sol:226
 written member    -> ('SV', 'contracts/crowdfund/ETHCrowdfundBase.sol', 'ETHCrowdfundBase.totalContributions')
 potentially stale -> ('SV', 'contracts/crowdfund/ETHCrowdfundBase.sol', 'ETHCrowdfundBase.maxTotalContributions'), ('SV', 'contracts/crowdfund/ETHCrowdfundBase.sol', 'ETHCrowdfundBase.minContribution')
 reader witnesses  -> 220
 storage exposures -> 1
[MV-SI candidate 19f51468b1ce30aa87a3] {maxTotalContributions, totalContributions}
 writer root       -> contracts/crowdfund/ReraiseETHCrowdfund.sol::ReraiseETHCrowdfund.contributeFor(address,address,bytes)
 writer effect     -> contracts/crowdfund/ETHCrowdfundBase.sol:226
 written member    -> ('SV', 'contracts/crowdfund/ETHCrowdfundBase.sol', 'ETHCrowdfundBase.totalContributions')
 potentially stale -> ('SV', 'contracts/crowdfund/ETHCrowdfundBase.sol', 'ETHCrowdfundBase.maxTotalContributions')
 reader witnesses  -> 324
 storage exposures -> 1
[MV-SI candidate 1a10c01a6eacc6c51d76] {_governanceValues, mintedVotingPower}
 writer root       -> sol-tests/crowdfund/InitialETHCrowdfund.t.sol::InitialETHCrowdfundTest.test_fundingSplit_contributionAndRefund()
 writer effect     -> contracts/party/PartyGovernanceNFT.sol:186
 written member    -> ('SV', 'contracts/party/PartyGovernanceNFT.sol', 'PartyGovernanceNFT.mintedVotingPower')
 potentially stale -> ('SV', 'contracts/party/PartyGovernance.sol', 'PartyGovernance._governanceValues')
 reader witnesses  -> 594
 storage exposures -> 1
[MV-SI candidate 1a458813d7b4c65ff847] {maxTotalContributions, minContribution, totalContributions}
 writer root       -> sol-tests/crowdfund/ReraiseETHCrowdfund.t.sol::ReraiseETHCrowdfundTest.test_contribute_afterLost()
 writer effect     -> contracts/crowdfund/ETHCrowdfundBase.sol:226
 written member    -> ('SV', 'contracts/crowdfund/ETHCrowdfundBase.sol', 'ETHCrowdfundBase.totalContributions')
 potentially stale -> ('SV', 'contracts/crowdfund/ETHCrowdfundBase.sol', 'ETHCrowdfundBase.maxTotalContributions'), ('SV', 'contracts/crowdfund/ETHCrowdfundBase.sol', 'ETHCrowdfundBase.minContribution')
 reader witnesses  -> 220
 storage exposures -> 1
[MV-SI candidate 1a5b6a2de9c87914ea85] {minTotalContributions, totalContributions}
 writer root       -> sol-tests/crowdfund/ReraiseETHCrowdfund.t.sol::ReraiseETHCrowdfundTest.test_batchClaim_works()
 writer effect     -> contracts/crowdfund/ETHCrowdfundBase.sol:212
 written member    -> ('SV', 'contracts/crowdfund/ETHCrowdfundBase.sol', 'ETHCrowdfundBase.totalContributions')
 potentially stale -> ('SV', 'contracts/crowdfund/ETHCrowdfundBase.sol', 'ETHCrowdfundBase.minTotalContributions')
 reader witnesses  -> 118
 storage exposures -> 1
[MV-SI candidate 1a8fbb6b11219056a47f] {maxTotalContributions, minContribution, totalContributions}
 writer root       -> sol-tests/crowdfund/ReraiseETHCrowdfund.t.sol::ReraiseETHCrowdfundTest.test_finalize_works()
 writer effect     -> contracts/crowdfund/ETHCrowdfundBase.sol:212
 written member    -> ('SV', 'contracts/crowdfund/ETHCrowdfundBase.sol', 'ETHCrowdfundBase.totalContributions')
 potentially stale -> ('SV', 'contracts/crowdfund/ETHCrowdfundBase.sol', 'ETHCrowdfundBase.maxTotalContributions'), ('SV', 'contracts/crowdfund/ETHCrowdfundBase.sol', 'ETHCrowdfundBase.minContribution')
 reader witnesses  -> 220
 storage exposures -> 1
[MV-SI candidate 1af6df1141cd9114da36] {minTotalContributions, totalContributions}
 writer root       -> contracts/crowdfund/ReraiseETHCrowdfund.sol::ReraiseETHCrowdfund.contributeFor(address,address,bytes)
 writer effect     -> contracts/crowdfund/ETHCrowdfundBase.sol:226
 written member    -> ('SV', 'contracts/crowdfund/ETHCrowdfundBase.sol', 'ETHCrowdfundBase.totalContributions')
 potentially stale -> ('SV', 'contracts/crowdfund/ETHCrowdfundBase.sol', 'ETHCrowdfundBase.minTotalContributions')
 reader witnesses  -> 118
 storage exposures -> 1
[MV-SI candidate 1aff2a18f91b6acb3c2f] {maxTotalContributions, totalContributions}
 writer root       -> contracts/crowdfund/InitialETHCrowdfund.sol::InitialETHCrowdfund.contribute(address,bytes)
 writer effect     -> contracts/crowdfund/ETHCrowdfundBase.sol:226
 written member    -> ('SV', 'contracts/crowdfund/ETHCrowdfundBase.sol', 'ETHCrowdfundBase.totalContributions')
 potentially stale -> ('SV', 'contracts/crowdfund/ETHCrowdfundBase.sol', 'ETHCrowdfundBase.maxTotalContributions')
 reader witnesses  -> 264
 storage exposures -> 1
[MV-SI candidate 1b191c22da9abe155990] {_governanceValues, votingPowerByTokenId[$arg0]}
 writer root       -> sol-tests/crowdfund/ReraiseETHCrowdfund.t.sol::ReraiseETHCrowdfundTest.test_claim_addVotingPowerToExistingCard()
 writer effect     -> contracts/party/PartyGovernanceNFT.sol:230
 written member    -> ('SV', 'contracts/party/PartyGovernance.sol', 'PartyGovernance._governanceValues')
 potentially stale -> ('MS', 'contracts/party/PartyGovernanceNFT.sol', 'PartyGovernanceNFT.votingPowerByTokenId', '$arg0')
 reader witnesses  -> 249
 storage exposures -> 1
[MV-SI candidate 1b61adca7daa3f2d1608] {_governanceValues, mintedVotingPower}
 writer root       -> sol-tests/crowdfund/InitialETHCrowdfund.t.sol::InitialETHCrowdfundTest.test_batchRefund_works()
 writer effect     -> contracts/party/PartyGovernanceNFT.sol:186
 written member    -> ('SV', 'contracts/party/PartyGovernanceNFT.sol', 'PartyGovernanceNFT.mintedVotingPower')
 potentially stale -> ('SV', 'contracts/party/PartyGovernance.sol', 'PartyGovernance._governanceValues')
 reader witnesses  -> 594
 storage exposures -> 1
[MV-SI candidate 1be8377c8a39ae463b13] {_governanceValues, isAuthority[$sender]}
 writer root       -> sol-tests/crowdfund/ReraiseETHCrowdfund.t.sol::ReraiseETHCrowdfundTest.test_sendFundingSplit_works()
 writer effect     -> contracts/party/PartyGovernanceNFT.sol:230
 written member    -> ('SV', 'contracts/party/PartyGovernance.sol', 'PartyGovernance._governanceValues')
 potentially stale -> ('MS', 'contracts/party/PartyGovernanceNFT.sol', 'PartyGovernanceNFT.isAuthority', '$sender')
 reader witnesses  -> 183
 storage exposures -> 1
[MV-SI candidate 1c111084df8d488d7313] {_governanceValues, isAuthority[$sender]}
 writer root       -> sol-tests/crowdfund/InitialETHCrowdfund.t.sol::InitialETHCrowdfundTest.test_contribute_cannotDelegateToZeroAddress()
 writer effect     -> contracts/party/PartyGovernanceNFT.sol:230
 written member    -> ('SV', 'contracts/party/PartyGovernance.sol', 'PartyGovernance._governanceValues')
 potentially stale -> ('MS', 'contracts/party/PartyGovernanceNFT.sol', 'PartyGovernanceNFT.isAuthority', '$sender')
 reader witnesses  -> 183
 storage exposures -> 1
[MV-SI candidate 1c67c1fcbeb5ff0b8403] {_governanceValues, isAuthority[$sender]}
 writer root       -> contracts/crowdfund/ReraiseETHCrowdfund.sol::ReraiseETHCrowdfund.contributeFor(address,address,bytes)
 writer effect     -> contracts/party/PartyGovernanceNFT.sol:230
 written member    -> ('SV', 'contracts/party/PartyGovernance.sol', 'PartyGovernance._governanceValues')
 potentially stale -> ('MS', 'contracts/party/PartyGovernanceNFT.sol', 'PartyGovernanceNFT.isAuthority', '$sender')
 reader witnesses  -> 183
 storage exposures -> 1
[MV-SI candidate 1cb00614fd9fe26f680f] {exchangeRateBps, fundingSplitBps, maxTotalContributions, totalContributions}
 writer root       -> sol-tests/crowdfund/InitialETHCrowdfund.t.sol::InitialETHCrowdfundTest.test_contribute_belowMinContribution()
 writer effect     -> contracts/crowdfund/ETHCrowdfundBase.sol:212
 written member    -> ('SV', 'contracts/crowdfund/ETHCrowdfundBase.sol', 'ETHCrowdfundBase.totalContributions')
 potentially stale -> ('SV', 'contracts/crowdfund/ETHCrowdfundBase.sol', 'ETHCrowdfundBase.exchangeRateBps'), ('SV', 'contracts/crowdfund/ETHCrowdfundBase.sol', 'ETHCrowdfundBase.fundingSplitBps'), ('SV', 'contracts/crowdfund/ETHCrowdfundBase.sol', 'ETHCrowdfundBase.maxTotalContributions')
 reader witnesses  -> 2219
 storage exposures -> 1
[MV-SI candidate 1cc7be36a5c60f902c7a] {maxTotalContributions, totalContributions}
 writer root       -> sol-tests/crowdfund/ReraiseETHCrowdfund.t.sol::ReraiseETHCrowdfundTest.test_contribute_smallAmountWithFundingSplit()
 writer effect     -> contracts/crowdfund/ETHCrowdfundBase.sol:212
 written member    -> ('SV', 'contracts/crowdfund/ETHCrowdfundBase.sol', 'ETHCrowdfundBase.totalContributions')
 potentially stale -> ('SV', 'contracts/crowdfund/ETHCrowdfundBase.sol', 'ETHCrowdfundBase.maxTotalContributions')
 reader witnesses  -> 324
 storage exposures -> 1
[MV-SI candidate 1d1915521a58d575061a] {exchangeRateBps, fundingSplitBps, maxTotalContributions, totalContributions}
 writer root       -> sol-tests/crowdfund/InitialETHCrowdfund.t.sol::InitialETHCrowdfundTest.test_initialization_cannotReinitialize()
 writer effect     -> contracts/crowdfund/ETHCrowdfundBase.sol:226
 written member    -> ('SV', 'contracts/crowdfund/ETHCrowdfundBase.sol', 'ETHCrowdfundBase.totalContributions')
 potentially stale -> ('SV', 'contracts/crowdfund/ETHCrowdfundBase.sol', 'ETHCrowdfundBase.exchangeRateBps'), ('SV', 'contracts/crowdfund/ETHCrowdfundBase.sol', 'ETHCrowdfundBase.fundingSplitBps'), ('SV', 'contracts/crowdfund/ETHCrowdfundBase.sol', 'ETHCrowdfundBase.maxTotalContributions')
 reader witnesses  -> 2219
 storage exposures -> 1
[MV-SI candidate 1d857dbd6834a57712d2] {_governanceValues, isAuthority[$sender]}
 writer root       -> sol-tests/crowdfund/ReraiseETHCrowdfund.t.sol::ReraiseETHCrowdfundTest.test_expiry_won()
 writer effect     -> contracts/party/PartyGovernanceNFT.sol:230
 written member    -> ('SV', 'contracts/party/PartyGovernance.sol', 'PartyGovernance._governanceValues')
 potentially stale -> ('MS', 'contracts/party/PartyGovernanceNFT.sol', 'PartyGovernanceNFT.isAuthority', '$sender')
 reader witnesses  -> 183
 storage exposures -> 1
[MV-SI candidate 1d8c2614c10364392ed9] {minTotalContributions, totalContributions}
 writer root       -> sol-tests/crowdfund/ReraiseETHCrowdfund.t.sol::ReraiseETHCrowdfundTest.test_claim_mintNewCard_withDisableContributingForExistingCard()
 writer effect     -> contracts/crowdfund/ETHCrowdfundBase.sol:226
 written member    -> ('SV', 'contracts/crowdfund/ETHCrowdfundBase.sol', 'ETHCrowdfundBase.totalContributions')
 potentially stale -> ('SV', 'contracts/crowdfund/ETHCrowdfundBase.sol', 'ETHCrowdfundBase.minTotalContributions')
 reader witnesses  -> 118
 storage exposures -> 1
[MV-SI candidate 1dee4f73725400dedc98] {exchangeRateBps, fundingSplitBps, maxTotalContributions, totalContributions}
 writer root       -> sol-tests/crowdfund/InitialETHCrowdfund.t.sol::InitialETHCrowdfundTest.test_contribute_mintNewCard()
 writer effect     -> contracts/crowdfund/ETHCrowdfundBase.sol:212
 written member    -> ('SV', 'contracts/crowdfund/ETHCrowdfundBase.sol', 'ETHCrowdfundBase.totalContributions')
 potentially stale -> ('SV', 'contracts/crowdfund/ETHCrowdfundBase.sol', 'ETHCrowdfundBase.exchangeRateBps'), ('SV', 'contracts/crowdfund/ETHCrowdfundBase.sol', 'ETHCrowdfundBase.fundingSplitBps'), ('SV', 'contracts/crowdfund/ETHCrowdfundBase.sol', 'ETHCrowdfundBase.maxTotalContributions')
 reader witnesses  -> 2219
 storage exposures -> 1
[MV-SI candidate 1e04261a85badc76bdd1] {minTotalContributions, totalContributions}
 writer root       -> sol-tests/crowdfund/InitialETHCrowdfund.t.sol::InitialETHCrowdfundTest.test_contribute_belowMinContribution()
 writer effect     -> contracts/crowdfund/ETHCrowdfundBase.sol:226
 written member    -> ('SV', 'contracts/crowdfund/ETHCrowdfundBase.sol', 'ETHCrowdfundBase.totalContributions')
 potentially stale -> ('SV', 'contracts/crowdfund/ETHCrowdfundBase.sol', 'ETHCrowdfundBase.minTotalContributions')
 reader witnesses  -> 94
 storage exposures -> 1
[MV-SI candidate 1e06a1b2e681b7261837] {_governanceValues, votingPowerByTokenId[$arg0]}
 writer root       -> sol-tests/crowdfund/InitialETHCrowdfund.t.sol::InitialETHCrowdfundTest.test_refund_notLost()
 writer effect     -> contracts/party/PartyGovernanceNFT.sol:230
 written member    -> ('SV', 'contracts/party/PartyGovernance.sol', 'PartyGovernance._governanceValues')
 potentially stale -> ('MS', 'contracts/party/PartyGovernanceNFT.sol', 'PartyGovernanceNFT.votingPowerByTokenId', '$arg0')
 reader witnesses  -> 249
 storage exposures -> 1
[MV-SI candidate 1e0bc7828ebded7a105e] {maxTotalContributions, totalContributions}
 writer root       -> sol-tests/crowdfund/ReraiseETHCrowdfund.t.sol::ReraiseETHCrowdfundTest.test_batchRefund_works()
 writer effect     -> contracts/crowdfund/ETHCrowdfundBase.sol:212
 written member    -> ('SV', 'contracts/crowdfund/ETHCrowdfundBase.sol', 'ETHCrowdfundBase.totalContributions')
 potentially stale -> ('SV', 'contracts/crowdfund/ETHCrowdfundBase.sol', 'ETHCrowdfundBase.maxTotalContributions')
 reader witnesses  -> 324
 storage exposures -> 1
[MV-SI candidate 1e7a66335d336a63d465] {_governanceValues, mintedVotingPower}
 writer root       -> sol-tests/crowdfund/InitialETHCrowdfund.t.sol::InitialETHCrowdfundTest.test_contributeFor_works()
 writer effect     -> contracts/party/PartyGovernanceNFT.sol:186
 written member    -> ('SV', 'contracts/party/PartyGovernanceNFT.sol', 'PartyGovernanceNFT.mintedVotingPower')
 potentially stale -> ('SV', 'contracts/party/PartyGovernance.sol', 'PartyGovernance._governanceValues')
 reader witnesses  -> 594
 storage exposures -> 1
[MV-SI candidate 1f882d081e3d78f3d322] {maxTotalContributions, totalContributions}
 writer root       -> contracts/crowdfund/ReraiseETHCrowdfund.sol::ReraiseETHCrowdfund.contributeFor(address,address,bytes)
 writer effect     -> contracts/crowdfund/ETHCrowdfundBase.sol:212
 written member    -> ('SV', 'contracts/crowdfund/ETHCrowdfundBase.sol', 'ETHCrowdfundBase.totalContributions')
 potentially stale -> ('SV', 'contracts/crowdfund/ETHCrowdfundBase.sol', 'ETHCrowdfundBase.maxTotalContributions')
 reader witnesses  -> 324
 storage exposures -> 1
[MV-SI candidate 201d9a4bd116dca2c56b] {minTotalContributions, totalContributions}
 writer root       -> sol-tests/crowdfund/ReraiseETHCrowdfund.t.sol::ReraiseETHCrowdfundTest.test_expiry_won()
 writer effect     -> contracts/crowdfund/ETHCrowdfundBase.sol:226
 written member    -> ('SV', 'contracts/crowdfund/ETHCrowdfundBase.sol', 'ETHCrowdfundBase.totalContributions')
 potentially stale -> ('SV', 'contracts/crowdfund/ETHCrowdfundBase.sol', 'ETHCrowdfundBase.minTotalContributions')
 reader witnesses  -> 118
 storage exposures -> 1
[MV-SI candidate 205c556144c3f6aa16a1] {_governanceValues, isAuthority[$sender]}
 writer root       -> sol-tests/party/PartyGovernanceNFT.t.sol::PartyGovernanceNFTTest.testRageQuit_multiple()
 writer effect     -> contracts/party/PartyGovernanceNFT.sol:258
 written member    -> ('SV', 'contracts/party/PartyGovernance.sol', 'PartyGovernance._governanceValues')
 potentially stale -> ('MS', 'contracts/party/PartyGovernanceNFT.sol', 'PartyGovernanceNFT.isAuthority', '$sender')
 reader witnesses  -> 183
 storage exposures -> 1
[MV-SI candidate 20667104c61c4fcbb7d9] {minTotalContributions, totalContributions}
 writer root       -> contracts/crowdfund/InitialETHCrowdfund.sol::InitialETHCrowdfund.contributeFor(uint256,address,address,bytes)
 writer effect     -> contracts/crowdfund/ETHCrowdfundBase.sol:226
 written member    -> ('SV', 'contracts/crowdfund/ETHCrowdfundBase.sol', 'ETHCrowdfundBase.totalContributions')
 potentially stale -> ('SV', 'contracts/crowdfund/ETHCrowdfundBase.sol', 'ETHCrowdfundBase.minTotalContributions')
 reader witnesses  -> 94
 storage exposures -> 1
[MV-SI candidate 206f1f31a83b61a0252c] {maxTotalContributions, minContribution, totalContributions}
 writer root       -> sol-tests/crowdfund/ReraiseETHCrowdfund.t.sol::ReraiseETHCrowdfundTest.test_batchRefund_works()
 writer effect     -> contracts/crowdfund/ETHCrowdfundBase.sol:212
 written member    -> ('SV', 'contracts/crowdfund/ETHCrowdfundBase.sol', 'ETHCrowdfundBase.totalContributions')
 potentially stale -> ('SV', 'contracts/crowdfund/ETHCrowdfundBase.sol', 'ETHCrowdfundBase.maxTotalContributions'), ('SV', 'contracts/crowdfund/ETHCrowdfundBase.sol', 'ETHCrowdfundBase.minContribution')
 reader witnesses  -> 220
 storage exposures -> 1
[MV-SI candidate 20cf0fbdd9a5581f6e76] {maxTotalContributions, totalContributions}
 writer root       -> sol-tests/crowdfund/ReraiseETHCrowdfund.t.sol::ReraiseETHCrowdfundTest.test_claimMultiple_votingPowerOfCardBelowMin()
 writer effect     -> contracts/crowdfund/ETHCrowdfundBase.sol:226
 written member    -> ('SV', 'contracts/crowdfund/ETHCrowdfundBase.sol', 'ETHCrowdfundBase.totalContributions')
 potentially stale -> ('SV', 'contracts/crowdfund/ETHCrowdfundBase.sol', 'ETHCrowdfundBase.maxTotalContributions')
 reader witnesses  -> 324
 storage exposures -> 1
[MV-SI candidate 214e6e72fd24becd349d] {maxTotalContributions, minContribution, totalContributions}
 writer root       -> contracts/crowdfund/InitialETHCrowdfund.sol::InitialETHCrowdfund.initialize(InitialETHCrowdfund.InitialETHCrowdfundOptions,InitialETHCrowdfund.ETHPartyOptions)
 writer effect     -> contracts/crowdfund/ETHCrowdfundBase.sol:141
 written member    -> ('SV', 'contracts/crowdfund/ETHCrowdfundBase.sol', 'ETHCrowdfundBase.maxTotalContributions')
 potentially stale -> ('SV', 'contracts/crowdfund/ETHCrowdfundBase.sol', 'ETHCrowdfundBase.minContribution'), ('SV', 'contracts/crowdfund/ETHCrowdfundBase.sol', 'ETHCrowdfundBase.totalContributions')
 reader witnesses  -> 133
 storage exposures -> 1
[MV-SI candidate 216f751a11db92a68c58] {maxTotalContributions, minContribution, totalContributions}
 writer root       -> sol-tests/crowdfund/InitialETHCrowdfund.t.sol::InitialETHCrowdfundTest.test_finalize_anyoneCanFinalizeWhenExpired()
 writer effect     -> contracts/crowdfund/ETHCrowdfundBase.sol:212
 written member    -> ('SV', 'contracts/crowdfund/ETHCrowdfundBase.sol', 'ETHCrowdfundBase.totalContributions')
 potentially stale -> ('SV', 'contracts/crowdfund/ETHCrowdfundBase.sol', 'ETHCrowdfundBase.maxTotalContributions'), ('SV', 'contracts/crowdfund/ETHCrowdfundBase.sol', 'ETHCrowdfundBase.minContribution')
 reader witnesses  -> 175
 storage exposures -> 1
[MV-SI candidate 21c69f6c83194e63f763] {maxTotalContributions, minContribution, totalContributions}
 writer root       -> sol-tests/crowdfund/InitialETHCrowdfund.t.sol::InitialETHCrowdfundTest.test_finalize_belowMinTotalContributions()
 writer effect     -> contracts/crowdfund/ETHCrowdfundBase.sol:212
 written member    -> ('SV', 'contracts/crowdfund/ETHCrowdfundBase.sol', 'ETHCrowdfundBase.totalContributions')
 potentially stale -> ('SV', 'contracts/crowdfund/ETHCrowdfundBase.sol', 'ETHCrowdfundBase.maxTotalContributions'), ('SV', 'contracts/crowdfund/ETHCrowdfundBase.sol', 'ETHCrowdfundBase.minContribution')
 reader witnesses  -> 175
 storage exposures -> 1
[MV-SI candidate 21ef658f1ef8113f4be0] {_governanceValues, isAuthority[$sender]}
 writer root       -> sol-tests/crowdfund/ReraiseETHCrowdfund.t.sol::ReraiseETHCrowdfundTest.test_contribute_cannotDelegateToZeroAddress()
 writer effect     -> contracts/party/PartyGovernanceNFT.sol:230
 written member    -> ('SV', 'contracts/party/PartyGovernance.sol', 'PartyGovernance._governanceValues')
 potentially stale -> ('MS', 'contracts/party/PartyGovernanceNFT.sol', 'PartyGovernanceNFT.isAuthority', '$sender')
 reader witnesses  -> 183
 storage exposures -> 1
[MV-SI candidate 21f58248e729aa97e913] {maxTotalContributions, totalContributions}
 writer root       -> contracts/crowdfund/ReraiseETHCrowdfund.sol::ReraiseETHCrowdfund.initialize(ETHCrowdfundBase.ETHCrowdfundOptions)
 writer effect     -> contracts/crowdfund/ETHCrowdfundBase.sol:141
 written member    -> ('SV', 'contracts/crowdfund/ETHCrowdfundBase.sol', 'ETHCrowdfundBase.maxTotalContributions')
 potentially stale -> ('SV', 'contracts/crowdfund/ETHCrowdfundBase.sol', 'ETHCrowdfundBase.totalContributions')
 reader witnesses  -> 222
 storage exposures -> 1
[MV-SI candidate 220b6c3847c71f269e83] {_governanceValues, isAuthority[$sender]}
 writer root       -> sol-tests/crowdfund/InitialETHCrowdfund.t.sol::InitialETHCrowdfundTest.test_sendFundingSplit_cannotSendIfNoFundingSplit()
 writer effect     -> contracts/party/PartyGovernanceNFT.sol:230
 written member    -> ('SV', 'contracts/party/PartyGovernance.sol', 'PartyGovernance._governanceValues')
 potentially stale -> ('MS', 'contracts/party/PartyGovernanceNFT.sol', 'PartyGovernanceNFT.isAuthority', '$sender')
 reader witnesses  -> 183
 storage exposures -> 1
[MV-SI candidate 224b5363296ba30a6156] {minTotalContributions, totalContributions}
 writer root       -> sol-tests/crowdfund/ReraiseETHCrowdfund.t.sol::ReraiseETHCrowdfundTest.test_claimMultiple_votingPowerOfCardBelowMin()
 writer effect     -> contracts/crowdfund/ETHCrowdfundBase.sol:212
 written member    -> ('SV', 'contracts/crowdfund/ETHCrowdfundBase.sol', 'ETHCrowdfundBase.totalContributions')
 potentially stale -> ('SV', 'contracts/crowdfund/ETHCrowdfundBase.sol', 'ETHCrowdfundBase.minTotalContributions')
 reader witnesses  -> 118
 storage exposures -> 1
[MV-SI candidate 225feb6477f62caf0d8d] {maxTotalContributions, minContribution, totalContributions}
 writer root       -> sol-tests/crowdfund/ReraiseETHCrowdfund.t.sol::ReraiseETHCrowdfundTest.test_contribute_withFundingSplit()
 writer effect     -> contracts/crowdfund/ETHCrowdfundBase.sol:212
 written member    -> ('SV', 'contracts/crowdfund/ETHCrowdfundBase.sol', 'ETHCrowdfundBase.totalContributions')
 potentially stale -> ('SV', 'contracts/crowdfund/ETHCrowdfundBase.sol', 'ETHCrowdfundBase.maxTotalContributions'), ('SV', 'contracts/crowdfund/ETHCrowdfundBase.sol', 'ETHCrowdfundBase.minContribution')
 reader witnesses  -> 220
 storage exposures -> 1
[MV-SI candidate 2282c0f10f256a6e3704] {_governanceValues, isAuthority[$sender]}
 writer root       -> sol-tests/crowdfund/InitialETHCrowdfund.t.sol::InitialETHCrowdfundTest.test_contribute_addVotingPowerToExistingCard()
 writer effect     -> contracts/party/PartyGovernanceNFT.sol:230
 written member    -> ('SV', 'contracts/party/PartyGovernance.sol', 'PartyGovernance._governanceValues')
 potentially stale -> ('MS', 'contracts/party/PartyGovernanceNFT.sol', 'PartyGovernanceNFT.isAuthority', '$sender')
 reader witnesses  -> 183
 storage exposures -> 1
[MV-SI candidate 229ce5bd8ac62d2509e7] {_governanceValues, isAuthority[$sender]}
 writer root       -> sol-tests/crowdfund/ReraiseETHCrowdfund.t.sol::ReraiseETHCrowdfundTest.test_refund_works()
 writer effect     -> contracts/party/PartyGovernanceNFT.sol:230
 written member    -> ('SV', 'contracts/party/PartyGovernance.sol', 'PartyGovernance._governanceValues')
 potentially stale -> ('MS', 'contracts/party/PartyGovernanceNFT.sol', 'PartyGovernanceNFT.isAuthority', '$sender')
 reader witnesses  -> 183
 storage exposures -> 1
[MV-SI candidate 22ab90d9f08528042110] {minTotalContributions, totalContributions}
 writer root       -> sol-tests/crowdfund/ReraiseETHCrowdfund.t.sol::ReraiseETHCrowdfundTest.test_contribute_belowMinContribution()
 writer effect     -> contracts/crowdfund/ETHCrowdfundBase.sol:212
 written member    -> ('SV', 'contracts/crowdfund/ETHCrowdfundBase.sol', 'ETHCrowdfundBase.totalContributions')
 potentially stale -> ('SV', 'contracts/crowdfund/ETHCrowdfundBase.sol', 'ETHCrowdfundBase.minTotalContributions')
 reader witnesses  -> 118
 storage exposures -> 1
[MV-SI candidate 22c75f449d11cd35072f] {maxTotalContributions, minContribution, totalContributions}
 writer root       -> sol-tests/crowdfund/InitialETHCrowdfund.t.sol::InitialETHCrowdfundTest.test_contribute_mintNewCard()
 writer effect     -> contracts/crowdfund/ETHCrowdfundBase.sol:226
 written member    -> ('SV', 'contracts/crowdfund/ETHCrowdfundBase.sol', 'ETHCrowdfundBase.totalContributions')
 potentially stale -> ('SV', 'contracts/crowdfund/ETHCrowdfundBase.sol', 'ETHCrowdfundBase.maxTotalContributions'), ('SV', 'contracts/crowdfund/ETHCrowdfundBase.sol', 'ETHCrowdfundBase.minContribution')
 reader witnesses  -> 175
 storage exposures -> 1
[MV-SI candidate 230f8109a48a56cf0c3d] {maxTotalContributions, minContribution, totalContributions}
 writer root       -> sol-tests/crowdfund/ReraiseETHCrowdfund.t.sol::ReraiseETHCrowdfundTest.test_finalize_withFundingSplit()
 writer effect     -> contracts/crowdfund/ETHCrowdfundBase.sol:226
 written member    -> ('SV', 'contracts/crowdfund/ETHCrowdfundBase.sol', 'ETHCrowdfundBase.totalContributions')
 potentially stale -> ('SV', 'contracts/crowdfund/ETHCrowdfundBase.sol', 'ETHCrowdfundBase.maxTotalContributions'), ('SV', 'contracts/crowdfund/ETHCrowdfundBase.sol', 'ETHCrowdfundBase.minContribution')
 reader witnesses  -> 220
 storage exposures -> 1
[MV-SI candidate 2310f118d4e295c9edfb] {_governanceValues, mintedVotingPower}
 writer root       -> sol-tests/crowdfund/BuyCrowdfund.t.sol::BuyCrowdfundTest.testHappyPath()
 writer effect     -> contracts/party/PartyGovernanceNFT.sol:186
 written member    -> ('SV', 'contracts/party/PartyGovernanceNFT.sol', 'PartyGovernanceNFT.mintedVotingPower')
 potentially stale -> ('SV', 'contracts/party/PartyGovernance.sol', 'PartyGovernance._governanceValues')
 reader witnesses  -> 594
 storage exposures -> 1
[MV-SI candidate 233df50d15ce8691b451] {exchangeRateBps, fundingSplitBps, maxTotalContributions, totalContributions}
 writer root       -> sol-tests/crowdfund/ReraiseETHCrowdfund.t.sol::ReraiseETHCrowdfundTest.test_contribute_cannotDelegateToZeroAddress()
 writer effect     -> contracts/crowdfund/ETHCrowdfundBase.sol:212
 written member    -> ('SV', 'contracts/crowdfund/ETHCrowdfundBase.sol', 'ETHCrowdfundBase.totalContributions')
 potentially stale -> ('SV', 'contracts/crowdfund/ETHCrowdfundBase.sol', 'ETHCrowdfundBase.exchangeRateBps'), ('SV', 'contracts/crowdfund/ETHCrowdfundBase.sol', 'ETHCrowdfundBase.fundingSplitBps'), ('SV', 'contracts/crowdfund/ETHCrowdfundBase.sol', 'ETHCrowdfundBase.maxTotalContributions')
 reader witnesses  -> 2849
 storage exposures -> 1
[MV-SI candidate 2364663b03609bb73748] {_governanceValues, mintedVotingPower}
 writer root       -> sol-tests/crowdfund/InitialETHCrowdfund.t.sol::InitialETHCrowdfundTest.test_refund_notLost()
 writer effect     -> contracts/party/PartyGovernanceNFT.sol:258
 written member    -> ('SV', 'contracts/party/PartyGovernance.sol', 'PartyGovernance._governanceValues')
 potentially stale -> ('SV', 'contracts/party/PartyGovernanceNFT.sol', 'PartyGovernanceNFT.mintedVotingPower')
 reader witnesses  -> 722
 storage exposures -> 1
[MV-SI candidate 238e1728674453007af3] {_governanceValues, isAuthority[$sender]}
 writer root       -> sol-tests/crowdfund/InitialETHCrowdfund.t.sol::InitialETHCrowdfundTest.test_finalize_onlyHostCanFinalizeEarlyWhenActive()
 writer effect     -> contracts/party/PartyGovernanceNFT.sol:230
 written member    -> ('SV', 'contracts/party/PartyGovernance.sol', 'PartyGovernance._governanceValues')
 potentially stale -> ('MS', 'contracts/party/PartyGovernanceNFT.sol', 'PartyGovernanceNFT.isAuthority', '$sender')
 reader witnesses  -> 183
 storage exposures -> 1
[MV-SI candidate 23be0846d75df7f44adf] {exchangeRateBps, fundingSplitBps, maxTotalContributions, totalContributions}
 writer root       -> contracts/crowdfund/InitialETHCrowdfund.sol::InitialETHCrowdfund.contribute(uint256,address,bytes)
 writer effect     -> contracts/crowdfund/ETHCrowdfundBase.sol:212
 written member    -> ('SV', 'contracts/crowdfund/ETHCrowdfundBase.sol', 'ETHCrowdfundBase.totalContributions')
 potentially stale -> ('SV', 'contracts/crowdfund/ETHCrowdfundBase.sol', 'ETHCrowdfundBase.exchangeRateBps'), ('SV', 'contracts/crowdfund/ETHCrowdfundBase.sol', 'ETHCrowdfundBase.fundingSplitBps'), ('SV', 'contracts/crowdfund/ETHCrowdfundBase.sol', 'ETHCrowdfundBase.maxTotalContributions')
 reader witnesses  -> 2219
 storage exposures -> 1
[MV-SI candidate 23d1916e7a10a2a9c00d] {_governanceValues, isAuthority[$sender]}
 writer root       -> sol-tests/crowdfund/InitialETHCrowdfund.t.sol::InitialETHCrowdfundTest.test_contribute_noVotingPower()
 writer effect     -> contracts/party/PartyGovernanceNFT.sol:230
 written member    -> ('SV', 'contracts/party/PartyGovernance.sol', 'PartyGovernance._governanceValues')
 potentially stale -> ('MS', 'contracts/party/PartyGovernanceNFT.sol', 'PartyGovernanceNFT.isAuthority', '$sender')
 reader witnesses  -> 183
 storage exposures -> 1
[MV-SI candidate 243b3dc02057ac03f092] {maxTotalContributions, totalContributions}
 writer root       -> sol-tests/crowdfund/ReraiseETHCrowdfund.t.sol::ReraiseETHCrowdfundTest.test_finalize_anyoneCanFinalizeWhenExpired()
 writer effect     -> contracts/crowdfund/ETHCrowdfundBase.sol:212
 written member    -> ('SV', 'contracts/crowdfund/ETHCrowdfundBase.sol', 'ETHCrowdfundBase.totalContributions')
 potentially stale -> ('SV', 'contracts/crowdfund/ETHCrowdfundBase.sol', 'ETHCrowdfundBase.maxTotalContributions')
 reader witnesses  -> 324
 storage exposures -> 1
[MV-SI candidate 247fe5c69e3215e5c82c] {maxTotalContributions, minContribution, totalContributions}
 writer root       -> sol-tests/crowdfund/ReraiseETHCrowdfund.t.sol::ReraiseETHCrowdfundTest.test_expiry_lost()
 writer effect     -> contracts/crowdfund/ETHCrowdfundBase.sol:226
 written member    -> ('SV', 'contracts/crowdfund/ETHCrowdfundBase.sol', 'ETHCrowdfundBase.totalContributions')
 potentially stale -> ('SV', 'contracts/crowdfund/ETHCrowdfundBase.sol', 'ETHCrowdfundBase.maxTotalContributions'), ('SV', 'contracts/crowdfund/ETHCrowdfundBase.sol', 'ETHCrowdfundBase.minContribution')
 reader witnesses  -> 220
 storage exposures -> 1
[MV-SI candidate 24806448ace8a2d6e44d] {maxTotalContributions, totalContributions}
 writer root       -> sol-tests/crowdfund/InitialETHCrowdfund.t.sol::InitialETHCrowdfundTest.test_finalize_works()
 writer effect     -> contracts/crowdfund/ETHCrowdfundBase.sol:226
 written member    -> ('SV', 'contracts/crowdfund/ETHCrowdfundBase.sol', 'ETHCrowdfundBase.totalContributions')
 potentially stale -> ('SV', 'contracts/crowdfund/ETHCrowdfundBase.sol', 'ETHCrowdfundBase.maxTotalContributions')
 reader witnesses  -> 264
 storage exposures -> 1
[MV-SI candidate 248f4d69274b052a893c] {_governanceValues, mintedVotingPower}
 writer root       -> sol-tests/party/PartyGovernance.t.sol::PartyGovernanceTest.testVeto()
 writer effect     -> contracts/party/PartyGovernanceNFT.sol:186
 written member    -> ('SV', 'contracts/party/PartyGovernanceNFT.sol', 'PartyGovernanceNFT.mintedVotingPower')
 potentially stale -> ('SV', 'contracts/party/PartyGovernance.sol', 'PartyGovernance._governanceValues')
 reader witnesses  -> 594
 storage exposures -> 1
[MV-SI candidate 24a1f203ca3c7fed2ce1] {minTotalContributions, totalContributions}
 writer root       -> sol-tests/crowdfund/ReraiseETHCrowdfund.t.sol::ReraiseETHCrowdfundTest.test_contribute_aboveMaxContribution()
 writer effect     -> contracts/crowdfund/ETHCrowdfundBase.sol:212
 written member    -> ('SV', 'contracts/crowdfund/ETHCrowdfundBase.sol', 'ETHCrowdfundBase.totalContributions')
 potentially stale -> ('SV', 'contracts/crowdfund/ETHCrowdfundBase.sol', 'ETHCrowdfundBase.minTotalContributions')
 reader witnesses  -> 118
 storage exposures -> 1
[MV-SI candidate 24d0fee3d12824ba2114] {exchangeRateBps, fundingSplitBps, maxTotalContributions, totalContributions}
 writer root       -> sol-tests/crowdfund/InitialETHCrowdfund.t.sol::InitialETHCrowdfundTest.test_expiry_lost()
 writer effect     -> contracts/crowdfund/ETHCrowdfundBase.sol:226
 written member    -> ('SV', 'contracts/crowdfund/ETHCrowdfundBase.sol', 'ETHCrowdfundBase.totalContributions')
 potentially stale -> ('SV', 'contracts/crowdfund/ETHCrowdfundBase.sol', 'ETHCrowdfundBase.exchangeRateBps'), ('SV', 'contracts/crowdfund/ETHCrowdfundBase.sol', 'ETHCrowdfundBase.fundingSplitBps'), ('SV', 'contracts/crowdfund/ETHCrowdfundBase.sol', 'ETHCrowdfundBase.maxTotalContributions')
 reader witnesses  -> 2219
 storage exposures -> 1
[MV-SI candidate 24f9bb99caaccc720d84] {exchangeRateBps, fundingSplitBps, maxTotalContributions, totalContributions}
 writer root       -> sol-tests/crowdfund/InitialETHCrowdfund.t.sol::InitialETHCrowdfundTest.test_sendFundingSplit_canOnlySendWhenFinalized()
 writer effect     -> contracts/crowdfund/ETHCrowdfundBase.sol:226
 written member    -> ('SV', 'contracts/crowdfund/ETHCrowdfundBase.sol', 'ETHCrowdfundBase.totalContributions')
 potentially stale -> ('SV', 'contracts/crowdfund/ETHCrowdfundBase.sol', 'ETHCrowdfundBase.exchangeRateBps'), ('SV', 'contracts/crowdfund/ETHCrowdfundBase.sol', 'ETHCrowdfundBase.fundingSplitBps'), ('SV', 'contracts/crowdfund/ETHCrowdfundBase.sol', 'ETHCrowdfundBase.maxTotalContributions')
 reader witnesses  -> 2219
 storage exposures -> 1
[MV-SI candidate 25003adefe7a25a8bcb3] {maxTotalContributions, totalContributions}
 writer root       -> sol-tests/crowdfund/InitialETHCrowdfund.t.sol::InitialETHCrowdfundTest.test_sendFundingSplit_cannotSendTwice()
 writer effect     -> contracts/crowdfund/ETHCrowdfundBase.sol:226
 written member    -> ('SV', 'contracts/crowdfund/ETHCrowdfundBase.sol', 'ETHCrowdfundBase.totalContributions')
 potentially stale -> ('SV', 'contracts/crowdfund/ETHCrowdfundBase.sol', 'ETHCrowdfundBase.maxTotalContributions')
 reader witnesses  -> 264
 storage exposures -> 1
[MV-SI candidate 255159d97a6ad7d49ef9] {_governanceValues, isAuthority[$sender]}
 writer root       -> sol-tests/crowdfund/ReraiseETHCrowdfund.t.sol::ReraiseETHCrowdfundTest.test_contribute_works()
 writer effect     -> contracts/party/PartyGovernanceNFT.sol:230
 written member    -> ('SV', 'contracts/party/PartyGovernance.sol', 'PartyGovernance._governanceValues')
 potentially stale -> ('MS', 'contracts/party/PartyGovernanceNFT.sol', 'PartyGovernanceNFT.isAuthority', '$sender')
 reader witnesses  -> 183
 storage exposures -> 1
[MV-SI candidate 258133083338bdea2f6b] {minTotalContributions, totalContributions}
 writer root       -> sol-tests/crowdfund/InitialETHCrowdfund.t.sol::InitialETHCrowdfundTest.test_contribute_mintNewCard()
 writer effect     -> contracts/crowdfund/ETHCrowdfundBase.sol:226
 written member    -> ('SV', 'contracts/crowdfund/ETHCrowdfundBase.sol', 'ETHCrowdfundBase.totalContributions')
 potentially stale -> ('SV', 'contracts/crowdfund/ETHCrowdfundBase.sol', 'ETHCrowdfundBase.minTotalContributions')
 reader witnesses  -> 94
 storage exposures -> 1
[MV-SI candidate 259e2a1ced71f9b50040] {_governanceValues, mintedVotingPower}
 writer root       -> sol-tests/party/PartyGovernanceNFT.t.sol::PartyGovernanceNFTTest.testRageQuit_disableRageQuit()
 writer effect     -> contracts/party/PartyGovernanceNFT.sol:258
 written member    -> ('SV', 'contracts/party/PartyGovernance.sol', 'PartyGovernance._governanceValues')
 potentially stale -> ('SV', 'contracts/party/PartyGovernanceNFT.sol', 'PartyGovernanceNFT.mintedVotingPower')
 reader witnesses  -> 722
 storage exposures -> 1
[MV-SI candidate 25d39d9892f18e40e65d] {maxTotalContributions, minContribution, totalContributions}
 writer root       -> sol-tests/crowdfund/ReraiseETHCrowdfund.t.sol::ReraiseETHCrowdfundTest.test_claimMultiple_votingPowerOfCardBelowMin()
 writer effect     -> contracts/crowdfund/ETHCrowdfundBase.sol:226
 written member    -> ('SV', 'contracts/crowdfund/ETHCrowdfundBase.sol', 'ETHCrowdfundBase.totalContributions')
 potentially stale -> ('SV', 'contracts/crowdfund/ETHCrowdfundBase.sol', 'ETHCrowdfundBase.maxTotalContributions'), ('SV', 'contracts/crowdfund/ETHCrowdfundBase.sol', 'ETHCrowdfundBase.minContribution')
 reader witnesses  -> 220
 storage exposures -> 1
[MV-SI candidate 25ed0476271bf95924e7] {_governanceValues, mintedVotingPower}
 writer root       -> sol-tests/crowdfund/InitialETHCrowdfund.t.sol::InitialETHCrowdfundTest.test_contribute_withFundingSplit()
 writer effect     -> contracts/party/PartyGovernanceNFT.sol:186
 written member    -> ('SV', 'contracts/party/PartyGovernanceNFT.sol', 'PartyGovernanceNFT.mintedVotingPower')
 potentially stale -> ('SV', 'contracts/party/PartyGovernance.sol', 'PartyGovernance._governanceValues')
 reader witnesses  -> 594
 storage exposures -> 1
[MV-SI candidate 263cbcb12993bf53735a] {_governanceValues, votingPowerByTokenId[$arg0]}
 writer root       -> sol-tests/crowdfund/InitialETHCrowdfund.t.sol::InitialETHCrowdfundTest.test_partyCardTokenURI_whileCrowdfundFinalized()
 writer effect     -> contracts/party/PartyGovernanceNFT.sol:219
 written member    -> ('MS', 'contracts/party/PartyGovernanceNFT.sol', 'PartyGovernanceNFT.votingPowerByTokenId', '$arg0')
 potentially stale -> ('SV', 'contracts/party/PartyGovernance.sol', 'PartyGovernance._governanceValues')
 reader witnesses  -> 891
 storage exposures -> 1
[MV-SI candidate 263cfd2a9b3b56587cb7] {_governanceValues, votingPowerByTokenId[$arg0]}
 writer root       -> sol-tests/crowdfund/ReraiseETHCrowdfund.t.sol::ReraiseETHCrowdfundTest.test_batchClaimMultiple_works()
 writer effect     -> contracts/party/PartyGovernanceNFT.sol:230
 written member    -> ('SV', 'contracts/party/PartyGovernance.sol', 'PartyGovernance._governanceValues')
 potentially stale -> ('MS', 'contracts/party/PartyGovernanceNFT.sol', 'PartyGovernanceNFT.votingPowerByTokenId', '$arg0')
 reader witnesses  -> 249
 storage exposures -> 1
[MV-SI candidate 2673d10990b7be368d78] {minTotalContributions, totalContributions}
 writer root       -> sol-tests/crowdfund/ReraiseETHCrowdfund.t.sol::ReraiseETHCrowdfundTest.test_contribute_afterLost()
 writer effect     -> contracts/crowdfund/ETHCrowdfundBase.sol:212
 written member    -> ('SV', 'contracts/crowdfund/ETHCrowdfundBase.sol', 'ETHCrowdfundBase.totalContributions')
 potentially stale -> ('SV', 'contracts/crowdfund/ETHCrowdfundBase.sol', 'ETHCrowdfundBase.minTotalContributions')
 reader witnesses  -> 118
 storage exposures -> 1
[MV-SI candidate 267a8b5bd529e2ddaa39] {exchangeRateBps, fundingSplitBps, maxTotalContributions, totalContributions}
 writer root       -> sol-tests/crowdfund/ReraiseETHCrowdfund.t.sol::ReraiseETHCrowdfundTest.test_claim_mintNewCard_withDisableContributingForExistingCard()
 writer effect     -> contracts/crowdfund/ETHCrowdfundBase.sol:212
 written member    -> ('SV', 'contracts/crowdfund/ETHCrowdfundBase.sol', 'ETHCrowdfundBase.totalContributions')
 potentially stale -> ('SV', 'contracts/crowdfund/ETHCrowdfundBase.sol', 'ETHCrowdfundBase.exchangeRateBps'), ('SV', 'contracts/crowdfund/ETHCrowdfundBase.sol', 'ETHCrowdfundBase.fundingSplitBps'), ('SV', 'contracts/crowdfund/ETHCrowdfundBase.sol', 'ETHCrowdfundBase.maxTotalContributions')
 reader witnesses  -> 2849
 storage exposures -> 1
[MV-SI candidate 26a6d5edb014e0e21c2d] {minTotalContributions, totalContributions}
 writer root       -> sol-tests/crowdfund/ReraiseETHCrowdfund.t.sol::ReraiseETHCrowdfundTest.test_expiry_lost()
 writer effect     -> contracts/crowdfund/ETHCrowdfundBase.sol:226
 written member    -> ('SV', 'contracts/crowdfund/ETHCrowdfundBase.sol', 'ETHCrowdfundBase.totalContributions')
 potentially stale -> ('SV', 'contracts/crowdfund/ETHCrowdfundBase.sol', 'ETHCrowdfundBase.minTotalContributions')
 reader witnesses  -> 118
 storage exposures -> 1
[MV-SI candidate 26a7072fb82aab81265d] {minTotalContributions, totalContributions}
 writer root       -> sol-tests/crowdfund/InitialETHCrowdfund.t.sol::InitialETHCrowdfundTest.test_contributeFor_works()
 writer effect     -> contracts/crowdfund/ETHCrowdfundBase.sol:226
 written member    -> ('SV', 'contracts/crowdfund/ETHCrowdfundBase.sol', 'ETHCrowdfundBase.totalContributions')
 potentially stale -> ('SV', 'contracts/crowdfund/ETHCrowdfundBase.sol', 'ETHCrowdfundBase.minTotalContributions')
 reader witnesses  -> 94
 storage exposures -> 1
[MV-SI candidate 27599ee6d78dd00ab63c] {minTotalContributions, totalContributions}
 writer root       -> sol-tests/crowdfund/InitialETHCrowdfund.t.sol::InitialETHCrowdfundTest.test_finalize_belowMinTotalContributions()
 writer effect     -> contracts/crowdfund/ETHCrowdfundBase.sol:226
 written member    -> ('SV', 'contracts/crowdfund/ETHCrowdfundBase.sol', 'ETHCrowdfundBase.totalContributions')
 potentially stale -> ('SV', 'contracts/crowdfund/ETHCrowdfundBase.sol', 'ETHCrowdfundBase.minTotalContributions')
 reader witnesses  -> 94
 storage exposures -> 1
[MV-SI candidate 275a0baa5c3c345fbfd0] {_governanceValues, mintedVotingPower}
 writer root       -> sol-tests/crowdfund/InitialETHCrowdfund.t.sol::InitialETHCrowdfundTest.test_contribute_afterLost()
 writer effect     -> contracts/party/PartyGovernanceNFT.sol:230
 written member    -> ('SV', 'contracts/party/PartyGovernance.sol', 'PartyGovernance._governanceValues')
 potentially stale -> ('SV', 'contracts/party/PartyGovernanceNFT.sol', 'PartyGovernanceNFT.mintedVotingPower')
 reader witnesses  -> 722
 storage exposures -> 1
[MV-SI candidate 2790cfd73dffbee8e7ed] {_governanceValues, votingPowerByTokenId[$arg0]}
 writer root       -> sol-tests/crowdfund/InitialETHCrowdfund.t.sol::InitialETHCrowdfundTest.test_sendFundingSplit_canOnlySendWhenFinalized()
 writer effect     -> contracts/party/PartyGovernanceNFT.sol:219
 written member    -> ('MS', 'contracts/party/PartyGovernanceNFT.sol', 'PartyGovernanceNFT.votingPowerByTokenId', '$arg0')
 potentially stale -> ('SV', 'contracts/party/PartyGovernance.sol', 'PartyGovernance._governanceValues')
 reader witnesses  -> 891
 storage exposures -> 1
[MV-SI candidate 279775e6159ae81ed47f] {maxTotalContributions, minContribution, totalContributions}
 writer root       -> sol-tests/crowdfund/ReraiseETHCrowdfund.t.sol::ReraiseETHCrowdfundTest.test_finalize_works()
 writer effect     -> contracts/crowdfund/ETHCrowdfundBase.sol:226
 written member    -> ('SV', 'contracts/crowdfund/ETHCrowdfundBase.sol', 'ETHCrowdfundBase.totalContributions')
 potentially stale -> ('SV', 'contracts/crowdfund/ETHCrowdfundBase.sol', 'ETHCrowdfundBase.maxTotalContributions'), ('SV', 'contracts/crowdfund/ETHCrowdfundBase.sol', 'ETHCrowdfundBase.minContribution')
 reader witnesses  -> 220
 storage exposures -> 1
[MV-SI candidate 27e6638c0461b4dcf770] {_governanceValues, votingPowerByTokenId[$arg0]}
 writer root       -> sol-tests/crowdfund/ReraiseETHCrowdfund.t.sol::ReraiseETHCrowdfundTest.test_refund_notLost()
 writer effect     -> contracts/party/PartyGovernanceNFT.sol:230
 written member    -> ('SV', 'contracts/party/PartyGovernance.sol', 'PartyGovernance._governanceValues')
 potentially stale -> ('MS', 'contracts/party/PartyGovernanceNFT.sol', 'PartyGovernanceNFT.votingPowerByTokenId', '$arg0')
 reader witnesses  -> 249
 storage exposures -> 1
[MV-SI candidate 281fcf36515b3c7388b7] {maxTotalContributions, totalContributions}
 writer root       -> sol-tests/crowdfund/ReraiseETHCrowdfund.t.sol::ReraiseETHCrowdfundTest.test_sendFundingSplit_cannotSendTwice()
 writer effect     -> contracts/crowdfund/ETHCrowdfundBase.sol:212
 written member    -> ('SV', 'contracts/crowdfund/ETHCrowdfundBase.sol', 'ETHCrowdfundBase.totalContributions')
 potentially stale -> ('SV', 'contracts/crowdfund/ETHCrowdfundBase.sol', 'ETHCrowdfundBase.maxTotalContributions')
 reader witnesses  -> 324
 storage exposures -> 1
[MV-SI candidate 2841055f7ecf8f596bf4] {_governanceValues, isAuthority[$sender]}
 writer root       -> sol-tests/crowdfund/ReraiseETHCrowdfund.t.sol::ReraiseETHCrowdfundTest.test_finalize_works()
 writer effect     -> contracts/party/PartyGovernanceNFT.sol:230
 written member    -> ('SV', 'contracts/party/PartyGovernance.sol', 'PartyGovernance._governanceValues')
 potentially stale -> ('MS', 'contracts/party/PartyGovernanceNFT.sol', 'PartyGovernanceNFT.isAuthority', '$sender')
 reader witnesses  -> 183
 storage exposures -> 1
[MV-SI candidate 288b4f2cec962323ec52] {maxTotalContributions, minContribution, totalContributions}
 writer root       -> sol-tests/crowdfund/InitialETHCrowdfund.t.sol::InitialETHCrowdfundTest.test_partyCardTokenURI_whileCrowdfundLost()
 writer effect     -> contracts/crowdfund/ETHCrowdfundBase.sol:226
 written member    -> ('SV', 'contracts/crowdfund/ETHCrowdfundBase.sol', 'ETHCrowdfundBase.totalContributions')
 potentially stale -> ('SV', 'contracts/crowdfund/ETHCrowdfundBase.sol', 'ETHCrowdfundBase.maxTotalContributions'), ('SV', 'contracts/crowdfund/ETHCrowdfundBase.sol', 'ETHCrowdfundBase.minContribution')
 reader witnesses  -> 175
 storage exposures -> 1
[MV-SI candidate 28d2c93e8791042f49f0] {maxTotalContributions, totalContributions}
 writer root       -> sol-tests/crowdfund/ReraiseETHCrowdfund.t.sol::ReraiseETHCrowdfundTest.test_sendFundingSplit_cannotSendIfNoFundingSplit()
 writer effect     -> contracts/crowdfund/ETHCrowdfundBase.sol:226
 written member    -> ('SV', 'contracts/crowdfund/ETHCrowdfundBase.sol', 'ETHCrowdfundBase.totalContributions')
 potentially stale -> ('SV', 'contracts/crowdfund/ETHCrowdfundBase.sol', 'ETHCrowdfundBase.maxTotalContributions')
 reader witnesses  -> 324
 storage exposures -> 1
[MV-SI candidate 28e732df817c4b5bb41a] {exchangeRateBps, fundingSplitBps, maxTotalContributions, totalContributions}
 writer root       -> sol-tests/crowdfund/InitialETHCrowdfund.t.sol::InitialETHCrowdfundTest.test_contribute_mintNewCard_withDisableContributingForExistingCard()
 writer effect     -> contracts/crowdfund/ETHCrowdfundBase.sol:212
 written member    -> ('SV', 'contracts/crowdfund/ETHCrowdfundBase.sol', 'ETHCrowdfundBase.totalContributions')
 potentially stale -> ('SV', 'contracts/crowdfund/ETHCrowdfundBase.sol', 'ETHCrowdfundBase.exchangeRateBps'), ('SV', 'contracts/crowdfund/ETHCrowdfundBase.sol', 'ETHCrowdfundBase.fundingSplitBps'), ('SV', 'contracts/crowdfund/ETHCrowdfundBase.sol', 'ETHCrowdfundBase.maxTotalContributions')
 reader witnesses  -> 2219
 storage exposures -> 1
[MV-SI candidate 28e889819aeedf389623] {maxTotalContributions, totalContributions}
 writer root       -> contracts/crowdfund/InitialETHCrowdfund.sol::InitialETHCrowdfund.batchContribute(InitialETHCrowdfund.BatchContributeArgs)
 writer effect     -> contracts/crowdfund/ETHCrowdfundBase.sol:226
 written member    -> ('SV', 'contracts/crowdfund/ETHCrowdfundBase.sol', 'ETHCrowdfundBase.totalContributions')
 potentially stale -> ('SV', 'contracts/crowdfund/ETHCrowdfundBase.sol', 'ETHCrowdfundBase.maxTotalContributions')
 reader witnesses  -> 264
 storage exposures -> 1
[MV-SI candidate 29de5d87bda512c7aba5] {maxTotalContributions, totalContributions}
 writer root       -> sol-tests/crowdfund/InitialETHCrowdfund.t.sol::InitialETHCrowdfundTest.test_finalize_onlyHostCanFinalizeEarlyWhenActive()
 writer effect     -> contracts/crowdfund/ETHCrowdfundBase.sol:212
 written member    -> ('SV', 'contracts/crowdfund/ETHCrowdfundBase.sol', 'ETHCrowdfundBase.totalContributions')
 potentially stale -> ('SV', 'contracts/crowdfund/ETHCrowdfundBase.sol', 'ETHCrowdfundBase.maxTotalContributions')
 reader witnesses  -> 264
 storage exposures -> 1
[MV-SI candidate 2a57a53d84495e546bdf] {minTotalContributions, totalContributions}
 writer root       -> sol-tests/crowdfund/ReraiseETHCrowdfund.t.sol::ReraiseETHCrowdfundTest.test_crowdfundCardTokenURI_whileCrowdfundWon()
 writer effect     -> contracts/crowdfund/ETHCrowdfundBase.sol:212
 written member    -> ('SV', 'contracts/crowdfund/ETHCrowdfundBase.sol', 'ETHCrowdfundBase.totalContributions')
 potentially stale -> ('SV', 'contracts/crowdfund/ETHCrowdfundBase.sol', 'ETHCrowdfundBase.minTotalContributions')
 reader witnesses  -> 118
 storage exposures -> 1
[MV-SI candidate 2a8b9e5fc25f5e4504b2] {exchangeRateBps, fundingSplitBps, maxTotalContributions, totalContributions}
 writer root       -> sol-tests/crowdfund/ReraiseETHCrowdfund.t.sol::ReraiseETHCrowdfundTest.test_claimMultiple_cannotHaveRemainingVotingPowerAfterClaim()
 writer effect     -> contracts/crowdfund/ETHCrowdfundBase.sol:226
 written member    -> ('SV', 'contracts/crowdfund/ETHCrowdfundBase.sol', 'ETHCrowdfundBase.totalContributions')
 potentially stale -> ('SV', 'contracts/crowdfund/ETHCrowdfundBase.sol', 'ETHCrowdfundBase.exchangeRateBps'), ('SV', 'contracts/crowdfund/ETHCrowdfundBase.sol', 'ETHCrowdfundBase.fundingSplitBps'), ('SV', 'contracts/crowdfund/ETHCrowdfundBase.sol', 'ETHCrowdfundBase.maxTotalContributions')
 reader witnesses  -> 2849
 storage exposures -> 1
[MV-SI candidate 2acc371a0809561ed18d] {_governanceValues, mintedVotingPower}
 writer root       -> sol-tests/crowdfund/ReraiseETHCrowdfund.t.sol::ReraiseETHCrowdfundTest.test_claim_aboveMax()
 writer effect     -> contracts/party/PartyGovernanceNFT.sol:218
 written member    -> ('SV', 'contracts/party/PartyGovernanceNFT.sol', 'PartyGovernanceNFT.mintedVotingPower')
 potentially stale -> ('SV', 'contracts/party/PartyGovernance.sol', 'PartyGovernance._governanceValues')
 reader witnesses  -> 594
 storage exposures -> 1
[MV-SI candidate 2b676e7aa414b1cec98a] {maxTotalContributions, totalContributions}
 writer root       -> sol-tests/crowdfund/ReraiseETHCrowdfund.t.sol::ReraiseETHCrowdfundTest.test_claim_aboveMax()
 writer effect     -> contracts/crowdfund/ETHCrowdfundBase.sol:212
 written member    -> ('SV', 'contracts/crowdfund/ETHCrowdfundBase.sol', 'ETHCrowdfundBase.totalContributions')
 potentially stale -> ('SV', 'contracts/crowdfund/ETHCrowdfundBase.sol', 'ETHCrowdfundBase.maxTotalContributions')
 reader witnesses  -> 324
 storage exposures -> 1
[MV-SI candidate 2b9657bfc3f30e45398c] {_governanceValues, mintedVotingPower}
 writer root       -> sol-tests/crowdfund/InitialETHCrowdfund.t.sol::InitialETHCrowdfundTest.test_contribute_cannotDelegateToZeroAddress()
 writer effect     -> contracts/party/PartyGovernanceNFT.sol:230
 written member    -> ('SV', 'contracts/party/PartyGovernance.sol', 'PartyGovernance._governanceValues')
 potentially stale -> ('SV', 'contracts/party/PartyGovernanceNFT.sol', 'PartyGovernanceNFT.mintedVotingPower')
 reader witnesses  -> 722
 storage exposures -> 1
[MV-SI candidate 2ba9d160ea60428b7425] {_governanceValues, mintedVotingPower}
 writer root       -> sol-tests/party/PartyGovernanceNFT.t.sol::PartyGovernanceNFTTest.testRageQuit_multiple()
 writer effect     -> contracts/party/PartyGovernanceNFT.sol:254
 written member    -> ('SV', 'contracts/party/PartyGovernanceNFT.sol', 'PartyGovernanceNFT.mintedVotingPower')
 potentially stale -> ('SV', 'contracts/party/PartyGovernance.sol', 'PartyGovernance._governanceValues')
 reader witnesses  -> 594
 storage exposures -> 1
[MV-SI candidate 2bb1f9e70acee639f769] {_governanceValues, mintedVotingPower}
 writer root       -> contracts/crowdfund/ReraiseETHCrowdfund.sol::ReraiseETHCrowdfund.batchContribute(ReraiseETHCrowdfund.BatchContributeArgs)
 writer effect     -> contracts/party/PartyGovernanceNFT.sol:230
 written member    -> ('SV', 'contracts/party/PartyGovernance.sol', 'PartyGovernance._governanceValues')
 potentially stale -> ('SV', 'contracts/party/PartyGovernanceNFT.sol', 'PartyGovernanceNFT.mintedVotingPower')
 reader witnesses  -> 722
 storage exposures -> 1
[MV-SI candidate 2bca64cfe418f2d19d6f] {maxTotalContributions, minContribution, totalContributions}
 writer root       -> sol-tests/crowdfund/InitialETHCrowdfund.t.sol::InitialETHCrowdfundTest.test_batchContribute_works()
 writer effect     -> contracts/crowdfund/ETHCrowdfundBase.sol:212
 written member    -> ('SV', 'contracts/crowdfund/ETHCrowdfundBase.sol', 'ETHCrowdfundBase.totalContributions')
 potentially stale -> ('SV', 'contracts/crowdfund/ETHCrowdfundBase.sol', 'ETHCrowdfundBase.maxTotalContributions'), ('SV', 'contracts/crowdfund/ETHCrowdfundBase.sol', 'ETHCrowdfundBase.minContribution')
 reader witnesses  -> 175
 storage exposures -> 1
[MV-SI candidate 2c21d7511527580651ee] {minTotalContributions, totalContributions}
 writer root       -> sol-tests/crowdfund/ReraiseETHCrowdfund.t.sol::ReraiseETHCrowdfundTest.test_contributeFor_works()
 writer effect     -> contracts/crowdfund/ETHCrowdfundBase.sol:226
 written member    -> ('SV', 'contracts/crowdfund/ETHCrowdfundBase.sol', 'ETHCrowdfundBase.totalContributions')
 potentially stale -> ('SV', 'contracts/crowdfund/ETHCrowdfundBase.sol', 'ETHCrowdfundBase.minTotalContributions')
 reader witnesses  -> 118
 storage exposures -> 1
[MV-SI candidate 2c3912e7332a2797593c] {_governanceValues, mintedVotingPower}
 writer root       -> sol-tests/crowdfund/AuctionCrowdfund.t.sol::AuctionCrowdfundTest.test_canWinEvenIfExpiredIfAlsoTopBidder()
 writer effect     -> contracts/party/PartyGovernanceNFT.sol:186
 written member    -> ('SV', 'contracts/party/PartyGovernanceNFT.sol', 'PartyGovernanceNFT.mintedVotingPower')
 potentially stale -> ('SV', 'contracts/party/PartyGovernance.sol', 'PartyGovernance._governanceValues')
 reader witnesses  -> 594
 storage exposures -> 1
[MV-SI candidate 2c48694a2256377a03a0] {_governanceValues, votingPowerByTokenId[$arg0]}
 writer root       -> sol-tests/crowdfund/InitialETHCrowdfund.t.sol::InitialETHCrowdfundTest.test_fundingSplit_contributionAndRefund()
 writer effect     -> contracts/party/PartyGovernanceNFT.sol:258
 written member    -> ('SV', 'contracts/party/PartyGovernance.sol', 'PartyGovernance._governanceValues')
 potentially stale -> ('MS', 'contracts/party/PartyGovernanceNFT.sol', 'PartyGovernanceNFT.votingPowerByTokenId', '$arg0')
 reader witnesses  -> 249
 storage exposures -> 1
[MV-SI candidate 2c51f8a5c1997c539145] {_governanceValues, isAuthority[$sender]}
 writer root       -> sol-tests/party/PartyGovernanceNFT.t.sol::PartyGovernanceNFTTest.testBurn_withApproval()
 writer effect     -> contracts/party/PartyGovernanceNFT.sol:258
 written member    -> ('SV', 'contracts/party/PartyGovernance.sol', 'PartyGovernance._governanceValues')
 potentially stale -> ('MS', 'contracts/party/PartyGovernanceNFT.sol', 'PartyGovernanceNFT.isAuthority', '$sender')
 reader witnesses  -> 183
 storage exposures -> 1
[MV-SI candidate 2c52ebc43d73b2485881] {minTotalContributions, totalContributions}
 writer root       -> contracts/crowdfund/InitialETHCrowdfund.sol::InitialETHCrowdfund.contribute(uint256,address,bytes)
 writer effect     -> contracts/crowdfund/ETHCrowdfundBase.sol:226
 written member    -> ('SV', 'contracts/crowdfund/ETHCrowdfundBase.sol', 'ETHCrowdfundBase.totalContributions')
 potentially stale -> ('SV', 'contracts/crowdfund/ETHCrowdfundBase.sol', 'ETHCrowdfundBase.minTotalContributions')
 reader witnesses  -> 94
 storage exposures -> 1
[MV-SI candidate 2c631068ce102de10886] {minTotalContributions, totalContributions}
 writer root       -> sol-tests/crowdfund/ReraiseETHCrowdfund.t.sol::ReraiseETHCrowdfundTest.test_claim_aboveMax()
 writer effect     -> contracts/crowdfund/ETHCrowdfundBase.sol:212
 written member    -> ('SV', 'contracts/crowdfund/ETHCrowdfundBase.sol', 'ETHCrowdfundBase.totalContributions')
 potentially stale -> ('SV', 'contracts/crowdfund/ETHCrowdfundBase.sol', 'ETHCrowdfundBase.minTotalContributions')
 reader witnesses  -> 118
 storage exposures -> 1
[MV-SI candidate 2c8aaf2a3ff77adeb007] {_governanceValues, mintedVotingPower}
 writer root       -> sol-tests/crowdfund/CollectionBuyCrowdfund.t.sol::CollectionBuyCrowdfundTest.testHappyPath()
 writer effect     -> contracts/party/PartyGovernanceNFT.sol:186
 written member    -> ('SV', 'contracts/party/PartyGovernanceNFT.sol', 'PartyGovernanceNFT.mintedVotingPower')
 potentially stale -> ('SV', 'contracts/party/PartyGovernance.sol', 'PartyGovernance._governanceValues')
 reader witnesses  -> 594
 storage exposures -> 1
[MV-SI candidate 2c8cc4478bf07762a51d] {_governanceValues, votingPowerByTokenId[$arg0]}
 writer root       -> sol-tests/crowdfund/ReraiseETHCrowdfund.t.sol::ReraiseETHCrowdfundTest.test_claimMultiple_votingPowerOfCardAboveMax()
 writer effect     -> contracts/party/PartyGovernanceNFT.sol:219
 written member    -> ('MS', 'contracts/party/PartyGovernanceNFT.sol', 'PartyGovernanceNFT.votingPowerByTokenId', '$arg0')
 potentially stale -> ('SV', 'contracts/party/PartyGovernance.sol', 'PartyGovernance._governanceValues')
 reader witnesses  -> 891
 storage exposures -> 1
[MV-SI candidate 2c9f3486bfe47c8e0921] {_governanceValues, mintedVotingPower}
 writer root       -> sol-tests/crowdfund/Crowdfund.t.sol::CrowdfundTest.testWin_batchBurnCanBurnBurnedAndUnburnedTokens()
 writer effect     -> contracts/party/PartyGovernanceNFT.sol:186
 written member    -> ('SV', 'contracts/party/PartyGovernanceNFT.sol', 'PartyGovernanceNFT.mintedVotingPower')
 potentially stale -> ('SV', 'contracts/party/PartyGovernance.sol', 'PartyGovernance._governanceValues')
 reader witnesses  -> 594
 storage exposures -> 1
[MV-SI candidate 2cd2f973d35f30926d39] {minTotalContributions, totalContributions}
 writer root       -> sol-tests/crowdfund/ReraiseETHCrowdfund.t.sol::ReraiseETHCrowdfundTest.test_finalize_belowMinTotalContributions()
 writer effect     -> contracts/crowdfund/ETHCrowdfundBase.sol:226
 written member    -> ('SV', 'contracts/crowdfund/ETHCrowdfundBase.sol', 'ETHCrowdfundBase.totalContributions')
 potentially stale -> ('SV', 'contracts/crowdfund/ETHCrowdfundBase.sol', 'ETHCrowdfundBase.minTotalContributions')
 reader witnesses  -> 118
 storage exposures -> 1
[MV-SI candidate 2d0d76c1992d38b7f951] {maxTotalContributions, minContribution, totalContributions}
 writer root       -> sol-tests/crowdfund/ReraiseETHCrowdfund.t.sol::ReraiseETHCrowdfundTest.test_fundingSplit_contributionAndRefund()
 writer effect     -> contracts/crowdfund/ETHCrowdfundBase.sol:212
 written member    -> ('SV', 'contracts/crowdfund/ETHCrowdfundBase.sol', 'ETHCrowdfundBase.totalContributions')
 potentially stale -> ('SV', 'contracts/crowdfund/ETHCrowdfundBase.sol', 'ETHCrowdfundBase.maxTotalContributions'), ('SV', 'contracts/crowdfund/ETHCrowdfundBase.sol', 'ETHCrowdfundBase.minContribution')
 reader witnesses  -> 220
 storage exposures -> 1
[MV-SI candidate 2d1ff8265bdde1fb93c5] {_governanceValues, mintedVotingPower}
 writer root       -> sol-tests/crowdfund/InitialETHCrowdfund.t.sol::InitialETHCrowdfundTest.test_refund_twice()
 writer effect     -> contracts/party/PartyGovernanceNFT.sol:254
 written member    -> ('SV', 'contracts/party/PartyGovernanceNFT.sol', 'PartyGovernanceNFT.mintedVotingPower')
 potentially stale -> ('SV', 'contracts/party/PartyGovernance.sol', 'PartyGovernance._governanceValues')
 reader witnesses  -> 594
 storage exposures -> 1
[MV-SI candidate 2da52b6a59558bef55f9] {_governanceValues, mintedVotingPower}
 writer root       -> sol-tests/crowdfund/ReraiseETHCrowdfund.t.sol::ReraiseETHCrowdfundTest.test_claimMultiple_cannotClaimMoreThanVotingPower()
 writer effect     -> contracts/party/PartyGovernanceNFT.sol:230
 written member    -> ('SV', 'contracts/party/PartyGovernance.sol', 'PartyGovernance._governanceValues')
 potentially stale -> ('SV', 'contracts/party/PartyGovernanceNFT.sol', 'PartyGovernanceNFT.mintedVotingPower')
 reader witnesses  -> 722
 storage exposures -> 1
[MV-SI candidate 2db3a9d8c17601b987b4] {maxTotalContributions, totalContributions}
 writer root       -> sol-tests/crowdfund/InitialETHCrowdfund.t.sol::InitialETHCrowdfundTest.test_contribute_gatekeeperChecksSender()
 writer effect     -> contracts/crowdfund/ETHCrowdfundBase.sol:226
 written member    -> ('SV', 'contracts/crowdfund/ETHCrowdfundBase.sol', 'ETHCrowdfundBase.totalContributions')
 potentially stale -> ('SV', 'contracts/crowdfund/ETHCrowdfundBase.sol', 'ETHCrowdfundBase.maxTotalContributions')
 reader witnesses  -> 264
 storage exposures -> 1
[MV-SI candidate 2dc1517eafff11ef805d] {_governanceValues, mintedVotingPower}
 writer root       -> sol-tests/crowdfund/InitialETHCrowdfund.t.sol::InitialETHCrowdfundTest.test_batchContribute_works()
 writer effect     -> contracts/party/PartyGovernanceNFT.sol:218
 written member    -> ('SV', 'contracts/party/PartyGovernanceNFT.sol', 'PartyGovernanceNFT.mintedVotingPower')
 potentially stale -> ('SV', 'contracts/party/PartyGovernance.sol', 'PartyGovernance._governanceValues')
 reader witnesses  -> 594
 storage exposures -> 1
[MV-SI candidate 2df5bd314dc313daa252] {minTotalContributions, totalContributions}
 writer root       -> sol-tests/crowdfund/ReraiseETHCrowdfund.t.sol::ReraiseETHCrowdfundTest.test_contribute_noContribution()
 writer effect     -> contracts/crowdfund/ETHCrowdfundBase.sol:226
 written member    -> ('SV', 'contracts/crowdfund/ETHCrowdfundBase.sol', 'ETHCrowdfundBase.totalContributions')
 potentially stale -> ('SV', 'contracts/crowdfund/ETHCrowdfundBase.sol', 'ETHCrowdfundBase.minTotalContributions')
 reader witnesses  -> 118
 storage exposures -> 1
[MV-SI candidate 2e03067ecaaf1b922b2d] {_governanceValues, mintedVotingPower}
 writer root       -> sol-tests/crowdfund/InitialETHCrowdfund.t.sol::InitialETHCrowdfundTest.test_contribute_cannotDelegateToZeroAddress()
 writer effect     -> contracts/party/PartyGovernanceNFT.sol:186
 written member    -> ('SV', 'contracts/party/PartyGovernanceNFT.sol', 'PartyGovernanceNFT.mintedVotingPower')
 potentially stale -> ('SV', 'contracts/party/PartyGovernance.sol', 'PartyGovernance._governanceValues')
 reader witnesses  -> 594
 storage exposures -> 1
[MV-SI candidate 2e5dea85f37fbdbcd604] {_governanceValues, isAuthority[$sender]}
 writer root       -> sol-tests/crowdfund/InitialETHCrowdfund.t.sol::InitialETHCrowdfundTest.test_contributeFor_doesNotUpdateExistingDelegation()
 writer effect     -> contracts/party/PartyGovernanceNFT.sol:230
 written member    -> ('SV', 'contracts/party/PartyGovernance.sol', 'PartyGovernance._governanceValues')
 potentially stale -> ('MS', 'contracts/party/PartyGovernanceNFT.sol', 'PartyGovernanceNFT.isAuthority', '$sender')
 reader witnesses  -> 183
 storage exposures -> 1
[MV-SI candidate 2e5e41b254b134d02124] {exchangeRateBps, fundingSplitBps, maxTotalContributions, totalContributions}
 writer root       -> sol-tests/crowdfund/InitialETHCrowdfund.t.sol::InitialETHCrowdfundTest.test_sendFundingSplit_cannotSendTwice()
 writer effect     -> contracts/crowdfund/ETHCrowdfundBase.sol:212
 written member    -> ('SV', 'contracts/crowdfund/ETHCrowdfundBase.sol', 'ETHCrowdfundBase.totalContributions')
 potentially stale -> ('SV', 'contracts/crowdfund/ETHCrowdfundBase.sol', 'ETHCrowdfundBase.exchangeRateBps'), ('SV', 'contracts/crowdfund/ETHCrowdfundBase.sol', 'ETHCrowdfundBase.fundingSplitBps'), ('SV', 'contracts/crowdfund/ETHCrowdfundBase.sol', 'ETHCrowdfundBase.maxTotalContributions')
 reader witnesses  -> 2219
 storage exposures -> 1
[MV-SI candidate 2ec9cb3443e88b532d13] {maxTotalContributions, totalContributions}
 writer root       -> sol-tests/crowdfund/ReraiseETHCrowdfund.t.sol::ReraiseETHCrowdfundTest.test_contributeFor_works()
 writer effect     -> contracts/crowdfund/ETHCrowdfundBase.sol:212
 written member    -> ('SV', 'contracts/crowdfund/ETHCrowdfundBase.sol', 'ETHCrowdfundBase.totalContributions')
 potentially stale -> ('SV', 'contracts/crowdfund/ETHCrowdfundBase.sol', 'ETHCrowdfundBase.maxTotalContributions')
 reader witnesses  -> 324
 storage exposures -> 1
[MV-SI candidate 2f10c23256bac1e79aef] {_governanceValues, mintedVotingPower}
 writer root       -> sol-tests/crowdfund/InitialETHCrowdfund.t.sol::InitialETHCrowdfundTest.test_refund_twice()
 writer effect     -> contracts/party/PartyGovernanceNFT.sol:218
 written member    -> ('SV', 'contracts/party/PartyGovernanceNFT.sol', 'PartyGovernanceNFT.mintedVotingPower')
 potentially stale -> ('SV', 'contracts/party/PartyGovernance.sol', 'PartyGovernance._governanceValues')
 reader witnesses  -> 594
 storage exposures -> 1
[MV-SI candidate 2f61bdd30fbcb8eed508] {_governanceValues, votingPowerByTokenId[$arg0]}
 writer root       -> sol-tests/party/PartyGovernanceNFT.t.sol::PartyGovernanceNFTTest.testRageQuit_revertIfDuplicateTokens()
 writer effect     -> contracts/party/PartyGovernanceNFT.sol:258
 written member    -> ('SV', 'contracts/party/PartyGovernance.sol', 'PartyGovernance._governanceValues')
 potentially stale -> ('MS', 'contracts/party/PartyGovernanceNFT.sol', 'PartyGovernanceNFT.votingPowerByTokenId', '$arg0')
 reader witnesses  -> 249
 storage exposures -> 1
[MV-SI candidate 2f75d97d38b2fbbe38ee] {minTotalContributions, totalContributions}
 writer root       -> sol-tests/crowdfund/ReraiseETHCrowdfund.t.sol::ReraiseETHCrowdfundTest.test_finalize_works()
 writer effect     -> contracts/crowdfund/ETHCrowdfundBase.sol:226
 written member    -> ('SV', 'contracts/crowdfund/ETHCrowdfundBase.sol', 'ETHCrowdfundBase.totalContributions')
 potentially stale -> ('SV', 'contracts/crowdfund/ETHCrowdfundBase.sol', 'ETHCrowdfundBase.minTotalContributions')
 reader witnesses  -> 118
 storage exposures -> 1
[MV-SI candidate 2f94e964d31102541ed9] {minTotalContributions, totalContributions}
 writer root       -> sol-tests/crowdfund/InitialETHCrowdfund.t.sol::InitialETHCrowdfundTest.test_contribute_noVotingPower()
 writer effect     -> contracts/crowdfund/ETHCrowdfundBase.sol:212
 written member    -> ('SV', 'contracts/crowdfund/ETHCrowdfundBase.sol', 'ETHCrowdfundBase.totalContributions')
 potentially stale -> ('SV', 'contracts/crowdfund/ETHCrowdfundBase.sol', 'ETHCrowdfundBase.minTotalContributions')
 reader witnesses  -> 94
 storage exposures -> 1
[MV-SI candidate 2fa27e3383b9b3389f17] {_governanceValues, votingPowerByTokenId[$arg0]}
 writer root       -> sol-tests/crowdfund/ReraiseETHCrowdfund.t.sol::ReraiseETHCrowdfundTest.test_crowdfundCardTokenURI_whileCrowdfundActive()
 writer effect     -> contracts/party/PartyGovernanceNFT.sol:230
 written member    -> ('SV', 'contracts/party/PartyGovernance.sol', 'PartyGovernance._governanceValues')
 potentially stale -> ('MS', 'contracts/party/PartyGovernanceNFT.sol', 'PartyGovernanceNFT.votingPowerByTokenId', '$arg0')
 reader witnesses  -> 249
 storage exposures -> 1
[MV-SI candidate 2fad1e186c72691023d3] {maxTotalContributions, totalContributions}
 writer root       -> sol-tests/crowdfund/ReraiseETHCrowdfund.t.sol::ReraiseETHCrowdfundTest.test_contributeFor_works()
 writer effect     -> contracts/crowdfund/ETHCrowdfundBase.sol:226
 written member    -> ('SV', 'contracts/crowdfund/ETHCrowdfundBase.sol', 'ETHCrowdfundBase.totalContributions')
 potentially stale -> ('SV', 'contracts/crowdfund/ETHCrowdfundBase.sol', 'ETHCrowdfundBase.maxTotalContributions')
 reader witnesses  -> 324
 storage exposures -> 1
[MV-SI candidate 2fb67980bb9ee34e2eaf] {_governanceValues, mintedVotingPower}
 writer root       -> sol-tests/party/PartyGovernanceNFT.t.sol::PartyGovernanceNFTTest.testRageQuit_disableRageQuit()
 writer effect     -> contracts/party/PartyGovernanceNFT.sol:254
 written member    -> ('SV', 'contracts/party/PartyGovernanceNFT.sol', 'PartyGovernanceNFT.mintedVotingPower')
 potentially stale -> ('SV', 'contracts/party/PartyGovernance.sol', 'PartyGovernance._governanceValues')
 reader witnesses  -> 594
 storage exposures -> 1
[MV-SI candidate 2fccd0fa332b1ddff65d] {minTotalContributions, totalContributions}
 writer root       -> sol-tests/crowdfund/InitialETHCrowdfund.t.sol::InitialETHCrowdfundTest.test_contribute_afterLost()
 writer effect     -> contracts/crowdfund/ETHCrowdfundBase.sol:212
 written member    -> ('SV', 'contracts/crowdfund/ETHCrowdfundBase.sol', 'ETHCrowdfundBase.totalContributions')
 potentially stale -> ('SV', 'contracts/crowdfund/ETHCrowdfundBase.sol', 'ETHCrowdfundBase.minTotalContributions')
 reader witnesses  -> 94
 storage exposures -> 1
[MV-SI candidate 2fd4fe9cbc9388639942] {exchangeRateBps, fundingSplitBps, maxTotalContributions, totalContributions}
 writer root       -> sol-tests/crowdfund/InitialETHCrowdfund.t.sol::InitialETHCrowdfundTest.test_contribute_smallAmountWithFundingSplit()
 writer effect     -> contracts/crowdfund/ETHCrowdfundBase.sol:226
 written member    -> ('SV', 'contracts/crowdfund/ETHCrowdfundBase.sol', 'ETHCrowdfundBase.totalContributions')
 potentially stale -> ('SV', 'contracts/crowdfund/ETHCrowdfundBase.sol', 'ETHCrowdfundBase.exchangeRateBps'), ('SV', 'contracts/crowdfund/ETHCrowdfundBase.sol', 'ETHCrowdfundBase.fundingSplitBps'), ('SV', 'contracts/crowdfund/ETHCrowdfundBase.sol', 'ETHCrowdfundBase.maxTotalContributions')
 reader witnesses  -> 2219
 storage exposures -> 1
[MV-SI candidate 301879ff2906dac9cd44] {_governanceValues, mintedVotingPower}
 writer root       -> sol-tests/crowdfund/InitialETHCrowdfund.t.sol::InitialETHCrowdfundTest.test_contribute_smallAmountWithFundingSplit()
 writer effect     -> contracts/party/PartyGovernanceNFT.sol:186
 written member    -> ('SV', 'contracts/party/PartyGovernanceNFT.sol', 'PartyGovernanceNFT.mintedVotingPower')
 potentially stale -> ('SV', 'contracts/party/PartyGovernance.sol', 'PartyGovernance._governanceValues')
 reader witnesses  -> 594
 storage exposures -> 1
[MV-SI candidate 304107c49d70b2bf4831] {maxTotalContributions, minContribution, totalContributions}
 writer root       -> sol-tests/crowdfund/ReraiseETHCrowdfund.t.sol::ReraiseETHCrowdfundTest.test_sendFundingSplit_works()
 writer effect     -> contracts/crowdfund/ETHCrowdfundBase.sol:212
 written member    -> ('SV', 'contracts/crowdfund/ETHCrowdfundBase.sol', 'ETHCrowdfundBase.totalContributions')
 potentially stale -> ('SV', 'contracts/crowdfund/ETHCrowdfundBase.sol', 'ETHCrowdfundBase.maxTotalContributions'), ('SV', 'contracts/crowdfund/ETHCrowdfundBase.sol', 'ETHCrowdfundBase.minContribution')
 reader witnesses  -> 220
 storage exposures -> 1
[MV-SI candidate 30510e9be7ac71d117c0] {_governanceValues, votingPowerByTokenId[$arg0]}
 writer root       -> sol-tests/crowdfund/InitialETHCrowdfund.t.sol::InitialETHCrowdfundTest.test_partyCardTokenURI_whileCrowdfundActive()
 writer effect     -> contracts/party/PartyGovernanceNFT.sol:230
 written member    -> ('SV', 'contracts/party/PartyGovernance.sol', 'PartyGovernance._governanceValues')
 potentially stale -> ('MS', 'contracts/party/PartyGovernanceNFT.sol', 'PartyGovernanceNFT.votingPowerByTokenId', '$arg0')
 reader witnesses  -> 249
 storage exposures -> 1
[MV-SI candidate 30cf3c7b43716a11c200] {exchangeRateBps, fundingSplitBps, maxTotalContributions, totalContributions}
 writer root       -> sol-tests/crowdfund/ReraiseETHCrowdfund.t.sol::ReraiseETHCrowdfundTest.test_contribute_cannotDelegateToZeroAddress()
 writer effect     -> contracts/crowdfund/ETHCrowdfundBase.sol:226
 written member    -> ('SV', 'contracts/crowdfund/ETHCrowdfundBase.sol', 'ETHCrowdfundBase.totalContributions')
 potentially stale -> ('SV', 'contracts/crowdfund/ETHCrowdfundBase.sol', 'ETHCrowdfundBase.exchangeRateBps'), ('SV', 'contracts/crowdfund/ETHCrowdfundBase.sol', 'ETHCrowdfundBase.fundingSplitBps'), ('SV', 'contracts/crowdfund/ETHCrowdfundBase.sol', 'ETHCrowdfundBase.maxTotalContributions')
 reader witnesses  -> 2849
 storage exposures -> 1
[MV-SI candidate 310f213cfb9fc04f278c] {exchangeRateBps, fundingSplitBps, maxTotalContributions, totalContributions}
 writer root       -> sol-tests/crowdfund/ReraiseETHCrowdfund.t.sol::ReraiseETHCrowdfundTest.test_contribute_aboveMaxContribution()
 writer effect     -> contracts/crowdfund/ETHCrowdfundBase.sol:226
 written member    -> ('SV', 'contracts/crowdfund/ETHCrowdfundBase.sol', 'ETHCrowdfundBase.totalContributions')
 potentially stale -> ('SV', 'contracts/crowdfund/ETHCrowdfundBase.sol', 'ETHCrowdfundBase.exchangeRateBps'), ('SV', 'contracts/crowdfund/ETHCrowdfundBase.sol', 'ETHCrowdfundBase.fundingSplitBps'), ('SV', 'contracts/crowdfund/ETHCrowdfundBase.sol', 'ETHCrowdfundBase.maxTotalContributions')
 reader witnesses  -> 2849
 storage exposures -> 1
[MV-SI candidate 31347a901ad83fa2ac91] {exchangeRateBps, fundingSplitBps, maxTotalContributions, totalContributions}
 writer root       -> sol-tests/crowdfund/InitialETHCrowdfund.t.sol::InitialETHCrowdfundTest.test_initialization_cannotReinitialize()
 writer effect     -> contracts/crowdfund/ETHCrowdfundBase.sol:141
 written member    -> ('SV', 'contracts/crowdfund/ETHCrowdfundBase.sol', 'ETHCrowdfundBase.maxTotalContributions')
 potentially stale -> ('SV', 'contracts/crowdfund/ETHCrowdfundBase.sol', 'ETHCrowdfundBase.exchangeRateBps'), ('SV', 'contracts/crowdfund/ETHCrowdfundBase.sol', 'ETHCrowdfundBase.fundingSplitBps'), ('SV', 'contracts/crowdfund/ETHCrowdfundBase.sol', 'ETHCrowdfundBase.totalContributions')
 reader witnesses  -> 1925
 storage exposures -> 1
[MV-SI candidate 313f563dc60dc46ff2f2] {maxTotalContributions, minContribution, totalContributions}
 writer root       -> sol-tests/crowdfund/InitialETHCrowdfund.t.sol::InitialETHCrowdfundTest.test_initialization_cannotReinitialize()
 writer effect     -> contracts/crowdfund/ETHCrowdfundBase.sol:212
 written member    -> ('SV', 'contracts/crowdfund/ETHCrowdfundBase.sol', 'ETHCrowdfundBase.totalContributions')
 potentially stale -> ('SV', 'contracts/crowdfund/ETHCrowdfundBase.sol', 'ETHCrowdfundBase.maxTotalContributions'), ('SV', 'contracts/crowdfund/ETHCrowdfundBase.sol', 'ETHCrowdfundBase.minContribution')
 reader witnesses  -> 175
 storage exposures -> 1
[MV-SI candidate 3177c7112f244c376f87] {exchangeRateBps, fundingSplitBps, maxTotalContributions, totalContributions}
 writer root       -> sol-tests/crowdfund/InitialETHCrowdfund.t.sol::InitialETHCrowdfundTest.test_initialization_cannotReinitialize()
 writer effect     -> contracts/crowdfund/ETHCrowdfundBase.sol:212
 written member    -> ('SV', 'contracts/crowdfund/ETHCrowdfundBase.sol', 'ETHCrowdfundBase.totalContributions')
 potentially stale -> ('SV', 'contracts/crowdfund/ETHCrowdfundBase.sol', 'ETHCrowdfundBase.exchangeRateBps'), ('SV', 'contracts/crowdfund/ETHCrowdfundBase.sol', 'ETHCrowdfundBase.fundingSplitBps'), ('SV', 'contracts/crowdfund/ETHCrowdfundBase.sol', 'ETHCrowdfundBase.maxTotalContributions')
 reader witnesses  -> 2219
 storage exposures -> 1
[MV-SI candidate 319fedb04f4eed70dbae] {_governanceValues, isAuthority[$sender]}
 writer root       -> sol-tests/party/PartyGovernanceNFT.t.sol::PartyGovernanceNFTTest.testRageQuit_expiredRageQuitTimestamp()
 writer effect     -> contracts/party/PartyGovernanceNFT.sol:258
 written member    -> ('SV', 'contracts/party/PartyGovernance.sol', 'PartyGovernance._governanceValues')
 potentially stale -> ('MS', 'contracts/party/PartyGovernanceNFT.sol', 'PartyGovernanceNFT.isAuthority', '$sender')
 reader witnesses  -> 183
 storage exposures -> 1
[MV-SI candidate 31ba6948ef41b2183f55] {_governanceValues, votingPowerByTokenId[$arg0]}
 writer root       -> sol-tests/crowdfund/InitialETHCrowdfund.t.sol::InitialETHCrowdfundTest.test_initialization_cannotReinitialize()
 writer effect     -> contracts/party/PartyGovernanceNFT.sol:219
 written member    -> ('MS', 'contracts/party/PartyGovernanceNFT.sol', 'PartyGovernanceNFT.votingPowerByTokenId', '$arg0')
 potentially stale -> ('SV', 'contracts/party/PartyGovernance.sol', 'PartyGovernance._governanceValues')
 reader witnesses  -> 891
 storage exposures -> 1
[MV-SI candidate 31c6393dc5f79e9a0139] {minTotalContributions, totalContributions}
 writer root       -> sol-tests/crowdfund/ReraiseETHCrowdfund.t.sol::ReraiseETHCrowdfundTest.test_initialization_cannotReinitialize()
 writer effect     -> contracts/crowdfund/ETHCrowdfundBase.sol:212
 written member    -> ('SV', 'contracts/crowdfund/ETHCrowdfundBase.sol', 'ETHCrowdfundBase.totalContributions')
 potentially stale -> ('SV', 'contracts/crowdfund/ETHCrowdfundBase.sol', 'ETHCrowdfundBase.minTotalContributions')
 reader witnesses  -> 118
 storage exposures -> 1
[MV-SI candidate 31f60f7d149221d24e52] {maxTotalContributions, totalContributions}
 writer root       -> sol-tests/crowdfund/InitialETHCrowdfund.t.sol::InitialETHCrowdfundTest.test_contribute_mintNewCard_withDisableContributingForExistingCard()
 writer effect     -> contracts/crowdfund/ETHCrowdfundBase.sol:226
 written member    -> ('SV', 'contracts/crowdfund/ETHCrowdfundBase.sol', 'ETHCrowdfundBase.totalContributions')
 potentially stale -> ('SV', 'contracts/crowdfund/ETHCrowdfundBase.sol', 'ETHCrowdfundBase.maxTotalContributions')
 reader witnesses  -> 264
 storage exposures -> 1
[MV-SI candidate 31f8a460e21d7ed85ce5] {exchangeRateBps, fundingSplitBps, maxTotalContributions, totalContributions}
 writer root       -> sol-tests/crowdfund/ReraiseETHCrowdfund.t.sol::ReraiseETHCrowdfundTest.test_crowdfundCardTokenURI_whileCrowdfundLost()
 writer effect     -> contracts/crowdfund/ETHCrowdfundBase.sol:212
 written member    -> ('SV', 'contracts/crowdfund/ETHCrowdfundBase.sol', 'ETHCrowdfundBase.totalContributions')
 potentially stale -> ('SV', 'contracts/crowdfund/ETHCrowdfundBase.sol', 'ETHCrowdfundBase.exchangeRateBps'), ('SV', 'contracts/crowdfund/ETHCrowdfundBase.sol', 'ETHCrowdfundBase.fundingSplitBps'), ('SV', 'contracts/crowdfund/ETHCrowdfundBase.sol', 'ETHCrowdfundBase.maxTotalContributions')
 reader witnesses  -> 2849
 storage exposures -> 1
[MV-SI candidate 32838ff5680f51d67132] {maxTotalContributions, totalContributions}
 writer root       -> contracts/crowdfund/InitialETHCrowdfund.sol::InitialETHCrowdfund.contributeFor(uint256,address,address,bytes)
 writer effect     -> contracts/crowdfund/ETHCrowdfundBase.sol:212
 written member    -> ('SV', 'contracts/crowdfund/ETHCrowdfundBase.sol', 'ETHCrowdfundBase.totalContributions')
 potentially stale -> ('SV', 'contracts/crowdfund/ETHCrowdfundBase.sol', 'ETHCrowdfundBase.maxTotalContributions')
 reader witnesses  -> 264
 storage exposures -> 1
[MV-SI candidate 32bcc5d9909a5ea9a807] {minTotalContributions, totalContributions}
 writer root       -> sol-tests/crowdfund/InitialETHCrowdfund.t.sol::InitialETHCrowdfundTest.test_finalize_works()
 writer effect     -> contracts/crowdfund/ETHCrowdfundBase.sol:226
 written member    -> ('SV', 'contracts/crowdfund/ETHCrowdfundBase.sol', 'ETHCrowdfundBase.totalContributions')
 potentially stale -> ('SV', 'contracts/crowdfund/ETHCrowdfundBase.sol', 'ETHCrowdfundBase.minTotalContributions')
 reader witnesses  -> 94
 storage exposures -> 1
[MV-SI candidate 32cc2c84ab7f5ff30059] {_governanceValues, mintedVotingPower}
 writer root       -> sol-tests/crowdfund/InitialETHCrowdfund.t.sol::InitialETHCrowdfundTest.test_contributeFor_doesNotUpdateExistingDelegation()
 writer effect     -> contracts/party/PartyGovernanceNFT.sol:218
 written member    -> ('SV', 'contracts/party/PartyGovernanceNFT.sol', 'PartyGovernanceNFT.mintedVotingPower')
 potentially stale -> ('SV', 'contracts/party/PartyGovernance.sol', 'PartyGovernance._governanceValues')
 reader witnesses  -> 594
 storage exposures -> 1
[MV-SI candidate 32d40a9c28a339aa25eb] {exchangeRateBps, fundingSplitBps, maxTotalContributions, totalContributions}
 writer root       -> sol-tests/crowdfund/ReraiseETHCrowdfund.t.sol::ReraiseETHCrowdfundTest.test_claim_aboveMax()
 writer effect     -> contracts/crowdfund/ETHCrowdfundBase.sol:226
 written member    -> ('SV', 'contracts/crowdfund/ETHCrowdfundBase.sol', 'ETHCrowdfundBase.totalContributions')
 potentially stale -> ('SV', 'contracts/crowdfund/ETHCrowdfundBase.sol', 'ETHCrowdfundBase.exchangeRateBps'), ('SV', 'contracts/crowdfund/ETHCrowdfundBase.sol', 'ETHCrowdfundBase.fundingSplitBps'), ('SV', 'contracts/crowdfund/ETHCrowdfundBase.sol', 'ETHCrowdfundBase.maxTotalContributions')
 reader witnesses  -> 2849
 storage exposures -> 1
[MV-SI candidate 32fd30bb1c7284f0d169] {_governanceValues, isAuthority[$sender]}
 writer root       -> sol-tests/crowdfund/ReraiseETHCrowdfund.t.sol::ReraiseETHCrowdfundTest.test_claimMultiple_votingPowerOfCardAboveMax()
 writer effect     -> contracts/party/PartyGovernanceNFT.sol:230
 written member    -> ('SV', 'contracts/party/PartyGovernance.sol', 'PartyGovernance._governanceValues')
 potentially stale -> ('MS', 'contracts/party/PartyGovernanceNFT.sol', 'PartyGovernanceNFT.isAuthority', '$sender')
 reader witnesses  -> 183
 storage exposures -> 1
[MV-SI candidate 3387f8879e2d5782429b] {exchangeRateBps, fundingSplitBps, maxTotalContributions, totalContributions}
 writer root       -> sol-tests/crowdfund/ReraiseETHCrowdfund.t.sol::ReraiseETHCrowdfundTest.test_finalize_withFundingSplit()
 writer effect     -> contracts/crowdfund/ETHCrowdfundBase.sol:226
 written member    -> ('SV', 'contracts/crowdfund/ETHCrowdfundBase.sol', 'ETHCrowdfundBase.totalContributions')
 potentially stale -> ('SV', 'contracts/crowdfund/ETHCrowdfundBase.sol', 'ETHCrowdfundBase.exchangeRateBps'), ('SV', 'contracts/crowdfund/ETHCrowdfundBase.sol', 'ETHCrowdfundBase.fundingSplitBps'), ('SV', 'contracts/crowdfund/ETHCrowdfundBase.sol', 'ETHCrowdfundBase.maxTotalContributions')
 reader witnesses  -> 2849
 storage exposures -> 1
[MV-SI candidate 33ba9edfd640404a01d9] {_governanceValues, isAuthority[$sender]}
 writer root       -> sol-tests/crowdfund/ReraiseETHCrowdfund.t.sol::ReraiseETHCrowdfundTest.test_contribute_withFundingSplit()
 writer effect     -> contracts/party/PartyGovernanceNFT.sol:230
 written member    -> ('SV', 'contracts/party/PartyGovernance.sol', 'PartyGovernance._governanceValues')
 potentially stale -> ('MS', 'contracts/party/PartyGovernanceNFT.sol', 'PartyGovernanceNFT.isAuthority', '$sender')
 reader witnesses  -> 183
 storage exposures -> 1
[MV-SI candidate 33bd5d0df70ec9f8cd8a] {_governanceValues, isAuthority[$sender]}
 writer root       -> sol-tests/crowdfund/InitialETHCrowdfund.t.sol::InitialETHCrowdfundTest.test_contribute_aboveMaxTotalContribution()
 writer effect     -> contracts/party/PartyGovernanceNFT.sol:230
 written member    -> ('SV', 'contracts/party/PartyGovernance.sol', 'PartyGovernance._governanceValues')
 potentially stale -> ('MS', 'contracts/party/PartyGovernanceNFT.sol', 'PartyGovernanceNFT.isAuthority', '$sender')
 reader witnesses  -> 183
 storage exposures -> 1
[MV-SI candidate 340c53319521acee4b37] {exchangeRateBps, fundingSplitBps, maxTotalContributions, totalContributions}
 writer root       -> sol-tests/crowdfund/ReraiseETHCrowdfund.t.sol::ReraiseETHCrowdfundTest.test_crowdfundCardTokenURI_whileCrowdfundActive()
 writer effect     -> contracts/crowdfund/ETHCrowdfundBase.sol:226
 written member    -> ('SV', 'contracts/crowdfund/ETHCrowdfundBase.sol', 'ETHCrowdfundBase.totalContributions')
 potentially stale -> ('SV', 'contracts/crowdfund/ETHCrowdfundBase.sol', 'ETHCrowdfundBase.exchangeRateBps'), ('SV', 'contracts/crowdfund/ETHCrowdfundBase.sol', 'ETHCrowdfundBase.fundingSplitBps'), ('SV', 'contracts/crowdfund/ETHCrowdfundBase.sol', 'ETHCrowdfundBase.maxTotalContributions')
 reader witnesses  -> 2849
 storage exposures -> 1
[MV-SI candidate 3410c0d53c9590813d4b] {_governanceValues, votingPowerByTokenId[$arg0]}
 writer root       -> sol-tests/crowdfund/InitialETHCrowdfund.t.sol::InitialETHCrowdfundTest.test_contribute_noContribution()
 writer effect     -> contracts/party/PartyGovernanceNFT.sol:219
 written member    -> ('MS', 'contracts/party/PartyGovernanceNFT.sol', 'PartyGovernanceNFT.votingPowerByTokenId', '$arg0')
 potentially stale -> ('SV', 'contracts/party/PartyGovernance.sol', 'PartyGovernance._governanceValues')
 reader witnesses  -> 891
 storage exposures -> 1
[MV-SI candidate 3451cde6191ee1e92386] {exchangeRateBps, fundingSplitBps, maxTotalContributions, totalContributions}
 writer root       -> sol-tests/crowdfund/ReraiseETHCrowdfund.t.sol::ReraiseETHCrowdfundTest.test_contribute_aboveMaxContribution()
 writer effect     -> contracts/crowdfund/ETHCrowdfundBase.sol:212
 written member    -> ('SV', 'contracts/crowdfund/ETHCrowdfundBase.sol', 'ETHCrowdfundBase.totalContributions')
 potentially stale -> ('SV', 'contracts/crowdfund/ETHCrowdfundBase.sol', 'ETHCrowdfundBase.exchangeRateBps'), ('SV', 'contracts/crowdfund/ETHCrowdfundBase.sol', 'ETHCrowdfundBase.fundingSplitBps'), ('SV', 'contracts/crowdfund/ETHCrowdfundBase.sol', 'ETHCrowdfundBase.maxTotalContributions')
 reader witnesses  -> 2849
 storage exposures -> 1
[MV-SI candidate 34702ea2c6f6775c6f4f] {minTotalContributions, totalContributions}
 writer root       -> sol-tests/crowdfund/ReraiseETHCrowdfund.t.sol::ReraiseETHCrowdfundTest.test_batchClaimMultiple_works()
 writer effect     -> contracts/crowdfund/ETHCrowdfundBase.sol:212
 written member    -> ('SV', 'contracts/crowdfund/ETHCrowdfundBase.sol', 'ETHCrowdfundBase.totalContributions')
 potentially stale -> ('SV', 'contracts/crowdfund/ETHCrowdfundBase.sol', 'ETHCrowdfundBase.minTotalContributions')
 reader witnesses  -> 118
 storage exposures -> 1
[MV-SI candidate 3476c093cbdf023f23d0] {_governanceValues, mintedVotingPower}
 writer root       -> sol-tests/crowdfund/InitialETHCrowdfund.t.sol::InitialETHCrowdfundTest.test_contribute_aboveMaxContribution()
 writer effect     -> contracts/party/PartyGovernanceNFT.sol:218
 written member    -> ('SV', 'contracts/party/PartyGovernanceNFT.sol', 'PartyGovernanceNFT.mintedVotingPower')
 potentially stale -> ('SV', 'contracts/party/PartyGovernance.sol', 'PartyGovernance._governanceValues')
 reader witnesses  -> 594
 storage exposures -> 1
[MV-SI candidate 34856ddccca7f15d1807] {_governanceValues, mintedVotingPower}
 writer root       -> sol-tests/party/PartyGovernanceNFT.t.sol::PartyGovernanceNFTTest.testRageQuit()
 writer effect     -> contracts/party/PartyGovernanceNFT.sol:258
 written member    -> ('SV', 'contracts/party/PartyGovernance.sol', 'PartyGovernance._governanceValues')
 potentially stale -> ('SV', 'contracts/party/PartyGovernanceNFT.sol', 'PartyGovernanceNFT.mintedVotingPower')
 reader witnesses  -> 722
 storage exposures -> 1
[MV-SI candidate 34982301c5d85e966986] {exchangeRateBps, fundingSplitBps, maxTotalContributions, totalContributions}
 writer root       -> sol-tests/crowdfund/ReraiseETHCrowdfund.t.sol::ReraiseETHCrowdfundTest.test_finalize_onlyHostCanFinalizeEarlyWhenActive()
 writer effect     -> contracts/crowdfund/ETHCrowdfundBase.sol:212
 written member    -> ('SV', 'contracts/crowdfund/ETHCrowdfundBase.sol', 'ETHCrowdfundBase.totalContributions')
 potentially stale -> ('SV', 'contracts/crowdfund/ETHCrowdfundBase.sol', 'ETHCrowdfundBase.exchangeRateBps'), ('SV', 'contracts/crowdfund/ETHCrowdfundBase.sol', 'ETHCrowdfundBase.fundingSplitBps'), ('SV', 'contracts/crowdfund/ETHCrowdfundBase.sol', 'ETHCrowdfundBase.maxTotalContributions')
 reader witnesses  -> 2849
 storage exposures -> 1
[MV-SI candidate 34b97b7430626522f7e1] {maxTotalContributions, totalContributions}
 writer root       -> sol-tests/crowdfund/ReraiseETHCrowdfund.t.sol::ReraiseETHCrowdfundTest.test_claim_mintNewCard()
 writer effect     -> contracts/crowdfund/ETHCrowdfundBase.sol:226
 written member    -> ('SV', 'contracts/crowdfund/ETHCrowdfundBase.sol', 'ETHCrowdfundBase.totalContributions')
 potentially stale -> ('SV', 'contracts/crowdfund/ETHCrowdfundBase.sol', 'ETHCrowdfundBase.maxTotalContributions')
 reader witnesses  -> 324
 storage exposures -> 1
[MV-SI candidate 34cb76b74b3be2c5c3e7] {minTotalContributions, totalContributions}
 writer root       -> sol-tests/crowdfund/InitialETHCrowdfund.t.sol::InitialETHCrowdfundTest.test_refund_twice()
 writer effect     -> contracts/crowdfund/ETHCrowdfundBase.sol:212
 written member    -> ('SV', 'contracts/crowdfund/ETHCrowdfundBase.sol', 'ETHCrowdfundBase.totalContributions')
 potentially stale -> ('SV', 'contracts/crowdfund/ETHCrowdfundBase.sol', 'ETHCrowdfundBase.minTotalContributions')
 reader witnesses  -> 94
 storage exposures -> 1
[MV-SI candidate 34dc507ae247adf3d09b] {maxTotalContributions, totalContributions}
 writer root       -> sol-tests/crowdfund/ReraiseETHCrowdfund.t.sol::ReraiseETHCrowdfundTest.test_contribute_belowMinContribution()
 writer effect     -> contracts/crowdfund/ETHCrowdfundBase.sol:212
 written member    -> ('SV', 'contracts/crowdfund/ETHCrowdfundBase.sol', 'ETHCrowdfundBase.totalContributions')
 potentially stale -> ('SV', 'contracts/crowdfund/ETHCrowdfundBase.sol', 'ETHCrowdfundBase.maxTotalContributions')
 reader witnesses  -> 324
 storage exposures -> 1
[MV-SI candidate 34de2c711318cfc81d29] {maxTotalContributions, minContribution, totalContributions}
 writer root       -> sol-tests/crowdfund/ReraiseETHCrowdfund.t.sol::ReraiseETHCrowdfundTest.test_batchClaimMultiple_works()
 writer effect     -> contracts/crowdfund/ETHCrowdfundBase.sol:226
 written member    -> ('SV', 'contracts/crowdfund/ETHCrowdfundBase.sol', 'ETHCrowdfundBase.totalContributions')
 potentially stale -> ('SV', 'contracts/crowdfund/ETHCrowdfundBase.sol', 'ETHCrowdfundBase.maxTotalContributions'), ('SV', 'contracts/crowdfund/ETHCrowdfundBase.sol', 'ETHCrowdfundBase.minContribution')
 reader witnesses  -> 220
 storage exposures -> 1
[MV-SI candidate 34f0e201388aaa2a3d35] {minTotalContributions, totalContributions}
 writer root       -> sol-tests/crowdfund/InitialETHCrowdfund.t.sol::InitialETHCrowdfundTest.test_contribute_gatekeeperChecksSender()
 writer effect     -> contracts/crowdfund/ETHCrowdfundBase.sol:226
 written member    -> ('SV', 'contracts/crowdfund/ETHCrowdfundBase.sol', 'ETHCrowdfundBase.totalContributions')
 potentially stale -> ('SV', 'contracts/crowdfund/ETHCrowdfundBase.sol', 'ETHCrowdfundBase.minTotalContributions')
 reader witnesses  -> 94
 storage exposures -> 1
[MV-SI candidate 34f40a98bb776c67e72d] {maxTotalContributions, totalContributions}
 writer root       -> sol-tests/crowdfund/ReraiseETHCrowdfund.t.sol::ReraiseETHCrowdfundTest.test_contribute_cannotDelegateToZeroAddress()
 writer effect     -> contracts/crowdfund/ETHCrowdfundBase.sol:226
 written member    -> ('SV', 'contracts/crowdfund/ETHCrowdfundBase.sol', 'ETHCrowdfundBase.totalContributions')
 potentially stale -> ('SV', 'contracts/crowdfund/ETHCrowdfundBase.sol', 'ETHCrowdfundBase.maxTotalContributions')
 reader witnesses  -> 324
 storage exposures -> 1
[MV-SI candidate 3514d46061dab2ad9d08] {maxTotalContributions, totalContributions}
 writer root       -> sol-tests/crowdfund/ReraiseETHCrowdfund.t.sol::ReraiseETHCrowdfundTest.test_batchRefund_works()
 writer effect     -> contracts/crowdfund/ETHCrowdfundBase.sol:226
 written member    -> ('SV', 'contracts/crowdfund/ETHCrowdfundBase.sol', 'ETHCrowdfundBase.totalContributions')
 potentially stale -> ('SV', 'contracts/crowdfund/ETHCrowdfundBase.sol', 'ETHCrowdfundBase.maxTotalContributions')
 reader witnesses  -> 324
 storage exposures -> 1
[MV-SI candidate 3583562c2833b74f6b0a] {minTotalContributions, totalContributions}
 writer root       -> sol-tests/crowdfund/ReraiseETHCrowdfund.t.sol::ReraiseETHCrowdfundTest.test_contribute_aboveMaxTotalContributionWhenWhenContributionBelowMinContributionAfterRefund()
 writer effect     -> contracts/crowdfund/ETHCrowdfundBase.sol:212
 written member    -> ('SV', 'contracts/crowdfund/ETHCrowdfundBase.sol', 'ETHCrowdfundBase.totalContributions')
 potentially stale -> ('SV', 'contracts/crowdfund/ETHCrowdfundBase.sol', 'ETHCrowdfundBase.minTotalContributions')
 reader witnesses  -> 118
 storage exposures -> 1
[MV-SI candidate 35a5a1b10e637e6e6dfd] {_governanceValues, isAuthority[$sender]}
 writer root       -> contracts/party/PartyGovernanceNFT.sol::PartyGovernanceNFT.rageQuit(uint256[],IERC20[],address)
 writer effect     -> contracts/party/PartyGovernanceNFT.sol:258
 written member    -> ('SV', 'contracts/party/PartyGovernance.sol', 'PartyGovernance._governanceValues')
 potentially stale -> ('MS', 'contracts/party/PartyGovernanceNFT.sol', 'PartyGovernanceNFT.isAuthority', '$sender')
 reader witnesses  -> 183
 storage exposures -> 1
[MV-SI candidate 35b4dacc776be6819792] {_governanceValues, votingPowerByTokenId[$arg0]}
 writer root       -> sol-tests/crowdfund/ReraiseETHCrowdfund.t.sol::ReraiseETHCrowdfundTest.test_sendFundingSplit_works()
 writer effect     -> contracts/party/PartyGovernanceNFT.sol:230
 written member    -> ('SV', 'contracts/party/PartyGovernance.sol', 'PartyGovernance._governanceValues')
 potentially stale -> ('MS', 'contracts/party/PartyGovernanceNFT.sol', 'PartyGovernanceNFT.votingPowerByTokenId', '$arg0')
 reader witnesses  -> 249
 storage exposures -> 1
[MV-SI candidate 361b85b52b9089c8e445] {exchangeRateBps, fundingSplitBps, maxTotalContributions, totalContributions}
 writer root       -> sol-tests/crowdfund/ReraiseETHCrowdfund.t.sol::ReraiseETHCrowdfundTest.test_expiry_lost()
 writer effect     -> contracts/crowdfund/ETHCrowdfundBase.sol:212
 written member    -> ('SV', 'contracts/crowdfund/ETHCrowdfundBase.sol', 'ETHCrowdfundBase.totalContributions')
 potentially stale -> ('SV', 'contracts/crowdfund/ETHCrowdfundBase.sol', 'ETHCrowdfundBase.exchangeRateBps'), ('SV', 'contracts/crowdfund/ETHCrowdfundBase.sol', 'ETHCrowdfundBase.fundingSplitBps'), ('SV', 'contracts/crowdfund/ETHCrowdfundBase.sol', 'ETHCrowdfundBase.maxTotalContributions')
 reader witnesses  -> 2849
 storage exposures -> 1
[MV-SI candidate 3647bd8f902b4d7f617f] {_governanceValues, isAuthority[$sender]}
 writer root       -> contracts/crowdfund/InitialETHCrowdfund.sol::InitialETHCrowdfund.batchContribute(InitialETHCrowdfund.BatchContributeArgs)
 writer effect     -> contracts/party/PartyGovernanceNFT.sol:230
 written member    -> ('SV', 'contracts/party/PartyGovernance.sol', 'PartyGovernance._governanceValues')
 potentially stale -> ('MS', 'contracts/party/PartyGovernanceNFT.sol', 'PartyGovernanceNFT.isAuthority', '$sender')
 reader witnesses  -> 183
 storage exposures -> 1
[MV-SI candidate 36e99e36a74a183215de] {maxTotalContributions, totalContributions}
 writer root       -> sol-tests/crowdfund/ReraiseETHCrowdfund.t.sol::ReraiseETHCrowdfundTest.test_crowdfundCardTokenURI_whileCrowdfundActive()
 writer effect     -> contracts/crowdfund/ETHCrowdfundBase.sol:226
 written member    -> ('SV', 'contracts/crowdfund/ETHCrowdfundBase.sol', 'ETHCrowdfundBase.totalContributions')
 potentially stale -> ('SV', 'contracts/crowdfund/ETHCrowdfundBase.sol', 'ETHCrowdfundBase.maxTotalContributions')
 reader witnesses  -> 324
 storage exposures -> 1
[MV-SI candidate 36ed951a93c103524bc4] {maxTotalContributions, minContribution, totalContributions}
 writer root       -> sol-tests/crowdfund/InitialETHCrowdfund.t.sol::InitialETHCrowdfundTest.test_sendFundingSplit_cannotSendTwice()
 writer effect     -> contracts/crowdfund/ETHCrowdfundBase.sol:226
 written member    -> ('SV', 'contracts/crowdfund/ETHCrowdfundBase.sol', 'ETHCrowdfundBase.totalContributions')
 potentially stale -> ('SV', 'contracts/crowdfund/ETHCrowdfundBase.sol', 'ETHCrowdfundBase.maxTotalContributions'), ('SV', 'contracts/crowdfund/ETHCrowdfundBase.sol', 'ETHCrowdfundBase.minContribution')
 reader witnesses  -> 175
 storage exposures -> 1
[MV-SI candidate 375ab594e53e25480f16] {maxTotalContributions, minContribution, totalContributions}
 writer root       -> sol-tests/crowdfund/ReraiseETHCrowdfund.t.sol::ReraiseETHCrowdfundTest.test_initialization_cannotReinitialize()
 writer effect     -> contracts/crowdfund/ETHCrowdfundBase.sol:212
 written member    -> ('SV', 'contracts/crowdfund/ETHCrowdfundBase.sol', 'ETHCrowdfundBase.totalContributions')
 potentially stale -> ('SV', 'contracts/crowdfund/ETHCrowdfundBase.sol', 'ETHCrowdfundBase.maxTotalContributions'), ('SV', 'contracts/crowdfund/ETHCrowdfundBase.sol', 'ETHCrowdfundBase.minContribution')
 reader witnesses  -> 220
 storage exposures -> 1
[MV-SI candidate 37794c9687eeb7c26178] {exchangeRateBps, fundingSplitBps, maxTotalContributions, totalContributions}
 writer root       -> sol-tests/crowdfund/InitialETHCrowdfund.t.sol::InitialETHCrowdfundTest.test_contributeFor_doesNotUpdateExistingDelegation()
 writer effect     -> contracts/crowdfund/ETHCrowdfundBase.sol:226
 written member    -> ('SV', 'contracts/crowdfund/ETHCrowdfundBase.sol', 'ETHCrowdfundBase.totalContributions')
 potentially stale -> ('SV', 'contracts/crowdfund/ETHCrowdfundBase.sol', 'ETHCrowdfundBase.exchangeRateBps'), ('SV', 'contracts/crowdfund/ETHCrowdfundBase.sol', 'ETHCrowdfundBase.fundingSplitBps'), ('SV', 'contracts/crowdfund/ETHCrowdfundBase.sol', 'ETHCrowdfundBase.maxTotalContributions')
 reader witnesses  -> 2219
 storage exposures -> 1
[MV-SI candidate 37c054c2f5aa015b525d] {maxTotalContributions, minContribution, totalContributions}
 writer root       -> sol-tests/crowdfund/ReraiseETHCrowdfund.t.sol::ReraiseETHCrowdfundTest.test_contribute_aboveMaxContribution()
 writer effect     -> contracts/crowdfund/ETHCrowdfundBase.sol:212
 written member    -> ('SV', 'contracts/crowdfund/ETHCrowdfundBase.sol', 'ETHCrowdfundBase.totalContributions')
 potentially stale -> ('SV', 'contracts/crowdfund/ETHCrowdfundBase.sol', 'ETHCrowdfundBase.maxTotalContributions'), ('SV', 'contracts/crowdfund/ETHCrowdfundBase.sol', 'ETHCrowdfundBase.minContribution')
 reader witnesses  -> 220
 storage exposures -> 1
[MV-SI candidate 37eb783c661a86c1b6e8] {_governanceValues, votingPowerByTokenId[$arg0]}
 writer root       -> sol-tests/crowdfund/ReraiseETHCrowdfund.t.sol::ReraiseETHCrowdfundTest.test_initialization_cannotReinitialize()
 writer effect     -> contracts/party/PartyGovernanceNFT.sol:230
 written member    -> ('SV', 'contracts/party/PartyGovernance.sol', 'PartyGovernance._governanceValues')
 potentially stale -> ('MS', 'contracts/party/PartyGovernanceNFT.sol', 'PartyGovernanceNFT.votingPowerByTokenId', '$arg0')
 reader witnesses  -> 249
 storage exposures -> 1
[MV-SI candidate 38364eec104d04a7ffac] {minTotalContributions, totalContributions}
 writer root       -> sol-tests/crowdfund/ReraiseETHCrowdfund.t.sol::ReraiseETHCrowdfundTest.test_contribute_aboveMaxTotalContributionWhenWhenContributionBelowMinContributionAfterRefund()
 writer effect     -> contracts/crowdfund/ETHCrowdfundBase.sol:226
 written member    -> ('SV', 'contracts/crowdfund/ETHCrowdfundBase.sol', 'ETHCrowdfundBase.totalContributions')
 potentially stale -> ('SV', 'contracts/crowdfund/ETHCrowdfundBase.sol', 'ETHCrowdfundBase.minTotalContributions')
 reader witnesses  -> 118
 storage exposures -> 1
[MV-SI candidate 385ef936377cc21a062b] {maxTotalContributions, minContribution, totalContributions}
 writer root       -> sol-tests/crowdfund/ReraiseETHCrowdfund.t.sol::ReraiseETHCrowdfundTest.test_claim_mintNewCard_withDisableContributingForExistingCard()
 writer effect     -> contracts/crowdfund/ETHCrowdfundBase.sol:212
 written member    -> ('SV', 'contracts/crowdfund/ETHCrowdfundBase.sol', 'ETHCrowdfundBase.totalContributions')
 potentially stale -> ('SV', 'contracts/crowdfund/ETHCrowdfundBase.sol', 'ETHCrowdfundBase.maxTotalContributions'), ('SV', 'contracts/crowdfund/ETHCrowdfundBase.sol', 'ETHCrowdfundBase.minContribution')
 reader witnesses  -> 220
 storage exposures -> 1
[MV-SI candidate 387078683ffb8a61fe12] {minTotalContributions, totalContributions}
 writer root       -> sol-tests/crowdfund/ReraiseETHCrowdfund.t.sol::ReraiseETHCrowdfundTest.test_contribute_afterLost()
 writer effect     -> contracts/crowdfund/ETHCrowdfundBase.sol:226
 written member    -> ('SV', 'contracts/crowdfund/ETHCrowdfundBase.sol', 'ETHCrowdfundBase.totalContributions')
 potentially stale -> ('SV', 'contracts/crowdfund/ETHCrowdfundBase.sol', 'ETHCrowdfundBase.minTotalContributions')
 reader witnesses  -> 118
 storage exposures -> 1
[MV-SI candidate 3895dfe9c353c39b11d0] {maxTotalContributions, totalContributions}
 writer root       -> sol-tests/crowdfund/ReraiseETHCrowdfund.t.sol::ReraiseETHCrowdfundTest.test_expiry_lost()
 writer effect     -> contracts/crowdfund/ETHCrowdfundBase.sol:212
 written member    -> ('SV', 'contracts/crowdfund/ETHCrowdfundBase.sol', 'ETHCrowdfundBase.totalContributions')
 potentially stale -> ('SV', 'contracts/crowdfund/ETHCrowdfundBase.sol', 'ETHCrowdfundBase.maxTotalContributions')
 reader witnesses  -> 324
 storage exposures -> 1
[MV-SI candidate 38d6d80774a10c84d8ac] {exchangeRateBps, fundingSplitBps, maxTotalContributions, totalContributions}
 writer root       -> sol-tests/crowdfund/InitialETHCrowdfund.t.sol::InitialETHCrowdfundTest.test_contribute_aboveMaxTotalContributionWhenWhenContributionBelowMinContributionAfterRefund()
 writer effect     -> contracts/crowdfund/ETHCrowdfundBase.sol:226
 written member    -> ('SV', 'contracts/crowdfund/ETHCrowdfundBase.sol', 'ETHCrowdfundBase.totalContributions')
 potentially stale -> ('SV', 'contracts/crowdfund/ETHCrowdfundBase.sol', 'ETHCrowdfundBase.exchangeRateBps'), ('SV', 'contracts/crowdfund/ETHCrowdfundBase.sol', 'ETHCrowdfundBase.fundingSplitBps'), ('SV', 'contracts/crowdfund/ETHCrowdfundBase.sol', 'ETHCrowdfundBase.maxTotalContributions')
 reader witnesses  -> 2219
 storage exposures -> 1
[MV-SI candidate 39067b0f11f204c8c82b] {maxTotalContributions, minContribution, totalContributions}
 writer root       -> sol-tests/crowdfund/ReraiseETHCrowdfund.t.sol::ReraiseETHCrowdfundTest.test_sendFundingSplit_cannotSendIfNoFundingSplit()
 writer effect     -> contracts/crowdfund/ETHCrowdfundBase.sol:226
 written member    -> ('SV', 'contracts/crowdfund/ETHCrowdfundBase.sol', 'ETHCrowdfundBase.totalContributions')
 potentially stale -> ('SV', 'contracts/crowdfund/ETHCrowdfundBase.sol', 'ETHCrowdfundBase.maxTotalContributions'), ('SV', 'contracts/crowdfund/ETHCrowdfundBase.sol', 'ETHCrowdfundBase.minContribution')
 reader witnesses  -> 220
 storage exposures -> 1
[MV-SI candidate 39368f57397ec4ace0f9] {_governanceValues, mintedVotingPower}
 writer root       -> sol-tests/crowdfund/Crowdfund.t.sol::CrowdfundTest.testWin_participatingSplitRecipient_splitRecipientContributionPartiallyUsed()
 writer effect     -> contracts/party/PartyGovernanceNFT.sol:186
 written member    -> ('SV', 'contracts/party/PartyGovernanceNFT.sol', 'PartyGovernanceNFT.mintedVotingPower')
 potentially stale -> ('SV', 'contracts/party/PartyGovernance.sol', 'PartyGovernance._governanceValues')
 reader witnesses  -> 594
 storage exposures -> 1
[MV-SI candidate 3939ee644c9644a5fca7] {_governanceValues, votingPowerByTokenId[$arg0]}
 writer root       -> sol-tests/crowdfund/InitialETHCrowdfund.t.sol::InitialETHCrowdfundTest.test_contribute_cannotDelegateToZeroAddress()
 writer effect     -> contracts/party/PartyGovernanceNFT.sol:219
 written member    -> ('MS', 'contracts/party/PartyGovernanceNFT.sol', 'PartyGovernanceNFT.votingPowerByTokenId', '$arg0')
 potentially stale -> ('SV', 'contracts/party/PartyGovernance.sol', 'PartyGovernance._governanceValues')
 reader witnesses  -> 891
 storage exposures -> 1
[MV-SI candidate 39986cfe0c2f510b415a] {_governanceValues, mintedVotingPower}
 writer root       -> sol-tests/crowdfund/InitialETHCrowdfund.t.sol::InitialETHCrowdfundTest.test_finalize_withFundingSplit()
 writer effect     -> contracts/party/PartyGovernanceNFT.sol:218
 written member    -> ('SV', 'contracts/party/PartyGovernanceNFT.sol', 'PartyGovernanceNFT.mintedVotingPower')
 potentially stale -> ('SV', 'contracts/party/PartyGovernance.sol', 'PartyGovernance._governanceValues')
 reader witnesses  -> 594
 storage exposures -> 1
[MV-SI candidate 39e51ba5dda7a1d95736] {maxTotalContributions, minContribution, totalContributions}
 writer root       -> sol-tests/crowdfund/InitialETHCrowdfund.t.sol::InitialETHCrowdfundTest.test_initialization_cannotReinitialize()
 writer effect     -> contracts/crowdfund/ETHCrowdfundBase.sol:127
 written member    -> ('SV', 'contracts/crowdfund/ETHCrowdfundBase.sol', 'ETHCrowdfundBase.minContribution')
 potentially stale -> ('SV', 'contracts/crowdfund/ETHCrowdfundBase.sol', 'ETHCrowdfundBase.maxTotalContributions'), ('SV', 'contracts/crowdfund/ETHCrowdfundBase.sol', 'ETHCrowdfundBase.totalContributions')
 reader witnesses  -> 222
 storage exposures -> 1
[MV-SI candidate 3a0030851193c7827616] {maxTotalContributions, minContribution, totalContributions}
 writer root       -> sol-tests/crowdfund/InitialETHCrowdfund.t.sol::InitialETHCrowdfundTest.test_batchRefund_works()
 writer effect     -> contracts/crowdfund/ETHCrowdfundBase.sol:226
 written member    -> ('SV', 'contracts/crowdfund/ETHCrowdfundBase.sol', 'ETHCrowdfundBase.totalContributions')
 potentially stale -> ('SV', 'contracts/crowdfund/ETHCrowdfundBase.sol', 'ETHCrowdfundBase.maxTotalContributions'), ('SV', 'contracts/crowdfund/ETHCrowdfundBase.sol', 'ETHCrowdfundBase.minContribution')
 reader witnesses  -> 175
 storage exposures -> 1
[MV-SI candidate 3a0e964fce2f368930ac] {_governanceValues, votingPowerByTokenId[$arg0]}
 writer root       -> sol-tests/crowdfund/ReraiseETHCrowdfund.t.sol::ReraiseETHCrowdfundTest.test_contribute_aboveMaxTotalContribution()
 writer effect     -> contracts/party/PartyGovernanceNFT.sol:230
 written member    -> ('SV', 'contracts/party/PartyGovernance.sol', 'PartyGovernance._governanceValues')
 potentially stale -> ('MS', 'contracts/party/PartyGovernanceNFT.sol', 'PartyGovernanceNFT.votingPowerByTokenId', '$arg0')
 reader witnesses  -> 249
 storage exposures -> 1
[MV-SI candidate 3a3cebdfaff1bab8be47] {exchangeRateBps, fundingSplitBps, maxTotalContributions, totalContributions}
 writer root       -> sol-tests/crowdfund/ReraiseETHCrowdfund.t.sol::ReraiseETHCrowdfundTest.test_refund_twice()
 writer effect     -> contracts/crowdfund/ETHCrowdfundBase.sol:212
 written member    -> ('SV', 'contracts/crowdfund/ETHCrowdfundBase.sol', 'ETHCrowdfundBase.totalContributions')
 potentially stale -> ('SV', 'contracts/crowdfund/ETHCrowdfundBase.sol', 'ETHCrowdfundBase.exchangeRateBps'), ('SV', 'contracts/crowdfund/ETHCrowdfundBase.sol', 'ETHCrowdfundBase.fundingSplitBps'), ('SV', 'contracts/crowdfund/ETHCrowdfundBase.sol', 'ETHCrowdfundBase.maxTotalContributions')
 reader witnesses  -> 2849
 storage exposures -> 1
[MV-SI candidate 3a50e129f0fadc9ef58f] {_governanceValues, mintedVotingPower}
 writer root       -> sol-tests/crowdfund/ReraiseETHCrowdfund.t.sol::ReraiseETHCrowdfundTest.test_refund_twice()
 writer effect     -> contracts/party/PartyGovernanceNFT.sol:230
 written member    -> ('SV', 'contracts/party/PartyGovernance.sol', 'PartyGovernance._governanceValues')
 potentially stale -> ('SV', 'contracts/party/PartyGovernanceNFT.sol', 'PartyGovernanceNFT.mintedVotingPower')
 reader witnesses  -> 722
 storage exposures -> 1
[MV-SI candidate 3a7608535ed8ccfb503e] {_governanceValues, mintedVotingPower}
 writer root       -> sol-tests/crowdfund/ReraiseETHCrowdfund.t.sol::ReraiseETHCrowdfundTest.test_sendFundingSplit_works()
 writer effect     -> contracts/party/PartyGovernanceNFT.sol:230
 written member    -> ('SV', 'contracts/party/PartyGovernance.sol', 'PartyGovernance._governanceValues')
 potentially stale -> ('SV', 'contracts/party/PartyGovernanceNFT.sol', 'PartyGovernanceNFT.mintedVotingPower')
 reader witnesses  -> 722
 storage exposures -> 1
[MV-SI candidate 3a84d50e8c8f3b22691d] {_governanceValues, mintedVotingPower}
 writer root       -> contracts/crowdfund/InitialETHCrowdfund.sol::InitialETHCrowdfund.contributeFor(uint256,address,address,bytes)
 writer effect     -> contracts/party/PartyGovernanceNFT.sol:186
 written member    -> ('SV', 'contracts/party/PartyGovernanceNFT.sol', 'PartyGovernanceNFT.mintedVotingPower')
 potentially stale -> ('SV', 'contracts/party/PartyGovernance.sol', 'PartyGovernance._governanceValues')
 reader witnesses  -> 594
 storage exposures -> 1
[MV-SI candidate 3abd771e9935723b313f] {_governanceValues, votingPowerByTokenId[$arg0]}
 writer root       -> sol-tests/crowdfund/InitialETHCrowdfund.t.sol::InitialETHCrowdfundTest.test_contribute_aboveMaxTotalContribution()
 writer effect     -> contracts/party/PartyGovernanceNFT.sol:219
 written member    -> ('MS', 'contracts/party/PartyGovernanceNFT.sol', 'PartyGovernanceNFT.votingPowerByTokenId', '$arg0')
 potentially stale -> ('SV', 'contracts/party/PartyGovernance.sol', 'PartyGovernance._governanceValues')
 reader witnesses  -> 891
 storage exposures -> 1
[MV-SI candidate 3ad219a1da01f6bbbc7f] {maxTotalContributions, totalContributions}
 writer root       -> sol-tests/crowdfund/InitialETHCrowdfund.t.sol::InitialETHCrowdfundTest.test_batchRefund_works()
 writer effect     -> contracts/crowdfund/ETHCrowdfundBase.sol:226
 written member    -> ('SV', 'contracts/crowdfund/ETHCrowdfundBase.sol', 'ETHCrowdfundBase.totalContributions')
 potentially stale -> ('SV', 'contracts/crowdfund/ETHCrowdfundBase.sol', 'ETHCrowdfundBase.maxTotalContributions')
 reader witnesses  -> 264
 storage exposures -> 1
[MV-SI candidate 3adcf2c3b0673ba3ded9] {_governanceValues, mintedVotingPower}
 writer root       -> contracts/crowdfund/InitialETHCrowdfund.sol::InitialETHCrowdfund.contribute(address,bytes)
 writer effect     -> contracts/party/PartyGovernanceNFT.sol:218
 written member    -> ('SV', 'contracts/party/PartyGovernanceNFT.sol', 'PartyGovernanceNFT.mintedVotingPower')
 potentially stale -> ('SV', 'contracts/party/PartyGovernance.sol', 'PartyGovernance._governanceValues')
 reader witnesses  -> 594
 storage exposures -> 1
[MV-SI candidate 3b327e031d7b0fb3f9e5] {_governanceValues, votingPowerByTokenId[$arg0]}
 writer root       -> sol-tests/crowdfund/InitialETHCrowdfund.t.sol::InitialETHCrowdfundTest.test_sendFundingSplit_cannotSendTwice()
 writer effect     -> contracts/party/PartyGovernanceNFT.sol:230
 written member    -> ('SV', 'contracts/party/PartyGovernance.sol', 'PartyGovernance._governanceValues')
 potentially stale -> ('MS', 'contracts/party/PartyGovernanceNFT.sol', 'PartyGovernanceNFT.votingPowerByTokenId', '$arg0')
 reader witnesses  -> 249
 storage exposures -> 1
[MV-SI candidate 3bd196906b4676a6bd68] {minTotalContributions, totalContributions}
 writer root       -> sol-tests/crowdfund/ReraiseETHCrowdfund.t.sol::ReraiseETHCrowdfundTest.test_contribute_cannotDelegateToZeroAddress()
 writer effect     -> contracts/crowdfund/ETHCrowdfundBase.sol:226
 written member    -> ('SV', 'contracts/crowdfund/ETHCrowdfundBase.sol', 'ETHCrowdfundBase.totalContributions')
 potentially stale -> ('SV', 'contracts/crowdfund/ETHCrowdfundBase.sol', 'ETHCrowdfundBase.minTotalContributions')
 reader witnesses  -> 118
 storage exposures -> 1
[MV-SI candidate 3bf0e435d6c4a60e9129] {_governanceValues, votingPowerByTokenId[$arg0]}
 writer root       -> sol-tests/crowdfund/InitialETHCrowdfund.t.sol::InitialETHCrowdfundTest.test_contribute_addVotingPowerToExistingCard()
 writer effect     -> contracts/party/PartyGovernanceNFT.sol:219
 written member    -> ('MS', 'contracts/party/PartyGovernanceNFT.sol', 'PartyGovernanceNFT.votingPowerByTokenId', '$arg0')
 potentially stale -> ('SV', 'contracts/party/PartyGovernance.sol', 'PartyGovernance._governanceValues')
 reader witnesses  -> 891
 storage exposures -> 1
[MV-SI candidate 3c4184fa3ff5aefd0e98] {_governanceValues, votingPowerByTokenId[$arg0]}
 writer root       -> sol-tests/crowdfund/InitialETHCrowdfund.t.sol::InitialETHCrowdfundTest.test_finalize_works()
 writer effect     -> contracts/party/PartyGovernanceNFT.sol:230
 written member    -> ('SV', 'contracts/party/PartyGovernance.sol', 'PartyGovernance._governanceValues')
 potentially stale -> ('MS', 'contracts/party/PartyGovernanceNFT.sol', 'PartyGovernanceNFT.votingPowerByTokenId', '$arg0')
 reader witnesses  -> 249
 storage exposures -> 1
[MV-SI candidate 3c5009ee24ac5855ff50] {minTotalContributions, totalContributions}
 writer root       -> sol-tests/crowdfund/InitialETHCrowdfund.t.sol::InitialETHCrowdfundTest.test_partyCardTokenURI_whileCrowdfundFinalized()
 writer effect     -> contracts/crowdfund/ETHCrowdfundBase.sol:226
 written member    -> ('SV', 'contracts/crowdfund/ETHCrowdfundBase.sol', 'ETHCrowdfundBase.totalContributions')
 potentially stale -> ('SV', 'contracts/crowdfund/ETHCrowdfundBase.sol', 'ETHCrowdfundBase.minTotalContributions')
 reader witnesses  -> 94
 storage exposures -> 1
[MV-SI candidate 3c5236d132f710adabd7] {_governanceValues, mintedVotingPower}
 writer root       -> sol-tests/crowdfund/ReraiseETHCrowdfund.t.sol::ReraiseETHCrowdfundTest.test_claimMultiple_votingPowerOfCardAboveMax()
 writer effect     -> contracts/party/PartyGovernanceNFT.sol:186
 written member    -> ('SV', 'contracts/party/PartyGovernanceNFT.sol', 'PartyGovernanceNFT.mintedVotingPower')
 potentially stale -> ('SV', 'contracts/party/PartyGovernance.sol', 'PartyGovernance._governanceValues')
 reader witnesses  -> 594
 storage exposures -> 1
[MV-SI candidate 3c72f58db72be8231c02] {maxTotalContributions, totalContributions}
 writer root       -> contracts/crowdfund/InitialETHCrowdfund.sol::InitialETHCrowdfund.initialize(InitialETHCrowdfund.InitialETHCrowdfundOptions,InitialETHCrowdfund.ETHPartyOptions)
 writer effect     -> contracts/crowdfund/ETHCrowdfundBase.sol:212
 written member    -> ('SV', 'contracts/crowdfund/ETHCrowdfundBase.sol', 'ETHCrowdfundBase.totalContributions')
 potentially stale -> ('SV', 'contracts/crowdfund/ETHCrowdfundBase.sol', 'ETHCrowdfundBase.maxTotalContributions')
 reader witnesses  -> 264
 storage exposures -> 1
[MV-SI candidate 3c7839a9ca555f537d67] {_governanceValues, isAuthority[$sender]}
 writer root       -> sol-tests/crowdfund/ReraiseETHCrowdfund.t.sol::ReraiseETHCrowdfundTest.test_finalize_withFundingSplit()
 writer effect     -> contracts/party/PartyGovernanceNFT.sol:230
 written member    -> ('SV', 'contracts/party/PartyGovernance.sol', 'PartyGovernance._governanceValues')
 potentially stale -> ('MS', 'contracts/party/PartyGovernanceNFT.sol', 'PartyGovernanceNFT.isAuthority', '$sender')
 reader witnesses  -> 183
 storage exposures -> 1
[MV-SI candidate 3c9a17cedefe33e005c7] {_governanceValues, mintedVotingPower}
 writer root       -> sol-tests/party/PartyGovernanceNFT.t.sol::PartyGovernanceNFTTest.testBurn()
 writer effect     -> contracts/party/PartyGovernanceNFT.sol:258
 written member    -> ('SV', 'contracts/party/PartyGovernance.sol', 'PartyGovernance._governanceValues')
 potentially stale -> ('SV', 'contracts/party/PartyGovernanceNFT.sol', 'PartyGovernanceNFT.mintedVotingPower')
 reader witnesses  -> 722
 storage exposures -> 1
[MV-SI candidate 3ca23edff12179cbe9ac] {exchangeRateBps, fundingSplitBps, maxTotalContributions, totalContributions}
 writer root       -> sol-tests/crowdfund/InitialETHCrowdfund.t.sol::InitialETHCrowdfundTest.test_refund_works()
 writer effect     -> contracts/crowdfund/ETHCrowdfundBase.sol:212
 written member    -> ('SV', 'contracts/crowdfund/ETHCrowdfundBase.sol', 'ETHCrowdfundBase.totalContributions')
 potentially stale -> ('SV', 'contracts/crowdfund/ETHCrowdfundBase.sol', 'ETHCrowdfundBase.exchangeRateBps'), ('SV', 'contracts/crowdfund/ETHCrowdfundBase.sol', 'ETHCrowdfundBase.fundingSplitBps'), ('SV', 'contracts/crowdfund/ETHCrowdfundBase.sol', 'ETHCrowdfundBase.maxTotalContributions')
 reader witnesses  -> 2219
 storage exposures -> 1
[MV-SI candidate 3cbb5184acfc816e17bf] {maxTotalContributions, totalContributions}
 writer root       -> sol-tests/crowdfund/InitialETHCrowdfund.t.sol::InitialETHCrowdfundTest.test_contribute_cannotDelegateToZeroAddress()
 writer effect     -> contracts/crowdfund/ETHCrowdfundBase.sol:212
 written member    -> ('SV', 'contracts/crowdfund/ETHCrowdfundBase.sol', 'ETHCrowdfundBase.totalContributions')
 potentially stale -> ('SV', 'contracts/crowdfund/ETHCrowdfundBase.sol', 'ETHCrowdfundBase.maxTotalContributions')
 reader witnesses  -> 264
 storage exposures -> 1
[MV-SI candidate 3d0c9053fa1e50516b7d] {minTotalContributions, totalContributions}
 writer root       -> sol-tests/crowdfund/InitialETHCrowdfund.t.sol::InitialETHCrowdfundTest.test_contribute_cannotDelegateToZeroAddress()
 writer effect     -> contracts/crowdfund/ETHCrowdfundBase.sol:212
 written member    -> ('SV', 'contracts/crowdfund/ETHCrowdfundBase.sol', 'ETHCrowdfundBase.totalContributions')
 potentially stale -> ('SV', 'contracts/crowdfund/ETHCrowdfundBase.sol', 'ETHCrowdfundBase.minTotalContributions')
 reader witnesses  -> 94
 storage exposures -> 1
[MV-SI candidate 3d626a25254c3b0f45a5] {exchangeRateBps, fundingSplitBps, maxTotalContributions, totalContributions}
 writer root       -> contracts/crowdfund/InitialETHCrowdfund.sol::InitialETHCrowdfund.initialize(InitialETHCrowdfund.InitialETHCrowdfundOptions,InitialETHCrowdfund.ETHPartyOptions)
 writer effect     -> contracts/crowdfund/ETHCrowdfundBase.sol:226
 written member    -> ('SV', 'contracts/crowdfund/ETHCrowdfundBase.sol', 'ETHCrowdfundBase.totalContributions')
 potentially stale -> ('SV', 'contracts/crowdfund/ETHCrowdfundBase.sol', 'ETHCrowdfundBase.exchangeRateBps'), ('SV', 'contracts/crowdfund/ETHCrowdfundBase.sol', 'ETHCrowdfundBase.fundingSplitBps'), ('SV', 'contracts/crowdfund/ETHCrowdfundBase.sol', 'ETHCrowdfundBase.maxTotalContributions')
 reader witnesses  -> 2219
 storage exposures -> 1
[MV-SI candidate 3d642455dccc28ef5a38] {maxTotalContributions, totalContributions}
 writer root       -> contracts/crowdfund/ReraiseETHCrowdfund.sol::ReraiseETHCrowdfund.batchContribute(ReraiseETHCrowdfund.BatchContributeArgs)
 writer effect     -> contracts/crowdfund/ETHCrowdfundBase.sol:212
 written member    -> ('SV', 'contracts/crowdfund/ETHCrowdfundBase.sol', 'ETHCrowdfundBase.totalContributions')
 potentially stale -> ('SV', 'contracts/crowdfund/ETHCrowdfundBase.sol', 'ETHCrowdfundBase.maxTotalContributions')
 reader witnesses  -> 324
 storage exposures -> 1
[MV-SI candidate 3d7afcfe63945bf7b558] {_governanceValues, mintedVotingPower}
 writer root       -> sol-tests/crowdfund/ReraiseETHCrowdfund.t.sol::ReraiseETHCrowdfundTest.test_claim_mintNewCard_withDisableContributingForExistingCard()
 writer effect     -> contracts/party/PartyGovernanceNFT.sol:218
 written member    -> ('SV', 'contracts/party/PartyGovernanceNFT.sol', 'PartyGovernanceNFT.mintedVotingPower')
 potentially stale -> ('SV', 'contracts/party/PartyGovernance.sol', 'PartyGovernance._governanceValues')
 reader witnesses  -> 594
 storage exposures -> 1
[MV-SI candidate 3db154e89bf19dfbca4e] {_governanceValues, isAuthority[$sender]}
 writer root       -> sol-tests/crowdfund/InitialETHCrowdfund.t.sol::InitialETHCrowdfundTest.test_fundingSplit_contributionAndRefund()
 writer effect     -> contracts/party/PartyGovernanceNFT.sol:230
 written member    -> ('SV', 'contracts/party/PartyGovernance.sol', 'PartyGovernance._governanceValues')
 potentially stale -> ('MS', 'contracts/party/PartyGovernanceNFT.sol', 'PartyGovernanceNFT.isAuthority', '$sender')
 reader witnesses  -> 183
 storage exposures -> 1
[MV-SI candidate 3e0681f6ff7139851c5f] {_governanceValues, isAuthority[$sender]}
 writer root       -> contracts/crowdfund/InitialETHCrowdfund.sol::InitialETHCrowdfund.contribute(address,bytes)
 writer effect     -> contracts/party/PartyGovernanceNFT.sol:230
 written member    -> ('SV', 'contracts/party/PartyGovernance.sol', 'PartyGovernance._governanceValues')
 potentially stale -> ('MS', 'contracts/party/PartyGovernanceNFT.sol', 'PartyGovernanceNFT.isAuthority', '$sender')
 reader witnesses  -> 183
 storage exposures -> 1
[MV-SI candidate 3e37cdc8d6cb06f0c354] {minTotalContributions, totalContributions}
 writer root       -> sol-tests/crowdfund/ReraiseETHCrowdfund.t.sol::ReraiseETHCrowdfundTest.test_sendFundingSplit_cannotSendTwice()
 writer effect     -> contracts/crowdfund/ETHCrowdfundBase.sol:212
 written member    -> ('SV', 'contracts/crowdfund/ETHCrowdfundBase.sol', 'ETHCrowdfundBase.totalContributions')
 potentially stale -> ('SV', 'contracts/crowdfund/ETHCrowdfundBase.sol', 'ETHCrowdfundBase.minTotalContributions')
 reader witnesses  -> 118
 storage exposures -> 1
[MV-SI candidate 3e689166e0a44c4b435b] {_governanceValues, votingPowerByTokenId[$arg0]}
 writer root       -> sol-tests/crowdfund/ReraiseETHCrowdfund.t.sol::ReraiseETHCrowdfundTest.test_contributeFor_doesNotUpdateExistingDelegation()
 writer effect     -> contracts/party/PartyGovernanceNFT.sol:230
 written member    -> ('SV', 'contracts/party/PartyGovernance.sol', 'PartyGovernance._governanceValues')
 potentially stale -> ('MS', 'contracts/party/PartyGovernanceNFT.sol', 'PartyGovernanceNFT.votingPowerByTokenId', '$arg0')
 reader witnesses  -> 249
 storage exposures -> 1
[MV-SI candidate 3e81fdfb6966bf475c04] {_governanceValues, mintedVotingPower}
 writer root       -> sol-tests/crowdfund/InitialETHCrowdfund.t.sol::InitialETHCrowdfundTest.test_contribute_noVotingPower()
 writer effect     -> contracts/party/PartyGovernanceNFT.sol:230
 written member    -> ('SV', 'contracts/party/PartyGovernance.sol', 'PartyGovernance._governanceValues')
 potentially stale -> ('SV', 'contracts/party/PartyGovernanceNFT.sol', 'PartyGovernanceNFT.mintedVotingPower')
 reader witnesses  -> 722
 storage exposures -> 1
[MV-SI candidate 3e84fb88e2a0e6169b3f] {_governanceValues, isAuthority[$sender]}
 writer root       -> sol-tests/crowdfund/InitialETHCrowdfund.t.sol::InitialETHCrowdfundTest.test_sendFundingSplit_canOnlySendWhenFinalized()
 writer effect     -> contracts/party/PartyGovernanceNFT.sol:230
 written member    -> ('SV', 'contracts/party/PartyGovernance.sol', 'PartyGovernance._governanceValues')
 potentially stale -> ('MS', 'contracts/party/PartyGovernanceNFT.sol', 'PartyGovernanceNFT.isAuthority', '$sender')
 reader witnesses  -> 183
 storage exposures -> 1
[MV-SI candidate 3e8e0d5ce69d8b13a790] {minTotalContributions, totalContributions}
 writer root       -> sol-tests/crowdfund/InitialETHCrowdfund.t.sol::InitialETHCrowdfundTest.test_finalize_works()
 writer effect     -> contracts/crowdfund/ETHCrowdfundBase.sol:212
 written member    -> ('SV', 'contracts/crowdfund/ETHCrowdfundBase.sol', 'ETHCrowdfundBase.totalContributions')
 potentially stale -> ('SV', 'contracts/crowdfund/ETHCrowdfundBase.sol', 'ETHCrowdfundBase.minTotalContributions')
 reader witnesses  -> 94
 storage exposures -> 1
[MV-SI candidate 3ea12dfdbd278bf8e0f4] {_governanceValues, votingPowerByTokenId[$arg0]}
 writer root       -> sol-tests/crowdfund/InitialETHCrowdfund.t.sol::InitialETHCrowdfundTest.test_contribute_mintNewCard()
 writer effect     -> contracts/party/PartyGovernanceNFT.sol:219
 written member    -> ('MS', 'contracts/party/PartyGovernanceNFT.sol', 'PartyGovernanceNFT.votingPowerByTokenId', '$arg0')
 potentially stale -> ('SV', 'contracts/party/PartyGovernance.sol', 'PartyGovernance._governanceValues')
 reader witnesses  -> 891
 storage exposures -> 1
[MV-SI candidate 3eba13e29464da7a30a2] {_governanceValues, votingPowerByTokenId[$arg0]}
 writer root       -> sol-tests/party/PartyGovernanceNFT.t.sol::ReenteringContract.transfer(address,uint256)
 writer effect     -> contracts/party/PartyGovernanceNFT.sol:258
 written member    -> ('SV', 'contracts/party/PartyGovernance.sol', 'PartyGovernance._governanceValues')
 potentially stale -> ('MS', 'contracts/party/PartyGovernanceNFT.sol', 'PartyGovernanceNFT.votingPowerByTokenId', '$arg0')
 reader witnesses  -> 249
 storage exposures -> 1
[MV-SI candidate 3edec282e208e3612f74] {maxTotalContributions, minContribution, totalContributions}
 writer root       -> sol-tests/crowdfund/InitialETHCrowdfund.t.sol::InitialETHCrowdfundTest.test_contribute_mintNewCard_withDisableContributingForExistingCard()
 writer effect     -> contracts/crowdfund/ETHCrowdfundBase.sol:212
 written member    -> ('SV', 'contracts/crowdfund/ETHCrowdfundBase.sol', 'ETHCrowdfundBase.totalContributions')
 potentially stale -> ('SV', 'contracts/crowdfund/ETHCrowdfundBase.sol', 'ETHCrowdfundBase.maxTotalContributions'), ('SV', 'contracts/crowdfund/ETHCrowdfundBase.sol', 'ETHCrowdfundBase.minContribution')
 reader witnesses  -> 175
 storage exposures -> 1
[MV-SI candidate 3f4171cac52af8f95e4a] {maxTotalContributions, totalContributions}
 writer root       -> sol-tests/crowdfund/InitialETHCrowdfund.t.sol::InitialETHCrowdfundTest.test_contributeFor_works()
 writer effect     -> contracts/crowdfund/ETHCrowdfundBase.sol:226
 written member    -> ('SV', 'contracts/crowdfund/ETHCrowdfundBase.sol', 'ETHCrowdfundBase.totalContributions')
 potentially stale -> ('SV', 'contracts/crowdfund/ETHCrowdfundBase.sol', 'ETHCrowdfundBase.maxTotalContributions')
 reader witnesses  -> 264
 storage exposures -> 1
[MV-SI candidate 3f45b8fc05e268cf80fc] {_governanceValues, isAuthority[$sender]}
 writer root       -> contracts/crowdfund/InitialETHCrowdfund.sol::InitialETHCrowdfund.contribute(uint256,address,bytes)
 writer effect     -> contracts/party/PartyGovernanceNFT.sol:230
 written member    -> ('SV', 'contracts/party/PartyGovernance.sol', 'PartyGovernance._governanceValues')
 potentially stale -> ('MS', 'contracts/party/PartyGovernanceNFT.sol', 'PartyGovernanceNFT.isAuthority', '$sender')
 reader witnesses  -> 183
 storage exposures -> 1
[MV-SI candidate 3f5ae1dee6768d4d9f76] {minTotalContributions, totalContributions}
 writer root       -> sol-tests/crowdfund/ReraiseETHCrowdfund.t.sol::ReraiseETHCrowdfundTest.test_finalize_anyoneCanFinalizeWhenExpired()
 writer effect     -> contracts/crowdfund/ETHCrowdfundBase.sol:212
 written member    -> ('SV', 'contracts/crowdfund/ETHCrowdfundBase.sol', 'ETHCrowdfundBase.totalContributions')
 potentially stale -> ('SV', 'contracts/crowdfund/ETHCrowdfundBase.sol', 'ETHCrowdfundBase.minTotalContributions')
 reader witnesses  -> 118
 storage exposures -> 1
[MV-SI candidate 3f63f828d79f9237b92d] {maxTotalContributions, totalContributions}
 writer root       -> sol-tests/crowdfund/ReraiseETHCrowdfund.t.sol::ReraiseETHCrowdfundTest.test_contribute_gatekeeperChecksSender()
 writer effect     -> contracts/crowdfund/ETHCrowdfundBase.sol:226
 written member    -> ('SV', 'contracts/crowdfund/ETHCrowdfundBase.sol', 'ETHCrowdfundBase.totalContributions')
 potentially stale -> ('SV', 'contracts/crowdfund/ETHCrowdfundBase.sol', 'ETHCrowdfundBase.maxTotalContributions')
 reader witnesses  -> 324
 storage exposures -> 1
[MV-SI candidate 3f8686f7919a51d28f45] {_governanceValues, mintedVotingPower}
 writer root       -> sol-tests/crowdfund/ReraiseETHCrowdfund.t.sol::ReraiseETHCrowdfundTest.test_claim_mintNewCard_withDisableContributingForExistingCard()
 writer effect     -> contracts/party/PartyGovernanceNFT.sol:230
 written member    -> ('SV', 'contracts/party/PartyGovernance.sol', 'PartyGovernance._governanceValues')
 potentially stale -> ('SV', 'contracts/party/PartyGovernanceNFT.sol', 'PartyGovernanceNFT.mintedVotingPower')
 reader witnesses  -> 722
 storage exposures -> 1
[MV-SI candidate 3f8efe6816837e664f8d] {exchangeRateBps, fundingSplitBps, maxTotalContributions, totalContributions}
 writer root       -> contracts/crowdfund/InitialETHCrowdfund.sol::InitialETHCrowdfund.batchContribute(InitialETHCrowdfund.BatchContributeArgs)
 writer effect     -> contracts/crowdfund/ETHCrowdfundBase.sol:226
 written member    -> ('SV', 'contracts/crowdfund/ETHCrowdfundBase.sol', 'ETHCrowdfundBase.totalContributions')
 potentially stale -> ('SV', 'contracts/crowdfund/ETHCrowdfundBase.sol', 'ETHCrowdfundBase.exchangeRateBps'), ('SV', 'contracts/crowdfund/ETHCrowdfundBase.sol', 'ETHCrowdfundBase.fundingSplitBps'), ('SV', 'contracts/crowdfund/ETHCrowdfundBase.sol', 'ETHCrowdfundBase.maxTotalContributions')
 reader witnesses  -> 2219
 storage exposures -> 1
[MV-SI candidate 3f96cc59e100e74886ae] {maxTotalContributions, minContribution, totalContributions}
 writer root       -> contracts/crowdfund/InitialETHCrowdfund.sol::InitialETHCrowdfund.contribute(uint256,address,bytes)
 writer effect     -> contracts/crowdfund/ETHCrowdfundBase.sol:226
 written member    -> ('SV', 'contracts/crowdfund/ETHCrowdfundBase.sol', 'ETHCrowdfundBase.totalContributions')
 potentially stale -> ('SV', 'contracts/crowdfund/ETHCrowdfundBase.sol', 'ETHCrowdfundBase.maxTotalContributions'), ('SV', 'contracts/crowdfund/ETHCrowdfundBase.sol', 'ETHCrowdfundBase.minContribution')
 reader witnesses  -> 175
 storage exposures -> 1
[MV-SI candidate 3fe686567ac6230c56ac] {_governanceValues, mintedVotingPower}
 writer root       -> contracts/crowdfund/ReraiseETHCrowdfund.sol::ReraiseETHCrowdfund.contributeFor(address,address,bytes)
 writer effect     -> contracts/party/PartyGovernanceNFT.sol:230
 written member    -> ('SV', 'contracts/party/PartyGovernance.sol', 'PartyGovernance._governanceValues')
 potentially stale -> ('SV', 'contracts/party/PartyGovernanceNFT.sol', 'PartyGovernanceNFT.mintedVotingPower')
 reader witnesses  -> 722
 storage exposures -> 1
[MV-SI candidate 4000d57990f6c553f73b] {minTotalContributions, totalContributions}
 writer root       -> sol-tests/crowdfund/InitialETHCrowdfund.t.sol::InitialETHCrowdfundTest.test_contribute_withFundingSplit()
 writer effect     -> contracts/crowdfund/ETHCrowdfundBase.sol:226
 written member    -> ('SV', 'contracts/crowdfund/ETHCrowdfundBase.sol', 'ETHCrowdfundBase.totalContributions')
 potentially stale -> ('SV', 'contracts/crowdfund/ETHCrowdfundBase.sol', 'ETHCrowdfundBase.minTotalContributions')
 reader witnesses  -> 94
 storage exposures -> 1
[MV-SI candidate 40c322839f774bd09fe9] {maxTotalContributions, minContribution, totalContributions}
 writer root       -> sol-tests/crowdfund/InitialETHCrowdfund.t.sol::InitialETHCrowdfundTest.test_fundingSplit_contributionAndRefund()
 writer effect     -> contracts/crowdfund/ETHCrowdfundBase.sol:226
 written member    -> ('SV', 'contracts/crowdfund/ETHCrowdfundBase.sol', 'ETHCrowdfundBase.totalContributions')
 potentially stale -> ('SV', 'contracts/crowdfund/ETHCrowdfundBase.sol', 'ETHCrowdfundBase.maxTotalContributions'), ('SV', 'contracts/crowdfund/ETHCrowdfundBase.sol', 'ETHCrowdfundBase.minContribution')
 reader witnesses  -> 175
 storage exposures -> 1
[MV-SI candidate 40ceb7bb19b1028aa16b] {maxTotalContributions, totalContributions}
 writer root       -> sol-tests/crowdfund/ReraiseETHCrowdfund.t.sol::ReraiseETHCrowdfundTest.test_claimMultiple_votingPowerOfCardAboveMax()
 writer effect     -> contracts/crowdfund/ETHCrowdfundBase.sol:212
 written member    -> ('SV', 'contracts/crowdfund/ETHCrowdfundBase.sol', 'ETHCrowdfundBase.totalContributions')
 potentially stale -> ('SV', 'contracts/crowdfund/ETHCrowdfundBase.sol', 'ETHCrowdfundBase.maxTotalContributions')
 reader witnesses  -> 324
 storage exposures -> 1
[MV-SI candidate 40e5dec04e22b2514e18] {_governanceValues, votingPowerByTokenId[$arg0]}
 writer root       -> sol-tests/crowdfund/ReraiseETHCrowdfund.t.sol::ReraiseETHCrowdfundTest.test_finalize_works()
 writer effect     -> contracts/party/PartyGovernanceNFT.sol:230
 written member    -> ('SV', 'contracts/party/PartyGovernance.sol', 'PartyGovernance._governanceValues')
 potentially stale -> ('MS', 'contracts/party/PartyGovernanceNFT.sol', 'PartyGovernanceNFT.votingPowerByTokenId', '$arg0')
 reader witnesses  -> 249
 storage exposures -> 1
[MV-SI candidate 40f3bdff4e914cdb8de5] {_governanceValues, votingPowerByTokenId[$arg0]}
 writer root       -> sol-tests/crowdfund/ReraiseETHCrowdfund.t.sol::ReraiseETHCrowdfundTest.test_sendFundingSplit_cannotSendIfNoFundingSplit()
 writer effect     -> contracts/party/PartyGovernanceNFT.sol:230
 written member    -> ('SV', 'contracts/party/PartyGovernance.sol', 'PartyGovernance._governanceValues')
 potentially stale -> ('MS', 'contracts/party/PartyGovernanceNFT.sol', 'PartyGovernanceNFT.votingPowerByTokenId', '$arg0')
 reader witnesses  -> 249
 storage exposures -> 1
[MV-SI candidate 4143d0b181f5335f7cc7] {_governanceValues, mintedVotingPower}
 writer root       -> sol-tests/crowdfund/InitialETHCrowdfund.t.sol::InitialETHCrowdfundTest.test_refund_notLost()
 writer effect     -> contracts/party/PartyGovernanceNFT.sol:254
 written member    -> ('SV', 'contracts/party/PartyGovernanceNFT.sol', 'PartyGovernanceNFT.mintedVotingPower')
 potentially stale -> ('SV', 'contracts/party/PartyGovernance.sol', 'PartyGovernance._governanceValues')
 reader witnesses  -> 594
 storage exposures -> 1
[MV-SI candidate 4180876a38c9d0d1855a] {_governanceValues, isAuthority[$sender]}
 writer root       -> contracts/crowdfund/ReraiseETHCrowdfund.sol::ReraiseETHCrowdfund.batchContribute(ReraiseETHCrowdfund.BatchContributeArgs)
 writer effect     -> contracts/party/PartyGovernanceNFT.sol:230
 written member    -> ('SV', 'contracts/party/PartyGovernance.sol', 'PartyGovernance._governanceValues')
 potentially stale -> ('MS', 'contracts/party/PartyGovernanceNFT.sol', 'PartyGovernanceNFT.isAuthority', '$sender')
 reader witnesses  -> 183
 storage exposures -> 1
[MV-SI candidate 41972a6ea52243781f88] {_governanceValues, mintedVotingPower}
 writer root       -> sol-tests/crowdfund/Crowdfund.t.sol::CrowdfundTest.testBurn_failMintingGovNFT()
 writer effect     -> contracts/party/PartyGovernanceNFT.sol:186
 written member    -> ('SV', 'contracts/party/PartyGovernanceNFT.sol', 'PartyGovernanceNFT.mintedVotingPower')
 potentially stale -> ('SV', 'contracts/party/PartyGovernance.sol', 'PartyGovernance._governanceValues')
 reader witnesses  -> 594
 storage exposures -> 1
[MV-SI candidate 41bae3a3249172ad37f2] {minTotalContributions, totalContributions}
 writer root       -> sol-tests/crowdfund/InitialETHCrowdfund.t.sol::InitialETHCrowdfundTest.test_contribute_cannotDelegateToZeroAddress()
 writer effect     -> contracts/crowdfund/ETHCrowdfundBase.sol:226
 written member    -> ('SV', 'contracts/crowdfund/ETHCrowdfundBase.sol', 'ETHCrowdfundBase.totalContributions')
 potentially stale -> ('SV', 'contracts/crowdfund/ETHCrowdfundBase.sol', 'ETHCrowdfundBase.minTotalContributions')
 reader witnesses  -> 94
 storage exposures -> 1
[MV-SI candidate 41cd7324c7ed0c633115] {exchangeRateBps, fundingSplitBps, maxTotalContributions, totalContributions}
 writer root       -> sol-tests/crowdfund/ReraiseETHCrowdfund.t.sol::ReraiseETHCrowdfundTest.test_sendFundingSplit_canOnlySendWhenFinalized()
 writer effect     -> contracts/crowdfund/ETHCrowdfundBase.sol:212
 written member    -> ('SV', 'contracts/crowdfund/ETHCrowdfundBase.sol', 'ETHCrowdfundBase.totalContributions')
 potentially stale -> ('SV', 'contracts/crowdfund/ETHCrowdfundBase.sol', 'ETHCrowdfundBase.exchangeRateBps'), ('SV', 'contracts/crowdfund/ETHCrowdfundBase.sol', 'ETHCrowdfundBase.fundingSplitBps'), ('SV', 'contracts/crowdfund/ETHCrowdfundBase.sol', 'ETHCrowdfundBase.maxTotalContributions')
 reader witnesses  -> 2849
 storage exposures -> 1
[MV-SI candidate 41fcc917f11374d0e430] {_governanceValues, mintedVotingPower}
 writer root       -> sol-tests/party/PartyGovernanceNFT.t.sol::PartyGovernanceNFTTest.testRageQuit_cannotReenter()
 writer effect     -> contracts/party/PartyGovernanceNFT.sol:186
 written member    -> ('SV', 'contracts/party/PartyGovernanceNFT.sol', 'PartyGovernanceNFT.mintedVotingPower')
 potentially stale -> ('SV', 'contracts/party/PartyGovernance.sol', 'PartyGovernance._governanceValues')
 reader witnesses  -> 594
 storage exposures -> 1
[MV-SI candidate 420f21a2440ada39e5fa] {_governanceValues, mintedVotingPower}
 writer root       -> contracts/crowdfund/ReraiseETHCrowdfund.sol::ReraiseETHCrowdfund.claim(uint256,address)
 writer effect     -> contracts/party/PartyGovernanceNFT.sol:218
 written member    -> ('SV', 'contracts/party/PartyGovernanceNFT.sol', 'PartyGovernanceNFT.mintedVotingPower')
 potentially stale -> ('SV', 'contracts/party/PartyGovernance.sol', 'PartyGovernance._governanceValues')
 reader witnesses  -> 594
 storage exposures -> 1
[MV-SI candidate 4218eb7616c6ee13d97e] {_governanceValues, mintedVotingPower}
 writer root       -> sol-tests/crowdfund/Crowdfund.t.sol::CrowdfundTest.testWin_twoContributorsSandiwched_partialContributionUsed()
 writer effect     -> contracts/party/PartyGovernanceNFT.sol:186
 written member    -> ('SV', 'contracts/party/PartyGovernanceNFT.sol', 'PartyGovernanceNFT.mintedVotingPower')
 potentially stale -> ('SV', 'contracts/party/PartyGovernance.sol', 'PartyGovernance._governanceValues')
 reader witnesses  -> 594
 storage exposures -> 1
[MV-SI candidate 4248781ced99ee7eea47] {maxTotalContributions, minContribution, totalContributions}
 writer root       -> sol-tests/crowdfund/InitialETHCrowdfund.t.sol::InitialETHCrowdfundTest.test_fundingSplit_contributionAndRefund()
 writer effect     -> contracts/crowdfund/ETHCrowdfundBase.sol:212
 written member    -> ('SV', 'contracts/crowdfund/ETHCrowdfundBase.sol', 'ETHCrowdfundBase.totalContributions')
 potentially stale -> ('SV', 'contracts/crowdfund/ETHCrowdfundBase.sol', 'ETHCrowdfundBase.maxTotalContributions'), ('SV', 'contracts/crowdfund/ETHCrowdfundBase.sol', 'ETHCrowdfundBase.minContribution')
 reader witnesses  -> 175
 storage exposures -> 1
[MV-SI candidate 4289edf9257a150e3716] {_governanceValues, mintedVotingPower}
 writer root       -> sol-tests/party/PartyGovernanceNFT.t.sol::PartyGovernanceNFTTest.testRageQuit_revertIfDuplicateTokens()
 writer effect     -> contracts/party/PartyGovernanceNFT.sol:254
 written member    -> ('SV', 'contracts/party/PartyGovernanceNFT.sol', 'PartyGovernanceNFT.mintedVotingPower')
 potentially stale -> ('SV', 'contracts/party/PartyGovernance.sol', 'PartyGovernance._governanceValues')
 reader witnesses  -> 594
 storage exposures -> 1
[MV-SI candidate 42baf6cbc82490ecb4f2] {_governanceValues, mintedVotingPower}
 writer root       -> sol-tests/crowdfund/ReraiseETHCrowdfund.t.sol::ReraiseETHCrowdfundTest.test_refund_notLost()
 writer effect     -> contracts/party/PartyGovernanceNFT.sol:230
 written member    -> ('SV', 'contracts/party/PartyGovernance.sol', 'PartyGovernance._governanceValues')
 potentially stale -> ('SV', 'contracts/party/PartyGovernanceNFT.sol', 'PartyGovernanceNFT.mintedVotingPower')
 reader witnesses  -> 722
 storage exposures -> 1
[MV-SI candidate 42f1716c152a79f49107] {_governanceValues, isAuthority[$sender]}
 writer root       -> sol-tests/crowdfund/InitialETHCrowdfund.t.sol::InitialETHCrowdfundTest.test_contribute_mintNewCard_withDisableContributingForExistingCard()
 writer effect     -> contracts/party/PartyGovernanceNFT.sol:230
 written member    -> ('SV', 'contracts/party/PartyGovernance.sol', 'PartyGovernance._governanceValues')
 potentially stale -> ('MS', 'contracts/party/PartyGovernanceNFT.sol', 'PartyGovernanceNFT.isAuthority', '$sender')
 reader witnesses  -> 183
 storage exposures -> 1
[MV-SI candidate 43063eac50ba7222dacc] {maxTotalContributions, totalContributions}
 writer root       -> sol-tests/crowdfund/ReraiseETHCrowdfund.t.sol::ReraiseETHCrowdfundTest.test_sendFundingSplit_works()
 writer effect     -> contracts/crowdfund/ETHCrowdfundBase.sol:226
 written member    -> ('SV', 'contracts/crowdfund/ETHCrowdfundBase.sol', 'ETHCrowdfundBase.totalContributions')
 potentially stale -> ('SV', 'contracts/crowdfund/ETHCrowdfundBase.sol', 'ETHCrowdfundBase.maxTotalContributions')
 reader witnesses  -> 324
 storage exposures -> 1
[MV-SI candidate 432eb235c2a622af95f9] {maxTotalContributions, totalContributions}
 writer root       -> sol-tests/crowdfund/ReraiseETHCrowdfund.t.sol::ReraiseETHCrowdfundTest.test_expiry_lost()
 writer effect     -> contracts/crowdfund/ETHCrowdfundBase.sol:226
 written member    -> ('SV', 'contracts/crowdfund/ETHCrowdfundBase.sol', 'ETHCrowdfundBase.totalContributions')
 potentially stale -> ('SV', 'contracts/crowdfund/ETHCrowdfundBase.sol', 'ETHCrowdfundBase.maxTotalContributions')
 reader witnesses  -> 324
 storage exposures -> 1
[MV-SI candidate 4383cf1b162286139fc3] {minTotalContributions, totalContributions}
 writer root       -> sol-tests/crowdfund/ReraiseETHCrowdfund.t.sol::ReraiseETHCrowdfundTest.test_sendFundingSplit_cannotSendIfNoFundingSplit()
 writer effect     -> contracts/crowdfund/ETHCrowdfundBase.sol:212
 written member    -> ('SV', 'contracts/crowdfund/ETHCrowdfundBase.sol', 'ETHCrowdfundBase.totalContributions')
 potentially stale -> ('SV', 'contracts/crowdfund/ETHCrowdfundBase.sol', 'ETHCrowdfundBase.minTotalContributions')
 reader witnesses  -> 118
 storage exposures -> 1
[MV-SI candidate 43c093a2bc9db8f40ee2] {exchangeRateBps, fundingSplitBps, maxTotalContributions, totalContributions}
 writer root       -> contracts/crowdfund/ReraiseETHCrowdfund.sol::ReraiseETHCrowdfund.initialize(ETHCrowdfundBase.ETHCrowdfundOptions)
 writer effect     -> contracts/crowdfund/ETHCrowdfundBase.sol:141
 written member    -> ('SV', 'contracts/crowdfund/ETHCrowdfundBase.sol', 'ETHCrowdfundBase.maxTotalContributions')
 potentially stale -> ('SV', 'contracts/crowdfund/ETHCrowdfundBase.sol', 'ETHCrowdfundBase.exchangeRateBps'), ('SV', 'contracts/crowdfund/ETHCrowdfundBase.sol', 'ETHCrowdfundBase.fundingSplitBps'), ('SV', 'contracts/crowdfund/ETHCrowdfundBase.sol', 'ETHCrowdfundBase.totalContributions')
 reader witnesses  -> 2492
 storage exposures -> 1
[MV-SI candidate 43f91bc9420d5aa8a3d3] {minTotalContributions, totalContributions}
 writer root       -> sol-tests/crowdfund/InitialETHCrowdfund.t.sol::InitialETHCrowdfundTest.test_refund_twice()
 writer effect     -> contracts/crowdfund/ETHCrowdfundBase.sol:226
 written member    -> ('SV', 'contracts/crowdfund/ETHCrowdfundBase.sol', 'ETHCrowdfundBase.totalContributions')
 potentially stale -> ('SV', 'contracts/crowdfund/ETHCrowdfundBase.sol', 'ETHCrowdfundBase.minTotalContributions')
 reader witnesses  -> 94
 storage exposures -> 1
[MV-SI candidate 43fbe9cd49ed89949049] {_governanceValues, mintedVotingPower}
 writer root       -> sol-tests/crowdfund/InitialETHCrowdfund.t.sol::InitialETHCrowdfundTest.test_fundingSplit_contributionAndRefund()
 writer effect     -> contracts/party/PartyGovernanceNFT.sol:254
 written member    -> ('SV', 'contracts/party/PartyGovernanceNFT.sol', 'PartyGovernanceNFT.mintedVotingPower')
 potentially stale -> ('SV', 'contracts/party/PartyGovernance.sol', 'PartyGovernance._governanceValues')
 reader witnesses  -> 594
 storage exposures -> 1
[MV-SI candidate 445d0573ce9abec23a14] {_governanceValues, votingPowerByTokenId[$arg0]}
 writer root       -> sol-tests/party/PartyGovernanceNFT.t.sol::PartyGovernanceNFTTest.testBurn_revertsIfCalledByOwnerBeforePartyStarted()
 writer effect     -> contracts/party/PartyGovernanceNFT.sol:258
 written member    -> ('SV', 'contracts/party/PartyGovernance.sol', 'PartyGovernance._governanceValues')
 potentially stale -> ('MS', 'contracts/party/PartyGovernanceNFT.sol', 'PartyGovernanceNFT.votingPowerByTokenId', '$arg0')
 reader witnesses  -> 249
 storage exposures -> 1
[MV-SI candidate 447c04b53dbee1cba576] {maxTotalContributions, totalContributions}
 writer root       -> sol-tests/crowdfund/ReraiseETHCrowdfund.t.sol::ReraiseETHCrowdfundTest.test_fundingSplit_contributionAndRefund()
 writer effect     -> contracts/crowdfund/ETHCrowdfundBase.sol:226
 written member    -> ('SV', 'contracts/crowdfund/ETHCrowdfundBase.sol', 'ETHCrowdfundBase.totalContributions')
 potentially stale -> ('SV', 'contracts/crowdfund/ETHCrowdfundBase.sol', 'ETHCrowdfundBase.maxTotalContributions')
 reader witnesses  -> 324
 storage exposures -> 1
[MV-SI candidate 44bff30ae820ad8753d8] {maxTotalContributions, minContribution, totalContributions}
 writer root       -> sol-tests/crowdfund/ReraiseETHCrowdfund.t.sol::ReraiseETHCrowdfundTest.test_claimMultiple_cannotClaimMoreThanVotingPower()
 writer effect     -> contracts/crowdfund/ETHCrowdfundBase.sol:212
 written member    -> ('SV', 'contracts/crowdfund/ETHCrowdfundBase.sol', 'ETHCrowdfundBase.totalContributions')
 potentially stale -> ('SV', 'contracts/crowdfund/ETHCrowdfundBase.sol', 'ETHCrowdfundBase.maxTotalContributions'), ('SV', 'contracts/crowdfund/ETHCrowdfundBase.sol', 'ETHCrowdfundBase.minContribution')
 reader witnesses  -> 220
 storage exposures -> 1
[MV-SI candidate 45347f734e8e4095fc53] {_governanceValues, mintedVotingPower}
 writer root       -> sol-tests/crowdfund/InitialETHCrowdfund.t.sol::InitialETHCrowdfundTest.test_contribute_mintNewCard_withDisableContributingForExistingCard()
 writer effect     -> contracts/party/PartyGovernanceNFT.sol:218
 written member    -> ('SV', 'contracts/party/PartyGovernanceNFT.sol', 'PartyGovernanceNFT.mintedVotingPower')
 potentially stale -> ('SV', 'contracts/party/PartyGovernance.sol', 'PartyGovernance._governanceValues')
 reader witnesses  -> 594
 storage exposures -> 1
[MV-SI candidate 453a9b4955d674eaa07a] {exchangeRateBps, fundingSplitBps, maxTotalContributions, totalContributions}
 writer root       -> sol-tests/crowdfund/ReraiseETHCrowdfund.t.sol::ReraiseETHCrowdfundTest.test_contribute_twiceDoesNotMintAnotherCrowdfundNFT()
 writer effect     -> contracts/crowdfund/ETHCrowdfundBase.sol:226
 written member    -> ('SV', 'contracts/crowdfund/ETHCrowdfundBase.sol', 'ETHCrowdfundBase.totalContributions')
 potentially stale -> ('SV', 'contracts/crowdfund/ETHCrowdfundBase.sol', 'ETHCrowdfundBase.exchangeRateBps'), ('SV', 'contracts/crowdfund/ETHCrowdfundBase.sol', 'ETHCrowdfundBase.fundingSplitBps'), ('SV', 'contracts/crowdfund/ETHCrowdfundBase.sol', 'ETHCrowdfundBase.maxTotalContributions')
 reader witnesses  -> 2849
 storage exposures -> 1
[MV-SI candidate 4572b6cac25e473ba72e] {maxTotalContributions, totalContributions}
 writer root       -> contracts/crowdfund/InitialETHCrowdfund.sol::InitialETHCrowdfund.batchContribute(InitialETHCrowdfund.BatchContributeArgs)
 writer effect     -> contracts/crowdfund/ETHCrowdfundBase.sol:212
 written member    -> ('SV', 'contracts/crowdfund/ETHCrowdfundBase.sol', 'ETHCrowdfundBase.totalContributions')
 potentially stale -> ('SV', 'contracts/crowdfund/ETHCrowdfundBase.sol', 'ETHCrowdfundBase.maxTotalContributions')
 reader witnesses  -> 264
 storage exposures -> 1
[MV-SI candidate 4579609de2b39d3e42c1] {maxTotalContributions, minContribution, totalContributions}
 writer root       -> sol-tests/crowdfund/InitialETHCrowdfund.t.sol::InitialETHCrowdfundTest.test_finalize_works()
 writer effect     -> contracts/crowdfund/ETHCrowdfundBase.sol:226
 written member    -> ('SV', 'contracts/crowdfund/ETHCrowdfundBase.sol', 'ETHCrowdfundBase.totalContributions')
 potentially stale -> ('SV', 'contracts/crowdfund/ETHCrowdfundBase.sol', 'ETHCrowdfundBase.maxTotalContributions'), ('SV', 'contracts/crowdfund/ETHCrowdfundBase.sol', 'ETHCrowdfundBase.minContribution')
 reader witnesses  -> 175
 storage exposures -> 1
[MV-SI candidate 459645df74e80343767f] {maxTotalContributions, minContribution, totalContributions}
 writer root       -> sol-tests/crowdfund/InitialETHCrowdfund.t.sol::InitialETHCrowdfundTest.test_initialization_cannotReinitialize()
 writer effect     -> contracts/crowdfund/ETHCrowdfundBase.sol:141
 written member    -> ('SV', 'contracts/crowdfund/ETHCrowdfundBase.sol', 'ETHCrowdfundBase.maxTotalContributions')
 potentially stale -> ('SV', 'contracts/crowdfund/ETHCrowdfundBase.sol', 'ETHCrowdfundBase.minContribution'), ('SV', 'contracts/crowdfund/ETHCrowdfundBase.sol', 'ETHCrowdfundBase.totalContributions')
 reader witnesses  -> 133
 storage exposures -> 1
[MV-SI candidate 45c6ba3350410f669bbc] {exchangeRateBps, fundingSplitBps, maxTotalContributions, totalContributions}
 writer root       -> sol-tests/crowdfund/ReraiseETHCrowdfund.t.sol::ReraiseETHCrowdfundTest.test_initialization_cannotReinitialize()
 writer effect     -> contracts/crowdfund/ETHCrowdfundBase.sol:226
 written member    -> ('SV', 'contracts/crowdfund/ETHCrowdfundBase.sol', 'ETHCrowdfundBase.totalContributions')
 potentially stale -> ('SV', 'contracts/crowdfund/ETHCrowdfundBase.sol', 'ETHCrowdfundBase.exchangeRateBps'), ('SV', 'contracts/crowdfund/ETHCrowdfundBase.sol', 'ETHCrowdfundBase.fundingSplitBps'), ('SV', 'contracts/crowdfund/ETHCrowdfundBase.sol', 'ETHCrowdfundBase.maxTotalContributions')
 reader witnesses  -> 2849
 storage exposures -> 1
[MV-SI candidate 45f7a64da846642dc0ae] {_governanceValues, votingPowerByTokenId[$arg0]}
 writer root       -> contracts/crowdfund/InitialETHCrowdfund.sol::InitialETHCrowdfund.refund(uint256)
 writer effect     -> contracts/party/PartyGovernanceNFT.sol:258
 written member    -> ('SV', 'contracts/party/PartyGovernance.sol', 'PartyGovernance._governanceValues')
 potentially stale -> ('MS', 'contracts/party/PartyGovernanceNFT.sol', 'PartyGovernanceNFT.votingPowerByTokenId', '$arg0')
 reader witnesses  -> 249
 storage exposures -> 1
[MV-SI candidate 46208249d7966b3511dc] {_governanceValues, mintedVotingPower}
 writer root       -> sol-tests/crowdfund/InitialETHCrowdfund.t.sol::InitialETHCrowdfundTest.test_partyCardTokenURI_whileCrowdfundWon()
 writer effect     -> contracts/party/PartyGovernanceNFT.sol:186
 written member    -> ('SV', 'contracts/party/PartyGovernanceNFT.sol', 'PartyGovernanceNFT.mintedVotingPower')
 potentially stale -> ('SV', 'contracts/party/PartyGovernance.sol', 'PartyGovernance._governanceValues')
 reader witnesses  -> 594
 storage exposures -> 1
[MV-SI candidate 4635a77f717eacbf9ca3] {maxTotalContributions, minContribution, totalContributions}
 writer root       -> sol-tests/crowdfund/ReraiseETHCrowdfund.t.sol::ReraiseETHCrowdfundTest.test_contribute_belowMinContribution()
 writer effect     -> contracts/crowdfund/ETHCrowdfundBase.sol:226
 written member    -> ('SV', 'contracts/crowdfund/ETHCrowdfundBase.sol', 'ETHCrowdfundBase.totalContributions')
 potentially stale -> ('SV', 'contracts/crowdfund/ETHCrowdfundBase.sol', 'ETHCrowdfundBase.maxTotalContributions'), ('SV', 'contracts/crowdfund/ETHCrowdfundBase.sol', 'ETHCrowdfundBase.minContribution')
 reader witnesses  -> 220
 storage exposures -> 1
[MV-SI candidate 469661a3e3757cc1c2bf] {maxTotalContributions, minContribution, totalContributions}
 writer root       -> sol-tests/crowdfund/ReraiseETHCrowdfund.t.sol::ReraiseETHCrowdfundTest.test_refund_works()
 writer effect     -> contracts/crowdfund/ETHCrowdfundBase.sol:226
 written member    -> ('SV', 'contracts/crowdfund/ETHCrowdfundBase.sol', 'ETHCrowdfundBase.totalContributions')
 potentially stale -> ('SV', 'contracts/crowdfund/ETHCrowdfundBase.sol', 'ETHCrowdfundBase.maxTotalContributions'), ('SV', 'contracts/crowdfund/ETHCrowdfundBase.sol', 'ETHCrowdfundBase.minContribution')
 reader witnesses  -> 220
 storage exposures -> 1
[MV-SI candidate 46b23572224cf321ec4e] {_governanceValues, mintedVotingPower}
 writer root       -> sol-tests/party/PartyGovernanceNFT.t.sol::PartyGovernanceNFTTest.testRageQuit_multiple()
 writer effect     -> contracts/party/PartyGovernanceNFT.sol:258
 written member    -> ('SV', 'contracts/party/PartyGovernance.sol', 'PartyGovernance._governanceValues')
 potentially stale -> ('SV', 'contracts/party/PartyGovernanceNFT.sol', 'PartyGovernanceNFT.mintedVotingPower')
 reader witnesses  -> 722
 storage exposures -> 1
[MV-SI candidate 46b9ac40edeaeda1e690] {exchangeRateBps, fundingSplitBps, maxTotalContributions, totalContributions}
 writer root       -> sol-tests/crowdfund/InitialETHCrowdfund.t.sol::InitialETHCrowdfundTest.test_initialization_cannotReinitialize()
 writer effect     -> contracts/crowdfund/ETHCrowdfundBase.sol:148
 written member    -> ('SV', 'contracts/crowdfund/ETHCrowdfundBase.sol', 'ETHCrowdfundBase.exchangeRateBps')
 potentially stale -> ('SV', 'contracts/crowdfund/ETHCrowdfundBase.sol', 'ETHCrowdfundBase.fundingSplitBps'), ('SV', 'contracts/crowdfund/ETHCrowdfundBase.sol', 'ETHCrowdfundBase.maxTotalContributions'), ('SV', 'contracts/crowdfund/ETHCrowdfundBase.sol', 'ETHCrowdfundBase.totalContributions')
 reader witnesses  -> 2205
 storage exposures -> 1
[MV-SI candidate 46d047d6264cea458dde] {_governanceValues, mintedVotingPower}
 writer root       -> sol-tests/crowdfund/ReraiseETHCrowdfund.t.sol::ReraiseETHCrowdfundTest.test_claimMultiple_cannotHaveRemainingVotingPowerAfterClaim()
 writer effect     -> contracts/party/PartyGovernanceNFT.sol:218
 written member    -> ('SV', 'contracts/party/PartyGovernanceNFT.sol', 'PartyGovernanceNFT.mintedVotingPower')
 potentially stale -> ('SV', 'contracts/party/PartyGovernance.sol', 'PartyGovernance._governanceValues')
 reader witnesses  -> 594
 storage exposures -> 1
[MV-SI candidate 46f20a585146cf0aa63a] {_governanceValues, mintedVotingPower}
 writer root       -> sol-tests/party/PartyGovernanceNFT.t.sol::PartyGovernanceNFTTest.testRageQuit_multiple()
 writer effect     -> contracts/party/PartyGovernanceNFT.sol:186
 written member    -> ('SV', 'contracts/party/PartyGovernanceNFT.sol', 'PartyGovernanceNFT.mintedVotingPower')
 potentially stale -> ('SV', 'contracts/party/PartyGovernance.sol', 'PartyGovernance._governanceValues')
 reader witnesses  -> 594
 storage exposures -> 1
[MV-SI candidate 4729315174610dd920c2] {maxTotalContributions, totalContributions}
 writer root       -> sol-tests/crowdfund/InitialETHCrowdfund.t.sol::InitialETHCrowdfundTest.test_contribute_afterLost()
 writer effect     -> contracts/crowdfund/ETHCrowdfundBase.sol:212
 written member    -> ('SV', 'contracts/crowdfund/ETHCrowdfundBase.sol', 'ETHCrowdfundBase.totalContributions')
 potentially stale -> ('SV', 'contracts/crowdfund/ETHCrowdfundBase.sol', 'ETHCrowdfundBase.maxTotalContributions')
 reader witnesses  -> 264
 storage exposures -> 1
[MV-SI candidate 4761028daabd5e007795] {minTotalContributions, totalContributions}
 writer root       -> sol-tests/crowdfund/ReraiseETHCrowdfund.t.sol::ReraiseETHCrowdfundTest.test_finalize_anyoneCanFinalizeWhenExpired()
 writer effect     -> contracts/crowdfund/ETHCrowdfundBase.sol:226
 written member    -> ('SV', 'contracts/crowdfund/ETHCrowdfundBase.sol', 'ETHCrowdfundBase.totalContributions')
 potentially stale -> ('SV', 'contracts/crowdfund/ETHCrowdfundBase.sol', 'ETHCrowdfundBase.minTotalContributions')
 reader witnesses  -> 118
 storage exposures -> 1
[MV-SI candidate 47722bf13ddf138a16c7] {exchangeRateBps, fundingSplitBps, maxTotalContributions, totalContributions}
 writer root       -> sol-tests/crowdfund/InitialETHCrowdfund.t.sol::InitialETHCrowdfundTest.test_batchContribute_works()
 writer effect     -> contracts/crowdfund/ETHCrowdfundBase.sol:226
 written member    -> ('SV', 'contracts/crowdfund/ETHCrowdfundBase.sol', 'ETHCrowdfundBase.totalContributions')
 potentially stale -> ('SV', 'contracts/crowdfund/ETHCrowdfundBase.sol', 'ETHCrowdfundBase.exchangeRateBps'), ('SV', 'contracts/crowdfund/ETHCrowdfundBase.sol', 'ETHCrowdfundBase.fundingSplitBps'), ('SV', 'contracts/crowdfund/ETHCrowdfundBase.sol', 'ETHCrowdfundBase.maxTotalContributions')
 reader witnesses  -> 2219
 storage exposures -> 1
[MV-SI candidate 478b79366db569dc8a62] {minTotalContributions, totalContributions}
 writer root       -> sol-tests/crowdfund/ReraiseETHCrowdfund.t.sol::ReraiseETHCrowdfundTest.test_claimMultiple_votingPowerOfCardAboveMax()
 writer effect     -> contracts/crowdfund/ETHCrowdfundBase.sol:212
 written member    -> ('SV', 'contracts/crowdfund/ETHCrowdfundBase.sol', 'ETHCrowdfundBase.totalContributions')
 potentially stale -> ('SV', 'contracts/crowdfund/ETHCrowdfundBase.sol', 'ETHCrowdfundBase.minTotalContributions')
 reader witnesses  -> 118
 storage exposures -> 1
[MV-SI candidate 479e2efcfd47b6fb161c] {exchangeRateBps, fundingSplitBps, maxTotalContributions, totalContributions}
 writer root       -> sol-tests/crowdfund/InitialETHCrowdfund.t.sol::InitialETHCrowdfundTest.test_fundingSplit_contributionAndRefund()
 writer effect     -> contracts/crowdfund/ETHCrowdfundBase.sol:212
 written member    -> ('SV', 'contracts/crowdfund/ETHCrowdfundBase.sol', 'ETHCrowdfundBase.totalContributions')
 potentially stale -> ('SV', 'contracts/crowdfund/ETHCrowdfundBase.sol', 'ETHCrowdfundBase.exchangeRateBps'), ('SV', 'contracts/crowdfund/ETHCrowdfundBase.sol', 'ETHCrowdfundBase.fundingSplitBps'), ('SV', 'contracts/crowdfund/ETHCrowdfundBase.sol', 'ETHCrowdfundBase.maxTotalContributions')
 reader witnesses  -> 2219
 storage exposures -> 1
[MV-SI candidate 47b365ea979a64789ef5] {exchangeRateBps, fundingSplitBps, maxTotalContributions, totalContributions}
 writer root       -> sol-tests/crowdfund/ReraiseETHCrowdfund.t.sol::ReraiseETHCrowdfundTest.test_contribute_withFundingSplit()
 writer effect     -> contracts/crowdfund/ETHCrowdfundBase.sol:212
 written member    -> ('SV', 'contracts/crowdfund/ETHCrowdfundBase.sol', 'ETHCrowdfundBase.totalContributions')
 potentially stale -> ('SV', 'contracts/crowdfund/ETHCrowdfundBase.sol', 'ETHCrowdfundBase.exchangeRateBps'), ('SV', 'contracts/crowdfund/ETHCrowdfundBase.sol', 'ETHCrowdfundBase.fundingSplitBps'), ('SV', 'contracts/crowdfund/ETHCrowdfundBase.sol', 'ETHCrowdfundBase.maxTotalContributions')
 reader witnesses  -> 2849
 storage exposures -> 1
[MV-SI candidate 47ec433e4e9b79673f93] {minTotalContributions, totalContributions}
 writer root       -> contracts/crowdfund/InitialETHCrowdfund.sol::InitialETHCrowdfund.contribute(uint256,address,bytes)
 writer effect     -> contracts/crowdfund/ETHCrowdfundBase.sol:212
 written member    -> ('SV', 'contracts/crowdfund/ETHCrowdfundBase.sol', 'ETHCrowdfundBase.totalContributions')
 potentially stale -> ('SV', 'contracts/crowdfund/ETHCrowdfundBase.sol', 'ETHCrowdfundBase.minTotalContributions')
 reader witnesses  -> 94
 storage exposures -> 1
[MV-SI candidate 481073ce31c01eb48f53] {exchangeRateBps, fundingSplitBps, maxTotalContributions, totalContributions}
 writer root       -> sol-tests/crowdfund/InitialETHCrowdfund.t.sol::InitialETHCrowdfundTest.test_partyCardTokenURI_whileCrowdfundFinalized()
 writer effect     -> contracts/crowdfund/ETHCrowdfundBase.sol:226
 written member    -> ('SV', 'contracts/crowdfund/ETHCrowdfundBase.sol', 'ETHCrowdfundBase.totalContributions')
 potentially stale -> ('SV', 'contracts/crowdfund/ETHCrowdfundBase.sol', 'ETHCrowdfundBase.exchangeRateBps'), ('SV', 'contracts/crowdfund/ETHCrowdfundBase.sol', 'ETHCrowdfundBase.fundingSplitBps'), ('SV', 'contracts/crowdfund/ETHCrowdfundBase.sol', 'ETHCrowdfundBase.maxTotalContributions')
 reader witnesses  -> 2219
 storage exposures -> 1
[MV-SI candidate 4853e2495d74548105c2] {exchangeRateBps, fundingSplitBps, maxTotalContributions, totalContributions}
 writer root       -> sol-tests/crowdfund/InitialETHCrowdfund.t.sol::InitialETHCrowdfundTest.test_refund_works()
 writer effect     -> contracts/crowdfund/ETHCrowdfundBase.sol:226
 written member    -> ('SV', 'contracts/crowdfund/ETHCrowdfundBase.sol', 'ETHCrowdfundBase.totalContributions')
 potentially stale -> ('SV', 'contracts/crowdfund/ETHCrowdfundBase.sol', 'ETHCrowdfundBase.exchangeRateBps'), ('SV', 'contracts/crowdfund/ETHCrowdfundBase.sol', 'ETHCrowdfundBase.fundingSplitBps'), ('SV', 'contracts/crowdfund/ETHCrowdfundBase.sol', 'ETHCrowdfundBase.maxTotalContributions')
 reader witnesses  -> 2219
 storage exposures -> 1
[MV-SI candidate 4855eaedaabdb502ed97] {maxTotalContributions, minContribution, totalContributions}
 writer root       -> sol-tests/crowdfund/InitialETHCrowdfund.t.sol::InitialETHCrowdfundTest.test_initialization_cannotReinitialize()
 writer effect     -> contracts/crowdfund/ETHCrowdfundBase.sol:226
 written member    -> ('SV', 'contracts/crowdfund/ETHCrowdfundBase.sol', 'ETHCrowdfundBase.totalContributions')
 potentially stale -> ('SV', 'contracts/crowdfund/ETHCrowdfundBase.sol', 'ETHCrowdfundBase.maxTotalContributions'), ('SV', 'contracts/crowdfund/ETHCrowdfundBase.sol', 'ETHCrowdfundBase.minContribution')
 reader witnesses  -> 175
 storage exposures -> 1
[MV-SI candidate 488e801a5aca080f0685] {minTotalContributions, totalContributions}
 writer root       -> sol-tests/crowdfund/InitialETHCrowdfund.t.sol::InitialETHCrowdfundTest.test_expiry_lost()
 writer effect     -> contracts/crowdfund/ETHCrowdfundBase.sol:212
 written member    -> ('SV', 'contracts/crowdfund/ETHCrowdfundBase.sol', 'ETHCrowdfundBase.totalContributions')
 potentially stale -> ('SV', 'contracts/crowdfund/ETHCrowdfundBase.sol', 'ETHCrowdfundBase.minTotalContributions')
 reader witnesses  -> 94
 storage exposures -> 1
[MV-SI candidate 48aa8737706365f1e0bd] {_governanceValues, mintedVotingPower}
 writer root       -> sol-tests/party/PartyGovernanceNFT.t.sol::PartyGovernanceNFTTest.testBurn_withApproval()
 writer effect     -> contracts/party/PartyGovernanceNFT.sol:258
 written member    -> ('SV', 'contracts/party/PartyGovernance.sol', 'PartyGovernance._governanceValues')
 potentially stale -> ('SV', 'contracts/party/PartyGovernanceNFT.sol', 'PartyGovernanceNFT.mintedVotingPower')
 reader witnesses  -> 722
 storage exposures -> 1
[MV-SI candidate 48b05993d656e29d6c79] {exchangeRateBps, fundingSplitBps, maxTotalContributions, totalContributions}
 writer root       -> sol-tests/crowdfund/ReraiseETHCrowdfund.t.sol::ReraiseETHCrowdfundTest.test_claim_mintNewCard()
 writer effect     -> contracts/crowdfund/ETHCrowdfundBase.sol:212
 written member    -> ('SV', 'contracts/crowdfund/ETHCrowdfundBase.sol', 'ETHCrowdfundBase.totalContributions')
 potentially stale -> ('SV', 'contracts/crowdfund/ETHCrowdfundBase.sol', 'ETHCrowdfundBase.exchangeRateBps'), ('SV', 'contracts/crowdfund/ETHCrowdfundBase.sol', 'ETHCrowdfundBase.fundingSplitBps'), ('SV', 'contracts/crowdfund/ETHCrowdfundBase.sol', 'ETHCrowdfundBase.maxTotalContributions')
 reader witnesses  -> 2849
 storage exposures -> 1
[MV-SI candidate 490440e25083e0c784fb] {maxTotalContributions, totalContributions}
 writer root       -> sol-tests/crowdfund/ReraiseETHCrowdfund.t.sol::ReraiseETHCrowdfundTest.test_finalize_works()
 writer effect     -> contracts/crowdfund/ETHCrowdfundBase.sol:226
 written member    -> ('SV', 'contracts/crowdfund/ETHCrowdfundBase.sol', 'ETHCrowdfundBase.totalContributions')
 potentially stale -> ('SV', 'contracts/crowdfund/ETHCrowdfundBase.sol', 'ETHCrowdfundBase.maxTotalContributions')
 reader witnesses  -> 324
 storage exposures -> 1
[MV-SI candidate 49517fca8f0c57a68033] {_governanceValues, votingPowerByTokenId[$arg0]}
 writer root       -> sol-tests/crowdfund/InitialETHCrowdfund.t.sol::InitialETHCrowdfundTest.test_partyCardTokenURI_whileCrowdfundLost()
 writer effect     -> contracts/party/PartyGovernanceNFT.sol:219
 written member    -> ('MS', 'contracts/party/PartyGovernanceNFT.sol', 'PartyGovernanceNFT.votingPowerByTokenId', '$arg0')
 potentially stale -> ('SV', 'contracts/party/PartyGovernance.sol', 'PartyGovernance._governanceValues')
 reader witnesses  -> 891
 storage exposures -> 1
[MV-SI candidate 49671551412a35784a58] {_governanceValues, votingPowerByTokenId[$arg0]}
 writer root       -> sol-tests/crowdfund/InitialETHCrowdfund.t.sol::InitialETHCrowdfundTest.test_refund_twice()
 writer effect     -> contracts/party/PartyGovernanceNFT.sol:258
 written member    -> ('SV', 'contracts/party/PartyGovernance.sol', 'PartyGovernance._governanceValues')
 potentially stale -> ('MS', 'contracts/party/PartyGovernanceNFT.sol', 'PartyGovernanceNFT.votingPowerByTokenId', '$arg0')
 reader witnesses  -> 249
 storage exposures -> 1
[MV-SI candidate 49ed3347e6159f3622d3] {_governanceValues, mintedVotingPower}
 writer root       -> sol-tests/crowdfund/ReraiseETHCrowdfund.t.sol::ReraiseETHCrowdfundTest.test_claimMultiple_works()
 writer effect     -> contracts/party/PartyGovernanceNFT.sol:230
 written member    -> ('SV', 'contracts/party/PartyGovernance.sol', 'PartyGovernance._governanceValues')
 potentially stale -> ('SV', 'contracts/party/PartyGovernanceNFT.sol', 'PartyGovernanceNFT.mintedVotingPower')
 reader witnesses  -> 722
 storage exposures -> 1
[MV-SI candidate 49f19797df8c38979ba8] {maxTotalContributions, totalContributions}
 writer root       -> sol-tests/crowdfund/ReraiseETHCrowdfund.t.sol::ReraiseETHCrowdfundTest.test_crowdfundCardTokenURI_whileCrowdfundWon()
 writer effect     -> contracts/crowdfund/ETHCrowdfundBase.sol:212
 written member    -> ('SV', 'contracts/crowdfund/ETHCrowdfundBase.sol', 'ETHCrowdfundBase.totalContributions')
 potentially stale -> ('SV', 'contracts/crowdfund/ETHCrowdfundBase.sol', 'ETHCrowdfundBase.maxTotalContributions')
 reader witnesses  -> 324
 storage exposures -> 1
[MV-SI candidate 4a585e12db908b70caf9] {_governanceValues, votingPowerByTokenId[$arg0]}
 writer root       -> sol-tests/crowdfund/InitialETHCrowdfund.t.sol::InitialETHCrowdfundTest.test_batchRefund_works()
 writer effect     -> contracts/party/PartyGovernanceNFT.sol:219
 written member    -> ('MS', 'contracts/party/PartyGovernanceNFT.sol', 'PartyGovernanceNFT.votingPowerByTokenId', '$arg0')
 potentially stale -> ('SV', 'contracts/party/PartyGovernance.sol', 'PartyGovernance._governanceValues')
 reader witnesses  -> 891
 storage exposures -> 1
[MV-SI candidate 4a74a063dfc2c2f87511] {_governanceValues, isAuthority[$sender]}
 writer root       -> sol-tests/crowdfund/ReraiseETHCrowdfund.t.sol::ReraiseETHCrowdfundTest.test_sendFundingSplit_cannotSendIfNoFundingSplit()
 writer effect     -> contracts/party/PartyGovernanceNFT.sol:230
 written member    -> ('SV', 'contracts/party/PartyGovernance.sol', 'PartyGovernance._governanceValues')
 potentially stale -> ('MS', 'contracts/party/PartyGovernanceNFT.sol', 'PartyGovernanceNFT.isAuthority', '$sender')
 reader witnesses  -> 183
 storage exposures -> 1
[MV-SI candidate 4a7a0f9a3e288c1bd48f] {_governanceValues, isAuthority[$sender]}
 writer root       -> sol-tests/crowdfund/InitialETHCrowdfund.t.sol::InitialETHCrowdfundTest.test_contribute_afterLost()
 writer effect     -> contracts/party/PartyGovernanceNFT.sol:230
 written member    -> ('SV', 'contracts/party/PartyGovernance.sol', 'PartyGovernance._governanceValues')
 potentially stale -> ('MS', 'contracts/party/PartyGovernanceNFT.sol', 'PartyGovernanceNFT.isAuthority', '$sender')
 reader witnesses  -> 183
 storage exposures -> 1
[MV-SI candidate 4a82c80231f55d43c068] {exchangeRateBps, fundingSplitBps, maxTotalContributions, totalContributions}
 writer root       -> sol-tests/crowdfund/InitialETHCrowdfund.t.sol::InitialETHCrowdfundTest.test_expiry_lost()
 writer effect     -> contracts/crowdfund/ETHCrowdfundBase.sol:212
 written member    -> ('SV', 'contracts/crowdfund/ETHCrowdfundBase.sol', 'ETHCrowdfundBase.totalContributions')
 potentially stale -> ('SV', 'contracts/crowdfund/ETHCrowdfundBase.sol', 'ETHCrowdfundBase.exchangeRateBps'), ('SV', 'contracts/crowdfund/ETHCrowdfundBase.sol', 'ETHCrowdfundBase.fundingSplitBps'), ('SV', 'contracts/crowdfund/ETHCrowdfundBase.sol', 'ETHCrowdfundBase.maxTotalContributions')
 reader witnesses  -> 2219
 storage exposures -> 1
[MV-SI candidate 4ac515bba0d01338998b] {_governanceValues, isAuthority[$sender]}
 writer root       -> sol-tests/party/PartyGovernanceNFT.t.sol::PartyGovernanceNFTTest.testBurn_revertsIfCalledByOwnerBeforePartyStarted()
 writer effect     -> contracts/party/PartyGovernanceNFT.sol:258
 written member    -> ('SV', 'contracts/party/PartyGovernance.sol', 'PartyGovernance._governanceValues')
 potentially stale -> ('MS', 'contracts/party/PartyGovernanceNFT.sol', 'PartyGovernanceNFT.isAuthority', '$sender')
 reader witnesses  -> 183
 storage exposures -> 1
[MV-SI candidate 4b241e91b46ad61969bc] {_governanceValues, votingPowerByTokenId[$arg0]}
 writer root       -> sol-tests/crowdfund/InitialETHCrowdfund.t.sol::InitialETHCrowdfundTest.test_finalize_withFundingSplit()
 writer effect     -> contracts/party/PartyGovernanceNFT.sol:230
 written member    -> ('SV', 'contracts/party/PartyGovernance.sol', 'PartyGovernance._governanceValues')
 potentially stale -> ('MS', 'contracts/party/PartyGovernanceNFT.sol', 'PartyGovernanceNFT.votingPowerByTokenId', '$arg0')
 reader witnesses  -> 249
 storage exposures -> 1
[MV-SI candidate 4b2eaed577109e7ac1e6] {minTotalContributions, totalContributions}
 writer root       -> sol-tests/crowdfund/InitialETHCrowdfund.t.sol::InitialETHCrowdfundTest.test_finalize_withFundingSplit()
 writer effect     -> contracts/crowdfund/ETHCrowdfundBase.sol:212
 written member    -> ('SV', 'contracts/crowdfund/ETHCrowdfundBase.sol', 'ETHCrowdfundBase.totalContributions')
 potentially stale -> ('SV', 'contracts/crowdfund/ETHCrowdfundBase.sol', 'ETHCrowdfundBase.minTotalContributions')
 reader witnesses  -> 94
 storage exposures -> 1
[MV-SI candidate 4b7a80111e6fbf162a77] {_governanceValues, votingPowerByTokenId[$arg0]}
 writer root       -> contracts/crowdfund/ETHCrowdfundBase.sol::ETHCrowdfundBase.finalize()
 writer effect     -> contracts/party/PartyGovernanceNFT.sol:230
 written member    -> ('SV', 'contracts/party/PartyGovernance.sol', 'PartyGovernance._governanceValues')
 potentially stale -> ('MS', 'contracts/party/PartyGovernanceNFT.sol', 'PartyGovernanceNFT.votingPowerByTokenId', '$arg0')
 reader witnesses  -> 249
 storage exposures -> 1
[MV-SI candidate 4b83f98be3f179d6ce11] {minTotalContributions, totalContributions}
 writer root       -> sol-tests/crowdfund/ReraiseETHCrowdfund.t.sol::ReraiseETHCrowdfundTest.test_batchClaim_works()
 writer effect     -> contracts/crowdfund/ETHCrowdfundBase.sol:226
 written member    -> ('SV', 'contracts/crowdfund/ETHCrowdfundBase.sol', 'ETHCrowdfundBase.totalContributions')
 potentially stale -> ('SV', 'contracts/crowdfund/ETHCrowdfundBase.sol', 'ETHCrowdfundBase.minTotalContributions')
 reader witnesses  -> 118
 storage exposures -> 1
[MV-SI candidate 4be6ecb31ef2f0ea0d26] {minTotalContributions, totalContributions}
 writer root       -> sol-tests/crowdfund/InitialETHCrowdfund.t.sol::InitialETHCrowdfundTest.test_refund_works()
 writer effect     -> contracts/crowdfund/ETHCrowdfundBase.sol:212
 written member    -> ('SV', 'contracts/crowdfund/ETHCrowdfundBase.sol', 'ETHCrowdfundBase.totalContributions')
 potentially stale -> ('SV', 'contracts/crowdfund/ETHCrowdfundBase.sol', 'ETHCrowdfundBase.minTotalContributions')
 reader witnesses  -> 94
 storage exposures -> 1
[MV-SI candidate 4bec65b9504ed53b4f6c] {_governanceValues, mintedVotingPower}
 writer root       -> contracts/crowdfund/InitialETHCrowdfund.sol::InitialETHCrowdfund.refund(uint256)
 writer effect     -> contracts/party/PartyGovernanceNFT.sol:258
 written member    -> ('SV', 'contracts/party/PartyGovernance.sol', 'PartyGovernance._governanceValues')
 potentially stale -> ('SV', 'contracts/party/PartyGovernanceNFT.sol', 'PartyGovernanceNFT.mintedVotingPower')
 reader witnesses  -> 722
 storage exposures -> 1
[MV-SI candidate 4c88fefa2df8efb4d1ab] {maxTotalContributions, totalContributions}
 writer root       -> sol-tests/crowdfund/ReraiseETHCrowdfund.t.sol::ReraiseETHCrowdfundTest.test_fundingSplit_contributionAndRefund()
 writer effect     -> contracts/crowdfund/ETHCrowdfundBase.sol:212
 written member    -> ('SV', 'contracts/crowdfund/ETHCrowdfundBase.sol', 'ETHCrowdfundBase.totalContributions')
 potentially stale -> ('SV', 'contracts/crowdfund/ETHCrowdfundBase.sol', 'ETHCrowdfundBase.maxTotalContributions')
 reader witnesses  -> 324
 storage exposures -> 1
[MV-SI candidate 4cbb5aa5d874809748c9] {minTotalContributions, totalContributions}
 writer root       -> sol-tests/crowdfund/InitialETHCrowdfund.t.sol::InitialETHCrowdfundTest.test_sendFundingSplit_works()
 writer effect     -> contracts/crowdfund/ETHCrowdfundBase.sol:212
 written member    -> ('SV', 'contracts/crowdfund/ETHCrowdfundBase.sol', 'ETHCrowdfundBase.totalContributions')
 potentially stale -> ('SV', 'contracts/crowdfund/ETHCrowdfundBase.sol', 'ETHCrowdfundBase.minTotalContributions')
 reader witnesses  -> 94
 storage exposures -> 1
[MV-SI candidate 4ced988847c71142826a] {_governanceValues, isAuthority[$sender]}
 writer root       -> sol-tests/crowdfund/ReraiseETHCrowdfund.t.sol::ReraiseETHCrowdfundTest.test_contribute_twiceDoesNotMintAnotherCrowdfundNFT()
 writer effect     -> contracts/party/PartyGovernanceNFT.sol:230
 written member    -> ('SV', 'contracts/party/PartyGovernance.sol', 'PartyGovernance._governanceValues')
 potentially stale -> ('MS', 'contracts/party/PartyGovernanceNFT.sol', 'PartyGovernanceNFT.isAuthority', '$sender')
 reader witnesses  -> 183
 storage exposures -> 1
[MV-SI candidate 4cf48a239e69bb76eee1] {minTotalContributions, totalContributions}
 writer root       -> sol-tests/crowdfund/ReraiseETHCrowdfund.t.sol::ReraiseETHCrowdfundTest.test_batchClaimMultiple_works()
 writer effect     -> contracts/crowdfund/ETHCrowdfundBase.sol:226
 written member    -> ('SV', 'contracts/crowdfund/ETHCrowdfundBase.sol', 'ETHCrowdfundBase.totalContributions')
 potentially stale -> ('SV', 'contracts/crowdfund/ETHCrowdfundBase.sol', 'ETHCrowdfundBase.minTotalContributions')
 reader witnesses  -> 118
 storage exposures -> 1
[MV-SI candidate 4d481755bc3ea65e09a8] {maxTotalContributions, minContribution, totalContributions}
 writer root       -> sol-tests/crowdfund/InitialETHCrowdfund.t.sol::InitialETHCrowdfundTest.test_contribute_aboveMaxContribution()
 writer effect     -> contracts/crowdfund/ETHCrowdfundBase.sol:226
 written member    -> ('SV', 'contracts/crowdfund/ETHCrowdfundBase.sol', 'ETHCrowdfundBase.totalContributions')
 potentially stale -> ('SV', 'contracts/crowdfund/ETHCrowdfundBase.sol', 'ETHCrowdfundBase.maxTotalContributions'), ('SV', 'contracts/crowdfund/ETHCrowdfundBase.sol', 'ETHCrowdfundBase.minContribution')
 reader witnesses  -> 175
 storage exposures -> 1
[MV-SI candidate 4dd15f6b8922ce2e9290] {_governanceValues, mintedVotingPower}
 writer root       -> sol-tests/crowdfund/InitialETHCrowdfund.t.sol::InitialETHCrowdfundTest.test_refund_notLost()
 writer effect     -> contracts/party/PartyGovernanceNFT.sol:186
 written member    -> ('SV', 'contracts/party/PartyGovernanceNFT.sol', 'PartyGovernanceNFT.mintedVotingPower')
 potentially stale -> ('SV', 'contracts/party/PartyGovernance.sol', 'PartyGovernance._governanceValues')
 reader witnesses  -> 594
 storage exposures -> 1
[MV-SI candidate 4e351bf0ee4bac70ed50] {maxTotalContributions, totalContributions}
 writer root       -> contracts/crowdfund/ReraiseETHCrowdfund.sol::ReraiseETHCrowdfund.contribute(address,bytes)
 writer effect     -> contracts/crowdfund/ETHCrowdfundBase.sol:212
 written member    -> ('SV', 'contracts/crowdfund/ETHCrowdfundBase.sol', 'ETHCrowdfundBase.totalContributions')
 potentially stale -> ('SV', 'contracts/crowdfund/ETHCrowdfundBase.sol', 'ETHCrowdfundBase.maxTotalContributions')
 reader witnesses  -> 324
 storage exposures -> 1
[MV-SI candidate 4e71da687f9640043b30] {_governanceValues, mintedVotingPower}
 writer root       -> sol-tests/party/PartyGovernanceNFT.t.sol::PartyGovernanceNFTTest.testBurn_cannotBurnAndAcceptInSameBlock()
 writer effect     -> contracts/party/PartyGovernanceNFT.sol:254
 written member    -> ('SV', 'contracts/party/PartyGovernanceNFT.sol', 'PartyGovernanceNFT.mintedVotingPower')
 potentially stale -> ('SV', 'contracts/party/PartyGovernance.sol', 'PartyGovernance._governanceValues')
 reader witnesses  -> 594
 storage exposures -> 1
[MV-SI candidate 4e8a848d88a6a8581a62] {exchangeRateBps, fundingSplitBps, maxTotalContributions, totalContributions}
 writer root       -> sol-tests/crowdfund/InitialETHCrowdfund.t.sol::InitialETHCrowdfundTest.test_expiry_won()
 writer effect     -> contracts/crowdfund/ETHCrowdfundBase.sol:226
 written member    -> ('SV', 'contracts/crowdfund/ETHCrowdfundBase.sol', 'ETHCrowdfundBase.totalContributions')
 potentially stale -> ('SV', 'contracts/crowdfund/ETHCrowdfundBase.sol', 'ETHCrowdfundBase.exchangeRateBps'), ('SV', 'contracts/crowdfund/ETHCrowdfundBase.sol', 'ETHCrowdfundBase.fundingSplitBps'), ('SV', 'contracts/crowdfund/ETHCrowdfundBase.sol', 'ETHCrowdfundBase.maxTotalContributions')
 reader witnesses  -> 2219
 storage exposures -> 1
[MV-SI candidate 4e97c5257d4a0ae8564a] {exchangeRateBps, fundingSplitBps, maxTotalContributions, totalContributions}
 writer root       -> sol-tests/crowdfund/ReraiseETHCrowdfund.t.sol::ReraiseETHCrowdfundTest.test_claimMultiple_votingPowerOfCardAboveMax()
 writer effect     -> contracts/crowdfund/ETHCrowdfundBase.sol:212
 written member    -> ('SV', 'contracts/crowdfund/ETHCrowdfundBase.sol', 'ETHCrowdfundBase.totalContributions')
 potentially stale -> ('SV', 'contracts/crowdfund/ETHCrowdfundBase.sol', 'ETHCrowdfundBase.exchangeRateBps'), ('SV', 'contracts/crowdfund/ETHCrowdfundBase.sol', 'ETHCrowdfundBase.fundingSplitBps'), ('SV', 'contracts/crowdfund/ETHCrowdfundBase.sol', 'ETHCrowdfundBase.maxTotalContributions')
 reader witnesses  -> 2849
 storage exposures -> 1
[MV-SI candidate 4ec173a3202f58c64b46] {_governanceValues, mintedVotingPower}
 writer root       -> sol-tests/crowdfund/ReraiseETHCrowdfund.t.sol::ReraiseETHCrowdfundTest.test_claimMultiple_works()
 writer effect     -> contracts/party/PartyGovernanceNFT.sol:186
 written member    -> ('SV', 'contracts/party/PartyGovernanceNFT.sol', 'PartyGovernanceNFT.mintedVotingPower')
 potentially stale -> ('SV', 'contracts/party/PartyGovernance.sol', 'PartyGovernance._governanceValues')
 reader witnesses  -> 594
 storage exposures -> 1
[MV-SI candidate 4ee0f43521818b2bda8b] {exchangeRateBps, fundingSplitBps, maxTotalContributions, totalContributions}
 writer root       -> sol-tests/crowdfund/ReraiseETHCrowdfund.t.sol::ReraiseETHCrowdfundTest.test_claimMultiple_cannotHaveRemainingVotingPowerAfterClaim()
 writer effect     -> contracts/crowdfund/ETHCrowdfundBase.sol:212
 written member    -> ('SV', 'contracts/crowdfund/ETHCrowdfundBase.sol', 'ETHCrowdfundBase.totalContributions')
 potentially stale -> ('SV', 'contracts/crowdfund/ETHCrowdfundBase.sol', 'ETHCrowdfundBase.exchangeRateBps'), ('SV', 'contracts/crowdfund/ETHCrowdfundBase.sol', 'ETHCrowdfundBase.fundingSplitBps'), ('SV', 'contracts/crowdfund/ETHCrowdfundBase.sol', 'ETHCrowdfundBase.maxTotalContributions')
 reader witnesses  -> 2849
 storage exposures -> 1
[MV-SI candidate 4eeff49256a5fa82dab3] {maxTotalContributions, minContribution, totalContributions}
 writer root       -> sol-tests/crowdfund/InitialETHCrowdfund.t.sol::InitialETHCrowdfundTest.test_contribute_noContribution()
 writer effect     -> contracts/crowdfund/ETHCrowdfundBase.sol:212
 written member    -> ('SV', 'contracts/crowdfund/ETHCrowdfundBase.sol', 'ETHCrowdfundBase.totalContributions')
 potentially stale -> ('SV', 'contracts/crowdfund/ETHCrowdfundBase.sol', 'ETHCrowdfundBase.maxTotalContributions'), ('SV', 'contracts/crowdfund/ETHCrowdfundBase.sol', 'ETHCrowdfundBase.minContribution')
 reader witnesses  -> 175
 storage exposures -> 1
[MV-SI candidate 4ef46e3a4460042e85a1] {_governanceValues, mintedVotingPower}
 writer root       -> sol-tests/crowdfund/InitialETHCrowdfund.t.sol::InitialETHCrowdfundTest.test_refund_works()
 writer effect     -> contracts/party/PartyGovernanceNFT.sol:254
 written member    -> ('SV', 'contracts/party/PartyGovernanceNFT.sol', 'PartyGovernanceNFT.mintedVotingPower')
 potentially stale -> ('SV', 'contracts/party/PartyGovernance.sol', 'PartyGovernance._governanceValues')
 reader witnesses  -> 594
 storage exposures -> 1
[MV-SI candidate 4f3700b33ea27bbcba4a] {minTotalContributions, totalContributions}
 writer root       -> sol-tests/crowdfund/ReraiseETHCrowdfund.t.sol::ReraiseETHCrowdfundTest.test_sendFundingSplit_works()
 writer effect     -> contracts/crowdfund/ETHCrowdfundBase.sol:212
 written member    -> ('SV', 'contracts/crowdfund/ETHCrowdfundBase.sol', 'ETHCrowdfundBase.totalContributions')
 potentially stale -> ('SV', 'contracts/crowdfund/ETHCrowdfundBase.sol', 'ETHCrowdfundBase.minTotalContributions')
 reader witnesses  -> 118
 storage exposures -> 1
[MV-SI candidate 4f7579248e352560ef8a] {exchangeRateBps, fundingSplitBps, maxTotalContributions, totalContributions}
 writer root       -> sol-tests/crowdfund/ReraiseETHCrowdfund.t.sol::ReraiseETHCrowdfundTest.test_batchClaim_works()
 writer effect     -> contracts/crowdfund/ETHCrowdfundBase.sol:212
 written member    -> ('SV', 'contracts/crowdfund/ETHCrowdfundBase.sol', 'ETHCrowdfundBase.totalContributions')
 potentially stale -> ('SV', 'contracts/crowdfund/ETHCrowdfundBase.sol', 'ETHCrowdfundBase.exchangeRateBps'), ('SV', 'contracts/crowdfund/ETHCrowdfundBase.sol', 'ETHCrowdfundBase.fundingSplitBps'), ('SV', 'contracts/crowdfund/ETHCrowdfundBase.sol', 'ETHCrowdfundBase.maxTotalContributions')
 reader witnesses  -> 2849
 storage exposures -> 1
[MV-SI candidate 4f94b6f6f158e42dd085] {maxTotalContributions, totalContributions}
 writer root       -> sol-tests/crowdfund/InitialETHCrowdfund.t.sol::InitialETHCrowdfundTest.test_finalize_belowMinTotalContributions()
 writer effect     -> contracts/crowdfund/ETHCrowdfundBase.sol:212
 written member    -> ('SV', 'contracts/crowdfund/ETHCrowdfundBase.sol', 'ETHCrowdfundBase.totalContributions')
 potentially stale -> ('SV', 'contracts/crowdfund/ETHCrowdfundBase.sol', 'ETHCrowdfundBase.maxTotalContributions')
 reader witnesses  -> 264
 storage exposures -> 1
[MV-SI candidate 4fa586a8b58411166829] {minTotalContributions, totalContributions}
 writer root       -> contracts/crowdfund/ReraiseETHCrowdfund.sol::ReraiseETHCrowdfund.batchContribute(ReraiseETHCrowdfund.BatchContributeArgs)
 writer effect     -> contracts/crowdfund/ETHCrowdfundBase.sol:212
 written member    -> ('SV', 'contracts/crowdfund/ETHCrowdfundBase.sol', 'ETHCrowdfundBase.totalContributions')
 potentially stale -> ('SV', 'contracts/crowdfund/ETHCrowdfundBase.sol', 'ETHCrowdfundBase.minTotalContributions')
 reader witnesses  -> 118
 storage exposures -> 1
[MV-SI candidate 4fc23065b819ae4f7822] {minTotalContributions, totalContributions}
 writer root       -> sol-tests/crowdfund/InitialETHCrowdfund.t.sol::InitialETHCrowdfundTest.test_sendFundingSplit_cannotSendTwice()
 writer effect     -> contracts/crowdfund/ETHCrowdfundBase.sol:226
 written member    -> ('SV', 'contracts/crowdfund/ETHCrowdfundBase.sol', 'ETHCrowdfundBase.totalContributions')
 potentially stale -> ('SV', 'contracts/crowdfund/ETHCrowdfundBase.sol', 'ETHCrowdfundBase.minTotalContributions')
 reader witnesses  -> 94
 storage exposures -> 1
[MV-SI candidate 4fdb023f112c64521c5b] {maxTotalContributions, minContribution, totalContributions}
 writer root       -> sol-tests/crowdfund/ReraiseETHCrowdfund.t.sol::ReraiseETHCrowdfundTest.test_initialization_cannotReinitialize()
 writer effect     -> contracts/crowdfund/ETHCrowdfundBase.sol:226
 written member    -> ('SV', 'contracts/crowdfund/ETHCrowdfundBase.sol', 'ETHCrowdfundBase.totalContributions')
 potentially stale -> ('SV', 'contracts/crowdfund/ETHCrowdfundBase.sol', 'ETHCrowdfundBase.maxTotalContributions'), ('SV', 'contracts/crowdfund/ETHCrowdfundBase.sol', 'ETHCrowdfundBase.minContribution')
 reader witnesses  -> 220
 storage exposures -> 1
[MV-SI candidate 50193ec5577712e417f7] {_governanceValues, mintedVotingPower}
 writer root       -> sol-tests/crowdfund/InitialETHCrowdfund.t.sol::InitialETHCrowdfundTest.test_contribute_noVotingPower()
 writer effect     -> contracts/party/PartyGovernanceNFT.sol:186
 written member    -> ('SV', 'contracts/party/PartyGovernanceNFT.sol', 'PartyGovernanceNFT.mintedVotingPower')
 potentially stale -> ('SV', 'contracts/party/PartyGovernance.sol', 'PartyGovernance._governanceValues')
 reader witnesses  -> 594
 storage exposures -> 1
[MV-SI candidate 50595365240fa865b71e] {_governanceValues, mintedVotingPower}
 writer root       -> sol-tests/crowdfund/InitialETHCrowdfund.t.sol::InitialETHCrowdfundTest.test_sendFundingSplit_cannotSendIfNoFundingSplit()
 writer effect     -> contracts/party/PartyGovernanceNFT.sol:186
 written member    -> ('SV', 'contracts/party/PartyGovernanceNFT.sol', 'PartyGovernanceNFT.mintedVotingPower')
 potentially stale -> ('SV', 'contracts/party/PartyGovernance.sol', 'PartyGovernance._governanceValues')
 reader witnesses  -> 594
 storage exposures -> 1
[MV-SI candidate 505d4b315f1c18dab042] {minTotalContributions, totalContributions}
 writer root       -> sol-tests/crowdfund/ReraiseETHCrowdfund.t.sol::ReraiseETHCrowdfundTest.test_crowdfundCardTokenURI_whileCrowdfundWon()
 writer effect     -> contracts/crowdfund/ETHCrowdfundBase.sol:226
 written member    -> ('SV', 'contracts/crowdfund/ETHCrowdfundBase.sol', 'ETHCrowdfundBase.totalContributions')
 potentially stale -> ('SV', 'contracts/crowdfund/ETHCrowdfundBase.sol', 'ETHCrowdfundBase.minTotalContributions')
 reader witnesses  -> 118
 storage exposures -> 1
[MV-SI candidate 509ced1d44bf2d63c537] {_governanceValues, mintedVotingPower}
 writer root       -> sol-tests/crowdfund/ReraiseETHCrowdfund.t.sol::ReraiseETHCrowdfundTest.test_finalize_withFundingSplit()
 writer effect     -> contracts/party/PartyGovernanceNFT.sol:230
 written member    -> ('SV', 'contracts/party/PartyGovernance.sol', 'PartyGovernance._governanceValues')
 potentially stale -> ('SV', 'contracts/party/PartyGovernanceNFT.sol', 'PartyGovernanceNFT.mintedVotingPower')
 reader witnesses  -> 722
 storage exposures -> 1
[MV-SI candidate 5106b29be7fea470de1c] {maxTotalContributions, minContribution, totalContributions}
 writer root       -> sol-tests/crowdfund/InitialETHCrowdfund.t.sol::InitialETHCrowdfundTest.test_partyCardTokenURI_whileCrowdfundActive()
 writer effect     -> contracts/crowdfund/ETHCrowdfundBase.sol:226
 written member    -> ('SV', 'contracts/crowdfund/ETHCrowdfundBase.sol', 'ETHCrowdfundBase.totalContributions')
 potentially stale -> ('SV', 'contracts/crowdfund/ETHCrowdfundBase.sol', 'ETHCrowdfundBase.maxTotalContributions'), ('SV', 'contracts/crowdfund/ETHCrowdfundBase.sol', 'ETHCrowdfundBase.minContribution')
 reader witnesses  -> 175
 storage exposures -> 1
[MV-SI candidate 51e3329175cbd86f9527] {_governanceValues, mintedVotingPower}
 writer root       -> sol-tests/crowdfund/InitialETHCrowdfund.t.sol::InitialETHCrowdfundTest.test_contributeFor_works()
 writer effect     -> contracts/party/PartyGovernanceNFT.sol:218
 written member    -> ('SV', 'contracts/party/PartyGovernanceNFT.sol', 'PartyGovernanceNFT.mintedVotingPower')
 potentially stale -> ('SV', 'contracts/party/PartyGovernance.sol', 'PartyGovernance._governanceValues')
 reader witnesses  -> 594
 storage exposures -> 1
[MV-SI candidate 52c57dca9637d66f1ca7] {exchangeRateBps, fundingSplitBps, maxTotalContributions, totalContributions}
 writer root       -> sol-tests/crowdfund/InitialETHCrowdfund.t.sol::InitialETHCrowdfundTest.test_partyCardTokenURI_whileCrowdfundFinalized()
 writer effect     -> contracts/crowdfund/ETHCrowdfundBase.sol:212
 written member    -> ('SV', 'contracts/crowdfund/ETHCrowdfundBase.sol', 'ETHCrowdfundBase.totalContributions')
 potentially stale -> ('SV', 'contracts/crowdfund/ETHCrowdfundBase.sol', 'ETHCrowdfundBase.exchangeRateBps'), ('SV', 'contracts/crowdfund/ETHCrowdfundBase.sol', 'ETHCrowdfundBase.fundingSplitBps'), ('SV', 'contracts/crowdfund/ETHCrowdfundBase.sol', 'ETHCrowdfundBase.maxTotalContributions')
 reader witnesses  -> 2219
 storage exposures -> 1
[MV-SI candidate 5306517ea07cd6233fd6] {_governanceValues, isAuthority[$sender]}
 writer root       -> sol-tests/crowdfund/InitialETHCrowdfund.t.sol::InitialETHCrowdfundTest.test_batchContribute_works()
 writer effect     -> contracts/party/PartyGovernanceNFT.sol:230
 written member    -> ('SV', 'contracts/party/PartyGovernance.sol', 'PartyGovernance._governanceValues')
 potentially stale -> ('MS', 'contracts/party/PartyGovernanceNFT.sol', 'PartyGovernanceNFT.isAuthority', '$sender')
 reader witnesses  -> 183
 storage exposures -> 1
[MV-SI candidate 532a683dc638c822ed33] {exchangeRateBps, fundingSplitBps, maxTotalContributions, totalContributions}
 writer root       -> sol-tests/crowdfund/InitialETHCrowdfund.t.sol::InitialETHCrowdfundTest.test_contributeFor_works()
 writer effect     -> contracts/crowdfund/ETHCrowdfundBase.sol:226
 written member    -> ('SV', 'contracts/crowdfund/ETHCrowdfundBase.sol', 'ETHCrowdfundBase.totalContributions')
 potentially stale -> ('SV', 'contracts/crowdfund/ETHCrowdfundBase.sol', 'ETHCrowdfundBase.exchangeRateBps'), ('SV', 'contracts/crowdfund/ETHCrowdfundBase.sol', 'ETHCrowdfundBase.fundingSplitBps'), ('SV', 'contracts/crowdfund/ETHCrowdfundBase.sol', 'ETHCrowdfundBase.maxTotalContributions')
 reader witnesses  -> 2219
 storage exposures -> 1
[MV-SI candidate 53340bb68feb7009e0e6] {maxTotalContributions, minContribution, totalContributions}
 writer root       -> sol-tests/crowdfund/ReraiseETHCrowdfund.t.sol::ReraiseETHCrowdfundTest.test_refund_twice()
 writer effect     -> contracts/crowdfund/ETHCrowdfundBase.sol:212
 written member    -> ('SV', 'contracts/crowdfund/ETHCrowdfundBase.sol', 'ETHCrowdfundBase.totalContributions')
 potentially stale -> ('SV', 'contracts/crowdfund/ETHCrowdfundBase.sol', 'ETHCrowdfundBase.maxTotalContributions'), ('SV', 'contracts/crowdfund/ETHCrowdfundBase.sol', 'ETHCrowdfundBase.minContribution')
 reader witnesses  -> 220
 storage exposures -> 1
[MV-SI candidate 534c6e4706e96167b47f] {_governanceValues, votingPowerByTokenId[$arg0]}
 writer root       -> sol-tests/crowdfund/ReraiseETHCrowdfund.t.sol::ReraiseETHCrowdfundTest.test_refund_twice()
 writer effect     -> contracts/party/PartyGovernanceNFT.sol:230
 written member    -> ('SV', 'contracts/party/PartyGovernance.sol', 'PartyGovernance._governanceValues')
 potentially stale -> ('MS', 'contracts/party/PartyGovernanceNFT.sol', 'PartyGovernanceNFT.votingPowerByTokenId', '$arg0')
 reader witnesses  -> 249
 storage exposures -> 1
[MV-SI candidate 53cf1d040c87950f431a] {maxTotalContributions, totalContributions}
 writer root       -> sol-tests/crowdfund/ReraiseETHCrowdfund.t.sol::ReraiseETHCrowdfundTest.test_contribute_aboveMaxTotalContribution()
 writer effect     -> contracts/crowdfund/ETHCrowdfundBase.sol:212
 written member    -> ('SV', 'contracts/crowdfund/ETHCrowdfundBase.sol', 'ETHCrowdfundBase.totalContributions')
 potentially stale -> ('SV', 'contracts/crowdfund/ETHCrowdfundBase.sol', 'ETHCrowdfundBase.maxTotalContributions')
 reader witnesses  -> 324
 storage exposures -> 1
[MV-SI candidate 53db8171206033f93663] {_governanceValues, votingPowerByTokenId[$arg0]}
 writer root       -> sol-tests/crowdfund/ReraiseETHCrowdfund.t.sol::ReraiseETHCrowdfundTest.test_crowdfundCardTokenURI_whileCrowdfundLost()
 writer effect     -> contracts/party/PartyGovernanceNFT.sol:230
 written member    -> ('SV', 'contracts/party/PartyGovernance.sol', 'PartyGovernance._governanceValues')
 potentially stale -> ('MS', 'contracts/party/PartyGovernanceNFT.sol', 'PartyGovernanceNFT.votingPowerByTokenId', '$arg0')
 reader witnesses  -> 249
 storage exposures -> 1
[MV-SI candidate 540e35740f42684c99dd] {_governanceValues, votingPowerByTokenId[$arg0]}
 writer root       -> sol-tests/crowdfund/ReraiseETHCrowdfund.t.sol::ReraiseETHCrowdfundTest.test_batchContribute_works()
 writer effect     -> contracts/party/PartyGovernanceNFT.sol:230
 written member    -> ('SV', 'contracts/party/PartyGovernance.sol', 'PartyGovernance._governanceValues')
 potentially stale -> ('MS', 'contracts/party/PartyGovernanceNFT.sol', 'PartyGovernanceNFT.votingPowerByTokenId', '$arg0')
 reader witnesses  -> 249
 storage exposures -> 1
[MV-SI candidate 544882e7d7b26f0bd20a] {maxTotalContributions, minContribution, totalContributions}
 writer root       -> sol-tests/crowdfund/ReraiseETHCrowdfund.t.sol::ReraiseETHCrowdfundTest.test_crowdfundCardTokenURI_whileCrowdfundFinalized()
 writer effect     -> contracts/crowdfund/ETHCrowdfundBase.sol:226
 written member    -> ('SV', 'contracts/crowdfund/ETHCrowdfundBase.sol', 'ETHCrowdfundBase.totalContributions')
 potentially stale -> ('SV', 'contracts/crowdfund/ETHCrowdfundBase.sol', 'ETHCrowdfundBase.maxTotalContributions'), ('SV', 'contracts/crowdfund/ETHCrowdfundBase.sol', 'ETHCrowdfundBase.minContribution')
 reader witnesses  -> 220
 storage exposures -> 1
[MV-SI candidate 544e1472fd149a25516b] {_governanceValues, mintedVotingPower}
 writer root       -> sol-tests/crowdfund/Crowdfund.t.sol::CrowdfundTest.testWin_oneContributor_partialContributionUsed_cannotBurnTwice()
 writer effect     -> contracts/party/PartyGovernanceNFT.sol:186
 written member    -> ('SV', 'contracts/party/PartyGovernanceNFT.sol', 'PartyGovernanceNFT.mintedVotingPower')
 potentially stale -> ('SV', 'contracts/party/PartyGovernance.sol', 'PartyGovernance._governanceValues')
 reader witnesses  -> 594
 storage exposures -> 1
[MV-SI candidate 54599eea5a7b3965ad7a] {exchangeRateBps, fundingSplitBps, maxTotalContributions, totalContributions}
 writer root       -> sol-tests/crowdfund/InitialETHCrowdfund.t.sol::InitialETHCrowdfundTest.test_sendFundingSplit_cannotSendIfNoFundingSplit()
 writer effect     -> contracts/crowdfund/ETHCrowdfundBase.sol:212
 written member    -> ('SV', 'contracts/crowdfund/ETHCrowdfundBase.sol', 'ETHCrowdfundBase.totalContributions')
 potentially stale -> ('SV', 'contracts/crowdfund/ETHCrowdfundBase.sol', 'ETHCrowdfundBase.exchangeRateBps'), ('SV', 'contracts/crowdfund/ETHCrowdfundBase.sol', 'ETHCrowdfundBase.fundingSplitBps'), ('SV', 'contracts/crowdfund/ETHCrowdfundBase.sol', 'ETHCrowdfundBase.maxTotalContributions')
 reader witnesses  -> 2219
 storage exposures -> 1
[MV-SI candidate 54a70038520f17b4231b] {_governanceValues, votingPowerByTokenId[$arg0]}
 writer root       -> sol-tests/crowdfund/ReraiseETHCrowdfund.t.sol::ReraiseETHCrowdfundTest.test_contribute_belowMinContribution()
 writer effect     -> contracts/party/PartyGovernanceNFT.sol:230
 written member    -> ('SV', 'contracts/party/PartyGovernance.sol', 'PartyGovernance._governanceValues')
 potentially stale -> ('MS', 'contracts/party/PartyGovernanceNFT.sol', 'PartyGovernanceNFT.votingPowerByTokenId', '$arg0')
 reader witnesses  -> 249
 storage exposures -> 1
[MV-SI candidate 54b408e32cdfa4c2d025] {_governanceValues, votingPowerByTokenId[$arg0]}
 writer root       -> sol-tests/crowdfund/ReraiseETHCrowdfund.t.sol::ReraiseETHCrowdfundTest.test_contribute_cannotDelegateToZeroAddress()
 writer effect     -> contracts/party/PartyGovernanceNFT.sol:230
 written member    -> ('SV', 'contracts/party/PartyGovernance.sol', 'PartyGovernance._governanceValues')
 potentially stale -> ('MS', 'contracts/party/PartyGovernanceNFT.sol', 'PartyGovernanceNFT.votingPowerByTokenId', '$arg0')
 reader witnesses  -> 249
 storage exposures -> 1
[MV-SI candidate 54c21d1e0a6c663402d9] {_governanceValues, mintedVotingPower}
 writer root       -> contracts/party/PartyGovernanceNFT.sol::PartyGovernanceNFT.burn(uint256)
 writer effect     -> contracts/party/PartyGovernanceNFT.sol:258
 written member    -> ('SV', 'contracts/party/PartyGovernance.sol', 'PartyGovernance._governanceValues')
 potentially stale -> ('SV', 'contracts/party/PartyGovernanceNFT.sol', 'PartyGovernanceNFT.mintedVotingPower')
 reader witnesses  -> 722
 storage exposures -> 1
[MV-SI candidate 54d513e5c16f49d0102b] {_governanceValues, votingPowerByTokenId[$arg0]}
 writer root       -> sol-tests/crowdfund/InitialETHCrowdfund.t.sol::InitialETHCrowdfundTest.test_contribute_gatekeeperChecksSender()
 writer effect     -> contracts/party/PartyGovernanceNFT.sol:230
 written member    -> ('SV', 'contracts/party/PartyGovernance.sol', 'PartyGovernance._governanceValues')
 potentially stale -> ('MS', 'contracts/party/PartyGovernanceNFT.sol', 'PartyGovernanceNFT.votingPowerByTokenId', '$arg0')
 reader witnesses  -> 249
 storage exposures -> 1
[MV-SI candidate 556fc1bdd4acaa9f376c] {maxTotalContributions, totalContributions}
 writer root       -> sol-tests/crowdfund/ReraiseETHCrowdfund.t.sol::ReraiseETHCrowdfundTest.test_refund_notLost()
 writer effect     -> contracts/crowdfund/ETHCrowdfundBase.sol:226
 written member    -> ('SV', 'contracts/crowdfund/ETHCrowdfundBase.sol', 'ETHCrowdfundBase.totalContributions')
 potentially stale -> ('SV', 'contracts/crowdfund/ETHCrowdfundBase.sol', 'ETHCrowdfundBase.maxTotalContributions')
 reader witnesses  -> 324
 storage exposures -> 1
[MV-SI candidate 5579762fa3237f9088be] {maxTotalContributions, totalContributions}
 writer root       -> contracts/crowdfund/InitialETHCrowdfund.sol::InitialETHCrowdfund.contribute(address,bytes)
 writer effect     -> contracts/crowdfund/ETHCrowdfundBase.sol:212
 written member    -> ('SV', 'contracts/crowdfund/ETHCrowdfundBase.sol', 'ETHCrowdfundBase.totalContributions')
 potentially stale -> ('SV', 'contracts/crowdfund/ETHCrowdfundBase.sol', 'ETHCrowdfundBase.maxTotalContributions')
 reader witnesses  -> 264
 storage exposures -> 1
[MV-SI candidate 558330faf9f374fe7a89] {minTotalContributions, totalContributions}
 writer root       -> sol-tests/crowdfund/InitialETHCrowdfund.t.sol::InitialETHCrowdfundTest.test_fundingSplit_contributionAndRefund()
 writer effect     -> contracts/crowdfund/ETHCrowdfundBase.sol:226
 written member    -> ('SV', 'contracts/crowdfund/ETHCrowdfundBase.sol', 'ETHCrowdfundBase.totalContributions')
 potentially stale -> ('SV', 'contracts/crowdfund/ETHCrowdfundBase.sol', 'ETHCrowdfundBase.minTotalContributions')
 reader witnesses  -> 94
 storage exposures -> 1
[MV-SI candidate 5597b6df60f82f2ed20c] {_governanceValues, isAuthority[$sender]}
 writer root       -> sol-tests/party/PartyGovernanceNFT.t.sol::PartyGovernanceNFTTest.testRageQuit_revertsIfNotOwner()
 writer effect     -> contracts/party/PartyGovernanceNFT.sol:258
 written member    -> ('SV', 'contracts/party/PartyGovernance.sol', 'PartyGovernance._governanceValues')
 potentially stale -> ('MS', 'contracts/party/PartyGovernanceNFT.sol', 'PartyGovernanceNFT.isAuthority', '$sender')
 reader witnesses  -> 183
 storage exposures -> 1
[MV-SI candidate 55c5a7a0fd8d3745b243] {maxTotalContributions, minContribution, totalContributions}
 writer root       -> sol-tests/crowdfund/ReraiseETHCrowdfund.t.sol::ReraiseETHCrowdfundTest.test_contribute_aboveMaxTotalContribution()
 writer effect     -> contracts/crowdfund/ETHCrowdfundBase.sol:226
 written member    -> ('SV', 'contracts/crowdfund/ETHCrowdfundBase.sol', 'ETHCrowdfundBase.totalContributions')
 potentially stale -> ('SV', 'contracts/crowdfund/ETHCrowdfundBase.sol', 'ETHCrowdfundBase.maxTotalContributions'), ('SV', 'contracts/crowdfund/ETHCrowdfundBase.sol', 'ETHCrowdfundBase.minContribution')
 reader witnesses  -> 220
 storage exposures -> 1
[MV-SI candidate 55e679dab15d7c35d6ff] {exchangeRateBps, fundingSplitBps, maxTotalContributions, totalContributions}
 writer root       -> sol-tests/crowdfund/InitialETHCrowdfund.t.sol::InitialETHCrowdfundTest.test_finalize_anyoneCanFinalizeWhenExpired()
 writer effect     -> contracts/crowdfund/ETHCrowdfundBase.sol:226
 written member    -> ('SV', 'contracts/crowdfund/ETHCrowdfundBase.sol', 'ETHCrowdfundBase.totalContributions')
 potentially stale -> ('SV', 'contracts/crowdfund/ETHCrowdfundBase.sol', 'ETHCrowdfundBase.exchangeRateBps'), ('SV', 'contracts/crowdfund/ETHCrowdfundBase.sol', 'ETHCrowdfundBase.fundingSplitBps'), ('SV', 'contracts/crowdfund/ETHCrowdfundBase.sol', 'ETHCrowdfundBase.maxTotalContributions')
 reader witnesses  -> 2219
 storage exposures -> 1
[MV-SI candidate 5637eab8ecc3a339b62a] {maxTotalContributions, totalContributions}
 writer root       -> sol-tests/crowdfund/ReraiseETHCrowdfund.t.sol::ReraiseETHCrowdfundTest.test_contribute_afterLost()
 writer effect     -> contracts/crowdfund/ETHCrowdfundBase.sol:212
 written member    -> ('SV', 'contracts/crowdfund/ETHCrowdfundBase.sol', 'ETHCrowdfundBase.totalContributions')
 potentially stale -> ('SV', 'contracts/crowdfund/ETHCrowdfundBase.sol', 'ETHCrowdfundBase.maxTotalContributions')
 reader witnesses  -> 324
 storage exposures -> 1
[MV-SI candidate 565709776b8692a225e2] {_governanceValues, votingPowerByTokenId[$arg0]}
 writer root       -> contracts/crowdfund/InitialETHCrowdfund.sol::InitialETHCrowdfund.contribute(uint256,address,bytes)
 writer effect     -> contracts/party/PartyGovernanceNFT.sol:219
 written member    -> ('MS', 'contracts/party/PartyGovernanceNFT.sol', 'PartyGovernanceNFT.votingPowerByTokenId', '$arg0')
 potentially stale -> ('SV', 'contracts/party/PartyGovernance.sol', 'PartyGovernance._governanceValues')
 reader witnesses  -> 891
 storage exposures -> 1
[MV-SI candidate 567f3563efefa9615431] {minTotalContributions, totalContributions}
 writer root       -> sol-tests/crowdfund/ReraiseETHCrowdfund.t.sol::ReraiseETHCrowdfundTest.test_crowdfundCardTokenURI_whileCrowdfundLost()
 writer effect     -> contracts/crowdfund/ETHCrowdfundBase.sol:226
 written member    -> ('SV', 'contracts/crowdfund/ETHCrowdfundBase.sol', 'ETHCrowdfundBase.totalContributions')
 potentially stale -> ('SV', 'contracts/crowdfund/ETHCrowdfundBase.sol', 'ETHCrowdfundBase.minTotalContributions')
 reader witnesses  -> 118
 storage exposures -> 1
[MV-SI candidate 56a7869acacd06991720] {maxTotalContributions, totalContributions}
 writer root       -> sol-tests/crowdfund/ReraiseETHCrowdfund.t.sol::ReraiseETHCrowdfundTest.test_contribute_twiceDoesNotMintAnotherCrowdfundNFT()
 writer effect     -> contracts/crowdfund/ETHCrowdfundBase.sol:212
 written member    -> ('SV', 'contracts/crowdfund/ETHCrowdfundBase.sol', 'ETHCrowdfundBase.totalContributions')
 potentially stale -> ('SV', 'contracts/crowdfund/ETHCrowdfundBase.sol', 'ETHCrowdfundBase.maxTotalContributions')
 reader witnesses  -> 324
 storage exposures -> 1
[MV-SI candidate 578ce6c8ccfdda17e806] {_governanceValues, mintedVotingPower}
 writer root       -> sol-tests/crowdfund/ReraiseETHCrowdfund.t.sol::ReraiseETHCrowdfundTest.test_claim_mintNewCard()
 writer effect     -> contracts/party/PartyGovernanceNFT.sol:186
 written member    -> ('SV', 'contracts/party/PartyGovernanceNFT.sol', 'PartyGovernanceNFT.mintedVotingPower')
 potentially stale -> ('SV', 'contracts/party/PartyGovernance.sol', 'PartyGovernance._governanceValues')
 reader witnesses  -> 594
 storage exposures -> 1
[MV-SI candidate 57ced0cfc9ad07f1ec45] {exchangeRateBps, fundingSplitBps, maxTotalContributions, totalContributions}
 writer root       -> sol-tests/crowdfund/ReraiseETHCrowdfund.t.sol::ReraiseETHCrowdfundTest.test_initialization_cannotReinitialize()
 writer effect     -> contracts/crowdfund/ETHCrowdfundBase.sol:212
 written member    -> ('SV', 'contracts/crowdfund/ETHCrowdfundBase.sol', 'ETHCrowdfundBase.totalContributions')
 potentially stale -> ('SV', 'contracts/crowdfund/ETHCrowdfundBase.sol', 'ETHCrowdfundBase.exchangeRateBps'), ('SV', 'contracts/crowdfund/ETHCrowdfundBase.sol', 'ETHCrowdfundBase.fundingSplitBps'), ('SV', 'contracts/crowdfund/ETHCrowdfundBase.sol', 'ETHCrowdfundBase.maxTotalContributions')
 reader witnesses  -> 2849
 storage exposures -> 1
[MV-SI candidate 57e0a6a9cc98ead9da28] {maxTotalContributions, totalContributions}
 writer root       -> sol-tests/crowdfund/ReraiseETHCrowdfund.t.sol::ReraiseETHCrowdfundTest.test_contribute_noVotingPower()
 writer effect     -> contracts/crowdfund/ETHCrowdfundBase.sol:226
 written member    -> ('SV', 'contracts/crowdfund/ETHCrowdfundBase.sol', 'ETHCrowdfundBase.totalContributions')
 potentially stale -> ('SV', 'contracts/crowdfund/ETHCrowdfundBase.sol', 'ETHCrowdfundBase.maxTotalContributions')
 reader witnesses  -> 324
 storage exposures -> 1
[MV-SI candidate 57edf9e326fc6ab55184] {minTotalContributions, totalContributions}
 writer root       -> sol-tests/crowdfund/InitialETHCrowdfund.t.sol::InitialETHCrowdfundTest.test_batchRefund_works()
 writer effect     -> contracts/crowdfund/ETHCrowdfundBase.sol:212
 written member    -> ('SV', 'contracts/crowdfund/ETHCrowdfundBase.sol', 'ETHCrowdfundBase.totalContributions')
 potentially stale -> ('SV', 'contracts/crowdfund/ETHCrowdfundBase.sol', 'ETHCrowdfundBase.minTotalContributions')
 reader witnesses  -> 94
 storage exposures -> 1
[MV-SI candidate 5827722d456e53031d7f] {minTotalContributions, totalContributions}
 writer root       -> sol-tests/crowdfund/InitialETHCrowdfund.t.sol::InitialETHCrowdfundTest.test_contribute_aboveMaxTotalContribution()
 writer effect     -> contracts/crowdfund/ETHCrowdfundBase.sol:212
 written member    -> ('SV', 'contracts/crowdfund/ETHCrowdfundBase.sol', 'ETHCrowdfundBase.totalContributions')
 potentially stale -> ('SV', 'contracts/crowdfund/ETHCrowdfundBase.sol', 'ETHCrowdfundBase.minTotalContributions')
 reader witnesses  -> 94
 storage exposures -> 1
[MV-SI candidate 5827b6e45973d1240d5f] {maxTotalContributions, minContribution, totalContributions}
 writer root       -> sol-tests/crowdfund/ReraiseETHCrowdfund.t.sol::ReraiseETHCrowdfundTest.test_crowdfundCardTokenURI_whileCrowdfundWon()
 writer effect     -> contracts/crowdfund/ETHCrowdfundBase.sol:226
 written member    -> ('SV', 'contracts/crowdfund/ETHCrowdfundBase.sol', 'ETHCrowdfundBase.totalContributions')
 potentially stale -> ('SV', 'contracts/crowdfund/ETHCrowdfundBase.sol', 'ETHCrowdfundBase.maxTotalContributions'), ('SV', 'contracts/crowdfund/ETHCrowdfundBase.sol', 'ETHCrowdfundBase.minContribution')
 reader witnesses  -> 220
 storage exposures -> 1
[MV-SI candidate 582e83f460ad7945a8e9] {maxTotalContributions, totalContributions}
 writer root       -> sol-tests/crowdfund/InitialETHCrowdfund.t.sol::InitialETHCrowdfundTest.test_contribute_noContribution()
 writer effect     -> contracts/crowdfund/ETHCrowdfundBase.sol:226
 written member    -> ('SV', 'contracts/crowdfund/ETHCrowdfundBase.sol', 'ETHCrowdfundBase.totalContributions')
 potentially stale -> ('SV', 'contracts/crowdfund/ETHCrowdfundBase.sol', 'ETHCrowdfundBase.maxTotalContributions')
 reader witnesses  -> 264
 storage exposures -> 1
[MV-SI candidate 586ac290356ae4329b9b] {_governanceValues, votingPowerByTokenId[$arg0]}
 writer root       -> sol-tests/crowdfund/InitialETHCrowdfund.t.sol::InitialETHCrowdfundTest.test_contribute_smallAmountWithFundingSplit()
 writer effect     -> contracts/party/PartyGovernanceNFT.sol:230
 written member    -> ('SV', 'contracts/party/PartyGovernance.sol', 'PartyGovernance._governanceValues')
 potentially stale -> ('MS', 'contracts/party/PartyGovernanceNFT.sol', 'PartyGovernanceNFT.votingPowerByTokenId', '$arg0')
 reader witnesses  -> 249
 storage exposures -> 1
[MV-SI candidate 5919ec2c1057f33aff78] {exchangeRateBps, fundingSplitBps, maxTotalContributions, totalContributions}
 writer root       -> contracts/crowdfund/InitialETHCrowdfund.sol::InitialETHCrowdfund.batchContribute(InitialETHCrowdfund.BatchContributeArgs)
 writer effect     -> contracts/crowdfund/ETHCrowdfundBase.sol:212
 written member    -> ('SV', 'contracts/crowdfund/ETHCrowdfundBase.sol', 'ETHCrowdfundBase.totalContributions')
 potentially stale -> ('SV', 'contracts/crowdfund/ETHCrowdfundBase.sol', 'ETHCrowdfundBase.exchangeRateBps'), ('SV', 'contracts/crowdfund/ETHCrowdfundBase.sol', 'ETHCrowdfundBase.fundingSplitBps'), ('SV', 'contracts/crowdfund/ETHCrowdfundBase.sol', 'ETHCrowdfundBase.maxTotalContributions')
 reader witnesses  -> 2219
 storage exposures -> 1
[MV-SI candidate 591fab9cbc3d2d3eb229] {_governanceValues, mintedVotingPower}
 writer root       -> sol-tests/crowdfund/ReraiseETHCrowdfund.t.sol::ReraiseETHCrowdfundTest.test_claimMultiple_votingPowerOfCardBelowMin()
 writer effect     -> contracts/party/PartyGovernanceNFT.sol:218
 written member    -> ('SV', 'contracts/party/PartyGovernanceNFT.sol', 'PartyGovernanceNFT.mintedVotingPower')
 potentially stale -> ('SV', 'contracts/party/PartyGovernance.sol', 'PartyGovernance._governanceValues')
 reader witnesses  -> 594
 storage exposures -> 1
[MV-SI candidate 593aec836788c593dd99] {minTotalContributions, totalContributions}
 writer root       -> sol-tests/crowdfund/InitialETHCrowdfund.t.sol::InitialETHCrowdfundTest.test_contribute_smallAmountWithFundingSplit()
 writer effect     -> contracts/crowdfund/ETHCrowdfundBase.sol:212
 written member    -> ('SV', 'contracts/crowdfund/ETHCrowdfundBase.sol', 'ETHCrowdfundBase.totalContributions')
 potentially stale -> ('SV', 'contracts/crowdfund/ETHCrowdfundBase.sol', 'ETHCrowdfundBase.minTotalContributions')
 reader witnesses  -> 94
 storage exposures -> 1
[MV-SI candidate 59db27971af4a514de94] {_governanceValues, mintedVotingPower}
 writer root       -> sol-tests/crowdfund/InitialETHCrowdfund.t.sol::InitialETHCrowdfundTest.test_partyCardTokenURI_whileCrowdfundWon()
 writer effect     -> contracts/party/PartyGovernanceNFT.sol:230
 written member    -> ('SV', 'contracts/party/PartyGovernance.sol', 'PartyGovernance._governanceValues')
 potentially stale -> ('SV', 'contracts/party/PartyGovernanceNFT.sol', 'PartyGovernanceNFT.mintedVotingPower')
 reader witnesses  -> 722
 storage exposures -> 1
[MV-SI candidate 59ec6261f70fe1d85ed0] {minTotalContributions, totalContributions}
 writer root       -> contracts/crowdfund/ReraiseETHCrowdfund.sol::ReraiseETHCrowdfund.contribute(address,bytes)
 writer effect     -> contracts/crowdfund/ETHCrowdfundBase.sol:212
 written member    -> ('SV', 'contracts/crowdfund/ETHCrowdfundBase.sol', 'ETHCrowdfundBase.totalContributions')
 potentially stale -> ('SV', 'contracts/crowdfund/ETHCrowdfundBase.sol', 'ETHCrowdfundBase.minTotalContributions')
 reader witnesses  -> 118
 storage exposures -> 1
[MV-SI candidate 5a2f101d7a15d554faf2] {_governanceValues, votingPowerByTokenId[$arg0]}
 writer root       -> sol-tests/crowdfund/InitialETHCrowdfund.t.sol::InitialETHCrowdfundTest.test_contribute_cannotDelegateToZeroAddress()
 writer effect     -> contracts/party/PartyGovernanceNFT.sol:230
 written member    -> ('SV', 'contracts/party/PartyGovernance.sol', 'PartyGovernance._governanceValues')
 potentially stale -> ('MS', 'contracts/party/PartyGovernanceNFT.sol', 'PartyGovernanceNFT.votingPowerByTokenId', '$arg0')
 reader witnesses  -> 249
 storage exposures -> 1
[MV-SI candidate 5a4d882cd8768d4cf574] {_governanceValues, mintedVotingPower}
 writer root       -> sol-tests/crowdfund/InitialETHCrowdfund.t.sol::InitialETHCrowdfundTest.test_contribute_withFundingSplit()
 writer effect     -> contracts/party/PartyGovernanceNFT.sol:218
 written member    -> ('SV', 'contracts/party/PartyGovernanceNFT.sol', 'PartyGovernanceNFT.mintedVotingPower')
 potentially stale -> ('SV', 'contracts/party/PartyGovernance.sol', 'PartyGovernance._governanceValues')
 reader witnesses  -> 594
 storage exposures -> 1
[MV-SI candidate 5a88e4bc7242f8e6bfe5] {_governanceValues, votingPowerByTokenId[$arg0]}
 writer root       -> sol-tests/crowdfund/InitialETHCrowdfund.t.sol::InitialETHCrowdfundTest.test_expiry_won()
 writer effect     -> contracts/party/PartyGovernanceNFT.sol:219
 written member    -> ('MS', 'contracts/party/PartyGovernanceNFT.sol', 'PartyGovernanceNFT.votingPowerByTokenId', '$arg0')
 potentially stale -> ('SV', 'contracts/party/PartyGovernance.sol', 'PartyGovernance._governanceValues')
 reader witnesses  -> 891
 storage exposures -> 1
[MV-SI candidate 5a9ee3051f376f691095] {_governanceValues, isAuthority[$sender]}
 writer root       -> sol-tests/crowdfund/InitialETHCrowdfund.t.sol::InitialETHCrowdfundTest.test_contributeFor_works()
 writer effect     -> contracts/party/PartyGovernanceNFT.sol:230
 written member    -> ('SV', 'contracts/party/PartyGovernance.sol', 'PartyGovernance._governanceValues')
 potentially stale -> ('MS', 'contracts/party/PartyGovernanceNFT.sol', 'PartyGovernanceNFT.isAuthority', '$sender')
 reader witnesses  -> 183
 storage exposures -> 1
[MV-SI candidate 5b002967665cfcefae5f] {_governanceValues, votingPowerByTokenId[$arg0]}
 writer root       -> sol-tests/party/PartyGovernanceNFT.t.sol::PartyGovernanceNFTTest.testRageQuit_multiple()
 writer effect     -> contracts/party/PartyGovernanceNFT.sol:258
 written member    -> ('SV', 'contracts/party/PartyGovernance.sol', 'PartyGovernance._governanceValues')
 potentially stale -> ('MS', 'contracts/party/PartyGovernanceNFT.sol', 'PartyGovernanceNFT.votingPowerByTokenId', '$arg0')
 reader witnesses  -> 249
 storage exposures -> 1
[MV-SI candidate 5b695fbe95b4c452eb9e] {maxTotalContributions, minContribution, totalContributions}
 writer root       -> sol-tests/crowdfund/InitialETHCrowdfund.t.sol::InitialETHCrowdfundTest.test_contribute_afterLost()
 writer effect     -> contracts/crowdfund/ETHCrowdfundBase.sol:226
 written member    -> ('SV', 'contracts/crowdfund/ETHCrowdfundBase.sol', 'ETHCrowdfundBase.totalContributions')
 potentially stale -> ('SV', 'contracts/crowdfund/ETHCrowdfundBase.sol', 'ETHCrowdfundBase.maxTotalContributions'), ('SV', 'contracts/crowdfund/ETHCrowdfundBase.sol', 'ETHCrowdfundBase.minContribution')
 reader witnesses  -> 175
 storage exposures -> 1
[MV-SI candidate 5b6b6e8370d10aa6e9e9] {_governanceValues, votingPowerByTokenId[$arg0]}
 writer root       -> sol-tests/crowdfund/InitialETHCrowdfund.t.sol::InitialETHCrowdfundTest.test_sendFundingSplit_cannotSendIfNoFundingSplit()
 writer effect     -> contracts/party/PartyGovernanceNFT.sol:230
 written member    -> ('SV', 'contracts/party/PartyGovernance.sol', 'PartyGovernance._governanceValues')
 potentially stale -> ('MS', 'contracts/party/PartyGovernanceNFT.sol', 'PartyGovernanceNFT.votingPowerByTokenId', '$arg0')
 reader witnesses  -> 249
 storage exposures -> 1
[MV-SI candidate 5b6e5a3fa91f081a4969] {maxTotalContributions, totalContributions}
 writer root       -> sol-tests/crowdfund/ReraiseETHCrowdfund.t.sol::ReraiseETHCrowdfundTest.test_expiry_won()
 writer effect     -> contracts/crowdfund/ETHCrowdfundBase.sol:226
 written member    -> ('SV', 'contracts/crowdfund/ETHCrowdfundBase.sol', 'ETHCrowdfundBase.totalContributions')
 potentially stale -> ('SV', 'contracts/crowdfund/ETHCrowdfundBase.sol', 'ETHCrowdfundBase.maxTotalContributions')
 reader witnesses  -> 324
 storage exposures -> 1
[MV-SI candidate 5b88fe88e1ebe358760c] {_governanceValues, mintedVotingPower}
 writer root       -> sol-tests/crowdfund/ReraiseETHCrowdfund.t.sol::ReraiseETHCrowdfundTest.test_claimMultiple_cannotHaveRemainingVotingPowerAfterClaim()
 writer effect     -> contracts/party/PartyGovernanceNFT.sol:186
 written member    -> ('SV', 'contracts/party/PartyGovernanceNFT.sol', 'PartyGovernanceNFT.mintedVotingPower')
 potentially stale -> ('SV', 'contracts/party/PartyGovernance.sol', 'PartyGovernance._governanceValues')
 reader witnesses  -> 594
 storage exposures -> 1
[MV-SI candidate 5b901545a032af2df995] {_governanceValues, isAuthority[$sender]}
 writer root       -> sol-tests/crowdfund/ReraiseETHCrowdfund.t.sol::ReraiseETHCrowdfundTest.test_sendFundingSplit_canOnlySendWhenFinalized()
 writer effect     -> contracts/party/PartyGovernanceNFT.sol:230
 written member    -> ('SV', 'contracts/party/PartyGovernance.sol', 'PartyGovernance._governanceValues')
 potentially stale -> ('MS', 'contracts/party/PartyGovernanceNFT.sol', 'PartyGovernanceNFT.isAuthority', '$sender')
 reader witnesses  -> 183
 storage exposures -> 1
[MV-SI candidate 5bdabb8088ae5bf46bf7] {_governanceValues, votingPowerByTokenId[$arg0]}
 writer root       -> sol-tests/crowdfund/InitialETHCrowdfund.t.sol::InitialETHCrowdfundTest.test_contribute_mintNewCard_withDisableContributingForExistingCard()
 writer effect     -> contracts/party/PartyGovernanceNFT.sol:219
 written member    -> ('MS', 'contracts/party/PartyGovernanceNFT.sol', 'PartyGovernanceNFT.votingPowerByTokenId', '$arg0')
 potentially stale -> ('SV', 'contracts/party/PartyGovernance.sol', 'PartyGovernance._governanceValues')
 reader witnesses  -> 891
 storage exposures -> 1
[MV-SI candidate 5be20c12e19a055717ed] {minTotalContributions, totalContributions}
 writer root       -> contracts/crowdfund/InitialETHCrowdfund.sol::InitialETHCrowdfund.contribute(address,bytes)
 writer effect     -> contracts/crowdfund/ETHCrowdfundBase.sol:226
 written member    -> ('SV', 'contracts/crowdfund/ETHCrowdfundBase.sol', 'ETHCrowdfundBase.totalContributions')
 potentially stale -> ('SV', 'contracts/crowdfund/ETHCrowdfundBase.sol', 'ETHCrowdfundBase.minTotalContributions')
 reader witnesses  -> 94
 storage exposures -> 1
[MV-SI candidate 5c0a8c953071f49f8f49] {minTotalContributions, totalContributions}
 writer root       -> sol-tests/crowdfund/ReraiseETHCrowdfund.t.sol::ReraiseETHCrowdfundTest.test_sendFundingSplit_cannotSendTwice()
 writer effect     -> contracts/crowdfund/ETHCrowdfundBase.sol:226
 written member    -> ('SV', 'contracts/crowdfund/ETHCrowdfundBase.sol', 'ETHCrowdfundBase.totalContributions')
 potentially stale -> ('SV', 'contracts/crowdfund/ETHCrowdfundBase.sol', 'ETHCrowdfundBase.minTotalContributions')
 reader witnesses  -> 118
 storage exposures -> 1
[MV-SI candidate 5c6cdecd391cf5c901f8] {_governanceValues, votingPowerByTokenId[$arg0]}
 writer root       -> sol-tests/crowdfund/InitialETHCrowdfund.t.sol::InitialETHCrowdfundTest.test_refund_notLost()
 writer effect     -> contracts/party/PartyGovernanceNFT.sol:219
 written member    -> ('MS', 'contracts/party/PartyGovernanceNFT.sol', 'PartyGovernanceNFT.votingPowerByTokenId', '$arg0')
 potentially stale -> ('SV', 'contracts/party/PartyGovernance.sol', 'PartyGovernance._governanceValues')
 reader witnesses  -> 891
 storage exposures -> 1
[MV-SI candidate 5df097ca7d59c1a03b72] {maxTotalContributions, totalContributions}
 writer root       -> sol-tests/crowdfund/ReraiseETHCrowdfund.t.sol::ReraiseETHCrowdfundTest.test_claimMultiple_cannotClaimMoreThanVotingPower()
 writer effect     -> contracts/crowdfund/ETHCrowdfundBase.sol:212
 written member    -> ('SV', 'contracts/crowdfund/ETHCrowdfundBase.sol', 'ETHCrowdfundBase.totalContributions')
 potentially stale -> ('SV', 'contracts/crowdfund/ETHCrowdfundBase.sol', 'ETHCrowdfundBase.maxTotalContributions')
 reader witnesses  -> 324
 storage exposures -> 1
[MV-SI candidate 5e0083ee0689d827aa10] {_governanceValues, isAuthority[$sender]}
 writer root       -> contracts/party/PartyGovernanceNFT.sol::PartyGovernanceNFT.increaseTotalVotingPower(uint96)
 writer effect     -> contracts/party/PartyGovernanceNFT.sol:230
 written member    -> ('SV', 'contracts/party/PartyGovernance.sol', 'PartyGovernance._governanceValues')
 potentially stale -> ('MS', 'contracts/party/PartyGovernanceNFT.sol', 'PartyGovernanceNFT.isAuthority', '$sender')
 reader witnesses  -> 183
 storage exposures -> 1
[MV-SI candidate 5e1e2c648d9b4f7f7444] {_governanceValues, isAuthority[$sender]}
 writer root       -> sol-tests/crowdfund/ReraiseETHCrowdfund.t.sol::ReraiseETHCrowdfundTest.test_contributeFor_works()
 writer effect     -> contracts/party/PartyGovernanceNFT.sol:230
 written member    -> ('SV', 'contracts/party/PartyGovernance.sol', 'PartyGovernance._governanceValues')
 potentially stale -> ('MS', 'contracts/party/PartyGovernanceNFT.sol', 'PartyGovernanceNFT.isAuthority', '$sender')
 reader witnesses  -> 183
 storage exposures -> 1
[MV-SI candidate 5e4fd2c264819aba5cff] {_governanceValues, mintedVotingPower}
 writer root       -> sol-tests/crowdfund/InitialETHCrowdfund.t.sol::InitialETHCrowdfundTest.test_refund_works()
 writer effect     -> contracts/party/PartyGovernanceNFT.sol:258
 written member    -> ('SV', 'contracts/party/PartyGovernance.sol', 'PartyGovernance._governanceValues')
 potentially stale -> ('SV', 'contracts/party/PartyGovernanceNFT.sol', 'PartyGovernanceNFT.mintedVotingPower')
 reader witnesses  -> 722
 storage exposures -> 1
[MV-SI candidate 5e5310ab81b5513ceb60] {maxTotalContributions, totalContributions}
 writer root       -> sol-tests/crowdfund/InitialETHCrowdfund.t.sol::InitialETHCrowdfundTest.test_batchContribute_works()
 writer effect     -> contracts/crowdfund/ETHCrowdfundBase.sol:212
 written member    -> ('SV', 'contracts/crowdfund/ETHCrowdfundBase.sol', 'ETHCrowdfundBase.totalContributions')
 potentially stale -> ('SV', 'contracts/crowdfund/ETHCrowdfundBase.sol', 'ETHCrowdfundBase.maxTotalContributions')
 reader witnesses  -> 264
 storage exposures -> 1
[MV-SI candidate 5e76888a214a2faf0b89] {maxTotalContributions, totalContributions}
 writer root       -> sol-tests/crowdfund/ReraiseETHCrowdfund.t.sol::ReraiseETHCrowdfundTest.test_claim_mintNewCard_withDisableContributingForExistingCard()
 writer effect     -> contracts/crowdfund/ETHCrowdfundBase.sol:212
 written member    -> ('SV', 'contracts/crowdfund/ETHCrowdfundBase.sol', 'ETHCrowdfundBase.totalContributions')
 potentially stale -> ('SV', 'contracts/crowdfund/ETHCrowdfundBase.sol', 'ETHCrowdfundBase.maxTotalContributions')
 reader witnesses  -> 324
 storage exposures -> 1
[MV-SI candidate 5ea0016e2162c61006a8] {_governanceValues, votingPowerByTokenId[$arg0]}
 writer root       -> sol-tests/crowdfund/InitialETHCrowdfund.t.sol::InitialETHCrowdfundTest.test_partyCardTokenURI_whileCrowdfundLost()
 writer effect     -> contracts/party/PartyGovernanceNFT.sol:230
 written member    -> ('SV', 'contracts/party/PartyGovernance.sol', 'PartyGovernance._governanceValues')
 potentially stale -> ('MS', 'contracts/party/PartyGovernanceNFT.sol', 'PartyGovernanceNFT.votingPowerByTokenId', '$arg0')
 reader witnesses  -> 249
 storage exposures -> 1
[MV-SI candidate 5eac0089edbff231fbc0] {exchangeRateBps, fundingSplitBps, maxTotalContributions, totalContributions}
 writer root       -> sol-tests/crowdfund/ReraiseETHCrowdfund.t.sol::ReraiseETHCrowdfundTest.test_finalize_onlyHostCanFinalizeEarlyWhenActive()
 writer effect     -> contracts/crowdfund/ETHCrowdfundBase.sol:226
 written member    -> ('SV', 'contracts/crowdfund/ETHCrowdfundBase.sol', 'ETHCrowdfundBase.totalContributions')
 potentially stale -> ('SV', 'contracts/crowdfund/ETHCrowdfundBase.sol', 'ETHCrowdfundBase.exchangeRateBps'), ('SV', 'contracts/crowdfund/ETHCrowdfundBase.sol', 'ETHCrowdfundBase.fundingSplitBps'), ('SV', 'contracts/crowdfund/ETHCrowdfundBase.sol', 'ETHCrowdfundBase.maxTotalContributions')
 reader witnesses  -> 2849
 storage exposures -> 1
[MV-SI candidate 5eb3c96506029a734fbf] {_governanceValues, mintedVotingPower}
 writer root       -> sol-tests/crowdfund/InitialETHCrowdfund.t.sol::InitialETHCrowdfundTest.test_finalize_belowMinTotalContributions()
 writer effect     -> contracts/party/PartyGovernanceNFT.sol:186
 written member    -> ('SV', 'contracts/party/PartyGovernanceNFT.sol', 'PartyGovernanceNFT.mintedVotingPower')
 potentially stale -> ('SV', 'contracts/party/PartyGovernance.sol', 'PartyGovernance._governanceValues')
 reader witnesses  -> 594
 storage exposures -> 1
[MV-SI candidate 5ef1c979804b9ac42fe4] {_governanceValues, votingPowerByTokenId[$arg0]}
 writer root       -> contracts/crowdfund/InitialETHCrowdfund.sol::InitialETHCrowdfund.contribute(address,bytes)
 writer effect     -> contracts/party/PartyGovernanceNFT.sol:219
 written member    -> ('MS', 'contracts/party/PartyGovernanceNFT.sol', 'PartyGovernanceNFT.votingPowerByTokenId', '$arg0')
 potentially stale -> ('SV', 'contracts/party/PartyGovernance.sol', 'PartyGovernance._governanceValues')
 reader witnesses  -> 891
 storage exposures -> 1
[MV-SI candidate 5f1007ab4f6af828fb89] {minTotalContributions, totalContributions}
 writer root       -> sol-tests/crowdfund/ReraiseETHCrowdfund.t.sol::ReraiseETHCrowdfundTest.test_finalize_withFundingSplit()
 writer effect     -> contracts/crowdfund/ETHCrowdfundBase.sol:212
 written member    -> ('SV', 'contracts/crowdfund/ETHCrowdfundBase.sol', 'ETHCrowdfundBase.totalContributions')
 potentially stale -> ('SV', 'contracts/crowdfund/ETHCrowdfundBase.sol', 'ETHCrowdfundBase.minTotalContributions')
 reader witnesses  -> 118
 storage exposures -> 1
[MV-SI candidate 5f55d05275dc856fb9d2] {maxTotalContributions, minContribution, totalContributions}
 writer root       -> sol-tests/crowdfund/ReraiseETHCrowdfund.t.sol::ReraiseETHCrowdfundTest.test_contribute_aboveMaxTotalContributionWhenWhenContributionBelowMinContributionAfterRefund()
 writer effect     -> contracts/crowdfund/ETHCrowdfundBase.sol:212
 written member    -> ('SV', 'contracts/crowdfund/ETHCrowdfundBase.sol', 'ETHCrowdfundBase.totalContributions')
 potentially stale -> ('SV', 'contracts/crowdfund/ETHCrowdfundBase.sol', 'ETHCrowdfundBase.maxTotalContributions'), ('SV', 'contracts/crowdfund/ETHCrowdfundBase.sol', 'ETHCrowdfundBase.minContribution')
 reader witnesses  -> 220
 storage exposures -> 1
[MV-SI candidate 5f59694b85806d6a35fe] {_governanceValues, mintedVotingPower}
 writer root       -> sol-tests/crowdfund/Crowdfund.t.sol::CrowdfundTest.testWin_twoContributors()
 writer effect     -> contracts/party/PartyGovernanceNFT.sol:186
 written member    -> ('SV', 'contracts/party/PartyGovernanceNFT.sol', 'PartyGovernanceNFT.mintedVotingPower')
 potentially stale -> ('SV', 'contracts/party/PartyGovernance.sol', 'PartyGovernance._governanceValues')
 reader witnesses  -> 594
 storage exposures -> 1
[MV-SI candidate 5f981bc393f10eef57e2] {_governanceValues, isAuthority[$sender]}
 writer root       -> sol-tests/crowdfund/ReraiseETHCrowdfund.t.sol::ReraiseETHCrowdfundTest.test_fundingSplit_contributionAndRefund()
 writer effect     -> contracts/party/PartyGovernanceNFT.sol:230
 written member    -> ('SV', 'contracts/party/PartyGovernance.sol', 'PartyGovernance._governanceValues')
 potentially stale -> ('MS', 'contracts/party/PartyGovernanceNFT.sol', 'PartyGovernanceNFT.isAuthority', '$sender')
 reader witnesses  -> 183
 storage exposures -> 1
[MV-SI candidate 5fb9d87760314694e838] {maxTotalContributions, totalContributions}
 writer root       -> sol-tests/crowdfund/ReraiseETHCrowdfund.t.sol::ReraiseETHCrowdfundTest.test_claimMultiple_votingPowerOfCardAboveMax()
 writer effect     -> contracts/crowdfund/ETHCrowdfundBase.sol:226
 written member    -> ('SV', 'contracts/crowdfund/ETHCrowdfundBase.sol', 'ETHCrowdfundBase.totalContributions')
 potentially stale -> ('SV', 'contracts/crowdfund/ETHCrowdfundBase.sol', 'ETHCrowdfundBase.maxTotalContributions')
 reader witnesses  -> 324
 storage exposures -> 1
[MV-SI candidate 5ffaad9a33129dd308b4] {_governanceValues, mintedVotingPower}
 writer root       -> sol-tests/crowdfund/InitialETHCrowdfund.t.sol::InitialETHCrowdfundTest.test_initialization_cannotReinitialize()
 writer effect     -> contracts/party/PartyGovernanceNFT.sol:218
 written member    -> ('SV', 'contracts/party/PartyGovernanceNFT.sol', 'PartyGovernanceNFT.mintedVotingPower')
 potentially stale -> ('SV', 'contracts/party/PartyGovernance.sol', 'PartyGovernance._governanceValues')
 reader witnesses  -> 594
 storage exposures -> 1
[MV-SI candidate 60029136cf12d6279da2] {exchangeRateBps, fundingSplitBps, maxTotalContributions, totalContributions}
 writer root       -> sol-tests/crowdfund/InitialETHCrowdfund.t.sol::InitialETHCrowdfundTest.test_contribute_aboveMaxTotalContribution()
 writer effect     -> contracts/crowdfund/ETHCrowdfundBase.sol:212
 written member    -> ('SV', 'contracts/crowdfund/ETHCrowdfundBase.sol', 'ETHCrowdfundBase.totalContributions')
 potentially stale -> ('SV', 'contracts/crowdfund/ETHCrowdfundBase.sol', 'ETHCrowdfundBase.exchangeRateBps'), ('SV', 'contracts/crowdfund/ETHCrowdfundBase.sol', 'ETHCrowdfundBase.fundingSplitBps'), ('SV', 'contracts/crowdfund/ETHCrowdfundBase.sol', 'ETHCrowdfundBase.maxTotalContributions')
 reader witnesses  -> 2219
 storage exposures -> 1
[MV-SI candidate 607a275ef9cc9545752c] {maxTotalContributions, totalContributions}
 writer root       -> sol-tests/crowdfund/ReraiseETHCrowdfund.t.sol::ReraiseETHCrowdfundTest.test_claim_mintNewCard()
 writer effect     -> contracts/crowdfund/ETHCrowdfundBase.sol:212
 written member    -> ('SV', 'contracts/crowdfund/ETHCrowdfundBase.sol', 'ETHCrowdfundBase.totalContributions')
 potentially stale -> ('SV', 'contracts/crowdfund/ETHCrowdfundBase.sol', 'ETHCrowdfundBase.maxTotalContributions')
 reader witnesses  -> 324
 storage exposures -> 1
[MV-SI candidate 608c717a4647c7b1fd30] {_governanceValues, mintedVotingPower}
 writer root       -> sol-tests/crowdfund/ReraiseETHCrowdfund.t.sol::ReraiseETHCrowdfundTest.test_crowdfundCardTokenURI_whileCrowdfundLost()
 writer effect     -> contracts/party/PartyGovernanceNFT.sol:230
 written member    -> ('SV', 'contracts/party/PartyGovernance.sol', 'PartyGovernance._governanceValues')
 potentially stale -> ('SV', 'contracts/party/PartyGovernanceNFT.sol', 'PartyGovernanceNFT.mintedVotingPower')
 reader witnesses  -> 722
 storage exposures -> 1
[MV-SI candidate 609bd733ebfd3d14c59e] {exchangeRateBps, fundingSplitBps, maxTotalContributions, totalContributions}
 writer root       -> sol-tests/crowdfund/ReraiseETHCrowdfund.t.sol::ReraiseETHCrowdfundTest.test_contribute_noVotingPower()
 writer effect     -> contracts/crowdfund/ETHCrowdfundBase.sol:212
 written member    -> ('SV', 'contracts/crowdfund/ETHCrowdfundBase.sol', 'ETHCrowdfundBase.totalContributions')
 potentially stale -> ('SV', 'contracts/crowdfund/ETHCrowdfundBase.sol', 'ETHCrowdfundBase.exchangeRateBps'), ('SV', 'contracts/crowdfund/ETHCrowdfundBase.sol', 'ETHCrowdfundBase.fundingSplitBps'), ('SV', 'contracts/crowdfund/ETHCrowdfundBase.sol', 'ETHCrowdfundBase.maxTotalContributions')
 reader witnesses  -> 2849
 storage exposures -> 1
[MV-SI candidate 60a9356c9e1136c0dd3b] {minTotalContributions, totalContributions}
 writer root       -> sol-tests/crowdfund/InitialETHCrowdfund.t.sol::InitialETHCrowdfundTest.test_expiry_won()
 writer effect     -> contracts/crowdfund/ETHCrowdfundBase.sol:212
 written member    -> ('SV', 'contracts/crowdfund/ETHCrowdfundBase.sol', 'ETHCrowdfundBase.totalContributions')
 potentially stale -> ('SV', 'contracts/crowdfund/ETHCrowdfundBase.sol', 'ETHCrowdfundBase.minTotalContributions')
 reader witnesses  -> 94
 storage exposures -> 1
[MV-SI candidate 60b62386aa30424d44da] {_governanceValues, mintedVotingPower}
 writer root       -> contracts/party/PartyGovernanceNFT.sol::PartyGovernanceNFT.increaseTotalVotingPower(uint96)
 writer effect     -> contracts/party/PartyGovernanceNFT.sol:230
 written member    -> ('SV', 'contracts/party/PartyGovernance.sol', 'PartyGovernance._governanceValues')
 potentially stale -> ('SV', 'contracts/party/PartyGovernanceNFT.sol', 'PartyGovernanceNFT.mintedVotingPower')
 reader witnesses  -> 722
 storage exposures -> 1
[MV-SI candidate 60f4482b8a8435f74006] {maxTotalContributions, totalContributions}
 writer root       -> sol-tests/crowdfund/InitialETHCrowdfund.t.sol::InitialETHCrowdfundTest.test_finalize_withFundingSplit()
 writer effect     -> contracts/crowdfund/ETHCrowdfundBase.sol:212
 written member    -> ('SV', 'contracts/crowdfund/ETHCrowdfundBase.sol', 'ETHCrowdfundBase.totalContributions')
 potentially stale -> ('SV', 'contracts/crowdfund/ETHCrowdfundBase.sol', 'ETHCrowdfundBase.maxTotalContributions')
 reader witnesses  -> 264
 storage exposures -> 1
[MV-SI candidate 610d268a166e62d81038] {maxTotalContributions, totalContributions}
 writer root       -> sol-tests/crowdfund/InitialETHCrowdfund.t.sol::InitialETHCrowdfundTest.test_contribute_smallAmountWithFundingSplit()
 writer effect     -> contracts/crowdfund/ETHCrowdfundBase.sol:226
 written member    -> ('SV', 'contracts/crowdfund/ETHCrowdfundBase.sol', 'ETHCrowdfundBase.totalContributions')
 potentially stale -> ('SV', 'contracts/crowdfund/ETHCrowdfundBase.sol', 'ETHCrowdfundBase.maxTotalContributions')
 reader witnesses  -> 264
 storage exposures -> 1
[MV-SI candidate 613735900ce7b8ea1028] {minTotalContributions, totalContributions}
 writer root       -> sol-tests/crowdfund/InitialETHCrowdfund.t.sol::InitialETHCrowdfundTest.test_fundingSplit_contributionAndRefund()
 writer effect     -> contracts/crowdfund/ETHCrowdfundBase.sol:212
 written member    -> ('SV', 'contracts/crowdfund/ETHCrowdfundBase.sol', 'ETHCrowdfundBase.totalContributions')
 potentially stale -> ('SV', 'contracts/crowdfund/ETHCrowdfundBase.sol', 'ETHCrowdfundBase.minTotalContributions')
 reader witnesses  -> 94
 storage exposures -> 1
[MV-SI candidate 6137e85d06570403ac64] {maxTotalContributions, minContribution, totalContributions}
 writer root       -> sol-tests/crowdfund/ReraiseETHCrowdfund.t.sol::ReraiseETHCrowdfundTest.test_contributeFor_doesNotUpdateExistingDelegation()
 writer effect     -> contracts/crowdfund/ETHCrowdfundBase.sol:212
 written member    -> ('SV', 'contracts/crowdfund/ETHCrowdfundBase.sol', 'ETHCrowdfundBase.totalContributions')
 potentially stale -> ('SV', 'contracts/crowdfund/ETHCrowdfundBase.sol', 'ETHCrowdfundBase.maxTotalContributions'), ('SV', 'contracts/crowdfund/ETHCrowdfundBase.sol', 'ETHCrowdfundBase.minContribution')
 reader witnesses  -> 220
 storage exposures -> 1
[MV-SI candidate 61533e28f744cb73b0b9] {maxTotalContributions, totalContributions}
 writer root       -> sol-tests/crowdfund/ReraiseETHCrowdfund.t.sol::ReraiseETHCrowdfundTest.test_batchClaim_works()
 writer effect     -> contracts/crowdfund/ETHCrowdfundBase.sol:226
 written member    -> ('SV', 'contracts/crowdfund/ETHCrowdfundBase.sol', 'ETHCrowdfundBase.totalContributions')
 potentially stale -> ('SV', 'contracts/crowdfund/ETHCrowdfundBase.sol', 'ETHCrowdfundBase.maxTotalContributions')
 reader witnesses  -> 324
 storage exposures -> 1
[MV-SI candidate 61da44777f4403067ae3] {maxTotalContributions, totalContributions}
 writer root       -> sol-tests/crowdfund/ReraiseETHCrowdfund.t.sol::ReraiseETHCrowdfundTest.test_contributeFor_doesNotUpdateExistingDelegation()
 writer effect     -> contracts/crowdfund/ETHCrowdfundBase.sol:226
 written member    -> ('SV', 'contracts/crowdfund/ETHCrowdfundBase.sol', 'ETHCrowdfundBase.totalContributions')
 potentially stale -> ('SV', 'contracts/crowdfund/ETHCrowdfundBase.sol', 'ETHCrowdfundBase.maxTotalContributions')
 reader witnesses  -> 324
 storage exposures -> 1
[MV-SI candidate 62040a4750a091a8411d] {_governanceValues, mintedVotingPower}
 writer root       -> sol-tests/crowdfund/ReraiseETHCrowdfund.t.sol::ReraiseETHCrowdfundTest.test_claimMultiple_votingPowerOfCardBelowMin()
 writer effect     -> contracts/party/PartyGovernanceNFT.sol:186
 written member    -> ('SV', 'contracts/party/PartyGovernanceNFT.sol', 'PartyGovernanceNFT.mintedVotingPower')
 potentially stale -> ('SV', 'contracts/party/PartyGovernance.sol', 'PartyGovernance._governanceValues')
 reader witnesses  -> 594
 storage exposures -> 1
[MV-SI candidate 6208fc145eb2292d425d] {_governanceValues, mintedVotingPower}
 writer root       -> sol-tests/crowdfund/ReraiseETHCrowdfund.t.sol::ReraiseETHCrowdfundTest.test_contribute_noContribution()
 writer effect     -> contracts/party/PartyGovernanceNFT.sol:230
 written member    -> ('SV', 'contracts/party/PartyGovernance.sol', 'PartyGovernance._governanceValues')
 potentially stale -> ('SV', 'contracts/party/PartyGovernanceNFT.sol', 'PartyGovernanceNFT.mintedVotingPower')
 reader witnesses  -> 722
 storage exposures -> 1
[MV-SI candidate 626e68edf2119ca6ec04] {_governanceValues, votingPowerByTokenId[$arg0]}
 writer root       -> contracts/crowdfund/ReraiseETHCrowdfund.sol::ReraiseETHCrowdfund.contributeFor(address,address,bytes)
 writer effect     -> contracts/party/PartyGovernanceNFT.sol:230
 written member    -> ('SV', 'contracts/party/PartyGovernance.sol', 'PartyGovernance._governanceValues')
 potentially stale -> ('MS', 'contracts/party/PartyGovernanceNFT.sol', 'PartyGovernanceNFT.votingPowerByTokenId', '$arg0')
 reader witnesses  -> 249
 storage exposures -> 1
[MV-SI candidate 62e42bbe3203ce0b2437] {_governanceValues, isAuthority[$sender]}
 writer root       -> sol-tests/crowdfund/InitialETHCrowdfund.t.sol::InitialETHCrowdfundTest.test_partyCardTokenURI_whileCrowdfundActive()
 writer effect     -> contracts/party/PartyGovernanceNFT.sol:230
 written member    -> ('SV', 'contracts/party/PartyGovernance.sol', 'PartyGovernance._governanceValues')
 potentially stale -> ('MS', 'contracts/party/PartyGovernanceNFT.sol', 'PartyGovernanceNFT.isAuthority', '$sender')
 reader witnesses  -> 183
 storage exposures -> 1
[MV-SI candidate 62e96fe7a3551c801b73] {_governanceValues, votingPowerByTokenId[$arg0]}
 writer root       -> sol-tests/crowdfund/ReraiseETHCrowdfund.t.sol::ReraiseETHCrowdfundTest.test_batchRefund_works()
 writer effect     -> contracts/party/PartyGovernanceNFT.sol:230
 written member    -> ('SV', 'contracts/party/PartyGovernance.sol', 'PartyGovernance._governanceValues')
 potentially stale -> ('MS', 'contracts/party/PartyGovernanceNFT.sol', 'PartyGovernanceNFT.votingPowerByTokenId', '$arg0')
 reader witnesses  -> 249
 storage exposures -> 1
[MV-SI candidate 62f54b1df5dd8e16e26b] {maxTotalContributions, minContribution, totalContributions}
 writer root       -> sol-tests/crowdfund/ReraiseETHCrowdfund.t.sol::ReraiseETHCrowdfundTest.test_contribute_withFundingSplit()
 writer effect     -> contracts/crowdfund/ETHCrowdfundBase.sol:226
 written member    -> ('SV', 'contracts/crowdfund/ETHCrowdfundBase.sol', 'ETHCrowdfundBase.totalContributions')
 potentially stale -> ('SV', 'contracts/crowdfund/ETHCrowdfundBase.sol', 'ETHCrowdfundBase.maxTotalContributions'), ('SV', 'contracts/crowdfund/ETHCrowdfundBase.sol', 'ETHCrowdfundBase.minContribution')
 reader witnesses  -> 220
 storage exposures -> 1
[MV-SI candidate 635871d0ebb55a24c2b6] {exchangeRateBps, fundingSplitBps, maxTotalContributions, totalContributions}
 writer root       -> sol-tests/crowdfund/InitialETHCrowdfund.t.sol::InitialETHCrowdfundTest.test_contribute_noContribution()
 writer effect     -> contracts/crowdfund/ETHCrowdfundBase.sol:212
 written member    -> ('SV', 'contracts/crowdfund/ETHCrowdfundBase.sol', 'ETHCrowdfundBase.totalContributions')
 potentially stale -> ('SV', 'contracts/crowdfund/ETHCrowdfundBase.sol', 'ETHCrowdfundBase.exchangeRateBps'), ('SV', 'contracts/crowdfund/ETHCrowdfundBase.sol', 'ETHCrowdfundBase.fundingSplitBps'), ('SV', 'contracts/crowdfund/ETHCrowdfundBase.sol', 'ETHCrowdfundBase.maxTotalContributions')
 reader witnesses  -> 2219
 storage exposures -> 1
[MV-SI candidate 6360c48822e24699da83] {maxTotalContributions, totalContributions}
 writer root       -> sol-tests/crowdfund/InitialETHCrowdfund.t.sol::InitialETHCrowdfundTest.test_partyCardTokenURI_whileCrowdfundLost()
 writer effect     -> contracts/crowdfund/ETHCrowdfundBase.sol:212
 written member    -> ('SV', 'contracts/crowdfund/ETHCrowdfundBase.sol', 'ETHCrowdfundBase.totalContributions')
 potentially stale -> ('SV', 'contracts/crowdfund/ETHCrowdfundBase.sol', 'ETHCrowdfundBase.maxTotalContributions')
 reader witnesses  -> 264
 storage exposures -> 1
[MV-SI candidate 636ac49163d621786625] {_governanceValues, mintedVotingPower}
 writer root       -> sol-tests/crowdfund/ReraiseETHCrowdfund.t.sol::ReraiseETHCrowdfundTest.test_claim_addVotingPowerToExistingCard()
 writer effect     -> contracts/party/PartyGovernanceNFT.sol:230
 written member    -> ('SV', 'contracts/party/PartyGovernance.sol', 'PartyGovernance._governanceValues')
 potentially stale -> ('SV', 'contracts/party/PartyGovernanceNFT.sol', 'PartyGovernanceNFT.mintedVotingPower')
 reader witnesses  -> 722
 storage exposures -> 1
[MV-SI candidate 6390e47750346c8927ce] {_governanceValues, mintedVotingPower}
 writer root       -> contracts/crowdfund/Crowdfund.sol::Crowdfund.burn(address)
 writer effect     -> contracts/party/PartyGovernanceNFT.sol:186
 written member    -> ('SV', 'contracts/party/PartyGovernanceNFT.sol', 'PartyGovernanceNFT.mintedVotingPower')
 potentially stale -> ('SV', 'contracts/party/PartyGovernance.sol', 'PartyGovernance._governanceValues')
 reader witnesses  -> 594
 storage exposures -> 1
[MV-SI candidate 63a09ca5fa72d26b4e71] {_governanceValues, mintedVotingPower}
 writer root       -> sol-tests/crowdfund/InitialETHCrowdfund.t.sol::InitialETHCrowdfundTest.test_sendFundingSplit_works()
 writer effect     -> contracts/party/PartyGovernanceNFT.sol:218
 written member    -> ('SV', 'contracts/party/PartyGovernanceNFT.sol', 'PartyGovernanceNFT.mintedVotingPower')
 potentially stale -> ('SV', 'contracts/party/PartyGovernance.sol', 'PartyGovernance._governanceValues')
 reader witnesses  -> 594
 storage exposures -> 1
[MV-SI candidate 643029c2004b70c03e6f] {minTotalContributions, totalContributions}
 writer root       -> sol-tests/crowdfund/InitialETHCrowdfund.t.sol::InitialETHCrowdfundTest.test_contribute_mintNewCard()
 writer effect     -> contracts/crowdfund/ETHCrowdfundBase.sol:212
 written member    -> ('SV', 'contracts/crowdfund/ETHCrowdfundBase.sol', 'ETHCrowdfundBase.totalContributions')
 potentially stale -> ('SV', 'contracts/crowdfund/ETHCrowdfundBase.sol', 'ETHCrowdfundBase.minTotalContributions')
 reader witnesses  -> 94
 storage exposures -> 1
[MV-SI candidate 6488532c20d26750cdc3] {exchangeRateBps, fundingSplitBps, maxTotalContributions, totalContributions}
 writer root       -> sol-tests/crowdfund/ReraiseETHCrowdfund.t.sol::ReraiseETHCrowdfundTest.test_contributeFor_doesNotUpdateExistingDelegation()
 writer effect     -> contracts/crowdfund/ETHCrowdfundBase.sol:226
 written member    -> ('SV', 'contracts/crowdfund/ETHCrowdfundBase.sol', 'ETHCrowdfundBase.totalContributions')
 potentially stale -> ('SV', 'contracts/crowdfund/ETHCrowdfundBase.sol', 'ETHCrowdfundBase.exchangeRateBps'), ('SV', 'contracts/crowdfund/ETHCrowdfundBase.sol', 'ETHCrowdfundBase.fundingSplitBps'), ('SV', 'contracts/crowdfund/ETHCrowdfundBase.sol', 'ETHCrowdfundBase.maxTotalContributions')
 reader witnesses  -> 2849
 storage exposures -> 1
[MV-SI candidate 651e2668d5ab38c348bd] {minTotalContributions, totalContributions}
 writer root       -> sol-tests/crowdfund/ReraiseETHCrowdfund.t.sol::ReraiseETHCrowdfundTest.test_contribute_withFundingSplit()
 writer effect     -> contracts/crowdfund/ETHCrowdfundBase.sol:212
 written member    -> ('SV', 'contracts/crowdfund/ETHCrowdfundBase.sol', 'ETHCrowdfundBase.totalContributions')
 potentially stale -> ('SV', 'contracts/crowdfund/ETHCrowdfundBase.sol', 'ETHCrowdfundBase.minTotalContributions')
 reader witnesses  -> 118
 storage exposures -> 1
[MV-SI candidate 657331baacd797f60f45] {_governanceValues, isAuthority[$sender]}
 writer root       -> sol-tests/party/PartyGovernanceNFT.t.sol::PartyGovernanceNFTTest.testRageQuit_revertIfDuplicateTokens()
 writer effect     -> contracts/party/PartyGovernanceNFT.sol:258
 written member    -> ('SV', 'contracts/party/PartyGovernance.sol', 'PartyGovernance._governanceValues')
 potentially stale -> ('MS', 'contracts/party/PartyGovernanceNFT.sol', 'PartyGovernanceNFT.isAuthority', '$sender')
 reader witnesses  -> 183
 storage exposures -> 1
[MV-SI candidate 6577f5a5327c31f06a12] {maxTotalContributions, totalContributions}
 writer root       -> sol-tests/crowdfund/ReraiseETHCrowdfund.t.sol::ReraiseETHCrowdfundTest.test_expiry_won()
 writer effect     -> contracts/crowdfund/ETHCrowdfundBase.sol:212
 written member    -> ('SV', 'contracts/crowdfund/ETHCrowdfundBase.sol', 'ETHCrowdfundBase.totalContributions')
 potentially stale -> ('SV', 'contracts/crowdfund/ETHCrowdfundBase.sol', 'ETHCrowdfundBase.maxTotalContributions')
 reader witnesses  -> 324
 storage exposures -> 1
[MV-SI candidate 65e188cc9ad250635aad] {_governanceValues, mintedVotingPower}
 writer root       -> sol-tests/crowdfund/InitialETHCrowdfund.t.sol::InitialETHCrowdfundTest.test_contribute_aboveMaxTotalContribution()
 writer effect     -> contracts/party/PartyGovernanceNFT.sol:230
 written member    -> ('SV', 'contracts/party/PartyGovernance.sol', 'PartyGovernance._governanceValues')
 potentially stale -> ('SV', 'contracts/party/PartyGovernanceNFT.sol', 'PartyGovernanceNFT.mintedVotingPower')
 reader witnesses  -> 722
 storage exposures -> 1
[MV-SI candidate 6610c441ed7f0ed7076a] {_governanceValues, isAuthority[$sender]}
 writer root       -> sol-tests/crowdfund/ReraiseETHCrowdfund.t.sol::ReraiseETHCrowdfundTest.test_claimMultiple_votingPowerOfCardBelowMin()
 writer effect     -> contracts/party/PartyGovernanceNFT.sol:230
 written member    -> ('SV', 'contracts/party/PartyGovernance.sol', 'PartyGovernance._governanceValues')
 potentially stale -> ('MS', 'contracts/party/PartyGovernanceNFT.sol', 'PartyGovernanceNFT.isAuthority', '$sender')
 reader witnesses  -> 183
 storage exposures -> 1
[MV-SI candidate 6623a36506493f11ac10] {_governanceValues, votingPowerByTokenId[$arg0]}
 writer root       -> sol-tests/crowdfund/ReraiseETHCrowdfund.t.sol::ReraiseETHCrowdfundTest.test_claimMultiple_votingPowerOfCardBelowMin()
 writer effect     -> contracts/party/PartyGovernanceNFT.sol:219
 written member    -> ('MS', 'contracts/party/PartyGovernanceNFT.sol', 'PartyGovernanceNFT.votingPowerByTokenId', '$arg0')
 potentially stale -> ('SV', 'contracts/party/PartyGovernance.sol', 'PartyGovernance._governanceValues')
 reader witnesses  -> 891
 storage exposures -> 1
[MV-SI candidate 6672a0d38d014dc58bab] {_governanceValues, isAuthority[$sender]}
 writer root       -> sol-tests/crowdfund/ReraiseETHCrowdfund.t.sol::ReraiseETHCrowdfundTest.test_initialization_cannotReinitialize()
 writer effect     -> contracts/party/PartyGovernanceNFT.sol:230
 written member    -> ('SV', 'contracts/party/PartyGovernance.sol', 'PartyGovernance._governanceValues')
 potentially stale -> ('MS', 'contracts/party/PartyGovernanceNFT.sol', 'PartyGovernanceNFT.isAuthority', '$sender')
 reader witnesses  -> 183
 storage exposures -> 1
[MV-SI candidate 66758d25771bec06bab7] {exchangeRateBps, fundingSplitBps, maxTotalContributions, totalContributions}
 writer root       -> sol-tests/crowdfund/ReraiseETHCrowdfund.t.sol::ReraiseETHCrowdfundTest.test_contribute_aboveMaxTotalContribution()
 writer effect     -> contracts/crowdfund/ETHCrowdfundBase.sol:226
 written member    -> ('SV', 'contracts/crowdfund/ETHCrowdfundBase.sol', 'ETHCrowdfundBase.totalContributions')
 potentially stale -> ('SV', 'contracts/crowdfund/ETHCrowdfundBase.sol', 'ETHCrowdfundBase.exchangeRateBps'), ('SV', 'contracts/crowdfund/ETHCrowdfundBase.sol', 'ETHCrowdfundBase.fundingSplitBps'), ('SV', 'contracts/crowdfund/ETHCrowdfundBase.sol', 'ETHCrowdfundBase.maxTotalContributions')
 reader witnesses  -> 2849
 storage exposures -> 1
[MV-SI candidate 6691b37f14e5159ad3a9] {exchangeRateBps, fundingSplitBps, maxTotalContributions, totalContributions}
 writer root       -> sol-tests/crowdfund/ReraiseETHCrowdfund.t.sol::ReraiseETHCrowdfundTest.test_expiry_won()
 writer effect     -> contracts/crowdfund/ETHCrowdfundBase.sol:226
 written member    -> ('SV', 'contracts/crowdfund/ETHCrowdfundBase.sol', 'ETHCrowdfundBase.totalContributions')
 potentially stale -> ('SV', 'contracts/crowdfund/ETHCrowdfundBase.sol', 'ETHCrowdfundBase.exchangeRateBps'), ('SV', 'contracts/crowdfund/ETHCrowdfundBase.sol', 'ETHCrowdfundBase.fundingSplitBps'), ('SV', 'contracts/crowdfund/ETHCrowdfundBase.sol', 'ETHCrowdfundBase.maxTotalContributions')
 reader witnesses  -> 2849
 storage exposures -> 1
[MV-SI candidate 66c88581ae78175a934d] {maxTotalContributions, totalContributions}
 writer root       -> sol-tests/crowdfund/ReraiseETHCrowdfund.t.sol::ReraiseETHCrowdfundTest.test_claim_aboveMax()
 writer effect     -> contracts/crowdfund/ETHCrowdfundBase.sol:226
 written member    -> ('SV', 'contracts/crowdfund/ETHCrowdfundBase.sol', 'ETHCrowdfundBase.totalContributions')
 potentially stale -> ('SV', 'contracts/crowdfund/ETHCrowdfundBase.sol', 'ETHCrowdfundBase.maxTotalContributions')
 reader witnesses  -> 324
 storage exposures -> 1
[MV-SI candidate 66ef7eade1a62c1967db] {minTotalContributions, totalContributions}
 writer root       -> sol-tests/crowdfund/ReraiseETHCrowdfund.t.sol::ReraiseETHCrowdfundTest.test_contribute_aboveMaxTotalContribution()
 writer effect     -> contracts/crowdfund/ETHCrowdfundBase.sol:226
 written member    -> ('SV', 'contracts/crowdfund/ETHCrowdfundBase.sol', 'ETHCrowdfundBase.totalContributions')
 potentially stale -> ('SV', 'contracts/crowdfund/ETHCrowdfundBase.sol', 'ETHCrowdfundBase.minTotalContributions')
 reader witnesses  -> 118
 storage exposures -> 1
[MV-SI candidate 672dceb1c2c52eb25f2a] {_governanceValues, votingPowerByTokenId[$arg0]}
 writer root       -> sol-tests/crowdfund/InitialETHCrowdfund.t.sol::InitialETHCrowdfundTest.test_expiry_lost()
 writer effect     -> contracts/party/PartyGovernanceNFT.sol:219
 written member    -> ('MS', 'contracts/party/PartyGovernanceNFT.sol', 'PartyGovernanceNFT.votingPowerByTokenId', '$arg0')
 potentially stale -> ('SV', 'contracts/party/PartyGovernance.sol', 'PartyGovernance._governanceValues')
 reader witnesses  -> 891
 storage exposures -> 1
[MV-SI candidate 6748eabbd4a41b4a1de5] {maxTotalContributions, minContribution, totalContributions}
 writer root       -> sol-tests/crowdfund/InitialETHCrowdfund.t.sol::InitialETHCrowdfundTest.test_expiry_won()
 writer effect     -> contracts/crowdfund/ETHCrowdfundBase.sol:212
 written member    -> ('SV', 'contracts/crowdfund/ETHCrowdfundBase.sol', 'ETHCrowdfundBase.totalContributions')
 potentially stale -> ('SV', 'contracts/crowdfund/ETHCrowdfundBase.sol', 'ETHCrowdfundBase.maxTotalContributions'), ('SV', 'contracts/crowdfund/ETHCrowdfundBase.sol', 'ETHCrowdfundBase.minContribution')
 reader witnesses  -> 175
 storage exposures -> 1
[MV-SI candidate 679b467aa394230e71cc] {maxTotalContributions, totalContributions}
 writer root       -> sol-tests/crowdfund/InitialETHCrowdfund.t.sol::InitialETHCrowdfundTest.test_contribute_smallAmountWithFundingSplit()
 writer effect     -> contracts/crowdfund/ETHCrowdfundBase.sol:212
 written member    -> ('SV', 'contracts/crowdfund/ETHCrowdfundBase.sol', 'ETHCrowdfundBase.totalContributions')
 potentially stale -> ('SV', 'contracts/crowdfund/ETHCrowdfundBase.sol', 'ETHCrowdfundBase.maxTotalContributions')
 reader witnesses  -> 264
 storage exposures -> 1
[MV-SI candidate 68262f2541c236073a40] {maxTotalContributions, totalContributions}
 writer root       -> sol-tests/crowdfund/ReraiseETHCrowdfund.t.sol::ReraiseETHCrowdfundTest.test_finalize_belowMinTotalContributions()
 writer effect     -> contracts/crowdfund/ETHCrowdfundBase.sol:212
 written member    -> ('SV', 'contracts/crowdfund/ETHCrowdfundBase.sol', 'ETHCrowdfundBase.totalContributions')
 potentially stale -> ('SV', 'contracts/crowdfund/ETHCrowdfundBase.sol', 'ETHCrowdfundBase.maxTotalContributions')
 reader witnesses  -> 324
 storage exposures -> 1
[MV-SI candidate 684d3394172babbe4a33] {_governanceValues, isAuthority[$sender]}
 writer root       -> sol-tests/crowdfund/InitialETHCrowdfund.t.sol::InitialETHCrowdfundTest.test_refund_works()
 writer effect     -> contracts/party/PartyGovernanceNFT.sol:230
 written member    -> ('SV', 'contracts/party/PartyGovernance.sol', 'PartyGovernance._governanceValues')
 potentially stale -> ('MS', 'contracts/party/PartyGovernanceNFT.sol', 'PartyGovernanceNFT.isAuthority', '$sender')
 reader witnesses  -> 183
 storage exposures -> 1
[MV-SI candidate 687f226a036f3d254659] {maxTotalContributions, minContribution, totalContributions}
 writer root       -> sol-tests/crowdfund/InitialETHCrowdfund.t.sol::InitialETHCrowdfundTest.test_contributeFor_works()
 writer effect     -> contracts/crowdfund/ETHCrowdfundBase.sol:226
 written member    -> ('SV', 'contracts/crowdfund/ETHCrowdfundBase.sol', 'ETHCrowdfundBase.totalContributions')
 potentially stale -> ('SV', 'contracts/crowdfund/ETHCrowdfundBase.sol', 'ETHCrowdfundBase.maxTotalContributions'), ('SV', 'contracts/crowdfund/ETHCrowdfundBase.sol', 'ETHCrowdfundBase.minContribution')
 reader witnesses  -> 175
 storage exposures -> 1
[MV-SI candidate 6949bbfc186e8b49a647] {_governanceValues, votingPowerByTokenId[$arg0]}
 writer root       -> sol-tests/crowdfund/InitialETHCrowdfund.t.sol::InitialETHCrowdfundTest.test_contributeFor_doesNotUpdateExistingDelegation()
 writer effect     -> contracts/party/PartyGovernanceNFT.sol:219
 written member    -> ('MS', 'contracts/party/PartyGovernanceNFT.sol', 'PartyGovernanceNFT.votingPowerByTokenId', '$arg0')
 potentially stale -> ('SV', 'contracts/party/PartyGovernance.sol', 'PartyGovernance._governanceValues')
 reader witnesses  -> 891
 storage exposures -> 1
[MV-SI candidate 69733c28433eaa296aef] {_governanceValues, isAuthority[$sender]}
 writer root       -> sol-tests/crowdfund/InitialETHCrowdfund.t.sol::InitialETHCrowdfundTest.test_partyCardTokenURI_whileCrowdfundFinalized()
 writer effect     -> contracts/party/PartyGovernanceNFT.sol:230
 written member    -> ('SV', 'contracts/party/PartyGovernance.sol', 'PartyGovernance._governanceValues')
 potentially stale -> ('MS', 'contracts/party/PartyGovernanceNFT.sol', 'PartyGovernanceNFT.isAuthority', '$sender')
 reader witnesses  -> 183
 storage exposures -> 1
[MV-SI candidate 69db275d6c81e9257862] {maxTotalContributions, totalContributions}
 writer root       -> sol-tests/crowdfund/ReraiseETHCrowdfund.t.sol::ReraiseETHCrowdfundTest.test_contribute_withFundingSplit()
 writer effect     -> contracts/crowdfund/ETHCrowdfundBase.sol:212
 written member    -> ('SV', 'contracts/crowdfund/ETHCrowdfundBase.sol', 'ETHCrowdfundBase.totalContributions')
 potentially stale -> ('SV', 'contracts/crowdfund/ETHCrowdfundBase.sol', 'ETHCrowdfundBase.maxTotalContributions')
 reader witnesses  -> 324
 storage exposures -> 1
[MV-SI candidate 69dc849c45b1999db2dc] {_governanceValues, mintedVotingPower}
 writer root       -> sol-tests/party/PartyGovernanceNFT.t.sol::PartyGovernanceNFTTest.testBurn_withApproval()
 writer effect     -> contracts/party/PartyGovernanceNFT.sol:186
 written member    -> ('SV', 'contracts/party/PartyGovernanceNFT.sol', 'PartyGovernanceNFT.mintedVotingPower')
 potentially stale -> ('SV', 'contracts/party/PartyGovernance.sol', 'PartyGovernance._governanceValues')
 reader witnesses  -> 594
 storage exposures -> 1
[MV-SI candidate 69f0e570058b57f48fed] {_governanceValues, votingPowerByTokenId[$arg0]}
 writer root       -> sol-tests/crowdfund/ReraiseETHCrowdfund.t.sol::ReraiseETHCrowdfundTest.test_contribute_aboveMaxContribution()
 writer effect     -> contracts/party/PartyGovernanceNFT.sol:230
 written member    -> ('SV', 'contracts/party/PartyGovernance.sol', 'PartyGovernance._governanceValues')
 potentially stale -> ('MS', 'contracts/party/PartyGovernanceNFT.sol', 'PartyGovernanceNFT.votingPowerByTokenId', '$arg0')
 reader witnesses  -> 249
 storage exposures -> 1
[MV-SI candidate 6a1324c93caa87a2f245] {_governanceValues, votingPowerByTokenId[$arg0]}
 writer root       -> sol-tests/crowdfund/InitialETHCrowdfund.t.sol::InitialETHCrowdfundTest.test_contribute_aboveMaxTotalContributionWhenWhenContributionBelowMinContributionAfterRefund()
 writer effect     -> contracts/party/PartyGovernanceNFT.sol:230
 written member    -> ('SV', 'contracts/party/PartyGovernance.sol', 'PartyGovernance._governanceValues')
 potentially stale -> ('MS', 'contracts/party/PartyGovernanceNFT.sol', 'PartyGovernanceNFT.votingPowerByTokenId', '$arg0')
 reader witnesses  -> 249
 storage exposures -> 1
[MV-SI candidate 6ac6022bc99cda0e3f97] {minTotalContributions, totalContributions}
 writer root       -> sol-tests/crowdfund/InitialETHCrowdfund.t.sol::InitialETHCrowdfundTest.test_finalize_onlyHostCanFinalizeEarlyWhenActive()
 writer effect     -> contracts/crowdfund/ETHCrowdfundBase.sol:212
 written member    -> ('SV', 'contracts/crowdfund/ETHCrowdfundBase.sol', 'ETHCrowdfundBase.totalContributions')
 potentially stale -> ('SV', 'contracts/crowdfund/ETHCrowdfundBase.sol', 'ETHCrowdfundBase.minTotalContributions')
 reader witnesses  -> 94
 storage exposures -> 1
[MV-SI candidate 6b32c239b4427b3dcc44] {maxTotalContributions, minContribution, totalContributions}
 writer root       -> sol-tests/crowdfund/InitialETHCrowdfund.t.sol::InitialETHCrowdfundTest.test_refund_notLost()
 writer effect     -> contracts/crowdfund/ETHCrowdfundBase.sol:226
 written member    -> ('SV', 'contracts/crowdfund/ETHCrowdfundBase.sol', 'ETHCrowdfundBase.totalContributions')
 potentially stale -> ('SV', 'contracts/crowdfund/ETHCrowdfundBase.sol', 'ETHCrowdfundBase.maxTotalContributions'), ('SV', 'contracts/crowdfund/ETHCrowdfundBase.sol', 'ETHCrowdfundBase.minContribution')
 reader witnesses  -> 175
 storage exposures -> 1
[MV-SI candidate 6b53928d2fe13eae0eb9] {maxTotalContributions, minContribution, totalContributions}
 writer root       -> sol-tests/crowdfund/ReraiseETHCrowdfund.t.sol::ReraiseETHCrowdfundTest.test_refund_notLost()
 writer effect     -> contracts/crowdfund/ETHCrowdfundBase.sol:212
 written member    -> ('SV', 'contracts/crowdfund/ETHCrowdfundBase.sol', 'ETHCrowdfundBase.totalContributions')
 potentially stale -> ('SV', 'contracts/crowdfund/ETHCrowdfundBase.sol', 'ETHCrowdfundBase.maxTotalContributions'), ('SV', 'contracts/crowdfund/ETHCrowdfundBase.sol', 'ETHCrowdfundBase.minContribution')
 reader witnesses  -> 220
 storage exposures -> 1
[MV-SI candidate 6b5c0fa9b6ef10e1e796] {maxTotalContributions, minContribution, totalContributions}
 writer root       -> sol-tests/crowdfund/ReraiseETHCrowdfund.t.sol::ReraiseETHCrowdfundTest.test_contribute_aboveMaxContribution()
 writer effect     -> contracts/crowdfund/ETHCrowdfundBase.sol:226
 written member    -> ('SV', 'contracts/crowdfund/ETHCrowdfundBase.sol', 'ETHCrowdfundBase.totalContributions')
 potentially stale -> ('SV', 'contracts/crowdfund/ETHCrowdfundBase.sol', 'ETHCrowdfundBase.maxTotalContributions'), ('SV', 'contracts/crowdfund/ETHCrowdfundBase.sol', 'ETHCrowdfundBase.minContribution')
 reader witnesses  -> 220
 storage exposures -> 1
[MV-SI candidate 6b63596ab523035362ad] {exchangeRateBps, fundingSplitBps, maxTotalContributions, totalContributions}
 writer root       -> contracts/crowdfund/InitialETHCrowdfund.sol::InitialETHCrowdfund.contributeFor(uint256,address,address,bytes)
 writer effect     -> contracts/crowdfund/ETHCrowdfundBase.sol:212
 written member    -> ('SV', 'contracts/crowdfund/ETHCrowdfundBase.sol', 'ETHCrowdfundBase.totalContributions')
 potentially stale -> ('SV', 'contracts/crowdfund/ETHCrowdfundBase.sol', 'ETHCrowdfundBase.exchangeRateBps'), ('SV', 'contracts/crowdfund/ETHCrowdfundBase.sol', 'ETHCrowdfundBase.fundingSplitBps'), ('SV', 'contracts/crowdfund/ETHCrowdfundBase.sol', 'ETHCrowdfundBase.maxTotalContributions')
 reader witnesses  -> 2219
 storage exposures -> 1
[MV-SI candidate 6b6b37882da304b64e51] {_governanceValues, votingPowerByTokenId[$arg0]}
 writer root       -> sol-tests/crowdfund/ReraiseETHCrowdfund.t.sol::ReraiseETHCrowdfundTest.test_claim_aboveMax()
 writer effect     -> contracts/party/PartyGovernanceNFT.sol:219
 written member    -> ('MS', 'contracts/party/PartyGovernanceNFT.sol', 'PartyGovernanceNFT.votingPowerByTokenId', '$arg0')
 potentially stale -> ('SV', 'contracts/party/PartyGovernance.sol', 'PartyGovernance._governanceValues')
 reader witnesses  -> 891
 storage exposures -> 1
[MV-SI candidate 6bca423039c6fd8b9e69] {exchangeRateBps, fundingSplitBps, maxTotalContributions, totalContributions}
 writer root       -> sol-tests/crowdfund/InitialETHCrowdfund.t.sol::InitialETHCrowdfundTest.test_contribute_noVotingPower()
 writer effect     -> contracts/crowdfund/ETHCrowdfundBase.sol:212
 written member    -> ('SV', 'contracts/crowdfund/ETHCrowdfundBase.sol', 'ETHCrowdfundBase.totalContributions')
 potentially stale -> ('SV', 'contracts/crowdfund/ETHCrowdfundBase.sol', 'ETHCrowdfundBase.exchangeRateBps'), ('SV', 'contracts/crowdfund/ETHCrowdfundBase.sol', 'ETHCrowdfundBase.fundingSplitBps'), ('SV', 'contracts/crowdfund/ETHCrowdfundBase.sol', 'ETHCrowdfundBase.maxTotalContributions')
 reader witnesses  -> 2219
 storage exposures -> 1
[MV-SI candidate 6bd8548c38ff61b5569d] {maxTotalContributions, minContribution, totalContributions}
 writer root       -> sol-tests/crowdfund/ReraiseETHCrowdfund.t.sol::ReraiseETHCrowdfundTest.test_refund_notLost()
 writer effect     -> contracts/crowdfund/ETHCrowdfundBase.sol:226
 written member    -> ('SV', 'contracts/crowdfund/ETHCrowdfundBase.sol', 'ETHCrowdfundBase.totalContributions')
 potentially stale -> ('SV', 'contracts/crowdfund/ETHCrowdfundBase.sol', 'ETHCrowdfundBase.maxTotalContributions'), ('SV', 'contracts/crowdfund/ETHCrowdfundBase.sol', 'ETHCrowdfundBase.minContribution')
 reader witnesses  -> 220
 storage exposures -> 1
[MV-SI candidate 6c166abc1e2ba0a756d0] {maxTotalContributions, minContribution, totalContributions}
 writer root       -> sol-tests/crowdfund/ReraiseETHCrowdfund.t.sol::ReraiseETHCrowdfundTest.test_contribute_gatekeeperChecksSender()
 writer effect     -> contracts/crowdfund/ETHCrowdfundBase.sol:226
 written member    -> ('SV', 'contracts/crowdfund/ETHCrowdfundBase.sol', 'ETHCrowdfundBase.totalContributions')
 potentially stale -> ('SV', 'contracts/crowdfund/ETHCrowdfundBase.sol', 'ETHCrowdfundBase.maxTotalContributions'), ('SV', 'contracts/crowdfund/ETHCrowdfundBase.sol', 'ETHCrowdfundBase.minContribution')
 reader witnesses  -> 220
 storage exposures -> 1
[MV-SI candidate 6c462639286a9e765802] {_governanceValues, mintedVotingPower}
 writer root       -> sol-tests/party/PartyGovernanceNFT.t.sol::PartyGovernanceNFTTest.testRageQuit_enableRageQuit()
 writer effect     -> contracts/party/PartyGovernanceNFT.sol:258
 written member    -> ('SV', 'contracts/party/PartyGovernance.sol', 'PartyGovernance._governanceValues')
 potentially stale -> ('SV', 'contracts/party/PartyGovernanceNFT.sol', 'PartyGovernanceNFT.mintedVotingPower')
 reader witnesses  -> 722
 storage exposures -> 1
[MV-SI candidate 6c4b950e29a464ba7060] {maxTotalContributions, minContribution, totalContributions}
 writer root       -> contracts/crowdfund/ReraiseETHCrowdfund.sol::ReraiseETHCrowdfund.initialize(ETHCrowdfundBase.ETHCrowdfundOptions)
 writer effect     -> contracts/crowdfund/ETHCrowdfundBase.sol:127
 written member    -> ('SV', 'contracts/crowdfund/ETHCrowdfundBase.sol', 'ETHCrowdfundBase.minContribution')
 potentially stale -> ('SV', 'contracts/crowdfund/ETHCrowdfundBase.sol', 'ETHCrowdfundBase.maxTotalContributions'), ('SV', 'contracts/crowdfund/ETHCrowdfundBase.sol', 'ETHCrowdfundBase.totalContributions')
 reader witnesses  -> 273
 storage exposures -> 1
[MV-SI candidate 6c526348dfde6b8b21a6] {exchangeRateBps, fundingSplitBps, maxTotalContributions, totalContributions}
 writer root       -> contracts/crowdfund/InitialETHCrowdfund.sol::InitialETHCrowdfund.initialize(InitialETHCrowdfund.InitialETHCrowdfundOptions,InitialETHCrowdfund.ETHPartyOptions)
 writer effect     -> contracts/crowdfund/ETHCrowdfundBase.sol:141
 written member    -> ('SV', 'contracts/crowdfund/ETHCrowdfundBase.sol', 'ETHCrowdfundBase.maxTotalContributions')
 potentially stale -> ('SV', 'contracts/crowdfund/ETHCrowdfundBase.sol', 'ETHCrowdfundBase.exchangeRateBps'), ('SV', 'contracts/crowdfund/ETHCrowdfundBase.sol', 'ETHCrowdfundBase.fundingSplitBps'), ('SV', 'contracts/crowdfund/ETHCrowdfundBase.sol', 'ETHCrowdfundBase.totalContributions')
 reader witnesses  -> 1925
 storage exposures -> 1
[MV-SI candidate 6c6ab15d963ed4489165] {exchangeRateBps, fundingSplitBps, maxTotalContributions, totalContributions}
 writer root       -> sol-tests/crowdfund/ReraiseETHCrowdfund.t.sol::ReraiseETHCrowdfundTest.test_contribute_gatekeeperChecksSender()
 writer effect     -> contracts/crowdfund/ETHCrowdfundBase.sol:226
 written member    -> ('SV', 'contracts/crowdfund/ETHCrowdfundBase.sol', 'ETHCrowdfundBase.totalContributions')
 potentially stale -> ('SV', 'contracts/crowdfund/ETHCrowdfundBase.sol', 'ETHCrowdfundBase.exchangeRateBps'), ('SV', 'contracts/crowdfund/ETHCrowdfundBase.sol', 'ETHCrowdfundBase.fundingSplitBps'), ('SV', 'contracts/crowdfund/ETHCrowdfundBase.sol', 'ETHCrowdfundBase.maxTotalContributions')
 reader witnesses  -> 2849
 storage exposures -> 1
[MV-SI candidate 6c70f3c509109241d55b] {maxTotalContributions, minContribution, totalContributions}
 writer root       -> sol-tests/crowdfund/ReraiseETHCrowdfund.t.sol::ReraiseETHCrowdfundTest.test_contributeFor_doesNotUpdateExistingDelegation()
 writer effect     -> contracts/crowdfund/ETHCrowdfundBase.sol:226
 written member    -> ('SV', 'contracts/crowdfund/ETHCrowdfundBase.sol', 'ETHCrowdfundBase.totalContributions')
 potentially stale -> ('SV', 'contracts/crowdfund/ETHCrowdfundBase.sol', 'ETHCrowdfundBase.maxTotalContributions'), ('SV', 'contracts/crowdfund/ETHCrowdfundBase.sol', 'ETHCrowdfundBase.minContribution')
 reader witnesses  -> 220
 storage exposures -> 1
[MV-SI candidate 6ccbeaa0ef02bf1b5c9d] {_governanceValues, votingPowerByTokenId[$arg0]}
 writer root       -> sol-tests/crowdfund/InitialETHCrowdfund.t.sol::InitialETHCrowdfundTest.test_contribute_afterLost()
 writer effect     -> contracts/party/PartyGovernanceNFT.sol:230
 written member    -> ('SV', 'contracts/party/PartyGovernance.sol', 'PartyGovernance._governanceValues')
 potentially stale -> ('MS', 'contracts/party/PartyGovernanceNFT.sol', 'PartyGovernanceNFT.votingPowerByTokenId', '$arg0')
 reader witnesses  -> 249
 storage exposures -> 1
[MV-SI candidate 6cd6d50246049ffedda8] {_governanceValues, mintedVotingPower}
 writer root       -> sol-tests/crowdfund/InitialETHCrowdfund.t.sol::InitialETHCrowdfundTest.test_batchContribute_works()
 writer effect     -> contracts/party/PartyGovernanceNFT.sol:186
 written member    -> ('SV', 'contracts/party/PartyGovernanceNFT.sol', 'PartyGovernanceNFT.mintedVotingPower')
 potentially stale -> ('SV', 'contracts/party/PartyGovernance.sol', 'PartyGovernance._governanceValues')
 reader witnesses  -> 594
 storage exposures -> 1
[MV-SI candidate 6cf53f8391fd073536cc] {_governanceValues, mintedVotingPower}
 writer root       -> contracts/crowdfund/ReraiseETHCrowdfund.sol::ReraiseETHCrowdfund.claimMultiple(uint96[],uint256[],address)
 writer effect     -> contracts/party/PartyGovernanceNFT.sol:218
 written member    -> ('SV', 'contracts/party/PartyGovernanceNFT.sol', 'PartyGovernanceNFT.mintedVotingPower')
 potentially stale -> ('SV', 'contracts/party/PartyGovernance.sol', 'PartyGovernance._governanceValues')
 reader witnesses  -> 594
 storage exposures -> 1
[MV-SI candidate 6d004658b8d5b5e6a022] {_governanceValues, mintedVotingPower}
 writer root       -> sol-tests/party/PartyGovernanceNFT.t.sol::PartyGovernanceNFTTest.testRageQuit()
 writer effect     -> contracts/party/PartyGovernanceNFT.sol:186
 written member    -> ('SV', 'contracts/party/PartyGovernanceNFT.sol', 'PartyGovernanceNFT.mintedVotingPower')
 potentially stale -> ('SV', 'contracts/party/PartyGovernance.sol', 'PartyGovernance._governanceValues')
 reader witnesses  -> 594
 storage exposures -> 1
[MV-SI candidate 6d0b1016bead991f4c80] {maxTotalContributions, minContribution, totalContributions}
 writer root       -> contracts/crowdfund/ReraiseETHCrowdfund.sol::ReraiseETHCrowdfund.initialize(ETHCrowdfundBase.ETHCrowdfundOptions)
 writer effect     -> contracts/crowdfund/ETHCrowdfundBase.sol:141
 written member    -> ('SV', 'contracts/crowdfund/ETHCrowdfundBase.sol', 'ETHCrowdfundBase.maxTotalContributions')
 potentially stale -> ('SV', 'contracts/crowdfund/ETHCrowdfundBase.sol', 'ETHCrowdfundBase.minContribution'), ('SV', 'contracts/crowdfund/ETHCrowdfundBase.sol', 'ETHCrowdfundBase.totalContributions')
 reader witnesses  -> 169
 storage exposures -> 1
[MV-SI candidate 6d54be78f7ce38cc1dab] {minTotalContributions, totalContributions}
 writer root       -> sol-tests/crowdfund/InitialETHCrowdfund.t.sol::InitialETHCrowdfundTest.test_contribute_addVotingPowerToExistingCard()
 writer effect     -> contracts/crowdfund/ETHCrowdfundBase.sol:226
 written member    -> ('SV', 'contracts/crowdfund/ETHCrowdfundBase.sol', 'ETHCrowdfundBase.totalContributions')
 potentially stale -> ('SV', 'contracts/crowdfund/ETHCrowdfundBase.sol', 'ETHCrowdfundBase.minTotalContributions')
 reader witnesses  -> 94
 storage exposures -> 1
[MV-SI candidate 6d702564403c0711c7ca] {maxTotalContributions, minContribution, totalContributions}
 writer root       -> sol-tests/crowdfund/ReraiseETHCrowdfund.t.sol::ReraiseETHCrowdfundTest.test_sendFundingSplit_cannotSendTwice()
 writer effect     -> contracts/crowdfund/ETHCrowdfundBase.sol:226
 written member    -> ('SV', 'contracts/crowdfund/ETHCrowdfundBase.sol', 'ETHCrowdfundBase.totalContributions')
 potentially stale -> ('SV', 'contracts/crowdfund/ETHCrowdfundBase.sol', 'ETHCrowdfundBase.maxTotalContributions'), ('SV', 'contracts/crowdfund/ETHCrowdfundBase.sol', 'ETHCrowdfundBase.minContribution')
 reader witnesses  -> 220
 storage exposures -> 1
[MV-SI candidate 6dfb552251196c61fb0e] {_governanceValues, mintedVotingPower}
 writer root       -> sol-tests/crowdfund/ReraiseETHCrowdfund.t.sol::ReraiseETHCrowdfundTest.test_claim_mintNewCard()
 writer effect     -> contracts/party/PartyGovernanceNFT.sol:230
 written member    -> ('SV', 'contracts/party/PartyGovernance.sol', 'PartyGovernance._governanceValues')
 potentially stale -> ('SV', 'contracts/party/PartyGovernanceNFT.sol', 'PartyGovernanceNFT.mintedVotingPower')
 reader witnesses  -> 722
 storage exposures -> 1
[MV-SI candidate 6e52090c825923c85a69] {minTotalContributions, totalContributions}
 writer root       -> sol-tests/crowdfund/ReraiseETHCrowdfund.t.sol::ReraiseETHCrowdfundTest.test_contribute_smallAmountWithFundingSplit()
 writer effect     -> contracts/crowdfund/ETHCrowdfundBase.sol:212
 written member    -> ('SV', 'contracts/crowdfund/ETHCrowdfundBase.sol', 'ETHCrowdfundBase.totalContributions')
 potentially stale -> ('SV', 'contracts/crowdfund/ETHCrowdfundBase.sol', 'ETHCrowdfundBase.minTotalContributions')
 reader witnesses  -> 118
 storage exposures -> 1
[MV-SI candidate 6eb1ba807e3bcbaa005b] {maxTotalContributions, totalContributions}
 writer root       -> sol-tests/crowdfund/ReraiseETHCrowdfund.t.sol::ReraiseETHCrowdfundTest.test_batchContribute_works()
 writer effect     -> contracts/crowdfund/ETHCrowdfundBase.sol:212
 written member    -> ('SV', 'contracts/crowdfund/ETHCrowdfundBase.sol', 'ETHCrowdfundBase.totalContributions')
 potentially stale -> ('SV', 'contracts/crowdfund/ETHCrowdfundBase.sol', 'ETHCrowdfundBase.maxTotalContributions')
 reader witnesses  -> 324
 storage exposures -> 1
[MV-SI candidate 6ebec0c32f7e41d7f846] {_governanceValues, votingPowerByTokenId[$arg0]}
 writer root       -> sol-tests/party/PartyGovernanceNFT.t.sol::PartyGovernanceNFTTest.testBurn_cannotBurnAndAcceptInSameBlock()
 writer effect     -> contracts/party/PartyGovernanceNFT.sol:258
 written member    -> ('SV', 'contracts/party/PartyGovernance.sol', 'PartyGovernance._governanceValues')
 potentially stale -> ('MS', 'contracts/party/PartyGovernanceNFT.sol', 'PartyGovernanceNFT.votingPowerByTokenId', '$arg0')
 reader witnesses  -> 249
 storage exposures -> 1
[MV-SI candidate 6efd70a75054bb01bddb] {_governanceValues, mintedVotingPower}
 writer root       -> sol-tests/crowdfund/ReraiseETHCrowdfund.t.sol::ReraiseETHCrowdfundTest.test_initialization_cannotReinitialize()
 writer effect     -> contracts/party/PartyGovernanceNFT.sol:230
 written member    -> ('SV', 'contracts/party/PartyGovernance.sol', 'PartyGovernance._governanceValues')
 potentially stale -> ('SV', 'contracts/party/PartyGovernanceNFT.sol', 'PartyGovernanceNFT.mintedVotingPower')
 reader witnesses  -> 722
 storage exposures -> 1
[MV-SI candidate 6f500570d1475d6ccf5f] {exchangeRateBps, fundingSplitBps, maxTotalContributions, totalContributions}
 writer root       -> sol-tests/crowdfund/InitialETHCrowdfund.t.sol::InitialETHCrowdfundTest.test_partyCardTokenURI_whileCrowdfundWon()
 writer effect     -> contracts/crowdfund/ETHCrowdfundBase.sol:212
 written member    -> ('SV', 'contracts/crowdfund/ETHCrowdfundBase.sol', 'ETHCrowdfundBase.totalContributions')
 potentially stale -> ('SV', 'contracts/crowdfund/ETHCrowdfundBase.sol', 'ETHCrowdfundBase.exchangeRateBps'), ('SV', 'contracts/crowdfund/ETHCrowdfundBase.sol', 'ETHCrowdfundBase.fundingSplitBps'), ('SV', 'contracts/crowdfund/ETHCrowdfundBase.sol', 'ETHCrowdfundBase.maxTotalContributions')
 reader witnesses  -> 2219
 storage exposures -> 1
[MV-SI candidate 6f5954c5a5ed2fa61ea1] {_governanceValues, votingPowerByTokenId[$arg0]}
 writer root       -> sol-tests/crowdfund/ReraiseETHCrowdfund.t.sol::ReraiseETHCrowdfundTest.test_claim_mintNewCard()
 writer effect     -> contracts/party/PartyGovernanceNFT.sol:219
 written member    -> ('MS', 'contracts/party/PartyGovernanceNFT.sol', 'PartyGovernanceNFT.votingPowerByTokenId', '$arg0')
 potentially stale -> ('SV', 'contracts/party/PartyGovernance.sol', 'PartyGovernance._governanceValues')
 reader witnesses  -> 891
 storage exposures -> 1
[MV-SI candidate 6f79008a3b0b0d400c7b] {maxTotalContributions, minContribution, totalContributions}
 writer root       -> sol-tests/crowdfund/InitialETHCrowdfund.t.sol::InitialETHCrowdfundTest.test_contribute_smallAmountWithFundingSplit()
 writer effect     -> contracts/crowdfund/ETHCrowdfundBase.sol:212
 written member    -> ('SV', 'contracts/crowdfund/ETHCrowdfundBase.sol', 'ETHCrowdfundBase.totalContributions')
 potentially stale -> ('SV', 'contracts/crowdfund/ETHCrowdfundBase.sol', 'ETHCrowdfundBase.maxTotalContributions'), ('SV', 'contracts/crowdfund/ETHCrowdfundBase.sol', 'ETHCrowdfundBase.minContribution')
 reader witnesses  -> 175
 storage exposures -> 1
[MV-SI candidate 708a815848cc023556e0] {_governanceValues, mintedVotingPower}
 writer root       -> sol-tests/crowdfund/InitialETHCrowdfund.t.sol::InitialETHCrowdfundTest.test_refund_twice()
 writer effect     -> contracts/party/PartyGovernanceNFT.sol:186
 written member    -> ('SV', 'contracts/party/PartyGovernanceNFT.sol', 'PartyGovernanceNFT.mintedVotingPower')
 potentially stale -> ('SV', 'contracts/party/PartyGovernance.sol', 'PartyGovernance._governanceValues')
 reader witnesses  -> 594
 storage exposures -> 1
[MV-SI candidate 70c75060a8a39107886c] {_governanceValues, isAuthority[$sender]}
 writer root       -> sol-tests/crowdfund/ReraiseETHCrowdfund.t.sol::ReraiseETHCrowdfundTest.test_crowdfundCardTokenURI_whileCrowdfundWon()
 writer effect     -> contracts/party/PartyGovernanceNFT.sol:230
 written member    -> ('SV', 'contracts/party/PartyGovernance.sol', 'PartyGovernance._governanceValues')
 potentially stale -> ('MS', 'contracts/party/PartyGovernanceNFT.sol', 'PartyGovernanceNFT.isAuthority', '$sender')
 reader witnesses  -> 183
 storage exposures -> 1
[MV-SI candidate 70d7aa263057fe938f2c] {exchangeRateBps, fundingSplitBps, maxTotalContributions, totalContributions}
 writer root       -> sol-tests/crowdfund/ReraiseETHCrowdfund.t.sol::ReraiseETHCrowdfundTest.test_batchClaimMultiple_works()
 writer effect     -> contracts/crowdfund/ETHCrowdfundBase.sol:212
 written member    -> ('SV', 'contracts/crowdfund/ETHCrowdfundBase.sol', 'ETHCrowdfundBase.totalContributions')
 potentially stale -> ('SV', 'contracts/crowdfund/ETHCrowdfundBase.sol', 'ETHCrowdfundBase.exchangeRateBps'), ('SV', 'contracts/crowdfund/ETHCrowdfundBase.sol', 'ETHCrowdfundBase.fundingSplitBps'), ('SV', 'contracts/crowdfund/ETHCrowdfundBase.sol', 'ETHCrowdfundBase.maxTotalContributions')
 reader witnesses  -> 2849
 storage exposures -> 1
[MV-SI candidate 70eee0936e09412c6e1b] {_governanceValues, mintedVotingPower}
 writer root       -> sol-tests/party/PartyGovernanceNFT.t.sol::PartyGovernanceNFTTest.testRageQuit_enableRageQuit()
 writer effect     -> contracts/party/PartyGovernanceNFT.sol:254
 written member    -> ('SV', 'contracts/party/PartyGovernanceNFT.sol', 'PartyGovernanceNFT.mintedVotingPower')
 potentially stale -> ('SV', 'contracts/party/PartyGovernance.sol', 'PartyGovernance._governanceValues')
 reader witnesses  -> 594
 storage exposures -> 1
[MV-SI candidate 71cb467d6cbdb0fa12a1] {_governanceValues, mintedVotingPower}
 writer root       -> sol-tests/party/PartyGovernanceNFT.t.sol::PartyGovernanceNFTTest.testRageQuit_expiredRageQuitTimestamp()
 writer effect     -> contracts/party/PartyGovernanceNFT.sol:254
 written member    -> ('SV', 'contracts/party/PartyGovernanceNFT.sol', 'PartyGovernanceNFT.mintedVotingPower')
 potentially stale -> ('SV', 'contracts/party/PartyGovernance.sol', 'PartyGovernance._governanceValues')
 reader witnesses  -> 594
 storage exposures -> 1
[MV-SI candidate 71fd5a46b1069fa52473] {_governanceValues, isAuthority[$sender]}
 writer root       -> sol-tests/crowdfund/ReraiseETHCrowdfund.t.sol::ReraiseETHCrowdfundTest.test_finalize_anyoneCanFinalizeWhenExpired()
 writer effect     -> contracts/party/PartyGovernanceNFT.sol:230
 written member    -> ('SV', 'contracts/party/PartyGovernance.sol', 'PartyGovernance._governanceValues')
 potentially stale -> ('MS', 'contracts/party/PartyGovernanceNFT.sol', 'PartyGovernanceNFT.isAuthority', '$sender')
 reader witnesses  -> 183
 storage exposures -> 1
[MV-SI candidate 7206ff6f01a5cd024feb] {_governanceValues, mintedVotingPower}
 writer root       -> sol-tests/crowdfund/InitialETHCrowdfund.t.sol::InitialETHCrowdfundTest.test_contributeFor_doesNotUpdateExistingDelegation()
 writer effect     -> contracts/party/PartyGovernanceNFT.sol:186
 written member    -> ('SV', 'contracts/party/PartyGovernanceNFT.sol', 'PartyGovernanceNFT.mintedVotingPower')
 potentially stale -> ('SV', 'contracts/party/PartyGovernance.sol', 'PartyGovernance._governanceValues')
 reader witnesses  -> 594
 storage exposures -> 1
[MV-SI candidate 723b52161c1b0a3dc449] {_governanceValues, isAuthority[$sender]}
 writer root       -> sol-tests/crowdfund/InitialETHCrowdfund.t.sol::InitialETHCrowdfundTest.test_finalize_works()
 writer effect     -> contracts/party/PartyGovernanceNFT.sol:230
 written member    -> ('SV', 'contracts/party/PartyGovernance.sol', 'PartyGovernance._governanceValues')
 potentially stale -> ('MS', 'contracts/party/PartyGovernanceNFT.sol', 'PartyGovernanceNFT.isAuthority', '$sender')
 reader witnesses  -> 183
 storage exposures -> 1
[MV-SI candidate 725e34bba4b2a394a0d3] {_governanceValues, votingPowerByTokenId[$arg0]}
 writer root       -> sol-tests/crowdfund/InitialETHCrowdfund.t.sol::InitialETHCrowdfundTest.test_batchRefund_works()
 writer effect     -> contracts/party/PartyGovernanceNFT.sol:230
 written member    -> ('SV', 'contracts/party/PartyGovernance.sol', 'PartyGovernance._governanceValues')
 potentially stale -> ('MS', 'contracts/party/PartyGovernanceNFT.sol', 'PartyGovernanceNFT.votingPowerByTokenId', '$arg0')
 reader witnesses  -> 249
 storage exposures -> 1
[MV-SI candidate 725e9995bfed78205ca2] {minTotalContributions, totalContributions}
 writer root       -> sol-tests/crowdfund/ReraiseETHCrowdfund.t.sol::ReraiseETHCrowdfundTest.test_refund_works()
 writer effect     -> contracts/crowdfund/ETHCrowdfundBase.sol:212
 written member    -> ('SV', 'contracts/crowdfund/ETHCrowdfundBase.sol', 'ETHCrowdfundBase.totalContributions')
 potentially stale -> ('SV', 'contracts/crowdfund/ETHCrowdfundBase.sol', 'ETHCrowdfundBase.minTotalContributions')
 reader witnesses  -> 118
 storage exposures -> 1
[MV-SI candidate 72d9467d88090bf1fd1d] {minTotalContributions, totalContributions}
 writer root       -> sol-tests/crowdfund/InitialETHCrowdfund.t.sol::InitialETHCrowdfundTest.test_partyCardTokenURI_whileCrowdfundActive()
 writer effect     -> contracts/crowdfund/ETHCrowdfundBase.sol:226
 written member    -> ('SV', 'contracts/crowdfund/ETHCrowdfundBase.sol', 'ETHCrowdfundBase.totalContributions')
 potentially stale -> ('SV', 'contracts/crowdfund/ETHCrowdfundBase.sol', 'ETHCrowdfundBase.minTotalContributions')
 reader witnesses  -> 94
 storage exposures -> 1
[MV-SI candidate 72e615c1260cf7bbf3fe] {_governanceValues, votingPowerByTokenId[$arg0]}
 writer root       -> sol-tests/crowdfund/InitialETHCrowdfund.t.sol::InitialETHCrowdfundTest.test_contribute_noVotingPower()
 writer effect     -> contracts/party/PartyGovernanceNFT.sol:230
 written member    -> ('SV', 'contracts/party/PartyGovernance.sol', 'PartyGovernance._governanceValues')
 potentially stale -> ('MS', 'contracts/party/PartyGovernanceNFT.sol', 'PartyGovernanceNFT.votingPowerByTokenId', '$arg0')
 reader witnesses  -> 249
 storage exposures -> 1
[MV-SI candidate 73d02224d65a5bd4666b] {minTotalContributions, totalContributions}
 writer root       -> sol-tests/crowdfund/InitialETHCrowdfund.t.sol::InitialETHCrowdfundTest.test_contribute_aboveMaxTotalContribution()
 writer effect     -> contracts/crowdfund/ETHCrowdfundBase.sol:226
 written member    -> ('SV', 'contracts/crowdfund/ETHCrowdfundBase.sol', 'ETHCrowdfundBase.totalContributions')
 potentially stale -> ('SV', 'contracts/crowdfund/ETHCrowdfundBase.sol', 'ETHCrowdfundBase.minTotalContributions')
 reader witnesses  -> 94
 storage exposures -> 1
[MV-SI candidate 746a56a842a76f57b31b] {_governanceValues, mintedVotingPower}
 writer root       -> contracts/crowdfund/Crowdfund.sol::Crowdfund.activateOrRefund(address)
 writer effect     -> contracts/party/PartyGovernanceNFT.sol:186
 written member    -> ('SV', 'contracts/party/PartyGovernanceNFT.sol', 'PartyGovernanceNFT.mintedVotingPower')
 potentially stale -> ('SV', 'contracts/party/PartyGovernance.sol', 'PartyGovernance._governanceValues')
 reader witnesses  -> 594
 storage exposures -> 1
[MV-SI candidate 74d877095400043e1074] {maxTotalContributions, minContribution, totalContributions}
 writer root       -> sol-tests/crowdfund/InitialETHCrowdfund.t.sol::InitialETHCrowdfundTest.test_contribute_cannotDelegateToZeroAddress()
 writer effect     -> contracts/crowdfund/ETHCrowdfundBase.sol:212
 written member    -> ('SV', 'contracts/crowdfund/ETHCrowdfundBase.sol', 'ETHCrowdfundBase.totalContributions')
 potentially stale -> ('SV', 'contracts/crowdfund/ETHCrowdfundBase.sol', 'ETHCrowdfundBase.maxTotalContributions'), ('SV', 'contracts/crowdfund/ETHCrowdfundBase.sol', 'ETHCrowdfundBase.minContribution')
 reader witnesses  -> 175
 storage exposures -> 1
[MV-SI candidate 74fbac67b187f18670e9] {maxTotalContributions, totalContributions}
 writer root       -> sol-tests/crowdfund/InitialETHCrowdfund.t.sol::InitialETHCrowdfundTest.test_refund_notLost()
 writer effect     -> contracts/crowdfund/ETHCrowdfundBase.sol:226
 written member    -> ('SV', 'contracts/crowdfund/ETHCrowdfundBase.sol', 'ETHCrowdfundBase.totalContributions')
 potentially stale -> ('SV', 'contracts/crowdfund/ETHCrowdfundBase.sol', 'ETHCrowdfundBase.maxTotalContributions')
 reader witnesses  -> 264
 storage exposures -> 1
[MV-SI candidate 75647cd3657912fbedb2] {_governanceValues, mintedVotingPower}
 writer root       -> sol-tests/party/PartyGovernance.t.sol::PartyGovernanceTest.testExpiresWithoutPassing()
 writer effect     -> contracts/party/PartyGovernanceNFT.sol:186
 written member    -> ('SV', 'contracts/party/PartyGovernanceNFT.sol', 'PartyGovernanceNFT.mintedVotingPower')
 potentially stale -> ('SV', 'contracts/party/PartyGovernance.sol', 'PartyGovernance._governanceValues')
 reader witnesses  -> 594
 storage exposures -> 1
[MV-SI candidate 75e69b7c533948c5b530] {_governanceValues, isAuthority[$sender]}
 writer root       -> sol-tests/party/PartyGovernanceNFT.t.sol::PartyGovernanceNFTTest.testBurn_cannotBurnAndAcceptInSameBlock()
 writer effect     -> contracts/party/PartyGovernanceNFT.sol:258
 written member    -> ('SV', 'contracts/party/PartyGovernance.sol', 'PartyGovernance._governanceValues')
 potentially stale -> ('MS', 'contracts/party/PartyGovernanceNFT.sol', 'PartyGovernanceNFT.isAuthority', '$sender')
 reader witnesses  -> 183
 storage exposures -> 1
[MV-SI candidate 75f4e05f80c3ba9bd97f] {_governanceValues, mintedVotingPower}
 writer root       -> sol-tests/crowdfund/InitialETHCrowdfund.t.sol::InitialETHCrowdfundTest.test_contribute_belowMinContribution()
 writer effect     -> contracts/party/PartyGovernanceNFT.sol:218
 written member    -> ('SV', 'contracts/party/PartyGovernanceNFT.sol', 'PartyGovernanceNFT.mintedVotingPower')
 potentially stale -> ('SV', 'contracts/party/PartyGovernance.sol', 'PartyGovernance._governanceValues')
 reader witnesses  -> 594
 storage exposures -> 1
[MV-SI candidate 761e303ea0692ebf9527] {_governanceValues, isAuthority[$sender]}
 writer root       -> sol-tests/crowdfund/InitialETHCrowdfund.t.sol::InitialETHCrowdfundTest.test_partyCardTokenURI_whileCrowdfundLost()
 writer effect     -> contracts/party/PartyGovernanceNFT.sol:230
 written member    -> ('SV', 'contracts/party/PartyGovernance.sol', 'PartyGovernance._governanceValues')
 potentially stale -> ('MS', 'contracts/party/PartyGovernanceNFT.sol', 'PartyGovernanceNFT.isAuthority', '$sender')
 reader witnesses  -> 183
 storage exposures -> 1
[MV-SI candidate 766577800029728778ff] {exchangeRateBps, fundingSplitBps, maxTotalContributions, totalContributions}
 writer root       -> sol-tests/crowdfund/ReraiseETHCrowdfund.t.sol::ReraiseETHCrowdfundTest.test_contributeFor_works()
 writer effect     -> contracts/crowdfund/ETHCrowdfundBase.sol:212
 written member    -> ('SV', 'contracts/crowdfund/ETHCrowdfundBase.sol', 'ETHCrowdfundBase.totalContributions')
 potentially stale -> ('SV', 'contracts/crowdfund/ETHCrowdfundBase.sol', 'ETHCrowdfundBase.exchangeRateBps'), ('SV', 'contracts/crowdfund/ETHCrowdfundBase.sol', 'ETHCrowdfundBase.fundingSplitBps'), ('SV', 'contracts/crowdfund/ETHCrowdfundBase.sol', 'ETHCrowdfundBase.maxTotalContributions')
 reader witnesses  -> 2849
 storage exposures -> 1
[MV-SI candidate 768e84304b8c8bf90ea4] {exchangeRateBps, fundingSplitBps, maxTotalContributions, totalContributions}
 writer root       -> sol-tests/crowdfund/ReraiseETHCrowdfund.t.sol::ReraiseETHCrowdfundTest.test_contribute_gatekeeperChecksSender()
 writer effect     -> contracts/crowdfund/ETHCrowdfundBase.sol:212
 written member    -> ('SV', 'contracts/crowdfund/ETHCrowdfundBase.sol', 'ETHCrowdfundBase.totalContributions')
 potentially stale -> ('SV', 'contracts/crowdfund/ETHCrowdfundBase.sol', 'ETHCrowdfundBase.exchangeRateBps'), ('SV', 'contracts/crowdfund/ETHCrowdfundBase.sol', 'ETHCrowdfundBase.fundingSplitBps'), ('SV', 'contracts/crowdfund/ETHCrowdfundBase.sol', 'ETHCrowdfundBase.maxTotalContributions')
 reader witnesses  -> 2849
 storage exposures -> 1
[MV-SI candidate 76992b605c86d380abca] {_governanceValues, votingPowerByTokenId[$arg0]}
 writer root       -> sol-tests/crowdfund/ReraiseETHCrowdfund.t.sol::ReraiseETHCrowdfundTest.test_contribute_aboveMaxTotalContributionWhenWhenContributionBelowMinContributionAfterRefund()
 writer effect     -> contracts/party/PartyGovernanceNFT.sol:230
 written member    -> ('SV', 'contracts/party/PartyGovernance.sol', 'PartyGovernance._governanceValues')
 potentially stale -> ('MS', 'contracts/party/PartyGovernanceNFT.sol', 'PartyGovernanceNFT.votingPowerByTokenId', '$arg0')
 reader witnesses  -> 249
 storage exposures -> 1
[MV-SI candidate 76ae610028efc6978168] {maxTotalContributions, minContribution, totalContributions}
 writer root       -> sol-tests/crowdfund/ReraiseETHCrowdfund.t.sol::ReraiseETHCrowdfundTest.test_finalize_belowMinTotalContributions()
 writer effect     -> contracts/crowdfund/ETHCrowdfundBase.sol:212
 written member    -> ('SV', 'contracts/crowdfund/ETHCrowdfundBase.sol', 'ETHCrowdfundBase.totalContributions')
 potentially stale -> ('SV', 'contracts/crowdfund/ETHCrowdfundBase.sol', 'ETHCrowdfundBase.maxTotalContributions'), ('SV', 'contracts/crowdfund/ETHCrowdfundBase.sol', 'ETHCrowdfundBase.minContribution')
 reader witnesses  -> 220
 storage exposures -> 1
[MV-SI candidate 76bc797302d65dae0c5a] {maxTotalContributions, minContribution, totalContributions}
 writer root       -> sol-tests/crowdfund/ReraiseETHCrowdfund.t.sol::ReraiseETHCrowdfundTest.test_finalize_withFundingSplit()
 writer effect     -> contracts/crowdfund/ETHCrowdfundBase.sol:212
 written member    -> ('SV', 'contracts/crowdfund/ETHCrowdfundBase.sol', 'ETHCrowdfundBase.totalContributions')
 potentially stale -> ('SV', 'contracts/crowdfund/ETHCrowdfundBase.sol', 'ETHCrowdfundBase.maxTotalContributions'), ('SV', 'contracts/crowdfund/ETHCrowdfundBase.sol', 'ETHCrowdfundBase.minContribution')
 reader witnesses  -> 220
 storage exposures -> 1
[MV-SI candidate 7713905119c4bbab56a0] {maxTotalContributions, minContribution, totalContributions}
 writer root       -> sol-tests/crowdfund/ReraiseETHCrowdfund.t.sol::ReraiseETHCrowdfundTest.test_batchClaimMultiple_works()
 writer effect     -> contracts/crowdfund/ETHCrowdfundBase.sol:212
 written member    -> ('SV', 'contracts/crowdfund/ETHCrowdfundBase.sol', 'ETHCrowdfundBase.totalContributions')
 potentially stale -> ('SV', 'contracts/crowdfund/ETHCrowdfundBase.sol', 'ETHCrowdfundBase.maxTotalContributions'), ('SV', 'contracts/crowdfund/ETHCrowdfundBase.sol', 'ETHCrowdfundBase.minContribution')
 reader witnesses  -> 220
 storage exposures -> 1
[MV-SI candidate 772650a3dea162f5721e] {_governanceValues, isAuthority[$sender]}
 writer root       -> sol-tests/party/PartyGovernanceNFT.t.sol::ReenteringContract.transfer(address,uint256)
 writer effect     -> contracts/party/PartyGovernanceNFT.sol:258
 written member    -> ('SV', 'contracts/party/PartyGovernance.sol', 'PartyGovernance._governanceValues')
 potentially stale -> ('MS', 'contracts/party/PartyGovernanceNFT.sol', 'PartyGovernanceNFT.isAuthority', '$sender')
 reader witnesses  -> 183
 storage exposures -> 1
[MV-SI candidate 772b6cfc748605a66299] {maxTotalContributions, minContribution, totalContributions}
 writer root       -> sol-tests/crowdfund/ReraiseETHCrowdfund.t.sol::ReraiseETHCrowdfundTest.test_batchContribute_works()
 writer effect     -> contracts/crowdfund/ETHCrowdfundBase.sol:226
 written member    -> ('SV', 'contracts/crowdfund/ETHCrowdfundBase.sol', 'ETHCrowdfundBase.totalContributions')
 potentially stale -> ('SV', 'contracts/crowdfund/ETHCrowdfundBase.sol', 'ETHCrowdfundBase.maxTotalContributions'), ('SV', 'contracts/crowdfund/ETHCrowdfundBase.sol', 'ETHCrowdfundBase.minContribution')
 reader witnesses  -> 220
 storage exposures -> 1
[MV-SI candidate 7747f38d98795ba4b9c4] {minTotalContributions, totalContributions}
 writer root       -> sol-tests/crowdfund/ReraiseETHCrowdfund.t.sol::ReraiseETHCrowdfundTest.test_contribute_noVotingPower()
 writer effect     -> contracts/crowdfund/ETHCrowdfundBase.sol:212
 written member    -> ('SV', 'contracts/crowdfund/ETHCrowdfundBase.sol', 'ETHCrowdfundBase.totalContributions')
 potentially stale -> ('SV', 'contracts/crowdfund/ETHCrowdfundBase.sol', 'ETHCrowdfundBase.minTotalContributions')
 reader witnesses  -> 118
 storage exposures -> 1
[MV-SI candidate 779ba1fc63bc0a4afb9e] {maxTotalContributions, minContribution, totalContributions}
 writer root       -> sol-tests/crowdfund/InitialETHCrowdfund.t.sol::InitialETHCrowdfundTest.test_partyCardTokenURI_whileCrowdfundActive()
 writer effect     -> contracts/crowdfund/ETHCrowdfundBase.sol:212
 written member    -> ('SV', 'contracts/crowdfund/ETHCrowdfundBase.sol', 'ETHCrowdfundBase.totalContributions')
 potentially stale -> ('SV', 'contracts/crowdfund/ETHCrowdfundBase.sol', 'ETHCrowdfundBase.maxTotalContributions'), ('SV', 'contracts/crowdfund/ETHCrowdfundBase.sol', 'ETHCrowdfundBase.minContribution')
 reader witnesses  -> 175
 storage exposures -> 1
[MV-SI candidate 77af59fd835ff7b5d270] {_governanceValues, votingPowerByTokenId[$arg0]}
 writer root       -> sol-tests/crowdfund/InitialETHCrowdfund.t.sol::InitialETHCrowdfundTest.test_contribute_noVotingPower()
 writer effect     -> contracts/party/PartyGovernanceNFT.sol:219
 written member    -> ('MS', 'contracts/party/PartyGovernanceNFT.sol', 'PartyGovernanceNFT.votingPowerByTokenId', '$arg0')
 potentially stale -> ('SV', 'contracts/party/PartyGovernance.sol', 'PartyGovernance._governanceValues')
 reader witnesses  -> 891
 storage exposures -> 1
[MV-SI candidate 77fd64842853febda512] {exchangeRateBps, fundingSplitBps, maxTotalContributions, totalContributions}
 writer root       -> contracts/crowdfund/ReraiseETHCrowdfund.sol::ReraiseETHCrowdfund.initialize(ETHCrowdfundBase.ETHCrowdfundOptions)
 writer effect     -> contracts/crowdfund/ETHCrowdfundBase.sol:226
 written member    -> ('SV', 'contracts/crowdfund/ETHCrowdfundBase.sol', 'ETHCrowdfundBase.totalContributions')
 potentially stale -> ('SV', 'contracts/crowdfund/ETHCrowdfundBase.sol', 'ETHCrowdfundBase.exchangeRateBps'), ('SV', 'contracts/crowdfund/ETHCrowdfundBase.sol', 'ETHCrowdfundBase.fundingSplitBps'), ('SV', 'contracts/crowdfund/ETHCrowdfundBase.sol', 'ETHCrowdfundBase.maxTotalContributions')
 reader witnesses  -> 2849
 storage exposures -> 1
[MV-SI candidate 7826714190d23af49f92] {minTotalContributions, totalContributions}
 writer root       -> sol-tests/crowdfund/ReraiseETHCrowdfund.t.sol::ReraiseETHCrowdfundTest.test_sendFundingSplit_canOnlySendWhenFinalized()
 writer effect     -> contracts/crowdfund/ETHCrowdfundBase.sol:226
 written member    -> ('SV', 'contracts/crowdfund/ETHCrowdfundBase.sol', 'ETHCrowdfundBase.totalContributions')
 potentially stale -> ('SV', 'contracts/crowdfund/ETHCrowdfundBase.sol', 'ETHCrowdfundBase.minTotalContributions')
 reader witnesses  -> 118
 storage exposures -> 1
[MV-SI candidate 785bc584412623a76b10] {maxTotalContributions, totalContributions}
 writer root       -> sol-tests/crowdfund/ReraiseETHCrowdfund.t.sol::ReraiseETHCrowdfundTest.test_batchClaimMultiple_works()
 writer effect     -> contracts/crowdfund/ETHCrowdfundBase.sol:212
 written member    -> ('SV', 'contracts/crowdfund/ETHCrowdfundBase.sol', 'ETHCrowdfundBase.totalContributions')
 potentially stale -> ('SV', 'contracts/crowdfund/ETHCrowdfundBase.sol', 'ETHCrowdfundBase.maxTotalContributions')
 reader witnesses  -> 324
 storage exposures -> 1
[MV-SI candidate 78ec0344ccbdf0b69392] {exchangeRateBps, fundingSplitBps, maxTotalContributions, totalContributions}
 writer root       -> sol-tests/crowdfund/ReraiseETHCrowdfund.t.sol::ReraiseETHCrowdfundTest.test_contribute_smallAmountWithFundingSplit()
 writer effect     -> contracts/crowdfund/ETHCrowdfundBase.sol:226
 written member    -> ('SV', 'contracts/crowdfund/ETHCrowdfundBase.sol', 'ETHCrowdfundBase.totalContributions')
 potentially stale -> ('SV', 'contracts/crowdfund/ETHCrowdfundBase.sol', 'ETHCrowdfundBase.exchangeRateBps'), ('SV', 'contracts/crowdfund/ETHCrowdfundBase.sol', 'ETHCrowdfundBase.fundingSplitBps'), ('SV', 'contracts/crowdfund/ETHCrowdfundBase.sol', 'ETHCrowdfundBase.maxTotalContributions')
 reader witnesses  -> 2849
 storage exposures -> 1
[MV-SI candidate 791763f09ec9c8182c98] {exchangeRateBps, fundingSplitBps, maxTotalContributions, totalContributions}
 writer root       -> contracts/crowdfund/ReraiseETHCrowdfund.sol::ReraiseETHCrowdfund.contribute(address,bytes)
 writer effect     -> contracts/crowdfund/ETHCrowdfundBase.sol:226
 written member    -> ('SV', 'contracts/crowdfund/ETHCrowdfundBase.sol', 'ETHCrowdfundBase.totalContributions')
 potentially stale -> ('SV', 'contracts/crowdfund/ETHCrowdfundBase.sol', 'ETHCrowdfundBase.exchangeRateBps'), ('SV', 'contracts/crowdfund/ETHCrowdfundBase.sol', 'ETHCrowdfundBase.fundingSplitBps'), ('SV', 'contracts/crowdfund/ETHCrowdfundBase.sol', 'ETHCrowdfundBase.maxTotalContributions')
 reader witnesses  -> 2849
 storage exposures -> 1
[MV-SI candidate 79322e86d04a13647155] {maxTotalContributions, totalContributions}
 writer root       -> sol-tests/crowdfund/InitialETHCrowdfund.t.sol::InitialETHCrowdfundTest.test_contribute_aboveMaxTotalContributionWhenWhenContributionBelowMinContributionAfterRefund()
 writer effect     -> contracts/crowdfund/ETHCrowdfundBase.sol:212
 written member    -> ('SV', 'contracts/crowdfund/ETHCrowdfundBase.sol', 'ETHCrowdfundBase.totalContributions')
 potentially stale -> ('SV', 'contracts/crowdfund/ETHCrowdfundBase.sol', 'ETHCrowdfundBase.maxTotalContributions')
 reader witnesses  -> 264
 storage exposures -> 1
[MV-SI candidate 7940d8a946d5e2b5bc08] {_governanceValues, mintedVotingPower}
 writer root       -> sol-tests/crowdfund/ReraiseETHCrowdfund.t.sol::ReraiseETHCrowdfundTest.test_crowdfundCardTokenURI_whileCrowdfundActive()
 writer effect     -> contracts/party/PartyGovernanceNFT.sol:230
 written member    -> ('SV', 'contracts/party/PartyGovernance.sol', 'PartyGovernance._governanceValues')
 potentially stale -> ('SV', 'contracts/party/PartyGovernanceNFT.sol', 'PartyGovernanceNFT.mintedVotingPower')
 reader witnesses  -> 722
 storage exposures -> 1
[MV-SI candidate 7947b72815d770fc958d] {minTotalContributions, totalContributions}
 writer root       -> sol-tests/crowdfund/InitialETHCrowdfund.t.sol::InitialETHCrowdfundTest.test_sendFundingSplit_cannotSendIfNoFundingSplit()
 writer effect     -> contracts/crowdfund/ETHCrowdfundBase.sol:226
 written member    -> ('SV', 'contracts/crowdfund/ETHCrowdfundBase.sol', 'ETHCrowdfundBase.totalContributions')
 potentially stale -> ('SV', 'contracts/crowdfund/ETHCrowdfundBase.sol', 'ETHCrowdfundBase.minTotalContributions')
 reader witnesses  -> 94
 storage exposures -> 1
[MV-SI candidate 79c2be57c20911c4758b] {_governanceValues, isAuthority[$sender]}
 writer root       -> sol-tests/crowdfund/ReraiseETHCrowdfund.t.sol::ReraiseETHCrowdfundTest.test_contribute_noContribution()
 writer effect     -> contracts/party/PartyGovernanceNFT.sol:230
 written member    -> ('SV', 'contracts/party/PartyGovernance.sol', 'PartyGovernance._governanceValues')
 potentially stale -> ('MS', 'contracts/party/PartyGovernanceNFT.sol', 'PartyGovernanceNFT.isAuthority', '$sender')
 reader witnesses  -> 183
 storage exposures -> 1
[MV-SI candidate 79d291ea6d742f0bc0ea] {maxTotalContributions, totalContributions}
 writer root       -> sol-tests/crowdfund/ReraiseETHCrowdfund.t.sol::ReraiseETHCrowdfundTest.test_contribute_noContribution()
 writer effect     -> contracts/crowdfund/ETHCrowdfundBase.sol:226
 written member    -> ('SV', 'contracts/crowdfund/ETHCrowdfundBase.sol', 'ETHCrowdfundBase.totalContributions')
 potentially stale -> ('SV', 'contracts/crowdfund/ETHCrowdfundBase.sol', 'ETHCrowdfundBase.maxTotalContributions')
 reader witnesses  -> 324
 storage exposures -> 1
[MV-SI candidate 79fdd9856b8cd2cf53fb] {maxTotalContributions, minContribution, totalContributions}
 writer root       -> sol-tests/crowdfund/InitialETHCrowdfund.t.sol::InitialETHCrowdfundTest.test_contribute_belowMinContribution()
 writer effect     -> contracts/crowdfund/ETHCrowdfundBase.sol:226
 written member    -> ('SV', 'contracts/crowdfund/ETHCrowdfundBase.sol', 'ETHCrowdfundBase.totalContributions')
 potentially stale -> ('SV', 'contracts/crowdfund/ETHCrowdfundBase.sol', 'ETHCrowdfundBase.maxTotalContributions'), ('SV', 'contracts/crowdfund/ETHCrowdfundBase.sol', 'ETHCrowdfundBase.minContribution')
 reader witnesses  -> 175
 storage exposures -> 1
[MV-SI candidate 7a1b80b641f12b3c57b5] {_governanceValues, mintedVotingPower}
 writer root       -> sol-tests/crowdfund/InitialETHCrowdfund.t.sol::InitialETHCrowdfundTest.test_finalize_works()
 writer effect     -> contracts/party/PartyGovernanceNFT.sol:230
 written member    -> ('SV', 'contracts/party/PartyGovernance.sol', 'PartyGovernance._governanceValues')
 potentially stale -> ('SV', 'contracts/party/PartyGovernanceNFT.sol', 'PartyGovernanceNFT.mintedVotingPower')
 reader witnesses  -> 722
 storage exposures -> 1
[MV-SI candidate 7a2eea7f3847a241641a] {maxTotalContributions, totalContributions}
 writer root       -> sol-tests/crowdfund/InitialETHCrowdfund.t.sol::InitialETHCrowdfundTest.test_contribute_mintNewCard()
 writer effect     -> contracts/crowdfund/ETHCrowdfundBase.sol:226
 written member    -> ('SV', 'contracts/crowdfund/ETHCrowdfundBase.sol', 'ETHCrowdfundBase.totalContributions')
 potentially stale -> ('SV', 'contracts/crowdfund/ETHCrowdfundBase.sol', 'ETHCrowdfundBase.maxTotalContributions')
 reader witnesses  -> 264
 storage exposures -> 1
[MV-SI candidate 7a582a92ed1ae1bfa41d] {maxTotalContributions, minContribution, totalContributions}
 writer root       -> sol-tests/crowdfund/ReraiseETHCrowdfund.t.sol::ReraiseETHCrowdfundTest.test_refund_twice()
 writer effect     -> contracts/crowdfund/ETHCrowdfundBase.sol:226
 written member    -> ('SV', 'contracts/crowdfund/ETHCrowdfundBase.sol', 'ETHCrowdfundBase.totalContributions')
 potentially stale -> ('SV', 'contracts/crowdfund/ETHCrowdfundBase.sol', 'ETHCrowdfundBase.maxTotalContributions'), ('SV', 'contracts/crowdfund/ETHCrowdfundBase.sol', 'ETHCrowdfundBase.minContribution')
 reader witnesses  -> 220
 storage exposures -> 1
[MV-SI candidate 7a8c262523abe441db71] {_governanceValues, votingPowerByTokenId[$arg0]}
 writer root       -> sol-tests/crowdfund/ReraiseETHCrowdfund.t.sol::ReraiseETHCrowdfundTest.test_claim_mintNewCard_withDisableContributingForExistingCard()
 writer effect     -> contracts/party/PartyGovernanceNFT.sol:230
 written member    -> ('SV', 'contracts/party/PartyGovernance.sol', 'PartyGovernance._governanceValues')
 potentially stale -> ('MS', 'contracts/party/PartyGovernanceNFT.sol', 'PartyGovernanceNFT.votingPowerByTokenId', '$arg0')
 reader witnesses  -> 249
 storage exposures -> 1
[MV-SI candidate 7a8cfc9ebcc2eb75fa93] {maxTotalContributions, totalContributions}
 writer root       -> sol-tests/crowdfund/InitialETHCrowdfund.t.sol::InitialETHCrowdfundTest.test_refund_notLost()
 writer effect     -> contracts/crowdfund/ETHCrowdfundBase.sol:212
 written member    -> ('SV', 'contracts/crowdfund/ETHCrowdfundBase.sol', 'ETHCrowdfundBase.totalContributions')
 potentially stale -> ('SV', 'contracts/crowdfund/ETHCrowdfundBase.sol', 'ETHCrowdfundBase.maxTotalContributions')
 reader witnesses  -> 264
 storage exposures -> 1
[MV-SI candidate 7b25a08f95d027ed0a51] {_governanceValues, mintedVotingPower}
 writer root       -> sol-tests/crowdfund/ReraiseETHCrowdfund.t.sol::ReraiseETHCrowdfundTest.test_claimMultiple_votingPowerOfCardAboveMax()
 writer effect     -> contracts/party/PartyGovernanceNFT.sol:218
 written member    -> ('SV', 'contracts/party/PartyGovernanceNFT.sol', 'PartyGovernanceNFT.mintedVotingPower')
 potentially stale -> ('SV', 'contracts/party/PartyGovernance.sol', 'PartyGovernance._governanceValues')
 reader witnesses  -> 594
 storage exposures -> 1
[MV-SI candidate 7b2f57e4219293bd5fe7] {_governanceValues, isAuthority[$sender]}
 writer root       -> contracts/crowdfund/ETHCrowdfundBase.sol::ETHCrowdfundBase.finalize()
 writer effect     -> contracts/party/PartyGovernanceNFT.sol:230
 written member    -> ('SV', 'contracts/party/PartyGovernance.sol', 'PartyGovernance._governanceValues')
 potentially stale -> ('MS', 'contracts/party/PartyGovernanceNFT.sol', 'PartyGovernanceNFT.isAuthority', '$sender')
 reader witnesses  -> 183
 storage exposures -> 1
[MV-SI candidate 7b3c963498fe178fd9a8] {_governanceValues, mintedVotingPower}
 writer root       -> sol-tests/crowdfund/InitialETHCrowdfund.t.sol::InitialETHCrowdfundTest.test_contribute_gatekeeperChecksSender()
 writer effect     -> contracts/party/PartyGovernanceNFT.sol:186
 written member    -> ('SV', 'contracts/party/PartyGovernanceNFT.sol', 'PartyGovernanceNFT.mintedVotingPower')
 potentially stale -> ('SV', 'contracts/party/PartyGovernance.sol', 'PartyGovernance._governanceValues')
 reader witnesses  -> 594
 storage exposures -> 1
[MV-SI candidate 7b82abddd7dfab161952] {_governanceValues, isAuthority[$sender]}
 writer root       -> sol-tests/crowdfund/ReraiseETHCrowdfund.t.sol::ReraiseETHCrowdfundTest.test_crowdfundCardTokenURI_whileCrowdfundFinalized()
 writer effect     -> contracts/party/PartyGovernanceNFT.sol:230
 written member    -> ('SV', 'contracts/party/PartyGovernance.sol', 'PartyGovernance._governanceValues')
 potentially stale -> ('MS', 'contracts/party/PartyGovernanceNFT.sol', 'PartyGovernanceNFT.isAuthority', '$sender')
 reader witnesses  -> 183
 storage exposures -> 1
[MV-SI candidate 7b8ce57fb956aea380d9] {exchangeRateBps, fundingSplitBps, maxTotalContributions, totalContributions}
 writer root       -> sol-tests/crowdfund/ReraiseETHCrowdfund.t.sol::ReraiseETHCrowdfundTest.test_claimMultiple_cannotClaimMoreThanVotingPower()
 writer effect     -> contracts/crowdfund/ETHCrowdfundBase.sol:226
 written member    -> ('SV', 'contracts/crowdfund/ETHCrowdfundBase.sol', 'ETHCrowdfundBase.totalContributions')
 potentially stale -> ('SV', 'contracts/crowdfund/ETHCrowdfundBase.sol', 'ETHCrowdfundBase.exchangeRateBps'), ('SV', 'contracts/crowdfund/ETHCrowdfundBase.sol', 'ETHCrowdfundBase.fundingSplitBps'), ('SV', 'contracts/crowdfund/ETHCrowdfundBase.sol', 'ETHCrowdfundBase.maxTotalContributions')
 reader witnesses  -> 2849
 storage exposures -> 1
[MV-SI candidate 7ba4a10f3ebe077c014c] {maxTotalContributions, totalContributions}
 writer root       -> sol-tests/crowdfund/ReraiseETHCrowdfund.t.sol::ReraiseETHCrowdfundTest.test_claim_addVotingPowerToExistingCard()
 writer effect     -> contracts/crowdfund/ETHCrowdfundBase.sol:226
 written member    -> ('SV', 'contracts/crowdfund/ETHCrowdfundBase.sol', 'ETHCrowdfundBase.totalContributions')
 potentially stale -> ('SV', 'contracts/crowdfund/ETHCrowdfundBase.sol', 'ETHCrowdfundBase.maxTotalContributions')
 reader witnesses  -> 324
 storage exposures -> 1
[MV-SI candidate 7bb6df886932a2118929] {maxTotalContributions, minContribution, totalContributions}
 writer root       -> contracts/crowdfund/InitialETHCrowdfund.sol::InitialETHCrowdfund.contribute(uint256,address,bytes)
 writer effect     -> contracts/crowdfund/ETHCrowdfundBase.sol:212
 written member    -> ('SV', 'contracts/crowdfund/ETHCrowdfundBase.sol', 'ETHCrowdfundBase.totalContributions')
 potentially stale -> ('SV', 'contracts/crowdfund/ETHCrowdfundBase.sol', 'ETHCrowdfundBase.maxTotalContributions'), ('SV', 'contracts/crowdfund/ETHCrowdfundBase.sol', 'ETHCrowdfundBase.minContribution')
 reader witnesses  -> 175
 storage exposures -> 1
[MV-SI candidate 7bb7dbb42f0e33a5a782] {maxTotalContributions, totalContributions}
 writer root       -> sol-tests/crowdfund/ReraiseETHCrowdfund.t.sol::ReraiseETHCrowdfundTest.test_finalize_anyoneCanFinalizeWhenExpired()
 writer effect     -> contracts/crowdfund/ETHCrowdfundBase.sol:226
 written member    -> ('SV', 'contracts/crowdfund/ETHCrowdfundBase.sol', 'ETHCrowdfundBase.totalContributions')
 potentially stale -> ('SV', 'contracts/crowdfund/ETHCrowdfundBase.sol', 'ETHCrowdfundBase.maxTotalContributions')
 reader witnesses  -> 324
 storage exposures -> 1
[MV-SI candidate 7bd3b52ac20baed5495a] {exchangeRateBps, fundingSplitBps, maxTotalContributions, totalContributions}
 writer root       -> sol-tests/crowdfund/ReraiseETHCrowdfund.t.sol::ReraiseETHCrowdfundTest.test_sendFundingSplit_cannotSendTwice()
 writer effect     -> contracts/crowdfund/ETHCrowdfundBase.sol:226
 written member    -> ('SV', 'contracts/crowdfund/ETHCrowdfundBase.sol', 'ETHCrowdfundBase.totalContributions')
 potentially stale -> ('SV', 'contracts/crowdfund/ETHCrowdfundBase.sol', 'ETHCrowdfundBase.exchangeRateBps'), ('SV', 'contracts/crowdfund/ETHCrowdfundBase.sol', 'ETHCrowdfundBase.fundingSplitBps'), ('SV', 'contracts/crowdfund/ETHCrowdfundBase.sol', 'ETHCrowdfundBase.maxTotalContributions')
 reader witnesses  -> 2849
 storage exposures -> 1
[MV-SI candidate 7c1595aa57a863e6ff82] {_governanceValues, votingPowerByTokenId[$arg0]}
 writer root       -> sol-tests/crowdfund/ReraiseETHCrowdfund.t.sol::ReraiseETHCrowdfundTest.test_sendFundingSplit_cannotSendTwice()
 writer effect     -> contracts/party/PartyGovernanceNFT.sol:230
 written member    -> ('SV', 'contracts/party/PartyGovernance.sol', 'PartyGovernance._governanceValues')
 potentially stale -> ('MS', 'contracts/party/PartyGovernanceNFT.sol', 'PartyGovernanceNFT.votingPowerByTokenId', '$arg0')
 reader witnesses  -> 249
 storage exposures -> 1
[MV-SI candidate 7c2ae2961cc966ba4180] {_governanceValues, mintedVotingPower}
 writer root       -> sol-tests/crowdfund/Crowdfund.t.sol::CrowdfundTest.testWin_nonParticipatingSplitRecipient()
 writer effect     -> contracts/party/PartyGovernanceNFT.sol:186
 written member    -> ('SV', 'contracts/party/PartyGovernanceNFT.sol', 'PartyGovernanceNFT.mintedVotingPower')
 potentially stale -> ('SV', 'contracts/party/PartyGovernance.sol', 'PartyGovernance._governanceValues')
 reader witnesses  -> 594
 storage exposures -> 1
[MV-SI candidate 7c3334337ded3655d422] {_governanceValues, mintedVotingPower}
 writer root       -> sol-tests/crowdfund/ReraiseETHCrowdfund.t.sol::ReraiseETHCrowdfundTest.test_contribute_aboveMaxContribution()
 writer effect     -> contracts/party/PartyGovernanceNFT.sol:230
 written member    -> ('SV', 'contracts/party/PartyGovernance.sol', 'PartyGovernance._governanceValues')
 potentially stale -> ('SV', 'contracts/party/PartyGovernanceNFT.sol', 'PartyGovernanceNFT.mintedVotingPower')
 reader witnesses  -> 722
 storage exposures -> 1
[MV-SI candidate 7c3b943bc9456ed9f43f] {_governanceValues, votingPowerByTokenId[$arg0]}
 writer root       -> sol-tests/crowdfund/ReraiseETHCrowdfund.t.sol::ReraiseETHCrowdfundTest.test_finalize_anyoneCanFinalizeWhenExpired()
 writer effect     -> contracts/party/PartyGovernanceNFT.sol:230
 written member    -> ('SV', 'contracts/party/PartyGovernance.sol', 'PartyGovernance._governanceValues')
 potentially stale -> ('MS', 'contracts/party/PartyGovernanceNFT.sol', 'PartyGovernanceNFT.votingPowerByTokenId', '$arg0')
 reader witnesses  -> 249
 storage exposures -> 1
[MV-SI candidate 7c555d0719ef20556b9e] {_governanceValues, mintedVotingPower}
 writer root       -> sol-tests/crowdfund/InitialETHCrowdfund.t.sol::InitialETHCrowdfundTest.test_contribute_gatekeeperChecksSender()
 writer effect     -> contracts/party/PartyGovernanceNFT.sol:218
 written member    -> ('SV', 'contracts/party/PartyGovernanceNFT.sol', 'PartyGovernanceNFT.mintedVotingPower')
 potentially stale -> ('SV', 'contracts/party/PartyGovernance.sol', 'PartyGovernance._governanceValues')
 reader witnesses  -> 594
 storage exposures -> 1
[MV-SI candidate 7d13c5350ea8bea83202] {_governanceValues, mintedVotingPower}
 writer root       -> sol-tests/crowdfund/InitialETHCrowdfund.t.sol::InitialETHCrowdfundTest.test_contribute_noContribution()
 writer effect     -> contracts/party/PartyGovernanceNFT.sol:186
 written member    -> ('SV', 'contracts/party/PartyGovernanceNFT.sol', 'PartyGovernanceNFT.mintedVotingPower')
 potentially stale -> ('SV', 'contracts/party/PartyGovernance.sol', 'PartyGovernance._governanceValues')
 reader witnesses  -> 594
 storage exposures -> 1
[MV-SI candidate 7d6daeaa0b929c00a0b4] {_governanceValues, isAuthority[$sender]}
 writer root       -> contracts/crowdfund/InitialETHCrowdfund.sol::InitialETHCrowdfund.initialize(InitialETHCrowdfund.InitialETHCrowdfundOptions,InitialETHCrowdfund.ETHPartyOptions)
 writer effect     -> contracts/party/PartyGovernanceNFT.sol:230
 written member    -> ('SV', 'contracts/party/PartyGovernance.sol', 'PartyGovernance._governanceValues')
 potentially stale -> ('MS', 'contracts/party/PartyGovernanceNFT.sol', 'PartyGovernanceNFT.isAuthority', '$sender')
 reader witnesses  -> 183
 storage exposures -> 1
[MV-SI candidate 7dd2d642caebabda6a20] {maxTotalContributions, totalContributions}
 writer root       -> sol-tests/crowdfund/InitialETHCrowdfund.t.sol::InitialETHCrowdfundTest.test_batchContribute_works()
 writer effect     -> contracts/crowdfund/ETHCrowdfundBase.sol:226
 written member    -> ('SV', 'contracts/crowdfund/ETHCrowdfundBase.sol', 'ETHCrowdfundBase.totalContributions')
 potentially stale -> ('SV', 'contracts/crowdfund/ETHCrowdfundBase.sol', 'ETHCrowdfundBase.maxTotalContributions')
 reader witnesses  -> 264
 storage exposures -> 1
[MV-SI candidate 7e1a7d4aaeca3192f45a] {maxTotalContributions, minContribution, totalContributions}
 writer root       -> sol-tests/crowdfund/ReraiseETHCrowdfund.t.sol::ReraiseETHCrowdfundTest.test_contribute_smallAmountWithFundingSplit()
 writer effect     -> contracts/crowdfund/ETHCrowdfundBase.sol:226
 written member    -> ('SV', 'contracts/crowdfund/ETHCrowdfundBase.sol', 'ETHCrowdfundBase.totalContributions')
 potentially stale -> ('SV', 'contracts/crowdfund/ETHCrowdfundBase.sol', 'ETHCrowdfundBase.maxTotalContributions'), ('SV', 'contracts/crowdfund/ETHCrowdfundBase.sol', 'ETHCrowdfundBase.minContribution')
 reader witnesses  -> 220
 storage exposures -> 1
[MV-SI candidate 7e496cea2ef130061233] {maxTotalContributions, minContribution, totalContributions}
 writer root       -> sol-tests/crowdfund/ReraiseETHCrowdfund.t.sol::ReraiseETHCrowdfundTest.test_claim_addVotingPowerToExistingCard()
 writer effect     -> contracts/crowdfund/ETHCrowdfundBase.sol:226
 written member    -> ('SV', 'contracts/crowdfund/ETHCrowdfundBase.sol', 'ETHCrowdfundBase.totalContributions')
 potentially stale -> ('SV', 'contracts/crowdfund/ETHCrowdfundBase.sol', 'ETHCrowdfundBase.maxTotalContributions'), ('SV', 'contracts/crowdfund/ETHCrowdfundBase.sol', 'ETHCrowdfundBase.minContribution')
 reader witnesses  -> 220
 storage exposures -> 1
[MV-SI candidate 7e5f9a61cc878a2ce700] {maxTotalContributions, minContribution, totalContributions}
 writer root       -> sol-tests/crowdfund/ReraiseETHCrowdfund.t.sol::ReraiseETHCrowdfundTest.test_contribute_twiceDoesNotMintAnotherCrowdfundNFT()
 writer effect     -> contracts/crowdfund/ETHCrowdfundBase.sol:226
 written member    -> ('SV', 'contracts/crowdfund/ETHCrowdfundBase.sol', 'ETHCrowdfundBase.totalContributions')
 potentially stale -> ('SV', 'contracts/crowdfund/ETHCrowdfundBase.sol', 'ETHCrowdfundBase.maxTotalContributions'), ('SV', 'contracts/crowdfund/ETHCrowdfundBase.sol', 'ETHCrowdfundBase.minContribution')
 reader witnesses  -> 220
 storage exposures -> 1
[MV-SI candidate 7f61d899f7ab29c1c7ef] {_governanceValues, isAuthority[$sender]}
 writer root       -> sol-tests/party/PartyGovernanceNFT.t.sol::PartyGovernanceNFTTest.testRageQuit()
 writer effect     -> contracts/party/PartyGovernanceNFT.sol:258
 written member    -> ('SV', 'contracts/party/PartyGovernance.sol', 'PartyGovernance._governanceValues')
 potentially stale -> ('MS', 'contracts/party/PartyGovernanceNFT.sol', 'PartyGovernanceNFT.isAuthority', '$sender')
 reader witnesses  -> 183
 storage exposures -> 1
[MV-SI candidate 7f7806b1dd3cfa667aed] {_governanceValues, isAuthority[$sender]}
 writer root       -> sol-tests/crowdfund/InitialETHCrowdfund.t.sol::InitialETHCrowdfundTest.test_contribute_withFundingSplit()
 writer effect     -> contracts/party/PartyGovernanceNFT.sol:230
 written member    -> ('SV', 'contracts/party/PartyGovernance.sol', 'PartyGovernance._governanceValues')
 potentially stale -> ('MS', 'contracts/party/PartyGovernanceNFT.sol', 'PartyGovernanceNFT.isAuthority', '$sender')
 reader witnesses  -> 183
 storage exposures -> 1
[MV-SI candidate 7f9a1a45d7c69b25821d] {_governanceValues, mintedVotingPower}
 writer root       -> sol-tests/utils/PartyGovernanceHelpers.t.sol::PartyGovernanceHelpersTest.testGetCurrDelegates()
 writer effect     -> contracts/party/PartyGovernanceNFT.sol:186
 written member    -> ('SV', 'contracts/party/PartyGovernanceNFT.sol', 'PartyGovernanceNFT.mintedVotingPower')
 potentially stale -> ('SV', 'contracts/party/PartyGovernance.sol', 'PartyGovernance._governanceValues')
 reader witnesses  -> 594
 storage exposures -> 1
[MV-SI candidate 7fe7936b8c65a9e3a210] {maxTotalContributions, minContribution, totalContributions}
 writer root       -> sol-tests/crowdfund/ReraiseETHCrowdfund.t.sol::ReraiseETHCrowdfundTest.test_crowdfundCardTokenURI_whileCrowdfundLost()
 writer effect     -> contracts/crowdfund/ETHCrowdfundBase.sol:212
 written member    -> ('SV', 'contracts/crowdfund/ETHCrowdfundBase.sol', 'ETHCrowdfundBase.totalContributions')
 potentially stale -> ('SV', 'contracts/crowdfund/ETHCrowdfundBase.sol', 'ETHCrowdfundBase.maxTotalContributions'), ('SV', 'contracts/crowdfund/ETHCrowdfundBase.sol', 'ETHCrowdfundBase.minContribution')
 reader witnesses  -> 220
 storage exposures -> 1
[MV-SI candidate 800ebc3197868c237edb] {exchangeRateBps, fundingSplitBps, maxTotalContributions, totalContributions}
 writer root       -> contracts/crowdfund/ReraiseETHCrowdfund.sol::ReraiseETHCrowdfund.batchContribute(ReraiseETHCrowdfund.BatchContributeArgs)
 writer effect     -> contracts/crowdfund/ETHCrowdfundBase.sol:226
 written member    -> ('SV', 'contracts/crowdfund/ETHCrowdfundBase.sol', 'ETHCrowdfundBase.totalContributions')
 potentially stale -> ('SV', 'contracts/crowdfund/ETHCrowdfundBase.sol', 'ETHCrowdfundBase.exchangeRateBps'), ('SV', 'contracts/crowdfund/ETHCrowdfundBase.sol', 'ETHCrowdfundBase.fundingSplitBps'), ('SV', 'contracts/crowdfund/ETHCrowdfundBase.sol', 'ETHCrowdfundBase.maxTotalContributions')
 reader witnesses  -> 2849
 storage exposures -> 1
[MV-SI candidate 80248dda1153bf3bbc36] {_governanceValues, mintedVotingPower}
 writer root       -> sol-tests/crowdfund/InitialETHCrowdfund.t.sol::InitialETHCrowdfundTest.test_contribute_addVotingPowerToExistingCard()
 writer effect     -> contracts/party/PartyGovernanceNFT.sol:230
 written member    -> ('SV', 'contracts/party/PartyGovernance.sol', 'PartyGovernance._governanceValues')
 potentially stale -> ('SV', 'contracts/party/PartyGovernanceNFT.sol', 'PartyGovernanceNFT.mintedVotingPower')
 reader witnesses  -> 722
 storage exposures -> 1
[MV-SI candidate 80c9e31ba91e4967c906] {_governanceValues, mintedVotingPower}
 writer root       -> sol-tests/crowdfund/AuctionCrowdfund.t.sol::AuctionCrowdfundTest.test_canRefundIfCrowdfundLosesWithBidsMade_notFinalized()
 writer effect     -> contracts/party/PartyGovernanceNFT.sol:186
 written member    -> ('SV', 'contracts/party/PartyGovernanceNFT.sol', 'PartyGovernanceNFT.mintedVotingPower')
 potentially stale -> ('SV', 'contracts/party/PartyGovernance.sol', 'PartyGovernance._governanceValues')
 reader witnesses  -> 594
 storage exposures -> 1
[MV-SI candidate 80d576693f34b340f706] {_governanceValues, votingPowerByTokenId[$arg0]}
 writer root       -> sol-tests/party/PartyGovernanceNFT.t.sol::PartyGovernanceNFTTest.testRageQuit_disableRageQuit()
 writer effect     -> contracts/party/PartyGovernanceNFT.sol:258
 written member    -> ('SV', 'contracts/party/PartyGovernance.sol', 'PartyGovernance._governanceValues')
 potentially stale -> ('MS', 'contracts/party/PartyGovernanceNFT.sol', 'PartyGovernanceNFT.votingPowerByTokenId', '$arg0')
 reader witnesses  -> 249
 storage exposures -> 1
[MV-SI candidate 810cbff0cc3b92eb1f0b] {exchangeRateBps, fundingSplitBps, maxTotalContributions, totalContributions}
 writer root       -> contracts/crowdfund/ReraiseETHCrowdfund.sol::ReraiseETHCrowdfund.contributeFor(address,address,bytes)
 writer effect     -> contracts/crowdfund/ETHCrowdfundBase.sol:212
 written member    -> ('SV', 'contracts/crowdfund/ETHCrowdfundBase.sol', 'ETHCrowdfundBase.totalContributions')
 potentially stale -> ('SV', 'contracts/crowdfund/ETHCrowdfundBase.sol', 'ETHCrowdfundBase.exchangeRateBps'), ('SV', 'contracts/crowdfund/ETHCrowdfundBase.sol', 'ETHCrowdfundBase.fundingSplitBps'), ('SV', 'contracts/crowdfund/ETHCrowdfundBase.sol', 'ETHCrowdfundBase.maxTotalContributions')
 reader witnesses  -> 2849
 storage exposures -> 1
[MV-SI candidate 815e969dd89d80c86f92] {minTotalContributions, totalContributions}
 writer root       -> sol-tests/crowdfund/ReraiseETHCrowdfund.t.sol::ReraiseETHCrowdfundTest.test_crowdfundCardTokenURI_whileCrowdfundActive()
 writer effect     -> contracts/crowdfund/ETHCrowdfundBase.sol:226
 written member    -> ('SV', 'contracts/crowdfund/ETHCrowdfundBase.sol', 'ETHCrowdfundBase.totalContributions')
 potentially stale -> ('SV', 'contracts/crowdfund/ETHCrowdfundBase.sol', 'ETHCrowdfundBase.minTotalContributions')
 reader witnesses  -> 118
 storage exposures -> 1
[MV-SI candidate 8191c162ae4730401b72] {_governanceValues, votingPowerByTokenId[$arg0]}
 writer root       -> contracts/party/PartyGovernanceNFT.sol::PartyGovernanceNFT.rageQuit(uint256[],IERC20[],address)
 writer effect     -> contracts/party/PartyGovernanceNFT.sol:258
 written member    -> ('SV', 'contracts/party/PartyGovernance.sol', 'PartyGovernance._governanceValues')
 potentially stale -> ('MS', 'contracts/party/PartyGovernanceNFT.sol', 'PartyGovernanceNFT.votingPowerByTokenId', '$arg0')
 reader witnesses  -> 249
 storage exposures -> 1
[MV-SI candidate 819c85379e25fdc8fdac] {maxTotalContributions, totalContributions}
 writer root       -> sol-tests/crowdfund/ReraiseETHCrowdfund.t.sol::ReraiseETHCrowdfundTest.test_contribute_aboveMaxContribution()
 writer effect     -> contracts/crowdfund/ETHCrowdfundBase.sol:226
 written member    -> ('SV', 'contracts/crowdfund/ETHCrowdfundBase.sol', 'ETHCrowdfundBase.totalContributions')
 potentially stale -> ('SV', 'contracts/crowdfund/ETHCrowdfundBase.sol', 'ETHCrowdfundBase.maxTotalContributions')
 reader witnesses  -> 324
 storage exposures -> 1
[MV-SI candidate 81a0dbf366f3363f85c0] {_governanceValues, mintedVotingPower}
 writer root       -> contracts/crowdfund/InitialETHCrowdfund.sol::InitialETHCrowdfund.contribute(uint256,address,bytes)
 writer effect     -> contracts/party/PartyGovernanceNFT.sol:230
 written member    -> ('SV', 'contracts/party/PartyGovernance.sol', 'PartyGovernance._governanceValues')
 potentially stale -> ('SV', 'contracts/party/PartyGovernanceNFT.sol', 'PartyGovernanceNFT.mintedVotingPower')
 reader witnesses  -> 722
 storage exposures -> 1
[MV-SI candidate 81b99c79bfc6bf740063] {_governanceValues, votingPowerByTokenId[$arg0]}
 writer root       -> sol-tests/crowdfund/ReraiseETHCrowdfund.t.sol::ReraiseETHCrowdfundTest.test_claimMultiple_cannotHaveRemainingVotingPowerAfterClaim()
 writer effect     -> contracts/party/PartyGovernanceNFT.sol:230
 written member    -> ('SV', 'contracts/party/PartyGovernance.sol', 'PartyGovernance._governanceValues')
 potentially stale -> ('MS', 'contracts/party/PartyGovernanceNFT.sol', 'PartyGovernanceNFT.votingPowerByTokenId', '$arg0')
 reader witnesses  -> 249
 storage exposures -> 1
[MV-SI candidate 82281fc783b536245224] {maxTotalContributions, minContribution, totalContributions}
 writer root       -> contracts/crowdfund/InitialETHCrowdfund.sol::InitialETHCrowdfund.contribute(address,bytes)
 writer effect     -> contracts/crowdfund/ETHCrowdfundBase.sol:212
 written member    -> ('SV', 'contracts/crowdfund/ETHCrowdfundBase.sol', 'ETHCrowdfundBase.totalContributions')
 potentially stale -> ('SV', 'contracts/crowdfund/ETHCrowdfundBase.sol', 'ETHCrowdfundBase.maxTotalContributions'), ('SV', 'contracts/crowdfund/ETHCrowdfundBase.sol', 'ETHCrowdfundBase.minContribution')
 reader witnesses  -> 175
 storage exposures -> 1
[MV-SI candidate 824239ac33d0d3570a78] {maxTotalContributions, totalContributions}
 writer root       -> sol-tests/crowdfund/InitialETHCrowdfund.t.sol::InitialETHCrowdfundTest.test_contribute_withFundingSplit()
 writer effect     -> contracts/crowdfund/ETHCrowdfundBase.sol:226
 written member    -> ('SV', 'contracts/crowdfund/ETHCrowdfundBase.sol', 'ETHCrowdfundBase.totalContributions')
 potentially stale -> ('SV', 'contracts/crowdfund/ETHCrowdfundBase.sol', 'ETHCrowdfundBase.maxTotalContributions')
 reader witnesses  -> 264
 storage exposures -> 1
[MV-SI candidate 825d16869ed6ee232726] {exchangeRateBps, fundingSplitBps, maxTotalContributions, totalContributions}
 writer root       -> sol-tests/crowdfund/InitialETHCrowdfund.t.sol::InitialETHCrowdfundTest.test_finalize_works()
 writer effect     -> contracts/crowdfund/ETHCrowdfundBase.sol:212
 written member    -> ('SV', 'contracts/crowdfund/ETHCrowdfundBase.sol', 'ETHCrowdfundBase.totalContributions')
 potentially stale -> ('SV', 'contracts/crowdfund/ETHCrowdfundBase.sol', 'ETHCrowdfundBase.exchangeRateBps'), ('SV', 'contracts/crowdfund/ETHCrowdfundBase.sol', 'ETHCrowdfundBase.fundingSplitBps'), ('SV', 'contracts/crowdfund/ETHCrowdfundBase.sol', 'ETHCrowdfundBase.maxTotalContributions')
 reader witnesses  -> 2219
 storage exposures -> 1
[MV-SI candidate 8268e5688b0e4e36315c] {maxTotalContributions, minContribution, totalContributions}
 writer root       -> sol-tests/crowdfund/ReraiseETHCrowdfund.t.sol::ReraiseETHCrowdfundTest.test_sendFundingSplit_cannotSendTwice()
 writer effect     -> contracts/crowdfund/ETHCrowdfundBase.sol:212
 written member    -> ('SV', 'contracts/crowdfund/ETHCrowdfundBase.sol', 'ETHCrowdfundBase.totalContributions')
 potentially stale -> ('SV', 'contracts/crowdfund/ETHCrowdfundBase.sol', 'ETHCrowdfundBase.maxTotalContributions'), ('SV', 'contracts/crowdfund/ETHCrowdfundBase.sol', 'ETHCrowdfundBase.minContribution')
 reader witnesses  -> 220
 storage exposures -> 1
[MV-SI candidate 8287336a9c35e2102f9a] {maxTotalContributions, totalContributions}
 writer root       -> sol-tests/crowdfund/ReraiseETHCrowdfund.t.sol::ReraiseETHCrowdfundTest.test_contributeFor_doesNotUpdateExistingDelegation()
 writer effect     -> contracts/crowdfund/ETHCrowdfundBase.sol:212
 written member    -> ('SV', 'contracts/crowdfund/ETHCrowdfundBase.sol', 'ETHCrowdfundBase.totalContributions')
 potentially stale -> ('SV', 'contracts/crowdfund/ETHCrowdfundBase.sol', 'ETHCrowdfundBase.maxTotalContributions')
 reader witnesses  -> 324
 storage exposures -> 1
[MV-SI candidate 82aa32c027905f453681] {_governanceValues, votingPowerByTokenId[$arg0]}
 writer root       -> sol-tests/crowdfund/ReraiseETHCrowdfund.t.sol::ReraiseETHCrowdfundTest.test_contribute_withFundingSplit()
 writer effect     -> contracts/party/PartyGovernanceNFT.sol:230
 written member    -> ('SV', 'contracts/party/PartyGovernance.sol', 'PartyGovernance._governanceValues')
 potentially stale -> ('MS', 'contracts/party/PartyGovernanceNFT.sol', 'PartyGovernanceNFT.votingPowerByTokenId', '$arg0')
 reader witnesses  -> 249
 storage exposures -> 1
[MV-SI candidate 82ba84087bb9911d3bea] {minTotalContributions, totalContributions}
 writer root       -> sol-tests/crowdfund/InitialETHCrowdfund.t.sol::InitialETHCrowdfundTest.test_contribute_afterLost()
 writer effect     -> contracts/crowdfund/ETHCrowdfundBase.sol:226
 written member    -> ('SV', 'contracts/crowdfund/ETHCrowdfundBase.sol', 'ETHCrowdfundBase.totalContributions')
 potentially stale -> ('SV', 'contracts/crowdfund/ETHCrowdfundBase.sol', 'ETHCrowdfundBase.minTotalContributions')
 reader witnesses  -> 94
 storage exposures -> 1
[MV-SI candidate 82c6d4467bd4e7040297] {_governanceValues, mintedVotingPower}
 writer root       -> sol-tests/party/PartyGovernanceNFT.t.sol::PartyGovernanceNFTTest.testRageQuit_enableRageQuit()
 writer effect     -> contracts/party/PartyGovernanceNFT.sol:186
 written member    -> ('SV', 'contracts/party/PartyGovernanceNFT.sol', 'PartyGovernanceNFT.mintedVotingPower')
 potentially stale -> ('SV', 'contracts/party/PartyGovernance.sol', 'PartyGovernance._governanceValues')
 reader witnesses  -> 594
 storage exposures -> 1
[MV-SI candidate 83106968355f6f529960] {exchangeRateBps, fundingSplitBps, maxTotalContributions, totalContributions}
 writer root       -> sol-tests/crowdfund/InitialETHCrowdfund.t.sol::InitialETHCrowdfundTest.test_sendFundingSplit_canOnlySendWhenFinalized()
 writer effect     -> contracts/crowdfund/ETHCrowdfundBase.sol:212
 written member    -> ('SV', 'contracts/crowdfund/ETHCrowdfundBase.sol', 'ETHCrowdfundBase.totalContributions')
 potentially stale -> ('SV', 'contracts/crowdfund/ETHCrowdfundBase.sol', 'ETHCrowdfundBase.exchangeRateBps'), ('SV', 'contracts/crowdfund/ETHCrowdfundBase.sol', 'ETHCrowdfundBase.fundingSplitBps'), ('SV', 'contracts/crowdfund/ETHCrowdfundBase.sol', 'ETHCrowdfundBase.maxTotalContributions')
 reader witnesses  -> 2219
 storage exposures -> 1
[MV-SI candidate 831221718a148aa5e6e5] {minTotalContributions, totalContributions}
 writer root       -> sol-tests/crowdfund/ReraiseETHCrowdfund.t.sol::ReraiseETHCrowdfundTest.test_refund_twice()
 writer effect     -> contracts/crowdfund/ETHCrowdfundBase.sol:212
 written member    -> ('SV', 'contracts/crowdfund/ETHCrowdfundBase.sol', 'ETHCrowdfundBase.totalContributions')
 potentially stale -> ('SV', 'contracts/crowdfund/ETHCrowdfundBase.sol', 'ETHCrowdfundBase.minTotalContributions')
 reader witnesses  -> 118
 storage exposures -> 1
[MV-SI candidate 831d21dacac7997e9607] {maxTotalContributions, minContribution, totalContributions}
 writer root       -> sol-tests/crowdfund/InitialETHCrowdfund.t.sol::InitialETHCrowdfundTest.test_refund_twice()
 writer effect     -> contracts/crowdfund/ETHCrowdfundBase.sol:226
 written member    -> ('SV', 'contracts/crowdfund/ETHCrowdfundBase.sol', 'ETHCrowdfundBase.totalContributions')
 potentially stale -> ('SV', 'contracts/crowdfund/ETHCrowdfundBase.sol', 'ETHCrowdfundBase.maxTotalContributions'), ('SV', 'contracts/crowdfund/ETHCrowdfundBase.sol', 'ETHCrowdfundBase.minContribution')
 reader witnesses  -> 175
 storage exposures -> 1
[MV-SI candidate 8374842bacda8c20f497] {maxTotalContributions, minContribution, totalContributions}
 writer root       -> contracts/crowdfund/ReraiseETHCrowdfund.sol::ReraiseETHCrowdfund.batchContribute(ReraiseETHCrowdfund.BatchContributeArgs)
 writer effect     -> contracts/crowdfund/ETHCrowdfundBase.sol:212
 written member    -> ('SV', 'contracts/crowdfund/ETHCrowdfundBase.sol', 'ETHCrowdfundBase.totalContributions')
 potentially stale -> ('SV', 'contracts/crowdfund/ETHCrowdfundBase.sol', 'ETHCrowdfundBase.maxTotalContributions'), ('SV', 'contracts/crowdfund/ETHCrowdfundBase.sol', 'ETHCrowdfundBase.minContribution')
 reader witnesses  -> 220
 storage exposures -> 1
[MV-SI candidate 8384b3719cd1b3bc93f1] {maxTotalContributions, minContribution, totalContributions}
 writer root       -> sol-tests/crowdfund/ReraiseETHCrowdfund.t.sol::ReraiseETHCrowdfundTest.test_contribute_aboveMaxTotalContribution()
 writer effect     -> contracts/crowdfund/ETHCrowdfundBase.sol:212
 written member    -> ('SV', 'contracts/crowdfund/ETHCrowdfundBase.sol', 'ETHCrowdfundBase.totalContributions')
 potentially stale -> ('SV', 'contracts/crowdfund/ETHCrowdfundBase.sol', 'ETHCrowdfundBase.maxTotalContributions'), ('SV', 'contracts/crowdfund/ETHCrowdfundBase.sol', 'ETHCrowdfundBase.minContribution')
 reader witnesses  -> 220
 storage exposures -> 1
[MV-SI candidate 8392ad21afe0b46b61b2] {minTotalContributions, totalContributions}
 writer root       -> sol-tests/crowdfund/ReraiseETHCrowdfund.t.sol::ReraiseETHCrowdfundTest.test_initialization_cannotReinitialize()
 writer effect     -> contracts/crowdfund/ETHCrowdfundBase.sol:133
 written member    -> ('SV', 'contracts/crowdfund/ETHCrowdfundBase.sol', 'ETHCrowdfundBase.minTotalContributions')
 potentially stale -> ('SV', 'contracts/crowdfund/ETHCrowdfundBase.sol', 'ETHCrowdfundBase.totalContributions')
 reader witnesses  -> 222
 storage exposures -> 1
[MV-SI candidate 83c18bc9ce4e0398b869] {minTotalContributions, totalContributions}
 writer root       -> sol-tests/crowdfund/InitialETHCrowdfund.t.sol::InitialETHCrowdfundTest.test_contribute_mintNewCard_withDisableContributingForExistingCard()
 writer effect     -> contracts/crowdfund/ETHCrowdfundBase.sol:212
 written member    -> ('SV', 'contracts/crowdfund/ETHCrowdfundBase.sol', 'ETHCrowdfundBase.totalContributions')
 potentially stale -> ('SV', 'contracts/crowdfund/ETHCrowdfundBase.sol', 'ETHCrowdfundBase.minTotalContributions')
 reader witnesses  -> 94
 storage exposures -> 1
[MV-SI candidate 83d416cab2bac7678727] {maxTotalContributions, minContribution, totalContributions}
 writer root       -> sol-tests/crowdfund/ReraiseETHCrowdfund.t.sol::ReraiseETHCrowdfundTest.test_crowdfundCardTokenURI_whileCrowdfundActive()
 writer effect     -> contracts/crowdfund/ETHCrowdfundBase.sol:212
 written member    -> ('SV', 'contracts/crowdfund/ETHCrowdfundBase.sol', 'ETHCrowdfundBase.totalContributions')
 potentially stale -> ('SV', 'contracts/crowdfund/ETHCrowdfundBase.sol', 'ETHCrowdfundBase.maxTotalContributions'), ('SV', 'contracts/crowdfund/ETHCrowdfundBase.sol', 'ETHCrowdfundBase.minContribution')
 reader witnesses  -> 220
 storage exposures -> 1
[MV-SI candidate 84612178d07af942d7af] {maxTotalContributions, totalContributions}
 writer root       -> sol-tests/crowdfund/ReraiseETHCrowdfund.t.sol::ReraiseETHCrowdfundTest.test_finalize_onlyHostCanFinalizeEarlyWhenActive()
 writer effect     -> contracts/crowdfund/ETHCrowdfundBase.sol:226
 written member    -> ('SV', 'contracts/crowdfund/ETHCrowdfundBase.sol', 'ETHCrowdfundBase.totalContributions')
 potentially stale -> ('SV', 'contracts/crowdfund/ETHCrowdfundBase.sol', 'ETHCrowdfundBase.maxTotalContributions')
 reader witnesses  -> 324
 storage exposures -> 1
[MV-SI candidate 8478a8b69759742a62d1] {maxTotalContributions, minContribution, totalContributions}
 writer root       -> sol-tests/crowdfund/InitialETHCrowdfund.t.sol::InitialETHCrowdfundTest.test_refund_notLost()
 writer effect     -> contracts/crowdfund/ETHCrowdfundBase.sol:212
 written member    -> ('SV', 'contracts/crowdfund/ETHCrowdfundBase.sol', 'ETHCrowdfundBase.totalContributions')
 potentially stale -> ('SV', 'contracts/crowdfund/ETHCrowdfundBase.sol', 'ETHCrowdfundBase.maxTotalContributions'), ('SV', 'contracts/crowdfund/ETHCrowdfundBase.sol', 'ETHCrowdfundBase.minContribution')
 reader witnesses  -> 175
 storage exposures -> 1
[MV-SI candidate 85024f0d7724f0bc330d] {minTotalContributions, totalContributions}
 writer root       -> sol-tests/crowdfund/InitialETHCrowdfund.t.sol::InitialETHCrowdfundTest.test_contribute_aboveMaxContribution()
 writer effect     -> contracts/crowdfund/ETHCrowdfundBase.sol:212
 written member    -> ('SV', 'contracts/crowdfund/ETHCrowdfundBase.sol', 'ETHCrowdfundBase.totalContributions')
 potentially stale -> ('SV', 'contracts/crowdfund/ETHCrowdfundBase.sol', 'ETHCrowdfundBase.minTotalContributions')
 reader witnesses  -> 94
 storage exposures -> 1
[MV-SI candidate 850b44ac6483b9db90ef] {_governanceValues, mintedVotingPower}
 writer root       -> contracts/crowdfund/InitialETHCrowdfund.sol::InitialETHCrowdfund.batchContribute(InitialETHCrowdfund.BatchContributeArgs)
 writer effect     -> contracts/party/PartyGovernanceNFT.sol:186
 written member    -> ('SV', 'contracts/party/PartyGovernanceNFT.sol', 'PartyGovernanceNFT.mintedVotingPower')
 potentially stale -> ('SV', 'contracts/party/PartyGovernance.sol', 'PartyGovernance._governanceValues')
 reader witnesses  -> 594
 storage exposures -> 1
[MV-SI candidate 85300607eff39a9c9a2e] {_governanceValues, votingPowerByTokenId[$arg0]}
 writer root       -> sol-tests/party/PartyGovernanceNFT.t.sol::PartyGovernanceNFTTest.testRageQuit_expiredRageQuitTimestamp()
 writer effect     -> contracts/party/PartyGovernanceNFT.sol:258
 written member    -> ('SV', 'contracts/party/PartyGovernance.sol', 'PartyGovernance._governanceValues')
 potentially stale -> ('MS', 'contracts/party/PartyGovernanceNFT.sol', 'PartyGovernanceNFT.votingPowerByTokenId', '$arg0')
 reader witnesses  -> 249
 storage exposures -> 1
[MV-SI candidate 859de5206b7fc76a7785] {_governanceValues, isAuthority[$sender]}
 writer root       -> sol-tests/crowdfund/ReraiseETHCrowdfund.t.sol::ReraiseETHCrowdfundTest.test_batchContribute_works()
 writer effect     -> contracts/party/PartyGovernanceNFT.sol:230
 written member    -> ('SV', 'contracts/party/PartyGovernance.sol', 'PartyGovernance._governanceValues')
 potentially stale -> ('MS', 'contracts/party/PartyGovernanceNFT.sol', 'PartyGovernanceNFT.isAuthority', '$sender')
 reader witnesses  -> 183
 storage exposures -> 1
[MV-SI candidate 85a929a2ff1ae8f1d77f] {_governanceValues, isAuthority[$sender]}
 writer root       -> contracts/crowdfund/ReraiseETHCrowdfund.sol::ReraiseETHCrowdfund.contribute(address,bytes)
 writer effect     -> contracts/party/PartyGovernanceNFT.sol:230
 written member    -> ('SV', 'contracts/party/PartyGovernance.sol', 'PartyGovernance._governanceValues')
 potentially stale -> ('MS', 'contracts/party/PartyGovernanceNFT.sol', 'PartyGovernanceNFT.isAuthority', '$sender')
 reader witnesses  -> 183
 storage exposures -> 1
[MV-SI candidate 85d1e93559a649f37cd5] {exchangeRateBps, fundingSplitBps, maxTotalContributions, totalContributions}
 writer root       -> sol-tests/crowdfund/ReraiseETHCrowdfund.t.sol::ReraiseETHCrowdfundTest.test_batchContribute_works()
 writer effect     -> contracts/crowdfund/ETHCrowdfundBase.sol:226
 written member    -> ('SV', 'contracts/crowdfund/ETHCrowdfundBase.sol', 'ETHCrowdfundBase.totalContributions')
 potentially stale -> ('SV', 'contracts/crowdfund/ETHCrowdfundBase.sol', 'ETHCrowdfundBase.exchangeRateBps'), ('SV', 'contracts/crowdfund/ETHCrowdfundBase.sol', 'ETHCrowdfundBase.fundingSplitBps'), ('SV', 'contracts/crowdfund/ETHCrowdfundBase.sol', 'ETHCrowdfundBase.maxTotalContributions')
 reader witnesses  -> 2849
 storage exposures -> 1
[MV-SI candidate 85e3c8e10f9fa20488b9] {maxTotalContributions, totalContributions}
 writer root       -> sol-tests/crowdfund/ReraiseETHCrowdfund.t.sol::ReraiseETHCrowdfundTest.test_refund_twice()
 writer effect     -> contracts/crowdfund/ETHCrowdfundBase.sol:226
 written member    -> ('SV', 'contracts/crowdfund/ETHCrowdfundBase.sol', 'ETHCrowdfundBase.totalContributions')
 potentially stale -> ('SV', 'contracts/crowdfund/ETHCrowdfundBase.sol', 'ETHCrowdfundBase.maxTotalContributions')
 reader witnesses  -> 324
 storage exposures -> 1
[MV-SI candidate 8684cf4b1aad1af8eeca] {maxTotalContributions, minContribution, totalContributions}
 writer root       -> sol-tests/crowdfund/InitialETHCrowdfund.t.sol::InitialETHCrowdfundTest.test_sendFundingSplit_cannotSendIfNoFundingSplit()
 writer effect     -> contracts/crowdfund/ETHCrowdfundBase.sol:226
 written member    -> ('SV', 'contracts/crowdfund/ETHCrowdfundBase.sol', 'ETHCrowdfundBase.totalContributions')
 potentially stale -> ('SV', 'contracts/crowdfund/ETHCrowdfundBase.sol', 'ETHCrowdfundBase.maxTotalContributions'), ('SV', 'contracts/crowdfund/ETHCrowdfundBase.sol', 'ETHCrowdfundBase.minContribution')
 reader witnesses  -> 175
 storage exposures -> 1
[MV-SI candidate 86c8a0d55f8afdaa75c9] {maxTotalContributions, minContribution, totalContributions}
 writer root       -> sol-tests/crowdfund/InitialETHCrowdfund.t.sol::InitialETHCrowdfundTest.test_contribute_cannotDelegateToZeroAddress()
 writer effect     -> contracts/crowdfund/ETHCrowdfundBase.sol:226
 written member    -> ('SV', 'contracts/crowdfund/ETHCrowdfundBase.sol', 'ETHCrowdfundBase.totalContributions')
 potentially stale -> ('SV', 'contracts/crowdfund/ETHCrowdfundBase.sol', 'ETHCrowdfundBase.maxTotalContributions'), ('SV', 'contracts/crowdfund/ETHCrowdfundBase.sol', 'ETHCrowdfundBase.minContribution')
 reader witnesses  -> 175
 storage exposures -> 1
[MV-SI candidate 86eaa4d0daadd3710fe9] {_governanceValues, isAuthority[$sender]}
 writer root       -> sol-tests/crowdfund/InitialETHCrowdfund.t.sol::InitialETHCrowdfundTest.test_finalize_withFundingSplit()
 writer effect     -> contracts/party/PartyGovernanceNFT.sol:230
 written member    -> ('SV', 'contracts/party/PartyGovernance.sol', 'PartyGovernance._governanceValues')
 potentially stale -> ('MS', 'contracts/party/PartyGovernanceNFT.sol', 'PartyGovernanceNFT.isAuthority', '$sender')
 reader witnesses  -> 183
 storage exposures -> 1
[MV-SI candidate 86f6aa398ae6ab5805be] {_governanceValues, votingPowerByTokenId[$arg0]}
 writer root       -> sol-tests/crowdfund/ReraiseETHCrowdfund.t.sol::ReraiseETHCrowdfundTest.test_finalize_withFundingSplit()
 writer effect     -> contracts/party/PartyGovernanceNFT.sol:230
 written member    -> ('SV', 'contracts/party/PartyGovernance.sol', 'PartyGovernance._governanceValues')
 potentially stale -> ('MS', 'contracts/party/PartyGovernanceNFT.sol', 'PartyGovernanceNFT.votingPowerByTokenId', '$arg0')
 reader witnesses  -> 249
 storage exposures -> 1
[MV-SI candidate 87189ef627ecd0c5c3ff] {_governanceValues, votingPowerByTokenId[$arg0]}
 writer root       -> sol-tests/crowdfund/InitialETHCrowdfund.t.sol::InitialETHCrowdfundTest.test_contribute_aboveMaxTotalContribution()
 writer effect     -> contracts/party/PartyGovernanceNFT.sol:230
 written member    -> ('SV', 'contracts/party/PartyGovernance.sol', 'PartyGovernance._governanceValues')
 potentially stale -> ('MS', 'contracts/party/PartyGovernanceNFT.sol', 'PartyGovernanceNFT.votingPowerByTokenId', '$arg0')
 reader witnesses  -> 249
 storage exposures -> 1
[MV-SI candidate 8733945650e31ac23bd3] {_governanceValues, votingPowerByTokenId[$arg0]}
 writer root       -> sol-tests/party/PartyGovernanceNFT.t.sol::PartyGovernanceNFTTest.testBurn_withApproval()
 writer effect     -> contracts/party/PartyGovernanceNFT.sol:258
 written member    -> ('SV', 'contracts/party/PartyGovernance.sol', 'PartyGovernance._governanceValues')
 potentially stale -> ('MS', 'contracts/party/PartyGovernanceNFT.sol', 'PartyGovernanceNFT.votingPowerByTokenId', '$arg0')
 reader witnesses  -> 249
 storage exposures -> 1
[MV-SI candidate 875a1ea7f69bf91cdc3f] {maxTotalContributions, minContribution, totalContributions}
 writer root       -> sol-tests/crowdfund/ReraiseETHCrowdfund.t.sol::ReraiseETHCrowdfundTest.test_contribute_noContribution()
 writer effect     -> contracts/crowdfund/ETHCrowdfundBase.sol:226
 written member    -> ('SV', 'contracts/crowdfund/ETHCrowdfundBase.sol', 'ETHCrowdfundBase.totalContributions')
 potentially stale -> ('SV', 'contracts/crowdfund/ETHCrowdfundBase.sol', 'ETHCrowdfundBase.maxTotalContributions'), ('SV', 'contracts/crowdfund/ETHCrowdfundBase.sol', 'ETHCrowdfundBase.minContribution')
 reader witnesses  -> 220
 storage exposures -> 1
[MV-SI candidate 878889693e787e0007db] {exchangeRateBps, fundingSplitBps, maxTotalContributions, totalContributions}
 writer root       -> sol-tests/crowdfund/InitialETHCrowdfund.t.sol::InitialETHCrowdfundTest.test_sendFundingSplit_works()
 writer effect     -> contracts/crowdfund/ETHCrowdfundBase.sol:226
 written member    -> ('SV', 'contracts/crowdfund/ETHCrowdfundBase.sol', 'ETHCrowdfundBase.totalContributions')
 potentially stale -> ('SV', 'contracts/crowdfund/ETHCrowdfundBase.sol', 'ETHCrowdfundBase.exchangeRateBps'), ('SV', 'contracts/crowdfund/ETHCrowdfundBase.sol', 'ETHCrowdfundBase.fundingSplitBps'), ('SV', 'contracts/crowdfund/ETHCrowdfundBase.sol', 'ETHCrowdfundBase.maxTotalContributions')
 reader witnesses  -> 2219
 storage exposures -> 1
[MV-SI candidate 87a20ad05c3a66365346] {_governanceValues, mintedVotingPower}
 writer root       -> sol-tests/crowdfund/ReraiseETHCrowdfund.t.sol::ReraiseETHCrowdfundTest.test_crowdfundCardTokenURI_whileCrowdfundFinalized()
 writer effect     -> contracts/party/PartyGovernanceNFT.sol:230
 written member    -> ('SV', 'contracts/party/PartyGovernance.sol', 'PartyGovernance._governanceValues')
 potentially stale -> ('SV', 'contracts/party/PartyGovernanceNFT.sol', 'PartyGovernanceNFT.mintedVotingPower')
 reader witnesses  -> 722
 storage exposures -> 1
[MV-SI candidate 87c4bdaf9c966b9a3f95] {maxTotalContributions, totalContributions}
 writer root       -> sol-tests/crowdfund/ReraiseETHCrowdfund.t.sol::ReraiseETHCrowdfundTest.test_sendFundingSplit_canOnlySendWhenFinalized()
 writer effect     -> contracts/crowdfund/ETHCrowdfundBase.sol:226
 written member    -> ('SV', 'contracts/crowdfund/ETHCrowdfundBase.sol', 'ETHCrowdfundBase.totalContributions')
 potentially stale -> ('SV', 'contracts/crowdfund/ETHCrowdfundBase.sol', 'ETHCrowdfundBase.maxTotalContributions')
 reader witnesses  -> 324
 storage exposures -> 1
[MV-SI candidate 87f1702b43c625c30a4c] {maxTotalContributions, totalContributions}
 writer root       -> sol-tests/crowdfund/InitialETHCrowdfund.t.sol::InitialETHCrowdfundTest.test_contribute_addVotingPowerToExistingCard()
 writer effect     -> contracts/crowdfund/ETHCrowdfundBase.sol:212
 written member    -> ('SV', 'contracts/crowdfund/ETHCrowdfundBase.sol', 'ETHCrowdfundBase.totalContributions')
 potentially stale -> ('SV', 'contracts/crowdfund/ETHCrowdfundBase.sol', 'ETHCrowdfundBase.maxTotalContributions')
 reader witnesses  -> 264
 storage exposures -> 1
[MV-SI candidate 880a8f9eeabd66564ea1] {_governanceValues, mintedVotingPower}
 writer root       -> sol-tests/crowdfund/ReraiseETHCrowdfund.t.sol::ReraiseETHCrowdfundTest.test_contribute_works()
 writer effect     -> contracts/party/PartyGovernanceNFT.sol:230
 written member    -> ('SV', 'contracts/party/PartyGovernance.sol', 'PartyGovernance._governanceValues')
 potentially stale -> ('SV', 'contracts/party/PartyGovernanceNFT.sol', 'PartyGovernanceNFT.mintedVotingPower')
 reader witnesses  -> 722
 storage exposures -> 1
[MV-SI candidate 882a31200ba1bb52b86a] {maxTotalContributions, totalContributions}
 writer root       -> sol-tests/crowdfund/InitialETHCrowdfund.t.sol::InitialETHCrowdfundTest.test_contribute_belowMinContribution()
 writer effect     -> contracts/crowdfund/ETHCrowdfundBase.sol:226
 written member    -> ('SV', 'contracts/crowdfund/ETHCrowdfundBase.sol', 'ETHCrowdfundBase.totalContributions')
 potentially stale -> ('SV', 'contracts/crowdfund/ETHCrowdfundBase.sol', 'ETHCrowdfundBase.maxTotalContributions')
 reader witnesses  -> 264
 storage exposures -> 1
[MV-SI candidate 8843ad58494d3464f0b4] {minTotalContributions, totalContributions}
 writer root       -> sol-tests/crowdfund/ReraiseETHCrowdfund.t.sol::ReraiseETHCrowdfundTest.test_crowdfundCardTokenURI_whileCrowdfundFinalized()
 writer effect     -> contracts/crowdfund/ETHCrowdfundBase.sol:226
 written member    -> ('SV', 'contracts/crowdfund/ETHCrowdfundBase.sol', 'ETHCrowdfundBase.totalContributions')
 potentially stale -> ('SV', 'contracts/crowdfund/ETHCrowdfundBase.sol', 'ETHCrowdfundBase.minTotalContributions')
 reader witnesses  -> 118
 storage exposures -> 1
[MV-SI candidate 8857a15cbba0b2c13df4] {_governanceValues, mintedVotingPower}
 writer root       -> sol-tests/party/PartyGovernanceNFT.t.sol::PartyGovernanceNFTTest.testBurn_revertsIfCalledByOwnerBeforePartyStarted()
 writer effect     -> contracts/party/PartyGovernanceNFT.sol:254
 written member    -> ('SV', 'contracts/party/PartyGovernanceNFT.sol', 'PartyGovernanceNFT.mintedVotingPower')
 potentially stale -> ('SV', 'contracts/party/PartyGovernance.sol', 'PartyGovernance._governanceValues')
 reader witnesses  -> 594
 storage exposures -> 1
[MV-SI candidate 889a78dfcc827b90f096] {exchangeRateBps, fundingSplitBps, maxTotalContributions, totalContributions}
 writer root       -> sol-tests/crowdfund/ReraiseETHCrowdfund.t.sol::ReraiseETHCrowdfundTest.test_contribute_afterLost()
 writer effect     -> contracts/crowdfund/ETHCrowdfundBase.sol:212
 written member    -> ('SV', 'contracts/crowdfund/ETHCrowdfundBase.sol', 'ETHCrowdfundBase.totalContributions')
 potentially stale -> ('SV', 'contracts/crowdfund/ETHCrowdfundBase.sol', 'ETHCrowdfundBase.exchangeRateBps'), ('SV', 'contracts/crowdfund/ETHCrowdfundBase.sol', 'ETHCrowdfundBase.fundingSplitBps'), ('SV', 'contracts/crowdfund/ETHCrowdfundBase.sol', 'ETHCrowdfundBase.maxTotalContributions')
 reader witnesses  -> 2849
 storage exposures -> 1
[MV-SI candidate 88a08a19a27e36fa1f97] {_governanceValues, votingPowerByTokenId[$arg0]}
 writer root       -> sol-tests/crowdfund/InitialETHCrowdfund.t.sol::InitialETHCrowdfundTest.test_refund_twice()
 writer effect     -> contracts/party/PartyGovernanceNFT.sol:219
 written member    -> ('MS', 'contracts/party/PartyGovernanceNFT.sol', 'PartyGovernanceNFT.votingPowerByTokenId', '$arg0')
 potentially stale -> ('SV', 'contracts/party/PartyGovernance.sol', 'PartyGovernance._governanceValues')
 reader witnesses  -> 891
 storage exposures -> 1
[MV-SI candidate 88ac21e2165df929e927] {maxTotalContributions, minContribution, totalContributions}
 writer root       -> sol-tests/crowdfund/ReraiseETHCrowdfund.t.sol::ReraiseETHCrowdfundTest.test_batchContribute_works()
 writer effect     -> contracts/crowdfund/ETHCrowdfundBase.sol:212
 written member    -> ('SV', 'contracts/crowdfund/ETHCrowdfundBase.sol', 'ETHCrowdfundBase.totalContributions')
 potentially stale -> ('SV', 'contracts/crowdfund/ETHCrowdfundBase.sol', 'ETHCrowdfundBase.maxTotalContributions'), ('SV', 'contracts/crowdfund/ETHCrowdfundBase.sol', 'ETHCrowdfundBase.minContribution')
 reader witnesses  -> 220
 storage exposures -> 1
[MV-SI candidate 88c26eeacf7916a96a53] {_governanceValues, mintedVotingPower}
 writer root       -> sol-tests/crowdfund/InitialETHCrowdfund.t.sol::InitialETHCrowdfundTest.test_finalize_belowMinTotalContributions()
 writer effect     -> contracts/party/PartyGovernanceNFT.sol:218
 written member    -> ('SV', 'contracts/party/PartyGovernanceNFT.sol', 'PartyGovernanceNFT.mintedVotingPower')
 potentially stale -> ('SV', 'contracts/party/PartyGovernance.sol', 'PartyGovernance._governanceValues')
 reader witnesses  -> 594
 storage exposures -> 1
[MV-SI candidate 88cf821385ae1c77ad0a] {_governanceValues, mintedVotingPower}
 writer root       -> sol-tests/crowdfund/InitialETHCrowdfund.t.sol::InitialETHCrowdfundTest.test_refund_works()
 writer effect     -> contracts/party/PartyGovernanceNFT.sol:218
 written member    -> ('SV', 'contracts/party/PartyGovernanceNFT.sol', 'PartyGovernanceNFT.mintedVotingPower')
 potentially stale -> ('SV', 'contracts/party/PartyGovernance.sol', 'PartyGovernance._governanceValues')
 reader witnesses  -> 594
 storage exposures -> 1
[MV-SI candidate 88d10098a9bae6a799f3] {_governanceValues, mintedVotingPower}
 writer root       -> sol-tests/crowdfund/InitialETHCrowdfund.t.sol::InitialETHCrowdfundTest.test_contributeFor_doesNotUpdateExistingDelegation()
 writer effect     -> contracts/party/PartyGovernanceNFT.sol:230
 written member    -> ('SV', 'contracts/party/PartyGovernance.sol', 'PartyGovernance._governanceValues')
 potentially stale -> ('SV', 'contracts/party/PartyGovernanceNFT.sol', 'PartyGovernanceNFT.mintedVotingPower')
 reader witnesses  -> 722
 storage exposures -> 1
[MV-SI candidate 8911d1b67ecf9f2b4047] {_governanceValues, votingPowerByTokenId[$arg0]}
 writer root       -> sol-tests/crowdfund/ReraiseETHCrowdfund.t.sol::ReraiseETHCrowdfundTest.test_batchClaim_works()
 writer effect     -> contracts/party/PartyGovernanceNFT.sol:230
 written member    -> ('SV', 'contracts/party/PartyGovernance.sol', 'PartyGovernance._governanceValues')
 potentially stale -> ('MS', 'contracts/party/PartyGovernanceNFT.sol', 'PartyGovernanceNFT.votingPowerByTokenId', '$arg0')
 reader witnesses  -> 249
 storage exposures -> 1
[MV-SI candidate 894e9799021d1e8ea101] {_governanceValues, mintedVotingPower}
 writer root       -> sol-tests/crowdfund/ReraiseETHCrowdfund.t.sol::ReraiseETHCrowdfundTest.test_finalize_works()
 writer effect     -> contracts/party/PartyGovernanceNFT.sol:230
 written member    -> ('SV', 'contracts/party/PartyGovernance.sol', 'PartyGovernance._governanceValues')
 potentially stale -> ('SV', 'contracts/party/PartyGovernanceNFT.sol', 'PartyGovernanceNFT.mintedVotingPower')
 reader witnesses  -> 722
 storage exposures -> 1
[MV-SI candidate 89b549a195b11a3ea626] {_governanceValues, votingPowerByTokenId[$arg0]}
 writer root       -> contracts/party/PartyGovernanceNFT.sol::PartyGovernanceNFT.addVotingPower(uint256,uint256)
 writer effect     -> contracts/party/PartyGovernanceNFT.sol:219
 written member    -> ('MS', 'contracts/party/PartyGovernanceNFT.sol', 'PartyGovernanceNFT.votingPowerByTokenId', '$arg0')
 potentially stale -> ('SV', 'contracts/party/PartyGovernance.sol', 'PartyGovernance._governanceValues')
 reader witnesses  -> 891
 storage exposures -> 1
[MV-SI candidate 89b6d2c4a9f93ea5ef06] {maxTotalContributions, totalContributions}
 writer root       -> sol-tests/crowdfund/InitialETHCrowdfund.t.sol::InitialETHCrowdfundTest.test_sendFundingSplit_cannotSendIfNoFundingSplit()
 writer effect     -> contracts/crowdfund/ETHCrowdfundBase.sol:212
 written member    -> ('SV', 'contracts/crowdfund/ETHCrowdfundBase.sol', 'ETHCrowdfundBase.totalContributions')
 potentially stale -> ('SV', 'contracts/crowdfund/ETHCrowdfundBase.sol', 'ETHCrowdfundBase.maxTotalContributions')
 reader witnesses  -> 264
 storage exposures -> 1
[MV-SI candidate 89d4d9ccba7c783dae56] {exchangeRateBps, fundingSplitBps, maxTotalContributions, totalContributions}
 writer root       -> sol-tests/crowdfund/InitialETHCrowdfund.t.sol::InitialETHCrowdfundTest.test_refund_twice()
 writer effect     -> contracts/crowdfund/ETHCrowdfundBase.sol:226
 written member    -> ('SV', 'contracts/crowdfund/ETHCrowdfundBase.sol', 'ETHCrowdfundBase.totalContributions')
 potentially stale -> ('SV', 'contracts/crowdfund/ETHCrowdfundBase.sol', 'ETHCrowdfundBase.exchangeRateBps'), ('SV', 'contracts/crowdfund/ETHCrowdfundBase.sol', 'ETHCrowdfundBase.fundingSplitBps'), ('SV', 'contracts/crowdfund/ETHCrowdfundBase.sol', 'ETHCrowdfundBase.maxTotalContributions')
 reader witnesses  -> 2219
 storage exposures -> 1
[MV-SI candidate 89d578ca29dd21293e7c] {_governanceValues, votingPowerByTokenId[$arg0]}
 writer root       -> sol-tests/crowdfund/ReraiseETHCrowdfund.t.sol::ReraiseETHCrowdfundTest.test_crowdfundCardTokenURI_whileCrowdfundFinalized()
 writer effect     -> contracts/party/PartyGovernanceNFT.sol:230
 written member    -> ('SV', 'contracts/party/PartyGovernance.sol', 'PartyGovernance._governanceValues')
 potentially stale -> ('MS', 'contracts/party/PartyGovernanceNFT.sol', 'PartyGovernanceNFT.votingPowerByTokenId', '$arg0')
 reader witnesses  -> 249
 storage exposures -> 1
[MV-SI candidate 8a990a53cc9b58f21f87] {_governanceValues, mintedVotingPower}
 writer root       -> sol-tests/party/PartyGovernance.t.sol::PartyGovernanceTest.testSimpleGovernanceUnanimous()
 writer effect     -> contracts/party/PartyGovernanceNFT.sol:186
 written member    -> ('SV', 'contracts/party/PartyGovernanceNFT.sol', 'PartyGovernanceNFT.mintedVotingPower')
 potentially stale -> ('SV', 'contracts/party/PartyGovernance.sol', 'PartyGovernance._governanceValues')
 reader witnesses  -> 594
 storage exposures -> 1
[MV-SI candidate 8aa62e23760dc16816ed] {minTotalContributions, totalContributions}
 writer root       -> sol-tests/crowdfund/ReraiseETHCrowdfund.t.sol::ReraiseETHCrowdfundTest.test_claim_aboveMax()
 writer effect     -> contracts/crowdfund/ETHCrowdfundBase.sol:226
 written member    -> ('SV', 'contracts/crowdfund/ETHCrowdfundBase.sol', 'ETHCrowdfundBase.totalContributions')
 potentially stale -> ('SV', 'contracts/crowdfund/ETHCrowdfundBase.sol', 'ETHCrowdfundBase.minTotalContributions')
 reader witnesses  -> 118
 storage exposures -> 1
[MV-SI candidate 8b14dc6384e5482fe326] {exchangeRateBps, fundingSplitBps, maxTotalContributions, totalContributions}
 writer root       -> sol-tests/crowdfund/InitialETHCrowdfund.t.sol::InitialETHCrowdfundTest.test_contribute_gatekeeperChecksSender()
 writer effect     -> contracts/crowdfund/ETHCrowdfundBase.sol:226
 written member    -> ('SV', 'contracts/crowdfund/ETHCrowdfundBase.sol', 'ETHCrowdfundBase.totalContributions')
 potentially stale -> ('SV', 'contracts/crowdfund/ETHCrowdfundBase.sol', 'ETHCrowdfundBase.exchangeRateBps'), ('SV', 'contracts/crowdfund/ETHCrowdfundBase.sol', 'ETHCrowdfundBase.fundingSplitBps'), ('SV', 'contracts/crowdfund/ETHCrowdfundBase.sol', 'ETHCrowdfundBase.maxTotalContributions')
 reader witnesses  -> 2219
 storage exposures -> 1
[MV-SI candidate 8b4bf7af7f821afc77ff] {_governanceValues, mintedVotingPower}
 writer root       -> sol-tests/party/PartyGovernanceNFT.t.sol::PartyGovernanceNFTTest.testMint_onlyAuthority()
 writer effect     -> contracts/party/PartyGovernanceNFT.sol:186
 written member    -> ('SV', 'contracts/party/PartyGovernanceNFT.sol', 'PartyGovernanceNFT.mintedVotingPower')
 potentially stale -> ('SV', 'contracts/party/PartyGovernance.sol', 'PartyGovernance._governanceValues')
 reader witnesses  -> 594
 storage exposures -> 1
[MV-SI candidate 8b773d91c053f37049b3] {_governanceValues, mintedVotingPower}
 writer root       -> sol-tests/party/PartyGovernanceNFT.t.sol::PartyGovernanceNFTTest.testBurn()
 writer effect     -> contracts/party/PartyGovernanceNFT.sol:186
 written member    -> ('SV', 'contracts/party/PartyGovernanceNFT.sol', 'PartyGovernanceNFT.mintedVotingPower')
 potentially stale -> ('SV', 'contracts/party/PartyGovernance.sol', 'PartyGovernance._governanceValues')
 reader witnesses  -> 594
 storage exposures -> 1
[MV-SI candidate 8bdaf63d15e17be14022] {_governanceValues, mintedVotingPower}
 writer root       -> contracts/crowdfund/ETHCrowdfundBase.sol::ETHCrowdfundBase.finalize()
 writer effect     -> contracts/party/PartyGovernanceNFT.sol:230
 written member    -> ('SV', 'contracts/party/PartyGovernance.sol', 'PartyGovernance._governanceValues')
 potentially stale -> ('SV', 'contracts/party/PartyGovernanceNFT.sol', 'PartyGovernanceNFT.mintedVotingPower')
 reader witnesses  -> 722
 storage exposures -> 1
[MV-SI candidate 8c578c9223036bf18861] {_governanceValues, mintedVotingPower}
 writer root       -> sol-tests/crowdfund/InitialETHCrowdfund.t.sol::InitialETHCrowdfundTest.test_sendFundingSplit_cannotSendTwice()
 writer effect     -> contracts/party/PartyGovernanceNFT.sol:186
 written member    -> ('SV', 'contracts/party/PartyGovernanceNFT.sol', 'PartyGovernanceNFT.mintedVotingPower')
 potentially stale -> ('SV', 'contracts/party/PartyGovernance.sol', 'PartyGovernance._governanceValues')
 reader witnesses  -> 594
 storage exposures -> 1
[MV-SI candidate 8cb72579281e2f2334a1] {exchangeRateBps, fundingSplitBps, maxTotalContributions, totalContributions}
 writer root       -> sol-tests/crowdfund/ReraiseETHCrowdfund.t.sol::ReraiseETHCrowdfundTest.test_crowdfundCardTokenURI_whileCrowdfundActive()
 writer effect     -> contracts/crowdfund/ETHCrowdfundBase.sol:212
 written member    -> ('SV', 'contracts/crowdfund/ETHCrowdfundBase.sol', 'ETHCrowdfundBase.totalContributions')
 potentially stale -> ('SV', 'contracts/crowdfund/ETHCrowdfundBase.sol', 'ETHCrowdfundBase.exchangeRateBps'), ('SV', 'contracts/crowdfund/ETHCrowdfundBase.sol', 'ETHCrowdfundBase.fundingSplitBps'), ('SV', 'contracts/crowdfund/ETHCrowdfundBase.sol', 'ETHCrowdfundBase.maxTotalContributions')
 reader witnesses  -> 2849
 storage exposures -> 1
[MV-SI candidate 8cc8b77764c360fac9d8] {_governanceValues, votingPowerByTokenId[$arg0]}
 writer root       -> sol-tests/crowdfund/InitialETHCrowdfund.t.sol::InitialETHCrowdfundTest.test_expiry_won()
 writer effect     -> contracts/party/PartyGovernanceNFT.sol:230
 written member    -> ('SV', 'contracts/party/PartyGovernance.sol', 'PartyGovernance._governanceValues')
 potentially stale -> ('MS', 'contracts/party/PartyGovernanceNFT.sol', 'PartyGovernanceNFT.votingPowerByTokenId', '$arg0')
 reader witnesses  -> 249
 storage exposures -> 1
[MV-SI candidate 8cfa2442f5a4ef38048c] {_governanceValues, mintedVotingPower}
 writer root       -> sol-tests/crowdfund/ReraiseETHCrowdfund.t.sol::ReraiseETHCrowdfundTest.test_expiry_won()
 writer effect     -> contracts/party/PartyGovernanceNFT.sol:230
 written member    -> ('SV', 'contracts/party/PartyGovernance.sol', 'PartyGovernance._governanceValues')
 potentially stale -> ('SV', 'contracts/party/PartyGovernanceNFT.sol', 'PartyGovernanceNFT.mintedVotingPower')
 reader witnesses  -> 722
 storage exposures -> 1
[MV-SI candidate 8d16d6087acef077c673] {_governanceValues, votingPowerByTokenId[$arg0]}
 writer root       -> sol-tests/crowdfund/ReraiseETHCrowdfund.t.sol::ReraiseETHCrowdfundTest.test_fundingSplit_contributionAndRefund()
 writer effect     -> contracts/party/PartyGovernanceNFT.sol:230
 written member    -> ('SV', 'contracts/party/PartyGovernance.sol', 'PartyGovernance._governanceValues')
 potentially stale -> ('MS', 'contracts/party/PartyGovernanceNFT.sol', 'PartyGovernanceNFT.votingPowerByTokenId', '$arg0')
 reader witnesses  -> 249
 storage exposures -> 1
[MV-SI candidate 8d30bf16764c63b171d1] {maxTotalContributions, minContribution, totalContributions}
 writer root       -> sol-tests/crowdfund/InitialETHCrowdfund.t.sol::InitialETHCrowdfundTest.test_contribute_belowMinContribution()
 writer effect     -> contracts/crowdfund/ETHCrowdfundBase.sol:212
 written member    -> ('SV', 'contracts/crowdfund/ETHCrowdfundBase.sol', 'ETHCrowdfundBase.totalContributions')
 potentially stale -> ('SV', 'contracts/crowdfund/ETHCrowdfundBase.sol', 'ETHCrowdfundBase.maxTotalContributions'), ('SV', 'contracts/crowdfund/ETHCrowdfundBase.sol', 'ETHCrowdfundBase.minContribution')
 reader witnesses  -> 175
 storage exposures -> 1
[MV-SI candidate 8d39350d05494698eb0b] {_governanceValues, votingPowerByTokenId[$arg0]}
 writer root       -> contracts/crowdfund/ReraiseETHCrowdfund.sol::ReraiseETHCrowdfund.batchContribute(ReraiseETHCrowdfund.BatchContributeArgs)
 writer effect     -> contracts/party/PartyGovernanceNFT.sol:230
 written member    -> ('SV', 'contracts/party/PartyGovernance.sol', 'PartyGovernance._governanceValues')
 potentially stale -> ('MS', 'contracts/party/PartyGovernanceNFT.sol', 'PartyGovernanceNFT.votingPowerByTokenId', '$arg0')
 reader witnesses  -> 249
 storage exposures -> 1
[MV-SI candidate 8deaf57bd1578e9ae5b0] {maxTotalContributions, totalContributions}
 writer root       -> sol-tests/crowdfund/InitialETHCrowdfund.t.sol::InitialETHCrowdfundTest.test_initialization_cannotReinitialize()
 writer effect     -> contracts/crowdfund/ETHCrowdfundBase.sol:212
 written member    -> ('SV', 'contracts/crowdfund/ETHCrowdfundBase.sol', 'ETHCrowdfundBase.totalContributions')
 potentially stale -> ('SV', 'contracts/crowdfund/ETHCrowdfundBase.sol', 'ETHCrowdfundBase.maxTotalContributions')
 reader witnesses  -> 264
 storage exposures -> 1
[MV-SI candidate 8e07040a3e63c5d75f18] {minTotalContributions, totalContributions}
 writer root       -> sol-tests/crowdfund/InitialETHCrowdfund.t.sol::InitialETHCrowdfundTest.test_contribute_noContribution()
 writer effect     -> contracts/crowdfund/ETHCrowdfundBase.sol:212
 written member    -> ('SV', 'contracts/crowdfund/ETHCrowdfundBase.sol', 'ETHCrowdfundBase.totalContributions')
 potentially stale -> ('SV', 'contracts/crowdfund/ETHCrowdfundBase.sol', 'ETHCrowdfundBase.minTotalContributions')
 reader witnesses  -> 94
 storage exposures -> 1
[MV-SI candidate 8e1add4a4a20520bfc21] {exchangeRateBps, fundingSplitBps, maxTotalContributions, totalContributions}
 writer root       -> sol-tests/crowdfund/InitialETHCrowdfund.t.sol::InitialETHCrowdfundTest.test_contribute_cannotDelegateToZeroAddress()
 writer effect     -> contracts/crowdfund/ETHCrowdfundBase.sol:226
 written member    -> ('SV', 'contracts/crowdfund/ETHCrowdfundBase.sol', 'ETHCrowdfundBase.totalContributions')
 potentially stale -> ('SV', 'contracts/crowdfund/ETHCrowdfundBase.sol', 'ETHCrowdfundBase.exchangeRateBps'), ('SV', 'contracts/crowdfund/ETHCrowdfundBase.sol', 'ETHCrowdfundBase.fundingSplitBps'), ('SV', 'contracts/crowdfund/ETHCrowdfundBase.sol', 'ETHCrowdfundBase.maxTotalContributions')
 reader witnesses  -> 2219
 storage exposures -> 1
[MV-SI candidate 8e2fc470374b76e445a3] {exchangeRateBps, fundingSplitBps, maxTotalContributions, totalContributions}
 writer root       -> sol-tests/crowdfund/ReraiseETHCrowdfund.t.sol::ReraiseETHCrowdfundTest.test_crowdfundCardTokenURI_whileCrowdfundLost()
 writer effect     -> contracts/crowdfund/ETHCrowdfundBase.sol:226
 written member    -> ('SV', 'contracts/crowdfund/ETHCrowdfundBase.sol', 'ETHCrowdfundBase.totalContributions')
 potentially stale -> ('SV', 'contracts/crowdfund/ETHCrowdfundBase.sol', 'ETHCrowdfundBase.exchangeRateBps'), ('SV', 'contracts/crowdfund/ETHCrowdfundBase.sol', 'ETHCrowdfundBase.fundingSplitBps'), ('SV', 'contracts/crowdfund/ETHCrowdfundBase.sol', 'ETHCrowdfundBase.maxTotalContributions')
 reader witnesses  -> 2849
 storage exposures -> 1
[MV-SI candidate 8e3c2df97159f6765e66] {maxTotalContributions, totalContributions}
 writer root       -> contracts/crowdfund/InitialETHCrowdfund.sol::InitialETHCrowdfund.initialize(InitialETHCrowdfund.InitialETHCrowdfundOptions,InitialETHCrowdfund.ETHPartyOptions)
 writer effect     -> contracts/crowdfund/ETHCrowdfundBase.sol:226
 written member    -> ('SV', 'contracts/crowdfund/ETHCrowdfundBase.sol', 'ETHCrowdfundBase.totalContributions')
 potentially stale -> ('SV', 'contracts/crowdfund/ETHCrowdfundBase.sol', 'ETHCrowdfundBase.maxTotalContributions')
 reader witnesses  -> 264
 storage exposures -> 1
[MV-SI candidate 8e3f9dc22d1eae1c9131] {_governanceValues, mintedVotingPower}
 writer root       -> sol-tests/crowdfund/ReraiseETHCrowdfund.t.sol::ReraiseETHCrowdfundTest.test_contribute_noVotingPower()
 writer effect     -> contracts/party/PartyGovernanceNFT.sol:230
 written member    -> ('SV', 'contracts/party/PartyGovernance.sol', 'PartyGovernance._governanceValues')
 potentially stale -> ('SV', 'contracts/party/PartyGovernanceNFT.sol', 'PartyGovernanceNFT.mintedVotingPower')
 reader witnesses  -> 722
 storage exposures -> 1
[MV-SI candidate 8e9e074937e6655ff381] {_governanceValues, mintedVotingPower}
 writer root       -> sol-tests/crowdfund/ReraiseETHCrowdfund.t.sol::ReraiseETHCrowdfundTest.test_contribute_twiceDoesNotMintAnotherCrowdfundNFT()
 writer effect     -> contracts/party/PartyGovernanceNFT.sol:230
 written member    -> ('SV', 'contracts/party/PartyGovernance.sol', 'PartyGovernance._governanceValues')
 potentially stale -> ('SV', 'contracts/party/PartyGovernanceNFT.sol', 'PartyGovernanceNFT.mintedVotingPower')
 reader witnesses  -> 722
 storage exposures -> 1
[MV-SI candidate 8f2a297f676eb53501d0] {minTotalContributions, totalContributions}
 writer root       -> contracts/crowdfund/ReraiseETHCrowdfund.sol::ReraiseETHCrowdfund.initialize(ETHCrowdfundBase.ETHCrowdfundOptions)
 writer effect     -> contracts/crowdfund/ETHCrowdfundBase.sol:226
 written member    -> ('SV', 'contracts/crowdfund/ETHCrowdfundBase.sol', 'ETHCrowdfundBase.totalContributions')
 potentially stale -> ('SV', 'contracts/crowdfund/ETHCrowdfundBase.sol', 'ETHCrowdfundBase.minTotalContributions')
 reader witnesses  -> 118
 storage exposures -> 1
[MV-SI candidate 8f36234dadd3b736b27d] {_governanceValues, votingPowerByTokenId[$arg0]}
 writer root       -> contracts/crowdfund/ReraiseETHCrowdfund.sol::ReraiseETHCrowdfund.claimMultiple(uint96[],uint256[],address)
 writer effect     -> contracts/party/PartyGovernanceNFT.sol:219
 written member    -> ('MS', 'contracts/party/PartyGovernanceNFT.sol', 'PartyGovernanceNFT.votingPowerByTokenId', '$arg0')
 potentially stale -> ('SV', 'contracts/party/PartyGovernance.sol', 'PartyGovernance._governanceValues')
 reader witnesses  -> 891
 storage exposures -> 1
[MV-SI candidate 8f3e733cf1d72e655df9] {_governanceValues, mintedVotingPower}
 writer root       -> contracts/crowdfund/InitialETHCrowdfund.sol::InitialETHCrowdfund.initialize(InitialETHCrowdfund.InitialETHCrowdfundOptions,InitialETHCrowdfund.ETHPartyOptions)
 writer effect     -> contracts/party/PartyGovernanceNFT.sol:186
 written member    -> ('SV', 'contracts/party/PartyGovernanceNFT.sol', 'PartyGovernanceNFT.mintedVotingPower')
 potentially stale -> ('SV', 'contracts/party/PartyGovernance.sol', 'PartyGovernance._governanceValues')
 reader witnesses  -> 594
 storage exposures -> 1
[MV-SI candidate 8f6887fdf7ceda3ccc61] {maxTotalContributions, minContribution, totalContributions}
 writer root       -> sol-tests/crowdfund/ReraiseETHCrowdfund.t.sol::ReraiseETHCrowdfundTest.test_claim_aboveMax()
 writer effect     -> contracts/crowdfund/ETHCrowdfundBase.sol:212
 written member    -> ('SV', 'contracts/crowdfund/ETHCrowdfundBase.sol', 'ETHCrowdfundBase.totalContributions')
 potentially stale -> ('SV', 'contracts/crowdfund/ETHCrowdfundBase.sol', 'ETHCrowdfundBase.maxTotalContributions'), ('SV', 'contracts/crowdfund/ETHCrowdfundBase.sol', 'ETHCrowdfundBase.minContribution')
 reader witnesses  -> 220
 storage exposures -> 1
[MV-SI candidate 8fb4f5c1917345ff5c34] {_governanceValues, mintedVotingPower}
 writer root       -> sol-tests/crowdfund/InitialETHCrowdfund.t.sol::InitialETHCrowdfundTest.test_expiry_won()
 writer effect     -> contracts/party/PartyGovernanceNFT.sol:218
 written member    -> ('SV', 'contracts/party/PartyGovernanceNFT.sol', 'PartyGovernanceNFT.mintedVotingPower')
 potentially stale -> ('SV', 'contracts/party/PartyGovernance.sol', 'PartyGovernance._governanceValues')
 reader witnesses  -> 594
 storage exposures -> 1
[MV-SI candidate 8fec28e687d9f0d46aee] {maxTotalContributions, minContribution, totalContributions}
 writer root       -> sol-tests/crowdfund/ReraiseETHCrowdfund.t.sol::ReraiseETHCrowdfundTest.test_claimMultiple_cannotHaveRemainingVotingPowerAfterClaim()
 writer effect     -> contracts/crowdfund/ETHCrowdfundBase.sol:212
 written member    -> ('SV', 'contracts/crowdfund/ETHCrowdfundBase.sol', 'ETHCrowdfundBase.totalContributions')
 potentially stale -> ('SV', 'contracts/crowdfund/ETHCrowdfundBase.sol', 'ETHCrowdfundBase.maxTotalContributions'), ('SV', 'contracts/crowdfund/ETHCrowdfundBase.sol', 'ETHCrowdfundBase.minContribution')
 reader witnesses  -> 220
 storage exposures -> 1
[MV-SI candidate 9043907ab9d1f656ff33] {minTotalContributions, totalContributions}
 writer root       -> sol-tests/crowdfund/InitialETHCrowdfund.t.sol::InitialETHCrowdfundTest.test_contribute_gatekeeperChecksSender()
 writer effect     -> contracts/crowdfund/ETHCrowdfundBase.sol:212
 written member    -> ('SV', 'contracts/crowdfund/ETHCrowdfundBase.sol', 'ETHCrowdfundBase.totalContributions')
 potentially stale -> ('SV', 'contracts/crowdfund/ETHCrowdfundBase.sol', 'ETHCrowdfundBase.minTotalContributions')
 reader witnesses  -> 94
 storage exposures -> 1
[MV-SI candidate 9065cfded4f05df5f51f] {maxTotalContributions, totalContributions}
 writer root       -> sol-tests/crowdfund/InitialETHCrowdfund.t.sol::InitialETHCrowdfundTest.test_finalize_works()
 writer effect     -> contracts/crowdfund/ETHCrowdfundBase.sol:212
 written member    -> ('SV', 'contracts/crowdfund/ETHCrowdfundBase.sol', 'ETHCrowdfundBase.totalContributions')
 potentially stale -> ('SV', 'contracts/crowdfund/ETHCrowdfundBase.sol', 'ETHCrowdfundBase.maxTotalContributions')
 reader witnesses  -> 264
 storage exposures -> 1
[MV-SI candidate 907a101388e9c230969e] {_governanceValues, mintedVotingPower}
 writer root       -> sol-tests/crowdfund/InitialETHCrowdfund.t.sol::InitialETHCrowdfundTest.test_finalize_onlyHostCanFinalizeEarlyWhenActive()
 writer effect     -> contracts/party/PartyGovernanceNFT.sol:186
 written member    -> ('SV', 'contracts/party/PartyGovernanceNFT.sol', 'PartyGovernanceNFT.mintedVotingPower')
 potentially stale -> ('SV', 'contracts/party/PartyGovernance.sol', 'PartyGovernance._governanceValues')
 reader witnesses  -> 594
 storage exposures -> 1
[MV-SI candidate 90eb014bb6dd5ef060d6] {_governanceValues, isAuthority[$sender]}
 writer root       -> contracts/crowdfund/ReraiseETHCrowdfund.sol::ReraiseETHCrowdfund.initialize(ETHCrowdfundBase.ETHCrowdfundOptions)
 writer effect     -> contracts/party/PartyGovernanceNFT.sol:230
 written member    -> ('SV', 'contracts/party/PartyGovernance.sol', 'PartyGovernance._governanceValues')
 potentially stale -> ('MS', 'contracts/party/PartyGovernanceNFT.sol', 'PartyGovernanceNFT.isAuthority', '$sender')
 reader witnesses  -> 183
 storage exposures -> 1
[MV-SI candidate 90fa09d1b37396f55077] {_governanceValues, mintedVotingPower}
 writer root       -> sol-tests/crowdfund/InitialETHCrowdfund.t.sol::InitialETHCrowdfundTest.test_finalize_onlyHostCanFinalizeEarlyWhenActive()
 writer effect     -> contracts/party/PartyGovernanceNFT.sol:218
 written member    -> ('SV', 'contracts/party/PartyGovernanceNFT.sol', 'PartyGovernanceNFT.mintedVotingPower')
 potentially stale -> ('SV', 'contracts/party/PartyGovernance.sol', 'PartyGovernance._governanceValues')
 reader witnesses  -> 594
 storage exposures -> 1
[MV-SI candidate 916954249799207d698f] {_governanceValues, mintedVotingPower}
 writer root       -> sol-tests/crowdfund/InitialETHCrowdfund.t.sol::InitialETHCrowdfundTest.test_expiry_lost()
 writer effect     -> contracts/party/PartyGovernanceNFT.sol:186
 written member    -> ('SV', 'contracts/party/PartyGovernanceNFT.sol', 'PartyGovernanceNFT.mintedVotingPower')
 potentially stale -> ('SV', 'contracts/party/PartyGovernance.sol', 'PartyGovernance._governanceValues')
 reader witnesses  -> 594
 storage exposures -> 1
[MV-SI candidate 91cdb4e1976c7b2bb78f] {_governanceValues, mintedVotingPower}
 writer root       -> contracts/crowdfund/InitialETHCrowdfund.sol::InitialETHCrowdfund.contribute(address,bytes)
 writer effect     -> contracts/party/PartyGovernanceNFT.sol:186
 written member    -> ('SV', 'contracts/party/PartyGovernanceNFT.sol', 'PartyGovernanceNFT.mintedVotingPower')
 potentially stale -> ('SV', 'contracts/party/PartyGovernance.sol', 'PartyGovernance._governanceValues')
 reader witnesses  -> 594
 storage exposures -> 1
[MV-SI candidate 91dcaff12486f079a71b] {exchangeRateBps, fundingSplitBps, maxTotalContributions, totalContributions}
 writer root       -> sol-tests/crowdfund/InitialETHCrowdfund.t.sol::InitialETHCrowdfundTest.test_finalize_withFundingSplit()
 writer effect     -> contracts/crowdfund/ETHCrowdfundBase.sol:212
 written member    -> ('SV', 'contracts/crowdfund/ETHCrowdfundBase.sol', 'ETHCrowdfundBase.totalContributions')
 potentially stale -> ('SV', 'contracts/crowdfund/ETHCrowdfundBase.sol', 'ETHCrowdfundBase.exchangeRateBps'), ('SV', 'contracts/crowdfund/ETHCrowdfundBase.sol', 'ETHCrowdfundBase.fundingSplitBps'), ('SV', 'contracts/crowdfund/ETHCrowdfundBase.sol', 'ETHCrowdfundBase.maxTotalContributions')
 reader witnesses  -> 2219
 storage exposures -> 1
[MV-SI candidate 91eb720d09935d4043b5] {maxTotalContributions, minContribution, totalContributions}
 writer root       -> sol-tests/crowdfund/ReraiseETHCrowdfund.t.sol::ReraiseETHCrowdfundTest.test_fundingSplit_contributionAndRefund()
 writer effect     -> contracts/crowdfund/ETHCrowdfundBase.sol:226
 written member    -> ('SV', 'contracts/crowdfund/ETHCrowdfundBase.sol', 'ETHCrowdfundBase.totalContributions')
 potentially stale -> ('SV', 'contracts/crowdfund/ETHCrowdfundBase.sol', 'ETHCrowdfundBase.maxTotalContributions'), ('SV', 'contracts/crowdfund/ETHCrowdfundBase.sol', 'ETHCrowdfundBase.minContribution')
 reader witnesses  -> 220
 storage exposures -> 1
[MV-SI candidate 91fd38a548c5dc1e5c1e] {minTotalContributions, totalContributions}
 writer root       -> sol-tests/crowdfund/ReraiseETHCrowdfund.t.sol::ReraiseETHCrowdfundTest.test_contribute_noVotingPower()
 writer effect     -> contracts/crowdfund/ETHCrowdfundBase.sol:226
 written member    -> ('SV', 'contracts/crowdfund/ETHCrowdfundBase.sol', 'ETHCrowdfundBase.totalContributions')
 potentially stale -> ('SV', 'contracts/crowdfund/ETHCrowdfundBase.sol', 'ETHCrowdfundBase.minTotalContributions')
 reader witnesses  -> 118
 storage exposures -> 1
[MV-SI candidate 920b47a69d8812984185] {exchangeRateBps, fundingSplitBps, maxTotalContributions, totalContributions}
 writer root       -> contracts/crowdfund/ReraiseETHCrowdfund.sol::ReraiseETHCrowdfund.initialize(ETHCrowdfundBase.ETHCrowdfundOptions)
 writer effect     -> contracts/crowdfund/ETHCrowdfundBase.sol:148
 written member    -> ('SV', 'contracts/crowdfund/ETHCrowdfundBase.sol', 'ETHCrowdfundBase.exchangeRateBps')
 potentially stale -> ('SV', 'contracts/crowdfund/ETHCrowdfundBase.sol', 'ETHCrowdfundBase.fundingSplitBps'), ('SV', 'contracts/crowdfund/ETHCrowdfundBase.sol', 'ETHCrowdfundBase.maxTotalContributions'), ('SV', 'contracts/crowdfund/ETHCrowdfundBase.sol', 'ETHCrowdfundBase.totalContributions')
 reader witnesses  -> 2772
 storage exposures -> 1
[MV-SI candidate 92121f427f43ceade7d0] {maxTotalContributions, totalContributions}
 writer root       -> sol-tests/crowdfund/ReraiseETHCrowdfund.t.sol::ReraiseETHCrowdfundTest.test_contribute_works()
 writer effect     -> contracts/crowdfund/ETHCrowdfundBase.sol:212
 written member    -> ('SV', 'contracts/crowdfund/ETHCrowdfundBase.sol', 'ETHCrowdfundBase.totalContributions')
 potentially stale -> ('SV', 'contracts/crowdfund/ETHCrowdfundBase.sol', 'ETHCrowdfundBase.maxTotalContributions')
 reader witnesses  -> 324
 storage exposures -> 1
[MV-SI candidate 924165bd68244abbe6ae] {exchangeRateBps, fundingSplitBps, maxTotalContributions, totalContributions}
 writer root       -> sol-tests/crowdfund/InitialETHCrowdfund.t.sol::InitialETHCrowdfundTest.test_contributeFor_doesNotUpdateExistingDelegation()
 writer effect     -> contracts/crowdfund/ETHCrowdfundBase.sol:212
 written member    -> ('SV', 'contracts/crowdfund/ETHCrowdfundBase.sol', 'ETHCrowdfundBase.totalContributions')
 potentially stale -> ('SV', 'contracts/crowdfund/ETHCrowdfundBase.sol', 'ETHCrowdfundBase.exchangeRateBps'), ('SV', 'contracts/crowdfund/ETHCrowdfundBase.sol', 'ETHCrowdfundBase.fundingSplitBps'), ('SV', 'contracts/crowdfund/ETHCrowdfundBase.sol', 'ETHCrowdfundBase.maxTotalContributions')
 reader witnesses  -> 2219
 storage exposures -> 1
[MV-SI candidate 926dd1801d92126ec410] {_governanceValues, isAuthority[$sender]}
 writer root       -> sol-tests/crowdfund/InitialETHCrowdfund.t.sol::InitialETHCrowdfundTest.test_finalize_belowMinTotalContributions()
 writer effect     -> contracts/party/PartyGovernanceNFT.sol:230
 written member    -> ('SV', 'contracts/party/PartyGovernance.sol', 'PartyGovernance._governanceValues')
 potentially stale -> ('MS', 'contracts/party/PartyGovernanceNFT.sol', 'PartyGovernanceNFT.isAuthority', '$sender')
 reader witnesses  -> 183
 storage exposures -> 1
[MV-SI candidate 92e26e378e3c5d655b0f] {_governanceValues, isAuthority[$sender]}
 writer root       -> contracts/crowdfund/InitialETHCrowdfund.sol::InitialETHCrowdfund.refund(uint256)
 writer effect     -> contracts/party/PartyGovernanceNFT.sol:258
 written member    -> ('SV', 'contracts/party/PartyGovernance.sol', 'PartyGovernance._governanceValues')
 potentially stale -> ('MS', 'contracts/party/PartyGovernanceNFT.sol', 'PartyGovernanceNFT.isAuthority', '$sender')
 reader witnesses  -> 183
 storage exposures -> 1
[MV-SI candidate 92f13931493b843d0f5b] {maxTotalContributions, minContribution, totalContributions}
 writer root       -> sol-tests/crowdfund/ReraiseETHCrowdfund.t.sol::ReraiseETHCrowdfundTest.test_contribute_smallAmountWithFundingSplit()
 writer effect     -> contracts/crowdfund/ETHCrowdfundBase.sol:212
 written member    -> ('SV', 'contracts/crowdfund/ETHCrowdfundBase.sol', 'ETHCrowdfundBase.totalContributions')
 potentially stale -> ('SV', 'contracts/crowdfund/ETHCrowdfundBase.sol', 'ETHCrowdfundBase.maxTotalContributions'), ('SV', 'contracts/crowdfund/ETHCrowdfundBase.sol', 'ETHCrowdfundBase.minContribution')
 reader witnesses  -> 220
 storage exposures -> 1
[MV-SI candidate 92f579dc67515067ace4] {_governanceValues, mintedVotingPower}
 writer root       -> sol-tests/crowdfund/InitialETHCrowdfund.t.sol::InitialETHCrowdfundTest.test_sendFundingSplit_cannotSendIfNoFundingSplit()
 writer effect     -> contracts/party/PartyGovernanceNFT.sol:230
 written member    -> ('SV', 'contracts/party/PartyGovernance.sol', 'PartyGovernance._governanceValues')
 potentially stale -> ('SV', 'contracts/party/PartyGovernanceNFT.sol', 'PartyGovernanceNFT.mintedVotingPower')
 reader witnesses  -> 722
 storage exposures -> 1
[MV-SI candidate 938998ea650622d563fd] {exchangeRateBps, fundingSplitBps, maxTotalContributions, totalContributions}
 writer root       -> sol-tests/crowdfund/ReraiseETHCrowdfund.t.sol::ReraiseETHCrowdfundTest.test_crowdfundCardTokenURI_whileCrowdfundFinalized()
 writer effect     -> contracts/crowdfund/ETHCrowdfundBase.sol:226
 written member    -> ('SV', 'contracts/crowdfund/ETHCrowdfundBase.sol', 'ETHCrowdfundBase.totalContributions')
 potentially stale -> ('SV', 'contracts/crowdfund/ETHCrowdfundBase.sol', 'ETHCrowdfundBase.exchangeRateBps'), ('SV', 'contracts/crowdfund/ETHCrowdfundBase.sol', 'ETHCrowdfundBase.fundingSplitBps'), ('SV', 'contracts/crowdfund/ETHCrowdfundBase.sol', 'ETHCrowdfundBase.maxTotalContributions')
 reader witnesses  -> 2849
 storage exposures -> 1
[MV-SI candidate 93b0946fa6256acd7da5] {_governanceValues, isAuthority[$sender]}
 writer root       -> sol-tests/crowdfund/InitialETHCrowdfund.t.sol::InitialETHCrowdfundTest.test_sendFundingSplit_cannotSendTwice()
 writer effect     -> contracts/party/PartyGovernanceNFT.sol:230
 written member    -> ('SV', 'contracts/party/PartyGovernance.sol', 'PartyGovernance._governanceValues')
 potentially stale -> ('MS', 'contracts/party/PartyGovernanceNFT.sol', 'PartyGovernanceNFT.isAuthority', '$sender')
 reader witnesses  -> 183
 storage exposures -> 1
[MV-SI candidate 943a99109bdd5df2af92] {_governanceValues, votingPowerByTokenId[$arg0]}
 writer root       -> sol-tests/crowdfund/InitialETHCrowdfund.t.sol::InitialETHCrowdfundTest.test_finalize_works()
 writer effect     -> contracts/party/PartyGovernanceNFT.sol:219
 written member    -> ('MS', 'contracts/party/PartyGovernanceNFT.sol', 'PartyGovernanceNFT.votingPowerByTokenId', '$arg0')
 potentially stale -> ('SV', 'contracts/party/PartyGovernance.sol', 'PartyGovernance._governanceValues')
 reader witnesses  -> 891
 storage exposures -> 1
[MV-SI candidate 946345767cf5444f7c2d] {minTotalContributions, totalContributions}
 writer root       -> sol-tests/crowdfund/ReraiseETHCrowdfund.t.sol::ReraiseETHCrowdfundTest.test_batchRefund_works()
 writer effect     -> contracts/crowdfund/ETHCrowdfundBase.sol:212
 written member    -> ('SV', 'contracts/crowdfund/ETHCrowdfundBase.sol', 'ETHCrowdfundBase.totalContributions')
 potentially stale -> ('SV', 'contracts/crowdfund/ETHCrowdfundBase.sol', 'ETHCrowdfundBase.minTotalContributions')
 reader witnesses  -> 118
 storage exposures -> 1
[MV-SI candidate 949d21bc4e483f59c0e7] {maxTotalContributions, totalContributions}
 writer root       -> sol-tests/crowdfund/ReraiseETHCrowdfund.t.sol::ReraiseETHCrowdfundTest.test_crowdfundCardTokenURI_whileCrowdfundActive()
 writer effect     -> contracts/crowdfund/ETHCrowdfundBase.sol:212
 written member    -> ('SV', 'contracts/crowdfund/ETHCrowdfundBase.sol', 'ETHCrowdfundBase.totalContributions')
 potentially stale -> ('SV', 'contracts/crowdfund/ETHCrowdfundBase.sol', 'ETHCrowdfundBase.maxTotalContributions')
 reader witnesses  -> 324
 storage exposures -> 1
[MV-SI candidate 956859ada98bfaa08f81] {maxTotalContributions, minContribution, totalContributions}
 writer root       -> sol-tests/crowdfund/ReraiseETHCrowdfund.t.sol::ReraiseETHCrowdfundTest.test_crowdfundCardTokenURI_whileCrowdfundFinalized()
 writer effect     -> contracts/crowdfund/ETHCrowdfundBase.sol:212
 written member    -> ('SV', 'contracts/crowdfund/ETHCrowdfundBase.sol', 'ETHCrowdfundBase.totalContributions')
 potentially stale -> ('SV', 'contracts/crowdfund/ETHCrowdfundBase.sol', 'ETHCrowdfundBase.maxTotalContributions'), ('SV', 'contracts/crowdfund/ETHCrowdfundBase.sol', 'ETHCrowdfundBase.minContribution')
 reader witnesses  -> 220
 storage exposures -> 1
[MV-SI candidate 957fbc958ab1e182a7a3] {_governanceValues, mintedVotingPower}
 writer root       -> sol-tests/crowdfund/InitialETHCrowdfund.t.sol::InitialETHCrowdfundTest.test_sendFundingSplit_canOnlySendWhenFinalized()
 writer effect     -> contracts/party/PartyGovernanceNFT.sol:230
 written member    -> ('SV', 'contracts/party/PartyGovernance.sol', 'PartyGovernance._governanceValues')
 potentially stale -> ('SV', 'contracts/party/PartyGovernanceNFT.sol', 'PartyGovernanceNFT.mintedVotingPower')
 reader witnesses  -> 722
 storage exposures -> 1
[MV-SI candidate 95c16aae2f5f628e3314] {_governanceValues, mintedVotingPower}
 writer root       -> sol-tests/crowdfund/ReraiseETHCrowdfund.t.sol::ReraiseETHCrowdfundTest.test_finalize_anyoneCanFinalizeWhenExpired()
 writer effect     -> contracts/party/PartyGovernanceNFT.sol:230
 written member    -> ('SV', 'contracts/party/PartyGovernance.sol', 'PartyGovernance._governanceValues')
 potentially stale -> ('SV', 'contracts/party/PartyGovernanceNFT.sol', 'PartyGovernanceNFT.mintedVotingPower')
 reader witnesses  -> 722
 storage exposures -> 1
[MV-SI candidate 95ebf143c482b75d18d5] {_governanceValues, votingPowerByTokenId[$arg0]}
 writer root       -> sol-tests/crowdfund/ReraiseETHCrowdfund.t.sol::ReraiseETHCrowdfundTest.test_claimMultiple_votingPowerOfCardAboveMax()
 writer effect     -> contracts/party/PartyGovernanceNFT.sol:230
 written member    -> ('SV', 'contracts/party/PartyGovernance.sol', 'PartyGovernance._governanceValues')
 potentially stale -> ('MS', 'contracts/party/PartyGovernanceNFT.sol', 'PartyGovernanceNFT.votingPowerByTokenId', '$arg0')
 reader witnesses  -> 249
 storage exposures -> 1
[MV-SI candidate 95f565362933ee3bef71] {_governanceValues, isAuthority[$sender]}
 writer root       -> sol-tests/crowdfund/ReraiseETHCrowdfund.t.sol::ReraiseETHCrowdfundTest.test_batchClaimMultiple_works()
 writer effect     -> contracts/party/PartyGovernanceNFT.sol:230
 written member    -> ('SV', 'contracts/party/PartyGovernance.sol', 'PartyGovernance._governanceValues')
 potentially stale -> ('MS', 'contracts/party/PartyGovernanceNFT.sol', 'PartyGovernanceNFT.isAuthority', '$sender')
 reader witnesses  -> 183
 storage exposures -> 1
[MV-SI candidate 963f4eeddca905f41d3b] {maxTotalContributions, totalContributions}
 writer root       -> sol-tests/crowdfund/ReraiseETHCrowdfund.t.sol::ReraiseETHCrowdfundTest.test_contribute_aboveMaxTotalContribution()
 writer effect     -> contracts/crowdfund/ETHCrowdfundBase.sol:226
 written member    -> ('SV', 'contracts/crowdfund/ETHCrowdfundBase.sol', 'ETHCrowdfundBase.totalContributions')
 potentially stale -> ('SV', 'contracts/crowdfund/ETHCrowdfundBase.sol', 'ETHCrowdfundBase.maxTotalContributions')
 reader witnesses  -> 324
 storage exposures -> 1
[MV-SI candidate 96a0ba24e5e345258146] {minTotalContributions, totalContributions}
 writer root       -> sol-tests/crowdfund/ReraiseETHCrowdfund.t.sol::ReraiseETHCrowdfundTest.test_contribute_twiceDoesNotMintAnotherCrowdfundNFT()
 writer effect     -> contracts/crowdfund/ETHCrowdfundBase.sol:212
 written member    -> ('SV', 'contracts/crowdfund/ETHCrowdfundBase.sol', 'ETHCrowdfundBase.totalContributions')
 potentially stale -> ('SV', 'contracts/crowdfund/ETHCrowdfundBase.sol', 'ETHCrowdfundBase.minTotalContributions')
 reader witnesses  -> 118
 storage exposures -> 1
[MV-SI candidate 96b9e980e3f793eb06d9] {_governanceValues, mintedVotingPower}
 writer root       -> contracts/crowdfund/InitialETHCrowdfund.sol::InitialETHCrowdfund.batchContribute(InitialETHCrowdfund.BatchContributeArgs)
 writer effect     -> contracts/party/PartyGovernanceNFT.sol:218
 written member    -> ('SV', 'contracts/party/PartyGovernanceNFT.sol', 'PartyGovernanceNFT.mintedVotingPower')
 potentially stale -> ('SV', 'contracts/party/PartyGovernance.sol', 'PartyGovernance._governanceValues')
 reader witnesses  -> 594
 storage exposures -> 1
[MV-SI candidate 96fc8016deaec0896a5f] {_governanceValues, mintedVotingPower}
 writer root       -> sol-tests/crowdfund/InitialETHCrowdfund.t.sol::InitialETHCrowdfundTest.test_finalize_anyoneCanFinalizeWhenExpired()
 writer effect     -> contracts/party/PartyGovernanceNFT.sol:218
 written member    -> ('SV', 'contracts/party/PartyGovernanceNFT.sol', 'PartyGovernanceNFT.mintedVotingPower')
 potentially stale -> ('SV', 'contracts/party/PartyGovernance.sol', 'PartyGovernance._governanceValues')
 reader witnesses  -> 594
 storage exposures -> 1
[MV-SI candidate 975fc6b9e7eba7ddf807] {exchangeRateBps, fundingSplitBps, maxTotalContributions, totalContributions}
 writer root       -> sol-tests/crowdfund/ReraiseETHCrowdfund.t.sol::ReraiseETHCrowdfundTest.test_batchRefund_works()
 writer effect     -> contracts/crowdfund/ETHCrowdfundBase.sol:212
 written member    -> ('SV', 'contracts/crowdfund/ETHCrowdfundBase.sol', 'ETHCrowdfundBase.totalContributions')
 potentially stale -> ('SV', 'contracts/crowdfund/ETHCrowdfundBase.sol', 'ETHCrowdfundBase.exchangeRateBps'), ('SV', 'contracts/crowdfund/ETHCrowdfundBase.sol', 'ETHCrowdfundBase.fundingSplitBps'), ('SV', 'contracts/crowdfund/ETHCrowdfundBase.sol', 'ETHCrowdfundBase.maxTotalContributions')
 reader witnesses  -> 2849
 storage exposures -> 1
[MV-SI candidate 97d2475a8e0aebae9d3f] {exchangeRateBps, fundingSplitBps, maxTotalContributions, totalContributions}
 writer root       -> contracts/crowdfund/ReraiseETHCrowdfund.sol::ReraiseETHCrowdfund.contribute(address,bytes)
 writer effect     -> contracts/crowdfund/ETHCrowdfundBase.sol:212
 written member    -> ('SV', 'contracts/crowdfund/ETHCrowdfundBase.sol', 'ETHCrowdfundBase.totalContributions')
 potentially stale -> ('SV', 'contracts/crowdfund/ETHCrowdfundBase.sol', 'ETHCrowdfundBase.exchangeRateBps'), ('SV', 'contracts/crowdfund/ETHCrowdfundBase.sol', 'ETHCrowdfundBase.fundingSplitBps'), ('SV', 'contracts/crowdfund/ETHCrowdfundBase.sol', 'ETHCrowdfundBase.maxTotalContributions')
 reader witnesses  -> 2849
 storage exposures -> 1
[MV-SI candidate 97de4feb4f8db22e16bb] {exchangeRateBps, fundingSplitBps, maxTotalContributions, totalContributions}
 writer root       -> sol-tests/crowdfund/InitialETHCrowdfund.t.sol::InitialETHCrowdfundTest.test_partyCardTokenURI_whileCrowdfundActive()
 writer effect     -> contracts/crowdfund/ETHCrowdfundBase.sol:212
 written member    -> ('SV', 'contracts/crowdfund/ETHCrowdfundBase.sol', 'ETHCrowdfundBase.totalContributions')
 potentially stale -> ('SV', 'contracts/crowdfund/ETHCrowdfundBase.sol', 'ETHCrowdfundBase.exchangeRateBps'), ('SV', 'contracts/crowdfund/ETHCrowdfundBase.sol', 'ETHCrowdfundBase.fundingSplitBps'), ('SV', 'contracts/crowdfund/ETHCrowdfundBase.sol', 'ETHCrowdfundBase.maxTotalContributions')
 reader witnesses  -> 2219
 storage exposures -> 1
[MV-SI candidate 9807cae6afe388fd3a7c] {_governanceValues, isAuthority[$sender]}
 writer root       -> sol-tests/crowdfund/ReraiseETHCrowdfund.t.sol::ReraiseETHCrowdfundTest.test_contribute_aboveMaxTotalContribution()
 writer effect     -> contracts/party/PartyGovernanceNFT.sol:230
 written member    -> ('SV', 'contracts/party/PartyGovernance.sol', 'PartyGovernance._governanceValues')
 potentially stale -> ('MS', 'contracts/party/PartyGovernanceNFT.sol', 'PartyGovernanceNFT.isAuthority', '$sender')
 reader witnesses  -> 183
 storage exposures -> 1
[MV-SI candidate 982ff32c03f862e863c3] {exchangeRateBps, fundingSplitBps, maxTotalContributions, totalContributions}
 writer root       -> sol-tests/crowdfund/InitialETHCrowdfund.t.sol::InitialETHCrowdfundTest.test_contribute_noContribution()
 writer effect     -> contracts/crowdfund/ETHCrowdfundBase.sol:226
 written member    -> ('SV', 'contracts/crowdfund/ETHCrowdfundBase.sol', 'ETHCrowdfundBase.totalContributions')
 potentially stale -> ('SV', 'contracts/crowdfund/ETHCrowdfundBase.sol', 'ETHCrowdfundBase.exchangeRateBps'), ('SV', 'contracts/crowdfund/ETHCrowdfundBase.sol', 'ETHCrowdfundBase.fundingSplitBps'), ('SV', 'contracts/crowdfund/ETHCrowdfundBase.sol', 'ETHCrowdfundBase.maxTotalContributions')
 reader witnesses  -> 2219
 storage exposures -> 1
[MV-SI candidate 98a13e2dc1b905714a85] {minTotalContributions, totalContributions}
 writer root       -> contracts/crowdfund/ReraiseETHCrowdfund.sol::ReraiseETHCrowdfund.initialize(ETHCrowdfundBase.ETHCrowdfundOptions)
 writer effect     -> contracts/crowdfund/ETHCrowdfundBase.sol:133
 written member    -> ('SV', 'contracts/crowdfund/ETHCrowdfundBase.sol', 'ETHCrowdfundBase.minTotalContributions')
 potentially stale -> ('SV', 'contracts/crowdfund/ETHCrowdfundBase.sol', 'ETHCrowdfundBase.totalContributions')
 reader witnesses  -> 222
 storage exposures -> 1
[MV-SI candidate 98c225834c83892ca95a] {minTotalContributions, totalContributions}
 writer root       -> sol-tests/crowdfund/InitialETHCrowdfund.t.sol::InitialETHCrowdfundTest.test_contribute_aboveMaxContribution()
 writer effect     -> contracts/crowdfund/ETHCrowdfundBase.sol:226
 written member    -> ('SV', 'contracts/crowdfund/ETHCrowdfundBase.sol', 'ETHCrowdfundBase.totalContributions')
 potentially stale -> ('SV', 'contracts/crowdfund/ETHCrowdfundBase.sol', 'ETHCrowdfundBase.minTotalContributions')
 reader witnesses  -> 94
 storage exposures -> 1
[MV-SI candidate 98e958677e508c80c6e9] {maxTotalContributions, minContribution, totalContributions}
 writer root       -> sol-tests/crowdfund/ReraiseETHCrowdfund.t.sol::ReraiseETHCrowdfundTest.test_claim_mintNewCard_withDisableContributingForExistingCard()
 writer effect     -> contracts/crowdfund/ETHCrowdfundBase.sol:226
 written member    -> ('SV', 'contracts/crowdfund/ETHCrowdfundBase.sol', 'ETHCrowdfundBase.totalContributions')
 potentially stale -> ('SV', 'contracts/crowdfund/ETHCrowdfundBase.sol', 'ETHCrowdfundBase.maxTotalContributions'), ('SV', 'contracts/crowdfund/ETHCrowdfundBase.sol', 'ETHCrowdfundBase.minContribution')
 reader witnesses  -> 220
 storage exposures -> 1
[MV-SI candidate 991a910dd0840a5c28f6] {_governanceValues, isAuthority[$sender]}
 writer root       -> sol-tests/crowdfund/InitialETHCrowdfund.t.sol::InitialETHCrowdfundTest.test_contribute_aboveMaxContribution()
 writer effect     -> contracts/party/PartyGovernanceNFT.sol:230
 written member    -> ('SV', 'contracts/party/PartyGovernance.sol', 'PartyGovernance._governanceValues')
 potentially stale -> ('MS', 'contracts/party/PartyGovernanceNFT.sol', 'PartyGovernanceNFT.isAuthority', '$sender')
 reader witnesses  -> 183
 storage exposures -> 1
[MV-SI candidate 992e637b904a495a4e30] {maxTotalContributions, totalContributions}
 writer root       -> sol-tests/crowdfund/ReraiseETHCrowdfund.t.sol::ReraiseETHCrowdfundTest.test_contribute_works()
 writer effect     -> contracts/crowdfund/ETHCrowdfundBase.sol:226
 written member    -> ('SV', 'contracts/crowdfund/ETHCrowdfundBase.sol', 'ETHCrowdfundBase.totalContributions')
 potentially stale -> ('SV', 'contracts/crowdfund/ETHCrowdfundBase.sol', 'ETHCrowdfundBase.maxTotalContributions')
 reader witnesses  -> 324
 storage exposures -> 1
[MV-SI candidate 99331a214348cb6d3023] {_governanceValues, isAuthority[$sender]}
 writer root       -> sol-tests/crowdfund/InitialETHCrowdfund.t.sol::InitialETHCrowdfundTest.test_contribute_gatekeeperChecksSender()
 writer effect     -> contracts/party/PartyGovernanceNFT.sol:230
 written member    -> ('SV', 'contracts/party/PartyGovernance.sol', 'PartyGovernance._governanceValues')
 potentially stale -> ('MS', 'contracts/party/PartyGovernanceNFT.sol', 'PartyGovernanceNFT.isAuthority', '$sender')
 reader witnesses  -> 183
 storage exposures -> 1
[MV-SI candidate 99a45f45fdb481e16441] {minTotalContributions, totalContributions}
 writer root       -> sol-tests/crowdfund/ReraiseETHCrowdfund.t.sol::ReraiseETHCrowdfundTest.test_contribute_belowMinContribution()
 writer effect     -> contracts/crowdfund/ETHCrowdfundBase.sol:226
 written member    -> ('SV', 'contracts/crowdfund/ETHCrowdfundBase.sol', 'ETHCrowdfundBase.totalContributions')
 potentially stale -> ('SV', 'contracts/crowdfund/ETHCrowdfundBase.sol', 'ETHCrowdfundBase.minTotalContributions')
 reader witnesses  -> 118
 storage exposures -> 1
[MV-SI candidate 99b7e22ddd5388a69a76] {exchangeRateBps, fundingSplitBps, maxTotalContributions, totalContributions}
 writer root       -> sol-tests/crowdfund/ReraiseETHCrowdfund.t.sol::ReraiseETHCrowdfundTest.test_contribute_noVotingPower()
 writer effect     -> contracts/crowdfund/ETHCrowdfundBase.sol:226
 written member    -> ('SV', 'contracts/crowdfund/ETHCrowdfundBase.sol', 'ETHCrowdfundBase.totalContributions')
 potentially stale -> ('SV', 'contracts/crowdfund/ETHCrowdfundBase.sol', 'ETHCrowdfundBase.exchangeRateBps'), ('SV', 'contracts/crowdfund/ETHCrowdfundBase.sol', 'ETHCrowdfundBase.fundingSplitBps'), ('SV', 'contracts/crowdfund/ETHCrowdfundBase.sol', 'ETHCrowdfundBase.maxTotalContributions')
 reader witnesses  -> 2849
 storage exposures -> 1
[MV-SI candidate 99b8a691767d68178147] {maxTotalContributions, minContribution, totalContributions}
 writer root       -> sol-tests/crowdfund/InitialETHCrowdfund.t.sol::InitialETHCrowdfundTest.test_contribute_aboveMaxTotalContribution()
 writer effect     -> contracts/crowdfund/ETHCrowdfundBase.sol:212
 written member    -> ('SV', 'contracts/crowdfund/ETHCrowdfundBase.sol', 'ETHCrowdfundBase.totalContributions')
 potentially stale -> ('SV', 'contracts/crowdfund/ETHCrowdfundBase.sol', 'ETHCrowdfundBase.maxTotalContributions'), ('SV', 'contracts/crowdfund/ETHCrowdfundBase.sol', 'ETHCrowdfundBase.minContribution')
 reader witnesses  -> 175
 storage exposures -> 1
[MV-SI candidate 99d3392223846287d779] {minTotalContributions, totalContributions}
 writer root       -> contracts/crowdfund/InitialETHCrowdfund.sol::InitialETHCrowdfund.initialize(InitialETHCrowdfund.InitialETHCrowdfundOptions,InitialETHCrowdfund.ETHPartyOptions)
 writer effect     -> contracts/crowdfund/ETHCrowdfundBase.sol:133
 written member    -> ('SV', 'contracts/crowdfund/ETHCrowdfundBase.sol', 'ETHCrowdfundBase.minTotalContributions')
 potentially stale -> ('SV', 'contracts/crowdfund/ETHCrowdfundBase.sol', 'ETHCrowdfundBase.totalContributions')
 reader witnesses  -> 180
 storage exposures -> 1
[MV-SI candidate 9a0026853cba4dfcaa64] {maxTotalContributions, minContribution, totalContributions}
 writer root       -> sol-tests/crowdfund/ReraiseETHCrowdfund.t.sol::ReraiseETHCrowdfundTest.test_sendFundingSplit_cannotSendIfNoFundingSplit()
 writer effect     -> contracts/crowdfund/ETHCrowdfundBase.sol:212
 written member    -> ('SV', 'contracts/crowdfund/ETHCrowdfundBase.sol', 'ETHCrowdfundBase.totalContributions')
 potentially stale -> ('SV', 'contracts/crowdfund/ETHCrowdfundBase.sol', 'ETHCrowdfundBase.maxTotalContributions'), ('SV', 'contracts/crowdfund/ETHCrowdfundBase.sol', 'ETHCrowdfundBase.minContribution')
 reader witnesses  -> 220
 storage exposures -> 1
[MV-SI candidate 9a2909a8cc920bff1e3c] {_governanceValues, mintedVotingPower}
 writer root       -> sol-tests/crowdfund/InitialETHCrowdfund.t.sol::InitialETHCrowdfundTest.test_sendFundingSplit_cannotSendTwice()
 writer effect     -> contracts/party/PartyGovernanceNFT.sol:230
 written member    -> ('SV', 'contracts/party/PartyGovernance.sol', 'PartyGovernance._governanceValues')
 potentially stale -> ('SV', 'contracts/party/PartyGovernanceNFT.sol', 'PartyGovernanceNFT.mintedVotingPower')
 reader witnesses  -> 722
 storage exposures -> 1
[MV-SI candidate 9a30790af8d740087a46] {_governanceValues, mintedVotingPower}
 writer root       -> sol-tests/party/PartyGovernanceNFT.t.sol::PartyGovernanceNFTTest.testBurn_revertsIfNotCalledByOwnerOrApproved()
 writer effect     -> contracts/party/PartyGovernanceNFT.sol:186
 written member    -> ('SV', 'contracts/party/PartyGovernanceNFT.sol', 'PartyGovernanceNFT.mintedVotingPower')
 potentially stale -> ('SV', 'contracts/party/PartyGovernance.sol', 'PartyGovernance._governanceValues')
 reader witnesses  -> 594
 storage exposures -> 1
[MV-SI candidate 9a4d924f8c98e4580988] {minTotalContributions, totalContributions}
 writer root       -> sol-tests/crowdfund/InitialETHCrowdfund.t.sol::InitialETHCrowdfundTest.test_finalize_withFundingSplit()
 writer effect     -> contracts/crowdfund/ETHCrowdfundBase.sol:226
 written member    -> ('SV', 'contracts/crowdfund/ETHCrowdfundBase.sol', 'ETHCrowdfundBase.totalContributions')
 potentially stale -> ('SV', 'contracts/crowdfund/ETHCrowdfundBase.sol', 'ETHCrowdfundBase.minTotalContributions')
 reader witnesses  -> 94
 storage exposures -> 1
[MV-SI candidate 9a7bfa881f5ceaffc599] {_governanceValues, mintedVotingPower}
 writer root       -> sol-tests/party/PartyGovernanceNFT.t.sol::PartyGovernanceNFTTest.testRageQuit_revertsIfNotOwner()
 writer effect     -> contracts/party/PartyGovernanceNFT.sol:186
 written member    -> ('SV', 'contracts/party/PartyGovernanceNFT.sol', 'PartyGovernanceNFT.mintedVotingPower')
 potentially stale -> ('SV', 'contracts/party/PartyGovernance.sol', 'PartyGovernance._governanceValues')
 reader witnesses  -> 594
 storage exposures -> 1
[MV-SI candidate 9a858a60901c7f5b9b09] {_governanceValues, isAuthority[$sender]}
 writer root       -> sol-tests/crowdfund/ReraiseETHCrowdfund.t.sol::ReraiseETHCrowdfundTest.test_contribute_aboveMaxTotalContributionWhenWhenContributionBelowMinContributionAfterRefund()
 writer effect     -> contracts/party/PartyGovernanceNFT.sol:230
 written member    -> ('SV', 'contracts/party/PartyGovernance.sol', 'PartyGovernance._governanceValues')
 potentially stale -> ('MS', 'contracts/party/PartyGovernanceNFT.sol', 'PartyGovernanceNFT.isAuthority', '$sender')
 reader witnesses  -> 183
 storage exposures -> 1
[MV-SI candidate 9aaf93e372ac5f606ada] {exchangeRateBps, fundingSplitBps, maxTotalContributions, totalContributions}
 writer root       -> sol-tests/crowdfund/InitialETHCrowdfund.t.sol::InitialETHCrowdfundTest.test_contribute_afterLost()
 writer effect     -> contracts/crowdfund/ETHCrowdfundBase.sol:212
 written member    -> ('SV', 'contracts/crowdfund/ETHCrowdfundBase.sol', 'ETHCrowdfundBase.totalContributions')
 potentially stale -> ('SV', 'contracts/crowdfund/ETHCrowdfundBase.sol', 'ETHCrowdfundBase.exchangeRateBps'), ('SV', 'contracts/crowdfund/ETHCrowdfundBase.sol', 'ETHCrowdfundBase.fundingSplitBps'), ('SV', 'contracts/crowdfund/ETHCrowdfundBase.sol', 'ETHCrowdfundBase.maxTotalContributions')
 reader witnesses  -> 2219
 storage exposures -> 1
[MV-SI candidate 9ac7b136e75e4faee42c] {maxTotalContributions, minContribution, totalContributions}
 writer root       -> sol-tests/crowdfund/ReraiseETHCrowdfund.t.sol::ReraiseETHCrowdfundTest.test_contribute_cannotDelegateToZeroAddress()
 writer effect     -> contracts/crowdfund/ETHCrowdfundBase.sol:212
 written member    -> ('SV', 'contracts/crowdfund/ETHCrowdfundBase.sol', 'ETHCrowdfundBase.totalContributions')
 potentially stale -> ('SV', 'contracts/crowdfund/ETHCrowdfundBase.sol', 'ETHCrowdfundBase.maxTotalContributions'), ('SV', 'contracts/crowdfund/ETHCrowdfundBase.sol', 'ETHCrowdfundBase.minContribution')
 reader witnesses  -> 220
 storage exposures -> 1
[MV-SI candidate 9ae361517260a421dac1] {exchangeRateBps, fundingSplitBps, maxTotalContributions, totalContributions}
 writer root       -> sol-tests/crowdfund/InitialETHCrowdfund.t.sol::InitialETHCrowdfundTest.test_contribute_addVotingPowerToExistingCard()
 writer effect     -> contracts/crowdfund/ETHCrowdfundBase.sol:212
 written member    -> ('SV', 'contracts/crowdfund/ETHCrowdfundBase.sol', 'ETHCrowdfundBase.totalContributions')
 potentially stale -> ('SV', 'contracts/crowdfund/ETHCrowdfundBase.sol', 'ETHCrowdfundBase.exchangeRateBps'), ('SV', 'contracts/crowdfund/ETHCrowdfundBase.sol', 'ETHCrowdfundBase.fundingSplitBps'), ('SV', 'contracts/crowdfund/ETHCrowdfundBase.sol', 'ETHCrowdfundBase.maxTotalContributions')
 reader witnesses  -> 2219
 storage exposures -> 1
[MV-SI candidate 9af18841a5be0a5ad44c] {exchangeRateBps, fundingSplitBps, maxTotalContributions, totalContributions}
 writer root       -> sol-tests/crowdfund/InitialETHCrowdfund.t.sol::InitialETHCrowdfundTest.test_partyCardTokenURI_whileCrowdfundWon()
 writer effect     -> contracts/crowdfund/ETHCrowdfundBase.sol:226
 written member    -> ('SV', 'contracts/crowdfund/ETHCrowdfundBase.sol', 'ETHCrowdfundBase.totalContributions')
 potentially stale -> ('SV', 'contracts/crowdfund/ETHCrowdfundBase.sol', 'ETHCrowdfundBase.exchangeRateBps'), ('SV', 'contracts/crowdfund/ETHCrowdfundBase.sol', 'ETHCrowdfundBase.fundingSplitBps'), ('SV', 'contracts/crowdfund/ETHCrowdfundBase.sol', 'ETHCrowdfundBase.maxTotalContributions')
 reader witnesses  -> 2219
 storage exposures -> 1
[MV-SI candidate 9afecb02e95d4cc936ab] {_governanceValues, isAuthority[$sender]}
 writer root       -> sol-tests/crowdfund/InitialETHCrowdfund.t.sol::InitialETHCrowdfundTest.test_contribute_noContribution()
 writer effect     -> contracts/party/PartyGovernanceNFT.sol:230
 written member    -> ('SV', 'contracts/party/PartyGovernance.sol', 'PartyGovernance._governanceValues')
 potentially stale -> ('MS', 'contracts/party/PartyGovernanceNFT.sol', 'PartyGovernanceNFT.isAuthority', '$sender')
 reader witnesses  -> 183
 storage exposures -> 1
[MV-SI candidate 9b11c589a9fa52939261] {_governanceValues, mintedVotingPower}
 writer root       -> sol-tests/party/PartyGovernanceNFT.t.sol::PartyGovernanceNFTTest.testRageQuit_expiredRageQuitTimestamp()
 writer effect     -> contracts/party/PartyGovernanceNFT.sol:258
 written member    -> ('SV', 'contracts/party/PartyGovernance.sol', 'PartyGovernance._governanceValues')
 potentially stale -> ('SV', 'contracts/party/PartyGovernanceNFT.sol', 'PartyGovernanceNFT.mintedVotingPower')
 reader witnesses  -> 722
 storage exposures -> 1
[MV-SI candidate 9b4be5c0a07ae7c2f2b1] {maxTotalContributions, minContribution, totalContributions}
 writer root       -> contracts/crowdfund/InitialETHCrowdfund.sol::InitialETHCrowdfund.contribute(address,bytes)
 writer effect     -> contracts/crowdfund/ETHCrowdfundBase.sol:226
 written member    -> ('SV', 'contracts/crowdfund/ETHCrowdfundBase.sol', 'ETHCrowdfundBase.totalContributions')
 potentially stale -> ('SV', 'contracts/crowdfund/ETHCrowdfundBase.sol', 'ETHCrowdfundBase.maxTotalContributions'), ('SV', 'contracts/crowdfund/ETHCrowdfundBase.sol', 'ETHCrowdfundBase.minContribution')
 reader witnesses  -> 175
 storage exposures -> 1
[MV-SI candidate 9b890b498a5c346b52d4] {exchangeRateBps, fundingSplitBps, maxTotalContributions, totalContributions}
 writer root       -> sol-tests/crowdfund/InitialETHCrowdfund.t.sol::InitialETHCrowdfundTest.test_batchContribute_works()
 writer effect     -> contracts/crowdfund/ETHCrowdfundBase.sol:212
 written member    -> ('SV', 'contracts/crowdfund/ETHCrowdfundBase.sol', 'ETHCrowdfundBase.totalContributions')
 potentially stale -> ('SV', 'contracts/crowdfund/ETHCrowdfundBase.sol', 'ETHCrowdfundBase.exchangeRateBps'), ('SV', 'contracts/crowdfund/ETHCrowdfundBase.sol', 'ETHCrowdfundBase.fundingSplitBps'), ('SV', 'contracts/crowdfund/ETHCrowdfundBase.sol', 'ETHCrowdfundBase.maxTotalContributions')
 reader witnesses  -> 2219
 storage exposures -> 1
[MV-SI candidate 9c02bced772e21cae0e0] {exchangeRateBps, fundingSplitBps, maxTotalContributions, totalContributions}
 writer root       -> contracts/crowdfund/ReraiseETHCrowdfund.sol::ReraiseETHCrowdfund.contributeFor(address,address,bytes)
 writer effect     -> contracts/crowdfund/ETHCrowdfundBase.sol:226
 written member    -> ('SV', 'contracts/crowdfund/ETHCrowdfundBase.sol', 'ETHCrowdfundBase.totalContributions')
 potentially stale -> ('SV', 'contracts/crowdfund/ETHCrowdfundBase.sol', 'ETHCrowdfundBase.exchangeRateBps'), ('SV', 'contracts/crowdfund/ETHCrowdfundBase.sol', 'ETHCrowdfundBase.fundingSplitBps'), ('SV', 'contracts/crowdfund/ETHCrowdfundBase.sol', 'ETHCrowdfundBase.maxTotalContributions')
 reader witnesses  -> 2849
 storage exposures -> 1
[MV-SI candidate 9c0ec667d2a5c9edbc2c] {exchangeRateBps, fundingSplitBps, maxTotalContributions, totalContributions}
 writer root       -> sol-tests/crowdfund/ReraiseETHCrowdfund.t.sol::ReraiseETHCrowdfundTest.test_contribute_works()
 writer effect     -> contracts/crowdfund/ETHCrowdfundBase.sol:226
 written member    -> ('SV', 'contracts/crowdfund/ETHCrowdfundBase.sol', 'ETHCrowdfundBase.totalContributions')
 potentially stale -> ('SV', 'contracts/crowdfund/ETHCrowdfundBase.sol', 'ETHCrowdfundBase.exchangeRateBps'), ('SV', 'contracts/crowdfund/ETHCrowdfundBase.sol', 'ETHCrowdfundBase.fundingSplitBps'), ('SV', 'contracts/crowdfund/ETHCrowdfundBase.sol', 'ETHCrowdfundBase.maxTotalContributions')
 reader witnesses  -> 2849
 storage exposures -> 1
[MV-SI candidate 9c1480bba66d5d3699fe] {_governanceValues, mintedVotingPower}
 writer root       -> sol-tests/crowdfund/InitialETHCrowdfund.t.sol::InitialETHCrowdfundTest.test_contribute_aboveMaxTotalContributionWhenWhenContributionBelowMinContributionAfterRefund()
 writer effect     -> contracts/party/PartyGovernanceNFT.sol:230
 written member    -> ('SV', 'contracts/party/PartyGovernance.sol', 'PartyGovernance._governanceValues')
 potentially stale -> ('SV', 'contracts/party/PartyGovernanceNFT.sol', 'PartyGovernanceNFT.mintedVotingPower')
 reader witnesses  -> 722
 storage exposures -> 1
[MV-SI candidate 9c15d641d2494ce475fb] {_governanceValues, votingPowerByTokenId[$arg0]}
 writer root       -> sol-tests/crowdfund/InitialETHCrowdfund.t.sol::InitialETHCrowdfundTest.test_contribute_aboveMaxContribution()
 writer effect     -> contracts/party/PartyGovernanceNFT.sol:219
 written member    -> ('MS', 'contracts/party/PartyGovernanceNFT.sol', 'PartyGovernanceNFT.votingPowerByTokenId', '$arg0')
 potentially stale -> ('SV', 'contracts/party/PartyGovernance.sol', 'PartyGovernance._governanceValues')
 reader witnesses  -> 891
 storage exposures -> 1
[MV-SI candidate 9c31614ddcf3ea8683c4] {_governanceValues, mintedVotingPower}
 writer root       -> sol-tests/crowdfund/InitialETHCrowdfund.t.sol::InitialETHCrowdfundTest.test_contribute_aboveMaxTotalContribution()
 writer effect     -> contracts/party/PartyGovernanceNFT.sol:186
 written member    -> ('SV', 'contracts/party/PartyGovernanceNFT.sol', 'PartyGovernanceNFT.mintedVotingPower')
 potentially stale -> ('SV', 'contracts/party/PartyGovernance.sol', 'PartyGovernance._governanceValues')
 reader witnesses  -> 594
 storage exposures -> 1
[MV-SI candidate 9c674f4839e9ea1b5e28] {maxTotalContributions, totalContributions}
 writer root       -> sol-tests/crowdfund/InitialETHCrowdfund.t.sol::InitialETHCrowdfundTest.test_sendFundingSplit_canOnlySendWhenFinalized()
 writer effect     -> contracts/crowdfund/ETHCrowdfundBase.sol:212
 written member    -> ('SV', 'contracts/crowdfund/ETHCrowdfundBase.sol', 'ETHCrowdfundBase.totalContributions')
 potentially stale -> ('SV', 'contracts/crowdfund/ETHCrowdfundBase.sol', 'ETHCrowdfundBase.maxTotalContributions')
 reader witnesses  -> 264
 storage exposures -> 1
[MV-SI candidate 9c87f68b66a105666f7e] {_governanceValues, isAuthority[$sender]}
 writer root       -> sol-tests/party/PartyGovernanceNFT.t.sol::PartyGovernanceNFTTest.testBurn()
 writer effect     -> contracts/party/PartyGovernanceNFT.sol:258
 written member    -> ('SV', 'contracts/party/PartyGovernance.sol', 'PartyGovernance._governanceValues')
 potentially stale -> ('MS', 'contracts/party/PartyGovernanceNFT.sol', 'PartyGovernanceNFT.isAuthority', '$sender')
 reader witnesses  -> 183
 storage exposures -> 1
[MV-SI candidate 9cd4db016437b202364f] {_governanceValues, votingPowerByTokenId[$arg0]}
 writer root       -> sol-tests/crowdfund/ReraiseETHCrowdfund.t.sol::ReraiseETHCrowdfundTest.test_claimMultiple_works()
 writer effect     -> contracts/party/PartyGovernanceNFT.sol:219
 written member    -> ('MS', 'contracts/party/PartyGovernanceNFT.sol', 'PartyGovernanceNFT.votingPowerByTokenId', '$arg0')
 potentially stale -> ('SV', 'contracts/party/PartyGovernance.sol', 'PartyGovernance._governanceValues')
 reader witnesses  -> 891
 storage exposures -> 1
[MV-SI candidate 9d1d8c14ddb8125f3a1e] {maxTotalContributions, minContribution, totalContributions}
 writer root       -> contracts/crowdfund/InitialETHCrowdfund.sol::InitialETHCrowdfund.contributeFor(uint256,address,address,bytes)
 writer effect     -> contracts/crowdfund/ETHCrowdfundBase.sol:226
 written member    -> ('SV', 'contracts/crowdfund/ETHCrowdfundBase.sol', 'ETHCrowdfundBase.totalContributions')
 potentially stale -> ('SV', 'contracts/crowdfund/ETHCrowdfundBase.sol', 'ETHCrowdfundBase.maxTotalContributions'), ('SV', 'contracts/crowdfund/ETHCrowdfundBase.sol', 'ETHCrowdfundBase.minContribution')
 reader witnesses  -> 175
 storage exposures -> 1
[MV-SI candidate 9d4a4da943abca9330d3] {_governanceValues, mintedVotingPower}
 writer root       -> sol-tests/crowdfund/InitialETHCrowdfund.t.sol::InitialETHCrowdfundTest.test_fundingSplit_contributionAndRefund()
 writer effect     -> contracts/party/PartyGovernanceNFT.sol:230
 written member    -> ('SV', 'contracts/party/PartyGovernance.sol', 'PartyGovernance._governanceValues')
 potentially stale -> ('SV', 'contracts/party/PartyGovernanceNFT.sol', 'PartyGovernanceNFT.mintedVotingPower')
 reader witnesses  -> 722
 storage exposures -> 1
[MV-SI candidate 9d8b1f9ca8cf43b50830] {maxTotalContributions, minContribution, totalContributions}
 writer root       -> sol-tests/crowdfund/ReraiseETHCrowdfund.t.sol::ReraiseETHCrowdfundTest.test_expiry_won()
 writer effect     -> contracts/crowdfund/ETHCrowdfundBase.sol:226
 written member    -> ('SV', 'contracts/crowdfund/ETHCrowdfundBase.sol', 'ETHCrowdfundBase.totalContributions')
 potentially stale -> ('SV', 'contracts/crowdfund/ETHCrowdfundBase.sol', 'ETHCrowdfundBase.maxTotalContributions'), ('SV', 'contracts/crowdfund/ETHCrowdfundBase.sol', 'ETHCrowdfundBase.minContribution')
 reader witnesses  -> 220
 storage exposures -> 1
[MV-SI candidate 9dae2e7fcc2623ef8d8d] {_governanceValues, isAuthority[$sender]}
 writer root       -> sol-tests/crowdfund/ReraiseETHCrowdfund.t.sol::ReraiseETHCrowdfundTest.test_contribute_noVotingPower()
 writer effect     -> contracts/party/PartyGovernanceNFT.sol:230
 written member    -> ('SV', 'contracts/party/PartyGovernance.sol', 'PartyGovernance._governanceValues')
 potentially stale -> ('MS', 'contracts/party/PartyGovernanceNFT.sol', 'PartyGovernanceNFT.isAuthority', '$sender')
 reader witnesses  -> 183
 storage exposures -> 1
[MV-SI candidate 9dbd1533cd29cc34e282] {minTotalContributions, totalContributions}
 writer root       -> sol-tests/crowdfund/ReraiseETHCrowdfund.t.sol::ReraiseETHCrowdfundTest.test_contribute_withFundingSplit()
 writer effect     -> contracts/crowdfund/ETHCrowdfundBase.sol:226
 written member    -> ('SV', 'contracts/crowdfund/ETHCrowdfundBase.sol', 'ETHCrowdfundBase.totalContributions')
 potentially stale -> ('SV', 'contracts/crowdfund/ETHCrowdfundBase.sol', 'ETHCrowdfundBase.minTotalContributions')
 reader witnesses  -> 118
 storage exposures -> 1
[MV-SI candidate 9dd5e35e95654ba12e94] {maxTotalContributions, minContribution, totalContributions}
 writer root       -> contracts/crowdfund/ReraiseETHCrowdfund.sol::ReraiseETHCrowdfund.contributeFor(address,address,bytes)
 writer effect     -> contracts/crowdfund/ETHCrowdfundBase.sol:212
 written member    -> ('SV', 'contracts/crowdfund/ETHCrowdfundBase.sol', 'ETHCrowdfundBase.totalContributions')
 potentially stale -> ('SV', 'contracts/crowdfund/ETHCrowdfundBase.sol', 'ETHCrowdfundBase.maxTotalContributions'), ('SV', 'contracts/crowdfund/ETHCrowdfundBase.sol', 'ETHCrowdfundBase.minContribution')
 reader witnesses  -> 220
 storage exposures -> 1
[MV-SI candidate 9dd724653b90eb8e4da4] {exchangeRateBps, fundingSplitBps, maxTotalContributions, totalContributions}
 writer root       -> sol-tests/crowdfund/ReraiseETHCrowdfund.t.sol::ReraiseETHCrowdfundTest.test_finalize_belowMinTotalContributions()
 writer effect     -> contracts/crowdfund/ETHCrowdfundBase.sol:226
 written member    -> ('SV', 'contracts/crowdfund/ETHCrowdfundBase.sol', 'ETHCrowdfundBase.totalContributions')
 potentially stale -> ('SV', 'contracts/crowdfund/ETHCrowdfundBase.sol', 'ETHCrowdfundBase.exchangeRateBps'), ('SV', 'contracts/crowdfund/ETHCrowdfundBase.sol', 'ETHCrowdfundBase.fundingSplitBps'), ('SV', 'contracts/crowdfund/ETHCrowdfundBase.sol', 'ETHCrowdfundBase.maxTotalContributions')
 reader witnesses  -> 2849
 storage exposures -> 1
[MV-SI candidate 9de0ebf9cdec556892fa] {minTotalContributions, totalContributions}
 writer root       -> contracts/crowdfund/InitialETHCrowdfund.sol::InitialETHCrowdfund.initialize(InitialETHCrowdfund.InitialETHCrowdfundOptions,InitialETHCrowdfund.ETHPartyOptions)
 writer effect     -> contracts/crowdfund/ETHCrowdfundBase.sol:212
 written member    -> ('SV', 'contracts/crowdfund/ETHCrowdfundBase.sol', 'ETHCrowdfundBase.totalContributions')
 potentially stale -> ('SV', 'contracts/crowdfund/ETHCrowdfundBase.sol', 'ETHCrowdfundBase.minTotalContributions')
 reader witnesses  -> 94
 storage exposures -> 1
[MV-SI candidate 9e3d8582e0c2293b9cbc] {exchangeRateBps, fundingSplitBps, maxTotalContributions, totalContributions}
 writer root       -> contracts/crowdfund/ReraiseETHCrowdfund.sol::ReraiseETHCrowdfund.initialize(ETHCrowdfundBase.ETHCrowdfundOptions)
 writer effect     -> contracts/crowdfund/ETHCrowdfundBase.sol:150
 written member    -> ('SV', 'contracts/crowdfund/ETHCrowdfundBase.sol', 'ETHCrowdfundBase.fundingSplitBps')
 potentially stale -> ('SV', 'contracts/crowdfund/ETHCrowdfundBase.sol', 'ETHCrowdfundBase.exchangeRateBps'), ('SV', 'contracts/crowdfund/ETHCrowdfundBase.sol', 'ETHCrowdfundBase.maxTotalContributions'), ('SV', 'contracts/crowdfund/ETHCrowdfundBase.sol', 'ETHCrowdfundBase.totalContributions')
 reader witnesses  -> 2765
 storage exposures -> 1
[MV-SI candidate 9e6c65bd80ef07894136] {minTotalContributions, totalContributions}
 writer root       -> sol-tests/crowdfund/ReraiseETHCrowdfund.t.sol::ReraiseETHCrowdfundTest.test_refund_works()
 writer effect     -> contracts/crowdfund/ETHCrowdfundBase.sol:226
 written member    -> ('SV', 'contracts/crowdfund/ETHCrowdfundBase.sol', 'ETHCrowdfundBase.totalContributions')
 potentially stale -> ('SV', 'contracts/crowdfund/ETHCrowdfundBase.sol', 'ETHCrowdfundBase.minTotalContributions')
 reader witnesses  -> 118
 storage exposures -> 1
[MV-SI candidate 9e8ed1d4d5aaf7827a30] {_governanceValues, mintedVotingPower}
 writer root       -> sol-tests/party/PartyGovernanceNFT.t.sol::PartyGovernanceNFTTest.testRageQuit_revertIfDuplicateTokens()
 writer effect     -> contracts/party/PartyGovernanceNFT.sol:258
 written member    -> ('SV', 'contracts/party/PartyGovernance.sol', 'PartyGovernance._governanceValues')
 potentially stale -> ('SV', 'contracts/party/PartyGovernanceNFT.sol', 'PartyGovernanceNFT.mintedVotingPower')
 reader witnesses  -> 722
 storage exposures -> 1
[MV-SI candidate 9ea10e4587439a923996] {_governanceValues, votingPowerByTokenId[$arg0]}
 writer root       -> sol-tests/crowdfund/ReraiseETHCrowdfund.t.sol::ReraiseETHCrowdfundTest.test_contribute_afterLost()
 writer effect     -> contracts/party/PartyGovernanceNFT.sol:230
 written member    -> ('SV', 'contracts/party/PartyGovernance.sol', 'PartyGovernance._governanceValues')
 potentially stale -> ('MS', 'contracts/party/PartyGovernanceNFT.sol', 'PartyGovernanceNFT.votingPowerByTokenId', '$arg0')
 reader witnesses  -> 249
 storage exposures -> 1
[MV-SI candidate 9ea4651c466618281a17] {_governanceValues, votingPowerByTokenId[$arg0]}
 writer root       -> sol-tests/crowdfund/InitialETHCrowdfund.t.sol::InitialETHCrowdfundTest.test_finalize_withFundingSplit()
 writer effect     -> contracts/party/PartyGovernanceNFT.sol:219
 written member    -> ('MS', 'contracts/party/PartyGovernanceNFT.sol', 'PartyGovernanceNFT.votingPowerByTokenId', '$arg0')
 potentially stale -> ('SV', 'contracts/party/PartyGovernance.sol', 'PartyGovernance._governanceValues')
 reader witnesses  -> 891
 storage exposures -> 1
[MV-SI candidate 9ea711ee7fe8c778f8d1] {exchangeRateBps, fundingSplitBps, maxTotalContributions, totalContributions}
 writer root       -> sol-tests/crowdfund/ReraiseETHCrowdfund.t.sol::ReraiseETHCrowdfundTest.test_expiry_lost()
 writer effect     -> contracts/crowdfund/ETHCrowdfundBase.sol:226
 written member    -> ('SV', 'contracts/crowdfund/ETHCrowdfundBase.sol', 'ETHCrowdfundBase.totalContributions')
 potentially stale -> ('SV', 'contracts/crowdfund/ETHCrowdfundBase.sol', 'ETHCrowdfundBase.exchangeRateBps'), ('SV', 'contracts/crowdfund/ETHCrowdfundBase.sol', 'ETHCrowdfundBase.fundingSplitBps'), ('SV', 'contracts/crowdfund/ETHCrowdfundBase.sol', 'ETHCrowdfundBase.maxTotalContributions')
 reader witnesses  -> 2849
 storage exposures -> 1
[MV-SI candidate 9ed697df76e91978a98a] {exchangeRateBps, fundingSplitBps, maxTotalContributions, totalContributions}
 writer root       -> sol-tests/crowdfund/InitialETHCrowdfund.t.sol::InitialETHCrowdfundTest.test_refund_notLost()
 writer effect     -> contracts/crowdfund/ETHCrowdfundBase.sol:212
 written member    -> ('SV', 'contracts/crowdfund/ETHCrowdfundBase.sol', 'ETHCrowdfundBase.totalContributions')
 potentially stale -> ('SV', 'contracts/crowdfund/ETHCrowdfundBase.sol', 'ETHCrowdfundBase.exchangeRateBps'), ('SV', 'contracts/crowdfund/ETHCrowdfundBase.sol', 'ETHCrowdfundBase.fundingSplitBps'), ('SV', 'contracts/crowdfund/ETHCrowdfundBase.sol', 'ETHCrowdfundBase.maxTotalContributions')
 reader witnesses  -> 2219
 storage exposures -> 1
[MV-SI candidate 9f21f0f60c8ac4c956e2] {_governanceValues, votingPowerByTokenId[$arg0]}
 writer root       -> sol-tests/crowdfund/InitialETHCrowdfund.t.sol::InitialETHCrowdfundTest.test_contribute_withFundingSplit()
 writer effect     -> contracts/party/PartyGovernanceNFT.sol:219
 written member    -> ('MS', 'contracts/party/PartyGovernanceNFT.sol', 'PartyGovernanceNFT.votingPowerByTokenId', '$arg0')
 potentially stale -> ('SV', 'contracts/party/PartyGovernance.sol', 'PartyGovernance._governanceValues')
 reader witnesses  -> 891
 storage exposures -> 1
[MV-SI candidate 9f53d2617f29cb5daffc] {exchangeRateBps, fundingSplitBps, maxTotalContributions, totalContributions}
 writer root       -> sol-tests/crowdfund/InitialETHCrowdfund.t.sol::InitialETHCrowdfundTest.test_refund_notLost()
 writer effect     -> contracts/crowdfund/ETHCrowdfundBase.sol:226
 written member    -> ('SV', 'contracts/crowdfund/ETHCrowdfundBase.sol', 'ETHCrowdfundBase.totalContributions')
 potentially stale -> ('SV', 'contracts/crowdfund/ETHCrowdfundBase.sol', 'ETHCrowdfundBase.exchangeRateBps'), ('SV', 'contracts/crowdfund/ETHCrowdfundBase.sol', 'ETHCrowdfundBase.fundingSplitBps'), ('SV', 'contracts/crowdfund/ETHCrowdfundBase.sol', 'ETHCrowdfundBase.maxTotalContributions')
 reader witnesses  -> 2219
 storage exposures -> 1
[MV-SI candidate 9f5e072f0bd0abe97612] {_governanceValues, mintedVotingPower}
 writer root       -> sol-tests/crowdfund/InitialETHCrowdfund.t.sol::InitialETHCrowdfundTest.test_contribute_smallAmountWithFundingSplit()
 writer effect     -> contracts/party/PartyGovernanceNFT.sol:230
 written member    -> ('SV', 'contracts/party/PartyGovernance.sol', 'PartyGovernance._governanceValues')
 potentially stale -> ('SV', 'contracts/party/PartyGovernanceNFT.sol', 'PartyGovernanceNFT.mintedVotingPower')
 reader witnesses  -> 722
 storage exposures -> 1
[MV-SI candidate 9f6a7c997bb30dadbe20] {maxTotalContributions, minContribution, totalContributions}
 writer root       -> sol-tests/crowdfund/ReraiseETHCrowdfund.t.sol::ReraiseETHCrowdfundTest.test_batchClaim_works()
 writer effect     -> contracts/crowdfund/ETHCrowdfundBase.sol:212
 written member    -> ('SV', 'contracts/crowdfund/ETHCrowdfundBase.sol', 'ETHCrowdfundBase.totalContributions')
 potentially stale -> ('SV', 'contracts/crowdfund/ETHCrowdfundBase.sol', 'ETHCrowdfundBase.maxTotalContributions'), ('SV', 'contracts/crowdfund/ETHCrowdfundBase.sol', 'ETHCrowdfundBase.minContribution')
 reader witnesses  -> 220
 storage exposures -> 1
[MV-SI candidate 9f6e4d670e311898e886] {_governanceValues, mintedVotingPower}
 writer root       -> sol-tests/party/PartyGovernanceNFT.t.sol::PartyGovernanceNFTTest.testRageQuit_cannotReenter()
 writer effect     -> contracts/party/PartyGovernanceNFT.sol:254
 written member    -> ('SV', 'contracts/party/PartyGovernanceNFT.sol', 'PartyGovernanceNFT.mintedVotingPower')
 potentially stale -> ('SV', 'contracts/party/PartyGovernance.sol', 'PartyGovernance._governanceValues')
 reader witnesses  -> 594
 storage exposures -> 1
[MV-SI candidate 9f813f0ed12794794d55] {maxTotalContributions, totalContributions}
 writer root       -> sol-tests/crowdfund/InitialETHCrowdfund.t.sol::InitialETHCrowdfundTest.test_finalize_anyoneCanFinalizeWhenExpired()
 writer effect     -> contracts/crowdfund/ETHCrowdfundBase.sol:226
 written member    -> ('SV', 'contracts/crowdfund/ETHCrowdfundBase.sol', 'ETHCrowdfundBase.totalContributions')
 potentially stale -> ('SV', 'contracts/crowdfund/ETHCrowdfundBase.sol', 'ETHCrowdfundBase.maxTotalContributions')
 reader witnesses  -> 264
 storage exposures -> 1
[MV-SI candidate 9fb1af682adc0779a3db] {_governanceValues, votingPowerByTokenId[$arg0]}
 writer root       -> sol-tests/crowdfund/ReraiseETHCrowdfund.t.sol::ReraiseETHCrowdfundTest.test_refund_works()
 writer effect     -> contracts/party/PartyGovernanceNFT.sol:230
 written member    -> ('SV', 'contracts/party/PartyGovernance.sol', 'PartyGovernance._governanceValues')
 potentially stale -> ('MS', 'contracts/party/PartyGovernanceNFT.sol', 'PartyGovernanceNFT.votingPowerByTokenId', '$arg0')
 reader witnesses  -> 249
 storage exposures -> 1
[MV-SI candidate a03a27f2f420083f3f5d] {maxTotalContributions, minContribution, totalContributions}
 writer root       -> sol-tests/crowdfund/ReraiseETHCrowdfund.t.sol::ReraiseETHCrowdfundTest.test_contribute_noVotingPower()
 writer effect     -> contracts/crowdfund/ETHCrowdfundBase.sol:226
 written member    -> ('SV', 'contracts/crowdfund/ETHCrowdfundBase.sol', 'ETHCrowdfundBase.totalContributions')
 potentially stale -> ('SV', 'contracts/crowdfund/ETHCrowdfundBase.sol', 'ETHCrowdfundBase.maxTotalContributions'), ('SV', 'contracts/crowdfund/ETHCrowdfundBase.sol', 'ETHCrowdfundBase.minContribution')
 reader witnesses  -> 220
 storage exposures -> 1
[MV-SI candidate a07108fe2bd556a1d58e] {exchangeRateBps, fundingSplitBps, maxTotalContributions, totalContributions}
 writer root       -> contracts/crowdfund/InitialETHCrowdfund.sol::InitialETHCrowdfund.initialize(InitialETHCrowdfund.InitialETHCrowdfundOptions,InitialETHCrowdfund.ETHPartyOptions)
 writer effect     -> contracts/crowdfund/ETHCrowdfundBase.sol:148
 written member    -> ('SV', 'contracts/crowdfund/ETHCrowdfundBase.sol', 'ETHCrowdfundBase.exchangeRateBps')
 potentially stale -> ('SV', 'contracts/crowdfund/ETHCrowdfundBase.sol', 'ETHCrowdfundBase.fundingSplitBps'), ('SV', 'contracts/crowdfund/ETHCrowdfundBase.sol', 'ETHCrowdfundBase.maxTotalContributions'), ('SV', 'contracts/crowdfund/ETHCrowdfundBase.sol', 'ETHCrowdfundBase.totalContributions')
 reader witnesses  -> 2205
 storage exposures -> 1
[MV-SI candidate a0887a968a868b5f37f8] {_governanceValues, isAuthority[$sender]}
 writer root       -> sol-tests/crowdfund/InitialETHCrowdfund.t.sol::InitialETHCrowdfundTest.test_refund_works()
 writer effect     -> contracts/party/PartyGovernanceNFT.sol:258
 written member    -> ('SV', 'contracts/party/PartyGovernance.sol', 'PartyGovernance._governanceValues')
 potentially stale -> ('MS', 'contracts/party/PartyGovernanceNFT.sol', 'PartyGovernanceNFT.isAuthority', '$sender')
 reader witnesses  -> 183
 storage exposures -> 1
[MV-SI candidate a08cd18120dfe71ef7c2] {exchangeRateBps, fundingSplitBps, maxTotalContributions, totalContributions}
 writer root       -> sol-tests/crowdfund/ReraiseETHCrowdfund.t.sol::ReraiseETHCrowdfundTest.test_initialization_cannotReinitialize()
 writer effect     -> contracts/crowdfund/ETHCrowdfundBase.sol:150
 written member    -> ('SV', 'contracts/crowdfund/ETHCrowdfundBase.sol', 'ETHCrowdfundBase.fundingSplitBps')
 potentially stale -> ('SV', 'contracts/crowdfund/ETHCrowdfundBase.sol', 'ETHCrowdfundBase.exchangeRateBps'), ('SV', 'contracts/crowdfund/ETHCrowdfundBase.sol', 'ETHCrowdfundBase.maxTotalContributions'), ('SV', 'contracts/crowdfund/ETHCrowdfundBase.sol', 'ETHCrowdfundBase.totalContributions')
 reader witnesses  -> 2765
 storage exposures -> 1
[MV-SI candidate a096e6238a745153612b] {_governanceValues, votingPowerByTokenId[$arg0]}
 writer root       -> contracts/crowdfund/InitialETHCrowdfund.sol::InitialETHCrowdfund.contributeFor(uint256,address,address,bytes)
 writer effect     -> contracts/party/PartyGovernanceNFT.sol:230
 written member    -> ('SV', 'contracts/party/PartyGovernance.sol', 'PartyGovernance._governanceValues')
 potentially stale -> ('MS', 'contracts/party/PartyGovernanceNFT.sol', 'PartyGovernanceNFT.votingPowerByTokenId', '$arg0')
 reader witnesses  -> 249
 storage exposures -> 1
[MV-SI candidate a0cac3fa7c1e8fa701c2] {maxTotalContributions, totalContributions}
 writer root       -> sol-tests/crowdfund/InitialETHCrowdfund.t.sol::InitialETHCrowdfundTest.test_refund_twice()
 writer effect     -> contracts/crowdfund/ETHCrowdfundBase.sol:226
 written member    -> ('SV', 'contracts/crowdfund/ETHCrowdfundBase.sol', 'ETHCrowdfundBase.totalContributions')
 potentially stale -> ('SV', 'contracts/crowdfund/ETHCrowdfundBase.sol', 'ETHCrowdfundBase.maxTotalContributions')
 reader witnesses  -> 264
 storage exposures -> 1
[MV-SI candidate a0ebcd6a78249ae94101] {_governanceValues, votingPowerByTokenId[$arg0]}
 writer root       -> sol-tests/crowdfund/ReraiseETHCrowdfund.t.sol::ReraiseETHCrowdfundTest.test_finalize_belowMinTotalContributions()
 writer effect     -> contracts/party/PartyGovernanceNFT.sol:230
 written member    -> ('SV', 'contracts/party/PartyGovernance.sol', 'PartyGovernance._governanceValues')
 potentially stale -> ('MS', 'contracts/party/PartyGovernanceNFT.sol', 'PartyGovernanceNFT.votingPowerByTokenId', '$arg0')
 reader witnesses  -> 249
 storage exposures -> 1
[MV-SI candidate a0fb90b0954f4982b22c] {_governanceValues, mintedVotingPower}
 writer root       -> sol-tests/crowdfund/InitialETHCrowdfund.t.sol::InitialETHCrowdfundTest.test_finalize_onlyHostCanFinalizeEarlyWhenActive()
 writer effect     -> contracts/party/PartyGovernanceNFT.sol:230
 written member    -> ('SV', 'contracts/party/PartyGovernance.sol', 'PartyGovernance._governanceValues')
 potentially stale -> ('SV', 'contracts/party/PartyGovernanceNFT.sol', 'PartyGovernanceNFT.mintedVotingPower')
 reader witnesses  -> 722
 storage exposures -> 1
[MV-SI candidate a1024cf3705597969a59] {_governanceValues, mintedVotingPower}
 writer root       -> sol-tests/crowdfund/InitialETHCrowdfund.t.sol::InitialETHCrowdfundTest.test_contribute_aboveMaxContribution()
 writer effect     -> contracts/party/PartyGovernanceNFT.sol:230
 written member    -> ('SV', 'contracts/party/PartyGovernance.sol', 'PartyGovernance._governanceValues')
 potentially stale -> ('SV', 'contracts/party/PartyGovernanceNFT.sol', 'PartyGovernanceNFT.mintedVotingPower')
 reader witnesses  -> 722
 storage exposures -> 1
[MV-SI candidate a1194dff9623eba41d35] {maxTotalContributions, totalContributions}
 writer root       -> sol-tests/crowdfund/InitialETHCrowdfund.t.sol::InitialETHCrowdfundTest.test_expiry_lost()
 writer effect     -> contracts/crowdfund/ETHCrowdfundBase.sol:226
 written member    -> ('SV', 'contracts/crowdfund/ETHCrowdfundBase.sol', 'ETHCrowdfundBase.totalContributions')
 potentially stale -> ('SV', 'contracts/crowdfund/ETHCrowdfundBase.sol', 'ETHCrowdfundBase.maxTotalContributions')
 reader witnesses  -> 264
 storage exposures -> 1
[MV-SI candidate a1416c8cf7dd13461839] {minTotalContributions, totalContributions}
 writer root       -> sol-tests/crowdfund/ReraiseETHCrowdfund.t.sol::ReraiseETHCrowdfundTest.test_contribute_works()
 writer effect     -> contracts/crowdfund/ETHCrowdfundBase.sol:212
 written member    -> ('SV', 'contracts/crowdfund/ETHCrowdfundBase.sol', 'ETHCrowdfundBase.totalContributions')
 potentially stale -> ('SV', 'contracts/crowdfund/ETHCrowdfundBase.sol', 'ETHCrowdfundBase.minTotalContributions')
 reader witnesses  -> 118
 storage exposures -> 1
[MV-SI candidate a14c8e85c338d123ff89] {_governanceValues, mintedVotingPower}
 writer root       -> sol-tests/party/PartyGovernanceNFT.t.sol::PartyGovernanceNFTTest.testBurn()
 writer effect     -> contracts/party/PartyGovernanceNFT.sol:254
 written member    -> ('SV', 'contracts/party/PartyGovernanceNFT.sol', 'PartyGovernanceNFT.mintedVotingPower')
 potentially stale -> ('SV', 'contracts/party/PartyGovernance.sol', 'PartyGovernance._governanceValues')
 reader witnesses  -> 594
 storage exposures -> 1
[MV-SI candidate a1a2066c99f1dff38082] {minTotalContributions, totalContributions}
 writer root       -> sol-tests/crowdfund/InitialETHCrowdfund.t.sol::InitialETHCrowdfundTest.test_contribute_withFundingSplit()
 writer effect     -> contracts/crowdfund/ETHCrowdfundBase.sol:212
 written member    -> ('SV', 'contracts/crowdfund/ETHCrowdfundBase.sol', 'ETHCrowdfundBase.totalContributions')
 potentially stale -> ('SV', 'contracts/crowdfund/ETHCrowdfundBase.sol', 'ETHCrowdfundBase.minTotalContributions')
 reader witnesses  -> 94
 storage exposures -> 1
[MV-SI candidate a1ea299e65b1987511f5] {minTotalContributions, totalContributions}
 writer root       -> sol-tests/crowdfund/InitialETHCrowdfund.t.sol::InitialETHCrowdfundTest.test_batchRefund_works()
 writer effect     -> contracts/crowdfund/ETHCrowdfundBase.sol:226
 written member    -> ('SV', 'contracts/crowdfund/ETHCrowdfundBase.sol', 'ETHCrowdfundBase.totalContributions')
 potentially stale -> ('SV', 'contracts/crowdfund/ETHCrowdfundBase.sol', 'ETHCrowdfundBase.minTotalContributions')
 reader witnesses  -> 94
 storage exposures -> 1
[MV-SI candidate a213d8d580e08f6a58bc] {maxTotalContributions, minContribution, totalContributions}
 writer root       -> sol-tests/crowdfund/ReraiseETHCrowdfund.t.sol::ReraiseETHCrowdfundTest.test_batchRefund_works()
 writer effect     -> contracts/crowdfund/ETHCrowdfundBase.sol:226
 written member    -> ('SV', 'contracts/crowdfund/ETHCrowdfundBase.sol', 'ETHCrowdfundBase.totalContributions')
 potentially stale -> ('SV', 'contracts/crowdfund/ETHCrowdfundBase.sol', 'ETHCrowdfundBase.maxTotalContributions'), ('SV', 'contracts/crowdfund/ETHCrowdfundBase.sol', 'ETHCrowdfundBase.minContribution')
 reader witnesses  -> 220
 storage exposures -> 1
[MV-SI candidate a226e8ef96a65f32fc51] {maxTotalContributions, minContribution, totalContributions}
 writer root       -> sol-tests/crowdfund/InitialETHCrowdfund.t.sol::InitialETHCrowdfundTest.test_contribute_addVotingPowerToExistingCard()
 writer effect     -> contracts/crowdfund/ETHCrowdfundBase.sol:212
 written member    -> ('SV', 'contracts/crowdfund/ETHCrowdfundBase.sol', 'ETHCrowdfundBase.totalContributions')
 potentially stale -> ('SV', 'contracts/crowdfund/ETHCrowdfundBase.sol', 'ETHCrowdfundBase.maxTotalContributions'), ('SV', 'contracts/crowdfund/ETHCrowdfundBase.sol', 'ETHCrowdfundBase.minContribution')
 reader witnesses  -> 175
 storage exposures -> 1
[MV-SI candidate a24d31747af444328d6e] {_governanceValues, mintedVotingPower}
 writer root       -> contracts/crowdfund/ReraiseETHCrowdfund.sol::ReraiseETHCrowdfund.contribute(address,bytes)
 writer effect     -> contracts/party/PartyGovernanceNFT.sol:230
 written member    -> ('SV', 'contracts/party/PartyGovernance.sol', 'PartyGovernance._governanceValues')
 potentially stale -> ('SV', 'contracts/party/PartyGovernanceNFT.sol', 'PartyGovernanceNFT.mintedVotingPower')
 reader witnesses  -> 722
 storage exposures -> 1
[MV-SI candidate a25af8395f4763f7316a] {maxTotalContributions, totalContributions}
 writer root       -> sol-tests/crowdfund/ReraiseETHCrowdfund.t.sol::ReraiseETHCrowdfundTest.test_sendFundingSplit_canOnlySendWhenFinalized()
 writer effect     -> contracts/crowdfund/ETHCrowdfundBase.sol:212
 written member    -> ('SV', 'contracts/crowdfund/ETHCrowdfundBase.sol', 'ETHCrowdfundBase.totalContributions')
 potentially stale -> ('SV', 'contracts/crowdfund/ETHCrowdfundBase.sol', 'ETHCrowdfundBase.maxTotalContributions')
 reader witnesses  -> 324
 storage exposures -> 1
[MV-SI candidate a2d012b11f947a8b9e0f] {maxTotalContributions, minContribution, totalContributions}
 writer root       -> sol-tests/crowdfund/InitialETHCrowdfund.t.sol::InitialETHCrowdfundTest.test_partyCardTokenURI_whileCrowdfundFinalized()
 writer effect     -> contracts/crowdfund/ETHCrowdfundBase.sol:212
 written member    -> ('SV', 'contracts/crowdfund/ETHCrowdfundBase.sol', 'ETHCrowdfundBase.totalContributions')
 potentially stale -> ('SV', 'contracts/crowdfund/ETHCrowdfundBase.sol', 'ETHCrowdfundBase.maxTotalContributions'), ('SV', 'contracts/crowdfund/ETHCrowdfundBase.sol', 'ETHCrowdfundBase.minContribution')
 reader witnesses  -> 175
 storage exposures -> 1
[MV-SI candidate a30a1a51b17bad4bb6d0] {exchangeRateBps, fundingSplitBps, maxTotalContributions, totalContributions}
 writer root       -> contracts/crowdfund/InitialETHCrowdfund.sol::InitialETHCrowdfund.contribute(address,bytes)
 writer effect     -> contracts/crowdfund/ETHCrowdfundBase.sol:226
 written member    -> ('SV', 'contracts/crowdfund/ETHCrowdfundBase.sol', 'ETHCrowdfundBase.totalContributions')
 potentially stale -> ('SV', 'contracts/crowdfund/ETHCrowdfundBase.sol', 'ETHCrowdfundBase.exchangeRateBps'), ('SV', 'contracts/crowdfund/ETHCrowdfundBase.sol', 'ETHCrowdfundBase.fundingSplitBps'), ('SV', 'contracts/crowdfund/ETHCrowdfundBase.sol', 'ETHCrowdfundBase.maxTotalContributions')
 reader witnesses  -> 2219
 storage exposures -> 1
[MV-SI candidate a31e74d894fd5db901c9] {minTotalContributions, totalContributions}
 writer root       -> sol-tests/crowdfund/ReraiseETHCrowdfund.t.sol::ReraiseETHCrowdfundTest.test_crowdfundCardTokenURI_whileCrowdfundFinalized()
 writer effect     -> contracts/crowdfund/ETHCrowdfundBase.sol:212
 written member    -> ('SV', 'contracts/crowdfund/ETHCrowdfundBase.sol', 'ETHCrowdfundBase.totalContributions')
 potentially stale -> ('SV', 'contracts/crowdfund/ETHCrowdfundBase.sol', 'ETHCrowdfundBase.minTotalContributions')
 reader witnesses  -> 118
 storage exposures -> 1
[MV-SI candidate a354cf32904290f9de6e] {maxTotalContributions, minContribution, totalContributions}
 writer root       -> sol-tests/crowdfund/InitialETHCrowdfund.t.sol::InitialETHCrowdfundTest.test_finalize_onlyHostCanFinalizeEarlyWhenActive()
 writer effect     -> contracts/crowdfund/ETHCrowdfundBase.sol:212
 written member    -> ('SV', 'contracts/crowdfund/ETHCrowdfundBase.sol', 'ETHCrowdfundBase.totalContributions')
 potentially stale -> ('SV', 'contracts/crowdfund/ETHCrowdfundBase.sol', 'ETHCrowdfundBase.maxTotalContributions'), ('SV', 'contracts/crowdfund/ETHCrowdfundBase.sol', 'ETHCrowdfundBase.minContribution')
 reader witnesses  -> 175
 storage exposures -> 1
[MV-SI candidate a36e9c2c7541ae094a57] {exchangeRateBps, fundingSplitBps, maxTotalContributions, totalContributions}
 writer root       -> sol-tests/crowdfund/ReraiseETHCrowdfund.t.sol::ReraiseETHCrowdfundTest.test_fundingSplit_contributionAndRefund()
 writer effect     -> contracts/crowdfund/ETHCrowdfundBase.sol:226
 written member    -> ('SV', 'contracts/crowdfund/ETHCrowdfundBase.sol', 'ETHCrowdfundBase.totalContributions')
 potentially stale -> ('SV', 'contracts/crowdfund/ETHCrowdfundBase.sol', 'ETHCrowdfundBase.exchangeRateBps'), ('SV', 'contracts/crowdfund/ETHCrowdfundBase.sol', 'ETHCrowdfundBase.fundingSplitBps'), ('SV', 'contracts/crowdfund/ETHCrowdfundBase.sol', 'ETHCrowdfundBase.maxTotalContributions')
 reader witnesses  -> 2849
 storage exposures -> 1
[MV-SI candidate a38c475dc2bc9e189be3] {maxTotalContributions, totalContributions}
 writer root       -> sol-tests/crowdfund/InitialETHCrowdfund.t.sol::InitialETHCrowdfundTest.test_contribute_noContribution()
 writer effect     -> contracts/crowdfund/ETHCrowdfundBase.sol:212
 written member    -> ('SV', 'contracts/crowdfund/ETHCrowdfundBase.sol', 'ETHCrowdfundBase.totalContributions')
 potentially stale -> ('SV', 'contracts/crowdfund/ETHCrowdfundBase.sol', 'ETHCrowdfundBase.maxTotalContributions')
 reader witnesses  -> 264
 storage exposures -> 1
[MV-SI candidate a3cbd1375b5f7fd0fd9e] {_governanceValues, votingPowerByTokenId[$arg0]}
 writer root       -> sol-tests/crowdfund/ReraiseETHCrowdfund.t.sol::ReraiseETHCrowdfundTest.test_claim_addVotingPowerToExistingCard()
 writer effect     -> contracts/party/PartyGovernanceNFT.sol:219
 written member    -> ('MS', 'contracts/party/PartyGovernanceNFT.sol', 'PartyGovernanceNFT.votingPowerByTokenId', '$arg0')
 potentially stale -> ('SV', 'contracts/party/PartyGovernance.sol', 'PartyGovernance._governanceValues')
 reader witnesses  -> 891
 storage exposures -> 1
[MV-SI candidate a3eadb98e3758533b2dd] {exchangeRateBps, fundingSplitBps, maxTotalContributions, totalContributions}
 writer root       -> sol-tests/crowdfund/InitialETHCrowdfund.t.sol::InitialETHCrowdfundTest.test_sendFundingSplit_cannotSendTwice()
 writer effect     -> contracts/crowdfund/ETHCrowdfundBase.sol:226
 written member    -> ('SV', 'contracts/crowdfund/ETHCrowdfundBase.sol', 'ETHCrowdfundBase.totalContributions')
 potentially stale -> ('SV', 'contracts/crowdfund/ETHCrowdfundBase.sol', 'ETHCrowdfundBase.exchangeRateBps'), ('SV', 'contracts/crowdfund/ETHCrowdfundBase.sol', 'ETHCrowdfundBase.fundingSplitBps'), ('SV', 'contracts/crowdfund/ETHCrowdfundBase.sol', 'ETHCrowdfundBase.maxTotalContributions')
 reader witnesses  -> 2219
 storage exposures -> 1
[MV-SI candidate a4017a012081fff8d9a2] {_governanceValues, isAuthority[$sender]}
 writer root       -> sol-tests/crowdfund/ReraiseETHCrowdfund.t.sol::ReraiseETHCrowdfundTest.test_batchClaim_works()
 writer effect     -> contracts/party/PartyGovernanceNFT.sol:230
 written member    -> ('SV', 'contracts/party/PartyGovernance.sol', 'PartyGovernance._governanceValues')
 potentially stale -> ('MS', 'contracts/party/PartyGovernanceNFT.sol', 'PartyGovernanceNFT.isAuthority', '$sender')
 reader witnesses  -> 183
 storage exposures -> 1
[MV-SI candidate a41da33d8acab8f83a76] {maxTotalContributions, minContribution, totalContributions}
 writer root       -> contracts/crowdfund/ReraiseETHCrowdfund.sol::ReraiseETHCrowdfund.initialize(ETHCrowdfundBase.ETHCrowdfundOptions)
 writer effect     -> contracts/crowdfund/ETHCrowdfundBase.sol:226
 written member    -> ('SV', 'contracts/crowdfund/ETHCrowdfundBase.sol', 'ETHCrowdfundBase.totalContributions')
 potentially stale -> ('SV', 'contracts/crowdfund/ETHCrowdfundBase.sol', 'ETHCrowdfundBase.maxTotalContributions'), ('SV', 'contracts/crowdfund/ETHCrowdfundBase.sol', 'ETHCrowdfundBase.minContribution')
 reader witnesses  -> 220
 storage exposures -> 1
[MV-SI candidate a48f6ffb30a30343f748] {exchangeRateBps, fundingSplitBps, maxTotalContributions, totalContributions}
 writer root       -> sol-tests/crowdfund/ReraiseETHCrowdfund.t.sol::ReraiseETHCrowdfundTest.test_initialization_cannotReinitialize()
 writer effect     -> contracts/crowdfund/ETHCrowdfundBase.sol:148
 written member    -> ('SV', 'contracts/crowdfund/ETHCrowdfundBase.sol', 'ETHCrowdfundBase.exchangeRateBps')
 potentially stale -> ('SV', 'contracts/crowdfund/ETHCrowdfundBase.sol', 'ETHCrowdfundBase.fundingSplitBps'), ('SV', 'contracts/crowdfund/ETHCrowdfundBase.sol', 'ETHCrowdfundBase.maxTotalContributions'), ('SV', 'contracts/crowdfund/ETHCrowdfundBase.sol', 'ETHCrowdfundBase.totalContributions')
 reader witnesses  -> 2772
 storage exposures -> 1
[MV-SI candidate a496783257fd800ba9f4] {_governanceValues, votingPowerByTokenId[$arg0]}
 writer root       -> sol-tests/crowdfund/ReraiseETHCrowdfund.t.sol::ReraiseETHCrowdfundTest.test_claimMultiple_votingPowerOfCardBelowMin()
 writer effect     -> contracts/party/PartyGovernanceNFT.sol:230
 written member    -> ('SV', 'contracts/party/PartyGovernance.sol', 'PartyGovernance._governanceValues')
 potentially stale -> ('MS', 'contracts/party/PartyGovernanceNFT.sol', 'PartyGovernanceNFT.votingPowerByTokenId', '$arg0')
 reader witnesses  -> 249
 storage exposures -> 1
[MV-SI candidate a4b6259c0917c82967f6] {maxTotalContributions, totalContributions}
 writer root       -> sol-tests/crowdfund/InitialETHCrowdfund.t.sol::InitialETHCrowdfundTest.test_contribute_aboveMaxTotalContributionWhenWhenContributionBelowMinContributionAfterRefund()
 writer effect     -> contracts/crowdfund/ETHCrowdfundBase.sol:226
 written member    -> ('SV', 'contracts/crowdfund/ETHCrowdfundBase.sol', 'ETHCrowdfundBase.totalContributions')
 potentially stale -> ('SV', 'contracts/crowdfund/ETHCrowdfundBase.sol', 'ETHCrowdfundBase.maxTotalContributions')
 reader witnesses  -> 264
 storage exposures -> 1
[MV-SI candidate a5027759c27c63ea6218] {maxTotalContributions, minContribution, totalContributions}
 writer root       -> sol-tests/crowdfund/ReraiseETHCrowdfund.t.sol::ReraiseETHCrowdfundTest.test_contribute_twiceDoesNotMintAnotherCrowdfundNFT()
 writer effect     -> contracts/crowdfund/ETHCrowdfundBase.sol:212
 written member    -> ('SV', 'contracts/crowdfund/ETHCrowdfundBase.sol', 'ETHCrowdfundBase.totalContributions')
 potentially stale -> ('SV', 'contracts/crowdfund/ETHCrowdfundBase.sol', 'ETHCrowdfundBase.maxTotalContributions'), ('SV', 'contracts/crowdfund/ETHCrowdfundBase.sol', 'ETHCrowdfundBase.minContribution')
 reader witnesses  -> 220
 storage exposures -> 1
[MV-SI candidate a50a9bc0e23b7396b938] {_governanceValues, isAuthority[$sender]}
 writer root       -> sol-tests/crowdfund/InitialETHCrowdfund.t.sol::InitialETHCrowdfundTest.test_finalize_anyoneCanFinalizeWhenExpired()
 writer effect     -> contracts/party/PartyGovernanceNFT.sol:230
 written member    -> ('SV', 'contracts/party/PartyGovernance.sol', 'PartyGovernance._governanceValues')
 potentially stale -> ('MS', 'contracts/party/PartyGovernanceNFT.sol', 'PartyGovernanceNFT.isAuthority', '$sender')
 reader witnesses  -> 183
 storage exposures -> 1
[MV-SI candidate a523715ba7450736c7ce] {_governanceValues, votingPowerByTokenId[$arg0]}
 writer root       -> sol-tests/crowdfund/InitialETHCrowdfund.t.sol::InitialETHCrowdfundTest.test_contribute_aboveMaxContribution()
 writer effect     -> contracts/party/PartyGovernanceNFT.sol:230
 written member    -> ('SV', 'contracts/party/PartyGovernance.sol', 'PartyGovernance._governanceValues')
 potentially stale -> ('MS', 'contracts/party/PartyGovernanceNFT.sol', 'PartyGovernanceNFT.votingPowerByTokenId', '$arg0')
 reader witnesses  -> 249
 storage exposures -> 1
[MV-SI candidate a52a4bd37f09167480b1] {exchangeRateBps, fundingSplitBps, maxTotalContributions, totalContributions}
 writer root       -> sol-tests/crowdfund/ReraiseETHCrowdfund.t.sol::ReraiseETHCrowdfundTest.test_sendFundingSplit_cannotSendTwice()
 writer effect     -> contracts/crowdfund/ETHCrowdfundBase.sol:212
 written member    -> ('SV', 'contracts/crowdfund/ETHCrowdfundBase.sol', 'ETHCrowdfundBase.totalContributions')
 potentially stale -> ('SV', 'contracts/crowdfund/ETHCrowdfundBase.sol', 'ETHCrowdfundBase.exchangeRateBps'), ('SV', 'contracts/crowdfund/ETHCrowdfundBase.sol', 'ETHCrowdfundBase.fundingSplitBps'), ('SV', 'contracts/crowdfund/ETHCrowdfundBase.sol', 'ETHCrowdfundBase.maxTotalContributions')
 reader witnesses  -> 2849
 storage exposures -> 1
[MV-SI candidate a53aa374bce2182a62bd] {minTotalContributions, totalContributions}
 writer root       -> sol-tests/crowdfund/ReraiseETHCrowdfund.t.sol::ReraiseETHCrowdfundTest.test_sendFundingSplit_cannotSendIfNoFundingSplit()
 writer effect     -> contracts/crowdfund/ETHCrowdfundBase.sol:226
 written member    -> ('SV', 'contracts/crowdfund/ETHCrowdfundBase.sol', 'ETHCrowdfundBase.totalContributions')
 potentially stale -> ('SV', 'contracts/crowdfund/ETHCrowdfundBase.sol', 'ETHCrowdfundBase.minTotalContributions')
 reader witnesses  -> 118
 storage exposures -> 1
[MV-SI candidate a548e878b563b2fe0961] {_governanceValues, mintedVotingPower}
 writer root       -> contracts/party/PartyGovernanceNFT.sol::PartyGovernanceNFT.mint(address,uint256,address)
 writer effect     -> contracts/party/PartyGovernanceNFT.sol:186
 written member    -> ('SV', 'contracts/party/PartyGovernanceNFT.sol', 'PartyGovernanceNFT.mintedVotingPower')
 potentially stale -> ('SV', 'contracts/party/PartyGovernance.sol', 'PartyGovernance._governanceValues')
 reader witnesses  -> 594
 storage exposures -> 1
[MV-SI candidate a57aa4e3a623fa524bee] {maxTotalContributions, totalContributions}
 writer root       -> sol-tests/crowdfund/ReraiseETHCrowdfund.t.sol::ReraiseETHCrowdfundTest.test_crowdfundCardTokenURI_whileCrowdfundLost()
 writer effect     -> contracts/crowdfund/ETHCrowdfundBase.sol:212
 written member    -> ('SV', 'contracts/crowdfund/ETHCrowdfundBase.sol', 'ETHCrowdfundBase.totalContributions')
 potentially stale -> ('SV', 'contracts/crowdfund/ETHCrowdfundBase.sol', 'ETHCrowdfundBase.maxTotalContributions')
 reader witnesses  -> 324
 storage exposures -> 1
[MV-SI candidate a584733703cc1f2e2e3d] {_governanceValues, mintedVotingPower}
 writer root       -> sol-tests/crowdfund/InitialETHCrowdfund.t.sol::InitialETHCrowdfundTest.test_partyCardTokenURI_whileCrowdfundLost()
 writer effect     -> contracts/party/PartyGovernanceNFT.sol:218
 written member    -> ('SV', 'contracts/party/PartyGovernanceNFT.sol', 'PartyGovernanceNFT.mintedVotingPower')
 potentially stale -> ('SV', 'contracts/party/PartyGovernance.sol', 'PartyGovernance._governanceValues')
 reader witnesses  -> 594
 storage exposures -> 1
[MV-SI candidate a5a9c861dc1cae578b3a] {maxTotalContributions, totalContributions}
 writer root       -> sol-tests/crowdfund/ReraiseETHCrowdfund.t.sol::ReraiseETHCrowdfundTest.test_crowdfundCardTokenURI_whileCrowdfundLost()
 writer effect     -> contracts/crowdfund/ETHCrowdfundBase.sol:226
 written member    -> ('SV', 'contracts/crowdfund/ETHCrowdfundBase.sol', 'ETHCrowdfundBase.totalContributions')
 potentially stale -> ('SV', 'contracts/crowdfund/ETHCrowdfundBase.sol', 'ETHCrowdfundBase.maxTotalContributions')
 reader witnesses  -> 324
 storage exposures -> 1
[MV-SI candidate a609676e312199463509] {_governanceValues, mintedVotingPower}
 writer root       -> sol-tests/crowdfund/InitialETHCrowdfund.t.sol::InitialETHCrowdfundTest.test_refund_notLost()
 writer effect     -> contracts/party/PartyGovernanceNFT.sol:230
 written member    -> ('SV', 'contracts/party/PartyGovernance.sol', 'PartyGovernance._governanceValues')
 potentially stale -> ('SV', 'contracts/party/PartyGovernanceNFT.sol', 'PartyGovernanceNFT.mintedVotingPower')
 reader witnesses  -> 722
 storage exposures -> 1
[MV-SI candidate a60d7586b03dd6d2bc89] {maxTotalContributions, totalContributions}
 writer root       -> sol-tests/crowdfund/InitialETHCrowdfund.t.sol::InitialETHCrowdfundTest.test_finalize_withFundingSplit()
 writer effect     -> contracts/crowdfund/ETHCrowdfundBase.sol:226
 written member    -> ('SV', 'contracts/crowdfund/ETHCrowdfundBase.sol', 'ETHCrowdfundBase.totalContributions')
 potentially stale -> ('SV', 'contracts/crowdfund/ETHCrowdfundBase.sol', 'ETHCrowdfundBase.maxTotalContributions')
 reader witnesses  -> 264
 storage exposures -> 1
[MV-SI candidate a6475593f263af76f4dd] {maxTotalContributions, totalContributions}
 writer root       -> sol-tests/crowdfund/ReraiseETHCrowdfund.t.sol::ReraiseETHCrowdfundTest.test_initialization_cannotReinitialize()
 writer effect     -> contracts/crowdfund/ETHCrowdfundBase.sol:212
 written member    -> ('SV', 'contracts/crowdfund/ETHCrowdfundBase.sol', 'ETHCrowdfundBase.totalContributions')
 potentially stale -> ('SV', 'contracts/crowdfund/ETHCrowdfundBase.sol', 'ETHCrowdfundBase.maxTotalContributions')
 reader witnesses  -> 324
 storage exposures -> 1
[MV-SI candidate a64a68dce873d4a607c0] {exchangeRateBps, fundingSplitBps, maxTotalContributions, totalContributions}
 writer root       -> sol-tests/crowdfund/InitialETHCrowdfund.t.sol::InitialETHCrowdfundTest.test_finalize_belowMinTotalContributions()
 writer effect     -> contracts/crowdfund/ETHCrowdfundBase.sol:226
 written member    -> ('SV', 'contracts/crowdfund/ETHCrowdfundBase.sol', 'ETHCrowdfundBase.totalContributions')
 potentially stale -> ('SV', 'contracts/crowdfund/ETHCrowdfundBase.sol', 'ETHCrowdfundBase.exchangeRateBps'), ('SV', 'contracts/crowdfund/ETHCrowdfundBase.sol', 'ETHCrowdfundBase.fundingSplitBps'), ('SV', 'contracts/crowdfund/ETHCrowdfundBase.sol', 'ETHCrowdfundBase.maxTotalContributions')
 reader witnesses  -> 2219
 storage exposures -> 1
[MV-SI candidate a6dad6c43346a7c16317] {_governanceValues, mintedVotingPower}
 writer root       -> sol-tests/crowdfund/ReraiseETHCrowdfund.t.sol::ReraiseETHCrowdfundTest.test_claimMultiple_cannotClaimMoreThanVotingPower()
 writer effect     -> contracts/party/PartyGovernanceNFT.sol:218
 written member    -> ('SV', 'contracts/party/PartyGovernanceNFT.sol', 'PartyGovernanceNFT.mintedVotingPower')
 potentially stale -> ('SV', 'contracts/party/PartyGovernance.sol', 'PartyGovernance._governanceValues')
 reader witnesses  -> 594
 storage exposures -> 1
[MV-SI candidate a76f6b64a6c2baf57489] {minTotalContributions, totalContributions}
 writer root       -> sol-tests/crowdfund/ReraiseETHCrowdfund.t.sol::ReraiseETHCrowdfundTest.test_claimMultiple_votingPowerOfCardBelowMin()
 writer effect     -> contracts/crowdfund/ETHCrowdfundBase.sol:226
 written member    -> ('SV', 'contracts/crowdfund/ETHCrowdfundBase.sol', 'ETHCrowdfundBase.totalContributions')
 potentially stale -> ('SV', 'contracts/crowdfund/ETHCrowdfundBase.sol', 'ETHCrowdfundBase.minTotalContributions')
 reader witnesses  -> 118
 storage exposures -> 1
[MV-SI candidate a79b47500fd923222899] {_governanceValues, votingPowerByTokenId[$arg0]}
 writer root       -> sol-tests/crowdfund/InitialETHCrowdfund.t.sol::InitialETHCrowdfundTest.test_batchContribute_works()
 writer effect     -> contracts/party/PartyGovernanceNFT.sol:230
 written member    -> ('SV', 'contracts/party/PartyGovernance.sol', 'PartyGovernance._governanceValues')
 potentially stale -> ('MS', 'contracts/party/PartyGovernanceNFT.sol', 'PartyGovernanceNFT.votingPowerByTokenId', '$arg0')
 reader witnesses  -> 249
 storage exposures -> 1
[MV-SI candidate a7faf959e406e503b0e3] {_governanceValues, mintedVotingPower}
 writer root       -> contracts/party/PartyGovernanceNFT.sol::PartyGovernanceNFT.burn(uint256)
 writer effect     -> contracts/party/PartyGovernanceNFT.sol:254
 written member    -> ('SV', 'contracts/party/PartyGovernanceNFT.sol', 'PartyGovernanceNFT.mintedVotingPower')
 potentially stale -> ('SV', 'contracts/party/PartyGovernance.sol', 'PartyGovernance._governanceValues')
 reader witnesses  -> 594
 storage exposures -> 1
[MV-SI candidate a82326b6c7574dfec6e8] {minTotalContributions, totalContributions}
 writer root       -> sol-tests/crowdfund/ReraiseETHCrowdfund.t.sol::ReraiseETHCrowdfundTest.test_expiry_won()
 writer effect     -> contracts/crowdfund/ETHCrowdfundBase.sol:212
 written member    -> ('SV', 'contracts/crowdfund/ETHCrowdfundBase.sol', 'ETHCrowdfundBase.totalContributions')
 potentially stale -> ('SV', 'contracts/crowdfund/ETHCrowdfundBase.sol', 'ETHCrowdfundBase.minTotalContributions')
 reader witnesses  -> 118
 storage exposures -> 1
[MV-SI candidate a8b5c49cb85b09456d2f] {maxTotalContributions, minContribution, totalContributions}
 writer root       -> sol-tests/crowdfund/InitialETHCrowdfund.t.sol::InitialETHCrowdfundTest.test_sendFundingSplit_canOnlySendWhenFinalized()
 writer effect     -> contracts/crowdfund/ETHCrowdfundBase.sol:226
 written member    -> ('SV', 'contracts/crowdfund/ETHCrowdfundBase.sol', 'ETHCrowdfundBase.totalContributions')
 potentially stale -> ('SV', 'contracts/crowdfund/ETHCrowdfundBase.sol', 'ETHCrowdfundBase.maxTotalContributions'), ('SV', 'contracts/crowdfund/ETHCrowdfundBase.sol', 'ETHCrowdfundBase.minContribution')
 reader witnesses  -> 175
 storage exposures -> 1
[MV-SI candidate a8e4e8f7f02f9a8e2214] {exchangeRateBps, fundingSplitBps, maxTotalContributions, totalContributions}
 writer root       -> sol-tests/crowdfund/InitialETHCrowdfund.t.sol::InitialETHCrowdfundTest.test_contribute_smallAmountWithFundingSplit()
 writer effect     -> contracts/crowdfund/ETHCrowdfundBase.sol:212
 written member    -> ('SV', 'contracts/crowdfund/ETHCrowdfundBase.sol', 'ETHCrowdfundBase.totalContributions')
 potentially stale -> ('SV', 'contracts/crowdfund/ETHCrowdfundBase.sol', 'ETHCrowdfundBase.exchangeRateBps'), ('SV', 'contracts/crowdfund/ETHCrowdfundBase.sol', 'ETHCrowdfundBase.fundingSplitBps'), ('SV', 'contracts/crowdfund/ETHCrowdfundBase.sol', 'ETHCrowdfundBase.maxTotalContributions')
 reader witnesses  -> 2219
 storage exposures -> 1
[MV-SI candidate a8f45766a00a404257fb] {maxTotalContributions, minContribution, totalContributions}
 writer root       -> sol-tests/crowdfund/InitialETHCrowdfund.t.sol::InitialETHCrowdfundTest.test_contribute_withFundingSplit()
 writer effect     -> contracts/crowdfund/ETHCrowdfundBase.sol:212
 written member    -> ('SV', 'contracts/crowdfund/ETHCrowdfundBase.sol', 'ETHCrowdfundBase.totalContributions')
 potentially stale -> ('SV', 'contracts/crowdfund/ETHCrowdfundBase.sol', 'ETHCrowdfundBase.maxTotalContributions'), ('SV', 'contracts/crowdfund/ETHCrowdfundBase.sol', 'ETHCrowdfundBase.minContribution')
 reader witnesses  -> 175
 storage exposures -> 1
[MV-SI candidate a90d79502ae56b970421] {_governanceValues, votingPowerByTokenId[$arg0]}
 writer root       -> sol-tests/crowdfund/ReraiseETHCrowdfund.t.sol::ReraiseETHCrowdfundTest.test_claimMultiple_cannotClaimMoreThanVotingPower()
 writer effect     -> contracts/party/PartyGovernanceNFT.sol:219
 written member    -> ('MS', 'contracts/party/PartyGovernanceNFT.sol', 'PartyGovernanceNFT.votingPowerByTokenId', '$arg0')
 potentially stale -> ('SV', 'contracts/party/PartyGovernance.sol', 'PartyGovernance._governanceValues')
 reader witnesses  -> 891
 storage exposures -> 1
[MV-SI candidate a9400f368b5cb75c6e0a] {_governanceValues, votingPowerByTokenId[$arg0]}
 writer root       -> sol-tests/crowdfund/InitialETHCrowdfund.t.sol::InitialETHCrowdfundTest.test_contributeFor_works()
 writer effect     -> contracts/party/PartyGovernanceNFT.sol:230
 written member    -> ('SV', 'contracts/party/PartyGovernance.sol', 'PartyGovernance._governanceValues')
 potentially stale -> ('MS', 'contracts/party/PartyGovernanceNFT.sol', 'PartyGovernanceNFT.votingPowerByTokenId', '$arg0')
 reader witnesses  -> 249
 storage exposures -> 1
[MV-SI candidate a943a483e185ed5ca031] {maxTotalContributions, minContribution, totalContributions}
 writer root       -> contracts/crowdfund/ReraiseETHCrowdfund.sol::ReraiseETHCrowdfund.contribute(address,bytes)
 writer effect     -> contracts/crowdfund/ETHCrowdfundBase.sol:226
 written member    -> ('SV', 'contracts/crowdfund/ETHCrowdfundBase.sol', 'ETHCrowdfundBase.totalContributions')
 potentially stale -> ('SV', 'contracts/crowdfund/ETHCrowdfundBase.sol', 'ETHCrowdfundBase.maxTotalContributions'), ('SV', 'contracts/crowdfund/ETHCrowdfundBase.sol', 'ETHCrowdfundBase.minContribution')
 reader witnesses  -> 220
 storage exposures -> 1
[MV-SI candidate aa2ccedfc769e3da6aaa] {maxTotalContributions, totalContributions}
 writer root       -> sol-tests/crowdfund/ReraiseETHCrowdfund.t.sol::ReraiseETHCrowdfundTest.test_contribute_cannotDelegateToZeroAddress()
 writer effect     -> contracts/crowdfund/ETHCrowdfundBase.sol:212
 written member    -> ('SV', 'contracts/crowdfund/ETHCrowdfundBase.sol', 'ETHCrowdfundBase.totalContributions')
 potentially stale -> ('SV', 'contracts/crowdfund/ETHCrowdfundBase.sol', 'ETHCrowdfundBase.maxTotalContributions')
 reader witnesses  -> 324
 storage exposures -> 1
[MV-SI candidate aa4d0fdb5cf897afe982] {exchangeRateBps, fundingSplitBps, maxTotalContributions, totalContributions}
 writer root       -> sol-tests/crowdfund/ReraiseETHCrowdfund.t.sol::ReraiseETHCrowdfundTest.test_sendFundingSplit_cannotSendIfNoFundingSplit()
 writer effect     -> contracts/crowdfund/ETHCrowdfundBase.sol:226
 written member    -> ('SV', 'contracts/crowdfund/ETHCrowdfundBase.sol', 'ETHCrowdfundBase.totalContributions')
 potentially stale -> ('SV', 'contracts/crowdfund/ETHCrowdfundBase.sol', 'ETHCrowdfundBase.exchangeRateBps'), ('SV', 'contracts/crowdfund/ETHCrowdfundBase.sol', 'ETHCrowdfundBase.fundingSplitBps'), ('SV', 'contracts/crowdfund/ETHCrowdfundBase.sol', 'ETHCrowdfundBase.maxTotalContributions')
 reader witnesses  -> 2849
 storage exposures -> 1
[MV-SI candidate aa784f54d2db7dda4074] {maxTotalContributions, totalContributions}
 writer root       -> contracts/crowdfund/ReraiseETHCrowdfund.sol::ReraiseETHCrowdfund.batchContribute(ReraiseETHCrowdfund.BatchContributeArgs)
 writer effect     -> contracts/crowdfund/ETHCrowdfundBase.sol:226
 written member    -> ('SV', 'contracts/crowdfund/ETHCrowdfundBase.sol', 'ETHCrowdfundBase.totalContributions')
 potentially stale -> ('SV', 'contracts/crowdfund/ETHCrowdfundBase.sol', 'ETHCrowdfundBase.maxTotalContributions')
 reader witnesses  -> 324
 storage exposures -> 1
[MV-SI candidate aa9866862802c1bf28a1] {maxTotalContributions, minContribution, totalContributions}
 writer root       -> contracts/crowdfund/ReraiseETHCrowdfund.sol::ReraiseETHCrowdfund.initialize(ETHCrowdfundBase.ETHCrowdfundOptions)
 writer effect     -> contracts/crowdfund/ETHCrowdfundBase.sol:212
 written member    -> ('SV', 'contracts/crowdfund/ETHCrowdfundBase.sol', 'ETHCrowdfundBase.totalContributions')
 potentially stale -> ('SV', 'contracts/crowdfund/ETHCrowdfundBase.sol', 'ETHCrowdfundBase.maxTotalContributions'), ('SV', 'contracts/crowdfund/ETHCrowdfundBase.sol', 'ETHCrowdfundBase.minContribution')
 reader witnesses  -> 220
 storage exposures -> 1
[MV-SI candidate ab454f501ea7aa12dd13] {maxTotalContributions, totalContributions}
 writer root       -> sol-tests/crowdfund/InitialETHCrowdfund.t.sol::InitialETHCrowdfundTest.test_finalize_belowMinTotalContributions()
 writer effect     -> contracts/crowdfund/ETHCrowdfundBase.sol:226
 written member    -> ('SV', 'contracts/crowdfund/ETHCrowdfundBase.sol', 'ETHCrowdfundBase.totalContributions')
 potentially stale -> ('SV', 'contracts/crowdfund/ETHCrowdfundBase.sol', 'ETHCrowdfundBase.maxTotalContributions')
 reader witnesses  -> 264
 storage exposures -> 1
[MV-SI candidate ab6090e4ab16d65334ff] {_governanceValues, mintedVotingPower}
 writer root       -> sol-tests/crowdfund/InitialETHCrowdfund.t.sol::InitialETHCrowdfundTest.test_contribute_aboveMaxContribution()
 writer effect     -> contracts/party/PartyGovernanceNFT.sol:186
 written member    -> ('SV', 'contracts/party/PartyGovernanceNFT.sol', 'PartyGovernanceNFT.mintedVotingPower')
 potentially stale -> ('SV', 'contracts/party/PartyGovernance.sol', 'PartyGovernance._governanceValues')
 reader witnesses  -> 594
 storage exposures -> 1
[MV-SI candidate ab6609afb838d97be996] {exchangeRateBps, fundingSplitBps, maxTotalContributions, totalContributions}
 writer root       -> sol-tests/crowdfund/InitialETHCrowdfund.t.sol::InitialETHCrowdfundTest.test_finalize_belowMinTotalContributions()
 writer effect     -> contracts/crowdfund/ETHCrowdfundBase.sol:212
 written member    -> ('SV', 'contracts/crowdfund/ETHCrowdfundBase.sol', 'ETHCrowdfundBase.totalContributions')
 potentially stale -> ('SV', 'contracts/crowdfund/ETHCrowdfundBase.sol', 'ETHCrowdfundBase.exchangeRateBps'), ('SV', 'contracts/crowdfund/ETHCrowdfundBase.sol', 'ETHCrowdfundBase.fundingSplitBps'), ('SV', 'contracts/crowdfund/ETHCrowdfundBase.sol', 'ETHCrowdfundBase.maxTotalContributions')
 reader witnesses  -> 2219
 storage exposures -> 1
[MV-SI candidate ab86fa9c139470708aae] {minTotalContributions, totalContributions}
 writer root       -> sol-tests/crowdfund/InitialETHCrowdfund.t.sol::InitialETHCrowdfundTest.test_contributeFor_doesNotUpdateExistingDelegation()
 writer effect     -> contracts/crowdfund/ETHCrowdfundBase.sol:212
 written member    -> ('SV', 'contracts/crowdfund/ETHCrowdfundBase.sol', 'ETHCrowdfundBase.totalContributions')
 potentially stale -> ('SV', 'contracts/crowdfund/ETHCrowdfundBase.sol', 'ETHCrowdfundBase.minTotalContributions')
 reader witnesses  -> 94
 storage exposures -> 1
[MV-SI candidate ab8f52b10fb9ff5be0b8] {minTotalContributions, totalContributions}
 writer root       -> sol-tests/crowdfund/ReraiseETHCrowdfund.t.sol::ReraiseETHCrowdfundTest.test_crowdfundCardTokenURI_whileCrowdfundActive()
 writer effect     -> contracts/crowdfund/ETHCrowdfundBase.sol:212
 written member    -> ('SV', 'contracts/crowdfund/ETHCrowdfundBase.sol', 'ETHCrowdfundBase.totalContributions')
 potentially stale -> ('SV', 'contracts/crowdfund/ETHCrowdfundBase.sol', 'ETHCrowdfundBase.minTotalContributions')
 reader witnesses  -> 118
 storage exposures -> 1
[MV-SI candidate aba5ff928aed4a6594ac] {minTotalContributions, totalContributions}
 writer root       -> sol-tests/crowdfund/InitialETHCrowdfund.t.sol::InitialETHCrowdfundTest.test_initialization_cannotReinitialize()
 writer effect     -> contracts/crowdfund/ETHCrowdfundBase.sol:226
 written member    -> ('SV', 'contracts/crowdfund/ETHCrowdfundBase.sol', 'ETHCrowdfundBase.totalContributions')
 potentially stale -> ('SV', 'contracts/crowdfund/ETHCrowdfundBase.sol', 'ETHCrowdfundBase.minTotalContributions')
 reader witnesses  -> 94
 storage exposures -> 1
[MV-SI candidate abd484fbeeca35b0df67] {maxTotalContributions, totalContributions}
 writer root       -> sol-tests/crowdfund/InitialETHCrowdfund.t.sol::InitialETHCrowdfundTest.test_finalize_onlyHostCanFinalizeEarlyWhenActive()
 writer effect     -> contracts/crowdfund/ETHCrowdfundBase.sol:226
 written member    -> ('SV', 'contracts/crowdfund/ETHCrowdfundBase.sol', 'ETHCrowdfundBase.totalContributions')
 potentially stale -> ('SV', 'contracts/crowdfund/ETHCrowdfundBase.sol', 'ETHCrowdfundBase.maxTotalContributions')
 reader witnesses  -> 264
 storage exposures -> 1
[MV-SI candidate abfdd1527be393dbb16b] {_governanceValues, isAuthority[$sender]}
 writer root       -> contracts/crowdfund/InitialETHCrowdfund.sol::InitialETHCrowdfund.contributeFor(uint256,address,address,bytes)
 writer effect     -> contracts/party/PartyGovernanceNFT.sol:230
 written member    -> ('SV', 'contracts/party/PartyGovernance.sol', 'PartyGovernance._governanceValues')
 potentially stale -> ('MS', 'contracts/party/PartyGovernanceNFT.sol', 'PartyGovernanceNFT.isAuthority', '$sender')
 reader witnesses  -> 183
 storage exposures -> 1
[MV-SI candidate ac22a357d4701f2b1ff4] {_governanceValues, votingPowerByTokenId[$arg0]}
 writer root       -> sol-tests/crowdfund/InitialETHCrowdfund.t.sol::InitialETHCrowdfundTest.test_contribute_aboveMaxTotalContributionWhenWhenContributionBelowMinContributionAfterRefund()
 writer effect     -> contracts/party/PartyGovernanceNFT.sol:219
 written member    -> ('MS', 'contracts/party/PartyGovernanceNFT.sol', 'PartyGovernanceNFT.votingPowerByTokenId', '$arg0')
 potentially stale -> ('SV', 'contracts/party/PartyGovernance.sol', 'PartyGovernance._governanceValues')
 reader witnesses  -> 891
 storage exposures -> 1
[MV-SI candidate ac42f24c78dc4afaac75] {exchangeRateBps, fundingSplitBps, maxTotalContributions, totalContributions}
 writer root       -> sol-tests/crowdfund/ReraiseETHCrowdfund.t.sol::ReraiseETHCrowdfundTest.test_contribute_noContribution()
 writer effect     -> contracts/crowdfund/ETHCrowdfundBase.sol:226
 written member    -> ('SV', 'contracts/crowdfund/ETHCrowdfundBase.sol', 'ETHCrowdfundBase.totalContributions')
 potentially stale -> ('SV', 'contracts/crowdfund/ETHCrowdfundBase.sol', 'ETHCrowdfundBase.exchangeRateBps'), ('SV', 'contracts/crowdfund/ETHCrowdfundBase.sol', 'ETHCrowdfundBase.fundingSplitBps'), ('SV', 'contracts/crowdfund/ETHCrowdfundBase.sol', 'ETHCrowdfundBase.maxTotalContributions')
 reader witnesses  -> 2849
 storage exposures -> 1
[MV-SI candidate ac5b72e2d6390befc896] {maxTotalContributions, totalContributions}
 writer root       -> sol-tests/crowdfund/ReraiseETHCrowdfund.t.sol::ReraiseETHCrowdfundTest.test_refund_works()
 writer effect     -> contracts/crowdfund/ETHCrowdfundBase.sol:226
 written member    -> ('SV', 'contracts/crowdfund/ETHCrowdfundBase.sol', 'ETHCrowdfundBase.totalContributions')
 potentially stale -> ('SV', 'contracts/crowdfund/ETHCrowdfundBase.sol', 'ETHCrowdfundBase.maxTotalContributions')
 reader witnesses  -> 324
 storage exposures -> 1
[MV-SI candidate ac90b491825bc3f766b4] {minTotalContributions, totalContributions}
 writer root       -> sol-tests/crowdfund/InitialETHCrowdfund.t.sol::InitialETHCrowdfundTest.test_contribute_aboveMaxTotalContributionWhenWhenContributionBelowMinContributionAfterRefund()
 writer effect     -> contracts/crowdfund/ETHCrowdfundBase.sol:226
 written member    -> ('SV', 'contracts/crowdfund/ETHCrowdfundBase.sol', 'ETHCrowdfundBase.totalContributions')
 potentially stale -> ('SV', 'contracts/crowdfund/ETHCrowdfundBase.sol', 'ETHCrowdfundBase.minTotalContributions')
 reader witnesses  -> 94
 storage exposures -> 1
[MV-SI candidate acb605312877d7e7edc1] {_governanceValues, mintedVotingPower}
 writer root       -> sol-tests/crowdfund/InitialETHCrowdfund.t.sol::InitialETHCrowdfundTest.test_expiry_lost()
 writer effect     -> contracts/party/PartyGovernanceNFT.sol:230
 written member    -> ('SV', 'contracts/party/PartyGovernance.sol', 'PartyGovernance._governanceValues')
 potentially stale -> ('SV', 'contracts/party/PartyGovernanceNFT.sol', 'PartyGovernanceNFT.mintedVotingPower')
 reader witnesses  -> 722
 storage exposures -> 1
[MV-SI candidate acd00ac55c10ab2a24d5] {_governanceValues, mintedVotingPower}
 writer root       -> sol-tests/crowdfund/ReraiseETHCrowdfund.t.sol::ReraiseETHCrowdfundTest.test_claim_aboveMax()
 writer effect     -> contracts/party/PartyGovernanceNFT.sol:186
 written member    -> ('SV', 'contracts/party/PartyGovernanceNFT.sol', 'PartyGovernanceNFT.mintedVotingPower')
 potentially stale -> ('SV', 'contracts/party/PartyGovernance.sol', 'PartyGovernance._governanceValues')
 reader witnesses  -> 594
 storage exposures -> 1
[MV-SI candidate acd51ee68509124d5a14] {_governanceValues, mintedVotingPower}
 writer root       -> sol-tests/crowdfund/InitialETHCrowdfund.t.sol::InitialETHCrowdfundTest.test_partyCardTokenURI_whileCrowdfundFinalized()
 writer effect     -> contracts/party/PartyGovernanceNFT.sol:218
 written member    -> ('SV', 'contracts/party/PartyGovernanceNFT.sol', 'PartyGovernanceNFT.mintedVotingPower')
 potentially stale -> ('SV', 'contracts/party/PartyGovernance.sol', 'PartyGovernance._governanceValues')
 reader witnesses  -> 594
 storage exposures -> 1
[MV-SI candidate acf4ef5603965083a781] {_governanceValues, votingPowerByTokenId[$arg0]}
 writer root       -> sol-tests/crowdfund/InitialETHCrowdfund.t.sol::InitialETHCrowdfundTest.test_contribute_addVotingPowerToExistingCard()
 writer effect     -> contracts/party/PartyGovernanceNFT.sol:230
 written member    -> ('SV', 'contracts/party/PartyGovernance.sol', 'PartyGovernance._governanceValues')
 potentially stale -> ('MS', 'contracts/party/PartyGovernanceNFT.sol', 'PartyGovernanceNFT.votingPowerByTokenId', '$arg0')
 reader witnesses  -> 249
 storage exposures -> 1
[MV-SI candidate adc7122c39e294523eea] {minTotalContributions, totalContributions}
 writer root       -> sol-tests/crowdfund/InitialETHCrowdfund.t.sol::InitialETHCrowdfundTest.test_contribute_aboveMaxTotalContributionWhenWhenContributionBelowMinContributionAfterRefund()
 writer effect     -> contracts/crowdfund/ETHCrowdfundBase.sol:212
 written member    -> ('SV', 'contracts/crowdfund/ETHCrowdfundBase.sol', 'ETHCrowdfundBase.totalContributions')
 potentially stale -> ('SV', 'contracts/crowdfund/ETHCrowdfundBase.sol', 'ETHCrowdfundBase.minTotalContributions')
 reader witnesses  -> 94
 storage exposures -> 1
[MV-SI candidate adee233e11a2e17c2f6b] {_governanceValues, votingPowerByTokenId[$arg0]}
 writer root       -> sol-tests/crowdfund/ReraiseETHCrowdfund.t.sol::ReraiseETHCrowdfundTest.test_claim_mintNewCard_withDisableContributingForExistingCard()
 writer effect     -> contracts/party/PartyGovernanceNFT.sol:219
 written member    -> ('MS', 'contracts/party/PartyGovernanceNFT.sol', 'PartyGovernanceNFT.votingPowerByTokenId', '$arg0')
 potentially stale -> ('SV', 'contracts/party/PartyGovernance.sol', 'PartyGovernance._governanceValues')
 reader witnesses  -> 891
 storage exposures -> 1
[MV-SI candidate ae05b1b85d8b0b53f22b] {exchangeRateBps, fundingSplitBps, maxTotalContributions, totalContributions}
 writer root       -> sol-tests/crowdfund/ReraiseETHCrowdfund.t.sol::ReraiseETHCrowdfundTest.test_sendFundingSplit_canOnlySendWhenFinalized()
 writer effect     -> contracts/crowdfund/ETHCrowdfundBase.sol:226
 written member    -> ('SV', 'contracts/crowdfund/ETHCrowdfundBase.sol', 'ETHCrowdfundBase.totalContributions')
 potentially stale -> ('SV', 'contracts/crowdfund/ETHCrowdfundBase.sol', 'ETHCrowdfundBase.exchangeRateBps'), ('SV', 'contracts/crowdfund/ETHCrowdfundBase.sol', 'ETHCrowdfundBase.fundingSplitBps'), ('SV', 'contracts/crowdfund/ETHCrowdfundBase.sol', 'ETHCrowdfundBase.maxTotalContributions')
 reader witnesses  -> 2849
 storage exposures -> 1
[MV-SI candidate ae910c1c974ff19b005c] {_governanceValues, mintedVotingPower}
 writer root       -> sol-tests/crowdfund/InitialETHCrowdfund.t.sol::InitialETHCrowdfundTest.test_contribute_aboveMaxTotalContributionWhenWhenContributionBelowMinContributionAfterRefund()
 writer effect     -> contracts/party/PartyGovernanceNFT.sol:218
 written member    -> ('SV', 'contracts/party/PartyGovernanceNFT.sol', 'PartyGovernanceNFT.mintedVotingPower')
 potentially stale -> ('SV', 'contracts/party/PartyGovernance.sol', 'PartyGovernance._governanceValues')
 reader witnesses  -> 594
 storage exposures -> 1
[MV-SI candidate aeae86f88c95daef90a1] {_governanceValues, mintedVotingPower}
 writer root       -> sol-tests/party/PartyGovernance.t.sol::PartyGovernanceTest.testPartyMemberCannotVoteTwice()
 writer effect     -> contracts/party/PartyGovernanceNFT.sol:186
 written member    -> ('SV', 'contracts/party/PartyGovernanceNFT.sol', 'PartyGovernanceNFT.mintedVotingPower')
 potentially stale -> ('SV', 'contracts/party/PartyGovernance.sol', 'PartyGovernance._governanceValues')
 reader witnesses  -> 594
 storage exposures -> 1
[MV-SI candidate af2275a09fca30441311] {_governanceValues, mintedVotingPower}
 writer root       -> sol-tests/crowdfund/InitialETHCrowdfund.t.sol::InitialETHCrowdfundTest.test_expiry_won()
 writer effect     -> contracts/party/PartyGovernanceNFT.sol:186
 written member    -> ('SV', 'contracts/party/PartyGovernanceNFT.sol', 'PartyGovernanceNFT.mintedVotingPower')
 potentially stale -> ('SV', 'contracts/party/PartyGovernance.sol', 'PartyGovernance._governanceValues')
 reader witnesses  -> 594
 storage exposures -> 1
[MV-SI candidate af571a2a7e81ca090474] {_governanceValues, isAuthority[$sender]}
 writer root       -> sol-tests/crowdfund/ReraiseETHCrowdfund.t.sol::ReraiseETHCrowdfundTest.test_contribute_aboveMaxContribution()
 writer effect     -> contracts/party/PartyGovernanceNFT.sol:230
 written member    -> ('SV', 'contracts/party/PartyGovernance.sol', 'PartyGovernance._governanceValues')
 potentially stale -> ('MS', 'contracts/party/PartyGovernanceNFT.sol', 'PartyGovernanceNFT.isAuthority', '$sender')
 reader witnesses  -> 183
 storage exposures -> 1
[MV-SI candidate af71a6939fbb1c6e85af] {exchangeRateBps, fundingSplitBps, maxTotalContributions, totalContributions}
 writer root       -> sol-tests/crowdfund/ReraiseETHCrowdfund.t.sol::ReraiseETHCrowdfundTest.test_claim_aboveMax()
 writer effect     -> contracts/crowdfund/ETHCrowdfundBase.sol:212
 written member    -> ('SV', 'contracts/crowdfund/ETHCrowdfundBase.sol', 'ETHCrowdfundBase.totalContributions')
 potentially stale -> ('SV', 'contracts/crowdfund/ETHCrowdfundBase.sol', 'ETHCrowdfundBase.exchangeRateBps'), ('SV', 'contracts/crowdfund/ETHCrowdfundBase.sol', 'ETHCrowdfundBase.fundingSplitBps'), ('SV', 'contracts/crowdfund/ETHCrowdfundBase.sol', 'ETHCrowdfundBase.maxTotalContributions')
 reader witnesses  -> 2849
 storage exposures -> 1
[MV-SI candidate b02085fdd18170092e15] {maxTotalContributions, minContribution, totalContributions}
 writer root       -> sol-tests/crowdfund/ReraiseETHCrowdfund.t.sol::ReraiseETHCrowdfundTest.test_sendFundingSplit_canOnlySendWhenFinalized()
 writer effect     -> contracts/crowdfund/ETHCrowdfundBase.sol:212
 written member    -> ('SV', 'contracts/crowdfund/ETHCrowdfundBase.sol', 'ETHCrowdfundBase.totalContributions')
 potentially stale -> ('SV', 'contracts/crowdfund/ETHCrowdfundBase.sol', 'ETHCrowdfundBase.maxTotalContributions'), ('SV', 'contracts/crowdfund/ETHCrowdfundBase.sol', 'ETHCrowdfundBase.minContribution')
 reader witnesses  -> 220
 storage exposures -> 1
[MV-SI candidate b021c3298840725edb38] {_governanceValues, votingPowerByTokenId[$arg0]}
 writer root       -> sol-tests/crowdfund/InitialETHCrowdfund.t.sol::InitialETHCrowdfundTest.test_fundingSplit_contributionAndRefund()
 writer effect     -> contracts/party/PartyGovernanceNFT.sol:230
 written member    -> ('SV', 'contracts/party/PartyGovernance.sol', 'PartyGovernance._governanceValues')
 potentially stale -> ('MS', 'contracts/party/PartyGovernanceNFT.sol', 'PartyGovernanceNFT.votingPowerByTokenId', '$arg0')
 reader witnesses  -> 249
 storage exposures -> 1
[MV-SI candidate b02f7666ba2230ca9fc2] {maxTotalContributions, totalContributions}
 writer root       -> sol-tests/crowdfund/InitialETHCrowdfund.t.sol::InitialETHCrowdfundTest.test_contribute_belowMinContribution()
 writer effect     -> contracts/crowdfund/ETHCrowdfundBase.sol:212
 written member    -> ('SV', 'contracts/crowdfund/ETHCrowdfundBase.sol', 'ETHCrowdfundBase.totalContributions')
 potentially stale -> ('SV', 'contracts/crowdfund/ETHCrowdfundBase.sol', 'ETHCrowdfundBase.maxTotalContributions')
 reader witnesses  -> 264
 storage exposures -> 1
[MV-SI candidate b05f6d778d0cb4a95323] {exchangeRateBps, fundingSplitBps, maxTotalContributions, totalContributions}
 writer root       -> contracts/crowdfund/InitialETHCrowdfund.sol::InitialETHCrowdfund.contribute(address,bytes)
 writer effect     -> contracts/crowdfund/ETHCrowdfundBase.sol:212
 written member    -> ('SV', 'contracts/crowdfund/ETHCrowdfundBase.sol', 'ETHCrowdfundBase.totalContributions')
 potentially stale -> ('SV', 'contracts/crowdfund/ETHCrowdfundBase.sol', 'ETHCrowdfundBase.exchangeRateBps'), ('SV', 'contracts/crowdfund/ETHCrowdfundBase.sol', 'ETHCrowdfundBase.fundingSplitBps'), ('SV', 'contracts/crowdfund/ETHCrowdfundBase.sol', 'ETHCrowdfundBase.maxTotalContributions')
 reader witnesses  -> 2219
 storage exposures -> 1
[MV-SI candidate b07b480b276b240a0cad] {_governanceValues, mintedVotingPower}
 writer root       -> sol-tests/crowdfund/InitialETHCrowdfund.t.sol::InitialETHCrowdfundTest.test_refund_twice()
 writer effect     -> contracts/party/PartyGovernanceNFT.sol:258
 written member    -> ('SV', 'contracts/party/PartyGovernance.sol', 'PartyGovernance._governanceValues')
 potentially stale -> ('SV', 'contracts/party/PartyGovernanceNFT.sol', 'PartyGovernanceNFT.mintedVotingPower')
 reader witnesses  -> 722
 storage exposures -> 1
[MV-SI candidate b0a1475917b2d7fa86dc] {maxTotalContributions, totalContributions}
 writer root       -> sol-tests/crowdfund/InitialETHCrowdfund.t.sol::InitialETHCrowdfundTest.test_contribute_aboveMaxContribution()
 writer effect     -> contracts/crowdfund/ETHCrowdfundBase.sol:212
 written member    -> ('SV', 'contracts/crowdfund/ETHCrowdfundBase.sol', 'ETHCrowdfundBase.totalContributions')
 potentially stale -> ('SV', 'contracts/crowdfund/ETHCrowdfundBase.sol', 'ETHCrowdfundBase.maxTotalContributions')
 reader witnesses  -> 264
 storage exposures -> 1
[MV-SI candidate b118a294d16982893b47] {maxTotalContributions, minContribution, totalContributions}
 writer root       -> sol-tests/crowdfund/ReraiseETHCrowdfund.t.sol::ReraiseETHCrowdfundTest.test_claim_mintNewCard()
 writer effect     -> contracts/crowdfund/ETHCrowdfundBase.sol:212
 written member    -> ('SV', 'contracts/crowdfund/ETHCrowdfundBase.sol', 'ETHCrowdfundBase.totalContributions')
 potentially stale -> ('SV', 'contracts/crowdfund/ETHCrowdfundBase.sol', 'ETHCrowdfundBase.maxTotalContributions'), ('SV', 'contracts/crowdfund/ETHCrowdfundBase.sol', 'ETHCrowdfundBase.minContribution')
 reader witnesses  -> 220
 storage exposures -> 1
[MV-SI candidate b17dff63eaaf7aa0c147] {_governanceValues, mintedVotingPower}
 writer root       -> sol-tests/crowdfund/InitialETHCrowdfund.t.sol::InitialETHCrowdfundTest.test_contribute_gatekeeperChecksSender()
 writer effect     -> contracts/party/PartyGovernanceNFT.sol:230
 written member    -> ('SV', 'contracts/party/PartyGovernance.sol', 'PartyGovernance._governanceValues')
 potentially stale -> ('SV', 'contracts/party/PartyGovernanceNFT.sol', 'PartyGovernanceNFT.mintedVotingPower')
 reader witnesses  -> 722
 storage exposures -> 1
[MV-SI candidate b1cee73d253b25c942b7] {_governanceValues, mintedVotingPower}
 writer root       -> sol-tests/crowdfund/Crowdfund.t.sol::CrowdfundTest.testWin_oneContributor()
 writer effect     -> contracts/party/PartyGovernanceNFT.sol:186
 written member    -> ('SV', 'contracts/party/PartyGovernanceNFT.sol', 'PartyGovernanceNFT.mintedVotingPower')
 potentially stale -> ('SV', 'contracts/party/PartyGovernance.sol', 'PartyGovernance._governanceValues')
 reader witnesses  -> 594
 storage exposures -> 1
[MV-SI candidate b1e067b39f3b12c290de] {maxTotalContributions, minContribution, totalContributions}
 writer root       -> sol-tests/crowdfund/InitialETHCrowdfund.t.sol::InitialETHCrowdfundTest.test_contribute_mintNewCard_withDisableContributingForExistingCard()
 writer effect     -> contracts/crowdfund/ETHCrowdfundBase.sol:226
 written member    -> ('SV', 'contracts/crowdfund/ETHCrowdfundBase.sol', 'ETHCrowdfundBase.totalContributions')
 potentially stale -> ('SV', 'contracts/crowdfund/ETHCrowdfundBase.sol', 'ETHCrowdfundBase.maxTotalContributions'), ('SV', 'contracts/crowdfund/ETHCrowdfundBase.sol', 'ETHCrowdfundBase.minContribution')
 reader witnesses  -> 175
 storage exposures -> 1
[MV-SI candidate b1f791872db82ae6632f] {_governanceValues, mintedVotingPower}
 writer root       -> sol-tests/party/PartyGovernanceNFT.t.sol::PartyGovernanceNFTTest.testMint_cannotMintBeyondTotalVotingPower_twoMints()
 writer effect     -> contracts/party/PartyGovernanceNFT.sol:186
 written member    -> ('SV', 'contracts/party/PartyGovernanceNFT.sol', 'PartyGovernanceNFT.mintedVotingPower')
 potentially stale -> ('SV', 'contracts/party/PartyGovernance.sol', 'PartyGovernance._governanceValues')
 reader witnesses  -> 594
 storage exposures -> 1
[MV-SI candidate b25ebd4e8f5216a07cdc] {maxTotalContributions, totalContributions}
 writer root       -> sol-tests/crowdfund/InitialETHCrowdfund.t.sol::InitialETHCrowdfundTest.test_partyCardTokenURI_whileCrowdfundActive()
 writer effect     -> contracts/crowdfund/ETHCrowdfundBase.sol:226
 written member    -> ('SV', 'contracts/crowdfund/ETHCrowdfundBase.sol', 'ETHCrowdfundBase.totalContributions')
 potentially stale -> ('SV', 'contracts/crowdfund/ETHCrowdfundBase.sol', 'ETHCrowdfundBase.maxTotalContributions')
 reader witnesses  -> 264
 storage exposures -> 1
[MV-SI candidate b29518750b392f4bab14] {maxTotalContributions, totalContributions}
 writer root       -> sol-tests/crowdfund/ReraiseETHCrowdfund.t.sol::ReraiseETHCrowdfundTest.test_contribute_smallAmountWithFundingSplit()
 writer effect     -> contracts/crowdfund/ETHCrowdfundBase.sol:226
 written member    -> ('SV', 'contracts/crowdfund/ETHCrowdfundBase.sol', 'ETHCrowdfundBase.totalContributions')
 potentially stale -> ('SV', 'contracts/crowdfund/ETHCrowdfundBase.sol', 'ETHCrowdfundBase.maxTotalContributions')
 reader witnesses  -> 324
 storage exposures -> 1
[MV-SI candidate b2adc5701e36d4a22e01] {_governanceValues, mintedVotingPower}
 writer root       -> sol-tests/crowdfund/InitialETHCrowdfund.t.sol::InitialETHCrowdfundTest.test_contribute_cannotDelegateToZeroAddress()
 writer effect     -> contracts/party/PartyGovernanceNFT.sol:218
 written member    -> ('SV', 'contracts/party/PartyGovernanceNFT.sol', 'PartyGovernanceNFT.mintedVotingPower')
 potentially stale -> ('SV', 'contracts/party/PartyGovernance.sol', 'PartyGovernance._governanceValues')
 reader witnesses  -> 594
 storage exposures -> 1
[MV-SI candidate b2b150e79b09c1398536] {_governanceValues, votingPowerByTokenId[$arg0]}
 writer root       -> sol-tests/crowdfund/InitialETHCrowdfund.t.sol::InitialETHCrowdfundTest.test_contributeFor_doesNotUpdateExistingDelegation()
 writer effect     -> contracts/party/PartyGovernanceNFT.sol:230
 written member    -> ('SV', 'contracts/party/PartyGovernance.sol', 'PartyGovernance._governanceValues')
 potentially stale -> ('MS', 'contracts/party/PartyGovernanceNFT.sol', 'PartyGovernanceNFT.votingPowerByTokenId', '$arg0')
 reader witnesses  -> 249
 storage exposures -> 1
[MV-SI candidate b2b62fba6332071f4035] {_governanceValues, isAuthority[$sender]}
 writer root       -> sol-tests/crowdfund/ReraiseETHCrowdfund.t.sol::ReraiseETHCrowdfundTest.test_contribute_gatekeeperChecksSender()
 writer effect     -> contracts/party/PartyGovernanceNFT.sol:230
 written member    -> ('SV', 'contracts/party/PartyGovernance.sol', 'PartyGovernance._governanceValues')
 potentially stale -> ('MS', 'contracts/party/PartyGovernanceNFT.sol', 'PartyGovernanceNFT.isAuthority', '$sender')
 reader witnesses  -> 183
 storage exposures -> 1
[MV-SI candidate b2caeca26abe618e2ae8] {_governanceValues, votingPowerByTokenId[$arg0]}
 writer root       -> sol-tests/crowdfund/InitialETHCrowdfund.t.sol::InitialETHCrowdfundTest.test_contribute_withFundingSplit()
 writer effect     -> contracts/party/PartyGovernanceNFT.sol:230
 written member    -> ('SV', 'contracts/party/PartyGovernance.sol', 'PartyGovernance._governanceValues')
 potentially stale -> ('MS', 'contracts/party/PartyGovernanceNFT.sol', 'PartyGovernanceNFT.votingPowerByTokenId', '$arg0')
 reader witnesses  -> 249
 storage exposures -> 1
[MV-SI candidate b300a3006faf94b05fda] {minTotalContributions, totalContributions}
 writer root       -> sol-tests/crowdfund/InitialETHCrowdfund.t.sol::InitialETHCrowdfundTest.test_contribute_noVotingPower()
 writer effect     -> contracts/crowdfund/ETHCrowdfundBase.sol:226
 written member    -> ('SV', 'contracts/crowdfund/ETHCrowdfundBase.sol', 'ETHCrowdfundBase.totalContributions')
 potentially stale -> ('SV', 'contracts/crowdfund/ETHCrowdfundBase.sol', 'ETHCrowdfundBase.minTotalContributions')
 reader witnesses  -> 94
 storage exposures -> 1
[MV-SI candidate b30d71bddcbabfaa5473] {maxTotalContributions, totalContributions}
 writer root       -> sol-tests/crowdfund/InitialETHCrowdfund.t.sol::InitialETHCrowdfundTest.test_contribute_cannotDelegateToZeroAddress()
 writer effect     -> contracts/crowdfund/ETHCrowdfundBase.sol:226
 written member    -> ('SV', 'contracts/crowdfund/ETHCrowdfundBase.sol', 'ETHCrowdfundBase.totalContributions')
 potentially stale -> ('SV', 'contracts/crowdfund/ETHCrowdfundBase.sol', 'ETHCrowdfundBase.maxTotalContributions')
 reader witnesses  -> 264
 storage exposures -> 1
[MV-SI candidate b3166e0836bbb5cc6d97] {minTotalContributions, totalContributions}
 writer root       -> sol-tests/crowdfund/InitialETHCrowdfund.t.sol::InitialETHCrowdfundTest.test_sendFundingSplit_cannotSendIfNoFundingSplit()
 writer effect     -> contracts/crowdfund/ETHCrowdfundBase.sol:212
 written member    -> ('SV', 'contracts/crowdfund/ETHCrowdfundBase.sol', 'ETHCrowdfundBase.totalContributions')
 potentially stale -> ('SV', 'contracts/crowdfund/ETHCrowdfundBase.sol', 'ETHCrowdfundBase.minTotalContributions')
 reader witnesses  -> 94
 storage exposures -> 1
[MV-SI candidate b32a462af52a81532699] {maxTotalContributions, totalContributions}
 writer root       -> sol-tests/crowdfund/ReraiseETHCrowdfund.t.sol::ReraiseETHCrowdfundTest.test_claim_addVotingPowerToExistingCard()
 writer effect     -> contracts/crowdfund/ETHCrowdfundBase.sol:212
 written member    -> ('SV', 'contracts/crowdfund/ETHCrowdfundBase.sol', 'ETHCrowdfundBase.totalContributions')
 potentially stale -> ('SV', 'contracts/crowdfund/ETHCrowdfundBase.sol', 'ETHCrowdfundBase.maxTotalContributions')
 reader witnesses  -> 324
 storage exposures -> 1
[MV-SI candidate b36bbb7cb0f83d1b6c59] {exchangeRateBps, fundingSplitBps, maxTotalContributions, totalContributions}
 writer root       -> sol-tests/crowdfund/ReraiseETHCrowdfund.t.sol::ReraiseETHCrowdfundTest.test_claim_mintNewCard_withDisableContributingForExistingCard()
 writer effect     -> contracts/crowdfund/ETHCrowdfundBase.sol:226
 written member    -> ('SV', 'contracts/crowdfund/ETHCrowdfundBase.sol', 'ETHCrowdfundBase.totalContributions')
 potentially stale -> ('SV', 'contracts/crowdfund/ETHCrowdfundBase.sol', 'ETHCrowdfundBase.exchangeRateBps'), ('SV', 'contracts/crowdfund/ETHCrowdfundBase.sol', 'ETHCrowdfundBase.fundingSplitBps'), ('SV', 'contracts/crowdfund/ETHCrowdfundBase.sol', 'ETHCrowdfundBase.maxTotalContributions')
 reader witnesses  -> 2849
 storage exposures -> 1
[MV-SI candidate b36c055b2eb11de52843] {exchangeRateBps, fundingSplitBps, maxTotalContributions, totalContributions}
 writer root       -> sol-tests/crowdfund/ReraiseETHCrowdfund.t.sol::ReraiseETHCrowdfundTest.test_crowdfundCardTokenURI_whileCrowdfundFinalized()
 writer effect     -> contracts/crowdfund/ETHCrowdfundBase.sol:212
 written member    -> ('SV', 'contracts/crowdfund/ETHCrowdfundBase.sol', 'ETHCrowdfundBase.totalContributions')
 potentially stale -> ('SV', 'contracts/crowdfund/ETHCrowdfundBase.sol', 'ETHCrowdfundBase.exchangeRateBps'), ('SV', 'contracts/crowdfund/ETHCrowdfundBase.sol', 'ETHCrowdfundBase.fundingSplitBps'), ('SV', 'contracts/crowdfund/ETHCrowdfundBase.sol', 'ETHCrowdfundBase.maxTotalContributions')
 reader witnesses  -> 2849
 storage exposures -> 1
[MV-SI candidate b37d35f4d49bf52f61f8] {_governanceValues, isAuthority[$sender]}
 writer root       -> sol-tests/crowdfund/ReraiseETHCrowdfund.t.sol::ReraiseETHCrowdfundTest.test_crowdfundCardTokenURI_whileCrowdfundActive()
 writer effect     -> contracts/party/PartyGovernanceNFT.sol:230
 written member    -> ('SV', 'contracts/party/PartyGovernance.sol', 'PartyGovernance._governanceValues')
 potentially stale -> ('MS', 'contracts/party/PartyGovernanceNFT.sol', 'PartyGovernanceNFT.isAuthority', '$sender')
 reader witnesses  -> 183
 storage exposures -> 1
[MV-SI candidate b3871fc10c29054321e5] {minTotalContributions, totalContributions}
 writer root       -> contracts/crowdfund/ReraiseETHCrowdfund.sol::ReraiseETHCrowdfund.contribute(address,bytes)
 writer effect     -> contracts/crowdfund/ETHCrowdfundBase.sol:226
 written member    -> ('SV', 'contracts/crowdfund/ETHCrowdfundBase.sol', 'ETHCrowdfundBase.totalContributions')
 potentially stale -> ('SV', 'contracts/crowdfund/ETHCrowdfundBase.sol', 'ETHCrowdfundBase.minTotalContributions')
 reader witnesses  -> 118
 storage exposures -> 1
[MV-SI candidate b3a28f8ed6d7d978ad1a] {maxTotalContributions, minContribution, totalContributions}
 writer root       -> sol-tests/crowdfund/InitialETHCrowdfund.t.sol::InitialETHCrowdfundTest.test_sendFundingSplit_works()
 writer effect     -> contracts/crowdfund/ETHCrowdfundBase.sol:212
 written member    -> ('SV', 'contracts/crowdfund/ETHCrowdfundBase.sol', 'ETHCrowdfundBase.totalContributions')
 potentially stale -> ('SV', 'contracts/crowdfund/ETHCrowdfundBase.sol', 'ETHCrowdfundBase.maxTotalContributions'), ('SV', 'contracts/crowdfund/ETHCrowdfundBase.sol', 'ETHCrowdfundBase.minContribution')
 reader witnesses  -> 175
 storage exposures -> 1
[MV-SI candidate b3e041f9f34e46208dd8] {maxTotalContributions, minContribution, totalContributions}
 writer root       -> sol-tests/crowdfund/ReraiseETHCrowdfund.t.sol::ReraiseETHCrowdfundTest.test_claimMultiple_works()
 writer effect     -> contracts/crowdfund/ETHCrowdfundBase.sol:226
 written member    -> ('SV', 'contracts/crowdfund/ETHCrowdfundBase.sol', 'ETHCrowdfundBase.totalContributions')
 potentially stale -> ('SV', 'contracts/crowdfund/ETHCrowdfundBase.sol', 'ETHCrowdfundBase.maxTotalContributions'), ('SV', 'contracts/crowdfund/ETHCrowdfundBase.sol', 'ETHCrowdfundBase.minContribution')
 reader witnesses  -> 220
 storage exposures -> 1
[MV-SI candidate b3e08f05ba8834e39d52] {maxTotalContributions, minContribution, totalContributions}
 writer root       -> contracts/crowdfund/InitialETHCrowdfund.sol::InitialETHCrowdfund.initialize(InitialETHCrowdfund.InitialETHCrowdfundOptions,InitialETHCrowdfund.ETHPartyOptions)
 writer effect     -> contracts/crowdfund/ETHCrowdfundBase.sol:226
 written member    -> ('SV', 'contracts/crowdfund/ETHCrowdfundBase.sol', 'ETHCrowdfundBase.totalContributions')
 potentially stale -> ('SV', 'contracts/crowdfund/ETHCrowdfundBase.sol', 'ETHCrowdfundBase.maxTotalContributions'), ('SV', 'contracts/crowdfund/ETHCrowdfundBase.sol', 'ETHCrowdfundBase.minContribution')
 reader witnesses  -> 175
 storage exposures -> 1
[MV-SI candidate b3f71012f671a2142867] {_governanceValues, isAuthority[$sender]}
 writer root       -> sol-tests/crowdfund/ReraiseETHCrowdfund.t.sol::ReraiseETHCrowdfundTest.test_claim_aboveMax()
 writer effect     -> contracts/party/PartyGovernanceNFT.sol:230
 written member    -> ('SV', 'contracts/party/PartyGovernance.sol', 'PartyGovernance._governanceValues')
 potentially stale -> ('MS', 'contracts/party/PartyGovernanceNFT.sol', 'PartyGovernanceNFT.isAuthority', '$sender')
 reader witnesses  -> 183
 storage exposures -> 1
[MV-SI candidate b402dc00b8fc76f5f88b] {_governanceValues, votingPowerByTokenId[$arg0]}
 writer root       -> contracts/party/PartyGovernanceNFT.sol::PartyGovernanceNFT.burn(uint256)
 writer effect     -> contracts/party/PartyGovernanceNFT.sol:258
 written member    -> ('SV', 'contracts/party/PartyGovernance.sol', 'PartyGovernance._governanceValues')
 potentially stale -> ('MS', 'contracts/party/PartyGovernanceNFT.sol', 'PartyGovernanceNFT.votingPowerByTokenId', '$arg0')
 reader witnesses  -> 249
 storage exposures -> 1
[MV-SI candidate b4030e6e6b1ca7dc624d] {maxTotalContributions, minContribution, totalContributions}
 writer root       -> sol-tests/crowdfund/InitialETHCrowdfund.t.sol::InitialETHCrowdfundTest.test_partyCardTokenURI_whileCrowdfundWon()
 writer effect     -> contracts/crowdfund/ETHCrowdfundBase.sol:226
 written member    -> ('SV', 'contracts/crowdfund/ETHCrowdfundBase.sol', 'ETHCrowdfundBase.totalContributions')
 potentially stale -> ('SV', 'contracts/crowdfund/ETHCrowdfundBase.sol', 'ETHCrowdfundBase.maxTotalContributions'), ('SV', 'contracts/crowdfund/ETHCrowdfundBase.sol', 'ETHCrowdfundBase.minContribution')
 reader witnesses  -> 175
 storage exposures -> 1
[MV-SI candidate b4395f741a80ffd39fdc] {_governanceValues, mintedVotingPower}
 writer root       -> sol-tests/crowdfund/ReraiseETHCrowdfund.t.sol::ReraiseETHCrowdfundTest.test_sendFundingSplit_cannotSendTwice()
 writer effect     -> contracts/party/PartyGovernanceNFT.sol:230
 written member    -> ('SV', 'contracts/party/PartyGovernance.sol', 'PartyGovernance._governanceValues')
 potentially stale -> ('SV', 'contracts/party/PartyGovernanceNFT.sol', 'PartyGovernanceNFT.mintedVotingPower')
 reader witnesses  -> 722
 storage exposures -> 1
[MV-SI candidate b4835d4b4f91431bcc8c] {minTotalContributions, totalContributions}
 writer root       -> sol-tests/crowdfund/ReraiseETHCrowdfund.t.sol::ReraiseETHCrowdfundTest.test_batchContribute_works()
 writer effect     -> contracts/crowdfund/ETHCrowdfundBase.sol:226
 written member    -> ('SV', 'contracts/crowdfund/ETHCrowdfundBase.sol', 'ETHCrowdfundBase.totalContributions')
 potentially stale -> ('SV', 'contracts/crowdfund/ETHCrowdfundBase.sol', 'ETHCrowdfundBase.minTotalContributions')
 reader witnesses  -> 118
 storage exposures -> 1
[MV-SI candidate b4f4e280c583a1c628e1] {maxTotalContributions, totalContributions}
 writer root       -> sol-tests/crowdfund/ReraiseETHCrowdfund.t.sol::ReraiseETHCrowdfundTest.test_claimMultiple_works()
 writer effect     -> contracts/crowdfund/ETHCrowdfundBase.sol:226
 written member    -> ('SV', 'contracts/crowdfund/ETHCrowdfundBase.sol', 'ETHCrowdfundBase.totalContributions')
 potentially stale -> ('SV', 'contracts/crowdfund/ETHCrowdfundBase.sol', 'ETHCrowdfundBase.maxTotalContributions')
 reader witnesses  -> 324
 storage exposures -> 1
[MV-SI candidate b510f9c4a9ad75dd3a38] {_governanceValues, mintedVotingPower}
 writer root       -> sol-tests/utils/PartyGovernanceHelpers.t.sol::PartyGovernanceHelpersTest.testGetNftInfos()
 writer effect     -> contracts/party/PartyGovernanceNFT.sol:186
 written member    -> ('SV', 'contracts/party/PartyGovernanceNFT.sol', 'PartyGovernanceNFT.mintedVotingPower')
 potentially stale -> ('SV', 'contracts/party/PartyGovernance.sol', 'PartyGovernance._governanceValues')
 reader witnesses  -> 594
 storage exposures -> 1
[MV-SI candidate b525a41dc7d24bb46704] {_governanceValues, isAuthority[$sender]}
 writer root       -> sol-tests/party/PartyGovernanceNFT.t.sol::PartyGovernanceNFTTest.testBurn_revertsIfNotCalledByOwnerOrApproved()
 writer effect     -> contracts/party/PartyGovernanceNFT.sol:258
 written member    -> ('SV', 'contracts/party/PartyGovernance.sol', 'PartyGovernance._governanceValues')
 potentially stale -> ('MS', 'contracts/party/PartyGovernanceNFT.sol', 'PartyGovernanceNFT.isAuthority', '$sender')
 reader witnesses  -> 183
 storage exposures -> 1
[MV-SI candidate b52cbbed010823d75ef3] {_governanceValues, mintedVotingPower}
 writer root       -> sol-tests/crowdfund/ReraiseETHCrowdfund.t.sol::ReraiseETHCrowdfundTest.test_claim_addVotingPowerToExistingCard()
 writer effect     -> contracts/party/PartyGovernanceNFT.sol:218
 written member    -> ('SV', 'contracts/party/PartyGovernanceNFT.sol', 'PartyGovernanceNFT.mintedVotingPower')
 potentially stale -> ('SV', 'contracts/party/PartyGovernance.sol', 'PartyGovernance._governanceValues')
 reader witnesses  -> 594
 storage exposures -> 1
[MV-SI candidate b57ac522dd5878275dd8] {_governanceValues, votingPowerByTokenId[$arg0]}
 writer root       -> sol-tests/crowdfund/InitialETHCrowdfund.t.sol::InitialETHCrowdfundTest.test_finalize_onlyHostCanFinalizeEarlyWhenActive()
 writer effect     -> contracts/party/PartyGovernanceNFT.sol:219
 written member    -> ('MS', 'contracts/party/PartyGovernanceNFT.sol', 'PartyGovernanceNFT.votingPowerByTokenId', '$arg0')
 potentially stale -> ('SV', 'contracts/party/PartyGovernance.sol', 'PartyGovernance._governanceValues')
 reader witnesses  -> 891
 storage exposures -> 1
[MV-SI candidate b5ca7da3777fd2a21ea6] {minTotalContributions, totalContributions}
 writer root       -> sol-tests/crowdfund/ReraiseETHCrowdfund.t.sol::ReraiseETHCrowdfundTest.test_contributeFor_works()
 writer effect     -> contracts/crowdfund/ETHCrowdfundBase.sol:212
 written member    -> ('SV', 'contracts/crowdfund/ETHCrowdfundBase.sol', 'ETHCrowdfundBase.totalContributions')
 potentially stale -> ('SV', 'contracts/crowdfund/ETHCrowdfundBase.sol', 'ETHCrowdfundBase.minTotalContributions')
 reader witnesses  -> 118
 storage exposures -> 1
[MV-SI candidate b5eaca71309d274ec815] {minTotalContributions, totalContributions}
 writer root       -> sol-tests/crowdfund/ReraiseETHCrowdfund.t.sol::ReraiseETHCrowdfundTest.test_refund_notLost()
 writer effect     -> contracts/crowdfund/ETHCrowdfundBase.sol:226
 written member    -> ('SV', 'contracts/crowdfund/ETHCrowdfundBase.sol', 'ETHCrowdfundBase.totalContributions')
 potentially stale -> ('SV', 'contracts/crowdfund/ETHCrowdfundBase.sol', 'ETHCrowdfundBase.minTotalContributions')
 reader witnesses  -> 118
 storage exposures -> 1
[MV-SI candidate b62407f78d9dfa14433e] {_governanceValues, votingPowerByTokenId[$arg0]}
 writer root       -> sol-tests/crowdfund/ReraiseETHCrowdfund.t.sol::ReraiseETHCrowdfundTest.test_contribute_smallAmountWithFundingSplit()
 writer effect     -> contracts/party/PartyGovernanceNFT.sol:230
 written member    -> ('SV', 'contracts/party/PartyGovernance.sol', 'PartyGovernance._governanceValues')
 potentially stale -> ('MS', 'contracts/party/PartyGovernanceNFT.sol', 'PartyGovernanceNFT.votingPowerByTokenId', '$arg0')
 reader witnesses  -> 249
 storage exposures -> 1
[MV-SI candidate b66b9cb54e171fec1c9e] {_governanceValues, mintedVotingPower}
 writer root       -> contracts/crowdfund/InitialETHCrowdfund.sol::InitialETHCrowdfund.batchContribute(InitialETHCrowdfund.BatchContributeArgs)
 writer effect     -> contracts/party/PartyGovernanceNFT.sol:230
 written member    -> ('SV', 'contracts/party/PartyGovernance.sol', 'PartyGovernance._governanceValues')
 potentially stale -> ('SV', 'contracts/party/PartyGovernanceNFT.sol', 'PartyGovernanceNFT.mintedVotingPower')
 reader witnesses  -> 722
 storage exposures -> 1
[MV-SI candidate b67a5e4809230bec39ac] {_governanceValues, votingPowerByTokenId[$arg0]}
 writer root       -> sol-tests/crowdfund/InitialETHCrowdfund.t.sol::InitialETHCrowdfundTest.test_refund_twice()
 writer effect     -> contracts/party/PartyGovernanceNFT.sol:230
 written member    -> ('SV', 'contracts/party/PartyGovernance.sol', 'PartyGovernance._governanceValues')
 potentially stale -> ('MS', 'contracts/party/PartyGovernanceNFT.sol', 'PartyGovernanceNFT.votingPowerByTokenId', '$arg0')
 reader witnesses  -> 249
 storage exposures -> 1
[MV-SI candidate b6c88404befc4e48c50f] {exchangeRateBps, fundingSplitBps, maxTotalContributions, totalContributions}
 writer root       -> sol-tests/crowdfund/InitialETHCrowdfund.t.sol::InitialETHCrowdfundTest.test_contribute_noVotingPower()
 writer effect     -> contracts/crowdfund/ETHCrowdfundBase.sol:226
 written member    -> ('SV', 'contracts/crowdfund/ETHCrowdfundBase.sol', 'ETHCrowdfundBase.totalContributions')
 potentially stale -> ('SV', 'contracts/crowdfund/ETHCrowdfundBase.sol', 'ETHCrowdfundBase.exchangeRateBps'), ('SV', 'contracts/crowdfund/ETHCrowdfundBase.sol', 'ETHCrowdfundBase.fundingSplitBps'), ('SV', 'contracts/crowdfund/ETHCrowdfundBase.sol', 'ETHCrowdfundBase.maxTotalContributions')
 reader witnesses  -> 2219
 storage exposures -> 1
[MV-SI candidate b6dcb1bfe75ed2897931] {_governanceValues, mintedVotingPower}
 writer root       -> sol-tests/crowdfund/Crowdfund.t.sol::CrowdfundTest.testLoss_oneContributor_cannotBurnTwice()
 writer effect     -> contracts/party/PartyGovernanceNFT.sol:186
 written member    -> ('SV', 'contracts/party/PartyGovernanceNFT.sol', 'PartyGovernanceNFT.mintedVotingPower')
 potentially stale -> ('SV', 'contracts/party/PartyGovernance.sol', 'PartyGovernance._governanceValues')
 reader witnesses  -> 594
 storage exposures -> 1
[MV-SI candidate b6f71988c2f2722c9c01] {minTotalContributions, totalContributions}
 writer root       -> sol-tests/crowdfund/ReraiseETHCrowdfund.t.sol::ReraiseETHCrowdfundTest.test_finalize_belowMinTotalContributions()
 writer effect     -> contracts/crowdfund/ETHCrowdfundBase.sol:212
 written member    -> ('SV', 'contracts/crowdfund/ETHCrowdfundBase.sol', 'ETHCrowdfundBase.totalContributions')
 potentially stale -> ('SV', 'contracts/crowdfund/ETHCrowdfundBase.sol', 'ETHCrowdfundBase.minTotalContributions')
 reader witnesses  -> 118
 storage exposures -> 1
[MV-SI candidate b708252a195b258a16cf] {_governanceValues, mintedVotingPower}
 writer root       -> sol-tests/proposals/ListOnZoraProposalIntegration.t.sol::ListOnZoraProposalIntegrationTest.testForked_simpleZora()
 writer effect     -> contracts/party/PartyGovernanceNFT.sol:186
 written member    -> ('SV', 'contracts/party/PartyGovernanceNFT.sol', 'PartyGovernanceNFT.mintedVotingPower')
 potentially stale -> ('SV', 'contracts/party/PartyGovernance.sol', 'PartyGovernance._governanceValues')
 reader witnesses  -> 594
 storage exposures -> 1
[MV-SI candidate b74c40ba2083bf6cd2dd] {exchangeRateBps, fundingSplitBps, maxTotalContributions, totalContributions}
 writer root       -> sol-tests/crowdfund/ReraiseETHCrowdfund.t.sol::ReraiseETHCrowdfundTest.test_contribute_aboveMaxTotalContributionWhenWhenContributionBelowMinContributionAfterRefund()
 writer effect     -> contracts/crowdfund/ETHCrowdfundBase.sol:226
 written member    -> ('SV', 'contracts/crowdfund/ETHCrowdfundBase.sol', 'ETHCrowdfundBase.totalContributions')
 potentially stale -> ('SV', 'contracts/crowdfund/ETHCrowdfundBase.sol', 'ETHCrowdfundBase.exchangeRateBps'), ('SV', 'contracts/crowdfund/ETHCrowdfundBase.sol', 'ETHCrowdfundBase.fundingSplitBps'), ('SV', 'contracts/crowdfund/ETHCrowdfundBase.sol', 'ETHCrowdfundBase.maxTotalContributions')
 reader witnesses  -> 2849
 storage exposures -> 1
[MV-SI candidate b74deccc4f0cc7793c61] {maxTotalContributions, minContribution, totalContributions}
 writer root       -> sol-tests/crowdfund/ReraiseETHCrowdfund.t.sol::ReraiseETHCrowdfundTest.test_claim_aboveMax()
 writer effect     -> contracts/crowdfund/ETHCrowdfundBase.sol:226
 written member    -> ('SV', 'contracts/crowdfund/ETHCrowdfundBase.sol', 'ETHCrowdfundBase.totalContributions')
 potentially stale -> ('SV', 'contracts/crowdfund/ETHCrowdfundBase.sol', 'ETHCrowdfundBase.maxTotalContributions'), ('SV', 'contracts/crowdfund/ETHCrowdfundBase.sol', 'ETHCrowdfundBase.minContribution')
 reader witnesses  -> 220
 storage exposures -> 1
[MV-SI candidate b76301bbebee512ef09a] {maxTotalContributions, totalContributions}
 writer root       -> contracts/crowdfund/ReraiseETHCrowdfund.sol::ReraiseETHCrowdfund.initialize(ETHCrowdfundBase.ETHCrowdfundOptions)
 writer effect     -> contracts/crowdfund/ETHCrowdfundBase.sol:226
 written member    -> ('SV', 'contracts/crowdfund/ETHCrowdfundBase.sol', 'ETHCrowdfundBase.totalContributions')
 potentially stale -> ('SV', 'contracts/crowdfund/ETHCrowdfundBase.sol', 'ETHCrowdfundBase.maxTotalContributions')
 reader witnesses  -> 324
 storage exposures -> 1
[MV-SI candidate b7c04f298d661f17e6bb] {maxTotalContributions, totalContributions}
 writer root       -> sol-tests/crowdfund/ReraiseETHCrowdfund.t.sol::ReraiseETHCrowdfundTest.test_sendFundingSplit_cannotSendIfNoFundingSplit()
 writer effect     -> contracts/crowdfund/ETHCrowdfundBase.sol:212
 written member    -> ('SV', 'contracts/crowdfund/ETHCrowdfundBase.sol', 'ETHCrowdfundBase.totalContributions')
 potentially stale -> ('SV', 'contracts/crowdfund/ETHCrowdfundBase.sol', 'ETHCrowdfundBase.maxTotalContributions')
 reader witnesses  -> 324
 storage exposures -> 1
[MV-SI candidate b7d5fb1eedcc6af5115c] {_governanceValues, isAuthority[$sender]}
 writer root       -> sol-tests/party/PartyGovernanceNFT.t.sol::PartyGovernanceNFTTest.testRageQuit_cannotReenter()
 writer effect     -> contracts/party/PartyGovernanceNFT.sol:258
 written member    -> ('SV', 'contracts/party/PartyGovernance.sol', 'PartyGovernance._governanceValues')
 potentially stale -> ('MS', 'contracts/party/PartyGovernanceNFT.sol', 'PartyGovernanceNFT.isAuthority', '$sender')
 reader witnesses  -> 183
 storage exposures -> 1
[MV-SI candidate b80d2d8dac60ce15c5a7] {maxTotalContributions, minContribution, totalContributions}
 writer root       -> sol-tests/crowdfund/InitialETHCrowdfund.t.sol::InitialETHCrowdfundTest.test_sendFundingSplit_works()
 writer effect     -> contracts/crowdfund/ETHCrowdfundBase.sol:226
 written member    -> ('SV', 'contracts/crowdfund/ETHCrowdfundBase.sol', 'ETHCrowdfundBase.totalContributions')
 potentially stale -> ('SV', 'contracts/crowdfund/ETHCrowdfundBase.sol', 'ETHCrowdfundBase.maxTotalContributions'), ('SV', 'contracts/crowdfund/ETHCrowdfundBase.sol', 'ETHCrowdfundBase.minContribution')
 reader witnesses  -> 175
 storage exposures -> 1
[MV-SI candidate b82e618b782d79443611] {_governanceValues, isAuthority[$sender]}
 writer root       -> sol-tests/crowdfund/ReraiseETHCrowdfund.t.sol::ReraiseETHCrowdfundTest.test_expiry_lost()
 writer effect     -> contracts/party/PartyGovernanceNFT.sol:230
 written member    -> ('SV', 'contracts/party/PartyGovernance.sol', 'PartyGovernance._governanceValues')
 potentially stale -> ('MS', 'contracts/party/PartyGovernanceNFT.sol', 'PartyGovernanceNFT.isAuthority', '$sender')
 reader witnesses  -> 183
 storage exposures -> 1
[MV-SI candidate b8ef35628370c1f0517d] {_governanceValues, votingPowerByTokenId[$arg0]}
 writer root       -> sol-tests/crowdfund/ReraiseETHCrowdfund.t.sol::ReraiseETHCrowdfundTest.test_contribute_noContribution()
 writer effect     -> contracts/party/PartyGovernanceNFT.sol:230
 written member    -> ('SV', 'contracts/party/PartyGovernance.sol', 'PartyGovernance._governanceValues')
 potentially stale -> ('MS', 'contracts/party/PartyGovernanceNFT.sol', 'PartyGovernanceNFT.votingPowerByTokenId', '$arg0')
 reader witnesses  -> 249
 storage exposures -> 1
[MV-SI candidate b924d1c4723653ff0bbf] {minTotalContributions, totalContributions}
 writer root       -> contracts/crowdfund/ReraiseETHCrowdfund.sol::ReraiseETHCrowdfund.contributeFor(address,address,bytes)
 writer effect     -> contracts/crowdfund/ETHCrowdfundBase.sol:212
 written member    -> ('SV', 'contracts/crowdfund/ETHCrowdfundBase.sol', 'ETHCrowdfundBase.totalContributions')
 potentially stale -> ('SV', 'contracts/crowdfund/ETHCrowdfundBase.sol', 'ETHCrowdfundBase.minTotalContributions')
 reader witnesses  -> 118
 storage exposures -> 1
[MV-SI candidate b9f64faf1ab452f7a729] {maxTotalContributions, minContribution, totalContributions}
 writer root       -> sol-tests/crowdfund/ReraiseETHCrowdfund.t.sol::ReraiseETHCrowdfundTest.test_finalize_anyoneCanFinalizeWhenExpired()
 writer effect     -> contracts/crowdfund/ETHCrowdfundBase.sol:212
 written member    -> ('SV', 'contracts/crowdfund/ETHCrowdfundBase.sol', 'ETHCrowdfundBase.totalContributions')
 potentially stale -> ('SV', 'contracts/crowdfund/ETHCrowdfundBase.sol', 'ETHCrowdfundBase.maxTotalContributions'), ('SV', 'contracts/crowdfund/ETHCrowdfundBase.sol', 'ETHCrowdfundBase.minContribution')
 reader witnesses  -> 220
 storage exposures -> 1
[MV-SI candidate ba25546e05d3e702b396] {_governanceValues, mintedVotingPower}
 writer root       -> sol-tests/crowdfund/InitialETHCrowdfund.t.sol::InitialETHCrowdfundTest.test_initialization_cannotReinitialize()
 writer effect     -> contracts/party/PartyGovernanceNFT.sol:186
 written member    -> ('SV', 'contracts/party/PartyGovernanceNFT.sol', 'PartyGovernanceNFT.mintedVotingPower')
 potentially stale -> ('SV', 'contracts/party/PartyGovernance.sol', 'PartyGovernance._governanceValues')
 reader witnesses  -> 594
 storage exposures -> 1
[MV-SI candidate ba4b91c14f4a00ec9efc] {maxTotalContributions, minContribution, totalContributions}
 writer root       -> sol-tests/crowdfund/ReraiseETHCrowdfund.t.sol::ReraiseETHCrowdfundTest.test_finalize_belowMinTotalContributions()
 writer effect     -> contracts/crowdfund/ETHCrowdfundBase.sol:226
 written member    -> ('SV', 'contracts/crowdfund/ETHCrowdfundBase.sol', 'ETHCrowdfundBase.totalContributions')
 potentially stale -> ('SV', 'contracts/crowdfund/ETHCrowdfundBase.sol', 'ETHCrowdfundBase.maxTotalContributions'), ('SV', 'contracts/crowdfund/ETHCrowdfundBase.sol', 'ETHCrowdfundBase.minContribution')
 reader witnesses  -> 220
 storage exposures -> 1
[MV-SI candidate ba584ed03d73323c636d] {minTotalContributions, totalContributions}
 writer root       -> sol-tests/crowdfund/ReraiseETHCrowdfund.t.sol::ReraiseETHCrowdfundTest.test_batchRefund_works()
 writer effect     -> contracts/crowdfund/ETHCrowdfundBase.sol:226
 written member    -> ('SV', 'contracts/crowdfund/ETHCrowdfundBase.sol', 'ETHCrowdfundBase.totalContributions')
 potentially stale -> ('SV', 'contracts/crowdfund/ETHCrowdfundBase.sol', 'ETHCrowdfundBase.minTotalContributions')
 reader witnesses  -> 118
 storage exposures -> 1
[MV-SI candidate baacecde0cb7ac9b4315] {_governanceValues, isAuthority[$sender]}
 writer root       -> sol-tests/crowdfund/InitialETHCrowdfund.t.sol::InitialETHCrowdfundTest.test_contribute_mintNewCard()
 writer effect     -> contracts/party/PartyGovernanceNFT.sol:230
 written member    -> ('SV', 'contracts/party/PartyGovernance.sol', 'PartyGovernance._governanceValues')
 potentially stale -> ('MS', 'contracts/party/PartyGovernanceNFT.sol', 'PartyGovernanceNFT.isAuthority', '$sender')
 reader witnesses  -> 183
 storage exposures -> 1
[MV-SI candidate bbc6d549d831950264bf] {_governanceValues, votingPowerByTokenId[$arg0]}
 writer root       -> sol-tests/crowdfund/InitialETHCrowdfund.t.sol::InitialETHCrowdfundTest.test_initialization_cannotReinitialize()
 writer effect     -> contracts/party/PartyGovernanceNFT.sol:230
 written member    -> ('SV', 'contracts/party/PartyGovernance.sol', 'PartyGovernance._governanceValues')
 potentially stale -> ('MS', 'contracts/party/PartyGovernanceNFT.sol', 'PartyGovernanceNFT.votingPowerByTokenId', '$arg0')
 reader witnesses  -> 249
 storage exposures -> 1
[MV-SI candidate bc243d64becc499fb18f] {minTotalContributions, totalContributions}
 writer root       -> sol-tests/crowdfund/InitialETHCrowdfund.t.sol::InitialETHCrowdfundTest.test_finalize_onlyHostCanFinalizeEarlyWhenActive()
 writer effect     -> contracts/crowdfund/ETHCrowdfundBase.sol:226
 written member    -> ('SV', 'contracts/crowdfund/ETHCrowdfundBase.sol', 'ETHCrowdfundBase.totalContributions')
 potentially stale -> ('SV', 'contracts/crowdfund/ETHCrowdfundBase.sol', 'ETHCrowdfundBase.minTotalContributions')
 reader witnesses  -> 94
 storage exposures -> 1
[MV-SI candidate bc49b33b05bf1ed87596] {_governanceValues, mintedVotingPower}
 writer root       -> sol-tests/crowdfund/ReraiseETHCrowdfund.t.sol::ReraiseETHCrowdfundTest.test_finalize_belowMinTotalContributions()
 writer effect     -> contracts/party/PartyGovernanceNFT.sol:230
 written member    -> ('SV', 'contracts/party/PartyGovernance.sol', 'PartyGovernance._governanceValues')
 potentially stale -> ('SV', 'contracts/party/PartyGovernanceNFT.sol', 'PartyGovernanceNFT.mintedVotingPower')
 reader witnesses  -> 722
 storage exposures -> 1
[MV-SI candidate bc80cd8fdbd28cf8b0d0] {_governanceValues, mintedVotingPower}
 writer root       -> sol-tests/crowdfund/ReraiseETHCrowdfund.t.sol::ReraiseETHCrowdfundTest.test_contribute_aboveMaxTotalContribution()
 writer effect     -> contracts/party/PartyGovernanceNFT.sol:230
 written member    -> ('SV', 'contracts/party/PartyGovernance.sol', 'PartyGovernance._governanceValues')
 potentially stale -> ('SV', 'contracts/party/PartyGovernanceNFT.sol', 'PartyGovernanceNFT.mintedVotingPower')
 reader witnesses  -> 722
 storage exposures -> 1
[MV-SI candidate bca513927e999729e66c] {exchangeRateBps, fundingSplitBps, maxTotalContributions, totalContributions}
 writer root       -> sol-tests/crowdfund/ReraiseETHCrowdfund.t.sol::ReraiseETHCrowdfundTest.test_claimMultiple_works()
 writer effect     -> contracts/crowdfund/ETHCrowdfundBase.sol:212
 written member    -> ('SV', 'contracts/crowdfund/ETHCrowdfundBase.sol', 'ETHCrowdfundBase.totalContributions')
 potentially stale -> ('SV', 'contracts/crowdfund/ETHCrowdfundBase.sol', 'ETHCrowdfundBase.exchangeRateBps'), ('SV', 'contracts/crowdfund/ETHCrowdfundBase.sol', 'ETHCrowdfundBase.fundingSplitBps'), ('SV', 'contracts/crowdfund/ETHCrowdfundBase.sol', 'ETHCrowdfundBase.maxTotalContributions')
 reader witnesses  -> 2849
 storage exposures -> 1
[MV-SI candidate bcabdd9cf5b10924dc65] {minTotalContributions, totalContributions}
 writer root       -> sol-tests/crowdfund/InitialETHCrowdfund.t.sol::InitialETHCrowdfundTest.test_sendFundingSplit_works()
 writer effect     -> contracts/crowdfund/ETHCrowdfundBase.sol:226
 written member    -> ('SV', 'contracts/crowdfund/ETHCrowdfundBase.sol', 'ETHCrowdfundBase.totalContributions')
 potentially stale -> ('SV', 'contracts/crowdfund/ETHCrowdfundBase.sol', 'ETHCrowdfundBase.minTotalContributions')
 reader witnesses  -> 94
 storage exposures -> 1
[MV-SI candidate bd5824043001bf08ee20] {exchangeRateBps, fundingSplitBps, maxTotalContributions, totalContributions}
 writer root       -> sol-tests/crowdfund/InitialETHCrowdfund.t.sol::InitialETHCrowdfundTest.test_batchRefund_works()
 writer effect     -> contracts/crowdfund/ETHCrowdfundBase.sol:226
 written member    -> ('SV', 'contracts/crowdfund/ETHCrowdfundBase.sol', 'ETHCrowdfundBase.totalContributions')
 potentially stale -> ('SV', 'contracts/crowdfund/ETHCrowdfundBase.sol', 'ETHCrowdfundBase.exchangeRateBps'), ('SV', 'contracts/crowdfund/ETHCrowdfundBase.sol', 'ETHCrowdfundBase.fundingSplitBps'), ('SV', 'contracts/crowdfund/ETHCrowdfundBase.sol', 'ETHCrowdfundBase.maxTotalContributions')
 reader witnesses  -> 2219
 storage exposures -> 1
[MV-SI candidate bd619367f6ae226e749f] {_governanceValues, mintedVotingPower}
 writer root       -> sol-tests/party/PartyGovernanceNFT.t.sol::PartyGovernanceNFTTest.testRageQuit_revertsIfNotOwner()
 writer effect     -> contracts/party/PartyGovernanceNFT.sol:254
 written member    -> ('SV', 'contracts/party/PartyGovernanceNFT.sol', 'PartyGovernanceNFT.mintedVotingPower')
 potentially stale -> ('SV', 'contracts/party/PartyGovernance.sol', 'PartyGovernance._governanceValues')
 reader witnesses  -> 594
 storage exposures -> 1
[MV-SI candidate bd6ebfaf84217edfc4a1] {maxTotalContributions, minContribution, totalContributions}
 writer root       -> sol-tests/crowdfund/InitialETHCrowdfund.t.sol::InitialETHCrowdfundTest.test_finalize_withFundingSplit()
 writer effect     -> contracts/crowdfund/ETHCrowdfundBase.sol:212
 written member    -> ('SV', 'contracts/crowdfund/ETHCrowdfundBase.sol', 'ETHCrowdfundBase.totalContributions')
 potentially stale -> ('SV', 'contracts/crowdfund/ETHCrowdfundBase.sol', 'ETHCrowdfundBase.maxTotalContributions'), ('SV', 'contracts/crowdfund/ETHCrowdfundBase.sol', 'ETHCrowdfundBase.minContribution')
 reader witnesses  -> 175
 storage exposures -> 1
[MV-SI candidate bdb19a8b2ba060cc9a6d] {maxTotalContributions, minContribution, totalContributions}
 writer root       -> sol-tests/crowdfund/ReraiseETHCrowdfund.t.sol::ReraiseETHCrowdfundTest.test_contribute_gatekeeperChecksSender()
 writer effect     -> contracts/crowdfund/ETHCrowdfundBase.sol:212
 written member    -> ('SV', 'contracts/crowdfund/ETHCrowdfundBase.sol', 'ETHCrowdfundBase.totalContributions')
 potentially stale -> ('SV', 'contracts/crowdfund/ETHCrowdfundBase.sol', 'ETHCrowdfundBase.maxTotalContributions'), ('SV', 'contracts/crowdfund/ETHCrowdfundBase.sol', 'ETHCrowdfundBase.minContribution')
 reader witnesses  -> 220
 storage exposures -> 1
[MV-SI candidate bdebfbca61690b76b624] {_governanceValues, mintedVotingPower}
 writer root       -> sol-tests/crowdfund/InitialETHCrowdfund.t.sol::InitialETHCrowdfundTest.test_batchRefund_works()
 writer effect     -> contracts/party/PartyGovernanceNFT.sol:230
 written member    -> ('SV', 'contracts/party/PartyGovernance.sol', 'PartyGovernance._governanceValues')
 potentially stale -> ('SV', 'contracts/party/PartyGovernanceNFT.sol', 'PartyGovernanceNFT.mintedVotingPower')
 reader witnesses  -> 722
 storage exposures -> 1
[MV-SI candidate be09486721576dc09ef6] {exchangeRateBps, fundingSplitBps, maxTotalContributions, totalContributions}
 writer root       -> sol-tests/crowdfund/ReraiseETHCrowdfund.t.sol::ReraiseETHCrowdfundTest.test_refund_notLost()
 writer effect     -> contracts/crowdfund/ETHCrowdfundBase.sol:212
 written member    -> ('SV', 'contracts/crowdfund/ETHCrowdfundBase.sol', 'ETHCrowdfundBase.totalContributions')
 potentially stale -> ('SV', 'contracts/crowdfund/ETHCrowdfundBase.sol', 'ETHCrowdfundBase.exchangeRateBps'), ('SV', 'contracts/crowdfund/ETHCrowdfundBase.sol', 'ETHCrowdfundBase.fundingSplitBps'), ('SV', 'contracts/crowdfund/ETHCrowdfundBase.sol', 'ETHCrowdfundBase.maxTotalContributions')
 reader witnesses  -> 2849
 storage exposures -> 1
[MV-SI candidate be306ae45c257053aae8] {maxTotalContributions, minContribution, totalContributions}
 writer root       -> sol-tests/crowdfund/InitialETHCrowdfund.t.sol::InitialETHCrowdfundTest.test_contribute_mintNewCard()
 writer effect     -> contracts/crowdfund/ETHCrowdfundBase.sol:212
 written member    -> ('SV', 'contracts/crowdfund/ETHCrowdfundBase.sol', 'ETHCrowdfundBase.totalContributions')
 potentially stale -> ('SV', 'contracts/crowdfund/ETHCrowdfundBase.sol', 'ETHCrowdfundBase.maxTotalContributions'), ('SV', 'contracts/crowdfund/ETHCrowdfundBase.sol', 'ETHCrowdfundBase.minContribution')
 reader witnesses  -> 175
 storage exposures -> 1
[MV-SI candidate be44022f7484bf69fb45] {maxTotalContributions, minContribution, totalContributions}
 writer root       -> sol-tests/crowdfund/ReraiseETHCrowdfund.t.sol::ReraiseETHCrowdfundTest.test_initialization_cannotReinitialize()
 writer effect     -> contracts/crowdfund/ETHCrowdfundBase.sol:127
 written member    -> ('SV', 'contracts/crowdfund/ETHCrowdfundBase.sol', 'ETHCrowdfundBase.minContribution')
 potentially stale -> ('SV', 'contracts/crowdfund/ETHCrowdfundBase.sol', 'ETHCrowdfundBase.maxTotalContributions'), ('SV', 'contracts/crowdfund/ETHCrowdfundBase.sol', 'ETHCrowdfundBase.totalContributions')
 reader witnesses  -> 273
 storage exposures -> 1
[MV-SI candidate be80ca49b60f48839a4f] {_governanceValues, votingPowerByTokenId[$arg0]}
 writer root       -> contracts/crowdfund/InitialETHCrowdfund.sol::InitialETHCrowdfund.batchContribute(InitialETHCrowdfund.BatchContributeArgs)
 writer effect     -> contracts/party/PartyGovernanceNFT.sol:230
 written member    -> ('SV', 'contracts/party/PartyGovernance.sol', 'PartyGovernance._governanceValues')
 potentially stale -> ('MS', 'contracts/party/PartyGovernanceNFT.sol', 'PartyGovernanceNFT.votingPowerByTokenId', '$arg0')
 reader witnesses  -> 249
 storage exposures -> 1
[MV-SI candidate be9c2dc6e89b6e17b655] {_governanceValues, mintedVotingPower}
 writer root       -> sol-tests/party/PartyGovernanceNFT.t.sol::PartyGovernanceNFTTest.testBurn_cannotBurnAndAcceptInSameBlock()
 writer effect     -> contracts/party/PartyGovernanceNFT.sol:258
 written member    -> ('SV', 'contracts/party/PartyGovernance.sol', 'PartyGovernance._governanceValues')
 potentially stale -> ('SV', 'contracts/party/PartyGovernanceNFT.sol', 'PartyGovernanceNFT.mintedVotingPower')
 reader witnesses  -> 722
 storage exposures -> 1
[MV-SI candidate be9ead64889fe69c61a2] {maxTotalContributions, totalContributions}
 writer root       -> sol-tests/crowdfund/InitialETHCrowdfund.t.sol::InitialETHCrowdfundTest.test_contributeFor_doesNotUpdateExistingDelegation()
 writer effect     -> contracts/crowdfund/ETHCrowdfundBase.sol:226
 written member    -> ('SV', 'contracts/crowdfund/ETHCrowdfundBase.sol', 'ETHCrowdfundBase.totalContributions')
 potentially stale -> ('SV', 'contracts/crowdfund/ETHCrowdfundBase.sol', 'ETHCrowdfundBase.maxTotalContributions')
 reader witnesses  -> 264
 storage exposures -> 1
[MV-SI candidate bed695583607ead544b0] {maxTotalContributions, minContribution, totalContributions}
 writer root       -> sol-tests/crowdfund/ReraiseETHCrowdfund.t.sol::ReraiseETHCrowdfundTest.test_expiry_lost()
 writer effect     -> contracts/crowdfund/ETHCrowdfundBase.sol:212
 written member    -> ('SV', 'contracts/crowdfund/ETHCrowdfundBase.sol', 'ETHCrowdfundBase.totalContributions')
 potentially stale -> ('SV', 'contracts/crowdfund/ETHCrowdfundBase.sol', 'ETHCrowdfundBase.maxTotalContributions'), ('SV', 'contracts/crowdfund/ETHCrowdfundBase.sol', 'ETHCrowdfundBase.minContribution')
 reader witnesses  -> 220
 storage exposures -> 1
[MV-SI candidate bedd66b6d00b1836d7e0] {_governanceValues, votingPowerByTokenId[$arg0]}
 writer root       -> sol-tests/crowdfund/InitialETHCrowdfund.t.sol::InitialETHCrowdfundTest.test_refund_works()
 writer effect     -> contracts/party/PartyGovernanceNFT.sol:258
 written member    -> ('SV', 'contracts/party/PartyGovernance.sol', 'PartyGovernance._governanceValues')
 potentially stale -> ('MS', 'contracts/party/PartyGovernanceNFT.sol', 'PartyGovernanceNFT.votingPowerByTokenId', '$arg0')
 reader witnesses  -> 249
 storage exposures -> 1
[MV-SI candidate bf72539306ccc701fe6a] {_governanceValues, votingPowerByTokenId[$arg0]}
 writer root       -> contracts/crowdfund/InitialETHCrowdfund.sol::InitialETHCrowdfund.contribute(uint256,address,bytes)
 writer effect     -> contracts/party/PartyGovernanceNFT.sol:230
 written member    -> ('SV', 'contracts/party/PartyGovernance.sol', 'PartyGovernance._governanceValues')
 potentially stale -> ('MS', 'contracts/party/PartyGovernanceNFT.sol', 'PartyGovernanceNFT.votingPowerByTokenId', '$arg0')
 reader witnesses  -> 249
 storage exposures -> 1
[MV-SI candidate bf81b934cecbc97a5a43] {_governanceValues, mintedVotingPower}
 writer root       -> sol-tests/crowdfund/InitialETHCrowdfund.t.sol::InitialETHCrowdfundTest.test_partyCardTokenURI_whileCrowdfundLost()
 writer effect     -> contracts/party/PartyGovernanceNFT.sol:186
 written member    -> ('SV', 'contracts/party/PartyGovernanceNFT.sol', 'PartyGovernanceNFT.mintedVotingPower')
 potentially stale -> ('SV', 'contracts/party/PartyGovernance.sol', 'PartyGovernance._governanceValues')
 reader witnesses  -> 594
 storage exposures -> 1
[MV-SI candidate bfe75dc488fce29ca0c6] {maxTotalContributions, minContribution, totalContributions}
 writer root       -> sol-tests/crowdfund/ReraiseETHCrowdfund.t.sol::ReraiseETHCrowdfundTest.test_finalize_onlyHostCanFinalizeEarlyWhenActive()
 writer effect     -> contracts/crowdfund/ETHCrowdfundBase.sol:212
 written member    -> ('SV', 'contracts/crowdfund/ETHCrowdfundBase.sol', 'ETHCrowdfundBase.totalContributions')
 potentially stale -> ('SV', 'contracts/crowdfund/ETHCrowdfundBase.sol', 'ETHCrowdfundBase.maxTotalContributions'), ('SV', 'contracts/crowdfund/ETHCrowdfundBase.sol', 'ETHCrowdfundBase.minContribution')
 reader witnesses  -> 220
 storage exposures -> 1
[MV-SI candidate c004014857a719434222] {_governanceValues, mintedVotingPower}
 writer root       -> sol-tests/crowdfund/ReraiseETHCrowdfund.t.sol::ReraiseETHCrowdfundTest.test_claimMultiple_works()
 writer effect     -> contracts/party/PartyGovernanceNFT.sol:218
 written member    -> ('SV', 'contracts/party/PartyGovernanceNFT.sol', 'PartyGovernanceNFT.mintedVotingPower')
 potentially stale -> ('SV', 'contracts/party/PartyGovernance.sol', 'PartyGovernance._governanceValues')
 reader witnesses  -> 594
 storage exposures -> 1
[MV-SI candidate c07edc54a21d74063d00] {_governanceValues, mintedVotingPower}
 writer root       -> sol-tests/crowdfund/InitialETHCrowdfund.t.sol::InitialETHCrowdfundTest.test_partyCardTokenURI_whileCrowdfundActive()
 writer effect     -> contracts/party/PartyGovernanceNFT.sol:186
 written member    -> ('SV', 'contracts/party/PartyGovernanceNFT.sol', 'PartyGovernanceNFT.mintedVotingPower')
 potentially stale -> ('SV', 'contracts/party/PartyGovernance.sol', 'PartyGovernance._governanceValues')
 reader witnesses  -> 594
 storage exposures -> 1
[MV-SI candidate c0a06f34ec881a5500fc] {_governanceValues, mintedVotingPower}
 writer root       -> sol-tests/crowdfund/InitialETHCrowdfund.t.sol::InitialETHCrowdfundTest.test_sendFundingSplit_cannotSendTwice()
 writer effect     -> contracts/party/PartyGovernanceNFT.sol:218
 written member    -> ('SV', 'contracts/party/PartyGovernanceNFT.sol', 'PartyGovernanceNFT.mintedVotingPower')
 potentially stale -> ('SV', 'contracts/party/PartyGovernance.sol', 'PartyGovernance._governanceValues')
 reader witnesses  -> 594
 storage exposures -> 1
[MV-SI candidate c132ed10a8d5ee317eaf] {_governanceValues, mintedVotingPower}
 writer root       -> sol-tests/crowdfund/InitialETHCrowdfund.t.sol::InitialETHCrowdfundTest.test_expiry_lost()
 writer effect     -> contracts/party/PartyGovernanceNFT.sol:218
 written member    -> ('SV', 'contracts/party/PartyGovernanceNFT.sol', 'PartyGovernanceNFT.mintedVotingPower')
 potentially stale -> ('SV', 'contracts/party/PartyGovernance.sol', 'PartyGovernance._governanceValues')
 reader witnesses  -> 594
 storage exposures -> 1
[MV-SI candidate c148ee336941acbd3fc5] {maxTotalContributions, totalContributions}
 writer root       -> sol-tests/crowdfund/ReraiseETHCrowdfund.t.sol::ReraiseETHCrowdfundTest.test_contribute_twiceDoesNotMintAnotherCrowdfundNFT()
 writer effect     -> contracts/crowdfund/ETHCrowdfundBase.sol:226
 written member    -> ('SV', 'contracts/crowdfund/ETHCrowdfundBase.sol', 'ETHCrowdfundBase.totalContributions')
 potentially stale -> ('SV', 'contracts/crowdfund/ETHCrowdfundBase.sol', 'ETHCrowdfundBase.maxTotalContributions')
 reader witnesses  -> 324
 storage exposures -> 1
[MV-SI candidate c1c72bd564c075dc3f79] {_governanceValues, votingPowerByTokenId[$arg0]}
 writer root       -> sol-tests/crowdfund/InitialETHCrowdfund.t.sol::InitialETHCrowdfundTest.test_sendFundingSplit_works()
 writer effect     -> contracts/party/PartyGovernanceNFT.sol:230
 written member    -> ('SV', 'contracts/party/PartyGovernance.sol', 'PartyGovernance._governanceValues')
 potentially stale -> ('MS', 'contracts/party/PartyGovernanceNFT.sol', 'PartyGovernanceNFT.votingPowerByTokenId', '$arg0')
 reader witnesses  -> 249
 storage exposures -> 1
[MV-SI candidate c1cfe47190ec879a7f49] {_governanceValues, mintedVotingPower}
 writer root       -> sol-tests/crowdfund/InitialETHCrowdfund.t.sol::InitialETHCrowdfundTest.test_partyCardTokenURI_whileCrowdfundActive()
 writer effect     -> contracts/party/PartyGovernanceNFT.sol:230
 written member    -> ('SV', 'contracts/party/PartyGovernance.sol', 'PartyGovernance._governanceValues')
 potentially stale -> ('SV', 'contracts/party/PartyGovernanceNFT.sol', 'PartyGovernanceNFT.mintedVotingPower')
 reader witnesses  -> 722
 storage exposures -> 1
[MV-SI candidate c1f27fd2d639d3b5f38c] {_governanceValues, mintedVotingPower}
 writer root       -> sol-tests/crowdfund/ReraiseETHCrowdfund.t.sol::ReraiseETHCrowdfundTest.test_contribute_aboveMaxTotalContributionWhenWhenContributionBelowMinContributionAfterRefund()
 writer effect     -> contracts/party/PartyGovernanceNFT.sol:230
 written member    -> ('SV', 'contracts/party/PartyGovernance.sol', 'PartyGovernance._governanceValues')
 potentially stale -> ('SV', 'contracts/party/PartyGovernanceNFT.sol', 'PartyGovernanceNFT.mintedVotingPower')
 reader witnesses  -> 722
 storage exposures -> 1
[MV-SI candidate c248d8ad46df1ab3eb33] {_governanceValues, isAuthority[$sender]}
 writer root       -> sol-tests/crowdfund/ReraiseETHCrowdfund.t.sol::ReraiseETHCrowdfundTest.test_contribute_afterLost()
 writer effect     -> contracts/party/PartyGovernanceNFT.sol:230
 written member    -> ('SV', 'contracts/party/PartyGovernance.sol', 'PartyGovernance._governanceValues')
 potentially stale -> ('MS', 'contracts/party/PartyGovernanceNFT.sol', 'PartyGovernanceNFT.isAuthority', '$sender')
 reader witnesses  -> 183
 storage exposures -> 1
[MV-SI candidate c24a95d9461be9b34211] {maxTotalContributions, minContribution, totalContributions}
 writer root       -> sol-tests/crowdfund/InitialETHCrowdfund.t.sol::InitialETHCrowdfundTest.test_expiry_lost()
 writer effect     -> contracts/crowdfund/ETHCrowdfundBase.sol:226
 written member    -> ('SV', 'contracts/crowdfund/ETHCrowdfundBase.sol', 'ETHCrowdfundBase.totalContributions')
 potentially stale -> ('SV', 'contracts/crowdfund/ETHCrowdfundBase.sol', 'ETHCrowdfundBase.maxTotalContributions'), ('SV', 'contracts/crowdfund/ETHCrowdfundBase.sol', 'ETHCrowdfundBase.minContribution')
 reader witnesses  -> 175
 storage exposures -> 1
[MV-SI candidate c24b313dce43c80da308] {maxTotalContributions, totalContributions}
 writer root       -> sol-tests/crowdfund/InitialETHCrowdfund.t.sol::InitialETHCrowdfundTest.test_sendFundingSplit_works()
 writer effect     -> contracts/crowdfund/ETHCrowdfundBase.sol:212
 written member    -> ('SV', 'contracts/crowdfund/ETHCrowdfundBase.sol', 'ETHCrowdfundBase.totalContributions')
 potentially stale -> ('SV', 'contracts/crowdfund/ETHCrowdfundBase.sol', 'ETHCrowdfundBase.maxTotalContributions')
 reader witnesses  -> 264
 storage exposures -> 1
[MV-SI candidate c25e6bb94bac8bc1b0c1] {_governanceValues, mintedVotingPower}
 writer root       -> sol-tests/crowdfund/ReraiseETHCrowdfund.t.sol::ReraiseETHCrowdfundTest.test_claim_aboveMax()
 writer effect     -> contracts/party/PartyGovernanceNFT.sol:230
 written member    -> ('SV', 'contracts/party/PartyGovernance.sol', 'PartyGovernance._governanceValues')
 potentially stale -> ('SV', 'contracts/party/PartyGovernanceNFT.sol', 'PartyGovernanceNFT.mintedVotingPower')
 reader witnesses  -> 722
 storage exposures -> 1
[MV-SI candidate c26056892b1ff63cdd8d] {_governanceValues, mintedVotingPower}
 writer root       -> sol-tests/crowdfund/ReraiseETHCrowdfund.t.sol::ReraiseETHCrowdfundTest.test_claim_mintNewCard()
 writer effect     -> contracts/party/PartyGovernanceNFT.sol:218
 written member    -> ('SV', 'contracts/party/PartyGovernanceNFT.sol', 'PartyGovernanceNFT.mintedVotingPower')
 potentially stale -> ('SV', 'contracts/party/PartyGovernance.sol', 'PartyGovernance._governanceValues')
 reader witnesses  -> 594
 storage exposures -> 1
[MV-SI candidate c275ad001240963c4ff6] {maxTotalContributions, totalContributions}
 writer root       -> sol-tests/crowdfund/InitialETHCrowdfund.t.sol::InitialETHCrowdfundTest.test_contributeFor_works()
 writer effect     -> contracts/crowdfund/ETHCrowdfundBase.sol:212
 written member    -> ('SV', 'contracts/crowdfund/ETHCrowdfundBase.sol', 'ETHCrowdfundBase.totalContributions')
 potentially stale -> ('SV', 'contracts/crowdfund/ETHCrowdfundBase.sol', 'ETHCrowdfundBase.maxTotalContributions')
 reader witnesses  -> 264
 storage exposures -> 1
[MV-SI candidate c275f0016be1098bd7aa] {exchangeRateBps, fundingSplitBps, maxTotalContributions, totalContributions}
 writer root       -> sol-tests/crowdfund/ReraiseETHCrowdfund.t.sol::ReraiseETHCrowdfundTest.test_fundingSplit_contributionAndRefund()
 writer effect     -> contracts/crowdfund/ETHCrowdfundBase.sol:212
 written member    -> ('SV', 'contracts/crowdfund/ETHCrowdfundBase.sol', 'ETHCrowdfundBase.totalContributions')
 potentially stale -> ('SV', 'contracts/crowdfund/ETHCrowdfundBase.sol', 'ETHCrowdfundBase.exchangeRateBps'), ('SV', 'contracts/crowdfund/ETHCrowdfundBase.sol', 'ETHCrowdfundBase.fundingSplitBps'), ('SV', 'contracts/crowdfund/ETHCrowdfundBase.sol', 'ETHCrowdfundBase.maxTotalContributions')
 reader witnesses  -> 2849
 storage exposures -> 1
[MV-SI candidate c27a377cef8aa5c55176] {_governanceValues, votingPowerByTokenId[$arg0]}
 writer root       -> contracts/crowdfund/InitialETHCrowdfund.sol::InitialETHCrowdfund.initialize(InitialETHCrowdfund.InitialETHCrowdfundOptions,InitialETHCrowdfund.ETHPartyOptions)
 writer effect     -> contracts/party/PartyGovernanceNFT.sol:219
 written member    -> ('MS', 'contracts/party/PartyGovernanceNFT.sol', 'PartyGovernanceNFT.votingPowerByTokenId', '$arg0')
 potentially stale -> ('SV', 'contracts/party/PartyGovernance.sol', 'PartyGovernance._governanceValues')
 reader witnesses  -> 891
 storage exposures -> 1
[MV-SI candidate c2a943c160c4035a4859] {exchangeRateBps, fundingSplitBps, maxTotalContributions, totalContributions}
 writer root       -> sol-tests/crowdfund/InitialETHCrowdfund.t.sol::InitialETHCrowdfundTest.test_partyCardTokenURI_whileCrowdfundLost()
 writer effect     -> contracts/crowdfund/ETHCrowdfundBase.sol:212
 written member    -> ('SV', 'contracts/crowdfund/ETHCrowdfundBase.sol', 'ETHCrowdfundBase.totalContributions')
 potentially stale -> ('SV', 'contracts/crowdfund/ETHCrowdfundBase.sol', 'ETHCrowdfundBase.exchangeRateBps'), ('SV', 'contracts/crowdfund/ETHCrowdfundBase.sol', 'ETHCrowdfundBase.fundingSplitBps'), ('SV', 'contracts/crowdfund/ETHCrowdfundBase.sol', 'ETHCrowdfundBase.maxTotalContributions')
 reader witnesses  -> 2219
 storage exposures -> 1
[MV-SI candidate c2dfabf3e3991e7ec1e9] {_governanceValues, mintedVotingPower}
 writer root       -> sol-tests/crowdfund/InitialETHCrowdfund.t.sol::InitialETHCrowdfundTest.test_sendFundingSplit_canOnlySendWhenFinalized()
 writer effect     -> contracts/party/PartyGovernanceNFT.sol:186
 written member    -> ('SV', 'contracts/party/PartyGovernanceNFT.sol', 'PartyGovernanceNFT.mintedVotingPower')
 potentially stale -> ('SV', 'contracts/party/PartyGovernance.sol', 'PartyGovernance._governanceValues')
 reader witnesses  -> 594
 storage exposures -> 1
[MV-SI candidate c2f1ed8ea1fb5f937ce4] {maxTotalContributions, totalContributions}
 writer root       -> sol-tests/crowdfund/ReraiseETHCrowdfund.t.sol::ReraiseETHCrowdfundTest.test_contribute_aboveMaxContribution()
 writer effect     -> contracts/crowdfund/ETHCrowdfundBase.sol:212
 written member    -> ('SV', 'contracts/crowdfund/ETHCrowdfundBase.sol', 'ETHCrowdfundBase.totalContributions')
 potentially stale -> ('SV', 'contracts/crowdfund/ETHCrowdfundBase.sol', 'ETHCrowdfundBase.maxTotalContributions')
 reader witnesses  -> 324
 storage exposures -> 1
[MV-SI candidate c3244f32df25c2be6676] {_governanceValues, mintedVotingPower}
 writer root       -> sol-tests/party/PartyGovernanceNFT.t.sol::PartyGovernanceNFTTest.testBurn_cannotBurnAndAcceptInSameBlock()
 writer effect     -> contracts/party/PartyGovernanceNFT.sol:186
 written member    -> ('SV', 'contracts/party/PartyGovernanceNFT.sol', 'PartyGovernanceNFT.mintedVotingPower')
 potentially stale -> ('SV', 'contracts/party/PartyGovernance.sol', 'PartyGovernance._governanceValues')
 reader witnesses  -> 594
 storage exposures -> 1
[MV-SI candidate c3757a6044ee8aa2c243] {_governanceValues, votingPowerByTokenId[$arg0]}
 writer root       -> sol-tests/crowdfund/ReraiseETHCrowdfund.t.sol::ReraiseETHCrowdfundTest.test_claim_mintNewCard()
 writer effect     -> contracts/party/PartyGovernanceNFT.sol:230
 written member    -> ('SV', 'contracts/party/PartyGovernance.sol', 'PartyGovernance._governanceValues')
 potentially stale -> ('MS', 'contracts/party/PartyGovernanceNFT.sol', 'PartyGovernanceNFT.votingPowerByTokenId', '$arg0')
 reader witnesses  -> 249
 storage exposures -> 1
[MV-SI candidate c377c48cd92d68501fbc] {maxTotalContributions, minContribution, totalContributions}
 writer root       -> sol-tests/crowdfund/ReraiseETHCrowdfund.t.sol::ReraiseETHCrowdfundTest.test_claim_mintNewCard()
 writer effect     -> contracts/crowdfund/ETHCrowdfundBase.sol:226
 written member    -> ('SV', 'contracts/crowdfund/ETHCrowdfundBase.sol', 'ETHCrowdfundBase.totalContributions')
 potentially stale -> ('SV', 'contracts/crowdfund/ETHCrowdfundBase.sol', 'ETHCrowdfundBase.maxTotalContributions'), ('SV', 'contracts/crowdfund/ETHCrowdfundBase.sol', 'ETHCrowdfundBase.minContribution')
 reader witnesses  -> 220
 storage exposures -> 1
[MV-SI candidate c3b5995aa05340d351f5] {maxTotalContributions, minContribution, totalContributions}
 writer root       -> sol-tests/crowdfund/InitialETHCrowdfund.t.sol::InitialETHCrowdfundTest.test_finalize_anyoneCanFinalizeWhenExpired()
 writer effect     -> contracts/crowdfund/ETHCrowdfundBase.sol:226
 written member    -> ('SV', 'contracts/crowdfund/ETHCrowdfundBase.sol', 'ETHCrowdfundBase.totalContributions')
 potentially stale -> ('SV', 'contracts/crowdfund/ETHCrowdfundBase.sol', 'ETHCrowdfundBase.maxTotalContributions'), ('SV', 'contracts/crowdfund/ETHCrowdfundBase.sol', 'ETHCrowdfundBase.minContribution')
 reader witnesses  -> 175
 storage exposures -> 1
[MV-SI candidate c3d4858e5a07357ddd3d] {_governanceValues, mintedVotingPower}
 writer root       -> contracts/crowdfund/ReraiseETHCrowdfund.sol::ReraiseETHCrowdfund.claim(address)
 writer effect     -> contracts/party/PartyGovernanceNFT.sol:186
 written member    -> ('SV', 'contracts/party/PartyGovernanceNFT.sol', 'PartyGovernanceNFT.mintedVotingPower')
 potentially stale -> ('SV', 'contracts/party/PartyGovernance.sol', 'PartyGovernance._governanceValues')
 reader witnesses  -> 594
 storage exposures -> 1
[MV-SI candidate c42d0531636eb71ec370] {_governanceValues, votingPowerByTokenId[$arg0]}
 writer root       -> sol-tests/crowdfund/ReraiseETHCrowdfund.t.sol::ReraiseETHCrowdfundTest.test_crowdfundCardTokenURI_whileCrowdfundWon()
 writer effect     -> contracts/party/PartyGovernanceNFT.sol:230
 written member    -> ('SV', 'contracts/party/PartyGovernance.sol', 'PartyGovernance._governanceValues')
 potentially stale -> ('MS', 'contracts/party/PartyGovernanceNFT.sol', 'PartyGovernanceNFT.votingPowerByTokenId', '$arg0')
 reader witnesses  -> 249
 storage exposures -> 1
[MV-SI candidate c44c53a103ace8b1b2c0] {maxTotalContributions, totalContributions}
 writer root       -> sol-tests/crowdfund/InitialETHCrowdfund.t.sol::InitialETHCrowdfundTest.test_sendFundingSplit_canOnlySendWhenFinalized()
 writer effect     -> contracts/crowdfund/ETHCrowdfundBase.sol:226
 written member    -> ('SV', 'contracts/crowdfund/ETHCrowdfundBase.sol', 'ETHCrowdfundBase.totalContributions')
 potentially stale -> ('SV', 'contracts/crowdfund/ETHCrowdfundBase.sol', 'ETHCrowdfundBase.maxTotalContributions')
 reader witnesses  -> 264
 storage exposures -> 1
[MV-SI candidate c4aff48d0ff27f067a69] {minTotalContributions, totalContributions}
 writer root       -> contracts/crowdfund/ReraiseETHCrowdfund.sol::ReraiseETHCrowdfund.initialize(ETHCrowdfundBase.ETHCrowdfundOptions)
 writer effect     -> contracts/crowdfund/ETHCrowdfundBase.sol:212
 written member    -> ('SV', 'contracts/crowdfund/ETHCrowdfundBase.sol', 'ETHCrowdfundBase.totalContributions')
 potentially stale -> ('SV', 'contracts/crowdfund/ETHCrowdfundBase.sol', 'ETHCrowdfundBase.minTotalContributions')
 reader witnesses  -> 118
 storage exposures -> 1
[MV-SI candidate c4b8b24e3e17e09a82b5] {_governanceValues, mintedVotingPower}
 writer root       -> sol-tests/crowdfund/ReraiseETHCrowdfund.t.sol::ReraiseETHCrowdfundTest.test_finalize_onlyHostCanFinalizeEarlyWhenActive()
 writer effect     -> contracts/party/PartyGovernanceNFT.sol:230
 written member    -> ('SV', 'contracts/party/PartyGovernance.sol', 'PartyGovernance._governanceValues')
 potentially stale -> ('SV', 'contracts/party/PartyGovernanceNFT.sol', 'PartyGovernanceNFT.mintedVotingPower')
 reader witnesses  -> 722
 storage exposures -> 1
[MV-SI candidate c5010c2f471848f381d1] {maxTotalContributions, minContribution, totalContributions}
 writer root       -> sol-tests/crowdfund/InitialETHCrowdfund.t.sol::InitialETHCrowdfundTest.test_sendFundingSplit_cannotSendIfNoFundingSplit()
 writer effect     -> contracts/crowdfund/ETHCrowdfundBase.sol:212
 written member    -> ('SV', 'contracts/crowdfund/ETHCrowdfundBase.sol', 'ETHCrowdfundBase.totalContributions')
 potentially stale -> ('SV', 'contracts/crowdfund/ETHCrowdfundBase.sol', 'ETHCrowdfundBase.maxTotalContributions'), ('SV', 'contracts/crowdfund/ETHCrowdfundBase.sol', 'ETHCrowdfundBase.minContribution')
 reader witnesses  -> 175
 storage exposures -> 1
[MV-SI candidate c50eccbcd83e3af8531a] {_governanceValues, votingPowerByTokenId[$arg0]}
 writer root       -> sol-tests/crowdfund/ReraiseETHCrowdfund.t.sol::ReraiseETHCrowdfundTest.test_expiry_won()
 writer effect     -> contracts/party/PartyGovernanceNFT.sol:230
 written member    -> ('SV', 'contracts/party/PartyGovernance.sol', 'PartyGovernance._governanceValues')
 potentially stale -> ('MS', 'contracts/party/PartyGovernanceNFT.sol', 'PartyGovernanceNFT.votingPowerByTokenId', '$arg0')
 reader witnesses  -> 249
 storage exposures -> 1
[MV-SI candidate c519d215d8651dc4310c] {maxTotalContributions, totalContributions}
 writer root       -> sol-tests/crowdfund/ReraiseETHCrowdfund.t.sol::ReraiseETHCrowdfundTest.test_batchClaim_works()
 writer effect     -> contracts/crowdfund/ETHCrowdfundBase.sol:212
 written member    -> ('SV', 'contracts/crowdfund/ETHCrowdfundBase.sol', 'ETHCrowdfundBase.totalContributions')
 potentially stale -> ('SV', 'contracts/crowdfund/ETHCrowdfundBase.sol', 'ETHCrowdfundBase.maxTotalContributions')
 reader witnesses  -> 324
 storage exposures -> 1
[MV-SI candidate c553d5420d48be55cd89] {exchangeRateBps, fundingSplitBps, maxTotalContributions, totalContributions}
 writer root       -> sol-tests/crowdfund/ReraiseETHCrowdfund.t.sol::ReraiseETHCrowdfundTest.test_contribute_afterLost()
 writer effect     -> contracts/crowdfund/ETHCrowdfundBase.sol:226
 written member    -> ('SV', 'contracts/crowdfund/ETHCrowdfundBase.sol', 'ETHCrowdfundBase.totalContributions')
 potentially stale -> ('SV', 'contracts/crowdfund/ETHCrowdfundBase.sol', 'ETHCrowdfundBase.exchangeRateBps'), ('SV', 'contracts/crowdfund/ETHCrowdfundBase.sol', 'ETHCrowdfundBase.fundingSplitBps'), ('SV', 'contracts/crowdfund/ETHCrowdfundBase.sol', 'ETHCrowdfundBase.maxTotalContributions')
 reader witnesses  -> 2849
 storage exposures -> 1
[MV-SI candidate c558ae6c033c7db0463b] {_governanceValues, mintedVotingPower}
 writer root       -> sol-tests/crowdfund/InitialETHCrowdfund.t.sol::InitialETHCrowdfundTest.test_contribute_mintNewCard_withDisableContributingForExistingCard()
 writer effect     -> contracts/party/PartyGovernanceNFT.sol:186
 written member    -> ('SV', 'contracts/party/PartyGovernanceNFT.sol', 'PartyGovernanceNFT.mintedVotingPower')
 potentially stale -> ('SV', 'contracts/party/PartyGovernance.sol', 'PartyGovernance._governanceValues')
 reader witnesses  -> 594
 storage exposures -> 1
[MV-SI candidate c5875021cc1b1a0486af] {maxTotalContributions, totalContributions}
 writer root       -> sol-tests/crowdfund/ReraiseETHCrowdfund.t.sol::ReraiseETHCrowdfundTest.test_batchClaimMultiple_works()
 writer effect     -> contracts/crowdfund/ETHCrowdfundBase.sol:226
 written member    -> ('SV', 'contracts/crowdfund/ETHCrowdfundBase.sol', 'ETHCrowdfundBase.totalContributions')
 potentially stale -> ('SV', 'contracts/crowdfund/ETHCrowdfundBase.sol', 'ETHCrowdfundBase.maxTotalContributions')
 reader witnesses  -> 324
 storage exposures -> 1
[MV-SI candidate c58aaa1bd3b484bc0799] {maxTotalContributions, minContribution, totalContributions}
 writer root       -> sol-tests/crowdfund/ReraiseETHCrowdfund.t.sol::ReraiseETHCrowdfundTest.test_contribute_noVotingPower()
 writer effect     -> contracts/crowdfund/ETHCrowdfundBase.sol:212
 written member    -> ('SV', 'contracts/crowdfund/ETHCrowdfundBase.sol', 'ETHCrowdfundBase.totalContributions')
 potentially stale -> ('SV', 'contracts/crowdfund/ETHCrowdfundBase.sol', 'ETHCrowdfundBase.maxTotalContributions'), ('SV', 'contracts/crowdfund/ETHCrowdfundBase.sol', 'ETHCrowdfundBase.minContribution')
 reader witnesses  -> 220
 storage exposures -> 1
[MV-SI candidate c5cc65b1a993d05f527f] {maxTotalContributions, minContribution, totalContributions}
 writer root       -> sol-tests/crowdfund/InitialETHCrowdfund.t.sol::InitialETHCrowdfundTest.test_partyCardTokenURI_whileCrowdfundFinalized()
 writer effect     -> contracts/crowdfund/ETHCrowdfundBase.sol:226
 written member    -> ('SV', 'contracts/crowdfund/ETHCrowdfundBase.sol', 'ETHCrowdfundBase.totalContributions')
 potentially stale -> ('SV', 'contracts/crowdfund/ETHCrowdfundBase.sol', 'ETHCrowdfundBase.maxTotalContributions'), ('SV', 'contracts/crowdfund/ETHCrowdfundBase.sol', 'ETHCrowdfundBase.minContribution')
 reader witnesses  -> 175
 storage exposures -> 1
[MV-SI candidate c5ce9b6b39db8dbda7cb] {_governanceValues, votingPowerByTokenId[$arg0]}
 writer root       -> contracts/crowdfund/InitialETHCrowdfund.sol::InitialETHCrowdfund.contributeFor(uint256,address,address,bytes)
 writer effect     -> contracts/party/PartyGovernanceNFT.sol:219
 written member    -> ('MS', 'contracts/party/PartyGovernanceNFT.sol', 'PartyGovernanceNFT.votingPowerByTokenId', '$arg0')
 potentially stale -> ('SV', 'contracts/party/PartyGovernance.sol', 'PartyGovernance._governanceValues')
 reader witnesses  -> 891
 storage exposures -> 1
[MV-SI candidate c5dcc0b3931b69208dbc] {exchangeRateBps, fundingSplitBps, maxTotalContributions, totalContributions}
 writer root       -> sol-tests/crowdfund/InitialETHCrowdfund.t.sol::InitialETHCrowdfundTest.test_partyCardTokenURI_whileCrowdfundLost()
 writer effect     -> contracts/crowdfund/ETHCrowdfundBase.sol:226
 written member    -> ('SV', 'contracts/crowdfund/ETHCrowdfundBase.sol', 'ETHCrowdfundBase.totalContributions')
 potentially stale -> ('SV', 'contracts/crowdfund/ETHCrowdfundBase.sol', 'ETHCrowdfundBase.exchangeRateBps'), ('SV', 'contracts/crowdfund/ETHCrowdfundBase.sol', 'ETHCrowdfundBase.fundingSplitBps'), ('SV', 'contracts/crowdfund/ETHCrowdfundBase.sol', 'ETHCrowdfundBase.maxTotalContributions')
 reader witnesses  -> 2219
 storage exposures -> 1
[MV-SI candidate c5de14fa37d42d104cfa] {exchangeRateBps, fundingSplitBps, maxTotalContributions, totalContributions}
 writer root       -> sol-tests/crowdfund/ReraiseETHCrowdfund.t.sol::ReraiseETHCrowdfundTest.test_refund_twice()
 writer effect     -> contracts/crowdfund/ETHCrowdfundBase.sol:226
 written member    -> ('SV', 'contracts/crowdfund/ETHCrowdfundBase.sol', 'ETHCrowdfundBase.totalContributions')
 potentially stale -> ('SV', 'contracts/crowdfund/ETHCrowdfundBase.sol', 'ETHCrowdfundBase.exchangeRateBps'), ('SV', 'contracts/crowdfund/ETHCrowdfundBase.sol', 'ETHCrowdfundBase.fundingSplitBps'), ('SV', 'contracts/crowdfund/ETHCrowdfundBase.sol', 'ETHCrowdfundBase.maxTotalContributions')
 reader witnesses  -> 2849
 storage exposures -> 1
[MV-SI candidate c5e00f44183cf5655e56] {exchangeRateBps, fundingSplitBps, maxTotalContributions, totalContributions}
 writer root       -> sol-tests/crowdfund/InitialETHCrowdfund.t.sol::InitialETHCrowdfundTest.test_finalize_works()
 writer effect     -> contracts/crowdfund/ETHCrowdfundBase.sol:226
 written member    -> ('SV', 'contracts/crowdfund/ETHCrowdfundBase.sol', 'ETHCrowdfundBase.totalContributions')
 potentially stale -> ('SV', 'contracts/crowdfund/ETHCrowdfundBase.sol', 'ETHCrowdfundBase.exchangeRateBps'), ('SV', 'contracts/crowdfund/ETHCrowdfundBase.sol', 'ETHCrowdfundBase.fundingSplitBps'), ('SV', 'contracts/crowdfund/ETHCrowdfundBase.sol', 'ETHCrowdfundBase.maxTotalContributions')
 reader witnesses  -> 2219
 storage exposures -> 1
[MV-SI candidate c61918fa97f646b99663] {_governanceValues, isAuthority[$sender]}
 writer root       -> sol-tests/crowdfund/InitialETHCrowdfund.t.sol::InitialETHCrowdfundTest.test_partyCardTokenURI_whileCrowdfundWon()
 writer effect     -> contracts/party/PartyGovernanceNFT.sol:230
 written member    -> ('SV', 'contracts/party/PartyGovernance.sol', 'PartyGovernance._governanceValues')
 potentially stale -> ('MS', 'contracts/party/PartyGovernanceNFT.sol', 'PartyGovernanceNFT.isAuthority', '$sender')
 reader witnesses  -> 183
 storage exposures -> 1
[MV-SI candidate c644f9b17ab41201f5df] {maxTotalContributions, totalContributions}
 writer root       -> sol-tests/crowdfund/ReraiseETHCrowdfund.t.sol::ReraiseETHCrowdfundTest.test_contribute_noContribution()
 writer effect     -> contracts/crowdfund/ETHCrowdfundBase.sol:212
 written member    -> ('SV', 'contracts/crowdfund/ETHCrowdfundBase.sol', 'ETHCrowdfundBase.totalContributions')
 potentially stale -> ('SV', 'contracts/crowdfund/ETHCrowdfundBase.sol', 'ETHCrowdfundBase.maxTotalContributions')
 reader witnesses  -> 324
 storage exposures -> 1
[MV-SI candidate c64e7d29d27ff431624a] {_governanceValues, mintedVotingPower}
 writer root       -> sol-tests/crowdfund/AuctionCrowdfund.t.sol::AuctionCrowdfundTest.test_happyPath()
 writer effect     -> contracts/party/PartyGovernanceNFT.sol:186
 written member    -> ('SV', 'contracts/party/PartyGovernanceNFT.sol', 'PartyGovernanceNFT.mintedVotingPower')
 potentially stale -> ('SV', 'contracts/party/PartyGovernance.sol', 'PartyGovernance._governanceValues')
 reader witnesses  -> 594
 storage exposures -> 1
[MV-SI candidate c6824b9ab233bb811f82] {_governanceValues, votingPowerByTokenId[$arg0]}
 writer root       -> sol-tests/crowdfund/ReraiseETHCrowdfund.t.sol::ReraiseETHCrowdfundTest.test_expiry_lost()
 writer effect     -> contracts/party/PartyGovernanceNFT.sol:230
 written member    -> ('SV', 'contracts/party/PartyGovernance.sol', 'PartyGovernance._governanceValues')
 potentially stale -> ('MS', 'contracts/party/PartyGovernanceNFT.sol', 'PartyGovernanceNFT.votingPowerByTokenId', '$arg0')
 reader witnesses  -> 249
 storage exposures -> 1
[MV-SI candidate c698099fed7cbce887f4] {minTotalContributions, totalContributions}
 writer root       -> sol-tests/crowdfund/ReraiseETHCrowdfund.t.sol::ReraiseETHCrowdfundTest.test_refund_twice()
 writer effect     -> contracts/crowdfund/ETHCrowdfundBase.sol:226
 written member    -> ('SV', 'contracts/crowdfund/ETHCrowdfundBase.sol', 'ETHCrowdfundBase.totalContributions')
 potentially stale -> ('SV', 'contracts/crowdfund/ETHCrowdfundBase.sol', 'ETHCrowdfundBase.minTotalContributions')
 reader witnesses  -> 118
 storage exposures -> 1
[MV-SI candidate c6b3001c65f10c492dc8] {_governanceValues, mintedVotingPower}
 writer root       -> sol-tests/party/PartyGovernanceNFT.t.sol::PartyGovernanceNFTTest.testRageQuit_revertsIfNotOwner()
 writer effect     -> contracts/party/PartyGovernanceNFT.sol:258
 written member    -> ('SV', 'contracts/party/PartyGovernance.sol', 'PartyGovernance._governanceValues')
 potentially stale -> ('SV', 'contracts/party/PartyGovernanceNFT.sol', 'PartyGovernanceNFT.mintedVotingPower')
 reader witnesses  -> 722
 storage exposures -> 1
[MV-SI candidate c6b66f22573d42eacfed] {exchangeRateBps, fundingSplitBps, maxTotalContributions, totalContributions}
 writer root       -> sol-tests/crowdfund/InitialETHCrowdfund.t.sol::InitialETHCrowdfundTest.test_contribute_addVotingPowerToExistingCard()
 writer effect     -> contracts/crowdfund/ETHCrowdfundBase.sol:226
 written member    -> ('SV', 'contracts/crowdfund/ETHCrowdfundBase.sol', 'ETHCrowdfundBase.totalContributions')
 potentially stale -> ('SV', 'contracts/crowdfund/ETHCrowdfundBase.sol', 'ETHCrowdfundBase.exchangeRateBps'), ('SV', 'contracts/crowdfund/ETHCrowdfundBase.sol', 'ETHCrowdfundBase.fundingSplitBps'), ('SV', 'contracts/crowdfund/ETHCrowdfundBase.sol', 'ETHCrowdfundBase.maxTotalContributions')
 reader witnesses  -> 2219
 storage exposures -> 1
[MV-SI candidate c6ec300ec8c7f69eb4bb] {exchangeRateBps, fundingSplitBps, maxTotalContributions, totalContributions}
 writer root       -> sol-tests/crowdfund/ReraiseETHCrowdfund.t.sol::ReraiseETHCrowdfundTest.test_contributeFor_doesNotUpdateExistingDelegation()
 writer effect     -> contracts/crowdfund/ETHCrowdfundBase.sol:212
 written member    -> ('SV', 'contracts/crowdfund/ETHCrowdfundBase.sol', 'ETHCrowdfundBase.totalContributions')
 potentially stale -> ('SV', 'contracts/crowdfund/ETHCrowdfundBase.sol', 'ETHCrowdfundBase.exchangeRateBps'), ('SV', 'contracts/crowdfund/ETHCrowdfundBase.sol', 'ETHCrowdfundBase.fundingSplitBps'), ('SV', 'contracts/crowdfund/ETHCrowdfundBase.sol', 'ETHCrowdfundBase.maxTotalContributions')
 reader witnesses  -> 2849
 storage exposures -> 1
[MV-SI candidate c708966d92a12a97f38a] {maxTotalContributions, minContribution, totalContributions}
 writer root       -> sol-tests/crowdfund/InitialETHCrowdfund.t.sol::InitialETHCrowdfundTest.test_contribute_aboveMaxTotalContributionWhenWhenContributionBelowMinContributionAfterRefund()
 writer effect     -> contracts/crowdfund/ETHCrowdfundBase.sol:212
 written member    -> ('SV', 'contracts/crowdfund/ETHCrowdfundBase.sol', 'ETHCrowdfundBase.totalContributions')
 potentially stale -> ('SV', 'contracts/crowdfund/ETHCrowdfundBase.sol', 'ETHCrowdfundBase.maxTotalContributions'), ('SV', 'contracts/crowdfund/ETHCrowdfundBase.sol', 'ETHCrowdfundBase.minContribution')
 reader witnesses  -> 175
 storage exposures -> 1
[MV-SI candidate c71565560335a83bb839] {_governanceValues, mintedVotingPower}
 writer root       -> sol-tests/crowdfund/InitialETHCrowdfund.t.sol::InitialETHCrowdfundTest.test_sendFundingSplit_cannotSendIfNoFundingSplit()
 writer effect     -> contracts/party/PartyGovernanceNFT.sol:218
 written member    -> ('SV', 'contracts/party/PartyGovernanceNFT.sol', 'PartyGovernanceNFT.mintedVotingPower')
 potentially stale -> ('SV', 'contracts/party/PartyGovernance.sol', 'PartyGovernance._governanceValues')
 reader witnesses  -> 594
 storage exposures -> 1
[MV-SI candidate c74e12b361ad11849ec5] {_governanceValues, votingPowerByTokenId[$arg0]}
 writer root       -> sol-tests/crowdfund/InitialETHCrowdfund.t.sol::InitialETHCrowdfundTest.test_finalize_anyoneCanFinalizeWhenExpired()
 writer effect     -> contracts/party/PartyGovernanceNFT.sol:230
 written member    -> ('SV', 'contracts/party/PartyGovernance.sol', 'PartyGovernance._governanceValues')
 potentially stale -> ('MS', 'contracts/party/PartyGovernanceNFT.sol', 'PartyGovernanceNFT.votingPowerByTokenId', '$arg0')
 reader witnesses  -> 249
 storage exposures -> 1
[MV-SI candidate c771153e5d01b4fe0638] {_governanceValues, mintedVotingPower}
 writer root       -> sol-tests/crowdfund/ReraiseETHCrowdfund.t.sol::ReraiseETHCrowdfundTest.test_sendFundingSplit_canOnlySendWhenFinalized()
 writer effect     -> contracts/party/PartyGovernanceNFT.sol:230
 written member    -> ('SV', 'contracts/party/PartyGovernance.sol', 'PartyGovernance._governanceValues')
 potentially stale -> ('SV', 'contracts/party/PartyGovernanceNFT.sol', 'PartyGovernanceNFT.mintedVotingPower')
 reader witnesses  -> 722
 storage exposures -> 1
[MV-SI candidate c77e1985abce93682c5f] {exchangeRateBps, fundingSplitBps, maxTotalContributions, totalContributions}
 writer root       -> sol-tests/crowdfund/ReraiseETHCrowdfund.t.sol::ReraiseETHCrowdfundTest.test_claimMultiple_votingPowerOfCardAboveMax()
 writer effect     -> contracts/crowdfund/ETHCrowdfundBase.sol:226
 written member    -> ('SV', 'contracts/crowdfund/ETHCrowdfundBase.sol', 'ETHCrowdfundBase.totalContributions')
 potentially stale -> ('SV', 'contracts/crowdfund/ETHCrowdfundBase.sol', 'ETHCrowdfundBase.exchangeRateBps'), ('SV', 'contracts/crowdfund/ETHCrowdfundBase.sol', 'ETHCrowdfundBase.fundingSplitBps'), ('SV', 'contracts/crowdfund/ETHCrowdfundBase.sol', 'ETHCrowdfundBase.maxTotalContributions')
 reader witnesses  -> 2849
 storage exposures -> 1
[MV-SI candidate c79b9df991f82dd4fb6b] {minTotalContributions, totalContributions}
 writer root       -> sol-tests/crowdfund/InitialETHCrowdfund.t.sol::InitialETHCrowdfundTest.test_batchContribute_works()
 writer effect     -> contracts/crowdfund/ETHCrowdfundBase.sol:212
 written member    -> ('SV', 'contracts/crowdfund/ETHCrowdfundBase.sol', 'ETHCrowdfundBase.totalContributions')
 potentially stale -> ('SV', 'contracts/crowdfund/ETHCrowdfundBase.sol', 'ETHCrowdfundBase.minTotalContributions')
 reader witnesses  -> 94
 storage exposures -> 1
[MV-SI candidate c79ff68f4e5ec3d4c76e] {exchangeRateBps, fundingSplitBps, maxTotalContributions, totalContributions}
 writer root       -> sol-tests/crowdfund/ReraiseETHCrowdfund.t.sol::ReraiseETHCrowdfundTest.test_claimMultiple_works()
 writer effect     -> contracts/crowdfund/ETHCrowdfundBase.sol:226
 written member    -> ('SV', 'contracts/crowdfund/ETHCrowdfundBase.sol', 'ETHCrowdfundBase.totalContributions')
 potentially stale -> ('SV', 'contracts/crowdfund/ETHCrowdfundBase.sol', 'ETHCrowdfundBase.exchangeRateBps'), ('SV', 'contracts/crowdfund/ETHCrowdfundBase.sol', 'ETHCrowdfundBase.fundingSplitBps'), ('SV', 'contracts/crowdfund/ETHCrowdfundBase.sol', 'ETHCrowdfundBase.maxTotalContributions')
 reader witnesses  -> 2849
 storage exposures -> 1
[MV-SI candidate c7a04e2add97e0f9ab57] {minTotalContributions, totalContributions}
 writer root       -> sol-tests/crowdfund/InitialETHCrowdfund.t.sol::InitialETHCrowdfundTest.test_sendFundingSplit_canOnlySendWhenFinalized()
 writer effect     -> contracts/crowdfund/ETHCrowdfundBase.sol:212
 written member    -> ('SV', 'contracts/crowdfund/ETHCrowdfundBase.sol', 'ETHCrowdfundBase.totalContributions')
 potentially stale -> ('SV', 'contracts/crowdfund/ETHCrowdfundBase.sol', 'ETHCrowdfundBase.minTotalContributions')
 reader witnesses  -> 94
 storage exposures -> 1
[MV-SI candidate c7a378c5e481dbed5399] {maxTotalContributions, minContribution, totalContributions}
 writer root       -> sol-tests/crowdfund/InitialETHCrowdfund.t.sol::InitialETHCrowdfundTest.test_finalize_onlyHostCanFinalizeEarlyWhenActive()
 writer effect     -> contracts/crowdfund/ETHCrowdfundBase.sol:226
 written member    -> ('SV', 'contracts/crowdfund/ETHCrowdfundBase.sol', 'ETHCrowdfundBase.totalContributions')
 potentially stale -> ('SV', 'contracts/crowdfund/ETHCrowdfundBase.sol', 'ETHCrowdfundBase.maxTotalContributions'), ('SV', 'contracts/crowdfund/ETHCrowdfundBase.sol', 'ETHCrowdfundBase.minContribution')
 reader witnesses  -> 175
 storage exposures -> 1
[MV-SI candidate c83a0073b632c99b64e1] {minTotalContributions, totalContributions}
 writer root       -> sol-tests/crowdfund/ReraiseETHCrowdfund.t.sol::ReraiseETHCrowdfundTest.test_contribute_works()
 writer effect     -> contracts/crowdfund/ETHCrowdfundBase.sol:226
 written member    -> ('SV', 'contracts/crowdfund/ETHCrowdfundBase.sol', 'ETHCrowdfundBase.totalContributions')
 potentially stale -> ('SV', 'contracts/crowdfund/ETHCrowdfundBase.sol', 'ETHCrowdfundBase.minTotalContributions')
 reader witnesses  -> 118
 storage exposures -> 1
[MV-SI candidate c8d53f418515fcb6fe30] {minTotalContributions, totalContributions}
 writer root       -> sol-tests/crowdfund/ReraiseETHCrowdfund.t.sol::ReraiseETHCrowdfundTest.test_contribute_aboveMaxTotalContribution()
 writer effect     -> contracts/crowdfund/ETHCrowdfundBase.sol:212
 written member    -> ('SV', 'contracts/crowdfund/ETHCrowdfundBase.sol', 'ETHCrowdfundBase.totalContributions')
 potentially stale -> ('SV', 'contracts/crowdfund/ETHCrowdfundBase.sol', 'ETHCrowdfundBase.minTotalContributions')
 reader witnesses  -> 118
 storage exposures -> 1
[MV-SI candidate c8f6353a41816274873c] {exchangeRateBps, fundingSplitBps, maxTotalContributions, totalContributions}
 writer root       -> sol-tests/crowdfund/ReraiseETHCrowdfund.t.sol::ReraiseETHCrowdfundTest.test_contribute_noContribution()
 writer effect     -> contracts/crowdfund/ETHCrowdfundBase.sol:212
 written member    -> ('SV', 'contracts/crowdfund/ETHCrowdfundBase.sol', 'ETHCrowdfundBase.totalContributions')
 potentially stale -> ('SV', 'contracts/crowdfund/ETHCrowdfundBase.sol', 'ETHCrowdfundBase.exchangeRateBps'), ('SV', 'contracts/crowdfund/ETHCrowdfundBase.sol', 'ETHCrowdfundBase.fundingSplitBps'), ('SV', 'contracts/crowdfund/ETHCrowdfundBase.sol', 'ETHCrowdfundBase.maxTotalContributions')
 reader witnesses  -> 2849
 storage exposures -> 1
[MV-SI candidate c919dad6901dc152978b] {_governanceValues, votingPowerByTokenId[$arg0]}
 writer root       -> sol-tests/crowdfund/ReraiseETHCrowdfund.t.sol::ReraiseETHCrowdfundTest.test_sendFundingSplit_canOnlySendWhenFinalized()
 writer effect     -> contracts/party/PartyGovernanceNFT.sol:230
 written member    -> ('SV', 'contracts/party/PartyGovernance.sol', 'PartyGovernance._governanceValues')
 potentially stale -> ('MS', 'contracts/party/PartyGovernanceNFT.sol', 'PartyGovernanceNFT.votingPowerByTokenId', '$arg0')
 reader witnesses  -> 249
 storage exposures -> 1
[MV-SI candidate c9495c308be938460f22] {_governanceValues, mintedVotingPower}
 writer root       -> sol-tests/party/PartyGovernanceNFT.t.sol::PartyGovernanceNFTTest.testBurn_revertsIfCalledByOwnerBeforePartyStarted()
 writer effect     -> contracts/party/PartyGovernanceNFT.sol:258
 written member    -> ('SV', 'contracts/party/PartyGovernance.sol', 'PartyGovernance._governanceValues')
 potentially stale -> ('SV', 'contracts/party/PartyGovernanceNFT.sol', 'PartyGovernanceNFT.mintedVotingPower')
 reader witnesses  -> 722
 storage exposures -> 1
[MV-SI candidate c985e797f4e3a6426cc0] {exchangeRateBps, fundingSplitBps, maxTotalContributions, totalContributions}
 writer root       -> sol-tests/crowdfund/ReraiseETHCrowdfund.t.sol::ReraiseETHCrowdfundTest.test_finalize_belowMinTotalContributions()
 writer effect     -> contracts/crowdfund/ETHCrowdfundBase.sol:212
 written member    -> ('SV', 'contracts/crowdfund/ETHCrowdfundBase.sol', 'ETHCrowdfundBase.totalContributions')
 potentially stale -> ('SV', 'contracts/crowdfund/ETHCrowdfundBase.sol', 'ETHCrowdfundBase.exchangeRateBps'), ('SV', 'contracts/crowdfund/ETHCrowdfundBase.sol', 'ETHCrowdfundBase.fundingSplitBps'), ('SV', 'contracts/crowdfund/ETHCrowdfundBase.sol', 'ETHCrowdfundBase.maxTotalContributions')
 reader witnesses  -> 2849
 storage exposures -> 1
[MV-SI candidate c99bb797a5597dd182da] {maxTotalContributions, minContribution, totalContributions}
 writer root       -> sol-tests/crowdfund/ReraiseETHCrowdfund.t.sol::ReraiseETHCrowdfundTest.test_contributeFor_works()
 writer effect     -> contracts/crowdfund/ETHCrowdfundBase.sol:212
 written member    -> ('SV', 'contracts/crowdfund/ETHCrowdfundBase.sol', 'ETHCrowdfundBase.totalContributions')
 potentially stale -> ('SV', 'contracts/crowdfund/ETHCrowdfundBase.sol', 'ETHCrowdfundBase.maxTotalContributions'), ('SV', 'contracts/crowdfund/ETHCrowdfundBase.sol', 'ETHCrowdfundBase.minContribution')
 reader witnesses  -> 220
 storage exposures -> 1
[MV-SI candidate c9e59d8c30a34d9af603] {maxTotalContributions, minContribution, totalContributions}
 writer root       -> sol-tests/crowdfund/ReraiseETHCrowdfund.t.sol::ReraiseETHCrowdfundTest.test_crowdfundCardTokenURI_whileCrowdfundWon()
 writer effect     -> contracts/crowdfund/ETHCrowdfundBase.sol:212
 written member    -> ('SV', 'contracts/crowdfund/ETHCrowdfundBase.sol', 'ETHCrowdfundBase.totalContributions')
 potentially stale -> ('SV', 'contracts/crowdfund/ETHCrowdfundBase.sol', 'ETHCrowdfundBase.maxTotalContributions'), ('SV', 'contracts/crowdfund/ETHCrowdfundBase.sol', 'ETHCrowdfundBase.minContribution')
 reader witnesses  -> 220
 storage exposures -> 1
[MV-SI candidate ca09b4a46246d6ecb204] {exchangeRateBps, fundingSplitBps, maxTotalContributions, totalContributions}
 writer root       -> sol-tests/crowdfund/InitialETHCrowdfund.t.sol::InitialETHCrowdfundTest.test_contribute_belowMinContribution()
 writer effect     -> contracts/crowdfund/ETHCrowdfundBase.sol:226
 written member    -> ('SV', 'contracts/crowdfund/ETHCrowdfundBase.sol', 'ETHCrowdfundBase.totalContributions')
 potentially stale -> ('SV', 'contracts/crowdfund/ETHCrowdfundBase.sol', 'ETHCrowdfundBase.exchangeRateBps'), ('SV', 'contracts/crowdfund/ETHCrowdfundBase.sol', 'ETHCrowdfundBase.fundingSplitBps'), ('SV', 'contracts/crowdfund/ETHCrowdfundBase.sol', 'ETHCrowdfundBase.maxTotalContributions')
 reader witnesses  -> 2219
 storage exposures -> 1
[MV-SI candidate ca602ab2c1003ea73a00] {maxTotalContributions, minContribution, totalContributions}
 writer root       -> sol-tests/crowdfund/InitialETHCrowdfund.t.sol::InitialETHCrowdfundTest.test_batchContribute_works()
 writer effect     -> contracts/crowdfund/ETHCrowdfundBase.sol:226
 written member    -> ('SV', 'contracts/crowdfund/ETHCrowdfundBase.sol', 'ETHCrowdfundBase.totalContributions')
 potentially stale -> ('SV', 'contracts/crowdfund/ETHCrowdfundBase.sol', 'ETHCrowdfundBase.maxTotalContributions'), ('SV', 'contracts/crowdfund/ETHCrowdfundBase.sol', 'ETHCrowdfundBase.minContribution')
 reader witnesses  -> 175
 storage exposures -> 1
[MV-SI candidate ca71aa131d5d05c0f883] {_governanceValues, votingPowerByTokenId[$arg0]}
 writer root       -> sol-tests/crowdfund/InitialETHCrowdfund.t.sol::InitialETHCrowdfundTest.test_fundingSplit_contributionAndRefund()
 writer effect     -> contracts/party/PartyGovernanceNFT.sol:219
 written member    -> ('MS', 'contracts/party/PartyGovernanceNFT.sol', 'PartyGovernanceNFT.votingPowerByTokenId', '$arg0')
 potentially stale -> ('SV', 'contracts/party/PartyGovernance.sol', 'PartyGovernance._governanceValues')
 reader witnesses  -> 891
 storage exposures -> 1
[MV-SI candidate ca80966b6c5377351d0d] {maxTotalContributions, totalContributions}
 writer root       -> sol-tests/crowdfund/InitialETHCrowdfund.t.sol::InitialETHCrowdfundTest.test_initialization_cannotReinitialize()
 writer effect     -> contracts/crowdfund/ETHCrowdfundBase.sol:226
 written member    -> ('SV', 'contracts/crowdfund/ETHCrowdfundBase.sol', 'ETHCrowdfundBase.totalContributions')
 potentially stale -> ('SV', 'contracts/crowdfund/ETHCrowdfundBase.sol', 'ETHCrowdfundBase.maxTotalContributions')
 reader witnesses  -> 264
 storage exposures -> 1
[MV-SI candidate cb003bab19d35f2b3f25] {_governanceValues, mintedVotingPower}
 writer root       -> sol-tests/crowdfund/InitialETHCrowdfund.t.sol::InitialETHCrowdfundTest.test_finalize_works()
 writer effect     -> contracts/party/PartyGovernanceNFT.sol:186
 written member    -> ('SV', 'contracts/party/PartyGovernanceNFT.sol', 'PartyGovernanceNFT.mintedVotingPower')
 potentially stale -> ('SV', 'contracts/party/PartyGovernance.sol', 'PartyGovernance._governanceValues')
 reader witnesses  -> 594
 storage exposures -> 1
[MV-SI candidate cb152cb872e92f11d18e] {minTotalContributions, totalContributions}
 writer root       -> sol-tests/crowdfund/InitialETHCrowdfund.t.sol::InitialETHCrowdfundTest.test_contribute_smallAmountWithFundingSplit()
 writer effect     -> contracts/crowdfund/ETHCrowdfundBase.sol:226
 written member    -> ('SV', 'contracts/crowdfund/ETHCrowdfundBase.sol', 'ETHCrowdfundBase.totalContributions')
 potentially stale -> ('SV', 'contracts/crowdfund/ETHCrowdfundBase.sol', 'ETHCrowdfundBase.minTotalContributions')
 reader witnesses  -> 94
 storage exposures -> 1
[MV-SI candidate cb6422ead711d9898526] {minTotalContributions, totalContributions}
 writer root       -> sol-tests/crowdfund/ReraiseETHCrowdfund.t.sol::ReraiseETHCrowdfundTest.test_contribute_gatekeeperChecksSender()
 writer effect     -> contracts/crowdfund/ETHCrowdfundBase.sol:212
 written member    -> ('SV', 'contracts/crowdfund/ETHCrowdfundBase.sol', 'ETHCrowdfundBase.totalContributions')
 potentially stale -> ('SV', 'contracts/crowdfund/ETHCrowdfundBase.sol', 'ETHCrowdfundBase.minTotalContributions')
 reader witnesses  -> 118
 storage exposures -> 1
[MV-SI candidate cbb3bad47195e0b6f4ad] {_governanceValues, mintedVotingPower}
 writer root       -> sol-tests/crowdfund/ReraiseETHCrowdfund.t.sol::ReraiseETHCrowdfundTest.test_batchClaim_works()
 writer effect     -> contracts/party/PartyGovernanceNFT.sol:230
 written member    -> ('SV', 'contracts/party/PartyGovernance.sol', 'PartyGovernance._governanceValues')
 potentially stale -> ('SV', 'contracts/party/PartyGovernanceNFT.sol', 'PartyGovernanceNFT.mintedVotingPower')
 reader witnesses  -> 722
 storage exposures -> 1
[MV-SI candidate cbcbb25f7b80efc1c7ea] {exchangeRateBps, fundingSplitBps, maxTotalContributions, totalContributions}
 writer root       -> sol-tests/crowdfund/ReraiseETHCrowdfund.t.sol::ReraiseETHCrowdfundTest.test_sendFundingSplit_works()
 writer effect     -> contracts/crowdfund/ETHCrowdfundBase.sol:212
 written member    -> ('SV', 'contracts/crowdfund/ETHCrowdfundBase.sol', 'ETHCrowdfundBase.totalContributions')
 potentially stale -> ('SV', 'contracts/crowdfund/ETHCrowdfundBase.sol', 'ETHCrowdfundBase.exchangeRateBps'), ('SV', 'contracts/crowdfund/ETHCrowdfundBase.sol', 'ETHCrowdfundBase.fundingSplitBps'), ('SV', 'contracts/crowdfund/ETHCrowdfundBase.sol', 'ETHCrowdfundBase.maxTotalContributions')
 reader witnesses  -> 2849
 storage exposures -> 1
[MV-SI candidate cbf6a977be01413254a1] {_governanceValues, mintedVotingPower}
 writer root       -> sol-tests/crowdfund/InitialETHCrowdfund.t.sol::InitialETHCrowdfundTest.test_contributeFor_works()
 writer effect     -> contracts/party/PartyGovernanceNFT.sol:230
 written member    -> ('SV', 'contracts/party/PartyGovernance.sol', 'PartyGovernance._governanceValues')
 potentially stale -> ('SV', 'contracts/party/PartyGovernanceNFT.sol', 'PartyGovernanceNFT.mintedVotingPower')
 reader witnesses  -> 722
 storage exposures -> 1
[MV-SI candidate cc05cd599cfbd27a11c3] {_governanceValues, mintedVotingPower}
 writer root       -> sol-tests/party/PartyGovernance.t.sol::PartyGovernanceTest.testExpiresWithPassing()
 writer effect     -> contracts/party/PartyGovernanceNFT.sol:186
 written member    -> ('SV', 'contracts/party/PartyGovernanceNFT.sol', 'PartyGovernanceNFT.mintedVotingPower')
 potentially stale -> ('SV', 'contracts/party/PartyGovernance.sol', 'PartyGovernance._governanceValues')
 reader witnesses  -> 594
 storage exposures -> 1
[MV-SI candidate cc3a3c597ee61d1efae4] {_governanceValues, mintedVotingPower}
 writer root       -> sol-tests/crowdfund/InitialETHCrowdfund.t.sol::InitialETHCrowdfundTest.test_refund_works()
 writer effect     -> contracts/party/PartyGovernanceNFT.sol:186
 written member    -> ('SV', 'contracts/party/PartyGovernanceNFT.sol', 'PartyGovernanceNFT.mintedVotingPower')
 potentially stale -> ('SV', 'contracts/party/PartyGovernance.sol', 'PartyGovernance._governanceValues')
 reader witnesses  -> 594
 storage exposures -> 1
[MV-SI candidate cc4a81e205ab630e6726] {_governanceValues, mintedVotingPower}
 writer root       -> sol-tests/crowdfund/ReraiseETHCrowdfund.t.sol::ReraiseETHCrowdfundTest.test_claimMultiple_votingPowerOfCardAboveMax()
 writer effect     -> contracts/party/PartyGovernanceNFT.sol:230
 written member    -> ('SV', 'contracts/party/PartyGovernance.sol', 'PartyGovernance._governanceValues')
 potentially stale -> ('SV', 'contracts/party/PartyGovernanceNFT.sol', 'PartyGovernanceNFT.mintedVotingPower')
 reader witnesses  -> 722
 storage exposures -> 1
[MV-SI candidate cc5c22cf03a34f3f63d4] {minTotalContributions, totalContributions}
 writer root       -> sol-tests/crowdfund/InitialETHCrowdfund.t.sol::InitialETHCrowdfundTest.test_contribute_addVotingPowerToExistingCard()
 writer effect     -> contracts/crowdfund/ETHCrowdfundBase.sol:212
 written member    -> ('SV', 'contracts/crowdfund/ETHCrowdfundBase.sol', 'ETHCrowdfundBase.totalContributions')
 potentially stale -> ('SV', 'contracts/crowdfund/ETHCrowdfundBase.sol', 'ETHCrowdfundBase.minTotalContributions')
 reader witnesses  -> 94
 storage exposures -> 1
[MV-SI candidate cc9396b648a1f65e5dc7] {_governanceValues, mintedVotingPower}
 writer root       -> sol-tests/crowdfund/ReraiseETHCrowdfund.t.sol::ReraiseETHCrowdfundTest.test_expiry_lost()
 writer effect     -> contracts/party/PartyGovernanceNFT.sol:230
 written member    -> ('SV', 'contracts/party/PartyGovernance.sol', 'PartyGovernance._governanceValues')
 potentially stale -> ('SV', 'contracts/party/PartyGovernanceNFT.sol', 'PartyGovernanceNFT.mintedVotingPower')
 reader witnesses  -> 722
 storage exposures -> 1
[MV-SI candidate cca2e2bd3aeafb730197] {maxTotalContributions, minContribution, totalContributions}
 writer root       -> sol-tests/crowdfund/InitialETHCrowdfund.t.sol::InitialETHCrowdfundTest.test_contributeFor_doesNotUpdateExistingDelegation()
 writer effect     -> contracts/crowdfund/ETHCrowdfundBase.sol:212
 written member    -> ('SV', 'contracts/crowdfund/ETHCrowdfundBase.sol', 'ETHCrowdfundBase.totalContributions')
 potentially stale -> ('SV', 'contracts/crowdfund/ETHCrowdfundBase.sol', 'ETHCrowdfundBase.maxTotalContributions'), ('SV', 'contracts/crowdfund/ETHCrowdfundBase.sol', 'ETHCrowdfundBase.minContribution')
 reader witnesses  -> 175
 storage exposures -> 1
[MV-SI candidate ccc41baafc0dab3c9b63] {maxTotalContributions, minContribution, totalContributions}
 writer root       -> contracts/crowdfund/InitialETHCrowdfund.sol::InitialETHCrowdfund.batchContribute(InitialETHCrowdfund.BatchContributeArgs)
 writer effect     -> contracts/crowdfund/ETHCrowdfundBase.sol:212
 written member    -> ('SV', 'contracts/crowdfund/ETHCrowdfundBase.sol', 'ETHCrowdfundBase.totalContributions')
 potentially stale -> ('SV', 'contracts/crowdfund/ETHCrowdfundBase.sol', 'ETHCrowdfundBase.maxTotalContributions'), ('SV', 'contracts/crowdfund/ETHCrowdfundBase.sol', 'ETHCrowdfundBase.minContribution')
 reader witnesses  -> 175
 storage exposures -> 1
[MV-SI candidate cd1596d73567e4b2b9b4] {_governanceValues, votingPowerByTokenId[$arg0]}
 writer root       -> sol-tests/crowdfund/InitialETHCrowdfund.t.sol::InitialETHCrowdfundTest.test_expiry_lost()
 writer effect     -> contracts/party/PartyGovernanceNFT.sol:230
 written member    -> ('SV', 'contracts/party/PartyGovernance.sol', 'PartyGovernance._governanceValues')
 potentially stale -> ('MS', 'contracts/party/PartyGovernanceNFT.sol', 'PartyGovernanceNFT.votingPowerByTokenId', '$arg0')
 reader witnesses  -> 249
 storage exposures -> 1
[MV-SI candidate cd2db1ff1f03b265c072] {maxTotalContributions, minContribution, totalContributions}
 writer root       -> sol-tests/crowdfund/InitialETHCrowdfund.t.sol::InitialETHCrowdfundTest.test_contribute_aboveMaxTotalContributionWhenWhenContributionBelowMinContributionAfterRefund()
 writer effect     -> contracts/crowdfund/ETHCrowdfundBase.sol:226
 written member    -> ('SV', 'contracts/crowdfund/ETHCrowdfundBase.sol', 'ETHCrowdfundBase.totalContributions')
 potentially stale -> ('SV', 'contracts/crowdfund/ETHCrowdfundBase.sol', 'ETHCrowdfundBase.maxTotalContributions'), ('SV', 'contracts/crowdfund/ETHCrowdfundBase.sol', 'ETHCrowdfundBase.minContribution')
 reader witnesses  -> 175
 storage exposures -> 1
[MV-SI candidate cd508ce0a9294fee37c7] {_governanceValues, mintedVotingPower}
 writer root       -> sol-tests/crowdfund/InitialETHCrowdfund.t.sol::InitialETHCrowdfundTest.test_finalize_withFundingSplit()
 writer effect     -> contracts/party/PartyGovernanceNFT.sol:230
 written member    -> ('SV', 'contracts/party/PartyGovernance.sol', 'PartyGovernance._governanceValues')
 potentially stale -> ('SV', 'contracts/party/PartyGovernanceNFT.sol', 'PartyGovernanceNFT.mintedVotingPower')
 reader witnesses  -> 722
 storage exposures -> 1
[MV-SI candidate cdd7773b816c150e1b84] {maxTotalContributions, totalContributions}
 writer root       -> sol-tests/crowdfund/ReraiseETHCrowdfund.t.sol::ReraiseETHCrowdfundTest.test_finalize_withFundingSplit()
 writer effect     -> contracts/crowdfund/ETHCrowdfundBase.sol:226
 written member    -> ('SV', 'contracts/crowdfund/ETHCrowdfundBase.sol', 'ETHCrowdfundBase.totalContributions')
 potentially stale -> ('SV', 'contracts/crowdfund/ETHCrowdfundBase.sol', 'ETHCrowdfundBase.maxTotalContributions')
 reader witnesses  -> 324
 storage exposures -> 1
[MV-SI candidate cded095992a62e1f9664] {maxTotalContributions, minContribution, totalContributions}
 writer root       -> sol-tests/crowdfund/ReraiseETHCrowdfund.t.sol::ReraiseETHCrowdfundTest.test_finalize_anyoneCanFinalizeWhenExpired()
 writer effect     -> contracts/crowdfund/ETHCrowdfundBase.sol:226
 written member    -> ('SV', 'contracts/crowdfund/ETHCrowdfundBase.sol', 'ETHCrowdfundBase.totalContributions')
 potentially stale -> ('SV', 'contracts/crowdfund/ETHCrowdfundBase.sol', 'ETHCrowdfundBase.maxTotalContributions'), ('SV', 'contracts/crowdfund/ETHCrowdfundBase.sol', 'ETHCrowdfundBase.minContribution')
 reader witnesses  -> 220
 storage exposures -> 1
[MV-SI candidate ce2548703d93d6ba7838] {maxTotalContributions, minContribution, totalContributions}
 writer root       -> sol-tests/crowdfund/InitialETHCrowdfund.t.sol::InitialETHCrowdfundTest.test_contribute_aboveMaxContribution()
 writer effect     -> contracts/crowdfund/ETHCrowdfundBase.sol:212
 written member    -> ('SV', 'contracts/crowdfund/ETHCrowdfundBase.sol', 'ETHCrowdfundBase.totalContributions')
 potentially stale -> ('SV', 'contracts/crowdfund/ETHCrowdfundBase.sol', 'ETHCrowdfundBase.maxTotalContributions'), ('SV', 'contracts/crowdfund/ETHCrowdfundBase.sol', 'ETHCrowdfundBase.minContribution')
 reader witnesses  -> 175
 storage exposures -> 1
[MV-SI candidate ce3db0e6333ecdd573dc] {exchangeRateBps, fundingSplitBps, maxTotalContributions, totalContributions}
 writer root       -> sol-tests/crowdfund/ReraiseETHCrowdfund.t.sol::ReraiseETHCrowdfundTest.test_claimMultiple_votingPowerOfCardBelowMin()
 writer effect     -> contracts/crowdfund/ETHCrowdfundBase.sol:212
 written member    -> ('SV', 'contracts/crowdfund/ETHCrowdfundBase.sol', 'ETHCrowdfundBase.totalContributions')
 potentially stale -> ('SV', 'contracts/crowdfund/ETHCrowdfundBase.sol', 'ETHCrowdfundBase.exchangeRateBps'), ('SV', 'contracts/crowdfund/ETHCrowdfundBase.sol', 'ETHCrowdfundBase.fundingSplitBps'), ('SV', 'contracts/crowdfund/ETHCrowdfundBase.sol', 'ETHCrowdfundBase.maxTotalContributions')
 reader witnesses  -> 2849
 storage exposures -> 1
[MV-SI candidate cefc25cbd2df0ad90d86] {exchangeRateBps, fundingSplitBps, maxTotalContributions, totalContributions}
 writer root       -> contracts/crowdfund/InitialETHCrowdfund.sol::InitialETHCrowdfund.contributeFor(uint256,address,address,bytes)
 writer effect     -> contracts/crowdfund/ETHCrowdfundBase.sol:226
 written member    -> ('SV', 'contracts/crowdfund/ETHCrowdfundBase.sol', 'ETHCrowdfundBase.totalContributions')
 potentially stale -> ('SV', 'contracts/crowdfund/ETHCrowdfundBase.sol', 'ETHCrowdfundBase.exchangeRateBps'), ('SV', 'contracts/crowdfund/ETHCrowdfundBase.sol', 'ETHCrowdfundBase.fundingSplitBps'), ('SV', 'contracts/crowdfund/ETHCrowdfundBase.sol', 'ETHCrowdfundBase.maxTotalContributions')
 reader witnesses  -> 2219
 storage exposures -> 1
[MV-SI candidate cf079c7117f562835542] {maxTotalContributions, totalContributions}
 writer root       -> sol-tests/crowdfund/InitialETHCrowdfund.t.sol::InitialETHCrowdfundTest.test_contribute_addVotingPowerToExistingCard()
 writer effect     -> contracts/crowdfund/ETHCrowdfundBase.sol:226
 written member    -> ('SV', 'contracts/crowdfund/ETHCrowdfundBase.sol', 'ETHCrowdfundBase.totalContributions')
 potentially stale -> ('SV', 'contracts/crowdfund/ETHCrowdfundBase.sol', 'ETHCrowdfundBase.maxTotalContributions')
 reader witnesses  -> 264
 storage exposures -> 1
[MV-SI candidate cf0e3fa26fd80608b0a2] {_governanceValues, votingPowerByTokenId[$arg0]}
 writer root       -> sol-tests/party/PartyGovernanceNFT.t.sol::PartyGovernanceNFTTest.testRageQuit_enableRageQuit()
 writer effect     -> contracts/party/PartyGovernanceNFT.sol:258
 written member    -> ('SV', 'contracts/party/PartyGovernance.sol', 'PartyGovernance._governanceValues')
 potentially stale -> ('MS', 'contracts/party/PartyGovernanceNFT.sol', 'PartyGovernanceNFT.votingPowerByTokenId', '$arg0')
 reader witnesses  -> 249
 storage exposures -> 1
[MV-SI candidate cf23f8e36280b1faaeb5] {minTotalContributions, totalContributions}
 writer root       -> sol-tests/crowdfund/ReraiseETHCrowdfund.t.sol::ReraiseETHCrowdfundTest.test_contribute_aboveMaxContribution()
 writer effect     -> contracts/crowdfund/ETHCrowdfundBase.sol:226
 written member    -> ('SV', 'contracts/crowdfund/ETHCrowdfundBase.sol', 'ETHCrowdfundBase.totalContributions')
 potentially stale -> ('SV', 'contracts/crowdfund/ETHCrowdfundBase.sol', 'ETHCrowdfundBase.minTotalContributions')
 reader witnesses  -> 118
 storage exposures -> 1
[MV-SI candidate cf307e137ddbd5bd2562] {_governanceValues, mintedVotingPower}
 writer root       -> sol-tests/party/PartyGovernanceNFT.t.sol::PartyGovernanceNFTTest.testRageQuit_disableRageQuit()
 writer effect     -> contracts/party/PartyGovernanceNFT.sol:186
 written member    -> ('SV', 'contracts/party/PartyGovernanceNFT.sol', 'PartyGovernanceNFT.mintedVotingPower')
 potentially stale -> ('SV', 'contracts/party/PartyGovernance.sol', 'PartyGovernance._governanceValues')
 reader witnesses  -> 594
 storage exposures -> 1
[MV-SI candidate cf56812e173a477aabc8] {maxTotalContributions, minContribution, totalContributions}
 writer root       -> sol-tests/crowdfund/ReraiseETHCrowdfund.t.sol::ReraiseETHCrowdfundTest.test_contribute_works()
 writer effect     -> contracts/crowdfund/ETHCrowdfundBase.sol:226
 written member    -> ('SV', 'contracts/crowdfund/ETHCrowdfundBase.sol', 'ETHCrowdfundBase.totalContributions')
 potentially stale -> ('SV', 'contracts/crowdfund/ETHCrowdfundBase.sol', 'ETHCrowdfundBase.maxTotalContributions'), ('SV', 'contracts/crowdfund/ETHCrowdfundBase.sol', 'ETHCrowdfundBase.minContribution')
 reader witnesses  -> 220
 storage exposures -> 1
[MV-SI candidate cf720b6910d718df6460] {_governanceValues, isAuthority[$sender]}
 writer root       -> sol-tests/party/PartyGovernanceNFT.t.sol::PartyGovernanceNFTTest.testRageQuit_disableRageQuit()
 writer effect     -> contracts/party/PartyGovernanceNFT.sol:258
 written member    -> ('SV', 'contracts/party/PartyGovernance.sol', 'PartyGovernance._governanceValues')
 potentially stale -> ('MS', 'contracts/party/PartyGovernanceNFT.sol', 'PartyGovernanceNFT.isAuthority', '$sender')
 reader witnesses  -> 183
 storage exposures -> 1
[MV-SI candidate cf7684968b378faa2238] {_governanceValues, votingPowerByTokenId[$arg0]}
 writer root       -> sol-tests/crowdfund/ReraiseETHCrowdfund.t.sol::ReraiseETHCrowdfundTest.test_claimMultiple_cannotHaveRemainingVotingPowerAfterClaim()
 writer effect     -> contracts/party/PartyGovernanceNFT.sol:219
 written member    -> ('MS', 'contracts/party/PartyGovernanceNFT.sol', 'PartyGovernanceNFT.votingPowerByTokenId', '$arg0')
 potentially stale -> ('SV', 'contracts/party/PartyGovernance.sol', 'PartyGovernance._governanceValues')
 reader witnesses  -> 891
 storage exposures -> 1
[MV-SI candidate cff982f037385677c2a3] {exchangeRateBps, fundingSplitBps, maxTotalContributions, totalContributions}
 writer root       -> sol-tests/crowdfund/InitialETHCrowdfund.t.sol::InitialETHCrowdfundTest.test_finalize_anyoneCanFinalizeWhenExpired()
 writer effect     -> contracts/crowdfund/ETHCrowdfundBase.sol:212
 written member    -> ('SV', 'contracts/crowdfund/ETHCrowdfundBase.sol', 'ETHCrowdfundBase.totalContributions')
 potentially stale -> ('SV', 'contracts/crowdfund/ETHCrowdfundBase.sol', 'ETHCrowdfundBase.exchangeRateBps'), ('SV', 'contracts/crowdfund/ETHCrowdfundBase.sol', 'ETHCrowdfundBase.fundingSplitBps'), ('SV', 'contracts/crowdfund/ETHCrowdfundBase.sol', 'ETHCrowdfundBase.maxTotalContributions')
 reader witnesses  -> 2219
 storage exposures -> 1
[MV-SI candidate d044d015057047f2c26b] {exchangeRateBps, fundingSplitBps, maxTotalContributions, totalContributions}
 writer root       -> sol-tests/crowdfund/InitialETHCrowdfund.t.sol::InitialETHCrowdfundTest.test_contribute_cannotDelegateToZeroAddress()
 writer effect     -> contracts/crowdfund/ETHCrowdfundBase.sol:212
 written member    -> ('SV', 'contracts/crowdfund/ETHCrowdfundBase.sol', 'ETHCrowdfundBase.totalContributions')
 potentially stale -> ('SV', 'contracts/crowdfund/ETHCrowdfundBase.sol', 'ETHCrowdfundBase.exchangeRateBps'), ('SV', 'contracts/crowdfund/ETHCrowdfundBase.sol', 'ETHCrowdfundBase.fundingSplitBps'), ('SV', 'contracts/crowdfund/ETHCrowdfundBase.sol', 'ETHCrowdfundBase.maxTotalContributions')
 reader witnesses  -> 2219
 storage exposures -> 1
[MV-SI candidate d09b906ae169d9de849c] {minTotalContributions, totalContributions}
 writer root       -> sol-tests/crowdfund/InitialETHCrowdfund.t.sol::InitialETHCrowdfundTest.test_expiry_lost()
 writer effect     -> contracts/crowdfund/ETHCrowdfundBase.sol:226
 written member    -> ('SV', 'contracts/crowdfund/ETHCrowdfundBase.sol', 'ETHCrowdfundBase.totalContributions')
 potentially stale -> ('SV', 'contracts/crowdfund/ETHCrowdfundBase.sol', 'ETHCrowdfundBase.minTotalContributions')
 reader witnesses  -> 94
 storage exposures -> 1
[MV-SI candidate d0a02a1f1a221bd792f9] {_governanceValues, isAuthority[$sender]}
 writer root       -> sol-tests/crowdfund/InitialETHCrowdfund.t.sol::InitialETHCrowdfundTest.test_sendFundingSplit_works()
 writer effect     -> contracts/party/PartyGovernanceNFT.sol:230
 written member    -> ('SV', 'contracts/party/PartyGovernance.sol', 'PartyGovernance._governanceValues')
 potentially stale -> ('MS', 'contracts/party/PartyGovernanceNFT.sol', 'PartyGovernanceNFT.isAuthority', '$sender')
 reader witnesses  -> 183
 storage exposures -> 1
[MV-SI candidate d0e0892f4d10b40aceed] {_governanceValues, mintedVotingPower}
 writer root       -> sol-tests/crowdfund/ReraiseETHCrowdfund.t.sol::ReraiseETHCrowdfundTest.test_claim_addVotingPowerToExistingCard()
 writer effect     -> contracts/party/PartyGovernanceNFT.sol:186
 written member    -> ('SV', 'contracts/party/PartyGovernanceNFT.sol', 'PartyGovernanceNFT.mintedVotingPower')
 potentially stale -> ('SV', 'contracts/party/PartyGovernance.sol', 'PartyGovernance._governanceValues')
 reader witnesses  -> 594
 storage exposures -> 1
[MV-SI candidate d12a7baf442933730aaf] {_governanceValues, mintedVotingPower}
 writer root       -> sol-tests/crowdfund/Crowdfund.t.sol::CrowdfundTest.testWin_participatingSplitRecipient_splitRecipientContributionNotUsed()
 writer effect     -> contracts/party/PartyGovernanceNFT.sol:186
 written member    -> ('SV', 'contracts/party/PartyGovernanceNFT.sol', 'PartyGovernanceNFT.mintedVotingPower')
 potentially stale -> ('SV', 'contracts/party/PartyGovernance.sol', 'PartyGovernance._governanceValues')
 reader witnesses  -> 594
 storage exposures -> 1
[MV-SI candidate d14b317ac7e2baf28f85] {maxTotalContributions, totalContributions}
 writer root       -> sol-tests/crowdfund/InitialETHCrowdfund.t.sol::InitialETHCrowdfundTest.test_initialization_cannotReinitialize()
 writer effect     -> contracts/crowdfund/ETHCrowdfundBase.sol:141
 written member    -> ('SV', 'contracts/crowdfund/ETHCrowdfundBase.sol', 'ETHCrowdfundBase.maxTotalContributions')
 potentially stale -> ('SV', 'contracts/crowdfund/ETHCrowdfundBase.sol', 'ETHCrowdfundBase.totalContributions')
 reader witnesses  -> 180
 storage exposures -> 1
[MV-SI candidate d15f25a8cec7a3527499] {maxTotalContributions, totalContributions}
 writer root       -> sol-tests/crowdfund/ReraiseETHCrowdfund.t.sol::ReraiseETHCrowdfundTest.test_refund_twice()
 writer effect     -> contracts/crowdfund/ETHCrowdfundBase.sol:212
 written member    -> ('SV', 'contracts/crowdfund/ETHCrowdfundBase.sol', 'ETHCrowdfundBase.totalContributions')
 potentially stale -> ('SV', 'contracts/crowdfund/ETHCrowdfundBase.sol', 'ETHCrowdfundBase.maxTotalContributions')
 reader witnesses  -> 324
 storage exposures -> 1
[MV-SI candidate d212fd90831be613310f] {maxTotalContributions, minContribution, totalContributions}
 writer root       -> sol-tests/crowdfund/ReraiseETHCrowdfund.t.sol::ReraiseETHCrowdfundTest.test_contribute_belowMinContribution()
 writer effect     -> contracts/crowdfund/ETHCrowdfundBase.sol:212
 written member    -> ('SV', 'contracts/crowdfund/ETHCrowdfundBase.sol', 'ETHCrowdfundBase.totalContributions')
 potentially stale -> ('SV', 'contracts/crowdfund/ETHCrowdfundBase.sol', 'ETHCrowdfundBase.maxTotalContributions'), ('SV', 'contracts/crowdfund/ETHCrowdfundBase.sol', 'ETHCrowdfundBase.minContribution')
 reader witnesses  -> 220
 storage exposures -> 1
[MV-SI candidate d28aa0be05eb979c8e23] {exchangeRateBps, fundingSplitBps, maxTotalContributions, totalContributions}
 writer root       -> sol-tests/crowdfund/ReraiseETHCrowdfund.t.sol::ReraiseETHCrowdfundTest.test_refund_works()
 writer effect     -> contracts/crowdfund/ETHCrowdfundBase.sol:226
 written member    -> ('SV', 'contracts/crowdfund/ETHCrowdfundBase.sol', 'ETHCrowdfundBase.totalContributions')
 potentially stale -> ('SV', 'contracts/crowdfund/ETHCrowdfundBase.sol', 'ETHCrowdfundBase.exchangeRateBps'), ('SV', 'contracts/crowdfund/ETHCrowdfundBase.sol', 'ETHCrowdfundBase.fundingSplitBps'), ('SV', 'contracts/crowdfund/ETHCrowdfundBase.sol', 'ETHCrowdfundBase.maxTotalContributions')
 reader witnesses  -> 2849
 storage exposures -> 1
[MV-SI candidate d2a081a25265fe90d78c] {minTotalContributions, totalContributions}
 writer root       -> sol-tests/crowdfund/InitialETHCrowdfund.t.sol::InitialETHCrowdfundTest.test_partyCardTokenURI_whileCrowdfundWon()
 writer effect     -> contracts/crowdfund/ETHCrowdfundBase.sol:226
 written member    -> ('SV', 'contracts/crowdfund/ETHCrowdfundBase.sol', 'ETHCrowdfundBase.totalContributions')
 potentially stale -> ('SV', 'contracts/crowdfund/ETHCrowdfundBase.sol', 'ETHCrowdfundBase.minTotalContributions')
 reader witnesses  -> 94
 storage exposures -> 1
[MV-SI candidate d31fbe3eca9ffe9c702c] {_governanceValues, mintedVotingPower}
 writer root       -> sol-tests/crowdfund/InitialETHCrowdfund.t.sol::InitialETHCrowdfundTest.test_contribute_noContribution()
 writer effect     -> contracts/party/PartyGovernanceNFT.sol:230
 written member    -> ('SV', 'contracts/party/PartyGovernance.sol', 'PartyGovernance._governanceValues')
 potentially stale -> ('SV', 'contracts/party/PartyGovernanceNFT.sol', 'PartyGovernanceNFT.mintedVotingPower')
 reader witnesses  -> 722
 storage exposures -> 1
[MV-SI candidate d330f522725d66392b1f] {maxTotalContributions, minContribution, totalContributions}
 writer root       -> sol-tests/crowdfund/ReraiseETHCrowdfund.t.sol::ReraiseETHCrowdfundTest.test_finalize_onlyHostCanFinalizeEarlyWhenActive()
 writer effect     -> contracts/crowdfund/ETHCrowdfundBase.sol:226
 written member    -> ('SV', 'contracts/crowdfund/ETHCrowdfundBase.sol', 'ETHCrowdfundBase.totalContributions')
 potentially stale -> ('SV', 'contracts/crowdfund/ETHCrowdfundBase.sol', 'ETHCrowdfundBase.maxTotalContributions'), ('SV', 'contracts/crowdfund/ETHCrowdfundBase.sol', 'ETHCrowdfundBase.minContribution')
 reader witnesses  -> 220
 storage exposures -> 1
[MV-SI candidate d348d3fc69261b7670f7] {_governanceValues, mintedVotingPower}
 writer root       -> sol-tests/crowdfund/InitialETHCrowdfund.t.sol::InitialETHCrowdfundTest.test_fundingSplit_contributionAndRefund()
 writer effect     -> contracts/party/PartyGovernanceNFT.sol:218
 written member    -> ('SV', 'contracts/party/PartyGovernanceNFT.sol', 'PartyGovernanceNFT.mintedVotingPower')
 potentially stale -> ('SV', 'contracts/party/PartyGovernance.sol', 'PartyGovernance._governanceValues')
 reader witnesses  -> 594
 storage exposures -> 1
[MV-SI candidate d352a839165c7c43887a] {_governanceValues, mintedVotingPower}
 writer root       -> sol-tests/crowdfund/InitialETHCrowdfund.t.sol::InitialETHCrowdfundTest.test_partyCardTokenURI_whileCrowdfundActive()
 writer effect     -> contracts/party/PartyGovernanceNFT.sol:218
 written member    -> ('SV', 'contracts/party/PartyGovernanceNFT.sol', 'PartyGovernanceNFT.mintedVotingPower')
 potentially stale -> ('SV', 'contracts/party/PartyGovernance.sol', 'PartyGovernance._governanceValues')
 reader witnesses  -> 594
 storage exposures -> 1
[MV-SI candidate d382ba3d4689aecc9828] {_governanceValues, mintedVotingPower}
 writer root       -> contracts/crowdfund/InitialETHCrowdfund.sol::InitialETHCrowdfund.initialize(InitialETHCrowdfund.InitialETHCrowdfundOptions,InitialETHCrowdfund.ETHPartyOptions)
 writer effect     -> contracts/party/PartyGovernanceNFT.sol:230
 written member    -> ('SV', 'contracts/party/PartyGovernance.sol', 'PartyGovernance._governanceValues')
 potentially stale -> ('SV', 'contracts/party/PartyGovernanceNFT.sol', 'PartyGovernanceNFT.mintedVotingPower')
 reader witnesses  -> 722
 storage exposures -> 1
[MV-SI candidate d38dd3610b738bc7ef27] {_governanceValues, votingPowerByTokenId[$arg0]}
 writer root       -> contracts/crowdfund/ReraiseETHCrowdfund.sol::ReraiseETHCrowdfund.contribute(address,bytes)
 writer effect     -> contracts/party/PartyGovernanceNFT.sol:230
 written member    -> ('SV', 'contracts/party/PartyGovernance.sol', 'PartyGovernance._governanceValues')
 potentially stale -> ('MS', 'contracts/party/PartyGovernanceNFT.sol', 'PartyGovernanceNFT.votingPowerByTokenId', '$arg0')
 reader witnesses  -> 249
 storage exposures -> 1
[MV-SI candidate d3923e62735492454e2a] {_governanceValues, votingPowerByTokenId[$arg0]}
 writer root       -> sol-tests/crowdfund/InitialETHCrowdfund.t.sol::InitialETHCrowdfundTest.test_finalize_belowMinTotalContributions()
 writer effect     -> contracts/party/PartyGovernanceNFT.sol:219
 written member    -> ('MS', 'contracts/party/PartyGovernanceNFT.sol', 'PartyGovernanceNFT.votingPowerByTokenId', '$arg0')
 potentially stale -> ('SV', 'contracts/party/PartyGovernance.sol', 'PartyGovernance._governanceValues')
 reader witnesses  -> 891
 storage exposures -> 1
[MV-SI candidate d4265552004728b02c69] {maxTotalContributions, minContribution, totalContributions}
 writer root       -> sol-tests/crowdfund/ReraiseETHCrowdfund.t.sol::ReraiseETHCrowdfundTest.test_contributeFor_works()
 writer effect     -> contracts/crowdfund/ETHCrowdfundBase.sol:226
 written member    -> ('SV', 'contracts/crowdfund/ETHCrowdfundBase.sol', 'ETHCrowdfundBase.totalContributions')
 potentially stale -> ('SV', 'contracts/crowdfund/ETHCrowdfundBase.sol', 'ETHCrowdfundBase.maxTotalContributions'), ('SV', 'contracts/crowdfund/ETHCrowdfundBase.sol', 'ETHCrowdfundBase.minContribution')
 reader witnesses  -> 220
 storage exposures -> 1
[MV-SI candidate d46a31a54fd5bf198201] {maxTotalContributions, totalContributions}
 writer root       -> sol-tests/crowdfund/ReraiseETHCrowdfund.t.sol::ReraiseETHCrowdfundTest.test_crowdfundCardTokenURI_whileCrowdfundWon()
 writer effect     -> contracts/crowdfund/ETHCrowdfundBase.sol:226
 written member    -> ('SV', 'contracts/crowdfund/ETHCrowdfundBase.sol', 'ETHCrowdfundBase.totalContributions')
 potentially stale -> ('SV', 'contracts/crowdfund/ETHCrowdfundBase.sol', 'ETHCrowdfundBase.maxTotalContributions')
 reader witnesses  -> 324
 storage exposures -> 1
[MV-SI candidate d488c6e805fa67024a97] {_governanceValues, isAuthority[$sender]}
 writer root       -> sol-tests/crowdfund/ReraiseETHCrowdfund.t.sol::ReraiseETHCrowdfundTest.test_contribute_belowMinContribution()
 writer effect     -> contracts/party/PartyGovernanceNFT.sol:230
 written member    -> ('SV', 'contracts/party/PartyGovernance.sol', 'PartyGovernance._governanceValues')
 potentially stale -> ('MS', 'contracts/party/PartyGovernanceNFT.sol', 'PartyGovernanceNFT.isAuthority', '$sender')
 reader witnesses  -> 183
 storage exposures -> 1
[MV-SI candidate d49ed5a5a4526210ddd6] {_governanceValues, mintedVotingPower}
 writer root       -> sol-tests/crowdfund/ReraiseETHCrowdfund.t.sol::ReraiseETHCrowdfundTest.test_refund_works()
 writer effect     -> contracts/party/PartyGovernanceNFT.sol:230
 written member    -> ('SV', 'contracts/party/PartyGovernance.sol', 'PartyGovernance._governanceValues')
 potentially stale -> ('SV', 'contracts/party/PartyGovernanceNFT.sol', 'PartyGovernanceNFT.mintedVotingPower')
 reader witnesses  -> 722
 storage exposures -> 1
[MV-SI candidate d4f71a7da5061ba8684a] {_governanceValues, mintedVotingPower}
 writer root       -> sol-tests/party/PartyGovernanceNFT.t.sol::PartyGovernanceNFTTest.testBurn_revertsIfNotCalledByOwnerOrApproved()
 writer effect     -> contracts/party/PartyGovernanceNFT.sol:258
 written member    -> ('SV', 'contracts/party/PartyGovernance.sol', 'PartyGovernance._governanceValues')
 potentially stale -> ('SV', 'contracts/party/PartyGovernanceNFT.sol', 'PartyGovernanceNFT.mintedVotingPower')
 reader witnesses  -> 722
 storage exposures -> 1
[MV-SI candidate d5054d96109f070cb99a] {minTotalContributions, totalContributions}
 writer root       -> contracts/crowdfund/InitialETHCrowdfund.sol::InitialETHCrowdfund.initialize(InitialETHCrowdfund.InitialETHCrowdfundOptions,InitialETHCrowdfund.ETHPartyOptions)
 writer effect     -> contracts/crowdfund/ETHCrowdfundBase.sol:226
 written member    -> ('SV', 'contracts/crowdfund/ETHCrowdfundBase.sol', 'ETHCrowdfundBase.totalContributions')
 potentially stale -> ('SV', 'contracts/crowdfund/ETHCrowdfundBase.sol', 'ETHCrowdfundBase.minTotalContributions')
 reader witnesses  -> 94
 storage exposures -> 1
[MV-SI candidate d533a97e3a9cd30e4b36] {maxTotalContributions, totalContributions}
 writer root       -> sol-tests/crowdfund/InitialETHCrowdfund.t.sol::InitialETHCrowdfundTest.test_expiry_won()
 writer effect     -> contracts/crowdfund/ETHCrowdfundBase.sol:226
 written member    -> ('SV', 'contracts/crowdfund/ETHCrowdfundBase.sol', 'ETHCrowdfundBase.totalContributions')
 potentially stale -> ('SV', 'contracts/crowdfund/ETHCrowdfundBase.sol', 'ETHCrowdfundBase.maxTotalContributions')
 reader witnesses  -> 264
 storage exposures -> 1
[MV-SI candidate d58bd83c079a9eefe48b] {minTotalContributions, totalContributions}
 writer root       -> sol-tests/crowdfund/InitialETHCrowdfund.t.sol::InitialETHCrowdfundTest.test_refund_notLost()
 writer effect     -> contracts/crowdfund/ETHCrowdfundBase.sol:226
 written member    -> ('SV', 'contracts/crowdfund/ETHCrowdfundBase.sol', 'ETHCrowdfundBase.totalContributions')
 potentially stale -> ('SV', 'contracts/crowdfund/ETHCrowdfundBase.sol', 'ETHCrowdfundBase.minTotalContributions')
 reader witnesses  -> 94
 storage exposures -> 1
[MV-SI candidate d59e1028fbee27c1aa7a] {minTotalContributions, totalContributions}
 writer root       -> contracts/crowdfund/InitialETHCrowdfund.sol::InitialETHCrowdfund.contributeFor(uint256,address,address,bytes)
 writer effect     -> contracts/crowdfund/ETHCrowdfundBase.sol:212
 written member    -> ('SV', 'contracts/crowdfund/ETHCrowdfundBase.sol', 'ETHCrowdfundBase.totalContributions')
 potentially stale -> ('SV', 'contracts/crowdfund/ETHCrowdfundBase.sol', 'ETHCrowdfundBase.minTotalContributions')
 reader witnesses  -> 94
 storage exposures -> 1
[MV-SI candidate d5a34cadf43539c7aba2] {maxTotalContributions, minContribution, totalContributions}
 writer root       -> sol-tests/crowdfund/InitialETHCrowdfund.t.sol::InitialETHCrowdfundTest.test_contribute_withFundingSplit()
 writer effect     -> contracts/crowdfund/ETHCrowdfundBase.sol:226
 written member    -> ('SV', 'contracts/crowdfund/ETHCrowdfundBase.sol', 'ETHCrowdfundBase.totalContributions')
 potentially stale -> ('SV', 'contracts/crowdfund/ETHCrowdfundBase.sol', 'ETHCrowdfundBase.maxTotalContributions'), ('SV', 'contracts/crowdfund/ETHCrowdfundBase.sol', 'ETHCrowdfundBase.minContribution')
 reader witnesses  -> 175
 storage exposures -> 1
[MV-SI candidate d5a7ab38dffa150b410e] {minTotalContributions, totalContributions}
 writer root       -> sol-tests/crowdfund/ReraiseETHCrowdfund.t.sol::ReraiseETHCrowdfundTest.test_sendFundingSplit_works()
 writer effect     -> contracts/crowdfund/ETHCrowdfundBase.sol:226
 written member    -> ('SV', 'contracts/crowdfund/ETHCrowdfundBase.sol', 'ETHCrowdfundBase.totalContributions')
 potentially stale -> ('SV', 'contracts/crowdfund/ETHCrowdfundBase.sol', 'ETHCrowdfundBase.minTotalContributions')
 reader witnesses  -> 118
 storage exposures -> 1
[MV-SI candidate d5ca65242b221a934cf0] {_governanceValues, votingPowerByTokenId[$arg0]}
 writer root       -> sol-tests/crowdfund/ReraiseETHCrowdfund.t.sol::ReraiseETHCrowdfundTest.test_contribute_noVotingPower()
 writer effect     -> contracts/party/PartyGovernanceNFT.sol:230
 written member    -> ('SV', 'contracts/party/PartyGovernance.sol', 'PartyGovernance._governanceValues')
 potentially stale -> ('MS', 'contracts/party/PartyGovernanceNFT.sol', 'PartyGovernanceNFT.votingPowerByTokenId', '$arg0')
 reader witnesses  -> 249
 storage exposures -> 1
[MV-SI candidate d5f0d04b7275ec52e4d4] {_governanceValues, votingPowerByTokenId[$arg0]}
 writer root       -> sol-tests/crowdfund/InitialETHCrowdfund.t.sol::InitialETHCrowdfundTest.test_partyCardTokenURI_whileCrowdfundFinalized()
 writer effect     -> contracts/party/PartyGovernanceNFT.sol:230
 written member    -> ('SV', 'contracts/party/PartyGovernance.sol', 'PartyGovernance._governanceValues')
 potentially stale -> ('MS', 'contracts/party/PartyGovernanceNFT.sol', 'PartyGovernanceNFT.votingPowerByTokenId', '$arg0')
 reader witnesses  -> 249
 storage exposures -> 1
[MV-SI candidate d61d217a98ac4d2a63bb] {maxTotalContributions, totalContributions}
 writer root       -> sol-tests/crowdfund/InitialETHCrowdfund.t.sol::InitialETHCrowdfundTest.test_partyCardTokenURI_whileCrowdfundLost()
 writer effect     -> contracts/crowdfund/ETHCrowdfundBase.sol:226
 written member    -> ('SV', 'contracts/crowdfund/ETHCrowdfundBase.sol', 'ETHCrowdfundBase.totalContributions')
 potentially stale -> ('SV', 'contracts/crowdfund/ETHCrowdfundBase.sol', 'ETHCrowdfundBase.maxTotalContributions')
 reader witnesses  -> 264
 storage exposures -> 1
[MV-SI candidate d654bb76f1f313720926] {exchangeRateBps, fundingSplitBps, maxTotalContributions, totalContributions}
 writer root       -> sol-tests/crowdfund/InitialETHCrowdfund.t.sol::InitialETHCrowdfundTest.test_fundingSplit_contributionAndRefund()
 writer effect     -> contracts/crowdfund/ETHCrowdfundBase.sol:226
 written member    -> ('SV', 'contracts/crowdfund/ETHCrowdfundBase.sol', 'ETHCrowdfundBase.totalContributions')
 potentially stale -> ('SV', 'contracts/crowdfund/ETHCrowdfundBase.sol', 'ETHCrowdfundBase.exchangeRateBps'), ('SV', 'contracts/crowdfund/ETHCrowdfundBase.sol', 'ETHCrowdfundBase.fundingSplitBps'), ('SV', 'contracts/crowdfund/ETHCrowdfundBase.sol', 'ETHCrowdfundBase.maxTotalContributions')
 reader witnesses  -> 2219
 storage exposures -> 1
[MV-SI candidate d66f08aedb5f97ed1e24] {maxTotalContributions, totalContributions}
 writer root       -> sol-tests/crowdfund/InitialETHCrowdfund.t.sol::InitialETHCrowdfundTest.test_partyCardTokenURI_whileCrowdfundActive()
 writer effect     -> contracts/crowdfund/ETHCrowdfundBase.sol:212
 written member    -> ('SV', 'contracts/crowdfund/ETHCrowdfundBase.sol', 'ETHCrowdfundBase.totalContributions')
 potentially stale -> ('SV', 'contracts/crowdfund/ETHCrowdfundBase.sol', 'ETHCrowdfundBase.maxTotalContributions')
 reader witnesses  -> 264
 storage exposures -> 1
[MV-SI candidate d69ad69520e9f3de21d1] {_governanceValues, isAuthority[$sender]}
 writer root       -> sol-tests/crowdfund/ReraiseETHCrowdfund.t.sol::ReraiseETHCrowdfundTest.test_refund_twice()
 writer effect     -> contracts/party/PartyGovernanceNFT.sol:230
 written member    -> ('SV', 'contracts/party/PartyGovernance.sol', 'PartyGovernance._governanceValues')
 potentially stale -> ('MS', 'contracts/party/PartyGovernanceNFT.sol', 'PartyGovernanceNFT.isAuthority', '$sender')
 reader witnesses  -> 183
 storage exposures -> 1
[MV-SI candidate d6ed9d6944e58b2eb1df] {maxTotalContributions, minContribution, totalContributions}
 writer root       -> sol-tests/crowdfund/InitialETHCrowdfund.t.sol::InitialETHCrowdfundTest.test_finalize_works()
 writer effect     -> contracts/crowdfund/ETHCrowdfundBase.sol:212
 written member    -> ('SV', 'contracts/crowdfund/ETHCrowdfundBase.sol', 'ETHCrowdfundBase.totalContributions')
 potentially stale -> ('SV', 'contracts/crowdfund/ETHCrowdfundBase.sol', 'ETHCrowdfundBase.maxTotalContributions'), ('SV', 'contracts/crowdfund/ETHCrowdfundBase.sol', 'ETHCrowdfundBase.minContribution')
 reader witnesses  -> 175
 storage exposures -> 1
[MV-SI candidate d6f3fb49ab4dfbbb2ac0] {_governanceValues, isAuthority[$sender]}
 writer root       -> sol-tests/crowdfund/ReraiseETHCrowdfund.t.sol::ReraiseETHCrowdfundTest.test_contributeFor_doesNotUpdateExistingDelegation()
 writer effect     -> contracts/party/PartyGovernanceNFT.sol:230
 written member    -> ('SV', 'contracts/party/PartyGovernance.sol', 'PartyGovernance._governanceValues')
 potentially stale -> ('MS', 'contracts/party/PartyGovernanceNFT.sol', 'PartyGovernanceNFT.isAuthority', '$sender')
 reader witnesses  -> 183
 storage exposures -> 1
[MV-SI candidate d708f22333c08f15703f] {_governanceValues, mintedVotingPower}
 writer root       -> sol-tests/party/PartyGovernanceNFT.t.sol::PartyGovernanceNFTTest.testRageQuit_revertIfDuplicateTokens()
 writer effect     -> contracts/party/PartyGovernanceNFT.sol:186
 written member    -> ('SV', 'contracts/party/PartyGovernanceNFT.sol', 'PartyGovernanceNFT.mintedVotingPower')
 potentially stale -> ('SV', 'contracts/party/PartyGovernance.sol', 'PartyGovernance._governanceValues')
 reader witnesses  -> 594
 storage exposures -> 1
[MV-SI candidate d728866751f7de08c6f7] {minTotalContributions, totalContributions}
 writer root       -> sol-tests/crowdfund/ReraiseETHCrowdfund.t.sol::ReraiseETHCrowdfundTest.test_contribute_twiceDoesNotMintAnotherCrowdfundNFT()
 writer effect     -> contracts/crowdfund/ETHCrowdfundBase.sol:226
 written member    -> ('SV', 'contracts/crowdfund/ETHCrowdfundBase.sol', 'ETHCrowdfundBase.totalContributions')
 potentially stale -> ('SV', 'contracts/crowdfund/ETHCrowdfundBase.sol', 'ETHCrowdfundBase.minTotalContributions')
 reader witnesses  -> 118
 storage exposures -> 1
[MV-SI candidate d7536b5372ade97ddc05] {exchangeRateBps, fundingSplitBps, maxTotalContributions, totalContributions}
 writer root       -> sol-tests/crowdfund/ReraiseETHCrowdfund.t.sol::ReraiseETHCrowdfundTest.test_contribute_withFundingSplit()
 writer effect     -> contracts/crowdfund/ETHCrowdfundBase.sol:226
 written member    -> ('SV', 'contracts/crowdfund/ETHCrowdfundBase.sol', 'ETHCrowdfundBase.totalContributions')
 potentially stale -> ('SV', 'contracts/crowdfund/ETHCrowdfundBase.sol', 'ETHCrowdfundBase.exchangeRateBps'), ('SV', 'contracts/crowdfund/ETHCrowdfundBase.sol', 'ETHCrowdfundBase.fundingSplitBps'), ('SV', 'contracts/crowdfund/ETHCrowdfundBase.sol', 'ETHCrowdfundBase.maxTotalContributions')
 reader witnesses  -> 2849
 storage exposures -> 1
[MV-SI candidate d77802dca4d5911f9d44] {exchangeRateBps, fundingSplitBps, maxTotalContributions, totalContributions}
 writer root       -> sol-tests/crowdfund/InitialETHCrowdfund.t.sol::InitialETHCrowdfundTest.test_contribute_withFundingSplit()
 writer effect     -> contracts/crowdfund/ETHCrowdfundBase.sol:226
 written member    -> ('SV', 'contracts/crowdfund/ETHCrowdfundBase.sol', 'ETHCrowdfundBase.totalContributions')
 potentially stale -> ('SV', 'contracts/crowdfund/ETHCrowdfundBase.sol', 'ETHCrowdfundBase.exchangeRateBps'), ('SV', 'contracts/crowdfund/ETHCrowdfundBase.sol', 'ETHCrowdfundBase.fundingSplitBps'), ('SV', 'contracts/crowdfund/ETHCrowdfundBase.sol', 'ETHCrowdfundBase.maxTotalContributions')
 reader witnesses  -> 2219
 storage exposures -> 1
[MV-SI candidate d7be4fb0f64e2ef7c1ee] {maxTotalContributions, totalContributions}
 writer root       -> sol-tests/crowdfund/ReraiseETHCrowdfund.t.sol::ReraiseETHCrowdfundTest.test_claimMultiple_cannotHaveRemainingVotingPowerAfterClaim()
 writer effect     -> contracts/crowdfund/ETHCrowdfundBase.sol:212
 written member    -> ('SV', 'contracts/crowdfund/ETHCrowdfundBase.sol', 'ETHCrowdfundBase.totalContributions')
 potentially stale -> ('SV', 'contracts/crowdfund/ETHCrowdfundBase.sol', 'ETHCrowdfundBase.maxTotalContributions')
 reader witnesses  -> 324
 storage exposures -> 1
[MV-SI candidate d7eee98dfc920c3a0cca] {_governanceValues, votingPowerByTokenId[$arg0]}
 writer root       -> sol-tests/crowdfund/InitialETHCrowdfund.t.sol::InitialETHCrowdfundTest.test_sendFundingSplit_canOnlySendWhenFinalized()
 writer effect     -> contracts/party/PartyGovernanceNFT.sol:230
 written member    -> ('SV', 'contracts/party/PartyGovernance.sol', 'PartyGovernance._governanceValues')
 potentially stale -> ('MS', 'contracts/party/PartyGovernanceNFT.sol', 'PartyGovernanceNFT.votingPowerByTokenId', '$arg0')
 reader witnesses  -> 249
 storage exposures -> 1
[MV-SI candidate d825aa796cc70d81523d] {_governanceValues, votingPowerByTokenId[$arg0]}
 writer root       -> sol-tests/crowdfund/ReraiseETHCrowdfund.t.sol::ReraiseETHCrowdfundTest.test_claim_aboveMax()
 writer effect     -> contracts/party/PartyGovernanceNFT.sol:230
 written member    -> ('SV', 'contracts/party/PartyGovernance.sol', 'PartyGovernance._governanceValues')
 potentially stale -> ('MS', 'contracts/party/PartyGovernanceNFT.sol', 'PartyGovernanceNFT.votingPowerByTokenId', '$arg0')
 reader witnesses  -> 249
 storage exposures -> 1
[MV-SI candidate d82702863cd5c5b22877] {maxTotalContributions, totalContributions}
 writer root       -> sol-tests/crowdfund/ReraiseETHCrowdfund.t.sol::ReraiseETHCrowdfundTest.test_crowdfundCardTokenURI_whileCrowdfundFinalized()
 writer effect     -> contracts/crowdfund/ETHCrowdfundBase.sol:212
 written member    -> ('SV', 'contracts/crowdfund/ETHCrowdfundBase.sol', 'ETHCrowdfundBase.totalContributions')
 potentially stale -> ('SV', 'contracts/crowdfund/ETHCrowdfundBase.sol', 'ETHCrowdfundBase.maxTotalContributions')
 reader witnesses  -> 324
 storage exposures -> 1
[MV-SI candidate d8721648a3030a0b5e84] {minTotalContributions, totalContributions}
 writer root       -> sol-tests/crowdfund/ReraiseETHCrowdfund.t.sol::ReraiseETHCrowdfundTest.test_contributeFor_doesNotUpdateExistingDelegation()
 writer effect     -> contracts/crowdfund/ETHCrowdfundBase.sol:212
 written member    -> ('SV', 'contracts/crowdfund/ETHCrowdfundBase.sol', 'ETHCrowdfundBase.totalContributions')
 potentially stale -> ('SV', 'contracts/crowdfund/ETHCrowdfundBase.sol', 'ETHCrowdfundBase.minTotalContributions')
 reader witnesses  -> 118
 storage exposures -> 1
[MV-SI candidate d8721e32dcd877651b2b] {maxTotalContributions, minContribution, totalContributions}
 writer root       -> sol-tests/crowdfund/InitialETHCrowdfund.t.sol::InitialETHCrowdfundTest.test_partyCardTokenURI_whileCrowdfundLost()
 writer effect     -> contracts/crowdfund/ETHCrowdfundBase.sol:212
 written member    -> ('SV', 'contracts/crowdfund/ETHCrowdfundBase.sol', 'ETHCrowdfundBase.totalContributions')
 potentially stale -> ('SV', 'contracts/crowdfund/ETHCrowdfundBase.sol', 'ETHCrowdfundBase.maxTotalContributions'), ('SV', 'contracts/crowdfund/ETHCrowdfundBase.sol', 'ETHCrowdfundBase.minContribution')
 reader witnesses  -> 175
 storage exposures -> 1
[MV-SI candidate d948bed4f42ebefd947f] {minTotalContributions, totalContributions}
 writer root       -> sol-tests/crowdfund/ReraiseETHCrowdfund.t.sol::ReraiseETHCrowdfundTest.test_finalize_works()
 writer effect     -> contracts/crowdfund/ETHCrowdfundBase.sol:212
 written member    -> ('SV', 'contracts/crowdfund/ETHCrowdfundBase.sol', 'ETHCrowdfundBase.totalContributions')
 potentially stale -> ('SV', 'contracts/crowdfund/ETHCrowdfundBase.sol', 'ETHCrowdfundBase.minTotalContributions')
 reader witnesses  -> 118
 storage exposures -> 1
[MV-SI candidate d95d917a6868b20cf7b7] {_governanceValues, votingPowerByTokenId[$arg0]}
 writer root       -> sol-tests/crowdfund/InitialETHCrowdfund.t.sol::InitialETHCrowdfundTest.test_contribute_smallAmountWithFundingSplit()
 writer effect     -> contracts/party/PartyGovernanceNFT.sol:219
 written member    -> ('MS', 'contracts/party/PartyGovernanceNFT.sol', 'PartyGovernanceNFT.votingPowerByTokenId', '$arg0')
 potentially stale -> ('SV', 'contracts/party/PartyGovernance.sol', 'PartyGovernance._governanceValues')
 reader witnesses  -> 891
 storage exposures -> 1
[MV-SI candidate d968d0239b5f81466005] {minTotalContributions, totalContributions}
 writer root       -> contracts/crowdfund/InitialETHCrowdfund.sol::InitialETHCrowdfund.batchContribute(InitialETHCrowdfund.BatchContributeArgs)
 writer effect     -> contracts/crowdfund/ETHCrowdfundBase.sol:212
 written member    -> ('SV', 'contracts/crowdfund/ETHCrowdfundBase.sol', 'ETHCrowdfundBase.totalContributions')
 potentially stale -> ('SV', 'contracts/crowdfund/ETHCrowdfundBase.sol', 'ETHCrowdfundBase.minTotalContributions')
 reader witnesses  -> 94
 storage exposures -> 1
[MV-SI candidate d9a768527a232ecdde3b] {maxTotalContributions, totalContributions}
 writer root       -> sol-tests/crowdfund/InitialETHCrowdfund.t.sol::InitialETHCrowdfundTest.test_partyCardTokenURI_whileCrowdfundWon()
 writer effect     -> contracts/crowdfund/ETHCrowdfundBase.sol:226
 written member    -> ('SV', 'contracts/crowdfund/ETHCrowdfundBase.sol', 'ETHCrowdfundBase.totalContributions')
 potentially stale -> ('SV', 'contracts/crowdfund/ETHCrowdfundBase.sol', 'ETHCrowdfundBase.maxTotalContributions')
 reader witnesses  -> 264
 storage exposures -> 1
[MV-SI candidate d9bc38fd86bf23a1b363] {maxTotalContributions, totalContributions}
 writer root       -> sol-tests/crowdfund/ReraiseETHCrowdfund.t.sol::ReraiseETHCrowdfundTest.test_contribute_afterLost()
 writer effect     -> contracts/crowdfund/ETHCrowdfundBase.sol:226
 written member    -> ('SV', 'contracts/crowdfund/ETHCrowdfundBase.sol', 'ETHCrowdfundBase.totalContributions')
 potentially stale -> ('SV', 'contracts/crowdfund/ETHCrowdfundBase.sol', 'ETHCrowdfundBase.maxTotalContributions')
 reader witnesses  -> 324
 storage exposures -> 1
[MV-SI candidate d9ccf60ad80b546d1d7e] {minTotalContributions, totalContributions}
 writer root       -> sol-tests/crowdfund/ReraiseETHCrowdfund.t.sol::ReraiseETHCrowdfundTest.test_finalize_onlyHostCanFinalizeEarlyWhenActive()
 writer effect     -> contracts/crowdfund/ETHCrowdfundBase.sol:212
 written member    -> ('SV', 'contracts/crowdfund/ETHCrowdfundBase.sol', 'ETHCrowdfundBase.totalContributions')
 potentially stale -> ('SV', 'contracts/crowdfund/ETHCrowdfundBase.sol', 'ETHCrowdfundBase.minTotalContributions')
 reader witnesses  -> 118
 storage exposures -> 1
[MV-SI candidate d9cead840d4d191d4a2a] {minTotalContributions, totalContributions}
 writer root       -> sol-tests/crowdfund/ReraiseETHCrowdfund.t.sol::ReraiseETHCrowdfundTest.test_expiry_lost()
 writer effect     -> contracts/crowdfund/ETHCrowdfundBase.sol:212
 written member    -> ('SV', 'contracts/crowdfund/ETHCrowdfundBase.sol', 'ETHCrowdfundBase.totalContributions')
 potentially stale -> ('SV', 'contracts/crowdfund/ETHCrowdfundBase.sol', 'ETHCrowdfundBase.minTotalContributions')
 reader witnesses  -> 118
 storage exposures -> 1
[MV-SI candidate d9e5ec1f2d8d17c57896] {maxTotalContributions, minContribution, totalContributions}
 writer root       -> sol-tests/crowdfund/InitialETHCrowdfund.t.sol::InitialETHCrowdfundTest.test_contribute_gatekeeperChecksSender()
 writer effect     -> contracts/crowdfund/ETHCrowdfundBase.sol:212
 written member    -> ('SV', 'contracts/crowdfund/ETHCrowdfundBase.sol', 'ETHCrowdfundBase.totalContributions')
 potentially stale -> ('SV', 'contracts/crowdfund/ETHCrowdfundBase.sol', 'ETHCrowdfundBase.maxTotalContributions'), ('SV', 'contracts/crowdfund/ETHCrowdfundBase.sol', 'ETHCrowdfundBase.minContribution')
 reader witnesses  -> 175
 storage exposures -> 1
[MV-SI candidate d9fdbe4688fb69b40bd3] {exchangeRateBps, fundingSplitBps, maxTotalContributions, totalContributions}
 writer root       -> sol-tests/crowdfund/ReraiseETHCrowdfund.t.sol::ReraiseETHCrowdfundTest.test_batchContribute_works()
 writer effect     -> contracts/crowdfund/ETHCrowdfundBase.sol:212
 written member    -> ('SV', 'contracts/crowdfund/ETHCrowdfundBase.sol', 'ETHCrowdfundBase.totalContributions')
 potentially stale -> ('SV', 'contracts/crowdfund/ETHCrowdfundBase.sol', 'ETHCrowdfundBase.exchangeRateBps'), ('SV', 'contracts/crowdfund/ETHCrowdfundBase.sol', 'ETHCrowdfundBase.fundingSplitBps'), ('SV', 'contracts/crowdfund/ETHCrowdfundBase.sol', 'ETHCrowdfundBase.maxTotalContributions')
 reader witnesses  -> 2849
 storage exposures -> 1
[MV-SI candidate da24f4b40a717eb1e835] {exchangeRateBps, fundingSplitBps, maxTotalContributions, totalContributions}
 writer root       -> contracts/crowdfund/ReraiseETHCrowdfund.sol::ReraiseETHCrowdfund.batchContribute(ReraiseETHCrowdfund.BatchContributeArgs)
 writer effect     -> contracts/crowdfund/ETHCrowdfundBase.sol:212
 written member    -> ('SV', 'contracts/crowdfund/ETHCrowdfundBase.sol', 'ETHCrowdfundBase.totalContributions')
 potentially stale -> ('SV', 'contracts/crowdfund/ETHCrowdfundBase.sol', 'ETHCrowdfundBase.exchangeRateBps'), ('SV', 'contracts/crowdfund/ETHCrowdfundBase.sol', 'ETHCrowdfundBase.fundingSplitBps'), ('SV', 'contracts/crowdfund/ETHCrowdfundBase.sol', 'ETHCrowdfundBase.maxTotalContributions')
 reader witnesses  -> 2849
 storage exposures -> 1
[MV-SI candidate da3a6bfd9483d11a4654] {maxTotalContributions, minContribution, totalContributions}
 writer root       -> contracts/crowdfund/ReraiseETHCrowdfund.sol::ReraiseETHCrowdfund.contribute(address,bytes)
 writer effect     -> contracts/crowdfund/ETHCrowdfundBase.sol:212
 written member    -> ('SV', 'contracts/crowdfund/ETHCrowdfundBase.sol', 'ETHCrowdfundBase.totalContributions')
 potentially stale -> ('SV', 'contracts/crowdfund/ETHCrowdfundBase.sol', 'ETHCrowdfundBase.maxTotalContributions'), ('SV', 'contracts/crowdfund/ETHCrowdfundBase.sol', 'ETHCrowdfundBase.minContribution')
 reader witnesses  -> 220
 storage exposures -> 1
[MV-SI candidate dac6012d37abea89b0c6] {_governanceValues, isAuthority[$sender]}
 writer root       -> sol-tests/crowdfund/ReraiseETHCrowdfund.t.sol::ReraiseETHCrowdfundTest.test_claimMultiple_cannotHaveRemainingVotingPowerAfterClaim()
 writer effect     -> contracts/party/PartyGovernanceNFT.sol:230
 written member    -> ('SV', 'contracts/party/PartyGovernance.sol', 'PartyGovernance._governanceValues')
 potentially stale -> ('MS', 'contracts/party/PartyGovernanceNFT.sol', 'PartyGovernanceNFT.isAuthority', '$sender')
 reader witnesses  -> 183
 storage exposures -> 1
[MV-SI candidate dacf0ac7305966674ccf] {minTotalContributions, totalContributions}
 writer root       -> sol-tests/crowdfund/ReraiseETHCrowdfund.t.sol::ReraiseETHCrowdfundTest.test_finalize_onlyHostCanFinalizeEarlyWhenActive()
 writer effect     -> contracts/crowdfund/ETHCrowdfundBase.sol:226
 written member    -> ('SV', 'contracts/crowdfund/ETHCrowdfundBase.sol', 'ETHCrowdfundBase.totalContributions')
 potentially stale -> ('SV', 'contracts/crowdfund/ETHCrowdfundBase.sol', 'ETHCrowdfundBase.minTotalContributions')
 reader witnesses  -> 118
 storage exposures -> 1
[MV-SI candidate db1ff8ba9424135acbdc] {maxTotalContributions, minContribution, totalContributions}
 writer root       -> contracts/crowdfund/InitialETHCrowdfund.sol::InitialETHCrowdfund.initialize(InitialETHCrowdfund.InitialETHCrowdfundOptions,InitialETHCrowdfund.ETHPartyOptions)
 writer effect     -> contracts/crowdfund/ETHCrowdfundBase.sol:212
 written member    -> ('SV', 'contracts/crowdfund/ETHCrowdfundBase.sol', 'ETHCrowdfundBase.totalContributions')
 potentially stale -> ('SV', 'contracts/crowdfund/ETHCrowdfundBase.sol', 'ETHCrowdfundBase.maxTotalContributions'), ('SV', 'contracts/crowdfund/ETHCrowdfundBase.sol', 'ETHCrowdfundBase.minContribution')
 reader witnesses  -> 175
 storage exposures -> 1
[MV-SI candidate db504d9e85a9e8e47fbc] {_governanceValues, votingPowerByTokenId[$arg0]}
 writer root       -> sol-tests/crowdfund/InitialETHCrowdfund.t.sol::InitialETHCrowdfundTest.test_finalize_belowMinTotalContributions()
 writer effect     -> contracts/party/PartyGovernanceNFT.sol:230
 written member    -> ('SV', 'contracts/party/PartyGovernance.sol', 'PartyGovernance._governanceValues')
 potentially stale -> ('MS', 'contracts/party/PartyGovernanceNFT.sol', 'PartyGovernanceNFT.votingPowerByTokenId', '$arg0')
 reader witnesses  -> 249
 storage exposures -> 1
[MV-SI candidate db52ae92f738e4bf33b1] {minTotalContributions, totalContributions}
 writer root       -> sol-tests/crowdfund/ReraiseETHCrowdfund.t.sol::ReraiseETHCrowdfundTest.test_fundingSplit_contributionAndRefund()
 writer effect     -> contracts/crowdfund/ETHCrowdfundBase.sol:212
 written member    -> ('SV', 'contracts/crowdfund/ETHCrowdfundBase.sol', 'ETHCrowdfundBase.totalContributions')
 potentially stale -> ('SV', 'contracts/crowdfund/ETHCrowdfundBase.sol', 'ETHCrowdfundBase.minTotalContributions')
 reader witnesses  -> 118
 storage exposures -> 1
[MV-SI candidate db67086662e1f2064d10] {_governanceValues, isAuthority[$sender]}
 writer root       -> sol-tests/crowdfund/ReraiseETHCrowdfund.t.sol::ReraiseETHCrowdfundTest.test_refund_notLost()
 writer effect     -> contracts/party/PartyGovernanceNFT.sol:230
 written member    -> ('SV', 'contracts/party/PartyGovernance.sol', 'PartyGovernance._governanceValues')
 potentially stale -> ('MS', 'contracts/party/PartyGovernanceNFT.sol', 'PartyGovernanceNFT.isAuthority', '$sender')
 reader witnesses  -> 183
 storage exposures -> 1
[MV-SI candidate db9e4df4ecf70a53045a] {maxTotalContributions, totalContributions}
 writer root       -> sol-tests/crowdfund/ReraiseETHCrowdfund.t.sol::ReraiseETHCrowdfundTest.test_refund_works()
 writer effect     -> contracts/crowdfund/ETHCrowdfundBase.sol:212
 written member    -> ('SV', 'contracts/crowdfund/ETHCrowdfundBase.sol', 'ETHCrowdfundBase.totalContributions')
 potentially stale -> ('SV', 'contracts/crowdfund/ETHCrowdfundBase.sol', 'ETHCrowdfundBase.maxTotalContributions')
 reader witnesses  -> 324
 storage exposures -> 1
[MV-SI candidate dbf5f71761cacf3bfd4a] {maxTotalContributions, totalContributions}
 writer root       -> sol-tests/crowdfund/InitialETHCrowdfund.t.sol::InitialETHCrowdfundTest.test_contributeFor_doesNotUpdateExistingDelegation()
 writer effect     -> contracts/crowdfund/ETHCrowdfundBase.sol:212
 written member    -> ('SV', 'contracts/crowdfund/ETHCrowdfundBase.sol', 'ETHCrowdfundBase.totalContributions')
 potentially stale -> ('SV', 'contracts/crowdfund/ETHCrowdfundBase.sol', 'ETHCrowdfundBase.maxTotalContributions')
 reader witnesses  -> 264
 storage exposures -> 1
[MV-SI candidate dc3a23ebcc88848b1104] {exchangeRateBps, fundingSplitBps, maxTotalContributions, totalContributions}
 writer root       -> sol-tests/crowdfund/ReraiseETHCrowdfund.t.sol::ReraiseETHCrowdfundTest.test_contribute_works()
 writer effect     -> contracts/crowdfund/ETHCrowdfundBase.sol:212
 written member    -> ('SV', 'contracts/crowdfund/ETHCrowdfundBase.sol', 'ETHCrowdfundBase.totalContributions')
 potentially stale -> ('SV', 'contracts/crowdfund/ETHCrowdfundBase.sol', 'ETHCrowdfundBase.exchangeRateBps'), ('SV', 'contracts/crowdfund/ETHCrowdfundBase.sol', 'ETHCrowdfundBase.fundingSplitBps'), ('SV', 'contracts/crowdfund/ETHCrowdfundBase.sol', 'ETHCrowdfundBase.maxTotalContributions')
 reader witnesses  -> 2849
 storage exposures -> 1
[MV-SI candidate dc9193200e3cf343fe5b] {exchangeRateBps, fundingSplitBps, maxTotalContributions, totalContributions}
 writer root       -> sol-tests/crowdfund/InitialETHCrowdfund.t.sol::InitialETHCrowdfundTest.test_finalize_onlyHostCanFinalizeEarlyWhenActive()
 writer effect     -> contracts/crowdfund/ETHCrowdfundBase.sol:212
 written member    -> ('SV', 'contracts/crowdfund/ETHCrowdfundBase.sol', 'ETHCrowdfundBase.totalContributions')
 potentially stale -> ('SV', 'contracts/crowdfund/ETHCrowdfundBase.sol', 'ETHCrowdfundBase.exchangeRateBps'), ('SV', 'contracts/crowdfund/ETHCrowdfundBase.sol', 'ETHCrowdfundBase.fundingSplitBps'), ('SV', 'contracts/crowdfund/ETHCrowdfundBase.sol', 'ETHCrowdfundBase.maxTotalContributions')
 reader witnesses  -> 2219
 storage exposures -> 1
[MV-SI candidate dcd28c1a09856285f5fa] {exchangeRateBps, fundingSplitBps, maxTotalContributions, totalContributions}
 writer root       -> sol-tests/crowdfund/InitialETHCrowdfund.t.sol::InitialETHCrowdfundTest.test_contribute_mintNewCard()
 writer effect     -> contracts/crowdfund/ETHCrowdfundBase.sol:226
 written member    -> ('SV', 'contracts/crowdfund/ETHCrowdfundBase.sol', 'ETHCrowdfundBase.totalContributions')
 potentially stale -> ('SV', 'contracts/crowdfund/ETHCrowdfundBase.sol', 'ETHCrowdfundBase.exchangeRateBps'), ('SV', 'contracts/crowdfund/ETHCrowdfundBase.sol', 'ETHCrowdfundBase.fundingSplitBps'), ('SV', 'contracts/crowdfund/ETHCrowdfundBase.sol', 'ETHCrowdfundBase.maxTotalContributions')
 reader witnesses  -> 2219
 storage exposures -> 1
[MV-SI candidate dce6587e92ec92511d50] {_governanceValues, mintedVotingPower}
 writer root       -> sol-tests/party/PartyGovernanceNFT.t.sol::PartyGovernanceNFTTest.testMint()
 writer effect     -> contracts/party/PartyGovernanceNFT.sol:186
 written member    -> ('SV', 'contracts/party/PartyGovernanceNFT.sol', 'PartyGovernanceNFT.mintedVotingPower')
 potentially stale -> ('SV', 'contracts/party/PartyGovernance.sol', 'PartyGovernance._governanceValues')
 reader witnesses  -> 594
 storage exposures -> 1
[MV-SI candidate dd332aba135d6c9817a7] {minTotalContributions, totalContributions}
 writer root       -> sol-tests/crowdfund/InitialETHCrowdfund.t.sol::InitialETHCrowdfundTest.test_finalize_anyoneCanFinalizeWhenExpired()
 writer effect     -> contracts/crowdfund/ETHCrowdfundBase.sol:226
 written member    -> ('SV', 'contracts/crowdfund/ETHCrowdfundBase.sol', 'ETHCrowdfundBase.totalContributions')
 potentially stale -> ('SV', 'contracts/crowdfund/ETHCrowdfundBase.sol', 'ETHCrowdfundBase.minTotalContributions')
 reader witnesses  -> 94
 storage exposures -> 1
[MV-SI candidate dd4232f9757b7d067ea0] {exchangeRateBps, fundingSplitBps, maxTotalContributions, totalContributions}
 writer root       -> sol-tests/crowdfund/ReraiseETHCrowdfund.t.sol::ReraiseETHCrowdfundTest.test_finalize_works()
 writer effect     -> contracts/crowdfund/ETHCrowdfundBase.sol:226
 written member    -> ('SV', 'contracts/crowdfund/ETHCrowdfundBase.sol', 'ETHCrowdfundBase.totalContributions')
 potentially stale -> ('SV', 'contracts/crowdfund/ETHCrowdfundBase.sol', 'ETHCrowdfundBase.exchangeRateBps'), ('SV', 'contracts/crowdfund/ETHCrowdfundBase.sol', 'ETHCrowdfundBase.fundingSplitBps'), ('SV', 'contracts/crowdfund/ETHCrowdfundBase.sol', 'ETHCrowdfundBase.maxTotalContributions')
 reader witnesses  -> 2849
 storage exposures -> 1
[MV-SI candidate ddec7e3a71307a49e439] {maxTotalContributions, minContribution, totalContributions}
 writer root       -> sol-tests/crowdfund/ReraiseETHCrowdfund.t.sol::ReraiseETHCrowdfundTest.test_contribute_afterLost()
 writer effect     -> contracts/crowdfund/ETHCrowdfundBase.sol:212
 written member    -> ('SV', 'contracts/crowdfund/ETHCrowdfundBase.sol', 'ETHCrowdfundBase.totalContributions')
 potentially stale -> ('SV', 'contracts/crowdfund/ETHCrowdfundBase.sol', 'ETHCrowdfundBase.maxTotalContributions'), ('SV', 'contracts/crowdfund/ETHCrowdfundBase.sol', 'ETHCrowdfundBase.minContribution')
 reader witnesses  -> 220
 storage exposures -> 1
[MV-SI candidate de0387bcdb9658db4842] {_governanceValues, votingPowerByTokenId[$arg0]}
 writer root       -> sol-tests/crowdfund/ReraiseETHCrowdfund.t.sol::ReraiseETHCrowdfundTest.test_contribute_works()
 writer effect     -> contracts/party/PartyGovernanceNFT.sol:230
 written member    -> ('SV', 'contracts/party/PartyGovernance.sol', 'PartyGovernance._governanceValues')
 potentially stale -> ('MS', 'contracts/party/PartyGovernanceNFT.sol', 'PartyGovernanceNFT.votingPowerByTokenId', '$arg0')
 reader witnesses  -> 249
 storage exposures -> 1
[MV-SI candidate dea4911d297b54a45395] {maxTotalContributions, totalContributions}
 writer root       -> sol-tests/crowdfund/InitialETHCrowdfund.t.sol::InitialETHCrowdfundTest.test_contribute_aboveMaxTotalContribution()
 writer effect     -> contracts/crowdfund/ETHCrowdfundBase.sol:226
 written member    -> ('SV', 'contracts/crowdfund/ETHCrowdfundBase.sol', 'ETHCrowdfundBase.totalContributions')
 potentially stale -> ('SV', 'contracts/crowdfund/ETHCrowdfundBase.sol', 'ETHCrowdfundBase.maxTotalContributions')
 reader witnesses  -> 264
 storage exposures -> 1
[MV-SI candidate deb917977ae9999fc73d] {maxTotalContributions, totalContributions}
 writer root       -> sol-tests/crowdfund/InitialETHCrowdfund.t.sol::InitialETHCrowdfundTest.test_expiry_lost()
 writer effect     -> contracts/crowdfund/ETHCrowdfundBase.sol:212
 written member    -> ('SV', 'contracts/crowdfund/ETHCrowdfundBase.sol', 'ETHCrowdfundBase.totalContributions')
 potentially stale -> ('SV', 'contracts/crowdfund/ETHCrowdfundBase.sol', 'ETHCrowdfundBase.maxTotalContributions')
 reader witnesses  -> 264
 storage exposures -> 1
[MV-SI candidate dec1983819aa4b316171] {_governanceValues, mintedVotingPower}
 writer root       -> contracts/crowdfund/InitialETHCrowdfund.sol::InitialETHCrowdfund.contributeFor(uint256,address,address,bytes)
 writer effect     -> contracts/party/PartyGovernanceNFT.sol:218
 written member    -> ('SV', 'contracts/party/PartyGovernanceNFT.sol', 'PartyGovernanceNFT.mintedVotingPower')
 potentially stale -> ('SV', 'contracts/party/PartyGovernance.sol', 'PartyGovernance._governanceValues')
 reader witnesses  -> 594
 storage exposures -> 1
[MV-SI candidate dec40443659269c45f0b] {exchangeRateBps, fundingSplitBps, maxTotalContributions, totalContributions}
 writer root       -> sol-tests/crowdfund/InitialETHCrowdfund.t.sol::InitialETHCrowdfundTest.test_contribute_gatekeeperChecksSender()
 writer effect     -> contracts/crowdfund/ETHCrowdfundBase.sol:212
 written member    -> ('SV', 'contracts/crowdfund/ETHCrowdfundBase.sol', 'ETHCrowdfundBase.totalContributions')
 potentially stale -> ('SV', 'contracts/crowdfund/ETHCrowdfundBase.sol', 'ETHCrowdfundBase.exchangeRateBps'), ('SV', 'contracts/crowdfund/ETHCrowdfundBase.sol', 'ETHCrowdfundBase.fundingSplitBps'), ('SV', 'contracts/crowdfund/ETHCrowdfundBase.sol', 'ETHCrowdfundBase.maxTotalContributions')
 reader witnesses  -> 2219
 storage exposures -> 1
[MV-SI candidate df63e28e6a40ee47e2b4] {maxTotalContributions, totalContributions}
 writer root       -> sol-tests/crowdfund/InitialETHCrowdfund.t.sol::InitialETHCrowdfundTest.test_contribute_mintNewCard_withDisableContributingForExistingCard()
 writer effect     -> contracts/crowdfund/ETHCrowdfundBase.sol:212
 written member    -> ('SV', 'contracts/crowdfund/ETHCrowdfundBase.sol', 'ETHCrowdfundBase.totalContributions')
 potentially stale -> ('SV', 'contracts/crowdfund/ETHCrowdfundBase.sol', 'ETHCrowdfundBase.maxTotalContributions')
 reader witnesses  -> 264
 storage exposures -> 1
[MV-SI candidate df7c125775b325cebd05] {minTotalContributions, totalContributions}
 writer root       -> sol-tests/crowdfund/ReraiseETHCrowdfund.t.sol::ReraiseETHCrowdfundTest.test_refund_notLost()
 writer effect     -> contracts/crowdfund/ETHCrowdfundBase.sol:212
 written member    -> ('SV', 'contracts/crowdfund/ETHCrowdfundBase.sol', 'ETHCrowdfundBase.totalContributions')
 potentially stale -> ('SV', 'contracts/crowdfund/ETHCrowdfundBase.sol', 'ETHCrowdfundBase.minTotalContributions')
 reader witnesses  -> 118
 storage exposures -> 1
[MV-SI candidate df7e50595e07a2bb1359] {exchangeRateBps, fundingSplitBps, maxTotalContributions, totalContributions}
 writer root       -> sol-tests/crowdfund/ReraiseETHCrowdfund.t.sol::ReraiseETHCrowdfundTest.test_sendFundingSplit_cannotSendIfNoFundingSplit()
 writer effect     -> contracts/crowdfund/ETHCrowdfundBase.sol:212
 written member    -> ('SV', 'contracts/crowdfund/ETHCrowdfundBase.sol', 'ETHCrowdfundBase.totalContributions')
 potentially stale -> ('SV', 'contracts/crowdfund/ETHCrowdfundBase.sol', 'ETHCrowdfundBase.exchangeRateBps'), ('SV', 'contracts/crowdfund/ETHCrowdfundBase.sol', 'ETHCrowdfundBase.fundingSplitBps'), ('SV', 'contracts/crowdfund/ETHCrowdfundBase.sol', 'ETHCrowdfundBase.maxTotalContributions')
 reader witnesses  -> 2849
 storage exposures -> 1
[MV-SI candidate df88db6b3b5c9e5dd493] {_governanceValues, mintedVotingPower}
 writer root       -> sol-tests/TestUsers.sol::PartyAdmin.mintGovNft(Party,address,uint256,address)
 writer effect     -> contracts/party/PartyGovernanceNFT.sol:186
 written member    -> ('SV', 'contracts/party/PartyGovernanceNFT.sol', 'PartyGovernanceNFT.mintedVotingPower')
 potentially stale -> ('SV', 'contracts/party/PartyGovernance.sol', 'PartyGovernance._governanceValues')
 reader witnesses  -> 594
 storage exposures -> 1
[MV-SI candidate e08424053dfe7b598d7a] {_governanceValues, isAuthority[$sender]}
 writer root       -> sol-tests/crowdfund/InitialETHCrowdfund.t.sol::InitialETHCrowdfundTest.test_refund_notLost()
 writer effect     -> contracts/party/PartyGovernanceNFT.sol:230
 written member    -> ('SV', 'contracts/party/PartyGovernance.sol', 'PartyGovernance._governanceValues')
 potentially stale -> ('MS', 'contracts/party/PartyGovernanceNFT.sol', 'PartyGovernanceNFT.isAuthority', '$sender')
 reader witnesses  -> 183
 storage exposures -> 1
[MV-SI candidate e095a22775b7f9ab57db] {maxTotalContributions, totalContributions}
 writer root       -> sol-tests/crowdfund/ReraiseETHCrowdfund.t.sol::ReraiseETHCrowdfundTest.test_claimMultiple_cannotHaveRemainingVotingPowerAfterClaim()
 writer effect     -> contracts/crowdfund/ETHCrowdfundBase.sol:226
 written member    -> ('SV', 'contracts/crowdfund/ETHCrowdfundBase.sol', 'ETHCrowdfundBase.totalContributions')
 potentially stale -> ('SV', 'contracts/crowdfund/ETHCrowdfundBase.sol', 'ETHCrowdfundBase.maxTotalContributions')
 reader witnesses  -> 324
 storage exposures -> 1
[MV-SI candidate e0a8fc0b7b5461406f8f] {maxTotalContributions, totalContributions}
 writer root       -> sol-tests/crowdfund/InitialETHCrowdfund.t.sol::InitialETHCrowdfundTest.test_fundingSplit_contributionAndRefund()
 writer effect     -> contracts/crowdfund/ETHCrowdfundBase.sol:212
 written member    -> ('SV', 'contracts/crowdfund/ETHCrowdfundBase.sol', 'ETHCrowdfundBase.totalContributions')
 potentially stale -> ('SV', 'contracts/crowdfund/ETHCrowdfundBase.sol', 'ETHCrowdfundBase.maxTotalContributions')
 reader witnesses  -> 264
 storage exposures -> 1
[MV-SI candidate e0c093c96d20fa543d3c] {maxTotalContributions, totalContributions}
 writer root       -> sol-tests/crowdfund/ReraiseETHCrowdfund.t.sol::ReraiseETHCrowdfundTest.test_batchContribute_works()
 writer effect     -> contracts/crowdfund/ETHCrowdfundBase.sol:226
 written member    -> ('SV', 'contracts/crowdfund/ETHCrowdfundBase.sol', 'ETHCrowdfundBase.totalContributions')
 potentially stale -> ('SV', 'contracts/crowdfund/ETHCrowdfundBase.sol', 'ETHCrowdfundBase.maxTotalContributions')
 reader witnesses  -> 324
 storage exposures -> 1
[MV-SI candidate e0f32426af60cb62a417] {_governanceValues, mintedVotingPower}
 writer root       -> sol-tests/crowdfund/ReraiseETHCrowdfund.t.sol::ReraiseETHCrowdfundTest.test_claim_mintNewCard_withDisableContributingForExistingCard()
 writer effect     -> contracts/party/PartyGovernanceNFT.sol:186
 written member    -> ('SV', 'contracts/party/PartyGovernanceNFT.sol', 'PartyGovernanceNFT.mintedVotingPower')
 potentially stale -> ('SV', 'contracts/party/PartyGovernance.sol', 'PartyGovernance._governanceValues')
 reader witnesses  -> 594
 storage exposures -> 1
[MV-SI candidate e1102087169c28ac0624] {exchangeRateBps, fundingSplitBps, maxTotalContributions, totalContributions}
 writer root       -> sol-tests/crowdfund/InitialETHCrowdfund.t.sol::InitialETHCrowdfundTest.test_contribute_aboveMaxContribution()
 writer effect     -> contracts/crowdfund/ETHCrowdfundBase.sol:212
 written member    -> ('SV', 'contracts/crowdfund/ETHCrowdfundBase.sol', 'ETHCrowdfundBase.totalContributions')
 potentially stale -> ('SV', 'contracts/crowdfund/ETHCrowdfundBase.sol', 'ETHCrowdfundBase.exchangeRateBps'), ('SV', 'contracts/crowdfund/ETHCrowdfundBase.sol', 'ETHCrowdfundBase.fundingSplitBps'), ('SV', 'contracts/crowdfund/ETHCrowdfundBase.sol', 'ETHCrowdfundBase.maxTotalContributions')
 reader witnesses  -> 2219
 storage exposures -> 1
[MV-SI candidate e111f15eeb14078df0e2] {_governanceValues, mintedVotingPower}
 writer root       -> sol-tests/party/PartyGovernanceNFT.t.sol::PartyGovernanceNFTTest.testBurn_withApproval()
 writer effect     -> contracts/party/PartyGovernanceNFT.sol:254
 written member    -> ('SV', 'contracts/party/PartyGovernanceNFT.sol', 'PartyGovernanceNFT.mintedVotingPower')
 potentially stale -> ('SV', 'contracts/party/PartyGovernance.sol', 'PartyGovernance._governanceValues')
 reader witnesses  -> 594
 storage exposures -> 1
[MV-SI candidate e1318bd049d8c348ce65] {_governanceValues, votingPowerByTokenId[$arg0]}
 writer root       -> contracts/party/PartyGovernanceNFT.sol::PartyGovernanceNFT.increaseTotalVotingPower(uint96)
 writer effect     -> contracts/party/PartyGovernanceNFT.sol:230
 written member    -> ('SV', 'contracts/party/PartyGovernance.sol', 'PartyGovernance._governanceValues')
 potentially stale -> ('MS', 'contracts/party/PartyGovernanceNFT.sol', 'PartyGovernanceNFT.votingPowerByTokenId', '$arg0')
 reader witnesses  -> 249
 storage exposures -> 1
[MV-SI candidate e17393641fb028211dd7] {_governanceValues, votingPowerByTokenId[$arg0]}
 writer root       -> sol-tests/crowdfund/ReraiseETHCrowdfund.t.sol::ReraiseETHCrowdfundTest.test_contribute_gatekeeperChecksSender()
 writer effect     -> contracts/party/PartyGovernanceNFT.sol:230
 written member    -> ('SV', 'contracts/party/PartyGovernance.sol', 'PartyGovernance._governanceValues')
 potentially stale -> ('MS', 'contracts/party/PartyGovernanceNFT.sol', 'PartyGovernanceNFT.votingPowerByTokenId', '$arg0')
 reader witnesses  -> 249
 storage exposures -> 1
[MV-SI candidate e19115076ddd139dae47] {maxTotalContributions, minContribution, totalContributions}
 writer root       -> contracts/crowdfund/InitialETHCrowdfund.sol::InitialETHCrowdfund.batchContribute(InitialETHCrowdfund.BatchContributeArgs)
 writer effect     -> contracts/crowdfund/ETHCrowdfundBase.sol:226
 written member    -> ('SV', 'contracts/crowdfund/ETHCrowdfundBase.sol', 'ETHCrowdfundBase.totalContributions')
 potentially stale -> ('SV', 'contracts/crowdfund/ETHCrowdfundBase.sol', 'ETHCrowdfundBase.maxTotalContributions'), ('SV', 'contracts/crowdfund/ETHCrowdfundBase.sol', 'ETHCrowdfundBase.minContribution')
 reader witnesses  -> 175
 storage exposures -> 1
[MV-SI candidate e1b400787a5928afe0af] {maxTotalContributions, totalContributions}
 writer root       -> sol-tests/crowdfund/InitialETHCrowdfund.t.sol::InitialETHCrowdfundTest.test_refund_works()
 writer effect     -> contracts/crowdfund/ETHCrowdfundBase.sol:226
 written member    -> ('SV', 'contracts/crowdfund/ETHCrowdfundBase.sol', 'ETHCrowdfundBase.totalContributions')
 potentially stale -> ('SV', 'contracts/crowdfund/ETHCrowdfundBase.sol', 'ETHCrowdfundBase.maxTotalContributions')
 reader witnesses  -> 264
 storage exposures -> 1
[MV-SI candidate e1ca7b4d4b4c2393389f] {_governanceValues, mintedVotingPower}
 writer root       -> sol-tests/crowdfund/ReraiseETHCrowdfund.t.sol::ReraiseETHCrowdfundTest.test_claimMultiple_cannotHaveRemainingVotingPowerAfterClaim()
 writer effect     -> contracts/party/PartyGovernanceNFT.sol:230
 written member    -> ('SV', 'contracts/party/PartyGovernance.sol', 'PartyGovernance._governanceValues')
 potentially stale -> ('SV', 'contracts/party/PartyGovernanceNFT.sol', 'PartyGovernanceNFT.mintedVotingPower')
 reader witnesses  -> 722
 storage exposures -> 1
[MV-SI candidate e20627fb0df375ffb90c] {_governanceValues, mintedVotingPower}
 writer root       -> sol-tests/TestUsers.sol::PartyAdmin.mintGovNft(Party,address,uint256)
 writer effect     -> contracts/party/PartyGovernanceNFT.sol:186
 written member    -> ('SV', 'contracts/party/PartyGovernanceNFT.sol', 'PartyGovernanceNFT.mintedVotingPower')
 potentially stale -> ('SV', 'contracts/party/PartyGovernance.sol', 'PartyGovernance._governanceValues')
 reader witnesses  -> 594
 storage exposures -> 1
[MV-SI candidate e21b5b86deb3c7460bae] {_governanceValues, mintedVotingPower}
 writer root       -> contracts/crowdfund/InitialETHCrowdfund.sol::InitialETHCrowdfund.contributeFor(uint256,address,address,bytes)
 writer effect     -> contracts/party/PartyGovernanceNFT.sol:230
 written member    -> ('SV', 'contracts/party/PartyGovernance.sol', 'PartyGovernance._governanceValues')
 potentially stale -> ('SV', 'contracts/party/PartyGovernanceNFT.sol', 'PartyGovernanceNFT.mintedVotingPower')
 reader witnesses  -> 722
 storage exposures -> 1
[MV-SI candidate e227504e4b9783be9553] {_governanceValues, mintedVotingPower}
 writer root       -> sol-tests/crowdfund/Crowdfund.t.sol::CrowdfundTest.testBusy_oneContributor_cannotBurn()
 writer effect     -> contracts/party/PartyGovernanceNFT.sol:186
 written member    -> ('SV', 'contracts/party/PartyGovernanceNFT.sol', 'PartyGovernanceNFT.mintedVotingPower')
 potentially stale -> ('SV', 'contracts/party/PartyGovernance.sol', 'PartyGovernance._governanceValues')
 reader witnesses  -> 594
 storage exposures -> 1
[MV-SI candidate e22ac298ec1ddcc4e83c] {minTotalContributions, totalContributions}
 writer root       -> sol-tests/crowdfund/ReraiseETHCrowdfund.t.sol::ReraiseETHCrowdfundTest.test_contribute_cannotDelegateToZeroAddress()
 writer effect     -> contracts/crowdfund/ETHCrowdfundBase.sol:212
 written member    -> ('SV', 'contracts/crowdfund/ETHCrowdfundBase.sol', 'ETHCrowdfundBase.totalContributions')
 potentially stale -> ('SV', 'contracts/crowdfund/ETHCrowdfundBase.sol', 'ETHCrowdfundBase.minTotalContributions')
 reader witnesses  -> 118
 storage exposures -> 1
[MV-SI candidate e23b2875cb68518afb6b] {maxTotalContributions, totalContributions}
 writer root       -> contracts/crowdfund/ReraiseETHCrowdfund.sol::ReraiseETHCrowdfund.initialize(ETHCrowdfundBase.ETHCrowdfundOptions)
 writer effect     -> contracts/crowdfund/ETHCrowdfundBase.sol:212
 written member    -> ('SV', 'contracts/crowdfund/ETHCrowdfundBase.sol', 'ETHCrowdfundBase.totalContributions')
 potentially stale -> ('SV', 'contracts/crowdfund/ETHCrowdfundBase.sol', 'ETHCrowdfundBase.maxTotalContributions')
 reader witnesses  -> 324
 storage exposures -> 1
[MV-SI candidate e2836e80a7ce4ef7b2cd] {maxTotalContributions, totalContributions}
 writer root       -> sol-tests/crowdfund/InitialETHCrowdfund.t.sol::InitialETHCrowdfundTest.test_contribute_noVotingPower()
 writer effect     -> contracts/crowdfund/ETHCrowdfundBase.sol:212
 written member    -> ('SV', 'contracts/crowdfund/ETHCrowdfundBase.sol', 'ETHCrowdfundBase.totalContributions')
 potentially stale -> ('SV', 'contracts/crowdfund/ETHCrowdfundBase.sol', 'ETHCrowdfundBase.maxTotalContributions')
 reader witnesses  -> 264
 storage exposures -> 1
[MV-SI candidate e2bac2f86105ed82992e] {minTotalContributions, totalContributions}
 writer root       -> sol-tests/crowdfund/ReraiseETHCrowdfund.t.sol::ReraiseETHCrowdfundTest.test_claim_addVotingPowerToExistingCard()
 writer effect     -> contracts/crowdfund/ETHCrowdfundBase.sol:212
 written member    -> ('SV', 'contracts/crowdfund/ETHCrowdfundBase.sol', 'ETHCrowdfundBase.totalContributions')
 potentially stale -> ('SV', 'contracts/crowdfund/ETHCrowdfundBase.sol', 'ETHCrowdfundBase.minTotalContributions')
 reader witnesses  -> 118
 storage exposures -> 1
[MV-SI candidate e2bbbbcb53091510bcf6] {minTotalContributions, totalContributions}
 writer root       -> sol-tests/crowdfund/ReraiseETHCrowdfund.t.sol::ReraiseETHCrowdfundTest.test_contribute_noContribution()
 writer effect     -> contracts/crowdfund/ETHCrowdfundBase.sol:212
 written member    -> ('SV', 'contracts/crowdfund/ETHCrowdfundBase.sol', 'ETHCrowdfundBase.totalContributions')
 potentially stale -> ('SV', 'contracts/crowdfund/ETHCrowdfundBase.sol', 'ETHCrowdfundBase.minTotalContributions')
 reader witnesses  -> 118
 storage exposures -> 1
[MV-SI candidate e2bf0d7305b66d2279e3] {maxTotalContributions, totalContributions}
 writer root       -> sol-tests/crowdfund/InitialETHCrowdfund.t.sol::InitialETHCrowdfundTest.test_sendFundingSplit_cannotSendTwice()
 writer effect     -> contracts/crowdfund/ETHCrowdfundBase.sol:212
 written member    -> ('SV', 'contracts/crowdfund/ETHCrowdfundBase.sol', 'ETHCrowdfundBase.totalContributions')
 potentially stale -> ('SV', 'contracts/crowdfund/ETHCrowdfundBase.sol', 'ETHCrowdfundBase.maxTotalContributions')
 reader witnesses  -> 264
 storage exposures -> 1
[MV-SI candidate e2e439cacbecdd277623] {minTotalContributions, totalContributions}
 writer root       -> sol-tests/crowdfund/InitialETHCrowdfund.t.sol::InitialETHCrowdfundTest.test_finalize_belowMinTotalContributions()
 writer effect     -> contracts/crowdfund/ETHCrowdfundBase.sol:212
 written member    -> ('SV', 'contracts/crowdfund/ETHCrowdfundBase.sol', 'ETHCrowdfundBase.totalContributions')
 potentially stale -> ('SV', 'contracts/crowdfund/ETHCrowdfundBase.sol', 'ETHCrowdfundBase.minTotalContributions')
 reader witnesses  -> 94
 storage exposures -> 1
[MV-SI candidate e2f0bf43bc537528cc9b] {minTotalContributions, totalContributions}
 writer root       -> sol-tests/crowdfund/ReraiseETHCrowdfund.t.sol::ReraiseETHCrowdfundTest.test_claimMultiple_votingPowerOfCardAboveMax()
 writer effect     -> contracts/crowdfund/ETHCrowdfundBase.sol:226
 written member    -> ('SV', 'contracts/crowdfund/ETHCrowdfundBase.sol', 'ETHCrowdfundBase.totalContributions')
 potentially stale -> ('SV', 'contracts/crowdfund/ETHCrowdfundBase.sol', 'ETHCrowdfundBase.minTotalContributions')
 reader witnesses  -> 118
 storage exposures -> 1
[MV-SI candidate e32fb377bbf40f7ca783] {_governanceValues, votingPowerByTokenId[$arg0]}
 writer root       -> sol-tests/party/PartyGovernanceNFT.t.sol::PartyGovernanceNFTTest.testBurn()
 writer effect     -> contracts/party/PartyGovernanceNFT.sol:258
 written member    -> ('SV', 'contracts/party/PartyGovernance.sol', 'PartyGovernance._governanceValues')
 potentially stale -> ('MS', 'contracts/party/PartyGovernanceNFT.sol', 'PartyGovernanceNFT.votingPowerByTokenId', '$arg0')
 reader witnesses  -> 249
 storage exposures -> 1
[MV-SI candidate e3a3b5c78bc2e475505c] {_governanceValues, mintedVotingPower}
 writer root       -> sol-tests/crowdfund/InitialETHCrowdfund.t.sol::InitialETHCrowdfundTest.test_contribute_mintNewCard_withDisableContributingForExistingCard()
 writer effect     -> contracts/party/PartyGovernanceNFT.sol:230
 written member    -> ('SV', 'contracts/party/PartyGovernance.sol', 'PartyGovernance._governanceValues')
 potentially stale -> ('SV', 'contracts/party/PartyGovernanceNFT.sol', 'PartyGovernanceNFT.mintedVotingPower')
 reader witnesses  -> 722
 storage exposures -> 1
[MV-SI candidate e3d3ff5eeef9b0230918] {exchangeRateBps, fundingSplitBps, maxTotalContributions, totalContributions}
 writer root       -> sol-tests/crowdfund/ReraiseETHCrowdfund.t.sol::ReraiseETHCrowdfundTest.test_contribute_belowMinContribution()
 writer effect     -> contracts/crowdfund/ETHCrowdfundBase.sol:212
 written member    -> ('SV', 'contracts/crowdfund/ETHCrowdfundBase.sol', 'ETHCrowdfundBase.totalContributions')
 potentially stale -> ('SV', 'contracts/crowdfund/ETHCrowdfundBase.sol', 'ETHCrowdfundBase.exchangeRateBps'), ('SV', 'contracts/crowdfund/ETHCrowdfundBase.sol', 'ETHCrowdfundBase.fundingSplitBps'), ('SV', 'contracts/crowdfund/ETHCrowdfundBase.sol', 'ETHCrowdfundBase.maxTotalContributions')
 reader witnesses  -> 2849
 storage exposures -> 1
[MV-SI candidate e3e38602576a583b5374] {_governanceValues, isAuthority[$sender]}
 writer root       -> sol-tests/crowdfund/ReraiseETHCrowdfund.t.sol::ReraiseETHCrowdfundTest.test_claim_mintNewCard()
 writer effect     -> contracts/party/PartyGovernanceNFT.sol:230
 written member    -> ('SV', 'contracts/party/PartyGovernance.sol', 'PartyGovernance._governanceValues')
 potentially stale -> ('MS', 'contracts/party/PartyGovernanceNFT.sol', 'PartyGovernanceNFT.isAuthority', '$sender')
 reader witnesses  -> 183
 storage exposures -> 1
[MV-SI candidate e42cf6228f63cdea6f6d] {_governanceValues, mintedVotingPower}
 writer root       -> sol-tests/crowdfund/Crowdfund.t.sol::CrowdfundTest.testWin_oneContributor_zeroFinalPrice()
 writer effect     -> contracts/party/PartyGovernanceNFT.sol:186
 written member    -> ('SV', 'contracts/party/PartyGovernanceNFT.sol', 'PartyGovernanceNFT.mintedVotingPower')
 potentially stale -> ('SV', 'contracts/party/PartyGovernance.sol', 'PartyGovernance._governanceValues')
 reader witnesses  -> 594
 storage exposures -> 1
[MV-SI candidate e4f872b74a2236d71456] {_governanceValues, mintedVotingPower}
 writer root       -> sol-tests/crowdfund/Crowdfund.t.sol::CrowdfundTest.testLoss_twoContributors()
 writer effect     -> contracts/party/PartyGovernanceNFT.sol:186
 written member    -> ('SV', 'contracts/party/PartyGovernanceNFT.sol', 'PartyGovernanceNFT.mintedVotingPower')
 potentially stale -> ('SV', 'contracts/party/PartyGovernance.sol', 'PartyGovernance._governanceValues')
 reader witnesses  -> 594
 storage exposures -> 1
[MV-SI candidate e54975c6dd718833961d] {minTotalContributions, totalContributions}
 writer root       -> sol-tests/crowdfund/ReraiseETHCrowdfund.t.sol::ReraiseETHCrowdfundTest.test_finalize_withFundingSplit()
 writer effect     -> contracts/crowdfund/ETHCrowdfundBase.sol:226
 written member    -> ('SV', 'contracts/crowdfund/ETHCrowdfundBase.sol', 'ETHCrowdfundBase.totalContributions')
 potentially stale -> ('SV', 'contracts/crowdfund/ETHCrowdfundBase.sol', 'ETHCrowdfundBase.minTotalContributions')
 reader witnesses  -> 118
 storage exposures -> 1
[MV-SI candidate e558a9e644dd6bfee50c] {_governanceValues, isAuthority[$sender]}
 writer root       -> sol-tests/crowdfund/ReraiseETHCrowdfund.t.sol::ReraiseETHCrowdfundTest.test_batchRefund_works()
 writer effect     -> contracts/party/PartyGovernanceNFT.sol:230
 written member    -> ('SV', 'contracts/party/PartyGovernance.sol', 'PartyGovernance._governanceValues')
 potentially stale -> ('MS', 'contracts/party/PartyGovernanceNFT.sol', 'PartyGovernanceNFT.isAuthority', '$sender')
 reader witnesses  -> 183
 storage exposures -> 1
[MV-SI candidate e59bb17e674a26c241e3] {_governanceValues, isAuthority[$sender]}
 writer root       -> contracts/party/PartyGovernanceNFT.sol::PartyGovernanceNFT.burn(uint256)
 writer effect     -> contracts/party/PartyGovernanceNFT.sol:258
 written member    -> ('SV', 'contracts/party/PartyGovernance.sol', 'PartyGovernance._governanceValues')
 potentially stale -> ('MS', 'contracts/party/PartyGovernanceNFT.sol', 'PartyGovernanceNFT.isAuthority', '$sender')
 reader witnesses  -> 183
 storage exposures -> 1
[MV-SI candidate e5b4b6e33e07597c264d] {minTotalContributions, totalContributions}
 writer root       -> sol-tests/crowdfund/ReraiseETHCrowdfund.t.sol::ReraiseETHCrowdfundTest.test_claimMultiple_cannotClaimMoreThanVotingPower()
 writer effect     -> contracts/crowdfund/ETHCrowdfundBase.sol:226
 written member    -> ('SV', 'contracts/crowdfund/ETHCrowdfundBase.sol', 'ETHCrowdfundBase.totalContributions')
 potentially stale -> ('SV', 'contracts/crowdfund/ETHCrowdfundBase.sol', 'ETHCrowdfundBase.minTotalContributions')
 reader witnesses  -> 118
 storage exposures -> 1
[MV-SI candidate e67538e8595418d9a72f] {minTotalContributions, totalContributions}
 writer root       -> sol-tests/crowdfund/ReraiseETHCrowdfund.t.sol::ReraiseETHCrowdfundTest.test_batchContribute_works()
 writer effect     -> contracts/crowdfund/ETHCrowdfundBase.sol:212
 written member    -> ('SV', 'contracts/crowdfund/ETHCrowdfundBase.sol', 'ETHCrowdfundBase.totalContributions')
 potentially stale -> ('SV', 'contracts/crowdfund/ETHCrowdfundBase.sol', 'ETHCrowdfundBase.minTotalContributions')
 reader witnesses  -> 118
 storage exposures -> 1
[MV-SI candidate e6ca5d2b4e777541ca8e] {_governanceValues, mintedVotingPower}
 writer root       -> sol-tests/crowdfund/InitialETHCrowdfund.t.sol::InitialETHCrowdfundTest.test_finalize_belowMinTotalContributions()
 writer effect     -> contracts/party/PartyGovernanceNFT.sol:230
 written member    -> ('SV', 'contracts/party/PartyGovernance.sol', 'PartyGovernance._governanceValues')
 potentially stale -> ('SV', 'contracts/party/PartyGovernanceNFT.sol', 'PartyGovernanceNFT.mintedVotingPower')
 reader witnesses  -> 722
 storage exposures -> 1
[MV-SI candidate e6fd1e292e5c5f65e16a] {_governanceValues, mintedVotingPower}
 writer root       -> sol-tests/crowdfund/ReraiseETHCrowdfund.t.sol::ReraiseETHCrowdfundTest.test_contribute_gatekeeperChecksSender()
 writer effect     -> contracts/party/PartyGovernanceNFT.sol:230
 written member    -> ('SV', 'contracts/party/PartyGovernance.sol', 'PartyGovernance._governanceValues')
 potentially stale -> ('SV', 'contracts/party/PartyGovernanceNFT.sol', 'PartyGovernanceNFT.mintedVotingPower')
 reader witnesses  -> 722
 storage exposures -> 1
[MV-SI candidate e7216d1eefa50a23b338] {minTotalContributions, totalContributions}
 writer root       -> sol-tests/crowdfund/ReraiseETHCrowdfund.t.sol::ReraiseETHCrowdfundTest.test_claim_mintNewCard()
 writer effect     -> contracts/crowdfund/ETHCrowdfundBase.sol:226
 written member    -> ('SV', 'contracts/crowdfund/ETHCrowdfundBase.sol', 'ETHCrowdfundBase.totalContributions')
 potentially stale -> ('SV', 'contracts/crowdfund/ETHCrowdfundBase.sol', 'ETHCrowdfundBase.minTotalContributions')
 reader witnesses  -> 118
 storage exposures -> 1
[MV-SI candidate e728259e9be906933f28] {_governanceValues, mintedVotingPower}
 writer root       -> sol-tests/crowdfund/InitialETHCrowdfund.t.sol::InitialETHCrowdfundTest.test_contribute_belowMinContribution()
 writer effect     -> contracts/party/PartyGovernanceNFT.sol:186
 written member    -> ('SV', 'contracts/party/PartyGovernanceNFT.sol', 'PartyGovernanceNFT.mintedVotingPower')
 potentially stale -> ('SV', 'contracts/party/PartyGovernance.sol', 'PartyGovernance._governanceValues')
 reader witnesses  -> 594
 storage exposures -> 1
[MV-SI candidate e75be56536738b67014f] {_governanceValues, mintedVotingPower}
 writer root       -> sol-tests/party/PartyGovernance.t.sol::PartyGovernanceTest.testSimpleGovernance()
 writer effect     -> contracts/party/PartyGovernanceNFT.sol:186
 written member    -> ('SV', 'contracts/party/PartyGovernanceNFT.sol', 'PartyGovernanceNFT.mintedVotingPower')
 potentially stale -> ('SV', 'contracts/party/PartyGovernance.sol', 'PartyGovernance._governanceValues')
 reader witnesses  -> 594
 storage exposures -> 1
[MV-SI candidate e76a6447e69a71dec4da] {_governanceValues, votingPowerByTokenId[$arg0]}
 writer root       -> sol-tests/crowdfund/InitialETHCrowdfund.t.sol::InitialETHCrowdfundTest.test_sendFundingSplit_works()
 writer effect     -> contracts/party/PartyGovernanceNFT.sol:219
 written member    -> ('MS', 'contracts/party/PartyGovernanceNFT.sol', 'PartyGovernanceNFT.votingPowerByTokenId', '$arg0')
 potentially stale -> ('SV', 'contracts/party/PartyGovernance.sol', 'PartyGovernance._governanceValues')
 reader witnesses  -> 891
 storage exposures -> 1
[MV-SI candidate e783864fa8cc2e4bdc0a] {_governanceValues, isAuthority[$sender]}
 writer root       -> sol-tests/crowdfund/InitialETHCrowdfund.t.sol::InitialETHCrowdfundTest.test_initialization_cannotReinitialize()
 writer effect     -> contracts/party/PartyGovernanceNFT.sol:230
 written member    -> ('SV', 'contracts/party/PartyGovernance.sol', 'PartyGovernance._governanceValues')
 potentially stale -> ('MS', 'contracts/party/PartyGovernanceNFT.sol', 'PartyGovernanceNFT.isAuthority', '$sender')
 reader witnesses  -> 183
 storage exposures -> 1
[MV-SI candidate e7c23019081cfcd44d05] {exchangeRateBps, fundingSplitBps, maxTotalContributions, totalContributions}
 writer root       -> contracts/crowdfund/ReraiseETHCrowdfund.sol::ReraiseETHCrowdfund.initialize(ETHCrowdfundBase.ETHCrowdfundOptions)
 writer effect     -> contracts/crowdfund/ETHCrowdfundBase.sol:212
 written member    -> ('SV', 'contracts/crowdfund/ETHCrowdfundBase.sol', 'ETHCrowdfundBase.totalContributions')
 potentially stale -> ('SV', 'contracts/crowdfund/ETHCrowdfundBase.sol', 'ETHCrowdfundBase.exchangeRateBps'), ('SV', 'contracts/crowdfund/ETHCrowdfundBase.sol', 'ETHCrowdfundBase.fundingSplitBps'), ('SV', 'contracts/crowdfund/ETHCrowdfundBase.sol', 'ETHCrowdfundBase.maxTotalContributions')
 reader witnesses  -> 2849
 storage exposures -> 1
[MV-SI candidate e810c24c00ecdef67fae] {_governanceValues, mintedVotingPower}
 writer root       -> contracts/crowdfund/InitialETHCrowdfund.sol::InitialETHCrowdfund.initialize(InitialETHCrowdfund.InitialETHCrowdfundOptions,InitialETHCrowdfund.ETHPartyOptions)
 writer effect     -> contracts/party/PartyGovernanceNFT.sol:218
 written member    -> ('SV', 'contracts/party/PartyGovernanceNFT.sol', 'PartyGovernanceNFT.mintedVotingPower')
 potentially stale -> ('SV', 'contracts/party/PartyGovernance.sol', 'PartyGovernance._governanceValues')
 reader witnesses  -> 594
 storage exposures -> 1
[MV-SI candidate e8148cb9c22968344e3a] {_governanceValues, mintedVotingPower}
 writer root       -> contracts/crowdfund/ReraiseETHCrowdfund.sol::ReraiseETHCrowdfund.claim(address)
 writer effect     -> contracts/party/PartyGovernanceNFT.sol:218
 written member    -> ('SV', 'contracts/party/PartyGovernanceNFT.sol', 'PartyGovernanceNFT.mintedVotingPower')
 potentially stale -> ('SV', 'contracts/party/PartyGovernance.sol', 'PartyGovernance._governanceValues')
 reader witnesses  -> 594
 storage exposures -> 1
[MV-SI candidate e8be7a15a314b0057596] {exchangeRateBps, fundingSplitBps, maxTotalContributions, totalContributions}
 writer root       -> sol-tests/crowdfund/InitialETHCrowdfund.t.sol::InitialETHCrowdfundTest.test_contribute_aboveMaxTotalContribution()
 writer effect     -> contracts/crowdfund/ETHCrowdfundBase.sol:226
 written member    -> ('SV', 'contracts/crowdfund/ETHCrowdfundBase.sol', 'ETHCrowdfundBase.totalContributions')
 potentially stale -> ('SV', 'contracts/crowdfund/ETHCrowdfundBase.sol', 'ETHCrowdfundBase.exchangeRateBps'), ('SV', 'contracts/crowdfund/ETHCrowdfundBase.sol', 'ETHCrowdfundBase.fundingSplitBps'), ('SV', 'contracts/crowdfund/ETHCrowdfundBase.sol', 'ETHCrowdfundBase.maxTotalContributions')
 reader witnesses  -> 2219
 storage exposures -> 1
[MV-SI candidate e8bf0db7e16a229e7a8e] {_governanceValues, mintedVotingPower}
 writer root       -> sol-tests/crowdfund/ReraiseETHCrowdfund.t.sol::ReraiseETHCrowdfundTest.test_contribute_afterLost()
 writer effect     -> contracts/party/PartyGovernanceNFT.sol:230
 written member    -> ('SV', 'contracts/party/PartyGovernance.sol', 'PartyGovernance._governanceValues')
 potentially stale -> ('SV', 'contracts/party/PartyGovernanceNFT.sol', 'PartyGovernanceNFT.mintedVotingPower')
 reader witnesses  -> 722
 storage exposures -> 1
[MV-SI candidate e8fe9f80e25084be0e35] {_governanceValues, votingPowerByTokenId[$arg0]}
 writer root       -> sol-tests/crowdfund/ReraiseETHCrowdfund.t.sol::ReraiseETHCrowdfundTest.test_claimMultiple_cannotClaimMoreThanVotingPower()
 writer effect     -> contracts/party/PartyGovernanceNFT.sol:230
 written member    -> ('SV', 'contracts/party/PartyGovernance.sol', 'PartyGovernance._governanceValues')
 potentially stale -> ('MS', 'contracts/party/PartyGovernanceNFT.sol', 'PartyGovernanceNFT.votingPowerByTokenId', '$arg0')
 reader witnesses  -> 249
 storage exposures -> 1
[MV-SI candidate e953368ba555c73745d1] {_governanceValues, mintedVotingPower}
 writer root       -> sol-tests/party/PartyGovernanceNFT.t.sol::PartyGovernanceNFTTest.testBurn_revertsIfNotCalledByOwnerOrApproved()
 writer effect     -> contracts/party/PartyGovernanceNFT.sol:254
 written member    -> ('SV', 'contracts/party/PartyGovernanceNFT.sol', 'PartyGovernanceNFT.mintedVotingPower')
 potentially stale -> ('SV', 'contracts/party/PartyGovernance.sol', 'PartyGovernance._governanceValues')
 reader witnesses  -> 594
 storage exposures -> 1
[MV-SI candidate e976324b8f406d357079] {_governanceValues, mintedVotingPower}
 writer root       -> sol-tests/crowdfund/InitialETHCrowdfund.t.sol::InitialETHCrowdfundTest.test_finalize_withFundingSplit()
 writer effect     -> contracts/party/PartyGovernanceNFT.sol:186
 written member    -> ('SV', 'contracts/party/PartyGovernanceNFT.sol', 'PartyGovernanceNFT.mintedVotingPower')
 potentially stale -> ('SV', 'contracts/party/PartyGovernance.sol', 'PartyGovernance._governanceValues')
 reader witnesses  -> 594
 storage exposures -> 1
[MV-SI candidate e9c280f60471639651a2] {exchangeRateBps, fundingSplitBps, maxTotalContributions, totalContributions}
 writer root       -> sol-tests/crowdfund/ReraiseETHCrowdfund.t.sol::ReraiseETHCrowdfundTest.test_sendFundingSplit_works()
 writer effect     -> contracts/crowdfund/ETHCrowdfundBase.sol:226
 written member    -> ('SV', 'contracts/crowdfund/ETHCrowdfundBase.sol', 'ETHCrowdfundBase.totalContributions')
 potentially stale -> ('SV', 'contracts/crowdfund/ETHCrowdfundBase.sol', 'ETHCrowdfundBase.exchangeRateBps'), ('SV', 'contracts/crowdfund/ETHCrowdfundBase.sol', 'ETHCrowdfundBase.fundingSplitBps'), ('SV', 'contracts/crowdfund/ETHCrowdfundBase.sol', 'ETHCrowdfundBase.maxTotalContributions')
 reader witnesses  -> 2849
 storage exposures -> 1
[MV-SI candidate e9ea1faf9c9c8be056d0] {maxTotalContributions, minContribution, totalContributions}
 writer root       -> sol-tests/crowdfund/ReraiseETHCrowdfund.t.sol::ReraiseETHCrowdfundTest.test_refund_works()
 writer effect     -> contracts/crowdfund/ETHCrowdfundBase.sol:212
 written member    -> ('SV', 'contracts/crowdfund/ETHCrowdfundBase.sol', 'ETHCrowdfundBase.totalContributions')
 potentially stale -> ('SV', 'contracts/crowdfund/ETHCrowdfundBase.sol', 'ETHCrowdfundBase.maxTotalContributions'), ('SV', 'contracts/crowdfund/ETHCrowdfundBase.sol', 'ETHCrowdfundBase.minContribution')
 reader witnesses  -> 220
 storage exposures -> 1
[MV-SI candidate ea4c73bd9555d5c5ba0d] {maxTotalContributions, totalContributions}
 writer root       -> sol-tests/crowdfund/InitialETHCrowdfund.t.sol::InitialETHCrowdfundTest.test_refund_twice()
 writer effect     -> contracts/crowdfund/ETHCrowdfundBase.sol:212
 written member    -> ('SV', 'contracts/crowdfund/ETHCrowdfundBase.sol', 'ETHCrowdfundBase.totalContributions')
 potentially stale -> ('SV', 'contracts/crowdfund/ETHCrowdfundBase.sol', 'ETHCrowdfundBase.maxTotalContributions')
 reader witnesses  -> 264
 storage exposures -> 1
[MV-SI candidate ea4fbf43ce059ea15d9c] {exchangeRateBps, fundingSplitBps, maxTotalContributions, totalContributions}
 writer root       -> sol-tests/crowdfund/InitialETHCrowdfund.t.sol::InitialETHCrowdfundTest.test_contribute_aboveMaxTotalContributionWhenWhenContributionBelowMinContributionAfterRefund()
 writer effect     -> contracts/crowdfund/ETHCrowdfundBase.sol:212
 written member    -> ('SV', 'contracts/crowdfund/ETHCrowdfundBase.sol', 'ETHCrowdfundBase.totalContributions')
 potentially stale -> ('SV', 'contracts/crowdfund/ETHCrowdfundBase.sol', 'ETHCrowdfundBase.exchangeRateBps'), ('SV', 'contracts/crowdfund/ETHCrowdfundBase.sol', 'ETHCrowdfundBase.fundingSplitBps'), ('SV', 'contracts/crowdfund/ETHCrowdfundBase.sol', 'ETHCrowdfundBase.maxTotalContributions')
 reader witnesses  -> 2219
 storage exposures -> 1
[MV-SI candidate eaeb583f656f7d901293] {exchangeRateBps, fundingSplitBps, maxTotalContributions, totalContributions}
 writer root       -> sol-tests/crowdfund/ReraiseETHCrowdfund.t.sol::ReraiseETHCrowdfundTest.test_contributeFor_works()
 writer effect     -> contracts/crowdfund/ETHCrowdfundBase.sol:226
 written member    -> ('SV', 'contracts/crowdfund/ETHCrowdfundBase.sol', 'ETHCrowdfundBase.totalContributions')
 potentially stale -> ('SV', 'contracts/crowdfund/ETHCrowdfundBase.sol', 'ETHCrowdfundBase.exchangeRateBps'), ('SV', 'contracts/crowdfund/ETHCrowdfundBase.sol', 'ETHCrowdfundBase.fundingSplitBps'), ('SV', 'contracts/crowdfund/ETHCrowdfundBase.sol', 'ETHCrowdfundBase.maxTotalContributions')
 reader witnesses  -> 2849
 storage exposures -> 1
[MV-SI candidate eb087b376c261101e492] {exchangeRateBps, fundingSplitBps, maxTotalContributions, totalContributions}
 writer root       -> sol-tests/crowdfund/ReraiseETHCrowdfund.t.sol::ReraiseETHCrowdfundTest.test_refund_works()
 writer effect     -> contracts/crowdfund/ETHCrowdfundBase.sol:212
 written member    -> ('SV', 'contracts/crowdfund/ETHCrowdfundBase.sol', 'ETHCrowdfundBase.totalContributions')
 potentially stale -> ('SV', 'contracts/crowdfund/ETHCrowdfundBase.sol', 'ETHCrowdfundBase.exchangeRateBps'), ('SV', 'contracts/crowdfund/ETHCrowdfundBase.sol', 'ETHCrowdfundBase.fundingSplitBps'), ('SV', 'contracts/crowdfund/ETHCrowdfundBase.sol', 'ETHCrowdfundBase.maxTotalContributions')
 reader witnesses  -> 2849
 storage exposures -> 1
[MV-SI candidate eb17b3c3334d79803a78] {_governanceValues, isAuthority[$sender]}
 writer root       -> sol-tests/crowdfund/ReraiseETHCrowdfund.t.sol::ReraiseETHCrowdfundTest.test_contribute_smallAmountWithFundingSplit()
 writer effect     -> contracts/party/PartyGovernanceNFT.sol:230
 written member    -> ('SV', 'contracts/party/PartyGovernance.sol', 'PartyGovernance._governanceValues')
 potentially stale -> ('MS', 'contracts/party/PartyGovernanceNFT.sol', 'PartyGovernanceNFT.isAuthority', '$sender')
 reader witnesses  -> 183
 storage exposures -> 1
[MV-SI candidate eb786f6191548b8ddf7b] {minTotalContributions, totalContributions}
 writer root       -> sol-tests/crowdfund/InitialETHCrowdfund.t.sol::InitialETHCrowdfundTest.test_contribute_mintNewCard_withDisableContributingForExistingCard()
 writer effect     -> contracts/crowdfund/ETHCrowdfundBase.sol:226
 written member    -> ('SV', 'contracts/crowdfund/ETHCrowdfundBase.sol', 'ETHCrowdfundBase.totalContributions')
 potentially stale -> ('SV', 'contracts/crowdfund/ETHCrowdfundBase.sol', 'ETHCrowdfundBase.minTotalContributions')
 reader witnesses  -> 94
 storage exposures -> 1
[MV-SI candidate eb806e0ce9b0a90100e1] {maxTotalContributions, minContribution, totalContributions}
 writer root       -> sol-tests/crowdfund/InitialETHCrowdfund.t.sol::InitialETHCrowdfundTest.test_sendFundingSplit_canOnlySendWhenFinalized()
 writer effect     -> contracts/crowdfund/ETHCrowdfundBase.sol:212
 written member    -> ('SV', 'contracts/crowdfund/ETHCrowdfundBase.sol', 'ETHCrowdfundBase.totalContributions')
 potentially stale -> ('SV', 'contracts/crowdfund/ETHCrowdfundBase.sol', 'ETHCrowdfundBase.maxTotalContributions'), ('SV', 'contracts/crowdfund/ETHCrowdfundBase.sol', 'ETHCrowdfundBase.minContribution')
 reader witnesses  -> 175
 storage exposures -> 1
[MV-SI candidate eb8482cfb8dabf424e7b] {exchangeRateBps, fundingSplitBps, maxTotalContributions, totalContributions}
 writer root       -> sol-tests/crowdfund/InitialETHCrowdfund.t.sol::InitialETHCrowdfundTest.test_contribute_aboveMaxContribution()
 writer effect     -> contracts/crowdfund/ETHCrowdfundBase.sol:226
 written member    -> ('SV', 'contracts/crowdfund/ETHCrowdfundBase.sol', 'ETHCrowdfundBase.totalContributions')
 potentially stale -> ('SV', 'contracts/crowdfund/ETHCrowdfundBase.sol', 'ETHCrowdfundBase.exchangeRateBps'), ('SV', 'contracts/crowdfund/ETHCrowdfundBase.sol', 'ETHCrowdfundBase.fundingSplitBps'), ('SV', 'contracts/crowdfund/ETHCrowdfundBase.sol', 'ETHCrowdfundBase.maxTotalContributions')
 reader witnesses  -> 2219
 storage exposures -> 1
[MV-SI candidate ebae252036c2f87fb54f] {_governanceValues, mintedVotingPower}
 writer root       -> sol-tests/crowdfund/InitialETHCrowdfund.t.sol::InitialETHCrowdfundTest.test_contribute_withFundingSplit()
 writer effect     -> contracts/party/PartyGovernanceNFT.sol:230
 written member    -> ('SV', 'contracts/party/PartyGovernance.sol', 'PartyGovernance._governanceValues')
 potentially stale -> ('SV', 'contracts/party/PartyGovernanceNFT.sol', 'PartyGovernanceNFT.mintedVotingPower')
 reader witnesses  -> 722
 storage exposures -> 1
[MV-SI candidate ebc0ec804f3a8124d11c] {_governanceValues, mintedVotingPower}
 writer root       -> sol-tests/crowdfund/ReraiseETHCrowdfund.t.sol::ReraiseETHCrowdfundTest.test_contribute_withFundingSplit()
 writer effect     -> contracts/party/PartyGovernanceNFT.sol:230
 written member    -> ('SV', 'contracts/party/PartyGovernance.sol', 'PartyGovernance._governanceValues')
 potentially stale -> ('SV', 'contracts/party/PartyGovernanceNFT.sol', 'PartyGovernanceNFT.mintedVotingPower')
 reader witnesses  -> 722
 storage exposures -> 1
[MV-SI candidate ec0498b8a95b05336ce9] {minTotalContributions, totalContributions}
 writer root       -> sol-tests/crowdfund/InitialETHCrowdfund.t.sol::InitialETHCrowdfundTest.test_refund_notLost()
 writer effect     -> contracts/crowdfund/ETHCrowdfundBase.sol:212
 written member    -> ('SV', 'contracts/crowdfund/ETHCrowdfundBase.sol', 'ETHCrowdfundBase.totalContributions')
 potentially stale -> ('SV', 'contracts/crowdfund/ETHCrowdfundBase.sol', 'ETHCrowdfundBase.minTotalContributions')
 reader witnesses  -> 94
 storage exposures -> 1
[MV-SI candidate ec1792ef3cb1eab0fbcb] {minTotalContributions, totalContributions}
 writer root       -> sol-tests/crowdfund/ReraiseETHCrowdfund.t.sol::ReraiseETHCrowdfundTest.test_sendFundingSplit_canOnlySendWhenFinalized()
 writer effect     -> contracts/crowdfund/ETHCrowdfundBase.sol:212
 written member    -> ('SV', 'contracts/crowdfund/ETHCrowdfundBase.sol', 'ETHCrowdfundBase.totalContributions')
 potentially stale -> ('SV', 'contracts/crowdfund/ETHCrowdfundBase.sol', 'ETHCrowdfundBase.minTotalContributions')
 reader witnesses  -> 118
 storage exposures -> 1
[MV-SI candidate ec37ddea21bbf0fb1508] {minTotalContributions, totalContributions}
 writer root       -> sol-tests/crowdfund/InitialETHCrowdfund.t.sol::InitialETHCrowdfundTest.test_expiry_won()
 writer effect     -> contracts/crowdfund/ETHCrowdfundBase.sol:226
 written member    -> ('SV', 'contracts/crowdfund/ETHCrowdfundBase.sol', 'ETHCrowdfundBase.totalContributions')
 potentially stale -> ('SV', 'contracts/crowdfund/ETHCrowdfundBase.sol', 'ETHCrowdfundBase.minTotalContributions')
 reader witnesses  -> 94
 storage exposures -> 1
[MV-SI candidate ec3daaf4544db62cb69e] {_governanceValues, isAuthority[$sender]}
 writer root       -> sol-tests/crowdfund/InitialETHCrowdfund.t.sol::InitialETHCrowdfundTest.test_contribute_smallAmountWithFundingSplit()
 writer effect     -> contracts/party/PartyGovernanceNFT.sol:230
 written member    -> ('SV', 'contracts/party/PartyGovernance.sol', 'PartyGovernance._governanceValues')
 potentially stale -> ('MS', 'contracts/party/PartyGovernanceNFT.sol', 'PartyGovernanceNFT.isAuthority', '$sender')
 reader witnesses  -> 183
 storage exposures -> 1
[MV-SI candidate ec495ff15f28c9e64925] {maxTotalContributions, minContribution, totalContributions}
 writer root       -> sol-tests/crowdfund/InitialETHCrowdfund.t.sol::InitialETHCrowdfundTest.test_refund_twice()
 writer effect     -> contracts/crowdfund/ETHCrowdfundBase.sol:212
 written member    -> ('SV', 'contracts/crowdfund/ETHCrowdfundBase.sol', 'ETHCrowdfundBase.totalContributions')
 potentially stale -> ('SV', 'contracts/crowdfund/ETHCrowdfundBase.sol', 'ETHCrowdfundBase.maxTotalContributions'), ('SV', 'contracts/crowdfund/ETHCrowdfundBase.sol', 'ETHCrowdfundBase.minContribution')
 reader witnesses  -> 175
 storage exposures -> 1
[MV-SI candidate ec4a000416347a68d0d3] {minTotalContributions, totalContributions}
 writer root       -> sol-tests/crowdfund/InitialETHCrowdfund.t.sol::InitialETHCrowdfundTest.test_partyCardTokenURI_whileCrowdfundWon()
 writer effect     -> contracts/crowdfund/ETHCrowdfundBase.sol:212
 written member    -> ('SV', 'contracts/crowdfund/ETHCrowdfundBase.sol', 'ETHCrowdfundBase.totalContributions')
 potentially stale -> ('SV', 'contracts/crowdfund/ETHCrowdfundBase.sol', 'ETHCrowdfundBase.minTotalContributions')
 reader witnesses  -> 94
 storage exposures -> 1
[MV-SI candidate ecdd9eba6ef6fc58d12e] {minTotalContributions, totalContributions}
 writer root       -> sol-tests/crowdfund/InitialETHCrowdfund.t.sol::InitialETHCrowdfundTest.test_partyCardTokenURI_whileCrowdfundLost()
 writer effect     -> contracts/crowdfund/ETHCrowdfundBase.sol:212
 written member    -> ('SV', 'contracts/crowdfund/ETHCrowdfundBase.sol', 'ETHCrowdfundBase.totalContributions')
 potentially stale -> ('SV', 'contracts/crowdfund/ETHCrowdfundBase.sol', 'ETHCrowdfundBase.minTotalContributions')
 reader witnesses  -> 94
 storage exposures -> 1
[MV-SI candidate eceef896e3a80c365137] {maxTotalContributions, minContribution, totalContributions}
 writer root       -> sol-tests/crowdfund/InitialETHCrowdfund.t.sol::InitialETHCrowdfundTest.test_contribute_afterLost()
 writer effect     -> contracts/crowdfund/ETHCrowdfundBase.sol:212
 written member    -> ('SV', 'contracts/crowdfund/ETHCrowdfundBase.sol', 'ETHCrowdfundBase.totalContributions')
 potentially stale -> ('SV', 'contracts/crowdfund/ETHCrowdfundBase.sol', 'ETHCrowdfundBase.maxTotalContributions'), ('SV', 'contracts/crowdfund/ETHCrowdfundBase.sol', 'ETHCrowdfundBase.minContribution')
 reader witnesses  -> 175
 storage exposures -> 1
[MV-SI candidate edeccc111c4f2996773b] {minTotalContributions, totalContributions}
 writer root       -> sol-tests/crowdfund/InitialETHCrowdfund.t.sol::InitialETHCrowdfundTest.test_partyCardTokenURI_whileCrowdfundFinalized()
 writer effect     -> contracts/crowdfund/ETHCrowdfundBase.sol:212
 written member    -> ('SV', 'contracts/crowdfund/ETHCrowdfundBase.sol', 'ETHCrowdfundBase.totalContributions')
 potentially stale -> ('SV', 'contracts/crowdfund/ETHCrowdfundBase.sol', 'ETHCrowdfundBase.minTotalContributions')
 reader witnesses  -> 94
 storage exposures -> 1
[MV-SI candidate edfaff7a6df55262836e] {exchangeRateBps, fundingSplitBps, maxTotalContributions, totalContributions}
 writer root       -> sol-tests/crowdfund/ReraiseETHCrowdfund.t.sol::ReraiseETHCrowdfundTest.test_expiry_won()
 writer effect     -> contracts/crowdfund/ETHCrowdfundBase.sol:212
 written member    -> ('SV', 'contracts/crowdfund/ETHCrowdfundBase.sol', 'ETHCrowdfundBase.totalContributions')
 potentially stale -> ('SV', 'contracts/crowdfund/ETHCrowdfundBase.sol', 'ETHCrowdfundBase.exchangeRateBps'), ('SV', 'contracts/crowdfund/ETHCrowdfundBase.sol', 'ETHCrowdfundBase.fundingSplitBps'), ('SV', 'contracts/crowdfund/ETHCrowdfundBase.sol', 'ETHCrowdfundBase.maxTotalContributions')
 reader witnesses  -> 2849
 storage exposures -> 1
[MV-SI candidate ee13d24357453d460ebf] {_governanceValues, mintedVotingPower}
 writer root       -> contracts/crowdfund/ReraiseETHCrowdfund.sol::ReraiseETHCrowdfund.initialize(ETHCrowdfundBase.ETHCrowdfundOptions)
 writer effect     -> contracts/party/PartyGovernanceNFT.sol:230
 written member    -> ('SV', 'contracts/party/PartyGovernance.sol', 'PartyGovernance._governanceValues')
 potentially stale -> ('SV', 'contracts/party/PartyGovernanceNFT.sol', 'PartyGovernanceNFT.mintedVotingPower')
 reader witnesses  -> 722
 storage exposures -> 1
[MV-SI candidate ee263cb1042cf573d1b4] {_governanceValues, mintedVotingPower}
 writer root       -> sol-tests/crowdfund/InitialETHCrowdfund.t.sol::InitialETHCrowdfundTest.test_contribute_mintNewCard()
 writer effect     -> contracts/party/PartyGovernanceNFT.sol:186
 written member    -> ('SV', 'contracts/party/PartyGovernanceNFT.sol', 'PartyGovernanceNFT.mintedVotingPower')
 potentially stale -> ('SV', 'contracts/party/PartyGovernance.sol', 'PartyGovernance._governanceValues')
 reader witnesses  -> 594
 storage exposures -> 1
[MV-SI candidate ee71227462599589b110] {maxTotalContributions, minContribution, totalContributions}
 writer root       -> sol-tests/crowdfund/ReraiseETHCrowdfund.t.sol::ReraiseETHCrowdfundTest.test_contribute_cannotDelegateToZeroAddress()
 writer effect     -> contracts/crowdfund/ETHCrowdfundBase.sol:226
 written member    -> ('SV', 'contracts/crowdfund/ETHCrowdfundBase.sol', 'ETHCrowdfundBase.totalContributions')
 potentially stale -> ('SV', 'contracts/crowdfund/ETHCrowdfundBase.sol', 'ETHCrowdfundBase.maxTotalContributions'), ('SV', 'contracts/crowdfund/ETHCrowdfundBase.sol', 'ETHCrowdfundBase.minContribution')
 reader witnesses  -> 220
 storage exposures -> 1
[MV-SI candidate ee78ebb4e7b2a1192d2f] {maxTotalContributions, minContribution, totalContributions}
 writer root       -> sol-tests/crowdfund/InitialETHCrowdfund.t.sol::InitialETHCrowdfundTest.test_finalize_belowMinTotalContributions()
 writer effect     -> contracts/crowdfund/ETHCrowdfundBase.sol:226
 written member    -> ('SV', 'contracts/crowdfund/ETHCrowdfundBase.sol', 'ETHCrowdfundBase.totalContributions')
 potentially stale -> ('SV', 'contracts/crowdfund/ETHCrowdfundBase.sol', 'ETHCrowdfundBase.maxTotalContributions'), ('SV', 'contracts/crowdfund/ETHCrowdfundBase.sol', 'ETHCrowdfundBase.minContribution')
 reader witnesses  -> 175
 storage exposures -> 1
[MV-SI candidate ee9eeb41c671b835302c] {maxTotalContributions, minContribution, totalContributions}
 writer root       -> sol-tests/crowdfund/InitialETHCrowdfund.t.sol::InitialETHCrowdfundTest.test_contribute_addVotingPowerToExistingCard()
 writer effect     -> contracts/crowdfund/ETHCrowdfundBase.sol:226
 written member    -> ('SV', 'contracts/crowdfund/ETHCrowdfundBase.sol', 'ETHCrowdfundBase.totalContributions')
 potentially stale -> ('SV', 'contracts/crowdfund/ETHCrowdfundBase.sol', 'ETHCrowdfundBase.maxTotalContributions'), ('SV', 'contracts/crowdfund/ETHCrowdfundBase.sol', 'ETHCrowdfundBase.minContribution')
 reader witnesses  -> 175
 storage exposures -> 1
[MV-SI candidate eed388fffda180acabb0] {maxTotalContributions, minContribution, totalContributions}
 writer root       -> contracts/crowdfund/ReraiseETHCrowdfund.sol::ReraiseETHCrowdfund.contributeFor(address,address,bytes)
 writer effect     -> contracts/crowdfund/ETHCrowdfundBase.sol:226
 written member    -> ('SV', 'contracts/crowdfund/ETHCrowdfundBase.sol', 'ETHCrowdfundBase.totalContributions')
 potentially stale -> ('SV', 'contracts/crowdfund/ETHCrowdfundBase.sol', 'ETHCrowdfundBase.maxTotalContributions'), ('SV', 'contracts/crowdfund/ETHCrowdfundBase.sol', 'ETHCrowdfundBase.minContribution')
 reader witnesses  -> 220
 storage exposures -> 1
[MV-SI candidate eed7d3d245be07774584] {maxTotalContributions, totalContributions}
 writer root       -> sol-tests/crowdfund/ReraiseETHCrowdfund.t.sol::ReraiseETHCrowdfundTest.test_contribute_withFundingSplit()
 writer effect     -> contracts/crowdfund/ETHCrowdfundBase.sol:226
 written member    -> ('SV', 'contracts/crowdfund/ETHCrowdfundBase.sol', 'ETHCrowdfundBase.totalContributions')
 potentially stale -> ('SV', 'contracts/crowdfund/ETHCrowdfundBase.sol', 'ETHCrowdfundBase.maxTotalContributions')
 reader witnesses  -> 324
 storage exposures -> 1
[MV-SI candidate efa19927dcdd3f5a0778] {exchangeRateBps, fundingSplitBps, maxTotalContributions, totalContributions}
 writer root       -> sol-tests/crowdfund/ReraiseETHCrowdfund.t.sol::ReraiseETHCrowdfundTest.test_contribute_belowMinContribution()
 writer effect     -> contracts/crowdfund/ETHCrowdfundBase.sol:226
 written member    -> ('SV', 'contracts/crowdfund/ETHCrowdfundBase.sol', 'ETHCrowdfundBase.totalContributions')
 potentially stale -> ('SV', 'contracts/crowdfund/ETHCrowdfundBase.sol', 'ETHCrowdfundBase.exchangeRateBps'), ('SV', 'contracts/crowdfund/ETHCrowdfundBase.sol', 'ETHCrowdfundBase.fundingSplitBps'), ('SV', 'contracts/crowdfund/ETHCrowdfundBase.sol', 'ETHCrowdfundBase.maxTotalContributions')
 reader witnesses  -> 2849
 storage exposures -> 1
[MV-SI candidate efc640ee4ffda1247204] {maxTotalContributions, minContribution, totalContributions}
 writer root       -> sol-tests/crowdfund/InitialETHCrowdfund.t.sol::InitialETHCrowdfundTest.test_contribute_aboveMaxTotalContribution()
 writer effect     -> contracts/crowdfund/ETHCrowdfundBase.sol:226
 written member    -> ('SV', 'contracts/crowdfund/ETHCrowdfundBase.sol', 'ETHCrowdfundBase.totalContributions')
 potentially stale -> ('SV', 'contracts/crowdfund/ETHCrowdfundBase.sol', 'ETHCrowdfundBase.maxTotalContributions'), ('SV', 'contracts/crowdfund/ETHCrowdfundBase.sol', 'ETHCrowdfundBase.minContribution')
 reader witnesses  -> 175
 storage exposures -> 1
[MV-SI candidate efcc2e36ae4983326c0a] {maxTotalContributions, minContribution, totalContributions}
 writer root       -> sol-tests/crowdfund/InitialETHCrowdfund.t.sol::InitialETHCrowdfundTest.test_batchRefund_works()
 writer effect     -> contracts/crowdfund/ETHCrowdfundBase.sol:212
 written member    -> ('SV', 'contracts/crowdfund/ETHCrowdfundBase.sol', 'ETHCrowdfundBase.totalContributions')
 potentially stale -> ('SV', 'contracts/crowdfund/ETHCrowdfundBase.sol', 'ETHCrowdfundBase.maxTotalContributions'), ('SV', 'contracts/crowdfund/ETHCrowdfundBase.sol', 'ETHCrowdfundBase.minContribution')
 reader witnesses  -> 175
 storage exposures -> 1
[MV-SI candidate f0214a11e73414fed135] {maxTotalContributions, minContribution, totalContributions}
 writer root       -> sol-tests/crowdfund/InitialETHCrowdfund.t.sol::InitialETHCrowdfundTest.test_contributeFor_doesNotUpdateExistingDelegation()
 writer effect     -> contracts/crowdfund/ETHCrowdfundBase.sol:226
 written member    -> ('SV', 'contracts/crowdfund/ETHCrowdfundBase.sol', 'ETHCrowdfundBase.totalContributions')
 potentially stale -> ('SV', 'contracts/crowdfund/ETHCrowdfundBase.sol', 'ETHCrowdfundBase.maxTotalContributions'), ('SV', 'contracts/crowdfund/ETHCrowdfundBase.sol', 'ETHCrowdfundBase.minContribution')
 reader witnesses  -> 175
 storage exposures -> 1
[MV-SI candidate f0fc5920b8c0f5edfacc] {_governanceValues, mintedVotingPower}
 writer root       -> sol-tests/party/PartyGovernanceNFT.t.sol::PartyGovernanceNFTTest.testRageQuit_cannotReenter()
 writer effect     -> contracts/party/PartyGovernanceNFT.sol:258
 written member    -> ('SV', 'contracts/party/PartyGovernance.sol', 'PartyGovernance._governanceValues')
 potentially stale -> ('SV', 'contracts/party/PartyGovernanceNFT.sol', 'PartyGovernanceNFT.mintedVotingPower')
 reader witnesses  -> 722
 storage exposures -> 1
[MV-SI candidate f14a20a14b7e47e9d537] {_governanceValues, isAuthority[$sender]}
 writer root       -> sol-tests/crowdfund/ReraiseETHCrowdfund.t.sol::ReraiseETHCrowdfundTest.test_claim_addVotingPowerToExistingCard()
 writer effect     -> contracts/party/PartyGovernanceNFT.sol:230
 written member    -> ('SV', 'contracts/party/PartyGovernance.sol', 'PartyGovernance._governanceValues')
 potentially stale -> ('MS', 'contracts/party/PartyGovernanceNFT.sol', 'PartyGovernanceNFT.isAuthority', '$sender')
 reader witnesses  -> 183
 storage exposures -> 1
[MV-SI candidate f176be158e458f7c7654] {_governanceValues, votingPowerByTokenId[$arg0]}
 writer root       -> sol-tests/crowdfund/InitialETHCrowdfund.t.sol::InitialETHCrowdfundTest.test_finalize_anyoneCanFinalizeWhenExpired()
 writer effect     -> contracts/party/PartyGovernanceNFT.sol:219
 written member    -> ('MS', 'contracts/party/PartyGovernanceNFT.sol', 'PartyGovernanceNFT.votingPowerByTokenId', '$arg0')
 potentially stale -> ('SV', 'contracts/party/PartyGovernance.sol', 'PartyGovernance._governanceValues')
 reader witnesses  -> 891
 storage exposures -> 1
[MV-SI candidate f1775d43bd374f0e1c20] {_governanceValues, mintedVotingPower}
 writer root       -> sol-tests/crowdfund/ReraiseETHCrowdfund.t.sol::ReraiseETHCrowdfundTest.test_contributeFor_works()
 writer effect     -> contracts/party/PartyGovernanceNFT.sol:230
 written member    -> ('SV', 'contracts/party/PartyGovernance.sol', 'PartyGovernance._governanceValues')
 potentially stale -> ('SV', 'contracts/party/PartyGovernanceNFT.sol', 'PartyGovernanceNFT.mintedVotingPower')
 reader witnesses  -> 722
 storage exposures -> 1
[MV-SI candidate f194ac38c5cce5415f56] {minTotalContributions, totalContributions}
 writer root       -> contracts/crowdfund/ReraiseETHCrowdfund.sol::ReraiseETHCrowdfund.batchContribute(ReraiseETHCrowdfund.BatchContributeArgs)
 writer effect     -> contracts/crowdfund/ETHCrowdfundBase.sol:226
 written member    -> ('SV', 'contracts/crowdfund/ETHCrowdfundBase.sol', 'ETHCrowdfundBase.totalContributions')
 potentially stale -> ('SV', 'contracts/crowdfund/ETHCrowdfundBase.sol', 'ETHCrowdfundBase.minTotalContributions')
 reader witnesses  -> 118
 storage exposures -> 1
[MV-SI candidate f1faa02e379e50a882d9] {_governanceValues, isAuthority[$sender]}
 writer root       -> sol-tests/crowdfund/InitialETHCrowdfund.t.sol::InitialETHCrowdfundTest.test_fundingSplit_contributionAndRefund()
 writer effect     -> contracts/party/PartyGovernanceNFT.sol:258
 written member    -> ('SV', 'contracts/party/PartyGovernance.sol', 'PartyGovernance._governanceValues')
 potentially stale -> ('MS', 'contracts/party/PartyGovernanceNFT.sol', 'PartyGovernanceNFT.isAuthority', '$sender')
 reader witnesses  -> 183
 storage exposures -> 1
[MV-SI candidate f1fe564a9b2c0437f837] {exchangeRateBps, fundingSplitBps, maxTotalContributions, totalContributions}
 writer root       -> sol-tests/crowdfund/ReraiseETHCrowdfund.t.sol::ReraiseETHCrowdfundTest.test_crowdfundCardTokenURI_whileCrowdfundWon()
 writer effect     -> contracts/crowdfund/ETHCrowdfundBase.sol:212
 written member    -> ('SV', 'contracts/crowdfund/ETHCrowdfundBase.sol', 'ETHCrowdfundBase.totalContributions')
 potentially stale -> ('SV', 'contracts/crowdfund/ETHCrowdfundBase.sol', 'ETHCrowdfundBase.exchangeRateBps'), ('SV', 'contracts/crowdfund/ETHCrowdfundBase.sol', 'ETHCrowdfundBase.fundingSplitBps'), ('SV', 'contracts/crowdfund/ETHCrowdfundBase.sol', 'ETHCrowdfundBase.maxTotalContributions')
 reader witnesses  -> 2849
 storage exposures -> 1
[MV-SI candidate f202dea987b77c5c4874] {_governanceValues, mintedVotingPower}
 writer root       -> sol-tests/crowdfund/InitialETHCrowdfund.t.sol::InitialETHCrowdfundTest.test_contribute_addVotingPowerToExistingCard()
 writer effect     -> contracts/party/PartyGovernanceNFT.sol:186
 written member    -> ('SV', 'contracts/party/PartyGovernanceNFT.sol', 'PartyGovernanceNFT.mintedVotingPower')
 potentially stale -> ('SV', 'contracts/party/PartyGovernance.sol', 'PartyGovernance._governanceValues')
 reader witnesses  -> 594
 storage exposures -> 1
[MV-SI candidate f2650062ee149d1aa592] {_governanceValues, mintedVotingPower}
 writer root       -> sol-tests/crowdfund/InitialETHCrowdfund.t.sol::InitialETHCrowdfundTest.test_fundingSplit_contributionAndRefund()
 writer effect     -> contracts/party/PartyGovernanceNFT.sol:258
 written member    -> ('SV', 'contracts/party/PartyGovernance.sol', 'PartyGovernance._governanceValues')
 potentially stale -> ('SV', 'contracts/party/PartyGovernanceNFT.sol', 'PartyGovernanceNFT.mintedVotingPower')
 reader witnesses  -> 722
 storage exposures -> 1
[MV-SI candidate f269a682d4b24f9170b6] {_governanceValues, mintedVotingPower}
 writer root       -> sol-tests/party/PartyGovernanceNFT.t.sol::PartyGovernanceNFTTest.testRageQuit()
 writer effect     -> contracts/party/PartyGovernanceNFT.sol:254
 written member    -> ('SV', 'contracts/party/PartyGovernanceNFT.sol', 'PartyGovernanceNFT.mintedVotingPower')
 potentially stale -> ('SV', 'contracts/party/PartyGovernance.sol', 'PartyGovernance._governanceValues')
 reader witnesses  -> 594
 storage exposures -> 1
[MV-SI candidate f2f8712895bdbe9d7938] {exchangeRateBps, fundingSplitBps, maxTotalContributions, totalContributions}
 writer root       -> sol-tests/crowdfund/InitialETHCrowdfund.t.sol::InitialETHCrowdfundTest.test_initialization_cannotReinitialize()
 writer effect     -> contracts/crowdfund/ETHCrowdfundBase.sol:150
 written member    -> ('SV', 'contracts/crowdfund/ETHCrowdfundBase.sol', 'ETHCrowdfundBase.fundingSplitBps')
 potentially stale -> ('SV', 'contracts/crowdfund/ETHCrowdfundBase.sol', 'ETHCrowdfundBase.exchangeRateBps'), ('SV', 'contracts/crowdfund/ETHCrowdfundBase.sol', 'ETHCrowdfundBase.maxTotalContributions'), ('SV', 'contracts/crowdfund/ETHCrowdfundBase.sol', 'ETHCrowdfundBase.totalContributions')
 reader witnesses  -> 2198
 storage exposures -> 1
[MV-SI candidate f3443495924da9b43b13] {exchangeRateBps, fundingSplitBps, maxTotalContributions, totalContributions}
 writer root       -> sol-tests/crowdfund/ReraiseETHCrowdfund.t.sol::ReraiseETHCrowdfundTest.test_finalize_anyoneCanFinalizeWhenExpired()
 writer effect     -> contracts/crowdfund/ETHCrowdfundBase.sol:212
 written member    -> ('SV', 'contracts/crowdfund/ETHCrowdfundBase.sol', 'ETHCrowdfundBase.totalContributions')
 potentially stale -> ('SV', 'contracts/crowdfund/ETHCrowdfundBase.sol', 'ETHCrowdfundBase.exchangeRateBps'), ('SV', 'contracts/crowdfund/ETHCrowdfundBase.sol', 'ETHCrowdfundBase.fundingSplitBps'), ('SV', 'contracts/crowdfund/ETHCrowdfundBase.sol', 'ETHCrowdfundBase.maxTotalContributions')
 reader witnesses  -> 2849
 storage exposures -> 1
[MV-SI candidate f35a1742c55d30a62964] {_governanceValues, mintedVotingPower}
 writer root       -> sol-tests/crowdfund/InitialETHCrowdfund.t.sol::InitialETHCrowdfundTest.test_refund_twice()
 writer effect     -> contracts/party/PartyGovernanceNFT.sol:230
 written member    -> ('SV', 'contracts/party/PartyGovernance.sol', 'PartyGovernance._governanceValues')
 potentially stale -> ('SV', 'contracts/party/PartyGovernanceNFT.sol', 'PartyGovernanceNFT.mintedVotingPower')
 reader witnesses  -> 722
 storage exposures -> 1
[MV-SI candidate f3e9c6b1d50c4e261623] {exchangeRateBps, fundingSplitBps, maxTotalContributions, totalContributions}
 writer root       -> sol-tests/crowdfund/ReraiseETHCrowdfund.t.sol::ReraiseETHCrowdfundTest.test_finalize_anyoneCanFinalizeWhenExpired()
 writer effect     -> contracts/crowdfund/ETHCrowdfundBase.sol:226
 written member    -> ('SV', 'contracts/crowdfund/ETHCrowdfundBase.sol', 'ETHCrowdfundBase.totalContributions')
 potentially stale -> ('SV', 'contracts/crowdfund/ETHCrowdfundBase.sol', 'ETHCrowdfundBase.exchangeRateBps'), ('SV', 'contracts/crowdfund/ETHCrowdfundBase.sol', 'ETHCrowdfundBase.fundingSplitBps'), ('SV', 'contracts/crowdfund/ETHCrowdfundBase.sol', 'ETHCrowdfundBase.maxTotalContributions')
 reader witnesses  -> 2849
 storage exposures -> 1
[MV-SI candidate f4315e65466da1752f1f] {maxTotalContributions, minContribution, totalContributions}
 writer root       -> sol-tests/crowdfund/ReraiseETHCrowdfund.t.sol::ReraiseETHCrowdfundTest.test_crowdfundCardTokenURI_whileCrowdfundActive()
 writer effect     -> contracts/crowdfund/ETHCrowdfundBase.sol:226
 written member    -> ('SV', 'contracts/crowdfund/ETHCrowdfundBase.sol', 'ETHCrowdfundBase.totalContributions')
 potentially stale -> ('SV', 'contracts/crowdfund/ETHCrowdfundBase.sol', 'ETHCrowdfundBase.maxTotalContributions'), ('SV', 'contracts/crowdfund/ETHCrowdfundBase.sol', 'ETHCrowdfundBase.minContribution')
 reader witnesses  -> 220
 storage exposures -> 1
[MV-SI candidate f4666ea08c05bab919f6] {_governanceValues, mintedVotingPower}
 writer root       -> sol-tests/crowdfund/InitialETHCrowdfund.t.sol::InitialETHCrowdfundTest.test_refund_notLost()
 writer effect     -> contracts/party/PartyGovernanceNFT.sol:218
 written member    -> ('SV', 'contracts/party/PartyGovernanceNFT.sol', 'PartyGovernanceNFT.mintedVotingPower')
 potentially stale -> ('SV', 'contracts/party/PartyGovernance.sol', 'PartyGovernance._governanceValues')
 reader witnesses  -> 594
 storage exposures -> 1
[MV-SI candidate f4825a659212109d5736] {_governanceValues, mintedVotingPower}
 writer root       -> sol-tests/crowdfund/ReraiseETHCrowdfund.t.sol::ReraiseETHCrowdfundTest.test_batchClaimMultiple_works()
 writer effect     -> contracts/party/PartyGovernanceNFT.sol:230
 written member    -> ('SV', 'contracts/party/PartyGovernance.sol', 'PartyGovernance._governanceValues')
 potentially stale -> ('SV', 'contracts/party/PartyGovernanceNFT.sol', 'PartyGovernanceNFT.mintedVotingPower')
 reader witnesses  -> 722
 storage exposures -> 1
[MV-SI candidate f4a9a9304ad11cc29346] {_governanceValues, votingPowerByTokenId[$arg0]}
 writer root       -> sol-tests/crowdfund/InitialETHCrowdfund.t.sol::InitialETHCrowdfundTest.test_refund_notLost()
 writer effect     -> contracts/party/PartyGovernanceNFT.sol:258
 written member    -> ('SV', 'contracts/party/PartyGovernance.sol', 'PartyGovernance._governanceValues')
 potentially stale -> ('MS', 'contracts/party/PartyGovernanceNFT.sol', 'PartyGovernanceNFT.votingPowerByTokenId', '$arg0')
 reader witnesses  -> 249
 storage exposures -> 1
[MV-SI candidate f4de2bdf608b5eaca70d] {minTotalContributions, totalContributions}
 writer root       -> sol-tests/crowdfund/InitialETHCrowdfund.t.sol::InitialETHCrowdfundTest.test_partyCardTokenURI_whileCrowdfundLost()
 writer effect     -> contracts/crowdfund/ETHCrowdfundBase.sol:226
 written member    -> ('SV', 'contracts/crowdfund/ETHCrowdfundBase.sol', 'ETHCrowdfundBase.totalContributions')
 potentially stale -> ('SV', 'contracts/crowdfund/ETHCrowdfundBase.sol', 'ETHCrowdfundBase.minTotalContributions')
 reader witnesses  -> 94
 storage exposures -> 1
[MV-SI candidate f522bba0a8a533b70705] {_governanceValues, isAuthority[$sender]}
 writer root       -> sol-tests/crowdfund/InitialETHCrowdfund.t.sol::InitialETHCrowdfundTest.test_contribute_belowMinContribution()
 writer effect     -> contracts/party/PartyGovernanceNFT.sol:230
 written member    -> ('SV', 'contracts/party/PartyGovernance.sol', 'PartyGovernance._governanceValues')
 potentially stale -> ('MS', 'contracts/party/PartyGovernanceNFT.sol', 'PartyGovernanceNFT.isAuthority', '$sender')
 reader witnesses  -> 183
 storage exposures -> 1
[MV-SI candidate f57539beabe9c993cd11] {_governanceValues, mintedVotingPower}
 writer root       -> sol-tests/crowdfund/InitialETHCrowdfund.t.sol::InitialETHCrowdfundTest.test_batchRefund_works()
 writer effect     -> contracts/party/PartyGovernanceNFT.sol:218
 written member    -> ('SV', 'contracts/party/PartyGovernanceNFT.sol', 'PartyGovernanceNFT.mintedVotingPower')
 potentially stale -> ('SV', 'contracts/party/PartyGovernance.sol', 'PartyGovernance._governanceValues')
 reader witnesses  -> 594
 storage exposures -> 1
[MV-SI candidate f5b41f61e8f61674cd55] {minTotalContributions, totalContributions}
 writer root       -> sol-tests/crowdfund/InitialETHCrowdfund.t.sol::InitialETHCrowdfundTest.test_partyCardTokenURI_whileCrowdfundActive()
 writer effect     -> contracts/crowdfund/ETHCrowdfundBase.sol:212
 written member    -> ('SV', 'contracts/crowdfund/ETHCrowdfundBase.sol', 'ETHCrowdfundBase.totalContributions')
 potentially stale -> ('SV', 'contracts/crowdfund/ETHCrowdfundBase.sol', 'ETHCrowdfundBase.minTotalContributions')
 reader witnesses  -> 94
 storage exposures -> 1
[MV-SI candidate f5d01f57168d0fd0d0a6] {_governanceValues, mintedVotingPower}
 writer root       -> sol-tests/crowdfund/InitialETHCrowdfund.t.sol::InitialETHCrowdfundTest.test_finalize_anyoneCanFinalizeWhenExpired()
 writer effect     -> contracts/party/PartyGovernanceNFT.sol:230
 written member    -> ('SV', 'contracts/party/PartyGovernance.sol', 'PartyGovernance._governanceValues')
 potentially stale -> ('SV', 'contracts/party/PartyGovernanceNFT.sol', 'PartyGovernanceNFT.mintedVotingPower')
 reader witnesses  -> 722
 storage exposures -> 1
[MV-SI candidate f60c1cc73d0886ab1590] {minTotalContributions, totalContributions}
 writer root       -> sol-tests/crowdfund/ReraiseETHCrowdfund.t.sol::ReraiseETHCrowdfundTest.test_claim_addVotingPowerToExistingCard()
 writer effect     -> contracts/crowdfund/ETHCrowdfundBase.sol:226
 written member    -> ('SV', 'contracts/crowdfund/ETHCrowdfundBase.sol', 'ETHCrowdfundBase.totalContributions')
 potentially stale -> ('SV', 'contracts/crowdfund/ETHCrowdfundBase.sol', 'ETHCrowdfundBase.minTotalContributions')
 reader witnesses  -> 118
 storage exposures -> 1
[MV-SI candidate f6298a9a55e69118ead3] {maxTotalContributions, minContribution, totalContributions}
 writer root       -> sol-tests/crowdfund/ReraiseETHCrowdfund.t.sol::ReraiseETHCrowdfundTest.test_contribute_works()
 writer effect     -> contracts/crowdfund/ETHCrowdfundBase.sol:212
 written member    -> ('SV', 'contracts/crowdfund/ETHCrowdfundBase.sol', 'ETHCrowdfundBase.totalContributions')
 potentially stale -> ('SV', 'contracts/crowdfund/ETHCrowdfundBase.sol', 'ETHCrowdfundBase.maxTotalContributions'), ('SV', 'contracts/crowdfund/ETHCrowdfundBase.sol', 'ETHCrowdfundBase.minContribution')
 reader witnesses  -> 220
 storage exposures -> 1
[MV-SI candidate f663557f662bc1ba9c28] {maxTotalContributions, minContribution, totalContributions}
 writer root       -> sol-tests/crowdfund/ReraiseETHCrowdfund.t.sol::ReraiseETHCrowdfundTest.test_expiry_won()
 writer effect     -> contracts/crowdfund/ETHCrowdfundBase.sol:212
 written member    -> ('SV', 'contracts/crowdfund/ETHCrowdfundBase.sol', 'ETHCrowdfundBase.totalContributions')
 potentially stale -> ('SV', 'contracts/crowdfund/ETHCrowdfundBase.sol', 'ETHCrowdfundBase.maxTotalContributions'), ('SV', 'contracts/crowdfund/ETHCrowdfundBase.sol', 'ETHCrowdfundBase.minContribution')
 reader witnesses  -> 220
 storage exposures -> 1
[MV-SI candidate f6e532c46c573e66e2a7] {_governanceValues, mintedVotingPower}
 writer root       -> sol-tests/crowdfund/InitialETHCrowdfund.t.sol::InitialETHCrowdfundTest.test_contribute_noContribution()
 writer effect     -> contracts/party/PartyGovernanceNFT.sol:218
 written member    -> ('SV', 'contracts/party/PartyGovernanceNFT.sol', 'PartyGovernanceNFT.mintedVotingPower')
 potentially stale -> ('SV', 'contracts/party/PartyGovernance.sol', 'PartyGovernance._governanceValues')
 reader witnesses  -> 594
 storage exposures -> 1
[MV-SI candidate f6e930c34abe0a88bd27] {_governanceValues, votingPowerByTokenId[$arg0]}
 writer root       -> sol-tests/crowdfund/ReraiseETHCrowdfund.t.sol::ReraiseETHCrowdfundTest.test_claimMultiple_works()
 writer effect     -> contracts/party/PartyGovernanceNFT.sol:230
 written member    -> ('SV', 'contracts/party/PartyGovernance.sol', 'PartyGovernance._governanceValues')
 potentially stale -> ('MS', 'contracts/party/PartyGovernanceNFT.sol', 'PartyGovernanceNFT.votingPowerByTokenId', '$arg0')
 reader witnesses  -> 249
 storage exposures -> 1
[MV-SI candidate f6ebb837604393cf0e5f] {_governanceValues, isAuthority[$sender]}
 writer root       -> sol-tests/crowdfund/InitialETHCrowdfund.t.sol::InitialETHCrowdfundTest.test_refund_twice()
 writer effect     -> contracts/party/PartyGovernanceNFT.sol:230
 written member    -> ('SV', 'contracts/party/PartyGovernance.sol', 'PartyGovernance._governanceValues')
 potentially stale -> ('MS', 'contracts/party/PartyGovernanceNFT.sol', 'PartyGovernanceNFT.isAuthority', '$sender')
 reader witnesses  -> 183
 storage exposures -> 1
[MV-SI candidate f6f16a4a53bfca6d140d] {maxTotalContributions, minContribution, totalContributions}
 writer root       -> sol-tests/crowdfund/ReraiseETHCrowdfund.t.sol::ReraiseETHCrowdfundTest.test_crowdfundCardTokenURI_whileCrowdfundLost()
 writer effect     -> contracts/crowdfund/ETHCrowdfundBase.sol:226
 written member    -> ('SV', 'contracts/crowdfund/ETHCrowdfundBase.sol', 'ETHCrowdfundBase.totalContributions')
 potentially stale -> ('SV', 'contracts/crowdfund/ETHCrowdfundBase.sol', 'ETHCrowdfundBase.maxTotalContributions'), ('SV', 'contracts/crowdfund/ETHCrowdfundBase.sol', 'ETHCrowdfundBase.minContribution')
 reader witnesses  -> 220
 storage exposures -> 1
[MV-SI candidate f706348512e99d0284d5] {exchangeRateBps, fundingSplitBps, maxTotalContributions, totalContributions}
 writer root       -> sol-tests/crowdfund/ReraiseETHCrowdfund.t.sol::ReraiseETHCrowdfundTest.test_contribute_twiceDoesNotMintAnotherCrowdfundNFT()
 writer effect     -> contracts/crowdfund/ETHCrowdfundBase.sol:212
 written member    -> ('SV', 'contracts/crowdfund/ETHCrowdfundBase.sol', 'ETHCrowdfundBase.totalContributions')
 potentially stale -> ('SV', 'contracts/crowdfund/ETHCrowdfundBase.sol', 'ETHCrowdfundBase.exchangeRateBps'), ('SV', 'contracts/crowdfund/ETHCrowdfundBase.sol', 'ETHCrowdfundBase.fundingSplitBps'), ('SV', 'contracts/crowdfund/ETHCrowdfundBase.sol', 'ETHCrowdfundBase.maxTotalContributions')
 reader witnesses  -> 2849
 storage exposures -> 1
[MV-SI candidate f74a8b73d4089327b76e] {maxTotalContributions, totalContributions}
 writer root       -> contracts/crowdfund/InitialETHCrowdfund.sol::InitialETHCrowdfund.contributeFor(uint256,address,address,bytes)
 writer effect     -> contracts/crowdfund/ETHCrowdfundBase.sol:226
 written member    -> ('SV', 'contracts/crowdfund/ETHCrowdfundBase.sol', 'ETHCrowdfundBase.totalContributions')
 potentially stale -> ('SV', 'contracts/crowdfund/ETHCrowdfundBase.sol', 'ETHCrowdfundBase.maxTotalContributions')
 reader witnesses  -> 264
 storage exposures -> 1
[MV-SI candidate f7558abb9e5ede6616ff] {maxTotalContributions, minContribution, totalContributions}
 writer root       -> contracts/crowdfund/InitialETHCrowdfund.sol::InitialETHCrowdfund.initialize(InitialETHCrowdfund.InitialETHCrowdfundOptions,InitialETHCrowdfund.ETHPartyOptions)
 writer effect     -> contracts/crowdfund/ETHCrowdfundBase.sol:127
 written member    -> ('SV', 'contracts/crowdfund/ETHCrowdfundBase.sol', 'ETHCrowdfundBase.minContribution')
 potentially stale -> ('SV', 'contracts/crowdfund/ETHCrowdfundBase.sol', 'ETHCrowdfundBase.maxTotalContributions'), ('SV', 'contracts/crowdfund/ETHCrowdfundBase.sol', 'ETHCrowdfundBase.totalContributions')
 reader witnesses  -> 222
 storage exposures -> 1
[MV-SI candidate f7738fa94f35cd741e4d] {_governanceValues, mintedVotingPower}
 writer root       -> sol-tests/crowdfund/ReraiseETHCrowdfund.t.sol::ReraiseETHCrowdfundTest.test_contribute_cannotDelegateToZeroAddress()
 writer effect     -> contracts/party/PartyGovernanceNFT.sol:230
 written member    -> ('SV', 'contracts/party/PartyGovernance.sol', 'PartyGovernance._governanceValues')
 potentially stale -> ('SV', 'contracts/party/PartyGovernanceNFT.sol', 'PartyGovernanceNFT.mintedVotingPower')
 reader witnesses  -> 722
 storage exposures -> 1
[MV-SI candidate f7dfa35a758a30b77b77] {_governanceValues, votingPowerByTokenId[$arg0]}
 writer root       -> sol-tests/crowdfund/ReraiseETHCrowdfund.t.sol::ReraiseETHCrowdfundTest.test_contribute_twiceDoesNotMintAnotherCrowdfundNFT()
 writer effect     -> contracts/party/PartyGovernanceNFT.sol:230
 written member    -> ('SV', 'contracts/party/PartyGovernance.sol', 'PartyGovernance._governanceValues')
 potentially stale -> ('MS', 'contracts/party/PartyGovernanceNFT.sol', 'PartyGovernanceNFT.votingPowerByTokenId', '$arg0')
 reader witnesses  -> 249
 storage exposures -> 1
[MV-SI candidate f7f5f4e1f978ab620b28] {maxTotalContributions, minContribution, totalContributions}
 writer root       -> sol-tests/crowdfund/InitialETHCrowdfund.t.sol::InitialETHCrowdfundTest.test_sendFundingSplit_cannotSendTwice()
 writer effect     -> contracts/crowdfund/ETHCrowdfundBase.sol:212
 written member    -> ('SV', 'contracts/crowdfund/ETHCrowdfundBase.sol', 'ETHCrowdfundBase.totalContributions')
 potentially stale -> ('SV', 'contracts/crowdfund/ETHCrowdfundBase.sol', 'ETHCrowdfundBase.maxTotalContributions'), ('SV', 'contracts/crowdfund/ETHCrowdfundBase.sol', 'ETHCrowdfundBase.minContribution')
 reader witnesses  -> 175
 storage exposures -> 1
[MV-SI candidate f8247b14a2f322f3db31] {exchangeRateBps, fundingSplitBps, maxTotalContributions, totalContributions}
 writer root       -> sol-tests/crowdfund/ReraiseETHCrowdfund.t.sol::ReraiseETHCrowdfundTest.test_finalize_withFundingSplit()
 writer effect     -> contracts/crowdfund/ETHCrowdfundBase.sol:212
 written member    -> ('SV', 'contracts/crowdfund/ETHCrowdfundBase.sol', 'ETHCrowdfundBase.totalContributions')
 potentially stale -> ('SV', 'contracts/crowdfund/ETHCrowdfundBase.sol', 'ETHCrowdfundBase.exchangeRateBps'), ('SV', 'contracts/crowdfund/ETHCrowdfundBase.sol', 'ETHCrowdfundBase.fundingSplitBps'), ('SV', 'contracts/crowdfund/ETHCrowdfundBase.sol', 'ETHCrowdfundBase.maxTotalContributions')
 reader witnesses  -> 2849
 storage exposures -> 1
[MV-SI candidate f839e686bdd126ab092e] {maxTotalContributions, totalContributions}
 writer root       -> sol-tests/crowdfund/InitialETHCrowdfund.t.sol::InitialETHCrowdfundTest.test_contribute_aboveMaxContribution()
 writer effect     -> contracts/crowdfund/ETHCrowdfundBase.sol:226
 written member    -> ('SV', 'contracts/crowdfund/ETHCrowdfundBase.sol', 'ETHCrowdfundBase.totalContributions')
 potentially stale -> ('SV', 'contracts/crowdfund/ETHCrowdfundBase.sol', 'ETHCrowdfundBase.maxTotalContributions')
 reader witnesses  -> 264
 storage exposures -> 1
[MV-SI candidate f83a79a7387737f10210] {_governanceValues, votingPowerByTokenId[$arg0]}
 writer root       -> sol-tests/crowdfund/InitialETHCrowdfund.t.sol::InitialETHCrowdfundTest.test_contribute_noContribution()
 writer effect     -> contracts/party/PartyGovernanceNFT.sol:230
 written member    -> ('SV', 'contracts/party/PartyGovernance.sol', 'PartyGovernance._governanceValues')
 potentially stale -> ('MS', 'contracts/party/PartyGovernanceNFT.sol', 'PartyGovernanceNFT.votingPowerByTokenId', '$arg0')
 reader witnesses  -> 249
 storage exposures -> 1
[MV-SI candidate f84966add058493e43fc] {exchangeRateBps, fundingSplitBps, maxTotalContributions, totalContributions}
 writer root       -> sol-tests/crowdfund/InitialETHCrowdfund.t.sol::InitialETHCrowdfundTest.test_contribute_mintNewCard_withDisableContributingForExistingCard()
 writer effect     -> contracts/crowdfund/ETHCrowdfundBase.sol:226
 written member    -> ('SV', 'contracts/crowdfund/ETHCrowdfundBase.sol', 'ETHCrowdfundBase.totalContributions')
 potentially stale -> ('SV', 'contracts/crowdfund/ETHCrowdfundBase.sol', 'ETHCrowdfundBase.exchangeRateBps'), ('SV', 'contracts/crowdfund/ETHCrowdfundBase.sol', 'ETHCrowdfundBase.fundingSplitBps'), ('SV', 'contracts/crowdfund/ETHCrowdfundBase.sol', 'ETHCrowdfundBase.maxTotalContributions')
 reader witnesses  -> 2219
 storage exposures -> 1
[MV-SI candidate f84a6e993f7f0997967b] {maxTotalContributions, minContribution, totalContributions}
 writer root       -> sol-tests/crowdfund/InitialETHCrowdfund.t.sol::InitialETHCrowdfundTest.test_refund_works()
 writer effect     -> contracts/crowdfund/ETHCrowdfundBase.sol:226
 written member    -> ('SV', 'contracts/crowdfund/ETHCrowdfundBase.sol', 'ETHCrowdfundBase.totalContributions')
 potentially stale -> ('SV', 'contracts/crowdfund/ETHCrowdfundBase.sol', 'ETHCrowdfundBase.maxTotalContributions'), ('SV', 'contracts/crowdfund/ETHCrowdfundBase.sol', 'ETHCrowdfundBase.minContribution')
 reader witnesses  -> 175
 storage exposures -> 1
[MV-SI candidate f85b271d53f85e49fd8e] {maxTotalContributions, minContribution, totalContributions}
 writer root       -> sol-tests/crowdfund/ReraiseETHCrowdfund.t.sol::ReraiseETHCrowdfundTest.test_claimMultiple_cannotHaveRemainingVotingPowerAfterClaim()
 writer effect     -> contracts/crowdfund/ETHCrowdfundBase.sol:226
 written member    -> ('SV', 'contracts/crowdfund/ETHCrowdfundBase.sol', 'ETHCrowdfundBase.totalContributions')
 potentially stale -> ('SV', 'contracts/crowdfund/ETHCrowdfundBase.sol', 'ETHCrowdfundBase.maxTotalContributions'), ('SV', 'contracts/crowdfund/ETHCrowdfundBase.sol', 'ETHCrowdfundBase.minContribution')
 reader witnesses  -> 220
 storage exposures -> 1
[MV-SI candidate f86b18c28733de23143c] {_governanceValues, votingPowerByTokenId[$arg0]}
 writer root       -> sol-tests/crowdfund/InitialETHCrowdfund.t.sol::InitialETHCrowdfundTest.test_contribute_mintNewCard_withDisableContributingForExistingCard()
 writer effect     -> contracts/party/PartyGovernanceNFT.sol:230
 written member    -> ('SV', 'contracts/party/PartyGovernance.sol', 'PartyGovernance._governanceValues')
 potentially stale -> ('MS', 'contracts/party/PartyGovernanceNFT.sol', 'PartyGovernanceNFT.votingPowerByTokenId', '$arg0')
 reader witnesses  -> 249
 storage exposures -> 1
[MV-SI candidate f903a829e5724e838fc3] {maxTotalContributions, totalContributions}
 writer root       -> sol-tests/crowdfund/ReraiseETHCrowdfund.t.sol::ReraiseETHCrowdfundTest.test_finalize_onlyHostCanFinalizeEarlyWhenActive()
 writer effect     -> contracts/crowdfund/ETHCrowdfundBase.sol:212
 written member    -> ('SV', 'contracts/crowdfund/ETHCrowdfundBase.sol', 'ETHCrowdfundBase.totalContributions')
 potentially stale -> ('SV', 'contracts/crowdfund/ETHCrowdfundBase.sol', 'ETHCrowdfundBase.maxTotalContributions')
 reader witnesses  -> 324
 storage exposures -> 1
[MV-SI candidate f92274b4cbcab1a554a8] {minTotalContributions, totalContributions}
 writer root       -> sol-tests/crowdfund/InitialETHCrowdfund.t.sol::InitialETHCrowdfundTest.test_initialization_cannotReinitialize()
 writer effect     -> contracts/crowdfund/ETHCrowdfundBase.sol:212
 written member    -> ('SV', 'contracts/crowdfund/ETHCrowdfundBase.sol', 'ETHCrowdfundBase.totalContributions')
 potentially stale -> ('SV', 'contracts/crowdfund/ETHCrowdfundBase.sol', 'ETHCrowdfundBase.minTotalContributions')
 reader witnesses  -> 94
 storage exposures -> 1
[MV-SI candidate f92ff90478ee4e7be1d9] {_governanceValues, votingPowerByTokenId[$arg0]}
 writer root       -> sol-tests/party/PartyGovernanceNFT.t.sol::PartyGovernanceNFTTest.testBurn_revertsIfNotCalledByOwnerOrApproved()
 writer effect     -> contracts/party/PartyGovernanceNFT.sol:258
 written member    -> ('SV', 'contracts/party/PartyGovernance.sol', 'PartyGovernance._governanceValues')
 potentially stale -> ('MS', 'contracts/party/PartyGovernanceNFT.sol', 'PartyGovernanceNFT.votingPowerByTokenId', '$arg0')
 reader witnesses  -> 249
 storage exposures -> 1
[MV-SI candidate f9524c1d53d826d457af] {maxTotalContributions, minContribution, totalContributions}
 writer root       -> sol-tests/crowdfund/InitialETHCrowdfund.t.sol::InitialETHCrowdfundTest.test_partyCardTokenURI_whileCrowdfundWon()
 writer effect     -> contracts/crowdfund/ETHCrowdfundBase.sol:212
 written member    -> ('SV', 'contracts/crowdfund/ETHCrowdfundBase.sol', 'ETHCrowdfundBase.totalContributions')
 potentially stale -> ('SV', 'contracts/crowdfund/ETHCrowdfundBase.sol', 'ETHCrowdfundBase.maxTotalContributions'), ('SV', 'contracts/crowdfund/ETHCrowdfundBase.sol', 'ETHCrowdfundBase.minContribution')
 reader witnesses  -> 175
 storage exposures -> 1
[MV-SI candidate f96e9ceb009bcb44108f] {maxTotalContributions, totalContributions}
 writer root       -> sol-tests/crowdfund/ReraiseETHCrowdfund.t.sol::ReraiseETHCrowdfundTest.test_contribute_aboveMaxTotalContributionWhenWhenContributionBelowMinContributionAfterRefund()
 writer effect     -> contracts/crowdfund/ETHCrowdfundBase.sol:226
 written member    -> ('SV', 'contracts/crowdfund/ETHCrowdfundBase.sol', 'ETHCrowdfundBase.totalContributions')
 potentially stale -> ('SV', 'contracts/crowdfund/ETHCrowdfundBase.sol', 'ETHCrowdfundBase.maxTotalContributions')
 reader witnesses  -> 324
 storage exposures -> 1
[MV-SI candidate f99445160139b0639d76] {_governanceValues, votingPowerByTokenId[$arg0]}
 writer root       -> sol-tests/crowdfund/InitialETHCrowdfund.t.sol::InitialETHCrowdfundTest.test_partyCardTokenURI_whileCrowdfundWon()
 writer effect     -> contracts/party/PartyGovernanceNFT.sol:219
 written member    -> ('MS', 'contracts/party/PartyGovernanceNFT.sol', 'PartyGovernanceNFT.votingPowerByTokenId', '$arg0')
 potentially stale -> ('SV', 'contracts/party/PartyGovernance.sol', 'PartyGovernance._governanceValues')
 reader witnesses  -> 891
 storage exposures -> 1
[MV-SI candidate fa0e6bdcbee27cf81d52] {exchangeRateBps, fundingSplitBps, maxTotalContributions, totalContributions}
 writer root       -> sol-tests/crowdfund/InitialETHCrowdfund.t.sol::InitialETHCrowdfundTest.test_partyCardTokenURI_whileCrowdfundActive()
 writer effect     -> contracts/crowdfund/ETHCrowdfundBase.sol:226
 written member    -> ('SV', 'contracts/crowdfund/ETHCrowdfundBase.sol', 'ETHCrowdfundBase.totalContributions')
 potentially stale -> ('SV', 'contracts/crowdfund/ETHCrowdfundBase.sol', 'ETHCrowdfundBase.exchangeRateBps'), ('SV', 'contracts/crowdfund/ETHCrowdfundBase.sol', 'ETHCrowdfundBase.fundingSplitBps'), ('SV', 'contracts/crowdfund/ETHCrowdfundBase.sol', 'ETHCrowdfundBase.maxTotalContributions')
 reader witnesses  -> 2219
 storage exposures -> 1
[MV-SI candidate fa112f27d3bcaa757794] {_governanceValues, votingPowerByTokenId[$arg0]}
 writer root       -> sol-tests/crowdfund/InitialETHCrowdfund.t.sol::InitialETHCrowdfundTest.test_refund_works()
 writer effect     -> contracts/party/PartyGovernanceNFT.sol:219
 written member    -> ('MS', 'contracts/party/PartyGovernanceNFT.sol', 'PartyGovernanceNFT.votingPowerByTokenId', '$arg0')
 potentially stale -> ('SV', 'contracts/party/PartyGovernance.sol', 'PartyGovernance._governanceValues')
 reader witnesses  -> 891
 storage exposures -> 1
[MV-SI candidate fa4fc547570780d924b8] {_governanceValues, isAuthority[$sender]}
 writer root       -> sol-tests/crowdfund/InitialETHCrowdfund.t.sol::InitialETHCrowdfundTest.test_refund_twice()
 writer effect     -> contracts/party/PartyGovernanceNFT.sol:258
 written member    -> ('SV', 'contracts/party/PartyGovernance.sol', 'PartyGovernance._governanceValues')
 potentially stale -> ('MS', 'contracts/party/PartyGovernanceNFT.sol', 'PartyGovernanceNFT.isAuthority', '$sender')
 reader witnesses  -> 183
 storage exposures -> 1
[MV-SI candidate faa7613215e1954dc4a2] {maxTotalContributions, minContribution, totalContributions}
 writer root       -> sol-tests/crowdfund/InitialETHCrowdfund.t.sol::InitialETHCrowdfundTest.test_contributeFor_works()
 writer effect     -> contracts/crowdfund/ETHCrowdfundBase.sol:212
 written member    -> ('SV', 'contracts/crowdfund/ETHCrowdfundBase.sol', 'ETHCrowdfundBase.totalContributions')
 potentially stale -> ('SV', 'contracts/crowdfund/ETHCrowdfundBase.sol', 'ETHCrowdfundBase.maxTotalContributions'), ('SV', 'contracts/crowdfund/ETHCrowdfundBase.sol', 'ETHCrowdfundBase.minContribution')
 reader witnesses  -> 175
 storage exposures -> 1
[MV-SI candidate facb0f668e4ffe64db62] {exchangeRateBps, fundingSplitBps, maxTotalContributions, totalContributions}
 writer root       -> sol-tests/crowdfund/InitialETHCrowdfund.t.sol::InitialETHCrowdfundTest.test_contributeFor_works()
 writer effect     -> contracts/crowdfund/ETHCrowdfundBase.sol:212
 written member    -> ('SV', 'contracts/crowdfund/ETHCrowdfundBase.sol', 'ETHCrowdfundBase.totalContributions')
 potentially stale -> ('SV', 'contracts/crowdfund/ETHCrowdfundBase.sol', 'ETHCrowdfundBase.exchangeRateBps'), ('SV', 'contracts/crowdfund/ETHCrowdfundBase.sol', 'ETHCrowdfundBase.fundingSplitBps'), ('SV', 'contracts/crowdfund/ETHCrowdfundBase.sol', 'ETHCrowdfundBase.maxTotalContributions')
 reader witnesses  -> 2219
 storage exposures -> 1
[MV-SI candidate fad8dd693e681349189d] {_governanceValues, mintedVotingPower}
 writer root       -> sol-tests/crowdfund/InitialETHCrowdfund.t.sol::InitialETHCrowdfundTest.test_initialization_cannotReinitialize()
 writer effect     -> contracts/party/PartyGovernanceNFT.sol:230
 written member    -> ('SV', 'contracts/party/PartyGovernance.sol', 'PartyGovernance._governanceValues')
 potentially stale -> ('SV', 'contracts/party/PartyGovernanceNFT.sol', 'PartyGovernanceNFT.mintedVotingPower')
 reader witnesses  -> 722
 storage exposures -> 1
[MV-SI candidate fae1056b59809f1946d6] {maxTotalContributions, totalContributions}
 writer root       -> sol-tests/crowdfund/ReraiseETHCrowdfund.t.sol::ReraiseETHCrowdfundTest.test_contribute_noVotingPower()
 writer effect     -> contracts/crowdfund/ETHCrowdfundBase.sol:212
 written member    -> ('SV', 'contracts/crowdfund/ETHCrowdfundBase.sol', 'ETHCrowdfundBase.totalContributions')
 potentially stale -> ('SV', 'contracts/crowdfund/ETHCrowdfundBase.sol', 'ETHCrowdfundBase.maxTotalContributions')
 reader witnesses  -> 324
 storage exposures -> 1
[MV-SI candidate fb4be2d9d35c8a630b92] {_governanceValues, isAuthority[$sender]}
 writer root       -> sol-tests/crowdfund/ReraiseETHCrowdfund.t.sol::ReraiseETHCrowdfundTest.test_claim_mintNewCard_withDisableContributingForExistingCard()
 writer effect     -> contracts/party/PartyGovernanceNFT.sol:230
 written member    -> ('SV', 'contracts/party/PartyGovernance.sol', 'PartyGovernance._governanceValues')
 potentially stale -> ('MS', 'contracts/party/PartyGovernanceNFT.sol', 'PartyGovernanceNFT.isAuthority', '$sender')
 reader witnesses  -> 183
 storage exposures -> 1
[MV-SI candidate fb5f994c795f584f1c1d] {_governanceValues, votingPowerByTokenId[$arg0]}
 writer root       -> sol-tests/crowdfund/ReraiseETHCrowdfund.t.sol::ReraiseETHCrowdfundTest.test_finalize_onlyHostCanFinalizeEarlyWhenActive()
 writer effect     -> contracts/party/PartyGovernanceNFT.sol:230
 written member    -> ('SV', 'contracts/party/PartyGovernance.sol', 'PartyGovernance._governanceValues')
 potentially stale -> ('MS', 'contracts/party/PartyGovernanceNFT.sol', 'PartyGovernanceNFT.votingPowerByTokenId', '$arg0')
 reader witnesses  -> 249
 storage exposures -> 1
[MV-SI candidate fb69947d71b9f061372d] {exchangeRateBps, fundingSplitBps, maxTotalContributions, totalContributions}
 writer root       -> sol-tests/crowdfund/ReraiseETHCrowdfund.t.sol::ReraiseETHCrowdfundTest.test_contribute_smallAmountWithFundingSplit()
 writer effect     -> contracts/crowdfund/ETHCrowdfundBase.sol:212
 written member    -> ('SV', 'contracts/crowdfund/ETHCrowdfundBase.sol', 'ETHCrowdfundBase.totalContributions')
 potentially stale -> ('SV', 'contracts/crowdfund/ETHCrowdfundBase.sol', 'ETHCrowdfundBase.exchangeRateBps'), ('SV', 'contracts/crowdfund/ETHCrowdfundBase.sol', 'ETHCrowdfundBase.fundingSplitBps'), ('SV', 'contracts/crowdfund/ETHCrowdfundBase.sol', 'ETHCrowdfundBase.maxTotalContributions')
 reader witnesses  -> 2849
 storage exposures -> 1
[MV-SI candidate fb73d4d063f02a28f43e] {_governanceValues, mintedVotingPower}
 writer root       -> contracts/party/PartyGovernanceNFT.sol::PartyGovernanceNFT.rageQuit(uint256[],IERC20[],address)
 writer effect     -> contracts/party/PartyGovernanceNFT.sol:254
 written member    -> ('SV', 'contracts/party/PartyGovernanceNFT.sol', 'PartyGovernanceNFT.mintedVotingPower')
 potentially stale -> ('SV', 'contracts/party/PartyGovernance.sol', 'PartyGovernance._governanceValues')
 reader witnesses  -> 594
 storage exposures -> 1
[MV-SI candidate fb81ec30352cc0896c46] {maxTotalContributions, totalContributions}
 writer root       -> sol-tests/crowdfund/InitialETHCrowdfund.t.sol::InitialETHCrowdfundTest.test_contribute_aboveMaxTotalContribution()
 writer effect     -> contracts/crowdfund/ETHCrowdfundBase.sol:212
 written member    -> ('SV', 'contracts/crowdfund/ETHCrowdfundBase.sol', 'ETHCrowdfundBase.totalContributions')
 potentially stale -> ('SV', 'contracts/crowdfund/ETHCrowdfundBase.sol', 'ETHCrowdfundBase.maxTotalContributions')
 reader witnesses  -> 264
 storage exposures -> 1
[MV-SI candidate fb8c6d89340b573b6d6c] {exchangeRateBps, fundingSplitBps, maxTotalContributions, totalContributions}
 writer root       -> sol-tests/crowdfund/ReraiseETHCrowdfund.t.sol::ReraiseETHCrowdfundTest.test_claim_addVotingPowerToExistingCard()
 writer effect     -> contracts/crowdfund/ETHCrowdfundBase.sol:226
 written member    -> ('SV', 'contracts/crowdfund/ETHCrowdfundBase.sol', 'ETHCrowdfundBase.totalContributions')
 potentially stale -> ('SV', 'contracts/crowdfund/ETHCrowdfundBase.sol', 'ETHCrowdfundBase.exchangeRateBps'), ('SV', 'contracts/crowdfund/ETHCrowdfundBase.sol', 'ETHCrowdfundBase.fundingSplitBps'), ('SV', 'contracts/crowdfund/ETHCrowdfundBase.sol', 'ETHCrowdfundBase.maxTotalContributions')
 reader witnesses  -> 2849
 storage exposures -> 1
[MV-SI candidate fba0ae8d8f1aded742ff] {_governanceValues, mintedVotingPower}
 writer root       -> sol-tests/crowdfund/AuctionCrowdfund.t.sol::AuctionCrowdfundTest.test_canRefundIfCrowdfundLosesAndNoBidsMade()
 writer effect     -> contracts/party/PartyGovernanceNFT.sol:186
 written member    -> ('SV', 'contracts/party/PartyGovernanceNFT.sol', 'PartyGovernanceNFT.mintedVotingPower')
 potentially stale -> ('SV', 'contracts/party/PartyGovernance.sol', 'PartyGovernance._governanceValues')
 reader witnesses  -> 594
 storage exposures -> 1
[MV-SI candidate fbca6564fc73fa3f4995] {maxTotalContributions, totalContributions}
 writer root       -> sol-tests/crowdfund/ReraiseETHCrowdfund.t.sol::ReraiseETHCrowdfundTest.test_initialization_cannotReinitialize()
 writer effect     -> contracts/crowdfund/ETHCrowdfundBase.sol:226
 written member    -> ('SV', 'contracts/crowdfund/ETHCrowdfundBase.sol', 'ETHCrowdfundBase.totalContributions')
 potentially stale -> ('SV', 'contracts/crowdfund/ETHCrowdfundBase.sol', 'ETHCrowdfundBase.maxTotalContributions')
 reader witnesses  -> 324
 storage exposures -> 1
[MV-SI candidate fc1f0e6c56316e0c1c06] {_governanceValues, isAuthority[$sender]}
 writer root       -> sol-tests/crowdfund/ReraiseETHCrowdfund.t.sol::ReraiseETHCrowdfundTest.test_sendFundingSplit_cannotSendTwice()
 writer effect     -> contracts/party/PartyGovernanceNFT.sol:230
 written member    -> ('SV', 'contracts/party/PartyGovernance.sol', 'PartyGovernance._governanceValues')
 potentially stale -> ('MS', 'contracts/party/PartyGovernanceNFT.sol', 'PartyGovernanceNFT.isAuthority', '$sender')
 reader witnesses  -> 183
 storage exposures -> 1
[MV-SI candidate fc4c4f0724ed77cbb872] {_governanceValues, mintedVotingPower}
 writer root       -> contracts/crowdfund/InitialETHCrowdfund.sol::InitialETHCrowdfund.contribute(address,bytes)
 writer effect     -> contracts/party/PartyGovernanceNFT.sol:230
 written member    -> ('SV', 'contracts/party/PartyGovernance.sol', 'PartyGovernance._governanceValues')
 potentially stale -> ('SV', 'contracts/party/PartyGovernanceNFT.sol', 'PartyGovernanceNFT.mintedVotingPower')
 reader witnesses  -> 722
 storage exposures -> 1
[MV-SI candidate fc732bb617674e693629] {_governanceValues, mintedVotingPower}
 writer root       -> contracts/crowdfund/ReraiseETHCrowdfund.sol::ReraiseETHCrowdfund.claimMultiple(uint96[],uint256[],address)
 writer effect     -> contracts/party/PartyGovernanceNFT.sol:186
 written member    -> ('SV', 'contracts/party/PartyGovernanceNFT.sol', 'PartyGovernanceNFT.mintedVotingPower')
 potentially stale -> ('SV', 'contracts/party/PartyGovernance.sol', 'PartyGovernance._governanceValues')
 reader witnesses  -> 594
 storage exposures -> 1
[MV-SI candidate fc7a4887e490781d9ca4] {maxTotalContributions, totalContributions}
 writer root       -> sol-tests/crowdfund/ReraiseETHCrowdfund.t.sol::ReraiseETHCrowdfundTest.test_contribute_aboveMaxTotalContributionWhenWhenContributionBelowMinContributionAfterRefund()
 writer effect     -> contracts/crowdfund/ETHCrowdfundBase.sol:212
 written member    -> ('SV', 'contracts/crowdfund/ETHCrowdfundBase.sol', 'ETHCrowdfundBase.totalContributions')
 potentially stale -> ('SV', 'contracts/crowdfund/ETHCrowdfundBase.sol', 'ETHCrowdfundBase.maxTotalContributions')
 reader witnesses  -> 324
 storage exposures -> 1
[MV-SI candidate fc86eb722c1136c52303] {maxTotalContributions, minContribution, totalContributions}
 writer root       -> sol-tests/crowdfund/ReraiseETHCrowdfund.t.sol::ReraiseETHCrowdfundTest.test_claimMultiple_cannotClaimMoreThanVotingPower()
 writer effect     -> contracts/crowdfund/ETHCrowdfundBase.sol:226
 written member    -> ('SV', 'contracts/crowdfund/ETHCrowdfundBase.sol', 'ETHCrowdfundBase.totalContributions')
 potentially stale -> ('SV', 'contracts/crowdfund/ETHCrowdfundBase.sol', 'ETHCrowdfundBase.maxTotalContributions'), ('SV', 'contracts/crowdfund/ETHCrowdfundBase.sol', 'ETHCrowdfundBase.minContribution')
 reader witnesses  -> 220
 storage exposures -> 1
[MV-SI candidate fcdf7a282e91b34c623d] {minTotalContributions, totalContributions}
 writer root       -> sol-tests/crowdfund/ReraiseETHCrowdfund.t.sol::ReraiseETHCrowdfundTest.test_claimMultiple_works()
 writer effect     -> contracts/crowdfund/ETHCrowdfundBase.sol:212
 written member    -> ('SV', 'contracts/crowdfund/ETHCrowdfundBase.sol', 'ETHCrowdfundBase.totalContributions')
 potentially stale -> ('SV', 'contracts/crowdfund/ETHCrowdfundBase.sol', 'ETHCrowdfundBase.minTotalContributions')
 reader witnesses  -> 118
 storage exposures -> 1
[MV-SI candidate fd6263769a1b6fb084f1] {_governanceValues, mintedVotingPower}
 writer root       -> sol-tests/crowdfund/ReraiseETHCrowdfund.t.sol::ReraiseETHCrowdfundTest.test_sendFundingSplit_cannotSendIfNoFundingSplit()
 writer effect     -> contracts/party/PartyGovernanceNFT.sol:230
 written member    -> ('SV', 'contracts/party/PartyGovernance.sol', 'PartyGovernance._governanceValues')
 potentially stale -> ('SV', 'contracts/party/PartyGovernanceNFT.sol', 'PartyGovernanceNFT.mintedVotingPower')
 reader witnesses  -> 722
 storage exposures -> 1
[MV-SI candidate fd98911b5f0c2746b728] {maxTotalContributions, totalContributions}
 writer root       -> sol-tests/crowdfund/InitialETHCrowdfund.t.sol::InitialETHCrowdfundTest.test_contribute_withFundingSplit()
 writer effect     -> contracts/crowdfund/ETHCrowdfundBase.sol:212
 written member    -> ('SV', 'contracts/crowdfund/ETHCrowdfundBase.sol', 'ETHCrowdfundBase.totalContributions')
 potentially stale -> ('SV', 'contracts/crowdfund/ETHCrowdfundBase.sol', 'ETHCrowdfundBase.maxTotalContributions')
 reader witnesses  -> 264
 storage exposures -> 1
[MV-SI candidate fda16668853a3914519d] {maxTotalContributions, totalContributions}
 writer root       -> contracts/crowdfund/InitialETHCrowdfund.sol::InitialETHCrowdfund.contribute(uint256,address,bytes)
 writer effect     -> contracts/crowdfund/ETHCrowdfundBase.sol:212
 written member    -> ('SV', 'contracts/crowdfund/ETHCrowdfundBase.sol', 'ETHCrowdfundBase.totalContributions')
 potentially stale -> ('SV', 'contracts/crowdfund/ETHCrowdfundBase.sol', 'ETHCrowdfundBase.maxTotalContributions')
 reader witnesses  -> 264
 storage exposures -> 1
[MV-SI candidate fdae3ed585d4353b4921] {_governanceValues, isAuthority[$sender]}
 writer root       -> sol-tests/crowdfund/InitialETHCrowdfund.t.sol::InitialETHCrowdfundTest.test_refund_notLost()
 writer effect     -> contracts/party/PartyGovernanceNFT.sol:258
 written member    -> ('SV', 'contracts/party/PartyGovernance.sol', 'PartyGovernance._governanceValues')
 potentially stale -> ('MS', 'contracts/party/PartyGovernanceNFT.sol', 'PartyGovernanceNFT.isAuthority', '$sender')
 reader witnesses  -> 183
 storage exposures -> 1
[MV-SI candidate fdff81958c90323b953b] {maxTotalContributions, minContribution, totalContributions}
 writer root       -> sol-tests/crowdfund/ReraiseETHCrowdfund.t.sol::ReraiseETHCrowdfundTest.test_initialization_cannotReinitialize()
 writer effect     -> contracts/crowdfund/ETHCrowdfundBase.sol:141
 written member    -> ('SV', 'contracts/crowdfund/ETHCrowdfundBase.sol', 'ETHCrowdfundBase.maxTotalContributions')
 potentially stale -> ('SV', 'contracts/crowdfund/ETHCrowdfundBase.sol', 'ETHCrowdfundBase.minContribution'), ('SV', 'contracts/crowdfund/ETHCrowdfundBase.sol', 'ETHCrowdfundBase.totalContributions')
 reader witnesses  -> 169
 storage exposures -> 1
[MV-SI candidate fe2cadbc1c206090bce4] {_governanceValues, isAuthority[$sender]}
 writer root       -> sol-tests/party/PartyGovernanceNFT.t.sol::PartyGovernanceNFTTest.testRageQuit_enableRageQuit()
 writer effect     -> contracts/party/PartyGovernanceNFT.sol:258
 written member    -> ('SV', 'contracts/party/PartyGovernance.sol', 'PartyGovernance._governanceValues')
 potentially stale -> ('MS', 'contracts/party/PartyGovernanceNFT.sol', 'PartyGovernanceNFT.isAuthority', '$sender')
 reader witnesses  -> 183
 storage exposures -> 1
[MV-SI candidate fe2e2f9a7214c876a563] {maxTotalContributions, totalContributions}
 writer root       -> sol-tests/crowdfund/InitialETHCrowdfund.t.sol::InitialETHCrowdfundTest.test_expiry_won()
 writer effect     -> contracts/crowdfund/ETHCrowdfundBase.sol:212
 written member    -> ('SV', 'contracts/crowdfund/ETHCrowdfundBase.sol', 'ETHCrowdfundBase.totalContributions')
 potentially stale -> ('SV', 'contracts/crowdfund/ETHCrowdfundBase.sol', 'ETHCrowdfundBase.maxTotalContributions')
 reader witnesses  -> 264
 storage exposures -> 1
[MV-SI candidate fef6bfba0b08f45ed9e9] {_governanceValues, isAuthority[$sender]}
 writer root       -> sol-tests/crowdfund/ReraiseETHCrowdfund.t.sol::ReraiseETHCrowdfundTest.test_crowdfundCardTokenURI_whileCrowdfundLost()
 writer effect     -> contracts/party/PartyGovernanceNFT.sol:230
 written member    -> ('SV', 'contracts/party/PartyGovernance.sol', 'PartyGovernance._governanceValues')
 potentially stale -> ('MS', 'contracts/party/PartyGovernanceNFT.sol', 'PartyGovernanceNFT.isAuthority', '$sender')
 reader witnesses  -> 183
 storage exposures -> 1
[MV-SI candidate ff21fd05f8bfeb956d55] {exchangeRateBps, fundingSplitBps, maxTotalContributions, totalContributions}
 writer root       -> sol-tests/crowdfund/ReraiseETHCrowdfund.t.sol::ReraiseETHCrowdfundTest.test_batchRefund_works()
 writer effect     -> contracts/crowdfund/ETHCrowdfundBase.sol:226
 written member    -> ('SV', 'contracts/crowdfund/ETHCrowdfundBase.sol', 'ETHCrowdfundBase.totalContributions')
 potentially stale -> ('SV', 'contracts/crowdfund/ETHCrowdfundBase.sol', 'ETHCrowdfundBase.exchangeRateBps'), ('SV', 'contracts/crowdfund/ETHCrowdfundBase.sol', 'ETHCrowdfundBase.fundingSplitBps'), ('SV', 'contracts/crowdfund/ETHCrowdfundBase.sol', 'ETHCrowdfundBase.maxTotalContributions')
 reader witnesses  -> 2849
 storage exposures -> 1
[MV-SI candidate ff4287f9002291fd2481] {_governanceValues, mintedVotingPower}
 writer root       -> sol-tests/crowdfund/InitialETHCrowdfund.t.sol::InitialETHCrowdfundTest.test_contribute_afterLost()
 writer effect     -> contracts/party/PartyGovernanceNFT.sol:186
 written member    -> ('SV', 'contracts/party/PartyGovernanceNFT.sol', 'PartyGovernanceNFT.mintedVotingPower')
 potentially stale -> ('SV', 'contracts/party/PartyGovernance.sol', 'PartyGovernance._governanceValues')
 reader witnesses  -> 594
 storage exposures -> 1
[MV-SI candidate ff7511b1e0a36d20c20e] {_governanceValues, votingPowerByTokenId[$arg0]}
 writer root       -> sol-tests/crowdfund/InitialETHCrowdfund.t.sol::InitialETHCrowdfundTest.test_refund_works()
 writer effect     -> contracts/party/PartyGovernanceNFT.sol:230
 written member    -> ('SV', 'contracts/party/PartyGovernance.sol', 'PartyGovernance._governanceValues')
 potentially stale -> ('MS', 'contracts/party/PartyGovernanceNFT.sol', 'PartyGovernanceNFT.votingPowerByTokenId', '$arg0')
 reader witnesses  -> 249
 storage exposures -> 1
[MV-SI candidate ffc7effcfe7cf6b3c1ed] {_governanceValues, mintedVotingPower}
 writer root       -> sol-tests/party/PartyGovernanceNFT.t.sol::PartyGovernanceNFTTest.testBurn_revertsIfCalledByOwnerBeforePartyStarted()
 writer effect     -> contracts/party/PartyGovernanceNFT.sol:186
 written member    -> ('SV', 'contracts/party/PartyGovernanceNFT.sol', 'PartyGovernanceNFT.mintedVotingPower')
 potentially stale -> ('SV', 'contracts/party/PartyGovernance.sol', 'PartyGovernance._governanceValues')
 reader witnesses  -> 594
 storage exposures -> 1
[MV-SI candidate ffcdff6e76e8bc86f504] {_governanceValues, mintedVotingPower}
 writer root       -> contracts/crowdfund/InitialETHCrowdfund.sol::InitialETHCrowdfund.contribute(uint256,address,bytes)
 writer effect     -> contracts/party/PartyGovernanceNFT.sol:186
 written member    -> ('SV', 'contracts/party/PartyGovernanceNFT.sol', 'PartyGovernanceNFT.mintedVotingPower')
 potentially stale -> ('SV', 'contracts/party/PartyGovernance.sol', 'PartyGovernance._governanceValues')
 reader witnesses  -> 594
 storage exposures -> 1Reference: https://github.com/crytic/slither/wiki/Detector-Documentation
INFO:Slither:mvscan-standard-input.json analyzed (222 contracts with 1 detectors), 1385 result(s) found
