dataset,execution_subject_id,source_identity,revision,accepted_attempt_id,attempt_manifest,workspace,project_root,build_command,toolchain,artifact_sha256,mapped_item_count
isu,05442cbaf1d69b91d5a4,https://github.com/code-423n4/2024-08-phi.git,8c0985f7a10b231f916a51af5d506dd6b0c54120,isu-05442cbaf1d69b91d5a4-20260814T190329Z-aebf42e069d14caa88e5da5c822d0390,benchmarks/isu/best_effort_build_runs/05442cbaf1d69b91d5a4/isu-05442cbaf1d69b91d5a4-20260814T190329Z-aebf42e069d14caa88e5da5c822d0390/attempt_manifest.json,benchmarks/isu/best_effort_build_runs/05442cbaf1d69b91d5a4/isu-05442cbaf1d69b91d5a4-20260814T190329Z-aebf42e069d14caa88e5da5c822d0390/workspace,.,/home/vau3677/liu_coop/anonymized_repo_TOSEM/environment/toolchains/node/16.20.2/bin/npm run build,node16-npm8,19f755ba6da127394e988887b444d9acaa933978b610e4ad639edc6923860bfe,1
isu,0f62f3405b0b361b18a8,https://github.com/code-423n4/2021-11-streaming.git,56d81204a00fc949d29ddd277169690318b36821,isu-0f62f3405b0b361b18a8-20260814T195612Z-1e6e72e00f6640efbf89e513b5f37546,benchmarks/isu/best_effort_build_runs/0f62f3405b0b361b18a8/isu-0f62f3405b0b361b18a8-20260814T195612Z-1e6e72e00f6640efbf89e513b5f37546/attempt_manifest.json,benchmarks/isu/best_effort_build_runs/0f62f3405b0b361b18a8/isu-0f62f3405b0b361b18a8-20260814T195612Z-1e6e72e00f6640efbf89e513b5f37546/workspace,Streaming,/usr/bin/python3 /home/vau3677/liu_coop/anonymized_repo_TOSEM/runners/direct_solc_build.py --version 0.8.10 --source-dir src --remapping solmate=lib/solmate/src --remapping ds-test=lib/ds-test/src,node16-npm8,32863402f7bbac16edffc9cc396d14055d0a531972695587d659aec17c6ab3d2,1
isu,1218dd25f99c8259083b,https://github.com/code-423n4/2023-04-party.git,440aafacb0f15d037594cebc85fd471729bcb6d9,isu-1218dd25f99c8259083b-20260814T190329Z-236a295ffd934cbabc431f02bf9a2024,benchmarks/isu/best_effort_build_runs/1218dd25f99c8259083b/isu-1218dd25f99c8259083b-20260814T190329Z-236a295ffd934cbabc431f02bf9a2024/attempt_manifest.json,benchmarks/isu/best_effort_build_runs/1218dd25f99c8259083b/isu-1218dd25f99c8259083b-20260814T190329Z-236a295ffd934cbabc431f02bf9a2024/workspace,.,/home/vau3677/liu_coop/anonymized_repo_TOSEM/environment/toolchains/node/16.20.2/bin/npm run build,node16-npm8,93dcb7cbb6e0ee0f452643db10db13d0b55f273f1ed6c2fac6c70b0920838689,2
isu,17ed21b4712c0b20cc36,https://github.com/code-423n4/2023-01-astaria.git,1bfc58b42109b839528ab1c21dc9803d663df898,isu-17ed21b4712c0b20cc36-20260815T031728Z-12945ebb58114f6bbe1b4228277f07c1,benchmarks/isu/best_effort_build_runs/17ed21b4712c0b20cc36/isu-17ed21b4712c0b20cc36-20260815T031728Z-12945ebb58114f6bbe1b4228277f07c1/attempt_manifest.json,benchmarks/isu/best_effort_build_runs/17ed21b4712c0b20cc36/isu-17ed21b4712c0b20cc36-20260815T031728Z-12945ebb58114f6bbe1b4228277f07c1/workspace,.,/home/vau3677/liu_coop/anonymized_repo_TOSEM/environment/toolchains/foundry-v1.5.1/forge build --optimize --skip test --cache-path .mvscan-cache,node16-yarn1,a48b4025f72b87905167e3770235998fffed6117eb1d685220a762788771ff6d,3
isu,190ff08406165ccf2990,https://github.com/rabbitholegg/quest-protocol.git,8c4c1f71221570b14a0479c216583342bd652d8d,isu-190ff08406165ccf2990-20260814T192219Z-aaa3e55098114c2ca883093582604778,benchmarks/isu/best_effort_build_runs/190ff08406165ccf2990/isu-190ff08406165ccf2990-20260814T192219Z-aaa3e55098114c2ca883093582604778/attempt_manifest.json,benchmarks/isu/best_effort_build_runs/190ff08406165ccf2990/isu-190ff08406165ccf2990-20260814T192219Z-aaa3e55098114c2ca883093582604778/workspace,.,/home/vau3677/liu_coop/anonymized_repo_TOSEM/environment/toolchains/node/16.20.2/bin/node /home/vau3677/liu_coop/anonymized_repo_TOSEM/environment/toolchains/yarn/1.22.22/bin/yarn.js compile,node16-yarn1,de7d7b28282ab935585577c12ce19578aeb9940e79798bc587af8e07a29a0aca,1
isu,2112b446760a0ffed350,https://github.com/code-423n4/2024-08-superposition.git,d913ae0225584b4b42e38518788a7e38cd2f4d53,isu-2112b446760a0ffed350-20260814T214627Z-cd9486a386dd4ca9a91cf7785733cf2b,benchmarks/isu/best_effort_build_runs/2112b446760a0ffed350/isu-2112b446760a0ffed350-20260814T214627Z-cd9486a386dd4ca9a91cf7785733cf2b/attempt_manifest.json,benchmarks/isu/best_effort_build_runs/2112b446760a0ffed350/isu-2112b446760a0ffed350-20260814T214627Z-cd9486a386dd4ca9a91cf7785733cf2b/workspace,pkg,/usr/bin/python3 /home/vau3677/liu_coop/anonymized_repo_TOSEM/runners/direct_solc_build.py --version 0.8.16 --source-dir sol --optimizer --via-ir --vendor-dir lib --remapping forge-std/=lib/forge-std/src,node22-npm10,a8049dc78846d72ae2b23719adabdad943e30ad56f4581761920902036f67e7a,2
isu,259153db5bcad1231d62,https://github.com/code-423n4/2024-07-optimism.git,70556044e5e080930f686c4e5acde420104bb2c4,isu-259153db5bcad1231d62-20260814T213318Z-9c0ccc01886444d889511ec154e427c5,benchmarks/isu/best_effort_build_runs/259153db5bcad1231d62/isu-259153db5bcad1231d62-20260814T213318Z-9c0ccc01886444d889511ec154e427c5/attempt_manifest.json,benchmarks/isu/best_effort_build_runs/259153db5bcad1231d62/isu-259153db5bcad1231d62-20260814T213318Z-9c0ccc01886444d889511ec154e427c5/workspace,packages/contracts-bedrock,/home/vau3677/liu_coop/anonymized_repo_TOSEM/environment/toolchains/foundry-v1.5.1/forge build,node22-npm10,0635e44b9875e1695c5ccdbe0b7accbe2398655ebe19ac16fbbab293310dc9aa,1
isu,27d99ecc930a40c3f443,https://github.com/code-423n4/2021-12-vader.git,842662a9837929f160c7a1f5a2e4a7c03e715e1b,isu-27d99ecc930a40c3f443-20260814T193730Z-e1f6b80eb6864f5ca85ed11bea6b10ba,benchmarks/isu/best_effort_build_runs/27d99ecc930a40c3f443/isu-27d99ecc930a40c3f443-20260814T193730Z-e1f6b80eb6864f5ca85ed11bea6b10ba/attempt_manifest.json,benchmarks/isu/best_effort_build_runs/27d99ecc930a40c3f443/isu-27d99ecc930a40c3f443-20260814T193730Z-e1f6b80eb6864f5ca85ed11bea6b10ba/workspace,.,/usr/bin/python3 /home/vau3677/liu_coop/anonymized_repo_TOSEM/runners/direct_solc_build.py --version 0.8.9 --source-dir contracts --include-path node_modules,node16-npm8,104328cd0072f5ea8266720e92c65c031bc407964c804de49be48e39509553cd,1
isu,289230e8a49b17b81b97,https://github.com/re-nft/smart-contracts.git,3ddd32455a849c3c6dc3c3aad7a33a6c9b44c291,isu-289230e8a49b17b81b97-20260814T190400Z-720499558a7946bdbf0814d6d4ad3352,benchmarks/isu/best_effort_build_runs/289230e8a49b17b81b97/isu-289230e8a49b17b81b97-20260814T190400Z-720499558a7946bdbf0814d6d4ad3352/attempt_manifest.json,benchmarks/isu/best_effort_build_runs/289230e8a49b17b81b97/isu-289230e8a49b17b81b97-20260814T190400Z-720499558a7946bdbf0814d6d4ad3352/workspace,.,/home/vau3677/liu_coop/anonymized_repo_TOSEM/environment/toolchains/foundry-v1.5.1/forge build,node16-npm8,958fe304ba743a769cac9d3864ae6eaa0a4e323f623faf43ddfe2acdf765e240,1
isu,28f44f959080974f24f7,https://github.com/k06a/Unipool.git,bb1843b454bbb10b3b1ccf48edf5e72a80b2acfe,isu-28f44f959080974f24f7-20260814T205216Z-3bef6a7ef4794c6f9641efc5dcb61f32,benchmarks/isu/best_effort_build_runs/28f44f959080974f24f7/isu-28f44f959080974f24f7-20260814T205216Z-3bef6a7ef4794c6f9641efc5dcb61f32/attempt_manifest.json,benchmarks/isu/best_effort_build_runs/28f44f959080974f24f7/isu-28f44f959080974f24f7-20260814T205216Z-3bef6a7ef4794c6f9641efc5dcb61f32/workspace,.,/usr/bin/python3 /home/vau3677/liu_coop/anonymized_repo_TOSEM/runners/direct_solc_build.py --version 0.5.12 --source-dir contracts --vendor-dir node_modules,node16-yarn1,9a15faefcb6e0bed856f7c03095da38aeb30d8cfb1a4d9e498b5834ec6bce96a,1
isu,2952c8154a7befc068f5,https://github.com/code-423n4/2021-04-marginswap.git,412d4ff61c9dfedb2f7d2fe957d911f7dc4ccfcb,isu-2952c8154a7befc068f5-20260815T041457Z-df805dec0da74eee8a71e31f66348177,benchmarks/isu/best_effort_build_runs/2952c8154a7befc068f5/isu-2952c8154a7befc068f5-20260815T041457Z-df805dec0da74eee8a71e31f66348177/attempt_manifest.json,benchmarks/isu/best_effort_build_runs/2952c8154a7befc068f5/isu-2952c8154a7befc068f5-20260815T041457Z-df805dec0da74eee8a71e31f66348177/workspace,.,"/home/vau3677/liu_coop/anonymized_repo_TOSEM/environment/toolchains/solc/0.8.0/solc @openzeppelin/=node_modules/@openzeppelin/ @uniswap/=node_modules/@uniswap/ --base-path . --allow-paths .,node_modules --optimize --bin --abi -o artifacts contracts/Admin.sol contracts/BaseLending.sol contracts/BondLending.sol contracts/CrossMarginAccounts.sol contracts/CrossMarginLiquidation.sol contracts/CrossMarginTrading.sol contracts/Fund.sol contracts/HourlyBondSubscriptionLending.sol contracts/IncentiveDistribution.sol contracts/IncentivizedHolder.sol contracts/IsolatedMarginAccounts.sol contracts/IsolatedMarginLiquidation.sol contracts/IsolatedMarginTrading.sol contracts/Lending.sol contracts/MarginRouter.sol contracts/PriceAware.sol contracts/RoleAware.sol contracts/Roles.sol contracts/UniswapStyleLib.sol",node16-npm8,75567ed9a7a646db52bbe76725a447c65c0c94fc1ca61dedb3b8e94b35fa6a35,1
isu,29a26915e78db1075e4d,https://github.com/code-423n4/2023-07-basin.git,9403cf973e95ef7219622dbbe2a08396af90b64c,isu-29a26915e78db1075e4d-20260814T190403Z-232ab80ebd3a4a678335f46f7c3f9f96,benchmarks/isu/best_effort_build_runs/29a26915e78db1075e4d/isu-29a26915e78db1075e4d-20260814T190403Z-232ab80ebd3a4a678335f46f7c3f9f96/attempt_manifest.json,benchmarks/isu/best_effort_build_runs/29a26915e78db1075e4d/isu-29a26915e78db1075e4d-20260814T190403Z-232ab80ebd3a4a678335f46f7c3f9f96/workspace,.,/home/vau3677/liu_coop/anonymized_repo_TOSEM/environment/toolchains/foundry-v1.5.1/forge build,node16-yarn1,2d82403b3a9f61dcb6809d0431c513947a5df4951ad381a1f3de40880ee142f8,1
isu,2b7cbf663fc060f42a75,https://github.com/code-423n4/2022-04-backd.git,c856714a50437cb33240a5964b63687c9876275b,isu-2b7cbf663fc060f42a75-20260814T190408Z-b65d816b37244dc4936948b024e5c7be,benchmarks/isu/best_effort_build_runs/2b7cbf663fc060f42a75/isu-2b7cbf663fc060f42a75-20260814T190408Z-b65d816b37244dc4936948b024e5c7be/attempt_manifest.json,benchmarks/isu/best_effort_build_runs/2b7cbf663fc060f42a75/isu-2b7cbf663fc060f42a75-20260814T190408Z-b65d816b37244dc4936948b024e5c7be/workspace,backd,/home/vau3677/liu_coop/anonymized_repo_TOSEM/environment/toolchains/node/16.20.2/bin/npx hardhat compile,node16-yarn1,03370fd2509210ab5de957661494b135c7874a2a81caec83507b1e05fd9bf65b,1
isu,33438b4b2584abe90998,https://github.com/code-423n4/2023-12-ethereumcreditguild.git,2376d9af792584e3d15ec9c32578daa33bb56b43,isu-33438b4b2584abe90998-20260814T190414Z-6d7482bc662c47ac97d5f82cc1e3d1b2,benchmarks/isu/best_effort_build_runs/33438b4b2584abe90998/isu-33438b4b2584abe90998-20260814T190414Z-6d7482bc662c47ac97d5f82cc1e3d1b2/attempt_manifest.json,benchmarks/isu/best_effort_build_runs/33438b4b2584abe90998/isu-33438b4b2584abe90998-20260814T190414Z-6d7482bc662c47ac97d5f82cc1e3d1b2/workspace,.,/home/vau3677/liu_coop/anonymized_repo_TOSEM/environment/toolchains/node/16.20.2/bin/npm run compile,node16-npm8,c1d143015f8953766afd2b55eb44bc1074f97f7a8112b853db605f923291e4af,1
isu,38004f8839e04e30cd59,https://github.com/code-423n4/2024-04-gondi.git,b9863d73c08fcdd2337dc80a8b5e0917e18b036c,isu-38004f8839e04e30cd59-20260814T190426Z-b31367c08f0e4ba6a19069b653208af4,benchmarks/isu/best_effort_build_runs/38004f8839e04e30cd59/isu-38004f8839e04e30cd59-20260814T190426Z-b31367c08f0e4ba6a19069b653208af4/attempt_manifest.json,benchmarks/isu/best_effort_build_runs/38004f8839e04e30cd59/isu-38004f8839e04e30cd59-20260814T190426Z-b31367c08f0e4ba6a19069b653208af4/workspace,.,/home/vau3677/liu_coop/anonymized_repo_TOSEM/environment/toolchains/foundry-v1.5.1/forge build,node16-npm8,2c5e5d7c9587bc66ecf16a9fdd6de7d209acee3b65febef45fd9c29be94f164a,3
isu,39f49ac45cca3e9c8e51,https://github.com/code-423n4/2023-01-ondo.git,b4e1afc2816e35df66e1f53aef57637350b7ff5e,isu-39f49ac45cca3e9c8e51-20260814T193606Z-0e00603f87d14174a325ca8784627c26,benchmarks/isu/best_effort_build_runs/39f49ac45cca3e9c8e51/isu-39f49ac45cca3e9c8e51-20260814T193606Z-0e00603f87d14174a325ca8784627c26/attempt_manifest.json,benchmarks/isu/best_effort_build_runs/39f49ac45cca3e9c8e51/isu-39f49ac45cca3e9c8e51-20260814T193606Z-0e00603f87d14174a325ca8784627c26/workspace,.,/home/vau3677/liu_coop/anonymized_repo_TOSEM/environment/toolchains/node/16.20.2/bin/node /home/vau3677/liu_coop/anonymized_repo_TOSEM/environment/toolchains/yarn/1.22.22/bin/yarn.js compile,node16-yarn1,fde59450e8d9ed1e936e11e5d3050c6aa3624df26aee15daee4f3767d684adb2,1
isu,3b078676f7225dc450dc,https://github.com/code-423n4/2023-03-mute.git,4d8b13add2907b17ac14627cfa04e0c3cc9a2bed,isu-3b078676f7225dc450dc-20260814T190453Z-383511d4460f47b4b60357ddd1a6cfbd,benchmarks/isu/best_effort_build_runs/3b078676f7225dc450dc/isu-3b078676f7225dc450dc-20260814T190453Z-383511d4460f47b4b60357ddd1a6cfbd/attempt_manifest.json,benchmarks/isu/best_effort_build_runs/3b078676f7225dc450dc/isu-3b078676f7225dc450dc-20260814T190453Z-383511d4460f47b4b60357ddd1a6cfbd/workspace,.,/home/vau3677/liu_coop/anonymized_repo_TOSEM/environment/toolchains/node/16.20.2/bin/npx hardhat compile,node16-npm8,8e80c80acbb019337a5f17b2610d865a7bde8d81591705337ffa6e34e11e9797,1
isu,3b40d4c2e2c5c78d66a1,https://github.com/golom-protocol/contracts.git,4e84d5c2115d163ca54a1729da46164e8cf4df6d,isu-3b40d4c2e2c5c78d66a1-20260814T212005Z-98f0797899f24d2fb011cbbb5f29f645,benchmarks/isu/best_effort_build_runs/3b40d4c2e2c5c78d66a1/isu-3b40d4c2e2c5c78d66a1-20260814T212005Z-98f0797899f24d2fb011cbbb5f29f645/attempt_manifest.json,benchmarks/isu/best_effort_build_runs/3b40d4c2e2c5c78d66a1/isu-3b40d4c2e2c5c78d66a1-20260814T212005Z-98f0797899f24d2fb011cbbb5f29f645/workspace,.,./node_modules/.bin/hardhat compile,node16-yarn1,7b7423866838acbd1cf2ecd9c311f3201271ba87703af09bdcebe23de4ea412d,1
isu,3dc3386f4227b509becb,https://github.com/sushiswap/trident.git,c405f3402a1ed336244053f8186742d2da5975e9,isu-3dc3386f4227b509becb-20260815T034936Z-4eba05e4d6474ffa8b8bf636dccc4396,benchmarks/isu/best_effort_build_runs/3dc3386f4227b509becb/isu-3dc3386f4227b509becb-20260815T034936Z-4eba05e4d6474ffa8b8bf636dccc4396/attempt_manifest.json,benchmarks/isu/best_effort_build_runs/3dc3386f4227b509becb/isu-3dc3386f4227b509becb-20260815T034936Z-4eba05e4d6474ffa8b8bf636dccc4396/workspace,.,/home/vau3677/liu_coop/anonymized_repo_TOSEM/environment/toolchains/node/16.20.2/bin/node /home/vau3677/liu_coop/anonymized_repo_TOSEM/environment/toolchains/yarn/1.22.22/bin/yarn.js build,node16-yarn1,b85e17ec513b6dc034ecb9bcefe469f13aab45b8e5f653127c3696f33c3b054d,1
isu,3e4e01feaa76a5bfa74c,https://github.com/code-423n4/2023-01-timeswap.git,ef4c84fb8535aad8abd6b67cc45d994337ec4514,isu-3e4e01feaa76a5bfa74c-20260815T025514Z-a81aef82f0d9415cad9f5a88dea9c354,benchmarks/isu/best_effort_build_runs/3e4e01feaa76a5bfa74c/isu-3e4e01feaa76a5bfa74c-20260815T025514Z-a81aef82f0d9415cad9f5a88dea9c354/attempt_manifest.json,benchmarks/isu/best_effort_build_runs/3e4e01feaa76a5bfa74c/isu-3e4e01feaa76a5bfa74c-20260815T025514Z-a81aef82f0d9415cad9f5a88dea9c354/workspace,packages/v2-token,/bin/bash -lc cd ../.. && /home/vau3677/liu_coop/anonymized_repo_TOSEM/environment/toolchains/node/16.20.2/bin/corepack yarn@3.3.0 install --immutable --mode=skip-build && cd packages/v2-token && /home/vau3677/liu_coop/anonymized_repo_TOSEM/environment/toolchains/foundry-v1.5.1/forge build --skip test --out .mvscan-out --cache-path .mvscan-cache,node16-yarn1,5add4bb9973a84df98dfcf0078337d038dedab077fff9eb07c6ce67c702d8492,1
isu,4397bb458a04d98ebd0d,https://github.com/code-423n4/2023-12-initcapital.git,a53e401529451b208095b3af11862984d0b32177,isu-4397bb458a04d98ebd0d-20260815T024701Z-bf9922e671224506bd705604f2aa8bba,benchmarks/isu/best_effort_build_runs/4397bb458a04d98ebd0d/isu-4397bb458a04d98ebd0d-20260815T024701Z-bf9922e671224506bd705604f2aa8bba/attempt_manifest.json,benchmarks/isu/best_effort_build_runs/4397bb458a04d98ebd0d/isu-4397bb458a04d98ebd0d-20260815T024701Z-bf9922e671224506bd705604f2aa8bba/workspace,.,/bin/bash -lc git clone --depth 1 --branch v4.9.3 https://github.com/OpenZeppelin/openzeppelin-contracts.git .build-deps/openzeppelin-contracts-v4.9.3 && git clone --depth 1 --branch v4.9.3 https://github.com/OpenZeppelin/openzeppelin-contracts-upgradeable.git .build-deps/openzeppelin-contracts-upgradeable-v4.9.3 && mkdir -p contracts/.cache/OpenZeppelin/v4.9.3 contracts/.cache/OpenZeppelin-Upgradeable/v4.9.3 && cp -a .build-deps/openzeppelin-contracts-v4.9.3/contracts/. contracts/.cache/OpenZeppelin/v4.9.3/ && cp -a .build-deps/openzeppelin-contracts-upgradeable-v4.9.3/contracts/. contracts/.cache/OpenZeppelin-Upgradeable/v4.9.3/ && /home/vau3677/liu_coop/anonymized_repo_TOSEM/environment/toolchains/foundry-v1.5.1/forge build contracts,node18-npm10,9b16101eaa15a3094eafab5ab6b3886d049482ad97a2e9057b54991aa70c5860,1
isu,45244eb6ad77ecbb8d10,https://github.com/code-423n4/2023-05-maia.git,53b6231f0da68f91cf673ecb34867782e2f633e7,isu-45244eb6ad77ecbb8d10-20260814T214826Z-24f51f72ccc741719ec4923ce43a9dfe,benchmarks/isu/best_effort_build_runs/45244eb6ad77ecbb8d10/isu-45244eb6ad77ecbb8d10-20260814T214826Z-24f51f72ccc741719ec4923ce43a9dfe/attempt_manifest.json,benchmarks/isu/best_effort_build_runs/45244eb6ad77ecbb8d10/isu-45244eb6ad77ecbb8d10-20260814T214826Z-24f51f72ccc741719ec4923ce43a9dfe/workspace,.,/usr/bin/python3 /home/vau3677/liu_coop/anonymized_repo_TOSEM/runners/direct_solc_build.py --version 0.8.18 --source-dir src --optimizer --via-ir --vendor-dir lib --remapping forge-std/=lib/forge-std/src --remapping solmate/=lib/solmate/src --remapping @uniswap/v3-core/contracts/=lib/v3-core/contracts --remapping @uniswap/v3-periphery/contracts/=lib/v3-periphery/contracts --remapping @openzeppelin/contracts/=lib/openzeppelin-contracts/contracts --remapping solady/=lib/solady/src --remapping @lib/=lib --remapping @gauges/=src/gauges --remapping @hermes/=src/hermes --remapping @maia/=src/maia --remapping @talos/=src/talos --remapping @rewards/=src/rewards --remapping @v3-staker/=src/uni-v3-staker --remapping @ERC20/=src/erc-20 --remapping @omni/=src/ulysses-omnichain --remapping @ulysses-amm/=src/ulysses-amm --remapping @ERC4626/=src/erc-4626,node16-npm8,56decca501297ff6c76110ecef23f3a6de3609b0f1b6fa4ce4a4637db6c390b3,1
isu,46a990361d607172dbdd,https://github.com/code-423n4/2024-03-gitcoin.git,6529b351cd72a858541f60c52f0e5ad0fb6f1b16,isu-46a990361d607172dbdd-20260814T190545Z-cef8f835f1da4bc697ee86911d28f738,benchmarks/isu/best_effort_build_runs/46a990361d607172dbdd/isu-46a990361d607172dbdd-20260814T190545Z-cef8f835f1da4bc697ee86911d28f738/attempt_manifest.json,benchmarks/isu/best_effort_build_runs/46a990361d607172dbdd/isu-46a990361d607172dbdd-20260814T190545Z-cef8f835f1da4bc697ee86911d28f738/workspace,id-staking-v2,/home/vau3677/liu_coop/anonymized_repo_TOSEM/environment/toolchains/node/16.20.2/bin/npx hardhat compile,node16-yarn1,9e7e8b522ff5024ac3110242626c4ee6c97917c75cd9c5a77c55eafcccc3f75f,1
isu,46b79dfa038bcaea5803,https://github.com/code-423n4/2021-05-visorfinance.git,e0f15162a017130aa66910d46c70ee074b64dd40,isu-46b79dfa038bcaea5803-20260814T190620Z-d850d8ca85404f7baf1118918d0d5ad7,benchmarks/isu/best_effort_build_runs/46b79dfa038bcaea5803/isu-46b79dfa038bcaea5803-20260814T190620Z-d850d8ca85404f7baf1118918d0d5ad7/attempt_manifest.json,benchmarks/isu/best_effort_build_runs/46b79dfa038bcaea5803/isu-46b79dfa038bcaea5803-20260814T190620Z-d850d8ca85404f7baf1118918d0d5ad7/workspace,contracts,/home/vau3677/liu_coop/anonymized_repo_TOSEM/environment/toolchains/node/16.20.2/bin/npm run compile,node16-npm8,2ceeb5eaca29d4d90a38250d82a2edef7bc8f4d153e4c6d17a752a43363c01b2,1
isu,473151643bd9895c6905,https://github.com/Legion-Team/evm-contracts.git,c020bd1b84faab99d1b8738b48d1e253e4557671,isu-473151643bd9895c6905-20260814T190626Z-c707c79caaac4d9aa935de96264d159d,benchmarks/isu/best_effort_build_runs/473151643bd9895c6905/isu-473151643bd9895c6905-20260814T190626Z-c707c79caaac4d9aa935de96264d159d/attempt_manifest.json,benchmarks/isu/best_effort_build_runs/473151643bd9895c6905/isu-473151643bd9895c6905-20260814T190626Z-c707c79caaac4d9aa935de96264d159d/workspace,.,/home/vau3677/liu_coop/anonymized_repo_TOSEM/environment/toolchains/foundry-v1.5.1/forge build,node16-npm8,a9b8d77341e1ee250af87db41bb061291f7431d60c295fe6ed563cfdf7187cf1,1
isu,496a067d0cf9ec7a97f3,https://github.com/code-423n4/2021-05-visorfinance.git,dda9be0bcbf4b2c549608405ccdf9469bc2cbaf1,isu-496a067d0cf9ec7a97f3-20260815T034750Z-c2e3fdad37b3416baffa551c4cc1ccb8,benchmarks/isu/best_effort_build_runs/496a067d0cf9ec7a97f3/isu-496a067d0cf9ec7a97f3-20260815T034750Z-c2e3fdad37b3416baffa551c4cc1ccb8/attempt_manifest.json,benchmarks/isu/best_effort_build_runs/496a067d0cf9ec7a97f3/isu-496a067d0cf9ec7a97f3-20260815T034750Z-c2e3fdad37b3416baffa551c4cc1ccb8/workspace,contracts,/home/vau3677/liu_coop/anonymized_repo_TOSEM/environment/toolchains/node/16.20.2/bin/npm run compile,node16-npm8,2ceeb5eaca29d4d90a38250d82a2edef7bc8f4d153e4c6d17a752a43363c01b2,1
isu,4ca8847e64fbb6fb2f6b,https://github.com/code-423n4/2024-01-salty.git,53516c2cdfdfacb662cdea6417c52f23c94d5b5b,isu-4ca8847e64fbb6fb2f6b-20260814T190630Z-f87b51f4c3e2412b9ce8640d3522e418,benchmarks/isu/best_effort_build_runs/4ca8847e64fbb6fb2f6b/isu-4ca8847e64fbb6fb2f6b-20260814T190630Z-f87b51f4c3e2412b9ce8640d3522e418/attempt_manifest.json,benchmarks/isu/best_effort_build_runs/4ca8847e64fbb6fb2f6b/isu-4ca8847e64fbb6fb2f6b-20260814T190630Z-f87b51f4c3e2412b9ce8640d3522e418/workspace,.,/home/vau3677/liu_coop/anonymized_repo_TOSEM/environment/toolchains/foundry-v1.5.1/forge build,node16-npm8,515b7a25ecdfed4a0d28990f819b7a8194a273ce2d89ebcf869f16ad970dc582,1
isu,51822de69e2919a4a935,https://github.com/Tapioca-DAO/tapioca-bar-audit.git,2286f80f928f41c8bc189d0657d74ba83286c668,isu-51822de69e2919a4a935-20260814T194014Z-8fe48f29735c4ddcb3dc7bc37c52f80a,benchmarks/isu/best_effort_build_runs/51822de69e2919a4a935/isu-51822de69e2919a4a935-20260814T194014Z-8fe48f29735c4ddcb3dc7bc37c52f80a/attempt_manifest.json,benchmarks/isu/best_effort_build_runs/51822de69e2919a4a935/isu-51822de69e2919a4a935-20260814T194014Z-8fe48f29735c4ddcb3dc7bc37c52f80a/workspace,.,/home/vau3677/liu_coop/anonymized_repo_TOSEM/environment/toolchains/node/16.20.2/bin/node /home/vau3677/liu_coop/anonymized_repo_TOSEM/environment/toolchains/yarn/1.22.22/bin/yarn.js compile,node16-yarn1,1f97c0ef4c38ee09e9da21b8e91e0784a272b6c459460ccc4f1a77e689fee264,1
isu,52a7f0b0d3f1a008a383,https://github.com/code-423n4/2023-08-verwa.git,59add54eab86f23b321e1d31eb2c7fb907eeb052,isu-52a7f0b0d3f1a008a383-20260814T190700Z-80caa4bc40fb4f3dbab5ddd325c93fa3,benchmarks/isu/best_effort_build_runs/52a7f0b0d3f1a008a383/isu-52a7f0b0d3f1a008a383-20260814T190700Z-80caa4bc40fb4f3dbab5ddd325c93fa3/attempt_manifest.json,benchmarks/isu/best_effort_build_runs/52a7f0b0d3f1a008a383/isu-52a7f0b0d3f1a008a383-20260814T190700Z-80caa4bc40fb4f3dbab5ddd325c93fa3/workspace,.,/home/vau3677/liu_coop/anonymized_repo_TOSEM/environment/toolchains/foundry-v1.5.1/forge build,node16-npm8,54c9b8b304f6779ed05d3f7e4e70b9500fa909c205a94462e0d4907a24609e34,1
isu,55e1bbda13af0e5d9ef5,https://github.com/code-423n4/2024-07-benddao.git,117ef61967d4b318fc65170061c9577e674fffa1,isu-55e1bbda13af0e5d9ef5-20260814T204933Z-b7c327876f4942b0bfcfcf902e23c612,benchmarks/isu/best_effort_build_runs/55e1bbda13af0e5d9ef5/isu-55e1bbda13af0e5d9ef5-20260814T204933Z-b7c327876f4942b0bfcfcf902e23c612/attempt_manifest.json,benchmarks/isu/best_effort_build_runs/55e1bbda13af0e5d9ef5/isu-55e1bbda13af0e5d9ef5-20260814T204933Z-b7c327876f4942b0bfcfcf902e23c612/workspace,.,/home/vau3677/liu_coop/anonymized_repo_TOSEM/environment/toolchains/foundry-v1.5.1/forge compile,node18-yarn1,29ae650c1834fcf230e310bf5af99209099761144f9cd329a0aae5d7ffdf8258,1
isu,57417c735ac666efab33,https://github.com/code-423n4/2024-07-munchables.git,94cf468aaabf526b7a8319f7eba34014ccebe7b9,isu-57417c735ac666efab33-20260814T205506Z-6a22efdee866448695de95bbd0100e17,benchmarks/isu/best_effort_build_runs/57417c735ac666efab33/isu-57417c735ac666efab33-20260814T205506Z-6a22efdee866448695de95bbd0100e17/attempt_manifest.json,benchmarks/isu/best_effort_build_runs/57417c735ac666efab33/isu-57417c735ac666efab33-20260814T205506Z-6a22efdee866448695de95bbd0100e17/workspace,.,/home/vau3677/liu_coop/anonymized_repo_TOSEM/environment/toolchains/foundry-v1.5.1/forge build --use /home/vau3677/liu_coop/anonymized_repo_TOSEM/environment/toolchains/solc/0.8.25/solc -R @openzeppelin/contracts-upgradeable/=lib/openzeppelin-contracts-upgradeable/contracts/ -R @openzeppelin/contracts/=lib/openzeppelin-contracts/contracts/ -R openzeppelin-contracts-upgradeable/=lib/openzeppelin-contracts-upgradeable/,node22-npm10,d0b99b4ec7e3ee38918e60b9d28940c05c76599dc34e94c098abb229e26e0889,2
isu,58b3a29bba78928be534,https://github.com/with-backed/papr.git,9528f2711ff0c1522076b9f93fba13f88d5bd5e6,isu-58b3a29bba78928be534-20260815T031940Z-e55c5ff717a44b83970339a27f736b42,benchmarks/isu/best_effort_build_runs/58b3a29bba78928be534/isu-58b3a29bba78928be534-20260815T031940Z-e55c5ff717a44b83970339a27f736b42/attempt_manifest.json,benchmarks/isu/best_effort_build_runs/58b3a29bba78928be534/isu-58b3a29bba78928be534-20260815T031940Z-e55c5ff717a44b83970339a27f736b42/workspace,.,/home/vau3677/liu_coop/anonymized_repo_TOSEM/environment/toolchains/foundry-v1.5.1/forge build --skip test --cache-path .mvscan-cache,node18-npm10,fa41f23d63e535567b53c7276a04ef596a06a7a99c47092737289e6d6f9055cb,1
isu,597ae00db4b637e8d8ab,https://github.com/code-423n4/2023-09-venus.git,b11d9ef9db8237678567e66759003138f2368d23,isu-597ae00db4b637e8d8ab-20260814T210507Z-1d06396ab368467e92a60396a214a90d,benchmarks/isu/best_effort_build_runs/597ae00db4b637e8d8ab/isu-597ae00db4b637e8d8ab-20260814T210507Z-1d06396ab368467e92a60396a214a90d/attempt_manifest.json,benchmarks/isu/best_effort_build_runs/597ae00db4b637e8d8ab/isu-597ae00db4b637e8d8ab-20260814T210507Z-1d06396ab368467e92a60396a214a90d/workspace,.,/home/vau3677/liu_coop/anonymized_repo_TOSEM/environment/toolchains/node/18.20.8/bin/node /home/vau3677/liu_coop/anonymized_repo_TOSEM/environment/toolchains/yarn/1.22.22/bin/yarn.js compile,node18-npm10,470fb17e657dec8087164f35824746373257fee7cd9f00d45b501298e9e8d655,1
isu,5fcf634788264400193d,https://github.com/code-423n4/2023-05-ajna.git,276942bc2f97488d07b887c8edceaaab7a5c3964,isu-5fcf634788264400193d-20260814T190742Z-51a472c800f748dca6ddc6c5ca75121c,benchmarks/isu/best_effort_build_runs/5fcf634788264400193d/isu-5fcf634788264400193d-20260814T190742Z-51a472c800f748dca6ddc6c5ca75121c/attempt_manifest.json,benchmarks/isu/best_effort_build_runs/5fcf634788264400193d/isu-5fcf634788264400193d-20260814T190742Z-51a472c800f748dca6ddc6c5ca75121c/workspace,ajna-grants,/home/vau3677/liu_coop/anonymized_repo_TOSEM/environment/toolchains/foundry-v1.5.1/forge build,node16-npm8,ae62d6bb6f9cf97b8349e8a16dd0aa0a4d082d208b7f9fc244c8b3f316d452bb,1
isu,66ca3e8adf0343f843ff,https://github.com/pooltogether/swappable-yield-source.git,bf943b3818b81d5f5cb9d8ecc6f13ffecd33a1ff,isu-66ca3e8adf0343f843ff-20260814T210639Z-8f7f1f0bc15a474bb8a0c800cb99ee52,benchmarks/isu/best_effort_build_runs/66ca3e8adf0343f843ff/isu-66ca3e8adf0343f843ff-20260814T210639Z-8f7f1f0bc15a474bb8a0c800cb99ee52/attempt_manifest.json,benchmarks/isu/best_effort_build_runs/66ca3e8adf0343f843ff/isu-66ca3e8adf0343f843ff-20260814T210639Z-8f7f1f0bc15a474bb8a0c800cb99ee52/workspace,.,/home/vau3677/liu_coop/anonymized_repo_TOSEM/environment/toolchains/node/16.20.2/bin/node /home/vau3677/liu_coop/anonymized_repo_TOSEM/environment/toolchains/yarn/1.22.22/bin/yarn.js compile,node16-yarn1,6421a48e2c0b1d9e745a1ad09c541322654b799b26b88e9ca62a229b49a2854b,1
isu,6b2be56bd1aa78d5bee3,https://github.com/code-423n4/2024-03-abracadabra-money.git,1f4693fdbf33e9ad28132643e2d6f7635834c6c6,isu-6b2be56bd1aa78d5bee3-20260815T030902Z-d0beafdfee0a4a67acb9c747c5cf0f50,benchmarks/isu/best_effort_build_runs/6b2be56bd1aa78d5bee3/isu-6b2be56bd1aa78d5bee3-20260815T030902Z-d0beafdfee0a4a67acb9c747c5cf0f50/attempt_manifest.json,benchmarks/isu/best_effort_build_runs/6b2be56bd1aa78d5bee3/isu-6b2be56bd1aa78d5bee3-20260815T030902Z-d0beafdfee0a4a67acb9c747c5cf0f50/workspace,.,/bin/bash -lc /home/vau3677/liu_coop/anonymized_repo_TOSEM/environment/toolchains/node/18.20.8/bin/node /home/vau3677/liu_coop/anonymized_repo_TOSEM/environment/toolchains/yarn/1.22.22/bin/yarn.js install --frozen-lockfile --non-interactive && /home/vau3677/liu_coop/anonymized_repo_TOSEM/environment/toolchains/foundry-v1.5.1/forge build --skip test --cache-path .mvscan-cache,node18-yarn1,4dcc1907b9e86318dbf50561d7071c533173c97f76f771d1dd000e4a022c86ad,1
isu,7243363cfd2599257952,https://github.com/code-423n4/2023-07-axelar.git,1b2d810f90dfe6a964b92e30d3196b64ba569f6a,isu-7243363cfd2599257952-20260814T190746Z-04a0191f7c704f4aba38999731b1ca12,benchmarks/isu/best_effort_build_runs/7243363cfd2599257952/isu-7243363cfd2599257952-20260814T190746Z-04a0191f7c704f4aba38999731b1ca12/attempt_manifest.json,benchmarks/isu/best_effort_build_runs/7243363cfd2599257952/isu-7243363cfd2599257952-20260814T190746Z-04a0191f7c704f4aba38999731b1ca12/workspace,.,/home/vau3677/liu_coop/anonymized_repo_TOSEM/environment/toolchains/node/16.20.2/bin/npm run build,node16-npm8,774108f7b983a292101fd149f09d8e604df4b68e6ad943534199f0d896c05bc3,1
isu,726f7da124ec405fcefd,https://github.com/code-423n4/2022-10-traderjoe.git,79f25d48b907f9d0379dd803fc2abc9c5f57db93,isu-726f7da124ec405fcefd-20260814T190801Z-8d551e683fed431e88d83e0ccdb8638c,benchmarks/isu/best_effort_build_runs/726f7da124ec405fcefd/isu-726f7da124ec405fcefd-20260814T190801Z-8d551e683fed431e88d83e0ccdb8638c/attempt_manifest.json,benchmarks/isu/best_effort_build_runs/726f7da124ec405fcefd/isu-726f7da124ec405fcefd-20260814T190801Z-8d551e683fed431e88d83e0ccdb8638c/workspace,.,/home/vau3677/liu_coop/anonymized_repo_TOSEM/environment/toolchains/foundry-v1.5.1/forge build,node16-npm8,6293e8de8a6aa55e9b730cce0cfce1b52d1bfcf8d03da674f3c9378bb5120493,1
isu,78b6c9d702fa0e2668f0,https://github.com/code-423n4/2021-11-unlock.git,ec41eada1dd116bcccc5603ce342257584bec783,isu-78b6c9d702fa0e2668f0-20260814T190817Z-71e1d5fbec354e0c96704b2085465fbf,benchmarks/isu/best_effort_build_runs/78b6c9d702fa0e2668f0/isu-78b6c9d702fa0e2668f0-20260814T190817Z-71e1d5fbec354e0c96704b2085465fbf/attempt_manifest.json,benchmarks/isu/best_effort_build_runs/78b6c9d702fa0e2668f0/isu-78b6c9d702fa0e2668f0-20260814T190817Z-71e1d5fbec354e0c96704b2085465fbf/workspace,smart-contracts,/home/vau3677/liu_coop/anonymized_repo_TOSEM/environment/toolchains/node/16.20.2/bin/node /home/vau3677/liu_coop/anonymized_repo_TOSEM/environment/toolchains/yarn/1.22.22/bin/yarn.js build,node16-yarn1,4b72c28c00e2a18f962c2bccf9edab1300c5dd4cef405f3e57d4a1b8c17d0473,1
isu,7a5dfeb01151cf8f72e6,https://github.com/code-423n4/2022-07-ens.git,ff6e59b9415d0ead7daf31c2ed06e86d9061ae22,isu-7a5dfeb01151cf8f72e6-20260814T190817Z-04be08d2ed304441abf186db83243ef3,benchmarks/isu/best_effort_build_runs/7a5dfeb01151cf8f72e6/isu-7a5dfeb01151cf8f72e6-20260814T190817Z-04be08d2ed304441abf186db83243ef3/attempt_manifest.json,benchmarks/isu/best_effort_build_runs/7a5dfeb01151cf8f72e6/isu-7a5dfeb01151cf8f72e6-20260814T190817Z-04be08d2ed304441abf186db83243ef3/workspace,.,/home/vau3677/liu_coop/anonymized_repo_TOSEM/environment/toolchains/node/16.20.2/bin/node /home/vau3677/liu_coop/anonymized_repo_TOSEM/environment/toolchains/yarn/1.22.22/bin/yarn.js build,node16-yarn1,3d040f554ce409e5b46881d66edbef94077a621a8583b39cabdb710d88297ade,1
isu,7ac89b753c19d6b46c51,https://github.com/code-423n4/2024-03-dittoeth.git,91faf46078bb6fe8ce9f55bcb717e5d2d302d22e,isu-7ac89b753c19d6b46c51-20260814T215922Z-42e93cd139d24020b177a963a706e4d7,benchmarks/isu/best_effort_build_runs/7ac89b753c19d6b46c51/isu-7ac89b753c19d6b46c51-20260814T215922Z-42e93cd139d24020b177a963a706e4d7/attempt_manifest.json,benchmarks/isu/best_effort_build_runs/7ac89b753c19d6b46c51/isu-7ac89b753c19d6b46c51-20260814T215922Z-42e93cd139d24020b177a963a706e4d7/workspace,.,/bin/bash -lc /home/vau3677/liu_coop/anonymized_repo_TOSEM/environment/toolchains/node/16.20.2/bin/node scripts/sol-to-isol/bin.js --force && /home/vau3677/liu_coop/anonymized_repo_TOSEM/environment/toolchains/foundry-v1.5.1/forge build,node16-npm8,c380f4d534daff801cd0e8b58225ef5f296d2dab3d46eac33ffb65ba1eff0fbe,2
isu,7cb043d026c74611d6c4,https://github.com/code-423n4/2024-05-bakerfi.git,59b1f70cbf170871f9604e73e7fe70b70981ab43,isu-7cb043d026c74611d6c4-20260814T192222Z-ef5b6b380c654f30b959ccdf85fb1cab,benchmarks/isu/best_effort_build_runs/7cb043d026c74611d6c4/isu-7cb043d026c74611d6c4-20260814T192222Z-ef5b6b380c654f30b959ccdf85fb1cab/attempt_manifest.json,benchmarks/isu/best_effort_build_runs/7cb043d026c74611d6c4/isu-7cb043d026c74611d6c4-20260814T192222Z-ef5b6b380c654f30b959ccdf85fb1cab/workspace,.,/home/vau3677/liu_coop/anonymized_repo_TOSEM/environment/toolchains/node/16.20.2/bin/npm run compile,node16-npm8,0e7431370d40c21d95a815fbb40c9ba16682dff21630dc6644577a2b357456e3,1
isu,85eb869c97005c328767,https://github.com/code-423n4/2021-12-mellow.git,53d73a8bcb9e9853b59973bb47c009431909a812,isu-85eb869c97005c328767-20260815T040722Z-e8aec7ea22d9420a8f41796039e2dfb2,benchmarks/isu/best_effort_build_runs/85eb869c97005c328767/isu-85eb869c97005c328767-20260815T040722Z-e8aec7ea22d9420a8f41796039e2dfb2/attempt_manifest.json,benchmarks/isu/best_effort_build_runs/85eb869c97005c328767/isu-85eb869c97005c328767-20260815T040722Z-e8aec7ea22d9420a8f41796039e2dfb2/workspace,mellow-vaults,/home/vau3677/liu_coop/anonymized_repo_TOSEM/environment/toolchains/node/16.20.2/bin/npm run compile,node16-npm8,452b272b7b04f712d40dca918cb9ac084e76fbea90c014c327e3ec650c228093,1
isu,86ebab4217d32b417d8d,https://github.com/code-423n4/2023-05-party.git,f6f80dde81d86e397ba4f3dedb561e23d58ec884,isu-86ebab4217d32b417d8d-20260814T190856Z-8bfcfd57f4bc401c8c58707581206199,benchmarks/isu/best_effort_build_runs/86ebab4217d32b417d8d/isu-86ebab4217d32b417d8d-20260814T190856Z-8bfcfd57f4bc401c8c58707581206199/attempt_manifest.json,benchmarks/isu/best_effort_build_runs/86ebab4217d32b417d8d/isu-86ebab4217d32b417d8d-20260814T190856Z-8bfcfd57f4bc401c8c58707581206199/workspace,.,/home/vau3677/liu_coop/anonymized_repo_TOSEM/environment/toolchains/node/16.20.2/bin/npm run build,node16-npm8,8927fee63c075bb512ef26dd80135d00db32fbba73483fea109b50a3b993b89d,1
isu,8736a3dffd1ae2b28d68,https://github.com/code-423n4/2021-12-defiprotocol.git,860fc371994de53749332af4b9d00387cbd18d4b,isu-8736a3dffd1ae2b28d68-20260815T032551Z-9447f29d865f4d63989b692d42d0b383,benchmarks/isu/best_effort_build_runs/8736a3dffd1ae2b28d68/isu-8736a3dffd1ae2b28d68-20260815T032551Z-9447f29d865f4d63989b692d42d0b383/attempt_manifest.json,benchmarks/isu/best_effort_build_runs/8736a3dffd1ae2b28d68/isu-8736a3dffd1ae2b28d68-20260815T032551Z-9447f29d865f4d63989b692d42d0b383/workspace,contracts,bash -lc npm install --no-save --package-lock=false --no-audit --no-fund --legacy-peer-deps hardhat@2.8.2 @nomiclabs/hardhat-ethers@2.0.4 @nomiclabs/hardhat-waffle@2.0.2 ethers@5.5.2 ethereum-waffle@3.4.0 dotenv@10.0.0 hardhat-deploy@0.9.26 hardhat-deploy-ethers@0.3.0-beta.13 hardhat-gas-reporter@1.0.7 hardhat-contract-sizer@2.4.0 ts-node@10.9.1 typescript@4.9.5 @types/node@16.18.11 @openzeppelin/contracts@4.4.1 @openzeppelin/contracts-upgradeable@4.4.1 && npx hardhat compile,node16-npm8,48a2392dabaaeced849c53e4db856ae9eb9e7af66335bee56d910a1f5b33e74f,1
isu,876f079fe57e7d22f859,https://github.com/code-423n4/2022-12-tessera.git,1e408ebc1c4fdcc72678ea7f21a94d38855ccc0b,isu-876f079fe57e7d22f859-20260815T030756Z-3e861c286c7443a389f650cab75728b4,benchmarks/isu/best_effort_build_runs/876f079fe57e7d22f859/isu-876f079fe57e7d22f859-20260815T030756Z-3e861c286c7443a389f650cab75728b4/attempt_manifest.json,benchmarks/isu/best_effort_build_runs/876f079fe57e7d22f859/isu-876f079fe57e7d22f859-20260815T030756Z-3e861c286c7443a389f650cab75728b4/workspace,.,/bin/bash -lc git clone --no-checkout https://github.com/stevennevins/clones-with-immutable-args lib/clones-with-immutable-args && git -C lib/clones-with-immutable-args checkout --detach 19b255d6ca91d09814773ec8d27df9846362a7f5 && /home/vau3677/liu_coop/anonymized_repo_TOSEM/environment/toolchains/foundry-v1.5.1/forge build --skip test --cache-path .mvscan-cache,node18-npm10,ac2131ff09f0a124405b3603fb3f875186818b6818899d53c75be666982b809e,2
isu,8d760c6fa69de52797f1,https://github.com/code-423n4/2021-07-wildcredit.git,82c48d73fd27a9d4d5d4a395b3affcef4ef6c5c8,isu-8d760c6fa69de52797f1-20260815T035812Z-90d9543755894c1ca1d0c3e08b3af0ac,benchmarks/isu/best_effort_build_runs/8d760c6fa69de52797f1/isu-8d760c6fa69de52797f1-20260815T035812Z-90d9543755894c1ca1d0c3e08b3af0ac/attempt_manifest.json,benchmarks/isu/best_effort_build_runs/8d760c6fa69de52797f1/isu-8d760c6fa69de52797f1-20260815T035812Z-90d9543755894c1ca1d0c3e08b3af0ac/workspace,.,bash -lc mkdir -p artifacts && /home/vau3677/liu_coop/anonymized_repo_TOSEM/environment/toolchains/solc/0.8.0/solc --base-path . --allow-paths . --optimize --bin --abi -o artifacts contracts/*.sol,node16-npm8,abf6636250b15cf37ca19ba741f55e2b2e748a65a07968b919c71d23f9d05141,1
isu,94faa031b29d37add602,https://github.com/code-423n4/2022-02-anchor.git,5da31121b8b9bbd4420aa75e25859207e67538c3,isu-94faa031b29d37add602-20260814T195612Z-4a5f1ff305cb4a02a128d92440bb3d51,benchmarks/isu/best_effort_build_runs/94faa031b29d37add602/isu-94faa031b29d37add602-20260814T195612Z-4a5f1ff305cb4a02a128d92440bb3d51/attempt_manifest.json,benchmarks/isu/best_effort_build_runs/94faa031b29d37add602/isu-94faa031b29d37add602-20260814T195612Z-4a5f1ff305cb4a02a128d92440bb3d51/workspace,contracts/cross-chain-contracts,/usr/bin/python3 /home/vau3677/liu_coop/anonymized_repo_TOSEM/runners/direct_solc_build.py --version 0.8.4 --source-dir ethereum --vendor-dir node_modules,node16-npm8,ced8837d299d2e1ae3d0d0dc419dfb596903017ee8bfe22124763b587ddbd151,1
isu,9846cf86134caae7799e,https://github.com/pooltogether/pooltogether-pool-contracts.git,cbec82befa502500c63b59a9d0dabd678d3dd508,isu-9846cf86134caae7799e-20260815T035429Z-808070eefa3148d38f0e5f54f077b079,benchmarks/isu/best_effort_build_runs/9846cf86134caae7799e/isu-9846cf86134caae7799e-20260815T035429Z-808070eefa3148d38f0e5f54f077b079/attempt_manifest.json,benchmarks/isu/best_effort_build_runs/9846cf86134caae7799e/isu-9846cf86134caae7799e-20260815T035429Z-808070eefa3148d38f0e5f54f077b079/workspace,.,/home/vau3677/liu_coop/anonymized_repo_TOSEM/environment/toolchains/node/14.21.3/bin/node /home/vau3677/liu_coop/anonymized_repo_TOSEM/environment/toolchains/yarn/1.22.22/bin/yarn.js compile,node14-yarn1,665d9edad3f62af1b030b90d0ec4a77f892e5db4628bcb10db5eaea50b92032e,1
isu,9ae84cf683640be4e904,https://github.com/code-423n4/2022-12-gogopool.git,aec9928d8bdce8a5a4efe45f54c39d4fc7313731,isu-9ae84cf683640be4e904-20260814T190950Z-7cf61db52556422899bf2843a78672e8,benchmarks/isu/best_effort_build_runs/9ae84cf683640be4e904/isu-9ae84cf683640be4e904-20260814T190950Z-7cf61db52556422899bf2843a78672e8/attempt_manifest.json,benchmarks/isu/best_effort_build_runs/9ae84cf683640be4e904/isu-9ae84cf683640be4e904-20260814T190950Z-7cf61db52556422899bf2843a78672e8/workspace,.,/home/vau3677/liu_coop/anonymized_repo_TOSEM/environment/toolchains/foundry-v1.5.1/forge build,node14-yarn1,1ea059ba75c19aa8af6b95b32980e07a93ee31377350a12bbc76e892f9890952,1
isu,9beb76425d2bf5942a4d,https://github.com/code-423n4/2024-07-traitforge.git,279b2887e3d38bc219a05d332cbcb0655b2dc644,isu-9beb76425d2bf5942a4d-20260814T192226Z-d65ea76f2de9485e906610a72426cf86,benchmarks/isu/best_effort_build_runs/9beb76425d2bf5942a4d/isu-9beb76425d2bf5942a4d-20260814T192226Z-d65ea76f2de9485e906610a72426cf86/attempt_manifest.json,benchmarks/isu/best_effort_build_runs/9beb76425d2bf5942a4d/isu-9beb76425d2bf5942a4d-20260814T192226Z-d65ea76f2de9485e906610a72426cf86/workspace,.,/home/vau3677/liu_coop/anonymized_repo_TOSEM/environment/toolchains/node/18.20.8/bin/node /home/vau3677/liu_coop/anonymized_repo_TOSEM/environment/toolchains/yarn/1.22.22/bin/yarn.js compile,node18-yarn1,742b51751f9266159f6bf8114a4fac935ba50e00c7e26b8bfa49bb54fdfa8f26,1
isu,9d8daa19c1e936e9ba9e,https://github.com/code-423n4/2024-05-loop.git,20d9013a93a1ba98154198d6cf3c63f73ab95658,isu-9d8daa19c1e936e9ba9e-20260814T192256Z-a316380bc260434a8da085f0d5ace2e6,benchmarks/isu/best_effort_build_runs/9d8daa19c1e936e9ba9e/isu-9d8daa19c1e936e9ba9e-20260814T192256Z-a316380bc260434a8da085f0d5ace2e6/attempt_manifest.json,benchmarks/isu/best_effort_build_runs/9d8daa19c1e936e9ba9e/isu-9d8daa19c1e936e9ba9e-20260814T192256Z-a316380bc260434a8da085f0d5ace2e6/workspace,.,/home/vau3677/liu_coop/anonymized_repo_TOSEM/environment/toolchains/foundry-v1.5.1/forge build,node18-yarn1,cab463aaac1ffe038e994cbbbb30d8b6a69a33e8a14bb9b069f40473b91b9624,1
isu,a07699f968c72edb3c0e,https://github.com/code-423n4/2023-02-malt.git,700f9b468f9cf8c9c5cffaa1eba1b8dea40503f9,isu-a07699f968c72edb3c0e-20260814T191006Z-70f7ec399d7f4344af46c6299238eb96,benchmarks/isu/best_effort_build_runs/a07699f968c72edb3c0e/isu-a07699f968c72edb3c0e-20260814T191006Z-70f7ec399d7f4344af46c6299238eb96/attempt_manifest.json,benchmarks/isu/best_effort_build_runs/a07699f968c72edb3c0e/isu-a07699f968c72edb3c0e-20260814T191006Z-70f7ec399d7f4344af46c6299238eb96/workspace,.,/home/vau3677/liu_coop/anonymized_repo_TOSEM/environment/toolchains/foundry-v1.5.1/forge build,node16-npm8,de7060f506b599fe8b2a62da2e253c0ce3dcb563147800e6ce4f7bd50b0c73f1,4
isu,a71bbe43cb08fee655f2,https://github.com/code-423n4/2021-12-amun.git,cf890dedf2e43ec787e8e5df65726316fda134a1,isu-a71bbe43cb08fee655f2-20260815T025735Z-4907256971ed489781bc8dd72a737386,benchmarks/isu/best_effort_build_runs/a71bbe43cb08fee655f2/isu-a71bbe43cb08fee655f2-20260815T025735Z-4907256971ed489781bc8dd72a737386/attempt_manifest.json,benchmarks/isu/best_effort_build_runs/a71bbe43cb08fee655f2/isu-a71bbe43cb08fee655f2-20260815T025735Z-4907256971ed489781bc8dd72a737386/workspace,contracts/basket,./node_modules/.bin/hardhat compile --config hardhat.compile.config.ts --no-typechain,node16-yarn1,587c9611637745097e7ed8b4d59079d99f4d5ddbdb37d603bb52268b5d677c71,1
isu,a73834efc6e9224c9f97,https://github.com/code-423n4/2023-11-zetachain.git,b237708ed5e86f12c4bddabddfd42f001e81941a,isu-a73834efc6e9224c9f97-20260814T191036Z-3a4df84bd3b24674b7e91e33d512ef9a,benchmarks/isu/best_effort_build_runs/a73834efc6e9224c9f97/isu-a73834efc6e9224c9f97-20260814T191036Z-3a4df84bd3b24674b7e91e33d512ef9a/attempt_manifest.json,benchmarks/isu/best_effort_build_runs/a73834efc6e9224c9f97/isu-a73834efc6e9224c9f97-20260814T191036Z-3a4df84bd3b24674b7e91e33d512ef9a/workspace,repos/protocol-contracts,/home/vau3677/liu_coop/anonymized_repo_TOSEM/environment/toolchains/node/16.20.2/bin/node /home/vau3677/liu_coop/anonymized_repo_TOSEM/environment/toolchains/yarn/1.22.22/bin/yarn.js compile,node16-yarn1,091ca936dbd83fd491cf0cf464f9403acee3233ad923ea1b1af9eb9dee75f368,1
isu,ac67415d04325a4657e0,https://github.com/code-423n4/2023-03-neotokyo.git,8349427f4346ade378dcacd4c131b9cfa7eadaf7,isu-ac67415d04325a4657e0-20260815T034935Z-e9d63496a14a42a49728a4be122c5124,benchmarks/isu/best_effort_build_runs/ac67415d04325a4657e0/isu-ac67415d04325a4657e0-20260815T034935Z-e9d63496a14a42a49728a4be122c5124/attempt_manifest.json,benchmarks/isu/best_effort_build_runs/ac67415d04325a4657e0/isu-ac67415d04325a4657e0-20260815T034935Z-e9d63496a14a42a49728a4be122c5124/workspace,.,/home/vau3677/liu_coop/anonymized_repo_TOSEM/environment/toolchains/node/16.20.2/bin/npx hardhat compile,node16-npm8,ad20b1e76d0430033668ce9684028882c136e2dc72eea0a7f95a8f628e01cb84,1
isu,ad517a7d673ed4aa19f4,https://github.com/code-423n4/2021-11-bootfinance.git,f102ee73eb320532c5a7c1e833f225c479577e39,isu-ad517a7d673ed4aa19f4-20260814T194207Z-f2ec1cd8bd004512bf44e62f36b8457a,benchmarks/isu/best_effort_build_runs/ad517a7d673ed4aa19f4/isu-ad517a7d673ed4aa19f4-20260814T194207Z-f2ec1cd8bd004512bf44e62f36b8457a/attempt_manifest.json,benchmarks/isu/best_effort_build_runs/ad517a7d673ed4aa19f4/isu-ad517a7d673ed4aa19f4-20260814T194207Z-f2ec1cd8bd004512bf44e62f36b8457a/workspace,customswap,/home/vau3677/liu_coop/anonymized_repo_TOSEM/environment/toolchains/node/16.20.2/bin/npx hardhat compile,node16-npm8,ea02b02c879e4b3e858c0c0d605aafb1ac2662074951be989cb98fad95a3a44a,1
isu,ad6fb8b6aeb8640d4b85,https://github.com/code-423n4/2022-01-behodler.git,ce1e7893bdbff8bd7b70474e902e990ac4aeafaf,isu-ad6fb8b6aeb8640d4b85-20260814T191124Z-3ca26189e54b4aa48851505b2f3f80a9,benchmarks/isu/best_effort_build_runs/ad6fb8b6aeb8640d4b85/isu-ad6fb8b6aeb8640d4b85-20260814T191124Z-3ca26189e54b4aa48851505b2f3f80a9/attempt_manifest.json,benchmarks/isu/best_effort_build_runs/ad6fb8b6aeb8640d4b85/isu-ad6fb8b6aeb8640d4b85-20260814T191124Z-3ca26189e54b4aa48851505b2f3f80a9/workspace,.,/home/vau3677/liu_coop/anonymized_repo_TOSEM/environment/toolchains/node/16.20.2/bin/npx hardhat compile,node16-yarn1,8299d6b8bfe616d7e4101217db821cc753760c6fddfdd6bc7643fa5231850e74,1
isu,af2962b8335feda2b275,https://github.com/jbx-protocol/juice-nft-rewards.git,f9893b1497098241dd3a664956d8016ff0d0efd0,isu-af2962b8335feda2b275-20260814T191138Z-6fd89f36a6124395b580706d917e29e6,benchmarks/isu/best_effort_build_runs/af2962b8335feda2b275/isu-af2962b8335feda2b275-20260814T191138Z-6fd89f36a6124395b580706d917e29e6/attempt_manifest.json,benchmarks/isu/best_effort_build_runs/af2962b8335feda2b275/isu-af2962b8335feda2b275-20260814T191138Z-6fd89f36a6124395b580706d917e29e6/workspace,.,/home/vau3677/liu_coop/anonymized_repo_TOSEM/environment/toolchains/foundry-v1.5.1/forge build,node16-yarn1,ba88a1906ade25e78f8c55e352ff86db0be2ce42707c6eb1f13dd6459c6c4b6e,1
isu,afe6967172f4b9b0e34a,https://github.com/code-423n4/2024-05-olas.git,c217c378f48438fb505fb04db4107c839b928e7e,isu-afe6967172f4b9b0e34a-20260814T192321Z-d7c8e642f6434d7d9c7cbd0d1a6dbda7,benchmarks/isu/best_effort_build_runs/afe6967172f4b9b0e34a/isu-afe6967172f4b9b0e34a-20260814T192321Z-d7c8e642f6434d7d9c7cbd0d1a6dbda7/attempt_manifest.json,benchmarks/isu/best_effort_build_runs/afe6967172f4b9b0e34a/isu-afe6967172f4b9b0e34a-20260814T192321Z-d7c8e642f6434d7d9c7cbd0d1a6dbda7/workspace,registries,/home/vau3677/liu_coop/anonymized_repo_TOSEM/environment/toolchains/node/18.20.8/bin/npx hardhat compile,node18-yarn1,f3ea67c16a74366d6f1cb41598c6630935488407a1ee00ecd5bc26e6f923155a,2
isu,b1eb5ae54e7312475c93,https://github.com/code-423n4/2022-08-frax.git,c4189a3a98b38c8c962c5ea72f1a322fbc2ae45f,isu-b1eb5ae54e7312475c93-20260814T191205Z-223c3d2b8e754026b708b7e970147bf8,benchmarks/isu/best_effort_build_runs/b1eb5ae54e7312475c93/isu-b1eb5ae54e7312475c93-20260814T191205Z-223c3d2b8e754026b708b7e970147bf8/attempt_manifest.json,benchmarks/isu/best_effort_build_runs/b1eb5ae54e7312475c93/isu-b1eb5ae54e7312475c93-20260814T191205Z-223c3d2b8e754026b708b7e970147bf8/workspace,.,/home/vau3677/liu_coop/anonymized_repo_TOSEM/environment/toolchains/foundry-v1.5.1/forge build,node16-npm8,b159d5645411ef8612bcbec14b54262bfeee7ea1a4c6feaa294575ce38f86ec1,1
isu,b4a1b55fe2d18f122a1e,https://github.com/code-423n4/2024-04-dyad.git,cd48c684a58158de444b24854ffd8f07d046c31b,isu-b4a1b55fe2d18f122a1e-20260814T191207Z-dbdcaaec15d64dd784a513707713ca97,benchmarks/isu/best_effort_build_runs/b4a1b55fe2d18f122a1e/isu-b4a1b55fe2d18f122a1e-20260814T191207Z-dbdcaaec15d64dd784a513707713ca97/attempt_manifest.json,benchmarks/isu/best_effort_build_runs/b4a1b55fe2d18f122a1e/isu-b4a1b55fe2d18f122a1e-20260814T191207Z-dbdcaaec15d64dd784a513707713ca97/workspace,.,/home/vau3677/liu_coop/anonymized_repo_TOSEM/environment/toolchains/foundry-v1.5.1/forge build,node16-npm8,c4dda9d02e0f9ea8777a5b94b209ed61ad7c167307b60bfde041a417f7c48721,1
isu,b6da317163e7b77bd40c,https://github.com/code-423n4/2022-07-golom.git,8f198624b97addbbe9602a451c908ea51bd3357c,isu-b6da317163e7b77bd40c-20260814T191208Z-c55ef8e349b24b88a3475cf0e5dde93d,benchmarks/isu/best_effort_build_runs/b6da317163e7b77bd40c/isu-b6da317163e7b77bd40c-20260814T191208Z-c55ef8e349b24b88a3475cf0e5dde93d/attempt_manifest.json,benchmarks/isu/best_effort_build_runs/b6da317163e7b77bd40c/isu-b6da317163e7b77bd40c-20260814T191208Z-c55ef8e349b24b88a3475cf0e5dde93d/workspace,.,/home/vau3677/liu_coop/anonymized_repo_TOSEM/environment/toolchains/node/16.20.2/bin/npx hardhat compile,node16-yarn1,7b7423866838acbd1cf2ecd9c311f3201271ba87703af09bdcebe23de4ea412d,1
isu,b96ecb664aefbf38d2d7,https://github.com/code-423n4/2022-09-frax.git,dc6684f77b4e9bd965e8862be7f5fb71473a4c4c,isu-b96ecb664aefbf38d2d7-20260815T030709Z-482d8242f37447149bd535c2dabe8d92,benchmarks/isu/best_effort_build_runs/b96ecb664aefbf38d2d7/isu-b96ecb664aefbf38d2d7-20260815T030709Z-482d8242f37447149bd535c2dabe8d92/attempt_manifest.json,benchmarks/isu/best_effort_build_runs/b96ecb664aefbf38d2d7/isu-b96ecb664aefbf38d2d7-20260815T030709Z-482d8242f37447149bd535c2dabe8d92/workspace,.,/bin/bash -lc git clone --no-checkout https://github.com/corddry/ERC4626.git lib/ERC4626 && git -C lib/ERC4626 checkout --detach 643cd044fac34bcbf64e1c3790a5126fec0dbec1 && git clone --no-checkout https://github.com/foundry-rs/forge-std lib/forge-std && git -C lib/forge-std checkout --detach 5b1975772ef5331c3720b63cb5206ff9cddcdf34 && git clone --no-checkout https://github.com/OpenZeppelin/openzeppelin-contracts.git lib/openzeppelin-contracts && git -C lib/openzeppelin-contracts checkout --detach 8769b19860863ed14e82ac78eb0d09449a49290b && git clone --no-checkout https://github.com/Rari-Capital/solmate lib/solmate && git -C lib/solmate checkout --detach bff24e835192470ed38bf15dbed6084c2d723ace && /home/vau3677/liu_coop/anonymized_repo_TOSEM/environment/toolchains/foundry-v1.5.1/forge build --skip test --cache-path .mvscan-cache,node18-npm10,d55018d163d13c61a252dbff0e3abe619e947b811756aefef4aa4f51402b4f81,1
isu,bd7d8afe32a8ef2e533a,https://github.com/code-423n4/2021-09-defiProtocol.git,31e30e6da03c615d833611022603b6c7e393a514,isu-bd7d8afe32a8ef2e533a-20260814T191210Z-083f33c4d8c947a191b62f83915dda4a,benchmarks/isu/best_effort_build_runs/bd7d8afe32a8ef2e533a/isu-bd7d8afe32a8ef2e533a-20260814T191210Z-083f33c4d8c947a191b62f83915dda4a/attempt_manifest.json,benchmarks/isu/best_effort_build_runs/bd7d8afe32a8ef2e533a/isu-bd7d8afe32a8ef2e533a-20260814T191210Z-083f33c4d8c947a191b62f83915dda4a/workspace,contracts,/home/vau3677/liu_coop/anonymized_repo_TOSEM/environment/toolchains/node/16.20.2/bin/npx hardhat compile,node16-npm8,cd0dbb45093eefe50bd13fb445f0aac4ed52333e537d434c76781ed720f40db1,1
isu,bee019e8a0d6149543c5,https://github.com/code-423n4/2022-07-golom.git,7753ce19bc05cb84162c3c9f50dc3c89f479e5be,isu-bee019e8a0d6149543c5-20260814T191212Z-15a156d7362048b1be66d6f6a3aab64f,benchmarks/isu/best_effort_build_runs/bee019e8a0d6149543c5/isu-bee019e8a0d6149543c5-20260814T191212Z-15a156d7362048b1be66d6f6a3aab64f/attempt_manifest.json,benchmarks/isu/best_effort_build_runs/bee019e8a0d6149543c5/isu-bee019e8a0d6149543c5-20260814T191212Z-15a156d7362048b1be66d6f6a3aab64f/workspace,.,/home/vau3677/liu_coop/anonymized_repo_TOSEM/environment/toolchains/node/16.20.2/bin/npx hardhat compile,node16-yarn1,7b7423866838acbd1cf2ecd9c311f3201271ba87703af09bdcebe23de4ea412d,1
isu,beef56a5a282f2ba6af8,https://github.com/code-423n4/2023-01-popcorn.git,9382ae9c6414df7f9b5aecd5754c59019ced60b7,isu-beef56a5a282f2ba6af8-20260814T191256Z-f7b432a64c924df8bc9d3516fb30ac62,benchmarks/isu/best_effort_build_runs/beef56a5a282f2ba6af8/isu-beef56a5a282f2ba6af8-20260814T191256Z-f7b432a64c924df8bc9d3516fb30ac62/attempt_manifest.json,benchmarks/isu/best_effort_build_runs/beef56a5a282f2ba6af8/isu-beef56a5a282f2ba6af8-20260814T191256Z-f7b432a64c924df8bc9d3516fb30ac62/workspace,.,/home/vau3677/liu_coop/anonymized_repo_TOSEM/environment/toolchains/foundry-v1.5.1/forge build,node16-yarn1,0fff826133d2d8e8141e627fa603f50c23130e411bbf86fd9b44e344483a856d,1
isu,bff4c70e313a4fd4754a,https://github.com/code-423n4/2022-12-forgeries.git,42e2996aaec205a93685bfb32d47eca79941e2bf,isu-bff4c70e313a4fd4754a-20260814T191258Z-58103f306f014dbbbe90f53bed49a444,benchmarks/isu/best_effort_build_runs/bff4c70e313a4fd4754a/isu-bff4c70e313a4fd4754a-20260814T191258Z-58103f306f014dbbbe90f53bed49a444/attempt_manifest.json,benchmarks/isu/best_effort_build_runs/bff4c70e313a4fd4754a/isu-bff4c70e313a4fd4754a-20260814T191258Z-58103f306f014dbbbe90f53bed49a444/workspace,.,/home/vau3677/liu_coop/anonymized_repo_TOSEM/environment/toolchains/foundry-v1.5.1/forge build,node16-yarn1,79610a81f503a40217b96a59ddfc2c173d2ab2998997931e236b83939a01cde8,1
isu,c7315dd0cd937eb91438,https://github.com/code-423n4/2023-12-particle.git,a3af40839b24aa13f5764d4f84933dbfa8bc8134,isu-c7315dd0cd937eb91438-20260814T191306Z-2cf0ad50347d4aefa98ddd17364cd7be,benchmarks/isu/best_effort_build_runs/c7315dd0cd937eb91438/isu-c7315dd0cd937eb91438-20260814T191306Z-2cf0ad50347d4aefa98ddd17364cd7be/attempt_manifest.json,benchmarks/isu/best_effort_build_runs/c7315dd0cd937eb91438/isu-c7315dd0cd937eb91438-20260814T191306Z-2cf0ad50347d4aefa98ddd17364cd7be/workspace,.,/home/vau3677/liu_coop/anonymized_repo_TOSEM/environment/toolchains/foundry-v1.5.1/forge build,node16-yarn1,2ce61c031555df82f035a26e980d2270a9a9ed73c8ecfc7da34ddff5db62ee30,1
isu,c7fcb7c2bdaac83cd94d,https://github.com/code-423n4/2022-04-abranft.git,5cd4edc3298c05748e952f8a8c93e42f930a78c2,isu-c7fcb7c2bdaac83cd94d-20260814T210858Z-c069bea1cacc445b9eefbb042481a9a4,benchmarks/isu/best_effort_build_runs/c7fcb7c2bdaac83cd94d/isu-c7fcb7c2bdaac83cd94d-20260814T210858Z-c069bea1cacc445b9eefbb042481a9a4/attempt_manifest.json,benchmarks/isu/best_effort_build_runs/c7fcb7c2bdaac83cd94d/isu-c7fcb7c2bdaac83cd94d-20260814T210858Z-c069bea1cacc445b9eefbb042481a9a4/workspace,.,/home/vau3677/liu_coop/anonymized_repo_TOSEM/environment/toolchains/node/12.22.12/bin/node /home/vau3677/liu_coop/anonymized_repo_TOSEM/environment/toolchains/yarn/1.22.22/bin/yarn.js build,node12-yarn1,44e8944b2f4c0d603efff66e0990af7a67763ba0d1b07676c6f5ff5a5005bb58,1
isu,cc56f82e45b5a1958baa,https://github.com/PartyDAO/party-contracts-c4.git,3896577b8f0fa16cba129dc2867aba786b730c1b,isu-cc56f82e45b5a1958baa-20260814T191316Z-41f9780d9d6c4a6f94ca7872a11b6740,benchmarks/isu/best_effort_build_runs/cc56f82e45b5a1958baa/isu-cc56f82e45b5a1958baa-20260814T191316Z-41f9780d9d6c4a6f94ca7872a11b6740/attempt_manifest.json,benchmarks/isu/best_effort_build_runs/cc56f82e45b5a1958baa/isu-cc56f82e45b5a1958baa-20260814T191316Z-41f9780d9d6c4a6f94ca7872a11b6740/workspace,.,/home/vau3677/liu_coop/anonymized_repo_TOSEM/environment/toolchains/node/16.20.2/bin/node /home/vau3677/liu_coop/anonymized_repo_TOSEM/environment/toolchains/yarn/1.22.22/bin/yarn.js build,node16-yarn1,8dd02e31dee1ad89713a10cdf700b11bcd2a2bbaa38bc820c215347db7a8f9c9,1
isu,d40239342ee19aba5e73,https://github.com/code-423n4/2022-02-concur.git,f906d9429739b4c9d00a439964cca81c0d92352f,isu-d40239342ee19aba5e73-20260814T213055Z-59d10664f01a41178081686efb68da9a,benchmarks/isu/best_effort_build_runs/d40239342ee19aba5e73/isu-d40239342ee19aba5e73-20260814T213055Z-59d10664f01a41178081686efb68da9a/attempt_manifest.json,benchmarks/isu/best_effort_build_runs/d40239342ee19aba5e73/isu-d40239342ee19aba5e73-20260814T213055Z-59d10664f01a41178081686efb68da9a/workspace,.,./node_modules/.bin/hardhat compile,node16-npm8,998eedbf7d68c268a9aa3ceeca6426d0a01c806766f6058c1e2386d0700ef01e,1
isu,d70057952f8081152c99,https://github.com/code-423n4/2024-01-curves.git,516aedb7b9a8d341d0d2666c23780d2bd8a9a600,isu-d70057952f8081152c99-20260815T024314Z-ebefab161ad34eb3ad155aceb6e98b67,benchmarks/isu/best_effort_build_runs/d70057952f8081152c99/isu-d70057952f8081152c99-20260815T024314Z-ebefab161ad34eb3ad155aceb6e98b67/attempt_manifest.json,benchmarks/isu/best_effort_build_runs/d70057952f8081152c99/isu-d70057952f8081152c99-20260815T024314Z-ebefab161ad34eb3ad155aceb6e98b67/workspace,.,/home/vau3677/liu_coop/anonymized_repo_TOSEM/environment/toolchains/node/18.20.8/bin/npx hardhat compile,node18-npm10,37cba368b07bf1e3c9a6e1714151c8c0932e27caffac2eeb1a2f392ac040a2ff,1
isu,d7c2d75431fd4e77ba2d,https://github.com/code-423n4/2021-10-mochi.git,b74cfe1815ba768954415eff6f1096c95564ad8b,isu-d7c2d75431fd4e77ba2d-20260814T212543Z-701e390ba1b14dcb866d8dca675798a1,benchmarks/isu/best_effort_build_runs/d7c2d75431fd4e77ba2d/isu-d7c2d75431fd4e77ba2d-20260814T212543Z-701e390ba1b14dcb866d8dca675798a1/attempt_manifest.json,benchmarks/isu/best_effort_build_runs/d7c2d75431fd4e77ba2d/isu-d7c2d75431fd4e77ba2d-20260814T212543Z-701e390ba1b14dcb866d8dca675798a1/workspace,projects/mochi-core,./node_modules/.bin/hardhat compile --no-typechain,node16-npm8,4bdf3ebf5c1920c19cb863d86716ea968793d526a40d2c7f7209e409bfd7d35f,2
isu,e31b806756023cb9c5e9,https://github.com/code-423n4/2021-11-unlock.git,84086b6486d9691e3f5e1ac696c794eea610c814,isu-e31b806756023cb9c5e9-20260815T034749Z-d770e181777046729b61a3354449c1c9,benchmarks/isu/best_effort_build_runs/e31b806756023cb9c5e9/isu-e31b806756023cb9c5e9-20260815T034749Z-d770e181777046729b61a3354449c1c9/attempt_manifest.json,benchmarks/isu/best_effort_build_runs/e31b806756023cb9c5e9/isu-e31b806756023cb9c5e9-20260815T034749Z-d770e181777046729b61a3354449c1c9/workspace,smart-contracts,/home/vau3677/liu_coop/anonymized_repo_TOSEM/environment/toolchains/node/16.20.2/bin/node /home/vau3677/liu_coop/anonymized_repo_TOSEM/environment/toolchains/yarn/1.22.22/bin/yarn.js build,node16-yarn1,4b72c28c00e2a18f962c2bccf9edab1300c5dd4cef405f3e57d4a1b8c17d0473,1
isu,e58beaed9b98b08064e6,https://github.com/code-423n4/2024-03-revert-lend.git,62ad70e634082930aed861e153d2c1e0cc94e44e,isu-e58beaed9b98b08064e6-20260814T191403Z-658568b1cea44e90ae292c8297eff399,benchmarks/isu/best_effort_build_runs/e58beaed9b98b08064e6/isu-e58beaed9b98b08064e6-20260814T191403Z-658568b1cea44e90ae292c8297eff399/attempt_manifest.json,benchmarks/isu/best_effort_build_runs/e58beaed9b98b08064e6/isu-e58beaed9b98b08064e6-20260814T191403Z-658568b1cea44e90ae292c8297eff399/workspace,.,/home/vau3677/liu_coop/anonymized_repo_TOSEM/environment/toolchains/foundry-v1.5.1/forge build,node16-npm8,ca91d22baf54f77ba7a8db391ebca2253c3753a1a4821a59e761920da9535773,1
isu,e7689c5bacc48db39ccb,https://github.com/code-423n4/2022-11-paraspace.git,34cb87ea4a5e698f49ae5f5a07228db99514b7c7,isu-e7689c5bacc48db39ccb-20260814T211206Z-5593746b51604b05952016f1968ab824,benchmarks/isu/best_effort_build_runs/e7689c5bacc48db39ccb/isu-e7689c5bacc48db39ccb-20260814T211206Z-5593746b51604b05952016f1968ab824/attempt_manifest.json,benchmarks/isu/best_effort_build_runs/e7689c5bacc48db39ccb/isu-e7689c5bacc48db39ccb-20260814T211206Z-5593746b51604b05952016f1968ab824/workspace,paraspace-core,/home/vau3677/liu_coop/anonymized_repo_TOSEM/environment/toolchains/node/18.20.8/bin/node /home/vau3677/liu_coop/anonymized_repo_TOSEM/environment/toolchains/yarn/1.22.22/bin/yarn.js build,node18-npm10,20110b2aa3c7c26aee3b464685a3dd9b0078507513aa85a1156e6ad2f045a690,1
isu,eb98a059ef709e7c9611,https://github.com/code-423n4/2023-08-dopex.git,00601a3f4e3f662007b077bf1b201c9f5f00a8b6,isu-eb98a059ef709e7c9611-20260814T214525Z-413b0348eb6342dc8017d9ca8b67d161,benchmarks/isu/best_effort_build_runs/eb98a059ef709e7c9611/isu-eb98a059ef709e7c9611-20260814T214525Z-413b0348eb6342dc8017d9ca8b67d161/attempt_manifest.json,benchmarks/isu/best_effort_build_runs/eb98a059ef709e7c9611/isu-eb98a059ef709e7c9611-20260814T214525Z-413b0348eb6342dc8017d9ca8b67d161/workspace,.,/usr/bin/python3 /home/vau3677/liu_coop/anonymized_repo_TOSEM/runners/direct_solc_build.py --version 0.8.19 --source-dir contracts --exclude-dir mocks --optimizer --via-ir --vendor-dir lib --remapping @openzeppelin-upgradeable/=lib/openzeppelin-contracts-upgradeable --remapping @openzeppelin/=lib/openzeppelin-contracts --remapping forge-std/=lib/forge-std/src --remapping solmate/=lib/solmate --remapping @uniswap/v3-core/=lib/v3-core --remapping @uniswap/lib/=lib/rdpx-eth-oracle/lib/solidity-lib --remapping @uniswap/v2-core/=lib/rdpx-eth-oracle/lib/v2-core --remapping @uniswap/v2-periphery/=lib/rdpx-eth-oracle/lib/v2-periphery --remapping rdpx-eth-oracle/=lib/rdpx-eth-oracle/src,node16-npm8,b4c4a11f41dfd7e73029343f2312f87fcc7ae9e4a1574242610391f23dc67a57,2
isu,ec5efe413e6f66910418,https://github.com/code-423n4/2022-11-stakehouse.git,08a34ed4505173e7cad2d3b2bde92863b61716c8,isu-ec5efe413e6f66910418-20260814T191416Z-88cbe3b3d37e42b3982f522626d0abc3,benchmarks/isu/best_effort_build_runs/ec5efe413e6f66910418/isu-ec5efe413e6f66910418-20260814T191416Z-88cbe3b3d37e42b3982f522626d0abc3/attempt_manifest.json,benchmarks/isu/best_effort_build_runs/ec5efe413e6f66910418/isu-ec5efe413e6f66910418-20260814T191416Z-88cbe3b3d37e42b3982f522626d0abc3/workspace,.,/home/vau3677/liu_coop/anonymized_repo_TOSEM/environment/toolchains/node/16.20.2/bin/node /home/vau3677/liu_coop/anonymized_repo_TOSEM/environment/toolchains/yarn/1.22.22/bin/yarn.js compile,node16-yarn1,48d46588eee05f9881b1e8c25771f08162f0485c2a608dd0fade009a933bb48e,3
isu,edb1f071a84b4371a099,https://github.com/code-423n4/2023-02-malt.git,63d0e77070886d1c8b4ca6241a747656a0441175,isu-edb1f071a84b4371a099-20260814T191416Z-fed806f5e59e40e38e45bedb9482601a,benchmarks/isu/best_effort_build_runs/edb1f071a84b4371a099/isu-edb1f071a84b4371a099-20260814T191416Z-fed806f5e59e40e38e45bedb9482601a/attempt_manifest.json,benchmarks/isu/best_effort_build_runs/edb1f071a84b4371a099/isu-edb1f071a84b4371a099-20260814T191416Z-fed806f5e59e40e38e45bedb9482601a/workspace,.,/home/vau3677/liu_coop/anonymized_repo_TOSEM/environment/toolchains/foundry-v1.5.1/forge build,node16-npm8,4b75e04fd39bca1c768122bc5ca3b6732205c1d071b884f0e8c8f6d900bfc2dd,1
isu,ee0fa7d435f1c79612d5,https://github.com/code-423n4/2022-12-tessera.git,f37a11407da2af844bbfe868e1422e3665a5f8e4,isu-ee0fa7d435f1c79612d5-20260814T191418Z-dc45a41e59c94b1598f0fd5527192664,benchmarks/isu/best_effort_build_runs/ee0fa7d435f1c79612d5/isu-ee0fa7d435f1c79612d5-20260814T191418Z-dc45a41e59c94b1598f0fd5527192664/attempt_manifest.json,benchmarks/isu/best_effort_build_runs/ee0fa7d435f1c79612d5/isu-ee0fa7d435f1c79612d5-20260814T191418Z-dc45a41e59c94b1598f0fd5527192664/workspace,.,/home/vau3677/liu_coop/anonymized_repo_TOSEM/environment/toolchains/foundry-v1.5.1/forge build,node16-npm8,e1da4be129f9ed86d6f40f9f2ea31387fb2873ec8beca82788a7ba49d58670e2,1
isu,f4d010dc66dec808788d,https://github.com/code-423n4/2022-08-olympus.git,b5e139d732eb4c07102f149fb9426d356af617aa,isu-f4d010dc66dec808788d-20260814T214219Z-c3cc1e34bead4488bf61e5237201068d,benchmarks/isu/best_effort_build_runs/f4d010dc66dec808788d/isu-f4d010dc66dec808788d-20260814T214219Z-c3cc1e34bead4488bf61e5237201068d/attempt_manifest.json,benchmarks/isu/best_effort_build_runs/f4d010dc66dec808788d/isu-f4d010dc66dec808788d-20260814T214219Z-c3cc1e34bead4488bf61e5237201068d/workspace,.,/usr/bin/python3 /home/vau3677/liu_coop/anonymized_repo_TOSEM/runners/direct_solc_build.py --version 0.8.15 --source-dir src --exclude-dir test --exclude-dir scripts --vendor-dir lib --remapping forge-std/=lib/forge-std/src --remapping solmate/=lib/solmate/src --remapping interfaces/=src/interfaces --remapping libraries/=src/libraries --remapping modules/=src/modules --remapping policies/=src/policies,node16-npm8,c901795b2b6d0c7adf0472595f7f8dade61505bfd8cde8119d7b045ae525f7d1,1
isu,f50077300d555dbf4ab9,https://github.com/PlayFi-Labs/node-license-sale-contracts.git,219c9ac0c963074cdd032f1188d0b5b7f6e3ccbb,isu-f50077300d555dbf4ab9-20260814T191540Z-f57c5e4a979f47aa84b7ef1ae3358945,benchmarks/isu/best_effort_build_runs/f50077300d555dbf4ab9/isu-f50077300d555dbf4ab9-20260814T191540Z-f57c5e4a979f47aa84b7ef1ae3358945/attempt_manifest.json,benchmarks/isu/best_effort_build_runs/f50077300d555dbf4ab9/isu-f50077300d555dbf4ab9-20260814T191540Z-f57c5e4a979f47aa84b7ef1ae3358945/workspace,.,/home/vau3677/liu_coop/anonymized_repo_TOSEM/environment/toolchains/node/18.20.8/bin/npx hardhat compile --config hardhat.config.evm.ts,node18-yarn1,38da15c8edff21e84d82305ce9d27314952adc69e21f668bab0dc70b03963599,2
isu,fa3e53cdabdbb7f07346,https://github.com/debtdao/Line-of-Credit.git,e8aa08b44f6132a5ed901f8daa231700c5afeb3a,isu-fa3e53cdabdbb7f07346-20260814T215204Z-4859b9bd2f684e598c9c61fd1b771177,benchmarks/isu/best_effort_build_runs/fa3e53cdabdbb7f07346/isu-fa3e53cdabdbb7f07346-20260814T215204Z-4859b9bd2f684e598c9c61fd1b771177/attempt_manifest.json,benchmarks/isu/best_effort_build_runs/fa3e53cdabdbb7f07346/isu-fa3e53cdabdbb7f07346-20260814T215204Z-4859b9bd2f684e598c9c61fd1b771177/workspace,.,/usr/bin/python3 /home/vau3677/liu_coop/anonymized_repo_TOSEM/runners/direct_solc_build.py --version 0.8.9 --source-dir contracts --exclude-dir tests --exclude-dir mock --optimizer --vendor-dir lib --remapping chainlink/=lib/chainlink/contracts/src/v0.8 --remapping forge-std/=lib/forge-std/src --remapping openzeppelin/=lib/openzeppelin-contracts/contracts,node16-npm8,d75f0a0f293a1056dbec4af0ade833df46495681f9802314a93347b2c6bd1abb,1
isu,fa4a8073c5c25e104017,https://github.com/code-423n4/2022-11-stakehouse.git,4b6828e9c807f2f7c569e6d721ca1289f7cf7112,isu-fa4a8073c5c25e104017-20260814T191424Z-2355989520b54d55ab32406faa9d3504,benchmarks/isu/best_effort_build_runs/fa4a8073c5c25e104017/isu-fa4a8073c5c25e104017-20260814T191424Z-2355989520b54d55ab32406faa9d3504/attempt_manifest.json,benchmarks/isu/best_effort_build_runs/fa4a8073c5c25e104017/isu-fa4a8073c5c25e104017-20260814T191424Z-2355989520b54d55ab32406faa9d3504/workspace,.,/home/vau3677/liu_coop/anonymized_repo_TOSEM/environment/toolchains/node/16.20.2/bin/node /home/vau3677/liu_coop/anonymized_repo_TOSEM/environment/toolchains/yarn/1.22.22/bin/yarn.js compile,node16-yarn1,fdfc16ab433f6145c614e11bed5999556ab30a1f525e05171373670995b3eba6,1
isu,fe399aaaec4f5e1411c6,https://github.com/code-423n4/2022-12-tigris.git,496e1974ee3838be8759e7b4096dbee1b8795593,isu-fe399aaaec4f5e1411c6-20260814T191427Z-f4ccf4f938d44c61a726296c99664aef,benchmarks/isu/best_effort_build_runs/fe399aaaec4f5e1411c6/isu-fe399aaaec4f5e1411c6-20260814T191427Z-f4ccf4f938d44c61a726296c99664aef/attempt_manifest.json,benchmarks/isu/best_effort_build_runs/fe399aaaec4f5e1411c6/isu-fe399aaaec4f5e1411c6-20260814T191427Z-f4ccf4f938d44c61a726296c99664aef/workspace,.,/home/vau3677/liu_coop/anonymized_repo_TOSEM/environment/toolchains/node/16.20.2/bin/npx hardhat compile,node16-npm8,389d1113f9c39bd70c2b67fefa7f43ce1081bf3bb0d3cfa88779f22607a6ea09,1
isu,fed0ac8da716985d869b,https://github.com/code-423n4/2023-06-lybra.git,4f7ee7b143d75faebfc9cceb21a0ac794d84978a,isu-fed0ac8da716985d869b-20260814T191434Z-20a00d7b3b574cb291e188f7119f26c0,benchmarks/isu/best_effort_build_runs/fed0ac8da716985d869b/isu-fed0ac8da716985d869b-20260814T191434Z-20a00d7b3b574cb291e188f7119f26c0/attempt_manifest.json,benchmarks/isu/best_effort_build_runs/fed0ac8da716985d869b/isu-fed0ac8da716985d869b-20260814T191434Z-20a00d7b3b574cb291e188f7119f26c0/workspace,.,/home/vau3677/liu_coop/anonymized_repo_TOSEM/environment/toolchains/node/16.20.2/bin/npm run build,node16-npm8,67cc88754a526c1cb17e9c77c80335ee3bac2f94fcc5653e6eeff87140300e5f,1
isu,fed6883739d838ef60fe,https://github.com/code-423n4/2024-02-ai-arena.git,b05b54a9eb5b0964bde9825f75305caa2d943155,isu-fed6883739d838ef60fe-20260814T191436Z-33352ba38b0240eb921574e27f556b3e,benchmarks/isu/best_effort_build_runs/fed6883739d838ef60fe/isu-fed6883739d838ef60fe-20260814T191436Z-33352ba38b0240eb921574e27f556b3e/attempt_manifest.json,benchmarks/isu/best_effort_build_runs/fed6883739d838ef60fe/isu-fed6883739d838ef60fe-20260814T191436Z-33352ba38b0240eb921574e27f556b3e/workspace,.,/home/vau3677/liu_coop/anonymized_repo_TOSEM/environment/toolchains/foundry-v1.5.1/forge build,node16-npm8,429029a3f5b783f3f2a1f6759ef2dd28b43610b87ff881ad4d0c4bec06b90b84,1
web3bugs,5,benchmarks/sources/Web3Bugs/contracts/5,fd8544e84f0d6cea4b4d6a44ee62d8f7623648f4,web3bugs-5-best-effort-20260814T182016Z-1f443fe786f84c709176a601c5946e42,benchmarks/web3bugs/best_effort_build_runs/5/web3bugs-5-best-effort-20260814T182016Z-1f443fe786f84c709176a601c5946e42/attempt_manifest.json,benchmarks/web3bugs/best_effort_build_runs/5/web3bugs-5-best-effort-20260814T182016Z-1f443fe786f84c709176a601c5946e42/workspace,vader-protocol,/home/vau3677/liu_coop/anonymized_repo_TOSEM/environment/toolchains/node/16.20.2/bin/npx hardhat compile,node16-npm8,f6eab3938e3e270d8484e6a2612c42bf983d8ecf420fb9dd4e3730324a245147,1
web3bugs,6,benchmarks/sources/Web3Bugs/contracts/6,fd8544e84f0d6cea4b4d6a44ee62d8f7623648f4,web3bugs-6-best-effort-20260814T184250Z-36547743cb7845c092268e3299f5c154,benchmarks/web3bugs/best_effort_build_runs/6/web3bugs-6-best-effort-20260814T184250Z-36547743cb7845c092268e3299f5c154/attempt_manifest.json,benchmarks/web3bugs/best_effort_build_runs/6/web3bugs-6-best-effort-20260814T184250Z-36547743cb7845c092268e3299f5c154/workspace,.,/usr/bin/python3 /home/vau3677/liu_coop/anonymized_repo_TOSEM/runners/direct_solc_build.py --version 0.7.6,node16-npm8,a035af271d09abffb87609d15ad33904bec2546e43d8efd95fdb275563c62a2f,1
web3bugs,10,benchmarks/sources/Web3Bugs/contracts/10,fd8544e84f0d6cea4b4d6a44ee62d8f7623648f4,web3bugs-10-best-effort-20260814T184030Z-fb0576f124a44b9b9ea309df171eb002,benchmarks/web3bugs/best_effort_build_runs/10/web3bugs-10-best-effort-20260814T184030Z-fb0576f124a44b9b9ea309df171eb002/attempt_manifest.json,benchmarks/web3bugs/best_effort_build_runs/10/web3bugs-10-best-effort-20260814T184030Z-fb0576f124a44b9b9ea309df171eb002/workspace,contracts,/home/vau3677/liu_coop/anonymized_repo_TOSEM/environment/toolchains/node/16.20.2/bin/npm run compile,node16-npm8,2ceeb5eaca29d4d90a38250d82a2edef7bc8f4d153e4c6d17a752a43363c01b2,1
web3bugs,12,benchmarks/sources/Web3Bugs/contracts/12,fd8544e84f0d6cea4b4d6a44ee62d8f7623648f4,web3bugs-12-best-effort-20260814T182156Z-3fe2e4ce4bf5461ab83f078e0e3f0e34,benchmarks/web3bugs/best_effort_build_runs/12/web3bugs-12-best-effort-20260814T182156Z-3fe2e4ce4bf5461ab83f078e0e3f0e34/attempt_manifest.json,benchmarks/web3bugs/best_effort_build_runs/12/web3bugs-12-best-effort-20260814T182156Z-3fe2e4ce4bf5461ab83f078e0e3f0e34/workspace,.,/home/vau3677/liu_coop/anonymized_repo_TOSEM/environment/toolchains/node/16.20.2/bin/node /home/vau3677/liu_coop/anonymized_repo_TOSEM/environment/toolchains/yarn/1.22.22/bin/yarn.js build,node16-yarn1,c4fe968999e5d18690c6e90f25bbca315444b875058beb100d37b6797066ddc3,1
web3bugs,16,benchmarks/sources/Web3Bugs/contracts/16,fd8544e84f0d6cea4b4d6a44ee62d8f7623648f4,web3bugs-16-best-effort-20260814T184030Z-e9e607ac191546c28688f38a70dcd360,benchmarks/web3bugs/best_effort_build_runs/16/web3bugs-16-best-effort-20260814T184030Z-e9e607ac191546c28688f38a70dcd360/attempt_manifest.json,benchmarks/web3bugs/best_effort_build_runs/16/web3bugs-16-best-effort-20260814T184030Z-e9e607ac191546c28688f38a70dcd360/workspace,src,/home/vau3677/liu_coop/anonymized_repo_TOSEM/environment/toolchains/node/16.20.2/bin/npm run compile,node16-npm8,eaafaa2b353cdc3d17b0e382f002e6b8bd75b3db363afb864075553c9ce3efc6,1
web3bugs,18,benchmarks/sources/Web3Bugs/contracts/18,fd8544e84f0d6cea4b4d6a44ee62d8f7623648f4,web3bugs-18-best-effort-20260814T184250Z-3f58dfacfaf042449c2de99d9a8a2671,benchmarks/web3bugs/best_effort_build_runs/18/web3bugs-18-best-effort-20260814T184250Z-3f58dfacfaf042449c2de99d9a8a2671/attempt_manifest.json,benchmarks/web3bugs/best_effort_build_runs/18/web3bugs-18-best-effort-20260814T184250Z-3f58dfacfaf042449c2de99d9a8a2671/workspace,.,/usr/bin/python3 /home/vau3677/liu_coop/anonymized_repo_TOSEM/runners/direct_solc_build.py --version 0.8.17,node16-npm8,05bd110bdc7d3db4d1f3afc952d6b7a1b4e5432588d6aede4995763f9ee21e0c,1
web3bugs,21,benchmarks/sources/Web3Bugs/contracts/21,fd8544e84f0d6cea4b4d6a44ee62d8f7623648f4,web3bugs-21-best-effort-20260814T185650Z-b0c799d162eb475c8922703bb149fe4d,benchmarks/web3bugs/best_effort_build_runs/21/web3bugs-21-best-effort-20260814T185650Z-b0c799d162eb475c8922703bb149fe4d/attempt_manifest.json,benchmarks/web3bugs/best_effort_build_runs/21/web3bugs-21-best-effort-20260814T185650Z-b0c799d162eb475c8922703bb149fe4d/workspace,.,/home/vau3677/liu_coop/anonymized_repo_TOSEM/environment/toolchains/node/16.20.2/bin/npx hardhat compile,node16-yarn1,a5d2bae4d1c8357c4fcf3f925bd10f10754c338608e3fba8814fc12d13732efe,1
web3bugs,22,benchmarks/sources/Web3Bugs/contracts/22,fd8544e84f0d6cea4b4d6a44ee62d8f7623648f4,web3bugs-22-best-effort-20260814T184030Z-cf3918b2314d4058bf0ec8d3089c5808,benchmarks/web3bugs/best_effort_build_runs/22/web3bugs-22-best-effort-20260814T184030Z-cf3918b2314d4058bf0ec8d3089c5808/attempt_manifest.json,benchmarks/web3bugs/best_effort_build_runs/22/web3bugs-22-best-effort-20260814T184030Z-cf3918b2314d4058bf0ec8d3089c5808/workspace,contracts,/home/vau3677/liu_coop/anonymized_repo_TOSEM/environment/toolchains/node/16.20.2/bin/node /home/vau3677/liu_coop/anonymized_repo_TOSEM/environment/toolchains/yarn/1.22.22/bin/yarn.js compile,node16-npm8,0b151734c9472a9d9957b42ba08f59a139f9bc6f6fecfa938fc2370ff6089c11,1
web3bugs,24,benchmarks/sources/Web3Bugs/contracts/24,fd8544e84f0d6cea4b4d6a44ee62d8f7623648f4,web3bugs-24-best-effort-20260814T184103Z-43bdd6067f8940e3b4331c8644b8884e,benchmarks/web3bugs/best_effort_build_runs/24/web3bugs-24-best-effort-20260814T184103Z-43bdd6067f8940e3b4331c8644b8884e/attempt_manifest.json,benchmarks/web3bugs/best_effort_build_runs/24/web3bugs-24-best-effort-20260814T184103Z-43bdd6067f8940e3b4331c8644b8884e/workspace,pooltogether-mstable,/home/vau3677/liu_coop/anonymized_repo_TOSEM/environment/toolchains/node/16.20.2/bin/node /home/vau3677/liu_coop/anonymized_repo_TOSEM/environment/toolchains/yarn/1.22.22/bin/yarn.js compile,node16-npm8,f2d2d68624ce2097456d67218b3ea1f676c58d95722c509b9df4d4ab73a44ee2,1
web3bugs,25,benchmarks/sources/Web3Bugs/contracts/25,fd8544e84f0d6cea4b4d6a44ee62d8f7623648f4,web3bugs-25-best-effort-20260814T183123Z-fe3a462af7d44eeaac70553cb3ef5573,benchmarks/web3bugs/best_effort_build_runs/25/web3bugs-25-best-effort-20260814T183123Z-fe3a462af7d44eeaac70553cb3ef5573/attempt_manifest.json,benchmarks/web3bugs/best_effort_build_runs/25/web3bugs-25-best-effort-20260814T183123Z-fe3a462af7d44eeaac70553cb3ef5573/workspace,.,/home/vau3677/liu_coop/anonymized_repo_TOSEM/environment/toolchains/node/16.20.2/bin/node /home/vau3677/liu_coop/anonymized_repo_TOSEM/environment/toolchains/yarn/1.22.22/bin/yarn.js build,node16-yarn1,fa428b39c933d4664acdeda9de9fd2535bcfb3707be1ce685d56d98ea46c9105,1
web3bugs,26,benchmarks/sources/Web3Bugs/contracts/26,fd8544e84f0d6cea4b4d6a44ee62d8f7623648f4,web3bugs-26-best-effort-20260814T182918Z-27adcaada4054e05994a6dceb04a3c87,benchmarks/web3bugs/best_effort_build_runs/26/web3bugs-26-best-effort-20260814T182918Z-27adcaada4054e05994a6dceb04a3c87/attempt_manifest.json,benchmarks/web3bugs/best_effort_build_runs/26/web3bugs-26-best-effort-20260814T182918Z-27adcaada4054e05994a6dceb04a3c87/workspace,.,/home/vau3677/liu_coop/anonymized_repo_TOSEM/environment/toolchains/node/16.20.2/bin/npm run compile,node16-npm8,0f4fb1fcfb7f139c031224064c84373b8fd39592165a3eaab9e70eed2adcd6f9,1
web3bugs,28,benchmarks/sources/Web3Bugs/contracts/28,fd8544e84f0d6cea4b4d6a44ee62d8f7623648f4,web3bugs-28-best-effort-20260817T192501Z-ca3f0e7a47804ddfa7fe4039dcc607a5,benchmarks/web3bugs/best_effort_build_runs/28/web3bugs-28-best-effort-20260817T192501Z-ca3f0e7a47804ddfa7fe4039dcc607a5/attempt_manifest.json,benchmarks/web3bugs/best_effort_build_runs/28/web3bugs-28-best-effort-20260817T192501Z-ca3f0e7a47804ddfa7fe4039dcc607a5/workspace,.,/home/vau3677/liu_coop/anonymized_repo_TOSEM/environment/toolchains/brownie/bin/python -c from brownie._cli.__main__ import main; main() compile,node16-npm8,195ee282c8a61cfc210a84f4832e2cec1f06a37174f7069803a4a92ec7db2ab1,1
web3bugs,29,benchmarks/sources/Web3Bugs/contracts/29,fd8544e84f0d6cea4b4d6a44ee62d8f7623648f4,web3bugs-29-best-effort-20260814T185717Z-f6feeea336c04dd6891813c53cfcd75e,benchmarks/web3bugs/best_effort_build_runs/29/web3bugs-29-best-effort-20260814T185717Z-f6feeea336c04dd6891813c53cfcd75e/attempt_manifest.json,benchmarks/web3bugs/best_effort_build_runs/29/web3bugs-29-best-effort-20260814T185717Z-f6feeea336c04dd6891813c53cfcd75e/workspace,trident,/home/vau3677/liu_coop/anonymized_repo_TOSEM/environment/toolchains/node/16.20.2/bin/node /home/vau3677/liu_coop/anonymized_repo_TOSEM/environment/toolchains/yarn/1.22.22/bin/yarn.js build,node16-npm8,c9b950405a253e3fd1bd7b796c547907c10e8ba2771ef7e3a23546ff14618aad,1
web3bugs,31,benchmarks/sources/Web3Bugs/contracts/31,fd8544e84f0d6cea4b4d6a44ee62d8f7623648f4,web3bugs-31-best-effort-20260814T184213Z-727ab182d4d240e08381f5640f61c582,benchmarks/web3bugs/best_effort_build_runs/31/web3bugs-31-best-effort-20260814T184213Z-727ab182d4d240e08381f5640f61c582/attempt_manifest.json,benchmarks/web3bugs/best_effort_build_runs/31/web3bugs-31-best-effort-20260814T184213Z-727ab182d4d240e08381f5640f61c582/workspace,veCVX,/home/vau3677/liu_coop/anonymized_repo_TOSEM/environment/toolchains/brownie/bin/python -c from brownie._cli.__main__ import main; main() compile,node16-npm8,c1b6569c01d5a5bb939cb5b0b6417530dd55b5c45f02a66dde01c672499a8ccd,1
web3bugs,34,benchmarks/sources/Web3Bugs/contracts/34,fd8544e84f0d6cea4b4d6a44ee62d8f7623648f4,web3bugs-34-best-effort-20260814T184215Z-0fbdf9064a8a49809cf5cf5c722606da,benchmarks/web3bugs/best_effort_build_runs/34/web3bugs-34-best-effort-20260814T184215Z-0fbdf9064a8a49809cf5cf5c722606da/attempt_manifest.json,benchmarks/web3bugs/best_effort_build_runs/34/web3bugs-34-best-effort-20260814T184215Z-0fbdf9064a8a49809cf5cf5c722606da/workspace,v4-core,/home/vau3677/liu_coop/anonymized_repo_TOSEM/environment/toolchains/node/16.20.2/bin/node /home/vau3677/liu_coop/anonymized_repo_TOSEM/environment/toolchains/yarn/1.22.22/bin/yarn.js compile,node16-npm8,ab7bc0e0ff2a434150c4dbcb46e5af6cd16040f9541b8fc14b3e1b19dab7478c,1
web3bugs,35,benchmarks/sources/Web3Bugs/contracts/35,fd8544e84f0d6cea4b4d6a44ee62d8f7623648f4,web3bugs-35-best-effort-20260814T185745Z-395deab83bce46dd86c7400906d67a46,benchmarks/web3bugs/best_effort_build_runs/35/web3bugs-35-best-effort-20260814T185745Z-395deab83bce46dd86c7400906d67a46/attempt_manifest.json,benchmarks/web3bugs/best_effort_build_runs/35/web3bugs-35-best-effort-20260814T185745Z-395deab83bce46dd86c7400906d67a46/workspace,trident,/home/vau3677/liu_coop/anonymized_repo_TOSEM/environment/toolchains/node/16.20.2/bin/node /home/vau3677/liu_coop/anonymized_repo_TOSEM/environment/toolchains/yarn/1.22.22/bin/yarn.js build,node16-npm8,fbe2c86254479d464b613cb4beca806feb5e3126c04c22c864daeeeb0138e80e,1
web3bugs,36,benchmarks/sources/Web3Bugs/contracts/36,fd8544e84f0d6cea4b4d6a44ee62d8f7623648f4,web3bugs-36-best-effort-20260814T184315Z-6b9b17e00ed94f4cb25641895e6bd115,benchmarks/web3bugs/best_effort_build_runs/36/web3bugs-36-best-effort-20260814T184315Z-6b9b17e00ed94f4cb25641895e6bd115/attempt_manifest.json,benchmarks/web3bugs/best_effort_build_runs/36/web3bugs-36-best-effort-20260814T184315Z-6b9b17e00ed94f4cb25641895e6bd115/workspace,contracts,/home/vau3677/liu_coop/anonymized_repo_TOSEM/environment/toolchains/node/16.20.2/bin/npx hardhat compile,node16-npm8,cd0dbb45093eefe50bd13fb445f0aac4ed52333e537d434c76781ed720f40db1,1
web3bugs,39,benchmarks/sources/Web3Bugs/contracts/39,fd8544e84f0d6cea4b4d6a44ee62d8f7623648f4,web3bugs-39-best-effort-20260814T184251Z-7ac3b408d50b4b0885ea010ba7a97920,benchmarks/web3bugs/best_effort_build_runs/39/web3bugs-39-best-effort-20260814T184251Z-7ac3b408d50b4b0885ea010ba7a97920/attempt_manifest.json,benchmarks/web3bugs/best_effort_build_runs/39/web3bugs-39-best-effort-20260814T184251Z-7ac3b408d50b4b0885ea010ba7a97920/workspace,.,/usr/bin/python3 /home/vau3677/liu_coop/anonymized_repo_TOSEM/runners/direct_solc_build.py --version 0.8.4,node16-npm8,64fe98e81a9e78ff431e1545c19ba4e043d7cb3a7bf663b115755fabcc71fed0,1
web3bugs,41,benchmarks/sources/Web3Bugs/contracts/41,fd8544e84f0d6cea4b4d6a44ee62d8f7623648f4,web3bugs-41-best-effort-20260814T184319Z-c0ff15dda48c4e4395acf25c549997d9,benchmarks/web3bugs/best_effort_build_runs/41/web3bugs-41-best-effort-20260814T184319Z-c0ff15dda48c4e4395acf25c549997d9/attempt_manifest.json,benchmarks/web3bugs/best_effort_build_runs/41/web3bugs-41-best-effort-20260814T184319Z-c0ff15dda48c4e4395acf25c549997d9/workspace,contracts,/home/vau3677/liu_coop/anonymized_repo_TOSEM/environment/toolchains/node/16.20.2/bin/npx hardhat compile,node16-npm8,6ff8e50d61c68b839b1447bfdb3403affd911d0758cb29ddec822bc823ee76de,1
web3bugs,44,benchmarks/sources/Web3Bugs/contracts/44,fd8544e84f0d6cea4b4d6a44ee62d8f7623648f4,web3bugs-44-best-effort-20260814T183208Z-9f7d715235b346a3b3bcbd8af89eb1e5,benchmarks/web3bugs/best_effort_build_runs/44/web3bugs-44-best-effort-20260814T183208Z-9f7d715235b346a3b3bcbd8af89eb1e5/attempt_manifest.json,benchmarks/web3bugs/best_effort_build_runs/44/web3bugs-44-best-effort-20260814T183208Z-9f7d715235b346a3b3bcbd8af89eb1e5/workspace,.,/home/vau3677/liu_coop/anonymized_repo_TOSEM/environment/toolchains/node/16.20.2/bin/node /home/vau3677/liu_coop/anonymized_repo_TOSEM/environment/toolchains/yarn/1.22.22/bin/yarn.js build,node16-yarn1,b01c6d63fad65bd0d7c5badd4514717a0fe45043f014217ef36fc3961979cda0,1
web3bugs,45,benchmarks/sources/Web3Bugs/contracts/45,fd8544e84f0d6cea4b4d6a44ee62d8f7623648f4,web3bugs-45-best-effort-20260817T185743Z-b0ac3489236841ce9cfdba4929388e1e,benchmarks/web3bugs/best_effort_build_runs/45/web3bugs-45-best-effort-20260817T185743Z-b0ac3489236841ce9cfdba4929388e1e/attempt_manifest.json,benchmarks/web3bugs/best_effort_build_runs/45/web3bugs-45-best-effort-20260817T185743Z-b0ac3489236841ce9cfdba4929388e1e/workspace,.,/home/vau3677/liu_coop/anonymized_repo_TOSEM/environment/toolchains/node/16.20.2/bin/node /home/vau3677/liu_coop/anonymized_repo_TOSEM/environment/toolchains/yarn/1.22.22/bin/yarn.js compile,node16-yarn1,73aa9bb102ea237a718fda9fb0bea080fc32d31c5f1e53fe778b6c98779a81a7,1
web3bugs,47,benchmarks/sources/Web3Bugs/contracts/47,fd8544e84f0d6cea4b4d6a44ee62d8f7623648f4,web3bugs-47-best-effort-20260814T183230Z-dc9d9488d21a4029bc757c267a96f577,benchmarks/web3bugs/best_effort_build_runs/47/web3bugs-47-best-effort-20260814T183230Z-dc9d9488d21a4029bc757c267a96f577/attempt_manifest.json,benchmarks/web3bugs/best_effort_build_runs/47/web3bugs-47-best-effort-20260814T183230Z-dc9d9488d21a4029bc757c267a96f577/workspace,.,/home/vau3677/liu_coop/anonymized_repo_TOSEM/environment/toolchains/node/16.20.2/bin/npx hardhat compile,node16-yarn1,2213046b3b2b10065d539d8bd7780b9ba5055a8d916f4c4ae78e62de11d84201,1
web3bugs,49,benchmarks/sources/Web3Bugs/contracts/49,fd8544e84f0d6cea4b4d6a44ee62d8f7623648f4,web3bugs-49-best-effort-20260814T183243Z-e8bb6006c8784db2967f65694278cfde,benchmarks/web3bugs/best_effort_build_runs/49/web3bugs-49-best-effort-20260814T183243Z-e8bb6006c8784db2967f65694278cfde/attempt_manifest.json,benchmarks/web3bugs/best_effort_build_runs/49/web3bugs-49-best-effort-20260814T183243Z-e8bb6006c8784db2967f65694278cfde/workspace,.,/home/vau3677/liu_coop/anonymized_repo_TOSEM/environment/toolchains/brownie/bin/python -c from brownie._cli.__main__ import main; main() compile,node16-npm8,3d043d56031dd41966b610dd8e573e562f7762593a99d3ab366b5cca549756ee,1
web3bugs,51,benchmarks/sources/Web3Bugs/contracts/51,fd8544e84f0d6cea4b4d6a44ee62d8f7623648f4,web3bugs-51-best-effort-20260814T184441Z-7e61f807c48546f19050653eff0bd261,benchmarks/web3bugs/best_effort_build_runs/51/web3bugs-51-best-effort-20260814T184441Z-7e61f807c48546f19050653eff0bd261/attempt_manifest.json,benchmarks/web3bugs/best_effort_build_runs/51/web3bugs-51-best-effort-20260814T184441Z-7e61f807c48546f19050653eff0bd261/workspace,vesting,/home/vau3677/liu_coop/anonymized_repo_TOSEM/environment/toolchains/node/16.20.2/bin/npm run compile,node16-npm8,85b52cef906d5b2660cb63da871ed6c7a0eb48935049b4522d0bb3095df289f4,1
web3bugs,52,benchmarks/sources/Web3Bugs/contracts/52,fd8544e84f0d6cea4b4d6a44ee62d8f7623648f4,web3bugs-52-best-effort-20260814T183252Z-883c8485336e48f39808d0329b7700ec,benchmarks/web3bugs/best_effort_build_runs/52/web3bugs-52-best-effort-20260814T183252Z-883c8485336e48f39808d0329b7700ec/attempt_manifest.json,benchmarks/web3bugs/best_effort_build_runs/52/web3bugs-52-best-effort-20260814T183252Z-883c8485336e48f39808d0329b7700ec/workspace,.,/home/vau3677/liu_coop/anonymized_repo_TOSEM/environment/toolchains/node/16.20.2/bin/npx truffle compile,node16-npm8,bbc6334abbeed4cd369999a2e73f3a76f5677d19fd1f5ac106d0b6f6784fdf32,1
web3bugs,53,benchmarks/sources/Web3Bugs/contracts/53,fd8544e84f0d6cea4b4d6a44ee62d8f7623648f4,web3bugs-53-best-effort-20260817T185743Z-1971dabb0c0546f3aff75eb542361a53,benchmarks/web3bugs/best_effort_build_runs/53/web3bugs-53-best-effort-20260817T185743Z-1971dabb0c0546f3aff75eb542361a53/attempt_manifest.json,benchmarks/web3bugs/best_effort_build_runs/53/web3bugs-53-best-effort-20260817T185743Z-1971dabb0c0546f3aff75eb542361a53/workspace,.,/home/vau3677/liu_coop/anonymized_repo_TOSEM/environment/toolchains/node/12.22.12/bin/node /home/vau3677/liu_coop/anonymized_repo_TOSEM/environment/toolchains/yarn/1.22.22/bin/yarn.js build,node12-yarn1,029749c73b1ae5c58b83b59e99979e837ff39bb9ab304750bd79df4fe45ba753,1
web3bugs,54,benchmarks/sources/Web3Bugs/contracts/54,fd8544e84f0d6cea4b4d6a44ee62d8f7623648f4,web3bugs-54-best-effort-20260814T184447Z-afef722657cd412ebad149267e5d926c,benchmarks/web3bugs/best_effort_build_runs/54/web3bugs-54-best-effort-20260814T184447Z-afef722657cd412ebad149267e5d926c/attempt_manifest.json,benchmarks/web3bugs/best_effort_build_runs/54/web3bugs-54-best-effort-20260814T184447Z-afef722657cd412ebad149267e5d926c/workspace,smart-contracts,/home/vau3677/liu_coop/anonymized_repo_TOSEM/environment/toolchains/node/16.20.2/bin/node /home/vau3677/liu_coop/anonymized_repo_TOSEM/environment/toolchains/yarn/1.22.22/bin/yarn.js build,node16-npm8,4b72c28c00e2a18f962c2bccf9edab1300c5dd4cef405f3e57d4a1b8c17d0473,1
web3bugs,57,benchmarks/sources/Web3Bugs/contracts/57,fd8544e84f0d6cea4b4d6a44ee62d8f7623648f4,web3bugs-57-best-effort-20260817T190711Z-4f34fb2678344e23b2523d38ab5d6e15,benchmarks/web3bugs/best_effort_build_runs/57/web3bugs-57-best-effort-20260817T190711Z-4f34fb2678344e23b2523d38ab5d6e15/attempt_manifest.json,benchmarks/web3bugs/best_effort_build_runs/57/web3bugs-57-best-effort-20260817T190711Z-4f34fb2678344e23b2523d38ab5d6e15/workspace,ibbtc,/home/vau3677/liu_coop/anonymized_repo_TOSEM/environment/toolchains/node/16.20.2/bin/npm run compile,node16-npm8,8adcc82ab64dfee0391170204dbc01d4a7d70151b102ef15a28b0788fd9311f1,1
web3bugs,60,benchmarks/sources/Web3Bugs/contracts/60,fd8544e84f0d6cea4b4d6a44ee62d8f7623648f4,web3bugs-60-best-effort-20260814T185845Z-b9e85c6da40e4a4ca0ea231a43fa3ce1,benchmarks/web3bugs/best_effort_build_runs/60/web3bugs-60-best-effort-20260814T185845Z-b9e85c6da40e4a4ca0ea231a43fa3ce1/attempt_manifest.json,benchmarks/web3bugs/best_effort_build_runs/60/web3bugs-60-best-effort-20260814T185845Z-b9e85c6da40e4a4ca0ea231a43fa3ce1/workspace,protocol,/home/vau3677/liu_coop/anonymized_repo_TOSEM/environment/toolchains/node/16.20.2/bin/node /home/vau3677/liu_coop/anonymized_repo_TOSEM/environment/toolchains/yarn/1.22.22/bin/yarn.js compile,node16-npm8,eb2cf4f2f80222819281d2072d33d42bec1cceee7a1a0dc7bf220c9141227add,1
web3bugs,61,benchmarks/sources/Web3Bugs/contracts/61,fd8544e84f0d6cea4b4d6a44ee62d8f7623648f4,web3bugs-61-best-effort-20260814T184538Z-447d583976c2486caba1d78960cecd33,benchmarks/web3bugs/best_effort_build_runs/61/web3bugs-61-best-effort-20260814T184538Z-447d583976c2486caba1d78960cecd33/attempt_manifest.json,benchmarks/web3bugs/best_effort_build_runs/61/web3bugs-61-best-effort-20260814T184538Z-447d583976c2486caba1d78960cecd33/workspace,.,/home/vau3677/liu_coop/anonymized_repo_TOSEM/environment/toolchains/node/14.21.3/bin/npm run compile,node14-npm6,0a41856748bf2ed3452261bbd25dc1379b18cf0fba274db48d23550580fb1320,1
web3bugs,62,benchmarks/sources/Web3Bugs/contracts/62,fd8544e84f0d6cea4b4d6a44ee62d8f7623648f4,web3bugs-62-best-effort-20260817T192625Z-8a08cde6b5654d65a77d8a0add42848b,benchmarks/web3bugs/best_effort_build_runs/62/web3bugs-62-best-effort-20260817T192625Z-8a08cde6b5654d65a77d8a0add42848b/attempt_manifest.json,benchmarks/web3bugs/best_effort_build_runs/62/web3bugs-62-best-effort-20260817T192625Z-8a08cde6b5654d65a77d8a0add42848b/workspace,Streaming,/home/vau3677/liu_coop/anonymized_repo_TOSEM/environment/toolchains/foundry-v1.5.1/forge build --skip test --skip script,node16-npm8,5c79d1a1ef579751e53ca819c2a19275f909ec8b6aaf6e6e3a22342cc9b52904,1
web3bugs,64,benchmarks/sources/Web3Bugs/contracts/64,fd8544e84f0d6cea4b4d6a44ee62d8f7623648f4,web3bugs-64-best-effort-20260814T184609Z-3653412ca4c74ce4b0af626784d37dcf,benchmarks/web3bugs/best_effort_build_runs/64/web3bugs-64-best-effort-20260814T184609Z-3653412ca4c74ce4b0af626784d37dcf/attempt_manifest.json,benchmarks/web3bugs/best_effort_build_runs/64/web3bugs-64-best-effort-20260814T184609Z-3653412ca4c74ce4b0af626784d37dcf/workspace,v4-core,/home/vau3677/liu_coop/anonymized_repo_TOSEM/environment/toolchains/node/16.20.2/bin/node /home/vau3677/liu_coop/anonymized_repo_TOSEM/environment/toolchains/yarn/1.22.22/bin/yarn.js compile,node16-npm8,33b25277b6a1d5c1352d8ed65ceab195e69083d79fb16bc66075e2806f73617d,1
web3bugs,66,benchmarks/sources/Web3Bugs/contracts/66,fd8544e84f0d6cea4b4d6a44ee62d8f7623648f4,web3bugs-66-best-effort-20260817T190409Z-a9d3de83c8dc4ab0907db1c05db2563a,benchmarks/web3bugs/best_effort_build_runs/66/web3bugs-66-best-effort-20260817T190409Z-a9d3de83c8dc4ab0907db1c05db2563a/attempt_manifest.json,benchmarks/web3bugs/best_effort_build_runs/66/web3bugs-66-best-effort-20260817T190409Z-a9d3de83c8dc4ab0907db1c05db2563a/workspace,packages/contracts,/home/vau3677/liu_coop/anonymized_repo_TOSEM/environment/toolchains/node/16.20.2/bin/npx hardhat compile,node16-yarn1,f84fd5dc5644e1438ee66584f4dc44d1592678e126326d23ef8d8d7676805c19,1
web3bugs,67,benchmarks/sources/Web3Bugs/contracts/67,fd8544e84f0d6cea4b4d6a44ee62d8f7623648f4,web3bugs-67-best-effort-20260814T184626Z-b394abaa34d2437cbadf3d5b3a96288f,benchmarks/web3bugs/best_effort_build_runs/67/web3bugs-67-best-effort-20260814T184626Z-b394abaa34d2437cbadf3d5b3a96288f/attempt_manifest.json,benchmarks/web3bugs/best_effort_build_runs/67/web3bugs-67-best-effort-20260814T184626Z-b394abaa34d2437cbadf3d5b3a96288f/workspace,sandclock,/home/vau3677/liu_coop/anonymized_repo_TOSEM/environment/toolchains/node/16.20.2/bin/node /home/vau3677/liu_coop/anonymized_repo_TOSEM/environment/toolchains/yarn/1.22.22/bin/yarn.js compile,node16-npm8,d19bd10509c23273417af53c30aec8d6948488c7e1ec818080d0816866413498,1
web3bugs,68,benchmarks/sources/Web3Bugs/contracts/68,fd8544e84f0d6cea4b4d6a44ee62d8f7623648f4,web3bugs-68-best-effort-20260814T191754Z-755b6d946df24234a02f8594482e93ee,benchmarks/web3bugs/best_effort_build_runs/68/web3bugs-68-best-effort-20260814T191754Z-755b6d946df24234a02f8594482e93ee/attempt_manifest.json,benchmarks/web3bugs/best_effort_build_runs/68/web3bugs-68-best-effort-20260814T191754Z-755b6d946df24234a02f8594482e93ee/workspace,contracts/basket,/home/vau3677/liu_coop/anonymized_repo_TOSEM/environment/toolchains/node/16.20.2/bin/npx hardhat compile --config hardhat.compile.config.ts,node16-npm8,587c9611637745097e7ed8b4d59079d99f4d5ddbdb37d603bb52268b5d677c71,1
web3bugs,70,benchmarks/sources/Web3Bugs/contracts/70,fd8544e84f0d6cea4b4d6a44ee62d8f7623648f4,web3bugs-70-best-effort-20260814T191923Z-7fba40f9eb924da3af762b9fdac1a688,benchmarks/web3bugs/best_effort_build_runs/70/web3bugs-70-best-effort-20260814T191923Z-7fba40f9eb924da3af762b9fdac1a688/attempt_manifest.json,benchmarks/web3bugs/best_effort_build_runs/70/web3bugs-70-best-effort-20260814T191923Z-7fba40f9eb924da3af762b9fdac1a688/workspace,.,/usr/bin/python3 /home/vau3677/liu_coop/anonymized_repo_TOSEM/runners/direct_solc_build.py --version 0.8.9 --source-dir contracts --include-path node_modules,node16-npm8,104328cd0072f5ea8266720e92c65c031bc407964c804de49be48e39509553cd,1
web3bugs,73,benchmarks/sources/Web3Bugs/contracts/73,fd8544e84f0d6cea4b4d6a44ee62d8f7623648f4,web3bugs-73-best-effort-20260814T185910Z-7d71c4e01854439c945dd4b423c1599d,benchmarks/web3bugs/best_effort_build_runs/73/web3bugs-73-best-effort-20260814T185910Z-7d71c4e01854439c945dd4b423c1599d/attempt_manifest.json,benchmarks/web3bugs/best_effort_build_runs/73/web3bugs-73-best-effort-20260814T185910Z-7d71c4e01854439c945dd4b423c1599d/workspace,protocol,/home/vau3677/liu_coop/anonymized_repo_TOSEM/environment/toolchains/node/16.20.2/bin/node /home/vau3677/liu_coop/anonymized_repo_TOSEM/environment/toolchains/yarn/1.22.22/bin/yarn.js compile,node16-npm8,240ffd604fcc2d2aef45f0054435064541e095a07e48488933610640fb7efd91,1
web3bugs,76,benchmarks/sources/Web3Bugs/contracts/76,fd8544e84f0d6cea4b4d6a44ee62d8f7623648f4,web3bugs-76-best-effort-20260814T183419Z-e8c1512b56ac41e390b92b4e5fcbb62a,benchmarks/web3bugs/best_effort_build_runs/76/web3bugs-76-best-effort-20260814T183419Z-e8c1512b56ac41e390b92b4e5fcbb62a/attempt_manifest.json,benchmarks/web3bugs/best_effort_build_runs/76/web3bugs-76-best-effort-20260814T183419Z-e8c1512b56ac41e390b92b4e5fcbb62a/workspace,.,/home/vau3677/liu_coop/anonymized_repo_TOSEM/environment/toolchains/node/16.20.2/bin/npx hardhat compile,node16-yarn1,1f7480301cdc45fb0daa5637812f439d9fcc129a1aec1ad8ea90d3767fe2dc9c,1
web3bugs,77,benchmarks/sources/Web3Bugs/contracts/77,fd8544e84f0d6cea4b4d6a44ee62d8f7623648f4,web3bugs-77-best-effort-20260814T184801Z-f12249b3cd024b52ba1848dbe237147a,benchmarks/web3bugs/best_effort_build_runs/77/web3bugs-77-best-effort-20260814T184801Z-f12249b3cd024b52ba1848dbe237147a/attempt_manifest.json,benchmarks/web3bugs/best_effort_build_runs/77/web3bugs-77-best-effort-20260814T184801Z-f12249b3cd024b52ba1848dbe237147a/workspace,elasticswap,/home/vau3677/liu_coop/anonymized_repo_TOSEM/environment/toolchains/node/16.20.2/bin/node /home/vau3677/liu_coop/anonymized_repo_TOSEM/environment/toolchains/yarn/1.22.22/bin/yarn.js compile,node16-npm8,270e9c547432cf18a12b2c631e198edfe59f1f2ce9c095dc212f98074c03171c,1
web3bugs,78,benchmarks/sources/Web3Bugs/contracts/78,fd8544e84f0d6cea4b4d6a44ee62d8f7623648f4,web3bugs-78-best-effort-20260814T183441Z-b27f5353128d4d07b7004e31663a3015,benchmarks/web3bugs/best_effort_build_runs/78/web3bugs-78-best-effort-20260814T183441Z-b27f5353128d4d07b7004e31663a3015/attempt_manifest.json,benchmarks/web3bugs/best_effort_build_runs/78/web3bugs-78-best-effort-20260814T183441Z-b27f5353128d4d07b7004e31663a3015/workspace,.,/home/vau3677/liu_coop/anonymized_repo_TOSEM/environment/toolchains/node/16.20.2/bin/npx hardhat compile,node16-yarn1,8299d6b8bfe616d7e4101217db821cc753760c6fddfdd6bc7643fa5231850e74,1
web3bugs,79,benchmarks/sources/Web3Bugs/contracts/79,fd8544e84f0d6cea4b4d6a44ee62d8f7623648f4,web3bugs-79-best-effort-20260814T184806Z-577a4a26b8fc49a6ba05f7ffd1b24083,benchmarks/web3bugs/best_effort_build_runs/79/web3bugs-79-best-effort-20260814T184806Z-577a4a26b8fc49a6ba05f7ffd1b24083/attempt_manifest.json,benchmarks/web3bugs/best_effort_build_runs/79/web3bugs-79-best-effort-20260814T184806Z-577a4a26b8fc49a6ba05f7ffd1b24083/workspace,.,/home/vau3677/liu_coop/anonymized_repo_TOSEM/environment/toolchains/node/16.20.2/bin/npx hardhat compile,node16-yarn1,de64403156d632f514c4e92527bd62323d61baac292e6a9ae83a05b12b352bef,1
web3bugs,81,benchmarks/sources/Web3Bugs/contracts/81,fd8544e84f0d6cea4b4d6a44ee62d8f7623648f4,web3bugs-81-best-effort-20260817T192343Z-054f34bf19ef4d9385aaae41b4f1dc45,benchmarks/web3bugs/best_effort_build_runs/81/web3bugs-81-best-effort-20260817T192343Z-054f34bf19ef4d9385aaae41b4f1dc45/attempt_manifest.json,benchmarks/web3bugs/best_effort_build_runs/81/web3bugs-81-best-effort-20260817T192343Z-054f34bf19ef4d9385aaae41b4f1dc45/workspace,.,/home/vau3677/liu_coop/anonymized_repo_TOSEM/environment/toolchains/brownie/bin/python -c from brownie._cli.__main__ import main; main() compile,node16-yarn1,54a6d056478e11c818d48e442a06cedd2f8b3fff95c1c606038640b30b12f664,1
web3bugs,89,benchmarks/sources/Web3Bugs/contracts/89,fd8544e84f0d6cea4b4d6a44ee62d8f7623648f4,web3bugs-89-best-effort-20260814T184823Z-a87c3776ca144b5d8617339f647c927a,benchmarks/web3bugs/best_effort_build_runs/89/web3bugs-89-best-effort-20260814T184823Z-a87c3776ca144b5d8617339f647c927a/attempt_manifest.json,benchmarks/web3bugs/best_effort_build_runs/89/web3bugs-89-best-effort-20260814T184823Z-a87c3776ca144b5d8617339f647c927a/workspace,.,/home/vau3677/liu_coop/anonymized_repo_TOSEM/environment/toolchains/node/16.20.2/bin/npm run compile,node16-npm8,b046ba41ba4046bd65809d6d7e103b0603e7a316e9284d35c5b1d2da0af536f0,1
web3bugs,94,benchmarks/sources/Web3Bugs/contracts/94,fd8544e84f0d6cea4b4d6a44ee62d8f7623648f4,web3bugs-94-best-effort-20260814T183509Z-c597d8eb6d9048dfb2fbe162aa1b9d78,benchmarks/web3bugs/best_effort_build_runs/94/web3bugs-94-best-effort-20260814T183509Z-c597d8eb6d9048dfb2fbe162aa1b9d78/attempt_manifest.json,benchmarks/web3bugs/best_effort_build_runs/94/web3bugs-94-best-effort-20260814T183509Z-c597d8eb6d9048dfb2fbe162aa1b9d78/workspace,.,/home/vau3677/liu_coop/anonymized_repo_TOSEM/environment/toolchains/node/16.20.2/bin/node /home/vau3677/liu_coop/anonymized_repo_TOSEM/environment/toolchains/yarn/1.22.22/bin/yarn.js build,node16-yarn1,8b15e732f54f35eaefe327921e7f1eea134730e4f3ecad2cd04d1ec4d3610fa3,1
web3bugs,98,benchmarks/sources/Web3Bugs/contracts/98,fd8544e84f0d6cea4b4d6a44ee62d8f7623648f4,web3bugs-98-best-effort-20260814T184849Z-1bbab1b5c1d74646ae0b7f58aab3cb24,benchmarks/web3bugs/best_effort_build_runs/98/web3bugs-98-best-effort-20260814T184849Z-1bbab1b5c1d74646ae0b7f58aab3cb24/attempt_manifest.json,benchmarks/web3bugs/best_effort_build_runs/98/web3bugs-98-best-effort-20260814T184849Z-1bbab1b5c1d74646ae0b7f58aab3cb24/workspace,quant-protocol,/home/vau3677/liu_coop/anonymized_repo_TOSEM/environment/toolchains/node/16.20.2/bin/node /home/vau3677/liu_coop/anonymized_repo_TOSEM/environment/toolchains/yarn/1.22.22/bin/yarn.js build,node16-npm8,dd9f015a6b8a21ebb13a542f2e8bd41a17b6c83af88af9a048e11d932e09a8f8,1
web3bugs,100,benchmarks/sources/Web3Bugs/contracts/100,fd8544e84f0d6cea4b4d6a44ee62d8f7623648f4,web3bugs-100-best-effort-20260814T183529Z-8de82b5ba69f4cbfa4376336ec4fca81,benchmarks/web3bugs/best_effort_build_runs/100/web3bugs-100-best-effort-20260814T183529Z-8de82b5ba69f4cbfa4376336ec4fca81/attempt_manifest.json,benchmarks/web3bugs/best_effort_build_runs/100/web3bugs-100-best-effort-20260814T183529Z-8de82b5ba69f4cbfa4376336ec4fca81/workspace,.,/home/vau3677/liu_coop/anonymized_repo_TOSEM/environment/toolchains/node/16.20.2/bin/npx hardhat compile,node16-yarn1,5f9cac654eab18c2bff87da7dda81c1479022c243c0f0afb3c0675db295945a8,1
web3bugs,102,benchmarks/sources/Web3Bugs/contracts/102,fd8544e84f0d6cea4b4d6a44ee62d8f7623648f4,web3bugs-102-best-effort-20260817T190711Z-9cac8dfa2f4e4b5fa947a544b3922370,benchmarks/web3bugs/best_effort_build_runs/102/web3bugs-102-best-effort-20260817T190711Z-9cac8dfa2f4e4b5fa947a544b3922370/attempt_manifest.json,benchmarks/web3bugs/best_effort_build_runs/102/web3bugs-102-best-effort-20260817T190711Z-9cac8dfa2f4e4b5fa947a544b3922370/workspace,.,/home/vau3677/liu_coop/anonymized_repo_TOSEM/environment/toolchains/node/16.20.2/bin/npm run compile,node16-npm8,0e1345c38661b41cf9a51736f08e58a81fcd0755e6e165f6ecb770534f14085c,1
web3bugs,103,benchmarks/sources/Web3Bugs/contracts/103,fd8544e84f0d6cea4b4d6a44ee62d8f7623648f4,web3bugs-103-best-effort-20260814T183551Z-6669200ce4254baa96e43b171cb195c8,benchmarks/web3bugs/best_effort_build_runs/103/web3bugs-103-best-effort-20260814T183551Z-6669200ce4254baa96e43b171cb195c8/attempt_manifest.json,benchmarks/web3bugs/best_effort_build_runs/103/web3bugs-103-best-effort-20260814T183551Z-6669200ce4254baa96e43b171cb195c8/workspace,.,/home/vau3677/liu_coop/anonymized_repo_TOSEM/environment/toolchains/node/14.21.3/bin/node /home/vau3677/liu_coop/anonymized_repo_TOSEM/environment/toolchains/yarn/1.22.22/bin/yarn.js compile,node14-yarn1,de5c5c9021b78cd01abb9f7c033c71d8aec6a66cb56c38d6fb6de498659bc271,1
web3bugs,104,benchmarks/sources/Web3Bugs/contracts/104,fd8544e84f0d6cea4b4d6a44ee62d8f7623648f4,web3bugs-104-best-effort-20260814T184913Z-4d6c750e270c4adb9dfef42daa777b54,benchmarks/web3bugs/best_effort_build_runs/104/web3bugs-104-best-effort-20260814T184913Z-4d6c750e270c4adb9dfef42daa777b54/attempt_manifest.json,benchmarks/web3bugs/best_effort_build_runs/104/web3bugs-104-best-effort-20260814T184913Z-4d6c750e270c4adb9dfef42daa777b54/workspace,royalty-vault,/home/vau3677/liu_coop/anonymized_repo_TOSEM/environment/toolchains/node/16.20.2/bin/npx hardhat compile,node16-npm8,cdc0d12d8dea4c449e9fabfe49b1c6aa918e798acd1adb14ffc9955340d70274,1
web3bugs,105,benchmarks/sources/Web3Bugs/contracts/105,fd8544e84f0d6cea4b4d6a44ee62d8f7623648f4,web3bugs-105-best-effort-20260817T185743Z-22567f2b51724d7ea1e6a779538ce5dc,benchmarks/web3bugs/best_effort_build_runs/105/web3bugs-105-best-effort-20260817T185743Z-22567f2b51724d7ea1e6a779538ce5dc/attempt_manifest.json,benchmarks/web3bugs/best_effort_build_runs/105/web3bugs-105-best-effort-20260817T185743Z-22567f2b51724d7ea1e6a779538ce5dc/workspace,.,/home/vau3677/liu_coop/anonymized_repo_TOSEM/environment/toolchains/node/16.20.2/bin/npm run compile,node16-npm8,f20de957ced61c65c69e3fa2b1b07071473f06a8fa377257754825179398651a,1
web3bugs,106,benchmarks/sources/Web3Bugs/contracts/106,fd8544e84f0d6cea4b4d6a44ee62d8f7623648f4,web3bugs-106-best-effort-20260814T184944Z-8f9046934b934b958deb38ade35fe98f,benchmarks/web3bugs/best_effort_build_runs/106/web3bugs-106-best-effort-20260814T184944Z-8f9046934b934b958deb38ade35fe98f/attempt_manifest.json,benchmarks/web3bugs/best_effort_build_runs/106/web3bugs-106-best-effort-20260814T184944Z-8f9046934b934b958deb38ade35fe98f/workspace,.,/home/vau3677/liu_coop/anonymized_repo_TOSEM/environment/toolchains/foundry-v1.5.1/forge build,node16-yarn1,f3bca5a18f375ce9d4f5cfdf2f7ea437b844a54219de78649a1e65a9ed524306,1
web3bugs,107,benchmarks/sources/Web3Bugs/contracts/107,fd8544e84f0d6cea4b4d6a44ee62d8f7623648f4,web3bugs-107-best-effort-20260814T183551Z-11350d36c8d04403ad21b706634c3146,benchmarks/web3bugs/best_effort_build_runs/107/web3bugs-107-best-effort-20260814T183551Z-11350d36c8d04403ad21b706634c3146/attempt_manifest.json,benchmarks/web3bugs/best_effort_build_runs/107/web3bugs-107-best-effort-20260814T183551Z-11350d36c8d04403ad21b706634c3146/workspace,.,/home/vau3677/liu_coop/anonymized_repo_TOSEM/environment/toolchains/node/16.20.2/bin/node /home/vau3677/liu_coop/anonymized_repo_TOSEM/environment/toolchains/yarn/1.22.22/bin/yarn.js compile,node16-yarn1,ec85c6837dab132de21cc6df1da74c1020ee9c5bf648d8746e8a7930b496729c,1
web3bugs,110,benchmarks/sources/Web3Bugs/contracts/110,fd8544e84f0d6cea4b4d6a44ee62d8f7623648f4,web3bugs-110-best-effort-20260814T183637Z-bd000f5eb28a4abdacc22e5987a5c127,benchmarks/web3bugs/best_effort_build_runs/110/web3bugs-110-best-effort-20260814T183637Z-bd000f5eb28a4abdacc22e5987a5c127/attempt_manifest.json,benchmarks/web3bugs/best_effort_build_runs/110/web3bugs-110-best-effort-20260814T183637Z-bd000f5eb28a4abdacc22e5987a5c127/workspace,.,/home/vau3677/liu_coop/anonymized_repo_TOSEM/environment/toolchains/foundry-v1.5.1/forge build,node14-npm6,face3583fc82477a16ee00f250d9449c7120963539baf4caa363571036e0c121,1
web3bugs,112,benchmarks/sources/Web3Bugs/contracts/112,fd8544e84f0d6cea4b4d6a44ee62d8f7623648f4,web3bugs-112-best-effort-20260814T184949Z-8ef908d8fc624d2f8186d7a5b02c798e,benchmarks/web3bugs/best_effort_build_runs/112/web3bugs-112-best-effort-20260814T184949Z-8ef908d8fc624d2f8186d7a5b02c798e/attempt_manifest.json,benchmarks/web3bugs/best_effort_build_runs/112/web3bugs-112-best-effort-20260814T184949Z-8ef908d8fc624d2f8186d7a5b02c798e/workspace,backd,/home/vau3677/liu_coop/anonymized_repo_TOSEM/environment/toolchains/node/16.20.2/bin/npx hardhat compile,node16-npm8,03370fd2509210ab5de957661494b135c7874a2a81caec83507b1e05fd9bf65b,1
web3bugs,113,benchmarks/sources/Web3Bugs/contracts/113,fd8544e84f0d6cea4b4d6a44ee62d8f7623648f4,web3bugs-113-best-effort-20260814T192450Z-d1a383ebe343407d824ff206799e54fa,benchmarks/web3bugs/best_effort_build_runs/113/web3bugs-113-best-effort-20260814T192450Z-d1a383ebe343407d824ff206799e54fa/attempt_manifest.json,benchmarks/web3bugs/best_effort_build_runs/113/web3bugs-113-best-effort-20260814T192450Z-d1a383ebe343407d824ff206799e54fa/workspace,.,/home/vau3677/liu_coop/anonymized_repo_TOSEM/environment/toolchains/node/12.22.12/bin/node /home/vau3677/liu_coop/anonymized_repo_TOSEM/environment/toolchains/yarn/1.22.22/bin/yarn.js build,node12-yarn1,44e8944b2f4c0d603efff66e0990af7a67763ba0d1b07676c6f5ff5a5005bb58,1
web3bugs,114,benchmarks/sources/Web3Bugs/contracts/114,fd8544e84f0d6cea4b4d6a44ee62d8f7623648f4,web3bugs-114-best-effort-20260814T184959Z-57dd3436c55a4ac892117e342875c97e,benchmarks/web3bugs/best_effort_build_runs/114/web3bugs-114-best-effort-20260814T184959Z-57dd3436c55a4ac892117e342875c97e/attempt_manifest.json,benchmarks/web3bugs/best_effort_build_runs/114/web3bugs-114-best-effort-20260814T184959Z-57dd3436c55a4ac892117e342875c97e/workspace,aave-v3-yield-source,/home/vau3677/liu_coop/anonymized_repo_TOSEM/environment/toolchains/node/16.20.2/bin/node /home/vau3677/liu_coop/anonymized_repo_TOSEM/environment/toolchains/yarn/1.22.22/bin/yarn.js compile,node16-npm8,02048291e9a1013bb21727894147b8dd501955ff6e1d691bfaca5778718b4a47,1
web3bugs,115,benchmarks/sources/Web3Bugs/contracts/115,fd8544e84f0d6cea4b4d6a44ee62d8f7623648f4,web3bugs-115-best-effort-20260814T185020Z-e81244318db44a7daeb2b6e6189d8f54,benchmarks/web3bugs/best_effort_build_runs/115/web3bugs-115-best-effort-20260814T185020Z-e81244318db44a7daeb2b6e6189d8f54/attempt_manifest.json,benchmarks/web3bugs/best_effort_build_runs/115/web3bugs-115-best-effort-20260814T185020Z-e81244318db44a7daeb2b6e6189d8f54/workspace,supervaults,/home/vau3677/liu_coop/anonymized_repo_TOSEM/environment/toolchains/node/16.20.2/bin/node /home/vau3677/liu_coop/anonymized_repo_TOSEM/environment/toolchains/yarn/1.22.22/bin/yarn.js compile,node16-npm8,7a58cbfc84c4e743ff44d0a03030d5891dbcc4c46baf6f44ebeb395d0892ed2c,1
web3bugs,122,benchmarks/sources/Web3Bugs/contracts/122,fd8544e84f0d6cea4b4d6a44ee62d8f7623648f4,web3bugs-122-best-effort-20260814T185043Z-52ecf015fa5f47a0b8c56e869fd7d7fd,benchmarks/web3bugs/best_effort_build_runs/122/web3bugs-122-best-effort-20260814T185043Z-52ecf015fa5f47a0b8c56e869fd7d7fd/attempt_manifest.json,benchmarks/web3bugs/best_effort_build_runs/122/web3bugs-122-best-effort-20260814T185043Z-52ecf015fa5f47a0b8c56e869fd7d7fd/workspace,contracts/lib/openzeppelin-contracts,/home/vau3677/liu_coop/anonymized_repo_TOSEM/environment/toolchains/node/16.20.2/bin/npm run compile,node16-npm8,db127b35d453641696b6032ff7f50f8de40dc9b4f3fd8b800f21bc016ca54693,1
web3bugs,123,benchmarks/sources/Web3Bugs/contracts/123,fd8544e84f0d6cea4b4d6a44ee62d8f7623648f4,web3bugs-123-best-effort-20260814T183644Z-ae129aa349ef4dbea39e68e7de5e6485,benchmarks/web3bugs/best_effort_build_runs/123/web3bugs-123-best-effort-20260814T183644Z-ae129aa349ef4dbea39e68e7de5e6485/attempt_manifest.json,benchmarks/web3bugs/best_effort_build_runs/123/web3bugs-123-best-effort-20260814T183644Z-ae129aa349ef4dbea39e68e7de5e6485/workspace,.,/home/vau3677/liu_coop/anonymized_repo_TOSEM/environment/toolchains/node/16.20.2/bin/node /home/vau3677/liu_coop/anonymized_repo_TOSEM/environment/toolchains/yarn/1.22.22/bin/yarn.js compile,node16-yarn1,3f27033bebf04135bd983d44e706b42fbe86f639ae2bf17a9463b8c6c1cb9c37,1
web3bugs,124,benchmarks/sources/Web3Bugs/contracts/124,fd8544e84f0d6cea4b4d6a44ee62d8f7623648f4,web3bugs-124-best-effort-20260814T185119Z-db047cb0473c4af3b7c46041ce24077c,benchmarks/web3bugs/best_effort_build_runs/124/web3bugs-124-best-effort-20260814T185119Z-db047cb0473c4af3b7c46041ce24077c/attempt_manifest.json,benchmarks/web3bugs/best_effort_build_runs/124/web3bugs-124-best-effort-20260814T185119Z-db047cb0473c4af3b7c46041ce24077c/workspace,index-coop-notional-trade-module,/home/vau3677/liu_coop/anonymized_repo_TOSEM/environment/toolchains/node/16.20.2/bin/node /home/vau3677/liu_coop/anonymized_repo_TOSEM/environment/toolchains/yarn/1.22.22/bin/yarn.js compile,node16-npm8,c785f09bf325fb247a51e0ee22984bd44e712b0cd21c9b56ae856e5b0e34e488,1
web3bugs,131,benchmarks/sources/Web3Bugs/contracts/131,fd8544e84f0d6cea4b4d6a44ee62d8f7623648f4,web3bugs-131-best-effort-20260817T191555Z-c63cd6d0469246bc88b5f17f88537959,benchmarks/web3bugs/best_effort_build_runs/131/web3bugs-131-best-effort-20260817T191555Z-c63cd6d0469246bc88b5f17f88537959/attempt_manifest.json,benchmarks/web3bugs/best_effort_build_runs/131/web3bugs-131-best-effort-20260817T191555Z-c63cd6d0469246bc88b5f17f88537959/workspace,protocol,/home/vau3677/liu_coop/anonymized_repo_TOSEM/environment/toolchains/brownie/bin/python -c from brownie._cli.__main__ import main; main() compile,node16-npm8,0b36de0014cf00314f6c251f783acb025498586948adf154cc07c6d6372a2430,1
web3bugs,143,benchmarks/sources/Web3Bugs/contracts/143,fd8544e84f0d6cea4b4d6a44ee62d8f7623648f4,web3bugs-143-best-effort-20260814T185132Z-f3a41b508bca405597750912588ed40b,benchmarks/web3bugs/best_effort_build_runs/143/web3bugs-143-best-effort-20260814T185132Z-f3a41b508bca405597750912588ed40b/attempt_manifest.json,benchmarks/web3bugs/best_effort_build_runs/143/web3bugs-143-best-effort-20260814T185132Z-f3a41b508bca405597750912588ed40b/workspace,juice-contracts-v2-code4rena,/home/vau3677/liu_coop/anonymized_repo_TOSEM/environment/toolchains/node/16.20.2/bin/node /home/vau3677/liu_coop/anonymized_repo_TOSEM/environment/toolchains/yarn/1.22.22/bin/yarn.js compile,node16-npm8,9d9d324c7316c48d7c13c2841ae941ff2fb04825b8a9149c42395cff108368dc,1
web3bugs,145,benchmarks/sources/Web3Bugs/contracts/145,fd8544e84f0d6cea4b4d6a44ee62d8f7623648f4,web3bugs-145-best-effort-20260814T183659Z-55d147de6d51486aa321837518f58bf0,benchmarks/web3bugs/best_effort_build_runs/145/web3bugs-145-best-effort-20260814T183659Z-55d147de6d51486aa321837518f58bf0/attempt_manifest.json,benchmarks/web3bugs/best_effort_build_runs/145/web3bugs-145-best-effort-20260814T183659Z-55d147de6d51486aa321837518f58bf0/workspace,.,/home/vau3677/liu_coop/anonymized_repo_TOSEM/environment/toolchains/node/16.20.2/bin/node /home/vau3677/liu_coop/anonymized_repo_TOSEM/environment/toolchains/yarn/1.22.22/bin/yarn.js build,node16-yarn1,3d040f554ce409e5b46881d66edbef94077a621a8583b39cabdb710d88297ade,1
web3bugs,191,benchmarks/sources/Web3Bugs/contracts/191,fd8544e84f0d6cea4b4d6a44ee62d8f7623648f4,web3bugs-191-best-effort-20260814T182939Z-e787b5a60f594cc1ade2f554438b0fa0,benchmarks/web3bugs/best_effort_build_runs/191/web3bugs-191-best-effort-20260814T182939Z-e787b5a60f594cc1ade2f554438b0fa0/attempt_manifest.json,benchmarks/web3bugs/best_effort_build_runs/191/web3bugs-191-best-effort-20260814T182939Z-e787b5a60f594cc1ade2f554438b0fa0/workspace,.,/home/vau3677/liu_coop/anonymized_repo_TOSEM/environment/toolchains/foundry-v1.5.1/forge build,node16-yarn1,a55d13d902b22a117cfbd02e4b9932cb321e8e519847d4213e84bb813c731523,1
web3bugs,192,benchmarks/sources/Web3Bugs/contracts/192,fd8544e84f0d6cea4b4d6a44ee62d8f7623648f4,web3bugs-192-best-effort-20260814T183704Z-87f45ab078574447b5619b68702cdcc4,benchmarks/web3bugs/best_effort_build_runs/192/web3bugs-192-best-effort-20260814T183704Z-87f45ab078574447b5619b68702cdcc4/attempt_manifest.json,benchmarks/web3bugs/best_effort_build_runs/192/web3bugs-192-best-effort-20260814T183704Z-87f45ab078574447b5619b68702cdcc4/workspace,.,/home/vau3677/liu_coop/anonymized_repo_TOSEM/environment/toolchains/node/16.20.2/bin/npx hardhat compile,node16-npm8,389d1113f9c39bd70c2b67fefa7f43ce1081bf3bb0d3cfa88779f22607a6ea09,1
